iteration,reward,episode_length,height_reward,upright_reward,tipped_over,collapsed,exploration,steps_per_second,speed_error,turn_error,stepping,leg_swing,dragging,ground_covered,landing_force,Curriculum/ease_in_effort/weight,Curriculum/ease_in_landing/weight,Curriculum/ease_in_shake/weight,Curriculum/ease_in_smoothness/weight,Curriculum/ease_in_steadiness/weight,Curriculum/ease_in_straightness/weight,Episode_Reward/alive,Episode_Reward/effort,Episode_Reward/end_stops,Episode_Reward/fell_over,Episode_Reward/hard_landing,Episode_Reward/jitter,Episode_Reward/joint_shock,Episode_Reward/landing_speed,Episode_Reward/posture,Episode_Reward/rocking,Episode_Reward/shaking,Episode_Reward/skidding,Episode_Reward/swing_height,Episode_Reward/track_speed,Episode_Reward/track_turn,Episode_Reward/twitching,Episode_Reward/veering,Episode_Reward/wandering,Episode_Termination/time_out,Metrics/posture/error_height,Metrics/posture/error_pitch,Metrics/posture/error_roll
0,-0.732916,13.06,0.008393,0.009044,0.375,38.333336,0.977131,43445.0,0.006779,0.021846,0.00053,0.005336,-0.001125,0.003222,7.218978,-0.0002,-0.1,-0.002,-0.05,-0.06,-0.2,0.006072,-5.9e-05,-2.3e-05,-0.008129,-0.003832,-0.042216,-0.00277,-0.00039,0.008793,-0.004551,-0.001369,-0.003407,-0.00145,0.008208,0.00012,-0.014561,-1.5e-05,-4e-06,3.5,0.048572,0.124031,0.225163
1,-2.376808,41.009998,0.023324,0.019935,5.958333,0.0,0.951094,66193.0,0.020003,0.063271,0.003554,0.01727,-0.003661,0.008738,6.753155,-0.0002,-0.1,-0.002,-0.05,-0.06,-0.2,0.016742,-0.000167,-0.000216,-0.022165,-0.009845,-0.116518,-0.007591,-0.000997,0.024402,-0.014205,-0.003424,-0.008314,-0.003775,0.017818,0.000257,-0.03953,-0.000157,-0.000126,4.583333,0.030983,0.181133,0.533886
2,-3.045921,61.560001,0.035679,0.033623,6.083333,0.0,0.923533,66254.0,0.032247,0.104826,0.00494,0.026525,-0.004961,0.01326,6.766782,-0.0002,-0.1,-0.002,-0.05,-0.06,-0.2,0.027119,-0.000269,-0.000365,-0.023811,-0.015297,-0.183798,-0.011914,-0.001659,0.037597,-0.021597,-0.005444,-0.013334,-0.005921,0.027411,0.000327,-0.062086,-0.000384,-0.000282,4.25,0.035036,0.170506,0.561737
3,-3.449787,78.660004,0.05152,0.045659,5.75,0.0,0.896443,65989.0,0.042806,0.137818,0.00666,0.034601,-0.006448,0.015578,6.739854,-0.0002,-0.1,-0.002,-0.05,-0.06,-0.2,0.035893,-0.000353,-0.000572,-0.023742,-0.020109,-0.233977,-0.015745,-0.002216,0.050685,-0.027481,-0.007018,-0.017413,-0.008093,0.033408,0.000537,-0.079178,-0.000596,-0.000448,3.625,0.027869,0.191458,0.547633
4,-4.066644,104.190002,0.065782,0.066709,5.25,0.0,0.869108,66032.0,0.056715,0.189373,0.008583,0.048369,-0.008595,0.024943,6.715801,-0.0002,-0.1,-0.002,-0.05,-0.06,-0.2,0.049586,-0.000484,-0.000812,-0.020256,-0.028544,-0.311792,-0.021144,-0.003106,0.071121,-0.036408,-0.009711,-0.024905,-0.011592,0.049195,0.00068,-0.10563,-0.001186,-0.001008,4.791667,0.031539,0.166009,0.460365
5,-4.563323,129.839996,0.080165,0.077681,4.833333,0.0,0.842706,64400.0,0.066782,0.232412,0.011113,0.056849,-0.010081,0.029979,6.690055,-0.0002,-0.1,-0.002,-0.05,-0.06,-0.2,0.059547,-0.000575,-0.001123,-0.021871,-0.032681,-0.358216,-0.025233,-0.003635,0.08481,-0.044823,-0.011661,-0.028676,-0.013405,0.061799,0.00082,-0.121632,-0.0015,-0.001348,3.75,0.030245,0.182289,0.492443
6,-4.486306,141.0,0.084411,0.088116,4.521739,0.0,0.816707,66007.0,0.075202,0.257653,0.011404,0.059802,-0.010686,0.033167,6.672048,-0.0002,-0.1,-0.002,-0.05,-0.06,-0.2,0.068661,-0.000661,-0.001138,-0.023567,-0.036082,-0.395419,-0.028283,-0.004244,0.093541,-0.048901,-0.01307,-0.032524,-0.014842,0.078964,0.001066,-0.135034,-0.001518,-0.001355,3.173913,0.033119,0.197345,0.527551
7,-4.524861,164.970001,0.104678,0.10169,5.083333,0.0,0.791491,64985.0,0.086985,0.297853,0.01338,0.072487,-0.012599,0.036872,6.649165,-0.0002,-0.1,-0.002,-0.05,-0.06,-0.2,0.077545,-0.000744,-0.001514,-0.024561,-0.043223,-0.432258,-0.031478,-0.004795,0.11029,-0.055244,-0.014825,-0.037001,-0.017996,0.082132,0.001226,-0.147674,-0.002719,-0.001905,3.333333,0.027303,0.180135,0.549505
8,-4.709687,189.690002,0.116026,0.11407,3.916667,0.0,0.768887,54458.0,0.097999,0.326343,0.014175,0.077546,-0.013156,0.037252,6.633254,-0.0002,-0.1,-0.002,-0.05,-0.06,-0.2,0.087662,-0.000829,-0.001422,-0.022433,-0.047713,-0.46614,-0.03428,-0.005382,0.123584,-0.059197,-0.015805,-0.039847,-0.019978,0.093056,0.001385,-0.159829,-0.002945,-0.002517,3.166667,0.027255,0.196316,0.519971
9,-4.496691,197.789993,0.12846,0.133061,3.666667,0.0,0.745997,43566.0,0.107386,0.362347,0.016898,0.088192,-0.015221,0.046465,6.608894,-0.0002,-0.1,-0.002,-0.05,-0.06,-0.2,0.097741,-0.000924,-0.001774,-0.021923,-0.054352,-0.504591,-0.03759,-0.005994,0.140412,-0.06517,-0.018205,-0.044478,-0.023194,0.104199,0.001553,-0.173342,-0.005438,-0.003651,3.083333,0.027412,0.173264,0.492564
10,-4.847575,232.220001,0.143649,0.148801,3.75,0.0,0.726281,37956.0,0.127214,0.422641,0.01847,0.098455,-0.016522,0.046402,6.601628,-0.0002,-0.1,-0.002,-0.05,-0.06,-0.2,0.112511,-0.001059,-0.001931,-0.019773,-0.059739,-0.557634,-0.04302,-0.006856,0.15789,-0.074616,-0.020415,-0.051204,-0.025139,0.11565,0.001847,-0.191911,-0.007198,-0.005089,3.708333,0.029433,0.196352,0.442413
11,-3.140181,233.550003,0.137839,0.146812,4.791667,0.0,0.712344,43965.0,0.119398,0.429556,0.017772,0.098834,-0.016338,0.058023,6.568373,-0.0002,-0.1,-0.002,-0.05,-0.06,-0.2,0.111876,-0.001053,-0.002021,-0.023734,-0.06206,-0.528516,-0.041256,-0.006671,0.160241,-0.072233,-0.019451,-0.049548,-0.026423,0.136957,0.001782,-0.182684,-0.007456,-0.005709,3.25,0.029878,0.201588,0.508779
12,-3.125732,251.919998,0.157605,0.159108,3.875,0.0,0.699196,68636.0,0.135389,0.454063,0.023152,0.111767,-0.019411,0.055047,6.550359,-0.0002,-0.1,-0.002,-0.05,-0.06,-0.2,0.118751,-0.001086,-0.001835,-0.023089,-0.066707,-0.539936,-0.043543,-0.006927,0.179701,-0.077527,-0.021688,-0.052081,-0.028995,0.118933,0.001988,-0.187071,-0.008178,-0.0056,3.208333,0.028782,0.18122,0.506097
13,-2.861189,276.5,0.189958,0.187729,2.434783,0.0,0.687935,69733.0,0.158793,0.526857,0.026526,0.13039,-0.02214,0.062367,6.544261,-0.0002,-0.1,-0.002,-0.05,-0.06,-0.2,0.140928,-0.001286,-0.002291,-0.016663,-0.080762,-0.628046,-0.050654,-0.008209,0.214207,-0.088623,-0.02495,-0.061576,-0.034671,0.135037,0.002441,-0.217821,-0.006489,-0.00456,3.652174,0.028398,0.202357,0.378576
14,-3.046606,298.450012,0.201544,0.20361,3.083333,0.0,0.678054,69613.0,0.169373,0.572248,0.02821,0.141774,-0.023925,0.072836,6.522426,-0.0002,-0.1,-0.002,-0.05,-0.06,-0.2,0.151541,-0.001381,-0.002545,-0.017842,-0.087875,-0.657059,-0.053382,-0.008739,0.230874,-0.092119,-0.02653,-0.064832,-0.037952,0.153128,0.002683,-0.228227,-0.008275,-0.006285,3.416667,0.031774,0.20508,0.401426
15,-2.126703,311.109985,0.194689,0.206207,3.333333,0.0,0.668579,68793.0,0.168169,0.579087,0.027047,0.13483,-0.02278,0.064893,6.520616,-0.0002,-0.1,-0.002,-0.05,-0.06,-0.2,0.153268,-0.001385,-0.002622,-0.020356,-0.08285,-0.631398,-0.052884,-0.008909,0.22453,-0.094248,-0.026142,-0.065664,-0.036215,0.160049,0.002775,-0.220388,-0.007639,-0.008219,3.291667,0.029396,0.200661,0.445972
16,-1.290278,310.100006,0.207328,0.207209,3.375,0.0,0.659327,68814.0,0.165136,0.573206,0.027199,0.129785,-0.022296,0.073307,6.540374,-0.0002,-0.1,-0.002,-0.05,-0.06,-0.2,0.154201,-0.001386,-0.002692,-0.022264,-0.081403,-0.622947,-0.052906,-0.008783,0.225493,-0.092004,-0.026557,-0.064714,-0.035591,0.184001,0.002898,-0.217699,-0.00977,-0.00707,2.833333,0.030251,0.184936,0.472618
17,-1.145355,360.589996,0.243486,0.250006,2.478261,0.0,0.651675,70674.0,0.194266,0.675237,0.032851,0.162216,-0.026976,0.084733,6.5202,-0.0002,-0.1,-0.002,-0.05,-0.06,-0.2,0.179887,-0.001607,-0.003232,-0.016923,-0.098127,-0.716399,-0.061095,-0.01012,0.270793,-0.107522,-0.031704,-0.074441,-0.042452,0.186782,0.003299,-0.250489,-0.010665,-0.011182,3.26087,0.028871,0.202783,0.376115
18,0.071949,384.970001,0.246807,0.252034,3.166667,0.0,0.644581,68716.0,0.201076,0.665587,0.036334,0.163599,-0.028271,0.086471,6.501821,-0.0002,-0.1,-0.002,-0.05,-0.06,-0.2,0.18068,-0.001594,-0.003338,-0.02116,-0.099828,-0.691045,-0.060668,-0.010064,0.276877,-0.108767,-0.032161,-0.074425,-0.043523,0.185656,0.003355,-0.242394,-0.016116,-0.012695,2.708333,0.028756,0.206239,0.425557
19,0.693116,391.600006,0.251533,0.259446,1.916667,0.0,0.635903,68439.0,0.20505,0.711378,0.034982,0.166476,-0.028035,0.097139,6.512005,-0.0002,-0.1,-0.002,-0.05,-0.06,-0.2,0.189804,-0.001661,-0.00322,-0.015347,-0.10332,-0.711406,-0.062314,-0.01061,0.287743,-0.110256,-0.032115,-0.078122,-0.044734,0.213457,0.003561,-0.249906,-0.010145,-0.011313,3.333333,0.030359,0.183632,0.364477
20,0.656215,450.0,0.290463,0.294827,1.833333,0.0,0.628125,69557.0,0.229582,0.79801,0.038932,0.188224,-0.030621,0.103107,6.503961,-0.0002,-0.1,-0.002,-0.05,-0.06,-0.2,0.215356,-0.001933,-0.00421,-0.015633,-0.114688,-0.789823,-0.071016,-0.012003,0.320702,-0.124027,-0.036338,-0.087049,-0.050798,0.23997,0.004215,-0.278069,-0.015418,-0.013818,3.166667,0.030702,0.194641,0.355121
21,1.022301,439.570007,0.287647,0.288743,1.652174,0.0,0.62238,70822.0,0.240122,0.812929,0.041475,0.190711,-0.032287,0.103661,6.523469,-0.0002,-0.1,-0.002,-0.05,-0.06,-0.2,0.217034,-0.001885,-0.003767,-0.014816,-0.113536,-0.785042,-0.072068,-0.012051,0.32606,-0.128402,-0.03821,-0.087968,-0.050549,0.238591,0.003733,-0.276373,-0.013754,-0.017322,3.217391,0.026847,0.202237,0.332588
22,1.885053,465.940002,0.320391,0.319281,1.541667,0.0,0.613898,68981.0,0.251306,0.856515,0.041137,0.195443,-0.031665,0.106275,6.51731,-0.0002,-0.1,-0.002,-0.05,-0.06,-0.2,0.236245,-0.002071,-0.004159,-0.013909,-0.118673,-0.832474,-0.075867,-0.012973,0.34163,-0.133255,-0.039978,-0.093241,-0.052732,0.271747,0.0046,-0.293654,-0.012178,-0.014067,2.916667,0.028193,0.212641,0.284896
23,3.967387,482.230011,0.342305,0.344282,1.666667,0.0,0.605511,69034.0,0.261049,0.909025,0.046884,0.221846,-0.036357,0.124724,6.509883,-0.0002,-0.1,-0.002,-0.05,-0.06,-0.2,0.243793,-0.002143,-0.004812,-0.014484,-0.132176,-0.8387,-0.079153,-0.013375,0.373117,-0.139082,-0.041195,-0.098059,-0.059607,0.273903,0.004423,-0.29641,-0.015546,-0.015582,2.875,0.029008,0.202517,0.295371
24,3.701737,548.780029,0.374437,0.38823,0.608696,0.0,0.599443,69177.0,0.288945,1.025335,0.052897,0.234135,-0.039809,0.137922,6.526409,-0.0002,-0.1,-0.002,-0.05,-0.06,-0.2,0.277728,-0.002351,-0.004406,-0.005582,-0.142888,-0.951123,-0.088997,-0.015272,0.416438,-0.157512,-0.048261,-0.113903,-0.063047,0.329419,0.00541,-0.336265,-0.029474,-0.033352,3.347826,0.02609,0.174914,0.198531
25,4.591677,558.030029,0.37661,0.386843,0.956522,0.0,0.593121,70236.0,0.308769,1.036492,0.049489,0.246427,-0.038765,0.132252,6.521373,-0.0002,-0.1,-0.002,-0.05,-0.06,-0.2,0.283292,-0.002448,-0.005765,-0.009169,-0.15069,-0.945882,-0.086353,-0.015195,0.426596,-0.150236,-0.046443,-0.107481,-0.067315,0.305037,0.005931,-0.335619,-0.018683,-0.022529,3.043478,0.028039,0.198879,0.236674
26,6.233326,594.130005,0.424206,0.43709,0.695652,0.0,0.5873,71065.0,0.316978,1.130639,0.05649,0.263649,-0.044063,0.149265,6.529287,-0.0002,-0.1,-0.002,-0.05,-0.06,-0.2,0.298801,-0.002563,-0.005677,-0.006277,-0.160897,-0.988934,-0.09205,-0.01622,0.463371,-0.160958,-0.049764,-0.117764,-0.072202,0.346941,0.006172,-0.350246,-0.022048,-0.025197,3.043478,0.025961,0.171636,0.194492
27,6.312654,630.299988,0.412178,0.444379,0.541667,0.0,0.581208,68861.0,0.317606,1.144213,0.054072,0.246758,-0.040792,0.141257,6.51901,-0.0002,-0.1,-0.002,-0.05,-0.06,-0.2,0.313688,-0.002716,-0.006378,-0.005341,-0.161407,-1.018534,-0.093856,-0.016862,0.458991,-0.164496,-0.050322,-0.11923,-0.072157,0.387105,0.006326,-0.362139,-0.025257,-0.024659,3.083333,0.027903,0.167744,0.199477
28,7.704587,633.900024,0.43528,0.452202,0.73913,0.0,0.575129,66973.0,0.327684,1.184138,0.060224,0.267282,-0.04375,0.153732,6.512516,-0.0002,-0.1,-0.002,-0.05,-0.06,-0.2,0.315813,-0.002675,-0.006436,-0.009203,-0.163412,-0.992117,-0.093733,-0.016535,0.476654,-0.166793,-0.053007,-0.11761,-0.073983,0.368706,0.00639,-0.352948,-0.018941,-0.022007,2.478261,0.024768,0.179167,0.231201
29,9.094961,665.469971,0.457636,0.495828,0.375,0.0,0.569381,69604.0,0.344861,1.255341,0.058437,0.283029,-0.045007,0.174058,6.50818,-0.0002,-0.1,-0.002,-0.05,-0.06,-0.2,0.339712,-0.002896,-0.006623,-0.003935,-0.172001,-1.074783,-0.101997,-0.01823,0.500399,-0.179247,-0.056572,-0.132385,-0.075349,0.44307,0.007062,-0.382074,-0.019595,-0.022577,2.75,0.02509,0.162343,0.183568
30,10.210851,685.179993,0.482425,0.476689,0.583333,0.0,0.564082,67772.0,0.332123,1.258109,0.060779,0.280919,-0.045243,0.18475,6.521593,-0.0002,-0.1,-0.002,-0.05,-0.06,-0.2,0.342497,-0.002901,-0.007147,-0.005963,-0.173137,-1.050297,-0.09978,-0.017991,0.511203,-0.175115,-0.055015,-0.127735,-0.076657,0.462262,0.006993,-0.374767,-0.025882,-0.027192,2.958333,0.024347,0.195164,0.215456
31,10.784537,691.77002,0.504709,0.506809,0.5,0.0,0.55757,69644.0,0.353069,1.298482,0.068442,0.283195,-0.048818,0.180008,6.518178,-0.0002,-0.1,-0.002,-0.05,-0.06,-0.2,0.351184,-0.002923,-0.007612,-0.006778,-0.172768,-1.057707,-0.105937,-0.018598,0.527048,-0.186175,-0.058864,-0.135808,-0.080125,0.438534,0.007154,-0.377981,-0.035219,-0.040784,2.625,0.024076,0.155745,0.197133
32,11.830615,742.280029,0.51069,0.518253,0.333333,0.0,0.552766,68939.0,0.371719,1.334981,0.066886,0.303636,-0.04911,0.187538,6.509857,-0.0002,-0.1,-0.002,-0.05,-0.06,-0.2,0.367172,-0.003079,-0.007483,-0.005278,-0.181204,-1.081527,-0.107929,-0.019211,0.544356,-0.191278,-0.060951,-0.138339,-0.082859,0.458609,0.007252,-0.38778,-0.020507,-0.02587,3.166667,0.027521,0.159536,0.199764
33,12.354146,757.98999,0.553311,0.564079,0.416667,0.0,0.547588,69498.0,0.389635,1.415366,0.069628,0.314078,-0.05136,0.19094,6.511364,-0.0002,-0.1,-0.002,-0.05,-0.06,-0.2,0.383148,-0.003212,-0.008287,-0.003365,-0.193098,-1.131918,-0.11129,-0.020091,0.570752,-0.199861,-0.06267,-0.143091,-0.087896,0.467909,0.008212,-0.404821,-0.040142,-0.050619,3.791667,0.027096,0.165361,0.152814
34,13.210112,801.799988,0.531409,0.569693,0.227273,0.0,0.542272,72710.0,0.398118,1.482566,0.070976,0.321744,-0.051126,0.206536,6.497745,-0.0002,-0.1,-0.002,-0.05,-0.06,-0.2,0.403944,-0.003449,-0.009016,-0.002879,-0.196405,-1.176586,-0.116388,-0.020823,0.585664,-0.206409,-0.065512,-0.146336,-0.090532,0.527752,0.008109,-0.421615,-0.028946,-0.032906,2.363636,0.024961,0.156662,0.145934
35,14.927905,779.73999,0.541588,0.539228,0.826087,0.0,0.537272,69834.0,0.383311,1.367435,0.069648,0.320916,-0.050853,0.207119,6.524504,-0.0002,-0.1,-0.002,-0.05,-0.06,-0.2,0.376235,-0.003157,-0.00827,-0.009799,-0.19777,-1.056183,-0.105999,-0.019428,0.574598,-0.183033,-0.060791,-0.135861,-0.089806,0.474165,0.008557,-0.379465,-0.02734,-0.037702,3.173913,0.021106,0.181479,0.258235
36,16.159908,816.47998,0.567791,0.58334,0.541667,0.0,0.53215,67243.0,0.401963,1.476235,0.07306,0.316526,-0.052539,0.208943,6.50833,-0.0002,-0.1,-0.002,-0.05,-0.06,-0.2,0.403719,-0.003358,-0.008329,-0.006091,-0.199531,-1.137119,-0.114739,-0.020889,0.595658,-0.206407,-0.064881,-0.149338,-0.091193,0.537477,0.00805,-0.408161,-0.040239,-0.043336,3.166667,0.024882,0.169945,0.217923
37,17.417662,865.059998,0.603814,0.611125,0.363636,0.0,0.526807,72858.0,0.422749,1.565893,0.075723,0.346488,-0.054851,0.229179,6.517763,-0.0002,-0.1,-0.002,-0.05,-0.06,-0.2,0.44067,-0.003733,-0.01051,-0.003459,-0.221024,-1.21646,-0.123187,-0.022704,0.644024,-0.214587,-0.067221,-0.158527,-0.100512,0.589836,0.010286,-0.438179,-0.023156,-0.029596,2.863636,0.021358,0.186721,0.165196
38,17.600023,886.700012,0.637533,0.651298,0.333333,0.0,0.521696,69859.0,0.447967,1.600286,0.08481,0.369759,-0.059175,0.233569,6.501862,-0.0002,-0.1,-0.002,-0.05,-0.06,-0.2,0.448932,-0.003741,-0.010053,-0.003238,-0.22004,-1.234137,-0.12806,-0.023141,0.660695,-0.225457,-0.071926,-0.163139,-0.101716,0.576067,0.010666,-0.44405,-0.035126,-0.045938,3.125,0.025735,0.178317,0.159135
39,20.56172,881.669983,0.624786,0.647668,0.565217,0.0,0.517691,71292.0,0.435814,1.6414,0.088723,0.389034,-0.061904,0.273818,6.513643,-0.0002,-0.1,-0.002,-0.05,-0.06,-0.2,0.446147,-0.003656,-0.010361,-0.005707,-0.229919,-1.190249,-0.123904,-0.022706,0.686563,-0.221249,-0.070953,-0.161398,-0.104952,0.606193,0.009553,-0.429831,-0.027379,-0.031607,3.173913,0.025199,0.162007,0.221664
40,21.92728,915.76001,0.649349,0.653136,0.391304,0.0,0.512514,70424.0,0.457535,1.699614,0.090924,0.379339,-0.063341,0.268891,6.526375,-0.0002,-0.1,-0.002,-0.05,-0.06,-0.2,0.463581,-0.003722,-0.010331,-0.005594,-0.222851,-1.225905,-0.127224,-0.023504,0.692221,-0.229674,-0.075922,-0.170032,-0.102925,0.653036,0.010276,-0.442601,-0.026713,-0.051324,2.782609,0.025451,0.180112,0.178666
41,25.676517,979.590027,0.713149,0.709433,0.458333,0.0,0.507324,69354.0,0.456145,1.764994,0.096168,0.413335,-0.066231,0.326243,6.524587,-0.0002,-0.1,-0.002,-0.05,-0.06,-0.2,0.482966,-0.003878,-0.011552,-0.003714,-0.243177,-1.261876,-0.130088,-0.024199,0.746207,-0.234214,-0.07734,-0.171909,-0.111591,0.73643,0.010509,-0.456334,-0.027252,-0.047555,25.625,0.02177,0.16063,0.143818
42,25.714352,936.440002,0.689193,0.663085,0.583333,0.0,0.503173,67318.0,0.453498,1.70659,0.09384,0.387315,-0.063588,0.289912,6.541684,-0.0002,-0.1,-0.002,-0.05,-0.06,-0.2,0.468799,-0.003746,-0.011278,-0.00534,-0.222566,-1.163613,-0.128936,-0.023346,0.708059,-0.230614,-0.078533,-0.170557,-0.10298,0.679761,0.010825,-0.423194,-0.036188,-0.050064,3.916667,0.024774,0.165861,0.188955
43,28.715174,980.659973,0.683172,0.688869,0.5,0.0,0.498131,69871.0,0.455647,1.723509,0.088314,0.39586,-0.062699,0.28665,6.539669,-0.0002,-0.1,-0.002,-0.05,-0.06,-0.2,0.477814,-0.003894,-0.012264,-0.003143,-0.240598,-1.13275,-0.126179,-0.023662,0.719454,-0.221461,-0.074827,-0.16742,-0.112266,0.70072,0.011179,-0.414434,-0.034315,-0.048812,7.083333,0.02247,0.169205,0.161728
44,31.49939,967.950012,0.709307,0.701431,0.458333,0.0,0.49414,67119.0,0.471757,1.794535,0.104441,0.415946,-0.068803,0.315099,6.56307,-0.0002,-0.1,-0.002,-0.05,-0.06,-0.2,0.487996,-0.003859,-0.012261,-0.002083,-0.243318,-1.099302,-0.129024,-0.023925,0.75621,-0.228419,-0.078307,-0.171339,-0.11476,0.704511,0.010765,-0.405007,-0.032666,-0.050186,5.958333,0.022935,0.168987,0.142124
45,33.518139,965.419983,0.720165,0.715203,0.5,0.0,0.48953,57828.0,0.453265,1.72913,0.102016,0.404043,-0.065974,0.31562,6.575443,-0.0002,-0.1,-0.002,-0.05,-0.06,-0.2,0.482748,-0.003795,-0.012355,-0.003237,-0.240154,-1.033764,-0.121629,-0.023316,0.74628,-0.221068,-0.074949,-0.162778,-0.113762,0.725693,0.011457,-0.383148,-0.024046,-0.045433,6.458333,0.02056,0.182507,0.174677
46,35.994598,975.619995,0.700892,0.72132,0.458333,0.0,0.48568,60542.0,0.447231,1.746676,0.100493,0.401021,-0.065813,0.330502,6.56361,-0.0002,-0.1,-0.002,-0.05,-0.06,-0.2,0.482966,-0.00375,-0.011311,-0.002671,-0.229089,-0.988044,-0.121705,-0.023056,0.739684,-0.218439,-0.076719,-0.164702,-0.108626,0.770266,0.01118,-0.367891,-0.031358,-0.051921,6.583333,0.02188,0.154694,0.152685
47,37.900936,968.179993,0.669279,0.712324,0.5,0.0,0.481045,61064.0,0.439191,1.728948,0.096238,0.396104,-0.063341,0.318362,6.546108,-0.0002,-0.1,-0.002,-0.05,-0.06,-0.2,0.475997,-0.003717,-0.012388,-0.003511,-0.229758,-0.934576,-0.116858,-0.022556,0.728134,-0.209924,-0.074382,-0.16079,-0.108966,0.756409,0.011574,-0.349968,-0.031742,-0.043376,5.833333,0.023489,0.148265,0.151556
48,39.03212,965.460022,0.714314,0.726806,0.375,0.0,0.476829,62927.0,0.451164,1.752648,0.099991,0.409344,-0.066562,0.340288,6.560413,-0.0002,-0.1,-0.002,-0.05,-0.06,-0.2,0.487099,-0.003738,-0.011239,-0.003601,-0.231184,-0.915607,-0.118443,-0.022957,0.746798,-0.214268,-0.076888,-0.161177,-0.110706,0.780815,0.011703,-0.345004,-0.033665,-0.051824,5.375,0.024408,0.16393,0.163299
49,39.655155,941.390015,0.707049,0.702387,0.541667,0.0,0.472984,59643.0,0.434422,1.712861,0.098695,0.395659,-0.06404,0.324167,6.57438,-0.0002,-0.1,-0.002,-0.05,-0.06,-0.2,0.4729,-0.003599,-0.010838,-0.003886,-0.222434,-0.854426,-0.112545,-0.02183,0.720315,-0.20519,-0.073285,-0.153548,-0.107675,0.756304,0.011343,-0.323278,-0.027848,-0.040963,5.708333,0.021722,0.157106,0.141107
50,39.542324,949.52002,0.709245,0.720161,0.541667,0.0,0.469648,56826.0,0.451105,1.720463,0.102496,0.393001,-0.063869,0.324876,6.575791,-0.0002,-0.1,-0.002,-0.05,-0.06,-0.2,0.478947,-0.003576,-0.012069,-0.003315,-0.214318,-0.842146,-0.113016,-0.022033,0.721024,-0.207645,-0.074854,-0.154801,-0.104064,0.749706,0.011514,-0.319802,-0.030105,-0.049602,5.0,0.022003,0.162937,0.161679
51,44.448246,945.150024,0.72815,0.702336,0.708333,0.0,0.465185,59512.0,0.417106,1.699683,0.108227,0.392943,-0.067059,0.375346,6.577476,-0.0002,-0.1,-0.002,-0.05,-0.06,-0.2,0.465395,-0.003377,-0.012088,-0.004789,-0.217933,-0.7886,-0.109032,-0.021303,0.731236,-0.200975,-0.076764,-0.15392,-0.104337,0.802573,0.011382,-0.300554,-0.021568,-0.046787,5.416667,0.02117,0.146021,0.174494
52,43.928654,935.700012,0.708273,0.710172,0.625,0.0,0.461106,55674.0,0.407425,1.693078,0.101501,0.383367,-0.063641,0.363919,6.576066,-0.0002,-0.1,-0.002,-0.05,-0.06,-0.2,0.473412,-0.003521,-0.013007,-0.003692,-0.212229,-0.777708,-0.10991,-0.021365,0.717253,-0.195656,-0.074918,-0.154657,-0.10222,0.861874,0.012185,-0.297286,-0.022697,-0.046908,5.666667,0.018741,0.155772,0.164646
53,46.498623,959.090027,0.737229,0.7282,0.565217,0.0,0.457134,58716.0,0.422185,1.707406,0.105456,0.394114,-0.065176,0.364231,6.56673,-0.0002,-0.1,-0.002,-0.05,-0.06,-0.2,0.476779,-0.003501,-0.011805,-0.002707,-0.213248,-0.763689,-0.11058,-0.021754,0.726808,-0.203154,-0.075964,-0.152829,-0.104611,0.841492,0.011623,-0.293402,-0.023536,-0.045031,6.434783,0.019171,0.141269,0.151056
54,47.878132,937.789978,0.749615,0.741183,0.333333,0.041667,0.453931,58569.0,0.420354,1.710718,0.109879,0.408884,-0.068443,0.399327,6.570733,-0.0002,-0.1,-0.002,-0.05,-0.06,-0.2,0.47846,-0.003473,-0.010957,-0.002645,-0.219064,-0.748909,-0.111245,-0.021587,0.743755,-0.201442,-0.076766,-0.153433,-0.107377,0.869031,0.012271,-0.288452,-0.023845,-0.048521,4.833333,0.018863,0.143264,0.149712
55,50.550713,999.460022,0.776628,0.782591,0.045455,0.0,0.449899,67692.0,0.425396,1.781084,0.108709,0.406181,-0.067009,0.403704,6.572676,-0.0002,-0.1,-0.002,-0.05,-0.06,-0.2,0.499694,-0.003624,-0.012308,-0.000455,-0.220006,-0.759265,-0.110725,-0.022279,0.76042,-0.203254,-0.07828,-0.156674,-0.107189,0.953529,0.013126,-0.293561,-0.017587,-0.045193,5.136364,0.018291,0.122822,0.101828
56,51.015881,974.289978,0.747786,0.755453,0.333333,0.0,0.446077,63607.0,0.418465,1.776723,0.108578,0.397037,-0.066918,0.400016,6.559297,-0.0002,-0.1,-0.002,-0.05,-0.06,-0.2,0.485846,-0.003481,-0.013066,-0.002075,-0.212462,-0.722623,-0.108052,-0.021449,0.745261,-0.198077,-0.077504,-0.154654,-0.10417,0.894423,0.012209,-0.280284,-0.020289,-0.056085,5.666667,0.021716,0.124113,0.140247
57,50.902344,961.359985,0.743887,0.754057,0.25,0.0,0.441873,60768.0,0.406442,1.701761,0.107357,0.402446,-0.066666,0.411282,6.561197,-0.0002,-0.1,-0.002,-0.05,-0.06,-0.2,0.483524,-0.003497,-0.014565,-0.001683,-0.221375,-0.699067,-0.106169,-0.021588,0.750605,-0.189987,-0.074546,-0.152345,-0.107818,0.908353,0.012932,-0.272094,-0.015615,-0.050385,4.958333,0.020847,0.149825,0.123552
58,53.948925,994.0,0.782487,0.766523,0.130435,0.0,0.438111,60673.0,0.41081,1.753169,0.103936,0.398264,-0.064106,0.41296,6.563366,-0.0002,-0.1,-0.002,-0.05,-0.06,-0.2,0.494219,-0.003593,-0.013357,-0.000828,-0.220857,-0.699679,-0.106921,-0.021768,0.754087,-0.192973,-0.076582,-0.151957,-0.106734,0.963861,0.013107,-0.273028,-0.022517,-0.061658,5.608696,0.02024,0.13041,0.120708
59,54.797421,986.039978,0.769107,0.763169,0.086957,0.0,0.434378,63181.0,0.398308,1.747474,0.104482,0.406031,-0.06519,0.431902,6.564732,-0.0002,-0.1,-0.002,-0.05,-0.06,-0.2,0.490916,-0.003521,-0.012812,-0.001014,-0.216002,-0.677066,-0.10497,-0.021465,0.741441,-0.190555,-0.07455,-0.150163,-0.10639,0.99543,0.01339,-0.265282,-0.015828,-0.054608,4.0,0.014688,0.117084,0.10264
60,55.992245,981.590027,0.778936,0.771399,0.25,0.0,0.430139,64033.0,0.400277,1.743187,0.106371,0.410211,-0.06658,0.438013,6.58329,-0.0002,-0.1,-0.002,-0.05,-0.06,-0.2,0.487195,-0.003461,-0.013307,-0.001508,-0.217313,-0.656136,-0.103151,-0.021264,0.749137,-0.188443,-0.073941,-0.150357,-0.106554,0.962061,0.012991,-0.258329,-0.016769,-0.054214,5.208333,0.018525,0.127726,0.12467
61,56.223923,984.159973,0.761923,0.770062,0.083333,0.041667,0.42542,67367.0,0.402679,1.747136,0.105509,0.406343,-0.06692,0.426888,6.548647,-0.0002,-0.1,-0.002,-0.05,-0.06,-0.2,0.492952,-0.003507,-0.012269,-0.001028,-0.217256,-0.652281,-0.104676,-0.021571,0.749592,-0.188449,-0.074996,-0.151642,-0.106576,0.978232,0.013498,-0.256959,-0.016012,-0.041356,4.125,0.019322,0.130033,0.131666
62,59.505108,1000.0,0.795662,0.790841,0.0,0.0,0.421444,64178.0,0.403562,1.752035,0.110982,0.409853,-0.067748,0.460868,6.561901,-0.0002,-0.1,-0.002,-0.05,-0.06,-0.2,0.500007,-0.003434,-0.012177,0.0,-0.213176,-0.646608,-0.102803,-0.021298,0.769765,-0.188907,-0.077543,-0.14982,-0.104706,1.023847,0.013919,-0.255395,-0.015258,-0.040994,4.583333,0.015165,0.107185,0.104646
63,59.691666,993.789978,0.780376,0.781369,0.045455,0.0,0.417312,65147.0,0.38841,1.728229,0.104966,0.416943,-0.06653,0.47032,6.554999,-0.0002,-0.1,-0.002,-0.05,-0.06,-0.2,0.492938,-0.003514,-0.013498,-0.000909,-0.224228,-0.624381,-0.105226,-0.02161,0.76179,-0.185342,-0.075726,-0.151135,-0.108238,1.035369,0.014473,-0.247648,-0.012979,-0.050251,4.363636,0.016094,0.114905,0.093564
64,58.198185,964.580017,0.756097,0.767328,0.166667,0.0,0.41338,59851.0,0.382198,1.726763,0.103917,0.407168,-0.066473,0.456348,6.569107,-0.0002,-0.1,-0.002,-0.05,-0.06,-0.2,0.486037,-0.003398,-0.011951,-0.001208,-0.21796,-0.605865,-0.100296,-0.020957,0.748212,-0.181279,-0.07307,-0.146362,-0.106404,1.009159,0.013697,-0.240584,-0.011948,-0.051593,3.875,0.01748,0.101086,0.125139
65,61.892555,991.929993,0.786701,0.796824,0.041667,0.0,0.409965,58571.0,0.391454,1.748542,0.107529,0.421221,-0.068242,0.503695,6.558851,-0.0002,-0.1,-0.002,-0.05,-0.06,-0.2,0.497902,-0.003444,-0.013019,-0.000208,-0.216021,-0.609648,-0.100938,-0.021162,0.763682,-0.186106,-0.076006,-0.150672,-0.105921,1.060079,0.014382,-0.242969,-0.011157,-0.053715,3.958333,0.016156,0.106036,0.095361
66,62.279705,981.679993,0.793412,0.790427,0.136364,0.0,0.406141,66368.0,0.385879,1.747781,0.105782,0.414894,-0.067273,0.494499,6.549652,-0.0002,-0.1,-0.002,-0.05,-0.06,-0.2,0.49274,-0.003386,-0.013262,-0.000987,-0.219332,-0.591295,-0.09958,-0.02096,0.763749,-0.179164,-0.074875,-0.147879,-0.105583,1.035324,0.013933,-0.23647,-0.007661,-0.029794,3.681818,0.013368,0.112807,0.098312
67,62.996178,979.960022,0.794694,0.798468,0.043478,0.043478,0.40236,63244.0,0.385906,1.727912,0.111687,0.442173,-0.069698,0.514066,6.548901,-0.0002,-0.1,-0.002,-0.05,-0.06,-0.2,0.493778,-0.003438,-0.014244,-0.000928,-0.230545,-0.579175,-0.099424,-0.020947,0.780804,-0.179131,-0.073203,-0.143953,-0.113001,1.039228,0.014432,-0.232474,-0.011641,-0.046501,3.913043,0.015867,0.085004,0.108877
68,65.196892,999.309998,0.815666,0.786986,0.052632,0.0,0.398442,73945.0,0.375278,1.740764,0.107904,0.399001,-0.066177,0.497466,6.529273,-0.0002,-0.1,-0.002,-0.05,-0.06,-0.2,0.499546,-0.003312,-0.012575,-0.000526,-0.200451,-0.576909,-0.099159,-0.021406,0.74991,-0.182615,-0.078267,-0.149825,-0.098073,1.132033,0.014054,-0.231353,-0.013892,-0.043713,3.842105,0.01852,0.113055,0.100283
69,64.615318,984.52002,0.777215,0.788216,0.130435,0.0,0.39511,65113.0,0.35306,1.684351,0.103046,0.396395,-0.064122,0.504014,6.538006,-0.0002,-0.1,-0.002,-0.05,-0.06,-0.2,0.488756,-0.003331,-0.01462,-0.001522,-0.204584,-0.55288,-0.096173,-0.020297,0.736482,-0.171669,-0.073144,-0.142276,-0.100342,1.147856,0.014567,-0.223036,-0.008857,-0.047168,3.130435,0.016369,0.100535,0.117926
70,65.11628,978.840027,0.794957,0.798804,0.166667,0.0,0.391516,65876.0,0.35534,1.697672,0.097315,0.38694,-0.062061,0.504417,6.537372,-0.0002,-0.1,-0.002,-0.05,-0.06,-0.2,0.488762,-0.00327,-0.013084,-0.001528,-0.198045,-0.542432,-0.094582,-0.020456,0.735208,-0.17242,-0.075016,-0.144227,-0.096164,1.149886,0.014656,-0.218469,-0.014314,-0.070876,3.0,0.016963,0.101627,0.107452
71,67.904221,975.369995,0.802938,0.782151,0.166667,0.0,0.388426,64552.0,0.343423,1.674837,0.107824,0.397705,-0.066911,0.532945,6.510493,-0.0002,-0.1,-0.002,-0.05,-0.06,-0.2,0.486781,-0.003153,-0.011315,-0.002222,-0.200356,-0.529763,-0.092427,-0.020123,0.746769,-0.167587,-0.073818,-0.139268,-0.097561,1.20432,0.014943,-0.214361,-0.010665,-0.054594,3.083333,0.013935,0.10969,0.106587
72,65.633835,951.080017,0.786614,0.775063,0.217391,0.0,0.384877,59876.0,0.344849,1.642911,0.105964,0.398129,-0.064906,0.51131,6.525407,-0.0002,-0.1,-0.002,-0.05,-0.06,-0.2,0.475506,-0.003147,-0.010576,-0.002087,-0.200227,-0.507583,-0.092674,-0.019839,0.735812,-0.16826,-0.07079,-0.137113,-0.100067,1.120502,0.015123,-0.206469,-0.009301,-0.053035,3.304348,0.015352,0.099559,0.128098
73,66.761322,967.599976,0.8351,0.820865,0.041667,0.0,0.381099,53992.0,0.357393,1.719405,0.102573,0.403297,-0.066652,0.535862,6.517879,-0.0002,-0.1,-0.002,-0.05,-0.06,-0.2,0.498736,-0.003304,-0.011678,-0.000278,-0.204878,-0.525799,-0.096295,-0.02069,0.743371,-0.172688,-0.074333,-0.144757,-0.098847,1.189546,0.015588,-0.213845,-0.010063,-0.046307,3.333333,0.016436,0.128905,0.102277
74,70.443741,990.080017,0.824504,0.82261,0.083333,0.0,0.378148,55440.0,0.342171,1.710319,0.102273,0.411114,-0.067059,0.557426,6.513803,-0.0002,-0.1,-0.002,-0.05,-0.06,-0.2,0.497148,-0.003268,-0.012243,-0.000446,-0.219231,-0.514868,-0.091092,-0.020329,0.775915,-0.164909,-0.071954,-0.14471,-0.106482,1.229766,0.015945,-0.209249,-0.008894,-0.063354,3.583333,0.016173,0.103757,0.094965
75,71.744171,997.72998,0.820191,0.827897,0.043478,0.0,0.375053,61924.0,0.350486,1.758741,0.108597,0.422545,-0.070638,0.591179,6.524311,-0.0002,-0.1,-0.002,-0.05,-0.06,-0.2,0.498354,-0.0032,-0.010937,-0.00058,-0.2176,-0.509494,-0.095524,-0.020721,0.786582,-0.173915,-0.075972,-0.146609,-0.104082,1.198466,0.014989,-0.208076,-0.006478,-0.054509,3.217391,0.016441,0.094919,0.074279
76,71.240685,993.98999,0.803417,0.82076,0.086957,0.0,0.372284,63398.0,0.335432,1.711816,0.101394,0.4226,-0.068503,0.577848,6.522635,-0.0002,-0.1,-0.002,-0.05,-0.06,-0.2,0.497072,-0.003347,-0.012876,-0.001159,-0.216615,-0.496947,-0.09521,-0.020502,0.765659,-0.166157,-0.070522,-0.147525,-0.104763,1.24313,0.015731,-0.204014,-0.008342,-0.066976,3.043478,0.015556,0.098661,0.115729
77,72.561424,982.580017,0.801831,0.811011,0.130435,0.043478,0.368744,63247.0,0.331157,1.67355,0.104003,0.414827,-0.069009,0.574834,6.510299,-0.0002,-0.1,-0.002,-0.05,-0.06,-0.2,0.485114,-0.003147,-0.008822,-0.003246,-0.213359,-0.479146,-0.092282,-0.020041,0.766998,-0.164067,-0.071833,-0.140184,-0.103896,1.215297,0.015104,-0.196056,-0.007675,-0.063359,3.347826,0.01757,0.102051,0.116179
78,74.735641,989.869995,0.846551,0.832699,0.043478,0.0,0.365641,53859.0,0.324583,1.676632,0.10684,0.418973,-0.068895,0.605867,6.532117,-0.0002,-0.1,-0.002,-0.05,-0.06,-0.2,0.496713,-0.003194,-0.011073,-0.000435,-0.214598,-0.479408,-0.092364,-0.020552,0.786304,-0.162596,-0.070719,-0.140485,-0.100374,1.310455,0.016171,-0.197326,-0.008316,-0.061067,3.391304,0.013757,0.079418,0.106863
79,73.843941,984.960022,0.815312,0.82073,0.173913,0.0,0.36273,57581.0,0.314108,1.629773,0.096601,0.379136,-0.062024,0.539451,6.509101,-0.0002,-0.1,-0.002,-0.05,-0.06,-0.2,0.486554,-0.003176,-0.010714,-0.002133,-0.196899,-0.45944,-0.088309,-0.019651,0.744874,-0.15639,-0.068455,-0.135978,-0.094082,1.290336,0.016556,-0.188447,-0.007723,-0.053484,3.434783,0.01637,0.10273,0.112714
80,76.196312,996.75,0.842029,0.832454,0.083333,0.0,0.359927,57449.0,0.325598,1.722664,0.103182,0.415837,-0.068725,0.618449,6.52703,-0.0002,-0.1,-0.002,-0.05,-0.06,-0.2,0.498739,-0.003124,-0.011419,-0.000694,-0.209678,-0.468515,-0.08906,-0.020315,0.781657,-0.160578,-0.070994,-0.143252,-0.101302,1.313095,0.016658,-0.193138,-0.006285,-0.053972,3.375,0.013951,0.094984,0.109896
81,78.062202,1000.0,0.858802,0.843625,0.0,0.0,0.357453,63628.0,0.323714,1.654721,0.112033,0.427017,-0.070254,0.650396,6.518342,-0.0002,-0.1,-0.002,-0.05,-0.06,-0.2,0.500007,-0.003063,-0.010546,0.0,-0.214359,-0.46068,-0.088131,-0.020228,0.804307,-0.159579,-0.07353,-0.137201,-0.102744,1.326213,0.017673,-0.189869,-0.00778,-0.083068,2.695652,0.013305,0.079591,0.074965
82,77.635414,1000.0,0.857003,0.833783,0.0,0.0,0.354373,61737.0,0.324258,1.683106,0.108972,0.409439,-0.067569,0.617524,6.515357,-0.0002,-0.1,-0.002,-0.05,-0.06,-0.2,0.500007,-0.003037,-0.009309,0.0,-0.20593,-0.454128,-0.086273,-0.019773,0.783746,-0.156813,-0.07261,-0.134899,-0.098911,1.321991,0.017751,-0.187353,-0.007781,-0.055231,3.173913,0.012844,0.097534,0.100361
83,78.248108,984.26001,0.848431,0.838572,0.083333,0.041667,0.35205,62124.0,0.318426,1.667464,0.110589,0.417164,-0.068918,0.616687,6.50405,-0.0002,-0.1,-0.002,-0.05,-0.06,-0.2,0.493516,-0.002999,-0.008622,-0.000698,-0.211275,-0.439784,-0.084404,-0.01957,0.787948,-0.151887,-0.071127,-0.131861,-0.101901,1.30233,0.017546,-0.182577,-0.006057,-0.058738,25.083334,0.013967,0.101393,0.102518
84,78.41861,1000.0,0.861749,0.852169,0.0,0.0,0.349264,54821.0,0.314711,1.670667,0.103694,0.38884,-0.065335,0.585022,6.516238,-0.0002,-0.1,-0.002,-0.05,-0.06,-0.2,0.500007,-0.00305,-0.008649,0.0,-0.198675,-0.439792,-0.086065,-0.019744,0.767244,-0.155867,-0.071288,-0.134545,-0.095433,1.350294,0.017762,-0.1824,-0.005439,-0.048741,5.625,0.016433,0.081868,0.107164
85,78.519341,998.059998,0.85728,0.84418,0.041667,0.0,0.346903,56230.0,0.31193,1.647398,0.101408,0.400584,-0.066454,0.615631,6.526671,-0.0002,-0.1,-0.002,-0.05,-0.06,-0.2,0.499194,-0.003092,-0.008567,-0.000333,-0.206005,-0.432139,-0.086209,-0.019906,0.778821,-0.1533,-0.069478,-0.135354,-0.098088,1.350368,0.018179,-0.179314,-0.005591,-0.055132,7.083333,0.014597,0.090666,0.103282
86,79.747696,998.900024,0.862496,0.853209,0.041667,0.0,0.343576,58931.0,0.306959,1.664444,0.102716,0.389965,-0.065598,0.614675,6.511228,-0.0002,-0.1,-0.002,-0.05,-0.06,-0.2,0.49975,-0.003013,-0.007741,-0.000185,-0.200112,-0.425843,-0.08404,-0.019546,0.778812,-0.151381,-0.070038,-0.133182,-0.094486,1.374874,0.017954,-0.176589,-0.004685,-0.048093,6.083333,0.014026,0.089508,0.107988
87,80.606743,1000.0,0.85894,0.861656,0.0,0.0,0.340539,58346.0,0.309867,1.661815,0.10786,0.41936,-0.06808,0.643158,6.495738,-0.0002,-0.1,-0.002,-0.05,-0.06,-0.2,0.500007,-0.003055,-0.008893,0.0,-0.210164,-0.420275,-0.084831,-0.019849,0.797113,-0.152773,-0.069871,-0.132917,-0.100968,1.362258,0.018272,-0.175613,-0.004343,-0.055568,6.416667,0.013018,0.078607,0.07578
88,81.346603,990.549988,0.858424,0.85229,0.083333,0.0,0.337513,60740.0,0.305976,1.665681,0.108257,0.408483,-0.067853,0.643587,6.477036,-0.0002,-0.1,-0.002,-0.05,-0.06,-0.2,0.497192,-0.00299,-0.008296,-0.000446,-0.207572,-0.411841,-0.083108,-0.019438,0.794929,-0.148775,-0.069356,-0.132212,-0.098676,1.36521,0.018405,-0.171818,-0.004086,-0.056131,7.0,0.01475,0.085063,0.103891
89,81.514977,987.97998,0.859339,0.848527,0.125,0.0,0.334757,65709.0,0.30361,1.635195,0.106999,0.407201,-0.066966,0.646627,6.459072,-0.0002,-0.1,-0.002,-0.05,-0.06,-0.2,0.493724,-0.002915,-0.007638,-0.000738,-0.200406,-0.40343,-0.08265,-0.019461,0.781335,-0.14855,-0.070864,-0.128877,-0.095382,1.349109,0.018606,-0.168963,-0.005147,-0.051956,6.25,0.013149,0.086446,0.100398
90,81.371796,990.929993,0.860597,0.845471,0.086957,0.0,0.332241,61852.0,0.298293,1.614145,0.099838,0.397778,-0.064845,0.623167,6.462524,-0.0002,-0.1,-0.002,-0.05,-0.06,-0.2,0.496054,-0.003015,-0.008176,-0.000696,-0.203982,-0.397159,-0.082856,-0.019428,0.779504,-0.14422,-0.066751,-0.130814,-0.096024,1.382325,0.019256,-0.166343,-0.004024,-0.04118,6.043478,0.014278,0.093912,0.115112
91,83.030128,990.119995,0.85998,0.851064,0.083333,0.0,0.329206,58941.0,0.298017,1.632076,0.107554,0.402253,-0.067492,0.652248,6.451524,-0.0002,-0.1,-0.002,-0.05,-0.06,-0.2,0.493817,-0.002895,-0.007276,-0.0005,-0.202271,-0.391324,-0.082398,-0.01948,0.786945,-0.145468,-0.070138,-0.127803,-0.095397,1.370713,0.019051,-0.164317,-0.004775,-0.056418,5.875,0.014444,0.082164,0.097485
92,85.272964,1000.0,0.873271,0.861793,0.0,0.0,0.325857,60127.0,0.289486,1.603492,0.100745,0.384242,-0.061296,0.618968,6.454157,-0.0002,-0.1,-0.002,-0.05,-0.06,-0.2,0.500007,-0.002956,-0.007489,0.0,-0.197136,-0.385933,-0.078355,-0.019115,0.7801,-0.136464,-0.065231,-0.123745,-0.092501,1.434773,0.020545,-0.161285,-0.003706,-0.035734,4.791667,0.013347,0.092544,0.08767
93,83.991104,992.419983,0.87297,0.868436,0.0,0.041667,0.323106,64817.0,0.291344,1.601953,0.10634,0.386941,-0.0641,0.635564,6.457914,-0.0002,-0.1,-0.002,-0.05,-0.06,-0.2,0.497748,-0.002846,-0.006096,-0.000238,-0.195574,-0.380161,-0.077999,-0.01904,0.791218,-0.139577,-0.068725,-0.12254,-0.091652,1.418786,0.019623,-0.159474,-0.003714,-0.04346,6.083333,0.014167,0.084862,0.079393
94,85.506577,1000.0,0.874529,0.870851,0.0,0.0,0.320739,62421.0,0.289575,1.618123,0.1051,0.399665,-0.064901,0.653738,6.436363,-0.0002,-0.1,-0.002,-0.05,-0.06,-0.2,0.500007,-0.002925,-0.006626,0.0,-0.202149,-0.377293,-0.079734,-0.019117,0.797284,-0.139769,-0.067158,-0.126442,-0.095566,1.425792,0.019947,-0.15845,-0.003747,-0.042009,6.083333,0.013665,0.076511,0.082606
95,86.686607,1000.0,0.871026,0.866271,0.043478,0.0,0.318231,63429.0,0.284332,1.608338,0.108718,0.405658,-0.064067,0.664916,6.437097,-0.0002,-0.1,-0.002,-0.05,-0.06,-0.2,0.498724,-0.002887,-0.006528,-0.000134,-0.200487,-0.371427,-0.077194,-0.018858,0.801368,-0.137915,-0.066099,-0.119611,-0.094857,1.432833,0.020398,-0.155991,-0.003654,-0.047902,6.695652,0.013651,0.088338,0.091483
96,85.8228,993.169983,0.871985,0.857433,0.043478,0.0,0.315565,60331.0,0.281052,1.568527,0.102233,0.398002,-0.065741,0.655368,6.416435,-0.0002,-0.1,-0.002,-0.05,-0.06,-0.2,0.492572,-0.002835,-0.006841,-0.00087,-0.198768,-0.361173,-0.078316,-0.018698,0.786213,-0.135345,-0.065523,-0.125983,-0.092944,1.41889,0.020046,-0.153007,-0.003559,-0.037011,5.0,0.015344,0.097569,0.103786
97,87.195389,999.650024,0.876189,0.87575,0.043478,0.0,0.313033,64108.0,0.277034,1.589044,0.099146,0.392555,-0.060572,0.647813,6.432336,-0.0002,-0.1,-0.002,-0.05,-0.06,-0.2,0.499895,-0.002974,-0.007147,-0.000248,-0.197841,-0.356771,-0.075004,-0.018485,0.788215,-0.129463,-0.062378,-0.117264,-0.093239,1.453567,0.021754,-0.150448,-0.003214,-0.039353,5.26087,0.015287,0.090205,0.085138
98,86.465385,990.190002,0.869577,0.868231,0.083333,0.0,0.310446,60147.0,0.276573,1.576612,0.103445,0.382072,-0.061215,0.638014,6.426591,-0.0002,-0.1,-0.002,-0.05,-0.06,-0.2,0.494694,-0.002802,-0.005642,-0.000625,-0.192632,-0.350156,-0.073559,-0.01842,0.785135,-0.128329,-0.064462,-0.114238,-0.09041,1.446411,0.021304,-0.147511,-0.003592,-0.037536,5.625,0.012686,0.089074,0.090883
99,88.158012,994.429993,0.877685,0.856508,0.0,0.041667,0.308383,66489.0,0.268271,1.540066,0.101903,0.38864,-0.062552,0.648842,6.407182,-0.000275,-0.108333,-0.002167,-0.053125,-0.06375,-0.2125,0.488381,-0.002806,-0.005528,-0.001667,-0.195699,-0.340037,-0.074114,-0.018206,0.782953,-0.127068,-0.062562,-0.114117,-0.09238,1.44433,0.020876,-0.14408,-0.003573,-0.049827,5.125,0.013501,0.092247,0.098069
100,87.818275,988.98999,0.8813,0.867676,0.041667,0.041667,0.305015,64306.0,0.274043,1.56144,0.108849,0.393914,-0.062174,0.665496,6.423034,-0.002,-0.3,-0.006,-0.125,-0.15,-0.5,0.495735,-0.003057,-0.005798,-0.000602,-0.193785,-0.340399,-0.071656,-0.018481,0.79817,-0.128867,-0.064971,-0.11226,-0.091783,1.45428,0.021699,-0.146006,-0.002877,-0.035017,4.791667,0.01242,0.089035,0.093311
101,86.337669,982.72998,0.869454,0.860719,0.086957,0.043478,0.302366,66157.0,0.268873,1.541494,0.104417,0.384748,-0.061994,0.648718,6.431047,-0.002,-0.3,-0.006,-0.125,-0.15,-0.5,0.492202,-0.003571,-0.0055,-0.001087,-0.18895,-0.33341,-0.072491,-0.019187,0.778871,-0.132109,-0.066831,-0.112876,-0.088943,1.449521,0.022582,-0.147737,-0.002585,-0.038366,4.608696,0.013781,0.094946,0.108769
102,88.257195,990.109985,0.855834,0.84989,0.083333,0.0,0.29854,62809.0,0.262088,1.497806,0.104922,0.36643,-0.059213,0.627185,6.402883,-0.002,-0.3,-0.006,-0.125,-0.15,-0.5,0.484069,-0.004024,-0.004444,-0.001389,-0.180687,-0.322317,-0.070794,-0.019304,0.767763,-0.132106,-0.068301,-0.109995,-0.08474,1.439858,0.022074,-0.145806,-0.002785,-0.032342,5.291667,0.013145,0.085223,0.109711
103,88.911896,988.179993,0.870858,0.865982,0.083333,0.0,0.295472,57002.0,0.270556,1.546528,0.117509,0.400702,-0.064063,0.692609,6.401426,-0.002,-0.3,-0.006,-0.125,-0.15,-0.5,0.492461,-0.004493,-0.005431,-0.000833,-0.1946,-0.323082,-0.070856,-0.020404,0.803842,-0.138344,-0.073917,-0.110115,-0.091093,1.443303,0.022368,-0.150912,-0.002485,-0.03106,3.958333,0.014678,0.083403,0.091881
104,89.595428,1000.0,0.88354,0.887305,0.0,0.0,0.293021,65475.0,0.269784,1.549327,0.111617,0.401655,-0.062597,0.686932,6.387154,-0.002,-0.3,-0.006,-0.125,-0.15,-0.5,0.500007,-0.005222,-0.005764,0.0,-0.191608,-0.323272,-0.072634,-0.021615,0.805576,-0.14091,-0.073778,-0.112528,-0.090019,1.480785,0.022875,-0.154798,-0.003316,-0.043455,4.565217,0.01272,0.079409,0.088517
105,89.607765,1000.0,0.888664,0.885714,0.0,0.0,0.289927,66818.0,0.263125,1.562121,0.106957,0.380745,-0.061058,0.667702,6.3824,-0.002,-0.3,-0.006,-0.125,-0.15,-0.5,0.500007,-0.005735,-0.004351,0.0,-0.18672,-0.319909,-0.070714,-0.022113,0.799587,-0.143322,-0.076766,-0.112095,-0.086812,1.503746,0.023086,-0.157044,-0.002259,-0.022746,4.521739,0.012983,0.085536,0.087772
106,88.971291,994.059998,0.884769,0.880426,0.041667,0.0,0.287205,65890.0,0.260587,1.526822,0.108973,0.382387,-0.060204,0.654438,6.359645,-0.002,-0.3,-0.006,-0.125,-0.15,-0.5,0.497941,-0.006177,-0.00385,-0.000278,-0.184922,-0.31115,-0.068257,-0.022351,0.799177,-0.141331,-0.076639,-0.101437,-0.086238,1.501437,0.02358,-0.157382,-0.002693,-0.040583,3.666667,0.013697,0.076492,0.096281
107,90.428978,1000.0,0.889497,0.889277,0.0,0.0,0.284431,67642.0,0.260283,1.537506,0.11504,0.392236,-0.061432,0.694304,6.343835,-0.002,-0.3,-0.006,-0.125,-0.15,-0.5,0.500007,-0.006651,-0.004351,0.0,-0.185666,-0.310381,-0.068959,-0.023417,0.804762,-0.147279,-0.081748,-0.10425,-0.086375,1.512693,0.024148,-0.161391,-0.002365,-0.028706,3.826087,0.012975,0.068592,0.082948
108,89.129417,990.27002,0.888965,0.867041,0.045455,0.045455,0.281193,63404.0,0.258012,1.498633,0.110739,0.375898,-0.059459,0.659229,6.324139,-0.002,-0.3,-0.006,-0.125,-0.15,-0.5,0.495801,-0.00718,-0.004376,-0.000667,-0.184715,-0.29987,-0.066914,-0.02375,0.788861,-0.144382,-0.081211,-0.102865,-0.086203,1.495711,0.025353,-0.159217,-0.002549,-0.042756,4.090909,0.014602,0.076839,0.096296
109,89.149277,993.25,0.886008,0.869111,0.043478,0.0,0.277937,67752.0,0.257789,1.446209,0.112314,0.382152,-0.059151,0.6614,6.333178,-0.002,-0.3,-0.006,-0.125,-0.15,-0.5,0.492659,-0.007667,-0.005566,-0.00087,-0.18161,-0.295331,-0.067043,-0.024366,0.789056,-0.149478,-0.087104,-0.10106,-0.08507,1.473413,0.02549,-0.161412,-0.002292,-0.033625,3.869565,0.014061,0.076847,0.114455
110,90.139206,981.450012,0.882153,0.881884,0.1,0.0,0.274914,64526.0,0.246573,1.474291,0.113836,0.380791,-0.059506,0.661398,6.314116,-0.002,-0.3,-0.006,-0.125,-0.15,-0.5,0.493598,-0.008221,-0.004308,-0.001,-0.181746,-0.290632,-0.063969,-0.02385,0.799521,-0.14356,-0.081795,-0.099222,-0.085744,1.518382,0.025898,-0.162109,-0.002579,-0.02485,3.8,0.013466,0.093277,0.099936
111,91.265282,993.599976,0.882272,0.882115,0.043478,0.0,0.27238,71119.0,0.25302,1.512457,0.121319,0.405254,-0.061708,0.693316,6.274215,-0.002,-0.3,-0.006,-0.125,-0.15,-0.5,0.495362,-0.008715,-0.003691,-0.00058,-0.187118,-0.288734,-0.064621,-0.025005,0.809421,-0.151686,-0.086683,-0.097494,-0.088218,1.505996,0.025325,-0.1666,-0.002791,-0.047137,2.956522,0.013768,0.084895,0.097757
112,91.400986,993.599976,0.896566,0.882415,0.0,0.0,0.269893,69687.0,0.251577,1.513477,0.120304,0.394712,-0.059318,0.692831,6.283251,-0.002,-0.3,-0.006,-0.125,-0.15,-0.5,0.500007,-0.009086,-0.004703,0.0,-0.185182,-0.285241,-0.063722,-0.025631,0.809652,-0.152181,-0.091863,-0.098285,-0.08737,1.541299,0.026034,-0.167087,-0.002509,-0.030748,2.875,0.012047,0.061241,0.071622
113,90.430367,1000.0,0.891732,0.880804,0.0,0.0,0.266913,70210.0,0.25184,1.513115,0.115988,0.374261,-0.056746,0.644666,6.298207,-0.002,-0.3,-0.006,-0.125,-0.15,-0.5,0.500007,-0.00958,-0.003644,0.0,-0.177666,-0.28222,-0.063379,-0.026079,0.799298,-0.158068,-0.093378,-0.094357,-0.08396,1.526052,0.026078,-0.168271,-0.002669,-0.033427,3.625,0.013601,0.088096,0.093166
114,90.424202,985.700012,0.864762,0.865853,0.086957,0.0,0.264687,64991.0,0.243971,1.475842,0.123361,0.38752,-0.058259,0.686922,6.271078,-0.002,-0.3,-0.006,-0.125,-0.15,-0.5,0.492224,-0.009797,-0.003271,-0.00087,-0.175251,-0.272845,-0.06069,-0.026299,0.799408,-0.15384,-0.09304,-0.091093,-0.082437,1.527198,0.02727,-0.167974,-0.002253,-0.020078,2.826087,0.013758,0.091078,0.118871
115,92.064346,994.169983,0.887205,0.880246,0.041667,0.0,0.262409,69318.0,0.245496,1.441321,0.124289,0.388783,-0.058911,0.691524,6.263415,-0.002,-0.3,-0.006,-0.125,-0.15,-0.5,0.497573,-0.010664,-0.003858,-0.000333,-0.180193,-0.272197,-0.062617,-0.027854,0.812351,-0.15893,-0.095953,-0.091747,-0.083709,1.526455,0.028397,-0.172106,-0.002927,-0.038074,3.666667,0.014434,0.090417,0.108952
116,92.80986,998.859985,0.889629,0.883361,0.041667,0.0,0.260011,69545.0,0.242794,1.491292,0.115207,0.380153,-0.056773,0.671473,6.251733,-0.002,-0.3,-0.006,-0.125,-0.15,-0.5,0.499664,-0.01119,-0.003291,-0.000238,-0.176933,-0.267427,-0.061633,-0.028288,0.798173,-0.157298,-0.09579,-0.090219,-0.083298,1.564063,0.028109,-0.171887,-0.002321,-0.024662,4.0,0.012505,0.089823,0.092417
117,93.313751,998.859985,0.898563,0.892872,0.0,0.0,0.257662,73237.0,0.233272,1.444286,0.110181,0.375328,-0.054695,0.672729,6.226511,-0.002,-0.3,-0.006,-0.125,-0.15,-0.5,0.500007,-0.01256,-0.004087,0.0,-0.184612,-0.263667,-0.061859,-0.02885,0.812648,-0.156351,-0.09052,-0.095443,-0.088063,1.590645,0.02863,-0.173513,-0.002127,-0.029918,2.772727,0.012179,0.064235,0.08614
118,93.393387,994.159973,0.894435,0.883195,0.0,0.041667,0.256318,70087.0,0.238942,1.446168,0.124875,0.383884,-0.056133,0.69221,6.194286,-0.002,-0.3,-0.006,-0.125,-0.15,-0.5,0.497569,-0.011866,-0.003409,-0.000333,-0.171964,-0.258417,-0.059776,-0.028919,0.801585,-0.157389,-0.100381,-0.085762,-0.081264,1.569478,0.029515,-0.174608,-0.002202,-0.028493,3.5,0.012309,0.076935,0.089248
119,93.025665,1000.0,0.883542,0.88028,0.0,0.0,0.253933,71417.0,0.246165,1.450982,0.130537,0.397061,-0.059368,0.711803,6.203194,-0.002,-0.3,-0.006,-0.125,-0.15,-0.5,0.500007,-0.012145,-0.004248,0.0,-0.174003,-0.259736,-0.063015,-0.029908,0.810202,-0.168039,-0.108182,-0.088469,-0.081431,1.545194,0.029402,-0.181061,-0.002293,-0.025561,3.434783,0.01299,0.08155,0.090951
120,93.079727,996.200012,0.898774,0.881898,0.086957,0.0,0.251972,63135.0,0.22903,1.418109,0.120179,0.370911,-0.053909,0.684978,6.200816,-0.002,-0.3,-0.006,-0.125,-0.15,-0.5,0.498507,-0.013231,-0.003363,-0.000638,-0.174853,-0.250653,-0.05801,-0.029556,0.808868,-0.15717,-0.099028,-0.084574,-0.082579,1.601485,0.032306,-0.175566,-0.002503,-0.031016,3.26087,0.012164,0.079943,0.095183
121,92.85743,997.0,0.887131,0.888834,0.083333,0.0,0.249725,67823.0,0.230298,1.447329,0.125185,0.37722,-0.054578,0.67788,6.151956,-0.002,-0.3,-0.006,-0.125,-0.15,-0.5,0.495428,-0.013693,-0.004081,-0.001875,-0.166129,-0.247613,-0.058313,-0.030754,0.791803,-0.166871,-0.10718,-0.086894,-0.079751,1.575656,0.02985,-0.17983,-0.002481,-0.03371,3.25,0.01313,0.094508,0.119062
122,94.41864,1000.0,0.904548,0.890707,0.0,0.0,0.247931,69277.0,0.228352,1.386754,0.119025,0.357949,-0.052254,0.653429,6.186004,-0.002,-0.3,-0.006,-0.125,-0.15,-0.5,0.500007,-0.014034,-0.003704,0.0,-0.165669,-0.24386,-0.056631,-0.030397,0.803501,-0.161473,-0.104208,-0.083582,-0.079032,1.608186,0.032875,-0.17737,-0.002336,-0.033645,3.375,0.012284,0.092955,0.092029
123,93.386612,998.299988,0.897256,0.879829,0.086957,0.0,0.245431,71853.0,0.230307,1.391643,0.130943,0.384331,-0.05663,0.70083,6.167239,-0.002,-0.3,-0.006,-0.125,-0.15,-0.5,0.496615,-0.014511,-0.002471,-0.002087,-0.17049,-0.24011,-0.057339,-0.030899,0.806289,-0.169683,-0.10726,-0.084403,-0.079845,1.557654,0.031281,-0.179952,-0.002472,-0.024008,2.304348,0.014536,0.099863,0.115752
124,93.671127,988.789978,0.882659,0.883402,0.083333,0.0,0.243885,71254.0,0.223099,1.38377,0.126811,0.385747,-0.054964,0.704373,6.133205,-0.002,-0.3,-0.006,-0.125,-0.15,-0.5,0.494944,-0.015263,-0.003354,-0.000833,-0.17029,-0.233875,-0.056188,-0.030956,0.804859,-0.164547,-0.103962,-0.079978,-0.081526,1.59098,0.033023,-0.181069,-0.002574,-0.033051,3.083333,0.013702,0.076025,0.105509
125,93.973572,994.630005,0.901103,0.891316,0.0,0.041667,0.241674,63371.0,0.221572,1.383542,0.121521,0.371049,-0.051834,0.678631,6.111935,-0.002,-0.3,-0.006,-0.125,-0.15,-0.5,0.498405,-0.016081,-0.004022,-0.000238,-0.169079,-0.231974,-0.055419,-0.031931,0.804869,-0.165529,-0.106103,-0.081188,-0.080103,1.618919,0.034423,-0.183475,-0.002199,-0.025473,25.375,0.013734,0.074485,0.097618
126,96.622299,1000.0,0.907049,0.898052,0.0,0.0,0.240253,69839.0,0.222599,1.415386,0.127857,0.383984,-0.054065,0.715543,6.113702,-0.002,-0.3,-0.006,-0.125,-0.15,-0.5,0.500007,-0.016069,-0.003533,0.0,-0.170597,-0.229745,-0.055268,-0.033336,0.819114,-0.170028,-0.111684,-0.081012,-0.080706,1.623891,0.0334,-0.185862,-0.00205,-0.029059,7.166667,0.01298,0.078667,0.087566
127,96.095146,1000.0,0.906303,0.903305,0.0,0.0,0.238037,69574.0,0.222224,1.378476,0.132482,0.38751,-0.053988,0.718096,6.085197,-0.002,-0.3,-0.006,-0.125,-0.15,-0.5,0.500007,-0.016505,-0.003445,0.0,-0.171888,-0.226079,-0.053871,-0.033321,0.826789,-0.16844,-0.112993,-0.077767,-0.081911,1.620373,0.035181,-0.186133,-0.002213,-0.026104,6.416667,0.014077,0.076001,0.091569
128,96.201378,1000.0,0.916248,0.903716,0.0,0.0,0.235877,69547.0,0.217566,1.386068,0.12509,0.376451,-0.052549,0.698032,6.081729,-0.002,-0.3,-0.006,-0.125,-0.15,-0.5,0.500007,-0.017305,-0.003256,0.0,-0.166315,-0.221305,-0.053226,-0.033468,0.819122,-0.170263,-0.109978,-0.077841,-0.079583,1.636416,0.035581,-0.186302,-0.002018,-0.018299,6.0,0.012016,0.068811,0.082497
129,96.469856,1000.0,0.91529,0.895039,0.0,0.0,0.233673,68212.0,0.219206,1.394998,0.129067,0.391477,-0.053772,0.722685,6.09211,-0.002,-0.3,-0.006,-0.125,-0.15,-0.5,0.500007,-0.017719,-0.003525,0.0,-0.168374,-0.219355,-0.05413,-0.034725,0.820089,-0.175164,-0.113308,-0.078048,-0.081415,1.621861,0.03489,-0.189444,-0.002392,-0.032182,6.958333,0.012348,0.0714,0.092716
130,95.022095,1000.0,0.908822,0.907229,0.0,0.0,0.232109,68507.0,0.217453,1.368657,0.13335,0.361083,-0.050795,0.67761,6.057878,-0.002,-0.3,-0.006,-0.125,-0.15,-0.5,0.500007,-0.017342,-0.002876,0.0,-0.156654,-0.215059,-0.050624,-0.034125,0.813725,-0.170211,-0.117889,-0.072364,-0.075351,1.63534,0.038294,-0.187809,-0.002122,-0.030613,6.5,0.011805,0.069245,0.084654
131,97.113068,1000.0,0.908959,0.904456,0.0,0.0,0.230157,64609.0,0.216754,1.373972,0.140963,0.390422,-0.053914,0.733271,6.077236,-0.002,-0.3,-0.006,-0.125,-0.15,-0.5,0.500007,-0.01817,-0.003019,0.0,-0.164562,-0.212038,-0.051997,-0.03529,0.829606,-0.175055,-0.119168,-0.07329,-0.079413,1.641786,0.037541,-0.190388,-0.002559,-0.026306,5.695652,0.011816,0.074629,0.080097
132,96.543739,1000.0,0.90278,0.896561,0.0,0.0,0.227913,69162.0,0.217645,1.330824,0.142079,0.386599,-0.052904,0.72527,6.072069,-0.002,-0.3,-0.006,-0.125,-0.15,-0.5,0.500007,-0.018456,-0.003081,0.0,-0.162521,-0.209083,-0.051256,-0.035865,0.829302,-0.175144,-0.123362,-0.072499,-0.078513,1.636551,0.03856,-0.191594,-0.002712,-0.031857,6.333333,0.012864,0.073881,0.085987
133,97.16687,1000.0,0.907479,0.899434,0.0,0.0,0.226261,69317.0,0.212864,1.327924,0.138686,0.382746,-0.052536,0.718396,6.082311,-0.002,-0.3,-0.006,-0.125,-0.15,-0.5,0.500007,-0.018918,-0.002699,0.0,-0.15793,-0.20639,-0.050506,-0.036042,0.82406,-0.178131,-0.12305,-0.070365,-0.0752,1.648294,0.039195,-0.19426,-0.002372,-0.02638,5.5,0.012265,0.073353,0.090784
134,96.757774,997.150024,0.90336,0.898525,0.041667,0.0,0.224149,68798.0,0.210226,1.343785,0.13405,0.37117,-0.050317,0.701677,6.075218,-0.002,-0.3,-0.006,-0.125,-0.15,-0.5,0.499411,-0.019632,-0.003203,-0.000167,-0.156943,-0.2025,-0.049904,-0.036754,0.813331,-0.180321,-0.125488,-0.070424,-0.075155,1.658628,0.03889,-0.194079,-0.002146,-0.022439,5.25,0.013323,0.062828,0.100837
135,96.833626,1000.0,0.909944,0.89519,0.0,0.0,0.222638,70117.0,0.209521,1.322605,0.136137,0.367799,-0.04869,0.688913,6.0519,-0.002,-0.3,-0.006,-0.125,-0.15,-0.5,0.500007,-0.019889,-0.002741,0.0,-0.151265,-0.198641,-0.048204,-0.036705,0.812507,-0.177063,-0.122546,-0.066948,-0.073436,1.659494,0.041775,-0.193708,-0.002373,-0.022739,6.125,0.010418,0.07492,0.090202
136,97.558876,1000.0,0.910451,0.900452,0.0,0.0,0.221006,69526.0,0.207909,1.341347,0.135478,0.371747,-0.050146,0.70011,6.041847,-0.002,-0.3,-0.006,-0.125,-0.15,-0.5,0.500007,-0.020785,-0.003001,0.0,-0.153152,-0.195998,-0.048254,-0.036895,0.817792,-0.180515,-0.123012,-0.068932,-0.073412,1.653156,0.040909,-0.19543,-0.002078,-0.026078,6.291667,0.011233,0.070115,0.089147
137,97.522125,1000.0,0.882514,0.86244,0.0,0.041667,0.218962,61648.0,0.202445,1.302855,0.131116,0.36954,-0.048464,0.689243,6.021042,-0.002,-0.3,-0.006,-0.125,-0.15,-0.5,0.485256,-0.020699,-0.003067,-0.001667,-0.149763,-0.186501,-0.047125,-0.036877,0.790915,-0.174763,-0.121348,-0.065571,-0.072484,1.606776,0.040361,-0.190751,-0.001936,-0.017047,5.75,0.014341,0.079762,0.097433
138,97.403763,1000.0,0.906426,0.903201,0.0,0.0,0.217378,73049.0,0.203678,1.315171,0.133944,0.38194,-0.050072,0.722736,5.976126,-0.002,-0.3,-0.006,-0.125,-0.15,-0.5,0.500007,-0.022339,-0.002843,0.0,-0.156448,-0.18985,-0.047906,-0.038124,0.823905,-0.180276,-0.123415,-0.068307,-0.075809,1.668968,0.042207,-0.197636,-0.00234,-0.023793,5.227273,0.011008,0.068529,0.087638
139,97.226418,990.130005,0.90512,0.895243,0.0,0.041667,0.215655,69811.0,0.204133,1.316221,0.145644,0.373682,-0.050086,0.708987,6.006211,-0.002,-0.3,-0.006,-0.125,-0.15,-0.5,0.496576,-0.021574,-0.002501,-0.000278,-0.150285,-0.186605,-0.047392,-0.038129,0.823471,-0.183156,-0.131887,-0.063798,-0.073117,1.651707,0.042527,-0.197633,-0.00231,-0.020477,5.416667,0.012451,0.081794,0.087827
140,98.11927,1000.0,0.902581,0.901388,0.0,0.0,0.214085,70143.0,0.206041,1.327198,0.147121,0.397126,-0.051517,0.750082,6.006063,-0.002,-0.3,-0.006,-0.125,-0.15,-0.5,0.500007,-0.022442,-0.003011,0.0,-0.155107,-0.185144,-0.04762,-0.0397,0.830041,-0.184795,-0.131101,-0.064496,-0.074626,1.660615,0.04289,-0.204047,-0.002242,-0.023883,5.458333,0.013021,0.078333,0.086041
141,98.21862,1000.0,0.909274,0.892196,0.0,0.0,0.212583,70116.0,0.20364,1.3047,0.145797,0.391726,-0.051277,0.734072,5.979371,-0.002,-0.3,-0.006,-0.125,-0.15,-0.5,0.500007,-0.022729,-0.00243,0.0,-0.152169,-0.182122,-0.046477,-0.03964,0.82134,-0.179517,-0.131514,-0.062391,-0.074628,1.667397,0.044746,-0.204342,-0.002013,-0.021874,5.083333,0.014516,0.067617,0.101819
142,98.529259,1000.0,0.904866,0.895501,0.0,0.0,0.211057,71544.0,0.199704,1.294791,0.134413,0.377354,-0.047827,0.717031,5.984622,-0.002,-0.3,-0.006,-0.125,-0.15,-0.5,0.500007,-0.02351,-0.003022,0.0,-0.148136,-0.178074,-0.04638,-0.039866,0.813785,-0.180209,-0.126529,-0.062728,-0.07218,1.677903,0.045526,-0.201006,-0.002228,-0.022542,4.565217,0.013521,0.077842,0.100529
143,97.725418,990.549988,0.898466,0.896285,0.041667,0.0,0.2098,62969.0,0.197844,1.244129,0.134046,0.357303,-0.045558,0.687095,5.967713,-0.002,-0.3,-0.006,-0.125,-0.15,-0.5,0.497191,-0.022874,-0.00311,-0.000238,-0.139317,-0.174744,-0.044503,-0.038796,0.794384,-0.175634,-0.127095,-0.058867,-0.067113,1.670747,0.047996,-0.195262,-0.002379,-0.023729,5.208333,0.012228,0.077246,0.103309
144,99.655144,993.539978,0.914323,0.903958,0.0,0.041667,0.208461,69959.0,0.198167,1.270435,0.149722,0.377018,-0.048185,0.728368,5.936175,-0.002,-0.3,-0.006,-0.125,-0.15,-0.5,0.497311,-0.022032,-0.002331,-0.000333,-0.142314,-0.172073,-0.043642,-0.037965,0.824336,-0.175839,-0.129513,-0.058265,-0.069196,1.670742,0.046698,-0.192503,-0.002084,-0.021635,4.708333,0.012678,0.063124,0.095871
145,100.452095,1000.0,0.908385,0.897515,0.0,0.0,0.206786,70167.0,0.193336,1.252441,0.142444,0.37512,-0.046808,0.72027,5.969047,-0.002,-0.3,-0.006,-0.125,-0.15,-0.5,0.500007,-0.023219,-0.00293,0.0,-0.147339,-0.16931,-0.043903,-0.038348,0.820463,-0.171038,-0.123982,-0.057556,-0.071606,1.699404,0.048982,-0.190562,-0.001837,-0.018435,4.291667,0.01219,0.072171,0.078896
146,98.97197,1000.0,0.901017,0.902195,0.0,0.0,0.205229,72669.0,0.19614,1.243871,0.140914,0.359408,-0.04574,0.674105,5.982368,-0.002,-0.3,-0.006,-0.125,-0.15,-0.5,0.500007,-0.022524,-0.002484,0.0,-0.137107,-0.168551,-0.043086,-0.037321,0.804395,-0.170079,-0.127898,-0.057806,-0.067115,1.690692,0.049043,-0.188423,-0.002172,-0.02327,4.227273,0.012378,0.078964,0.078309
147,100.622948,1000.0,0.913322,0.906333,0.0,0.0,0.203767,70042.0,0.191756,1.271528,0.15183,0.364917,-0.045143,0.708625,5.932506,-0.002,-0.3,-0.006,-0.125,-0.15,-0.5,0.500007,-0.021772,-0.002085,0.0,-0.136921,-0.164198,-0.041368,-0.036237,0.824414,-0.166005,-0.124389,-0.053716,-0.066373,1.709588,0.049509,-0.182333,-0.001754,-0.021783,4.166667,0.011918,0.068779,0.078738
148,101.413322,1000.0,0.907244,0.898665,0.0,0.0,0.202151,61808.0,0.192683,1.245114,0.153914,0.382865,-0.048066,0.734047,5.927641,-0.002,-0.3,-0.006,-0.125,-0.15,-0.5,0.500007,-0.02224,-0.002625,0.0,-0.143738,-0.162415,-0.042304,-0.036919,0.829729,-0.168268,-0.121266,-0.056094,-0.070767,1.692884,0.049493,-0.183147,-0.002491,-0.022019,4.166667,0.013054,0.072233,0.088476
149,100.942673,1000.0,0.903921,0.897815,0.0,0.0,0.201021,71502.0,0.191429,1.243756,0.145156,0.372775,-0.046245,0.70732,5.942056,-0.002,-0.3,-0.006,-0.125,-0.15,-0.5,0.500007,-0.022558,-0.003171,0.0,-0.141648,-0.16198,-0.042579,-0.037297,0.81889,-0.163764,-0.12145,-0.05525,-0.068197,1.701917,0.051084,-0.182876,-0.001656,-0.017333,3.565217,0.011568,0.071806,0.097627
150,100.993103,1000.0,0.907828,0.902535,0.0,0.0,0.199742,73143.0,0.189157,1.214129,0.141099,0.35569,-0.044322,0.692928,5.950019,-0.002,-0.3,-0.006,-0.125,-0.15,-0.5,0.500007,-0.022328,-0.002443,0.0,-0.135269,-0.157131,-0.041606,-0.036745,0.807094,-0.159882,-0.119385,-0.054446,-0.065492,1.705386,0.053398,-0.176284,-0.001773,-0.022823,4.045455,0.012576,0.070765,0.084021
151,101.920906,996.469971,0.902117,0.889036,0.047619,0.0,0.198095,74473.0,0.183523,1.197048,0.147779,0.365744,-0.044713,0.722456,5.937702,-0.002,-0.3,-0.006,-0.125,-0.15,-0.5,0.491578,-0.022134,-0.00256,-0.001905,-0.13755,-0.152395,-0.039619,-0.035164,0.816145,-0.156065,-0.114155,-0.052507,-0.067464,1.687552,0.053328,-0.170621,-0.001368,-0.013007,3.857143,0.012352,0.076606,0.094069
152,101.648338,986.590027,0.912358,0.896584,0.043478,0.0,0.197327,71571.0,0.182923,1.205098,0.152885,0.361759,-0.045129,0.711839,5.962628,-0.002,-0.3,-0.006,-0.125,-0.15,-0.5,0.495707,-0.021725,-0.002187,-0.000348,-0.132461,-0.151607,-0.039128,-0.034598,0.826956,-0.1506,-0.111273,-0.050641,-0.064423,1.707576,0.0545,-0.170588,-0.001421,-0.020604,3.565217,0.01123,0.084317,0.09582
153,103.455772,1000.0,0.903181,0.890156,0.0,0.0,0.195779,72033.0,0.185625,1.21089,0.156307,0.374455,-0.045268,0.74361,5.930906,-0.002,-0.3,-0.006,-0.125,-0.15,-0.5,0.500007,-0.021639,-0.002399,0.0,-0.136706,-0.152596,-0.040163,-0.035473,0.831699,-0.154401,-0.116313,-0.051688,-0.066028,1.719706,0.054521,-0.171395,-0.001454,-0.021292,3.0,0.013383,0.070504,0.110587
154,102.948837,990.299988,0.898446,0.89743,0.041667,0.0,0.194481,62146.0,0.185836,1.155648,0.15741,0.380799,-0.045659,0.740905,5.915549,-0.002,-0.3,-0.006,-0.125,-0.15,-0.5,0.493264,-0.021202,-0.002373,-0.000556,-0.134195,-0.147334,-0.039569,-0.035062,0.818343,-0.150057,-0.115406,-0.049913,-0.065943,1.685019,0.056117,-0.167651,-0.001988,-0.022281,3.083333,0.011154,0.073792,0.099988
155,103.099419,1000.0,0.906644,0.902855,0.0,0.0,0.193283,67397.0,0.188376,1.19209,0.162671,0.382146,-0.04591,0.744767,5.876911,-0.002,-0.3,-0.006,-0.125,-0.15,-0.5,0.500007,-0.020959,-0.002559,0.0,-0.136401,-0.148496,-0.039397,-0.035321,0.831752,-0.153823,-0.120798,-0.050965,-0.0674,1.714876,0.055706,-0.168725,-0.001646,-0.011987,3.416667,0.013877,0.065546,0.097069
156,103.744064,1000.0,0.91161,0.905711,0.0,0.0,0.192274,70367.0,0.18371,1.223842,0.155666,0.369028,-0.043876,0.729083,5.8809,-0.002,-0.3,-0.006,-0.125,-0.15,-0.5,0.500007,-0.02163,-0.001964,0.0,-0.130846,-0.145815,-0.038528,-0.034061,0.825141,-0.146399,-0.113738,-0.047543,-0.063658,1.723998,0.057413,-0.164995,-0.001063,-0.009886,3.217391,0.013446,0.070766,0.100586
157,102.433197,984.030029,0.907663,0.89233,0.083333,0.0,0.191293,69842.0,0.177215,1.187873,0.146182,0.375663,-0.044629,0.729032,5.897613,-0.002,-0.3,-0.006,-0.125,-0.15,-0.5,0.493911,-0.022556,-0.002852,-0.000655,-0.131641,-0.14138,-0.039559,-0.034766,0.808749,-0.141847,-0.102361,-0.051054,-0.063937,1.70594,0.05846,-0.165067,-0.001396,-0.021401,3.333333,0.010322,0.078398,0.096843
158,104.84787,1000.0,0.91516,0.905895,0.0,0.0,0.190116,70739.0,0.179203,1.197808,0.148007,0.359991,-0.042525,0.723937,5.897952,-0.002,-0.3,-0.006,-0.125,-0.15,-0.5,0.500007,-0.021854,-0.002179,0.0,-0.130218,-0.141265,-0.037375,-0.033748,0.829907,-0.142347,-0.11085,-0.048651,-0.063653,1.73406,0.061237,-0.158932,-0.001254,-0.011741,4.041667,0.011128,0.067886,0.069876
159,103.295654,1000.0,0.911294,0.897874,0.0,0.0,0.189026,74583.0,0.184218,1.166998,0.161862,0.373469,-0.044353,0.720904,5.867054,-0.002,-0.3,-0.006,-0.125,-0.15,-0.5,0.500007,-0.020745,-0.002244,0.0,-0.127957,-0.140552,-0.038356,-0.034471,0.820482,-0.147262,-0.117451,-0.047257,-0.061622,1.711082,0.061185,-0.160922,-0.001358,-0.030794,2.590909,0.012311,0.087058,0.098972
160,104.581131,1000.0,0.925322,0.901477,0.0,0.0,0.187901,63591.0,0.178443,1.158665,0.14799,0.363738,-0.043488,0.716572,5.861917,-0.002,-0.3,-0.006,-0.125,-0.15,-0.5,0.500007,-0.022161,-0.00253,0.0,-0.128857,-0.138864,-0.038836,-0.03416,0.815227,-0.140723,-0.108554,-0.049944,-0.062768,1.731135,0.062782,-0.15923,-0.001233,-0.016932,3.782609,0.01183,0.062254,0.090176
161,106.257385,1000.0,0.911248,0.902095,0.0,0.0,0.186762,70854.0,0.179649,1.168826,0.166635,0.392679,-0.045718,0.78966,5.864401,-0.002,-0.3,-0.006,-0.125,-0.15,-0.5,0.500007,-0.021469,-0.002004,0.0,-0.135628,-0.136183,-0.038651,-0.034425,0.850335,-0.139644,-0.108789,-0.046993,-0.065454,1.72126,0.062293,-0.1566,-0.001463,-0.019212,3.625,0.012335,0.06774,0.072889
162,105.306427,998.580017,0.906006,0.900003,0.043478,0.0,0.185497,72487.0,0.173407,1.212173,0.144789,0.357091,-0.041795,0.714091,5.869251,-0.002,-0.3,-0.006,-0.125,-0.15,-0.5,0.49897,-0.021748,-0.00239,-0.00058,-0.12572,-0.133725,-0.037251,-0.033747,0.811654,-0.136617,-0.104096,-0.045533,-0.061354,1.742925,0.061831,-0.153982,-0.000848,-0.011068,3.130435,0.012851,0.074672,0.08587
163,104.905212,998.580017,0.912529,0.892992,0.0,0.0,0.184346,70736.0,0.183102,1.155751,0.163299,0.381904,-0.045822,0.737666,5.859757,-0.002,-0.3,-0.006,-0.125,-0.15,-0.5,0.500007,-0.021166,-0.00223,0.0,-0.132235,-0.13397,-0.03811,-0.03401,0.830574,-0.139964,-0.11395,-0.045957,-0.06562,1.709592,0.063277,-0.155727,-0.001408,-0.019598,3.416667,0.01255,0.074907,0.096493
164,106.831627,1000.0,0.918248,0.900572,0.0,0.0,0.183586,72602.0,0.17729,1.15344,0.168585,0.368147,-0.043234,0.732808,5.882114,-0.002,-0.3,-0.006,-0.125,-0.15,-0.5,0.500007,-0.020013,-0.001672,0.0,-0.120013,-0.131663,-0.035637,-0.031455,0.834347,-0.132575,-0.107372,-0.041752,-0.058123,1.730643,0.06478,-0.149902,-0.001235,-0.020659,3.347826,0.010213,0.076209,0.085117
165,106.650948,1000.0,0.923926,0.900239,0.0,0.0,0.182446,71047.0,0.171675,1.11501,0.15006,0.343896,-0.040268,0.708477,5.856487,-0.002,-0.3,-0.006,-0.125,-0.15,-0.5,0.500007,-0.021473,-0.002048,0.0,-0.118703,-0.128387,-0.034679,-0.031493,0.81959,-0.129306,-0.101738,-0.042553,-0.058449,1.747349,0.067866,-0.146011,-0.001312,-0.012273,2.833333,0.009849,0.074177,0.086396
166,105.843971,995.22998,0.91303,0.90243,0.041667,0.0,0.181199,62411.0,0.175897,1.1342,0.157186,0.365399,-0.041706,0.740976,5.857738,-0.002,-0.3,-0.006,-0.125,-0.15,-0.5,0.499856,-0.021379,-0.002314,-2.5e-05,-0.123602,-0.127905,-0.035056,-0.031767,0.823694,-0.130135,-0.104498,-0.04443,-0.060001,1.734948,0.068987,-0.146661,-0.001059,-0.012591,24.791668,0.013377,0.072727,0.093981
167,107.176559,1000.0,0.916652,0.89485,0.0,0.0,0.179663,70920.0,0.174632,1.110636,0.159484,0.356058,-0.041328,0.705918,5.872713,-0.002,-0.3,-0.006,-0.125,-0.15,-0.5,0.500007,-0.020493,-0.001867,0.0,-0.115973,-0.126679,-0.03499,-0.031397,0.81194,-0.130703,-0.107733,-0.042647,-0.057218,1.74526,0.069475,-0.144959,-0.000993,-0.012747,4.375,0.01308,0.078786,0.092082
168,107.929909,1000.0,0.923054,0.910025,0.0,0.0,0.178982,70346.0,0.172779,1.131263,0.16579,0.369472,-0.042109,0.741718,5.853284,-0.002,-0.3,-0.006,-0.125,-0.15,-0.5,0.500007,-0.020557,-0.001945,0.0,-0.119489,-0.125504,-0.035224,-0.031601,0.830873,-0.128029,-0.104715,-0.041402,-0.057603,1.747926,0.069005,-0.145078,-0.001193,-0.023912,7.166667,0.013421,0.070258,0.082522
169,107.355896,1000.0,0.917998,0.912034,0.0,0.0,0.177929,70108.0,0.171086,1.09002,0.157649,0.347068,-0.039594,0.701186,5.853904,-0.002,-0.3,-0.006,-0.125,-0.15,-0.5,0.500007,-0.020391,-0.00216,0.0,-0.113496,-0.123255,-0.033858,-0.030747,0.817639,-0.124882,-0.104321,-0.040036,-0.055899,1.760989,0.072673,-0.140888,-0.001049,-0.013471,6.166667,0.012802,0.076665,0.088245
170,108.1166,1000.0,0.909563,0.905285,0.0,0.0,0.17697,71191.0,0.170162,1.097788,0.157532,0.360645,-0.040009,0.726608,5.882225,-0.002,-0.3,-0.006,-0.125,-0.15,-0.5,0.500007,-0.020942,-0.001933,0.0,-0.11906,-0.121183,-0.034175,-0.031068,0.823639,-0.123711,-0.100144,-0.040584,-0.058145,1.753118,0.073332,-0.14047,-0.001048,-0.012152,6.583333,0.012964,0.074939,0.093812
171,107.554848,1000.0,0.915772,0.901817,0.0,0.0,0.176255,70769.0,0.169585,1.109571,0.157962,0.354042,-0.039718,0.723205,5.875972,-0.002,-0.3,-0.006,-0.125,-0.15,-0.5,0.500007,-0.020653,-0.001804,0.0,-0.116206,-0.119729,-0.033693,-0.030909,0.827819,-0.122947,-0.100908,-0.040177,-0.056734,1.755456,0.072104,-0.138338,-0.001074,-0.0181,6.791667,0.013547,0.07732,0.102735
172,109.163483,1000.0,0.914479,0.905451,0.0,0.0,0.174767,62187.0,0.169194,1.101535,0.171339,0.38187,-0.042875,0.773791,5.882253,-0.002,-0.3,-0.006,-0.125,-0.15,-0.5,0.500007,-0.02067,-0.002571,0.0,-0.122582,-0.119484,-0.034917,-0.031384,0.841689,-0.123046,-0.102318,-0.041064,-0.059138,1.754033,0.072728,-0.139582,-0.001147,-0.019783,6.208333,0.013135,0.069971,0.093914
173,108.875778,1000.0,0.91851,0.910274,0.0,0.0,0.173865,72534.0,0.168029,1.101608,0.166795,0.370071,-0.041346,0.735335,5.876038,-0.002,-0.3,-0.006,-0.125,-0.15,-0.5,0.500007,-0.020581,-0.002035,0.0,-0.116809,-0.118179,-0.034116,-0.030836,0.825766,-0.120785,-0.098728,-0.038459,-0.056598,1.753799,0.074365,-0.138416,-0.001125,-0.020667,5.652174,0.011292,0.07076,0.086247
174,107.076118,988.76001,0.908539,0.895121,0.083333,0.0,0.172743,70092.0,0.165521,1.08189,0.167156,0.363565,-0.040461,0.744451,5.840559,-0.002,-0.3,-0.006,-0.125,-0.15,-0.5,0.496162,-0.020213,-0.001618,-0.000516,-0.116684,-0.115854,-0.032884,-0.030444,0.825841,-0.118219,-0.096672,-0.038033,-0.057455,1.74345,0.075543,-0.134669,-0.000869,-0.019439,6.083333,0.012331,0.07842,0.09795
175,107.727478,1000.0,0.910666,0.898573,0.041667,0.0,0.171972,70911.0,0.168532,1.096642,0.157856,0.350054,-0.038838,0.699522,5.839186,-0.002,-0.3,-0.006,-0.125,-0.15,-0.5,0.498189,-0.020262,-0.001938,-0.000208,-0.112226,-0.114673,-0.033508,-0.030661,0.814617,-0.117766,-0.099231,-0.036563,-0.054555,1.744823,0.076588,-0.134135,-0.000902,-0.015166,5.333333,0.013253,0.077611,0.093659
176,109.211197,1000.0,0.923183,0.905168,0.0,0.0,0.171246,70991.0,0.167505,1.05557,0.173237,0.377976,-0.041674,0.74832,5.851691,-0.002,-0.3,-0.006,-0.125,-0.15,-0.5,0.500007,-0.020329,-0.001914,0.0,-0.11551,-0.113798,-0.033599,-0.030482,0.834467,-0.117101,-0.096678,-0.03722,-0.055612,1.752734,0.07911,-0.134831,-0.00095,-0.024965,5.916667,0.012243,0.07842,0.093364
177,109.115067,1000.0,0.910465,0.90775,0.0,0.0,0.170313,70724.0,0.169685,1.092641,0.174302,0.376211,-0.041301,0.74855,5.829739,-0.002,-0.3,-0.006,-0.125,-0.15,-0.5,0.500007,-0.020041,-0.001896,0.0,-0.116489,-0.112919,-0.033758,-0.030759,0.829293,-0.117915,-0.098929,-0.037598,-0.05582,1.74715,0.07669,-0.133032,-0.000875,-0.016891,6.0,0.012232,0.073624,0.083996
178,109.649086,1000.0,0.907534,0.906411,0.0,0.0,0.169796,61744.0,0.167755,1.082857,0.176995,0.385287,-0.041579,0.777387,5.826101,-0.002,-0.3,-0.006,-0.125,-0.15,-0.5,0.500007,-0.020134,-0.001881,0.0,-0.119114,-0.111557,-0.033494,-0.030615,0.840499,-0.115976,-0.100128,-0.037309,-0.05781,1.753404,0.079674,-0.132453,-0.001091,-0.026011,6.583333,0.012545,0.074649,0.076545
179,109.275253,1000.0,0.921735,0.914722,0.0,0.0,0.168754,70765.0,0.166078,1.082399,0.167605,0.353472,-0.038615,0.729324,5.788318,-0.002,-0.3,-0.006,-0.125,-0.15,-0.5,0.500007,-0.019915,-0.001426,0.0,-0.111211,-0.109486,-0.031272,-0.029213,0.832068,-0.111606,-0.095537,-0.035332,-0.054403,1.762142,0.080364,-0.127371,-0.000905,-0.021448,5.083333,0.011201,0.068521,0.076062
180,109.268967,990.150024,0.914091,0.903324,0.0,0.045455,0.168249,73509.0,0.162673,1.060483,0.174493,0.363269,-0.039913,0.745885,5.783581,-0.002,-0.3,-0.006,-0.125,-0.15,-0.5,0.496805,-0.019623,-0.001526,-0.00026,-0.115977,-0.107699,-0.031061,-0.028856,0.839143,-0.111371,-0.093557,-0.034879,-0.056489,1.75988,0.081146,-0.126159,-0.001005,-0.03103,5.181818,0.013405,0.077047,0.096995
181,109.810867,1000.0,0.920577,0.908022,0.0,0.0,0.167158,71217.0,0.161158,1.055825,0.170127,0.356061,-0.03807,0.734075,5.798091,-0.002,-0.3,-0.006,-0.125,-0.15,-0.5,0.500007,-0.019778,-0.001623,0.0,-0.109743,-0.107151,-0.030926,-0.028873,0.827964,-0.10798,-0.094298,-0.034259,-0.052975,1.775034,0.084272,-0.125316,-0.000788,-0.009799,5.708333,0.013226,0.072218,0.093032
182,109.618057,1000.0,0.907167,0.907482,0.0,0.0,0.165918,70764.0,0.16635,1.048135,0.175327,0.383033,-0.041581,0.754061,5.762978,-0.002,-0.3,-0.006,-0.125,-0.15,-0.5,0.500007,-0.019803,-0.001471,0.0,-0.113469,-0.107889,-0.033003,-0.030323,0.823953,-0.114668,-0.095179,-0.035537,-0.055382,1.753855,0.081775,-0.129461,-0.000852,-0.019564,4.916667,0.012876,0.075049,0.087661
183,110.584839,1000.0,0.917272,0.909184,0.0,0.0,0.164728,61430.0,0.163985,1.060521,0.172204,0.367707,-0.039075,0.73884,5.776191,-0.002,-0.3,-0.006,-0.125,-0.15,-0.5,0.500007,-0.019786,-0.001519,0.0,-0.108812,-0.105794,-0.032031,-0.029229,0.825275,-0.110168,-0.096643,-0.035149,-0.052374,1.762693,0.083609,-0.124891,-0.000823,-0.016073,5.541667,0.012336,0.074607,0.094346
184,110.148247,1000.0,0.901009,0.898914,0.0,0.0,0.164034,71806.0,0.168239,1.043648,0.178793,0.378991,-0.040489,0.769354,5.76301,-0.002,-0.3,-0.006,-0.125,-0.15,-0.5,0.500007,-0.019971,-0.002987,0.0,-0.114013,-0.105226,-0.03165,-0.029133,0.839313,-0.11006,-0.093629,-0.034318,-0.055312,1.75252,0.085459,-0.12588,-0.000968,-0.026417,4.0,0.0121,0.076463,0.079561
185,110.041786,1000.0,0.919877,0.908767,0.0,0.0,0.163213,70421.0,0.161435,0.996387,0.173124,0.351186,-0.037497,0.734289,5.774199,-0.002,-0.3,-0.006,-0.125,-0.15,-0.5,0.500007,-0.019427,-0.00185,0.0,-0.106043,-0.102906,-0.02975,-0.028111,0.834821,-0.106016,-0.094201,-0.033309,-0.052854,1.769713,0.089836,-0.119908,-0.000859,-0.019808,5.5,0.013736,0.064191,0.072835
186,110.333649,1000.0,0.92337,0.896014,0.0,0.0,0.162711,70624.0,0.160281,1.029807,0.172848,0.362952,-0.038016,0.74483,5.773482,-0.002,-0.3,-0.006,-0.125,-0.15,-0.5,0.500007,-0.019925,-0.001584,0.0,-0.108426,-0.101872,-0.030377,-0.027866,0.830607,-0.105181,-0.088934,-0.033033,-0.051671,1.77372,0.088932,-0.120057,-0.000814,-0.025213,4.208333,0.012062,0.06953,0.084711
187,111.025055,1000.0,0.915403,0.908554,0.0,0.0,0.161518,69912.0,0.161903,1.046368,0.177285,0.365974,-0.038236,0.744005,5.770214,-0.002,-0.3,-0.006,-0.125,-0.15,-0.5,0.500007,-0.019376,-0.001646,0.0,-0.106741,-0.101678,-0.030508,-0.027993,0.831378,-0.10724,-0.093427,-0.03298,-0.051111,1.7607,0.087863,-0.120172,-0.000727,-0.01731,4.541667,0.012212,0.073259,0.085176
188,110.937737,1000.0,0.916268,0.908077,0.0,0.0,0.160761,71544.0,0.161265,1.012595,0.177711,0.361355,-0.038031,0.732256,5.772995,-0.002,-0.3,-0.006,-0.125,-0.15,-0.5,0.500007,-0.019271,-0.001894,0.0,-0.104038,-0.100836,-0.030059,-0.027465,0.833938,-0.105399,-0.092297,-0.03107,-0.049855,1.771666,0.087786,-0.119893,-0.000739,-0.018397,4.318182,0.012172,0.077265,0.088243
189,111.404602,1000.0,0.926026,0.909794,0.0,0.0,0.160122,60590.0,0.159013,0.986156,0.167956,0.348931,-0.036079,0.718124,5.772249,-0.002,-0.3,-0.006,-0.125,-0.15,-0.5,0.500007,-0.01944,-0.001683,0.0,-0.101406,-0.098643,-0.0292,-0.027169,0.826105,-0.099174,-0.087152,-0.031544,-0.048749,1.780933,0.097373,-0.116935,-0.000805,-0.017571,4.0,0.011312,0.070486,0.07783
190,110.776413,1000.0,0.904638,0.906026,0.0,0.0,0.159155,70945.0,0.161305,1.018329,0.17516,0.365598,-0.038187,0.745169,5.743014,-0.002,-0.3,-0.006,-0.125,-0.15,-0.5,0.500007,-0.019207,-0.001871,0.0,-0.106663,-0.098827,-0.030743,-0.028577,0.830701,-0.105348,-0.093623,-0.03252,-0.051228,1.766429,0.091015,-0.119008,-0.000688,-0.013735,3.958333,0.011837,0.072091,0.098899
191,111.190887,1000.0,0.913479,0.898115,0.0,0.0,0.158028,73609.0,0.164669,0.968861,0.177745,0.343064,-0.035437,0.73129,5.735416,-0.002,-0.3,-0.006,-0.125,-0.15,-0.5,0.500007,-0.018569,-0.002317,0.0,-0.100881,-0.09651,-0.027969,-0.02652,0.834473,-0.099275,-0.091132,-0.029579,-0.049927,1.76645,0.099224,-0.111784,-0.000898,-0.019276,3.727273,0.012387,0.075858,0.085851
192,111.95491,1000.0,0.907238,0.900003,0.0,0.0,0.157199,70935.0,0.157665,0.98335,0.172894,0.371718,-0.038356,0.767355,5.69783,-0.002,-0.3,-0.006,-0.125,-0.15,-0.5,0.500007,-0.020132,-0.001675,0.0,-0.105904,-0.095831,-0.029472,-0.027878,0.827863,-0.09819,-0.08416,-0.031271,-0.052121,1.775091,0.097388,-0.115862,-0.000734,-0.017052,4.0,0.012946,0.068146,0.097681
193,112.186501,1000.0,0.921632,0.902191,0.0,0.0,0.15608,78167.0,0.157236,0.956787,0.177438,0.358473,-0.036534,0.717235,5.70806,-0.002,-0.3,-0.006,-0.125,-0.15,-0.5,0.500007,-0.019077,-0.001603,0.0,-0.101975,-0.095654,-0.029077,-0.026719,0.829632,-0.100221,-0.089044,-0.029738,-0.049365,1.780126,0.101458,-0.114569,-0.000935,-0.020594,4.052631,0.014146,0.076088,0.084483
194,112.257156,1000.0,0.924844,0.914201,0.0,0.0,0.155364,72086.0,0.158699,1.011939,0.182878,0.375914,-0.038312,0.762888,5.683858,-0.002,-0.3,-0.006,-0.125,-0.15,-0.5,0.500007,-0.019346,-0.001935,0.0,-0.106271,-0.094794,-0.029115,-0.026741,0.841223,-0.098687,-0.088657,-0.030068,-0.050753,1.774302,0.096915,-0.114498,-0.000752,-0.022102,3.217391,0.01068,0.073941,0.085708
195,112.596596,1000.0,0.915672,0.907951,0.0,0.0,0.154858,61006.0,0.156674,0.957366,0.176503,0.354467,-0.03598,0.732842,5.689777,-0.002,-0.3,-0.006,-0.125,-0.15,-0.5,0.500007,-0.018981,-0.001524,0.0,-0.102512,-0.094071,-0.028419,-0.026923,0.831406,-0.097264,-0.086946,-0.029147,-0.048899,1.783084,0.099376,-0.112078,-0.000808,-0.020728,3.083333,0.014839,0.065764,0.090643
196,113.457184,1000.0,0.921332,0.898319,0.0,0.0,0.154047,71035.0,0.157344,1.014565,0.18594,0.38235,-0.038508,0.772052,5.70881,-0.002,-0.3,-0.006,-0.125,-0.15,-0.5,0.500007,-0.019134,-0.002486,0.0,-0.106951,-0.093101,-0.02902,-0.026565,0.840656,-0.098978,-0.086319,-0.03012,-0.051077,1.773447,0.095973,-0.113315,-0.000583,-0.013098,3.291667,0.013208,0.064177,0.077082
197,112.256119,995.97998,0.916945,0.89736,0.043478,0.0,0.153188,71799.0,0.159006,0.996928,0.190145,0.380586,-0.039492,0.744593,5.689972,-0.002,-0.3,-0.006,-0.125,-0.15,-0.5,0.498547,-0.018364,-0.002218,-0.00029,-0.104837,-0.092791,-0.029807,-0.026773,0.828131,-0.098839,-0.091249,-0.030692,-0.052314,1.77026,0.095192,-0.11308,-0.000782,-0.022178,3.434783,0.012545,0.06778,0.096921
198,112.095634,1000.0,0.921691,0.904334,0.0,0.0,0.15292,70954.0,0.15288,0.983563,0.168527,0.354505,-0.036393,0.726597,5.709794,-0.002,-0.3,-0.006,-0.125,-0.15,-0.5,0.500007,-0.019529,-0.001706,0.0,-0.100541,-0.090434,-0.02873,-0.02638,0.822706,-0.093254,-0.082775,-0.029347,-0.04729,1.786687,0.101337,-0.109745,-0.000683,-0.018154,3.375,0.011624,0.072518,0.098916
199,110.409782,1000.0,0.916018,0.902193,0.0,0.0,0.152032,70469.0,0.152059,0.983795,0.15638,0.336805,-0.033432,0.687722,5.712772,-0.002,-0.3,-0.006,-0.125,-0.15,-0.5,0.500007,-0.019755,-0.002107,0.0,-0.096218,-0.088885,-0.02787,-0.026858,0.806802,-0.091883,-0.081805,-0.030707,-0.046498,1.790909,0.104527,-0.108303,-0.000701,-0.018871,3.75,0.010877,0.05943,0.091664
200,112.765938,1000.0,0.923406,0.904087,0.0,0.0,0.151317,68803.0,0.153675,0.95517,0.17763,0.363674,-0.036398,0.74251,5.697929,-0.002,-0.3,-0.006,-0.125,-0.15,-0.5,0.500007,-0.019544,-0.002224,0.0,-0.103956,-0.088572,-0.02821,-0.026525,0.845493,-0.092799,-0.082297,-0.02829,-0.049591,1.7916,0.106787,-0.108981,-0.000905,-0.022232,3.26087,0.010904,0.07553,0.090455
201,113.237389,1000.0,0.912211,0.903636,0.0,0.0,0.150527,59117.0,0.15593,0.945127,0.189721,0.369529,-0.037359,0.75133,5.720838,-0.002,-0.3,-0.006,-0.125,-0.15,-0.5,0.500007,-0.018332,-0.002139,0.0,-0.099756,-0.088833,-0.027974,-0.026467,0.83405,-0.093905,-0.0859,-0.028581,-0.048818,1.783266,0.106413,-0.107925,-0.000491,-0.011208,3.173913,0.014519,0.069879,0.09875
202,113.566269,1000.0,0.912731,0.916762,0.0,0.0,0.149907,68993.0,0.151446,0.92253,0.176444,0.364801,-0.035579,0.750143,5.678032,-0.002,-0.3,-0.006,-0.125,-0.15,-0.5,0.500007,-0.019701,-0.002465,0.0,-0.099845,-0.087191,-0.02813,-0.025818,0.839147,-0.09088,-0.078717,-0.028125,-0.046825,1.79028,0.110557,-0.107189,-0.000751,-0.022596,3.521739,0.012607,0.068745,0.085069
203,113.654572,1000.0,0.922729,0.909714,0.0,0.0,0.14934,68637.0,0.151964,0.932339,0.187413,0.376683,-0.037573,0.774936,5.689368,-0.002,-0.3,-0.006,-0.125,-0.15,-0.5,0.500007,-0.019121,-0.001836,0.0,-0.101517,-0.087475,-0.028818,-0.026347,0.841404,-0.091965,-0.083923,-0.028287,-0.048633,1.783731,0.108255,-0.10755,-0.000647,-0.022856,3.478261,0.010331,0.078192,0.095461
204,114.74749,1000.0,0.922019,0.905462,0.0,0.0,0.148833,67161.0,0.147906,0.916796,0.173198,0.355419,-0.034072,0.744767,5.676157,-0.002,-0.3,-0.006,-0.125,-0.15,-0.5,0.500007,-0.019535,-0.002412,0.0,-0.097455,-0.084718,-0.027082,-0.025172,0.829522,-0.087666,-0.078472,-0.028192,-0.046671,1.803029,0.112384,-0.103379,-0.000571,-0.013517,3.416667,0.011022,0.063951,0.094115
205,113.668129,1000.0,0.908821,0.909322,0.0,0.0,0.147944,67690.0,0.151827,0.936714,0.183657,0.376527,-0.036154,0.773451,5.678692,-0.002,-0.3,-0.006,-0.125,-0.15,-0.5,0.500007,-0.019406,-0.002223,0.0,-0.102188,-0.084721,-0.027115,-0.026108,0.841897,-0.08796,-0.080504,-0.02773,-0.049268,1.786288,0.111186,-0.104939,-0.000785,-0.036734,3.458333,0.01355,0.067835,0.085184
206,113.408615,1000.0,0.907838,0.908845,0.0,0.0,0.147297,68406.0,0.150709,0.88809,0.177085,0.340759,-0.032703,0.71915,5.668748,-0.002,-0.3,-0.006,-0.125,-0.15,-0.5,0.500007,-0.018474,-0.001378,0.0,-0.092475,-0.083961,-0.025941,-0.024666,0.830903,-0.087913,-0.080602,-0.026104,-0.044335,1.80081,0.117401,-0.099832,-0.000646,-0.023004,2.695652,0.012365,0.066567,0.095603
207,114.562004,1000.0,0.924819,0.918551,0.0,0.0,0.14659,58001.0,0.150373,0.938641,0.188371,0.380559,-0.036277,0.7879,5.682981,-0.002,-0.3,-0.006,-0.125,-0.15,-0.5,0.500007,-0.019317,-0.002156,0.0,-0.101693,-0.083791,-0.027273,-0.025248,0.851853,-0.088755,-0.078625,-0.027047,-0.048072,1.793221,0.111404,-0.10382,-0.000555,-0.015105,3.125,0.01197,0.073231,0.081383
208,114.746452,1000.0,0.908856,0.910989,0.0,0.0,0.14578,67520.0,0.152726,0.964141,0.195675,0.391021,-0.038408,0.761404,5.655793,-0.002,-0.3,-0.006,-0.125,-0.15,-0.5,0.500007,-0.018502,-0.002226,0.0,-0.099716,-0.08368,-0.028485,-0.026118,0.832461,-0.090217,-0.083967,-0.027441,-0.04689,1.779828,0.109393,-0.106402,-0.000574,-0.018064,24.875,0.010895,0.070175,0.092583
209,115.183624,1000.0,0.920959,0.905885,0.0,0.0,0.14508,67590.0,0.150401,0.927079,0.188776,0.368791,-0.036024,0.770117,5.688589,-0.002,-0.3,-0.006,-0.125,-0.15,-0.5,0.500007,-0.01861,-0.001667,0.0,-0.098503,-0.082054,-0.026502,-0.02486,0.849616,-0.085728,-0.079922,-0.026138,-0.047791,1.789316,0.11454,-0.10091,-0.000906,-0.015649,5.625,0.012426,0.0783,0.096934
210,114.770256,1000.0,0.922834,0.910358,0.0,0.0,0.144182,60997.0,0.149489,0.921717,0.184574,0.370464,-0.035394,0.754461,5.691939,-0.002,-0.3,-0.006,-0.125,-0.15,-0.5,0.500007,-0.018962,-0.002247,0.0,-0.095739,-0.081494,-0.02671,-0.024798,0.840652,-0.085608,-0.079322,-0.026502,-0.045844,1.79517,0.115432,-0.100841,-0.000666,-0.01821,7.0,0.013139,0.066595,0.088847
211,114.812149,1000.0,0.916709,0.91201,0.0,0.0,0.143432,71428.0,0.15152,0.901369,0.189445,0.383666,-0.036731,0.770024,5.725379,-0.002,-0.3,-0.006,-0.125,-0.15,-0.5,0.500007,-0.018815,-0.002021,0.0,-0.098827,-0.081578,-0.027933,-0.025622,0.839584,-0.086282,-0.081257,-0.026601,-0.047666,1.785467,0.116963,-0.102958,-0.000634,-0.015161,6.083333,0.012084,0.066857,0.08277
212,114.892609,1000.0,0.919427,0.915173,0.0,0.0,0.142597,60324.0,0.147645,0.898379,0.175842,0.352883,-0.034208,0.714435,5.714843,-0.002,-0.3,-0.006,-0.125,-0.15,-0.5,0.500007,-0.018896,-0.001881,0.0,-0.091401,-0.079913,-0.026407,-0.024692,0.824189,-0.083398,-0.077517,-0.025296,-0.043848,1.796842,0.120835,-0.099236,-0.000527,-0.018111,6.375,0.012597,0.06455,0.08535
213,114.96048,1000.0,0.916858,0.90872,0.0,0.0,0.142059,70471.0,0.150027,0.919267,0.194104,0.375643,-0.036025,0.769282,5.695634,-0.002,-0.3,-0.006,-0.125,-0.15,-0.5,0.500007,-0.018333,-0.001713,0.0,-0.09524,-0.079731,-0.02636,-0.024455,0.842266,-0.083968,-0.079429,-0.024706,-0.045435,1.795273,0.116913,-0.099455,-0.000588,-0.017667,6.875,0.013047,0.069897,0.09138
214,116.398033,1000.0,0.920854,0.910975,0.0,0.0,0.141312,71098.0,0.148228,0.909232,0.182738,0.370824,-0.035456,0.759496,5.724494,-0.002,-0.3,-0.006,-0.125,-0.15,-0.5,0.500007,-0.019037,-0.001899,0.0,-0.096975,-0.078877,-0.026754,-0.02537,0.838636,-0.083763,-0.077316,-0.025923,-0.046917,1.792604,0.119268,-0.099852,-0.000566,-0.019198,6.291667,0.011736,0.059776,0.083593
215,116.059998,1000.0,0.914169,0.900766,0.043478,0.0,0.14059,71779.0,0.145792,0.893366,0.179037,0.358744,-0.033582,0.72924,5.707391,-0.002,-0.3,-0.006,-0.125,-0.15,-0.5,0.49651,-0.018471,-0.002081,-0.00029,-0.089812,-0.077024,-0.025512,-0.023738,0.820543,-0.079741,-0.074294,-0.025071,-0.042147,1.790072,0.124543,-0.096791,-0.000581,-0.015472,6.0,0.013205,0.070271,0.101173
216,116.593971,1000.0,0.911223,0.906013,0.041667,0.0,0.139918,71577.0,0.144834,0.846932,0.181652,0.356803,-0.03314,0.739697,5.691368,-0.002,-0.3,-0.006,-0.125,-0.15,-0.5,0.497452,-0.018501,-0.001977,-0.000208,-0.089347,-0.076776,-0.025965,-0.02422,0.824949,-0.078896,-0.076667,-0.025021,-0.04273,1.798186,0.132028,-0.095526,-0.000521,-0.019817,6.041667,0.011914,0.070763,0.10176
217,116.078026,1000.0,0.923483,0.908076,0.0,0.0,0.139035,70997.0,0.144596,0.886639,0.184467,0.35463,-0.033658,0.753197,5.680128,-0.002,-0.3,-0.006,-0.125,-0.15,-0.5,0.500007,-0.01883,-0.001814,0.0,-0.09296,-0.076233,-0.025377,-0.023839,0.849233,-0.07986,-0.074553,-0.02568,-0.044606,1.805949,0.129203,-0.093717,-0.000532,-0.012711,4.791667,0.011352,0.069523,0.079005
218,115.37796,1000.0,0.915129,0.911023,0.0,0.0,0.138369,60214.0,0.146227,0.892162,0.183856,0.363934,-0.034145,0.743216,5.690585,-0.002,-0.3,-0.006,-0.125,-0.15,-0.5,0.500007,-0.01854,-0.002081,0.0,-0.090228,-0.076147,-0.025891,-0.024239,0.831752,-0.079879,-0.075694,-0.024281,-0.042678,1.799417,0.12678,-0.095979,-0.000512,-0.014552,6.166667,0.011575,0.070674,0.084707
219,114.752518,980.280029,0.9102,0.896752,0.083333,0.0,0.137801,71346.0,0.144697,0.868109,0.188866,0.369559,-0.034777,0.749588,5.646645,-0.002,-0.3,-0.006,-0.125,-0.15,-0.5,0.491946,-0.017952,-0.001999,-0.000655,-0.092382,-0.074596,-0.025531,-0.023805,0.82714,-0.079957,-0.077794,-0.024149,-0.044091,1.768782,0.125867,-0.094416,-0.000582,-0.018513,6.0,0.010678,0.071307,0.090608
220,115.747543,1000.0,0.903707,0.904775,0.0,0.0,0.137231,70876.0,0.147868,0.896781,0.187073,0.372193,-0.034892,0.756989,5.645872,-0.002,-0.3,-0.006,-0.125,-0.15,-0.5,0.500007,-0.0183,-0.001849,0.0,-0.092711,-0.075184,-0.025401,-0.024417,0.83873,-0.079272,-0.07624,-0.024205,-0.045114,1.800097,0.126221,-0.09546,-0.000614,-0.015288,6.5,0.013428,0.060098,0.092187
221,115.757988,1000.0,0.919253,0.909928,0.0,0.0,0.136632,72619.0,0.145185,0.888052,0.183448,0.364212,-0.033506,0.737006,5.667271,-0.002,-0.3,-0.006,-0.125,-0.15,-0.5,0.500007,-0.018452,-0.002384,0.0,-0.091792,-0.074495,-0.02587,-0.024291,0.834866,-0.078913,-0.076622,-0.023865,-0.043197,1.80505,0.126708,-0.094365,-0.000611,-0.017658,4.913043,0.011729,0.075177,0.081899
222,115.827606,1000.0,0.922961,0.903497,0.0,0.0,0.136217,72950.0,0.144614,0.875874,0.186111,0.372201,-0.035382,0.753873,5.671398,-0.002,-0.3,-0.006,-0.125,-0.15,-0.5,0.500007,-0.018462,-0.00212,0.0,-0.09186,-0.073661,-0.02586,-0.023695,0.836294,-0.077495,-0.074733,-0.024341,-0.044403,1.803846,0.132634,-0.094171,-0.000643,-0.019504,5.26087,0.012087,0.07408,0.103036
223,116.424088,1000.0,0.918082,0.911414,0.041667,0.0,0.135742,66928.0,0.146214,0.881605,0.191952,0.388322,-0.035937,0.784544,5.65559,-0.002,-0.3,-0.006,-0.125,-0.15,-0.5,0.499934,-0.018626,-0.002428,-0.000208,-0.094606,-0.073587,-0.026743,-0.024346,0.837995,-0.077834,-0.075813,-0.025274,-0.044546,1.792683,0.130999,-0.096089,-0.000476,-0.021511,5.625,0.01154,0.070824,0.088501
224,115.655243,1000.0,0.92182,0.906978,0.0,0.0,0.135435,59893.0,0.14401,0.852789,0.184971,0.367779,-0.034388,0.730142,5.637062,-0.002,-0.3,-0.006,-0.125,-0.15,-0.5,0.500007,-0.018265,-0.002672,0.0,-0.087919,-0.07302,-0.026484,-0.024174,0.823807,-0.077385,-0.076278,-0.024212,-0.041337,1.80111,0.134269,-0.094314,-0.0006,-0.013589,5.083333,0.013079,0.065148,0.087048
225,116.697495,1000.0,0.925635,0.911203,0.0,0.0,0.134955,71263.0,0.140494,0.861903,0.181728,0.355198,-0.032758,0.736788,5.642226,-0.002,-0.3,-0.006,-0.125,-0.15,-0.5,0.500007,-0.018567,-0.001833,0.0,-0.085733,-0.07158,-0.024421,-0.022898,0.834139,-0.074321,-0.072006,-0.02235,-0.040333,1.818222,0.138287,-0.090868,-0.000444,-0.015247,4.875,0.010982,0.074547,0.100662
226,116.412193,995.369995,0.909476,0.902331,0.043478,0.0,0.13454,72446.0,0.146095,0.86502,0.199114,0.390527,-0.036074,0.794752,5.626993,-0.002,-0.3,-0.006,-0.125,-0.15,-0.5,0.497989,-0.018328,-0.002329,-0.000348,-0.095388,-0.072027,-0.025988,-0.023922,0.838401,-0.07641,-0.075688,-0.023587,-0.045525,1.787929,0.131897,-0.093166,-0.000568,-0.021136,4.652174,0.013013,0.071012,0.101552
227,116.903305,1000.0,0.922395,0.898726,0.0,0.0,0.13409,71484.0,0.145653,0.844054,0.199547,0.376891,-0.034418,0.762985,5.635662,-0.002,-0.3,-0.006,-0.125,-0.15,-0.5,0.500007,-0.017773,-0.002033,0.0,-0.089667,-0.071206,-0.02491,-0.023093,0.843575,-0.075738,-0.076121,-0.023462,-0.042857,1.803972,0.137986,-0.090669,-0.000616,-0.020321,5.291667,0.012782,0.082554,0.095365
228,117.063019,1000.0,0.915706,0.911858,0.0,0.0,0.133682,71364.0,0.142973,0.843923,0.189237,0.367167,-0.033635,0.749981,5.623286,-0.002,-0.3,-0.006,-0.125,-0.15,-0.5,0.500007,-0.018154,-0.001793,0.0,-0.088128,-0.07077,-0.024907,-0.023172,0.83622,-0.074196,-0.071847,-0.021467,-0.040933,1.802984,0.139166,-0.091047,-0.000475,-0.016633,4.041667,0.010493,0.073873,0.085917
229,117.123039,1000.0,0.917909,0.90226,0.0,0.0,0.133284,72050.0,0.142372,0.851151,0.185665,0.372763,-0.033498,0.764559,5.63155,-0.002,-0.3,-0.006,-0.125,-0.15,-0.5,0.500007,-0.018616,-0.002176,0.0,-0.08989,-0.069744,-0.025294,-0.023584,0.835734,-0.074025,-0.070384,-0.023196,-0.042517,1.799435,0.140678,-0.090409,-0.000454,-0.012695,4.521739,0.012336,0.082994,0.100786
230,117.498299,1000.0,0.910832,0.910656,0.0,0.0,0.132877,55618.0,0.144639,0.862063,0.204025,0.386535,-0.034953,0.78429,5.65018,-0.002,-0.3,-0.006,-0.125,-0.15,-0.5,0.500007,-0.017709,-0.002555,0.0,-0.092114,-0.070191,-0.02527,-0.023165,0.843535,-0.075269,-0.07482,-0.021884,-0.043909,1.801774,0.136108,-0.090055,-0.000571,-0.019379,4.521739,0.01032,0.066752,0.096344
231,118.794281,1000.0,0.920625,0.913115,0.0,0.0,0.13231,70668.0,0.143084,0.828767,0.199755,0.399992,-0.03545,0.808968,5.625144,-0.002,-0.3,-0.006,-0.125,-0.15,-0.5,0.500007,-0.018848,-0.002636,0.0,-0.092303,-0.069112,-0.025591,-0.023765,0.84551,-0.073421,-0.07088,-0.022745,-0.042175,1.802381,0.141734,-0.092174,-0.000633,-0.018726,3.666667,0.010725,0.066369,0.091063
232,117.820915,1000.0,0.913814,0.899783,0.0,0.0,0.131705,71325.0,0.145591,0.865461,0.195309,0.382786,-0.036071,0.773526,5.621942,-0.002,-0.3,-0.006,-0.125,-0.15,-0.5,0.500007,-0.017344,-0.0022,0.0,-0.092002,-0.069375,-0.025344,-0.023496,0.837115,-0.073472,-0.079362,-0.022853,-0.046136,1.802922,0.138084,-0.089783,-0.000498,-0.014149,3.826087,0.010544,0.063617,0.0945
233,117.857628,1000.0,0.922038,0.905972,0.0,0.0,0.131313,74008.0,0.139083,0.803095,0.190256,0.381444,-0.034382,0.763704,5.627748,-0.002,-0.3,-0.006,-0.125,-0.15,-0.5,0.500007,-0.018242,-0.002116,0.0,-0.091204,-0.067897,-0.02556,-0.023405,0.837779,-0.070901,-0.072931,-0.022166,-0.042377,1.810326,0.150518,-0.090084,-0.000427,-0.014529,4.181818,0.013768,0.067367,0.097579
234,117.298615,1000.0,0.918511,0.899401,0.0,0.0,0.130866,72790.0,0.140352,0.810668,0.191548,0.364194,-0.033182,0.755954,5.591001,-0.002,-0.3,-0.006,-0.125,-0.15,-0.5,0.500007,-0.018152,-0.001953,0.0,-0.086479,-0.067349,-0.023734,-0.022382,0.831479,-0.070488,-0.069548,-0.021066,-0.04127,1.812052,0.15113,-0.086559,-0.00054,-0.021189,3.913043,0.01088,0.068865,0.089347
235,117.629311,1000.0,0.903531,0.899256,0.0,0.0,0.13046,76260.0,0.144076,0.857361,0.199411,0.378405,-0.033471,0.77011,5.607597,-0.002,-0.3,-0.006,-0.125,-0.15,-0.5,0.500007,-0.017448,-0.002067,0.0,-0.089951,-0.067334,-0.024023,-0.022862,0.83667,-0.072365,-0.074979,-0.021419,-0.04281,1.805871,0.141619,-0.087148,-0.000408,-0.009212,3.95,0.014401,0.073104,0.101638
236,117.495697,1000.0,0.917271,0.903838,0.0,0.0,0.13011,60391.0,0.140112,0.822241,0.182116,0.362315,-0.032961,0.741477,5.608303,-0.002,-0.3,-0.006,-0.125,-0.15,-0.5,0.500007,-0.018254,-0.002041,0.0,-0.084694,-0.066546,-0.024983,-0.023288,0.827601,-0.070843,-0.069913,-0.022009,-0.039504,1.809696,0.148977,-0.087351,-0.000455,-0.009064,2.956522,0.012567,0.07554,0.095916
237,118.436401,1000.0,0.918592,0.906012,0.0,0.0,0.12992,71582.0,0.140189,0.826891,0.201023,0.391093,-0.035643,0.784009,5.614194,-0.002,-0.3,-0.006,-0.125,-0.15,-0.5,0.500007,-0.018022,-0.001897,0.0,-0.090134,-0.066915,-0.025413,-0.023218,0.835095,-0.06913,-0.070255,-0.02195,-0.043414,1.811164,0.148123,-0.088473,-0.000389,-0.014489,2.875,0.011899,0.068188,0.070605
238,118.210526,1000.0,0.907275,0.907517,0.0,0.0,0.129715,70420.0,0.144042,0.85861,0.202605,0.409247,-0.036198,0.798219,5.60081,-0.002,-0.3,-0.006,-0.125,-0.15,-0.5,0.500007,-0.018219,-0.0026,0.0,-0.094513,-0.067105,-0.026987,-0.024319,0.84198,-0.073891,-0.076045,-0.022922,-0.044524,1.795359,0.141402,-0.091747,-0.000514,-0.020256,3.708333,0.012888,0.073009,0.102437
239,118.057159,1000.0,0.915805,0.911362,0.0,0.0,0.129353,73142.0,0.140442,0.817775,0.19733,0.376505,-0.032918,0.779384,5.596199,-0.002,-0.3,-0.006,-0.125,-0.15,-0.5,0.500007,-0.01758,-0.001991,0.0,-0.085196,-0.065905,-0.023919,-0.022694,0.848008,-0.070672,-0.069679,-0.020077,-0.039886,1.804273,0.151269,-0.087104,-0.000497,-0.019176,2.869565,0.011321,0.062135,0.070498
240,118.468567,1000.0,0.91361,0.908693,0.0,0.0,0.129552,59305.0,0.136701,0.800986,0.190515,0.373194,-0.032567,0.775749,5.612858,-0.002,-0.3,-0.006,-0.125,-0.15,-0.5,0.500007,-0.01819,-0.00223,0.0,-0.086757,-0.065063,-0.024138,-0.022574,0.836835,-0.068783,-0.069839,-0.021492,-0.040339,1.816796,0.153527,-0.085064,-0.000525,-0.014183,3.75,0.014756,0.081462,0.100295
241,118.086449,1000.0,0.920739,0.911174,0.0,0.0,0.129326,52738.0,0.141686,0.788136,0.202766,0.383863,-0.034706,0.778207,5.607812,-0.002,-0.3,-0.006,-0.125,-0.15,-0.5,0.500007,-0.017692,-0.002002,0.0,-0.087192,-0.065091,-0.025231,-0.023076,0.844562,-0.067763,-0.070783,-0.022221,-0.040665,1.791211,0.15452,-0.085928,-0.0005,-0.019214,4.0,0.011874,0.07284,0.089147
242,118.304253,1000.0,0.902989,0.899268,0.0,0.0,0.128854,63712.0,0.139563,0.81582,0.202087,0.39336,-0.034685,0.785911,5.61392,-0.002,-0.3,-0.006,-0.125,-0.15,-0.5,0.500007,-0.017795,-0.002893,0.0,-0.08979,-0.064915,-0.025112,-0.023744,0.840345,-0.069616,-0.072008,-0.021589,-0.042326,1.813898,0.152375,-0.087856,-0.0007,-0.012842,2.772727,0.012182,0.064497,0.08369
243,119.031403,1000.0,0.908486,0.904388,0.0,0.0,0.128675,67538.0,0.13593,0.773633,0.187246,0.364162,-0.032469,0.758621,5.65404,-0.002,-0.3,-0.006,-0.125,-0.15,-0.5,0.500007,-0.018181,-0.002268,0.0,-0.084433,-0.063649,-0.023377,-0.022227,0.831902,-0.065758,-0.068183,-0.020245,-0.038939,1.81708,0.168315,-0.084234,-0.000528,-0.011673,3.541667,0.011393,0.073123,0.083249
244,117.877617,1000.0,0.903588,0.89994,0.0,0.0,0.128266,68596.0,0.137592,0.786301,0.189905,0.368898,-0.031771,0.759538,5.646569,-0.002,-0.3,-0.006,-0.125,-0.15,-0.5,0.500007,-0.01803,-0.002108,0.0,-0.086634,-0.06294,-0.02417,-0.022648,0.83412,-0.066778,-0.069034,-0.020381,-0.040658,1.815762,0.160864,-0.083273,-0.000526,-0.019228,3.434783,0.013289,0.081297,0.093994
245,119.417244,1000.0,0.922179,0.901275,0.0,0.0,0.127887,65119.0,0.138308,0.818191,0.206277,0.391282,-0.033815,0.801138,5.64843,-0.002,-0.3,-0.006,-0.125,-0.15,-0.5,0.500007,-0.017851,-0.002073,0.0,-0.08582,-0.062654,-0.023495,-0.021865,0.855205,-0.065404,-0.065194,-0.020433,-0.03982,1.808717,0.156517,-0.083439,-0.00039,-0.014105,3.304348,0.010784,0.062254,0.083576
246,117.743073,1000.0,0.902674,0.90845,0.0,0.0,0.127477,66687.0,0.137604,0.794201,0.197606,0.382755,-0.033914,0.77029,5.67459,-0.002,-0.3,-0.006,-0.125,-0.15,-0.5,0.500007,-0.017985,-0.003004,0.0,-0.085587,-0.062793,-0.024511,-0.022714,0.835516,-0.06617,-0.067593,-0.020662,-0.039759,1.80595,0.159003,-0.084576,-0.000663,-0.024685,3.333333,0.013516,0.07572,0.090053
247,118.761551,1000.0,0.904495,0.905897,0.0,0.0,0.12717,51770.0,0.137136,0.771956,0.204373,0.390887,-0.033427,0.791351,5.65373,-0.002,-0.3,-0.006,-0.125,-0.15,-0.5,0.500007,-0.017811,-0.002087,0.0,-0.086006,-0.062376,-0.023597,-0.02233,0.839734,-0.066056,-0.06856,-0.019862,-0.039782,1.816416,0.166117,-0.083777,-0.000543,-0.012864,3.375,0.012255,0.07885,0.096705
248,118.123482,1000.0,0.912804,0.89613,0.0,0.0,0.127227,64205.0,0.133345,0.773612,0.186862,0.358704,-0.031503,0.727095,5.633528,-0.002,-0.3,-0.006,-0.125,-0.15,-0.5,0.500007,-0.01814,-0.002279,0.0,-0.082954,-0.061544,-0.023503,-0.021956,0.827262,-0.065934,-0.067143,-0.019878,-0.03893,1.826176,0.16943,-0.081399,-0.000455,-0.013442,2.391304,0.012542,0.070616,0.111075
249,115.419159,985.549988,0.890903,0.872515,0.125,0.0,0.126953,66631.0,0.136688,0.783595,0.187625,0.35559,-0.032266,0.724694,5.637416,-0.002333,-0.3125,-0.00625,-0.130208,-0.15875,-0.529167,0.487779,-0.017243,-0.0019,-0.001444,-0.081875,-0.06032,-0.022988,-0.021565,0.815234,-0.063694,-0.066822,-0.020035,-0.038756,1.758175,0.155817,-0.079505,-0.000464,-0.012291,3.166667,0.013293,0.085573,0.135791
250,117.938072,1000.0,0.905073,0.896597,0.0,0.0,0.126388,67009.0,0.140288,0.781641,0.194075,0.373709,-0.033064,0.728982,5.581105,-0.01,-0.6,-0.012,-0.25,-0.36,-1.2,0.500007,-0.017941,-0.002339,0.0,-0.081679,-0.062082,-0.024975,-0.023306,0.820566,-0.067727,-0.073489,-0.020403,-0.037792,1.805845,0.164298,-0.085253,-0.000445,-0.012261,25.375,0.013413,0.065763,0.09882
251,119.271225,1000.0,0.91319,0.906559,0.0,0.0,0.12589,64640.0,0.13636,0.782488,0.20058,0.383792,-0.033468,0.770109,5.625754,-0.01,-0.6,-0.012,-0.25,-0.36,-1.2,0.500007,-0.020668,-0.002921,0.0,-0.083269,-0.060794,-0.023772,-0.02274,0.839068,-0.066138,-0.067587,-0.019677,-0.038689,1.816405,0.167436,-0.08537,-0.000548,-0.017765,7.166667,0.012599,0.072211,0.08359
252,119.42173,1000.0,0.919447,0.908952,0.0,0.0,0.12501,56076.0,0.133887,0.762648,0.196158,0.385542,-0.033319,0.786357,5.615568,-0.01,-0.6,-0.012,-0.25,-0.36,-1.2,0.500007,-0.0225,-0.002387,0.0,-0.084249,-0.060277,-0.023619,-0.023173,0.840986,-0.068094,-0.068786,-0.019564,-0.038569,1.818,0.173674,-0.086737,-0.000494,-0.015165,6.375,0.011403,0.068067,0.093451
253,119.3535,1000.0,0.919545,0.909871,0.0,0.0,0.124523,66226.0,0.134761,0.772604,0.202129,0.385519,-0.033172,0.777486,5.598356,-0.01,-0.6,-0.012,-0.25,-0.36,-1.2,0.500007,-0.023798,-0.002929,0.0,-0.083767,-0.059968,-0.023894,-0.023586,0.844046,-0.069425,-0.072291,-0.019916,-0.038138,1.81715,0.169221,-0.08767,-0.000589,-0.018017,5.958333,0.01333,0.075037,0.088362
254,119.036514,1000.0,0.909181,0.910099,0.0,0.0,0.124132,62145.0,0.133773,0.755627,0.202318,0.384879,-0.033006,0.796005,5.605396,-0.01,-0.6,-0.012,-0.25,-0.36,-1.2,0.500007,-0.025743,-0.002609,0.0,-0.085033,-0.059678,-0.023438,-0.024158,0.84641,-0.070045,-0.070917,-0.01971,-0.039184,1.81777,0.174913,-0.089265,-0.000548,-0.021672,6.916667,0.01325,0.072056,0.096368
255,119.614403,1000.0,0.916155,0.905064,0.0,0.0,0.123408,64864.0,0.137199,0.792926,0.2101,0.39596,-0.034041,0.786096,5.56916,-0.01,-0.6,-0.012,-0.25,-0.36,-1.2,0.500007,-0.026497,-0.002598,0.0,-0.085088,-0.059867,-0.024103,-0.024746,0.843512,-0.073303,-0.076419,-0.018932,-0.039576,1.808376,0.16595,-0.09156,-0.000548,-0.019064,6.416667,0.012943,0.073574,0.098063
256,118.781433,1000.0,0.912121,0.907742,0.0,0.0,0.12283,64852.0,0.134455,0.761108,0.209072,0.393377,-0.033883,0.798035,5.574502,-0.01,-0.6,-0.012,-0.25,-0.36,-1.2,0.500007,-0.028531,-0.002603,0.0,-0.08363,-0.059214,-0.023774,-0.024875,0.849571,-0.074409,-0.075128,-0.019189,-0.038444,1.813707,0.173718,-0.09297,-0.000537,-0.02174,5.695652,0.01305,0.064899,0.084233
257,117.965546,1000.0,0.921732,0.902966,0.0,0.0,0.121608,56375.0,0.13246,0.777579,0.188374,0.352843,-0.030392,0.7452,5.558236,-0.01,-0.6,-0.012,-0.25,-0.36,-1.2,0.500007,-0.030261,-0.001886,0.0,-0.079212,-0.058522,-0.021942,-0.02502,0.836117,-0.073964,-0.074734,-0.018871,-0.037019,1.823909,0.174672,-0.091447,-0.000595,-0.013446,6.375,0.013104,0.068045,0.093894
258,118.579689,1000.0,0.918049,0.904077,0.0,0.0,0.121029,67363.0,0.13402,0.756633,0.200838,0.381094,-0.032973,0.76377,5.559707,-0.01,-0.6,-0.012,-0.25,-0.36,-1.2,0.500007,-0.031333,-0.002329,0.0,-0.082291,-0.058691,-0.023103,-0.02515,0.835813,-0.076785,-0.078021,-0.018251,-0.039264,1.822986,0.176233,-0.094865,-0.000497,-0.014306,5.583333,0.01146,0.070259,0.092364
259,119.318062,1000.0,0.920901,0.898589,0.0,0.0,0.120272,68448.0,0.132945,0.755272,0.198241,0.373809,-0.032344,0.766455,5.563581,-0.01,-0.6,-0.012,-0.25,-0.36,-1.2,0.500007,-0.033719,-0.002823,0.0,-0.081706,-0.058277,-0.023028,-0.026411,0.833485,-0.077029,-0.079173,-0.018559,-0.038036,1.823576,0.180706,-0.096418,-0.000557,-0.012901,5.291667,0.012019,0.070316,0.105934
260,118.945503,1000.0,0.90997,0.901849,0.0,0.0,0.119514,62110.0,0.133535,0.738976,0.197065,0.38491,-0.032394,0.78509,5.554397,-0.01,-0.6,-0.012,-0.25,-0.36,-1.2,0.500007,-0.036979,-0.002913,0.0,-0.082931,-0.057487,-0.023432,-0.026904,0.836254,-0.079097,-0.077459,-0.020152,-0.038125,1.814017,0.182618,-0.098407,-0.000603,-0.017306,6.083333,0.01296,0.073643,0.102224
261,119.049103,1000.0,0.914292,0.903798,0.0,0.0,0.119135,61513.0,0.13486,0.746521,0.205741,0.393276,-0.03337,0.797383,5.554543,-0.01,-0.6,-0.012,-0.25,-0.36,-1.2,0.500007,-0.036823,-0.002786,0.0,-0.086123,-0.058012,-0.023564,-0.027763,0.843342,-0.081826,-0.084408,-0.018763,-0.039867,1.815815,0.18102,-0.100362,-0.000666,-0.017361,6.333333,0.013672,0.080444,0.090863
262,118.603149,1000.0,0.913197,0.894006,0.0,0.0,0.118567,52424.0,0.135845,0.742466,0.208368,0.391144,-0.033385,0.793123,5.486276,-0.01,-0.6,-0.012,-0.25,-0.36,-1.2,0.500007,-0.037131,-0.002858,0.0,-0.086426,-0.057854,-0.023618,-0.028294,0.848882,-0.085408,-0.087787,-0.019027,-0.041482,1.816625,0.17512,-0.101612,-0.000648,-0.019757,5.75,0.012498,0.067853,0.11393
263,118.253036,1000.0,0.920422,0.892668,0.0,0.0,0.118033,69093.0,0.134725,0.749949,0.2058,0.38286,-0.032762,0.787305,5.530178,-0.01,-0.6,-0.012,-0.25,-0.36,-1.2,0.500007,-0.040468,-0.002628,0.0,-0.082162,-0.056912,-0.023072,-0.027683,0.839211,-0.08416,-0.083214,-0.0188,-0.037851,1.818927,0.178912,-0.102115,-0.000566,-0.013121,5.227273,0.012721,0.072233,0.096914
264,117.136894,1000.0,0.903927,0.902959,0.0,0.0,0.117375,67682.0,0.135579,0.744464,0.201816,0.376062,-0.031549,0.760448,5.477754,-0.01,-0.6,-0.012,-0.25,-0.36,-1.2,0.500007,-0.041182,-0.002678,0.0,-0.080031,-0.056997,-0.022536,-0.028776,0.831036,-0.086954,-0.08822,-0.018772,-0.037701,1.816517,0.182568,-0.103447,-0.000571,-0.020367,5.416667,0.014325,0.06883,0.111209
265,118.137276,1000.0,0.915989,0.90235,0.0,0.0,0.116748,66909.0,0.130712,0.746097,0.193918,0.364522,-0.031392,0.744821,5.449636,-0.01,-0.6,-0.012,-0.25,-0.36,-1.2,0.500007,-0.043285,-0.002589,0.0,-0.079297,-0.0563,-0.02215,-0.028084,0.834975,-0.084788,-0.083467,-0.017942,-0.036815,1.834138,0.18517,-0.102897,-0.000648,-0.022002,5.375,0.012507,0.078652,0.108122
266,118.113869,1000.0,0.913773,0.896395,0.0,0.0,0.116315,61149.0,0.135868,0.770736,0.214534,0.409768,-0.03485,0.805913,5.486259,-0.01,-0.6,-0.012,-0.25,-0.36,-1.2,0.500007,-0.045006,-0.002913,0.0,-0.08633,-0.056927,-0.024335,-0.030222,0.840318,-0.091936,-0.092828,-0.019528,-0.040306,1.810761,0.174607,-0.110656,-0.000613,-0.017612,5.041667,0.012023,0.07643,0.092022
267,118.214462,1000.0,0.908694,0.905189,0.0,0.0,0.116051,65740.0,0.132225,0.754862,0.206696,0.391338,-0.032705,0.783592,5.497285,-0.01,-0.6,-0.012,-0.25,-0.36,-1.2,0.500007,-0.047038,-0.003386,0.0,-0.082674,-0.055592,-0.022871,-0.030091,0.837422,-0.088985,-0.089554,-0.018722,-0.038488,1.8249,0.18539,-0.10992,-0.000567,-0.011738,4.565217,0.013346,0.066146,0.097015
268,117.005455,995.169983,0.9022,0.891532,0.041667,0.0,0.11559,52750.0,0.133832,0.741829,0.201279,0.382373,-0.032182,0.765526,5.494624,-0.01,-0.6,-0.012,-0.25,-0.36,-1.2,0.498566,-0.047942,-0.003449,-0.000238,-0.079887,-0.055542,-0.023229,-0.030469,0.825647,-0.091034,-0.092169,-0.018207,-0.036184,1.811627,0.185348,-0.110119,-0.000667,-0.01268,5.291667,0.01509,0.073216,0.105641
269,117.870865,1000.0,0.916504,0.912068,0.0,0.0,0.114962,68196.0,0.132388,0.724066,0.202329,0.380673,-0.03211,0.765826,5.463541,-0.01,-0.6,-0.012,-0.25,-0.36,-1.2,0.500007,-0.048945,-0.003038,0.0,-0.081735,-0.055073,-0.022908,-0.030214,0.843041,-0.090754,-0.094711,-0.018375,-0.039515,1.81933,0.191551,-0.109341,-0.000738,-0.01579,4.708333,0.012373,0.07891,0.099558
270,117.555405,994.869995,0.908324,0.898758,0.041667,0.0,0.114563,68017.0,0.130298,0.705826,0.202839,0.378382,-0.032337,0.768443,5.477882,-0.01,-0.6,-0.012,-0.25,-0.36,-1.2,0.49733,-0.051353,-0.002601,-0.000417,-0.08003,-0.054314,-0.021727,-0.03002,0.834862,-0.089168,-0.0913,-0.017431,-0.038996,1.81867,0.19866,-0.110126,-0.000706,-0.019244,4.291667,0.013518,0.074893,0.09093
271,116.377869,1000.0,0.907127,0.888643,0.0,0.0,0.113889,67293.0,0.132708,0.68387,0.193643,0.360017,-0.030988,0.723282,5.482318,-0.01,-0.6,-0.012,-0.25,-0.36,-1.2,0.500007,-0.05137,-0.002738,0.0,-0.076198,-0.05456,-0.021763,-0.030202,0.822901,-0.090435,-0.095634,-0.017613,-0.037138,1.822784,0.207,-0.109214,-0.000887,-0.022846,4.227273,0.012779,0.074996,0.103333
272,117.574524,1000.0,0.921754,0.897781,0.0,0.0,0.113435,60885.0,0.131497,0.739966,0.203394,0.384372,-0.032732,0.795146,5.451166,-0.01,-0.6,-0.012,-0.25,-0.36,-1.2,0.500007,-0.055837,-0.003097,0.0,-0.079905,-0.0537,-0.02219,-0.031438,0.844976,-0.093533,-0.091757,-0.017994,-0.037109,1.819239,0.191231,-0.114202,-0.000919,-0.021077,4.166667,0.012378,0.067375,0.100008
273,117.751869,1000.0,0.90899,0.903141,0.0,0.0,0.113005,50593.0,0.130979,0.774087,0.204367,0.399244,-0.033227,0.801719,5.480838,-0.01,-0.6,-0.012,-0.25,-0.36,-1.2,0.500007,-0.058282,-0.003063,0.0,-0.082079,-0.053341,-0.02341,-0.032962,0.840028,-0.094876,-0.095795,-0.018435,-0.037803,1.819122,0.187555,-0.119183,-0.000682,-0.018905,4.166667,0.011257,0.066098,0.102719
274,116.324799,995.049988,0.911143,0.892268,0.043478,0.0,0.112636,63443.0,0.134848,0.761115,0.209544,0.395248,-0.033563,0.760279,5.523171,-0.01,-0.6,-0.012,-0.25,-0.36,-1.2,0.49821,-0.055338,-0.003317,-0.00029,-0.080125,-0.054278,-0.023209,-0.033035,0.825515,-0.099126,-0.103715,-0.017895,-0.038516,1.805784,0.190683,-0.120014,-0.000883,-0.018678,3.565217,0.012958,0.063301,0.106689
275,117.363251,1000.0,0.920449,0.905178,0.0,0.0,0.112017,69945.0,0.132414,0.703047,0.20858,0.377923,-0.031611,0.755645,5.467459,-0.01,-0.6,-0.012,-0.25,-0.36,-1.2,0.500007,-0.056517,-0.002452,0.0,-0.076594,-0.052907,-0.021712,-0.031633,0.840064,-0.097348,-0.099548,-0.017001,-0.036356,1.821565,0.204189,-0.115353,-0.000873,-0.021786,4.045455,0.011805,0.066355,0.099283
276,116.638878,1000.0,0.916748,0.89091,0.0,0.0,0.111472,74237.0,0.132166,0.71895,0.197783,0.359275,-0.029718,0.734503,5.40049,-0.01,-0.6,-0.012,-0.25,-0.36,-1.2,0.500007,-0.058842,-0.002665,0.0,-0.077221,-0.052656,-0.0213,-0.03202,0.831476,-0.097839,-0.10088,-0.017996,-0.036476,1.82326,0.203976,-0.114227,-0.00078,-0.010201,4.05,0.011576,0.068815,0.094944
277,118.164833,1000.0,0.914227,0.909699,0.0,0.0,0.110985,68927.0,0.128644,0.744844,0.207366,0.3862,-0.031841,0.804847,5.42895,-0.01,-0.6,-0.012,-0.25,-0.36,-1.2,0.500007,-0.063379,-0.002449,0.0,-0.0812,-0.051894,-0.02151,-0.033066,0.845874,-0.097361,-0.098185,-0.017688,-0.038525,1.828291,0.200643,-0.118593,-0.000697,-0.01534,3.608696,0.01206,0.063358,0.090031
278,117.145439,1000.0,0.917076,0.896125,0.0,0.0,0.110449,63074.0,0.132017,0.723007,0.200053,0.359429,-0.029568,0.727077,5.424893,-0.01,-0.6,-0.012,-0.25,-0.36,-1.2,0.500007,-0.061019,-0.002607,0.0,-0.074088,-0.052182,-0.02075,-0.032702,0.830368,-0.100707,-0.104892,-0.016223,-0.035087,1.828711,0.203641,-0.116343,-0.000849,-0.016781,2.956522,0.013021,0.075398,0.102149
279,117.400307,1000.0,0.916524,0.892979,0.0,0.0,0.110106,50111.0,0.132481,0.706797,0.208517,0.384333,-0.031615,0.782617,5.43131,-0.01,-0.6,-0.012,-0.25,-0.36,-1.2,0.500007,-0.065215,-0.002773,0.0,-0.079861,-0.051836,-0.0215,-0.033936,0.843493,-0.101292,-0.102315,-0.017002,-0.037947,1.818191,0.207698,-0.122132,-0.000666,-0.018283,3.125,0.012671,0.070342,0.108872
280,115.260948,1000.0,0.90889,0.907612,0.0,0.0,0.109902,63917.0,0.130719,0.74342,0.203254,0.375669,-0.031248,0.733167,5.406106,-0.01,-0.6,-0.012,-0.25,-0.36,-1.2,0.500007,-0.067449,-0.00321,0.0,-0.074761,-0.051561,-0.021926,-0.03442,0.832119,-0.105172,-0.1038,-0.01688,-0.034685,1.817774,0.198383,-0.123881,-0.000634,-0.016237,3.458333,0.010608,0.069062,0.066989
281,115.842484,1000.0,0.904507,0.893906,0.0,0.0,0.109483,68474.0,0.126109,0.697253,0.188056,0.352778,-0.028183,0.731736,5.413025,-0.01,-0.6,-0.012,-0.25,-0.36,-1.2,0.500007,-0.070575,-0.002657,0.0,-0.07192,-0.050507,-0.020444,-0.033872,0.81349,-0.100395,-0.100601,-0.017704,-0.03411,1.836428,0.218396,-0.119851,-0.000917,-0.012624,3.217391,0.012448,0.069526,0.106457
282,116.182968,1000.0,0.913336,0.897897,0.0,0.0,0.108893,67617.0,0.130739,0.68026,0.20759,0.380088,-0.031495,0.76432,5.396915,-0.01,-0.6,-0.012,-0.25,-0.36,-1.2,0.500007,-0.07003,-0.002541,0.0,-0.07639,-0.050749,-0.021313,-0.035262,0.837026,-0.106224,-0.103074,-0.017551,-0.036098,1.8219,0.215762,-0.124651,-0.000876,-0.020313,3.375,0.01003,0.074335,0.084534
283,115.531075,1000.0,0.916794,0.893773,0.0,0.0,0.108669,63266.0,0.126881,0.701445,0.18719,0.356376,-0.02921,0.718211,5.448511,-0.01,-0.6,-0.012,-0.25,-0.36,-1.2,0.500007,-0.072725,-0.003241,0.0,-0.070696,-0.049928,-0.02075,-0.034848,0.818923,-0.103203,-0.102424,-0.016212,-0.031788,1.837619,0.222817,-0.125074,-0.000641,-0.018664,4.041667,0.010562,0.074685,0.084244
284,115.511742,1000.0,0.914514,0.892181,0.0,0.0,0.108574,52102.0,0.128876,0.685948,0.198667,0.378679,-0.031661,0.739404,5.427351,-0.01,-0.6,-0.012,-0.25,-0.36,-1.2,0.500007,-0.076379,-0.003031,0.0,-0.07186,-0.049943,-0.02218,-0.036748,0.818546,-0.105993,-0.099907,-0.017095,-0.031882,1.820796,0.219316,-0.130608,-0.000708,-0.009919,2.590909,0.009257,0.070841,0.090866
285,116.74472,1000.0,0.917035,0.896182,0.0,0.0,0.107965,62826.0,0.12899,0.728032,0.206359,0.389142,-0.031298,0.783247,5.417051,-0.01,-0.6,-0.012,-0.25,-0.36,-1.2,0.500007,-0.077895,-0.002906,0.0,-0.077532,-0.049472,-0.021376,-0.036979,0.841475,-0.109502,-0.105906,-0.016344,-0.034861,1.822761,0.207691,-0.131789,-0.00073,-0.014893,3.782609,0.011499,0.064143,0.093896
286,117.440529,1000.0,0.911372,0.899764,0.0,0.0,0.107417,68363.0,0.128918,0.731792,0.204536,0.377285,-0.03075,0.777548,5.418761,-0.01,-0.6,-0.012,-0.25,-0.36,-1.2,0.500007,-0.07682,-0.003185,0.0,-0.075445,-0.049144,-0.021013,-0.036612,0.846142,-0.109633,-0.110877,-0.016444,-0.035791,1.830993,0.21154,-0.128877,-0.000758,-0.012532,3.625,0.011151,0.070867,0.08764
287,115.316612,1000.0,0.911017,0.89517,0.0,0.0,0.107172,72971.0,0.129369,0.72672,0.200739,0.385528,-0.032467,0.761154,5.419048,-0.01,-0.6,-0.012,-0.25,-0.36,-1.2,0.500007,-0.080505,-0.003884,0.0,-0.077066,-0.049363,-0.022576,-0.038817,0.831345,-0.11271,-0.11201,-0.017043,-0.035798,1.817774,0.21032,-0.136454,-0.0009,-0.017065,3.086957,0.011536,0.079394,0.099495
288,115.589211,1000.0,0.910293,0.899109,0.0,0.0,0.106717,70056.0,0.129687,0.677697,0.202119,0.371107,-0.030804,0.738303,5.392259,-0.01,-0.6,-0.012,-0.25,-0.36,-1.2,0.500007,-0.076355,-0.003178,0.0,-0.072921,-0.048871,-0.020636,-0.037696,0.828564,-0.111141,-0.118181,-0.015873,-0.035713,1.828418,0.224789,-0.131372,-0.000914,-0.020574,3.375,0.012732,0.074728,0.09456
289,116.12851,1000.0,0.900818,0.899783,0.0,0.0,0.106147,71896.0,0.12961,0.67945,0.213049,0.372296,-0.029502,0.767216,5.389661,-0.01,-0.6,-0.012,-0.25,-0.36,-1.2,0.500007,-0.077437,-0.00265,0.0,-0.0748,-0.04796,-0.019977,-0.036781,0.83196,-0.111019,-0.116971,-0.015116,-0.035221,1.834175,0.222246,-0.128371,-0.000889,-0.012865,3.347826,0.013441,0.08036,0.087843
290,116.23336,1000.0,0.90982,0.90551,0.0,0.0,0.105955,56012.0,0.125276,0.666144,0.209481,0.375618,-0.029705,0.752229,5.393775,-0.01,-0.6,-0.012,-0.25,-0.36,-1.2,0.500007,-0.080292,-0.003259,0.0,-0.070545,-0.047784,-0.020407,-0.038053,0.828244,-0.11254,-0.112831,-0.015691,-0.032437,1.833794,0.231754,-0.133177,-0.000676,-0.0136,2.875,0.011402,0.073306,0.087809
291,116.403038,1000.0,0.901344,0.904951,0.0,0.0,0.105698,70085.0,0.132432,0.664697,0.217985,0.401524,-0.032182,0.790034,5.391631,-0.01,-0.6,-0.012,-0.25,-0.36,-1.2,0.500007,-0.084098,-0.003595,0.0,-0.078215,-0.04818,-0.02233,-0.040269,0.839639,-0.119668,-0.122543,-0.017068,-0.036956,1.822328,0.222917,-0.138246,-0.000986,-0.017606,24.833334,0.012975,0.071073,0.091332
292,116.485306,1000.0,0.915936,0.898503,0.0,0.0,0.105152,69359.0,0.125623,0.662726,0.202779,0.379017,-0.030207,0.767833,5.375233,-0.01,-0.6,-0.012,-0.25,-0.36,-1.2,0.500007,-0.088253,-0.002991,0.0,-0.073837,-0.046869,-0.020747,-0.039,0.827316,-0.109385,-0.111145,-0.016203,-0.033396,1.82659,0.236173,-0.135606,-0.000902,-0.018427,4.375,0.013751,0.0705,0.10192
293,117.148155,1000.0,0.914364,0.899996,0.0,0.0,0.104398,69550.0,0.128771,0.666,0.216092,0.390972,-0.031055,0.779144,5.415324,-0.01,-0.6,-0.012,-0.25,-0.36,-1.2,0.500007,-0.084337,-0.002954,0.0,-0.073539,-0.047181,-0.021122,-0.038826,0.837706,-0.114451,-0.114731,-0.015789,-0.032978,1.820174,0.231614,-0.136171,-0.000937,-0.02234,7.166667,0.012106,0.075223,0.099107
294,117.382805,1000.0,0.918498,0.907167,0.0,0.0,0.104355,68880.0,0.127183,0.66158,0.202234,0.3714,-0.030294,0.767745,5.371263,-0.01,-0.6,-0.012,-0.25,-0.36,-1.2,0.500007,-0.085102,-0.002607,0.0,-0.072428,-0.04629,-0.020019,-0.037995,0.83719,-0.111278,-0.111924,-0.015809,-0.033493,1.829156,0.232977,-0.132405,-0.00097,-0.020493,6.125,0.012796,0.068313,0.09457
295,116.149353,1000.0,0.909175,0.903597,0.041667,0.0,0.10394,56242.0,0.125855,0.707332,0.200267,0.373818,-0.030321,0.766256,5.380508,-0.01,-0.6,-0.012,-0.25,-0.36,-1.2,0.497483,-0.086776,-0.002717,-0.000208,-0.072274,-0.045754,-0.020043,-0.038328,0.829913,-0.108072,-0.108503,-0.015854,-0.033618,1.822249,0.226066,-0.132087,-0.000848,-0.013961,6.541667,0.014169,0.06995,0.093363
296,116.500618,1000.0,0.904299,0.901114,0.0,0.0,0.103706,69350.0,0.127644,0.678396,0.207988,0.378849,-0.030409,0.782282,5.369334,-0.01,-0.6,-0.012,-0.25,-0.36,-1.2,0.500007,-0.084483,-0.003139,0.0,-0.073636,-0.045777,-0.020318,-0.03862,0.837382,-0.110752,-0.114112,-0.015703,-0.034151,1.827229,0.229843,-0.13128,-0.000927,-0.015725,6.791667,0.012381,0.075018,0.090703
297,117.046982,1000.0,0.910764,0.902694,0.0,0.0,0.103361,69621.0,0.129165,0.690926,0.214629,0.388642,-0.031752,0.780339,5.372639,-0.01,-0.6,-0.012,-0.25,-0.36,-1.2,0.500007,-0.082116,-0.003265,0.0,-0.076485,-0.046009,-0.021321,-0.039711,0.840486,-0.113004,-0.120666,-0.015959,-0.036613,1.825325,0.226963,-0.133547,-0.000893,-0.01444,6.125,0.012447,0.076125,0.10596
298,116.969315,1000.0,0.917781,0.901087,0.0,0.0,0.102829,70885.0,0.129633,0.675491,0.213584,0.386032,-0.03144,0.770578,5.415681,-0.01,-0.6,-0.012,-0.25,-0.36,-1.2,0.500007,-0.081713,-0.003139,0.0,-0.074288,-0.045773,-0.020672,-0.038887,0.830991,-0.112121,-0.119529,-0.015922,-0.034779,1.827368,0.23321,-0.133083,-0.000945,-0.020317,5.652174,0.013044,0.073349,0.096098
299,116.767677,1000.0,0.917429,0.895976,0.0,0.0,0.102454,70615.0,0.126983,0.660947,0.199811,0.381907,-0.030994,0.764355,5.419987,-0.01,-0.6,-0.012,-0.25,-0.36,-1.2,0.500007,-0.087676,-0.002901,0.0,-0.074633,-0.045108,-0.02075,-0.038967,0.827649,-0.108149,-0.109489,-0.015788,-0.034596,1.825978,0.239212,-0.134153,-0.001077,-0.018643,6.166667,0.013615,0.07429,0.101184
300,117.909355,1000.0,0.914134,0.904788,0.0,0.0,0.102226,67018.0,0.128972,0.675352,0.219548,0.397784,-0.032042,0.806464,5.382998,-0.01,-0.6,-0.012,-0.25,-0.36,-1.2,0.500007,-0.083862,-0.00297,0.0,-0.075848,-0.045012,-0.0211,-0.038243,0.845661,-0.110266,-0.117014,-0.015436,-0.035395,1.821203,0.234763,-0.132881,-0.000842,-0.019343,5.375,0.012812,0.075098,0.078798
301,116.965279,1000.0,0.908853,0.892961,0.0,0.0,0.101828,53703.0,0.126214,0.668437,0.205886,0.366231,-0.028744,0.762577,5.377045,-0.01,-0.6,-0.012,-0.25,-0.36,-1.2,0.500007,-0.082022,-0.002467,0.0,-0.07028,-0.044398,-0.019319,-0.037145,0.833042,-0.10812,-0.112449,-0.014116,-0.031922,1.829082,0.239852,-0.125999,-0.001036,-0.018795,5.875,0.012801,0.072232,0.086092
302,117.447319,1000.0,0.912942,0.896222,0.0,0.0,0.101657,65231.0,0.126775,0.670461,0.209585,0.371696,-0.030289,0.748178,5.331522,-0.01,-0.6,-0.012,-0.25,-0.36,-1.2,0.500007,-0.081358,-0.00239,0.0,-0.07151,-0.044278,-0.019877,-0.038073,0.833516,-0.105802,-0.113034,-0.01503,-0.033354,1.831409,0.239742,-0.127859,-0.000844,-0.020873,6.041667,0.011385,0.073681,0.086937
303,117.622971,1000.0,0.92153,0.902322,0.0,0.0,0.10129,60918.0,0.12446,0.653352,0.205912,0.366251,-0.029552,0.757711,5.330306,-0.01,-0.6,-0.012,-0.25,-0.36,-1.2,0.500007,-0.083245,-0.002294,0.0,-0.070229,-0.043483,-0.019302,-0.037101,0.838341,-0.102499,-0.108115,-0.01498,-0.032259,1.831918,0.24873,-0.125296,-0.000964,-0.024334,6.583333,0.01198,0.067431,0.087519
304,117.786285,1000.0,0.917871,0.903988,0.0,0.0,0.101132,64218.0,0.125128,0.68325,0.206108,0.383528,-0.030388,0.749475,5.37113,-0.01,-0.6,-0.012,-0.25,-0.36,-1.2,0.500007,-0.08279,-0.002836,0.0,-0.070083,-0.043539,-0.020487,-0.037975,0.826513,-0.105021,-0.112947,-0.01542,-0.032121,1.835478,0.239581,-0.129065,-0.0007,-0.011609,5.041667,0.013025,0.078761,0.091212
305,118.165184,1000.0,0.917637,0.89874,0.0,0.0,0.100936,67309.0,0.12539,0.681143,0.20799,0.373801,-0.029944,0.777873,5.331853,-0.01,-0.6,-0.012,-0.25,-0.36,-1.2,0.500007,-0.083695,-0.002071,0.0,-0.072497,-0.043172,-0.019483,-0.037724,0.840703,-0.10278,-0.107756,-0.014912,-0.033693,1.82989,0.242053,-0.125853,-0.000732,-0.018444,5.227273,0.012136,0.06712,0.101921
306,117.219627,1000.0,0.909427,0.898687,0.0,0.0,0.100688,51708.0,0.12734,0.69186,0.209993,0.384028,-0.031266,0.763281,5.337167,-0.01,-0.6,-0.012,-0.25,-0.36,-1.2,0.500007,-0.083681,-0.002779,0.0,-0.07452,-0.043615,-0.021059,-0.039094,0.830826,-0.105675,-0.112599,-0.016103,-0.034749,1.82322,0.236101,-0.129926,-0.000825,-0.015399,5.708333,0.014619,0.068028,0.0914
307,117.421097,1000.0,0.903891,0.900191,0.0,0.0,0.100472,60936.0,0.125443,0.667264,0.207639,0.362794,-0.028944,0.740171,5.358852,-0.01,-0.6,-0.012,-0.25,-0.36,-1.2,0.500007,-0.080334,-0.002261,0.0,-0.06779,-0.042579,-0.018958,-0.036819,0.829202,-0.102295,-0.111203,-0.014446,-0.032137,1.834941,0.248239,-0.122136,-0.000863,-0.016577,4.875,0.013152,0.073003,0.091749
308,119.527061,1000.0,0.919751,0.911342,0.0,0.0,0.100356,60985.0,0.124663,0.64749,0.21892,0.384982,-0.029373,0.787979,5.34676,-0.01,-0.6,-0.012,-0.25,-0.36,-1.2,0.500007,-0.082521,-0.00264,0.0,-0.070107,-0.042116,-0.019239,-0.036647,0.836956,-0.098019,-0.108244,-0.013991,-0.030547,1.830554,0.253264,-0.123824,-0.001012,-0.016544,5.541667,0.011884,0.06981,0.10454
309,118.54129,1000.0,0.920712,0.893474,0.0,0.0,0.100124,66426.0,0.127535,0.625429,0.217003,0.386648,-0.031277,0.789552,5.316793,-0.01,-0.6,-0.012,-0.25,-0.36,-1.2,0.500007,-0.082313,-0.002692,0.0,-0.074154,-0.042468,-0.02024,-0.037664,0.839888,-0.102392,-0.111165,-0.015004,-0.034912,1.82318,0.254988,-0.126371,-0.001068,-0.021923,4.0,0.012363,0.075728,0.105985
310,117.021667,1000.0,0.906556,0.892663,0.0,0.0,0.099911,60487.0,0.125649,0.634848,0.202282,0.362584,-0.028804,0.751937,5.297421,-0.01,-0.6,-0.012,-0.25,-0.36,-1.2,0.500007,-0.084749,-0.002772,0.0,-0.069586,-0.041872,-0.019403,-0.037158,0.828035,-0.099543,-0.106893,-0.015175,-0.033577,1.825482,0.259417,-0.121975,-0.001055,-0.017899,5.583333,0.013085,0.07317,0.101028
311,116.939819,1000.0,0.912797,0.894234,0.0,0.0,0.099598,56503.0,0.123744,0.6661,0.193775,0.361296,-0.028815,0.735081,5.256025,-0.01,-0.6,-0.012,-0.25,-0.36,-1.2,0.500007,-0.083151,-0.002619,0.0,-0.069307,-0.0423,-0.019555,-0.037208,0.81556,-0.100149,-0.109451,-0.014121,-0.030978,1.83008,0.253903,-0.127033,-0.000864,-0.016401,4.25,0.012875,0.066661,0.095859
312,118.182556,1000.0,0.90744,0.897935,0.0,0.0,0.099522,70529.0,0.125392,0.641316,0.209957,0.382486,-0.030878,0.769139,5.275167,-0.01,-0.6,-0.012,-0.25,-0.36,-1.2,0.500007,-0.085094,-0.00284,0.0,-0.072124,-0.041938,-0.020437,-0.03771,0.834686,-0.10118,-0.107926,-0.015269,-0.033658,1.829709,0.254924,-0.125553,-0.000703,-0.016659,4.541667,0.013381,0.058771,0.104967
313,118.77372,1000.0,0.915912,0.893653,0.0,0.0,0.0992,73943.0,0.123541,0.634697,0.210454,0.373666,-0.029433,0.773477,5.248699,-0.01,-0.6,-0.012,-0.25,-0.36,-1.2,0.500007,-0.081504,-0.001973,0.0,-0.070529,-0.041408,-0.018805,-0.036595,0.835487,-0.098197,-0.107886,-0.013713,-0.032671,1.837642,0.259845,-0.121897,-0.001197,-0.023201,4.318182,0.011533,0.069876,0.089225
314,118.905304,1000.0,0.909954,0.9052,0.0,0.0,0.098807,70548.0,0.128264,0.646096,0.220128,0.393081,-0.030821,0.790745,5.288703,-0.01,-0.6,-0.012,-0.25,-0.36,-1.2,0.500007,-0.08144,-0.002721,0.0,-0.072105,-0.041412,-0.019918,-0.037193,0.833829,-0.101515,-0.112213,-0.014982,-0.034208,1.824777,0.253576,-0.124626,-0.000828,-0.022835,4.0,0.013179,0.065197,0.086827
315,118.395927,1000.0,0.90049,0.896799,0.0,0.0,0.098382,69421.0,0.125778,0.634699,0.215043,0.378204,-0.02973,0.767829,5.287275,-0.01,-0.6,-0.012,-0.25,-0.36,-1.2,0.500007,-0.079912,-0.002945,0.0,-0.069605,-0.041185,-0.019494,-0.036985,0.834057,-0.097413,-0.10859,-0.0138,-0.032162,1.833986,0.259356,-0.122053,-0.000819,-0.01147,3.958333,0.013057,0.083714,0.098322
316,117.249214,1000.0,0.911863,0.898769,0.0,0.0,0.098027,69981.0,0.122654,0.642129,0.20756,0.354155,-0.028181,0.735468,5.304181,-0.01,-0.6,-0.012,-0.25,-0.36,-1.2,0.500007,-0.081604,-0.00211,0.0,-0.066135,-0.040099,-0.017641,-0.034221,0.83086,-0.093343,-0.101341,-0.01304,-0.030888,1.836373,0.265195,-0.11568,-0.000926,-0.025833,3.772727,0.010821,0.064122,0.102571
317,118.214363,1000.0,0.906432,0.892849,0.0,0.0,0.09789,56611.0,0.124657,0.691317,0.213092,0.366191,-0.029494,0.75019,5.303527,-0.01,-0.6,-0.012,-0.25,-0.36,-1.2,0.500007,-0.079276,-0.002261,0.0,-0.068569,-0.040391,-0.018955,-0.035976,0.832282,-0.096245,-0.105767,-0.013654,-0.031761,1.828786,0.251189,-0.118583,-0.000821,-0.018472,4.0,0.013932,0.072449,0.098457
318,118.625282,1000.0,0.913275,0.889824,0.0,0.0,0.097619,78202.0,0.128654,0.630877,0.216473,0.38713,-0.030902,0.775256,5.307015,-0.01,-0.6,-0.012,-0.25,-0.36,-1.2,0.500007,-0.078853,-0.00235,0.0,-0.071673,-0.040916,-0.020073,-0.038063,0.832041,-0.099091,-0.11142,-0.014184,-0.031902,1.822043,0.261729,-0.124101,-0.00083,-0.016547,4.052631,0.013057,0.077733,0.085637
319,119.299133,1000.0,0.898311,0.895291,0.0,0.0,0.097411,72546.0,0.123144,0.681331,0.220106,0.390951,-0.030747,0.810444,5.316448,-0.01,-0.6,-0.012,-0.25,-0.36,-1.2,0.500007,-0.085245,-0.002775,0.0,-0.0739,-0.040217,-0.019703,-0.037743,0.846363,-0.094487,-0.103472,-0.015224,-0.034095,1.834433,0.254256,-0.124093,-0.000777,-0.014382,3.217391,0.01296,0.075413,0.102104
320,119.4869,1000.0,0.920977,0.897165,0.0,0.0,0.097225,70989.0,0.124741,0.656871,0.221818,0.38648,-0.030688,0.770852,5.299112,-0.01,-0.6,-0.012,-0.25,-0.36,-1.2,0.500007,-0.079431,-0.002734,0.0,-0.069676,-0.040404,-0.019988,-0.036592,0.835384,-0.09548,-0.107344,-0.014216,-0.031559,1.833766,0.264225,-0.121205,-0.001003,-0.0189,3.083333,0.011294,0.080346,0.084366
321,118.752312,1000.0,0.898276,0.893191,0.0,0.0,0.096985,70737.0,0.127251,0.634285,0.213609,0.393832,-0.031297,0.800665,5.27859,-0.01,-0.6,-0.012,-0.25,-0.36,-1.2,0.500007,-0.084443,-0.001995,0.0,-0.072871,-0.039913,-0.020033,-0.03848,0.830135,-0.094714,-0.104404,-0.015337,-0.035341,1.815071,0.267786,-0.12399,-0.000909,-0.019604,3.291667,0.012828,0.072254,0.096729
322,119.170898,1000.0,0.903999,0.900512,0.0,0.0,0.096614,72287.0,0.12211,0.631254,0.214719,0.378176,-0.029306,0.781137,5.320143,-0.01,-0.6,-0.012,-0.25,-0.36,-1.2,0.500007,-0.082037,-0.002095,0.0,-0.068942,-0.039319,-0.018622,-0.03661,0.838328,-0.090059,-0.100761,-0.013162,-0.031361,1.839344,0.274545,-0.119415,-0.00118,-0.023848,3.478261,0.013816,0.068789,0.099874
323,118.230736,1000.0,0.90061,0.894192,0.0,0.0,0.096559,55642.0,0.123672,0.602818,0.214219,0.373717,-0.029885,0.755989,5.283298,-0.01,-0.6,-0.012,-0.25,-0.36,-1.2,0.500007,-0.079726,-0.00267,0.0,-0.068792,-0.039517,-0.018712,-0.035053,0.830908,-0.092415,-0.10884,-0.01339,-0.032375,1.831647,0.282268,-0.118517,-0.000881,-0.023933,3.375,0.013227,0.064383,0.096005
324,119.060745,1000.0,0.910389,0.88382,0.0,0.0,0.096189,70804.0,0.122762,0.6692,0.212189,0.381088,-0.029727,0.787832,5.257623,-0.01,-0.6,-0.012,-0.25,-0.36,-1.2,0.500007,-0.083854,-0.002327,0.0,-0.070412,-0.039124,-0.018971,-0.036189,0.83862,-0.095593,-0.102026,-0.013721,-0.032852,1.83261,0.259515,-0.120384,-0.000876,-0.019184,3.75,0.011525,0.072187,0.108417
325,119.39624,1000.0,0.897034,0.894795,0.0,0.0,0.095952,72377.0,0.124457,0.602395,0.218034,0.398567,-0.030503,0.791603,5.275872,-0.01,-0.6,-0.012,-0.25,-0.36,-1.2,0.500007,-0.081412,-0.002928,0.0,-0.069798,-0.038844,-0.019251,-0.036661,0.824038,-0.090653,-0.105734,-0.013944,-0.031066,1.834182,0.278194,-0.121431,-0.000905,-0.017314,3.26087,0.012883,0.07092,0.080903
326,119.258522,1000.0,0.91735,0.886439,0.0,0.0,0.095793,71965.0,0.12675,0.628454,0.219102,0.389553,-0.03109,0.801773,5.259166,-0.01,-0.6,-0.012,-0.25,-0.36,-1.2,0.500007,-0.08239,-0.002407,0.0,-0.070581,-0.039022,-0.020014,-0.036473,0.840685,-0.093347,-0.102108,-0.014108,-0.032178,1.818113,0.26898,-0.120254,-0.000991,-0.021299,3.173913,0.011246,0.079074,0.098876
327,119.414444,1000.0,0.916924,0.888944,0.0,0.0,0.095846,72230.0,0.120369,0.59104,0.207389,0.352749,-0.027104,0.746114,5.277058,-0.01,-0.6,-0.012,-0.25,-0.36,-1.2,0.500007,-0.08054,-0.002556,0.0,-0.063473,-0.03788,-0.017394,-0.033478,0.838577,-0.088105,-0.101632,-0.01256,-0.028568,1.84289,0.293433,-0.111314,-0.00084,-0.01852,3.521739,0.012021,0.068623,0.103341
328,118.338646,1000.0,0.917421,0.896411,0.0,0.0,0.095355,72698.0,0.120218,0.653559,0.207882,0.371535,-0.02904,0.776639,5.276016,-0.01,-0.6,-0.012,-0.25,-0.36,-1.2,0.500007,-0.083679,-0.002382,0.0,-0.06638,-0.037694,-0.018584,-0.034976,0.834073,-0.086137,-0.098449,-0.013427,-0.031,1.837242,0.271095,-0.114209,-0.00059,-0.011021,3.478261,0.011131,0.074006,0.104107
329,120.250107,1000.0,0.918929,0.883689,0.0,0.0,0.095279,55588.0,0.123299,0.627112,0.223574,0.383291,-0.030275,0.798421,5.252567,-0.01,-0.6,-0.012,-0.25,-0.36,-1.2,0.500007,-0.08208,-0.001973,0.0,-0.067236,-0.037671,-0.018139,-0.034666,0.84561,-0.088222,-0.097847,-0.013265,-0.031384,1.836161,0.279276,-0.114623,-0.000847,-0.027398,3.375,0.010926,0.074261,0.113907
330,120.242828,1000.0,0.91844,0.899594,0.0,0.0,0.095101,71387.0,0.124103,0.595187,0.221898,0.384404,-0.029948,0.783908,5.235442,-0.01,-0.6,-0.012,-0.25,-0.36,-1.2,0.500007,-0.078673,-0.002301,0.0,-0.067312,-0.038313,-0.018831,-0.035887,0.841403,-0.088743,-0.103772,-0.013001,-0.030837,1.829391,0.287382,-0.116063,-0.00089,-0.024935,3.416667,0.010765,0.076677,0.098845
331,121.266273,1000.0,0.929752,0.898765,0.0,0.0,0.094754,71830.0,0.121783,0.629529,0.21957,0.383601,-0.029032,0.803452,5.191189,-0.01,-0.6,-0.012,-0.25,-0.36,-1.2,0.500007,-0.084248,-0.002405,0.0,-0.067015,-0.037234,-0.018486,-0.034253,0.845631,-0.087167,-0.092099,-0.013458,-0.028533,1.830971,0.278178,-0.116751,-0.000696,-0.012205,2.695652,0.012035,0.07476,0.109228
332,120.600143,1000.0,0.906868,0.892678,0.0,0.0,0.094259,70892.0,0.127192,0.623309,0.225856,0.400148,-0.031908,0.790143,5.204988,-0.01,-0.6,-0.012,-0.25,-0.36,-1.2,0.500007,-0.077241,-0.002742,0.0,-0.070331,-0.03821,-0.020163,-0.036963,0.837272,-0.092184,-0.112065,-0.014032,-0.033373,1.820134,0.275383,-0.118238,-0.000654,-0.00955,3.166667,0.01374,0.071046,0.089772
333,119.971764,1000.0,0.904861,0.892119,0.0,0.0,0.093898,70734.0,0.126436,0.626438,0.224619,0.395371,-0.031027,0.810386,5.233039,-0.01,-0.6,-0.012,-0.25,-0.36,-1.2,0.500007,-0.080114,-0.002931,0.0,-0.07107,-0.038208,-0.019427,-0.036777,0.844128,-0.089302,-0.103872,-0.013919,-0.03298,1.821544,0.277187,-0.119011,-0.000831,-0.023499,24.875,0.013125,0.068946,0.107943
334,120.671852,1000.0,0.913505,0.893748,0.0,0.0,0.093732,70886.0,0.123889,0.607089,0.226701,0.407922,-0.032034,0.82,5.219963,-0.01,-0.6,-0.012,-0.25,-0.36,-1.2,0.500007,-0.083219,-0.003423,0.0,-0.072193,-0.037422,-0.019941,-0.036902,0.842854,-0.087763,-0.100777,-0.014279,-0.031854,1.83312,0.283006,-0.120864,-0.000888,-0.029699,5.625,0.012935,0.072639,0.094952
335,119.741287,1000.0,0.920265,0.897264,0.0,0.0,0.093205,55336.0,0.118665,0.603217,0.208706,0.368044,-0.028753,0.765134,5.220975,-0.01,-0.6,-0.012,-0.25,-0.36,-1.2,0.500007,-0.081905,-0.002056,0.0,-0.065857,-0.037132,-0.018659,-0.035207,0.830161,-0.085309,-0.096983,-0.013776,-0.029278,1.837437,0.290656,-0.113799,-0.000711,-0.019346,6.958333,0.012033,0.07305,0.096084
336,120.720482,1000.0,0.922301,0.900889,0.0,0.0,0.092733,70983.0,0.121601,0.596444,0.210559,0.368098,-0.028972,0.765877,5.241716,-0.01,-0.6,-0.012,-0.25,-0.36,-1.2,0.500007,-0.080699,-0.002361,0.0,-0.066758,-0.036925,-0.01818,-0.03506,0.837171,-0.084971,-0.099944,-0.013082,-0.030317,1.8358,0.293716,-0.113159,-0.000761,-0.019823,6.083333,0.013265,0.072606,0.108763
337,120.20681,1000.0,0.911594,0.899413,0.0,0.0,0.092378,70781.0,0.11963,0.594774,0.213588,0.376978,-0.028649,0.772745,5.235605,-0.01,-0.6,-0.012,-0.25,-0.36,-1.2,0.500007,-0.081367,-0.002355,0.0,-0.065433,-0.03684,-0.01867,-0.035139,0.831412,-0.085212,-0.098821,-0.013052,-0.029266,1.840627,0.295268,-0.113285,-0.000949,-0.022866,6.333333,0.012339,0.075013,0.090624
338,119.727257,1000.0,0.910467,0.897484,0.0,0.0,0.091967,70970.0,0.121188,0.613151,0.211375,0.379715,-0.02972,0.772367,5.2192,-0.01,-0.6,-0.012,-0.25,-0.36,-1.2,0.500007,-0.082931,-0.002538,0.0,-0.068765,-0.03671,-0.018773,-0.035628,0.835862,-0.086165,-0.098399,-0.013629,-0.031696,1.834234,0.286002,-0.115899,-0.000867,-0.01879,6.833333,0.013529,0.080387,0.10526
339,120.391655,1000.0,0.916239,0.904655,0.0,0.0,0.09168,70806.0,0.122318,0.603111,0.212243,0.381352,-0.029733,0.773741,5.174505,-0.01,-0.6,-0.012,-0.25,-0.36,-1.2,0.500007,-0.081854,-0.002375,0.0,-0.067469,-0.036873,-0.019024,-0.035469,0.832825,-0.085002,-0.099895,-0.013255,-0.030043,1.82774,0.29294,-0.115912,-0.0008,-0.018606,6.291667,0.012505,0.071821,0.091342
340,119.597908,1000.0,0.916408,0.89916,0.0,0.0,0.091505,72311.0,0.116524,0.590961,0.193932,0.343685,-0.027134,0.732286,5.205626,-0.01,-0.6,-0.012,-0.25,-0.36,-1.2,0.500007,-0.082912,-0.001913,0.0,-0.063495,-0.035865,-0.017108,-0.033646,0.828668,-0.081001,-0.094181,-0.012852,-0.030147,1.848068,0.300668,-0.107457,-0.000689,-0.01498,6.0,0.01354,0.074591,0.100153
341,118.311989,1000.0,0.910903,0.896813,0.0,0.0,0.091249,55204.0,0.115607,0.565937,0.189484,0.341894,-0.026689,0.711349,5.233526,-0.01,-0.6,-0.012,-0.25,-0.36,-1.2,0.500007,-0.082803,-0.001781,0.0,-0.061267,-0.035856,-0.017508,-0.034335,0.815501,-0.080809,-0.093643,-0.012539,-0.028151,1.848136,0.312413,-0.108293,-0.000873,-0.019764,6.083333,0.012561,0.069996,0.09938
342,120.655182,1000.0,0.911849,0.894668,0.0,0.0,0.09118,71334.0,0.122291,0.590831,0.215721,0.370691,-0.028645,0.773649,5.210599,-0.01,-0.6,-0.012,-0.25,-0.36,-1.2,0.500007,-0.078677,-0.001911,0.0,-0.065309,-0.035939,-0.017866,-0.03397,0.832236,-0.083482,-0.099227,-0.012751,-0.029703,1.82776,0.297772,-0.109931,-0.00081,-0.021765,4.791667,0.013276,0.076898,0.093275
343,119.55619,1000.0,0.910223,0.899627,0.0,0.0,0.090726,70325.0,0.123126,0.580356,0.215582,0.386881,-0.030519,0.794027,5.184503,-0.01,-0.6,-0.012,-0.25,-0.36,-1.2,0.500007,-0.08306,-0.002658,0.0,-0.06923,-0.036101,-0.019027,-0.035836,0.83746,-0.083427,-0.100752,-0.013659,-0.03174,1.828485,0.299826,-0.114663,-0.000708,-0.025211,6.125,0.012334,0.06867,0.088217
344,120.36557,1000.0,0.910057,0.900117,0.0,0.0,0.090622,70790.0,0.117615,0.59035,0.207667,0.358888,-0.027554,0.756834,5.223336,-0.01,-0.6,-0.012,-0.25,-0.36,-1.2,0.500007,-0.080141,-0.002339,0.0,-0.064435,-0.035477,-0.017577,-0.034179,0.833228,-0.082039,-0.096361,-0.012852,-0.029773,1.847036,0.302772,-0.107957,-0.000667,-0.019258,6.041667,0.012565,0.063859,0.091034
345,120.630455,1000.0,0.915324,0.9003,0.0,0.0,0.09024,70885.0,0.122583,0.604286,0.218702,0.39946,-0.031228,0.796863,5.179232,-0.01,-0.6,-0.012,-0.25,-0.36,-1.2,0.500007,-0.081381,-0.002787,0.0,-0.070382,-0.036307,-0.019926,-0.03656,0.832296,-0.086095,-0.104671,-0.013825,-0.032115,1.827758,0.290924,-0.117402,-0.000665,-0.018708,6.5,0.014081,0.070072,0.089808
346,120.256165,1000.0,0.916049,0.888392,0.0,0.0,0.090045,72303.0,0.119334,0.568794,0.209049,0.365845,-0.028468,0.761746,5.169547,-0.01,-0.6,-0.012,-0.25,-0.36,-1.2,0.500007,-0.080589,-0.00177,0.0,-0.063712,-0.035267,-0.0177,-0.034061,0.824571,-0.080092,-0.094299,-0.013018,-0.029358,1.837704,0.311687,-0.10857,-0.000724,-0.019419,4.913043,0.011977,0.068847,0.102633
347,121.202072,1000.0,0.91507,0.898891,0.0,0.0,0.0898,54596.0,0.122053,0.572629,0.217683,0.379882,-0.029034,0.779039,5.170577,-0.01,-0.6,-0.012,-0.25,-0.36,-1.2,0.500007,-0.0797,-0.002375,0.0,-0.065105,-0.035243,-0.018192,-0.034027,0.838354,-0.083082,-0.100205,-0.013245,-0.029217,1.832318,0.306866,-0.109269,-0.000809,-0.024102,5.217391,0.011846,0.067552,0.095001
348,120.959595,1000.0,0.904533,0.900735,0.0,0.0,0.089507,70244.0,0.120936,0.582488,0.216965,0.363288,-0.027715,0.783301,5.153693,-0.01,-0.6,-0.012,-0.25,-0.36,-1.2,0.500007,-0.077963,-0.002054,0.0,-0.064177,-0.034888,-0.017386,-0.03391,0.840778,-0.079738,-0.097697,-0.012174,-0.029192,1.836174,0.30623,-0.105902,-0.000753,-0.022126,5.666667,0.011376,0.06987,0.097025
349,120.761757,1000.0,0.914723,0.88866,0.0,0.0,0.089459,70439.0,0.121806,0.593538,0.220875,0.379834,-0.029285,0.791265,5.161196,-0.01,-0.6,-0.012,-0.25,-0.36,-1.2,0.500007,-0.079118,-0.002029,0.0,-0.065332,-0.034989,-0.018076,-0.034288,0.84044,-0.081188,-0.095022,-0.012675,-0.028798,1.82388,0.301362,-0.10949,-0.000607,-0.016354,5.083333,0.011256,0.074554,0.092002
350,119.593056,1000.0,0.910032,0.906443,0.0,0.0,0.089086,71695.0,0.11486,0.579626,0.194784,0.339625,-0.026587,0.72633,5.143642,-0.01,-0.6,-0.012,-0.25,-0.36,-1.2,0.500007,-0.080624,-0.001701,0.0,-0.060307,-0.03435,-0.016551,-0.033072,0.82513,-0.075907,-0.090924,-0.012528,-0.028004,1.848652,0.316287,-0.103856,-0.000497,-0.014001,4.875,0.014001,0.072548,0.097176
351,120.364517,1000.0,0.91531,0.894286,0.0,0.0,0.089076,72513.0,0.120147,0.592631,0.215254,0.370919,-0.02878,0.772587,5.140479,-0.01,-0.6,-0.012,-0.25,-0.36,-1.2,0.500007,-0.078374,-0.001591,0.0,-0.064152,-0.034856,-0.017672,-0.034172,0.838217,-0.079708,-0.096247,-0.012279,-0.028632,1.836691,0.304868,-0.108437,-0.000788,-0.016811,4.695652,0.011264,0.076654,0.102967
352,119.902863,1000.0,0.917106,0.894698,0.0,0.0,0.089145,50901.0,0.118194,0.574245,0.202704,0.363764,-0.028164,0.733107,5.133522,-0.01,-0.6,-0.012,-0.25,-0.36,-1.2,0.500007,-0.079965,-0.002109,0.0,-0.061784,-0.034521,-0.017927,-0.034143,0.819231,-0.079095,-0.094564,-0.012877,-0.028109,1.838261,0.315593,-0.107939,-0.000583,-0.017139,5.333333,0.011427,0.077468,0.101006
353,119.912521,1000.0,0.916109,0.894617,0.0,0.0,0.088934,71630.0,0.118284,0.563757,0.205389,0.362974,-0.027792,0.736018,5.131265,-0.01,-0.6,-0.012,-0.25,-0.36,-1.2,0.500007,-0.078354,-0.001895,0.0,-0.061919,-0.034388,-0.017538,-0.033285,0.816758,-0.079007,-0.099313,-0.012034,-0.028341,1.841204,0.320847,-0.106618,-0.000668,-0.01515,4.083333,0.012237,0.069332,0.092132
354,120.523483,1000.0,0.904624,0.898533,0.0,0.0,0.088731,71838.0,0.119296,0.559466,0.211655,0.358003,-0.027689,0.773763,5.15866,-0.01,-0.6,-0.012,-0.25,-0.36,-1.2,0.500007,-0.081035,-0.002313,0.0,-0.061301,-0.034017,-0.017377,-0.033029,0.835442,-0.077035,-0.092544,-0.012001,-0.027947,1.836272,0.320751,-0.10379,-0.000759,-0.018809,4.521739,0.014958,0.0719,0.096779
355,121.054329,1000.0,0.909807,0.900722,0.0,0.0,0.088611,72695.0,0.122074,0.578161,0.22027,0.388373,-0.030399,0.796237,5.15055,-0.01,-0.6,-0.012,-0.25,-0.36,-1.2,0.500007,-0.079757,-0.002296,0.0,-0.068281,-0.034485,-0.018934,-0.035397,0.839489,-0.080927,-0.097547,-0.012989,-0.031105,1.82936,0.309192,-0.111286,-0.000756,-0.025115,4.521739,0.011585,0.076026,0.100787
356,121.44487,1000.0,0.915143,0.893085,0.0,0.0,0.088453,71424.0,0.117821,0.565528,0.219014,0.380106,-0.029511,0.76972,5.150381,-0.01,-0.6,-0.012,-0.25,-0.36,-1.2,0.500007,-0.078666,-0.002412,0.0,-0.067292,-0.034292,-0.018687,-0.03414,0.833304,-0.078759,-0.098241,-0.012816,-0.031599,1.84059,0.319461,-0.109414,-0.000672,-0.011565,3.666667,0.013275,0.071651,0.121032
357,121.736465,1000.0,0.917525,0.88942,0.0,0.0,0.088157,73121.0,0.119082,0.559034,0.21589,0.37759,-0.029116,0.785905,5.136512,-0.01,-0.6,-0.012,-0.25,-0.36,-1.2,0.500007,-0.08254,-0.002192,0.0,-0.06539,-0.033628,-0.017919,-0.034156,0.835595,-0.078973,-0.094497,-0.012708,-0.029113,1.84227,0.315427,-0.107375,-0.000679,-0.022279,3.826087,0.013686,0.070208,0.091212
358,121.503738,1000.0,0.905985,0.899922,0.0,0.0,0.08797,56716.0,0.116472,0.551316,0.214606,0.375881,-0.028247,0.786146,5.128056,-0.01,-0.6,-0.012,-0.25,-0.36,-1.2,0.500007,-0.079952,-0.002432,0.0,-0.065139,-0.033672,-0.017709,-0.034764,0.832963,-0.075832,-0.09368,-0.0123,-0.028662,1.846097,0.327469,-0.108189,-0.000887,-0.018923,4.227273,0.012711,0.065849,0.093059
359,120.294273,1000.0,0.900721,0.885921,0.0,0.0,0.087921,73056.0,0.121267,0.583736,0.204619,0.372554,-0.029807,0.766152,5.145679,-0.01,-0.6,-0.012,-0.25,-0.36,-1.2,0.500007,-0.081976,-0.002337,0.0,-0.06724,-0.034034,-0.018487,-0.035024,0.831951,-0.079335,-0.095919,-0.013313,-0.0317,1.831124,0.310069,-0.1088,-0.000629,-0.017489,3.913043,0.013002,0.072567,0.099062
360,119.951584,1000.0,0.898235,0.903171,0.0,0.0,0.087845,77564.0,0.117188,0.592964,0.205844,0.37911,-0.029285,0.77305,5.121533,-0.01,-0.6,-0.012,-0.25,-0.36,-1.2,0.500007,-0.083322,-0.002156,0.0,-0.065146,-0.0337,-0.018588,-0.034981,0.824985,-0.076967,-0.094421,-0.013016,-0.028583,1.831242,0.311633,-0.110433,-0.000718,-0.022381,3.95,0.013243,0.073593,0.093088
361,120.551231,1000.0,0.900107,0.886844,0.0,0.0,0.08773,72846.0,0.120023,0.538098,0.214856,0.380439,-0.029728,0.775823,5.129508,-0.01,-0.6,-0.012,-0.25,-0.36,-1.2,0.500007,-0.0806,-0.001992,0.0,-0.065414,-0.033601,-0.017914,-0.035037,0.82952,-0.078778,-0.095339,-0.012841,-0.029954,1.829549,0.327143,-0.109412,-0.000762,-0.023636,2.956522,0.013126,0.067333,0.109615
362,121.096893,1000.0,0.900491,0.890077,0.0,0.0,0.08762,71412.0,0.123571,0.576363,0.21955,0.385539,-0.030183,0.799824,5.127426,-0.01,-0.6,-0.012,-0.25,-0.36,-1.2,0.500007,-0.08076,-0.002659,0.0,-0.065754,-0.033352,-0.018476,-0.035271,0.835176,-0.078643,-0.096305,-0.012922,-0.029577,1.828896,0.31621,-0.107362,-0.00087,-0.019114,2.875,0.011944,0.080167,0.114532
363,121.682686,1000.0,0.917962,0.891252,0.0,0.0,0.087525,71441.0,0.117785,0.557185,0.212901,0.37916,-0.028329,0.792488,5.151742,-0.01,-0.6,-0.012,-0.25,-0.36,-1.2,0.500007,-0.082294,-0.001947,0.0,-0.065601,-0.032778,-0.017738,-0.0338,0.835227,-0.075889,-0.092553,-0.012938,-0.029695,1.838239,0.32217,-0.105525,-0.000655,-0.019313,3.708333,0.0116,0.069479,0.093209
364,121.920952,1000.0,0.905146,0.900483,0.0,0.0,0.087574,56148.0,0.117075,0.557275,0.206465,0.361737,-0.02776,0.773062,5.181808,-0.01,-0.6,-0.012,-0.25,-0.36,-1.2,0.500007,-0.081571,-0.002366,0.0,-0.061382,-0.032283,-0.016658,-0.032668,0.826523,-0.072671,-0.08866,-0.012218,-0.027204,1.845938,0.332459,-0.102586,-0.000628,-0.018652,2.869565,0.01192,0.064633,0.106137
365,122.072144,1000.0,0.913952,0.890754,0.0,0.0,0.087478,71655.0,0.11918,0.61018,0.214627,0.380265,-0.028977,0.782886,5.194071,-0.01,-0.6,-0.012,-0.25,-0.36,-1.2,0.500007,-0.082419,-0.002047,0.0,-0.064895,-0.032895,-0.018164,-0.034089,0.838308,-0.075871,-0.091126,-0.012183,-0.029493,1.836191,0.307808,-0.106216,-0.000493,-0.015273,3.75,0.010969,0.071535,0.106883
366,121.629715,1000.0,0.914455,0.896828,0.0,0.0,0.087516,71315.0,0.11657,0.550676,0.209433,0.363759,-0.027921,0.768586,5.110486,-0.01,-0.6,-0.012,-0.25,-0.36,-1.2,0.500007,-0.082187,-0.001741,0.0,-0.061515,-0.032245,-0.017011,-0.033063,0.832287,-0.074008,-0.091042,-0.012111,-0.027534,1.840714,0.33051,-0.102912,-0.000671,-0.018823,4.0,0.012426,0.075942,0.11019
367,120.617767,995.530029,0.906818,0.871271,0.045455,0.0,0.087373,74977.0,0.11491,0.566988,0.201033,0.362814,-0.028093,0.773528,5.131027,-0.01,-0.6,-0.012,-0.25,-0.36,-1.2,0.494916,-0.084084,-0.002246,-0.000909,-0.065362,-0.031935,-0.016828,-0.033273,0.826217,-0.07155,-0.085639,-0.012101,-0.028719,1.821969,0.325436,-0.105299,-0.000601,-0.009798,2.772727,0.013464,0.073898,0.116489
368,121.012367,995.530029,0.914295,0.896251,0.0,0.0,0.087074,71122.0,0.121554,0.575903,0.226863,0.390006,-0.030509,0.79618,5.143066,-0.01,-0.6,-0.012,-0.25,-0.36,-1.2,0.500007,-0.078246,-0.002007,0.0,-0.066188,-0.032679,-0.018171,-0.034115,0.843078,-0.076968,-0.097515,-0.013203,-0.030688,1.81895,0.321695,-0.105229,-0.000671,-0.016706,3.541667,0.011734,0.074571,0.103631
369,121.011139,1000.0,0.902594,0.898076,0.0,0.0,0.087102,71754.0,0.117918,0.55477,0.220321,0.366043,-0.027061,0.783995,5.15108,-0.01,-0.6,-0.012,-0.25,-0.36,-1.2,0.500007,-0.077839,-0.001464,0.0,-0.062354,-0.032249,-0.016888,-0.032321,0.832279,-0.074883,-0.094934,-0.011992,-0.027427,1.843281,0.329361,-0.100025,-0.000641,-0.016404,3.434783,0.014468,0.065142,0.104182
370,121.90239,1000.0,0.904856,0.89987,0.0,0.0,0.087004,55292.0,0.117806,0.510077,0.218091,0.364267,-0.027719,0.776627,5.148151,-0.01,-0.6,-0.012,-0.25,-0.36,-1.2,0.500007,-0.078172,-0.002193,0.0,-0.06174,-0.032194,-0.016934,-0.032492,0.843367,-0.073355,-0.09236,-0.011128,-0.027615,1.837779,0.348331,-0.100674,-0.000758,-0.018011,3.304348,0.012601,0.066856,0.103095
371,122.55307,1000.0,0.899392,0.884345,0.0,0.0,0.086877,71189.0,0.120428,0.513338,0.225985,0.390588,-0.029165,0.796718,5.179656,-0.01,-0.6,-0.012,-0.25,-0.36,-1.2,0.500007,-0.077459,-0.002209,0.0,-0.064088,-0.032368,-0.018302,-0.034243,0.833936,-0.075489,-0.096409,-0.01213,-0.02824,1.828626,0.345376,-0.10582,-0.000825,-0.016828,3.333333,0.012934,0.08344,0.101427
372,121.344673,1000.0,0.910084,0.889621,0.0,0.0,0.086722,70904.0,0.113253,0.548306,0.205022,0.355792,-0.027912,0.762984,5.153532,-0.01,-0.6,-0.012,-0.25,-0.36,-1.2,0.500007,-0.080946,-0.001271,0.0,-0.061068,-0.031388,-0.015922,-0.032289,0.829315,-0.069735,-0.084638,-0.011925,-0.027619,1.850412,0.340345,-0.100082,-0.000693,-0.021836,3.333333,0.012159,0.078842,0.109717
373,121.729965,1000.0,0.913091,0.889296,0.0,0.0,0.086572,72904.0,0.121498,0.541844,0.227176,0.385916,-0.029866,0.789066,5.114909,-0.01,-0.6,-0.012,-0.25,-0.36,-1.2,0.500007,-0.076023,-0.002104,0.0,-0.065675,-0.032324,-0.018018,-0.033518,0.834314,-0.074328,-0.09501,-0.011967,-0.028416,1.825056,0.333565,-0.104524,-0.000649,-0.016465,2.391304,0.013921,0.075995,0.085732
374,121.832916,1000.0,0.907924,0.896081,0.0,0.0,0.08651,71569.0,0.119471,0.549585,0.214866,0.380994,-0.028513,0.790887,5.114141,-0.01,-0.6,-0.012,-0.25,-0.36,-1.2,0.500007,-0.081054,-0.002367,0.0,-0.066383,-0.032068,-0.018154,-0.033796,0.830619,-0.07246,-0.096769,-0.013381,-0.028591,1.832609,0.337572,-0.106126,-0.000849,-0.026402,3.25,0.012913,0.073018,0.086088
375,122.746933,1000.0,0.916329,0.8962,0.0,0.0,0.086275,69661.0,0.119095,0.546609,0.214948,0.383155,-0.030063,0.795686,5.1177,-0.01,-0.6,-0.012,-0.25,-0.36,-1.2,0.500007,-0.079718,-0.001902,0.0,-0.06557,-0.031894,-0.017697,-0.034541,0.838778,-0.073116,-0.093593,-0.01219,-0.029886,1.843027,0.334838,-0.105747,-0.000665,-0.015339,25.333334,0.011886,0.075579,0.103017
376,122.847824,1000.0,0.910753,0.896176,0.0,0.0,0.086084,54281.0,0.116026,0.535725,0.20515,0.354781,-0.027226,0.752323,5.134012,-0.01,-0.6,-0.012,-0.25,-0.36,-1.2,0.500007,-0.079569,-0.001572,0.0,-0.06067,-0.031201,-0.016641,-0.032222,0.832197,-0.068885,-0.08774,-0.011797,-0.027605,1.839752,0.349382,-0.099271,-0.000689,-0.024812,7.166667,0.01339,0.075032,0.08684
377,122.382668,1000.0,0.906771,0.900657,0.0,0.0,0.085695,70663.0,0.11455,0.542949,0.212332,0.362711,-0.027644,0.775303,5.167698,-0.01,-0.6,-0.012,-0.25,-0.36,-1.2,0.500007,-0.080118,-0.001952,0.0,-0.06306,-0.031173,-0.016668,-0.032637,0.843165,-0.07055,-0.091003,-0.011912,-0.028817,1.849948,0.343413,-0.100244,-0.000787,-0.017044,6.333333,0.012847,0.072159,0.109016
378,121.893845,1000.0,0.914654,0.894891,0.0,0.0,0.085581,70710.0,0.116667,0.587159,0.207942,0.364247,-0.028018,0.770586,5.160515,-0.01,-0.6,-0.012,-0.25,-0.36,-1.2,0.500007,-0.080272,-0.001966,0.0,-0.062627,-0.031243,-0.016783,-0.032692,0.834469,-0.07085,-0.09057,-0.011841,-0.028906,1.840992,0.33036,-0.100601,-0.00057,-0.014902,5.958333,0.013596,0.069396,0.107902
379,121.995399,1000.0,0.911573,0.893365,0.0,0.0,0.085486,71177.0,0.115146,0.5464,0.214048,0.367939,-0.027681,0.774462,5.119825,-0.01,-0.6,-0.012,-0.25,-0.36,-1.2,0.500007,-0.079152,-0.002092,0.0,-0.062657,-0.031284,-0.016921,-0.032032,0.834487,-0.069786,-0.090251,-0.011487,-0.027699,1.847126,0.34556,-0.100666,-0.000567,-0.014426,6.916667,0.011842,0.073375,0.10343
380,121.698669,1000.0,0.910385,0.89894,0.0,0.0,0.085219,70572.0,0.113867,0.528952,0.202957,0.362872,-0.028377,0.756278,5.133433,-0.01,-0.6,-0.012,-0.25,-0.36,-1.2,0.500007,-0.081604,-0.001512,0.0,-0.061883,-0.031148,-0.01743,-0.033401,0.828864,-0.068977,-0.085507,-0.011565,-0.02769,1.845545,0.351836,-0.102883,-0.000734,-0.021398,6.416667,0.011807,0.061958,0.096675
381,124.250061,1000.0,0.914746,0.896109,0.0,0.0,0.085011,72688.0,0.119151,0.539776,0.227205,0.396552,-0.030146,0.821311,5.127608,-0.01,-0.6,-0.012,-0.25,-0.36,-1.2,0.500007,-0.080373,-0.001905,0.0,-0.065995,-0.031305,-0.017988,-0.033147,0.843441,-0.072818,-0.090945,-0.011712,-0.029607,1.833504,0.337523,-0.103975,-0.000701,-0.019734,5.695652,0.011129,0.073058,0.094651
382,122.540565,1000.0,0.912165,0.899002,0.0,0.0,0.084826,52891.0,0.118911,0.548192,0.218894,0.381067,-0.028788,0.77978,5.125235,-0.01,-0.6,-0.012,-0.25,-0.36,-1.2,0.500007,-0.078363,-0.002189,0.0,-0.064271,-0.031323,-0.017589,-0.033415,0.834047,-0.071044,-0.094303,-0.011689,-0.028791,1.837555,0.340545,-0.10346,-0.000537,-0.013775,6.375,0.012752,0.074853,0.094248
383,122.529892,1000.0,0.913805,0.890127,0.0,0.0,0.084576,64461.0,0.112259,0.516631,0.206966,0.347701,-0.025924,0.740047,5.134019,-0.01,-0.6,-0.012,-0.25,-0.36,-1.2,0.500007,-0.078833,-0.001615,0.0,-0.056811,-0.030296,-0.015546,-0.030773,0.829177,-0.067415,-0.084592,-0.010605,-0.024861,1.854233,0.360998,-0.095101,-0.000797,-0.023099,5.583333,0.012304,0.071366,0.095394
384,121.296326,1000.0,0.900357,0.89084,0.0,0.0,0.084152,69191.0,0.116327,0.539446,0.20859,0.358576,-0.02761,0.772275,5.120128,-0.01,-0.6,-0.012,-0.25,-0.36,-1.2,0.500007,-0.079558,-0.001563,0.0,-0.061191,-0.030688,-0.016296,-0.032032,0.837732,-0.068684,-0.087588,-0.011294,-0.027632,1.840239,0.348431,-0.098196,-0.000659,-0.020978,5.291667,0.014476,0.076304,0.106058
385,122.946373,1000.0,0.905152,0.894818,0.0,0.0,0.083772,71437.0,0.117271,0.549822,0.218764,0.388407,-0.029224,0.79408,5.132336,-0.01,-0.6,-0.012,-0.25,-0.36,-1.2,0.500007,-0.080539,-0.001827,0.0,-0.06447,-0.031036,-0.01793,-0.033624,0.838653,-0.071522,-0.091724,-0.012499,-0.028707,1.839391,0.339428,-0.103389,-0.000541,-0.015546,6.083333,0.013715,0.075334,0.103152
386,121.960762,1000.0,0.905987,0.889875,0.0,0.0,0.083532,70108.0,0.117876,0.559578,0.214136,0.374321,-0.028539,0.767654,5.163477,-0.01,-0.6,-0.012,-0.25,-0.36,-1.2,0.500007,-0.078442,-0.001955,0.0,-0.062062,-0.030873,-0.01744,-0.033181,0.829471,-0.071321,-0.09328,-0.011938,-0.027877,1.836372,0.337322,-0.100796,-0.000592,-0.018518,6.291667,0.01192,0.075906,0.107453
387,122.553543,1000.0,0.91404,0.900613,0.0,0.0,0.083428,70436.0,0.116927,0.541763,0.217212,0.371613,-0.028069,0.780835,5.131402,-0.01,-0.6,-0.012,-0.25,-0.36,-1.2,0.500007,-0.079653,-0.001553,0.0,-0.06023,-0.030242,-0.016462,-0.031549,0.837044,-0.069475,-0.087362,-0.010882,-0.026555,1.844499,0.347935,-0.098793,-0.000651,-0.020003,5.75,0.011654,0.068393,0.090719
388,122.505585,1000.0,0.902295,0.897993,0.0,0.0,0.083577,55419.0,0.116239,0.544298,0.218428,0.382829,-0.028548,0.792041,5.129317,-0.01,-0.6,-0.012,-0.25,-0.36,-1.2,0.500007,-0.080064,-0.002494,0.0,-0.063318,-0.030816,-0.017715,-0.033513,0.837942,-0.070267,-0.092192,-0.012504,-0.027252,1.841149,0.344519,-0.102794,-0.000488,-0.014643,5.227273,0.010822,0.07193,0.101889
389,122.223953,1000.0,0.910097,0.88749,0.0,0.0,0.083463,70333.0,0.117461,0.534538,0.216277,0.384217,-0.029383,0.781872,5.156652,-0.01,-0.6,-0.012,-0.25,-0.36,-1.2,0.500007,-0.07962,-0.001785,0.0,-0.062322,-0.030698,-0.017682,-0.033079,0.831962,-0.069436,-0.090715,-0.011875,-0.02717,1.83569,0.347885,-0.102667,-0.000564,-0.016316,5.416667,0.011992,0.082626,0.102592
390,122.60582,1000.0,0.907003,0.89666,0.0,0.0,0.083397,71034.0,0.117691,0.549783,0.21254,0.377769,-0.028759,0.778504,5.099199,-0.01,-0.6,-0.012,-0.25,-0.36,-1.2,0.500007,-0.079791,-0.001967,0.0,-0.063757,-0.030702,-0.017825,-0.033715,0.836534,-0.070095,-0.088958,-0.011481,-0.028441,1.83881,0.344582,-0.103173,-0.000627,-0.014915,5.375,0.012726,0.081156,0.101025
391,121.832558,1000.0,0.896978,0.886135,0.0,0.0,0.083156,69030.0,0.115471,0.518783,0.205649,0.366308,-0.027761,0.766965,5.099803,-0.01,-0.6,-0.012,-0.25,-0.36,-1.2,0.500007,-0.080895,-0.001869,0.0,-0.061206,-0.030311,-0.016935,-0.03254,0.825615,-0.068491,-0.087999,-0.011419,-0.027255,1.839521,0.355454,-0.09991,-0.000649,-0.018627,5.041667,0.014085,0.081009,0.107161
392,122.082916,1000.0,0.914972,0.90112,0.0,0.0,0.083207,73039.0,0.117579,0.533066,0.207003,0.367296,-0.027836,0.756652,5.115249,-0.01,-0.6,-0.012,-0.25,-0.36,-1.2,0.500007,-0.07863,-0.001761,0.0,-0.061585,-0.030447,-0.017448,-0.033599,0.828801,-0.069551,-0.093502,-0.01219,-0.027989,1.836587,0.351891,-0.098681,-0.000483,-0.019204,4.565217,0.013283,0.063071,0.088623
393,122.704636,1000.0,0.911083,0.896003,0.0,0.0,0.083143,53407.0,0.112634,0.512231,0.207874,0.35946,-0.026832,0.748381,5.110084,-0.01,-0.6,-0.012,-0.25,-0.36,-1.2,0.500007,-0.079174,-0.001789,0.0,-0.058657,-0.030036,-0.016368,-0.031585,0.824391,-0.066033,-0.084112,-0.01096,-0.024848,1.84929,0.36921,-0.098186,-0.000479,-0.013993,5.333333,0.01152,0.075273,0.085775
394,123.403229,1000.0,0.904799,0.893021,0.0,0.0,0.083154,71084.0,0.118557,0.516258,0.227235,0.386143,-0.029122,0.787728,5.139416,-0.01,-0.6,-0.012,-0.25,-0.36,-1.2,0.500007,-0.075105,-0.001998,0.0,-0.063803,-0.030728,-0.017498,-0.032712,0.839026,-0.070134,-0.096232,-0.01128,-0.02868,1.832329,0.355583,-0.101302,-0.00065,-0.014226,4.708333,0.013239,0.070138,0.101582
395,123.193138,1000.0,0.908319,0.897019,0.0,0.0,0.083128,70268.0,0.114351,0.510987,0.213182,0.363074,-0.027234,0.771934,5.081062,-0.01,-0.6,-0.012,-0.25,-0.36,-1.2,0.500007,-0.079787,-0.001604,0.0,-0.060714,-0.029986,-0.016447,-0.031792,0.838505,-0.066122,-0.086987,-0.011343,-0.027332,1.849296,0.365482,-0.096963,-0.000605,-0.023159,4.333333,0.012351,0.07022,0.099369
396,122.455811,1000.0,0.903104,0.893522,0.0,0.0,0.08292,74404.0,0.115018,0.513511,0.218124,0.385363,-0.029539,0.780083,5.11197,-0.01,-0.6,-0.012,-0.25,-0.36,-1.2,0.500007,-0.080094,-0.001845,0.0,-0.062528,-0.030258,-0.018033,-0.033297,0.831441,-0.068744,-0.086642,-0.012141,-0.026859,1.841632,0.356186,-0.102311,-0.000516,-0.026357,4.227273,0.012102,0.074704,0.087442
397,121.952858,1000.0,0.900293,0.890887,0.0,0.0,0.082592,71072.0,0.113722,0.499964,0.199114,0.353538,-0.027121,0.70604,5.116566,-0.01,-0.6,-0.012,-0.25,-0.36,-1.2,0.500007,-0.078168,-0.002779,0.0,-0.056987,-0.029936,-0.017251,-0.0324,0.807807,-0.067333,-0.087857,-0.011221,-0.025983,1.8425,0.374642,-0.098081,-0.000478,-0.013692,4.166667,0.01295,0.073874,0.09674
398,124.114082,1000.0,0.919021,0.896587,0.0,0.0,0.082533,69825.0,0.114709,0.529881,0.215937,0.365126,-0.027362,0.763398,5.118671,-0.01,-0.6,-0.012,-0.25,-0.36,-1.2,0.500007,-0.077411,-0.001831,0.0,-0.058798,-0.029366,-0.016301,-0.030991,0.836813,-0.064689,-0.087009,-0.010687,-0.026014,1.841528,0.362123,-0.094928,-0.000521,-0.017824,4.166667,0.012692,0.076069,0.103308
399,122.246536,1000.0,0.903213,0.900187,0.0,0.0,0.082535,54496.0,0.116219,0.503881,0.215776,0.364662,-0.028114,0.744053,5.142651,-0.01,-0.6,-0.012,-0.25,-0.36,-1.2,0.500007,-0.072901,-0.001969,0.0,-0.061279,-0.030297,-0.017103,-0.032445,0.828704,-0.0677,-0.095078,-0.010765,-0.028376,1.844229,0.364997,-0.097496,-0.0005,-0.01462,3.608696,0.013214,0.084084,0.106347
400,123.161095,1000.0,0.919294,0.892709,0.0,0.0,0.082556,69930.0,0.113197,0.519461,0.207501,0.364637,-0.027239,0.767209,5.174798,-0.01,-0.6,-0.012,-0.25,-0.36,-1.2,0.500007,-0.082146,-0.001784,0.0,-0.061475,-0.029253,-0.016361,-0.03129,0.836616,-0.065179,-0.083553,-0.011531,-0.027239,1.851051,0.3647,-0.098557,-0.000706,-0.01755,4.045455,0.011996,0.071962,0.090011
401,123.036232,1000.0,0.90916,0.889038,0.0,0.0,0.082399,72206.0,0.117862,0.550803,0.221059,0.388584,-0.028875,0.834979,5.152808,-0.01,-0.6,-0.012,-0.25,-0.36,-1.2,0.500007,-0.082992,-0.002391,0.0,-0.063923,-0.029733,-0.0173,-0.032439,0.851787,-0.069656,-0.08869,-0.011686,-0.028411,1.835056,0.344717,-0.10186,-0.000433,-0.014142,4.05,0.014378,0.077388,0.095651
402,123.56855,1000.0,0.903225,0.897055,0.0,0.0,0.08222,69264.0,0.116046,0.484982,0.211701,0.366777,-0.027264,0.772876,5.117916,-0.01,-0.6,-0.012,-0.25,-0.36,-1.2,0.500007,-0.07954,-0.001905,0.0,-0.059954,-0.029134,-0.016273,-0.032148,0.831439,-0.064737,-0.085816,-0.011363,-0.025607,1.845367,0.380427,-0.096801,-0.000698,-0.019258,3.608696,0.015453,0.071729,0.073747
403,122.906013,1000.0,0.902766,0.884271,0.0,0.0,0.082205,68596.0,0.119968,0.523565,0.214936,0.392165,-0.029478,0.77807,5.139846,-0.01,-0.6,-0.012,-0.25,-0.36,-1.2,0.500007,-0.080844,-0.002111,0.0,-0.064297,-0.030278,-0.018549,-0.034183,0.834887,-0.070262,-0.094035,-0.012081,-0.028621,1.829463,0.355881,-0.105922,-0.000511,-0.014624,2.956522,0.014552,0.069993,0.122439
404,122.820122,1000.0,0.914057,0.883181,0.0,0.0,0.081995,68467.0,0.11234,0.528255,0.207535,0.361505,-0.027048,0.76233,5.113072,-0.01,-0.6,-0.012,-0.25,-0.36,-1.2,0.500007,-0.082197,-0.002105,0.0,-0.059273,-0.029148,-0.017084,-0.030929,0.832717,-0.065509,-0.082345,-0.012046,-0.025854,1.848043,0.365181,-0.096932,-0.000645,-0.014571,3.125,0.011497,0.086012,0.104733
405,123.406975,1000.0,0.909157,0.899085,0.0,0.0,0.081784,51629.0,0.114862,0.497654,0.218021,0.374274,-0.028489,0.771891,5.082912,-0.01,-0.6,-0.012,-0.25,-0.36,-1.2,0.500007,-0.079859,-0.00162,0.0,-0.061007,-0.029198,-0.016849,-0.030915,0.843512,-0.066313,-0.086597,-0.010755,-0.026393,1.843695,0.369695,-0.097326,-0.000519,-0.01734,3.458333,0.014078,0.078739,0.098166
406,122.843025,1000.0,0.902504,0.885156,0.0,0.0,0.081806,69631.0,0.109844,0.490304,0.196644,0.346107,-0.026496,0.73769,5.08971,-0.01,-0.6,-0.012,-0.25,-0.36,-1.2,0.500007,-0.08248,-0.001834,0.0,-0.059514,-0.028687,-0.015933,-0.031679,0.823976,-0.064741,-0.084079,-0.011785,-0.027577,1.855606,0.379101,-0.094315,-0.000529,-0.016979,3.217391,0.010305,0.066004,0.087058
407,122.494064,1000.0,0.906512,0.894935,0.0,0.0,0.081595,68516.0,0.112661,0.477596,0.201954,0.33829,-0.025207,0.738382,5.101139,-0.01,-0.6,-0.012,-0.25,-0.36,-1.2,0.500007,-0.077627,-0.001331,0.0,-0.055208,-0.028779,-0.015174,-0.030793,0.838229,-0.064317,-0.083276,-0.010887,-0.024357,1.842479,0.38199,-0.090994,-0.000458,-0.020261,3.375,0.01261,0.069799,0.093079
408,121.449219,1000.0,0.89128,0.899656,0.0,0.0,0.081412,66528.0,0.113989,0.507467,0.20281,0.357742,-0.02725,0.72094,5.111998,-0.01,-0.6,-0.012,-0.25,-0.36,-1.2,0.500007,-0.077681,-0.002013,0.0,-0.056878,-0.029156,-0.016762,-0.032043,0.806117,-0.064627,-0.085364,-0.011084,-0.024578,1.844071,0.376558,-0.097276,-0.000589,-0.018953,4.041667,0.014688,0.068663,0.090001
409,122.6716,1000.0,0.904211,0.896007,0.0,0.0,0.081289,69095.0,0.118649,0.521818,0.227573,0.389044,-0.028894,0.827396,5.133296,-0.01,-0.6,-0.012,-0.25,-0.36,-1.2,0.500007,-0.079495,-0.001788,0.0,-0.062659,-0.028965,-0.01678,-0.031923,0.847864,-0.066792,-0.090462,-0.011031,-0.026615,1.837239,0.359354,-0.097674,-0.000658,-0.014688,2.636364,0.012136,0.072794,0.102957
410,123.204185,1000.0,0.893028,0.895045,0.0,0.0,0.081212,63100.0,0.11811,0.512931,0.215301,0.374016,-0.028141,0.77042,5.106336,-0.01,-0.6,-0.012,-0.25,-0.36,-1.2,0.500007,-0.07698,-0.001769,0.0,-0.060907,-0.029268,-0.01762,-0.032283,0.830699,-0.068243,-0.09468,-0.012006,-0.027044,1.831448,0.36523,-0.097973,-0.000439,-0.011401,3.782609,0.01474,0.069227,0.097896
411,123.942497,1000.0,0.912243,0.893421,0.0,0.0,0.081242,53449.0,0.119594,0.514794,0.228132,0.387562,-0.029346,0.801096,5.101095,-0.01,-0.6,-0.012,-0.25,-0.36,-1.2,0.500007,-0.078057,-0.001779,0.0,-0.063023,-0.029102,-0.017377,-0.03241,0.844018,-0.066309,-0.087736,-0.010897,-0.0274,1.830221,0.365532,-0.099457,-0.000602,-0.014994,3.625,0.012038,0.065497,0.090756
412,124.696007,1000.0,0.925851,0.896158,0.0,0.0,0.081213,73398.0,0.113648,0.545534,0.226173,0.38179,-0.027587,0.785413,5.091292,-0.01,-0.6,-0.012,-0.25,-0.36,-1.2,0.500007,-0.078749,-0.00228,0.0,-0.059782,-0.028548,-0.016414,-0.030279,0.847518,-0.064741,-0.086332,-0.010955,-0.025997,1.845909,0.360519,-0.096044,-0.000431,-0.009521,3.086957,0.010199,0.078024,0.084004
413,124.04731,1000.0,0.907375,0.896778,0.0,0.0,0.081234,70871.0,0.11607,0.510588,0.220341,0.38101,-0.028368,0.811121,5.096922,-0.01,-0.6,-0.012,-0.25,-0.36,-1.2,0.500007,-0.079024,-0.001525,0.0,-0.061771,-0.028654,-0.016727,-0.031471,0.849271,-0.064026,-0.087457,-0.011114,-0.026638,1.838096,0.37212,-0.097582,-0.000547,-0.01321,3.375,0.013319,0.063905,0.095613
414,123.965256,1000.0,0.91804,0.896786,0.0,0.0,0.081132,73144.0,0.114741,0.511929,0.210816,0.372385,-0.027362,0.783071,5.089965,-0.01,-0.6,-0.012,-0.25,-0.36,-1.2,0.500007,-0.080996,-0.001688,0.0,-0.061657,-0.028234,-0.016444,-0.032227,0.839757,-0.064685,-0.083911,-0.011648,-0.026704,1.841617,0.375773,-0.097516,-0.000431,-0.014876,3.347826,0.010941,0.074686,0.079369
415,123.556717,1000.0,0.903392,0.886438,0.0,0.0,0.081087,71949.0,0.120691,0.523665,0.21967,0.39363,-0.029848,0.792613,5.076449,-0.01,-0.6,-0.012,-0.25,-0.36,-1.2,0.500007,-0.081056,-0.001671,0.0,-0.065137,-0.029057,-0.019066,-0.034236,0.83813,-0.068896,-0.089642,-0.013439,-0.029142,1.819992,0.355138,-0.102577,-0.000651,-0.031377,2.875,0.012699,0.088041,0.118414
416,123.462265,1000.0,0.894714,0.897226,0.0,0.0,0.081115,52980.0,0.119066,0.525653,0.229833,0.401852,-0.030266,0.807348,5.089755,-0.01,-0.6,-0.012,-0.25,-0.36,-1.2,0.500007,-0.077704,-0.001979,0.0,-0.063283,-0.029128,-0.017884,-0.032976,0.83966,-0.067649,-0.093982,-0.011372,-0.027729,1.833126,0.361777,-0.10177,-0.000705,-0.021729,24.833334,0.014067,0.060569,0.083357
417,124.807297,1000.0,0.915585,0.896147,0.0,0.0,0.080942,68471.0,0.114102,0.508076,0.219775,0.372826,-0.027366,0.792351,5.121281,-0.01,-0.6,-0.012,-0.25,-0.36,-1.2,0.500007,-0.077758,-0.001842,0.0,-0.059601,-0.028105,-0.016097,-0.030883,0.842152,-0.063189,-0.083985,-0.01078,-0.025161,1.845381,0.375749,-0.093676,-0.000526,-0.012258,4.375,0.013027,0.063779,0.087617
418,123.542885,1000.0,0.90849,0.893249,0.0,0.0,0.080818,71077.0,0.117332,0.507903,0.223556,0.387304,-0.029158,0.793605,5.11526,-0.01,-0.6,-0.012,-0.25,-0.36,-1.2,0.500007,-0.078429,-0.002268,0.0,-0.063269,-0.028749,-0.017552,-0.032441,0.84108,-0.065986,-0.089133,-0.011666,-0.027314,1.836769,0.369529,-0.099401,-0.000533,-0.022181,7.125,0.013285,0.076343,0.104258
419,124.200012,1000.0,0.906497,0.899014,0.0,0.0,0.080583,70532.0,0.11656,0.509784,0.222276,0.381321,-0.02817,0.791992,5.098953,-0.01,-0.6,-0.012,-0.25,-0.36,-1.2,0.500007,-0.07845,-0.001735,0.0,-0.060472,-0.028364,-0.017167,-0.0319,0.842721,-0.064749,-0.085619,-0.011602,-0.025807,1.838195,0.373853,-0.095761,-0.000601,-0.021884,6.125,0.012842,0.067625,0.094869
420,124.239922,1000.0,0.914509,0.890518,0.0,0.0,0.080483,70582.0,0.118211,0.514018,0.226457,0.390915,-0.02936,0.81887,5.117362,-0.01,-0.6,-0.012,-0.25,-0.36,-1.2,0.500007,-0.080008,-0.001776,0.0,-0.062855,-0.028441,-0.01767,-0.032405,0.846373,-0.065232,-0.0862,-0.01154,-0.02723,1.829927,0.368865,-0.098147,-0.000629,-0.020816,6.583333,0.012836,0.07067,0.095432
421,124.91008,1000.0,0.914878,0.901234,0.0,0.0,0.080164,70637.0,0.117741,0.485762,0.222519,0.380867,-0.028334,0.803469,5.098941,-0.01,-0.6,-0.012,-0.25,-0.36,-1.2,0.500007,-0.077241,-0.001416,0.0,-0.062026,-0.028159,-0.016852,-0.031753,0.846541,-0.063277,-0.088728,-0.011306,-0.027222,1.838999,0.382509,-0.095421,-0.000521,-0.020021,6.791667,0.013838,0.084745,0.093501
422,125.062393,1000.0,0.909652,0.890882,0.0,0.0,0.080034,48519.0,0.119446,0.492729,0.229275,0.387822,-0.029428,0.801547,5.088376,-0.01,-0.6,-0.012,-0.25,-0.36,-1.2,0.500007,-0.075756,-0.001823,0.0,-0.063125,-0.028428,-0.017139,-0.032073,0.846973,-0.064716,-0.090163,-0.011111,-0.028403,1.836284,0.378109,-0.097006,-0.000545,-0.023627,6.125,0.011741,0.081407,0.107752
423,122.981415,1000.0,0.895465,0.889812,0.0,0.0,0.079925,72357.0,0.115584,0.503436,0.213041,0.370291,-0.02769,0.768037,5.111646,-0.01,-0.6,-0.012,-0.25,-0.36,-1.2,0.500007,-0.077706,-0.001423,0.0,-0.060214,-0.028238,-0.016847,-0.031844,0.829811,-0.063229,-0.086962,-0.011363,-0.025903,1.843411,0.380242,-0.096027,-0.000616,-0.018801,5.652174,0.013925,0.077813,0.104059
424,124.096245,1000.0,0.913386,0.884925,0.0,0.0,0.079793,70890.0,0.113277,0.490246,0.212985,0.359452,-0.026679,0.760399,5.086477,-0.01,-0.6,-0.012,-0.25,-0.36,-1.2,0.500007,-0.076768,-0.001558,0.0,-0.057496,-0.027686,-0.015972,-0.03059,0.836418,-0.061223,-0.085116,-0.0106,-0.024792,1.844304,0.389375,-0.092146,-0.00043,-0.015993,6.166667,0.012648,0.081466,0.107446
425,123.768532,1000.0,0.899714,0.889278,0.0,0.0,0.079735,71001.0,0.114153,0.462981,0.217777,0.371781,-0.027052,0.777023,5.128245,-0.01,-0.6,-0.012,-0.25,-0.36,-1.2,0.500007,-0.077441,-0.001693,0.0,-0.058419,-0.02789,-0.016723,-0.031242,0.835475,-0.062945,-0.08744,-0.010729,-0.024799,1.840358,0.396384,-0.094428,-0.00058,-0.016958,5.375,0.012347,0.073815,0.09273
426,124.242455,1000.0,0.906606,0.899825,0.0,0.0,0.079463,68861.0,0.11362,0.483012,0.218257,0.381105,-0.028129,0.806311,5.107774,-0.01,-0.6,-0.012,-0.25,-0.36,-1.2,0.500007,-0.080753,-0.00158,0.0,-0.060258,-0.027745,-0.016764,-0.031709,0.842612,-0.062408,-0.082821,-0.011145,-0.025644,1.847434,0.384922,-0.095903,-0.000516,-0.015982,5.875,0.01265,0.067124,0.093507
427,124.430527,1000.0,0.909032,0.89167,0.0,0.0,0.079208,70720.0,0.114744,0.479443,0.217063,0.379192,-0.028247,0.799871,5.110562,-0.01,-0.6,-0.012,-0.25,-0.36,-1.2,0.500007,-0.079688,-0.0015,0.0,-0.062021,-0.027869,-0.016922,-0.031992,0.843516,-0.062917,-0.086876,-0.011771,-0.026801,1.842978,0.387887,-0.09641,-0.000522,-0.020147,6.041667,0.012849,0.072048,0.102604
428,123.009125,1000.0,0.900035,0.896542,0.0,0.0,0.079154,52452.0,0.113977,0.480709,0.212799,0.369177,-0.027395,0.76435,5.091453,-0.01,-0.6,-0.012,-0.25,-0.36,-1.2,0.500007,-0.077978,-0.00154,0.0,-0.058848,-0.027667,-0.016456,-0.031714,0.829357,-0.061703,-0.086067,-0.01107,-0.024946,1.840364,0.392389,-0.094383,-0.00046,-0.017823,6.541667,0.013383,0.073503,0.110943
429,124.167747,1000.0,0.910175,0.884935,0.0,0.0,0.079034,71144.0,0.116926,0.497914,0.220414,0.378068,-0.028021,0.803165,5.076152,-0.01,-0.6,-0.012,-0.25,-0.36,-1.2,0.500007,-0.07954,-0.001795,0.0,-0.059239,-0.027627,-0.01664,-0.03157,0.843367,-0.061618,-0.08292,-0.011038,-0.024167,1.835736,0.383752,-0.094853,-0.000513,-0.019154,5.041667,0.012707,0.088171,0.112808
430,124.822685,1000.0,0.910195,0.898516,0.0,0.0,0.079067,72414.0,0.114239,0.487647,0.222047,0.375799,-0.027759,0.809695,5.080337,-0.01,-0.6,-0.012,-0.25,-0.36,-1.2,0.500007,-0.07919,-0.001535,0.0,-0.0596,-0.027533,-0.016527,-0.031046,0.85101,-0.061999,-0.083788,-0.010665,-0.02568,1.849169,0.385581,-0.093309,-0.000589,-0.01747,5.227273,0.012628,0.067955,0.096198
431,124.363846,1000.0,0.90354,0.898389,0.0,0.0,0.078911,71041.0,0.116135,0.497803,0.21786,0.3708,-0.027893,0.787776,5.050484,-0.01,-0.6,-0.012,-0.25,-0.36,-1.2,0.500007,-0.079664,-0.001686,0.0,-0.059245,-0.027304,-0.016206,-0.030925,0.847037,-0.060289,-0.08089,-0.010649,-0.025774,1.834623,0.38566,-0.094075,-0.00068,-0.017614,5.708333,0.012721,0.072349,0.098985
432,124.170486,1000.0,0.904738,0.889345,0.0,0.0,0.078865,71280.0,0.115341,0.495993,0.221378,0.379436,-0.028092,0.785813,5.071702,-0.01,-0.6,-0.012,-0.25,-0.36,-1.2,0.500007,-0.076015,-0.001759,0.0,-0.060836,-0.027697,-0.017006,-0.031844,0.841629,-0.062537,-0.090593,-0.011027,-0.026951,1.845584,0.385049,-0.094724,-0.000531,-0.012681,4.875,0.013733,0.069872,0.099579
433,124.449348,1000.0,0.904427,0.897399,0.0,0.0,0.078845,70638.0,0.114132,0.504263,0.220074,0.366692,-0.027096,0.770572,5.065583,-0.01,-0.6,-0.012,-0.25,-0.36,-1.2,0.500007,-0.076163,-0.001604,0.0,-0.057203,-0.027425,-0.015752,-0.030382,0.847089,-0.060329,-0.083403,-0.010085,-0.024781,1.843533,0.384686,-0.091858,-0.000498,-0.021965,5.541667,0.012686,0.065703,0.089074
434,124.18969,1000.0,0.904281,0.894132,0.0,0.0,0.078746,52494.0,0.114443,0.487523,0.221235,0.376594,-0.027614,0.780712,5.056525,-0.01,-0.6,-0.012,-0.25,-0.36,-1.2,0.500007,-0.077649,-0.001826,0.0,-0.058432,-0.027453,-0.016787,-0.030702,0.842167,-0.061534,-0.0859,-0.010264,-0.02513,1.836168,0.390046,-0.093488,-0.000452,-0.016352,4.0,0.012055,0.071572,0.084452
435,123.772415,1000.0,0.910633,0.88867,0.0,0.0,0.078548,69132.0,0.115096,0.474471,0.214022,0.371399,-0.027552,0.782917,5.058008,-0.01,-0.6,-0.012,-0.25,-0.36,-1.2,0.500007,-0.079894,-0.002001,0.0,-0.059394,-0.02718,-0.016181,-0.031112,0.839349,-0.060716,-0.084091,-0.010428,-0.025762,1.838503,0.396904,-0.093425,-0.000592,-0.027644,5.583333,0.013334,0.073096,0.101409
436,123.784302,1000.0,0.918644,0.887921,0.0,0.0,0.078544,70628.0,0.113514,0.479008,0.21182,0.362341,-0.026582,0.773101,5.089166,-0.01,-0.6,-0.012,-0.25,-0.36,-1.2,0.500007,-0.079922,-0.001635,0.0,-0.05918,-0.027256,-0.016249,-0.031199,0.838099,-0.059277,-0.08263,-0.010334,-0.024751,1.843059,0.398877,-0.093299,-0.000607,-0.020284,4.25,0.010267,0.075359,0.109116
437,124.236298,1000.0,0.897421,0.88829,0.0,0.0,0.078431,71222.0,0.115731,0.457288,0.220885,0.38045,-0.028002,0.793072,5.071987,-0.01,-0.6,-0.012,-0.25,-0.36,-1.2,0.500007,-0.077542,-0.001605,0.0,-0.060088,-0.027086,-0.016597,-0.031534,0.842538,-0.060556,-0.087187,-0.010602,-0.025649,1.834961,0.403067,-0.094243,-0.000576,-0.028785,4.541667,0.014648,0.068527,0.105684
438,123.939636,1000.0,0.900128,0.893676,0.0,0.0,0.078535,74609.0,0.118461,0.494318,0.229126,0.388628,-0.028589,0.797627,5.077764,-0.01,-0.6,-0.012,-0.25,-0.36,-1.2,0.500007,-0.076052,-0.001985,0.0,-0.062474,-0.027665,-0.017213,-0.03212,0.850968,-0.063171,-0.089107,-0.011092,-0.027604,1.835089,0.381809,-0.096537,-0.000515,-0.013882,4.318182,0.012572,0.07417,0.088471
439,125.052933,1000.0,0.913397,0.879541,0.0,0.0,0.078296,69780.0,0.11488,0.451312,0.212528,0.381033,-0.028635,0.784503,5.109188,-0.01,-0.6,-0.012,-0.25,-0.36,-1.2,0.500007,-0.080516,-0.001637,0.0,-0.060773,-0.027466,-0.017719,-0.032097,0.83791,-0.060799,-0.082774,-0.010633,-0.025597,1.837223,0.402883,-0.098269,-0.000524,-0.012023,4.0,0.012395,0.070169,0.103509
440,124.270569,1000.0,0.914962,0.888881,0.0,0.0,0.078306,51938.0,0.116122,0.476517,0.218865,0.381966,-0.02794,0.792825,5.075602,-0.01,-0.6,-0.012,-0.25,-0.36,-1.2,0.500007,-0.079583,-0.002052,0.0,-0.059927,-0.027207,-0.017024,-0.031877,0.843813,-0.061313,-0.08498,-0.011212,-0.025129,1.837622,0.397451,-0.094673,-0.000599,-0.018658,3.958333,0.012409,0.075021,0.111648
441,123.540962,1000.0,0.899795,0.875543,0.0,0.0,0.078021,73464.0,0.115742,0.466077,0.208656,0.3615,-0.026925,0.734125,5.094075,-0.01,-0.6,-0.012,-0.25,-0.36,-1.2,0.500007,-0.073759,-0.002194,0.0,-0.057373,-0.027321,-0.01648,-0.030964,0.827238,-0.061647,-0.091757,-0.01051,-0.025562,1.840725,0.399637,-0.09193,-0.000501,-0.020997,3.772727,0.013576,0.086656,0.114509
442,124.373016,1000.0,0.911166,0.884448,0.0,0.0,0.077884,72572.0,0.115573,0.480116,0.224259,0.389638,-0.02914,0.80006,5.078238,-0.01,-0.6,-0.012,-0.25,-0.36,-1.2,0.500007,-0.076447,-0.00188,0.0,-0.062183,-0.027247,-0.017325,-0.032004,0.841292,-0.062184,-0.091039,-0.011254,-0.027422,1.839384,0.390165,-0.095231,-0.000588,-0.020809,4.0,0.011694,0.072504,0.094102
443,124.004021,1000.0,0.905429,0.888484,0.0,0.0,0.077895,79229.0,0.114476,0.50079,0.215991,0.35694,-0.026493,0.760515,5.082438,-0.01,-0.6,-0.012,-0.25,-0.36,-1.2,0.500007,-0.074475,-0.001262,0.0,-0.05681,-0.026758,-0.015481,-0.030074,0.843449,-0.058306,-0.083235,-0.009752,-0.026249,1.84339,0.393855,-0.087511,-0.000513,-0.014146,4.052631,0.012543,0.070472,0.105632
444,124.242607,1000.0,0.882193,0.885018,0.0,0.0,0.077895,72336.0,0.116752,0.491064,0.227128,0.38394,-0.028143,0.780977,5.086065,-0.01,-0.6,-0.012,-0.25,-0.36,-1.2,0.500007,-0.075702,-0.001523,0.0,-0.059753,-0.027037,-0.016463,-0.031769,0.839954,-0.062149,-0.087302,-0.010411,-0.027183,1.841404,0.388072,-0.092512,-0.000649,-0.01439,3.217391,0.012058,0.074673,0.090289
445,124.92646,1000.0,0.904401,0.88857,0.0,0.0,0.078003,70771.0,0.114406,0.451146,0.218931,0.361325,-0.026501,0.772439,5.059181,-0.01,-0.6,-0.012,-0.25,-0.36,-1.2,0.500007,-0.07375,-0.001487,0.0,-0.058407,-0.0269,-0.015853,-0.030107,0.84531,-0.060301,-0.085633,-0.009961,-0.025873,1.848479,0.403146,-0.089441,-0.000489,-0.020188,3.083333,0.013512,0.07875,0.117065
446,124.567406,1000.0,0.899758,0.877993,0.0,0.0,0.077867,52461.0,0.116464,0.474066,0.224022,0.399477,-0.029948,0.805695,5.068984,-0.01,-0.6,-0.012,-0.25,-0.36,-1.2,0.500007,-0.079729,-0.002263,0.0,-0.061506,-0.026953,-0.017346,-0.03246,0.835464,-0.062337,-0.085871,-0.011528,-0.02712,1.83677,0.396664,-0.096791,-0.000472,-0.019714,3.291667,0.012575,0.070473,0.092693
447,124.543457,1000.0,0.90865,0.889874,0.0,0.0,0.077922,71641.0,0.110972,0.465012,0.210689,0.356104,-0.026147,0.758138,5.11023,-0.01,-0.6,-0.012,-0.25,-0.36,-1.2,0.500007,-0.076663,-0.0016,0.0,-0.054624,-0.02635,-0.015227,-0.029692,0.828945,-0.057048,-0.080355,-0.009944,-0.023414,1.851539,0.413342,-0.088452,-0.000472,-0.018869,3.478261,0.01416,0.07778,0.103215
448,124.784492,1000.0,0.913125,0.879144,0.0,0.0,0.077786,71662.0,0.112807,0.473974,0.21714,0.38751,-0.028034,0.818955,5.067253,-0.01,-0.6,-0.012,-0.25,-0.36,-1.2,0.500007,-0.084003,-0.001437,0.0,-0.061783,-0.026377,-0.016719,-0.031312,0.844106,-0.058239,-0.082135,-0.011598,-0.025911,1.847143,0.396505,-0.095565,-0.000495,-0.013688,3.375,0.013006,0.078055,0.101588
449,124.843834,1000.0,0.895125,0.888575,0.0,0.0,0.077882,71233.0,0.117212,0.470924,0.230326,0.388422,-0.028311,0.796919,5.094304,-0.01,-0.6,-0.012,-0.25,-0.36,-1.2,0.500007,-0.073325,-0.001586,0.0,-0.060546,-0.026791,-0.01679,-0.031403,0.840973,-0.061392,-0.091018,-0.010486,-0.026504,1.84018,0.397716,-0.093414,-0.000533,-0.02196,3.75,0.013817,0.068556,0.09189
450,124.657043,1000.0,0.92161,0.890802,0.0,0.0,0.07796,70430.0,0.115878,0.469272,0.221026,0.387368,-0.028553,0.805176,5.052827,-0.01,-0.6,-0.012,-0.25,-0.36,-1.2,0.500007,-0.078152,-0.002156,0.0,-0.062619,-0.026939,-0.017422,-0.031855,0.84182,-0.060691,-0.088311,-0.01092,-0.027329,1.834014,0.395432,-0.094824,-0.000423,-0.011913,3.26087,0.012287,0.076244,0.104894
451,123.392975,1000.0,0.912985,0.884125,0.0,0.0,0.077981,69830.0,0.110544,0.448862,0.197286,0.351142,-0.02615,0.736081,5.089033,-0.01,-0.6,-0.012,-0.25,-0.36,-1.2,0.500007,-0.082007,-0.001636,0.0,-0.055542,-0.026043,-0.015438,-0.02962,0.831457,-0.057466,-0.077495,-0.010525,-0.023406,1.84315,0.420056,-0.090988,-0.000613,-0.018493,3.217391,0.013474,0.071688,0.097606
452,124.437813,1000.0,0.911997,0.877463,0.0,0.0,0.07801,51092.0,0.114653,0.459607,0.21876,0.371949,-0.026963,0.785708,5.072693,-0.01,-0.6,-0.012,-0.25,-0.36,-1.2,0.500007,-0.078463,-0.001481,0.0,-0.057438,-0.026247,-0.015867,-0.030445,0.837831,-0.058477,-0.07982,-0.010164,-0.023553,1.841089,0.410237,-0.091042,-0.000428,-0.012896,3.521739,0.010951,0.066166,0.097856
453,124.246788,1000.0,0.912539,0.897854,0.0,0.0,0.077986,71002.0,0.114137,0.485301,0.217511,0.36124,-0.026524,0.785519,5.064272,-0.01,-0.6,-0.012,-0.25,-0.36,-1.2,0.500007,-0.07702,-0.000857,0.0,-0.057113,-0.026444,-0.01552,-0.030333,0.846265,-0.056919,-0.082011,-0.00972,-0.024928,1.837255,0.398427,-0.089377,-0.000515,-0.021984,3.478261,0.014924,0.07363,0.080994
454,123.30867,1000.0,0.900531,0.876509,0.0,0.0,0.078131,68317.0,0.113095,0.45665,0.209737,0.353667,-0.025873,0.731092,5.069071,-0.01,-0.6,-0.012,-0.25,-0.36,-1.2,0.500007,-0.073625,-0.001785,0.0,-0.0558,-0.026295,-0.015836,-0.029959,0.828691,-0.058656,-0.085255,-0.009841,-0.024462,1.848136,0.411394,-0.087862,-0.000437,-0.021663,3.375,0.013727,0.082593,0.112302
455,124.797424,1000.0,0.893092,0.888572,0.0,0.0,0.077911,67577.0,0.113842,0.44939,0.216371,0.38581,-0.028583,0.793048,5.04562,-0.01,-0.6,-0.012,-0.25,-0.36,-1.2,0.500007,-0.079685,-0.001712,0.0,-0.061107,-0.026688,-0.01713,-0.032818,0.833621,-0.058165,-0.08416,-0.011228,-0.027406,1.838506,0.411409,-0.095804,-0.000474,-0.01428,3.416667,0.013626,0.071478,0.107194
456,124.673874,1000.0,0.89397,0.894566,0.0,0.0,0.077985,71162.0,0.116172,0.477101,0.222686,0.382236,-0.027783,0.78326,5.084602,-0.01,-0.6,-0.012,-0.25,-0.36,-1.2,0.500007,-0.076323,-0.001763,0.0,-0.060815,-0.026373,-0.016588,-0.031756,0.843867,-0.058926,-0.087501,-0.010642,-0.02583,1.839584,0.403258,-0.093299,-0.000532,-0.016744,2.695652,0.014657,0.078473,0.093526
457,125.593391,1000.0,0.908755,0.891893,0.0,0.0,0.077669,50955.0,0.121223,0.480953,0.243563,0.421457,-0.029991,0.834601,5.041698,-0.01,-0.6,-0.012,-0.25,-0.36,-1.2,0.500007,-0.074151,-0.00292,0.0,-0.063178,-0.027206,-0.018949,-0.033336,0.843726,-0.063609,-0.098236,-0.011338,-0.026477,1.827321,0.392109,-0.099134,-0.000509,-0.013048,3.166667,0.01334,0.067933,0.091172
458,125.223938,1000.0,0.904043,0.892067,0.0,0.0,0.077604,68297.0,0.114386,0.436553,0.21472,0.369162,-0.0266,0.7586,5.051069,-0.01,-0.6,-0.012,-0.25,-0.36,-1.2,0.500007,-0.076981,-0.002002,0.0,-0.056131,-0.026076,-0.016099,-0.030222,0.835485,-0.057021,-0.082763,-0.010366,-0.024023,1.840071,0.422264,-0.090422,-0.000593,-0.025863,24.875,0.010888,0.071033,0.101039
459,125.788208,1000.0,0.908784,0.891099,0.0,0.0,0.07752,69134.0,0.112216,0.458003,0.213523,0.369423,-0.026696,0.781416,5.057119,-0.01,-0.6,-0.012,-0.25,-0.36,-1.2,0.500007,-0.07872,-0.001564,0.0,-0.057454,-0.025773,-0.015854,-0.030173,0.840047,-0.057535,-0.08092,-0.010943,-0.0251,1.848566,0.412715,-0.089765,-0.000618,-0.020426,5.625,0.011511,0.079129,0.096601
460,124.207367,1000.0,0.905919,0.894103,0.0,0.0,0.077428,68214.0,0.114676,0.457343,0.22033,0.371034,-0.0271,0.756514,5.028352,-0.01,-0.6,-0.012,-0.25,-0.36,-1.2,0.500007,-0.074812,-0.001846,0.0,-0.057624,-0.026378,-0.016248,-0.030715,0.838021,-0.058569,-0.087613,-0.010071,-0.025349,1.838861,0.412015,-0.089931,-0.000461,-0.019543,6.958333,0.012592,0.078552,0.092764
461,124.00943,1000.0,0.904059,0.882588,0.0,0.0,0.077325,69258.0,0.112594,0.453567,0.213126,0.365276,-0.026112,0.747971,5.026549,-0.01,-0.6,-0.012,-0.25,-0.36,-1.2,0.500007,-0.079,-0.002292,0.0,-0.056464,-0.025904,-0.015917,-0.029993,0.83225,-0.05719,-0.080588,-0.010167,-0.024661,1.844342,0.416024,-0.089558,-0.000451,-0.017314,6.083333,0.012827,0.07466,0.096868
462,125.413239,1000.0,0.914225,0.896351,0.0,0.0,0.077151,68606.0,0.113917,0.459587,0.224218,0.371328,-0.027056,0.778594,5.007071,-0.01,-0.6,-0.012,-0.25,-0.36,-1.2,0.500007,-0.075657,-0.001413,0.0,-0.057701,-0.025776,-0.016387,-0.030076,0.847165,-0.056636,-0.083207,-0.009852,-0.025827,1.842563,0.412801,-0.088027,-0.000478,-0.016111,6.333333,0.011923,0.075611,0.093495
463,125.589294,1000.0,0.909027,0.890367,0.0,0.0,0.077024,49742.0,0.114749,0.467089,0.221062,0.382417,-0.027651,0.795676,5.023149,-0.01,-0.6,-0.012,-0.25,-0.36,-1.2,0.500007,-0.078448,-0.001929,0.0,-0.059408,-0.025833,-0.016327,-0.030959,0.842471,-0.056469,-0.08271,-0.010405,-0.02597,1.841417,0.411516,-0.091491,-0.000531,-0.022219,6.833333,0.012368,0.07155,0.100523
464,124.402939,1000.0,0.907292,0.87992,0.0,0.0,0.07715,65771.0,0.116501,0.481741,0.224248,0.387937,-0.028698,0.797983,5.003884,-0.01,-0.6,-0.012,-0.25,-0.36,-1.2,0.500007,-0.077548,-0.001942,0.0,-0.060841,-0.026269,-0.016837,-0.031887,0.842604,-0.058728,-0.083958,-0.010471,-0.026487,1.837405,0.399364,-0.093876,-0.000522,-0.020518,6.291667,0.010917,0.064774,0.103568
465,126.033348,1000.0,0.920336,0.89784,0.0,0.0,0.076918,61971.0,0.112921,0.452647,0.219768,0.373158,-0.027381,0.787565,5.0161,-0.01,-0.6,-0.012,-0.25,-0.36,-1.2,0.500007,-0.077198,-0.00136,0.0,-0.0589,-0.025714,-0.015757,-0.030176,0.850555,-0.055957,-0.084001,-0.010182,-0.026709,1.848377,0.418197,-0.089734,-0.000472,-0.01386,6.0,0.010621,0.074156,0.086776
466,125.038811,1000.0,0.906375,0.881959,0.0,0.0,0.076853,63107.0,0.113418,0.463623,0.225962,0.382826,-0.027338,0.786626,4.997315,-0.01,-0.6,-0.012,-0.25,-0.36,-1.2,0.500007,-0.075355,-0.002134,0.0,-0.058111,-0.026056,-0.016302,-0.030344,0.843326,-0.057352,-0.084807,-0.01029,-0.025365,1.84605,0.409394,-0.090465,-0.000551,-0.020518,6.083333,0.013563,0.081515,0.095764
467,125.650848,1000.0,0.92146,0.894363,0.0,0.0,0.07668,64098.0,0.117181,0.45175,0.226323,0.38258,-0.027907,0.813462,5.003063,-0.01,-0.6,-0.012,-0.25,-0.36,-1.2,0.500007,-0.077326,-0.001729,0.0,-0.059343,-0.026122,-0.016365,-0.030521,0.848894,-0.057432,-0.084218,-0.010457,-0.025612,1.837867,0.412251,-0.091392,-0.000608,-0.027247,4.791667,0.011677,0.072796,0.088735
468,124.88858,1000.0,0.908689,0.885909,0.0,0.0,0.076591,50118.0,0.117694,0.463236,0.223646,0.38201,-0.027995,0.773614,4.98729,-0.01,-0.6,-0.012,-0.25,-0.36,-1.2,0.500007,-0.077134,-0.001935,0.0,-0.059293,-0.026077,-0.016781,-0.031026,0.831672,-0.058372,-0.085707,-0.010723,-0.026208,1.830615,0.412646,-0.092148,-0.000476,-0.020399,6.125,0.012525,0.0844,0.099246
469,125.610558,1000.0,0.905041,0.897641,0.0,0.0,0.076546,67845.0,0.114604,0.444179,0.224951,0.380087,-0.027304,0.790235,5.002039,-0.01,-0.6,-0.012,-0.25,-0.36,-1.2,0.500007,-0.075653,-0.00196,0.0,-0.058149,-0.025773,-0.016246,-0.030617,0.839373,-0.057146,-0.084304,-0.010548,-0.024915,1.841331,0.418421,-0.090145,-0.000486,-0.023958,6.0,0.013604,0.068791,0.089691
470,125.282921,1000.0,0.913692,0.897747,0.0,0.0,0.076531,63907.0,0.114581,0.461882,0.22003,0.386088,-0.028286,0.780023,5.000554,-0.01,-0.6,-0.012,-0.25,-0.36,-1.2,0.500007,-0.078662,-0.002444,0.0,-0.060233,-0.025823,-0.016602,-0.031139,0.837074,-0.057677,-0.085121,-0.01072,-0.027031,1.842175,0.412975,-0.092338,-0.000365,-0.014814,6.5,0.014082,0.075728,0.097475
471,125.556129,1000.0,0.91003,0.888721,0.0,0.0,0.076436,61408.0,0.117722,0.460173,0.224379,0.386127,-0.027942,0.786425,5.018708,-0.01,-0.6,-0.012,-0.25,-0.36,-1.2,0.500007,-0.077486,-0.002681,0.0,-0.061402,-0.025839,-0.016623,-0.031015,0.840944,-0.057739,-0.08724,-0.01107,-0.027459,1.828479,0.414933,-0.091785,-0.000464,-0.025013,4.913043,0.014135,0.066898,0.092819
472,125.920891,1000.0,0.904067,0.888903,0.0,0.0,0.076313,62425.0,0.117812,0.461601,0.23091,0.39219,-0.028474,0.815617,5.00366,-0.01,-0.6,-0.012,-0.25,-0.36,-1.2,0.500007,-0.078079,-0.002455,0.0,-0.059867,-0.025906,-0.016852,-0.031062,0.845265,-0.057392,-0.083208,-0.010368,-0.026203,1.831226,0.40961,-0.091926,-0.000547,-0.02232,5.217391,0.013129,0.070635,0.097627
473,125.746765,1000.0,0.911259,0.887461,0.0,0.0,0.076411,47454.0,0.114435,0.452197,0.222114,0.388572,-0.028493,0.777235,5.064443,-0.01,-0.6,-0.012,-0.25,-0.36,-1.2,0.500007,-0.077157,-0.002047,0.0,-0.05844,-0.02593,-0.016645,-0.030796,0.831688,-0.057487,-0.081019,-0.010191,-0.025349,1.84134,0.417272,-0.092754,-0.000394,-0.015385,5.666667,0.01313,0.072607,0.098627
474,125.24514,1000.0,0.904324,0.895575,0.0,0.0,0.076514,68367.0,0.116432,0.448703,0.227618,0.385683,-0.028172,0.784778,5.00558,-0.01,-0.6,-0.012,-0.25,-0.36,-1.2,0.500007,-0.07597,-0.001898,0.0,-0.058659,-0.026135,-0.016962,-0.031617,0.843162,-0.058565,-0.087572,-0.010595,-0.025516,1.831842,0.415229,-0.091629,-0.000517,-0.014458,5.083333,0.012068,0.070213,0.094721
475,124.601166,1000.0,0.912449,0.884698,0.0,0.0,0.076492,67640.0,0.114629,0.465977,0.211698,0.360488,-0.026936,0.74673,5.027297,-0.01,-0.6,-0.012,-0.25,-0.36,-1.2,0.500007,-0.078539,-0.00254,0.0,-0.058613,-0.025535,-0.016089,-0.030579,0.842687,-0.056229,-0.083517,-0.011189,-0.027241,1.841331,0.41452,-0.088996,-0.000401,-0.014177,4.875,0.013258,0.075783,0.091542
476,124.372017,1000.0,0.911554,0.885996,0.0,0.0,0.076384,65057.0,0.115391,0.464971,0.215699,0.360694,-0.026013,0.770587,5.028314,-0.01,-0.6,-0.012,-0.25,-0.36,-1.2,0.500007,-0.077361,-0.001501,0.0,-0.056291,-0.025238,-0.01539,-0.029483,0.845021,-0.055328,-0.080779,-0.009739,-0.026462,1.836814,0.418712,-0.085762,-0.000436,-0.023218,4.695652,0.012291,0.076622,0.109055
477,125.075768,1000.0,0.90382,0.878211,0.0,0.0,0.076335,62408.0,0.115537,0.466787,0.221773,0.38234,-0.027651,0.784935,5.04957,-0.01,-0.6,-0.012,-0.25,-0.36,-1.2,0.500007,-0.077267,-0.002059,0.0,-0.057598,-0.025882,-0.016355,-0.031025,0.838575,-0.058261,-0.083567,-0.010373,-0.02568,1.837557,0.407731,-0.091328,-0.000435,-0.017714,5.333333,0.014894,0.083755,0.107154
478,125.127495,1000.0,0.915544,0.885193,0.0,0.0,0.076191,60407.0,0.112143,0.446808,0.221822,0.379,-0.02731,0.778733,5.033634,-0.01,-0.6,-0.012,-0.25,-0.36,-1.2,0.500007,-0.07788,-0.001724,0.0,-0.057994,-0.025454,-0.016383,-0.03037,0.843168,-0.054982,-0.080584,-0.009972,-0.025372,1.846493,0.423112,-0.090227,-0.000569,-0.023639,4.083333,0.011164,0.072892,0.111944
479,124.113739,1000.0,0.910151,0.883339,0.0,0.0,0.075998,44955.0,0.112283,0.444701,0.215554,0.372505,-0.026861,0.752092,5.028381,-0.01,-0.6,-0.012,-0.25,-0.36,-1.2,0.500007,-0.078373,-0.00236,0.0,-0.057138,-0.02549,-0.016361,-0.029824,0.831921,-0.05469,-0.079341,-0.009935,-0.024813,1.838695,0.428705,-0.091164,-0.000401,-0.016607,4.521739,0.012036,0.071597,0.110382
480,123.932167,1000.0,0.913612,0.887632,0.0,0.0,0.075974,69704.0,0.117584,0.458519,0.225479,0.382175,-0.027488,0.770375,5.033775,-0.01,-0.6,-0.012,-0.25,-0.36,-1.2,0.500007,-0.074457,-0.002197,0.0,-0.059475,-0.026043,-0.01686,-0.030709,0.836354,-0.057667,-0.08685,-0.010138,-0.026837,1.830607,0.413552,-0.091465,-0.000401,-0.015886,4.521739,0.012663,0.077451,0.112985
481,124.586075,1000.0,0.911593,0.886626,0.0,0.0,0.07586,67775.0,0.114782,0.446366,0.223545,0.370063,-0.026857,0.761056,5.016433,-0.01,-0.6,-0.012,-0.25,-0.36,-1.2,0.500007,-0.073437,-0.001917,0.0,-0.056748,-0.025433,-0.01583,-0.029094,0.84096,-0.055166,-0.08376,-0.009486,-0.025665,1.838352,0.424353,-0.087269,-0.000418,-0.022835,3.666667,0.013164,0.077007,0.111976
482,124.512268,1000.0,0.911337,0.876998,0.0,0.0,0.075902,68522.0,0.11156,0.447688,0.21218,0.36987,-0.026797,0.768555,5.031576,-0.01,-0.6,-0.012,-0.25,-0.36,-1.2,0.500007,-0.079157,-0.002047,0.0,-0.057671,-0.025119,-0.015281,-0.029651,0.830042,-0.053512,-0.080371,-0.01047,-0.026548,1.849694,0.425912,-0.089678,-0.000543,-0.021739,3.826087,0.011741,0.065172,0.10869
483,125.344048,1000.0,0.907818,0.880211,0.0,0.0,0.075687,70889.0,0.118393,0.453696,0.236174,0.397733,-0.028844,0.796639,5.059078,-0.01,-0.6,-0.012,-0.25,-0.36,-1.2,0.500007,-0.074208,-0.002114,0.0,-0.057647,-0.025583,-0.016664,-0.030306,0.839301,-0.056207,-0.083015,-0.009764,-0.025317,1.831348,0.421282,-0.091047,-0.000565,-0.020713,4.227273,0.01276,0.086803,0.10595
484,125.133934,1000.0,0.900576,0.889383,0.0,0.0,0.07573,48723.0,0.113996,0.464151,0.220692,0.377279,-0.027086,0.78981,5.068895,-0.01,-0.6,-0.012,-0.25,-0.36,-1.2,0.500007,-0.07656,-0.002717,0.0,-0.059271,-0.02539,-0.015975,-0.030686,0.837212,-0.054373,-0.081603,-0.009707,-0.026982,1.845094,0.414606,-0.0893,-0.000423,-0.019162,3.913043,0.013636,0.077165,0.093964
485,124.589035,1000.0,0.889203,0.886957,0.0,0.0,0.075748,69783.0,0.118259,0.459225,0.230419,0.40047,-0.029881,0.80102,5.039996,-0.01,-0.6,-0.012,-0.25,-0.36,-1.2,0.500007,-0.077035,-0.002212,0.0,-0.062797,-0.026243,-0.018165,-0.033246,0.837556,-0.057748,-0.088161,-0.011537,-0.028919,1.827267,0.408735,-0.096331,-0.000394,-0.019681,3.95,0.015257,0.073299,0.113477
486,124.823448,1000.0,0.915604,0.88628,0.0,0.0,0.075527,60991.0,0.117695,0.422366,0.241457,0.390635,-0.027731,0.819149,5.046397,-0.01,-0.6,-0.012,-0.25,-0.36,-1.2,0.500007,-0.074606,-0.001923,0.0,-0.05826,-0.025409,-0.016053,-0.029881,0.847124,-0.057039,-0.083201,-0.009967,-0.02477,1.827534,0.429502,-0.089207,-0.000485,-0.01989,2.956522,0.013718,0.067795,0.098362
487,124.453217,1000.0,0.902446,0.869027,0.0,0.0,0.07529,62144.0,0.112267,0.444811,0.208359,0.356383,-0.025903,0.732129,5.045414,-0.01,-0.6,-0.012,-0.25,-0.36,-1.2,0.500007,-0.077481,-0.002399,0.0,-0.055595,-0.025296,-0.015841,-0.03049,0.827411,-0.055645,-0.078046,-0.010241,-0.024413,1.844034,0.423022,-0.087654,-0.000318,-0.014391,2.875,0.01481,0.077453,0.110323
488,126.018448,1000.0,0.897605,0.884391,0.0,0.0,0.075145,65242.0,0.119101,0.4404,0.23259,0.414173,-0.030262,0.807676,5.023407,-0.01,-0.6,-0.012,-0.25,-0.36,-1.2,0.500007,-0.080169,-0.002689,0.0,-0.062241,-0.025849,-0.018201,-0.032828,0.839631,-0.057435,-0.083135,-0.011282,-0.02648,1.820267,0.422033,-0.097405,-0.000394,-0.020807,3.708333,0.013893,0.078259,0.084728
489,125.800591,1000.0,0.910918,0.887463,0.0,0.0,0.07518,69880.0,0.114733,0.442892,0.216571,0.369761,-0.027302,0.783069,5.037485,-0.01,-0.6,-0.012,-0.25,-0.36,-1.2,0.500007,-0.077579,-0.001884,0.0,-0.056197,-0.02494,-0.015748,-0.030209,0.837406,-0.053385,-0.079984,-0.009568,-0.024559,1.848971,0.429301,-0.087959,-0.000464,-0.019628,2.869565,0.013146,0.06253,0.10173
490,124.704323,1000.0,0.905115,0.893179,0.0,0.0,0.075118,47360.0,0.111352,0.436771,0.212848,0.367217,-0.026684,0.751825,5.022899,-0.01,-0.6,-0.012,-0.25,-0.36,-1.2,0.500007,-0.078155,-0.002078,0.0,-0.056103,-0.025203,-0.015333,-0.029796,0.83082,-0.052577,-0.076314,-0.009694,-0.02558,1.845337,0.43564,-0.088802,-0.000419,-0.014947,3.75,0.014018,0.07606,0.10995
491,124.973503,1000.0,0.912905,0.887888,0.0,0.0,0.075152,62587.0,0.11224,0.448367,0.221458,0.373994,-0.027609,0.768566,5.06119,-0.01,-0.6,-0.012,-0.25,-0.36,-1.2,0.500007,-0.075616,-0.001737,0.0,-0.056896,-0.02514,-0.015839,-0.029722,0.839402,-0.0535,-0.079327,-0.0099,-0.026571,1.845587,0.427089,-0.088217,-0.000439,-0.026113,4.0,0.012234,0.064639,0.117494
492,125.45697,1000.0,0.914135,0.886756,0.0,0.0,0.074998,65921.0,0.114984,0.457922,0.234165,0.388292,-0.027347,0.781848,5.006874,-0.01,-0.6,-0.012,-0.25,-0.36,-1.2,0.500007,-0.073093,-0.002261,0.0,-0.058147,-0.025255,-0.015996,-0.029503,0.842017,-0.054529,-0.083137,-0.009678,-0.025533,1.840161,0.418686,-0.08831,-0.000426,-0.00976,2.818182,0.012459,0.080366,0.085015
493,124.492882,1000.0,0.910806,0.874991,0.0,0.0,0.074777,68249.0,0.110878,0.454064,0.205538,0.37573,-0.027976,0.748026,5.037017,-0.01,-0.6,-0.012,-0.25,-0.36,-1.2,0.500007,-0.081373,-0.001825,0.0,-0.058192,-0.025314,-0.017051,-0.031663,0.821193,-0.055262,-0.081028,-0.010655,-0.02619,1.841057,0.423256,-0.093302,-0.000424,-0.009715,3.541667,0.011795,0.084506,0.095694
494,124.50692,1000.0,0.909377,0.878075,0.0,0.0,0.074715,71476.0,0.109688,0.461243,0.209724,0.373382,-0.027175,0.740219,5.004484,-0.01,-0.6,-0.012,-0.25,-0.36,-1.2,0.500007,-0.079492,-0.00314,0.0,-0.05531,-0.024866,-0.016474,-0.029966,0.821994,-0.054355,-0.082021,-0.010872,-0.024935,1.852718,0.425312,-0.089851,-0.00045,-0.013886,3.434783,0.012165,0.075259,0.086269
495,125.40686,1000.0,0.908345,0.888144,0.0,0.0,0.07472,48608.0,0.113172,0.428442,0.22201,0.36762,-0.026624,0.773501,5.010293,-0.01,-0.6,-0.012,-0.25,-0.36,-1.2,0.500007,-0.078458,-0.001978,0.0,-0.056357,-0.024679,-0.014934,-0.0291,0.844196,-0.051468,-0.075663,-0.009478,-0.02469,1.845823,0.441088,-0.086441,-0.000353,-0.022236,3.304348,0.011042,0.076096,0.102107
496,125.107246,1000.0,0.914101,0.884861,0.0,0.0,0.074769,68599.0,0.113599,0.421594,0.214573,0.372087,-0.026754,0.756578,5.026558,-0.01,-0.6,-0.012,-0.25,-0.36,-1.2,0.500007,-0.078057,-0.001683,0.0,-0.055287,-0.024818,-0.015771,-0.02983,0.830217,-0.05215,-0.078247,-0.008975,-0.024112,1.838165,0.444021,-0.087715,-0.000431,-0.012914,3.333333,0.011535,0.08039,0.095477
497,125.307487,998.23999,0.902544,0.873527,0.041667,0.0,0.074696,71247.0,0.116572,0.437805,0.232529,0.389676,-0.029084,0.790401,5.048689,-0.01,-0.6,-0.012,-0.25,-0.36,-1.2,0.499085,-0.075484,-0.002123,-0.000417,-0.058281,-0.02528,-0.01646,-0.030879,0.840093,-0.053743,-0.081299,-0.00977,-0.026165,1.827726,0.432375,-0.089879,-0.000391,-0.026336,3.333333,0.014679,0.078227,0.107104
498,125.542709,1000.0,0.914203,0.880217,0.0,0.0,0.074443,73203.0,0.115889,0.443051,0.225469,0.39004,-0.028005,0.799764,5.008323,-0.01,-0.6,-0.012,-0.25,-0.36,-1.2,0.500007,-0.076126,-0.001719,0.0,-0.059378,-0.02503,-0.016096,-0.030204,0.838593,-0.05416,-0.082833,-0.010512,-0.026851,1.834556,0.427169,-0.091275,-0.000448,-0.018379,2.391304,0.013637,0.074703,0.101723
499,122.814629,991.630005,0.892013,0.87247,0.041667,0.0,0.074404,70050.0,0.116081,0.437734,0.216949,0.383558,-0.028092,0.749874,4.989162,-0.010417,-0.608333,-0.012333,-0.25,-0.37,-1.233333,0.494187,-0.076884,-0.002756,-0.000556,-0.059365,-0.025018,-0.016909,-0.031456,0.812668,-0.054977,-0.083091,-0.01061,-0.027565,1.812984,0.423165,-0.091521,-0.000449,-0.020615,3.25,0.012089,0.078478,0.109284
500,125.767517,1000.0,0.908243,0.891206,0.041667,0.0,0.074471,65988.0,0.11447,0.467378,0.22519,0.374628,-0.026787,0.766796,5.029877,-0.02,-0.8,-0.02,-0.25,-0.6,-2.0,0.499964,-0.077567,-0.002388,-4e-06,-0.055362,-0.024887,-0.015917,-0.02951,0.833626,-0.053884,-0.079092,-0.009515,-0.023984,1.841126,0.422434,-0.087454,-0.000409,-0.015369,25.333334,0.011608,0.071982,0.094341
501,125.561996,1000.0,0.903267,0.891727,0.0,0.0,0.074301,48436.0,0.111253,0.425193,0.216718,0.374253,-0.027015,0.775594,5.021861,-0.02,-0.8,-0.02,-0.25,-0.6,-2.0,0.500007,-0.081934,-0.002166,0.0,-0.057088,-0.024792,-0.01581,-0.030678,0.837364,-0.053589,-0.077982,-0.010433,-0.025334,1.846225,0.441624,-0.08855,-0.000498,-0.023766,7.166667,0.012731,0.073018,0.098409
502,124.054123,1000.0,0.914946,0.888639,0.0,0.0,0.074209,66602.0,0.113512,0.449506,0.217323,0.372691,-0.026982,0.762235,5.058351,-0.02,-0.8,-0.02,-0.25,-0.6,-2.0,0.500007,-0.082661,-0.001963,0.0,-0.057233,-0.024636,-0.015978,-0.030521,0.833992,-0.054473,-0.082265,-0.009576,-0.025332,1.839697,0.432593,-0.088454,-0.000431,-0.015948,6.333333,0.012752,0.073618,0.099003
503,123.921272,990.01001,0.902215,0.881744,0.083333,0.0,0.074184,65821.0,0.110967,0.432024,0.214325,0.367693,-0.026401,0.756459,5.036233,-0.02,-0.8,-0.02,-0.25,-0.6,-2.0,0.495291,-0.084204,-0.002395,-0.000394,-0.055326,-0.024265,-0.015638,-0.030328,0.824148,-0.05395,-0.080892,-0.010002,-0.024808,1.825369,0.439199,-0.08689,-0.000621,-0.021973,5.958333,0.013032,0.085037,0.122145
504,125.40918,1000.0,0.910437,0.891372,0.0,0.0,0.074137,66171.0,0.11422,0.412895,0.218948,0.36881,-0.02702,0.780041,5.024784,-0.02,-0.8,-0.02,-0.25,-0.6,-2.0,0.500007,-0.084331,-0.002039,0.0,-0.056325,-0.024441,-0.015501,-0.0312,0.841672,-0.055124,-0.085146,-0.00983,-0.025641,1.84274,0.447959,-0.085898,-0.0005,-0.019397,6.875,0.012803,0.07893,0.106014
505,125.674652,1000.0,0.904632,0.886181,0.0,0.0,0.07396,66812.0,0.112541,0.413398,0.226912,0.382162,-0.027315,0.791128,5.069049,-0.02,-0.8,-0.02,-0.25,-0.6,-2.0,0.500007,-0.087915,-0.002472,0.0,-0.056449,-0.024455,-0.015858,-0.030924,0.839162,-0.055349,-0.08519,-0.009728,-0.025525,1.847126,0.448648,-0.086902,-0.000584,-0.039912,6.416667,0.013962,0.076549,0.106812
506,124.80603,1000.0,0.907663,0.891562,0.0,0.0,0.073893,48171.0,0.114876,0.432165,0.22329,0.381962,-0.027577,0.763485,5.026738,-0.02,-0.8,-0.02,-0.25,-0.6,-2.0,0.500007,-0.086296,-0.002324,0.0,-0.056287,-0.024994,-0.016781,-0.031897,0.828782,-0.059854,-0.091471,-0.010133,-0.025437,1.843197,0.434532,-0.088777,-0.000463,-0.017277,5.695652,0.013183,0.079591,0.107164
507,124.083801,1000.0,0.913039,0.885034,0.0,0.0,0.073732,59709.0,0.112786,0.417115,0.214812,0.374357,-0.026976,0.767523,5.023259,-0.02,-0.8,-0.02,-0.25,-0.6,-2.0,0.500007,-0.093336,-0.002563,0.0,-0.056268,-0.024506,-0.015884,-0.031621,0.830546,-0.058246,-0.088077,-0.009934,-0.02484,1.842656,0.449198,-0.088461,-0.000626,-0.025415,6.375,0.012894,0.080006,0.091876
508,124.287727,1000.0,0.909612,0.884353,0.0,0.0,0.07357,65537.0,0.112293,0.424201,0.225833,0.380482,-0.026804,0.784171,5.024143,-0.02,-0.8,-0.02,-0.25,-0.6,-2.0,0.500007,-0.093294,-0.002346,0.0,-0.056744,-0.024578,-0.01591,-0.031743,0.830328,-0.058793,-0.090393,-0.009483,-0.024376,1.841352,0.446796,-0.088782,-0.000565,-0.018497,5.583333,0.013548,0.08048,0.106181
509,125.551102,1000.0,0.912259,0.891195,0.0,0.0,0.073393,64924.0,0.112817,0.430024,0.231883,0.386807,-0.027703,0.799628,5.01193,-0.02,-0.8,-0.02,-0.25,-0.6,-2.0,0.500007,-0.093576,-0.001871,0.0,-0.05753,-0.024733,-0.016319,-0.031945,0.840226,-0.06135,-0.093705,-0.010096,-0.025198,1.846524,0.437513,-0.087886,-0.0006,-0.014188,5.291667,0.011838,0.062161,0.097086
510,124.41349,1000.0,0.90922,0.883806,0.0,0.0,0.073195,60216.0,0.113589,0.421953,0.221004,0.375115,-0.027292,0.783019,5.005533,-0.02,-0.8,-0.02,-0.25,-0.6,-2.0,0.500007,-0.097918,-0.002263,0.0,-0.057197,-0.024196,-0.015614,-0.03221,0.837276,-0.060504,-0.092434,-0.0103,-0.02583,1.84274,0.445087,-0.086797,-0.000518,-0.023689,6.083333,0.013337,0.077738,0.105799
511,124.741867,1000.0,0.905451,0.886764,0.0,0.0,0.073109,69803.0,0.116048,0.436063,0.22328,0.378738,-0.027499,0.762343,4.995124,-0.02,-0.8,-0.02,-0.25,-0.6,-2.0,0.500007,-0.096325,-0.002251,0.0,-0.056348,-0.02463,-0.016044,-0.032646,0.828205,-0.0628,-0.095264,-0.009913,-0.025816,1.837824,0.437283,-0.087543,-0.000482,-0.016152,6.291667,0.014028,0.073058,0.099202
512,124.016319,1000.0,0.920082,0.886668,0.0,0.0,0.072882,48591.0,0.110055,0.429434,0.205038,0.363803,-0.027169,0.726168,5.01733,-0.02,-0.8,-0.02,-0.25,-0.6,-2.0,0.500007,-0.10126,-0.002808,0.0,-0.054931,-0.024265,-0.015951,-0.032819,0.824564,-0.061112,-0.092673,-0.009971,-0.025019,1.847106,0.445343,-0.087909,-0.000486,-0.019269,5.75,0.013346,0.075059,0.105761
513,123.998222,1000.0,0.888689,0.890179,0.0,0.0,0.072618,73392.0,0.113679,0.416684,0.217854,0.365209,-0.026571,0.751984,5.007901,-0.02,-0.8,-0.02,-0.25,-0.6,-2.0,0.500007,-0.098662,-0.002277,0.0,-0.055915,-0.024358,-0.015477,-0.032974,0.829771,-0.062974,-0.096812,-0.009523,-0.026276,1.843217,0.446391,-0.085703,-0.000566,-0.020048,5.227273,0.013694,0.072866,0.094478
514,124.105499,1000.0,0.905888,0.898834,0.0,0.0,0.072655,70725.0,0.114655,0.422535,0.222009,0.368626,-0.027184,0.769153,5.00389,-0.02,-0.8,-0.02,-0.25,-0.6,-2.0,0.500007,-0.101217,-0.001885,0.0,-0.055853,-0.024542,-0.01572,-0.033356,0.839612,-0.063946,-0.097105,-0.009331,-0.026127,1.8392,0.440917,-0.08606,-0.000539,-0.019228,5.416667,0.012321,0.076991,0.097268
515,124.706917,1000.0,0.908765,0.889256,0.0,0.0,0.072553,70752.0,0.11433,0.406623,0.225103,0.376889,-0.027352,0.760713,5.009012,-0.02,-0.8,-0.02,-0.25,-0.6,-2.0,0.500007,-0.1021,-0.002407,0.0,-0.054791,-0.02419,-0.015556,-0.033069,0.83378,-0.063466,-0.096825,-0.009312,-0.024185,1.841128,0.453672,-0.086318,-0.000544,-0.019098,5.375,0.010914,0.069365,0.100492
516,124.872032,1000.0,0.912638,0.885607,0.0,0.0,0.072431,67999.0,0.115106,0.42066,0.225492,0.384951,-0.027791,0.787625,4.984009,-0.02,-0.8,-0.02,-0.25,-0.6,-2.0,0.500007,-0.107411,-0.002214,0.0,-0.058129,-0.024299,-0.015976,-0.033402,0.839676,-0.067576,-0.106992,-0.009788,-0.027323,1.844092,0.441963,-0.08674,-0.000672,-0.016518,5.041667,0.012069,0.076439,0.108444
517,124.501465,1000.0,0.915704,0.891718,0.0,0.0,0.072427,50016.0,0.112785,0.417393,0.21818,0.366279,-0.026062,0.758792,5.003431,-0.02,-0.8,-0.02,-0.25,-0.6,-2.0,0.500007,-0.105616,-0.001878,0.0,-0.054786,-0.024255,-0.015284,-0.033115,0.835858,-0.06501,-0.103071,-0.009254,-0.02496,1.846204,0.448369,-0.084508,-0.000479,-0.020624,4.565217,0.012811,0.067805,0.10143
518,124.051643,1000.0,0.90434,0.888358,0.0,0.0,0.072145,70899.0,0.115359,0.437986,0.224858,0.380286,-0.027194,0.768839,4.98821,-0.02,-0.8,-0.02,-0.25,-0.6,-2.0,0.500007,-0.107128,-0.002146,0.0,-0.057212,-0.024248,-0.015917,-0.034304,0.833291,-0.067633,-0.108297,-0.00967,-0.026483,1.841619,0.439217,-0.086729,-0.000528,-0.022448,5.333333,0.01259,0.065809,0.098602
519,124.30555,1000.0,0.918093,0.887758,0.0,0.0,0.072071,70428.0,0.111139,0.409036,0.219578,0.372959,-0.027068,0.76933,5.007599,-0.02,-0.8,-0.02,-0.25,-0.6,-2.0,0.500007,-0.119027,-0.001931,0.0,-0.054317,-0.023589,-0.015221,-0.033591,0.833252,-0.063812,-0.092151,-0.009193,-0.023524,1.851038,0.459828,-0.086244,-0.000639,-0.024516,4.708333,0.012542,0.076706,0.120412
520,124.429626,1000.0,0.918417,0.8822,0.0,0.0,0.072217,68367.0,0.114897,0.424638,0.23141,0.391051,-0.027356,0.780181,4.975948,-0.02,-0.8,-0.02,-0.25,-0.6,-2.0,0.500007,-0.110401,-0.002667,0.0,-0.057321,-0.024325,-0.016488,-0.034461,0.835186,-0.067599,-0.109195,-0.009522,-0.025019,1.840656,0.444486,-0.088224,-0.000476,-0.022653,4.333333,0.012467,0.075124,0.10063
521,122.79599,994.539978,0.907656,0.880306,0.045455,0.0,0.072059,73403.0,0.114849,0.462883,0.220395,0.38583,-0.027961,0.786463,4.999353,-0.02,-0.8,-0.02,-0.25,-0.6,-2.0,0.495863,-0.118928,-0.002175,-0.000606,-0.058251,-0.023887,-0.016349,-0.035828,0.829712,-0.070331,-0.106779,-0.010521,-0.026474,1.816527,0.420932,-0.08962,-0.000399,-0.015464,4.227273,0.013488,0.080009,0.103789
522,124.769547,1000.0,0.916265,0.89601,0.0,0.0,0.072035,71375.0,0.115596,0.404911,0.228216,0.393221,-0.028088,0.794519,4.978977,-0.02,-0.8,-0.02,-0.25,-0.6,-2.0,0.500007,-0.115948,-0.002149,0.0,-0.057772,-0.02429,-0.016598,-0.034712,0.839469,-0.070014,-0.113998,-0.010433,-0.026182,1.834358,0.452692,-0.088116,-0.000546,-0.016218,4.166667,0.012687,0.069848,0.120858
523,123.112335,1000.0,0.891907,0.881798,0.0,0.0,0.072054,45820.0,0.115059,0.447643,0.225846,0.388608,-0.027084,0.781737,4.999365,-0.02,-0.8,-0.02,-0.25,-0.6,-2.0,0.500007,-0.121041,-0.002903,0.0,-0.058132,-0.023959,-0.016287,-0.035595,0.830403,-0.070534,-0.111565,-0.009885,-0.026214,1.835976,0.440669,-0.087374,-0.000651,-0.031481,4.166667,0.012434,0.082116,0.112757
524,122.379669,1000.0,0.906716,0.885261,0.0,0.0,0.071861,70000.0,0.111834,0.41426,0.212464,0.358392,-0.026081,0.724593,5.014812,-0.02,-0.8,-0.02,-0.25,-0.6,-2.0,0.500007,-0.119242,-0.001799,0.0,-0.053257,-0.023569,-0.015399,-0.03432,0.82041,-0.067959,-0.108302,-0.008957,-0.025214,1.847124,0.457882,-0.083129,-0.000726,-0.021253,3.608696,0.012029,0.076144,0.110215
525,123.360542,1000.0,0.924988,0.877052,0.0,0.0,0.071666,74641.0,0.118232,0.423261,0.232641,0.400741,-0.029199,0.814467,5.011854,-0.02,-0.8,-0.02,-0.25,-0.6,-2.0,0.500007,-0.120322,-0.002798,0.0,-0.060625,-0.024328,-0.01715,-0.037378,0.840641,-0.074827,-0.115246,-0.010546,-0.027462,1.830916,0.439632,-0.089556,-0.001078,-0.024204,4.045455,0.011972,0.07632,0.113987
526,124.090149,1000.0,0.897749,0.889279,0.0,0.0,0.071379,77508.0,0.113247,0.412931,0.228244,0.373034,-0.026313,0.784622,5.028321,-0.02,-0.8,-0.02,-0.25,-0.6,-2.0,0.500007,-0.121298,-0.002101,0.0,-0.05555,-0.023586,-0.015467,-0.035814,0.839803,-0.071433,-0.115374,-0.009528,-0.024981,1.844257,0.450109,-0.083232,-0.000686,-0.023505,4.05,0.01554,0.070109,0.097796
527,123.619881,1000.0,0.901799,0.88531,0.0,0.0,0.071417,72948.0,0.112518,0.408169,0.218187,0.365437,-0.026405,0.761929,4.997189,-0.02,-0.8,-0.02,-0.25,-0.6,-2.0,0.500007,-0.128781,-0.002022,0.0,-0.054416,-0.023457,-0.015288,-0.034942,0.832599,-0.070328,-0.108343,-0.00955,-0.025433,1.845786,0.463582,-0.083714,-0.000601,-0.017128,3.608696,0.012861,0.071162,0.101355
528,123.302322,1000.0,0.89636,0.868964,0.0,0.0,0.07128,73239.0,0.112102,0.420667,0.222709,0.375905,-0.026279,0.777164,5.009681,-0.02,-0.8,-0.02,-0.25,-0.6,-2.0,0.500007,-0.125424,-0.001798,0.0,-0.053826,-0.023578,-0.015044,-0.035034,0.827004,-0.07315,-0.115143,-0.008971,-0.02487,1.85112,0.450617,-0.083784,-0.000785,-0.016288,2.956522,0.015298,0.0766,0.107563
529,123.325882,1000.0,0.888736,0.876081,0.0,0.0,0.071168,48892.0,0.115901,0.418745,0.226534,0.389162,-0.027757,0.764997,5.009296,-0.02,-0.8,-0.02,-0.25,-0.6,-2.0,0.500007,-0.126759,-0.002989,0.0,-0.05577,-0.024042,-0.016497,-0.037729,0.823179,-0.077114,-0.121989,-0.009999,-0.02495,1.83212,0.449049,-0.088172,-0.000481,-0.017009,3.125,0.014627,0.061683,0.108544
530,122.838257,1000.0,0.914812,0.890266,0.0,0.0,0.070933,71237.0,0.105724,0.403676,0.210332,0.351453,-0.024092,0.705357,5.006128,-0.02,-0.8,-0.02,-0.25,-0.6,-2.0,0.500007,-0.12694,-0.002073,0.0,-0.048468,-0.022815,-0.014119,-0.033247,0.819078,-0.067831,-0.109787,-0.008619,-0.021349,1.861526,0.475201,-0.079287,-0.000538,-0.014943,3.458333,0.01319,0.070886,0.081194
531,123.145157,1000.0,0.899205,0.886424,0.0,0.0,0.070933,71825.0,0.114855,0.41747,0.224737,0.402019,-0.029156,0.776167,5.015704,-0.02,-0.8,-0.02,-0.25,-0.6,-2.0,0.500007,-0.138896,-0.002541,0.0,-0.057044,-0.023757,-0.017023,-0.039233,0.824123,-0.075066,-0.114745,-0.009479,-0.026219,1.839373,0.454052,-0.091124,-0.000756,-0.017643,3.217391,0.012251,0.078187,0.098356
532,123.783577,1000.0,0.90689,0.886057,0.0,0.0,0.070717,71334.0,0.112336,0.411032,0.209751,0.362778,-0.026189,0.739642,4.985254,-0.02,-0.8,-0.02,-0.25,-0.6,-2.0,0.500007,-0.136239,-0.002083,0.0,-0.053059,-0.023297,-0.015432,-0.035951,0.823784,-0.074231,-0.115439,-0.009529,-0.025029,1.844779,0.460195,-0.082853,-0.000585,-0.020646,3.375,0.012995,0.067038,0.085268
533,121.975647,1000.0,0.896921,0.885738,0.0,0.0,0.070408,68132.0,0.114011,0.451248,0.215186,0.376877,-0.02722,0.75999,4.965999,-0.02,-0.8,-0.02,-0.25,-0.6,-2.0,0.500007,-0.140623,-0.002933,0.0,-0.056631,-0.023723,-0.016402,-0.037752,0.827032,-0.078695,-0.121284,-0.009697,-0.025302,1.838647,0.440789,-0.086911,-0.000583,-0.014155,4.041667,0.015314,0.07235,0.105054
534,122.835915,1000.0,0.906907,0.880724,0.0,0.0,0.0704,73840.0,0.108811,0.399287,0.212425,0.366172,-0.025703,0.756379,4.97181,-0.02,-0.8,-0.02,-0.25,-0.6,-2.0,0.500007,-0.142215,-0.002418,0.0,-0.053509,-0.023185,-0.015456,-0.036916,0.826635,-0.07531,-0.118405,-0.009352,-0.022769,1.85481,0.466376,-0.08456,-0.000762,-0.013078,2.590909,0.014813,0.094666,0.118536
535,122.969856,1000.0,0.912403,0.873016,0.0,0.0,0.070169,49786.0,0.11447,0.419429,0.220756,0.388403,-0.028256,0.808599,4.958171,-0.02,-0.8,-0.02,-0.25,-0.6,-2.0,0.500007,-0.145414,-0.002544,0.0,-0.058467,-0.023548,-0.016607,-0.039557,0.841322,-0.079714,-0.127621,-0.009807,-0.027452,1.84191,0.450495,-0.088579,-0.000725,-0.020277,3.782609,0.011956,0.072096,0.101513
536,123.24099,1000.0,0.906451,0.885623,0.0,0.0,0.070171,71164.0,0.110015,0.400623,0.214361,0.357661,-0.025477,0.740423,4.952354,-0.02,-0.8,-0.02,-0.25,-0.6,-2.0,0.500007,-0.139918,-0.002272,0.0,-0.050764,-0.023206,-0.015262,-0.036668,0.821692,-0.076292,-0.121242,-0.008503,-0.023003,1.85612,0.467506,-0.081778,-0.00065,-0.018574,3.625,0.015288,0.076978,0.096495
537,123.669769,1000.0,0.902643,0.873832,0.0,0.0,0.07004,70368.0,0.119425,0.414816,0.248501,0.424335,-0.029844,0.834093,4.921656,-0.02,-0.8,-0.02,-0.25,-0.6,-2.0,0.500007,-0.142613,-0.002334,0.0,-0.059658,-0.023687,-0.017265,-0.039536,0.840181,-0.082859,-0.133243,-0.009373,-0.026356,1.830598,0.445757,-0.090776,-0.000714,-0.026145,3.086957,0.013127,0.075263,0.09206
538,123.304916,1000.0,0.907948,0.881329,0.0,0.0,0.070092,71126.0,0.114798,0.417502,0.227174,0.380996,-0.027256,0.779562,4.925559,-0.02,-0.8,-0.02,-0.25,-0.6,-2.0,0.500007,-0.148967,-0.002281,0.0,-0.05572,-0.022983,-0.015888,-0.037652,0.836712,-0.079907,-0.12249,-0.009411,-0.025502,1.838847,0.455775,-0.085141,-0.000741,-0.034761,3.375,0.013721,0.072172,0.104434
539,123.072258,1000.0,0.916348,0.88274,0.0,0.0,0.070024,73011.0,0.114374,0.420946,0.223446,0.38615,-0.027755,0.790211,4.919017,-0.02,-0.8,-0.02,-0.25,-0.6,-2.0,0.500007,-0.148507,-0.001935,0.0,-0.057071,-0.023112,-0.015882,-0.038727,0.83896,-0.082611,-0.130844,-0.010223,-0.026976,1.839402,0.454183,-0.085891,-0.000565,-0.019885,3.347826,0.011398,0.081198,0.108433
540,123.158852,1000.0,0.903624,0.88046,0.0,0.0,0.069965,70371.0,0.117517,0.418904,0.230124,0.403999,-0.029119,0.806858,4.901725,-0.02,-0.8,-0.02,-0.25,-0.6,-2.0,0.500007,-0.15407,-0.0028,0.0,-0.058048,-0.023233,-0.016907,-0.040788,0.83555,-0.081807,-0.135678,-0.010715,-0.026211,1.829562,0.455734,-0.088977,-0.000809,-0.022043,2.875,0.014235,0.070523,0.110145
541,124.304192,1000.0,0.915399,0.878924,0.0,0.0,0.06985,49085.0,0.113426,0.429647,0.229591,0.389228,-0.02802,0.788274,4.898881,-0.02,-0.8,-0.02,-0.25,-0.6,-2.0,0.500007,-0.15454,-0.001755,0.0,-0.055974,-0.022804,-0.015633,-0.039239,0.834379,-0.07887,-0.119958,-0.009413,-0.025446,1.841093,0.452805,-0.08536,-0.00073,-0.026474,24.875,0.012095,0.064168,0.128823
542,122.176514,990.289978,0.897559,0.882083,0.041667,0.0,0.069783,70928.0,0.113362,0.398524,0.220127,0.379512,-0.027695,0.755732,4.910303,-0.02,-0.8,-0.02,-0.25,-0.6,-2.0,0.497114,-0.151236,-0.003488,-0.000238,-0.053807,-0.022965,-0.015992,-0.038644,0.826117,-0.082205,-0.129777,-0.009343,-0.02643,1.833206,0.458722,-0.083729,-0.000653,-0.025995,4.375,0.012802,0.075414,0.108563
543,123.807732,1000.0,0.906923,0.893252,0.0,0.0,0.069655,71441.0,0.11219,0.410844,0.221166,0.374668,-0.026665,0.758288,4.894441,-0.02,-0.8,-0.02,-0.25,-0.6,-2.0,0.500007,-0.153151,-0.002215,0.0,-0.054425,-0.022741,-0.01549,-0.038448,0.830778,-0.079694,-0.127648,-0.009041,-0.02551,1.842951,0.46677,-0.08361,-0.000565,-0.017629,7.125,0.013354,0.072984,0.091538
544,124.716286,1000.0,0.915139,0.893722,0.0,0.0,0.069486,70571.0,0.11415,0.407171,0.23168,0.395737,-0.027765,0.792529,4.923986,-0.02,-0.8,-0.02,-0.25,-0.6,-2.0,0.500007,-0.152381,-0.002619,0.0,-0.05477,-0.022814,-0.016075,-0.039183,0.838792,-0.080867,-0.125346,-0.009375,-0.023937,1.840511,0.466403,-0.086226,-0.000582,-0.021855,6.083333,0.012182,0.067718,0.093267
545,122.416008,1000.0,0.907878,0.884006,0.0,0.0,0.069518,70951.0,0.111961,0.410655,0.220365,0.38327,-0.026668,0.767244,4.905158,-0.02,-0.8,-0.02,-0.25,-0.6,-2.0,0.500007,-0.154624,-0.002531,0.0,-0.055446,-0.022788,-0.016268,-0.039879,0.829647,-0.080734,-0.130646,-0.009832,-0.024519,1.845043,0.466126,-0.085594,-0.000688,-0.018551,6.625,0.013138,0.070592,0.097916
546,122.611916,1000.0,0.909357,0.881882,0.0,0.0,0.069313,71393.0,0.113125,0.387553,0.2203,0.374958,-0.026514,0.771637,4.939751,-0.02,-0.8,-0.02,-0.25,-0.6,-2.0,0.500007,-0.15601,-0.002106,0.0,-0.054117,-0.022612,-0.015357,-0.038633,0.833857,-0.080303,-0.123817,-0.009411,-0.024769,1.843475,0.475902,-0.083643,-0.000874,-0.029735,6.75,0.013863,0.076354,0.107406
547,122.604385,1000.0,0.909552,0.884204,0.0,0.0,0.069051,49006.0,0.114968,0.40442,0.231208,0.395168,-0.02846,0.790036,4.920471,-0.02,-0.8,-0.02,-0.25,-0.6,-2.0,0.500007,-0.152337,-0.002199,0.0,-0.055566,-0.022984,-0.016144,-0.039233,0.833692,-0.082384,-0.131768,-0.009565,-0.024997,1.839786,0.465135,-0.0861,-0.000854,-0.0233,6.125,0.01277,0.071244,0.099911
548,123.503769,1000.0,0.910934,0.885743,0.0,0.0,0.069011,70028.0,0.111477,0.39923,0.223445,0.376951,-0.026416,0.76858,4.92032,-0.02,-0.8,-0.02,-0.25,-0.6,-2.0,0.500007,-0.15206,-0.002074,0.0,-0.053581,-0.022381,-0.015282,-0.038054,0.83431,-0.078697,-0.124315,-0.009115,-0.024857,1.844268,0.47362,-0.08263,-0.000772,-0.017326,5.652174,0.011819,0.074555,0.102787
549,122.911415,1000.0,0.908151,0.877271,0.0,0.0,0.068702,71392.0,0.111939,0.398738,0.227264,0.380993,-0.026784,0.767395,4.92712,-0.02,-0.8,-0.02,-0.25,-0.6,-2.0,0.500007,-0.149651,-0.001954,0.0,-0.053588,-0.022444,-0.015039,-0.038117,0.82882,-0.078857,-0.123944,-0.009004,-0.024626,1.842578,0.475064,-0.082599,-0.000744,-0.01868,6.166667,0.012996,0.081059,0.112766
