iteration,reward,episode_length,height_reward,upright_reward,tipped_over,collapsed,exploration,steps_per_second,speed_error,turn_error,stepping,leg_swing,dragging,ground_covered,landing_force,Curriculum/ease_in_effort/weight,Curriculum/ease_in_landing/weight,Curriculum/ease_in_shake/weight,Curriculum/ease_in_smoothness/weight,Curriculum/ease_in_steadiness/weight,Curriculum/ease_in_straightness/weight,Episode_Reward/alive,Episode_Reward/effort,Episode_Reward/end_stops,Episode_Reward/fell_over,Episode_Reward/hard_landing,Episode_Reward/jitter,Episode_Reward/joint_shock,Episode_Reward/landing_speed,Episode_Reward/posture,Episode_Reward/rocking,Episode_Reward/shaking,Episode_Reward/skidding,Episode_Reward/swing_height,Episode_Reward/track_speed,Episode_Reward/track_turn,Episode_Reward/twitching,Episode_Reward/veering,Episode_Reward/wandering,Episode_Termination/time_out,Metrics/posture/error_height,Metrics/posture/error_pitch,Metrics/posture/error_roll
0,-0.783385,16.290001,0.009171,0.008833,0.833333,36.416668,0.976718,38069.0,0.006763,0.021581,0.000599,0.005408,-0.001208,0.003102,7.2001,-0.0002,-0.1,-0.002,-0.05,-0.06,-0.2,0.005965,-5.9e-05,-5.8e-05,-0.00995,-0.003976,-0.040722,-0.002735,-0.000384,0.008951,-0.004847,-0.001137,-0.003335,-0.001544,0.007175,0.003155,-0.014194,-1.4e-05,-3.1e-05,4.541667,0.045476,0.15373,0.229698
1,-2.160617,41.299999,0.023713,0.020561,6.291667,0.0,0.948689,64711.0,0.020858,0.064288,0.003794,0.017314,-0.003879,0.008814,6.740041,-0.0002,-0.1,-0.002,-0.05,-0.06,-0.2,0.016907,-0.000167,-0.000224,-0.025437,-0.009631,-0.119125,-0.007563,-0.000968,0.024504,-0.014297,-0.003493,-0.008061,-0.003614,0.016663,0.00815,-0.040377,-0.00019,-0.00055,3.75,0.031319,0.180618,0.554838
2,-2.873692,61.509998,0.038788,0.034321,6.333333,0.0,0.920262,63182.0,0.032218,0.099864,0.005984,0.026915,-0.005607,0.014927,6.740705,-0.0002,-0.1,-0.002,-0.05,-0.06,-0.2,0.027613,-0.000272,-0.000377,-0.025194,-0.015305,-0.188287,-0.012046,-0.001645,0.039361,-0.021093,-0.005525,-0.013332,-0.006211,0.029922,0.013681,-0.063578,-0.000395,-0.001238,3.916667,0.028969,0.186931,0.579475
3,-2.953799,82.709999,0.05054,0.047715,6.0,0.0,0.89395,64141.0,0.042343,0.141575,0.006883,0.034876,-0.006656,0.019012,6.702962,-0.0002,-0.1,-0.002,-0.05,-0.06,-0.2,0.037767,-0.000371,-0.000624,-0.024983,-0.020118,-0.247059,-0.016405,-0.002345,0.051719,-0.027823,-0.007464,-0.018777,-0.008227,0.044235,0.019547,-0.083355,-0.000853,-0.001579,3.791667,0.030545,0.187224,0.538217
4,-3.469214,101.730003,0.063953,0.061939,6.125,0.0,0.86564,62803.0,0.054159,0.176216,0.009365,0.046226,-0.008513,0.024881,6.701721,-0.0002,-0.1,-0.002,-0.05,-0.06,-0.2,0.047158,-0.000456,-0.00067,-0.024048,-0.026381,-0.29592,-0.020068,-0.002921,0.06833,-0.034135,-0.009134,-0.023146,-0.01085,0.050176,0.023978,-0.100102,-0.001143,-0.002322,3.916667,0.029396,0.180009,0.538084
5,-3.822433,124.0,0.076935,0.075152,4.833333,0.041667,0.837702,61354.0,0.063924,0.21903,0.010906,0.057298,-0.010227,0.033361,6.673154,-0.0002,-0.1,-0.002,-0.05,-0.06,-0.2,0.058141,-0.000565,-0.000945,-0.023314,-0.033177,-0.35212,-0.024545,-0.003615,0.084837,-0.041756,-0.011005,-0.02754,-0.013819,0.064164,0.028532,-0.119502,-0.001683,-0.004158,3.791667,0.029498,0.182426,0.529692
6,-4.026941,138.449997,0.087088,0.090343,4.916667,0.0,0.812148,63401.0,0.08083,0.2519,0.012713,0.064484,-0.011471,0.02909,6.659859,-0.0002,-0.1,-0.002,-0.05,-0.06,-0.2,0.067674,-0.000654,-0.000996,-0.022563,-0.038799,-0.391372,-0.027332,-0.004154,0.099657,-0.045791,-0.012646,-0.031284,-0.016163,0.064788,0.035622,-0.13333,-0.002676,-0.006187,3.458333,0.032067,0.191356,0.489367
7,-3.718592,155.800003,0.097663,0.095377,5.0,0.0,0.788565,61554.0,0.084101,0.282532,0.013822,0.070837,-0.012489,0.038857,6.642665,-0.0002,-0.1,-0.002,-0.05,-0.06,-0.2,0.075589,-0.000723,-0.001218,-0.025199,-0.041886,-0.420763,-0.029959,-0.004506,0.109695,-0.05099,-0.01424,-0.034333,-0.017468,0.082834,0.039712,-0.143462,-0.003954,-0.007683,3.208333,0.029884,0.196253,0.559031
8,-3.709983,178.809998,0.113377,0.11698,4.25,0.0,0.765913,55562.0,0.096519,0.329567,0.014213,0.077955,-0.01361,0.039941,6.617043,-0.0002,-0.1,-0.002,-0.05,-0.06,-0.2,0.088227,-0.000842,-0.001345,-0.021937,-0.046963,-0.472345,-0.034734,-0.005369,0.123792,-0.057989,-0.016157,-0.040873,-0.019652,0.094767,0.046239,-0.161662,-0.004378,-0.010173,3.291667,0.03044,0.184916,0.477201
9,-3.543255,198.550003,0.121726,0.126439,3.708333,0.0,0.747585,41445.0,0.107641,0.355406,0.016811,0.085315,-0.0151,0.041729,6.604042,-0.0002,-0.1,-0.002,-0.05,-0.06,-0.2,0.096197,-0.000903,-0.00148,-0.019668,-0.051459,-0.491026,-0.037063,-0.005786,0.137268,-0.061425,-0.017632,-0.044579,-0.021933,0.098741,0.052769,-0.168699,-0.003751,-0.009783,3.708333,0.031428,0.197686,0.477207
10,-2.82644,221.240005,0.154669,0.146765,3.791667,0.0,0.728742,37439.0,0.12186,0.413042,0.02082,0.100277,-0.017547,0.053506,6.583677,-0.0002,-0.1,-0.002,-0.05,-0.06,-0.2,0.112125,-0.001032,-0.001568,-0.020445,-0.059065,-0.551858,-0.042363,-0.006637,0.162303,-0.07019,-0.020357,-0.050256,-0.025094,0.124169,0.061934,-0.189769,-0.006019,-0.015761,3.5,0.027974,0.20403,0.447042
11,-1.67914,237.149994,0.162905,0.164022,3.5,0.0,0.715406,45307.0,0.13441,0.445162,0.021712,0.113377,-0.019192,0.060917,6.561534,-0.0002,-0.1,-0.002,-0.05,-0.06,-0.2,0.120777,-0.001134,-0.001984,-0.019428,-0.070239,-0.577148,-0.0443,-0.00712,0.18151,-0.073103,-0.021111,-0.051869,-0.029603,0.127496,0.070135,-0.198825,-0.005513,-0.01484,3.458333,0.027922,0.200482,0.444706
12,-2.558888,269.76001,0.173497,0.166555,3.333333,0.0,0.703114,65311.0,0.148618,0.477881,0.023591,0.114014,-0.019236,0.053457,6.578912,-0.0002,-0.1,-0.002,-0.05,-0.06,-0.2,0.131146,-0.001205,-0.001975,-0.019135,-0.068912,-0.601758,-0.047675,-0.007681,0.189866,-0.077964,-0.023284,-0.057121,-0.03007,0.131955,0.077616,-0.208208,-0.009208,-0.022657,3.375,0.030138,0.200803,0.449555
13,-1.235224,256.799988,0.171024,0.17769,4.125,0.0,0.691905,64808.0,0.142533,0.477159,0.024416,0.118521,-0.02007,0.067204,6.556665,-0.0002,-0.1,-0.002,-0.05,-0.06,-0.2,0.132031,-0.0012,-0.002101,-0.020652,-0.072162,-0.591031,-0.046791,-0.007716,0.1974,-0.077216,-0.023258,-0.056889,-0.031054,0.148804,0.081334,-0.204559,-0.010088,-0.022902,3.541667,0.030442,0.198046,0.452999
14,-1.40586,315.660004,0.209345,0.200067,3.083333,0.0,0.683743,63240.0,0.176291,0.561162,0.027689,0.138996,-0.023169,0.06712,6.549789,-0.0002,-0.1,-0.002,-0.05,-0.06,-0.2,0.156104,-0.00142,-0.002289,-0.017132,-0.083668,-0.680145,-0.055332,-0.009138,0.229798,-0.090543,-0.027249,-0.067911,-0.035921,0.150801,0.098882,-0.236028,-0.007766,-0.022781,3.666667,0.027721,0.199275,0.384943
15,-0.085873,331.279999,0.199619,0.203283,2.75,0.0,0.6741,62114.0,0.168559,0.55855,0.028401,0.144832,-0.023443,0.081613,6.573457,-0.0002,-0.1,-0.002,-0.05,-0.06,-0.2,0.160294,-0.00147,-0.002675,-0.020514,-0.088941,-0.669069,-0.054844,-0.009252,0.238596,-0.088691,-0.027036,-0.066641,-0.038779,0.18765,0.106373,-0.233013,-0.011044,-0.023699,2.916667,0.030764,0.195166,0.426282
16,0.282149,320.73999,0.222965,0.208239,3.083333,0.0,0.665113,65170.0,0.176754,0.574158,0.029823,0.140262,-0.02406,0.073052,6.571779,-0.0002,-0.1,-0.002,-0.05,-0.06,-0.2,0.160313,-0.001427,-0.002496,-0.020638,-0.08392,-0.652386,-0.055181,-0.009132,0.238199,-0.089749,-0.028196,-0.066641,-0.036532,0.175302,0.104678,-0.227065,-0.013029,-0.034774,2.916667,0.029018,0.211264,0.466465
17,0.050868,365.170013,0.210782,0.227785,3.125,0.0,0.657502,62489.0,0.191197,0.602904,0.034153,0.150913,-0.026237,0.076035,6.546554,-0.0002,-0.1,-0.002,-0.05,-0.06,-0.2,0.169031,-0.001489,-0.002451,-0.021743,-0.089941,-0.666438,-0.057616,-0.009546,0.255656,-0.095507,-0.029677,-0.071013,-0.039503,0.156417,0.107484,-0.232798,-0.01871,-0.044912,3.125,0.029135,0.202195,0.441424
18,1.301263,382.640015,0.237228,0.252194,2.0,0.0,0.648653,60127.0,0.19846,0.650389,0.032791,0.156879,-0.025917,0.084636,6.553884,-0.0002,-0.1,-0.002,-0.05,-0.06,-0.2,0.187131,-0.001663,-0.002611,-0.014714,-0.09552,-0.734863,-0.061671,-0.010459,0.272895,-0.100499,-0.031914,-0.075897,-0.041434,0.217324,0.126958,-0.256774,-0.01321,-0.043871,3.458333,0.030443,0.19451,0.375039
19,2.840046,414.690002,0.293995,0.269012,1.666667,0.0,0.641498,64382.0,0.217541,0.711251,0.037761,0.177943,-0.029168,0.098688,6.557685,-0.0002,-0.1,-0.002,-0.05,-0.06,-0.2,0.203135,-0.001799,-0.003069,-0.016836,-0.106282,-0.775031,-0.066635,-0.011323,0.300922,-0.108038,-0.034713,-0.081048,-0.046943,0.236956,0.13756,-0.271315,-0.016621,-0.036842,2.75,0.028888,0.193842,0.363252
20,2.468821,427.540009,0.29364,0.289868,1.416667,0.0,0.633433,64685.0,0.231338,0.762793,0.036865,0.182138,-0.02986,0.102,6.552733,-0.0002,-0.1,-0.002,-0.05,-0.06,-0.2,0.219849,-0.001935,-0.003462,-0.011865,-0.110386,-0.825027,-0.071831,-0.012325,0.317883,-0.114315,-0.037536,-0.090841,-0.047912,0.256714,0.15083,-0.289184,-0.016067,-0.054061,3.291667,0.028023,0.197298,0.326717
21,3.921537,466.630005,0.304758,0.326158,0.833333,0.0,0.625109,63820.0,0.248428,0.830177,0.041741,0.194734,-0.033082,0.107177,6.544917,-0.0002,-0.1,-0.002,-0.05,-0.06,-0.2,0.23492,-0.002032,-0.003611,-0.006929,-0.122865,-0.866825,-0.076265,-0.01314,0.350227,-0.122589,-0.041575,-0.097078,-0.053596,0.269126,0.159703,-0.304121,-0.013539,-0.051564,3.291667,0.028138,0.163829,0.230448
22,4.58117,510.609985,0.348158,0.356719,0.782609,0.0,0.617615,65309.0,0.265089,0.889102,0.045258,0.21087,-0.034441,0.120646,6.566923,-0.0002,-0.1,-0.002,-0.05,-0.06,-0.2,0.256255,-0.002231,-0.004575,-0.009406,-0.125814,-0.926909,-0.082879,-0.014255,0.371615,-0.132675,-0.043467,-0.104637,-0.056152,0.313625,0.178576,-0.325815,-0.030276,-0.08813,3.173913,0.026671,0.19345,0.253619
23,5.960005,506.700012,0.375412,0.358602,1.043478,0.0,0.610785,62619.0,0.279464,0.867851,0.046782,0.215051,-0.036183,0.109959,6.562466,-0.0002,-0.1,-0.002,-0.05,-0.06,-0.2,0.255483,-0.002216,-0.00426,-0.009031,-0.134341,-0.887127,-0.080016,-0.013904,0.38343,-0.128333,-0.042811,-0.100685,-0.058877,0.281283,0.186484,-0.313059,-0.024406,-0.077321,3.26087,0.024108,0.178096,0.276713
24,7.028246,525.070007,0.36915,0.367554,0.708333,0.0,0.604087,61712.0,0.274119,0.907347,0.046916,0.235639,-0.036699,0.143957,6.589693,-0.0002,-0.1,-0.002,-0.05,-0.06,-0.2,0.268103,-0.002356,-0.004911,-0.007615,-0.147831,-0.930084,-0.083322,-0.014698,0.410487,-0.132046,-0.044505,-0.104988,-0.064089,0.33683,0.201779,-0.327346,-0.024996,-0.077671,3.041667,0.02512,0.169659,0.203709
25,7.562436,537.880005,0.36901,0.371525,1.272727,0.0,0.595891,67648.0,0.280697,0.89598,0.049297,0.233117,-0.038306,0.138282,6.582722,-0.0002,-0.1,-0.002,-0.05,-0.06,-0.2,0.266126,-0.002269,-0.004499,-0.014511,-0.140041,-0.884203,-0.082518,-0.014453,0.404273,-0.131583,-0.044895,-0.104159,-0.062085,0.304872,0.199851,-0.312556,-0.021686,-0.072021,2.772727,0.029745,0.193377,0.320559
26,9.275337,601.780029,0.391403,0.410522,0.625,0.0,0.589959,67218.0,0.300412,1.020759,0.055904,0.26218,-0.041281,0.156876,6.560522,-0.0002,-0.1,-0.002,-0.05,-0.06,-0.2,0.298813,-0.002574,-0.005607,-0.006307,-0.160176,-1.005712,-0.092477,-0.016193,0.457009,-0.144972,-0.049855,-0.113961,-0.069966,0.375618,0.226452,-0.355053,-0.029591,-0.104331,3.291667,0.024362,0.19404,0.227745
27,9.623465,614.5,0.41674,0.437438,0.75,0.0,0.583861,68387.0,0.321415,1.051831,0.055893,0.241474,-0.041398,0.131944,6.574947,-0.0002,-0.1,-0.002,-0.05,-0.06,-0.2,0.308329,-0.002584,-0.004926,-0.007676,-0.150598,-1.009301,-0.091938,-0.016363,0.456894,-0.147352,-0.052167,-0.119842,-0.066936,0.354183,0.232349,-0.357583,-0.023847,-0.076976,3.083333,0.028566,0.173933,0.228446
28,10.804563,637.02002,0.449418,0.449485,0.583333,0.0,0.577189,62958.0,0.31592,1.039725,0.056846,0.272154,-0.043076,0.161661,6.579327,-0.0002,-0.1,-0.002,-0.05,-0.06,-0.2,0.318644,-0.002738,-0.005669,-0.00675,-0.171003,-1.02597,-0.094343,-0.017346,0.485862,-0.147336,-0.050349,-0.119197,-0.075502,0.39739,0.267615,-0.363652,-0.023833,-0.085664,2.458333,0.028232,0.182033,0.212351
29,11.482458,654.570007,0.442729,0.440668,0.708333,0.0,0.569987,63589.0,0.329552,1.104924,0.05904,0.277196,-0.045142,0.183942,6.57398,-0.0002,-0.1,-0.002,-0.05,-0.06,-0.2,0.32177,-0.002756,-0.005325,-0.008,-0.168851,-1.02685,-0.097078,-0.016975,0.490325,-0.153643,-0.053397,-0.124919,-0.074834,0.419753,0.248309,-0.364007,-0.02686,-0.074086,3.083333,0.02443,0.186816,0.205007
30,12.434175,663.780029,0.468508,0.453418,0.727273,0.0,0.563994,67721.0,0.322785,1.090906,0.061045,0.289012,-0.046081,0.186666,6.58793,-0.0002,-0.1,-0.002,-0.05,-0.06,-0.2,0.330184,-0.002804,-0.005778,-0.007532,-0.175692,-1.037073,-0.098612,-0.017666,0.507372,-0.154972,-0.054914,-0.126417,-0.078233,0.433192,0.2656,-0.367858,-0.026561,-0.143961,2.772727,0.025669,0.186434,0.221519
31,15.266776,703.150024,0.515123,0.50615,0.478261,0.0,0.558033,67893.0,0.345838,1.184671,0.064027,0.290953,-0.048206,0.199043,6.570007,-0.0002,-0.1,-0.002,-0.05,-0.06,-0.2,0.354168,-0.002952,-0.005955,-0.004497,-0.181143,-1.097984,-0.104298,-0.018933,0.536637,-0.165649,-0.059332,-0.135433,-0.080061,0.471081,0.284086,-0.390047,-0.033884,-0.122441,3.391304,0.021899,0.176196,0.171509
32,17.100397,738.429993,0.519543,0.550685,0.5,0.0,0.550449,65998.0,0.380298,1.237892,0.069753,0.305185,-0.050006,0.195536,6.570537,-0.0002,-0.1,-0.002,-0.05,-0.06,-0.2,0.375992,-0.00312,-0.00592,-0.005944,-0.185906,-1.133337,-0.109059,-0.019498,0.558923,-0.173602,-0.062696,-0.13996,-0.08272,0.477344,0.307655,-0.403525,-0.023417,-0.10503,2.833333,0.028687,0.202953,0.199798
33,16.080694,707.349976,0.499759,0.49905,0.875,0.0,0.543635,64908.0,0.37043,1.219545,0.064787,0.292275,-0.046794,0.170551,6.582651,-0.0002,-0.1,-0.002,-0.05,-0.06,-0.2,0.352066,-0.00291,-0.005703,-0.009183,-0.174685,-1.034462,-0.099728,-0.018115,0.525665,-0.159696,-0.05771,-0.132541,-0.078553,0.405992,0.279066,-0.369164,-0.030816,-0.073223,3.291667,0.025123,0.187679,0.261468
34,17.769613,748.309998,0.528778,0.550552,0.608696,0.0,0.536114,61970.0,0.393172,1.267771,0.069309,0.319783,-0.050515,0.201575,6.57279,-0.0002,-0.1,-0.002,-0.05,-0.06,-0.2,0.38276,-0.003218,-0.007088,-0.008609,-0.194816,-1.115356,-0.110221,-0.019945,0.575384,-0.169832,-0.062573,-0.143445,-0.08682,0.465619,0.32141,-0.397634,-0.021806,-0.113591,3.0,0.027426,0.158315,0.232999
35,19.061445,786.380005,0.561702,0.552006,0.666667,0.0,0.529974,62790.0,0.395536,1.266616,0.07346,0.32163,-0.051286,0.202497,6.58241,-0.0002,-0.1,-0.002,-0.05,-0.06,-0.2,0.393829,-0.003249,-0.007218,-0.006097,-0.194135,-1.141352,-0.111789,-0.020356,0.587244,-0.174297,-0.063277,-0.143834,-0.088048,0.498143,0.337992,-0.407796,-0.02465,-0.139751,3.5,0.026119,0.172913,0.210207
36,20.648979,816.929993,0.586335,0.598834,0.434783,0.0,0.523101,70451.0,0.419285,1.375549,0.081208,0.355581,-0.056233,0.24834,6.595636,-0.0002,-0.1,-0.002,-0.05,-0.06,-0.2,0.418542,-0.003476,-0.008206,-0.004712,-0.2126,-1.207944,-0.118437,-0.021376,0.637876,-0.185443,-0.067147,-0.153351,-0.095668,0.533821,0.355639,-0.430602,-0.028769,-0.132312,2.652174,0.025087,0.175526,0.179602
37,24.113564,856.929993,0.605276,0.637647,0.291667,0.0,0.517241,67147.0,0.417809,1.423096,0.076909,0.336526,-0.054782,0.230265,6.614902,-0.0002,-0.1,-0.002,-0.05,-0.06,-0.2,0.433391,-0.003557,-0.007613,-0.003222,-0.20204,-1.232188,-0.12325,-0.022203,0.624206,-0.190529,-0.073579,-0.162008,-0.089883,0.613171,0.37371,-0.440128,-0.013528,-0.075891,2.916667,0.025781,0.160367,0.159009
38,22.73525,836.47998,0.562571,0.589791,0.75,0.0,0.510867,65335.0,0.396893,1.315415,0.080046,0.337739,-0.056218,0.227477,6.610793,-0.0002,-0.1,-0.002,-0.05,-0.06,-0.2,0.4089,-0.003285,-0.00747,-0.00935,-0.207279,-1.128693,-0.111823,-0.020838,0.626161,-0.173014,-0.066884,-0.149415,-0.093175,0.534131,0.371685,-0.404806,-0.031201,-0.219276,2.875,0.024988,0.192278,0.266709
39,24.666637,813.859985,0.604834,0.614618,1.083333,0.0,0.505028,64101.0,0.412849,1.342046,0.081687,0.353641,-0.057508,0.237846,6.623878,-0.0002,-0.1,-0.002,-0.05,-0.06,-0.2,0.419003,-0.003362,-0.007172,-0.009609,-0.209015,-1.12872,-0.113263,-0.021022,0.640315,-0.178063,-0.067742,-0.15101,-0.095416,0.548092,0.377558,-0.405197,-0.031798,-0.175372,2.875,0.02877,0.2374,0.221362
40,25.876516,871.059998,0.627581,0.628545,0.666667,0.0,0.499629,67466.0,0.4292,1.39813,0.07444,0.354841,-0.055101,0.229774,6.612749,-0.0002,-0.1,-0.002,-0.05,-0.06,-0.2,0.442519,-0.00367,-0.008685,-0.00825,-0.221475,-1.190715,-0.118831,-0.022458,0.655819,-0.180113,-0.068603,-0.15275,-0.099088,0.603159,0.424277,-0.427308,-0.025619,-0.118679,3.041667,0.023673,0.216743,0.19076
41,30.449203,977.580017,0.725648,0.677285,0.391304,0.0,0.494358,69632.0,0.447029,1.495769,0.096772,0.39606,-0.06445,0.278784,6.602645,-0.0002,-0.1,-0.002,-0.05,-0.06,-0.2,0.464687,-0.003699,-0.009495,-0.006087,-0.228909,-1.241242,-0.12703,-0.02348,0.708842,-0.199461,-0.075344,-0.164624,-0.103883,0.65272,0.424586,-0.444965,-0.024144,-0.162725,23.26087,0.020517,0.243233,0.178701
42,30.899343,954.169983,0.655491,0.697084,0.391304,0.0,0.488889,69532.0,0.449367,1.486635,0.084036,0.3709,-0.059427,0.259843,6.599646,-0.0002,-0.1,-0.002,-0.05,-0.06,-0.2,0.47492,-0.003848,-0.009326,-0.003562,-0.22517,-1.217133,-0.12902,-0.023973,0.696995,-0.194252,-0.075507,-0.170402,-0.101865,0.663601,0.460336,-0.438414,-0.023202,-0.179738,4.782609,0.022998,0.174572,0.177007
43,36.258335,985.640015,0.720273,0.711637,0.291667,0.0,0.4832,66521.0,0.461391,1.535713,0.097121,0.406508,-0.066073,0.307235,6.599073,-0.0002,-0.1,-0.002,-0.05,-0.06,-0.2,0.488133,-0.003864,-0.009962,-0.001712,-0.240607,-1.199774,-0.128484,-0.024068,0.749424,-0.197673,-0.079622,-0.173003,-0.10976,0.72344,0.47067,-0.434417,-0.031466,-0.192053,7.25,0.02057,0.15585,0.130903
44,40.360958,974.190002,0.710969,0.714015,0.458333,0.0,0.478494,63154.0,0.45491,1.507172,0.09712,0.401964,-0.066076,0.308061,6.620559,-0.0002,-0.1,-0.002,-0.05,-0.06,-0.2,0.484806,-0.003798,-0.010033,-0.002902,-0.240257,-1.124792,-0.123803,-0.023554,0.749573,-0.188197,-0.077512,-0.16643,-0.109919,0.729434,0.490718,-0.409415,-0.027194,-0.163113,6.75,0.023065,0.188259,0.166341
45,39.270451,953.049988,0.708601,0.702951,0.5,0.0,0.472607,66067.0,0.450612,1.448224,0.096898,0.387157,-0.064541,0.292174,6.591825,-0.0002,-0.1,-0.002,-0.05,-0.06,-0.2,0.47433,-0.003707,-0.009601,-0.002878,-0.230165,-1.056308,-0.1214,-0.022784,0.724829,-0.182042,-0.075448,-0.162353,-0.106005,0.684032,0.488319,-0.386267,-0.024859,-0.185948,6.375,0.019187,0.164367,0.162398
46,44.838135,988.859985,0.756809,0.730503,0.208333,0.0,0.467153,65462.0,0.453589,1.526545,0.099614,0.407548,-0.065757,0.319182,6.602697,-0.0002,-0.1,-0.002,-0.05,-0.06,-0.2,0.496271,-0.003868,-0.010201,-0.001241,-0.240174,-1.06017,-0.123126,-0.02375,0.761885,-0.183698,-0.07762,-0.166912,-0.110555,0.76757,0.518848,-0.389441,-0.026613,-0.171995,7.0,0.01887,0.151965,0.132447
47,44.257458,964.929993,0.728685,0.72866,0.291667,0.0,0.462085,65961.0,0.440647,1.46666,0.093099,0.37666,-0.061638,0.291909,6.615356,-0.0002,-0.1,-0.002,-0.05,-0.06,-0.2,0.483592,-0.003689,-0.009817,-0.002223,-0.222314,-0.989792,-0.116631,-0.022582,0.726611,-0.177614,-0.076353,-0.160522,-0.102415,0.759803,0.511642,-0.364995,-0.024252,-0.176794,5.666667,0.020308,0.145511,0.151136
48,47.456573,983.890015,0.73056,0.721305,0.391304,0.0,0.457439,68650.0,0.438933,1.427826,0.094412,0.372703,-0.060656,0.301508,6.615767,-0.0002,-0.1,-0.002,-0.05,-0.06,-0.2,0.488459,-0.003721,-0.011393,-0.003029,-0.218705,-0.961409,-0.116734,-0.022687,0.724589,-0.170661,-0.076704,-0.161024,-0.101665,0.797464,0.549144,-0.355699,-0.019864,-0.136904,5.956522,0.019281,0.182746,0.164823
49,49.622021,955.789978,0.729723,0.720037,0.333333,0.0,0.452388,65344.0,0.427381,1.424922,0.098715,0.398641,-0.065422,0.344211,6.614763,-0.0002,-0.1,-0.002,-0.05,-0.06,-0.2,0.485344,-0.003666,-0.010274,-0.001875,-0.235222,-0.922154,-0.11483,-0.022472,0.756351,-0.166397,-0.076118,-0.160613,-0.108627,0.815795,0.550477,-0.342171,-0.022448,-0.180815,6.041667,0.019307,0.156671,0.12867
50,49.906361,949.359985,0.73634,0.716881,0.375,0.0,0.448976,63192.0,0.42553,1.394767,0.090762,0.363324,-0.059284,0.29614,6.618124,-0.0002,-0.1,-0.002,-0.05,-0.06,-0.2,0.477593,-0.003569,-0.010696,-0.00237,-0.212853,-0.877976,-0.111556,-0.021911,0.713839,-0.163288,-0.075156,-0.153729,-0.098418,0.785591,0.550689,-0.32717,-0.014175,-0.109125,5.75,0.020571,0.170687,0.138641
51,52.05481,969.049988,0.73468,0.738119,0.291667,0.0,0.444576,65566.0,0.428613,1.388606,0.095219,0.388074,-0.063091,0.321759,6.622662,-0.0002,-0.1,-0.002,-0.05,-0.06,-0.2,0.482385,-0.003589,-0.010058,-0.00205,-0.226333,-0.855636,-0.10875,-0.021785,0.738211,-0.157695,-0.073724,-0.154217,-0.104565,0.789021,0.57577,-0.3201,-0.023879,-0.184311,5.708333,0.020663,0.164038,0.138716
52,52.712624,971.080017,0.736344,0.748176,0.375,0.0,0.440351,66973.0,0.427028,1.375951,0.094863,0.380836,-0.062903,0.331412,6.614619,-0.0002,-0.1,-0.002,-0.05,-0.06,-0.2,0.483716,-0.003574,-0.011291,-0.002812,-0.224236,-0.836551,-0.109618,-0.021931,0.734916,-0.1574,-0.074559,-0.154905,-0.103469,0.812765,0.585536,-0.313596,-0.016682,-0.180815,5.708333,0.018749,0.1435,0.152137
53,55.0536,949.109985,0.734124,0.716815,0.416667,0.0,0.436354,66987.0,0.406347,1.344383,0.096768,0.378229,-0.062251,0.338758,6.64479,-0.0002,-0.1,-0.002,-0.05,-0.06,-0.2,0.474394,-0.003479,-0.011017,-0.002886,-0.220784,-0.801043,-0.104142,-0.021171,0.728553,-0.148292,-0.072907,-0.149252,-0.103447,0.822671,0.593326,-0.301055,-0.017863,-0.133932,5.666667,0.020812,0.143736,0.17548
54,57.048092,973.72998,0.767424,0.752548,0.166667,0.0,0.4323,67758.0,0.415861,1.391827,0.103507,0.398982,-0.068163,0.384104,6.612318,-0.0002,-0.1,-0.002,-0.05,-0.06,-0.2,0.491062,-0.003481,-0.01042,-0.00124,-0.23262,-0.811223,-0.107229,-0.021808,0.773071,-0.154312,-0.077075,-0.156258,-0.106724,0.883391,0.605049,-0.304926,-0.019832,-0.206633,5.125,0.017729,0.121617,0.12595
55,59.91795,990.280029,0.78639,0.760643,0.086957,0.0,0.427623,65421.0,0.42688,1.395305,0.108149,0.408064,-0.068925,0.38549,6.602196,-0.0002,-0.1,-0.002,-0.05,-0.06,-0.2,0.497202,-0.003493,-0.010115,-0.000422,-0.234908,-0.799161,-0.106824,-0.021714,0.784916,-0.155311,-0.078079,-0.155485,-0.108741,0.875642,0.624505,-0.301502,-0.015458,-0.183346,5.913043,0.018512,0.13301,0.119328
56,59.781445,975.570007,0.774882,0.771807,0.125,0.0,0.422496,67350.0,0.416905,1.36078,0.100184,0.386757,-0.064357,0.370121,6.634833,-0.0002,-0.1,-0.002,-0.05,-0.06,-0.2,0.492315,-0.003496,-0.010654,-0.000723,-0.221347,-0.770062,-0.105647,-0.021425,0.754915,-0.14742,-0.076317,-0.152411,-0.102363,0.891689,0.644166,-0.291369,-0.01079,-0.170642,5.208333,0.017041,0.108043,0.126356
57,62.196079,987.73999,0.772166,0.76322,0.208333,0.0,0.418138,68390.0,0.405237,1.324374,0.094981,0.378265,-0.063203,0.365188,6.628187,-0.0002,-0.1,-0.002,-0.05,-0.06,-0.2,0.492297,-0.003538,-0.011309,-0.001018,-0.222137,-0.752997,-0.105094,-0.021521,0.751215,-0.146645,-0.075437,-0.15243,-0.102429,0.9266,0.662828,-0.285023,-0.012964,-0.204295,5.333333,0.019043,0.130116,0.115504
58,62.542442,973.48999,0.76466,0.746561,0.166667,0.0,0.413558,68003.0,0.410443,1.312155,0.094493,0.377261,-0.059456,0.352925,6.601812,-0.0002,-0.1,-0.002,-0.05,-0.06,-0.2,0.491971,-0.003561,-0.012922,-0.001019,-0.218226,-0.734668,-0.102191,-0.021243,0.737558,-0.139043,-0.072436,-0.144387,-0.101944,0.88469,0.689637,-0.279047,-0.008872,-0.127727,5.0,0.021387,0.147293,0.139397
59,63.703438,959.25,0.762803,0.741173,0.291667,0.0,0.409797,67859.0,0.391299,1.288184,0.097884,0.393804,-0.066175,0.400952,6.603629,-0.0002,-0.1,-0.002,-0.05,-0.06,-0.2,0.474995,-0.003327,-0.010825,-0.002556,-0.228484,-0.692097,-0.097174,-0.020455,0.755826,-0.134426,-0.072779,-0.147464,-0.105819,0.878084,0.659078,-0.263542,-0.014841,-0.17374,4.666667,0.017838,0.138603,0.172741
60,65.049316,964.72998,0.787456,0.754349,0.208333,0.0,0.406102,68430.0,0.391788,1.285763,0.101805,0.38163,-0.064956,0.411366,6.5805,-0.0002,-0.1,-0.002,-0.05,-0.06,-0.2,0.489188,-0.003366,-0.010956,-0.00124,-0.212226,-0.698223,-0.101412,-0.020941,0.741723,-0.139174,-0.076523,-0.148243,-0.097607,0.974028,0.686106,-0.266521,-0.009295,-0.16227,4.291667,0.017017,0.12166,0.118436
61,67.422119,980.26001,0.778243,0.784021,0.086957,0.0,0.40217,65865.0,0.394498,1.278097,0.1024,0.375107,-0.065822,0.405282,6.598741,-0.0002,-0.1,-0.002,-0.05,-0.06,-0.2,0.494385,-0.003383,-0.011215,-0.000725,-0.219394,-0.69264,-0.101175,-0.020917,0.767367,-0.137135,-0.077342,-0.14945,-0.101798,0.979735,0.714496,-0.264106,-0.006524,-0.180355,3.869565,0.015631,0.128788,0.11962
62,66.362389,953.549988,0.780174,0.754805,0.333333,0.0,0.398179,65848.0,0.392233,1.264627,0.104185,0.396544,-0.065329,0.417253,6.596909,-0.0002,-0.1,-0.002,-0.05,-0.06,-0.2,0.479343,-0.003242,-0.011632,-0.00281,-0.22213,-0.65359,-0.095864,-0.020409,0.762276,-0.129543,-0.073675,-0.142034,-0.10284,0.910166,0.694665,-0.250726,-0.007638,-0.184557,4.25,0.017353,0.157648,0.147646
63,68.489204,974.72998,0.81752,0.759478,0.217391,0.0,0.394758,70284.0,0.391763,1.259799,0.09798,0.389837,-0.065184,0.402029,6.611226,-0.0002,-0.1,-0.002,-0.05,-0.06,-0.2,0.489175,-0.003381,-0.011752,-0.001884,-0.219592,-0.653919,-0.09824,-0.020528,0.746295,-0.129821,-0.073071,-0.147523,-0.1019,0.945594,0.733902,-0.25101,-0.010027,-0.149414,3.478261,0.017949,0.117046,0.153122
64,70.81633,974.5,0.783312,0.764427,0.208333,0.0,0.390907,66713.0,0.37244,1.230639,0.103017,0.395649,-0.067248,0.445918,6.599059,-0.0002,-0.1,-0.002,-0.05,-0.06,-0.2,0.481168,-0.003257,-0.010522,-0.002778,-0.217598,-0.630183,-0.095342,-0.019908,0.754088,-0.127036,-0.071082,-0.14055,-0.100667,0.992738,0.717259,-0.242672,-0.008359,-0.212618,4.166667,0.016295,0.134029,0.157847
65,70.457436,973.099976,0.750159,0.769889,0.083333,0.0,0.387384,68772.0,0.370404,1.208533,0.096771,0.370614,-0.064413,0.427045,6.59489,-0.0002,-0.1,-0.002,-0.05,-0.06,-0.2,0.480951,-0.003247,-0.011496,-0.002222,-0.211348,-0.617603,-0.091229,-0.019462,0.736835,-0.12237,-0.071298,-0.141535,-0.097865,0.998077,0.753345,-0.237908,-0.006402,-0.202371,3.416667,0.015972,0.10505,0.153444
66,75.183899,997.869995,0.820815,0.784064,0.045455,0.0,0.383612,71478.0,0.374184,1.243673,0.102018,0.394153,-0.064454,0.457654,6.62148,-0.0002,-0.1,-0.002,-0.05,-0.06,-0.2,0.498791,-0.003404,-0.012067,-0.000455,-0.225753,-0.627657,-0.095869,-0.020718,0.782018,-0.123458,-0.072307,-0.143674,-0.104314,1.069378,0.802012,-0.241932,-0.006065,-0.161809,3.636364,0.01445,0.150438,0.101531
67,75.537148,982.380005,0.794315,0.770973,0.166667,0.0,0.379956,63953.0,0.373337,1.193084,0.102032,0.3856,-0.065539,0.462513,6.593722,-0.0002,-0.1,-0.002,-0.05,-0.06,-0.2,0.488642,-0.003223,-0.011179,-0.002014,-0.216197,-0.60386,-0.092176,-0.02026,0.760675,-0.122,-0.073042,-0.142581,-0.100328,1.038122,0.794002,-0.233785,-0.0058,-0.163253,3.791667,0.01773,0.145226,0.126983
68,75.57489,958.030029,0.788823,0.75186,0.217391,0.0,0.376917,69237.0,0.348081,1.131868,0.091156,0.356805,-0.057205,0.414109,6.610481,-0.0002,-0.1,-0.002,-0.05,-0.06,-0.2,0.478696,-0.003262,-0.013486,-0.002203,-0.19924,-0.572376,-0.087995,-0.019165,0.715264,-0.11101,-0.068191,-0.130003,-0.093157,1.061551,0.83461,-0.222329,-0.003367,-0.095933,3.304348,0.021061,0.150586,0.159282
69,76.990318,978.72998,0.802599,0.785251,0.125,0.0,0.374328,67811.0,0.351255,1.180238,0.09536,0.373547,-0.061617,0.461704,6.577607,-0.0002,-0.1,-0.002,-0.05,-0.06,-0.2,0.489779,-0.003271,-0.011928,-0.001306,-0.213017,-0.581328,-0.090853,-0.019965,0.757199,-0.116598,-0.073113,-0.138995,-0.099318,1.114135,0.823429,-0.22524,-0.00477,-0.232432,3.583333,0.014876,0.141017,0.138008
70,79.389053,976.609985,0.821639,0.774729,0.125,0.0,0.371738,67800.0,0.347198,1.165749,0.097515,0.37378,-0.06373,0.47532,6.581029,-0.0002,-0.1,-0.002,-0.05,-0.06,-0.2,0.486072,-0.003131,-0.01204,-0.001389,-0.208278,-0.565719,-0.08732,-0.019413,0.748655,-0.114851,-0.072546,-0.135079,-0.095017,1.130934,0.831205,-0.220141,-0.004296,-0.1228,2.583333,0.013264,0.124393,0.122566
71,79.587044,976.679993,0.798244,0.756307,0.166667,0.0,0.368322,68450.0,0.341634,1.124771,0.094959,0.352687,-0.059397,0.444526,6.585199,-0.0002,-0.1,-0.002,-0.05,-0.06,-0.2,0.479506,-0.003118,-0.010978,-0.002833,-0.195644,-0.543035,-0.085366,-0.018942,0.725379,-0.108066,-0.068539,-0.127646,-0.089777,1.107959,0.859421,-0.21125,-0.002914,-0.172118,3.458333,0.017804,0.154203,0.132932
72,80.417061,973.049988,0.839227,0.800699,0.045455,0.0,0.365478,66481.0,0.345777,1.160147,0.10369,0.388969,-0.066475,0.507593,6.584915,-0.0002,-0.1,-0.002,-0.05,-0.06,-0.2,0.496241,-0.00315,-0.011625,-0.000606,-0.213857,-0.558764,-0.088694,-0.019546,0.778257,-0.112797,-0.074227,-0.134696,-0.098064,1.173764,0.883042,-0.21803,-0.005572,-0.233851,3.636364,0.014361,0.11242,0.114881
73,83.693947,980.869995,0.814586,0.783809,0.125,0.0,0.362004,68465.0,0.343714,1.128042,0.104257,0.396483,-0.064793,0.516631,6.587633,-0.0002,-0.1,-0.002,-0.05,-0.06,-0.2,0.490027,-0.003188,-0.013767,-0.00125,-0.22091,-0.538271,-0.08512,-0.019312,0.783687,-0.105404,-0.070417,-0.133508,-0.10136,1.134182,0.910664,-0.210399,-0.004307,-0.149673,3.458333,0.016736,0.150943,0.115248
74,83.022217,970.72998,0.811859,0.774012,0.208333,0.0,0.359215,69000.0,0.339908,1.07549,0.101164,0.381539,-0.064154,0.520576,6.561405,-0.0002,-0.1,-0.002,-0.05,-0.06,-0.2,0.48223,-0.003098,-0.01252,-0.003488,-0.211906,-0.522722,-0.086344,-0.019109,0.762048,-0.105895,-0.072949,-0.135004,-0.096592,1.123353,0.904282,-0.204845,-0.004623,-0.197088,3.208333,0.017832,0.13805,0.147081
75,84.982872,985.630005,0.836168,0.790625,0.086957,0.0,0.355749,69541.0,0.342121,1.11878,0.104973,0.392407,-0.067917,0.540378,6.548196,-0.0002,-0.1,-0.002,-0.05,-0.06,-0.2,0.493148,-0.003065,-0.012469,-0.002174,-0.210761,-0.523506,-0.088213,-0.019427,0.776512,-0.108048,-0.074755,-0.137884,-0.096301,1.147803,0.908937,-0.205455,-0.003254,-0.156432,3.521739,0.014615,0.104163,0.114662
76,85.992905,997.130005,0.842664,0.80728,0.041667,0.0,0.353016,67471.0,0.339675,1.111448,0.099274,0.377125,-0.063815,0.51385,6.57352,-0.0002,-0.1,-0.002,-0.05,-0.06,-0.2,0.499007,-0.00316,-0.012258,-0.000278,-0.206486,-0.523073,-0.086667,-0.019337,0.767359,-0.10771,-0.073307,-0.135443,-0.094583,1.200396,0.952902,-0.205355,-0.004217,-0.220136,3.5,0.015873,0.120028,0.106749
77,85.875046,986.97998,0.826553,0.776621,0.130435,0.0,0.349038,68319.0,0.321859,1.053109,0.089629,0.344454,-0.057978,0.487284,6.555946,-0.0002,-0.1,-0.002,-0.05,-0.06,-0.2,0.486159,-0.00309,-0.013449,-0.002174,-0.197565,-0.497617,-0.079831,-0.018612,0.736278,-0.098975,-0.068607,-0.126975,-0.089628,1.209136,0.965015,-0.195133,-0.002537,-0.282475,3.173913,0.016627,0.125081,0.148056
78,85.321571,972.169983,0.845865,0.77957,0.083333,0.0,0.345812,63783.0,0.335089,1.078409,0.104825,0.394745,-0.067536,0.560374,6.563077,-0.0002,-0.1,-0.002,-0.05,-0.06,-0.2,0.488911,-0.003021,-0.01229,-0.001167,-0.216252,-0.49463,-0.084707,-0.019144,0.776646,-0.102825,-0.07207,-0.135001,-0.097942,1.181025,0.948233,-0.19526,-0.002932,-0.25304,3.083333,0.013989,0.116078,0.132062
79,88.491913,1000.0,0.837045,0.787722,0.0,0.0,0.342932,68908.0,0.331603,1.104963,0.100889,0.391033,-0.065586,0.542854,6.549873,-0.0002,-0.1,-0.002,-0.05,-0.06,-0.2,0.500007,-0.003242,-0.014659,0.0,-0.22535,-0.497514,-0.08678,-0.01964,0.799228,-0.102581,-0.070806,-0.135647,-0.103537,1.24244,0.986083,-0.196143,-0.0028,-0.208137,2.708333,0.016632,0.107799,0.12625
80,91.637047,995.090027,0.851267,0.811323,0.083333,0.0,0.340529,68868.0,0.327911,1.074782,0.097423,0.385707,-0.064756,0.54404,6.517787,-0.0002,-0.1,-0.002,-0.05,-0.06,-0.2,0.497185,-0.003095,-0.011703,-0.000972,-0.212329,-0.489054,-0.083598,-0.019054,0.777548,-0.100805,-0.070393,-0.128631,-0.097756,1.231806,1.006309,-0.193142,-0.002982,-0.185402,3.958333,0.016408,0.113878,0.11993
81,90.857773,989.609985,0.843541,0.803392,0.083333,0.0,0.337307,69218.0,0.321996,1.049122,0.100812,0.389353,-0.066165,0.556412,6.528329,-0.0002,-0.1,-0.002,-0.05,-0.06,-0.2,0.49552,-0.003055,-0.013016,-0.000694,-0.217384,-0.476744,-0.079933,-0.018668,0.782409,-0.096866,-0.069191,-0.125075,-0.099519,1.247122,1.036794,-0.188941,-0.00289,-0.262333,3.458333,0.015822,0.100979,0.108258
82,93.294174,994.789978,0.858103,0.79919,0.041667,0.0,0.335111,70447.0,0.320323,1.051017,0.099618,0.379158,-0.062992,0.561709,6.487009,-0.0002,-0.1,-0.002,-0.05,-0.06,-0.2,0.499861,-0.003064,-0.014186,-0.000556,-0.210693,-0.473772,-0.08118,-0.019289,0.787316,-0.097367,-0.072579,-0.130879,-0.097111,1.285436,1.050069,-0.18699,-0.002675,-0.231622,3.333333,0.014372,0.085668,0.107054
83,93.320343,997.140015,0.835025,0.802875,0.045455,0.0,0.331388,74118.0,0.320921,1.05842,0.100048,0.405743,-0.069584,0.609083,6.505387,-0.0002,-0.1,-0.002,-0.05,-0.06,-0.2,0.493484,-0.003026,-0.010167,-0.001818,-0.218888,-0.464047,-0.081598,-0.018714,0.793427,-0.096888,-0.071126,-0.131153,-0.10043,1.247519,1.023733,-0.184271,-0.002336,-0.244024,24.5,0.020116,0.1356,0.154396
84,93.963188,990.280029,0.861815,0.817043,0.083333,0.0,0.328679,66743.0,0.318438,1.039752,0.10186,0.383846,-0.066946,0.582045,6.488298,-0.0002,-0.1,-0.002,-0.05,-0.06,-0.2,0.491513,-0.002904,-0.009718,-0.000694,-0.210113,-0.455894,-0.080023,-0.018402,0.784319,-0.095843,-0.072037,-0.130443,-0.0953,1.247561,1.028213,-0.180844,-0.00221,-0.202068,6.041667,0.014228,0.100057,0.114428
85,96.645302,1000.0,0.852843,0.823005,0.0,0.0,0.325676,70859.0,0.315209,1.021889,0.101527,0.382719,-0.065697,0.581104,6.477029,-0.0002,-0.1,-0.002,-0.05,-0.06,-0.2,0.500007,-0.003016,-0.011799,0.0,-0.21413,-0.455237,-0.078862,-0.018657,0.797484,-0.092556,-0.070539,-0.128129,-0.097887,1.303428,1.102286,-0.180659,-0.002364,-0.211454,6.875,0.015324,0.114273,0.114172
86,96.298561,995.52002,0.849794,0.829759,0.083333,0.0,0.322853,71009.0,0.311687,1.039019,0.097921,0.38006,-0.066716,0.584856,6.460681,-0.0002,-0.1,-0.002,-0.05,-0.06,-0.2,0.497824,-0.002963,-0.009541,-0.000283,-0.210239,-0.446302,-0.079563,-0.018392,0.790263,-0.09334,-0.070988,-0.128036,-0.095121,1.304567,1.082612,-0.177391,-0.001988,-0.20578,6.916667,0.014158,0.099785,0.102681
87,98.155617,988.48999,0.851867,0.830755,0.083333,0.0,0.321187,71442.0,0.304571,1.003308,0.089638,0.361737,-0.06142,0.562347,6.465435,-0.0002,-0.1,-0.002,-0.05,-0.06,-0.2,0.496909,-0.002974,-0.011273,-0.000446,-0.201014,-0.437598,-0.075812,-0.018261,0.772437,-0.089406,-0.068102,-0.124331,-0.092095,1.32483,1.126239,-0.174036,-0.001967,-0.153971,6.625,0.015216,0.092052,0.111506
88,97.828117,1000.0,0.867555,0.841261,0.0,0.0,0.317728,70043.0,0.310283,1.008434,0.102413,0.384928,-0.067278,0.607611,6.467678,-0.0002,-0.1,-0.002,-0.05,-0.06,-0.2,0.500007,-0.002923,-0.010106,0.0,-0.210925,-0.436685,-0.078704,-0.018621,0.800123,-0.091796,-0.071521,-0.127624,-0.09501,1.327114,1.115351,-0.174459,-0.001929,-0.243749,6.708333,0.014096,0.090467,0.105661
89,97.923409,991.549988,0.864802,0.827559,0.041667,0.0,0.314887,65506.0,0.305215,0.997059,0.099086,0.374028,-0.063307,0.586949,6.457902,-0.0002,-0.1,-0.002,-0.05,-0.06,-0.2,0.498748,-0.002952,-0.011249,-0.000119,-0.204602,-0.427987,-0.076015,-0.018313,0.781392,-0.087969,-0.06896,-0.120385,-0.09355,1.341681,1.160787,-0.170861,-0.00193,-0.253831,5.875,0.016754,0.092921,0.098523
90,100.541565,999.549988,0.873922,0.836201,0.043478,0.0,0.312356,72424.0,0.301437,0.984406,0.098337,0.368932,-0.063827,0.586628,6.455231,-0.0002,-0.1,-0.002,-0.05,-0.06,-0.2,0.499907,-0.002932,-0.010489,-0.000174,-0.206407,-0.422171,-0.074584,-0.018047,0.786828,-0.08701,-0.068394,-0.120112,-0.093503,1.363485,1.177701,-0.16859,-0.00173,-0.202348,6.043478,0.016184,0.102326,0.103842
91,101.808372,991.780029,0.86469,0.840966,0.041667,0.0,0.309369,68342.0,0.29362,0.963858,0.093776,0.365795,-0.061338,0.591669,6.427003,-0.0002,-0.1,-0.002,-0.05,-0.06,-0.2,0.497557,-0.002925,-0.009693,-0.000238,-0.199291,-0.41478,-0.07478,-0.018213,0.776373,-0.085268,-0.067939,-0.119283,-0.089673,1.381371,1.192673,-0.165705,-0.001578,-0.20154,6.125,0.014267,0.102517,0.109818
92,102.093964,992.190002,0.84743,0.810879,0.083333,0.0,0.306068,69854.0,0.292861,0.942424,0.098737,0.36071,-0.06038,0.586581,6.453922,-0.0002,-0.1,-0.002,-0.05,-0.06,-0.2,0.487746,-0.002778,-0.011607,-0.00125,-0.192968,-0.399087,-0.071973,-0.017749,0.767789,-0.082393,-0.068748,-0.115856,-0.087757,1.340589,1.189388,-0.159982,-0.00153,-0.227271,6.0,0.016524,0.116697,0.11623
93,102.722252,1000.0,0.870591,0.839864,0.0,0.0,0.303277,70806.0,0.295983,0.955338,0.097881,0.352902,-0.060597,0.575282,6.446615,-0.0002,-0.1,-0.002,-0.05,-0.06,-0.2,0.500007,-0.002876,-0.0095,0.0,-0.191612,-0.404139,-0.07391,-0.017961,0.774948,-0.083081,-0.069455,-0.117587,-0.085906,1.379089,1.231176,-0.161804,-0.001298,-0.194318,5.791667,0.014344,0.103006,0.087819
94,104.650299,1000.0,0.871334,0.843634,0.0,0.0,0.300563,68791.0,0.294281,0.958938,0.101666,0.384843,-0.064454,0.630007,6.443313,-0.0002,-0.1,-0.002,-0.05,-0.06,-0.2,0.500007,-0.002884,-0.009277,0.0,-0.208455,-0.399168,-0.072662,-0.01799,0.806512,-0.081759,-0.067685,-0.116689,-0.094497,1.379962,1.248379,-0.160387,-0.001415,-0.241212,6.208333,0.013717,0.098949,0.105172
95,106.84613,1000.0,0.882697,0.8459,0.0,0.0,0.298406,65432.0,0.286594,0.945184,0.099431,0.36184,-0.059253,0.599154,6.449681,-0.0002,-0.1,-0.002,-0.05,-0.06,-0.2,0.500007,-0.002887,-0.010248,0.0,-0.197981,-0.391272,-0.07041,-0.017794,0.798802,-0.079544,-0.066674,-0.112662,-0.090527,1.424176,1.276033,-0.157043,-0.001364,-0.235811,5.208333,0.015456,0.093728,0.105155
96,103.991615,986.48999,0.869286,0.83119,0.083333,0.0,0.295898,71302.0,0.28386,0.922419,0.100679,0.374827,-0.062501,0.630984,6.421599,-0.0002,-0.1,-0.002,-0.05,-0.06,-0.2,0.49556,-0.002816,-0.009652,-0.000571,-0.201703,-0.383792,-0.070349,-0.017692,0.794845,-0.07883,-0.066777,-0.112932,-0.090469,1.409599,1.272989,-0.154439,-0.001338,-0.312227,5.791667,0.014801,0.107239,0.111202
97,106.710297,1000.0,0.879091,0.836915,0.0,0.0,0.293174,72069.0,0.285484,0.927673,0.100705,0.367789,-0.062534,0.614106,6.421432,-0.0002,-0.1,-0.002,-0.05,-0.06,-0.2,0.500007,-0.002807,-0.009125,0.0,-0.19553,-0.38375,-0.070748,-0.017503,0.793215,-0.078219,-0.067323,-0.112845,-0.087945,1.432224,1.300972,-0.154865,-0.001287,-0.265655,5.73913,0.016177,0.106054,0.101149
98,108.560303,1000.0,0.871904,0.854244,0.0,0.0,0.290775,72136.0,0.285607,0.916368,0.101536,0.361728,-0.060822,0.619243,6.401857,-0.0002,-0.1,-0.002,-0.05,-0.06,-0.2,0.500007,-0.00277,-0.008818,0.0,-0.1957,-0.377135,-0.068262,-0.017326,0.800305,-0.076479,-0.067193,-0.112348,-0.088553,1.41341,1.327497,-0.150958,-0.00111,-0.228521,4.875,0.016065,0.101406,0.109136
99,104.871117,981.650024,0.859715,0.841949,0.083333,0.0,0.287781,70495.0,0.279889,0.901483,0.0981,0.357186,-0.061021,0.612381,6.396864,-0.000275,-0.108333,-0.002167,-0.053125,-0.06375,-0.2125,0.49366,-0.002706,-0.006945,-0.000542,-0.190939,-0.369488,-0.068061,-0.017167,0.781456,-0.076735,-0.067627,-0.11081,-0.08667,1.406207,1.306265,-0.148844,-0.001061,-0.273322,5.583333,0.01541,0.102205,0.104662
100,109.580299,1000.0,0.885312,0.835826,0.0,0.0,0.284705,65066.0,0.280133,0.901446,0.10686,0.371447,-0.062865,0.648463,6.390944,-0.002,-0.3,-0.006,-0.125,-0.15,-0.5,0.500007,-0.002982,-0.007824,0.0,-0.19671,-0.367686,-0.068611,-0.017779,0.8065,-0.077369,-0.071119,-0.111403,-0.087619,1.445877,1.346417,-0.150315,-0.000931,-0.179749,4.916667,0.012799,0.090918,0.109995
101,109.280746,1000.0,0.862448,0.844209,0.0,0.0,0.281615,59368.0,0.276975,0.908697,0.100884,0.360166,-0.061645,0.634484,6.367247,-0.002,-0.3,-0.006,-0.125,-0.15,-0.5,0.500007,-0.003573,-0.007524,0.0,-0.202071,-0.361918,-0.066838,-0.018327,0.808361,-0.078274,-0.071837,-0.109257,-0.089533,1.456461,1.354437,-0.151673,-0.000919,-0.221435,4.833333,0.01565,0.106179,0.089348
102,108.448517,984.48999,0.870788,0.842321,0.083333,0.0,0.278716,66078.0,0.277947,0.89555,0.103319,0.363654,-0.060926,0.628451,6.372874,-0.002,-0.3,-0.006,-0.125,-0.15,-0.5,0.494726,-0.003975,-0.008791,-0.000571,-0.18985,-0.354303,-0.066714,-0.018984,0.792428,-0.078063,-0.074949,-0.105474,-0.08542,1.409666,1.351514,-0.153783,-0.001056,-0.165496,4.041667,0.014493,0.099254,0.113416
103,111.25663,1000.0,0.885587,0.855622,0.0,0.0,0.275481,67953.0,0.278192,0.899543,0.100589,0.369553,-0.061128,0.63641,6.355897,-0.002,-0.3,-0.006,-0.125,-0.15,-0.5,0.500007,-0.004621,-0.008029,0.0,-0.194599,-0.354132,-0.066848,-0.019648,0.804846,-0.081042,-0.076885,-0.107721,-0.0881,1.434446,1.377793,-0.156742,-0.000859,-0.195546,4.565217,0.014063,0.086972,0.107015
104,111.398819,1000.0,0.878251,0.852451,0.0,0.0,0.272245,68362.0,0.274372,0.891209,0.10734,0.367089,-0.062234,0.655981,6.344926,-0.002,-0.3,-0.006,-0.125,-0.15,-0.5,0.500007,-0.005069,-0.006538,0.0,-0.197605,-0.34914,-0.064289,-0.019935,0.819922,-0.08067,-0.079109,-0.106533,-0.089303,1.450757,1.395144,-0.15833,-0.000886,-0.259038,4.173913,0.017503,0.097247,0.099536
105,110.892418,990.799988,0.858051,0.822634,0.041667,0.0,0.269515,64350.0,0.271028,0.861858,0.104825,0.366521,-0.060919,0.647714,6.311877,-0.002,-0.3,-0.006,-0.125,-0.15,-0.5,0.493611,-0.005501,-0.008369,-0.000556,-0.194448,-0.336853,-0.063625,-0.020503,0.80158,-0.080866,-0.080288,-0.103239,-0.087552,1.440171,1.405166,-0.158104,-0.00082,-0.201354,3.583333,0.015673,0.09968,0.097475
106,112.962067,996.469971,0.884062,0.858088,0.083333,0.0,0.266449,59448.0,0.267697,0.876699,0.102725,0.358661,-0.058169,0.637372,6.333402,-0.002,-0.3,-0.006,-0.125,-0.15,-0.5,0.498527,-0.006109,-0.008867,-0.000667,-0.189169,-0.337807,-0.06322,-0.021083,0.803428,-0.081241,-0.082805,-0.100049,-0.085493,1.470341,1.442571,-0.161405,-0.000728,-0.227515,4.166667,0.015766,0.091702,0.113901
107,115.717453,1000.0,0.890135,0.834034,0.0,0.0,0.264116,68309.0,0.263503,0.852618,0.093447,0.339637,-0.054212,0.595364,6.316745,-0.002,-0.3,-0.006,-0.125,-0.15,-0.5,0.500007,-0.006646,-0.007253,0.0,-0.17696,-0.329623,-0.060036,-0.021609,0.776468,-0.080088,-0.082684,-0.098245,-0.081087,1.507501,1.506117,-0.162228,-0.00085,-0.107379,3.375,0.015641,0.081695,0.092015
108,114.233345,1000.0,0.878617,0.846989,0.0,0.0,0.261514,69218.0,0.262328,0.849365,0.093655,0.33704,-0.055811,0.601179,6.27436,-0.002,-0.3,-0.006,-0.125,-0.15,-0.5,0.500007,-0.007168,-0.008633,0.0,-0.179783,-0.329056,-0.061993,-0.02176,0.776461,-0.082386,-0.084989,-0.099707,-0.081471,1.499498,1.502202,-0.164863,-0.000752,-0.180555,3.272727,0.013341,0.101778,0.089142
109,114.610039,1000.0,0.885254,0.861385,0.0,0.0,0.258917,64490.0,0.260718,0.848793,0.100147,0.353797,-0.056161,0.621591,6.269641,-0.002,-0.3,-0.006,-0.125,-0.15,-0.5,0.500007,-0.007898,-0.00884,0.0,-0.185341,-0.323918,-0.061528,-0.022734,0.793988,-0.081973,-0.085271,-0.098045,-0.084457,1.500417,1.538564,-0.166484,-0.000878,-0.198187,4.125,0.015117,0.080036,0.094497
110,114.357552,995.090027,0.860498,0.83643,0.043478,0.0,0.256242,59577.0,0.264429,0.838859,0.114498,0.364616,-0.059591,0.66093,6.254154,-0.002,-0.3,-0.006,-0.125,-0.15,-0.5,0.494659,-0.007887,-0.0075,-0.00087,-0.186763,-0.317613,-0.058719,-0.023172,0.809672,-0.086165,-0.094204,-0.093636,-0.083703,1.463903,1.490989,-0.168571,-0.000872,-0.215301,3.521739,0.015071,0.106313,0.127292
111,114.210381,987.23999,0.861411,0.854312,0.125,0.0,0.25344,63087.0,0.256809,0.828535,0.099074,0.347077,-0.056198,0.630001,6.226767,-0.002,-0.3,-0.006,-0.125,-0.15,-0.5,0.495627,-0.008728,-0.006182,-0.00121,-0.184173,-0.312189,-0.060638,-0.024199,0.795223,-0.085054,-0.091823,-0.096205,-0.082988,1.499239,1.534819,-0.168939,-0.000797,-0.153325,3.166667,0.018028,0.093464,0.118436
112,115.57666,991.179993,0.883404,0.857181,0.041667,0.0,0.250652,51310.0,0.259293,0.840518,0.108478,0.368837,-0.060318,0.671237,6.223244,-0.002,-0.3,-0.006,-0.125,-0.15,-0.5,0.497632,-0.008983,-0.005713,-0.000333,-0.193212,-0.311317,-0.060102,-0.024382,0.820965,-0.087342,-0.098937,-0.095077,-0.086239,1.492712,1.541247,-0.172435,-0.000725,-0.214441,3.25,0.015638,0.0897,0.09511
113,114.599144,975.960022,0.875559,0.843507,0.083333,0.0,0.2482,57244.0,0.247215,0.811565,0.101244,0.352803,-0.056826,0.650604,6.223205,-0.002,-0.3,-0.006,-0.125,-0.15,-0.5,0.492352,-0.009621,-0.005207,-0.000667,-0.184655,-0.302247,-0.059084,-0.025007,0.806464,-0.086488,-0.097271,-0.092257,-0.082613,1.515519,1.554631,-0.170716,-0.000987,-0.334947,3.458333,0.013861,0.084723,0.101281
114,117.170624,994.599976,0.858899,0.842534,0.045455,0.0,0.245664,60059.0,0.255099,0.81216,0.102294,0.341047,-0.054482,0.622012,6.197799,-0.002,-0.3,-0.006,-0.125,-0.15,-0.5,0.493859,-0.010256,-0.007323,-0.000909,-0.172413,-0.300524,-0.057933,-0.025171,0.785421,-0.087161,-0.097762,-0.092991,-0.077208,1.480862,1.574178,-0.173458,-0.000835,-0.163205,3.454545,0.016173,0.09622,0.112043
115,116.585396,984.049988,0.866565,0.86304,0.083333,0.0,0.243504,61264.0,0.247085,0.805869,0.107904,0.35251,-0.05753,0.678031,6.207936,-0.002,-0.3,-0.006,-0.125,-0.15,-0.5,0.493331,-0.010467,-0.004864,-0.000972,-0.180986,-0.296087,-0.058947,-0.026173,0.810982,-0.089994,-0.104552,-0.096412,-0.080298,1.51702,1.568509,-0.175736,-0.000809,-0.21559,3.291667,0.017395,0.096738,0.120807
116,114.678596,956.929993,0.841135,0.821053,0.25,0.0,0.239984,56198.0,0.239723,0.789315,0.106018,0.357379,-0.055921,0.65951,6.171117,-0.002,-0.3,-0.006,-0.125,-0.15,-0.5,0.48149,-0.010944,-0.006233,-0.002165,-0.184121,-0.28278,-0.056129,-0.025707,0.7994,-0.085678,-0.098899,-0.087463,-0.083667,1.482905,1.572438,-0.171104,-0.000755,-0.184293,3.833333,0.017925,0.122928,0.131788
117,120.491661,1000.0,0.872591,0.860459,0.0,0.0,0.238053,68344.0,0.24863,0.817182,0.101171,0.342395,-0.054671,0.630552,6.147516,-0.002,-0.3,-0.006,-0.125,-0.15,-0.5,0.500007,-0.011735,-0.006636,0.0,-0.174753,-0.28891,-0.057634,-0.027653,0.795924,-0.089832,-0.105376,-0.090227,-0.078354,1.544892,1.649627,-0.180066,-0.000681,-0.142996,3.478261,0.014861,0.088813,0.088689
118,120.978676,1000.0,0.882476,0.859124,0.0,0.0,0.236143,66442.0,0.251262,0.798096,0.110201,0.360825,-0.056203,0.650823,6.171539,-0.002,-0.3,-0.006,-0.125,-0.15,-0.5,0.500007,-0.012153,-0.007944,0.0,-0.182285,-0.284584,-0.056842,-0.027914,0.808851,-0.090719,-0.108365,-0.087099,-0.082152,1.528079,1.676076,-0.181317,-0.000898,-0.174379,3.583333,0.015296,0.076679,0.100968
119,121.686333,1000.0,0.873906,0.865817,0.0,0.0,0.233669,68278.0,0.245557,0.784974,0.108672,0.323286,-0.051682,0.611288,6.153586,-0.002,-0.3,-0.006,-0.125,-0.15,-0.5,0.500007,-0.0122,-0.00581,0.0,-0.162202,-0.280049,-0.053806,-0.028083,0.793081,-0.090366,-0.114652,-0.083127,-0.07289,1.560028,1.708171,-0.180528,-0.000699,-0.095794,3.130435,0.01745,0.094231,0.101689
120,122.259888,1000.0,0.894943,0.86321,0.0,0.0,0.231437,69514.0,0.245068,0.788411,0.114334,0.346719,-0.056054,0.651453,6.162449,-0.002,-0.3,-0.006,-0.125,-0.15,-0.5,0.500007,-0.012681,-0.005588,0.0,-0.1749,-0.279322,-0.054838,-0.028684,0.810192,-0.092489,-0.113488,-0.084063,-0.078993,1.559345,1.700158,-0.184461,-0.000559,-0.126982,2.958333,0.013382,0.070806,0.104429
121,122.634232,996.299988,0.853067,0.852193,0.041667,0.0,0.229434,68875.0,0.243106,0.77953,0.122396,0.377102,-0.059436,0.713057,6.138649,-0.002,-0.3,-0.006,-0.125,-0.15,-0.5,0.498461,-0.0136,-0.006216,-0.000333,-0.188463,-0.271176,-0.054676,-0.029664,0.83569,-0.091857,-0.113447,-0.086133,-0.085478,1.543732,1.720174,-0.184549,-0.0007,-0.164384,3.458333,0.017477,0.102116,0.102263
122,123.094536,1000.0,0.882279,0.87357,0.0,0.0,0.227632,59739.0,0.24105,0.791109,0.112737,0.351788,-0.055548,0.6581,6.113428,-0.002,-0.3,-0.006,-0.125,-0.15,-0.5,0.500007,-0.013896,-0.004046,0.0,-0.171012,-0.269573,-0.054397,-0.029059,0.813467,-0.093988,-0.116928,-0.083653,-0.077384,1.551726,1.723554,-0.1863,-0.000834,-0.173422,3.625,0.013741,0.102661,0.078492
123,123.570328,1000.0,0.875538,0.861027,0.0,0.0,0.225701,64918.0,0.241019,0.770036,0.108182,0.33048,-0.051747,0.637993,6.122911,-0.002,-0.3,-0.006,-0.125,-0.15,-0.5,0.500007,-0.014236,-0.005207,0.0,-0.16718,-0.261952,-0.052257,-0.030102,0.811093,-0.092314,-0.121993,-0.080833,-0.075138,1.568244,1.790451,-0.185563,-0.000847,-0.149909,3.416667,0.015199,0.080145,0.099671
124,124.206215,1000.0,0.88238,0.851839,0.0,0.0,0.223075,66363.0,0.240863,0.762031,0.118313,0.351298,-0.054388,0.67493,6.095464,-0.002,-0.3,-0.006,-0.125,-0.15,-0.5,0.500007,-0.014774,-0.004951,0.0,-0.170911,-0.260398,-0.053146,-0.030823,0.81613,-0.095546,-0.124448,-0.081427,-0.07596,1.567344,1.777516,-0.189128,-0.000799,-0.201282,3.166667,0.01545,0.078867,0.110575
125,125.40535,1000.0,0.88934,0.869755,0.0,0.0,0.220796,70358.0,0.236823,0.765042,0.11039,0.336513,-0.051295,0.642765,6.127153,-0.002,-0.3,-0.006,-0.125,-0.15,-0.5,0.500007,-0.015225,-0.005319,0.0,-0.164061,-0.256654,-0.051838,-0.031195,0.810898,-0.095077,-0.12299,-0.079987,-0.073611,1.590295,1.81457,-0.189298,-0.00107,-0.18654,25.857143,0.014912,0.07605,0.111316
126,125.845413,1000.0,0.880987,0.875727,0.0,0.0,0.218155,70804.0,0.239202,0.754494,0.120023,0.349,-0.053954,0.66347,6.063558,-0.002,-0.3,-0.006,-0.125,-0.15,-0.5,0.500007,-0.015427,-0.005981,0.0,-0.16555,-0.2516,-0.051189,-0.03156,0.816867,-0.095053,-0.129272,-0.078999,-0.075108,1.570729,1.839307,-0.191352,-0.000852,-0.218992,7.083333,0.01539,0.080764,0.097918
127,125.261871,990.299988,0.870647,0.862669,0.083333,0.0,0.215759,68117.0,0.23494,0.736228,0.118553,0.359725,-0.053645,0.679685,6.056608,-0.002,-0.3,-0.006,-0.125,-0.15,-0.5,0.494989,-0.016135,-0.006838,-0.000476,-0.174489,-0.243732,-0.050048,-0.032027,0.823733,-0.092868,-0.123759,-0.075451,-0.078977,1.554493,1.861213,-0.190494,-0.000737,-0.216423,6.916667,0.015307,0.080472,0.106734
128,127.361855,990.640015,0.874369,0.86139,0.083333,0.0,0.213876,61091.0,0.231661,0.731645,0.120637,0.344884,-0.052736,0.667059,6.048994,-0.002,-0.3,-0.006,-0.125,-0.15,-0.5,0.497065,-0.016297,-0.004171,-0.000583,-0.164317,-0.241348,-0.050102,-0.032815,0.817674,-0.094743,-0.133062,-0.073752,-0.073617,1.587126,1.883779,-0.192146,-0.000775,-0.140698,6.75,0.015721,0.086822,0.100366
129,126.452095,1000.0,0.881341,0.878126,0.0,0.0,0.211329,67671.0,0.231622,0.752996,0.125409,0.355664,-0.054196,0.687863,6.055729,-0.002,-0.3,-0.006,-0.125,-0.15,-0.5,0.500007,-0.016862,-0.0031,0.0,-0.167759,-0.241342,-0.049161,-0.032886,0.833015,-0.098067,-0.13331,-0.074184,-0.075852,1.595035,1.868976,-0.195319,-0.000784,-0.222729,6.708333,0.015699,0.080259,0.091981
130,128.566467,1000.0,0.887913,0.870409,0.0,0.0,0.209245,67194.0,0.230212,0.738541,0.12486,0.353567,-0.053319,0.695826,6.035941,-0.002,-0.3,-0.006,-0.125,-0.15,-0.5,0.500007,-0.01742,-0.004788,0.0,-0.168093,-0.234821,-0.048192,-0.033591,0.834783,-0.095698,-0.135897,-0.073249,-0.076473,1.605693,1.92349,-0.194212,-0.000669,-0.218964,5.916667,0.016,0.076579,0.110232
131,127.217224,990.390015,0.885984,0.866651,0.041667,0.0,0.20729,66497.0,0.224767,0.731693,0.11703,0.338197,-0.050148,0.67262,6.002925,-0.002,-0.3,-0.006,-0.125,-0.15,-0.5,0.497501,-0.018058,-0.006113,-0.000208,-0.164034,-0.230444,-0.046894,-0.033362,0.829204,-0.095533,-0.132948,-0.072097,-0.075221,1.607432,1.933922,-0.193658,-0.00056,-0.227313,6.041667,0.013654,0.084976,0.101757
132,130.513107,1000.0,0.893844,0.868604,0.0,0.0,0.205287,70204.0,0.225724,0.723032,0.114467,0.338744,-0.049617,0.658836,6.014054,-0.002,-0.3,-0.006,-0.125,-0.15,-0.5,0.500007,-0.018704,-0.00517,0.0,-0.159165,-0.226709,-0.046298,-0.033576,0.81683,-0.095318,-0.130423,-0.069986,-0.072436,1.610692,1.983467,-0.195094,-0.000735,-0.134426,6.391304,0.013596,0.078225,0.090773
133,131.39241,1000.0,0.876558,0.871713,0.0,0.0,0.203571,60627.0,0.229086,0.722467,0.125608,0.347929,-0.051234,0.684265,5.993342,-0.002,-0.3,-0.006,-0.125,-0.15,-0.5,0.500007,-0.018447,-0.004395,0.0,-0.158647,-0.223526,-0.046647,-0.034902,0.828228,-0.098328,-0.143636,-0.069903,-0.071953,1.610076,1.979651,-0.197638,-0.000762,-0.166355,6.041667,0.016327,0.079059,0.093724
134,130.072098,1000.0,0.875817,0.87452,0.0,0.0,0.201262,63208.0,0.223337,0.722128,0.120648,0.342902,-0.051071,0.67622,5.972724,-0.002,-0.3,-0.006,-0.125,-0.15,-0.5,0.500007,-0.019513,-0.004496,0.0,-0.159846,-0.222133,-0.048011,-0.035893,0.821904,-0.10042,-0.141673,-0.070555,-0.071649,1.618548,1.980444,-0.200201,-0.000833,-0.207327,5.875,0.017989,0.090745,0.118782
135,130.442459,997.219971,0.880928,0.872515,0.041667,0.0,0.19891,68835.0,0.223671,0.710893,0.12283,0.344696,-0.050001,0.676237,5.949735,-0.002,-0.3,-0.006,-0.125,-0.15,-0.5,0.499038,-0.019756,-0.004865,-0.000278,-0.156192,-0.215307,-0.045282,-0.03546,0.820644,-0.097583,-0.140106,-0.067903,-0.071108,1.615424,2.031432,-0.199001,-0.000746,-0.250694,6.166667,0.016194,0.082559,0.110719
136,133.20462,999.26001,0.899964,0.871369,0.041667,0.0,0.196946,68723.0,0.22122,0.71051,0.129895,0.344332,-0.05079,0.690975,5.949518,-0.002,-0.3,-0.006,-0.125,-0.15,-0.5,0.499833,-0.019899,-0.003328,-0.000185,-0.157063,-0.212926,-0.044762,-0.03563,0.834865,-0.099136,-0.14485,-0.066559,-0.070688,1.626618,2.036388,-0.199964,-0.000708,-0.170763,5.791667,0.014276,0.074624,0.118129
137,132.749847,1000.0,0.889388,0.866777,0.0,0.0,0.194765,68583.0,0.217943,0.703503,0.115163,0.336397,-0.048516,0.672114,5.929889,-0.002,-0.3,-0.006,-0.125,-0.15,-0.5,0.500007,-0.021112,-0.005084,0.0,-0.154119,-0.208498,-0.044351,-0.036553,0.820158,-0.097686,-0.138509,-0.066694,-0.069947,1.641508,2.085433,-0.201048,-0.000741,-0.167155,5.416667,0.012967,0.080718,0.099674
138,134.051529,1000.0,0.890518,0.882673,0.0,0.0,0.192137,68376.0,0.221274,0.698344,0.127272,0.350348,-0.050221,0.690127,5.899514,-0.002,-0.3,-0.006,-0.125,-0.15,-0.5,0.500007,-0.021059,-0.004445,0.0,-0.156733,-0.205927,-0.044487,-0.037042,0.831833,-0.099783,-0.146037,-0.064414,-0.070785,1.624283,2.083409,-0.20343,-0.000817,-0.22456,6.125,0.014547,0.085284,0.111634
139,136.196243,1000.0,0.891281,0.877822,0.0,0.0,0.190293,63204.0,0.214169,0.69469,0.131982,0.344592,-0.050369,0.699208,5.879332,-0.002,-0.3,-0.006,-0.125,-0.15,-0.5,0.500007,-0.021479,-0.002978,0.0,-0.156185,-0.202504,-0.043621,-0.036963,0.846138,-0.100308,-0.147525,-0.064312,-0.069929,1.650757,2.107079,-0.202553,-0.000682,-0.179179,5.304348,0.014952,0.079237,0.103134
140,135.596313,1000.0,0.88439,0.875363,0.0,0.0,0.188834,69413.0,0.219008,0.688528,0.122438,0.331972,-0.046749,0.666455,5.851587,-0.002,-0.3,-0.006,-0.125,-0.15,-0.5,0.500007,-0.02224,-0.003374,0.0,-0.146895,-0.197236,-0.042276,-0.036757,0.818906,-0.098922,-0.146299,-0.063368,-0.067903,1.634158,2.139652,-0.201168,-0.000715,-0.13062,4.791667,0.01523,0.08135,0.106098
141,134.465042,1000.0,0.876612,0.86739,0.0,0.0,0.186862,68144.0,0.214254,0.693097,0.122521,0.341341,-0.047972,0.687536,5.884399,-0.002,-0.3,-0.006,-0.125,-0.15,-0.5,0.500007,-0.022964,-0.005104,0.0,-0.155069,-0.194753,-0.042363,-0.037949,0.836787,-0.100239,-0.146268,-0.061703,-0.070942,1.648201,2.148777,-0.20297,-0.000679,-0.232664,4.958333,0.016197,0.080304,0.112285
142,136.184113,993.52002,0.893993,0.878555,0.041667,0.0,0.18463,67848.0,0.210693,0.665703,0.122555,0.321123,-0.045256,0.649818,5.853039,-0.002,-0.3,-0.006,-0.125,-0.15,-0.5,0.498967,-0.022374,-0.004048,-0.000128,-0.1421,-0.189948,-0.040501,-0.037174,0.818822,-0.096263,-0.14735,-0.057812,-0.063961,1.65527,2.2115,-0.198834,-0.0007,-0.207894,5.458333,0.015297,0.075152,0.105101
143,136.53714,994.429993,0.883479,0.872543,0.041667,0.0,0.182385,69030.0,0.207555,0.66846,0.121094,0.310551,-0.044114,0.637144,5.861391,-0.002,-0.3,-0.006,-0.125,-0.15,-0.5,0.498069,-0.022343,-0.003281,-0.000278,-0.140663,-0.186079,-0.040011,-0.036662,0.817792,-0.095036,-0.144036,-0.058273,-0.063896,1.654421,2.218262,-0.193925,-0.000728,-0.165985,4.541667,0.01519,0.077792,0.126979
144,137.425476,1000.0,0.862484,0.875787,0.0,0.0,0.180798,61037.0,0.216517,0.668111,0.141125,0.353388,-0.050267,0.707728,5.868349,-0.002,-0.3,-0.006,-0.125,-0.15,-0.5,0.500007,-0.021327,-0.00237,0.0,-0.146932,-0.18589,-0.041485,-0.036756,0.837184,-0.097539,-0.156428,-0.056619,-0.065321,1.624928,2.209784,-0.197836,-0.00101,-0.221679,3.916667,0.016167,0.090942,0.096766
145,137.47879,992.049988,0.887434,0.86398,0.086957,0.0,0.178958,69870.0,0.208848,0.657868,0.125458,0.315521,-0.044299,0.638368,5.826309,-0.002,-0.3,-0.006,-0.125,-0.15,-0.5,0.496113,-0.021415,-0.004326,-0.000683,-0.136127,-0.179195,-0.039246,-0.036108,0.817311,-0.092692,-0.14896,-0.056281,-0.061327,1.645313,2.242123,-0.189047,-0.00072,-0.148315,4.478261,0.015402,0.084839,0.111228
146,140.185837,1000.0,0.88323,0.871634,0.0,0.0,0.177294,70158.0,0.207552,0.651246,0.142653,0.357869,-0.050493,0.731615,5.832838,-0.002,-0.3,-0.006,-0.125,-0.15,-0.5,0.500007,-0.021556,-0.003223,0.0,-0.153133,-0.177816,-0.039966,-0.036051,0.852835,-0.09128,-0.145993,-0.056761,-0.069299,1.658339,2.297788,-0.189622,-0.000709,-0.272546,4.0,0.014795,0.088433,0.11192
147,140.498474,1000.0,0.893183,0.876845,0.0,0.0,0.17564,68895.0,0.205674,0.657272,0.130375,0.328327,-0.046247,0.677769,5.77301,-0.002,-0.3,-0.006,-0.125,-0.15,-0.5,0.500007,-0.021705,-0.003283,0.0,-0.142538,-0.174864,-0.039986,-0.03618,0.832613,-0.090557,-0.146433,-0.056063,-0.065037,1.677519,2.301802,-0.184911,-0.000777,-0.170241,3.75,0.013396,0.073195,0.103428
148,141.233459,1000.0,0.892038,0.88153,0.0,0.0,0.174267,68895.0,0.203185,0.652759,0.133268,0.334669,-0.046425,0.699275,5.783644,-0.002,-0.3,-0.006,-0.125,-0.15,-0.5,0.500007,-0.021658,-0.003261,0.0,-0.142092,-0.172204,-0.038566,-0.035446,0.838772,-0.087836,-0.139682,-0.054479,-0.064684,1.670594,2.342108,-0.182991,-0.000549,-0.225552,3.958333,0.015104,0.07814,0.095898
149,142.198151,1000.0,0.881535,0.869991,0.0,0.0,0.172276,68460.0,0.205407,0.651079,0.134053,0.334747,-0.046458,0.691443,5.785685,-0.002,-0.3,-0.006,-0.125,-0.15,-0.5,0.500007,-0.021584,-0.003678,0.0,-0.143167,-0.169165,-0.039587,-0.035943,0.833891,-0.090143,-0.147592,-0.056964,-0.06538,1.674096,2.316858,-0.180127,-0.000774,-0.148214,3.333333,0.014897,0.083258,0.090247
150,144.728333,1000.0,0.888378,0.878295,0.0,0.0,0.170086,62463.0,0.19971,0.63068,0.135378,0.33673,-0.04586,0.700548,5.764837,-0.002,-0.3,-0.006,-0.125,-0.15,-0.5,0.500007,-0.021793,-0.002705,0.0,-0.142633,-0.164582,-0.037074,-0.034337,0.843648,-0.083321,-0.134489,-0.052238,-0.064903,1.686284,2.409939,-0.175754,-0.000721,-0.113586,3.772727,0.013649,0.08029,0.109166
151,143.280823,1000.0,0.888052,0.866759,0.0,0.0,0.168708,68738.0,0.202693,0.631837,0.125338,0.319055,-0.042824,0.654503,5.717765,-0.002,-0.3,-0.006,-0.125,-0.15,-0.5,0.500007,-0.021795,-0.006219,0.0,-0.132715,-0.162149,-0.037223,-0.03461,0.812539,-0.084951,-0.134439,-0.053301,-0.06107,1.677934,2.396262,-0.172702,-0.000694,-0.147725,3.826087,0.016769,0.079373,0.092202
152,143.192551,1000.0,0.868731,0.885345,0.0,0.0,0.167059,66182.0,0.201252,0.636878,0.133239,0.315346,-0.042645,0.65186,5.752543,-0.002,-0.3,-0.006,-0.125,-0.15,-0.5,0.500007,-0.020941,-0.004466,0.0,-0.134035,-0.160522,-0.036445,-0.034765,0.834574,-0.082714,-0.139669,-0.04991,-0.061151,1.685644,2.411246,-0.171349,-0.000742,-0.192139,3.75,0.017496,0.081784,0.102554
153,144.186462,1000.0,0.875243,0.864877,0.0,0.0,0.165359,66862.0,0.19965,0.626101,0.128929,0.329547,-0.044101,0.701675,5.704707,-0.002,-0.3,-0.006,-0.125,-0.15,-0.5,0.500007,-0.021333,-0.003601,0.0,-0.137889,-0.155944,-0.036042,-0.034433,0.839818,-0.08117,-0.132732,-0.051497,-0.063973,1.683793,2.444939,-0.167349,-0.000623,-0.159956,2.833333,0.016269,0.085043,0.11968
154,147.115524,1000.0,0.895823,0.88287,0.0,0.0,0.163762,66235.0,0.1955,0.6271,0.1294,0.318113,-0.042937,0.66921,5.683394,-0.002,-0.3,-0.006,-0.125,-0.15,-0.5,0.500007,-0.020879,-0.001977,0.0,-0.130209,-0.154367,-0.035521,-0.033435,0.831173,-0.07967,-0.135159,-0.048909,-0.060475,1.70747,2.463772,-0.164334,-0.000377,-0.091325,3.416667,0.014949,0.077441,0.103027
155,145.24054,1000.0,0.873258,0.881834,0.0,0.0,0.162583,56095.0,0.200306,0.616307,0.140793,0.340987,-0.045386,0.714935,5.658535,-0.002,-0.3,-0.006,-0.125,-0.15,-0.5,0.500007,-0.020958,-0.003312,0.0,-0.13923,-0.15178,-0.037041,-0.034284,0.845329,-0.079376,-0.143328,-0.052652,-0.063661,1.683872,2.476458,-0.164923,-0.000632,-0.346471,3.26087,0.015726,0.082543,0.109727
156,147.672165,1000.0,0.886907,0.874468,0.0,0.0,0.160737,60534.0,0.195052,0.619258,0.132038,0.309712,-0.040602,0.655853,5.646584,-0.002,-0.3,-0.006,-0.125,-0.15,-0.5,0.500007,-0.020622,-0.00347,0.0,-0.123755,-0.148996,-0.0335,-0.031759,0.824943,-0.07651,-0.133858,-0.046229,-0.056819,1.699925,2.518334,-0.158481,-0.000552,-0.159952,3.869565,0.016757,0.080646,0.118906
157,148.304886,1000.0,0.881461,0.87876,0.0,0.0,0.159394,59567.0,0.192704,0.605854,0.140417,0.325072,-0.042445,0.701715,5.644695,-0.002,-0.3,-0.006,-0.125,-0.15,-0.5,0.500007,-0.020244,-0.001483,0.0,-0.129158,-0.146351,-0.033555,-0.032017,0.842908,-0.075172,-0.135008,-0.044893,-0.058339,1.71114,2.550458,-0.156795,-0.000695,-0.237354,3.166667,0.015885,0.068243,0.093526
158,148.940384,1000.0,0.90027,0.868533,0.0,0.0,0.158233,66759.0,0.191626,0.610705,0.119047,0.3092,-0.039918,0.650221,5.644888,-0.002,-0.3,-0.006,-0.125,-0.15,-0.5,0.500007,-0.021583,-0.003732,0.0,-0.124555,-0.14302,-0.034428,-0.032106,0.815091,-0.074123,-0.121688,-0.048008,-0.056548,1.691561,2.557976,-0.154749,-0.000644,-0.147526,4.173913,0.015968,0.07596,0.112126
159,149.731705,1000.0,0.878234,0.867975,0.0,0.0,0.157005,67550.0,0.189218,0.59536,0.13657,0.316113,-0.041172,0.663947,5.653209,-0.002,-0.3,-0.006,-0.125,-0.15,-0.5,0.500007,-0.020786,-0.003459,0.0,-0.125708,-0.140914,-0.032431,-0.031115,0.830914,-0.071697,-0.118553,-0.042927,-0.059286,1.720919,2.604087,-0.150991,-0.000695,-0.175447,3.333333,0.016476,0.096267,0.105284
160,150.302612,1000.0,0.878595,0.882638,0.0,0.0,0.155742,68076.0,0.189321,0.596722,0.132044,0.322719,-0.042151,0.67205,5.62054,-0.002,-0.3,-0.006,-0.125,-0.15,-0.5,0.500007,-0.020841,-0.002162,0.0,-0.125208,-0.138492,-0.034171,-0.031809,0.82351,-0.071373,-0.125396,-0.045414,-0.057757,1.70726,2.614657,-0.150818,-0.000532,-0.21683,3.625,0.015872,0.070849,0.109469
161,150.197784,1000.0,0.874812,0.857031,0.0,0.0,0.153955,61216.0,0.189429,0.592121,0.148272,0.347204,-0.04468,0.725512,5.613206,-0.002,-0.3,-0.006,-0.125,-0.15,-0.5,0.500007,-0.020493,-0.00196,0.0,-0.129033,-0.137501,-0.03443,-0.031657,0.83909,-0.07258,-0.121083,-0.042577,-0.057837,1.70767,2.600882,-0.150551,-0.000644,-0.171491,3.0,0.017533,0.090294,0.111815
162,150.677551,1000.0,0.872907,0.883352,0.0,0.0,0.152678,66438.0,0.188798,0.593166,0.143875,0.316073,-0.040565,0.680953,5.633082,-0.002,-0.3,-0.006,-0.125,-0.15,-0.5,0.500007,-0.019777,-0.00405,0.0,-0.122517,-0.135074,-0.032937,-0.031848,0.846717,-0.070147,-0.131926,-0.043244,-0.056339,1.727896,2.637196,-0.146278,-0.000879,-0.222019,3.041667,0.015054,0.073905,0.08813
163,150.420868,1000.0,0.869097,0.880319,0.0,0.0,0.151117,67863.0,0.183421,0.594931,0.12863,0.312603,-0.04013,0.672642,5.631801,-0.002,-0.3,-0.006,-0.125,-0.15,-0.5,0.500007,-0.020783,-0.003802,0.0,-0.124445,-0.131565,-0.032297,-0.031006,0.835228,-0.069449,-0.118942,-0.044747,-0.058171,1.738948,2.645076,-0.143407,-0.000462,-0.190767,3.416667,0.019554,0.070759,0.083699
164,152.71582,1000.0,0.87073,0.86368,0.0,0.0,0.150008,67394.0,0.189173,0.590465,0.136908,0.330836,-0.043034,0.70007,5.638268,-0.002,-0.3,-0.006,-0.125,-0.15,-0.5,0.500007,-0.020915,-0.002514,0.0,-0.130466,-0.130534,-0.033542,-0.032033,0.834409,-0.069066,-0.122323,-0.044733,-0.059038,1.695515,2.649921,-0.144515,-0.000611,-0.140337,3.708333,0.017645,0.087314,0.109902
165,150.726395,1000.0,0.875241,0.869737,0.0,0.0,0.14869,66857.0,0.186258,0.577416,0.144568,0.3337,-0.04275,0.71981,5.620088,-0.002,-0.3,-0.006,-0.125,-0.15,-0.5,0.500007,-0.020009,-0.002232,0.0,-0.128154,-0.127822,-0.031993,-0.030629,0.852607,-0.066984,-0.123911,-0.042161,-0.058765,1.708527,2.700377,-0.140719,-0.000594,-0.371904,3.708333,0.015272,0.078175,0.106372
166,155.935013,1000.0,0.872482,0.875597,0.0,0.0,0.147375,57554.0,0.186402,0.571298,0.141027,0.336582,-0.041749,0.707718,5.601831,-0.002,-0.3,-0.006,-0.125,-0.15,-0.5,0.500007,-0.020386,-0.002352,0.0,-0.122924,-0.126128,-0.032479,-0.030323,0.836628,-0.066033,-0.120099,-0.041529,-0.056196,1.713636,2.716472,-0.140681,-0.000527,-0.145273,23.59091,0.013619,0.085419,0.10063
167,156.447403,1000.0,0.875389,0.873242,0.0,0.0,0.14604,69935.0,0.183644,0.56859,0.142181,0.329367,-0.04162,0.705722,5.646352,-0.002,-0.3,-0.006,-0.125,-0.15,-0.5,0.500007,-0.020137,-0.002775,0.0,-0.122095,-0.122939,-0.0307,-0.029556,0.845451,-0.063646,-0.120121,-0.041037,-0.055585,1.714293,2.757029,-0.136764,-0.000501,-0.257558,4.956522,0.017254,0.08348,0.108645
168,155.689575,1000.0,0.87284,0.878988,0.0,0.0,0.144924,67730.0,0.183425,0.56238,0.142443,0.318425,-0.040955,0.688463,5.615611,-0.002,-0.3,-0.006,-0.125,-0.15,-0.5,0.500007,-0.019797,-0.002477,0.0,-0.121563,-0.121245,-0.031179,-0.03031,0.841307,-0.063028,-0.119119,-0.039383,-0.056113,1.717327,2.771155,-0.13448,-0.000587,-0.185404,7.375,0.015117,0.078652,0.097092
169,157.651581,1000.0,0.881669,0.875528,0.0,0.0,0.143286,64192.0,0.180454,0.559577,0.145052,0.329184,-0.041777,0.711555,5.628067,-0.002,-0.3,-0.006,-0.125,-0.15,-0.5,0.500007,-0.020083,-0.002172,0.0,-0.121987,-0.118767,-0.030551,-0.029073,0.84789,-0.061152,-0.114072,-0.038657,-0.055479,1.72527,2.804765,-0.132864,-0.00048,-0.20943,6.833333,0.014277,0.080454,0.097648
170,158.439056,1000.0,0.886467,0.882812,0.0,0.0,0.142107,64321.0,0.176515,0.557762,0.13814,0.305338,-0.038581,0.668335,5.614967,-0.002,-0.3,-0.006,-0.125,-0.15,-0.5,0.500007,-0.019883,-0.002886,0.0,-0.112507,-0.116301,-0.029731,-0.028781,0.831876,-0.060298,-0.111988,-0.037505,-0.05135,1.745859,2.826948,-0.128388,-0.000554,-0.150155,6.791667,0.015856,0.084515,0.111647
171,159.584579,1000.0,0.87953,0.87897,0.0,0.0,0.14065,65919.0,0.179137,0.554983,0.142518,0.325215,-0.041262,0.716072,5.61902,-0.002,-0.3,-0.006,-0.125,-0.15,-0.5,0.500007,-0.020095,-0.001819,0.0,-0.11929,-0.114506,-0.030297,-0.028994,0.843903,-0.060196,-0.114884,-0.039189,-0.054241,1.723461,2.829242,-0.128761,-0.000426,-0.16622,6.958333,0.015811,0.083844,0.111888
172,156.685516,997.830017,0.870632,0.873543,0.041667,0.0,0.139567,59138.0,0.180096,0.543614,0.139597,0.319385,-0.040064,0.68953,5.640038,-0.002,-0.3,-0.006,-0.125,-0.15,-0.5,0.499439,-0.019777,-0.002694,-0.000208,-0.115662,-0.113046,-0.030579,-0.029506,0.826327,-0.059281,-0.116267,-0.038895,-0.051567,1.725662,2.849066,-0.127687,-0.00063,-0.18963,5.541667,0.017802,0.08055,0.107733
173,157.919144,1000.0,0.891133,0.878377,0.0,0.0,0.138449,69499.0,0.176866,0.535568,0.142632,0.319095,-0.039063,0.70311,5.59551,-0.002,-0.3,-0.006,-0.125,-0.15,-0.5,0.500007,-0.019968,-0.003243,0.0,-0.11627,-0.110063,-0.028707,-0.02801,0.844226,-0.056186,-0.113414,-0.037129,-0.053286,1.736989,2.914249,-0.123405,-0.00053,-0.320088,6.304348,0.013634,0.08177,0.107488
174,160.447845,1000.0,0.874243,0.87606,0.0,0.0,0.137085,67934.0,0.176429,0.545709,0.142274,0.319153,-0.039935,0.689477,5.571217,-0.002,-0.3,-0.006,-0.125,-0.15,-0.5,0.500007,-0.019872,-0.001804,0.0,-0.113547,-0.109662,-0.029424,-0.027982,0.837949,-0.057041,-0.109697,-0.036116,-0.051266,1.730189,2.893836,-0.123633,-0.000501,-0.141245,6.208333,0.014349,0.077089,0.105288
175,160.924026,1000.0,0.886821,0.873187,0.0,0.0,0.136325,67354.0,0.174344,0.537712,0.147155,0.333265,-0.040516,0.727854,5.564937,-0.002,-0.3,-0.006,-0.125,-0.15,-0.5,0.500007,-0.019776,-0.001882,0.0,-0.117783,-0.107495,-0.029158,-0.028178,0.84924,-0.056021,-0.109877,-0.036053,-0.053688,1.737257,2.920594,-0.122377,-0.000555,-0.263682,6.041667,0.015008,0.081903,0.108412
176,160.819305,1000.0,0.882167,0.87393,0.0,0.0,0.134942,67649.0,0.175228,0.528379,0.152329,0.321107,-0.039765,0.716959,5.550403,-0.002,-0.3,-0.006,-0.125,-0.15,-0.5,0.500007,-0.018884,-0.00154,0.0,-0.112903,-0.105172,-0.028378,-0.027336,0.841015,-0.05557,-0.112955,-0.034002,-0.050819,1.739112,2.940551,-0.118558,-0.000558,-0.197757,5.833333,0.01514,0.088465,0.10524
177,163.423584,1000.0,0.881639,0.87445,0.0,0.0,0.133884,58721.0,0.173112,0.525954,0.150386,0.328254,-0.040429,0.723876,5.575067,-0.002,-0.3,-0.006,-0.125,-0.15,-0.5,0.500007,-0.019304,-0.001994,0.0,-0.113432,-0.103731,-0.028509,-0.027705,0.844491,-0.053683,-0.11163,-0.034317,-0.050758,1.742294,2.97523,-0.118924,-0.000404,-0.139647,6.083333,0.017369,0.082471,0.114094
178,163.466721,1000.0,0.877173,0.877114,0.0,0.0,0.13251,66646.0,0.171695,0.519146,0.14478,0.325874,-0.03899,0.714121,5.560143,-0.002,-0.3,-0.006,-0.125,-0.15,-0.5,0.500007,-0.019624,-0.001776,0.0,-0.111812,-0.101068,-0.027943,-0.026912,0.843777,-0.052129,-0.107035,-0.03446,-0.050048,1.742172,3.011298,-0.116221,-0.000522,-0.161807,5.791667,0.016629,0.0744,0.114361
179,163.338943,1000.0,0.878091,0.885325,0.0,0.0,0.131418,68045.0,0.169588,0.517127,0.157232,0.326133,-0.039122,0.737553,5.571112,-0.002,-0.3,-0.006,-0.125,-0.15,-0.5,0.500007,-0.019176,-0.002251,0.0,-0.110155,-0.099379,-0.027965,-0.027088,0.848739,-0.051912,-0.108198,-0.033438,-0.049232,1.755402,3.015803,-0.114007,-0.000553,-0.197211,5.25,0.01521,0.089981,0.09363
180,163.94754,1000.0,0.885984,0.874755,0.0,0.0,0.130595,68805.0,0.169925,0.517864,0.147554,0.319844,-0.039071,0.725738,5.547465,-0.002,-0.3,-0.006,-0.125,-0.15,-0.5,0.500007,-0.019366,-0.001712,0.0,-0.111548,-0.097807,-0.027229,-0.026187,0.854273,-0.051533,-0.103009,-0.033655,-0.051767,1.745543,3.021123,-0.11227,-0.000479,-0.221791,5.826087,0.016339,0.082664,0.104698
181,164.462585,1000.0,0.873095,0.876087,0.041667,0.0,0.129494,66623.0,0.166053,0.504052,0.147751,0.312813,-0.037412,0.711249,5.554987,-0.002,-0.3,-0.006,-0.125,-0.15,-0.5,0.496534,-0.019137,-0.001008,-0.000278,-0.107474,-0.095492,-0.025817,-0.025911,0.840275,-0.04928,-0.102289,-0.031001,-0.048342,1.746241,3.049351,-0.10936,-0.000468,-0.180018,5.166667,0.016172,0.078012,0.114488
182,164.226685,1000.0,0.869624,0.871519,0.0,0.0,0.128482,67253.0,0.172605,0.510595,0.16344,0.335021,-0.040508,0.765136,5.545715,-0.002,-0.3,-0.006,-0.125,-0.15,-0.5,0.500007,-0.018507,-0.001708,0.0,-0.114157,-0.095578,-0.027573,-0.026648,0.867487,-0.05164,-0.115447,-0.033534,-0.051038,1.745124,3.033849,-0.111346,-0.000454,-0.264991,5.458333,0.014583,0.083044,0.108471
183,166.35257,1000.0,0.88364,0.878389,0.0,0.0,0.127535,58391.0,0.16899,0.503931,0.158006,0.318247,-0.03784,0.71522,5.579179,-0.002,-0.3,-0.006,-0.125,-0.15,-0.5,0.500007,-0.018632,-0.001835,0.0,-0.10941,-0.093654,-0.026434,-0.026192,0.85645,-0.049827,-0.105914,-0.031161,-0.049189,1.762503,3.072694,-0.107528,-0.00046,-0.168069,5.125,0.016087,0.081371,0.097512
184,166.495071,1000.0,0.886579,0.877187,0.0,0.0,0.126276,60511.0,0.169629,0.498125,0.153256,0.321505,-0.038373,0.716979,5.532695,-0.002,-0.3,-0.006,-0.125,-0.15,-0.5,0.500007,-0.018873,-0.001587,0.0,-0.107045,-0.092014,-0.026907,-0.026219,0.839692,-0.048818,-0.107728,-0.032144,-0.047238,1.746812,3.103014,-0.108131,-0.000455,-0.188511,4.791667,0.014594,0.087847,0.104624
185,166.07489,1000.0,0.87675,0.881957,0.0,0.0,0.12531,63573.0,0.167147,0.487325,0.151293,0.315225,-0.037546,0.706955,5.555269,-0.002,-0.3,-0.006,-0.125,-0.15,-0.5,0.500007,-0.018568,-0.001814,0.0,-0.104798,-0.09023,-0.026681,-0.025928,0.843043,-0.047149,-0.108837,-0.031991,-0.045709,1.750443,3.143211,-0.106334,-0.000413,-0.254928,4.416667,0.014714,0.07535,0.104981
186,166.956818,1000.0,0.87139,0.864928,0.0,0.0,0.124351,67746.0,0.166042,0.489174,0.14686,0.305469,-0.036069,0.696865,5.524699,-0.002,-0.3,-0.006,-0.125,-0.15,-0.5,0.500007,-0.019153,-0.002493,0.0,-0.102843,-0.088127,-0.025411,-0.0251,0.835498,-0.045751,-0.097279,-0.029349,-0.046004,1.756344,3.17106,-0.102252,-0.000415,-0.183756,3.913043,0.017083,0.084858,0.128163
187,167.40448,1000.0,0.878779,0.862601,0.0,0.0,0.123012,66550.0,0.168212,0.487165,0.156832,0.308527,-0.036834,0.699509,5.512352,-0.002,-0.3,-0.006,-0.125,-0.15,-0.5,0.500007,-0.018062,-0.001514,0.0,-0.103789,-0.08768,-0.025948,-0.025745,0.843442,-0.046775,-0.109613,-0.029082,-0.04539,1.756358,3.150309,-0.102438,-0.000466,-0.166525,4.541667,0.016856,0.095917,0.117446
188,168.339676,1000.0,0.878692,0.865532,0.0,0.0,0.122052,61381.0,0.171043,0.485245,0.157962,0.329805,-0.039475,0.721929,5.520891,-0.002,-0.3,-0.006,-0.125,-0.15,-0.5,0.500007,-0.018383,-0.001241,0.0,-0.10664,-0.087388,-0.027339,-0.026127,0.842562,-0.046321,-0.10888,-0.031246,-0.045634,1.73781,3.162369,-0.105548,-0.000306,-0.231014,3.652174,0.016956,0.084096,0.121079
189,167.735046,1000.0,0.847553,0.864056,0.0,0.0,0.120901,71093.0,0.165314,0.484214,0.149996,0.309245,-0.036029,0.694423,5.482697,-0.002,-0.3,-0.006,-0.125,-0.15,-0.5,0.500007,-0.018251,-0.000755,0.0,-0.098944,-0.085486,-0.025253,-0.025034,0.830416,-0.045257,-0.104287,-0.028299,-0.043975,1.770124,3.192203,-0.10085,-0.000401,-0.150006,4.291667,0.016629,0.072552,0.11859
190,167.691971,1000.0,0.871642,0.875062,0.0,0.0,0.119915,71714.0,0.167347,0.482572,0.151517,0.318959,-0.038078,0.705642,5.459048,-0.002,-0.3,-0.006,-0.125,-0.15,-0.5,0.500007,-0.019003,-0.001496,0.0,-0.105181,-0.082803,-0.026481,-0.025986,0.84126,-0.044579,-0.099664,-0.031598,-0.047958,1.746661,3.201294,-0.100148,-0.000383,-0.195883,3.458333,0.017098,0.072571,0.108713
191,169.555161,1000.0,0.876056,0.883428,0.0,0.0,0.119018,75372.0,0.163958,0.48186,0.155109,0.323842,-0.038246,0.737358,5.446977,-0.002,-0.3,-0.006,-0.125,-0.15,-0.5,0.500007,-0.018532,-0.001202,0.0,-0.103577,-0.082286,-0.025598,-0.025058,0.85766,-0.044751,-0.099667,-0.030044,-0.046128,1.761659,3.206501,-0.098714,-0.000305,-0.224416,3.545455,0.014605,0.083554,0.114462
192,170.716293,1000.0,0.881633,0.876521,0.0,0.0,0.118016,68073.0,0.165366,0.47719,0.163168,0.327789,-0.037675,0.743932,5.486548,-0.002,-0.3,-0.006,-0.125,-0.15,-0.5,0.500007,-0.018102,-0.001291,0.0,-0.105993,-0.081512,-0.025793,-0.025221,0.856537,-0.044068,-0.111391,-0.029619,-0.046282,1.75725,3.217577,-0.098289,-0.000363,-0.155779,3.916667,0.01695,0.07185,0.114822
193,169.388885,1000.0,0.846399,0.87068,0.0,0.0,0.116867,64611.0,0.162535,0.464716,0.152664,0.298516,-0.033855,0.677123,5.464658,-0.002,-0.3,-0.006,-0.125,-0.15,-0.5,0.500007,-0.017634,-0.001291,0.0,-0.094318,-0.079204,-0.023878,-0.024247,0.834083,-0.042789,-0.103468,-0.025637,-0.041492,1.778962,3.267279,-0.09377,-0.000389,-0.20967,3.478261,0.015989,0.083945,0.115036
194,171.930984,1000.0,0.868336,0.865214,0.0,0.0,0.115915,61113.0,0.163377,0.472045,0.159361,0.322415,-0.037199,0.735547,5.442548,-0.002,-0.3,-0.006,-0.125,-0.15,-0.5,0.500007,-0.01823,-0.000784,0.0,-0.104396,-0.079739,-0.025521,-0.024593,0.858126,-0.042611,-0.100534,-0.026283,-0.044597,1.75997,3.263435,-0.096518,-0.000352,-0.144798,3.666667,0.014258,0.083242,0.117734
195,171.489655,1000.0,0.873848,0.879106,0.0,0.0,0.115157,68259.0,0.158157,0.460214,0.160625,0.306697,-0.034777,0.719148,5.427861,-0.002,-0.3,-0.006,-0.125,-0.15,-0.5,0.500007,-0.018126,-0.001297,0.0,-0.095992,-0.07726,-0.02322,-0.023264,0.847721,-0.040855,-0.097991,-0.026543,-0.042723,1.771662,3.315073,-0.091205,-0.000411,-0.221741,2.708333,0.015167,0.068574,0.099047
196,173.147125,1000.0,0.877274,0.86255,0.0,0.0,0.114166,69115.0,0.160863,0.46775,0.165756,0.316488,-0.036549,0.740095,5.421828,-0.002,-0.3,-0.006,-0.125,-0.15,-0.5,0.500007,-0.018151,-0.001659,0.0,-0.098382,-0.076079,-0.024746,-0.023985,0.851034,-0.041613,-0.099956,-0.027442,-0.042823,1.768833,3.290794,-0.092094,-0.000321,-0.110789,3.625,0.014545,0.087675,0.109652
197,170.892517,1000.0,0.876968,0.876809,0.0,0.0,0.113104,75938.0,0.161449,0.446819,0.14917,0.304995,-0.034684,0.682944,5.431297,-0.002,-0.3,-0.006,-0.125,-0.15,-0.5,0.500007,-0.018216,-0.003669,0.0,-0.097026,-0.074824,-0.024351,-0.024205,0.836145,-0.040409,-0.09995,-0.02862,-0.043384,1.767867,3.33782,-0.09123,-0.000322,-0.20661,3.590909,0.012818,0.072442,0.104661
198,173.219925,1000.0,0.872951,0.882963,0.0,0.0,0.112464,72200.0,0.159645,0.455759,0.158497,0.330602,-0.038482,0.73328,5.445825,-0.002,-0.3,-0.006,-0.125,-0.15,-0.5,0.500007,-0.018427,-0.00099,0.0,-0.104771,-0.075063,-0.025564,-0.024953,0.844978,-0.040421,-0.097871,-0.02726,-0.046294,1.773504,3.323926,-0.09451,-0.000295,-0.170326,3.666667,0.01392,0.086346,0.103843
199,175.151581,1000.0,0.854022,0.859334,0.0,0.0,0.111463,72746.0,0.159272,0.44406,0.162541,0.328443,-0.036128,0.730684,5.408771,-0.002,-0.3,-0.006,-0.125,-0.15,-0.5,0.500007,-0.01789,-0.000546,0.0,-0.095656,-0.072698,-0.023322,-0.023116,0.844166,-0.037776,-0.093886,-0.023981,-0.042132,1.772979,3.387324,-0.089946,-0.000471,-0.135021,3.458333,0.016697,0.084827,0.122544
200,173.766418,1000.0,0.867732,0.87445,0.0,0.0,0.110832,53607.0,0.158476,0.444648,0.162516,0.306042,-0.035033,0.716459,5.427323,-0.002,-0.3,-0.006,-0.125,-0.15,-0.5,0.500007,-0.017594,-0.000806,0.0,-0.095462,-0.071414,-0.023241,-0.023251,0.852066,-0.038575,-0.096809,-0.024918,-0.040571,1.771408,3.381124,-0.087687,-0.000364,-0.194867,3.652174,0.015241,0.076653,0.11523
201,172.107635,1000.0,0.855537,0.861848,0.0,0.0,0.109861,66471.0,0.160548,0.440499,0.159067,0.313015,-0.035557,0.723218,5.398102,-0.002,-0.3,-0.006,-0.125,-0.15,-0.5,0.500007,-0.017792,-0.000595,0.0,-0.093944,-0.07087,-0.024052,-0.023657,0.851089,-0.038598,-0.098554,-0.025808,-0.040491,1.762324,3.384296,-0.088549,-0.000245,-0.254157,3.541667,0.016228,0.094454,0.117591
202,175.632111,1000.0,0.877093,0.888029,0.0,0.0,0.10892,66026.0,0.150688,0.43973,0.15673,0.316476,-0.034816,0.744214,5.353124,-0.002,-0.3,-0.006,-0.125,-0.15,-0.5,0.500007,-0.018583,-0.000857,0.0,-0.091364,-0.068746,-0.022561,-0.022233,0.854578,-0.035479,-0.082166,-0.023639,-0.039774,1.79747,3.453529,-0.085644,-0.000308,-0.161956,3.304348,0.01626,0.072319,0.110303
203,173.935181,994.619995,0.835043,0.866613,0.041667,0.0,0.108125,61186.0,0.158837,0.43617,0.167045,0.334718,-0.037595,0.751976,5.368545,-0.002,-0.3,-0.006,-0.125,-0.15,-0.5,0.497199,-0.017556,-0.000586,-0.000417,-0.100774,-0.069076,-0.024927,-0.024293,0.856529,-0.037852,-0.09914,-0.026394,-0.043377,1.764491,3.374218,-0.089233,-0.000291,-0.247078,3.125,0.018201,0.085072,0.106298
204,174.0905,994.619995,0.875377,0.861847,0.0,0.0,0.107555,66156.0,0.147113,0.439552,0.143625,0.281536,-0.031807,0.657445,5.340311,-0.002,-0.3,-0.006,-0.125,-0.15,-0.5,0.500007,-0.018252,-0.000966,0.0,-0.086605,-0.067056,-0.021574,-0.021819,0.834515,-0.034945,-0.087975,-0.022694,-0.036995,1.80456,3.4702,-0.082576,-0.000256,-0.211711,2.75,0.015423,0.079607,0.090588
205,175.496246,1000.0,0.879389,0.877813,0.0,0.0,0.10665,57515.0,0.15482,0.427225,0.167807,0.338735,-0.037899,0.755944,5.325306,-0.002,-0.3,-0.006,-0.125,-0.15,-0.5,0.500007,-0.017894,-0.001042,0.0,-0.098198,-0.067703,-0.025793,-0.024227,0.848643,-0.036653,-0.095901,-0.026388,-0.040684,1.778767,3.44355,-0.088703,-0.000363,-0.199465,4.041667,0.014328,0.073563,0.114325
206,177.6548,1000.0,0.883721,0.868245,0.0,0.0,0.106065,61878.0,0.153134,0.429663,0.158459,0.311595,-0.03461,0.729063,5.348438,-0.002,-0.3,-0.006,-0.125,-0.15,-0.5,0.500007,-0.017719,-0.00079,0.0,-0.092205,-0.065331,-0.022227,-0.022301,0.848952,-0.034303,-0.091676,-0.022986,-0.040273,1.779719,3.497631,-0.082414,-0.000279,-0.155218,3.5,0.015116,0.075549,0.098853
207,176.422165,1000.0,0.883597,0.859205,0.0,0.0,0.105445,63034.0,0.150992,0.425651,0.156457,0.318046,-0.035964,0.720901,5.356367,-0.002,-0.3,-0.006,-0.125,-0.15,-0.5,0.500007,-0.017883,-0.000653,0.0,-0.092642,-0.065146,-0.023585,-0.022836,0.83949,-0.03468,-0.089881,-0.025039,-0.039127,1.784096,3.495824,-0.08436,-0.000258,-0.154812,3.375,0.013925,0.090349,0.110023
208,178.939865,1000.0,0.889028,0.882072,0.0,0.0,0.10474,66294.0,0.150647,0.416376,0.165143,0.315865,-0.03366,0.744081,5.307111,-0.002,-0.3,-0.006,-0.125,-0.15,-0.5,0.500007,-0.017451,-0.000725,0.0,-0.087619,-0.063177,-0.02098,-0.021381,0.852686,-0.032815,-0.084826,-0.021672,-0.037364,1.790874,3.548086,-0.079915,-0.000331,-0.202649,25.190477,0.014679,0.089255,0.0953
209,178.347,1000.0,0.875665,0.864954,0.0,0.0,0.103844,66559.0,0.152369,0.421286,0.165129,0.317301,-0.035106,0.735011,5.360285,-0.002,-0.3,-0.006,-0.125,-0.15,-0.5,0.500007,-0.017477,-0.00097,0.0,-0.091943,-0.063122,-0.02259,-0.022482,0.85087,-0.034172,-0.089778,-0.022729,-0.039535,1.789452,3.51145,-0.081241,-0.000291,-0.19006,6.041667,0.0155,0.08209,0.099134
210,178.56134,1000.0,0.868035,0.862706,0.041667,0.0,0.10327,53439.0,0.152803,0.413538,0.165096,0.320895,-0.034595,0.73147,5.326926,-0.002,-0.3,-0.006,-0.125,-0.15,-0.5,0.497517,-0.017445,-0.00082,-0.000208,-0.092097,-0.061828,-0.021908,-0.022075,0.845582,-0.033452,-0.086699,-0.022041,-0.040215,1.772777,3.512531,-0.079609,-0.000308,-0.188089,6.916667,0.01729,0.085099,0.112846
211,178.341263,1000.0,0.880918,0.866551,0.0,0.0,0.10262,68584.0,0.148964,0.420822,0.158983,0.300174,-0.033144,0.700209,5.307626,-0.002,-0.3,-0.006,-0.125,-0.15,-0.5,0.500007,-0.017222,-0.000635,0.0,-0.086254,-0.061358,-0.021492,-0.021478,0.83534,-0.033192,-0.088323,-0.021258,-0.036024,1.7962,3.535194,-0.078303,-0.000283,-0.158465,7.0,0.013607,0.082385,0.101332
212,179.478745,1000.0,0.880315,0.875204,0.0,0.0,0.102047,65479.0,0.14985,0.411942,0.169161,0.324123,-0.035038,0.750686,5.328768,-0.002,-0.3,-0.006,-0.125,-0.15,-0.5,0.500007,-0.017498,-0.000579,0.0,-0.090209,-0.060812,-0.022437,-0.022016,0.855741,-0.032559,-0.090108,-0.021868,-0.03716,1.786987,3.563576,-0.079726,-0.000284,-0.230745,6.708333,0.015171,0.083785,0.125532
213,180.147202,1000.0,0.881948,0.871806,0.0,0.0,0.101455,66148.0,0.151163,0.407885,0.173244,0.314978,-0.033869,0.754051,5.327095,-0.002,-0.3,-0.006,-0.125,-0.15,-0.5,0.500007,-0.017043,-0.00113,0.0,-0.088498,-0.059238,-0.021096,-0.021061,0.862906,-0.031737,-0.088448,-0.020574,-0.037665,1.793022,3.586144,-0.076533,-0.000314,-0.209332,6.666667,0.014776,0.083091,0.116991
214,180.595016,1000.0,0.866462,0.88265,0.0,0.0,0.100816,65625.0,0.145841,0.400443,0.163116,0.295335,-0.031817,0.706247,5.317283,-0.002,-0.3,-0.006,-0.125,-0.15,-0.5,0.500007,-0.01644,-0.00026,0.0,-0.084092,-0.058095,-0.020568,-0.020774,0.855911,-0.031058,-0.090386,-0.019422,-0.035037,1.811304,3.614958,-0.074355,-0.000349,-0.201292,5.916667,0.015604,0.076237,0.116711
215,180.508835,1000.0,0.873339,0.870642,0.0,0.0,0.100172,68600.0,0.148943,0.401991,0.157264,0.318042,-0.034247,0.740301,5.320649,-0.002,-0.3,-0.006,-0.125,-0.15,-0.5,0.500007,-0.017891,-0.001017,0.0,-0.090667,-0.057954,-0.022126,-0.022035,0.850825,-0.031612,-0.086875,-0.022761,-0.038726,1.7868,3.594178,-0.076916,-0.00024,-0.169865,6.086957,0.016283,0.084537,0.112699
216,182.977798,1000.0,0.881533,0.881732,0.0,0.0,0.099589,55208.0,0.146843,0.401356,0.160418,0.319176,-0.034002,0.746064,5.298767,-0.002,-0.3,-0.006,-0.125,-0.15,-0.5,0.500007,-0.017697,-0.000493,0.0,-0.087218,-0.05718,-0.022086,-0.021514,0.851088,-0.030607,-0.085811,-0.021269,-0.037048,1.797365,3.624379,-0.075981,-0.000254,-0.168356,6.166667,0.01475,0.076986,0.095162
217,179.957352,1000.0,0.86508,0.873971,0.0,0.0,0.098982,60280.0,0.147667,0.396884,0.170198,0.318589,-0.034172,0.741001,5.308714,-0.002,-0.3,-0.006,-0.125,-0.15,-0.5,0.500007,-0.016869,-0.000413,0.0,-0.08715,-0.05685,-0.021957,-0.021563,0.854818,-0.031028,-0.089076,-0.020211,-0.034796,1.792561,3.6255,-0.076208,-0.000185,-0.213024,6.041667,0.015306,0.073209,0.115065
218,181.461639,1000.0,0.862156,0.869176,0.0,0.0,0.098075,62394.0,0.149866,0.400502,0.169863,0.333587,-0.035895,0.774352,5.317901,-0.002,-0.3,-0.006,-0.125,-0.15,-0.5,0.500007,-0.017519,-0.000593,0.0,-0.092034,-0.056515,-0.022856,-0.022307,0.861355,-0.031017,-0.091108,-0.022286,-0.03802,1.786495,3.612944,-0.077579,-0.000255,-0.163223,5.791667,0.016158,0.080529,0.118874
219,183.125641,1000.0,0.881971,0.87761,0.0,0.0,0.09734,63521.0,0.142823,0.393241,0.166428,0.306356,-0.032582,0.737163,5.29915,-0.002,-0.3,-0.006,-0.125,-0.15,-0.5,0.500007,-0.01735,-0.00078,0.0,-0.083509,-0.054245,-0.020086,-0.02015,0.858175,-0.02888,-0.080196,-0.019234,-0.035281,1.813738,3.678234,-0.071544,-0.000289,-0.159249,6.166667,0.015105,0.084862,0.117028
220,183.329285,1000.0,0.880737,0.885725,0.0,0.0,0.096816,66540.0,0.145227,0.391101,0.170052,0.32118,-0.034468,0.752478,5.291962,-0.002,-0.3,-0.006,-0.125,-0.15,-0.5,0.500007,-0.017018,-0.00046,0.0,-0.086095,-0.053954,-0.021117,-0.021013,0.860894,-0.029325,-0.08227,-0.020671,-0.036038,1.796497,3.668231,-0.073774,-0.000308,-0.164659,5.208333,0.015337,0.080463,0.109212
221,182.269333,1000.0,0.874207,0.861531,0.0,0.0,0.096067,58623.0,0.150361,0.384055,0.173618,0.32345,-0.03392,0.762082,5.296371,-0.002,-0.3,-0.006,-0.125,-0.15,-0.5,0.500007,-0.016785,-0.000321,0.0,-0.086773,-0.05343,-0.021296,-0.021161,0.864022,-0.029363,-0.087398,-0.019738,-0.035451,1.791713,3.674539,-0.072404,-0.000323,-0.224071,5.833333,0.01563,0.09166,0.125002
222,182.797836,1000.0,0.868043,0.86757,0.0,0.0,0.095445,69706.0,0.143598,0.385369,0.16007,0.306119,-0.032112,0.712444,5.328169,-0.002,-0.3,-0.006,-0.125,-0.15,-0.5,0.500007,-0.017127,-0.000419,0.0,-0.081985,-0.052599,-0.020432,-0.020218,0.845629,-0.028343,-0.080448,-0.018858,-0.034355,1.809808,3.698628,-0.070425,-0.000237,-0.150291,5.73913,0.017789,0.079541,0.122152
223,183.411575,1000.0,0.89591,0.87092,0.0,0.0,0.094915,66066.0,0.144427,0.381713,0.173238,0.309645,-0.03267,0.749292,5.296886,-0.002,-0.3,-0.006,-0.125,-0.15,-0.5,0.500007,-0.016823,-0.000361,0.0,-0.083231,-0.051855,-0.020058,-0.020436,0.863599,-0.028244,-0.083709,-0.019058,-0.03331,1.810371,3.706117,-0.069466,-0.000341,-0.246736,4.791667,0.013923,0.084272,0.103367
224,181.825592,994.659973,0.864087,0.871091,0.041667,0.0,0.094466,64068.0,0.146274,0.389409,0.171152,0.32211,-0.034146,0.763803,5.271535,-0.002,-0.3,-0.006,-0.125,-0.15,-0.5,0.497777,-0.016724,-0.000547,-0.000333,-0.086665,-0.051697,-0.021349,-0.021085,0.859495,-0.028693,-0.086712,-0.020338,-0.035772,1.788791,3.669372,-0.071784,-0.000314,-0.205634,5.625,0.016647,0.075624,0.112798
225,184.326813,1000.0,0.867412,0.869267,0.0,0.0,0.094005,61579.0,0.140255,0.378725,0.160598,0.308588,-0.032875,0.721544,5.255985,-0.002,-0.3,-0.006,-0.125,-0.15,-0.5,0.500007,-0.01709,-0.000408,0.0,-0.082933,-0.050559,-0.020423,-0.020763,0.848809,-0.027105,-0.080153,-0.020411,-0.034144,1.810853,3.740478,-0.070159,-0.000209,-0.176054,4.875,0.017377,0.087272,0.113535
226,184.691559,1000.0,0.873428,0.866475,0.0,0.0,0.093305,54747.0,0.138523,0.373952,0.159057,0.301966,-0.031534,0.728029,5.248243,-0.002,-0.3,-0.006,-0.125,-0.15,-0.5,0.500007,-0.017225,-0.000516,0.0,-0.080543,-0.049547,-0.019766,-0.019927,0.85085,-0.027079,-0.078093,-0.018648,-0.034418,1.818881,3.747296,-0.066908,-0.000318,-0.174271,4.833333,0.015553,0.089681,0.116609
227,184.284363,1000.0,0.881552,0.873719,0.0,0.0,0.092685,67719.0,0.140181,0.380922,0.156314,0.300734,-0.031954,0.699946,5.258071,-0.002,-0.3,-0.006,-0.125,-0.15,-0.5,0.500007,-0.017,-0.00061,0.0,-0.08178,-0.049564,-0.020305,-0.020276,0.845237,-0.027173,-0.081772,-0.019104,-0.03369,1.806669,3.737935,-0.068497,-0.0002,-0.161291,4.041667,0.014362,0.084499,0.104706
228,184.428116,998.359985,0.868955,0.87069,0.043478,0.0,0.092356,70559.0,0.141576,0.377343,0.165466,0.31299,-0.033318,0.738988,5.262042,-0.002,-0.3,-0.006,-0.125,-0.15,-0.5,0.49911,-0.017124,-0.000372,-0.000435,-0.084159,-0.049016,-0.020491,-0.020366,0.8527,-0.026495,-0.081015,-0.018604,-0.035534,1.801141,3.752108,-0.068043,-0.000235,-0.17,4.652174,0.016103,0.082771,0.111492
229,182.813522,1000.0,0.882293,0.8821,0.0,0.0,0.091873,67793.0,0.143534,0.374833,0.171417,0.333659,-0.034638,0.763957,5.269773,-0.002,-0.3,-0.006,-0.125,-0.15,-0.5,0.500007,-0.017142,-0.000529,0.0,-0.085336,-0.048906,-0.02151,-0.02062,0.860039,-0.026981,-0.085428,-0.020431,-0.034191,1.789925,3.749719,-0.070441,-0.000216,-0.313763,4.173913,0.014787,0.087527,0.105782
230,186.464294,1000.0,0.871092,0.871044,0.0,0.0,0.091488,63977.0,0.142249,0.367709,0.17685,0.315697,-0.032609,0.754694,5.243208,-0.002,-0.3,-0.006,-0.125,-0.15,-0.5,0.500007,-0.016248,-0.000267,0.0,-0.08245,-0.047963,-0.019672,-0.019776,0.864418,-0.026208,-0.081765,-0.017383,-0.035206,1.796067,3.779721,-0.066494,-0.000267,-0.153625,3.583333,0.015708,0.085707,0.097267
231,184.578873,1000.0,0.880909,0.86774,0.0,0.0,0.091157,63073.0,0.14062,0.364038,0.162291,0.303917,-0.031635,0.739697,5.253997,-0.002,-0.3,-0.006,-0.125,-0.15,-0.5,0.500007,-0.01708,-0.000445,0.0,-0.079774,-0.046301,-0.019492,-0.019469,0.854468,-0.025539,-0.078054,-0.018591,-0.033073,1.803048,3.802615,-0.064692,-0.000246,-0.204094,4.208333,0.014978,0.070556,0.106774
232,184.365036,1000.0,0.861986,0.872542,0.0,0.0,0.091007,55624.0,0.141869,0.37095,0.177021,0.317474,-0.033156,0.745239,5.268008,-0.002,-0.3,-0.006,-0.125,-0.15,-0.5,0.500007,-0.016341,-0.000225,0.0,-0.081161,-0.047439,-0.020902,-0.020217,0.851059,-0.026576,-0.085258,-0.018221,-0.031584,1.811263,3.768996,-0.067746,-0.000196,-0.255949,3.375,0.0139,0.075856,0.117037
233,184.204132,1000.0,0.877725,0.854983,0.0,0.0,0.090454,69656.0,0.138209,0.365612,0.167644,0.300002,-0.031209,0.725414,5.243296,-0.002,-0.3,-0.006,-0.125,-0.15,-0.5,0.500007,-0.016483,-0.000609,0.0,-0.081017,-0.046044,-0.020499,-0.020134,0.853201,-0.025377,-0.084117,-0.017744,-0.031973,1.803345,3.801057,-0.065097,-0.000221,-0.191054,3.272727,0.017505,0.077746,0.131369
234,187.678635,1000.0,0.874292,0.878107,0.0,0.0,0.090083,70337.0,0.140174,0.361722,0.173855,0.319401,-0.033246,0.7463,5.266913,-0.002,-0.3,-0.006,-0.125,-0.15,-0.5,0.500007,-0.01652,-0.000461,0.0,-0.082944,-0.046099,-0.021114,-0.020598,0.856156,-0.025067,-0.081744,-0.017991,-0.032611,1.810017,3.813529,-0.066781,-0.000215,-0.155323,4.125,0.014842,0.092079,0.106951
235,186.486496,1000.0,0.867462,0.869077,0.0,0.0,0.089679,72103.0,0.139414,0.362848,0.159144,0.320732,-0.032842,0.753666,5.262165,-0.002,-0.3,-0.006,-0.125,-0.15,-0.5,0.500007,-0.017839,-0.000425,0.0,-0.082693,-0.045401,-0.020311,-0.019703,0.846598,-0.025244,-0.071367,-0.019528,-0.035238,1.812249,3.807507,-0.065803,-0.000203,-0.18568,3.521739,0.014679,0.087009,0.115662
236,187.547699,1000.0,0.882164,0.851415,0.0,0.0,0.089132,70844.0,0.134365,0.35543,0.161406,0.297771,-0.030476,0.735683,5.258034,-0.002,-0.3,-0.006,-0.125,-0.15,-0.5,0.500007,-0.01705,-0.000314,0.0,-0.074772,-0.043801,-0.018079,-0.018786,0.847046,-0.02351,-0.06892,-0.016312,-0.032715,1.829953,3.867507,-0.06098,-0.000245,-0.215628,3.208333,0.014311,0.072641,0.104045
237,187.641571,1000.0,0.87716,0.8731,0.0,0.0,0.08866,59445.0,0.138814,0.36063,0.163439,0.325241,-0.033413,0.742247,5.26704,-0.002,-0.3,-0.006,-0.125,-0.15,-0.5,0.500007,-0.017912,-0.000586,0.0,-0.080777,-0.044493,-0.02007,-0.019662,0.84785,-0.023354,-0.066136,-0.017268,-0.033103,1.794983,3.863504,-0.065957,-0.000194,-0.170006,3.208333,0.013992,0.084584,0.10218
238,187.584106,1000.0,0.88208,0.860329,0.0,0.0,0.088345,71551.0,0.135954,0.353419,0.157161,0.300014,-0.030798,0.710275,5.306285,-0.002,-0.3,-0.006,-0.125,-0.15,-0.5,0.500007,-0.017074,-0.000512,0.0,-0.075181,-0.043136,-0.01905,-0.018784,0.844342,-0.023593,-0.071716,-0.017624,-0.030495,1.813623,3.86522,-0.062265,-0.000229,-0.157216,3.541667,0.015342,0.086913,0.111288
239,188.297211,1000.0,0.883705,0.87622,0.0,0.0,0.087891,74545.0,0.141062,0.361415,0.167688,0.316523,-0.031831,0.744555,5.289461,-0.002,-0.3,-0.006,-0.125,-0.15,-0.5,0.500007,-0.016865,-0.000361,0.0,-0.080485,-0.043238,-0.019044,-0.019159,0.851882,-0.024326,-0.074031,-0.017854,-0.033588,1.798069,3.835288,-0.063206,-0.000207,-0.147413,3.5,0.01293,0.084459,0.107742
240,187.420654,1000.0,0.878857,0.867694,0.0,0.0,0.087297,70396.0,0.138072,0.35356,0.170564,0.323027,-0.03313,0.746839,5.283474,-0.002,-0.3,-0.006,-0.125,-0.15,-0.5,0.500007,-0.016757,-0.000222,0.0,-0.080056,-0.043628,-0.020604,-0.020187,0.852589,-0.02389,-0.080465,-0.018329,-0.030538,1.809336,3.862382,-0.065316,-0.000267,-0.216226,3.333333,0.016593,0.084336,0.130198
241,187.918594,1000.0,0.870476,0.86609,0.0,0.0,0.086826,68906.0,0.137292,0.352067,0.174908,0.308295,-0.031481,0.745961,5.29834,-0.002,-0.3,-0.006,-0.125,-0.15,-0.5,0.500007,-0.016173,-0.000325,0.0,-0.076538,-0.04242,-0.018683,-0.018681,0.85908,-0.023353,-0.075145,-0.016638,-0.031241,1.811496,3.879949,-0.061103,-0.000208,-0.221234,3.958333,0.018839,0.081281,0.124345
242,187.150208,1000.0,0.873367,0.871687,0.0,0.0,0.086335,67232.0,0.134374,0.352483,0.158387,0.290768,-0.029375,0.697959,5.30015,-0.002,-0.3,-0.006,-0.125,-0.15,-0.5,0.500007,-0.017117,-0.001106,0.0,-0.07229,-0.040865,-0.018016,-0.018268,0.842213,-0.022173,-0.071338,-0.016355,-0.030855,1.816704,3.910351,-0.058537,-0.000244,-0.18678,3.478261,0.016751,0.078873,0.108447
243,189.672623,1000.0,0.870506,0.865513,0.0,0.0,0.085881,56918.0,0.138951,0.352573,0.178768,0.327291,-0.032556,0.782634,5.271313,-0.002,-0.3,-0.006,-0.125,-0.15,-0.5,0.500007,-0.016779,-0.000423,0.0,-0.081529,-0.041933,-0.019578,-0.01945,0.868184,-0.023505,-0.07874,-0.017025,-0.031996,1.813376,3.871755,-0.062618,-0.000237,-0.232442,3.583333,0.016107,0.072706,0.133733
244,187.698273,1000.0,0.857433,0.861902,0.0,0.0,0.085472,68174.0,0.135837,0.348392,0.160283,0.281866,-0.029835,0.682267,5.281444,-0.002,-0.3,-0.006,-0.125,-0.15,-0.5,0.500007,-0.016332,-0.000287,0.0,-0.074275,-0.040895,-0.018374,-0.018624,0.848928,-0.022641,-0.079279,-0.016793,-0.029442,1.815397,3.904176,-0.060012,-0.000255,-0.176995,3.130435,0.018743,0.083651,0.100656
245,187.885712,1000.0,0.875824,0.871822,0.0,0.0,0.085257,70510.0,0.134269,0.346284,0.170766,0.306438,-0.031162,0.723799,5.306455,-0.002,-0.3,-0.006,-0.125,-0.15,-0.5,0.500007,-0.016427,-0.000577,0.0,-0.074739,-0.040542,-0.019215,-0.018842,0.85239,-0.021788,-0.071601,-0.016217,-0.028532,1.8145,3.927097,-0.060755,-0.000207,-0.245747,3.0,0.015841,0.079032,0.117361
246,189.206329,1000.0,0.875144,0.867294,0.0,0.0,0.084869,70887.0,0.132238,0.346108,0.156414,0.299039,-0.030269,0.710277,5.291683,-0.002,-0.3,-0.006,-0.125,-0.15,-0.5,0.500007,-0.016851,-0.000222,0.0,-0.072162,-0.040466,-0.018338,-0.018283,0.846959,-0.021791,-0.068439,-0.015198,-0.028936,1.81767,3.930009,-0.060309,-0.000202,-0.128698,3.458333,0.017784,0.086587,0.118606
247,188.441833,1000.0,0.851472,0.860084,0.0,0.0,0.084315,66337.0,0.139689,0.340765,0.174824,0.319135,-0.031695,0.741391,5.307378,-0.002,-0.3,-0.006,-0.125,-0.15,-0.5,0.500007,-0.016598,-0.00124,0.0,-0.076711,-0.039935,-0.019153,-0.018585,0.845293,-0.022359,-0.073983,-0.016004,-0.031096,1.793142,3.920536,-0.060046,-0.000322,-0.215922,3.625,0.015731,0.079508,0.115349
248,188.522278,1000.0,0.877079,0.865158,0.0,0.0,0.084059,64525.0,0.133874,0.341416,0.170058,0.312633,-0.031269,0.755959,5.306766,-0.002,-0.3,-0.006,-0.125,-0.15,-0.5,0.500007,-0.016608,-0.000372,0.0,-0.077362,-0.039778,-0.01897,-0.01899,0.857301,-0.022045,-0.07306,-0.016682,-0.030421,1.823963,3.928995,-0.059728,-0.000269,-0.232346,3.416667,0.014533,0.080274,0.096852
249,188.237946,994.359985,0.852555,0.851964,0.041667,0.0,0.083688,54048.0,0.127742,0.338039,0.163502,0.277183,-0.028317,0.685843,5.271563,-0.002333,-0.3125,-0.00625,-0.130208,-0.15875,-0.529167,0.496083,-0.016504,-0.000224,-0.000556,-0.06792,-0.038353,-0.016881,-0.01734,0.835016,-0.021104,-0.069892,-0.014068,-0.025878,1.818424,3.927058,-0.055242,-0.0002,-0.099054,3.166667,0.015528,0.074988,0.130493
250,189.003052,1000.0,0.859338,0.863509,0.0,0.0,0.083227,71971.0,0.132534,0.337603,0.159698,0.301267,-0.031149,0.694145,5.271002,-0.01,-0.6,-0.012,-0.25,-0.36,-1.2,0.500007,-0.01788,-0.000329,0.0,-0.074205,-0.039144,-0.019116,-0.01896,0.838328,-0.021718,-0.068049,-0.015389,-0.029115,1.812091,3.949867,-0.060206,-0.000236,-0.218993,25.761906,0.018307,0.081599,0.128124
251,190.28215,1000.0,0.873873,0.867792,0.0,0.0,0.082834,67233.0,0.133644,0.337691,0.1722,0.313606,-0.031267,0.755646,5.286324,-0.01,-0.6,-0.012,-0.25,-0.36,-1.2,0.500007,-0.019185,-0.000325,0.0,-0.074923,-0.038538,-0.018727,-0.019069,0.858827,-0.022303,-0.073167,-0.015947,-0.029182,1.815619,3.954058,-0.060701,-0.000251,-0.176852,7.083333,0.01455,0.084768,0.110848
252,188.110046,1000.0,0.865483,0.867924,0.0,0.0,0.082342,70391.0,0.133155,0.332985,0.170927,0.305353,-0.030252,0.739721,5.269183,-0.01,-0.6,-0.012,-0.25,-0.36,-1.2,0.500007,-0.020203,-0.000344,0.0,-0.074831,-0.038082,-0.018364,-0.019652,0.856371,-0.023032,-0.078146,-0.015383,-0.028641,1.815606,3.953166,-0.06072,-0.00028,-0.200719,6.958333,0.015484,0.076823,0.105341
253,190.435608,1000.0,0.871978,0.860974,0.0,0.0,0.081959,65630.0,0.133139,0.337299,0.171945,0.313782,-0.031066,0.742662,5.242698,-0.01,-0.6,-0.012,-0.25,-0.36,-1.2,0.500007,-0.022051,-0.000473,0.0,-0.075389,-0.038212,-0.01885,-0.020011,0.855745,-0.023641,-0.078612,-0.015912,-0.029403,1.816796,3.953215,-0.06301,-0.000249,-0.176668,6.791667,0.016407,0.082358,0.13379
254,189.861877,1000.0,0.873954,0.881506,0.0,0.0,0.081518,52789.0,0.133002,0.332529,0.165396,0.294501,-0.029538,0.705866,5.250639,-0.01,-0.6,-0.012,-0.25,-0.36,-1.2,0.500007,-0.023103,-0.000307,0.0,-0.071782,-0.037461,-0.018535,-0.020305,0.845494,-0.02373,-0.079413,-0.014492,-0.027402,1.814619,3.973166,-0.062228,-0.00026,-0.179729,6.666667,0.014846,0.079323,0.105
255,189.216263,990.22998,0.871624,0.866171,0.041667,0.0,0.080903,65239.0,0.134642,0.332169,0.180956,0.311622,-0.030463,0.762764,5.277745,-0.01,-0.6,-0.012,-0.25,-0.36,-1.2,0.496611,-0.024037,-0.000263,-0.000278,-0.075252,-0.037555,-0.018428,-0.020683,0.856941,-0.024318,-0.08486,-0.014848,-0.029312,1.804569,3.941128,-0.063437,-0.000332,-0.208556,5.958333,0.015261,0.087124,0.118152
256,189.709335,1000.0,0.874683,0.873875,0.0,0.0,0.080512,67072.0,0.136252,0.325241,0.180118,0.318262,-0.031877,0.753555,5.249975,-0.01,-0.6,-0.012,-0.25,-0.36,-1.2,0.500007,-0.025684,-0.000223,0.0,-0.07638,-0.037254,-0.019146,-0.0219,0.857469,-0.02493,-0.089741,-0.01496,-0.027193,1.805936,3.982366,-0.067117,-0.000252,-0.205708,6.083333,0.016964,0.094309,0.116989
257,190.716858,1000.0,0.878624,0.861046,0.0,0.0,0.080203,68800.0,0.131856,0.324746,0.168835,0.301187,-0.02967,0.743636,5.237647,-0.01,-0.6,-0.012,-0.25,-0.36,-1.2,0.500007,-0.028613,-0.000791,0.0,-0.071616,-0.03608,-0.017377,-0.020817,0.849871,-0.024338,-0.080222,-0.015011,-0.028272,1.823854,4.013185,-0.064382,-0.00036,-0.144657,6.391304,0.01529,0.08975,0.118482
258,191.028305,1000.0,0.876918,0.865713,0.0,0.0,0.079767,66890.0,0.134896,0.330076,0.185983,0.327362,-0.032123,0.784213,5.237142,-0.01,-0.6,-0.012,-0.25,-0.36,-1.2,0.500007,-0.029258,-0.000377,0.0,-0.076594,-0.036881,-0.019535,-0.022353,0.865391,-0.026263,-0.090987,-0.0161,-0.028103,1.812631,3.976647,-0.069243,-0.00036,-0.176064,6.041667,0.016656,0.081672,0.104696
259,191.191635,1000.0,0.883305,0.867239,0.0,0.0,0.079292,66594.0,0.131181,0.326648,0.177079,0.316556,-0.030881,0.772394,5.24113,-0.01,-0.6,-0.012,-0.25,-0.36,-1.2,0.500007,-0.030994,-0.000586,0.0,-0.075061,-0.036239,-0.018553,-0.022176,0.863204,-0.025852,-0.086294,-0.014487,-0.028374,1.821445,4.002125,-0.068109,-0.000272,-0.232778,5.875,0.013573,0.085387,0.111533
260,190.641251,1000.0,0.870565,0.858747,0.0,0.0,0.078912,54062.0,0.132639,0.32383,0.170063,0.301369,-0.029918,0.717452,5.220604,-0.01,-0.6,-0.012,-0.25,-0.36,-1.2,0.500007,-0.03267,-0.000445,0.0,-0.071878,-0.035796,-0.018251,-0.022507,0.847114,-0.026052,-0.086159,-0.014243,-0.027498,1.814629,4.014222,-0.068484,-0.000312,-0.181728,6.208333,0.014042,0.087502,0.11684
261,191.013702,1000.0,0.875121,0.866898,0.0,0.0,0.078543,64235.0,0.134897,0.322606,0.182672,0.326345,-0.032299,0.775051,5.209991,-0.01,-0.6,-0.012,-0.25,-0.36,-1.2,0.500007,-0.034535,-0.000805,0.0,-0.076495,-0.035949,-0.019046,-0.023616,0.864354,-0.026919,-0.093589,-0.016032,-0.028018,1.812552,4.009294,-0.072945,-0.00042,-0.162836,5.833333,0.016658,0.08617,0.113808
262,191.168228,1000.0,0.872404,0.859263,0.0,0.0,0.078166,68626.0,0.13085,0.317641,0.167636,0.303772,-0.029993,0.73649,5.239827,-0.01,-0.6,-0.012,-0.25,-0.36,-1.2,0.500007,-0.036248,-0.001484,0.0,-0.073665,-0.034845,-0.017793,-0.022559,0.854543,-0.025948,-0.086375,-0.014558,-0.029144,1.820678,4.047451,-0.069595,-0.000338,-0.146125,5.416667,0.013904,0.077707,0.133186
263,190.406296,1000.0,0.877162,0.876414,0.0,0.0,0.077906,65827.0,0.132211,0.324405,0.178897,0.323611,-0.031812,0.775538,5.230422,-0.01,-0.6,-0.012,-0.25,-0.36,-1.2,0.500007,-0.037971,-0.000277,0.0,-0.075475,-0.03545,-0.019327,-0.024758,0.855908,-0.028517,-0.093869,-0.015072,-0.028226,1.813216,4.007412,-0.074395,-0.000436,-0.211974,6.125,0.015071,0.083481,0.103748
264,189.01651,1000.0,0.870571,0.863307,0.0,0.0,0.077639,66499.0,0.132504,0.323374,0.172586,0.296713,-0.02895,0.699472,5.222261,-0.01,-0.6,-0.012,-0.25,-0.36,-1.2,0.500007,-0.03743,-0.000234,0.0,-0.069059,-0.034775,-0.018622,-0.024362,0.83879,-0.02878,-0.10191,-0.013332,-0.023724,1.818194,4.02008,-0.071958,-0.000379,-0.148036,5.26087,0.017234,0.088974,0.116025
265,191.898605,1000.0,0.864218,0.873181,0.0,0.0,0.077229,53039.0,0.128283,0.317197,0.176107,0.315368,-0.030295,0.75478,5.208604,-0.01,-0.6,-0.012,-0.25,-0.36,-1.2,0.500007,-0.040356,-0.000234,0.0,-0.07149,-0.034406,-0.018223,-0.024102,0.857766,-0.027904,-0.087376,-0.013829,-0.027769,1.826233,4.052185,-0.07334,-0.000409,-0.176852,4.791667,0.014733,0.079856,0.111912
266,192.24881,1000.0,0.871374,0.874986,0.0,0.0,0.076865,57087.0,0.129346,0.317404,0.173318,0.309179,-0.030344,0.749515,5.22058,-0.01,-0.6,-0.012,-0.25,-0.36,-1.2,0.500007,-0.041827,-0.000403,0.0,-0.073062,-0.03404,-0.01828,-0.024867,0.856569,-0.028813,-0.097107,-0.014515,-0.027353,1.819713,4.048756,-0.074393,-0.000327,-0.120192,5.0,0.017985,0.092214,0.11165
267,190.171387,1000.0,0.879222,0.861215,0.0,0.0,0.076602,68601.0,0.129111,0.320506,0.172902,0.30387,-0.029641,0.731665,5.186815,-0.01,-0.6,-0.012,-0.25,-0.36,-1.2,0.500007,-0.042637,-0.000352,0.0,-0.07099,-0.033954,-0.017914,-0.025334,0.848809,-0.02964,-0.101055,-0.013771,-0.026333,1.821334,4.041379,-0.075709,-0.000277,-0.185424,5.458333,0.013527,0.080997,0.110248
268,190.893448,1000.0,0.883345,0.868442,0.0,0.0,0.076391,67230.0,0.134889,0.315277,0.182608,0.319221,-0.031237,0.756841,5.206676,-0.01,-0.6,-0.012,-0.25,-0.36,-1.2,0.500007,-0.043742,-0.000261,0.0,-0.074684,-0.033931,-0.018759,-0.025822,0.859371,-0.030194,-0.105818,-0.014234,-0.0265,1.809706,4.045357,-0.078293,-0.000338,-0.206866,4.583333,0.01704,0.084796,0.11098
269,190.715042,1000.0,0.882351,0.863657,0.0,0.0,0.076013,69003.0,0.129116,0.313184,0.167103,0.289772,-0.028306,0.710659,5.189858,-0.01,-0.6,-0.012,-0.25,-0.36,-1.2,0.500007,-0.045586,-0.000326,0.0,-0.068046,-0.032829,-0.01712,-0.024565,0.845692,-0.029358,-0.094851,-0.012973,-0.024847,1.828741,4.068444,-0.073535,-0.000373,-0.152708,3.958333,0.015941,0.081582,0.107984
270,191.28157,1000.0,0.867243,0.854196,0.0,0.0,0.075702,57541.0,0.13344,0.315615,0.194031,0.329289,-0.031268,0.786892,5.209843,-0.01,-0.6,-0.012,-0.25,-0.36,-1.2,0.500007,-0.045915,-0.000362,0.0,-0.074421,-0.033815,-0.019034,-0.026891,0.862376,-0.031225,-0.111998,-0.013366,-0.025463,1.820483,4.047891,-0.080924,-0.000441,-0.195829,4.565217,0.015822,0.083458,0.129725
271,189.948059,1000.0,0.869132,0.854837,0.0,0.0,0.075576,69983.0,0.131169,0.312469,0.179407,0.319976,-0.031178,0.758212,5.191624,-0.01,-0.6,-0.012,-0.25,-0.36,-1.2,0.500007,-0.048935,-0.000368,0.0,-0.075178,-0.033339,-0.018981,-0.027878,0.856755,-0.031357,-0.105296,-0.013944,-0.027065,1.818184,4.063227,-0.082317,-0.000455,-0.261654,4.0,0.018219,0.094051,0.135968
272,192.6353,1000.0,0.866651,0.866635,0.0,0.0,0.074995,68702.0,0.131455,0.313313,0.182515,0.315601,-0.031018,0.758699,5.176283,-0.01,-0.6,-0.012,-0.25,-0.36,-1.2,0.500007,-0.049128,-0.000471,0.0,-0.073333,-0.033006,-0.018813,-0.027914,0.863007,-0.032544,-0.110867,-0.013253,-0.026954,1.81889,4.050553,-0.080501,-0.00025,-0.113595,3.75,0.016473,0.079692,0.118991
273,191.868851,1000.0,0.8758,0.862727,0.0,0.0,0.074705,69625.0,0.128866,0.311279,0.171971,0.314792,-0.030055,0.742844,5.18139,-0.01,-0.6,-0.012,-0.25,-0.36,-1.2,0.500007,-0.051911,-0.000193,0.0,-0.072406,-0.032351,-0.018021,-0.027595,0.85603,-0.032498,-0.107331,-0.013882,-0.028125,1.815787,4.067975,-0.082585,-0.000453,-0.145635,3.916667,0.014919,0.078679,0.113408
274,190.743332,1000.0,0.866596,0.866946,0.0,0.0,0.074493,70137.0,0.131762,0.303033,0.188959,0.320725,-0.030586,0.765327,5.167048,-0.01,-0.6,-0.012,-0.25,-0.36,-1.2,0.500007,-0.054156,-0.000437,0.0,-0.072572,-0.032082,-0.017958,-0.028309,0.86048,-0.031899,-0.112139,-0.013276,-0.025018,1.817627,4.096784,-0.084392,-0.000448,-0.215004,3.333333,0.018901,0.08403,0.143368
275,190.827866,1000.0,0.862275,0.844686,0.0,0.0,0.07425,72586.0,0.133515,0.323536,0.180515,0.32947,-0.031782,0.768587,5.188228,-0.01,-0.6,-0.012,-0.25,-0.36,-1.2,0.500007,-0.055567,-0.000443,0.0,-0.075178,-0.032635,-0.019123,-0.029916,0.855183,-0.034697,-0.114382,-0.014965,-0.028326,1.816483,4.035782,-0.087589,-0.000382,-0.14199,3.772727,0.016827,0.085325,0.122675
276,191.685089,1000.0,0.886389,0.875755,0.0,0.0,0.073906,57446.0,0.125347,0.307319,0.176069,0.296993,-0.028785,0.732653,5.169383,-0.01,-0.6,-0.012,-0.25,-0.36,-1.2,0.500007,-0.055704,-0.000474,0.0,-0.067909,-0.031317,-0.017547,-0.027223,0.862216,-0.032621,-0.109305,-0.013155,-0.024795,1.82912,4.096315,-0.080889,-0.000383,-0.134736,3.782609,0.015084,0.07905,0.123944
277,189.924454,1000.0,0.87879,0.849496,0.0,0.0,0.073533,70395.0,0.13204,0.311369,0.184308,0.323032,-0.031433,0.756318,5.208832,-0.01,-0.6,-0.012,-0.25,-0.36,-1.2,0.500007,-0.058512,-0.000527,0.0,-0.073088,-0.032267,-0.019683,-0.030462,0.858732,-0.034963,-0.124513,-0.014111,-0.02491,1.814553,4.068027,-0.09053,-0.000393,-0.255238,3.75,0.013674,0.094217,0.106737
278,190.215073,1000.0,0.853781,0.858995,0.0,0.0,0.073323,70148.0,0.128002,0.312831,0.183468,0.320227,-0.030887,0.772755,5.175552,-0.01,-0.6,-0.012,-0.25,-0.36,-1.2,0.500007,-0.059708,-0.000194,0.0,-0.072392,-0.031562,-0.018137,-0.030546,0.859491,-0.035052,-0.115709,-0.013781,-0.026134,1.829582,4.074644,-0.088174,-0.000385,-0.213179,2.833333,0.015446,0.087355,0.107303
279,189.914474,1000.0,0.869363,0.85559,0.0,0.0,0.073086,69797.0,0.126318,0.296685,0.170815,0.300479,-0.028413,0.726234,5.177584,-0.01,-0.6,-0.012,-0.25,-0.36,-1.2,0.500007,-0.062183,-0.000687,0.0,-0.067702,-0.029914,-0.015968,-0.028584,0.854784,-0.033164,-0.101365,-0.012835,-0.026216,1.823982,4.134155,-0.08299,-0.000396,-0.170797,3.416667,0.015096,0.099314,0.126702
280,190.864594,997.039978,0.849901,0.846697,0.041667,0.0,0.072761,70564.0,0.130973,0.306397,0.177616,0.321871,-0.030786,0.747859,5.183921,-0.01,-0.6,-0.012,-0.25,-0.36,-1.2,0.493819,-0.062741,-0.000249,-0.001667,-0.0731,-0.030691,-0.017963,-0.031147,0.841982,-0.035588,-0.113597,-0.012976,-0.027123,1.787913,4.044326,-0.090298,-0.000341,-0.097458,3.125,0.013369,0.09243,0.127207
281,191.829712,997.039978,0.874644,0.864699,0.0,0.0,0.072437,69918.0,0.126679,0.300108,0.176969,0.295647,-0.027582,0.711798,5.200738,-0.01,-0.6,-0.012,-0.25,-0.36,-1.2,0.500007,-0.061804,-0.000122,0.0,-0.066027,-0.030205,-0.016991,-0.029693,0.846065,-0.034568,-0.120531,-0.01186,-0.021514,1.821965,4.137732,-0.086059,-0.000289,-0.115212,3.869565,0.014981,0.083801,0.093429
282,191.682541,1000.0,0.869887,0.85588,0.0,0.0,0.07211,56008.0,0.12654,0.308358,0.178231,0.320068,-0.030657,0.768648,5.163684,-0.01,-0.6,-0.012,-0.25,-0.36,-1.2,0.500007,-0.066191,-0.000305,0.0,-0.071994,-0.030444,-0.017822,-0.031658,0.860639,-0.036459,-0.123456,-0.014512,-0.026392,1.826798,4.103125,-0.091156,-0.00041,-0.194747,3.166667,0.014198,0.07587,0.11479
283,191.542999,1000.0,0.882896,0.873754,0.0,0.0,0.071953,71076.0,0.123829,0.303986,0.175821,0.313835,-0.029855,0.756838,5.171721,-0.01,-0.6,-0.012,-0.25,-0.36,-1.2,0.500007,-0.068342,-0.000294,0.0,-0.068102,-0.029904,-0.017108,-0.030319,0.855473,-0.034376,-0.105703,-0.012909,-0.024008,1.823812,4.140423,-0.09011,-0.000474,-0.218906,4.173913,0.017349,0.083576,0.107176
284,190.743607,1000.0,0.8831,0.853328,0.0,0.0,0.071793,67306.0,0.123467,0.295105,0.175468,0.298108,-0.027806,0.740209,5.163623,-0.01,-0.6,-0.012,-0.25,-0.36,-1.2,0.500007,-0.066299,-0.000251,0.0,-0.066765,-0.029289,-0.016713,-0.030369,0.859661,-0.035771,-0.125749,-0.011986,-0.023908,1.838232,4.138184,-0.087489,-0.000485,-0.179163,3.333333,0.014767,0.084428,0.120806
285,191.940598,1000.0,0.875558,0.86477,0.0,0.0,0.071546,68566.0,0.123572,0.300812,0.178914,0.300356,-0.028683,0.729342,5.187115,-0.01,-0.6,-0.012,-0.25,-0.36,-1.2,0.500007,-0.070822,-0.000252,0.0,-0.065675,-0.029316,-0.016298,-0.030392,0.854678,-0.03537,-0.112185,-0.011902,-0.024024,1.840636,4.14687,-0.089291,-0.0005,-0.157774,3.625,0.017778,0.084063,0.108343
286,192.147751,1000.0,0.856141,0.855041,0.0,0.0,0.071444,69861.0,0.125511,0.301602,0.181275,0.312296,-0.029084,0.765969,5.192975,-0.01,-0.6,-0.012,-0.25,-0.36,-1.2,0.500007,-0.072175,-0.000497,0.0,-0.069408,-0.029529,-0.016679,-0.031563,0.858677,-0.038783,-0.119342,-0.012205,-0.0244,1.835462,4.116046,-0.09274,-0.000461,-0.252057,3.043478,0.017479,0.084968,0.12179
287,189.889145,1000.0,0.877733,0.85811,0.0,0.0,0.071059,68920.0,0.125626,0.300219,0.180199,0.297107,-0.028725,0.733927,5.170628,-0.01,-0.6,-0.012,-0.25,-0.36,-1.2,0.500007,-0.072759,-0.000248,0.0,-0.070032,-0.029068,-0.017241,-0.03279,0.859956,-0.037822,-0.135709,-0.012437,-0.026059,1.831079,4.130268,-0.091119,-0.000429,-0.192581,3.041667,0.016517,0.099899,0.137058
288,191.747833,1000.0,0.875045,0.865819,0.0,0.0,0.070916,55267.0,0.126869,0.293428,0.176685,0.307656,-0.029276,0.734625,5.174459,-0.01,-0.6,-0.012,-0.25,-0.36,-1.2,0.500007,-0.076998,-0.000238,0.0,-0.066136,-0.028866,-0.017403,-0.031936,0.846388,-0.037751,-0.11739,-0.012617,-0.02251,1.828466,4.15002,-0.094492,-0.000474,-0.19027,3.375,0.014476,0.096591,0.108278
289,190.879013,1000.0,0.864785,0.855408,0.0,0.0,0.070818,67851.0,0.128917,0.297461,0.188416,0.328167,-0.030905,0.77706,5.156138,-0.01,-0.6,-0.012,-0.25,-0.36,-1.2,0.500007,-0.076181,-0.00041,0.0,-0.071542,-0.029053,-0.017965,-0.03392,0.86438,-0.039326,-0.129887,-0.012899,-0.024986,1.820819,4.131359,-0.098018,-0.000324,-0.215225,3.708333,0.016609,0.073407,0.112761
290,192.795807,1000.0,0.874449,0.872182,0.0,0.0,0.070629,67469.0,0.124636,0.293378,0.173909,0.303457,-0.028185,0.751194,5.172271,-0.01,-0.6,-0.012,-0.25,-0.36,-1.2,0.500007,-0.08099,-0.000267,0.0,-0.063756,-0.027877,-0.016063,-0.031496,0.851423,-0.037949,-0.112022,-0.012237,-0.023673,1.83275,4.169672,-0.092581,-0.000483,-0.138303,3.708333,0.015297,0.083216,0.11463
291,192.333923,1000.0,0.868468,0.848028,0.0,0.0,0.070439,70324.0,0.123705,0.300576,0.181507,0.323644,-0.029817,0.773608,5.107753,-0.01,-0.6,-0.012,-0.25,-0.36,-1.2,0.500007,-0.078351,-0.001232,0.0,-0.070012,-0.0291,-0.018309,-0.034892,0.8594,-0.03996,-0.139684,-0.012318,-0.025616,1.825927,4.138127,-0.101304,-0.000414,-0.152438,23.59091,0.01516,0.083013,0.092744
292,185.279877,970.280029,0.852719,0.855681,0.130435,0.0,0.070094,67054.0,0.119037,0.290176,0.168966,0.288207,-0.027261,0.70858,5.168745,-0.01,-0.6,-0.012,-0.25,-0.36,-1.2,0.489959,-0.079433,-0.0002,-0.000812,-0.063188,-0.027113,-0.01571,-0.031495,0.837655,-0.037429,-0.116116,-0.011177,-0.022812,1.804952,4.090907,-0.090917,-0.000359,-0.199331,4.956522,0.016031,0.094243,0.137379
293,192.675323,1000.0,0.875526,0.862495,0.0,0.0,0.069903,52933.0,0.124243,0.294072,0.182325,0.316982,-0.029667,0.7573,5.132532,-0.01,-0.6,-0.012,-0.25,-0.36,-1.2,0.500007,-0.080767,-0.000217,0.0,-0.067371,-0.028023,-0.016875,-0.033128,0.860329,-0.0383,-0.120653,-0.011986,-0.023729,1.829651,4.169435,-0.098075,-0.00039,-0.140611,7.375,0.014444,0.086011,0.115646
294,193.020599,1000.0,0.887353,0.874131,0.0,0.0,0.069666,66398.0,0.12711,0.289652,0.193895,0.3229,-0.030172,0.786896,5.102467,-0.01,-0.6,-0.012,-0.25,-0.36,-1.2,0.500007,-0.077676,-0.00052,0.0,-0.069471,-0.027915,-0.017057,-0.033564,0.872034,-0.038801,-0.130302,-0.011892,-0.023802,1.824107,4.172294,-0.097766,-0.000497,-0.221936,6.833333,0.014978,0.078206,0.110325
295,192.337616,1000.0,0.870754,0.865349,0.0,0.0,0.069439,65643.0,0.125316,0.28961,0.187524,0.317738,-0.02914,0.773602,5.099875,-0.01,-0.6,-0.012,-0.25,-0.36,-1.2,0.500007,-0.077833,-0.001121,0.0,-0.06801,-0.027496,-0.016428,-0.032656,0.865208,-0.038527,-0.126965,-0.011872,-0.024503,1.825364,4.177085,-0.094506,-0.00053,-0.227157,6.791667,0.016367,0.083179,0.12124
296,193.135376,1000.0,0.883038,0.865138,0.0,0.0,0.069248,67604.0,0.125121,0.292022,0.186683,0.314372,-0.029189,0.762156,5.097793,-0.01,-0.6,-0.012,-0.25,-0.36,-1.2,0.500007,-0.07865,-0.000216,0.0,-0.067365,-0.027431,-0.01661,-0.033417,0.865905,-0.038254,-0.129303,-0.012071,-0.023112,1.830397,4.178074,-0.095377,-0.000492,-0.175759,6.916667,0.015567,0.081187,0.112504
297,190.885284,1000.0,0.873837,0.860495,0.0,0.0,0.068932,67810.0,0.127603,0.295995,0.169824,0.309297,-0.028979,0.733938,5.086099,-0.01,-0.6,-0.012,-0.25,-0.36,-1.2,0.500007,-0.082988,-0.001102,0.0,-0.067681,-0.027154,-0.01638,-0.032754,0.852345,-0.037877,-0.112674,-0.01271,-0.027129,1.809143,4.17259,-0.095249,-0.000461,-0.197852,5.625,0.015306,0.082046,0.118589
298,193.243958,1000.0,0.86329,0.860289,0.0,0.0,0.068639,68868.0,0.123037,0.288899,0.177611,0.307509,-0.02852,0.738761,5.061046,-0.01,-0.6,-0.012,-0.25,-0.36,-1.2,0.500007,-0.078466,-0.000472,0.0,-0.066248,-0.027271,-0.017087,-0.033137,0.857455,-0.037682,-0.129708,-0.012102,-0.02343,1.831116,4.186101,-0.095702,-0.000427,-0.140232,6.304348,0.01609,0.081653,0.110191
299,191.461868,1000.0,0.889892,0.862982,0.0,0.0,0.068428,55294.0,0.127745,0.292921,0.187712,0.325961,-0.030159,0.770664,5.080159,-0.01,-0.6,-0.012,-0.25,-0.36,-1.2,0.500007,-0.078243,-0.000348,0.0,-0.069534,-0.02777,-0.017885,-0.033858,0.865825,-0.039273,-0.135088,-0.01238,-0.024068,1.81831,4.165686,-0.098907,-0.00044,-0.22612,6.208333,0.013211,0.075184,0.111814
300,192.339218,1000.0,0.859573,0.862892,0.0,0.0,0.068237,65476.0,0.127063,0.294598,0.184279,0.320432,-0.029411,0.764612,5.054529,-0.01,-0.6,-0.012,-0.25,-0.36,-1.2,0.500007,-0.078677,-0.000149,0.0,-0.06766,-0.027258,-0.017236,-0.033616,0.859084,-0.0382,-0.130764,-0.011911,-0.02357,1.819494,4.174056,-0.096477,-0.000327,-0.16301,6.041667,0.016416,0.079327,0.114329
301,192.476791,1000.0,0.880296,0.868479,0.0,0.0,0.067858,66323.0,0.126029,0.290885,0.18541,0.326856,-0.02994,0.773653,5.102637,-0.01,-0.6,-0.012,-0.25,-0.36,-1.2,0.500007,-0.081331,-0.00037,0.0,-0.068825,-0.026974,-0.017565,-0.033784,0.857788,-0.037523,-0.123701,-0.01246,-0.024284,1.821047,4.185862,-0.097857,-0.000477,-0.252589,5.833333,0.015078,0.087621,0.124135
302,194.970261,1000.0,0.872536,0.864725,0.0,0.0,0.067515,65440.0,0.126166,0.288895,0.184499,0.322533,-0.030093,0.77613,5.099072,-0.01,-0.6,-0.012,-0.25,-0.36,-1.2,0.500007,-0.079305,-0.000166,0.0,-0.069271,-0.026698,-0.016849,-0.033297,0.863452,-0.037583,-0.125192,-0.012435,-0.024566,1.820907,4.192531,-0.09668,-0.000485,-0.139112,6.083333,0.015498,0.082473,0.125931
303,192.688858,1000.0,0.867073,0.87316,0.0,0.0,0.067483,65644.0,0.126272,0.285531,0.181812,0.310561,-0.028599,0.743062,5.114952,-0.01,-0.6,-0.012,-0.25,-0.36,-1.2,0.500007,-0.078644,-0.000251,0.0,-0.065098,-0.026546,-0.017054,-0.032873,0.852391,-0.03713,-0.123457,-0.011722,-0.022003,1.827204,4.200624,-0.094694,-0.000497,-0.225893,5.791667,0.015435,0.080212,0.114784
304,193.727142,1000.0,0.875522,0.862186,0.0,0.0,0.06741,52865.0,0.123888,0.283579,0.180988,0.312501,-0.028847,0.760846,5.126669,-0.01,-0.6,-0.012,-0.25,-0.36,-1.2,0.500007,-0.078046,-0.000183,0.0,-0.066077,-0.026043,-0.016537,-0.032785,0.863782,-0.036633,-0.12698,-0.012077,-0.02329,1.834183,4.209952,-0.092936,-0.000504,-0.178784,5.25,0.016261,0.090095,0.101401
305,194.047073,1000.0,0.872497,0.865519,0.0,0.0,0.067302,64778.0,0.123255,0.28294,0.183845,0.306832,-0.027868,0.749747,5.11598,-0.01,-0.6,-0.012,-0.25,-0.36,-1.2,0.500007,-0.078051,-0.000139,0.0,-0.063659,-0.025869,-0.015818,-0.031455,0.86212,-0.035738,-0.121048,-0.011251,-0.022396,1.83431,4.221899,-0.090886,-0.000469,-0.231985,5.782609,0.014285,0.078743,0.12407
306,194.214706,1000.0,0.870103,0.856497,0.0,0.0,0.066901,65056.0,0.122677,0.283077,0.180474,0.29802,-0.027346,0.736105,5.08865,-0.01,-0.6,-0.012,-0.25,-0.36,-1.2,0.500007,-0.076759,-0.000197,0.0,-0.062986,-0.025526,-0.015504,-0.03112,0.860235,-0.035897,-0.120525,-0.010404,-0.022154,1.832619,4.220172,-0.0883,-0.000426,-0.15355,5.208333,0.016587,0.085777,0.110299
307,191.633713,1000.0,0.861674,0.866119,0.0,0.0,0.066806,65150.0,0.12323,0.287107,0.18178,0.30877,-0.028419,0.741693,5.03135,-0.01,-0.6,-0.012,-0.25,-0.36,-1.2,0.500007,-0.078477,-0.000352,0.0,-0.064102,-0.025764,-0.016334,-0.032479,0.858593,-0.036186,-0.118033,-0.011513,-0.022589,1.829669,4.211314,-0.092206,-0.000404,-0.261367,5.458333,0.01762,0.086655,0.114148
308,194.536423,1000.0,0.879258,0.861655,0.0,0.0,0.06657,62821.0,0.122323,0.274224,0.189561,0.318568,-0.028181,0.781224,5.080337,-0.01,-0.6,-0.012,-0.25,-0.36,-1.2,0.500007,-0.078578,-9.5e-05,0.0,-0.065027,-0.025306,-0.015787,-0.031727,0.870081,-0.036193,-0.11867,-0.010633,-0.023247,1.835133,4.226663,-0.088976,-0.000604,-0.214741,5.166667,0.015237,0.074333,0.125348
309,193.905716,1000.0,0.880078,0.870109,0.0,0.0,0.066436,51735.0,0.120411,0.279958,0.188559,0.305138,-0.027747,0.752229,5.094653,-0.01,-0.6,-0.012,-0.25,-0.36,-1.2,0.500007,-0.07531,-0.000139,0.0,-0.06376,-0.025428,-0.015665,-0.030813,0.863176,-0.035115,-0.120413,-0.01035,-0.021587,1.83947,4.230102,-0.089508,-0.000511,-0.204722,4.75,0.016003,0.091175,0.114119
310,193.647308,1000.0,0.869485,0.846252,0.0,0.0,0.066234,59625.0,0.124515,0.277912,0.187503,0.314628,-0.028954,0.769701,5.096336,-0.01,-0.6,-0.012,-0.25,-0.36,-1.2,0.500007,-0.077477,-0.000263,0.0,-0.065157,-0.025253,-0.015899,-0.031351,0.87063,-0.035254,-0.11454,-0.011333,-0.023045,1.826964,4.230317,-0.090414,-0.00049,-0.238838,4.416667,0.014962,0.082258,0.124553
311,192.504242,1000.0,0.855218,0.868464,0.0,0.0,0.066091,72080.0,0.120125,0.279696,0.170265,0.301167,-0.027394,0.733997,5.089149,-0.01,-0.6,-0.012,-0.25,-0.36,-1.2,0.500007,-0.081955,-0.000145,0.0,-0.062298,-0.024772,-0.015405,-0.031198,0.84285,-0.034676,-0.111564,-0.01141,-0.023173,1.834326,4.237733,-0.088183,-0.000611,-0.203315,3.956522,0.014204,0.083618,0.118077
312,193.20105,1000.0,0.874904,0.867842,0.0,0.0,0.06598,67193.0,0.121358,0.279398,0.184797,0.298357,-0.027101,0.733471,5.080031,-0.01,-0.6,-0.012,-0.25,-0.36,-1.2,0.500007,-0.074995,-9.6e-05,0.0,-0.061682,-0.024782,-0.015925,-0.031136,0.865252,-0.035069,-0.12783,-0.010517,-0.020558,1.841588,4.23411,-0.087122,-0.000363,-0.211144,4.541667,0.015406,0.089436,0.10978
313,193.138412,1000.0,0.869798,0.862117,0.0,0.0,0.065849,70109.0,0.11887,0.278404,0.180781,0.294645,-0.02692,0.730911,5.127099,-0.01,-0.6,-0.012,-0.25,-0.36,-1.2,0.500007,-0.073983,-0.000205,0.0,-0.062416,-0.024619,-0.01526,-0.03137,0.859695,-0.035015,-0.124833,-0.010408,-0.021212,1.848854,4.23574,-0.08633,-0.000474,-0.197753,3.652174,0.017176,0.078927,0.119472
314,194.150833,1000.0,0.864493,0.86168,0.0,0.0,0.065638,69091.0,0.124689,0.278947,0.196683,0.320701,-0.028593,0.77246,5.09906,-0.01,-0.6,-0.012,-0.25,-0.36,-1.2,0.500007,-0.075421,-0.000155,0.0,-0.065231,-0.024835,-0.016414,-0.03158,0.866585,-0.035391,-0.122932,-0.010461,-0.021877,1.83344,4.229417,-0.089393,-0.000515,-0.217201,4.25,0.016196,0.084511,0.134303
315,192.655121,1000.0,0.869898,0.851972,0.0,0.0,0.065436,52898.0,0.120951,0.284679,0.169977,0.306032,-0.027745,0.722505,5.087747,-0.01,-0.6,-0.012,-0.25,-0.36,-1.2,0.500007,-0.079436,-0.000228,0.0,-0.06255,-0.024807,-0.015594,-0.031555,0.84001,-0.035309,-0.115207,-0.011619,-0.02303,1.835595,4.225791,-0.089055,-0.000325,-0.211473,3.458333,0.017773,0.084856,0.117652
316,195.158691,1000.0,0.872864,0.863942,0.0,0.0,0.065313,72070.0,0.118639,0.276238,0.182734,0.296771,-0.02718,0.733291,5.048946,-0.01,-0.6,-0.012,-0.25,-0.36,-1.2,0.500007,-0.077137,-0.000189,0.0,-0.062267,-0.024246,-0.015348,-0.030672,0.865794,-0.033919,-0.116383,-0.010587,-0.022132,1.846351,4.256083,-0.086278,-0.000498,-0.130757,3.545455,0.01619,0.083565,0.121915
317,195.373795,1000.0,0.871246,0.865423,0.0,0.0,0.065114,65979.0,0.121295,0.275412,0.175065,0.304591,-0.0272,0.744645,5.059081,-0.01,-0.6,-0.012,-0.25,-0.36,-1.2,0.500007,-0.079967,-0.000163,0.0,-0.061628,-0.024053,-0.015078,-0.030471,0.853245,-0.033138,-0.107453,-0.010418,-0.021522,1.834413,4.266235,-0.08673,-0.000392,-0.143984,3.916667,0.015203,0.095017,0.133612
318,194.761414,996.52002,0.869842,0.855607,0.043478,0.0,0.065073,66555.0,0.1225,0.270499,0.178523,0.301019,-0.027632,0.753489,5.051619,-0.01,-0.6,-0.012,-0.25,-0.36,-1.2,0.496213,-0.079773,-0.002904,-0.00087,-0.061308,-0.023806,-0.015085,-0.03031,0.857375,-0.033666,-0.097053,-0.010725,-0.022457,1.813623,4.228345,-0.085864,-0.000574,-0.166666,3.434783,0.016532,0.094293,0.124168
319,194.266907,1000.0,0.875774,0.855643,0.0,0.0,0.065038,67873.0,0.12342,0.281973,0.182265,0.313668,-0.029075,0.738902,5.08281,-0.01,-0.6,-0.012,-0.25,-0.36,-1.2,0.500007,-0.078136,-0.000124,0.0,-0.065085,-0.024535,-0.016702,-0.032325,0.857395,-0.034875,-0.116384,-0.011563,-0.021724,1.834814,4.230684,-0.091208,-0.000332,-0.175817,3.666667,0.014519,0.090259,0.121992
320,194.001282,1000.0,0.863876,0.86702,0.0,0.0,0.064893,53076.0,0.125952,0.275941,0.194565,0.325183,-0.029033,0.787084,5.063874,-0.01,-0.6,-0.012,-0.25,-0.36,-1.2,0.500007,-0.07821,-0.000278,0.0,-0.066534,-0.024386,-0.016401,-0.032219,0.867563,-0.034752,-0.120664,-0.011071,-0.021713,1.822183,4.243402,-0.09087,-0.000811,-0.239103,2.708333,0.015528,0.078792,0.138656
321,194.201294,1000.0,0.876619,0.862417,0.0,0.0,0.064726,66682.0,0.118817,0.273695,0.182555,0.303794,-0.02744,0.743369,5.113144,-0.01,-0.6,-0.012,-0.25,-0.36,-1.2,0.500007,-0.077674,-0.000169,0.0,-0.063007,-0.023936,-0.015727,-0.031459,0.855441,-0.033831,-0.115061,-0.010427,-0.021059,1.837769,4.259884,-0.089037,-0.000443,-0.201891,3.625,0.016778,0.078279,0.116655
322,193.864044,1000.0,0.882126,0.869667,0.0,0.0,0.064489,67910.0,0.116931,0.269318,0.171917,0.301396,-0.027378,0.723765,5.090743,-0.01,-0.6,-0.012,-0.25,-0.36,-1.2,0.500007,-0.081908,-0.000259,0.0,-0.061995,-0.023556,-0.015251,-0.030859,0.847515,-0.03324,-0.103691,-0.011525,-0.022505,1.842264,4.271328,-0.086256,-0.00057,-0.276693,3.478261,0.013457,0.082085,0.104721
323,194.384903,1000.0,0.870997,0.861867,0.0,0.0,0.064306,66269.0,0.122414,0.276254,0.191364,0.313451,-0.028332,0.775395,5.072422,-0.01,-0.6,-0.012,-0.25,-0.36,-1.2,0.500007,-0.074454,-0.000237,0.0,-0.064471,-0.023909,-0.015658,-0.031334,0.86574,-0.033969,-0.118183,-0.010276,-0.022701,1.830908,4.253565,-0.086827,-0.00032,-0.202582,3.666667,0.018082,0.094399,0.112275
324,194.705322,1000.0,0.850887,0.861516,0.0,0.0,0.064188,64168.0,0.119309,0.280663,0.179179,0.303469,-0.027431,0.725875,5.018712,-0.01,-0.6,-0.012,-0.25,-0.36,-1.2,0.500007,-0.079157,-0.000202,0.0,-0.06052,-0.023539,-0.015274,-0.030791,0.854251,-0.032095,-0.105942,-0.01009,-0.021682,1.832133,4.270361,-0.086109,-0.000475,-0.234036,3.458333,0.01683,0.078711,0.103279
325,195.966248,1000.0,0.881681,0.862354,0.0,0.0,0.064134,55696.0,0.116911,0.272538,0.175465,0.302464,-0.028128,0.732813,5.037461,-0.01,-0.6,-0.012,-0.25,-0.36,-1.2,0.500007,-0.080351,-0.00017,0.0,-0.064048,-0.023566,-0.015989,-0.031396,0.853498,-0.032717,-0.110126,-0.011712,-0.02237,1.845092,4.271058,-0.087256,-0.000398,-0.153496,3.652174,0.015172,0.089058,0.095014
326,195.290176,1000.0,0.871881,0.861775,0.0,0.0,0.063917,31217.0,0.115929,0.272563,0.186596,0.305077,-0.027087,0.74778,5.048462,-0.01,-0.6,-0.012,-0.25,-0.36,-1.2,0.500007,-0.077189,-0.000136,0.0,-0.060093,-0.022971,-0.014768,-0.029758,0.861727,-0.031993,-0.103875,-0.009485,-0.020115,1.841212,4.286941,-0.084379,-0.000464,-0.216986,3.541667,0.016929,0.078813,0.137246
327,195.837738,1000.0,0.864044,0.853205,0.0,0.0,0.063899,39732.0,0.121374,0.270644,0.189441,0.315217,-0.028069,0.745023,5.012918,-0.01,-0.6,-0.012,-0.25,-0.36,-1.2,0.500007,-0.077892,-9.5e-05,0.0,-0.062274,-0.023693,-0.01628,-0.031392,0.858928,-0.032982,-0.111509,-0.010096,-0.018915,1.831698,4.275752,-0.0879,-0.000556,-0.127338,3.304348,0.014894,0.088617,0.141729
328,194.82933,1000.0,0.867212,0.874784,0.0,0.0,0.063863,40885.0,0.115542,0.267383,0.176146,0.308619,-0.027609,0.747507,5.001825,-0.01,-0.6,-0.012,-0.25,-0.36,-1.2,0.500007,-0.079,-0.000372,0.0,-0.063095,-0.023087,-0.0159,-0.031384,0.847474,-0.03236,-0.110953,-0.011167,-0.022181,1.84233,4.279296,-0.086174,-0.0005,-0.207344,3.166667,0.014588,0.071176,0.099401
329,195.92186,1000.0,0.873452,0.844717,0.0,0.0,0.0638,34287.0,0.124782,0.270642,0.196958,0.341171,-0.030498,0.809437,5.026062,-0.01,-0.6,-0.012,-0.25,-0.36,-1.2,0.500007,-0.077086,-0.000216,0.0,-0.069695,-0.02442,-0.018654,-0.034142,0.868512,-0.034971,-0.129856,-0.011758,-0.021096,1.818101,4.24052,-0.09582,-0.000314,-0.28742,2.75,0.015912,0.085175,0.14866
330,194.690063,1000.0,0.871241,0.852543,0.0,0.0,0.063536,40829.0,0.115551,0.268256,0.165735,0.293278,-0.026877,0.715907,4.997888,-0.01,-0.6,-0.012,-0.25,-0.36,-1.2,0.500007,-0.0785,-0.000221,0.0,-0.060755,-0.022938,-0.015594,-0.030537,0.851229,-0.033088,-0.111676,-0.011552,-0.021638,1.841919,4.27272,-0.084561,-0.000353,-0.161243,4.0,0.01198,0.085037,0.126209
331,195.368729,1000.0,0.873515,0.862788,0.0,0.0,0.063451,40698.0,0.12047,0.268466,0.181036,0.310973,-0.028184,0.734197,5.021057,-0.01,-0.6,-0.012,-0.25,-0.36,-1.2,0.500007,-0.077642,-0.000135,0.0,-0.061722,-0.023154,-0.01591,-0.030981,0.851317,-0.033757,-0.106834,-0.010273,-0.020225,1.832198,4.270392,-0.086744,-0.000445,-0.163037,3.5,0.014388,0.075399,0.10089
332,195.179901,1000.0,0.872034,0.876344,0.0,0.0,0.063284,34760.0,0.122941,0.274082,0.195155,0.332446,-0.030261,0.807729,4.982573,-0.01,-0.6,-0.012,-0.25,-0.36,-1.2,0.500007,-0.076803,-0.000226,0.0,-0.067578,-0.023676,-0.017067,-0.032414,0.871648,-0.033747,-0.122373,-0.011686,-0.022097,1.828102,4.258903,-0.092018,-0.000622,-0.229866,3.375,0.014939,0.095173,0.111085
333,195.304398,999.530029,0.864152,0.847783,0.047619,0.0,0.063104,42107.0,0.121281,0.27232,0.180794,0.311514,-0.028134,0.745375,4.983365,-0.01,-0.6,-0.012,-0.25,-0.36,-1.2,0.499435,-0.080581,-0.000196,-0.000952,-0.062996,-0.022789,-0.015707,-0.031076,0.848202,-0.03319,-0.106486,-0.011223,-0.021153,1.822574,4.275774,-0.0873,-0.000554,-0.191619,25.095238,0.018739,0.100525,0.135176
334,196.944626,1000.0,0.878198,0.869239,0.0,0.0,0.062914,40431.0,0.116207,0.263393,0.177839,0.302968,-0.026987,0.727287,5.036434,-0.01,-0.6,-0.012,-0.25,-0.36,-1.2,0.500007,-0.075921,-0.00019,0.0,-0.061,-0.022523,-0.015493,-0.030334,0.851474,-0.031673,-0.108698,-0.010087,-0.020686,1.841293,4.298879,-0.084579,-0.000452,-0.146348,6.041667,0.014459,0.080403,0.10427
335,195.923187,1000.0,0.882477,0.869352,0.0,0.0,0.062664,34259.0,0.118535,0.270329,0.181178,0.308422,-0.027834,0.752024,5.042631,-0.01,-0.6,-0.012,-0.25,-0.36,-1.2,0.500007,-0.078278,-0.000177,0.0,-0.061978,-0.022581,-0.015431,-0.030768,0.864567,-0.032093,-0.107209,-0.010432,-0.021163,1.83426,4.284221,-0.084897,-0.000388,-0.144763,6.916667,0.015761,0.081331,0.105245
336,196.523239,1000.0,0.877317,0.860018,0.0,0.0,0.062421,40577.0,0.11772,0.262613,0.180681,0.29662,-0.026561,0.72868,5.027719,-0.01,-0.6,-0.012,-0.25,-0.36,-1.2,0.500007,-0.075414,-0.000274,0.0,-0.059308,-0.022124,-0.01489,-0.029474,0.858221,-0.031718,-0.111071,-0.009677,-0.020058,1.838067,4.301328,-0.081402,-0.000477,-0.146049,7.0,0.015182,0.080722,0.121627
337,198.736984,1000.0,0.873288,0.870751,0.0,0.0,0.062228,40047.0,0.119792,0.268151,0.186589,0.313162,-0.027962,0.764595,5.028851,-0.01,-0.6,-0.012,-0.25,-0.36,-1.2,0.500007,-0.077452,-0.000177,0.0,-0.06248,-0.022428,-0.01547,-0.030745,0.862095,-0.032174,-0.108487,-0.010197,-0.021256,1.831292,4.283621,-0.085682,-0.000512,-0.1312,6.708333,0.016037,0.080149,0.114355
338,194.129028,1000.0,0.872682,0.866205,0.0,0.0,0.062088,40914.0,0.122803,0.270791,0.188214,0.320584,-0.028901,0.767789,5.005229,-0.01,-0.6,-0.012,-0.25,-0.36,-1.2,0.500007,-0.07716,-0.000496,0.0,-0.063835,-0.02265,-0.016369,-0.031709,0.862761,-0.033061,-0.114406,-0.01067,-0.021725,1.825916,4.272137,-0.086832,-0.000846,-0.204069,6.625,0.016454,0.077307,0.11703
339,195.912628,1000.0,0.873521,0.856944,0.0,0.0,0.062055,33345.0,0.121233,0.266527,0.180974,0.31534,-0.028667,0.754728,4.990598,-0.01,-0.6,-0.012,-0.25,-0.36,-1.2,0.500007,-0.079682,-0.000177,0.0,-0.062981,-0.022463,-0.015819,-0.031007,0.860167,-0.03203,-0.106328,-0.010934,-0.02129,1.823689,4.288301,-0.087295,-0.000426,-0.177894,5.958333,0.013542,0.080368,0.112609
340,197.103729,1000.0,0.870076,0.874192,0.0,0.0,0.061946,40262.0,0.117226,0.269283,0.177466,0.304565,-0.027508,0.73587,5.008378,-0.01,-0.6,-0.012,-0.25,-0.36,-1.2,0.500007,-0.078497,-0.000624,0.0,-0.060686,-0.022136,-0.015427,-0.03072,0.859053,-0.031107,-0.104562,-0.010005,-0.021068,1.843633,4.300489,-0.084214,-0.00041,-0.144744,6.086957,0.014643,0.080259,0.105398
341,195.010101,1000.0,0.873022,0.859434,0.0,0.0,0.061846,40404.0,0.119033,0.265615,0.179486,0.310671,-0.028082,0.729798,5.024871,-0.01,-0.6,-0.012,-0.25,-0.36,-1.2,0.500007,-0.077077,-0.000166,0.0,-0.062035,-0.022435,-0.016232,-0.03109,0.855464,-0.032493,-0.109347,-0.010795,-0.020688,1.82847,4.2859,-0.086698,-0.000344,-0.205879,6.166667,0.015372,0.08154,0.123618
342,196.333023,1000.0,0.87345,0.872765,0.0,0.0,0.061644,34650.0,0.118975,0.263416,0.180049,0.306344,-0.027665,0.745221,4.986253,-0.01,-0.6,-0.012,-0.25,-0.36,-1.2,0.500007,-0.076846,-0.000173,0.0,-0.061114,-0.021866,-0.015131,-0.030214,0.858099,-0.031409,-0.108708,-0.010292,-0.020181,1.830841,4.302373,-0.084034,-0.000424,-0.140483,6.041667,0.014756,0.082526,0.11411
343,195.282074,1000.0,0.876017,0.860705,0.0,0.0,0.061436,40270.0,0.120858,0.27402,0.191334,0.320432,-0.028951,0.771519,5.026182,-0.01,-0.6,-0.012,-0.25,-0.36,-1.2,0.500007,-0.077229,-0.000553,0.0,-0.063976,-0.022279,-0.015796,-0.031152,0.867955,-0.032104,-0.106756,-0.010653,-0.0211,1.830546,4.278978,-0.086292,-0.000444,-0.226444,5.791667,0.016082,0.077899,0.119
344,196.296753,1000.0,0.859624,0.853524,0.0,0.0,0.061365,41065.0,0.119184,0.268076,0.182727,0.317365,-0.028362,0.771006,5.001973,-0.01,-0.6,-0.012,-0.25,-0.36,-1.2,0.500007,-0.079465,-0.000199,0.0,-0.061754,-0.021821,-0.015415,-0.030982,0.864657,-0.031499,-0.102725,-0.011466,-0.021392,1.836323,4.295375,-0.085087,-0.000391,-0.168635,6.166667,0.015753,0.082055,0.110323
345,196.439148,1000.0,0.879434,0.868914,0.0,0.0,0.061255,35080.0,0.117,0.264431,0.179676,0.306552,-0.027413,0.743861,4.968822,-0.01,-0.6,-0.012,-0.25,-0.36,-1.2,0.500007,-0.075761,-0.000213,0.0,-0.061342,-0.021639,-0.015149,-0.030476,0.863857,-0.030924,-0.108867,-0.010316,-0.02058,1.844267,4.305688,-0.083023,-0.000638,-0.214554,5.208333,0.015662,0.089673,0.121935
346,196.38765,1000.0,0.872446,0.864186,0.0,0.0,0.06114,40283.0,0.116469,0.261187,0.178105,0.308255,-0.027857,0.749614,4.989062,-0.01,-0.6,-0.012,-0.25,-0.36,-1.2,0.500007,-0.078324,-0.000125,0.0,-0.060709,-0.021426,-0.015107,-0.02996,0.86123,-0.030762,-0.099784,-0.010085,-0.021363,1.839506,4.313392,-0.082597,-0.00052,-0.204976,5.833333,0.014245,0.076206,0.103511
347,194.953537,1000.0,0.877635,0.857017,0.0,0.0,0.061149,41313.0,0.121142,0.264087,0.185866,0.329736,-0.029587,0.784878,4.996692,-0.01,-0.6,-0.012,-0.25,-0.36,-1.2,0.500007,-0.079586,-0.000262,0.0,-0.066501,-0.022034,-0.016548,-0.031847,0.865889,-0.031903,-0.114411,-0.011009,-0.023309,1.824101,4.294712,-0.088439,-0.000464,-0.274106,5.73913,0.015251,0.086213,0.118483
348,195.17276,1000.0,0.87507,0.86108,0.0,0.0,0.060933,40878.0,0.119782,0.269931,0.190662,0.33091,-0.029583,0.802214,5.018647,-0.01,-0.6,-0.012,-0.25,-0.36,-1.2,0.500007,-0.079763,-0.000102,0.0,-0.065337,-0.022213,-0.016618,-0.032034,0.866518,-0.032063,-0.107694,-0.010488,-0.021311,1.829972,4.286783,-0.088708,-0.000602,-0.302533,4.791667,0.014802,0.073136,0.12764
349,196.746658,1000.0,0.875815,0.870485,0.0,0.0,0.060872,34695.0,0.117898,0.26559,0.183957,0.313676,-0.028128,0.760542,4.981929,-0.01,-0.6,-0.012,-0.25,-0.36,-1.2,0.500007,-0.079805,-0.000182,0.0,-0.061001,-0.021264,-0.015279,-0.030331,0.867107,-0.030909,-0.099936,-0.010959,-0.020997,1.830992,4.309528,-0.083176,-0.000399,-0.186834,5.666667,0.013756,0.079734,0.107789
350,194.421036,1000.0,0.875104,0.856816,0.0,0.0,0.060788,40840.0,0.114396,0.260473,0.17048,0.284039,-0.02578,0.688499,4.995727,-0.01,-0.6,-0.012,-0.25,-0.36,-1.2,0.500007,-0.077181,-0.000159,0.0,-0.055898,-0.020698,-0.01423,-0.028707,0.849666,-0.028765,-0.098139,-0.009585,-0.01859,1.8403,4.343071,-0.078959,-0.000269,-0.194306,4.875,0.01644,0.091429,0.108563
351,195.321091,1000.0,0.872697,0.869683,0.0,0.0,0.060661,40714.0,0.121378,0.266018,0.18947,0.326038,-0.029372,0.771129,4.991777,-0.01,-0.6,-0.012,-0.25,-0.36,-1.2,0.500007,-0.078191,-0.000272,0.0,-0.06325,-0.021978,-0.016471,-0.031511,0.861076,-0.031908,-0.109248,-0.010264,-0.01986,1.82724,4.291145,-0.087412,-0.000418,-0.297619,4.833333,0.015717,0.083653,0.110846
352,196.998047,1000.0,0.874771,0.85788,0.0,0.0,0.060455,35283.0,0.116115,0.263894,0.178075,0.293484,-0.026387,0.727078,4.976781,-0.01,-0.6,-0.012,-0.25,-0.36,-1.2,0.500007,-0.076872,-0.000356,0.0,-0.059806,-0.020888,-0.014695,-0.028822,0.862737,-0.029993,-0.106044,-0.009731,-0.020622,1.84408,4.323956,-0.079792,-0.000465,-0.133751,4.041667,0.016478,0.079846,0.120398
353,196.812408,998.900024,0.890635,0.866527,0.043478,0.0,0.060106,41182.0,0.116761,0.263854,0.178632,0.304829,-0.027152,0.749336,4.967529,-0.01,-0.6,-0.012,-0.25,-0.36,-1.2,0.499662,-0.079889,-0.000398,-0.000248,-0.059317,-0.020691,-0.014527,-0.028906,0.861743,-0.029728,-0.091594,-0.010124,-0.021747,1.833897,4.323573,-0.080248,-0.000374,-0.171758,4.695652,0.01425,0.079866,0.114612
354,197.408356,1000.0,0.865458,0.852712,0.0,0.0,0.060125,41167.0,0.118109,0.263549,0.194481,0.325745,-0.029029,0.775109,4.997411,-0.01,-0.6,-0.012,-0.25,-0.36,-1.2,0.500007,-0.074925,-0.000126,0.0,-0.064978,-0.021829,-0.016831,-0.032216,0.864269,-0.03223,-0.123157,-0.010847,-0.019647,1.842608,4.293343,-0.088024,-0.000338,-0.14094,4.173913,0.017237,0.091141,0.118827
355,197.155212,1000.0,0.881942,0.861519,0.0,0.0,0.060002,34196.0,0.116528,0.258603,0.186277,0.304739,-0.027107,0.753639,4.965675,-0.01,-0.6,-0.012,-0.25,-0.36,-1.2,0.500007,-0.076606,-8.2e-05,0.0,-0.058481,-0.020533,-0.014434,-0.02882,0.864136,-0.030178,-0.096018,-0.009091,-0.019866,1.846977,4.328645,-0.078115,-0.00048,-0.189466,3.583333,0.016043,0.078293,0.113323
356,196.076385,1000.0,0.867948,0.862472,0.0,0.0,0.059824,41034.0,0.117615,0.256679,0.184984,0.314284,-0.027714,0.736444,4.99108,-0.01,-0.6,-0.012,-0.25,-0.36,-1.2,0.500007,-0.075262,-8.2e-05,0.0,-0.062077,-0.021142,-0.015938,-0.030182,0.855351,-0.030209,-0.109932,-0.009139,-0.020517,1.83147,4.325264,-0.082846,-0.000404,-0.175428,4.166667,0.017935,0.07852,0.110846
357,197.409271,1000.0,0.867718,0.857866,0.0,0.0,0.059647,40964.0,0.112045,0.258939,0.181889,0.301654,-0.026651,0.774742,4.995376,-0.01,-0.6,-0.012,-0.25,-0.36,-1.2,0.500007,-0.076667,-7e-05,0.0,-0.058335,-0.020332,-0.013919,-0.028433,0.874682,-0.02977,-0.099645,-0.009774,-0.021413,1.852334,4.327826,-0.07699,-0.000468,-0.216598,3.333333,0.015074,0.08302,0.111039
358,198.066223,1000.0,0.883959,0.866074,0.0,0.0,0.05941,43173.0,0.112916,0.251243,0.187025,0.299418,-0.02631,0.759529,4.969919,-0.01,-0.6,-0.012,-0.25,-0.36,-1.2,0.500007,-0.076777,-0.002243,0.0,-0.058408,-0.02005,-0.01414,-0.028907,0.871744,-0.028409,-0.097059,-0.009292,-0.019205,1.844635,4.358415,-0.07712,-0.00037,-0.183642,3.272727,0.016483,0.090037,0.122389
359,196.577209,1000.0,0.881675,0.880796,0.0,0.0,0.059235,34082.0,0.115809,0.259864,0.180567,0.298214,-0.026288,0.735011,4.994088,-0.01,-0.6,-0.012,-0.25,-0.36,-1.2,0.500007,-0.075683,-0.000255,0.0,-0.057366,-0.020224,-0.014056,-0.028511,0.863842,-0.029506,-0.098607,-0.009341,-0.02021,1.839829,4.337322,-0.077124,-0.000342,-0.225087,4.125,0.014008,0.07311,0.108716
360,197.045761,1000.0,0.866237,0.836229,0.0,0.0,0.05918,41093.0,0.112934,0.255857,0.168483,0.292302,-0.026,0.691284,4.961725,-0.01,-0.6,-0.012,-0.25,-0.36,-1.2,0.500007,-0.07647,-0.000135,0.0,-0.056034,-0.020367,-0.0145,-0.028723,0.845935,-0.028562,-0.097857,-0.00957,-0.017422,1.838133,4.351292,-0.080751,-0.000267,-0.1181,3.565217,0.015954,0.095538,0.130487
361,195.978104,1000.0,0.849384,0.869986,0.0,0.0,0.059264,40916.0,0.114333,0.267508,0.167782,0.30148,-0.027201,0.730543,4.978519,-0.01,-0.6,-0.012,-0.25,-0.36,-1.2,0.500007,-0.078396,-0.000118,0.0,-0.059953,-0.020647,-0.015309,-0.029916,0.856315,-0.029505,-0.104509,-0.010815,-0.020917,1.833419,4.322775,-0.082133,-0.000466,-0.127641,3.208333,0.01525,0.071698,0.093777
362,196.712402,1000.0,0.872456,0.862261,0.0,0.0,0.059161,34792.0,0.117031,0.265134,0.173812,0.311495,-0.028089,0.760764,5.001853,-0.01,-0.6,-0.012,-0.25,-0.36,-1.2,0.500007,-0.078287,-0.000291,0.0,-0.062155,-0.020908,-0.015939,-0.030321,0.864272,-0.031078,-0.105344,-0.010867,-0.021991,1.836277,4.301497,-0.082631,-0.000399,-0.153055,3.208333,0.016698,0.082497,0.113043
363,195.342148,1000.0,0.854397,0.867119,0.0,0.0,0.059034,41097.0,0.117622,0.260841,0.191077,0.323913,-0.029163,0.777756,5.028368,-0.01,-0.6,-0.012,-0.25,-0.36,-1.2,0.500007,-0.078588,-0.000237,0.0,-0.064079,-0.020704,-0.015546,-0.030693,0.868409,-0.030216,-0.102017,-0.010266,-0.021901,1.839061,4.323218,-0.083786,-0.000327,-0.290792,3.541667,0.018147,0.091663,0.123843
364,195.671722,1000.0,0.850252,0.858435,0.0,0.0,0.058954,42886.0,0.123103,0.263671,0.189077,0.321682,-0.028124,0.757996,5.000277,-0.01,-0.6,-0.012,-0.25,-0.36,-1.2,0.500007,-0.075076,-0.000499,0.0,-0.062491,-0.020993,-0.015617,-0.030621,0.862507,-0.031142,-0.106717,-0.009877,-0.021614,1.817249,4.314363,-0.083764,-0.000442,-0.304315,3.391304,0.016946,0.075535,0.117159
365,196.891357,1000.0,0.880679,0.879093,0.0,0.0,0.058825,42342.0,0.120162,0.253874,0.182531,0.310068,-0.027576,0.756003,4.998018,-0.01,-0.6,-0.012,-0.25,-0.36,-1.2,0.500007,-0.075813,-0.000229,0.0,-0.062333,-0.020468,-0.015901,-0.030945,0.866855,-0.03013,-0.108217,-0.010107,-0.020763,1.825182,4.335077,-0.08182,-0.000355,-0.174975,3.333333,0.016365,0.088075,0.112148
366,198.652298,1000.0,0.87223,0.867796,0.0,0.0,0.058733,34566.0,0.117018,0.261354,0.19007,0.315438,-0.027467,0.777539,4.940861,-0.01,-0.6,-0.012,-0.25,-0.36,-1.2,0.500007,-0.076308,-0.000277,0.0,-0.058628,-0.020057,-0.014772,-0.029053,0.867307,-0.028705,-0.098584,-0.009486,-0.018672,1.833108,4.343933,-0.079514,-0.00044,-0.15036,3.958333,0.015031,0.073,0.114104
367,198.358047,1000.0,0.887015,0.875287,0.0,0.0,0.058722,41789.0,0.113259,0.251665,0.174726,0.297064,-0.026587,0.733463,4.978888,-0.01,-0.6,-0.012,-0.25,-0.36,-1.2,0.500007,-0.077604,-0.000122,0.0,-0.057378,-0.019698,-0.014295,-0.028285,0.855406,-0.028469,-0.093631,-0.01039,-0.019054,1.835303,4.360278,-0.077774,-0.00043,-0.133479,3.478261,0.015039,0.080492,0.112758
368,197.934586,1000.0,0.868058,0.872026,0.0,0.0,0.058616,41453.0,0.115132,0.254732,0.180942,0.297298,-0.026269,0.751011,4.962453,-0.01,-0.6,-0.012,-0.25,-0.36,-1.2,0.500007,-0.074116,-0.000133,0.0,-0.056741,-0.019698,-0.014127,-0.027974,0.86786,-0.029017,-0.103414,-0.009467,-0.01916,1.83992,4.352799,-0.076138,-0.000471,-0.180876,3.583333,0.016897,0.076317,0.118094
369,193.831375,988.75,0.859678,0.857078,0.086957,0.0,0.058559,35130.0,0.116326,0.260289,0.176217,0.296582,-0.026302,0.736919,4.951777,-0.01,-0.6,-0.012,-0.25,-0.36,-1.2,0.494112,-0.075376,-0.000228,-0.000725,-0.058609,-0.019807,-0.0147,-0.029094,0.855702,-0.029262,-0.104197,-0.010248,-0.019965,1.821536,4.279479,-0.078148,-0.000267,-0.156267,3.130435,0.018707,0.101538,0.122847
370,194.162201,988.75,0.860904,0.857432,0.0,0.0,0.058509,40656.0,0.116934,0.261278,0.184005,0.307863,-0.027425,0.736762,4.940334,-0.01,-0.6,-0.012,-0.25,-0.36,-1.2,0.500007,-0.077474,-0.002156,0.0,-0.059335,-0.020359,-0.015276,-0.029633,0.847914,-0.029351,-0.096233,-0.010076,-0.018701,1.838379,4.33436,-0.081413,-0.000451,-0.247589,3.0,0.018116,0.105462,0.135913
371,196.296677,1000.0,0.874923,0.869571,0.0,0.0,0.058476,41642.0,0.114971,0.26026,0.168045,0.31116,-0.027676,0.750086,4.932258,-0.01,-0.6,-0.012,-0.25,-0.36,-1.2,0.500007,-0.082743,-0.000232,0.0,-0.060265,-0.020126,-0.014834,-0.029132,0.856846,-0.028973,-0.090901,-0.010355,-0.02477,1.83698,4.340488,-0.082449,-0.000365,-0.221115,3.458333,0.01517,0.083974,0.115936
372,198.809921,1000.0,0.869199,0.865629,0.0,0.0,0.058427,35205.0,0.115785,0.258146,0.199204,0.320065,-0.027761,0.782366,4.921994,-0.01,-0.6,-0.012,-0.25,-0.36,-1.2,0.500007,-0.075389,-0.001037,0.0,-0.061295,-0.019859,-0.015367,-0.029545,0.874088,-0.028592,-0.107052,-0.009309,-0.018756,1.833233,4.341568,-0.080091,-0.000387,-0.156363,3.625,0.016093,0.078391,0.117366
373,198.868942,1000.0,0.888209,0.860094,0.0,0.0,0.058372,41668.0,0.113767,0.254934,0.180895,0.312815,-0.02712,0.760229,4.921563,-0.01,-0.6,-0.012,-0.25,-0.36,-1.2,0.500007,-0.078312,-0.000301,0.0,-0.058278,-0.019694,-0.015002,-0.028826,0.866013,-0.028132,-0.099544,-0.009806,-0.02001,1.836196,4.361509,-0.079801,-0.000406,-0.149802,3.416667,0.013401,0.07424,0.111143
374,198.484253,1000.0,0.876146,0.876138,0.0,0.0,0.058246,41918.0,0.117116,0.258135,0.181114,0.317384,-0.028698,0.770314,4.902335,-0.01,-0.6,-0.012,-0.25,-0.36,-1.2,0.500007,-0.080801,-0.000112,0.0,-0.061886,-0.020005,-0.015219,-0.030133,0.864542,-0.029139,-0.093184,-0.010732,-0.021055,1.832555,4.342059,-0.082812,-0.000399,-0.13198,3.208333,0.014452,0.069833,0.093828
375,197.916595,1000.0,0.873525,0.86939,0.0,0.0,0.058315,44223.0,0.114925,0.254973,0.178392,0.30201,-0.026843,0.739933,4.910842,-0.01,-0.6,-0.012,-0.25,-0.36,-1.2,0.500007,-0.07834,-0.000179,0.0,-0.058566,-0.01945,-0.014964,-0.028993,0.864036,-0.028193,-0.101909,-0.0097,-0.019586,1.829883,4.359013,-0.078053,-0.00031,-0.214508,25.666668,0.01462,0.072596,0.11208
376,197.654297,1000.0,0.863328,0.867392,0.0,0.0,0.058301,34718.0,0.115661,0.25564,0.1805,0.309161,-0.027492,0.759141,4.898637,-0.01,-0.6,-0.012,-0.25,-0.36,-1.2,0.500007,-0.077798,-0.00016,0.0,-0.059036,-0.019622,-0.014579,-0.02921,0.863552,-0.028794,-0.094577,-0.009942,-0.020597,1.836072,4.350197,-0.079143,-0.000318,-0.19339,7.083333,0.015816,0.076739,0.125517
377,197.888382,1000.0,0.873388,0.864339,0.0,0.0,0.05813,42099.0,0.11872,0.254685,0.18726,0.319254,-0.028416,0.770103,4.889333,-0.01,-0.6,-0.012,-0.25,-0.36,-1.2,0.500007,-0.079754,-0.000197,0.0,-0.059858,-0.019755,-0.015064,-0.029515,0.865255,-0.028534,-0.089138,-0.009999,-0.020075,1.829834,4.353125,-0.081653,-0.000465,-0.186315,6.916667,0.015477,0.084687,0.117717
378,198.84816,1000.0,0.869198,0.861835,0.0,0.0,0.058002,42232.0,0.117342,0.252756,0.190491,0.312476,-0.027438,0.75961,4.877981,-0.01,-0.6,-0.012,-0.25,-0.36,-1.2,0.500007,-0.074408,-0.000163,0.0,-0.059267,-0.019665,-0.014876,-0.029294,0.86557,-0.028422,-0.099748,-0.008886,-0.019362,1.836622,4.358955,-0.079072,-0.000434,-0.198149,6.791667,0.015479,0.086216,0.101291
379,199.324081,1000.0,0.880669,0.875546,0.0,0.0,0.05804,34130.0,0.115061,0.251788,0.181627,0.302221,-0.026581,0.74926,4.903924,-0.01,-0.6,-0.012,-0.25,-0.36,-1.2,0.500007,-0.076389,-0.000191,0.0,-0.057705,-0.019225,-0.014222,-0.028727,0.862552,-0.027774,-0.096071,-0.009202,-0.01964,1.840547,4.370445,-0.076583,-0.000415,-0.19037,6.625,0.014707,0.083281,0.113163
380,198.407532,1000.0,0.882198,0.875179,0.0,0.0,0.057964,40787.0,0.115374,0.254707,0.182267,0.311187,-0.027647,0.760367,4.877932,-0.01,-0.6,-0.012,-0.25,-0.36,-1.2,0.500007,-0.077665,-0.000658,0.0,-0.060545,-0.019454,-0.014992,-0.02968,0.869278,-0.02842,-0.095171,-0.0103,-0.020412,1.834408,4.356719,-0.079898,-0.000298,-0.212133,6.0,0.0138,0.086362,0.108655
381,196.939316,1000.0,0.855497,0.865467,0.0,0.0,0.057869,38927.0,0.11573,0.250467,0.183028,0.313458,-0.02712,0.744051,4.886057,-0.01,-0.6,-0.012,-0.25,-0.36,-1.2,0.500007,-0.076004,-0.000264,0.0,-0.059245,-0.019595,-0.015402,-0.029415,0.857178,-0.028966,-0.100695,-0.009654,-0.019931,1.835994,4.350758,-0.080009,-0.000399,-0.194586,6.083333,0.017743,0.082449,0.117801
382,197.664093,1000.0,0.889117,0.860743,0.0,0.0,0.057772,32374.0,0.112577,0.25382,0.178631,0.308768,-0.027498,0.751838,4.883072,-0.01,-0.6,-0.012,-0.25,-0.36,-1.2,0.500007,-0.078431,-0.000203,0.0,-0.057377,-0.019298,-0.014391,-0.028721,0.861632,-0.027761,-0.090091,-0.009603,-0.021181,1.843163,4.366177,-0.077466,-0.000404,-0.252286,6.391304,0.013492,0.084159,0.109684
383,198.041397,1000.0,0.872778,0.865292,0.0,0.0,0.057614,39166.0,0.115042,0.248358,0.186948,0.305577,-0.026587,0.755493,4.934259,-0.01,-0.6,-0.012,-0.25,-0.36,-1.2,0.500007,-0.075763,-0.000232,0.0,-0.057159,-0.018822,-0.014292,-0.028177,0.867156,-0.02753,-0.094208,-0.009413,-0.018746,1.838306,4.375226,-0.076441,-0.000438,-0.186764,6.041667,0.014824,0.082809,0.107717
384,194.35936,990.409973,0.872465,0.859219,0.041667,0.0,0.057462,39131.0,0.115156,0.254893,0.183899,0.311134,-0.027196,0.74971,4.905493,-0.01,-0.6,-0.012,-0.25,-0.36,-1.2,0.49715,-0.0771,-0.000147,-0.000238,-0.059006,-0.019473,-0.015104,-0.029337,0.857834,-0.028461,-0.096607,-0.009552,-0.019096,1.821029,4.331469,-0.080158,-0.000352,-0.273353,5.875,0.015706,0.084144,0.124044
385,199.353577,1000.0,0.885551,0.869951,0.0,0.0,0.05729,39674.0,0.112714,0.249244,0.182892,0.307084,-0.027086,0.750165,4.952108,-0.01,-0.6,-0.012,-0.25,-0.36,-1.2,0.500007,-0.077603,-0.000176,0.0,-0.057283,-0.019104,-0.014981,-0.028842,0.863486,-0.027856,-0.092332,-0.009249,-0.018679,1.840992,4.369978,-0.078399,-0.000365,-0.129105,6.208333,0.014943,0.076739,0.114411
386,197.75856,1000.0,0.872609,0.859439,0.0,0.0,0.057282,32179.0,0.117332,0.253297,0.189059,0.319543,-0.028054,0.776283,4.925168,-0.01,-0.6,-0.012,-0.25,-0.36,-1.2,0.500007,-0.075416,-0.000253,0.0,-0.060485,-0.019624,-0.015119,-0.029691,0.867717,-0.029295,-0.100215,-0.009843,-0.020203,1.836821,4.34531,-0.081155,-0.000301,-0.230041,5.833333,0.016546,0.0842,0.103509
387,197.492294,1000.0,0.858302,0.864295,0.0,0.0,0.057165,38144.0,0.118436,0.252029,0.187242,0.314436,-0.027663,0.770361,4.880038,-0.01,-0.6,-0.012,-0.25,-0.36,-1.2,0.500007,-0.07611,-0.00018,0.0,-0.060391,-0.019396,-0.015355,-0.030229,0.865998,-0.028475,-0.102361,-0.010013,-0.019964,1.825998,4.359194,-0.080436,-0.000387,-0.238381,5.416667,0.016259,0.084202,0.110007
388,196.608765,1000.0,0.872507,0.859595,0.0,0.0,0.057002,37638.0,0.115308,0.248198,0.185365,0.306864,-0.027021,0.733235,4.893823,-0.01,-0.6,-0.012,-0.25,-0.36,-1.2,0.500007,-0.075361,-0.000196,0.0,-0.058617,-0.019343,-0.015314,-0.029469,0.857745,-0.028167,-0.095117,-0.009244,-0.018013,1.835752,4.367254,-0.079778,-0.000361,-0.16505,6.125,0.016112,0.084035,0.12561
389,197.495178,990.23999,0.878975,0.860289,0.043478,0.0,0.056994,30815.0,0.112488,0.242464,0.179623,0.296043,-0.025934,0.726609,4.858258,-0.01,-0.6,-0.012,-0.25,-0.36,-1.2,0.495759,-0.074647,-0.000186,-0.000348,-0.056151,-0.01855,-0.014133,-0.027795,0.858388,-0.027367,-0.095031,-0.009172,-0.018409,1.824878,4.343374,-0.07513,-0.000357,-0.148548,5.26087,0.015004,0.080025,0.124611
390,199.017181,1000.0,0.887361,0.859378,0.0,0.0,0.056872,37865.0,0.112362,0.249495,0.182111,0.306574,-0.026871,0.744867,4.860326,-0.01,-0.6,-0.012,-0.25,-0.36,-1.2,0.500007,-0.075967,-0.000123,0.0,-0.057389,-0.018881,-0.014311,-0.028685,0.856024,-0.02795,-0.096369,-0.009354,-0.019356,1.847774,4.368978,-0.075883,-0.000372,-0.147082,4.791667,0.014364,0.085781,0.099761
391,199.144547,1000.0,0.882521,0.858734,0.0,0.0,0.056778,38145.0,0.114446,0.248303,0.188737,0.3068,-0.026833,0.752906,4.869859,-0.01,-0.6,-0.012,-0.25,-0.36,-1.2,0.500007,-0.075783,-0.000151,0.0,-0.056319,-0.018511,-0.013713,-0.027738,0.871,-0.026898,-0.088485,-0.008839,-0.019008,1.841187,4.384328,-0.074576,-0.000508,-0.235999,5.0,0.014992,0.087201,0.111201
392,198.925919,1000.0,0.875385,0.861526,0.0,0.0,0.056623,31818.0,0.114293,0.254208,0.192176,0.315344,-0.027797,0.758955,4.861173,-0.01,-0.6,-0.012,-0.25,-0.36,-1.2,0.500007,-0.075865,-0.00021,0.0,-0.059571,-0.01922,-0.015231,-0.029457,0.866602,-0.027697,-0.09567,-0.009054,-0.019887,1.844897,4.367457,-0.07922,-0.000363,-0.155073,5.458333,0.015801,0.078589,0.127188
393,198.084106,1000.0,0.88307,0.871972,0.0,0.0,0.056561,38733.0,0.114971,0.254296,0.181652,0.296932,-0.026491,0.735417,4.879547,-0.01,-0.6,-0.012,-0.25,-0.36,-1.2,0.500007,-0.076443,-0.000115,0.0,-0.056765,-0.018609,-0.014102,-0.02819,0.865077,-0.027311,-0.090982,-0.009033,-0.018338,1.837094,4.372546,-0.074603,-0.000318,-0.170396,4.583333,0.017055,0.087109,0.122412
394,199.027786,1000.0,0.87233,0.85728,0.0,0.0,0.056547,38287.0,0.114558,0.249841,0.188936,0.315572,-0.027981,0.76247,4.885945,-0.01,-0.6,-0.012,-0.25,-0.36,-1.2,0.500007,-0.07543,-0.000175,0.0,-0.059515,-0.01914,-0.015573,-0.029558,0.867168,-0.028015,-0.097675,-0.00931,-0.018343,1.842418,4.369112,-0.08019,-0.000311,-0.15146,3.958333,0.015727,0.083409,0.11251
395,196.508484,1000.0,0.888039,0.857537,0.0,0.0,0.056468,34081.0,0.10944,0.24344,0.174611,0.293455,-0.025712,0.725229,4.924065,-0.01,-0.6,-0.012,-0.25,-0.36,-1.2,0.500007,-0.077406,-0.000153,0.0,-0.05483,-0.018205,-0.013528,-0.027601,0.858916,-0.026418,-0.087339,-0.009429,-0.019024,1.848877,4.396565,-0.07361,-0.000376,-0.281206,4.608696,0.014595,0.094424,0.111661
396,198.558136,1000.0,0.869961,0.863198,0.0,0.0,0.056294,41212.0,0.114773,0.253706,0.195831,0.321214,-0.028388,0.790791,4.903437,-0.01,-0.6,-0.012,-0.25,-0.36,-1.2,0.500007,-0.074193,-0.000138,0.0,-0.06214,-0.019161,-0.015367,-0.030108,0.874023,-0.02854,-0.109912,-0.009504,-0.019314,1.846272,4.353963,-0.079919,-0.00045,-0.176272,4.0,0.015131,0.087082,0.097644
397,197.621704,1000.0,0.850953,0.861752,0.0,0.0,0.056208,39602.0,0.115072,0.255678,0.186505,0.309996,-0.027004,0.761621,4.918306,-0.01,-0.6,-0.012,-0.25,-0.36,-1.2,0.500007,-0.07499,-0.000159,0.0,-0.059166,-0.018809,-0.014656,-0.028529,0.872748,-0.027424,-0.099189,-0.009301,-0.022204,1.833185,4.365458,-0.076068,-0.000274,-0.262171,3.75,0.015328,0.086948,0.109306
398,199.776718,1000.0,0.854914,0.861095,0.0,0.0,0.056139,31454.0,0.111876,0.247344,0.185653,0.312185,-0.026807,0.751043,4.919805,-0.01,-0.6,-0.012,-0.25,-0.36,-1.2,0.500007,-0.074334,-0.00019,0.0,-0.057352,-0.018906,-0.015056,-0.028769,0.854259,-0.027211,-0.094918,-0.009012,-0.017813,1.848736,4.380678,-0.077595,-0.000274,-0.093875,3.916667,0.017428,0.089028,0.125405
399,198.908798,1000.0,0.861459,0.856573,0.0,0.0,0.056081,38735.0,0.116185,0.25159,0.192595,0.315175,-0.027393,0.775751,4.949188,-0.01,-0.6,-0.012,-0.25,-0.36,-1.2,0.500007,-0.07673,-0.001829,0.0,-0.059374,-0.018617,-0.014965,-0.028848,0.87203,-0.027213,-0.093502,-0.009364,-0.019569,1.82511,4.372427,-0.077355,-0.000528,-0.131888,3.291667,0.014509,0.084702,0.129985
400,197.17485,996.450012,0.861364,0.860195,0.045455,0.0,0.056029,37228.0,0.115231,0.246508,0.191364,0.319411,-0.027509,0.77798,4.914145,-0.01,-0.6,-0.012,-0.25,-0.36,-1.2,0.498658,-0.076652,-0.000167,-0.000303,-0.059912,-0.018614,-0.014843,-0.029376,0.868013,-0.027487,-0.092948,-0.009809,-0.019422,1.828031,4.367512,-0.077865,-0.000396,-0.228429,3.772727,0.017695,0.081145,0.119124
401,198.552948,1000.0,0.87802,0.85737,0.0,0.0,0.055709,30583.0,0.12,0.256638,0.188196,0.323047,-0.028446,0.781621,4.918897,-0.01,-0.6,-0.012,-0.25,-0.36,-1.2,0.500007,-0.08003,-0.00018,0.0,-0.060388,-0.018697,-0.015276,-0.029738,0.871019,-0.027935,-0.093081,-0.010923,-0.019391,1.814492,4.359242,-0.080325,-0.000377,-0.221619,3.782609,0.013824,0.085185,0.102957
402,200.344086,1000.0,0.881402,0.84436,0.0,0.0,0.055674,35476.0,0.116287,0.250774,0.194357,0.329847,-0.028308,0.802679,4.922286,-0.01,-0.6,-0.012,-0.25,-0.36,-1.2,0.500007,-0.076949,-6.3e-05,0.0,-0.059634,-0.018817,-0.015067,-0.029131,0.872814,-0.026906,-0.091205,-0.009078,-0.020722,1.830413,4.381874,-0.07884,-0.000361,-0.110414,3.791667,0.015814,0.082433,0.125996
403,200.765839,1000.0,0.872213,0.86016,0.0,0.0,0.055627,36096.0,0.116538,0.249457,0.193882,0.317765,-0.02779,0.77124,4.923233,-0.01,-0.6,-0.012,-0.25,-0.36,-1.2,0.500007,-0.072767,-0.000247,0.0,-0.060192,-0.01894,-0.015527,-0.029364,0.870951,-0.027683,-0.101996,-0.009501,-0.020325,1.830039,4.371804,-0.078926,-0.000257,-0.13446,2.833333,0.013997,0.087495,0.096516
404,200.139099,1000.0,0.876796,0.863108,0.0,0.0,0.055499,30989.0,0.114251,0.250249,0.192424,0.318419,-0.027316,0.778778,4.905137,-0.01,-0.6,-0.012,-0.25,-0.36,-1.2,0.500007,-0.076373,-0.000134,0.0,-0.058076,-0.018405,-0.014683,-0.027943,0.868365,-0.026254,-0.095029,-0.009307,-0.018024,1.840913,4.392665,-0.077104,-0.000441,-0.165265,3.416667,0.015026,0.072113,0.128792
405,199.03746,1000.0,0.890123,0.848972,0.0,0.0,0.055478,39128.0,0.112732,0.248106,0.181272,0.306778,-0.027325,0.755985,4.901966,-0.01,-0.6,-0.012,-0.25,-0.36,-1.2,0.500007,-0.077446,-0.000158,0.0,-0.056601,-0.018356,-0.0143,-0.027814,0.862899,-0.026526,-0.085103,-0.008994,-0.020559,1.840166,4.387062,-0.076048,-0.000331,-0.171548,3.166667,0.019936,0.078216,0.122961
406,197.989883,1000.0,0.889339,0.850166,0.0,0.0,0.055429,37294.0,0.117884,0.24982,0.190986,0.323084,-0.028729,0.783264,4.871702,-0.01,-0.6,-0.012,-0.25,-0.36,-1.2,0.500007,-0.078738,-0.000167,0.0,-0.061269,-0.018842,-0.015588,-0.030012,0.872543,-0.027598,-0.08834,-0.009966,-0.019967,1.823846,4.376292,-0.080937,-0.000384,-0.232235,3.869565,0.013999,0.082665,0.106398
407,198.658813,1000.0,0.861813,0.87256,0.0,0.0,0.055293,31576.0,0.114231,0.2489,0.187466,0.310933,-0.027148,0.756244,4.888254,-0.01,-0.6,-0.012,-0.25,-0.36,-1.2,0.500007,-0.073983,-0.000229,0.0,-0.058875,-0.018561,-0.015123,-0.029197,0.87218,-0.027046,-0.098627,-0.009786,-0.019925,1.835955,4.382703,-0.077226,-0.00027,-0.18303,3.166667,0.019073,0.089999,0.120389
408,200.417725,1000.0,0.875973,0.869592,0.0,0.0,0.055224,39165.0,0.112625,0.240871,0.195366,0.305767,-0.026202,0.772025,4.859027,-0.01,-0.6,-0.012,-0.25,-0.36,-1.2,0.500007,-0.072055,-0.000132,0.0,-0.057196,-0.017941,-0.013727,-0.027854,0.87934,-0.0264,-0.093865,-0.008898,-0.017744,1.842501,4.400015,-0.072926,-0.000356,-0.15511,4.173913,0.01515,0.076614,0.115048
409,199.650696,1000.0,0.870598,0.852899,0.0,0.0,0.055156,42750.0,0.113023,0.24135,0.179819,0.30096,-0.026122,0.730625,4.900688,-0.01,-0.6,-0.012,-0.25,-0.36,-1.2,0.500007,-0.075866,-0.000129,0.0,-0.053487,-0.018055,-0.014399,-0.027721,0.862756,-0.026253,-0.085981,-0.008854,-0.016597,1.832655,4.403181,-0.074459,-0.000443,-0.168077,3.333333,0.014258,0.078591,0.115808
410,199.80777,1000.0,0.884494,0.867844,0.0,0.0,0.055028,54158.0,0.112027,0.246961,0.190446,0.317623,-0.027822,0.786209,4.910151,-0.01,-0.6,-0.012,-0.25,-0.36,-1.2,0.500007,-0.07868,-0.000296,0.0,-0.056872,-0.018009,-0.014097,-0.028953,0.872792,-0.025526,-0.081652,-0.009848,-0.018543,1.840682,4.409574,-0.075895,-0.000294,-0.219805,3.625,0.015886,0.087958,0.122605
411,200.249466,1000.0,0.86212,0.852617,0.0,0.0,0.054915,49396.0,0.113663,0.245854,0.18772,0.32109,-0.028069,0.788343,4.914082,-0.01,-0.6,-0.012,-0.25,-0.36,-1.2,0.500007,-0.079285,-0.000154,0.0,-0.057412,-0.018195,-0.013966,-0.028688,0.867991,-0.026097,-0.079721,-0.008936,-0.019568,1.840509,4.398046,-0.077429,-0.000317,-0.168282,3.086957,0.013672,0.079826,0.109061
412,200.360138,1000.0,0.864992,0.862789,0.0,0.0,0.054866,65522.0,0.109507,0.234322,0.185709,0.291458,-0.024792,0.755637,4.913855,-0.01,-0.6,-0.012,-0.25,-0.36,-1.2,0.500007,-0.074954,-8.8e-05,0.0,-0.053944,-0.017424,-0.013082,-0.02629,0.86998,-0.025128,-0.08963,-0.007671,-0.018524,1.85141,4.427259,-0.06929,-0.000277,-0.159144,3.041667,0.014892,0.078522,0.109402
413,198.572754,1000.0,0.869142,0.852771,0.0,0.0,0.054861,63292.0,0.115671,0.245968,0.183125,0.314855,-0.027425,0.754901,4.898356,-0.01,-0.6,-0.012,-0.25,-0.36,-1.2,0.500007,-0.074304,-0.000755,0.0,-0.058223,-0.018466,-0.015095,-0.028877,0.86144,-0.027479,-0.098366,-0.009207,-0.020434,1.837266,4.381392,-0.077441,-0.00042,-0.17075,3.375,0.016878,0.076705,0.110188
414,198.465103,1000.0,0.863088,0.850207,0.0,0.0,0.054861,63519.0,0.109795,0.241256,0.170377,0.287642,-0.024975,0.689248,4.87165,-0.01,-0.6,-0.012,-0.25,-0.36,-1.2,0.500007,-0.075559,-0.000131,0.0,-0.052573,-0.017566,-0.013581,-0.026887,0.850987,-0.025472,-0.082088,-0.00861,-0.018917,1.842789,4.413239,-0.072025,-0.000297,-0.12731,3.708333,0.014741,0.085141,0.111563
415,200.059555,1000.0,0.872184,0.861842,0.0,0.0,0.054842,61503.0,0.114108,0.243662,0.177192,0.298137,-0.026564,0.744445,4.853712,-0.01,-0.6,-0.012,-0.25,-0.36,-1.2,0.500007,-0.078365,-7.9e-05,0.0,-0.056044,-0.017688,-0.013846,-0.028248,0.869966,-0.026127,-0.084585,-0.009831,-0.020632,1.841846,4.402624,-0.073808,-0.000318,-0.141294,3.666667,0.015744,0.091229,0.116682
416,200.669876,1000.0,0.871925,0.85075,0.0,0.0,0.054673,50248.0,0.112842,0.250563,0.186728,0.322427,-0.028613,0.79116,4.828876,-0.01,-0.6,-0.012,-0.25,-0.36,-1.2,0.500007,-0.076884,-0.000561,0.0,-0.060463,-0.018754,-0.015609,-0.029971,0.87208,-0.027912,-0.092513,-0.010428,-0.020807,1.840141,4.374373,-0.080476,-0.000277,-0.13431,23.454546,0.016669,0.068976,0.115378
417,199.526062,1000.0,0.871552,0.858023,0.0,0.0,0.054699,67160.0,0.113994,0.243974,0.192015,0.314006,-0.02723,0.782237,4.854442,-0.01,-0.6,-0.012,-0.25,-0.36,-1.2,0.500007,-0.075527,-0.000105,0.0,-0.056866,-0.018013,-0.013965,-0.027379,0.875715,-0.026048,-0.088729,-0.00894,-0.019041,1.843412,4.401763,-0.074814,-0.000501,-0.187888,5.043478,0.017081,0.084359,0.12251
418,199.17981,1000.0,0.879916,0.862506,0.0,0.0,0.054569,65955.0,0.1125,0.241462,0.178368,0.290431,-0.025394,0.733835,4.84688,-0.01,-0.6,-0.012,-0.25,-0.36,-1.2,0.500007,-0.073081,-0.000143,0.0,-0.054242,-0.017355,-0.013198,-0.026794,0.866537,-0.026037,-0.092394,-0.008974,-0.018437,1.84074,4.406034,-0.070022,-0.000297,-0.219855,7.333333,0.01515,0.08225,0.117733
419,200.427689,1000.0,0.868971,0.859262,0.0,0.0,0.054617,66095.0,0.112652,0.242299,0.192227,0.317497,-0.027608,0.790271,4.82471,-0.01,-0.6,-0.012,-0.25,-0.36,-1.2,0.500007,-0.074583,-7.1e-05,0.0,-0.058851,-0.017887,-0.01444,-0.028255,0.874326,-0.025756,-0.092764,-0.009045,-0.019751,1.844136,4.406225,-0.075574,-0.000345,-0.17156,6.833333,0.016016,0.075626,0.103017
420,199.232925,1000.0,0.879734,0.872852,0.0,0.0,0.05465,65674.0,0.112269,0.242167,0.188107,0.310818,-0.026811,0.767791,4.850507,-0.01,-0.6,-0.012,-0.25,-0.36,-1.2,0.500007,-0.076327,-0.000226,0.0,-0.056043,-0.017742,-0.014277,-0.027942,0.868781,-0.025432,-0.088813,-0.009104,-0.018442,1.839772,4.415455,-0.075037,-0.000347,-0.213429,6.791667,0.013613,0.07246,0.121423
421,200.832687,1000.0,0.866241,0.864163,0.0,0.0,0.054561,65375.0,0.111678,0.243037,0.188013,0.308596,-0.026664,0.77262,4.830585,-0.01,-0.6,-0.012,-0.25,-0.36,-1.2,0.500007,-0.074836,-0.000195,0.0,-0.056398,-0.017844,-0.014118,-0.028085,0.871619,-0.02606,-0.091483,-0.009166,-0.018697,1.844402,4.402287,-0.074797,-0.000359,-0.147482,6.916667,0.015514,0.091344,0.11641
422,199.918289,1000.0,0.869524,0.862958,0.0,0.0,0.054394,48812.0,0.113954,0.249526,0.18532,0.319543,-0.027956,0.764961,4.854398,-0.01,-0.6,-0.012,-0.25,-0.36,-1.2,0.500007,-0.078631,-0.000343,0.0,-0.057811,-0.018213,-0.015309,-0.02901,0.8637,-0.026208,-0.087895,-0.009663,-0.018401,1.833722,4.393486,-0.079648,-0.000325,-0.17571,5.625,0.015753,0.079199,0.106907
423,200.960938,1000.0,0.883343,0.868665,0.0,0.0,0.054327,68931.0,0.108254,0.239738,0.178826,0.287389,-0.025071,0.721897,4.851106,-0.01,-0.6,-0.012,-0.25,-0.36,-1.2,0.500007,-0.074342,-0.000196,0.0,-0.05244,-0.017056,-0.012906,-0.026116,0.863551,-0.024785,-0.087595,-0.008268,-0.017498,1.849078,4.425795,-0.069755,-0.000262,-0.136292,6.304348,0.013516,0.07974,0.10052
424,200.016113,1000.0,0.884798,0.860392,0.0,0.0,0.054282,67068.0,0.115074,0.245747,0.189327,0.316695,-0.027971,0.782305,4.818086,-0.01,-0.6,-0.012,-0.25,-0.36,-1.2,0.500007,-0.076052,-0.000426,0.0,-0.059695,-0.01789,-0.014391,-0.028883,0.874868,-0.026376,-0.089936,-0.009771,-0.019943,1.837254,4.395943,-0.076913,-0.000304,-0.163126,6.166667,0.015334,0.084856,0.118278
425,198.244003,1000.0,0.869822,0.859199,0.0,0.0,0.054174,65932.0,0.113838,0.251098,0.18492,0.316098,-0.027486,0.770152,4.832303,-0.01,-0.6,-0.012,-0.25,-0.36,-1.2,0.500007,-0.075384,-0.000177,0.0,-0.058302,-0.018108,-0.014749,-0.028895,0.866216,-0.02696,-0.094738,-0.009586,-0.019686,1.841252,4.378458,-0.077231,-0.000271,-0.236918,6.041667,0.015498,0.076822,0.112652
426,198.203384,1000.0,0.860081,0.871366,0.0,0.0,0.054035,66483.0,0.111494,0.241026,0.187896,0.307237,-0.026448,0.760707,4.789627,-0.01,-0.6,-0.012,-0.25,-0.36,-1.2,0.500007,-0.074332,-0.000311,0.0,-0.056613,-0.017494,-0.014254,-0.027939,0.870274,-0.025954,-0.094453,-0.009305,-0.017565,1.843335,4.408053,-0.07431,-0.000306,-0.258966,5.875,0.015151,0.084009,0.12028
427,200.568512,1000.0,0.873751,0.859323,0.0,0.0,0.053956,50848.0,0.11539,0.243424,0.191777,0.31352,-0.026967,0.771757,4.832651,-0.01,-0.6,-0.012,-0.25,-0.36,-1.2,0.500007,-0.07373,-0.000154,0.0,-0.057652,-0.017712,-0.014357,-0.028323,0.870555,-0.025499,-0.092264,-0.008812,-0.018545,1.83377,4.410316,-0.075312,-0.000356,-0.156342,6.083333,0.014398,0.084818,0.120379
428,201.579285,1000.0,0.876217,0.860192,0.0,0.0,0.053873,67241.0,0.112624,0.240713,0.186476,0.316548,-0.027785,0.782042,4.802473,-0.01,-0.6,-0.012,-0.25,-0.36,-1.2,0.500007,-0.076628,-7.1e-05,0.0,-0.058065,-0.017772,-0.015065,-0.028864,0.872312,-0.025457,-0.089367,-0.009922,-0.019009,1.841131,4.411025,-0.077619,-0.000294,-0.173063,5.791667,0.015002,0.081867,0.118717
429,198.122131,1000.0,0.862578,0.859673,0.0,0.0,0.053913,66502.0,0.112115,0.244807,0.165782,0.28997,-0.02571,0.705633,4.824892,-0.01,-0.6,-0.012,-0.25,-0.36,-1.2,0.500007,-0.078466,-0.001007,0.0,-0.053054,-0.017095,-0.013606,-0.027301,0.850813,-0.025288,-0.081703,-0.009976,-0.018267,1.831266,4.409825,-0.072483,-0.00026,-0.13633,5.25,0.01629,0.085694,0.118604
430,201.304443,1000.0,0.874895,0.86956,0.0,0.0,0.053904,66914.0,0.115999,0.246197,0.194947,0.329947,-0.028698,0.799984,4.813789,-0.01,-0.6,-0.012,-0.25,-0.36,-1.2,0.500007,-0.076085,-0.000254,0.0,-0.059523,-0.018169,-0.014995,-0.029028,0.874688,-0.026203,-0.091486,-0.00948,-0.020052,1.829457,4.401067,-0.079386,-0.000368,-0.12199,5.73913,0.015261,0.075539,0.111
431,199.018829,1000.0,0.869699,0.86086,0.0,0.0,0.053897,66967.0,0.108777,0.238862,0.186757,0.301955,-0.026229,0.749401,4.80022,-0.01,-0.6,-0.012,-0.25,-0.36,-1.2,0.500007,-0.073062,-0.000407,0.0,-0.054997,-0.01746,-0.014056,-0.027418,0.871633,-0.025528,-0.09286,-0.008577,-0.017746,1.850148,4.418991,-0.07333,-0.000301,-0.20877,5.25,0.015534,0.082606,0.131462
432,199.853241,1000.0,0.886132,0.864391,0.0,0.0,0.05386,68093.0,0.113556,0.239904,0.189522,0.308369,-0.026722,0.757702,4.802627,-0.01,-0.6,-0.012,-0.25,-0.36,-1.2,0.500007,-0.0745,-0.000129,0.0,-0.056358,-0.017493,-0.014185,-0.027836,0.872322,-0.025688,-0.089275,-0.008489,-0.018416,1.837711,4.414655,-0.074015,-0.00033,-0.15135,5.458333,0.015706,0.080909,0.113037
433,200.523254,1000.0,0.881804,0.865314,0.0,0.0,0.053813,50401.0,0.109735,0.237806,0.181793,0.311995,-0.027267,0.752965,4.863827,-0.01,-0.6,-0.012,-0.25,-0.36,-1.2,0.500007,-0.077986,-0.000343,0.0,-0.056312,-0.017331,-0.01433,-0.027403,0.861247,-0.025096,-0.085681,-0.008949,-0.019352,1.845822,4.426066,-0.075084,-0.000391,-0.163085,5.166667,0.015407,0.079775,0.123392
434,198.72406,1000.0,0.85359,0.866535,0.0,0.0,0.053876,68553.0,0.114297,0.241625,0.188437,0.308324,-0.026767,0.762072,4.813737,-0.01,-0.6,-0.012,-0.25,-0.36,-1.2,0.500007,-0.073376,-0.000193,0.0,-0.056515,-0.017434,-0.013962,-0.027884,0.86848,-0.025686,-0.091984,-0.008666,-0.018179,1.835483,4.410302,-0.073589,-0.000266,-0.258212,4.75,0.015576,0.079747,0.108003
435,199.651581,1000.0,0.878807,0.856076,0.0,0.0,0.053843,68476.0,0.114563,0.242877,0.197725,0.318201,-0.027342,0.783848,4.856864,-0.01,-0.6,-0.012,-0.25,-0.36,-1.2,0.500007,-0.073975,-0.000115,0.0,-0.057145,-0.017501,-0.014264,-0.027676,0.87212,-0.025794,-0.09515,-0.008627,-0.017577,1.836231,4.404963,-0.074041,-0.000353,-0.251962,4.416667,0.015325,0.076716,0.116352
436,200.150162,1000.0,0.876982,0.882175,0.0,0.0,0.053739,70050.0,0.113217,0.244717,0.188178,0.321215,-0.028636,0.787068,4.835531,-0.01,-0.6,-0.012,-0.25,-0.36,-1.2,0.500007,-0.075833,-0.000185,0.0,-0.06022,-0.01803,-0.015163,-0.029934,0.87123,-0.025942,-0.09151,-0.0101,-0.018569,1.835423,4.403953,-0.079999,-0.000333,-0.222928,4.0,0.014629,0.074438,0.105662
437,201.219711,1000.0,0.871994,0.849611,0.0,0.0,0.05373,67904.0,0.110912,0.237108,0.194623,0.311143,-0.027135,0.769135,4.808447,-0.01,-0.6,-0.012,-0.25,-0.36,-1.2,0.500007,-0.073691,-0.000235,0.0,-0.057491,-0.017337,-0.013875,-0.027601,0.87393,-0.025348,-0.08931,-0.00877,-0.01943,1.847466,4.425743,-0.074073,-0.000308,-0.152085,4.541667,0.01629,0.08834,0.108453
438,200.039093,1000.0,0.862631,0.832838,0.0,0.0,0.053663,51149.0,0.104827,0.238363,0.172193,0.28814,-0.02538,0.742331,4.816985,-0.01,-0.6,-0.012,-0.25,-0.36,-1.2,0.500007,-0.077055,-0.000197,0.0,-0.052003,-0.016739,-0.01248,-0.025794,0.86304,-0.023703,-0.07646,-0.008128,-0.01926,1.856789,4.445257,-0.068946,-0.000309,-0.208644,3.652174,0.015293,0.081224,0.124486
439,200.449463,1000.0,0.858229,0.862206,0.0,0.0,0.053704,69829.0,0.109491,0.240656,0.17468,0.285661,-0.025268,0.715371,4.829632,-0.01,-0.6,-0.012,-0.25,-0.36,-1.2,0.500007,-0.074161,-0.000112,0.0,-0.053713,-0.017133,-0.013769,-0.027043,0.860941,-0.025173,-0.087542,-0.008945,-0.018682,1.846574,4.420581,-0.071043,-0.000227,-0.148242,4.25,0.01772,0.073221,0.107851
440,197.286987,993.0,0.872493,0.848769,0.041667,0.0,0.05373,68442.0,0.113434,0.237229,0.176396,0.304302,-0.02713,0.762531,4.761872,-0.01,-0.6,-0.012,-0.25,-0.36,-1.2,0.49792,-0.080345,-0.000159,-0.000238,-0.054881,-0.016889,-0.01358,-0.02701,0.859705,-0.024887,-0.077694,-0.009779,-0.020288,1.82664,4.409098,-0.072265,-0.00037,-0.312574,3.458333,0.015634,0.079975,0.129815
441,200.222,1000.0,0.872702,0.85733,0.0,0.0,0.053676,73906.0,0.113038,0.239058,0.187071,0.304768,-0.02645,0.770734,4.788068,-0.01,-0.6,-0.012,-0.25,-0.36,-1.2,0.500007,-0.075307,-0.000705,0.0,-0.05479,-0.016877,-0.013119,-0.026741,0.874534,-0.024639,-0.082823,-0.008095,-0.018459,1.845867,4.423976,-0.070938,-0.000379,-0.18416,3.5,0.015838,0.071644,0.121325
442,200.439301,1000.0,0.879996,0.859613,0.0,0.0,0.05365,68159.0,0.113818,0.240985,0.185246,0.306825,-0.026391,0.760546,4.779021,-0.01,-0.6,-0.012,-0.25,-0.36,-1.2,0.500007,-0.077829,-0.000134,0.0,-0.055187,-0.017157,-0.013677,-0.026853,0.868556,-0.024967,-0.084613,-0.008674,-0.018803,1.833037,4.423584,-0.072676,-0.000347,-0.167087,3.958333,0.013528,0.080336,0.11429
443,200.428101,1000.0,0.874927,0.864333,0.0,0.0,0.053522,66728.0,0.114898,0.239317,0.197837,0.330848,-0.028962,0.81754,4.791805,-0.01,-0.6,-0.012,-0.25,-0.36,-1.2,0.500007,-0.078825,-0.000279,0.0,-0.058122,-0.017407,-0.014508,-0.027925,0.880949,-0.025231,-0.080416,-0.008962,-0.01814,1.835884,4.422103,-0.077429,-0.000267,-0.288086,3.478261,0.013668,0.086232,0.119152
444,200.161011,1000.0,0.865001,0.859008,0.0,0.0,0.05341,50364.0,0.115355,0.245906,0.191292,0.338446,-0.030188,0.81735,4.779787,-0.01,-0.6,-0.012,-0.25,-0.36,-1.2,0.500007,-0.080617,-0.000204,0.0,-0.062445,-0.018187,-0.015707,-0.030383,0.868172,-0.026207,-0.086574,-0.0102,-0.020728,1.839696,4.394364,-0.0822,-0.000305,-0.203145,3.666667,0.014494,0.086624,0.108909
445,200.523117,1000.0,0.852269,0.856502,0.0,0.0,0.053367,69042.0,0.105219,0.239765,0.17553,0.279198,-0.024778,0.720884,4.790351,-0.01,-0.6,-0.012,-0.25,-0.36,-1.2,0.500007,-0.073183,-0.000245,0.0,-0.051968,-0.016424,-0.012596,-0.025478,0.870017,-0.024799,-0.085525,-0.008647,-0.018579,1.860123,4.428885,-0.065911,-0.000278,-0.121244,2.708333,0.016911,0.08843,0.118124
446,200.640015,1000.0,0.860665,0.858463,0.0,0.0,0.053241,71603.0,0.111309,0.240957,0.185961,0.306239,-0.026264,0.768618,4.806719,-0.01,-0.6,-0.012,-0.25,-0.36,-1.2,0.500007,-0.074489,-0.00034,0.0,-0.054686,-0.016914,-0.013712,-0.026916,0.864243,-0.024676,-0.08773,-0.009315,-0.017221,1.843481,4.425581,-0.071859,-0.000361,-0.156032,3.625,0.018007,0.095755,0.139203
447,199.675491,1000.0,0.850101,0.862505,0.0,0.0,0.053257,71752.0,0.107585,0.232497,0.183124,0.310823,-0.027129,0.766286,4.828927,-0.01,-0.6,-0.012,-0.25,-0.36,-1.2,0.500007,-0.076714,-0.000286,0.0,-0.054989,-0.017095,-0.01417,-0.02762,0.865138,-0.024341,-0.080016,-0.009071,-0.017378,1.850693,4.442064,-0.074691,-0.000214,-0.216237,3.478261,0.018044,0.075851,0.107852
448,200.221802,1000.0,0.881581,0.870444,0.0,0.0,0.053186,68247.0,0.11029,0.23978,0.195071,0.31636,-0.027597,0.783365,4.771139,-0.01,-0.6,-0.012,-0.25,-0.36,-1.2,0.500007,-0.07156,-0.000168,0.0,-0.057569,-0.017683,-0.014586,-0.028051,0.874109,-0.025161,-0.094055,-0.008854,-0.018873,1.846891,4.42142,-0.075743,-0.000307,-0.182875,3.666667,0.01571,0.077125,0.117124
449,201.672318,1000.0,0.893035,0.855243,0.0,0.0,0.053241,70641.0,0.107753,0.233784,0.188523,0.301974,-0.026189,0.750645,4.788601,-0.01,-0.6,-0.012,-0.25,-0.36,-1.2,0.500007,-0.073856,-0.000251,0.0,-0.054342,-0.016876,-0.013788,-0.026641,0.870514,-0.024127,-0.091138,-0.008651,-0.016743,1.850671,4.443253,-0.071796,-0.000232,-0.166658,3.458333,0.013345,0.079794,0.094393
450,200.46962,998.549988,0.879768,0.873253,0.043478,0.0,0.0533,52454.0,0.113512,0.233714,0.196764,0.308362,-0.026673,0.771995,4.763258,-0.01,-0.6,-0.012,-0.25,-0.36,-1.2,0.499213,-0.073489,-0.000219,-0.000435,-0.055673,-0.016861,-0.01358,-0.027207,0.87685,-0.024854,-0.088997,-0.008006,-0.017923,1.839879,4.427973,-0.071229,-0.000292,-0.182259,3.652174,0.014902,0.078157,0.115063
451,200.050446,999.090027,0.870044,0.853308,0.041667,0.0,0.053292,70109.0,0.115827,0.240741,0.206677,0.34177,-0.028548,0.817605,4.796419,-0.01,-0.6,-0.012,-0.25,-0.36,-1.2,0.499528,-0.074403,-0.00021,-0.000417,-0.060309,-0.017643,-0.015173,-0.028831,0.87343,-0.025792,-0.096812,-0.009406,-0.017213,1.824296,4.410562,-0.078542,-0.000307,-0.277062,3.541667,0.014194,0.084696,0.128603
452,200.976532,1000.0,0.875214,0.849433,0.0,0.0,0.053203,72482.0,0.10984,0.239107,0.190715,0.314567,-0.027519,0.782797,4.755702,-0.01,-0.6,-0.012,-0.25,-0.36,-1.2,0.500007,-0.076432,-0.000172,0.0,-0.056699,-0.017057,-0.014157,-0.027718,0.874581,-0.024533,-0.083079,-0.009102,-0.019479,1.849401,4.428523,-0.073554,-0.000315,-0.180528,3.304348,0.013365,0.076995,0.116106
453,200.482727,1000.0,0.872163,0.833535,0.0,0.0,0.053242,68187.0,0.112211,0.239186,0.194553,0.317461,-0.028092,0.793961,4.771091,-0.01,-0.6,-0.012,-0.25,-0.36,-1.2,0.500007,-0.074429,-0.000251,0.0,-0.058205,-0.017157,-0.014042,-0.027869,0.876216,-0.02526,-0.089492,-0.009589,-0.019721,1.843998,4.418505,-0.074014,-0.000295,-0.192746,3.208333,0.017955,0.082672,0.129235
454,199.371887,1000.0,0.862166,0.863651,0.0,0.0,0.053094,67360.0,0.112584,0.245022,0.181212,0.310884,-0.027025,0.775221,4.804352,-0.01,-0.6,-0.012,-0.25,-0.36,-1.2,0.500007,-0.079205,-0.000167,0.0,-0.058037,-0.016886,-0.013557,-0.028348,0.867667,-0.025096,-0.083932,-0.009298,-0.019557,1.833139,4.415357,-0.073951,-0.000378,-0.217723,2.708333,0.017537,0.075211,0.106649
455,200.94162,1000.0,0.876182,0.868366,0.0,0.0,0.053151,68218.0,0.108726,0.234288,0.186882,0.292898,-0.025548,0.735474,4.759455,-0.01,-0.6,-0.012,-0.25,-0.36,-1.2,0.500007,-0.073619,-0.000249,0.0,-0.052855,-0.016478,-0.013144,-0.026018,0.872528,-0.023933,-0.085792,-0.00852,-0.016965,1.85041,4.446917,-0.069358,-0.000306,-0.147782,4.0,0.013045,0.073207,0.111238
456,200.410782,1000.0,0.873445,0.851269,0.0,0.0,0.05316,46568.0,0.108733,0.233409,0.183255,0.288804,-0.025076,0.732936,4.812885,-0.01,-0.6,-0.012,-0.25,-0.36,-1.2,0.500007,-0.07259,-0.000109,0.0,-0.052425,-0.016501,-0.012983,-0.026005,0.872477,-0.024026,-0.087252,-0.007828,-0.01755,1.845842,4.44503,-0.067928,-0.000254,-0.155163,3.458333,0.014522,0.079005,0.10781
457,199.178421,1000.0,0.862977,0.848117,0.0,0.0,0.053072,69719.0,0.11665,0.238396,0.198063,0.314499,-0.027183,0.778115,4.771127,-0.01,-0.6,-0.012,-0.25,-0.36,-1.2,0.500007,-0.073132,-0.000171,0.0,-0.05631,-0.017391,-0.014374,-0.028223,0.877486,-0.025725,-0.087729,-0.008256,-0.017286,1.830058,4.42045,-0.074568,-0.000306,-0.237336,3.333333,0.015391,0.076525,0.130775
458,200.354309,1000.0,0.876877,0.86016,0.0,0.0,0.053128,72831.0,0.110275,0.244881,0.19016,0.318413,-0.028246,0.769748,4.760094,-0.01,-0.6,-0.012,-0.25,-0.36,-1.2,0.500007,-0.074209,-0.000178,0.0,-0.059339,-0.017849,-0.015299,-0.029113,0.868277,-0.026001,-0.095609,-0.008759,-0.019859,1.850564,4.404026,-0.077487,-0.000226,-0.276225,25.095238,0.012797,0.081296,0.116734
459,198.474487,1000.0,0.876937,0.868742,0.0,0.0,0.053162,69718.0,0.109414,0.235997,0.183344,0.300738,-0.026495,0.730629,4.790144,-0.01,-0.6,-0.012,-0.25,-0.36,-1.2,0.500007,-0.075815,-0.000459,0.0,-0.053657,-0.016899,-0.013872,-0.026902,0.86358,-0.024306,-0.082981,-0.008455,-0.017342,1.838195,4.435948,-0.072442,-0.000306,-0.194515,6.041667,0.01482,0.081982,0.126147
460,200.596481,1000.0,0.872452,0.864955,0.0,0.0,0.053192,69337.0,0.106837,0.235915,0.177024,0.299456,-0.025952,0.741179,4.785452,-0.01,-0.6,-0.012,-0.25,-0.36,-1.2,0.500007,-0.075287,-0.000177,0.0,-0.054371,-0.01673,-0.013576,-0.026958,0.863282,-0.023739,-0.088925,-0.008692,-0.018047,1.851104,4.445741,-0.071558,-0.000307,-0.156413,6.916667,0.015623,0.086202,0.116339
461,200.513855,1000.0,0.863518,0.856225,0.0,0.0,0.05312,50458.0,0.109622,0.23916,0.182184,0.310605,-0.027087,0.761452,4.824801,-0.01,-0.6,-0.012,-0.25,-0.36,-1.2,0.500007,-0.076407,-0.000286,0.0,-0.055921,-0.017207,-0.014518,-0.027829,0.860849,-0.024797,-0.090108,-0.009591,-0.018449,1.845257,4.429324,-0.075503,-0.000324,-0.153986,7.0,0.015147,0.077979,0.117079
462,200.877274,1000.0,0.879475,0.864271,0.0,0.0,0.05312,69432.0,0.108858,0.236429,0.187883,0.305855,-0.027142,0.765994,4.841608,-0.01,-0.6,-0.012,-0.25,-0.36,-1.2,0.500007,-0.0756,-0.000299,0.0,-0.055557,-0.017148,-0.014034,-0.02777,0.870946,-0.023957,-0.086601,-0.00918,-0.018395,1.848532,4.444355,-0.073997,-0.000352,-0.207076,6.708333,0.015162,0.083192,0.112245
463,201.273865,1000.0,0.879958,0.857748,0.0,0.0,0.053041,68145.0,0.110874,0.236699,0.189902,0.307694,-0.026983,0.775539,4.833807,-0.01,-0.6,-0.012,-0.25,-0.36,-1.2,0.500007,-0.075332,-0.000191,0.0,-0.055175,-0.016815,-0.01403,-0.027241,0.875275,-0.024503,-0.084271,-0.008798,-0.017356,1.838546,4.436634,-0.072446,-0.000309,-0.165025,6.625,0.01514,0.080508,0.116296
464,200.508255,1000.0,0.867045,0.849143,0.0,0.0,0.053046,68486.0,0.111928,0.242436,0.186656,0.302174,-0.026881,0.748592,4.829429,-0.01,-0.6,-0.012,-0.25,-0.36,-1.2,0.500007,-0.073952,-0.000238,0.0,-0.055869,-0.017028,-0.013824,-0.027408,0.872848,-0.024702,-0.088763,-0.00903,-0.017877,1.835669,4.425795,-0.073167,-0.000207,-0.282294,5.958333,0.016348,0.094535,0.130058
465,200.91246,1000.0,0.881368,0.869977,0.0,0.0,0.053097,66499.0,0.11075,0.237078,0.180531,0.303614,-0.026878,0.73958,4.819979,-0.01,-0.6,-0.012,-0.25,-0.36,-1.2,0.500007,-0.075648,-0.000191,0.0,-0.055605,-0.016962,-0.014042,-0.02735,0.86161,-0.024779,-0.084882,-0.009666,-0.018768,1.838192,4.432374,-0.073458,-0.000366,-0.157215,6.086957,0.013099,0.081441,0.114216
466,199.180664,1000.0,0.871877,0.867533,0.0,0.0,0.053027,57180.0,0.112852,0.236312,0.187936,0.307743,-0.026759,0.75073,4.836135,-0.01,-0.6,-0.012,-0.25,-0.36,-1.2,0.500007,-0.073251,-0.000377,0.0,-0.055472,-0.017026,-0.0143,-0.027263,0.86847,-0.024758,-0.09116,-0.008856,-0.016931,1.832914,4.431512,-0.073604,-0.000313,-0.206861,6.125,0.014299,0.080742,0.114828
467,201.512314,1000.0,0.883648,0.857022,0.0,0.0,0.053059,37207.0,0.109726,0.238714,0.19254,0.315069,-0.027376,0.779425,4.843417,-0.01,-0.6,-0.012,-0.25,-0.36,-1.2,0.500007,-0.074,-0.00029,0.0,-0.056408,-0.017025,-0.014271,-0.027056,0.874563,-0.024571,-0.093586,-0.008613,-0.018144,1.844032,4.429069,-0.073561,-0.000301,-0.152889,6.083333,0.016255,0.084818,0.120268
468,201.190201,1000.0,0.880272,0.864297,0.0,0.0,0.053007,59000.0,0.106561,0.233986,0.185517,0.295182,-0.025806,0.743571,4.794683,-0.01,-0.6,-0.012,-0.25,-0.36,-1.2,0.500007,-0.07248,-0.000355,0.0,-0.054099,-0.016548,-0.013313,-0.026394,0.8714,-0.023636,-0.088356,-0.00825,-0.017347,1.853092,4.450761,-0.07012,-0.00029,-0.184123,5.791667,0.014695,0.084784,0.113649
469,200.297165,1000.0,0.873385,0.854438,0.0,0.0,0.052867,59354.0,0.10789,0.235739,0.179007,0.301187,-0.02639,0.748675,4.811021,-0.01,-0.6,-0.012,-0.25,-0.36,-1.2,0.500007,-0.077136,-0.000179,0.0,-0.054037,-0.016584,-0.013515,-0.026788,0.86884,-0.024137,-0.084487,-0.009102,-0.018571,1.845831,4.439504,-0.07171,-0.000275,-0.166605,6.125,0.012873,0.079462,0.117777
470,199.335144,1000.0,0.866636,0.851386,0.0,0.0,0.052794,69447.0,0.111477,0.23499,0.187057,0.305091,-0.026776,0.768072,4.812712,-0.01,-0.6,-0.012,-0.25,-0.36,-1.2,0.500007,-0.072737,-0.000188,0.0,-0.056273,-0.016768,-0.013507,-0.02736,0.874358,-0.02407,-0.093208,-0.008888,-0.01785,1.838714,4.441182,-0.072434,-0.000324,-0.1951,5.208333,0.016704,0.090537,0.125498
471,200.267273,1000.0,0.876053,0.870469,0.0,0.0,0.052694,68596.0,0.106454,0.234009,0.17842,0.293105,-0.025592,0.742958,4.810023,-0.01,-0.6,-0.012,-0.25,-0.36,-1.2,0.500007,-0.075021,-0.000355,0.0,-0.052928,-0.016355,-0.013165,-0.026392,0.86641,-0.023317,-0.086357,-0.009027,-0.018276,1.851901,4.454066,-0.069281,-0.000391,-0.194074,5.833333,0.015713,0.083376,0.111063
472,201.125031,1000.0,0.8662,0.859627,0.0,0.0,0.05258,51219.0,0.112905,0.236672,0.194135,0.316191,-0.027277,0.786894,4.829047,-0.01,-0.6,-0.012,-0.25,-0.36,-1.2,0.500007,-0.075087,-0.000276,0.0,-0.056369,-0.016858,-0.013914,-0.027316,0.874986,-0.024331,-0.084197,-0.008787,-0.017842,1.834686,4.435952,-0.07312,-0.000407,-0.186597,5.695652,0.018035,0.084097,0.139098
473,201.21875,1000.0,0.864295,0.851157,0.0,0.0,0.05259,69946.0,0.10931,0.23353,0.19573,0.311736,-0.026346,0.775825,4.814741,-0.01,-0.6,-0.012,-0.25,-0.36,-1.2,0.500007,-0.071294,-0.000316,0.0,-0.055306,-0.016811,-0.013836,-0.027099,0.873874,-0.02413,-0.09288,-0.008331,-0.01662,1.844077,4.441833,-0.072867,-0.0003,-0.190686,4.833333,0.016217,0.085023,0.136129
474,199.059235,993.320007,0.874226,0.861735,0.041667,0.0,0.052516,70591.0,0.108402,0.239002,0.185978,0.310869,-0.027234,0.766148,4.801401,-0.01,-0.6,-0.012,-0.25,-0.36,-1.2,0.498016,-0.078588,-0.000656,-0.000238,-0.055878,-0.016714,-0.014226,-0.027602,0.865752,-0.024218,-0.081689,-0.008609,-0.01752,1.83487,4.417837,-0.074252,-0.000301,-0.168152,5.666667,0.015504,0.082138,0.128269
475,201.026672,1000.0,0.859736,0.849379,0.0,0.0,0.052547,72584.0,0.107565,0.237045,0.195948,0.309906,-0.026658,0.780756,4.793095,-0.01,-0.6,-0.012,-0.25,-0.36,-1.2,0.500007,-0.074351,-0.000205,0.0,-0.054552,-0.016653,-0.013802,-0.026672,0.876108,-0.024089,-0.087574,-0.008357,-0.016668,1.849933,4.442366,-0.071552,-0.000297,-0.16562,4.875,0.016191,0.085497,0.134858
476,201.968979,1000.0,0.874586,0.848731,0.0,0.0,0.052582,69958.0,0.107923,0.233743,0.181628,0.310819,-0.027122,0.761543,4.837808,-0.01,-0.6,-0.012,-0.25,-0.36,-1.2,0.500007,-0.078762,-0.000122,0.0,-0.055322,-0.016565,-0.013742,-0.027438,0.868632,-0.023143,-0.076879,-0.009115,-0.018406,1.845382,4.453128,-0.073173,-0.000271,-0.13487,4.833333,0.014288,0.092777,0.140571
477,202.608063,1000.0,0.885344,0.881924,0.0,0.0,0.05243,64671.0,0.107789,0.230248,0.18321,0.299631,-0.026017,0.721172,4.830982,-0.01,-0.6,-0.012,-0.25,-0.36,-1.2,0.500007,-0.073877,-0.000172,0.0,-0.054118,-0.01677,-0.013723,-0.026836,0.859961,-0.02329,-0.082484,-0.008211,-0.015958,1.851119,4.461633,-0.072492,-0.000244,-0.109057,4.041667,0.013392,0.071313,0.107004
478,200.648041,1000.0,0.875821,0.856221,0.0,0.0,0.052324,48626.0,0.10625,0.238022,0.181553,0.296022,-0.025794,0.738258,4.809883,-0.01,-0.6,-0.012,-0.25,-0.36,-1.2,0.500007,-0.075103,-0.00017,0.0,-0.053066,-0.016536,-0.013162,-0.026223,0.861794,-0.023475,-0.082336,-0.008465,-0.017367,1.852842,4.448555,-0.071013,-0.000275,-0.151683,4.73913,0.015225,0.086701,0.133287
479,200.241501,1000.0,0.860129,0.863251,0.0,0.0,0.052262,67180.0,0.109582,0.234843,0.188888,0.319157,-0.027891,0.780386,4.836405,-0.01,-0.6,-0.012,-0.25,-0.36,-1.2,0.500007,-0.078194,-0.000184,0.0,-0.056511,-0.016815,-0.014243,-0.027567,0.864269,-0.023959,-0.0808,-0.009227,-0.018993,1.840923,4.442699,-0.07474,-0.00021,-0.307612,4.173913,0.014533,0.087478,0.110388
480,198.991333,993.119995,0.876086,0.825727,0.041667,0.0,0.052195,70446.0,0.107729,0.230582,0.190807,0.303327,-0.026133,0.757341,4.814595,-0.01,-0.6,-0.012,-0.25,-0.36,-1.2,0.495222,-0.07203,-0.000228,-0.000556,-0.054048,-0.016337,-0.013465,-0.026729,0.867733,-0.024228,-0.087771,-0.008433,-0.018157,1.831954,4.398826,-0.069583,-0.000366,-0.151246,3.583333,0.01524,0.091838,0.128613
481,201.421722,1000.0,0.875172,0.848176,0.0,0.0,0.052019,67476.0,0.113602,0.242419,0.19034,0.311479,-0.0277,0.770241,4.838548,-0.01,-0.6,-0.012,-0.25,-0.36,-1.2,0.500007,-0.075862,-0.000779,0.0,-0.057308,-0.016802,-0.01419,-0.027657,0.872431,-0.024827,-0.085733,-0.009747,-0.020084,1.829915,4.421821,-0.073095,-0.000412,-0.179061,4.166667,0.015964,0.097528,0.13085
482,198.495544,1000.0,0.874608,0.851295,0.0,0.0,0.05188,70435.0,0.111032,0.236373,0.186123,0.30278,-0.026769,0.729836,4.809321,-0.01,-0.6,-0.012,-0.25,-0.36,-1.2,0.500007,-0.073951,-0.000157,0.0,-0.055163,-0.016885,-0.0141,-0.027317,0.862862,-0.024014,-0.087794,-0.00868,-0.016582,1.832926,4.440681,-0.073036,-0.000223,-0.270625,3.375,0.015748,0.090113,0.134165
483,199.654404,1000.0,0.882899,0.859618,0.0,0.0,0.051872,51337.0,0.110355,0.239073,0.201645,0.313417,-0.027193,0.780682,4.818169,-0.01,-0.6,-0.012,-0.25,-0.36,-1.2,0.500007,-0.073596,-0.000131,0.0,-0.055354,-0.016742,-0.013752,-0.027518,0.88069,-0.023656,-0.088611,-0.00811,-0.017403,1.844867,4.446264,-0.072847,-0.000348,-0.230704,3.318182,0.015602,0.084849,0.120579
484,199.564178,1000.0,0.8527,0.848495,0.0,0.0,0.051943,71268.0,0.107471,0.236238,0.183027,0.287582,-0.025033,0.737452,4.830536,-0.01,-0.6,-0.012,-0.25,-0.36,-1.2,0.500007,-0.072853,-0.000145,0.0,-0.05156,-0.016295,-0.01268,-0.025953,0.868338,-0.023515,-0.088824,-0.008342,-0.017503,1.856384,4.453016,-0.067294,-0.000317,-0.212262,4.125,0.016483,0.081598,0.114508
485,200.174271,1000.0,0.884081,0.847111,0.0,0.0,0.051878,71456.0,0.111713,0.231975,0.190792,0.310509,-0.026735,0.775972,4.818368,-0.01,-0.6,-0.012,-0.25,-0.36,-1.2,0.500007,-0.075817,-0.000554,0.0,-0.055616,-0.016488,-0.013733,-0.026769,0.87378,-0.024172,-0.086179,-0.008991,-0.017791,1.83763,4.442726,-0.072002,-0.000255,-0.228817,3.565217,0.01758,0.084154,0.10775
486,199.895279,1000.0,0.862614,0.839435,0.0,0.0,0.05188,69870.0,0.108056,0.237394,0.190852,0.313201,-0.027123,0.752452,4.814534,-0.01,-0.6,-0.012,-0.25,-0.36,-1.2,0.500007,-0.073109,-0.000852,0.0,-0.056205,-0.016826,-0.014755,-0.028075,0.85774,-0.024906,-0.101045,-0.009617,-0.016098,1.843802,4.427307,-0.074489,-0.000332,-0.201624,3.208333,0.014938,0.07309,0.107046
487,201.175674,1000.0,0.870467,0.85081,0.0,0.0,0.051938,73025.0,0.109306,0.230946,0.200329,0.315854,-0.027001,0.787272,4.830688,-0.01,-0.6,-0.012,-0.25,-0.36,-1.2,0.500007,-0.071267,-0.00026,0.0,-0.054959,-0.01669,-0.0141,-0.027203,0.875021,-0.023547,-0.09064,-0.007747,-0.01573,1.84574,4.453492,-0.072955,-0.000259,-0.179409,3.208333,0.015343,0.085131,0.120034
488,200.712509,1000.0,0.878467,0.867375,0.0,0.0,0.05204,71711.0,0.108469,0.232695,0.181597,0.29284,-0.025791,0.746897,4.831786,-0.01,-0.6,-0.012,-0.25,-0.36,-1.2,0.500007,-0.073303,-0.00022,0.0,-0.051832,-0.016092,-0.012799,-0.026236,0.86872,-0.023193,-0.080192,-0.008786,-0.016315,1.840776,4.460037,-0.069051,-0.000247,-0.217168,3.541667,0.012391,0.068627,0.117619
489,202.231308,1000.0,0.88241,0.852737,0.0,0.0,0.052102,51932.0,0.112141,0.231002,0.201067,0.317252,-0.026579,0.792956,4.829238,-0.01,-0.6,-0.012,-0.25,-0.36,-1.2,0.500007,-0.074081,-0.000131,0.0,-0.053498,-0.016209,-0.013351,-0.026149,0.878318,-0.022834,-0.086055,-0.008246,-0.01427,1.831241,4.461028,-0.07133,-0.000271,-0.134105,3.391304,0.011011,0.076649,0.131334
490,199.413895,993.01001,0.868131,0.834185,0.041667,0.0,0.052075,73534.0,0.107238,0.225865,0.1866,0.304259,-0.02671,0.769895,4.843378,-0.01,-0.6,-0.012,-0.25,-0.36,-1.2,0.497923,-0.076265,-0.000206,-0.000238,-0.054788,-0.015915,-0.013317,-0.026523,0.867459,-0.022656,-0.08539,-0.008827,-0.017828,1.838221,4.450475,-0.069359,-0.000296,-0.15824,3.333333,0.01523,0.096144,0.126988
491,201.860611,1000.0,0.873095,0.858138,0.0,0.0,0.052014,70209.0,0.108993,0.231549,0.19169,0.307399,-0.026553,0.765723,4.823524,-0.01,-0.6,-0.012,-0.25,-0.36,-1.2,0.500007,-0.073856,-0.000138,0.0,-0.054706,-0.016266,-0.013308,-0.026763,0.86608,-0.023624,-0.086508,-0.008532,-0.016402,1.848688,4.45522,-0.070731,-0.00026,-0.142412,3.958333,0.014026,0.073811,0.107226
492,201.011292,1000.0,0.850672,0.842267,0.0,0.0,0.052004,69469.0,0.10909,0.231341,0.188325,0.30922,-0.026521,0.767065,4.798115,-0.01,-0.6,-0.012,-0.25,-0.36,-1.2,0.500007,-0.074549,-0.000229,0.0,-0.055586,-0.016573,-0.0138,-0.026867,0.868908,-0.024234,-0.086842,-0.008731,-0.019558,1.847201,4.446064,-0.071813,-0.000235,-0.159038,3.565217,0.016823,0.087916,0.13489
493,200.415115,1000.0,0.865779,0.856494,0.0,0.0,0.052008,69422.0,0.109903,0.231296,0.190602,0.318949,-0.026736,0.77353,4.782386,-0.01,-0.6,-0.012,-0.25,-0.36,-1.2,0.500007,-0.075687,-0.000253,0.0,-0.054421,-0.016414,-0.013909,-0.026757,0.864856,-0.023758,-0.085434,-0.008433,-0.016524,1.843535,4.448948,-0.072461,-0.000307,-0.255417,3.583333,0.014915,0.069783,0.105345
494,200.873917,1000.0,0.859553,0.846704,0.0,0.0,0.052017,71966.0,0.109079,0.236925,0.195571,0.324358,-0.027858,0.799024,4.771147,-0.01,-0.6,-0.012,-0.25,-0.36,-1.2,0.500007,-0.075166,-0.0001,0.0,-0.056464,-0.016767,-0.014379,-0.027601,0.868798,-0.023697,-0.084888,-0.009424,-0.016514,1.837225,4.440005,-0.075588,-0.000217,-0.229155,3.173913,0.016386,0.074162,0.136947
495,199.760025,1000.0,0.86182,0.832418,0.0,0.0,0.052033,49688.0,0.116237,0.244508,0.189603,0.320085,-0.028342,0.780076,4.780847,-0.01,-0.6,-0.012,-0.25,-0.36,-1.2,0.500007,-0.0769,-0.00268,0.0,-0.058602,-0.016889,-0.014271,-0.027639,0.859995,-0.024131,-0.080431,-0.008907,-0.019489,1.810988,4.43188,-0.074206,-0.000212,-0.154724,3.0,0.018297,0.094433,0.14599
496,200.484467,1000.0,0.853304,0.841228,0.0,0.0,0.05211,67373.0,0.107817,0.237667,0.17755,0.306411,-0.026737,0.744723,4.771985,-0.01,-0.6,-0.012,-0.25,-0.36,-1.2,0.500007,-0.078252,-0.000223,0.0,-0.05415,-0.01628,-0.013945,-0.026746,0.856044,-0.023433,-0.080895,-0.009086,-0.017615,1.854161,4.446841,-0.072355,-0.000302,-0.129395,3.416667,0.014601,0.08003,0.136478
497,199.651917,1000.0,0.875056,0.863042,0.0,0.0,0.052082,66346.0,0.109266,0.231906,0.179998,0.297369,-0.025876,0.714218,4.813185,-0.01,-0.6,-0.012,-0.25,-0.36,-1.2,0.500007,-0.074671,-4.4e-05,0.0,-0.052396,-0.016271,-0.013594,-0.026136,0.85773,-0.02319,-0.087387,-0.008254,-0.017066,1.841957,4.457775,-0.06993,-0.000331,-0.204869,3.625,0.014788,0.069596,0.103992
498,201.292999,1000.0,0.870259,0.855265,0.0,0.0,0.052121,67901.0,0.104618,0.2348,0.179488,0.302626,-0.026282,0.751773,4.763183,-0.01,-0.6,-0.012,-0.25,-0.36,-1.2,0.500007,-0.078993,-0.000114,0.0,-0.053507,-0.016279,-0.013362,-0.026694,0.857619,-0.022873,-0.073345,-0.008276,-0.017376,1.853833,4.460033,-0.071309,-0.000338,-0.150603,3.333333,0.013807,0.081339,0.105799
499,201.37532,1000.0,0.874635,0.86494,0.0,0.0,0.052142,67346.0,0.108631,0.237817,0.193477,0.310307,-0.026732,0.790063,4.764788,-0.010417,-0.608333,-0.012333,-0.25,-0.37,-1.233333,0.500007,-0.073991,-0.000164,0.0,-0.053444,-0.016397,-0.013111,-0.026294,0.874757,-0.023354,-0.083724,-0.008997,-0.017482,1.847951,4.451499,-0.07068,-0.000286,-0.154837,3.208333,0.015946,0.071695,0.099765
500,201.161179,1000.0,0.883113,0.861154,0.0,0.0,0.052159,69030.0,0.11009,0.236156,0.192348,0.310631,-0.026432,0.773524,4.731626,-0.02,-0.8,-0.02,-0.25,-0.6,-2.0,0.500007,-0.076241,-0.000267,0.0,-0.053479,-0.016373,-0.013552,-0.026068,0.871561,-0.023435,-0.083459,-0.008156,-0.015557,1.837836,4.454713,-0.071182,-0.000223,-0.199005,25.666668,0.014706,0.070241,0.11627
501,200.944855,1000.0,0.875193,0.858421,0.0,0.0,0.052171,53659.0,0.106851,0.22982,0.19168,0.311444,-0.026486,0.768513,4.762722,-0.02,-0.8,-0.02,-0.25,-0.6,-2.0,0.500007,-0.07753,-0.000121,0.0,-0.053739,-0.016307,-0.013652,-0.026713,0.863993,-0.023401,-0.085867,-0.007962,-0.016375,1.848208,4.466441,-0.071468,-0.000274,-0.187569,7.083333,0.014827,0.080308,0.112531
502,202.653091,1000.0,0.875841,0.850738,0.0,0.0,0.052035,63030.0,0.112273,0.237909,0.204123,0.332712,-0.028504,0.818017,4.752006,-0.02,-0.8,-0.02,-0.25,-0.6,-2.0,0.500007,-0.079884,-0.000448,0.0,-0.057799,-0.01692,-0.014504,-0.028446,0.875651,-0.024703,-0.09315,-0.008825,-0.017702,1.834178,4.442798,-0.076139,-0.00032,-0.192529,6.875,0.014764,0.082273,0.118983
503,201.493225,1000.0,0.8835,0.865297,0.0,0.0,0.052128,64086.0,0.110511,0.231068,0.198976,0.322021,-0.027772,0.79894,4.781228,-0.02,-0.8,-0.02,-0.25,-0.6,-2.0,0.500007,-0.080773,-0.000267,0.0,-0.056393,-0.01658,-0.014083,-0.027946,0.874831,-0.025049,-0.092109,-0.008622,-0.017415,1.840121,4.451321,-0.073383,-0.000382,-0.225715,6.791667,0.014324,0.082634,0.120584
504,197.993027,1000.0,0.877085,0.853716,0.0,0.0,0.052105,62992.0,0.111015,0.23493,0.190554,0.31503,-0.026709,0.764982,4.787449,-0.02,-0.8,-0.02,-0.25,-0.6,-2.0,0.500007,-0.081474,-0.000901,0.0,-0.056066,-0.016617,-0.01406,-0.02828,0.865924,-0.025512,-0.096426,-0.008585,-0.016914,1.836435,4.445756,-0.07303,-0.000296,-0.2372,6.625,0.017279,0.082981,0.120686
505,202.409195,1000.0,0.872078,0.863434,0.0,0.0,0.052171,60653.0,0.108207,0.229684,0.193432,0.318519,-0.027204,0.780093,4.769657,-0.02,-0.8,-0.02,-0.25,-0.6,-2.0,0.500007,-0.085579,-0.000217,0.0,-0.05429,-0.016328,-0.014154,-0.028116,0.866559,-0.025119,-0.095716,-0.009118,-0.016843,1.841471,4.461747,-0.072887,-0.000365,-0.173034,6.0,0.01502,0.085889,0.117696
506,201.119736,1000.0,0.876115,0.86071,0.0,0.0,0.052178,41944.0,0.109255,0.233664,0.195338,0.316213,-0.027069,0.800421,4.736248,-0.02,-0.8,-0.02,-0.25,-0.6,-2.0,0.500007,-0.087446,-0.000691,0.0,-0.054925,-0.016359,-0.013603,-0.027513,0.876303,-0.026282,-0.093475,-0.008496,-0.018261,1.83662,4.445099,-0.071156,-0.000492,-0.213429,6.083333,0.016788,0.076343,0.129431
507,200.543381,1000.0,0.880288,0.861644,0.0,0.0,0.052155,63670.0,0.105941,0.23209,0.179226,0.297657,-0.025773,0.746239,4.766714,-0.02,-0.8,-0.02,-0.25,-0.6,-2.0,0.500007,-0.090396,-9e-05,0.0,-0.052647,-0.015932,-0.01282,-0.02744,0.866814,-0.025185,-0.087181,-0.008586,-0.017758,1.847627,4.466056,-0.069098,-0.000279,-0.227189,6.347826,0.01573,0.081122,0.114971
508,200.534561,1000.0,0.895923,0.850067,0.0,0.0,0.052032,64899.0,0.10746,0.232769,0.184421,0.313516,-0.026786,0.761848,4.776945,-0.02,-0.8,-0.02,-0.25,-0.6,-2.0,0.500007,-0.09263,-0.000147,0.0,-0.054843,-0.016272,-0.013873,-0.028935,0.863596,-0.026206,-0.095796,-0.009181,-0.017472,1.848408,4.460545,-0.072988,-0.00037,-0.197131,6.041667,0.014285,0.085022,0.12456
509,200.158371,1000.0,0.870292,0.855208,0.0,0.0,0.051894,62546.0,0.10995,0.233673,0.190608,0.316084,-0.026945,0.77149,4.759447,-0.02,-0.8,-0.02,-0.25,-0.6,-2.0,0.500007,-0.090453,-0.000218,0.0,-0.056388,-0.016505,-0.013849,-0.029285,0.861459,-0.027069,-0.103921,-0.008878,-0.018041,1.843225,4.451809,-0.07319,-0.000414,-0.17739,5.875,0.014686,0.086579,0.118777
510,199.986145,1000.0,0.882904,0.861745,0.0,0.0,0.0519,55843.0,0.108247,0.23187,0.183958,0.309094,-0.026384,0.770584,4.782565,-0.02,-0.8,-0.02,-0.25,-0.6,-2.0,0.500007,-0.096129,-0.000145,0.0,-0.054232,-0.015963,-0.013208,-0.028603,0.871181,-0.026491,-0.098331,-0.008969,-0.018347,1.841532,4.460647,-0.070534,-0.000409,-0.237817,6.208333,0.013009,0.083263,0.115183
511,198.339294,1000.0,0.880977,0.854888,0.0,0.0,0.051832,44244.0,0.109725,0.232187,0.191517,0.321409,-0.027487,0.781432,4.783792,-0.02,-0.8,-0.02,-0.25,-0.6,-2.0,0.500007,-0.096846,-0.000188,0.0,-0.05549,-0.016497,-0.014401,-0.029796,0.866753,-0.027832,-0.102665,-0.008741,-0.017061,1.839939,4.448939,-0.074128,-0.000386,-0.248673,5.791667,0.015564,0.079164,0.115844
512,198.215073,993.090027,0.882226,0.850906,0.041667,0.0,0.051773,61893.0,0.104101,0.224708,0.18519,0.291184,-0.024516,0.723932,4.788288,-0.02,-0.8,-0.02,-0.25,-0.6,-2.0,0.497123,-0.09442,-9.5e-05,-0.000333,-0.049432,-0.015495,-0.012581,-0.027085,0.863682,-0.026425,-0.095478,-0.007239,-0.014858,1.837016,4.458769,-0.066067,-0.000353,-0.257927,5.416667,0.014426,0.077089,0.120954
513,200.92334,1000.0,0.884397,0.858045,0.0,0.0,0.051792,66516.0,0.111883,0.232962,0.198618,0.335666,-0.028484,0.80043,4.785316,-0.02,-0.8,-0.02,-0.25,-0.6,-2.0,0.500007,-0.099788,-0.000313,0.0,-0.058319,-0.016989,-0.014928,-0.031165,0.869464,-0.029037,-0.105293,-0.008871,-0.017736,1.827797,4.445424,-0.077966,-0.000331,-0.190367,6.083333,0.014519,0.078267,0.117087
514,199.679047,1000.0,0.882098,0.847885,0.0,0.0,0.051675,67234.0,0.107627,0.231904,0.182728,0.306043,-0.025584,0.745694,4.764539,-0.02,-0.8,-0.02,-0.25,-0.6,-2.0,0.500007,-0.101367,-0.000274,0.0,-0.052148,-0.016091,-0.013413,-0.029114,0.863772,-0.028205,-0.101527,-0.007977,-0.015492,1.842212,4.463801,-0.071358,-0.000339,-0.187736,5.304348,0.016318,0.086955,0.116844
515,199.863556,1000.0,0.875263,0.851488,0.0,0.0,0.051575,64639.0,0.107387,0.233993,0.192182,0.315039,-0.027322,0.760839,4.75828,-0.02,-0.8,-0.02,-0.25,-0.6,-2.0,0.500007,-0.101522,-0.000535,0.0,-0.055707,-0.016863,-0.014534,-0.030885,0.863665,-0.029529,-0.107735,-0.008141,-0.01744,1.843448,4.447372,-0.074344,-0.000339,-0.216235,4.791667,0.0156,0.083079,0.134612
516,199.852371,1000.0,0.878732,0.867055,0.0,0.0,0.051557,44680.0,0.105213,0.223933,0.184303,0.29656,-0.025312,0.726127,4.727522,-0.02,-0.8,-0.02,-0.25,-0.6,-2.0,0.500007,-0.102275,-0.000288,0.0,-0.051054,-0.015933,-0.013092,-0.02949,0.858779,-0.028027,-0.101619,-0.007703,-0.01501,1.847121,4.48083,-0.069543,-0.000355,-0.232915,5.041667,0.014475,0.092131,0.117979
517,198.464569,1000.0,0.874488,0.859118,0.0,0.0,0.05149,68668.0,0.1086,0.233607,0.188424,0.316615,-0.0272,0.762185,4.761502,-0.02,-0.8,-0.02,-0.25,-0.6,-2.0,0.500007,-0.106908,-0.000197,0.0,-0.055919,-0.016359,-0.013884,-0.030896,0.864324,-0.029869,-0.111497,-0.008694,-0.01626,1.840731,4.45028,-0.074262,-0.000272,-0.2346,5.458333,0.011824,0.083021,0.10106
518,199.443436,1000.0,0.875317,0.84388,0.0,0.0,0.051549,68664.0,0.111512,0.236421,0.193238,0.322302,-0.027763,0.795179,4.756494,-0.02,-0.8,-0.02,-0.25,-0.6,-2.0,0.500007,-0.107048,-0.001049,0.0,-0.056627,-0.016524,-0.014637,-0.03142,0.86413,-0.030558,-0.11745,-0.008884,-0.01785,1.838662,4.441447,-0.074298,-0.00035,-0.163317,4.583333,0.014878,0.090635,0.120352
519,199.881775,1000.0,0.870128,0.855942,0.0,0.0,0.051487,67521.0,0.108762,0.229292,0.18773,0.30432,-0.026077,0.750691,4.742948,-0.02,-0.8,-0.02,-0.25,-0.6,-2.0,0.500007,-0.108254,-0.000414,0.0,-0.053369,-0.016189,-0.013024,-0.030067,0.858914,-0.030142,-0.113537,-0.008343,-0.018143,1.846923,4.461133,-0.069242,-0.000438,-0.175698,3.916667,0.016927,0.07373,0.113887
520,199.080948,1000.0,0.881894,0.858886,0.0,0.0,0.051582,70030.0,0.10477,0.231114,0.188042,0.312447,-0.026968,0.779425,4.73444,-0.02,-0.8,-0.02,-0.25,-0.6,-2.0,0.500007,-0.116928,-0.000111,0.0,-0.053023,-0.016222,-0.013899,-0.030729,0.865205,-0.030094,-0.102822,-0.00831,-0.016602,1.85029,4.463353,-0.072259,-0.000305,-0.232235,4.608696,0.013514,0.086776,0.10453
521,200.663132,1000.0,0.865435,0.857322,0.0,0.0,0.051457,70997.0,0.106863,0.230939,0.194049,0.310082,-0.026108,0.763945,4.696442,-0.02,-0.8,-0.02,-0.25,-0.6,-2.0,0.500007,-0.113183,-0.000189,0.0,-0.052344,-0.016166,-0.013355,-0.030069,0.866994,-0.030721,-0.10375,-0.007714,-0.016767,1.842883,4.461717,-0.070464,-0.00038,-0.194038,4.0,0.016041,0.082996,0.120048
522,194.493668,980.190002,0.844223,0.831259,0.083333,0.0,0.051367,48208.0,0.106799,0.233453,0.192778,0.309886,-0.026424,0.767782,4.756673,-0.02,-0.8,-0.02,-0.25,-0.6,-2.0,0.484559,-0.10735,-0.000597,-0.00125,-0.053176,-0.016103,-0.013857,-0.030657,0.844292,-0.032601,-0.113761,-0.008163,-0.016467,1.777059,4.289136,-0.070907,-0.000336,-0.203513,3.791667,0.016225,0.091386,0.146903
523,198.277786,990.179993,0.888279,0.844887,0.0,0.0,0.051221,61822.0,0.100771,0.222714,0.174372,0.278989,-0.024145,0.723304,4.753676,-0.02,-0.8,-0.02,-0.25,-0.6,-2.0,0.500007,-0.117581,-8.5e-05,0.0,-0.047495,-0.01508,-0.011661,-0.028895,0.866713,-0.029246,-0.095177,-0.007783,-0.016441,1.867053,4.495006,-0.062903,-0.000388,-0.176374,3.958333,0.012952,0.082008,0.112731
524,198.946442,1000.0,0.868415,0.840826,0.0,0.0,0.051103,67352.0,0.104644,0.226971,0.186528,0.294716,-0.025003,0.755883,4.75327,-0.02,-0.8,-0.02,-0.25,-0.6,-2.0,0.500007,-0.11725,-0.000115,0.0,-0.049902,-0.015674,-0.012414,-0.03029,0.873523,-0.030515,-0.11306,-0.008268,-0.015375,1.850361,4.480539,-0.066628,-0.000466,-0.220171,3.291667,0.017336,0.082,0.135664
525,200.169968,1000.0,0.880723,0.871704,0.0,0.0,0.051107,70329.0,0.107294,0.232437,0.19246,0.313817,-0.026817,0.78765,4.760762,-0.02,-0.8,-0.02,-0.25,-0.6,-2.0,0.500007,-0.119772,-0.000135,0.0,-0.05313,-0.016198,-0.013237,-0.03137,0.872643,-0.032219,-0.118134,-0.007983,-0.015909,1.842158,4.46147,-0.070812,-0.000435,-0.176575,3.818182,0.012943,0.08141,0.102161
526,199.167847,1000.0,0.856687,0.833083,0.0,0.0,0.051152,67609.0,0.11346,0.240748,0.202586,0.337272,-0.029258,0.806551,4.766151,-0.02,-0.8,-0.02,-0.25,-0.6,-2.0,0.500007,-0.119007,-0.000207,0.0,-0.060426,-0.017184,-0.015604,-0.034916,0.875808,-0.034654,-0.139928,-0.009814,-0.017427,1.826202,4.427116,-0.079861,-0.000408,-0.192623,3.782609,0.012901,0.085348,0.116038
527,199.098816,1000.0,0.868954,0.854437,0.0,0.0,0.051167,44510.0,0.107319,0.232127,0.180259,0.295759,-0.025272,0.733032,4.750902,-0.02,-0.8,-0.02,-0.25,-0.6,-2.0,0.500007,-0.120576,-0.000299,0.0,-0.050495,-0.016011,-0.013165,-0.03061,0.860797,-0.033052,-0.110175,-0.0077,-0.016373,1.84838,4.456548,-0.067993,-0.000392,-0.153667,3.791667,0.013841,0.081515,0.117057
528,198.206406,1000.0,0.882001,0.864217,0.0,0.0,0.051142,61812.0,0.104025,0.228082,0.177963,0.288679,-0.025216,0.725128,4.754249,-0.02,-0.8,-0.02,-0.25,-0.6,-2.0,0.500007,-0.124547,-0.000276,0.0,-0.049874,-0.015589,-0.012481,-0.030836,0.859494,-0.032932,-0.117153,-0.008193,-0.015394,1.855842,4.469764,-0.067104,-0.000368,-0.173011,2.833333,0.012746,0.081875,0.109232
529,199.905624,1000.0,0.869754,0.847021,0.0,0.0,0.051093,62505.0,0.105106,0.227957,0.183665,0.304037,-0.02521,0.748224,4.713162,-0.02,-0.8,-0.02,-0.25,-0.6,-2.0,0.500007,-0.128248,-0.000145,0.0,-0.050502,-0.01556,-0.012718,-0.030737,0.859529,-0.032434,-0.119727,-0.007494,-0.016408,1.847736,4.478478,-0.067674,-0.000345,-0.139218,3.416667,0.014217,0.090766,0.129758
530,199.166702,1000.0,0.887044,0.838763,0.0,0.0,0.051095,63138.0,0.107399,0.230056,0.192087,0.312992,-0.026524,0.764183,4.707733,-0.02,-0.8,-0.02,-0.25,-0.6,-2.0,0.500007,-0.130381,-0.000182,0.0,-0.051977,-0.015968,-0.013715,-0.032115,0.859061,-0.032902,-0.110851,-0.008233,-0.015433,1.837093,4.474775,-0.071425,-0.000542,-0.204005,3.166667,0.01181,0.080124,0.086032
531,199.2612,1000.0,0.889248,0.861987,0.0,0.0,0.051088,58393.0,0.109707,0.231433,0.193835,0.330931,-0.027811,0.796618,4.752752,-0.02,-0.8,-0.02,-0.25,-0.6,-2.0,0.500007,-0.135242,-0.000173,0.0,-0.05516,-0.016611,-0.014509,-0.034181,0.866479,-0.034683,-0.12397,-0.008727,-0.016623,1.840193,4.459523,-0.076044,-0.000393,-0.201469,3.913043,0.012731,0.075456,0.094536
532,199.027634,1000.0,0.883298,0.850647,0.0,0.0,0.051169,44200.0,0.109599,0.232036,0.196183,0.314847,-0.026904,0.801801,4.749618,-0.02,-0.8,-0.02,-0.25,-0.6,-2.0,0.500007,-0.13312,-0.000256,0.0,-0.05323,-0.015816,-0.012735,-0.032216,0.878183,-0.034927,-0.120901,-0.008698,-0.017365,1.844625,4.458217,-0.070105,-0.000545,-0.23054,3.166667,0.011266,0.076256,0.109229
533,198.044815,1000.0,0.888265,0.853173,0.0,0.0,0.051161,63541.0,0.108376,0.228376,0.184464,0.31035,-0.026755,0.766857,4.773208,-0.02,-0.8,-0.02,-0.25,-0.6,-2.0,0.500007,-0.139386,-0.000176,0.0,-0.053289,-0.015832,-0.01341,-0.032867,0.862915,-0.034294,-0.119753,-0.007754,-0.017901,1.840104,4.470293,-0.070999,-0.000527,-0.225934,4.217391,0.014697,0.089968,0.139067
534,199.813843,1000.0,0.875896,0.85053,0.0,0.0,0.051092,62855.0,0.110836,0.227956,0.201242,0.329192,-0.027788,0.787972,4.776139,-0.02,-0.8,-0.02,-0.25,-0.6,-2.0,0.500007,-0.132974,-0.000105,0.0,-0.05633,-0.016782,-0.014358,-0.035265,0.867711,-0.035623,-0.129155,-0.007839,-0.016632,1.84053,4.463226,-0.076342,-0.000513,-0.130296,3.375,0.014466,0.086516,0.108482
535,200.04744,1000.0,0.87957,0.876377,0.0,0.0,0.051119,65380.0,0.107381,0.226752,0.194318,0.314599,-0.026366,0.770945,4.754265,-0.02,-0.8,-0.02,-0.25,-0.6,-2.0,0.500007,-0.136247,-0.000134,0.0,-0.052834,-0.015986,-0.013624,-0.03357,0.866629,-0.034632,-0.117373,-0.007923,-0.015818,1.839672,4.478374,-0.071288,-0.000327,-0.148514,3.625,0.016592,0.075416,0.105761
536,197.003326,1000.0,0.865593,0.84818,0.0,0.0,0.051014,69772.0,0.108217,0.227608,0.182451,0.300781,-0.02593,0.738369,4.751974,-0.02,-0.8,-0.02,-0.25,-0.6,-2.0,0.500007,-0.140419,-0.000243,0.0,-0.051548,-0.015796,-0.01327,-0.0335,0.857147,-0.036203,-0.124539,-0.008282,-0.01595,1.840018,4.462333,-0.06975,-0.000457,-0.287017,3.086957,0.014198,0.079805,0.097345
537,197.262238,1000.0,0.886414,0.839105,0.0,0.0,0.051088,47271.0,0.104905,0.224823,0.185104,0.297949,-0.025537,0.739529,4.725816,-0.02,-0.8,-0.02,-0.25,-0.6,-2.0,0.500007,-0.135765,-0.000187,0.0,-0.051792,-0.015491,-0.012705,-0.033441,0.867857,-0.035264,-0.131731,-0.008399,-0.015425,1.845724,4.48037,-0.067405,-0.000381,-0.208414,3.041667,0.018809,0.083509,0.119454
538,198.672852,1000.0,0.87727,0.837448,0.0,0.0,0.051167,63290.0,0.113228,0.234667,0.195434,0.323735,-0.028095,0.796009,4.733149,-0.02,-0.8,-0.02,-0.25,-0.6,-2.0,0.500007,-0.143785,-0.000141,0.0,-0.057449,-0.016408,-0.014081,-0.036323,0.875738,-0.038082,-0.133635,-0.009719,-0.01951,1.827052,4.446327,-0.075321,-0.000468,-0.226924,3.333333,0.016475,0.083879,0.129823
539,198.300995,1000.0,0.876529,0.873485,0.0,0.0,0.051219,66835.0,0.107738,0.236839,0.187596,0.319739,-0.027254,0.770413,4.733415,-0.02,-0.8,-0.02,-0.25,-0.6,-2.0,0.500007,-0.148557,-0.000163,0.0,-0.05495,-0.016477,-0.014325,-0.036222,0.863327,-0.037642,-0.129508,-0.010087,-0.017358,1.845313,4.450382,-0.074699,-0.000474,-0.269375,3.666667,0.014473,0.075742,0.091251
540,199.015488,1000.0,0.879896,0.864802,0.0,0.0,0.051335,64116.0,0.107248,0.226394,0.182999,0.309441,-0.026747,0.771569,4.697699,-0.02,-0.8,-0.02,-0.25,-0.6,-2.0,0.500007,-0.15361,-0.000106,0.0,-0.054047,-0.015804,-0.013204,-0.034943,0.867507,-0.036431,-0.127754,-0.008564,-0.017797,1.839927,4.477002,-0.070774,-0.000627,-0.166822,3.666667,0.013989,0.076629,0.10488
541,198.576736,1000.0,0.863262,0.866529,0.0,0.0,0.05138,71223.0,0.100002,0.219288,0.179505,0.279796,-0.023524,0.717522,4.670985,-0.02,-0.8,-0.02,-0.25,-0.6,-2.0,0.500007,-0.148777,-6.7e-05,0.0,-0.04603,-0.014777,-0.01133,-0.030886,0.862405,-0.033864,-0.118898,-0.007421,-0.014763,1.865947,4.512554,-0.062525,-0.000638,-0.204238,23.409092,0.017931,0.086324,0.142547
542,198.571793,1000.0,0.866241,0.851807,0.0,0.0,0.051315,70251.0,0.101896,0.227548,0.181047,0.30277,-0.02568,0.748815,4.70733,-0.02,-0.8,-0.02,-0.25,-0.6,-2.0,0.500007,-0.15043,-0.000503,0.0,-0.050932,-0.015715,-0.013414,-0.034151,0.861232,-0.037422,-0.125517,-0.008162,-0.016981,1.860721,4.473158,-0.069023,-0.0006,-0.179162,5.043478,0.013946,0.088133,0.134908
543,198.748734,1000.0,0.874267,0.853556,0.0,0.0,0.051383,46298.0,0.10934,0.228764,0.192637,0.315243,-0.026591,0.767816,4.688961,-0.02,-0.8,-0.02,-0.25,-0.6,-2.0,0.500007,-0.146475,-0.000173,0.0,-0.054224,-0.016047,-0.013906,-0.035753,0.866231,-0.038867,-0.144654,-0.008126,-0.016792,1.839206,4.458334,-0.071699,-0.000499,-0.178347,7.291667,0.015451,0.081453,0.125542
544,200.191147,1000.0,0.881915,0.867457,0.0,0.0,0.051356,63734.0,0.10706,0.226194,0.197583,0.313601,-0.026498,0.789835,4.703647,-0.02,-0.8,-0.02,-0.25,-0.6,-2.0,0.500007,-0.14676,-0.000146,0.0,-0.053349,-0.015694,-0.013268,-0.03487,0.877273,-0.037293,-0.136448,-0.008402,-0.016474,1.850552,4.476163,-0.06958,-0.000435,-0.212829,6.833333,0.015434,0.076343,0.106767
545,198.615417,1000.0,0.88154,0.852087,0.0,0.0,0.051295,60190.0,0.109319,0.227721,0.186618,0.312077,-0.026256,0.769904,4.681263,-0.02,-0.8,-0.02,-0.25,-0.6,-2.0,0.500007,-0.151497,-0.000398,0.0,-0.052463,-0.015699,-0.01312,-0.034654,0.868147,-0.03726,-0.124977,-0.008362,-0.016992,1.837177,4.476388,-0.069495,-0.000613,-0.242319,6.791667,0.01455,0.0901,0.131217
546,197.760071,1000.0,0.883842,0.856617,0.0,0.0,0.051277,63509.0,0.108977,0.228523,0.191049,0.31432,-0.026607,0.780533,4.688261,-0.02,-0.8,-0.02,-0.25,-0.6,-2.0,0.500007,-0.150232,-0.000123,0.0,-0.053375,-0.015633,-0.013132,-0.034662,0.870394,-0.037355,-0.134012,-0.008705,-0.016678,1.837381,4.474528,-0.070103,-0.000521,-0.203889,6.916667,0.016182,0.081615,0.132512
547,199.838242,1000.0,0.873943,0.863426,0.0,0.0,0.051295,67753.0,0.109391,0.231858,0.190462,0.32128,-0.027532,0.782672,4.686983,-0.02,-0.8,-0.02,-0.25,-0.6,-2.0,0.500007,-0.152309,-0.000301,0.0,-0.054248,-0.016033,-0.013966,-0.036189,0.870415,-0.03818,-0.133598,-0.009054,-0.017664,1.841488,4.460756,-0.07312,-0.000376,-0.168411,5.625,0.016341,0.083532,0.120267
548,198.297836,1000.0,0.89321,0.848601,0.0,0.0,0.051262,47690.0,0.105304,0.226827,0.184184,0.299591,-0.025757,0.742966,4.668594,-0.02,-0.8,-0.02,-0.25,-0.6,-2.0,0.500007,-0.149126,-0.000196,0.0,-0.050331,-0.015717,-0.013163,-0.033357,0.865836,-0.037703,-0.128867,-0.008118,-0.017123,1.853755,4.472077,-0.068494,-0.000486,-0.226284,6.304348,0.015817,0.08593,0.124132
549,199.452591,1000.0,0.863558,0.859529,0.0,0.0,0.051165,67764.0,0.10761,0.227697,0.197444,0.316116,-0.026651,0.769619,4.646601,-0.02,-0.8,-0.02,-0.25,-0.6,-2.0,0.500007,-0.142006,-0.000178,0.0,-0.053175,-0.016042,-0.014008,-0.03564,0.865669,-0.037696,-0.139441,-0.007809,-0.014481,1.845219,4.471756,-0.071785,-0.000481,-0.188566,6.166667,0.015834,0.088135,0.129598
