iteration,reward,episode_length,height_reward,upright_reward,tipped_over,collapsed,exploration,steps_per_second,speed_error,turn_error,stepping,leg_swing,dragging,ground_covered,landing_force,Curriculum/ease_in_effort/weight,Curriculum/ease_in_landing/weight,Curriculum/ease_in_shake/weight,Curriculum/ease_in_smoothness/weight,Curriculum/ease_in_steadiness/weight,Curriculum/ease_in_straightness/weight,Episode_Reward/alive,Episode_Reward/effort,Episode_Reward/end_stops,Episode_Reward/fell_over,Episode_Reward/hard_landing,Episode_Reward/jitter,Episode_Reward/joint_shock,Episode_Reward/landing_speed,Episode_Reward/posture,Episode_Reward/rocking,Episode_Reward/shaking,Episode_Reward/skidding,Episode_Reward/swing_height,Episode_Reward/track_speed,Episode_Reward/track_turn,Episode_Reward/twitching,Episode_Reward/veering,Episode_Reward/wandering,Episode_Termination/time_out,Metrics/posture/error_height,Metrics/posture/error_pitch,Metrics/posture/error_roll
0,0.595431,16.15,0.009258,0.009044,0.625,0.0,0.990781,44278.0,0.00722,0.021164,0.000568,0.005571,-0.001128,0.002566,7.217194,-0.0002,-0.1,-0.001,-0.01,-0.02,-0.2,0.006197,-6e-05,-3.6e-05,-0.004231,-8e-06,-0.008265,-0.002774,-0.000409,0.009338,-0.001638,-0.000589,-0.003576,-0.00153,0.007649,1.4e-05,-0.002874,-2.1e-05,-1e-05,5.083333,0.027516,0.113876,0.245771
1,1.440119,44.240002,0.02493,0.022539,4.75,0.0,0.98134,61069.0,0.021909,0.066152,0.003721,0.018369,-0.003842,0.009434,6.768281,-0.0002,-0.1,-0.001,-0.01,-0.02,-0.2,0.017991,-0.000179,-0.000264,-0.018612,-2.1e-05,-0.025398,-0.008071,-0.001043,0.026143,-0.004945,-0.001858,-0.008824,-0.004113,0.018402,1.6e-05,-0.008576,-0.000115,-0.00011,5.291667,0.032083,0.16358,0.468695
2,2.24573,67.010002,0.041368,0.03725,5.291667,0.0,0.97586,64527.0,0.035236,0.113488,0.006154,0.030464,-0.005866,0.015047,6.807245,-0.0002,-0.1,-0.001,-0.01,-0.02,-0.2,0.029799,-0.000296,-0.000443,-0.020802,-3.5e-05,-0.041911,-0.013329,-0.001818,0.04301,-0.007793,-0.00305,-0.014695,-0.00692,0.02933,3e-05,-0.014126,-0.000488,-0.000387,5.125,0.029335,0.171628,0.49215
3,3.364645,89.349998,0.056594,0.051697,5.25,0.0,0.965197,62345.0,0.047106,0.154313,0.0077,0.040342,-0.007512,0.020496,6.792234,-0.0002,-0.1,-0.001,-0.01,-0.02,-0.2,0.040971,-0.000406,-0.000611,-0.022455,-4.6e-05,-0.057147,-0.018255,-0.002526,0.057664,-0.010588,-0.003961,-0.020109,-0.009236,0.042471,3.7e-05,-0.01922,-0.000828,-0.000462,3.958333,0.028624,0.177931,0.515519
4,3.872448,110.949997,0.065548,0.067981,3.875,0.0,0.955081,63087.0,0.059878,0.201516,0.009287,0.050973,-0.008815,0.025551,6.795127,-0.0002,-0.1,-0.001,-0.01,-0.02,-0.2,0.052765,-0.000522,-0.001013,-0.019976,-5.9e-05,-0.071958,-0.023082,-0.003311,0.073756,-0.013438,-0.005148,-0.025589,-0.01185,0.058197,3.1e-05,-0.02423,-0.001158,-0.000923,4.208333,0.034592,0.174538,0.465136
5,4.748823,130.789993,0.081477,0.079948,4.083333,0.0,0.945483,67593.0,0.068858,0.240306,0.009736,0.056951,-0.009649,0.0297,6.788539,-0.0002,-0.1,-0.001,-0.01,-0.02,-0.2,0.063196,-0.000628,-0.001175,-0.018092,-6.7e-05,-0.085961,-0.02749,-0.003963,0.084059,-0.015464,-0.006124,-0.030681,-0.013345,0.074728,3.9e-05,-0.028923,-0.001493,-0.001114,4.708333,0.032371,0.193907,0.449576
6,5.866945,152.649994,0.093685,0.097316,3.458333,0.0,0.935204,65558.0,0.080704,0.283591,0.014377,0.07373,-0.013151,0.039681,6.789658,-0.0002,-0.1,-0.001,-0.01,-0.02,-0.2,0.073355,-0.000727,-0.001399,-0.019623,-8.4e-05,-0.097435,-0.032199,-0.004623,0.106358,-0.018758,-0.007398,-0.035739,-0.017394,0.07948,8.4e-05,-0.032829,-0.002882,-0.001491,3.791667,0.033567,0.177807,0.456079
7,7.410715,180.039993,0.104549,0.116667,2.666667,0.0,0.925185,66461.0,0.099319,0.327619,0.014917,0.090961,-0.015351,0.043838,6.800254,-0.0002,-0.1,-0.001,-0.01,-0.02,-0.2,0.085573,-0.000848,-0.001768,-0.017028,-0.000107,-0.113074,-0.036567,-0.005417,0.129562,-0.020368,-0.008144,-0.041981,-0.021801,0.087831,5.9e-05,-0.038077,-0.004308,-0.00282,4.083333,0.033258,0.176104,0.417672
8,7.793355,200.130005,0.124009,0.132982,2.208333,0.0,0.916694,60248.0,0.1061,0.373831,0.01435,0.0895,-0.01436,0.044481,6.788751,-0.0002,-0.1,-0.001,-0.01,-0.02,-0.2,0.098076,-0.000976,-0.001908,-0.012837,-0.000109,-0.127656,-0.041316,-0.006327,0.133554,-0.022935,-0.009121,-0.047936,-0.022053,0.10747,7e-05,-0.042976,-0.003579,-0.002085,4.708333,0.032715,0.171841,0.34661
9,8.819821,224.940002,0.131177,0.150529,1.291667,0.0,0.90807,53356.0,0.127066,0.435919,0.016541,0.105634,-0.016893,0.052518,6.787156,-0.0002,-0.1,-0.001,-0.01,-0.02,-0.2,0.111061,-0.001101,-0.002576,-0.010178,-0.000131,-0.142487,-0.045651,-0.007002,0.157805,-0.026553,-0.010335,-0.053332,-0.027048,0.112537,8.9e-05,-0.048022,-0.004349,-0.003159,3.916667,0.033504,0.180189,0.318791
10,10.109457,246.589996,0.157151,0.169971,1.833333,0.0,0.899235,38191.0,0.133406,0.465094,0.017612,0.112238,-0.018175,0.057392,6.831419,-0.0002,-0.1,-0.001,-0.01,-0.02,-0.2,0.119619,-0.001178,-0.00264,-0.012824,-0.000138,-0.151316,-0.049911,-0.007702,0.169391,-0.028349,-0.011029,-0.058921,-0.028108,0.120586,0.00011,-0.051121,-0.005519,-0.002952,4.291667,0.031166,0.152756,0.336099
11,11.625583,272.890015,0.189179,0.19151,1.041667,0.0,0.892833,43116.0,0.146754,0.522001,0.019305,0.122295,-0.019674,0.062108,6.850653,-0.0002,-0.1,-0.001,-0.01,-0.02,-0.2,0.134794,-0.001324,-0.002879,-0.007903,-0.000153,-0.168226,-0.055514,-0.008593,0.189502,-0.031677,-0.012792,-0.065502,-0.030677,0.154129,0.000125,-0.056937,-0.007188,-0.006105,4.208333,0.028516,0.160695,0.23814
12,11.571849,284.25,0.175142,0.194892,1.083333,0.0,0.886058,51754.0,0.156435,0.555667,0.021023,0.128661,-0.021021,0.058371,6.865459,-0.0002,-0.1,-0.001,-0.01,-0.02,-0.2,0.139636,-0.001373,-0.002858,-0.008249,-0.000157,-0.172167,-0.057038,-0.008742,0.19492,-0.032869,-0.013056,-0.067069,-0.031828,0.140208,0.000123,-0.058203,-0.007179,-0.005429,4.25,0.032779,0.171561,0.2713
13,13.522603,315.299988,0.187658,0.209676,1.208333,0.0,0.879685,68315.0,0.171929,0.592937,0.023939,0.144653,-0.023527,0.07732,6.90431,-0.0002,-0.1,-0.001,-0.01,-0.02,-0.2,0.155626,-0.00153,-0.003522,-0.01023,-0.000178,-0.189915,-0.063759,-0.009744,0.220206,-0.03616,-0.014339,-0.075131,-0.036432,0.167529,0.00012,-0.06427,-0.009303,-0.008396,3.958333,0.027933,0.146554,0.303036
14,14.376313,340.809998,0.233796,0.235784,0.708333,0.0,0.871745,68943.0,0.190722,0.654154,0.024495,0.164462,-0.026001,0.082192,6.954597,-0.0002,-0.1,-0.001,-0.01,-0.02,-0.2,0.16943,-0.001645,-0.003904,-0.006124,-0.0002,-0.203992,-0.068574,-0.010648,0.246729,-0.039398,-0.016177,-0.083962,-0.039722,0.176715,0.00013,-0.069153,-0.016442,-0.014565,4.541667,0.024374,0.160344,0.21745
15,16.25753,363.040009,0.230858,0.250217,0.708333,0.0,0.86651,69325.0,0.190952,0.686195,0.028447,0.172202,-0.0277,0.094588,6.946437,-0.0002,-0.1,-0.001,-0.01,-0.02,-0.2,0.179233,-0.001751,-0.004148,-0.007002,-0.00021,-0.215369,-0.07373,-0.011284,0.260544,-0.041173,-0.016774,-0.088884,-0.042623,0.206734,0.000132,-0.072942,-0.016386,-0.015383,3.833333,0.031537,0.181463,0.237099
16,17.108517,392.25,0.262713,0.274983,0.541667,0.0,0.859809,67495.0,0.211073,0.762375,0.030379,0.193037,-0.031533,0.102311,6.991609,-0.0002,-0.1,-0.001,-0.01,-0.02,-0.2,0.195377,-0.001901,-0.004466,-0.004544,-0.000237,-0.23074,-0.079106,-0.012232,0.290308,-0.044043,-0.018238,-0.096136,-0.04766,0.209837,0.000184,-0.078261,-0.012314,-0.011037,4.666667,0.026181,0.167704,0.20823
17,18.60919,413.429993,0.277001,0.281883,0.333333,0.0,0.854347,67965.0,0.234793,0.804631,0.030357,0.188121,-0.031072,0.08931,6.981269,-0.0002,-0.1,-0.001,-0.01,-0.02,-0.2,0.207542,-0.001993,-0.004313,-0.005528,-0.000229,-0.243094,-0.082378,-0.012624,0.290867,-0.048344,-0.019529,-0.100862,-0.046448,0.226485,0.000177,-0.082548,-0.014409,-0.019927,3.708333,0.027009,0.194561,0.238574
18,19.309767,429.0,0.289677,0.304181,0.782609,0.0,0.849911,72449.0,0.21694,0.847465,0.027068,0.181936,-0.030031,0.101331,6.971831,-0.0002,-0.1,-0.001,-0.01,-0.02,-0.2,0.21321,-0.00207,-0.004477,-0.005575,-0.000229,-0.2471,-0.085465,-0.013294,0.288752,-0.048736,-0.019966,-0.107385,-0.046489,0.271645,0.000175,-0.083969,-0.017525,-0.012961,4.521739,0.027703,0.148118,0.215839
19,20.392611,459.320007,0.30229,0.319406,0.833333,0.0,0.84491,67986.0,0.254234,0.897414,0.038186,0.221268,-0.037054,0.115458,7.006568,-0.0002,-0.1,-0.001,-0.01,-0.02,-0.2,0.228443,-0.002213,-0.004889,-0.00619,-0.000266,-0.263027,-0.093262,-0.014065,0.335154,-0.053347,-0.021522,-0.112837,-0.055158,0.23994,0.000171,-0.089375,-0.016062,-0.017299,3.833333,0.025676,0.171003,0.230087
20,22.570246,481.529999,0.328049,0.345101,0.625,0.0,0.840043,70208.0,0.242934,0.921642,0.032993,0.215093,-0.034952,0.127973,7.015648,-0.0002,-0.1,-0.001,-0.01,-0.02,-0.2,0.239106,-0.002329,-0.00615,-0.004612,-0.00027,-0.271369,-0.094584,-0.014803,0.336103,-0.052874,-0.021762,-0.114444,-0.054257,0.303869,0.00023,-0.092319,-0.0184,-0.022656,4.291667,0.027765,0.170055,0.19902
21,22.807034,500.359985,0.334222,0.356022,0.708333,0.0,0.835327,74472.0,0.25863,0.956685,0.034013,0.223935,-0.036562,0.129346,7.033979,-0.0002,-0.1,-0.001,-0.01,-0.02,-0.2,0.249252,-0.002407,-0.005302,-0.004794,-0.00028,-0.281104,-0.098162,-0.015288,0.350719,-0.055623,-0.022509,-0.121552,-0.0564,0.304035,0.000225,-0.095727,-0.02051,-0.019146,4.541667,0.028886,0.192897,0.192786
22,24.552834,525.159973,0.367039,0.378149,0.625,0.0,0.830195,71226.0,0.266499,1.010873,0.036095,0.234516,-0.037988,0.137328,7.060407,-0.0002,-0.1,-0.001,-0.01,-0.02,-0.2,0.260469,-0.002518,-0.005938,-0.004666,-0.000289,-0.289506,-0.10261,-0.015918,0.362101,-0.058041,-0.023983,-0.126785,-0.058272,0.323096,0.000251,-0.098735,-0.019988,-0.026177,4.416667,0.024778,0.176776,0.191159
23,24.382816,536.580017,0.343625,0.368412,1.208333,0.0,0.826079,71084.0,0.271416,1.00647,0.03846,0.256302,-0.042194,0.149053,7.078043,-0.0002,-0.1,-0.001,-0.01,-0.02,-0.2,0.260564,-0.002527,-0.006082,-0.009615,-0.000323,-0.285976,-0.102068,-0.015845,0.387469,-0.057163,-0.023806,-0.126402,-0.065425,0.304262,0.000226,-0.097567,-0.026688,-0.026179,3.958333,0.030775,0.214856,0.26915
24,25.631403,545.599976,0.369532,0.399737,0.833333,0.0,0.821729,67966.0,0.292613,1.067931,0.040735,0.260424,-0.043573,0.146728,7.072968,-0.0002,-0.1,-0.001,-0.01,-0.02,-0.2,0.272133,-0.002629,-0.005945,-0.007617,-0.000323,-0.298003,-0.107068,-0.016542,0.396595,-0.061426,-0.025565,-0.133384,-0.065338,0.31543,0.000231,-0.101686,-0.021735,-0.026948,3.583333,0.028479,0.198491,0.229453
25,26.738855,560.869995,0.401236,0.406824,1.25,0.0,0.818705,71382.0,0.288366,1.101178,0.044679,0.269376,-0.046067,0.157647,7.108667,-0.0002,-0.1,-0.001,-0.01,-0.02,-0.2,0.2812,-0.002677,-0.006471,-0.010634,-0.000329,-0.303638,-0.110162,-0.016584,0.410938,-0.062543,-0.026033,-0.135336,-0.067283,0.330791,0.000209,-0.103647,-0.025862,-0.019361,3.541667,0.026429,0.2119,0.291787
26,28.890705,601.179993,0.397674,0.418104,1.541667,0.0,0.815283,72063.0,0.290364,1.116953,0.041555,0.249286,-0.04292,0.160206,7.167611,-0.0002,-0.1,-0.001,-0.01,-0.02,-0.2,0.289753,-0.002756,-0.00681,-0.011434,-0.000313,-0.310808,-0.112757,-0.017378,0.401169,-0.063241,-0.027157,-0.141203,-0.064413,0.383987,0.000263,-0.10625,-0.024332,-0.031342,4.416667,0.028389,0.221834,0.259256
27,30.527626,623.169983,0.424691,0.446156,1.083333,0.0,0.81213,72683.0,0.307338,1.193853,0.043729,0.279673,-0.046431,0.173707,7.165396,-0.0002,-0.1,-0.001,-0.01,-0.02,-0.2,0.3078,-0.002957,-0.007356,-0.00746,-0.000349,-0.330281,-0.118367,-0.018474,0.433945,-0.067449,-0.027762,-0.14574,-0.07081,0.405566,0.000258,-0.112844,-0.024894,-0.029726,4.166667,0.025785,0.197968,0.220379
28,29.750698,611.679993,0.43834,0.436946,1.416667,0.0,0.809032,72798.0,0.313505,1.227368,0.048194,0.298946,-0.050376,0.191608,7.183998,-0.0002,-0.1,-0.001,-0.01,-0.02,-0.2,0.313387,-0.002987,-0.00711,-0.011656,-0.000358,-0.332723,-0.121797,-0.018645,0.452279,-0.068963,-0.028689,-0.151573,-0.072839,0.41006,0.000336,-0.113859,-0.02676,-0.044593,3.875,0.02957,0.2369,0.288153
29,33.668877,654.570007,0.446472,0.475122,1.0,0.041667,0.805044,70683.0,0.325212,1.256129,0.05032,0.309079,-0.052933,0.196055,7.215757,-0.0002,-0.1,-0.001,-0.01,-0.02,-0.2,0.321049,-0.003032,-0.006358,-0.008827,-0.000372,-0.335694,-0.124065,-0.019013,0.468472,-0.07133,-0.029481,-0.154225,-0.075397,0.41802,0.000269,-0.115048,-0.034917,-0.034206,3.916667,0.026172,0.196505,0.233951
30,33.074081,678.429993,0.471086,0.485397,1.208333,0.0,0.800805,67779.0,0.33722,1.313484,0.052384,0.319144,-0.053958,0.194096,7.211959,-0.0002,-0.1,-0.001,-0.01,-0.02,-0.2,0.337393,-0.003186,-0.007724,-0.007423,-0.000393,-0.353582,-0.12872,-0.020138,0.494319,-0.073876,-0.030571,-0.160991,-0.079901,0.429388,0.000255,-0.120985,-0.031547,-0.035402,4.291667,0.022059,0.195961,0.233009
31,36.812885,719.77002,0.516889,0.517812,0.833333,0.0,0.796775,67058.0,0.351777,1.399189,0.056808,0.328312,-0.058055,0.217184,7.247166,-0.0002,-0.1,-0.001,-0.01,-0.02,-0.2,0.352568,-0.003322,-0.008374,-0.007885,-0.0004,-0.367696,-0.138717,-0.021009,0.515199,-0.078731,-0.033949,-0.173213,-0.081174,0.467138,0.000274,-0.125976,-0.031154,-0.048049,3.75,0.022787,0.181655,0.227742
32,36.820438,719.859985,0.528962,0.548087,0.708333,0.0,0.793058,68195.0,0.382245,1.435634,0.059602,0.35126,-0.064052,0.218089,7.26651,-0.0002,-0.1,-0.001,-0.01,-0.02,-0.2,0.364887,-0.003458,-0.008216,-0.005837,-0.000441,-0.375386,-0.143204,-0.021485,0.543287,-0.080622,-0.034464,-0.179383,-0.089285,0.452041,0.000325,-0.128978,-0.025429,-0.036646,3.791667,0.023588,0.179115,0.203626
33,39.052711,764.390015,0.559417,0.575359,0.833333,0.0,0.788109,70620.0,0.386235,1.512099,0.058485,0.366422,-0.062176,0.237339,7.279417,-0.0002,-0.1,-0.001,-0.01,-0.02,-0.2,0.387156,-0.003651,-0.008269,-0.005477,-0.000448,-0.398967,-0.147612,-0.022756,0.562899,-0.083779,-0.035894,-0.18599,-0.09198,0.511162,0.000389,-0.136859,-0.031704,-0.047829,4.75,0.026258,0.163459,0.179191
34,37.860485,730.97998,0.513142,0.530191,1.375,0.0,0.785248,72190.0,0.345195,1.406622,0.05433,0.349947,-0.058068,0.243624,7.315793,-0.0002,-0.1,-0.001,-0.01,-0.02,-0.2,0.366264,-0.003491,-0.009118,-0.010845,-0.000428,-0.370452,-0.137759,-0.021611,0.532438,-0.078507,-0.032988,-0.171832,-0.087842,0.516669,0.000351,-0.127448,-0.046897,-0.043356,3.5,0.023472,0.192327,0.251362
35,39.326012,751.599976,0.53642,0.563073,1.304348,0.0,0.781731,72345.0,0.372744,1.482803,0.056469,0.339249,-0.060183,0.23981,7.30116,-0.0002,-0.1,-0.001,-0.01,-0.02,-0.2,0.380007,-0.003557,-0.008332,-0.009605,-0.000417,-0.382721,-0.145247,-0.021921,0.533257,-0.082427,-0.03537,-0.18549,-0.083962,0.528546,0.000387,-0.131624,-0.028893,-0.033663,3.434783,0.021081,0.180651,0.229301
36,42.718292,813.700012,0.574405,0.598544,0.958333,0.0,0.777804,70485.0,0.36802,1.562731,0.05597,0.343982,-0.06015,0.246383,7.307893,-0.0002,-0.1,-0.001,-0.01,-0.02,-0.2,0.402783,-0.003823,-0.009299,-0.009193,-0.000428,-0.402516,-0.154731,-0.023756,0.544648,-0.086259,-0.036034,-0.192653,-0.087806,0.628363,0.000382,-0.138792,-0.024026,-0.048931,3.708333,0.024111,0.199918,0.244803
37,43.165337,794.409973,0.587149,0.589663,1.208333,0.041667,0.773931,72355.0,0.377149,1.532146,0.062586,0.381989,-0.065916,0.289622,7.330622,-0.0002,-0.1,-0.001,-0.01,-0.02,-0.2,0.397597,-0.003735,-0.009033,-0.010403,-0.000468,-0.395574,-0.149245,-0.023055,0.582252,-0.083521,-0.036379,-0.18731,-0.096391,0.597091,0.000367,-0.136176,-0.032598,-0.060696,3.583333,0.021934,0.227015,0.252282
38,45.031002,849.469971,0.603032,0.62036,0.833333,0.0,0.770191,71257.0,0.389587,1.647457,0.063393,0.367822,-0.067613,0.273721,7.350469,-0.0002,-0.1,-0.001,-0.01,-0.02,-0.2,0.417188,-0.003884,-0.00823,-0.008213,-0.000457,-0.412909,-0.158469,-0.024114,0.586012,-0.08918,-0.039224,-0.202146,-0.092754,0.631497,0.00031,-0.142283,-0.03374,-0.049803,3.75,0.021295,0.193127,0.236674
39,46.55748,859.76001,0.63375,0.642622,0.75,0.0,0.766635,72369.0,0.404617,1.711534,0.064569,0.391713,-0.071847,0.296164,7.393774,-0.0002,-0.1,-0.001,-0.01,-0.02,-0.2,0.430186,-0.004016,-0.009392,-0.006791,-0.000478,-0.426305,-0.167542,-0.025001,0.611411,-0.094881,-0.040746,-0.216677,-0.096568,0.6463,0.000301,-0.147059,-0.033356,-0.058665,3.333333,0.021287,0.183846,0.224259
40,48.134689,868.830017,0.67268,0.659267,0.958333,0.0,0.762356,73597.0,0.405536,1.711147,0.066729,0.390268,-0.068929,0.300333,7.380468,-0.0002,-0.1,-0.001,-0.01,-0.02,-0.2,0.438708,-0.004008,-0.009407,-0.008284,-0.000468,-0.429578,-0.163383,-0.02517,0.615964,-0.094278,-0.04152,-0.20782,-0.094531,0.671271,0.000357,-0.14835,-0.030002,-0.046308,3.75,0.024964,0.1587,0.22943
41,51.987968,913.710022,0.683716,0.677367,1.125,0.0,0.758739,72960.0,0.42694,1.807006,0.069132,0.44184,-0.075945,0.350354,7.386687,-0.0002,-0.1,-0.001,-0.01,-0.02,-0.2,0.460715,-0.004307,-0.010718,-0.008492,-0.000537,-0.451153,-0.172536,-0.026866,0.669551,-0.098034,-0.041938,-0.221084,-0.10907,0.745607,0.000441,-0.155745,-0.035307,-0.060822,3.708333,0.02104,0.191093,0.233222
42,53.243816,928.549988,0.657673,0.666701,1.041667,0.0,0.754344,70623.0,0.404422,1.759382,0.07128,0.417778,-0.073671,0.348783,7.420695,-0.0002,-0.1,-0.001,-0.01,-0.02,-0.2,0.451108,-0.004177,-0.010537,-0.007759,-0.000503,-0.433637,-0.16955,-0.026299,0.648909,-0.095212,-0.041476,-0.214398,-0.103604,0.746684,0.000383,-0.150126,-0.030349,-0.053394,4.791667,0.0238,0.191106,0.223104
43,54.019089,959.960022,0.686741,0.69429,1.166667,0.0,0.750208,73090.0,0.431735,1.846221,0.074864,0.437402,-0.078775,0.357887,7.407079,-0.0002,-0.1,-0.001,-0.01,-0.02,-0.2,0.46898,-0.004318,-0.009801,-0.004991,-0.000525,-0.445466,-0.177655,-0.027005,0.681536,-0.101409,-0.044002,-0.22637,-0.10787,0.735408,0.000409,-0.154394,-0.037617,-0.063364,8.375,0.021419,0.146961,0.198515
44,55.789902,961.700012,0.712134,0.719067,0.625,0.0,0.745256,72596.0,0.428642,1.874584,0.073327,0.425467,-0.07653,0.363613,7.448999,-0.0002,-0.1,-0.001,-0.01,-0.02,-0.2,0.478916,-0.004384,-0.01098,-0.002832,-0.000516,-0.44959,-0.178337,-0.027518,0.681164,-0.102466,-0.044946,-0.227639,-0.105419,0.792137,0.000395,-0.155983,-0.031646,-0.064307,7.375,0.020224,0.146916,0.149
45,55.448963,951.859985,0.71484,0.73097,0.583333,0.0,0.741158,72973.0,0.423912,1.882838,0.070949,0.437144,-0.078666,0.36464,7.45183,-0.0002,-0.1,-0.001,-0.01,-0.02,-0.2,0.481525,-0.004458,-0.010069,-0.002841,-0.00053,-0.444513,-0.180816,-0.027596,0.680932,-0.10186,-0.044365,-0.233638,-0.107969,0.815497,0.000384,-0.154578,-0.032553,-0.061955,7.333333,0.020548,0.133233,0.168353
46,57.055748,951.710022,0.722837,0.72037,0.666667,0.0,0.735327,71941.0,0.425403,1.871272,0.075699,0.442665,-0.080461,0.384836,7.433722,-0.0002,-0.1,-0.001,-0.01,-0.02,-0.2,0.476727,-0.004349,-0.010165,-0.003811,-0.000531,-0.433678,-0.175817,-0.02718,0.691581,-0.09942,-0.044385,-0.226973,-0.107662,0.803648,0.000425,-0.151145,-0.037199,-0.066871,6.833333,0.019429,0.14841,0.169589
47,59.201202,972.929993,0.722656,0.728604,0.375,0.0,0.731461,72784.0,0.428295,1.913402,0.078493,0.441427,-0.082089,0.396765,7.450688,-0.0002,-0.1,-0.001,-0.01,-0.02,-0.2,0.480351,-0.004341,-0.009668,-0.003423,-0.000518,-0.431202,-0.180084,-0.027034,0.69161,-0.101992,-0.045681,-0.234395,-0.10609,0.812434,0.000425,-0.150353,-0.033773,-0.070715,6.541667,0.019947,0.115443,0.150948
48,58.823528,928.390015,0.730266,0.721155,0.625,0.0,0.725754,71971.0,0.406289,1.866365,0.07669,0.436897,-0.080556,0.412327,7.45163,-0.0002,-0.1,-0.001,-0.01,-0.02,-0.2,0.471566,-0.0043,-0.009494,-0.003964,-0.000523,-0.417839,-0.175796,-0.026592,0.68352,-0.09952,-0.04465,-0.2268,-0.10783,0.835816,0.000412,-0.146053,-0.024228,-0.057776,6.041667,0.019458,0.133615,0.160841
49,60.491207,941.580017,0.721312,0.72687,0.791667,0.0,0.720442,73188.0,0.396047,1.848418,0.076189,0.431847,-0.080827,0.436083,7.450446,-0.0002,-0.1,-0.001,-0.01,-0.02,-0.2,0.47015,-0.004212,-0.009647,-0.004834,-0.00051,-0.410711,-0.173011,-0.026381,0.68018,-0.098339,-0.044891,-0.227464,-0.102565,0.872367,0.000386,-0.143904,-0.026251,-0.058466,5.375,0.01998,0.159013,0.165671
50,62.474773,975.140015,0.753135,0.75072,0.5,0.0,0.715715,73518.0,0.413251,1.911337,0.080103,0.45164,-0.085696,0.44437,7.445118,-0.0002,-0.1,-0.001,-0.01,-0.02,-0.2,0.488632,-0.004395,-0.010014,-0.00331,-0.000534,-0.423424,-0.183047,-0.027498,0.712709,-0.102401,-0.046884,-0.238155,-0.109108,0.895948,0.000473,-0.148446,-0.022773,-0.081765,5.5,0.0176,0.120683,0.152211
51,59.610577,923.950012,0.739661,0.729517,0.583333,0.0,0.71055,74370.0,0.395266,1.839671,0.075071,0.434648,-0.08116,0.425144,7.449913,-0.0002,-0.1,-0.001,-0.01,-0.02,-0.2,0.467652,-0.004232,-0.010196,-0.004752,-0.000513,-0.398708,-0.172013,-0.026196,0.672526,-0.096989,-0.042882,-0.22131,-0.10558,0.859185,0.000398,-0.140104,-0.024237,-0.060058,4.083333,0.01875,0.124833,0.172638
52,62.440071,952.02002,0.740362,0.732992,0.416667,0.041667,0.706553,72544.0,0.395009,1.873486,0.081212,0.437969,-0.084605,0.455317,7.456014,-0.0002,-0.1,-0.001,-0.01,-0.02,-0.2,0.473054,-0.004197,-0.009603,-0.003467,-0.000507,-0.398937,-0.176105,-0.02625,0.693077,-0.100405,-0.046261,-0.228042,-0.101709,0.895431,0.000407,-0.140187,-0.03005,-0.074184,5.291667,0.020127,0.115786,0.154158
53,64.081993,980.059998,0.753577,0.759153,0.291667,0.0,0.702595,74047.0,0.394521,1.875286,0.076532,0.451387,-0.085752,0.455572,7.462518,-0.0002,-0.1,-0.001,-0.01,-0.02,-0.2,0.484064,-0.00435,-0.008684,-0.003157,-0.000547,-0.404576,-0.177397,-0.027002,0.704937,-0.099938,-0.044973,-0.234022,-0.111307,0.925292,0.000362,-0.14231,-0.025931,-0.077965,4.041667,0.019734,0.124277,0.156806
54,64.567268,958.26001,0.762832,0.762938,0.458333,0.0,0.69808,69448.0,0.40063,1.911953,0.07501,0.445278,-0.084597,0.46095,7.469022,-0.0002,-0.1,-0.001,-0.01,-0.02,-0.2,0.483084,-0.004326,-0.009404,-0.003671,-0.000525,-0.397931,-0.178763,-0.027003,0.690458,-0.100373,-0.045592,-0.236759,-0.106695,0.931887,0.000477,-0.140336,-0.017235,-0.054119,4.458333,0.018304,0.122899,0.146248
55,63.429779,948.799988,0.733962,0.744823,0.375,0.0,0.693318,72588.0,0.385467,1.861349,0.072116,0.444909,-0.084418,0.462484,7.480478,-0.0002,-0.1,-0.001,-0.01,-0.02,-0.2,0.474144,-0.004245,-0.009065,-0.003088,-0.00054,-0.385328,-0.170773,-0.026261,0.693416,-0.09648,-0.043103,-0.225738,-0.109386,0.913234,0.000442,-0.13613,-0.021446,-0.079994,4.416667,0.019009,0.128991,0.149576
56,64.916992,960.719971,0.752523,0.755162,0.333333,0.0,0.688785,72352.0,0.376778,1.878774,0.075644,0.434698,-0.082294,0.475429,7.476417,-0.0002,-0.1,-0.001,-0.01,-0.02,-0.2,0.480429,-0.004276,-0.009916,-0.003181,-0.000514,-0.385534,-0.172595,-0.02656,0.690106,-0.096666,-0.044131,-0.224171,-0.104258,0.969433,0.000439,-0.136497,-0.025996,-0.080206,4.083333,0.020834,0.09959,0.132519
57,68.022461,980.559998,0.774998,0.788599,0.173913,0.0,0.684534,71726.0,0.397248,1.952801,0.084822,0.474725,-0.092654,0.52067,7.491815,-0.0002,-0.1,-0.001,-0.01,-0.02,-0.2,0.488998,-0.004301,-0.009046,-0.002812,-0.000541,-0.391441,-0.179549,-0.026884,0.732186,-0.10185,-0.047096,-0.233383,-0.108505,0.952564,0.000429,-0.138777,-0.020959,-0.062634,3.913043,0.016937,0.126738,0.158857
58,68.01326,968.349976,0.767519,0.766624,0.375,0.0,0.679889,71703.0,0.37811,1.885131,0.084494,0.460586,-0.091757,0.518053,7.486134,-0.0002,-0.1,-0.001,-0.01,-0.02,-0.2,0.475391,-0.004114,-0.007556,-0.00363,-0.000532,-0.375797,-0.17552,-0.026092,0.715658,-0.099972,-0.046123,-0.230942,-0.105593,0.951634,0.000344,-0.133265,-0.019436,-0.066662,4.541667,0.01786,0.120992,0.150757
59,68.307045,964.909973,0.768003,0.769057,0.25,0.0,0.675099,69397.0,0.369036,1.889011,0.075322,0.411101,-0.080598,0.487563,7.472315,-0.0002,-0.1,-0.001,-0.01,-0.02,-0.2,0.484812,-0.004229,-0.008676,-0.003294,-0.000477,-0.37717,-0.174756,-0.026866,0.673362,-0.100023,-0.045712,-0.22703,-0.096237,1.031342,0.000452,-0.134017,-0.013601,-0.0444,3.291667,0.018633,0.130607,0.138445
60,70.950798,985.320007,0.790006,0.786394,0.26087,0.0,0.67011,68739.0,0.370881,1.92957,0.082646,0.481221,-0.091947,0.565569,7.466041,-0.0002,-0.1,-0.001,-0.01,-0.02,-0.2,0.49345,-0.004302,-0.00957,-0.001641,-0.00056,-0.380949,-0.175898,-0.027251,0.742766,-0.099654,-0.045861,-0.23155,-0.112676,1.053407,0.000422,-0.135592,-0.016838,-0.082157,4.869565,0.019168,0.122563,0.120423
61,69.985985,970.919983,0.795959,0.792468,0.166667,0.0,0.666565,72797.0,0.365353,1.935333,0.084476,0.463717,-0.090965,0.560666,7.475645,-0.0002,-0.1,-0.001,-0.01,-0.02,-0.2,0.489844,-0.004262,-0.010081,-0.001306,-0.000547,-0.376211,-0.17408,-0.026868,0.735667,-0.099104,-0.046974,-0.227748,-0.110873,1.060798,0.000351,-0.133761,-0.016676,-0.080005,3.25,0.015743,0.104822,0.126761
62,69.060867,950.77002,0.770127,0.770958,0.416667,0.0,0.661576,73805.0,0.351164,1.85614,0.080318,0.424528,-0.083452,0.516501,7.444725,-0.0002,-0.1,-0.001,-0.01,-0.02,-0.2,0.473726,-0.004088,-0.008658,-0.003296,-0.00049,-0.359538,-0.169541,-0.02595,0.688346,-0.095593,-0.0454,-0.221515,-0.099577,1.040119,0.000445,-0.128031,-0.013243,-0.065162,4.625,0.017262,0.115947,0.124785
63,73.76403,989.309998,0.813048,0.799771,0.083333,0.0,0.656559,69792.0,0.359224,1.945127,0.083111,0.462218,-0.087612,0.575748,7.472848,-0.0002,-0.1,-0.001,-0.01,-0.02,-0.2,0.493454,-0.004307,-0.010348,-0.000722,-0.000536,-0.369999,-0.176159,-0.027114,0.733835,-0.099024,-0.046605,-0.230335,-0.108282,1.118067,0.000422,-0.132158,-0.010916,-0.062499,4.208333,0.014462,0.115,0.119979
64,72.874817,979.570007,0.81119,0.8071,0.166667,0.0,0.652535,71224.0,0.359349,1.903417,0.080616,0.452399,-0.089145,0.577655,7.487608,-0.0002,-0.1,-0.001,-0.01,-0.02,-0.2,0.494836,-0.004258,-0.008033,-0.00088,-0.000529,-0.368613,-0.177974,-0.027361,0.727924,-0.099987,-0.04816,-0.231292,-0.105584,1.115692,0.000422,-0.131631,-0.01378,-0.086115,4.458333,0.01666,0.097366,0.115736
65,74.187744,986.429993,0.786408,0.807441,0.125,0.0,0.647405,71599.0,0.355192,1.924582,0.083194,0.472901,-0.091377,0.589338,7.470371,-0.0002,-0.1,-0.001,-0.01,-0.02,-0.2,0.493791,-0.004298,-0.009333,-0.001111,-0.000551,-0.36434,-0.175625,-0.027284,0.74019,-0.098387,-0.046741,-0.229888,-0.110258,1.124781,0.000458,-0.130441,-0.014266,-0.097535,4.041667,0.016434,0.091004,0.128757
66,76.628769,992.130005,0.827015,0.809925,0.086957,0.0,0.643148,66598.0,0.340011,1.898966,0.073356,0.457444,-0.086296,0.597025,7.460605,-0.0002,-0.1,-0.001,-0.01,-0.02,-0.2,0.496063,-0.004339,-0.011316,-0.000928,-0.000556,-0.361236,-0.17255,-0.027593,0.737325,-0.096658,-0.045141,-0.231479,-0.109506,1.201625,0.00045,-0.12925,-0.009471,-0.05779,3.695652,0.017855,0.105676,0.106387
67,77.553818,988.900024,0.813249,0.792051,0.125,0.0,0.638177,67799.0,0.344023,1.923098,0.085016,0.462227,-0.091758,0.611783,7.476232,-0.0002,-0.1,-0.001,-0.01,-0.02,-0.2,0.489454,-0.004162,-0.008825,-0.001444,-0.000532,-0.355051,-0.173836,-0.026942,0.735947,-0.097281,-0.047462,-0.227612,-0.106586,1.152527,0.000439,-0.127251,-0.009857,-0.079267,5.125,0.01515,0.102603,0.125333
68,74.364311,981.48999,0.821054,0.813797,0.166667,0.0,0.635081,73012.0,0.335703,1.874269,0.071432,0.422142,-0.084998,0.555768,7.448083,-0.0002,-0.1,-0.001,-0.01,-0.02,-0.2,0.489181,-0.004198,-0.006516,-0.001544,-0.000502,-0.349161,-0.172291,-0.026804,0.692228,-0.097665,-0.045099,-0.22673,-0.098773,1.176371,0.000437,-0.12521,-0.011282,-0.081149,4.916667,0.01561,0.086183,0.111145
69,76.490379,985.900024,0.806688,0.810829,0.166667,0.0,0.630786,72406.0,0.334293,1.917346,0.077626,0.450032,-0.08811,0.604799,7.455854,-0.0002,-0.1,-0.001,-0.01,-0.02,-0.2,0.489119,-0.004165,-0.00795,-0.001505,-0.000528,-0.345887,-0.168202,-0.026341,0.720808,-0.094835,-0.045377,-0.22544,-0.104191,1.177667,0.000447,-0.124182,-0.009971,-0.074008,4.833333,0.016661,0.116011,0.126706
70,76.709023,980.859985,0.814092,0.819129,0.125,0.0,0.626586,70404.0,0.331408,1.896613,0.072925,0.449002,-0.087529,0.591553,7.448758,-0.0002,-0.1,-0.001,-0.01,-0.02,-0.2,0.492818,-0.004206,-0.0089,-0.000849,-0.000532,-0.344282,-0.16827,-0.026597,0.722846,-0.09299,-0.045861,-0.226634,-0.105512,1.211102,0.000451,-0.123836,-0.009171,-0.063221,4.0,0.014582,0.102922,0.111013
71,75.495102,974.23999,0.812663,0.823732,0.25,0.0,0.622822,65810.0,0.342189,1.903975,0.083481,0.453886,-0.090745,0.626464,7.44779,-0.0002,-0.1,-0.001,-0.01,-0.02,-0.2,0.492254,-0.004129,-0.008396,-0.001564,-0.000518,-0.340568,-0.173707,-0.026748,0.727137,-0.098554,-0.047681,-0.224667,-0.102862,1.164473,0.000441,-0.122734,-0.008846,-0.089405,4.958333,0.01556,0.110896,0.125125
72,77.586578,988.659973,0.833891,0.826623,0.208333,0.0,0.618582,65198.0,0.336841,1.921138,0.078274,0.444437,-0.088671,0.612735,7.451383,-0.0002,-0.1,-0.001,-0.01,-0.02,-0.2,0.495268,-0.004164,-0.007591,-0.001173,-0.000528,-0.340668,-0.171411,-0.026937,0.730644,-0.096806,-0.04713,-0.226217,-0.10352,1.205154,0.00045,-0.122613,-0.007411,-0.073344,5.333333,0.016289,0.110389,0.109853
73,77.037628,975.559998,0.827908,0.821158,0.208333,0.041667,0.615938,63753.0,0.326014,1.864886,0.072162,0.431148,-0.084095,0.586377,7.446935,-0.0002,-0.1,-0.001,-0.01,-0.02,-0.2,0.490851,-0.004163,-0.007088,-0.002278,-0.000513,-0.331149,-0.166645,-0.02662,0.710962,-0.093229,-0.044716,-0.218959,-0.102219,1.216662,0.000452,-0.119314,-0.0076,-0.082826,3.333333,0.017067,0.108235,0.127709
74,78.854584,985.25,0.814248,0.82578,0.166667,0.0,0.612207,59906.0,0.335191,1.865484,0.083431,0.457015,-0.093755,0.646331,7.445767,-0.0002,-0.1,-0.001,-0.01,-0.02,-0.2,0.492135,-0.004072,-0.006884,-0.00128,-0.000522,-0.330608,-0.170098,-0.026695,0.734287,-0.095908,-0.047118,-0.21985,-0.102292,1.191791,0.000374,-0.119616,-0.007495,-0.060867,4.708333,0.015774,0.109788,0.115959
75,81.346573,984.48999,0.823374,0.814677,0.208333,0.0,0.608027,59621.0,0.322738,1.847021,0.080153,0.458998,-0.090318,0.660647,7.466072,-0.0002,-0.1,-0.001,-0.01,-0.02,-0.2,0.487569,-0.004072,-0.008474,-0.003056,-0.00054,-0.32247,-0.164463,-0.02656,0.73598,-0.092081,-0.045253,-0.216009,-0.106151,1.222764,0.000411,-0.116752,-0.009081,-0.066211,4.708333,0.01627,0.112231,0.124754
76,79.80442,974.280029,0.823793,0.832816,0.125,0.041667,0.604166,59800.0,0.321273,1.869855,0.074355,0.444613,-0.087224,0.624615,7.487318,-0.0002,-0.1,-0.001,-0.01,-0.02,-0.2,0.488863,-0.004091,-0.008134,-0.001444,-0.000527,-0.321731,-0.16362,-0.026341,0.722113,-0.091798,-0.044978,-0.216012,-0.103925,1.22665,0.000465,-0.116337,-0.006068,-0.057075,4.583333,0.013825,0.119255,0.109339
77,80.68177,976.97998,0.833765,0.833348,0.227273,0.0,0.599925,66144.0,0.316779,1.840177,0.075498,0.452649,-0.088104,0.639525,7.473501,-0.0002,-0.1,-0.001,-0.01,-0.02,-0.2,0.487109,-0.004067,-0.008205,-0.002048,-0.000538,-0.317114,-0.162839,-0.026375,0.728805,-0.090656,-0.044171,-0.217729,-0.106326,1.22868,0.000451,-0.11477,-0.005721,-0.056597,4.181818,0.014302,0.104072,0.131373
78,79.231537,971.590027,0.842395,0.826175,0.25,0.041667,0.597895,66004.0,0.318369,1.86141,0.073344,0.44225,-0.086332,0.625598,7.46608,-0.0002,-0.1,-0.001,-0.01,-0.02,-0.2,0.488196,-0.004057,-0.007424,-0.00239,-0.000509,-0.314263,-0.165408,-0.02636,0.706115,-0.092251,-0.0456,-0.215037,-0.099251,1.23163,0.000478,-0.11399,-0.004627,-0.05665,4.333333,0.016584,0.100129,0.135255
79,82.81926,993.340027,0.846426,0.843806,0.083333,0.041667,0.593612,63654.0,0.325278,1.873552,0.079309,0.433867,-0.085451,0.628846,7.452434,-0.0002,-0.1,-0.001,-0.01,-0.02,-0.2,0.49625,-0.004023,-0.007331,-0.00125,-0.0005,-0.315221,-0.166122,-0.026859,0.727222,-0.092638,-0.04702,-0.212306,-0.097832,1.249392,0.000502,-0.114258,-0.004953,-0.050328,4.375,0.014697,0.091567,0.099691
80,81.210983,991.280029,0.865292,0.8564,0.0,0.083333,0.590136,63289.0,0.31789,1.853996,0.074471,0.412731,-0.084276,0.591705,7.46243,-0.0002,-0.1,-0.001,-0.01,-0.02,-0.2,0.496739,-0.004021,-0.006665,-0.000794,-0.00048,-0.312451,-0.162153,-0.026209,0.70135,-0.091637,-0.045439,-0.214629,-0.094078,1.273781,0.000486,-0.113206,-0.005243,-0.057819,4.041667,0.013632,0.08663,0.097249
81,82.506508,990.169983,0.842668,0.837173,0.083333,0.041667,0.586446,65536.0,0.316119,1.876874,0.075365,0.439391,-0.086168,0.63665,7.452513,-0.0002,-0.1,-0.001,-0.01,-0.02,-0.2,0.494052,-0.004096,-0.007567,-0.001349,-0.000516,-0.307437,-0.164859,-0.026166,0.720438,-0.091038,-0.04506,-0.214045,-0.102842,1.266177,0.000564,-0.111575,-0.004972,-0.059384,3.666667,0.015196,0.091856,0.099764
82,83.222603,988.48999,0.852591,0.842631,0.086957,0.0,0.583118,62329.0,0.318045,1.861266,0.080607,0.455367,-0.090168,0.67221,7.467741,-0.0002,-0.1,-0.001,-0.01,-0.02,-0.2,0.494375,-0.004069,-0.008353,-0.000783,-0.000534,-0.305091,-0.16541,-0.026625,0.747741,-0.09156,-0.045825,-0.217624,-0.104539,1.255594,0.000484,-0.11075,-0.005978,-0.062843,5.0,0.013937,0.095196,0.101489
83,84.190178,991.130005,0.842843,0.847417,0.125,0.0,0.580074,62915.0,0.309835,1.877624,0.077704,0.448116,-0.087433,0.660622,7.454781,-0.0002,-0.1,-0.001,-0.01,-0.02,-0.2,0.497119,-0.004129,-0.008074,-0.000796,-0.000536,-0.302255,-0.159038,-0.026031,0.743655,-0.089485,-0.044081,-0.211106,-0.106353,1.304891,0.000508,-0.109692,-0.004587,-0.060162,4.375,0.014048,0.098074,0.108722
84,84.960709,1000.0,0.871818,0.858405,0.0,0.0,0.576699,63629.0,0.319512,1.871564,0.082163,0.462696,-0.091032,0.680201,7.493383,-0.0002,-0.1,-0.001,-0.01,-0.02,-0.2,0.500007,-0.004055,-0.008211,0.0,-0.000539,-0.301952,-0.164494,-0.026964,0.757339,-0.090629,-0.046319,-0.214749,-0.10559,1.274131,0.000483,-0.110027,-0.004375,-0.044587,6.708333,0.013418,0.075873,0.102182
85,84.076469,990.549988,0.86809,0.855092,0.125,0.0,0.574627,61009.0,0.309347,1.851989,0.080165,0.442569,-0.087785,0.659581,7.474975,-0.0002,-0.1,-0.001,-0.01,-0.02,-0.2,0.495799,-0.004012,-0.007606,-0.000491,-0.000529,-0.294967,-0.159105,-0.026059,0.745184,-0.089577,-0.045088,-0.20767,-0.104399,1.30194,0.000469,-0.10731,-0.005036,-0.070265,8.875,0.014495,0.084505,0.099473
86,84.931419,989.809998,0.861384,0.854692,0.083333,0.0,0.571625,67522.0,0.31024,1.843234,0.077049,0.433989,-0.086203,0.63902,7.501693,-0.0002,-0.1,-0.001,-0.01,-0.02,-0.2,0.496225,-0.003985,-0.006289,-0.000519,-0.000515,-0.292884,-0.157587,-0.026281,0.732825,-0.088237,-0.044964,-0.203636,-0.101177,1.295052,0.000593,-0.10658,-0.004063,-0.04476,7.375,0.013373,0.094605,0.107445
87,87.620445,1000.0,0.865258,0.860631,0.041667,0.0,0.567963,63237.0,0.310922,1.852479,0.085508,0.442489,-0.088311,0.670355,7.477304,-0.0002,-0.1,-0.001,-0.01,-0.02,-0.2,0.498611,-0.003967,-0.007225,-0.000208,-0.000516,-0.289936,-0.158697,-0.026346,0.75005,-0.089305,-0.045947,-0.207003,-0.101531,1.309138,0.000573,-0.105693,-0.003322,-0.041417,7.166667,0.013476,0.090837,0.094626
88,88.175835,1000.0,0.870461,0.85829,0.041667,0.0,0.563644,65195.0,0.305989,1.838929,0.081345,0.464441,-0.090794,0.697203,7.4913,-0.0002,-0.1,-0.001,-0.01,-0.02,-0.2,0.498763,-0.003994,-0.007269,-0.000167,-0.000544,-0.287627,-0.157773,-0.026282,0.761748,-0.088564,-0.044139,-0.205311,-0.107666,1.318439,0.000528,-0.105065,-0.004505,-0.05152,7.416667,0.014952,0.093348,0.096705
89,86.124153,990.700012,0.865073,0.873979,0.041667,0.0,0.559369,61666.0,0.302152,1.82013,0.080803,0.427959,-0.085086,0.658493,7.486243,-0.0002,-0.1,-0.001,-0.01,-0.02,-0.2,0.496127,-0.003923,-0.006854,-0.000333,-0.000506,-0.281842,-0.15532,-0.026182,0.740867,-0.087373,-0.044287,-0.201696,-0.099603,1.321756,0.000483,-0.102808,-0.004217,-0.056835,6.166667,0.014841,0.079914,0.096856
90,86.155853,994.900024,0.868748,0.863641,0.041667,0.0,0.555648,61388.0,0.303293,1.830433,0.080993,0.434372,-0.083792,0.655512,7.505683,-0.0002,-0.1,-0.001,-0.01,-0.02,-0.2,0.49912,-0.003962,-0.007836,-0.000139,-0.000511,-0.281098,-0.155768,-0.026284,0.741649,-0.087168,-0.044679,-0.20431,-0.102113,1.33787,0.000506,-0.102504,-0.003859,-0.040285,6.458333,0.012225,0.08607,0.090299
91,87.194519,1000.0,0.866819,0.856158,0.0,0.0,0.552062,65782.0,0.301446,1.855827,0.08241,0.447717,-0.08563,0.670434,7.478769,-0.0002,-0.1,-0.001,-0.01,-0.02,-0.2,0.500007,-0.003971,-0.008039,0.0,-0.000523,-0.278223,-0.155836,-0.026532,0.745578,-0.087677,-0.04414,-0.199124,-0.10434,1.353136,0.000524,-0.101866,-0.003714,-0.057139,5.958333,0.012748,0.093603,0.081504
92,86.784767,983.48999,0.866814,0.853077,0.125,0.0,0.548349,64276.0,0.300653,1.817303,0.084742,0.451823,-0.087178,0.691168,7.478836,-0.0002,-0.1,-0.001,-0.01,-0.02,-0.2,0.493368,-0.003876,-0.008,-0.000944,-0.000526,-0.27217,-0.153675,-0.025975,0.752308,-0.084775,-0.044831,-0.193864,-0.102793,1.315138,0.00055,-0.099599,-0.003892,-0.051641,5.25,0.013871,0.084445,0.113785
93,88.893311,1000.0,0.895361,0.873832,0.0,0.0,0.544434,67823.0,0.302296,1.822642,0.083881,0.439008,-0.08715,0.685641,7.476776,-0.0002,-0.1,-0.001,-0.01,-0.02,-0.2,0.500007,-0.003853,-0.006035,0.0,-0.000519,-0.272666,-0.152625,-0.026139,0.760812,-0.085035,-0.045139,-0.194337,-0.100698,1.338531,0.000466,-0.09947,-0.003446,-0.041781,5.375,0.013869,0.079911,0.089968
94,87.179207,985.049988,0.869563,0.864531,0.083333,0.0,0.541367,63599.0,0.296572,1.820575,0.083151,0.431008,-0.084477,0.658647,7.497833,-0.0002,-0.1,-0.001,-0.01,-0.02,-0.2,0.493846,-0.003873,-0.007323,-0.000655,-0.000499,-0.266002,-0.152094,-0.0257,0.736264,-0.084857,-0.043775,-0.19486,-0.098916,1.330649,0.000489,-0.097326,-0.003468,-0.048117,4.708333,0.011696,0.073963,0.083482
95,88.708115,999.940002,0.889386,0.873433,0.041667,0.0,0.538579,64412.0,0.301198,1.82845,0.08512,0.429036,-0.0856,0.665565,7.4908,-0.0002,-0.1,-0.001,-0.01,-0.02,-0.2,0.49999,-0.003823,-0.005664,-0.000185,-0.0005,-0.267071,-0.15067,-0.025807,0.744516,-0.084178,-0.04543,-0.190762,-0.09827,1.345323,0.000478,-0.097805,-0.002816,-0.041906,4.458333,0.014294,0.069856,0.0894
96,89.135262,1000.0,0.89363,0.879341,0.0,0.0,0.535428,61249.0,0.28918,1.798345,0.076773,0.408498,-0.076482,0.630577,7.463953,-0.0002,-0.1,-0.001,-0.01,-0.02,-0.2,0.500007,-0.00395,-0.007027,0.0,-0.000483,-0.261452,-0.147394,-0.025531,0.724845,-0.083499,-0.042111,-0.18667,-0.096306,1.401432,0.000485,-0.095458,-0.003487,-0.049941,4.875,0.012226,0.082874,0.092637
97,89.599136,993.01001,0.870932,0.859812,0.0,0.041667,0.53334,64417.0,0.292867,1.794844,0.086256,0.437507,-0.08586,0.68277,7.488939,-0.0002,-0.1,-0.001,-0.01,-0.02,-0.2,0.492715,-0.003765,-0.006039,-0.000833,-0.000509,-0.256207,-0.1465,-0.025189,0.750846,-0.080655,-0.043042,-0.18422,-0.099709,1.333867,0.000571,-0.094204,-0.003251,-0.05167,4.291667,0.014345,0.090137,0.092639
98,87.40596,981.26001,0.863844,0.854952,0.125,0.0,0.530076,63813.0,0.28429,1.765489,0.082002,0.396723,-0.078043,0.613936,7.472919,-0.0002,-0.1,-0.001,-0.01,-0.02,-0.2,0.486179,-0.003722,-0.006154,-0.002278,-0.000475,-0.249521,-0.140908,-0.024714,0.718175,-0.080554,-0.042986,-0.180424,-0.094712,1.342966,0.000652,-0.091237,-0.002992,-0.033365,4.041667,0.01602,0.122966,0.104764
99,90.818932,1000.0,0.884093,0.873107,0.041667,0.0,0.527453,68737.0,0.291879,1.796127,0.083941,0.429825,-0.082228,0.669587,7.453675,-0.000275,-0.108333,-0.001083,-0.010625,-0.02125,-0.2125,0.497837,-0.003825,-0.006775,-0.000278,-0.000507,-0.252469,-0.144365,-0.025172,0.753089,-0.081646,-0.042928,-0.183269,-0.10061,1.369845,0.00056,-0.092706,-0.002465,-0.041267,4.5,0.013772,0.081779,0.088572
100,90.400101,986.929993,0.883726,0.875186,0.083333,0.0,0.522809,62522.0,0.289314,1.74639,0.095246,0.448887,-0.08761,0.71413,7.46788,-0.002,-0.3,-0.003,-0.025,-0.05,-0.5,0.49503,-0.004124,-0.007089,-0.000611,-0.000529,-0.24853,-0.144241,-0.025502,0.776616,-0.081611,-0.044009,-0.185299,-0.104534,1.362267,0.000489,-0.092444,-0.003491,-0.049318,4.083333,0.012958,0.08081,0.096136
101,88.51432,981.309998,0.883949,0.869129,0.086957,0.043478,0.520331,61102.0,0.284375,1.757867,0.084983,0.419264,-0.079429,0.657243,7.437963,-0.002,-0.3,-0.003,-0.025,-0.05,-0.5,0.491089,-0.004814,-0.007049,-0.001072,-0.00049,-0.24419,-0.141581,-0.026666,0.736487,-0.083304,-0.045144,-0.176752,-0.097055,1.363069,0.000601,-0.093607,-0.002159,-0.037355,4.26087,0.012471,0.085877,0.091746
102,91.742569,1000.0,0.889264,0.886778,0.0,0.0,0.515772,61148.0,0.289209,1.777797,0.09235,0.449979,-0.0853,0.705246,7.46035,-0.002,-0.3,-0.003,-0.025,-0.05,-0.5,0.500007,-0.005718,-0.00757,0.0,-0.000523,-0.245963,-0.145859,-0.028334,0.776186,-0.088615,-0.048071,-0.183969,-0.104531,1.386383,0.000606,-0.09699,-0.003256,-0.039186,4.333333,0.012926,0.07891,0.087807
103,89.823586,982.5,0.888655,0.869666,0.166667,0.0,0.512841,59918.0,0.276296,1.779821,0.083962,0.429166,-0.081378,0.670467,7.433034,-0.002,-0.3,-0.003,-0.025,-0.05,-0.5,0.4933,-0.006519,-0.006448,-0.001208,-0.000515,-0.239241,-0.141361,-0.028886,0.747949,-0.086604,-0.046799,-0.177493,-0.102065,1.402292,0.000594,-0.097175,-0.002568,-0.040133,4.166667,0.014511,0.082577,0.091105
104,90.837387,985.150024,0.87312,0.866661,0.083333,0.0,0.509524,68303.0,0.281673,1.741611,0.092179,0.443404,-0.085015,0.706215,7.446842,-0.002,-0.3,-0.003,-0.025,-0.05,-0.5,0.488649,-0.007194,-0.007387,-0.001111,-0.000519,-0.236318,-0.141027,-0.029291,0.754829,-0.088501,-0.050489,-0.176378,-0.101844,1.348601,0.000564,-0.098857,-0.003229,-0.042047,4.125,0.014003,0.088455,0.104029
105,88.909554,980.960022,0.879412,0.867633,0.125,0.0,0.50511,67944.0,0.276674,1.727851,0.081238,0.40287,-0.077108,0.630718,7.423677,-0.002,-0.3,-0.003,-0.025,-0.05,-0.5,0.490257,-0.007975,-0.006032,-0.001097,-0.000487,-0.233595,-0.136884,-0.030468,0.722987,-0.089163,-0.050392,-0.173781,-0.096849,1.377945,0.000563,-0.099977,-0.002804,-0.033614,4.708333,0.013607,0.082695,0.097147
106,91.091187,1000.0,0.899879,0.883003,0.0,0.0,0.501461,66965.0,0.278266,1.75696,0.091498,0.419108,-0.078887,0.674329,7.391556,-0.002,-0.3,-0.003,-0.025,-0.05,-0.5,0.500007,-0.008603,-0.006548,0.0,-0.000495,-0.235575,-0.139302,-0.031978,0.757738,-0.093815,-0.053664,-0.175309,-0.099201,1.421056,0.000551,-0.103202,-0.002501,-0.035401,4.125,0.01145,0.074563,0.08361
107,91.738304,998.75,0.890484,0.87166,0.043478,0.0,0.497745,65499.0,0.282879,1.745569,0.096412,0.440115,-0.083532,0.700979,7.411507,-0.002,-0.3,-0.003,-0.025,-0.05,-0.5,0.499459,-0.009264,-0.006407,-0.000348,-0.000509,-0.232267,-0.139366,-0.032824,0.756677,-0.095725,-0.055994,-0.170311,-0.101857,1.409244,0.000621,-0.104895,-0.002816,-0.037624,4.173913,0.01297,0.088375,0.098429
108,90.39492,992.840027,0.89322,0.889803,0.083333,0.0,0.493656,58204.0,0.282367,1.747595,0.096262,0.416399,-0.081411,0.668281,7.400245,-0.002,-0.3,-0.003,-0.025,-0.05,-0.5,0.496918,-0.009944,-0.005045,-0.000833,-0.000476,-0.229128,-0.136518,-0.033509,0.749959,-0.098028,-0.058718,-0.172184,-0.094234,1.392667,0.000593,-0.106028,-0.002862,-0.042238,3.833333,0.012635,0.078475,0.093238
109,93.090034,1000.0,0.901994,0.887935,0.0,0.041667,0.489326,64311.0,0.276985,1.737517,0.092868,0.436588,-0.083549,0.694197,7.374772,-0.002,-0.3,-0.003,-0.025,-0.05,-0.5,0.497201,-0.01081,-0.006127,-0.000278,-0.000507,-0.2272,-0.135547,-0.034219,0.764247,-0.098977,-0.057905,-0.171848,-0.099931,1.412236,0.00066,-0.107979,-0.002569,-0.029498,5.666667,0.0122,0.086863,0.080906
110,91.825821,1000.0,0.894993,0.890573,0.0,0.0,0.484611,56172.0,0.279269,1.738455,0.093856,0.422615,-0.078964,0.685897,7.383043,-0.002,-0.3,-0.003,-0.025,-0.05,-0.5,0.500007,-0.011641,-0.006805,0.0,-0.000489,-0.226113,-0.135812,-0.035784,0.752288,-0.101049,-0.060301,-0.170508,-0.099565,1.416344,0.000604,-0.109701,-0.003159,-0.038549,4.583333,0.012149,0.084379,0.093449
111,92.29113,992.400024,0.910651,0.888164,0.041667,0.0,0.480615,63430.0,0.274524,1.72239,0.095604,0.431058,-0.081748,0.697112,7.36206,-0.002,-0.3,-0.003,-0.025,-0.05,-0.5,0.497364,-0.012315,-0.00613,-0.000278,-0.000496,-0.222862,-0.136609,-0.036381,0.754433,-0.102351,-0.062492,-0.167323,-0.096721,1.418281,0.00067,-0.110843,-0.003553,-0.055417,4.666667,0.011324,0.075084,0.09687
112,92.170708,1000.0,0.903598,0.898366,0.0,0.0,0.476294,66234.0,0.277201,1.749121,0.094336,0.418015,-0.078833,0.683224,7.369863,-0.002,-0.3,-0.003,-0.025,-0.05,-0.5,0.500007,-0.012925,-0.005967,0.0,-0.000482,-0.219661,-0.134499,-0.037815,0.756975,-0.104913,-0.064783,-0.166217,-0.095513,1.428001,0.000684,-0.112075,-0.003367,-0.040582,4.458333,0.011935,0.076731,0.082055
113,91.503586,986.51001,0.888677,0.88136,0.083333,0.0,0.473641,64154.0,0.274439,1.734785,0.102334,0.432644,-0.082211,0.706494,7.339693,-0.002,-0.3,-0.003,-0.025,-0.05,-0.5,0.493836,-0.013262,-0.006066,-0.000833,-0.00049,-0.216378,-0.132841,-0.038409,0.764107,-0.105934,-0.06779,-0.161901,-0.097287,1.402116,0.000583,-0.113174,-0.003054,-0.038915,5.333333,0.015352,0.086392,0.095666
114,91.858246,1000.0,0.905139,0.891038,0.0,0.0,0.469869,57694.0,0.276943,1.738385,0.097843,0.424499,-0.080381,0.694165,7.34199,-0.002,-0.3,-0.003,-0.025,-0.05,-0.5,0.500007,-0.014287,-0.005449,0.0,-0.000473,-0.216424,-0.136655,-0.039911,0.752607,-0.109831,-0.069256,-0.165841,-0.093941,1.423036,0.000622,-0.116023,-0.003393,-0.048112,4.583333,0.011371,0.089592,0.093624
115,92.688431,995.179993,0.893978,0.888941,0.041667,0.0,0.466693,64074.0,0.27139,1.76062,0.099536,0.440171,-0.081482,0.695339,7.335014,-0.002,-0.3,-0.003,-0.025,-0.05,-0.5,0.497994,-0.015307,-0.005678,-0.000333,-0.000508,-0.21185,-0.131145,-0.04007,0.770798,-0.107632,-0.066332,-0.162222,-0.10342,1.426234,0.000751,-0.11647,-0.002803,-0.032257,3.833333,0.014147,0.082727,0.083758
116,92.795959,1000.0,0.902245,0.895302,0.0,0.0,0.463126,64106.0,0.272579,1.723865,0.103297,0.437389,-0.08071,0.703975,7.325589,-0.002,-0.3,-0.003,-0.025,-0.05,-0.5,0.500007,-0.015893,-0.006204,0.0,-0.000493,-0.210211,-0.133049,-0.041813,0.763075,-0.112338,-0.070417,-0.162454,-0.100578,1.437726,0.000633,-0.118114,-0.003317,-0.058303,5.0,0.009764,0.08674,0.077039
117,93.216164,994.599976,0.896795,0.888184,0.041667,0.0,0.458653,64717.0,0.264236,1.736877,0.099439,0.419742,-0.079122,0.683293,7.330673,-0.002,-0.3,-0.003,-0.025,-0.05,-0.5,0.494371,-0.016479,-0.005576,-0.000833,-0.000484,-0.205536,-0.127855,-0.042058,0.757659,-0.11217,-0.070432,-0.157061,-0.097214,1.441677,0.000749,-0.118175,-0.002474,-0.027648,5.041667,0.012936,0.093761,0.086674
118,93.494766,994.869995,0.905525,0.89628,0.041667,0.0,0.455395,66006.0,0.262918,1.70683,0.101178,0.425036,-0.078968,0.709421,7.346117,-0.002,-0.3,-0.003,-0.025,-0.05,-0.5,0.498222,-0.017063,-0.004946,-0.000278,-0.000489,-0.204783,-0.126671,-0.042823,0.769205,-0.111781,-0.070706,-0.157254,-0.097943,1.459608,0.000647,-0.119667,-0.00289,-0.032301,4.333333,0.010007,0.068405,0.082541
119,93.658806,1000.0,0.906553,0.899314,0.043478,0.0,0.453849,62792.0,0.266314,1.70565,0.101037,0.437733,-0.080813,0.71925,7.312679,-0.002,-0.3,-0.003,-0.025,-0.05,-0.5,0.499028,-0.018041,-0.005607,-0.001739,-0.000506,-0.203699,-0.127084,-0.043498,0.769711,-0.112564,-0.073246,-0.158772,-0.101801,1.434759,0.000731,-0.121963,-0.003708,-0.057805,4.565217,0.012929,0.093701,0.107471
120,91.76358,997.609985,0.902692,0.897491,0.083333,0.0,0.450983,69817.0,0.266724,1.693903,0.103127,0.400202,-0.075489,0.655939,7.333839,-0.002,-0.3,-0.003,-0.025,-0.05,-0.5,0.498298,-0.018124,-0.003823,-0.000516,-0.000448,-0.201927,-0.126545,-0.044618,0.741747,-0.11658,-0.076592,-0.153699,-0.090483,1.445328,0.000876,-0.12299,-0.00285,-0.031064,4.666667,0.01338,0.083319,0.077743
121,94.418358,1000.0,0.903728,0.894787,0.0,0.0,0.448216,70740.0,0.263724,1.703425,0.111162,0.428283,-0.077748,0.710065,7.353426,-0.002,-0.3,-0.003,-0.025,-0.05,-0.5,0.500007,-0.019012,-0.00574,0.0,-0.000471,-0.200168,-0.127592,-0.046366,0.776011,-0.119946,-0.078337,-0.154692,-0.096444,1.483562,0.000664,-0.124311,-0.004437,-0.050556,3.5,0.013723,0.086073,0.074365
122,93.163124,985.799988,0.891055,0.879684,0.083333,0.0,0.445056,65959.0,0.259487,1.652664,0.104286,0.427699,-0.078507,0.7,7.329001,-0.002,-0.3,-0.003,-0.025,-0.05,-0.5,0.493263,-0.019774,-0.005791,-0.000833,-0.000484,-0.194002,-0.12352,-0.046276,0.749612,-0.117071,-0.076975,-0.149648,-0.098737,1.445024,0.000697,-0.123974,-0.003413,-0.034197,4.5,0.011327,0.071407,0.087855
123,92.977814,1000.0,0.910219,0.889795,0.0,0.0,0.441857,65113.0,0.269004,1.678775,0.11223,0.411576,-0.076149,0.684102,7.312042,-0.002,-0.3,-0.003,-0.025,-0.05,-0.5,0.500007,-0.019968,-0.005653,0.0,-0.000459,-0.194789,-0.12203,-0.047063,0.759419,-0.120363,-0.080664,-0.14999,-0.093165,1.441826,0.000659,-0.126311,-0.00306,-0.026983,3.833333,0.012161,0.086733,0.0893
124,92.830521,1000.0,0.903284,0.90349,0.0,0.0,0.439248,60780.0,0.260673,1.69216,0.107858,0.426954,-0.078164,0.688519,7.340536,-0.002,-0.3,-0.003,-0.025,-0.05,-0.5,0.500007,-0.021212,-0.004698,0.0,-0.000465,-0.192612,-0.125085,-0.048271,0.751184,-0.12419,-0.081146,-0.149741,-0.09487,1.471622,0.000682,-0.128008,-0.003506,-0.036972,5.043478,0.014145,0.086177,0.083945
125,93.350731,995.119995,0.91024,0.889658,0.041667,0.0,0.437116,66002.0,0.260353,1.659163,0.111482,0.425834,-0.077935,0.696324,7.33635,-0.002,-0.3,-0.003,-0.025,-0.05,-0.5,0.498309,-0.021692,-0.00546,-0.000278,-0.000479,-0.1893,-0.121743,-0.048886,0.760753,-0.123114,-0.084319,-0.146346,-0.097942,1.475689,0.000757,-0.128649,-0.003782,-0.035604,4.958333,0.011539,0.072626,0.078441
126,94.05056,1000.0,0.912583,0.903286,0.0,0.0,0.434125,64543.0,0.256908,1.687557,0.107197,0.418937,-0.075922,0.689737,7.344321,-0.002,-0.3,-0.003,-0.025,-0.05,-0.5,0.500007,-0.022824,-0.00515,0.0,-0.000472,-0.18691,-0.120429,-0.04983,0.759751,-0.12533,-0.082675,-0.147355,-0.096839,1.487473,0.000738,-0.129434,-0.003157,-0.033231,7.875,0.012012,0.07149,0.091311
127,94.289566,998.48999,0.909538,0.89894,0.125,0.0,0.431035,62862.0,0.256945,1.663269,0.111348,0.4261,-0.07831,0.715002,7.312482,-0.002,-0.3,-0.003,-0.025,-0.05,-0.5,0.498191,-0.023359,-0.004752,-0.000632,-0.000474,-0.184483,-0.119446,-0.04992,0.768019,-0.124908,-0.08414,-0.147591,-0.096866,1.472786,0.000854,-0.130416,-0.003062,-0.034968,8.5,0.010724,0.090829,0.092933
128,95.309441,999.549988,0.912997,0.90501,0.041667,0.0,0.428406,59578.0,0.255935,1.66619,0.111268,0.43296,-0.078533,0.724973,7.304811,-0.002,-0.3,-0.003,-0.025,-0.05,-0.5,0.499847,-0.024018,-0.004303,-0.000278,-0.000483,-0.183325,-0.119498,-0.05148,0.775966,-0.127626,-0.086645,-0.144183,-0.097366,1.486256,0.00084,-0.132459,-0.003137,-0.033097,7.208333,0.012283,0.077543,0.080827
129,95.067017,1000.0,0.908676,0.902792,0.0,0.0,0.425376,68885.0,0.257379,1.665728,0.112388,0.417465,-0.076013,0.704271,7.303497,-0.002,-0.3,-0.003,-0.025,-0.05,-0.5,0.500007,-0.024304,-0.004727,0.0,-0.000462,-0.181513,-0.116475,-0.052403,0.766722,-0.128408,-0.090693,-0.143882,-0.0953,1.485796,0.000798,-0.133622,-0.002906,-0.025912,6.708333,0.012563,0.088242,0.092308
130,95.281975,992.51001,0.910553,0.902112,0.041667,0.0,0.421832,58801.0,0.24629,1.640858,0.108519,0.417736,-0.073595,0.705923,7.301046,-0.002,-0.3,-0.003,-0.025,-0.05,-0.5,0.498054,-0.025374,-0.005001,-0.000208,-0.000475,-0.177452,-0.113396,-0.052281,0.771791,-0.125648,-0.086689,-0.140227,-0.097251,1.519377,0.000844,-0.133288,-0.002874,-0.023869,7.375,0.011377,0.070548,0.068838
131,94.183746,1000.0,0.913051,0.90479,0.0,0.0,0.418442,66518.0,0.249279,1.629313,0.110061,0.402664,-0.071397,0.682275,7.293212,-0.002,-0.3,-0.003,-0.025,-0.05,-0.5,0.500007,-0.025828,-0.004523,0.0,-0.000444,-0.17621,-0.112815,-0.053048,0.756539,-0.127046,-0.089462,-0.13696,-0.091792,1.516453,0.000876,-0.134519,-0.003273,-0.032925,6.041667,0.01153,0.079963,0.078484
132,95.298897,1000.0,0.923072,0.913751,0.0,0.0,0.415599,65771.0,0.245788,1.61808,0.112846,0.417736,-0.072105,0.708307,7.31094,-0.002,-0.3,-0.003,-0.025,-0.05,-0.5,0.500007,-0.026958,-0.00536,0.0,-0.000461,-0.173616,-0.111719,-0.053707,0.771149,-0.128943,-0.089273,-0.136347,-0.095086,1.527786,0.000838,-0.135556,-0.003111,-0.035412,6.416667,0.00946,0.069902,0.076209
133,93.499496,1000.0,0.910591,0.908319,0.0,0.0,0.412974,63433.0,0.246073,1.622973,0.111598,0.41395,-0.073231,0.691206,7.288895,-0.002,-0.3,-0.003,-0.025,-0.05,-0.5,0.500007,-0.02746,-0.004908,0.0,-0.000458,-0.172351,-0.111988,-0.05496,0.751353,-0.130224,-0.091508,-0.134018,-0.094605,1.527626,0.000897,-0.137328,-0.003468,-0.037058,6.041667,0.011363,0.083081,0.077937
134,94.547356,992.48999,0.908826,0.899986,0.041667,0.0,0.410606,67007.0,0.247715,1.628619,0.114843,0.402411,-0.071601,0.687584,7.301689,-0.002,-0.3,-0.003,-0.025,-0.05,-0.5,0.496873,-0.027266,-0.00468,-0.000333,-0.000431,-0.169562,-0.111058,-0.055587,0.743202,-0.131796,-0.093882,-0.130458,-0.088659,1.498267,0.000964,-0.13771,-0.003129,-0.035988,4.875,0.014332,0.071515,0.084596
135,95.694893,1000.0,0.909908,0.899237,0.0,0.0,0.408489,63938.0,0.247422,1.618188,0.117197,0.417107,-0.073726,0.703803,7.287092,-0.002,-0.3,-0.003,-0.025,-0.05,-0.5,0.500007,-0.028208,-0.004657,0.0,-0.000455,-0.168492,-0.109509,-0.055913,0.754614,-0.133777,-0.09575,-0.13185,-0.09458,1.520401,0.000855,-0.139361,-0.00351,-0.036254,5.73913,0.011354,0.0799,0.079937
136,95.406128,1000.0,0.913793,0.899533,0.0,0.0,0.40641,68995.0,0.247793,1.641252,0.116459,0.403604,-0.071546,0.692507,7.296126,-0.002,-0.3,-0.003,-0.025,-0.05,-0.5,0.500007,-0.029007,-0.00502,0.0,-0.000437,-0.166863,-0.109342,-0.057078,0.759641,-0.135114,-0.096832,-0.130397,-0.090898,1.520561,0.000811,-0.1409,-0.003077,-0.024107,4.166667,0.012174,0.067788,0.072781
137,95.038826,986.530029,0.89906,0.890378,0.083333,0.0,0.404182,66239.0,0.24358,1.607876,0.125278,0.417947,-0.073784,0.713682,7.274721,-0.002,-0.3,-0.003,-0.025,-0.05,-0.5,0.492232,-0.028665,-0.004351,-0.000833,-0.000445,-0.162459,-0.106599,-0.056902,0.759934,-0.13743,-0.100085,-0.12751,-0.091884,1.502816,0.000761,-0.139713,-0.003449,-0.027613,4.708333,0.012466,0.079169,0.089244
138,95.386864,991.780029,0.901053,0.891127,0.125,0.0,0.402632,67277.0,0.237444,1.583109,0.115827,0.408202,-0.070581,0.696118,7.265853,-0.002,-0.3,-0.003,-0.025,-0.05,-0.5,0.490028,-0.029993,-0.00407,-0.001583,-0.000445,-0.158654,-0.104255,-0.056777,0.753246,-0.134095,-0.097435,-0.127267,-0.092386,1.505949,0.000882,-0.138917,-0.003109,-0.02901,4.5,0.01196,0.086015,0.110423
139,94.785416,984.900024,0.911567,0.89401,0.125,0.0,0.400905,66928.0,0.239578,1.600519,0.118528,0.403228,-0.06879,0.685132,7.221972,-0.002,-0.3,-0.003,-0.025,-0.05,-0.5,0.494073,-0.030623,-0.005192,-0.001111,-0.000436,-0.157744,-0.105514,-0.059641,0.75674,-0.137787,-0.099228,-0.126289,-0.090958,1.518456,0.001013,-0.140647,-0.003279,-0.036761,4.625,0.011709,0.087141,0.090657
140,93.998131,991.330017,0.911502,0.899117,0.041667,0.0,0.398314,69006.0,0.243703,1.574941,0.116199,0.384525,-0.066518,0.656422,7.267788,-0.002,-0.3,-0.003,-0.025,-0.05,-0.5,0.49767,-0.030708,-0.004319,-0.000278,-0.000413,-0.157757,-0.102937,-0.059535,0.739304,-0.139336,-0.101363,-0.122201,-0.085817,1.523908,0.001006,-0.143256,-0.003142,-0.024806,3.916667,0.011735,0.083394,0.079308
141,96.470131,1000.0,0.920232,0.911321,0.0,0.0,0.395569,60849.0,0.238076,1.610388,0.119858,0.407913,-0.069771,0.703255,7.228817,-0.002,-0.3,-0.003,-0.025,-0.05,-0.5,0.500007,-0.032276,-0.004327,0.0,-0.000442,-0.15576,-0.102783,-0.06108,0.772231,-0.139013,-0.100093,-0.122895,-0.092343,1.558983,0.001056,-0.144214,-0.003325,-0.030597,4.791667,0.010563,0.066999,0.079829
142,98.714333,1000.0,0.922867,0.906212,0.0,0.0,0.393441,66963.0,0.232611,1.597934,0.121074,0.418432,-0.071108,0.720766,7.208511,-0.002,-0.3,-0.003,-0.025,-0.05,-0.5,0.500007,-0.032478,-0.003916,0.0,-0.00045,-0.153747,-0.099722,-0.060651,0.777521,-0.136075,-0.096891,-0.120623,-0.093145,1.568255,0.000958,-0.143736,-0.003127,-0.01511,3.541667,0.013038,0.076434,0.094941
143,95.232697,988.809998,0.892569,0.882943,0.130435,0.0,0.391409,71698.0,0.238811,1.568198,0.130988,0.436226,-0.074337,0.72893,7.220636,-0.002,-0.3,-0.003,-0.025,-0.05,-0.5,0.491014,-0.031033,-0.004514,-0.001594,-0.000445,-0.150365,-0.101597,-0.059646,0.759503,-0.138879,-0.101283,-0.120425,-0.094436,1.502154,0.000907,-0.140824,-0.00334,-0.030748,4.478261,0.013632,0.098696,0.099733
144,97.937851,1000.0,0.913851,0.903147,0.0,0.0,0.388809,69105.0,0.241773,1.594553,0.132931,0.427593,-0.074614,0.743743,7.222703,-0.002,-0.3,-0.003,-0.025,-0.05,-0.5,0.500007,-0.03195,-0.004027,0.0,-0.000457,-0.150247,-0.102849,-0.060273,0.791934,-0.138268,-0.101126,-0.121037,-0.094484,1.540576,0.000908,-0.140126,-0.003791,-0.025984,4.166667,0.011987,0.08096,0.093202
145,96.728806,1000.0,0.914262,0.9089,0.0,0.0,0.386503,72079.0,0.235106,1.574268,0.119436,0.395595,-0.066774,0.681992,7.238529,-0.002,-0.3,-0.003,-0.025,-0.05,-0.5,0.500007,-0.032026,-0.004916,0.0,-0.000427,-0.147987,-0.099038,-0.060279,0.757817,-0.133789,-0.098547,-0.12114,-0.089875,1.562284,0.00095,-0.137947,-0.003336,-0.029575,4.75,0.010122,0.080093,0.071684
146,97.525902,996.349976,0.916711,0.90841,0.083333,0.0,0.384508,61488.0,0.233095,1.574152,0.125592,0.405724,-0.067176,0.709271,7.217973,-0.002,-0.3,-0.003,-0.025,-0.05,-0.5,0.49767,-0.031429,-0.00419,-0.001111,-0.000433,-0.145069,-0.096874,-0.058871,0.772319,-0.130425,-0.098511,-0.1179,-0.090199,1.558252,0.000994,-0.135151,-0.002791,-0.023606,4.666667,0.010301,0.074632,0.08913
147,96.363525,1000.0,0.923572,0.907806,0.0,0.0,0.382416,69950.0,0.235402,1.563659,0.121427,0.390114,-0.066508,0.681226,7.194519,-0.002,-0.3,-0.003,-0.025,-0.05,-0.5,0.500007,-0.031474,-0.005126,0.0,-0.000437,-0.144774,-0.097561,-0.0604,0.770849,-0.131512,-0.097711,-0.117823,-0.090787,1.565659,0.001021,-0.134782,-0.003374,-0.05539,4.25,0.01091,0.069096,0.075785
148,97.091125,996.01001,0.914394,0.904858,0.041667,0.0,0.380246,68705.0,0.235201,1.543657,0.122435,0.391129,-0.066136,0.663297,7.218246,-0.002,-0.3,-0.003,-0.025,-0.05,-0.5,0.49834,-0.031315,-0.0043,-0.000333,-0.000412,-0.143795,-0.098377,-0.059121,0.731933,-0.130816,-0.10081,-0.117068,-0.086444,1.567795,0.00102,-0.134127,-0.00298,-0.025333,4.375,0.011507,0.07541,0.081464
149,97.672928,994.940002,0.890385,0.897158,0.041667,0.0,0.377826,70108.0,0.228471,1.540564,0.122858,0.397495,-0.067515,0.677675,7.230699,-0.002,-0.3,-0.003,-0.025,-0.05,-0.5,0.489444,-0.030575,-0.002966,-0.001667,-0.00043,-0.138485,-0.096011,-0.059245,0.750306,-0.128521,-0.09479,-0.113483,-0.089127,1.533384,0.001052,-0.129906,-0.002654,-0.024096,3.541667,0.010177,0.083394,0.083627
150,98.511742,1000.0,0.917179,0.903142,0.0,0.0,0.377121,67687.0,0.233968,1.576623,0.129984,0.420599,-0.070534,0.719679,7.214509,-0.002,-0.3,-0.003,-0.025,-0.05,-0.5,0.500007,-0.031004,-0.005407,0.0,-0.000438,-0.140452,-0.097471,-0.059401,0.770725,-0.130711,-0.099385,-0.11903,-0.092743,1.564632,0.000982,-0.132086,-0.003017,-0.030322,4.416667,0.013235,0.076291,0.086623
151,99.483932,1000.0,0.916526,0.911604,0.041667,0.0,0.374745,68790.0,0.235815,1.574785,0.132407,0.4113,-0.068088,0.711938,7.208526,-0.002,-0.3,-0.003,-0.025,-0.05,-0.5,0.49778,-0.030394,-0.004421,-0.000238,-0.000409,-0.137926,-0.096134,-0.058469,0.761308,-0.129101,-0.101211,-0.112843,-0.086007,1.551099,0.000959,-0.129372,-0.00276,-0.019279,5.208333,0.010511,0.066172,0.075365
152,99.481758,1000.0,0.921905,0.910228,0.0,0.0,0.373045,58711.0,0.228675,1.541794,0.125168,0.400647,-0.066189,0.698363,7.228377,-0.002,-0.3,-0.003,-0.025,-0.05,-0.5,0.500007,-0.030731,-0.003423,0.0,-0.000425,-0.13677,-0.093915,-0.059217,0.766597,-0.125651,-0.094478,-0.111253,-0.088241,1.578662,0.001013,-0.127966,-0.002824,-0.031667,4.708333,0.01177,0.06679,0.069485
153,98.993774,1000.0,0.916715,0.920517,0.0,0.0,0.370762,66974.0,0.229923,1.538282,0.133928,0.408854,-0.066581,0.718307,7.246861,-0.002,-0.3,-0.003,-0.025,-0.05,-0.5,0.500007,-0.030171,-0.004589,0.0,-0.000412,-0.135274,-0.093862,-0.05881,0.775254,-0.12533,-0.098391,-0.111251,-0.088177,1.583665,0.00111,-0.126965,-0.003163,-0.036715,4.666667,0.011333,0.067787,0.06526
154,98.831261,997.25,0.91972,0.904998,0.083333,0.0,0.369178,68516.0,0.230312,1.56887,0.132344,0.417964,-0.06808,0.716147,7.253625,-0.002,-0.3,-0.003,-0.025,-0.05,-0.5,0.499269,-0.030705,-0.004917,-0.000446,-0.000426,-0.133933,-0.093909,-0.058808,0.764789,-0.12515,-0.095836,-0.112119,-0.090244,1.570229,0.001197,-0.126235,-0.002504,-0.025515,4.625,0.010003,0.080938,0.095237
155,100.889534,1000.0,0.923775,0.907198,0.0,0.0,0.366771,69843.0,0.227515,1.544794,0.133954,0.417854,-0.067738,0.737781,7.209317,-0.002,-0.3,-0.003,-0.025,-0.05,-0.5,0.500007,-0.0303,-0.005049,0.0,-0.00043,-0.132507,-0.093154,-0.058632,0.782439,-0.123992,-0.096944,-0.111863,-0.090635,1.589302,0.00112,-0.124594,-0.002931,-0.020786,5.375,0.010585,0.074406,0.085689
156,99.74791,994.409973,0.919767,0.909428,0.041667,0.0,0.365527,68698.0,0.223617,1.550647,0.131654,0.401639,-0.065842,0.701502,7.248039,-0.002,-0.3,-0.003,-0.025,-0.05,-0.5,0.498062,-0.030278,-0.003346,-0.000278,-0.000408,-0.130453,-0.092725,-0.057171,0.767579,-0.123142,-0.093115,-0.109286,-0.086524,1.594107,0.001047,-0.122486,-0.002295,-0.022065,4.291667,0.011198,0.067142,0.095069
157,101.702728,1000.0,0.924999,0.91106,0.0,0.0,0.363492,68946.0,0.225708,1.522032,0.145862,0.423912,-0.068741,0.753996,7.251308,-0.002,-0.3,-0.003,-0.025,-0.05,-0.5,0.500007,-0.029894,-0.003752,0.0,-0.000431,-0.130394,-0.091682,-0.057073,0.798087,-0.121117,-0.096223,-0.107195,-0.091406,1.591149,0.00123,-0.121902,-0.003089,-0.030699,4.083333,0.012664,0.073446,0.086842
158,101.874336,1000.0,0.922051,0.917576,0.0,0.0,0.362552,61096.0,0.224422,1.520266,0.14363,0.409159,-0.06658,0.728798,7.250089,-0.002,-0.3,-0.003,-0.025,-0.05,-0.5,0.500007,-0.029788,-0.003132,0.0,-0.000417,-0.127716,-0.087771,-0.055324,0.789881,-0.11842,-0.093121,-0.103451,-0.087813,1.59249,0.001207,-0.119411,-0.002794,-0.022458,5.041667,0.010819,0.067191,0.074624
159,102.401413,1000.0,0.92419,0.918285,0.0,0.0,0.360753,71234.0,0.225682,1.534248,0.143871,0.4222,-0.068332,0.748005,7.234372,-0.002,-0.3,-0.003,-0.025,-0.05,-0.5,0.500007,-0.029502,-0.003543,0.0,-0.000429,-0.126449,-0.088399,-0.056527,0.79654,-0.119678,-0.095314,-0.103719,-0.09052,1.594447,0.001184,-0.119124,-0.002676,-0.026006,4.791667,0.011248,0.059579,0.065704
160,101.41539,1000.0,0.919344,0.909666,0.0,0.0,0.359182,68230.0,0.222036,1.521528,0.132177,0.394664,-0.062769,0.706106,7.221345,-0.002,-0.3,-0.003,-0.025,-0.05,-0.5,0.500007,-0.029905,-0.004286,0.0,-0.000406,-0.124796,-0.088115,-0.056409,0.773584,-0.116882,-0.093281,-0.103914,-0.087456,1.61358,0.001119,-0.116867,-0.00237,-0.021886,4.304348,0.013421,0.078563,0.077086
161,101.939262,1000.0,0.926204,0.91432,0.0,0.0,0.357206,71325.0,0.222119,1.484449,0.143528,0.413948,-0.06651,0.735921,7.255426,-0.002,-0.3,-0.003,-0.025,-0.05,-0.5,0.500007,-0.029565,-0.003931,0.0,-0.000423,-0.124198,-0.088421,-0.056113,0.79087,-0.119157,-0.095925,-0.103757,-0.089002,1.609564,0.001133,-0.116551,-0.002908,-0.029669,4.375,0.010024,0.064894,0.074257
162,101.972977,997.840027,0.917994,0.906161,0.041667,0.0,0.355064,71488.0,0.22329,1.487195,0.140318,0.405789,-0.063926,0.713494,7.265365,-0.002,-0.3,-0.003,-0.025,-0.05,-0.5,0.498876,-0.028934,-0.004919,-0.000417,-0.000401,-0.12263,-0.08708,-0.055375,0.766223,-0.116849,-0.095128,-0.101085,-0.085633,1.605434,0.001182,-0.115612,-0.002894,-0.026355,4.541667,0.010007,0.071374,0.068923
163,101.52813,998.059998,0.92513,0.918666,0.041667,0.0,0.353474,62518.0,0.218772,1.531398,0.137459,0.397989,-0.063584,0.702162,7.241413,-0.002,-0.3,-0.003,-0.025,-0.05,-0.5,0.4996,-0.029397,-0.003139,-0.000167,-0.000392,-0.121958,-0.086109,-0.055067,0.770321,-0.114647,-0.091454,-0.101294,-0.082167,1.605231,0.001246,-0.114824,-0.002068,-0.014038,4.25,0.012026,0.063115,0.080843
164,102.092438,991.559998,0.92435,0.909638,0.041667,0.0,0.351638,71001.0,0.216621,1.507168,0.139458,0.410042,-0.064171,0.740642,7.250903,-0.002,-0.3,-0.003,-0.025,-0.05,-0.5,0.497492,-0.029662,-0.003635,-0.000238,-0.000422,-0.119545,-0.085841,-0.055074,0.792296,-0.113201,-0.087304,-0.101708,-0.088992,1.607089,0.001286,-0.112455,-0.002528,-0.017706,3.833333,0.01043,0.08416,0.082
165,103.094078,1000.0,0.929439,0.910798,0.0,0.0,0.350474,72400.0,0.222064,1.497563,0.153307,0.411975,-0.065741,0.739086,7.257001,-0.002,-0.3,-0.003,-0.025,-0.05,-0.5,0.500007,-0.028565,-0.003672,0.0,-0.000409,-0.120413,-0.084303,-0.053623,0.797958,-0.114381,-0.093813,-0.100788,-0.086358,1.604516,0.001064,-0.112711,-0.002438,-0.021937,4.5,0.01138,0.082116,0.066725
166,102.850723,1000.0,0.924154,0.908792,0.0,0.0,0.348711,73169.0,0.224104,1.524833,0.149509,0.425504,-0.067765,0.738028,7.248987,-0.002,-0.3,-0.003,-0.025,-0.05,-0.5,0.500007,-0.029167,-0.005594,0.0,-0.000424,-0.119156,-0.087451,-0.055217,0.79313,-0.115912,-0.094015,-0.101958,-0.090543,1.59718,0.001336,-0.112737,-0.002648,-0.019855,4.608696,0.011834,0.076649,0.076624
167,102.099373,998.450012,0.925735,0.919868,0.083333,0.0,0.34759,72347.0,0.216794,1.48517,0.130724,0.385876,-0.060304,0.688109,7.230781,-0.002,-0.3,-0.003,-0.025,-0.05,-0.5,0.499665,-0.029192,-0.003421,-0.000352,-0.000386,-0.117341,-0.084056,-0.05483,0.760135,-0.111071,-0.089099,-0.099383,-0.081616,1.62121,0.001235,-0.110594,-0.002383,-0.026076,5.375,0.010613,0.079768,0.071139
168,101.685928,1000.0,0.92638,0.917977,0.0,0.0,0.346203,72412.0,0.217144,1.482742,0.137454,0.401707,-0.062231,0.713807,7.244877,-0.002,-0.3,-0.003,-0.025,-0.05,-0.5,0.500007,-0.029081,-0.003783,0.0,-0.000401,-0.116028,-0.084381,-0.054883,0.776576,-0.110466,-0.090244,-0.097942,-0.084497,1.62305,0.001248,-0.109631,-0.002311,-0.023403,9.041667,0.01054,0.073077,0.069688
169,102.348389,990.219971,0.91751,0.906397,0.125,0.0,0.343974,62894.0,0.216031,1.476548,0.146566,0.411895,-0.063324,0.726149,7.267485,-0.002,-0.3,-0.003,-0.025,-0.05,-0.5,0.494592,-0.028471,-0.004047,-0.000823,-0.000401,-0.113552,-0.082556,-0.053558,0.779363,-0.109121,-0.089561,-0.096783,-0.085627,1.596818,0.00129,-0.107533,-0.002441,-0.02637,7.666667,0.012759,0.079467,0.081874
170,102.360054,1000.0,0.928274,0.920146,0.0,0.0,0.341978,71717.0,0.213573,1.48639,0.135109,0.391162,-0.060644,0.696359,7.238224,-0.002,-0.3,-0.003,-0.025,-0.05,-0.5,0.500007,-0.0292,-0.003401,0.0,-0.000388,-0.113696,-0.083365,-0.053842,0.767822,-0.109114,-0.087843,-0.095792,-0.082339,1.630645,0.001359,-0.107191,-0.002367,-0.019801,7.541667,0.011713,0.073816,0.070261
171,103.81353,992.73999,0.928397,0.916303,0.041667,0.0,0.341294,72297.0,0.213111,1.519695,0.144122,0.413428,-0.063567,0.737813,7.221941,-0.002,-0.3,-0.003,-0.025,-0.05,-0.5,0.498925,-0.028982,-0.003058,-0.000119,-0.000407,-0.112485,-0.082818,-0.053747,0.783894,-0.108905,-0.089178,-0.095603,-0.08521,1.630643,0.001271,-0.106727,-0.002039,-0.019206,6.916667,0.010933,0.068956,0.070847
172,103.697693,1000.0,0.924823,0.915662,0.0,0.0,0.339119,71582.0,0.217458,1.506402,0.149119,0.424023,-0.065632,0.749551,7.255666,-0.002,-0.3,-0.003,-0.025,-0.05,-0.5,0.500007,-0.028693,-0.003814,0.0,-0.000402,-0.112061,-0.083896,-0.053788,0.785981,-0.109985,-0.089963,-0.096138,-0.085132,1.613205,0.001234,-0.106896,-0.002311,-0.019029,6.5,0.011088,0.071449,0.076935
173,102.953445,993.23999,0.929651,0.917819,0.041667,0.0,0.337353,67787.0,0.210909,1.49223,0.137856,0.398239,-0.06068,0.70644,7.24046,-0.002,-0.3,-0.003,-0.025,-0.05,-0.5,0.498831,-0.028857,-0.003593,-0.000139,-0.000388,-0.109961,-0.080503,-0.052319,0.771955,-0.105989,-0.086995,-0.094197,-0.082608,1.631459,0.001281,-0.104056,-0.00258,-0.027147,6.25,0.010935,0.06545,0.084603
174,104.978798,1000.0,0.930991,0.922732,0.0,0.0,0.335752,71811.0,0.211915,1.483064,0.143178,0.408522,-0.061857,0.726221,7.243049,-0.002,-0.3,-0.003,-0.025,-0.05,-0.5,0.500007,-0.029011,-0.00368,0.0,-0.000398,-0.109561,-0.080438,-0.05229,0.776326,-0.104742,-0.085586,-0.094288,-0.084887,1.629606,0.001284,-0.104019,-0.002291,-0.021276,5.916667,0.011272,0.074437,0.068065
175,104.455147,1000.0,0.927361,0.922129,0.0,0.0,0.334773,60965.0,0.21187,1.466319,0.144792,0.399027,-0.060694,0.716474,7.226902,-0.002,-0.3,-0.003,-0.025,-0.05,-0.5,0.500007,-0.028316,-0.003273,0.0,-0.000384,-0.108069,-0.078586,-0.052696,0.779636,-0.104998,-0.086448,-0.091792,-0.082387,1.635381,0.001498,-0.102816,-0.002258,-0.020483,5.791667,0.010084,0.073404,0.072873
176,103.832611,1000.0,0.929528,0.923223,0.0,0.0,0.332767,72919.0,0.210744,1.504053,0.142145,0.404154,-0.061017,0.716618,7.248321,-0.002,-0.3,-0.003,-0.025,-0.05,-0.5,0.500007,-0.028926,-0.00461,0.0,-0.000393,-0.107238,-0.080874,-0.053379,0.778128,-0.105269,-0.08881,-0.094498,-0.083919,1.643002,0.001398,-0.102265,-0.002176,-0.020556,4.869565,0.010274,0.057324,0.075184
177,105.036484,1000.0,0.927806,0.917879,0.0,0.0,0.331435,71880.0,0.210557,1.482429,0.15039,0.411063,-0.061659,0.736561,7.232213,-0.002,-0.3,-0.003,-0.025,-0.05,-0.5,0.500007,-0.027819,-0.003203,0.0,-0.000395,-0.106834,-0.078006,-0.052094,0.784109,-0.104518,-0.086408,-0.08905,-0.084249,1.641112,0.001305,-0.101625,-0.002254,-0.025017,5.666667,0.010416,0.073164,0.065397
178,104.680695,1000.0,0.931478,0.917021,0.0,0.0,0.330496,72053.0,0.214691,1.473515,0.152016,0.423326,-0.064289,0.744125,7.245669,-0.002,-0.3,-0.003,-0.025,-0.05,-0.5,0.500007,-0.028178,-0.004219,0.0,-0.000398,-0.106171,-0.080752,-0.052785,0.778317,-0.105047,-0.087649,-0.090775,-0.084764,1.619711,0.001279,-0.101778,-0.00256,-0.02333,4.166667,0.010274,0.070499,0.071823
179,103.958488,996.340027,0.929317,0.918428,0.041667,0.0,0.32893,72385.0,0.207513,1.48234,0.144919,0.406286,-0.061207,0.720916,7.238487,-0.002,-0.3,-0.003,-0.025,-0.05,-0.5,0.498732,-0.028263,-0.002905,-0.000278,-0.000382,-0.104337,-0.07816,-0.051685,0.773177,-0.10149,-0.082653,-0.090055,-0.081258,1.640629,0.001478,-0.099745,-0.002037,-0.018415,4.958333,0.010981,0.067744,0.075303
180,104.296768,1000.0,0.929096,0.916585,0.0,0.0,0.32793,72309.0,0.209595,1.471522,0.151265,0.412877,-0.061633,0.730192,7.25034,-0.002,-0.3,-0.003,-0.025,-0.05,-0.5,0.500007,-0.027749,-0.003374,0.0,-0.000385,-0.103969,-0.077337,-0.051672,0.774261,-0.1024,-0.08616,-0.088248,-0.081883,1.64415,0.001423,-0.099225,-0.002207,-0.015109,4.625,0.0107,0.072827,0.066897
181,104.882874,999.48999,0.928855,0.922501,0.041667,0.0,0.326358,61785.0,0.210129,1.472625,0.153903,0.408773,-0.061705,0.736724,7.24015,-0.002,-0.3,-0.003,-0.025,-0.05,-0.5,0.499826,-0.027675,-0.00312,-0.000278,-0.000386,-0.103155,-0.077861,-0.051794,0.786385,-0.101383,-0.085785,-0.087569,-0.081805,1.629384,0.001583,-0.098283,-0.001877,-0.017128,4.5,0.01097,0.072815,0.067936
182,104.052643,1000.0,0.932205,0.92043,0.0,0.0,0.324972,72855.0,0.207242,1.422081,0.139011,0.388948,-0.057352,0.690845,7.226692,-0.002,-0.3,-0.003,-0.025,-0.05,-0.5,0.500007,-0.027922,-0.002979,0.0,-0.00037,-0.102386,-0.076079,-0.05167,0.756693,-0.100199,-0.08283,-0.087211,-0.078362,1.645663,0.001547,-0.097457,-0.002248,-0.022196,4.0,0.009844,0.072619,0.076903
183,106.114876,1000.0,0.930396,0.92986,0.0,0.0,0.323777,73375.0,0.208203,1.462517,0.155577,0.417337,-0.062295,0.746472,7.236485,-0.002,-0.3,-0.003,-0.025,-0.05,-0.5,0.500007,-0.027802,-0.003142,0.0,-0.000394,-0.101344,-0.076642,-0.051676,0.792677,-0.101112,-0.083667,-0.086642,-0.084375,1.644915,0.001506,-0.097152,-0.002431,-0.023612,4.875,0.012207,0.066079,0.067569
184,105.467018,1000.0,0.93153,0.919908,0.0,0.0,0.322688,73450.0,0.209379,1.467881,0.157781,0.408126,-0.061115,0.726954,7.241299,-0.002,-0.3,-0.003,-0.025,-0.05,-0.5,0.500007,-0.027099,-0.003021,0.0,-0.000374,-0.100976,-0.076452,-0.050487,0.78125,-0.102114,-0.086681,-0.084841,-0.079369,1.630997,0.001361,-0.096413,-0.002359,-0.020094,3.416667,0.008634,0.075449,0.079745
185,104.143639,991.210022,0.925978,0.913285,0.043478,0.0,0.32191,73640.0,0.205526,1.459431,0.146165,0.403385,-0.058537,0.706198,7.23244,-0.002,-0.3,-0.003,-0.025,-0.05,-0.5,0.497615,-0.027406,-0.003396,-0.000217,-0.000364,-0.099169,-0.076218,-0.050951,0.762836,-0.100614,-0.083793,-0.086996,-0.078579,1.642316,0.001434,-0.095017,-0.002127,-0.021272,5.0,0.011676,0.075427,0.070083
186,104.777885,999.710022,0.923257,0.909315,0.041667,0.0,0.320027,73374.0,0.210569,1.451136,0.148751,0.41055,-0.059451,0.737451,7.212371,-0.002,-0.3,-0.003,-0.025,-0.05,-0.5,0.499902,-0.027907,-0.003874,-0.000278,-0.000387,-0.098928,-0.076471,-0.052316,0.773715,-0.098775,-0.085119,-0.086518,-0.08371,1.634293,0.001471,-0.094562,-0.002685,-0.029268,3.5,0.012525,0.072391,0.087015
187,105.926048,1000.0,0.924181,0.923153,0.0,0.0,0.318956,63508.0,0.205684,1.450425,0.153971,0.405676,-0.058562,0.720424,7.224979,-0.002,-0.3,-0.003,-0.025,-0.05,-0.5,0.500007,-0.026984,-0.003375,0.0,-0.000367,-0.098266,-0.074025,-0.050911,0.765433,-0.097622,-0.084047,-0.082547,-0.078169,1.655426,0.001539,-0.094371,-0.002325,-0.026256,5.0,0.010829,0.069328,0.079556
188,105.7715,1000.0,0.935659,0.929346,0.0,0.0,0.317828,72270.0,0.202405,1.451962,0.152019,0.397246,-0.057364,0.722617,7.234715,-0.002,-0.3,-0.003,-0.025,-0.05,-0.5,0.500007,-0.027305,-0.003393,0.0,-0.000361,-0.097225,-0.073298,-0.04934,0.781679,-0.096603,-0.081285,-0.082471,-0.077136,1.666529,0.001527,-0.092983,-0.002487,-0.026606,4.375,0.011115,0.061974,0.071535
189,105.521545,1000.0,0.929368,0.925448,0.0,0.0,0.317073,73170.0,0.204594,1.425878,0.147556,0.401775,-0.057499,0.717391,7.226739,-0.002,-0.3,-0.003,-0.025,-0.05,-0.5,0.500007,-0.02764,-0.003202,0.0,-0.000366,-0.096577,-0.074744,-0.050226,0.771097,-0.096069,-0.081173,-0.082362,-0.078211,1.654327,0.001564,-0.092746,-0.002078,-0.024934,4.458333,0.010509,0.064779,0.072425
190,106.509087,991.119995,0.914987,0.91275,0.041667,0.0,0.315731,73049.0,0.199238,1.419207,0.161921,0.407423,-0.059408,0.743189,7.226437,-0.002,-0.3,-0.003,-0.025,-0.05,-0.5,0.490746,-0.026098,-0.002868,-0.000833,-0.000374,-0.093797,-0.070568,-0.048851,0.78458,-0.093377,-0.081865,-0.079192,-0.07898,1.631087,0.001562,-0.089731,-0.002063,-0.025665,4.125,0.011419,0.075033,0.08446
191,105.90535,994.76001,0.928093,0.929291,0.041667,0.0,0.314545,71858.0,0.196754,1.427263,0.141811,0.386296,-0.054647,0.70871,7.236362,-0.002,-0.3,-0.003,-0.025,-0.05,-0.5,0.498184,-0.027596,-0.002666,-0.000278,-0.000363,-0.094264,-0.071496,-0.05029,0.762747,-0.092348,-0.079026,-0.079938,-0.077506,1.670804,0.001513,-0.09042,-0.002122,-0.021796,3.583333,0.009494,0.059643,0.065463
192,107.936653,1000.0,0.920717,0.919704,0.0,0.0,0.313568,72060.0,0.202371,1.483223,0.158238,0.430811,-0.061654,0.76529,7.226003,-0.002,-0.3,-0.003,-0.025,-0.05,-0.5,0.500007,-0.027375,-0.004029,0.0,-0.000385,-0.094539,-0.075778,-0.050859,0.783511,-0.097348,-0.081951,-0.083203,-0.082928,1.658944,0.001642,-0.092021,-0.002117,-0.018387,5.166667,0.009875,0.082246,0.069035
193,108.248215,1000.0,0.928166,0.926901,0.041667,0.0,0.312216,61179.0,0.203242,1.473434,0.158218,0.420033,-0.059631,0.753729,7.221229,-0.002,-0.3,-0.003,-0.025,-0.05,-0.5,0.499054,-0.027091,-0.003891,-0.000208,-0.000374,-0.092865,-0.073137,-0.049655,0.789208,-0.094418,-0.082572,-0.081874,-0.080894,1.659028,0.001577,-0.089972,-0.002062,-0.02107,5.0,0.011063,0.07128,0.071469
194,108.793587,1000.0,0.924095,0.933422,0.0,0.0,0.311094,68902.0,0.200582,1.484421,0.162179,0.422458,-0.059977,0.751653,7.218341,-0.002,-0.3,-0.003,-0.025,-0.05,-0.5,0.500007,-0.026823,-0.003262,0.0,-0.000379,-0.092635,-0.073574,-0.051009,0.790602,-0.094643,-0.083322,-0.080675,-0.080435,1.672544,0.001525,-0.089818,-0.002008,-0.021971,4.875,0.010988,0.068819,0.072127
195,105.863319,990.48999,0.915294,0.902893,0.041667,0.0,0.310321,72193.0,0.197228,1.411071,0.163143,0.422056,-0.06128,0.73959,7.212183,-0.002,-0.3,-0.003,-0.025,-0.05,-0.5,0.49009,-0.026533,-0.002606,-0.000833,-0.000364,-0.091006,-0.073527,-0.048893,0.767703,-0.094911,-0.079459,-0.080565,-0.078652,1.629763,0.001536,-0.088339,-0.001956,-0.030238,4.083333,0.011085,0.076259,0.091434
196,107.4618,1000.0,0.928386,0.926407,0.0,0.0,0.309138,72133.0,0.200977,1.44579,0.157913,0.415281,-0.057544,0.749487,7.217525,-0.002,-0.3,-0.003,-0.025,-0.05,-0.5,0.500007,-0.02665,-0.003733,0.0,-0.000368,-0.091346,-0.070543,-0.049285,0.788122,-0.094068,-0.081392,-0.07956,-0.07804,1.667765,0.001578,-0.08843,-0.00192,-0.01836,5.208333,0.010843,0.066207,0.073068
197,107.168442,1000.0,0.937625,0.929245,0.0,0.0,0.307198,70390.0,0.196813,1.447441,0.150541,0.388561,-0.055927,0.710992,7.193689,-0.002,-0.3,-0.003,-0.025,-0.05,-0.5,0.500007,-0.027512,-0.002896,0.0,-0.000364,-0.089936,-0.069325,-0.048009,0.790121,-0.090904,-0.07732,-0.080234,-0.077452,1.676964,0.00171,-0.086454,-0.001906,-0.022409,5.416667,0.01015,0.063655,0.076104
198,105.617317,1000.0,0.927451,0.925,0.0,0.0,0.305478,71260.0,0.202751,1.438826,0.16079,0.401332,-0.058017,0.715214,7.209987,-0.002,-0.3,-0.003,-0.025,-0.05,-0.5,0.500007,-0.026105,-0.003177,0.0,-0.000349,-0.090847,-0.072455,-0.049608,0.777648,-0.095114,-0.08378,-0.081747,-0.075825,1.655705,0.001594,-0.087439,-0.00194,-0.022607,3.583333,0.012264,0.061936,0.07282
199,105.932549,993.150024,0.927236,0.92059,0.0,0.041667,0.305049,56586.0,0.195147,1.417182,0.153701,0.393975,-0.055178,0.717178,7.220216,-0.002,-0.3,-0.003,-0.025,-0.05,-0.5,0.496434,-0.026602,-0.003249,-0.000417,-0.000354,-0.088252,-0.068753,-0.048744,0.772452,-0.090652,-0.078975,-0.076712,-0.075661,1.664384,0.001674,-0.085187,-0.001847,-0.01896,4.791667,0.013256,0.063677,0.074153
200,107.323647,999.299988,0.923299,0.922501,0.041667,0.0,0.3039,65125.0,0.202258,1.437317,0.159026,0.398764,-0.056293,0.714513,7.207216,-0.002,-0.3,-0.003,-0.025,-0.05,-0.5,0.499795,-0.026049,-0.003109,-0.000238,-0.000348,-0.089175,-0.070523,-0.048744,0.771921,-0.092238,-0.081517,-0.077067,-0.074359,1.659488,0.001675,-0.086087,-0.00156,-0.014085,4.916667,0.009952,0.071293,0.073068
201,108.251114,1000.0,0.933838,0.927885,0.0,0.0,0.302672,63259.0,0.19494,1.444042,0.158804,0.422244,-0.058206,0.753851,7.185103,-0.002,-0.3,-0.003,-0.025,-0.05,-0.5,0.500007,-0.027097,-0.003097,0.0,-0.000368,-0.087214,-0.06891,-0.047992,0.78124,-0.09037,-0.077119,-0.078109,-0.07835,1.679194,0.00165,-0.085154,-0.001918,-0.018891,4.625,0.011343,0.061213,0.076589
202,108.403908,999.659973,0.924357,0.920085,0.041667,0.0,0.302062,65286.0,0.194993,1.479528,0.159555,0.429511,-0.05879,0.778123,7.224725,-0.002,-0.3,-0.003,-0.025,-0.05,-0.5,0.499278,-0.027151,-0.00339,-0.001667,-0.000378,-0.086613,-0.069843,-0.048521,0.798748,-0.089266,-0.077511,-0.078992,-0.08004,1.672719,0.001614,-0.084904,-0.002234,-0.019203,4.041667,0.011124,0.089725,0.094009
203,109.419571,1000.0,0.920494,0.928805,0.0,0.0,0.30204,67503.0,0.198539,1.43017,0.168967,0.422442,-0.058618,0.765773,7.209128,-0.002,-0.3,-0.003,-0.025,-0.05,-0.5,0.500007,-0.025916,-0.003271,0.0,-0.000374,-0.086517,-0.069374,-0.049186,0.802034,-0.090795,-0.080812,-0.075577,-0.080036,1.674728,0.001622,-0.084031,-0.002126,-0.024337,4.5,0.009913,0.056489,0.068083
204,107.539207,1000.0,0.926143,0.92168,0.0,0.0,0.301306,58989.0,0.201704,1.48159,0.169048,0.419065,-0.05931,0.742785,7.211772,-0.002,-0.3,-0.003,-0.025,-0.05,-0.5,0.500007,-0.02566,-0.00293,0.0,-0.000358,-0.086706,-0.070103,-0.048702,0.780855,-0.091974,-0.081803,-0.076031,-0.076899,1.65964,0.001561,-0.084285,-0.002086,-0.018452,4.375,0.010001,0.065211,0.078599
205,109.531418,1000.0,0.931057,0.929148,0.0,0.0,0.300795,65813.0,0.198031,1.446791,0.171217,0.434722,-0.059865,0.784816,7.214883,-0.002,-0.3,-0.003,-0.025,-0.05,-0.5,0.500007,-0.026186,-0.003754,0.0,-0.000376,-0.085278,-0.069086,-0.048588,0.804643,-0.090852,-0.078986,-0.077381,-0.08053,1.664483,0.001563,-0.083574,-0.002355,-0.033105,4.166667,0.010696,0.076076,0.060081
206,108.156441,1000.0,0.93301,0.921962,0.0,0.0,0.300037,65103.0,0.194465,1.447227,0.157343,0.405668,-0.055002,0.731119,7.245353,-0.002,-0.3,-0.003,-0.025,-0.05,-0.5,0.500007,-0.026655,-0.003565,0.0,-0.000346,-0.084422,-0.068338,-0.047435,0.778431,-0.089343,-0.07636,-0.075872,-0.074118,1.679554,0.001661,-0.082228,-0.001927,-0.016818,3.791667,0.010103,0.072267,0.070952
207,108.213722,1000.0,0.932043,0.933145,0.0,0.0,0.298748,66016.0,0.195295,1.444072,0.158019,0.402429,-0.055211,0.728011,7.213681,-0.002,-0.3,-0.003,-0.025,-0.05,-0.5,0.500007,-0.026041,-0.003421,0.0,-0.000349,-0.083907,-0.067285,-0.048129,0.775145,-0.089829,-0.078108,-0.074734,-0.074766,1.685179,0.001626,-0.081723,-0.001945,-0.020177,5.0,0.012023,0.055846,0.06278
208,108.747673,1000.0,0.929969,0.916976,0.0,0.0,0.298024,63857.0,0.194787,1.471896,0.168594,0.428073,-0.058565,0.758889,7.237334,-0.002,-0.3,-0.003,-0.025,-0.05,-0.5,0.500007,-0.026044,-0.00363,0.0,-0.000358,-0.083322,-0.068889,-0.048244,0.787969,-0.08838,-0.078176,-0.075545,-0.076549,1.682809,0.001688,-0.081845,-0.001653,-0.008169,4.333333,0.008692,0.05494,0.073466
209,108.891563,1000.0,0.929764,0.928366,0.0,0.0,0.296506,58512.0,0.195077,1.418162,0.17252,0.425883,-0.058545,0.763571,7.245349,-0.002,-0.3,-0.003,-0.025,-0.05,-0.5,0.500007,-0.025763,-0.002688,0.0,-0.000367,-0.083279,-0.068264,-0.047832,0.800914,-0.0882,-0.078593,-0.073166,-0.078166,1.679824,0.001664,-0.081526,-0.002046,-0.023156,6.666667,0.010904,0.067213,0.077135
210,108.028656,1000.0,0.927381,0.927767,0.0,0.0,0.295518,61327.0,0.192829,1.410367,0.158595,0.406573,-0.055716,0.720979,7.250452,-0.002,-0.3,-0.003,-0.025,-0.05,-0.5,0.500007,-0.025964,-0.002535,0.0,-0.000347,-0.082571,-0.067512,-0.047808,0.770409,-0.086333,-0.076195,-0.071847,-0.074396,1.688778,0.00168,-0.08089,-0.001979,-0.022889,9.041667,0.011475,0.065429,0.069542
211,109.047935,1000.0,0.931746,0.928241,0.0,0.0,0.294777,70641.0,0.192471,1.421519,0.166791,0.414175,-0.056539,0.749468,7.245293,-0.002,-0.3,-0.003,-0.025,-0.05,-0.5,0.500007,-0.025812,-0.002998,0.0,-0.000354,-0.081532,-0.06598,-0.046894,0.787881,-0.087248,-0.076352,-0.072703,-0.07572,1.686639,0.001689,-0.079795,-0.001932,-0.021469,7.416667,0.011795,0.063807,0.072573
212,108.733032,1000.0,0.927956,0.93014,0.0,0.0,0.293627,70414.0,0.18997,1.444676,0.155517,0.42036,-0.055836,0.75255,7.226146,-0.002,-0.3,-0.003,-0.025,-0.05,-0.5,0.500007,-0.026876,-0.003395,0.0,-0.000358,-0.080621,-0.067316,-0.048038,0.781832,-0.08552,-0.073593,-0.074152,-0.077338,1.689607,0.001867,-0.079942,-0.001782,-0.017054,6.958333,0.011616,0.065456,0.072668
213,108.708321,1000.0,0.935271,0.927284,0.0,0.0,0.292371,71469.0,0.193605,1.429555,0.163356,0.409695,-0.055717,0.725293,7.235261,-0.002,-0.3,-0.003,-0.025,-0.05,-0.5,0.500007,-0.025913,-0.002939,0.0,-0.000344,-0.080724,-0.067002,-0.046516,0.768771,-0.087382,-0.077723,-0.072543,-0.073569,1.680025,0.001634,-0.079162,-0.001738,-0.020822,7.333333,0.012232,0.057927,0.073257
214,109.568832,1000.0,0.935959,0.924816,0.0,0.0,0.29147,70504.0,0.193248,1.412117,0.173946,0.425773,-0.057453,0.768428,7.223305,-0.002,-0.3,-0.003,-0.025,-0.05,-0.5,0.500007,-0.025509,-0.003372,0.0,-0.000361,-0.079807,-0.065605,-0.046737,0.803472,-0.085388,-0.075669,-0.072921,-0.076824,1.681997,0.00184,-0.078265,-0.002229,-0.024888,6.166667,0.011452,0.070973,0.071574
215,111.043945,1000.0,0.929497,0.92276,0.041667,0.0,0.290577,60729.0,0.189783,1.427973,0.170085,0.427464,-0.057333,0.765608,7.237193,-0.002,-0.3,-0.003,-0.025,-0.05,-0.5,0.498291,-0.025703,-0.002536,-0.000208,-0.00036,-0.079585,-0.066452,-0.046778,0.788011,-0.085637,-0.075468,-0.070338,-0.076097,1.68442,0.001985,-0.078588,-0.001991,-0.024326,6.416667,0.011404,0.070405,0.068724
216,111.187508,1000.0,0.922689,0.929548,0.0,0.0,0.289637,73622.0,0.190471,1.396209,0.17512,0.44197,-0.058279,0.79303,7.248125,-0.002,-0.3,-0.003,-0.025,-0.05,-0.5,0.500007,-0.025748,-0.003014,0.0,-0.000369,-0.079273,-0.066544,-0.047413,0.797596,-0.085327,-0.075295,-0.07017,-0.078601,1.690816,0.001872,-0.078635,-0.001785,-0.020502,5.916667,0.014245,0.061585,0.071068
217,109.938011,1000.0,0.936022,0.931452,0.0,0.0,0.288458,71474.0,0.191278,1.395393,0.171685,0.413581,-0.054966,0.741158,7.224631,-0.002,-0.3,-0.003,-0.025,-0.05,-0.5,0.500007,-0.025074,-0.002788,0.0,-0.000338,-0.07892,-0.065001,-0.046578,0.785735,-0.085035,-0.07824,-0.069568,-0.072369,1.692348,0.00181,-0.077299,-0.001691,-0.020976,5.375,0.011345,0.060619,0.077715
218,108.610924,1000.0,0.93283,0.930213,0.0,0.0,0.287295,70628.0,0.190122,1.400973,0.161308,0.392149,-0.0528,0.699327,7.182878,-0.002,-0.3,-0.003,-0.025,-0.05,-0.5,0.500007,-0.025101,-0.002737,0.0,-0.000322,-0.078165,-0.064041,-0.045471,0.772587,-0.083915,-0.075426,-0.067651,-0.06892,1.688337,0.001855,-0.076695,-0.001623,-0.01687,5.521739,0.011702,0.065688,0.070836
219,109.824203,1000.0,0.932664,0.930016,0.0,0.0,0.286625,71847.0,0.191174,1.397818,0.173275,0.408791,-0.055004,0.738711,7.182054,-0.002,-0.3,-0.003,-0.025,-0.05,-0.5,0.500007,-0.024753,-0.002454,0.0,-0.000335,-0.077918,-0.06349,-0.045638,0.787338,-0.08556,-0.077193,-0.067225,-0.07076,1.692034,0.001809,-0.076203,-0.001568,-0.013067,4.791667,0.010819,0.067718,0.067244
220,109.729652,1000.0,0.929887,0.930459,0.0,0.0,0.28579,68750.0,0.187851,1.430583,0.169446,0.416278,-0.054923,0.743824,7.166755,-0.002,-0.3,-0.003,-0.025,-0.05,-0.5,0.500007,-0.025551,-0.002268,0.0,-0.000346,-0.07719,-0.063433,-0.045206,0.783833,-0.083096,-0.072652,-0.068146,-0.074268,1.693992,0.001944,-0.076039,-0.001709,-0.027437,4.541667,0.010182,0.069452,0.061673
221,109.982536,990.48999,0.924074,0.919919,0.041667,0.0,0.284909,61629.0,0.187373,1.390979,0.172701,0.416419,-0.05507,0.745854,7.183218,-0.002,-0.3,-0.003,-0.025,-0.05,-0.5,0.497173,-0.024953,-0.003324,-0.000238,-0.000342,-0.076501,-0.064056,-0.046031,0.782921,-0.085446,-0.074523,-0.068215,-0.073039,1.689953,0.00181,-0.075241,-0.002014,-0.03246,4.916667,0.012359,0.069869,0.068126
222,109.146118,998.849976,0.92764,0.927162,0.041667,0.0,0.283904,73353.0,0.189539,1.378882,0.167359,0.407451,-0.05409,0.727864,7.200887,-0.002,-0.3,-0.003,-0.025,-0.05,-0.5,0.499661,-0.024808,-0.002465,-0.000238,-0.000335,-0.076657,-0.063083,-0.045834,0.771606,-0.084052,-0.076809,-0.068501,-0.071717,1.698659,0.001844,-0.075269,-0.001777,-0.026886,4.333333,0.011291,0.067234,0.071497
223,110.803581,1000.0,0.930098,0.926804,0.0,0.0,0.28384,73718.0,0.186413,1.40237,0.1652,0.414923,-0.055135,0.743553,7.215321,-0.002,-0.3,-0.003,-0.025,-0.05,-0.5,0.500007,-0.025345,-0.002657,0.0,-0.000344,-0.075701,-0.064408,-0.046342,0.776659,-0.081222,-0.074093,-0.068396,-0.07354,1.697868,0.002032,-0.075068,-0.001675,-0.02043,4.208333,0.01257,0.0656,0.066769
224,109.178917,1000.0,0.936795,0.92893,0.0,0.0,0.283153,72703.0,0.186084,1.37703,0.157963,0.403993,-0.052068,0.730895,7.187212,-0.002,-0.3,-0.003,-0.025,-0.05,-0.5,0.500007,-0.025446,-0.003373,0.0,-0.000327,-0.074879,-0.063917,-0.046533,0.769763,-0.081341,-0.074832,-0.0687,-0.0695,1.707822,0.002032,-0.074427,-0.001588,-0.012794,4.541667,0.010069,0.062416,0.057847
225,110.081078,1000.0,0.929583,0.931939,0.0,0.0,0.282052,67840.0,0.186304,1.39501,0.163772,0.416713,-0.054444,0.738793,7.184316,-0.002,-0.3,-0.003,-0.025,-0.05,-0.5,0.500007,-0.025658,-0.002305,0.0,-0.000335,-0.075102,-0.065444,-0.046072,0.773717,-0.083728,-0.0736,-0.069537,-0.071039,1.704008,0.001854,-0.074858,-0.00172,-0.020321,4.125,0.010996,0.056705,0.078922
226,110.010368,1000.0,0.932846,0.929943,0.0,0.0,0.281194,69589.0,0.182331,1.388893,0.159079,0.394728,-0.051338,0.719822,7.1721,-0.002,-0.3,-0.003,-0.025,-0.05,-0.5,0.500007,-0.025293,-0.00281,0.0,-0.000331,-0.073951,-0.060621,-0.044544,0.777862,-0.078527,-0.070126,-0.064697,-0.069375,1.717923,0.001951,-0.073384,-0.001641,-0.024328,4.304348,0.009409,0.06688,0.060602
227,108.9328,998.340027,0.923357,0.926101,0.041667,0.0,0.280192,54637.0,0.187054,1.372696,0.168582,0.412473,-0.053344,0.714712,7.172346,-0.002,-0.3,-0.003,-0.025,-0.05,-0.5,0.498847,-0.024886,-0.002464,-0.000556,-0.000323,-0.074428,-0.063871,-0.045319,0.766506,-0.081492,-0.075317,-0.064991,-0.069027,1.695109,0.00198,-0.073602,-0.001708,-0.019486,4.333333,0.010023,0.073371,0.06848
228,110.161079,1000.0,0.930568,0.921342,0.0,0.0,0.279432,73745.0,0.185415,1.375279,0.163965,0.407002,-0.052458,0.731154,7.188401,-0.002,-0.3,-0.003,-0.025,-0.05,-0.5,0.500007,-0.025016,-0.002549,0.0,-0.000332,-0.07311,-0.060494,-0.044669,0.779706,-0.079357,-0.072338,-0.064542,-0.070198,1.706986,0.001963,-0.072671,-0.001851,-0.017087,4.291667,0.010881,0.076543,0.060542
229,111.372559,1000.0,0.926244,0.928309,0.0,0.0,0.279396,74193.0,0.187105,1.391961,0.180262,0.435981,-0.056717,0.77589,7.181602,-0.002,-0.3,-0.003,-0.025,-0.05,-0.5,0.500007,-0.024628,-0.002854,0.0,-0.000352,-0.073264,-0.063189,-0.04601,0.796648,-0.082774,-0.075656,-0.066234,-0.075369,1.703909,0.002008,-0.073166,-0.001836,-0.018701,4.125,0.011364,0.066904,0.071542
230,111.041534,1000.0,0.927279,0.927718,0.0,0.0,0.27909,74996.0,0.185633,1.400308,0.17456,0.417084,-0.053085,0.746953,7.200243,-0.002,-0.3,-0.003,-0.025,-0.05,-0.5,0.500007,-0.024444,-0.002619,0.0,-0.000331,-0.072912,-0.061581,-0.044815,0.781363,-0.080468,-0.07468,-0.063804,-0.070441,1.707747,0.001915,-0.072229,-0.001675,-0.025633,4.875,0.011684,0.072944,0.061599
231,110.659828,1000.0,0.931187,0.931146,0.0,0.0,0.277894,74383.0,0.185951,1.380063,0.17113,0.409239,-0.05327,0.740864,7.180494,-0.002,-0.3,-0.003,-0.025,-0.05,-0.5,0.500007,-0.024861,-0.002475,0.0,-0.000329,-0.072605,-0.063224,-0.045843,0.774235,-0.080388,-0.072539,-0.065242,-0.070464,1.706626,0.001875,-0.071933,-0.001637,-0.016506,4.125,0.011289,0.070399,0.065279
232,111.538971,1000.0,0.940102,0.931463,0.0,0.0,0.27717,74412.0,0.182568,1.398877,0.176926,0.416044,-0.053341,0.739318,7.199699,-0.002,-0.3,-0.003,-0.025,-0.05,-0.5,0.500007,-0.024529,-0.003595,0.0,-0.000332,-0.071732,-0.060563,-0.044379,0.783605,-0.080088,-0.073311,-0.064312,-0.070432,1.718728,0.001997,-0.071183,-0.001764,-0.020878,4.125,0.010486,0.054806,0.059562
233,111.234245,996.890015,0.924987,0.930989,0.041667,0.0,0.27627,62441.0,0.182679,1.40926,0.178477,0.424026,-0.054143,0.750376,7.207548,-0.002,-0.3,-0.003,-0.025,-0.05,-0.5,0.498382,-0.024683,-0.002768,-0.000417,-0.000323,-0.07106,-0.060051,-0.043428,0.778582,-0.078239,-0.071207,-0.062599,-0.068731,1.700124,0.00191,-0.071214,-0.00136,-0.016564,3.875,0.012503,0.06842,0.065395
234,110.765602,1000.0,0.931341,0.930298,0.0,0.0,0.276042,73963.0,0.185628,1.370498,0.173477,0.421413,-0.053189,0.742308,7.172926,-0.002,-0.3,-0.003,-0.025,-0.05,-0.5,0.500007,-0.024587,-0.002609,0.0,-0.000322,-0.07122,-0.061392,-0.04408,0.772363,-0.07948,-0.073239,-0.062564,-0.06894,1.702532,0.002036,-0.071108,-0.001553,-0.021444,5.708333,0.012616,0.064826,0.071161
235,112.054047,1000.0,0.936603,0.932529,0.0,0.0,0.276007,73472.0,0.183718,1.420784,0.174054,0.430629,-0.055056,0.767978,7.219506,-0.002,-0.3,-0.003,-0.025,-0.05,-0.5,0.500007,-0.025063,-0.002863,0.0,-0.000342,-0.071028,-0.061542,-0.044069,0.793256,-0.078741,-0.071596,-0.064958,-0.072612,1.699913,0.001919,-0.070922,-0.001415,-0.016041,4.541667,0.009151,0.066019,0.064807
236,110.864861,1000.0,0.93747,0.932839,0.0,0.0,0.275337,72380.0,0.180515,1.375623,0.170616,0.39526,-0.050737,0.698941,7.17539,-0.002,-0.3,-0.003,-0.025,-0.05,-0.5,0.500007,-0.02454,-0.002949,0.0,-0.000319,-0.07058,-0.059096,-0.043734,0.778528,-0.078724,-0.071791,-0.063021,-0.069355,1.72777,0.002214,-0.069864,-0.001452,-0.017402,4.666667,0.009843,0.068382,0.065868
237,110.694649,1000.0,0.934029,0.925633,0.0,0.0,0.274852,74614.0,0.182771,1.396229,0.166985,0.388867,-0.04964,0.696328,7.173101,-0.002,-0.3,-0.003,-0.025,-0.05,-0.5,0.500007,-0.024266,-0.003063,0.0,-0.00031,-0.06989,-0.058405,-0.04315,0.765803,-0.07911,-0.072357,-0.06189,-0.066231,1.721338,0.001818,-0.069004,-0.001609,-0.017881,4.541667,0.010892,0.069338,0.066112
238,111.238731,1000.0,0.932768,0.933168,0.0,0.0,0.274572,72809.0,0.183088,1.376062,0.168609,0.413831,-0.05209,0.731466,7.171162,-0.002,-0.3,-0.003,-0.025,-0.05,-0.5,0.500007,-0.024848,-0.003894,0.0,-0.000326,-0.0696,-0.060647,-0.044081,0.775979,-0.079212,-0.0722,-0.064278,-0.070349,1.705788,0.002059,-0.069663,-0.001681,-0.025269,5.416667,0.011685,0.064074,0.069646
239,112.581573,1000.0,0.936531,0.937917,0.0,0.0,0.274311,59775.0,0.182818,1.36974,0.184289,0.415483,-0.051673,0.754168,7.124947,-0.002,-0.3,-0.003,-0.025,-0.05,-0.5,0.500007,-0.023882,-0.002497,0.0,-0.000325,-0.069453,-0.058122,-0.042857,0.795892,-0.076906,-0.072728,-0.060342,-0.068258,1.712132,0.002108,-0.068656,-0.001407,-0.013009,4.458333,0.010038,0.071147,0.072878
240,111.880836,1000.0,0.930085,0.927511,0.0,0.0,0.273924,73069.0,0.182572,1.346187,0.173967,0.417436,-0.051152,0.732615,7.141674,-0.002,-0.3,-0.003,-0.025,-0.05,-0.5,0.500007,-0.024174,-0.003172,0.0,-0.000318,-0.068717,-0.056984,-0.042524,0.774442,-0.076843,-0.069754,-0.059931,-0.06968,1.714759,0.002253,-0.068681,-0.001917,-0.027071,3.916667,0.01097,0.059891,0.077711
241,112.062408,1000.0,0.932725,0.93846,0.0,0.0,0.272932,71547.0,0.182409,1.351213,0.178868,0.428336,-0.053182,0.765365,7.151493,-0.002,-0.3,-0.003,-0.025,-0.05,-0.5,0.500007,-0.024729,-0.002748,0.0,-0.000337,-0.068731,-0.060539,-0.044243,0.792266,-0.075958,-0.071085,-0.062666,-0.072409,1.710109,0.002141,-0.068821,-0.001626,-0.021161,5.041667,0.009722,0.0582,0.066952
242,111.785049,998.440002,0.923002,0.929471,0.041667,0.0,0.273065,70655.0,0.182674,1.337903,0.179068,0.408503,-0.052501,0.723101,7.15625,-0.002,-0.3,-0.003,-0.025,-0.05,-0.5,0.499598,-0.023939,-0.002403,-0.000208,-0.000322,-0.068198,-0.058324,-0.043306,0.785492,-0.07639,-0.071303,-0.0607,-0.069588,1.713941,0.002319,-0.067942,-0.001731,-0.021502,5.041667,0.012449,0.072266,0.070367
243,112.67691,997.590027,0.93827,0.933761,0.041667,0.0,0.271909,70863.0,0.178274,1.396357,0.177781,0.421223,-0.052419,0.746926,7.163122,-0.002,-0.3,-0.003,-0.025,-0.05,-0.5,0.498746,-0.024732,-0.002675,-0.000417,-0.000324,-0.0679,-0.059437,-0.043862,0.784968,-0.076102,-0.069409,-0.062623,-0.069074,1.716681,0.002002,-0.068026,-0.001493,-0.016086,4.25,0.0094,0.057467,0.07455
244,110.52169,1000.0,0.934444,0.933027,0.0,0.0,0.271423,72722.0,0.179154,1.34304,0.164107,0.376402,-0.047085,0.668161,7.148055,-0.002,-0.3,-0.003,-0.025,-0.05,-0.5,0.500007,-0.023821,-0.002237,0.0,-0.000296,-0.067836,-0.056622,-0.042536,0.751589,-0.074802,-0.070251,-0.059398,-0.06392,1.728204,0.00225,-0.067077,-0.001236,-0.019271,4.375,0.012459,0.066248,0.061467
245,111.444313,1000.0,0.927317,0.930024,0.0,0.0,0.270367,61267.0,0.17963,1.367446,0.166652,0.403293,-0.049485,0.725175,7.175914,-0.002,-0.3,-0.003,-0.025,-0.05,-0.5,0.500007,-0.024549,-0.002304,0.0,-0.000313,-0.066957,-0.057925,-0.043408,0.772143,-0.075912,-0.068027,-0.060267,-0.067454,1.716796,0.00195,-0.066925,-0.001363,-0.021652,4.625,0.009858,0.075242,0.067094
246,113.471733,1000.0,0.933404,0.934301,0.0,0.0,0.270024,73514.0,0.181903,1.388352,0.185819,0.451,-0.054832,0.801764,7.168958,-0.002,-0.3,-0.003,-0.025,-0.05,-0.5,0.500007,-0.024686,-0.003269,0.0,-0.000346,-0.066983,-0.060319,-0.04424,0.802723,-0.078047,-0.070025,-0.063401,-0.073893,1.714176,0.002148,-0.068108,-0.001655,-0.019412,3.416667,0.011937,0.062136,0.069618
247,110.94339,1000.0,0.937629,0.929015,0.0,0.0,0.269576,72538.0,0.178841,1.332489,0.163515,0.403866,-0.049625,0.706634,7.16333,-0.002,-0.3,-0.003,-0.025,-0.05,-0.5,0.500007,-0.024643,-0.002683,0.0,-0.000308,-0.06697,-0.059883,-0.043594,0.755141,-0.07558,-0.068647,-0.061303,-0.066254,1.719477,0.001949,-0.067363,-0.001979,-0.026529,4.625,0.00975,0.064704,0.071124
248,111.778053,997.030029,0.929917,0.927434,0.041667,0.0,0.269207,74255.0,0.17988,1.371938,0.184166,0.421007,-0.05208,0.736364,7.150542,-0.002,-0.3,-0.003,-0.025,-0.05,-0.5,0.498455,-0.023852,-0.003114,-0.000417,-0.000313,-0.066192,-0.057386,-0.042058,0.777467,-0.074562,-0.071064,-0.058434,-0.068375,1.71823,0.002102,-0.06637,-0.001453,-0.01717,3.791667,0.010574,0.062332,0.078742
249,112.335396,1000.0,0.932961,0.936131,0.0,0.0,0.268195,73935.0,0.177293,1.3675,0.179447,0.413888,-0.050994,0.734334,7.165746,-0.002348,-0.313044,-0.00313,-0.026087,-0.053043,-0.530435,0.500007,-0.024349,-0.002701,0.0,-0.000308,-0.066154,-0.057443,-0.042105,0.78467,-0.076036,-0.068111,-0.059728,-0.066762,1.730905,0.002198,-0.066428,-0.001805,-0.028034,4.869565,0.011415,0.053489,0.067002
250,110.407211,1000.0,0.930017,0.925568,0.0,0.0,0.26782,72904.0,0.181099,1.356425,0.173966,0.413301,-0.051353,0.725624,7.145735,-0.01,-0.6,-0.006,-0.05,-0.12,-1.2,0.500007,-0.025385,-0.0026,0.0,-0.000312,-0.066307,-0.059428,-0.043894,0.762239,-0.076741,-0.071668,-0.059674,-0.06746,1.716038,0.002124,-0.067233,-0.001394,-0.017747,5.083333,0.011042,0.069746,0.071296
251,111.932724,1000.0,0.935488,0.934774,0.0,0.0,0.26645,60204.0,0.178139,1.361222,0.17743,0.416998,-0.05152,0.740468,7.166603,-0.01,-0.6,-0.006,-0.05,-0.12,-1.2,0.500007,-0.027505,-0.002708,0.0,-0.000311,-0.065634,-0.058864,-0.044363,0.783165,-0.077914,-0.071747,-0.059397,-0.066664,1.721638,0.002234,-0.068275,-0.001362,-0.015101,7.833333,0.011359,0.064207,0.065894
252,112.154869,1000.0,0.932142,0.939199,0.0,0.0,0.264945,74325.0,0.176461,1.369845,0.171462,0.408384,-0.050268,0.721302,7.164066,-0.01,-0.6,-0.006,-0.05,-0.12,-1.2,0.500007,-0.030308,-0.002753,0.0,-0.000312,-0.06499,-0.058114,-0.045962,0.771602,-0.080181,-0.071615,-0.058625,-0.067603,1.728786,0.002164,-0.06938,-0.001513,-0.018779,8.625,0.0107,0.062275,0.057661
253,112.797699,1000.0,0.933167,0.932742,0.0,0.0,0.263643,64870.0,0.177617,1.383586,0.184866,0.435956,-0.052555,0.76497,7.138948,-0.01,-0.6,-0.006,-0.05,-0.12,-1.2,0.500007,-0.031634,-0.003206,0.0,-0.000322,-0.065272,-0.05756,-0.045647,0.785271,-0.083635,-0.074879,-0.058903,-0.070245,1.722234,0.002085,-0.071209,-0.001722,-0.018254,7.208333,0.009953,0.064875,0.075173
254,111.652611,1000.0,0.928566,0.929637,0.0,0.0,0.262487,64676.0,0.177219,1.372622,0.183646,0.430811,-0.052482,0.7636,7.145869,-0.01,-0.6,-0.006,-0.05,-0.12,-1.2,0.500007,-0.034775,-0.002946,0.0,-0.000322,-0.064644,-0.057799,-0.046793,0.786703,-0.084941,-0.073193,-0.058946,-0.069358,1.722804,0.00223,-0.071995,-0.001828,-0.026049,6.541667,0.012219,0.06283,0.066885
255,112.152618,1000.0,0.931191,0.937918,0.0,0.0,0.260802,66821.0,0.179077,1.36862,0.186318,0.426171,-0.05168,0.747607,7.148149,-0.01,-0.6,-0.006,-0.05,-0.12,-1.2,0.500007,-0.035898,-0.002681,0.0,-0.000318,-0.064258,-0.056808,-0.047646,0.789039,-0.085922,-0.077604,-0.057298,-0.06915,1.722407,0.002153,-0.072896,-0.001822,-0.014991,7.416667,0.010073,0.061608,0.06491
256,111.945724,1000.0,0.932177,0.931841,0.0,0.0,0.25986,55783.0,0.177332,1.386369,0.186487,0.427764,-0.052326,0.767427,7.13422,-0.01,-0.6,-0.006,-0.05,-0.12,-1.2,0.500007,-0.03885,-0.002827,0.0,-0.000322,-0.064181,-0.057644,-0.049052,0.796622,-0.088133,-0.07836,-0.058274,-0.068902,1.720632,0.002062,-0.074199,-0.001777,-0.015007,6.125,0.01056,0.06466,0.065546
257,111.774292,1000.0,0.92817,0.937619,0.0,0.0,0.258291,66308.0,0.174546,1.356404,0.175242,0.416293,-0.049996,0.746052,7.137141,-0.01,-0.6,-0.006,-0.05,-0.12,-1.2,0.500007,-0.041277,-0.00259,0.0,-0.000314,-0.063376,-0.056956,-0.050012,0.783242,-0.090075,-0.078892,-0.058147,-0.067989,1.740803,0.00226,-0.074749,-0.001989,-0.016811,6.416667,0.010503,0.053466,0.065847
258,112.617691,1000.0,0.934087,0.935685,0.0,0.0,0.257424,61780.0,0.176747,1.363201,0.192535,0.438876,-0.053371,0.776227,7.141449,-0.01,-0.6,-0.006,-0.05,-0.12,-1.2,0.500007,-0.042305,-0.00289,0.0,-0.000324,-0.063491,-0.057031,-0.049928,0.804811,-0.092732,-0.082024,-0.056564,-0.069979,1.72508,0.002356,-0.076688,-0.002323,-0.023456,6.0,0.011954,0.062506,0.075087
259,111.444481,991.369995,0.920749,0.926283,0.041667,0.0,0.256241,61780.0,0.174749,1.383006,0.185449,0.435672,-0.052067,0.759226,7.110629,-0.01,-0.6,-0.006,-0.05,-0.12,-1.2,0.496407,-0.04506,-0.002455,-0.000333,-0.000324,-0.062724,-0.05745,-0.051828,0.785181,-0.09672,-0.08309,-0.0556,-0.069922,1.716845,0.002264,-0.077701,-0.00192,-0.016555,4.916667,0.011918,0.066284,0.065146
260,111.824272,1000.0,0.931938,0.932272,0.0,0.0,0.254811,65354.0,0.174935,1.37392,0.183117,0.430916,-0.052336,0.75725,7.111617,-0.01,-0.6,-0.006,-0.05,-0.12,-1.2,0.500007,-0.046725,-0.00242,0.0,-0.000317,-0.062863,-0.057562,-0.053066,0.784577,-0.096217,-0.08438,-0.056709,-0.068054,1.731098,0.002367,-0.078955,-0.00168,-0.015035,5.608696,0.010764,0.05979,0.06971
261,111.942337,1000.0,0.929418,0.93591,0.0,0.0,0.253524,65189.0,0.174186,1.356106,0.189874,0.419107,-0.050303,0.746834,7.110792,-0.01,-0.6,-0.006,-0.05,-0.12,-1.2,0.500007,-0.048474,-0.001655,0.0,-0.00031,-0.061994,-0.05441,-0.052525,0.798447,-0.095848,-0.08521,-0.054235,-0.067206,1.734101,0.002434,-0.078693,-0.002019,-0.022224,4.166667,0.012057,0.061366,0.073222
262,111.691467,1000.0,0.927503,0.935176,0.0,0.0,0.252173,54991.0,0.174424,1.386817,0.188351,0.435997,-0.05228,0.772271,7.091218,-0.01,-0.6,-0.006,-0.05,-0.12,-1.2,0.500007,-0.051251,-0.00276,0.0,-0.000322,-0.061938,-0.056406,-0.054486,0.79872,-0.099071,-0.086828,-0.056502,-0.069914,1.734096,0.002158,-0.080635,-0.002173,-0.016164,4.875,0.010138,0.059652,0.075926
263,110.700981,1000.0,0.932132,0.929534,0.0,0.0,0.251399,64064.0,0.174658,1.393019,0.182932,0.425541,-0.051086,0.742387,7.115414,-0.01,-0.6,-0.006,-0.05,-0.12,-1.2,0.500007,-0.054231,-0.003043,0.0,-0.000313,-0.062017,-0.0569,-0.054841,0.788458,-0.102563,-0.089505,-0.055834,-0.067972,1.734865,0.002191,-0.082391,-0.002245,-0.013758,4.541667,0.012219,0.065082,0.069362
264,110.82914,1000.0,0.929701,0.93549,0.0,0.0,0.250642,67816.0,0.173704,1.373279,0.182316,0.418478,-0.049507,0.749417,7.112526,-0.01,-0.6,-0.006,-0.05,-0.12,-1.2,0.500007,-0.055448,-0.002533,0.0,-0.00031,-0.061123,-0.05487,-0.05566,0.783842,-0.100981,-0.086397,-0.054741,-0.067884,1.734745,0.002353,-0.082198,-0.002625,-0.024043,4.791667,0.011499,0.058131,0.066882
265,109.460724,1000.0,0.924498,0.935112,0.0,0.0,0.249283,72851.0,0.175356,1.328544,0.175498,0.39139,-0.047162,0.69031,7.07316,-0.01,-0.6,-0.006,-0.05,-0.12,-1.2,0.500007,-0.056831,-0.002642,0.0,-0.000291,-0.061779,-0.055244,-0.057019,0.760481,-0.102585,-0.093891,-0.055469,-0.063695,1.734688,0.002553,-0.082925,-0.002226,-0.014796,3.958333,0.012097,0.063512,0.058454
266,110.840187,1000.0,0.933406,0.932797,0.0,0.0,0.248091,70027.0,0.173723,1.373571,0.187334,0.434237,-0.051386,0.76832,7.09056,-0.01,-0.6,-0.006,-0.05,-0.12,-1.2,0.500007,-0.061097,-0.002832,0.0,-0.000314,-0.06068,-0.055923,-0.056859,0.790831,-0.107806,-0.091155,-0.055724,-0.068341,1.732712,0.002301,-0.084813,-0.002395,-0.019391,4.791667,0.01099,0.061181,0.069844
267,110.463234,1000.0,0.936112,0.933717,0.0,0.0,0.247203,59658.0,0.172842,1.37678,0.178308,0.429529,-0.050686,0.750129,7.052517,-0.01,-0.6,-0.006,-0.05,-0.12,-1.2,0.500007,-0.062888,-0.00299,0.0,-0.000307,-0.060365,-0.056095,-0.057455,0.776749,-0.109695,-0.089404,-0.056213,-0.067795,1.725286,0.002298,-0.086493,-0.002774,-0.017962,3.5,0.010679,0.060511,0.066208
268,110.792404,1000.0,0.928286,0.936435,0.0,0.0,0.246458,75099.0,0.173828,1.354433,0.18739,0.427704,-0.050493,0.753331,7.060351,-0.01,-0.6,-0.006,-0.05,-0.12,-1.2,0.500007,-0.063849,-0.002565,0.0,-0.000307,-0.060168,-0.055219,-0.059037,0.786153,-0.109988,-0.093815,-0.054651,-0.0674,1.733211,0.002467,-0.086865,-0.002508,-0.030715,4.565217,0.010389,0.06082,0.070011
269,109.753441,1000.0,0.937009,0.930781,0.0,0.0,0.245142,72381.0,0.170998,1.348204,0.185747,0.429504,-0.049544,0.748111,7.056173,-0.01,-0.6,-0.006,-0.05,-0.12,-1.2,0.500007,-0.067222,-0.00214,0.0,-0.000309,-0.059701,-0.054833,-0.05986,0.777659,-0.113766,-0.093134,-0.053069,-0.066964,1.746187,0.002497,-0.088141,-0.002954,-0.015746,4.166667,0.010276,0.071347,0.074026
270,110.864235,1000.0,0.933509,0.932275,0.0,0.0,0.244124,70834.0,0.173175,1.358758,0.189041,0.437127,-0.051437,0.78032,7.0503,-0.01,-0.6,-0.006,-0.05,-0.12,-1.2,0.500007,-0.069836,-0.003125,0.0,-0.000324,-0.059542,-0.055096,-0.061354,0.800837,-0.11576,-0.097762,-0.056078,-0.071276,1.732736,0.002333,-0.088798,-0.00293,-0.02907,4.75,0.010746,0.061269,0.071843
271,109.138512,1000.0,0.923844,0.934495,0.041667,0.0,0.244089,70097.0,0.171239,1.373296,0.18203,0.407317,-0.048553,0.714701,7.020137,-0.01,-0.6,-0.006,-0.05,-0.12,-1.2,0.498232,-0.070118,-0.002541,-0.000333,-0.000296,-0.059036,-0.053374,-0.060206,0.778925,-0.115379,-0.098942,-0.052362,-0.064767,1.741277,0.002392,-0.088839,-0.002538,-0.021348,4.708333,0.01061,0.071449,0.071318
272,109.640587,1000.0,0.92398,0.932852,0.0,0.0,0.24343,69311.0,0.175934,1.379335,0.194811,0.433711,-0.05142,0.761081,7.044941,-0.01,-0.6,-0.006,-0.05,-0.12,-1.2,0.500007,-0.07023,-0.001669,0.0,-0.000308,-0.059233,-0.053955,-0.062777,0.796867,-0.116574,-0.102554,-0.051565,-0.068073,1.726663,0.002418,-0.090927,-0.002787,-0.019058,4.25,0.011448,0.06534,0.064895
273,110.100632,998.330017,0.925143,0.931716,0.041667,0.0,0.242247,59070.0,0.17194,1.315932,0.186902,0.424943,-0.048836,0.745234,7.040684,-0.01,-0.6,-0.006,-0.05,-0.12,-1.2,0.498257,-0.074024,-0.002401,-0.000833,-0.000299,-0.058276,-0.053652,-0.062958,0.776415,-0.118051,-0.101343,-0.052259,-0.066139,1.732843,0.002517,-0.091252,-0.003074,-0.021177,4.416667,0.011969,0.065124,0.074574
274,108.871704,995.309998,0.934691,0.931295,0.041667,0.0,0.241592,70745.0,0.169266,1.358777,0.181465,0.405062,-0.047322,0.717036,7.007961,-0.01,-0.6,-0.006,-0.05,-0.12,-1.2,0.498048,-0.075706,-0.002723,-0.000333,-0.000283,-0.057275,-0.051054,-0.061436,0.774934,-0.115572,-0.09786,-0.052545,-0.062655,1.729448,0.002665,-0.090714,-0.002315,-0.016824,3.708333,0.010565,0.056447,0.066525
275,110.727905,1000.0,0.936332,0.936077,0.0,0.0,0.240689,71665.0,0.168993,1.356002,0.193166,0.428828,-0.049925,0.767319,7.05329,-0.01,-0.6,-0.006,-0.05,-0.12,-1.2,0.500007,-0.079056,-0.002336,0.0,-0.000302,-0.057495,-0.052713,-0.06361,0.802653,-0.122009,-0.101628,-0.052366,-0.065936,1.743582,0.002525,-0.092587,-0.002947,-0.019877,4.416667,0.011789,0.066795,0.058916
276,110.121704,1000.0,0.933544,0.934239,0.0,0.0,0.239861,72011.0,0.170805,1.358702,0.195541,0.435834,-0.050056,0.751436,6.98093,-0.01,-0.6,-0.006,-0.05,-0.12,-1.2,0.500007,-0.080084,-0.002491,0.0,-0.000296,-0.05772,-0.053643,-0.063699,0.78818,-0.125585,-0.105134,-0.052054,-0.064998,1.742313,0.002468,-0.094763,-0.003512,-0.022426,5.208333,0.012095,0.065752,0.075397
277,109.242195,1000.0,0.933036,0.931494,0.0,0.0,0.239616,69230.0,0.171012,1.331717,0.190891,0.417507,-0.048818,0.737154,7.022972,-0.01,-0.6,-0.006,-0.05,-0.12,-1.2,0.500007,-0.081414,-0.002387,0.0,-0.000293,-0.057449,-0.052891,-0.065237,0.786452,-0.126674,-0.106638,-0.051096,-0.064542,1.742715,0.002454,-0.095148,-0.002999,-0.020344,4.666667,0.010508,0.067406,0.063954
278,109.016617,1000.0,0.928924,0.930964,0.0,0.0,0.238958,70611.0,0.172401,1.376743,0.192944,0.422582,-0.049982,0.733481,7.036359,-0.01,-0.6,-0.006,-0.05,-0.12,-1.2,0.500007,-0.082321,-0.002735,0.0,-0.000295,-0.05718,-0.053008,-0.067362,0.786426,-0.129472,-0.11293,-0.05121,-0.065735,1.748998,0.0024,-0.096669,-0.002862,-0.014722,4.708333,0.012854,0.073542,0.05867
279,109.774651,1000.0,0.932848,0.93541,0.0,0.0,0.238083,56113.0,0.168847,1.36793,0.189153,0.429287,-0.049234,0.738033,7.030142,-0.01,-0.6,-0.006,-0.05,-0.12,-1.2,0.500007,-0.087847,-0.00235,0.0,-0.000297,-0.056123,-0.053916,-0.068404,0.783501,-0.129662,-0.106777,-0.050715,-0.065064,1.750509,0.002637,-0.097104,-0.003138,-0.019856,4.708333,0.011095,0.068496,0.063545
280,109.829262,1000.0,0.926918,0.934948,0.0,0.0,0.236942,66698.0,0.168261,1.355071,0.188041,0.423468,-0.047936,0.746369,7.007256,-0.01,-0.6,-0.006,-0.05,-0.12,-1.2,0.500007,-0.088903,-0.002625,0.0,-0.000294,-0.055857,-0.050937,-0.067663,0.779231,-0.129085,-0.107594,-0.049758,-0.065523,1.748575,0.002618,-0.097328,-0.002996,-0.016316,5.333333,0.011252,0.062745,0.078555
281,108.987724,1000.0,0.933574,0.933061,0.0,0.0,0.235759,63945.0,0.168829,1.362664,0.186851,0.422055,-0.047736,0.743158,7.016034,-0.01,-0.6,-0.006,-0.05,-0.12,-1.2,0.500007,-0.09377,-0.002169,0.0,-0.00029,-0.05503,-0.051566,-0.06825,0.779579,-0.129856,-0.10632,-0.050459,-0.064036,1.742577,0.002793,-0.097435,-0.00313,-0.021774,4.333333,0.011338,0.056315,0.069896
282,108.963249,1000.0,0.931177,0.933907,0.0,0.0,0.23458,63605.0,0.168577,1.336138,0.185401,0.420837,-0.047701,0.726348,7.020044,-0.01,-0.6,-0.006,-0.05,-0.12,-1.2,0.500007,-0.093024,-0.002777,0.0,-0.000286,-0.05514,-0.051899,-0.070229,0.769726,-0.132261,-0.110017,-0.050914,-0.06384,1.746998,0.002514,-0.099277,-0.002773,-0.016081,4.041667,0.011613,0.063635,0.06717
283,109.847679,1000.0,0.937459,0.936331,0.0,0.0,0.233197,63930.0,0.163835,1.340425,0.181756,0.414728,-0.046116,0.738101,7.045709,-0.01,-0.6,-0.006,-0.05,-0.12,-1.2,0.500007,-0.097358,-0.0024,0.0,-0.000287,-0.0541,-0.050066,-0.069699,0.782539,-0.129181,-0.106465,-0.048799,-0.062838,1.763364,0.002855,-0.098765,-0.002964,-0.018541,5.125,0.009408,0.064495,0.056947
284,108.912521,1000.0,0.932404,0.933191,0.0,0.0,0.232806,55797.0,0.166577,1.325877,0.189118,0.418792,-0.047704,0.727016,7.054237,-0.01,-0.6,-0.006,-0.05,-0.12,-1.2,0.500007,-0.097097,-0.002263,0.0,-0.00029,-0.054399,-0.049724,-0.070338,0.785195,-0.13585,-0.111471,-0.048603,-0.064509,1.753987,0.002743,-0.100693,-0.003572,-0.024606,4.75,0.009896,0.049102,0.065111
285,108.288101,997.099976,0.924497,0.931857,0.041667,0.0,0.232318,68019.0,0.168777,1.395795,0.193337,0.445484,-0.050206,0.754759,7.015204,-0.01,-0.6,-0.006,-0.05,-0.12,-1.2,0.498794,-0.100375,-0.002932,-0.000333,-0.000289,-0.053785,-0.05283,-0.072131,0.777511,-0.139985,-0.115745,-0.049466,-0.064764,1.734752,0.002432,-0.102991,-0.003146,-0.02542,4.166667,0.01249,0.071596,0.071148
286,109.737724,1000.0,0.92984,0.935594,0.0,0.0,0.231685,67455.0,0.166541,1.31765,0.193585,0.428444,-0.047629,0.760384,7.021907,-0.01,-0.6,-0.006,-0.05,-0.12,-1.2,0.500007,-0.099802,-0.002193,0.0,-0.000291,-0.053498,-0.049804,-0.072419,0.786689,-0.136075,-0.11599,-0.047355,-0.063588,1.749031,0.002661,-0.102031,-0.0034,-0.023461,4.291667,0.011409,0.059165,0.06074
287,108.836311,1000.0,0.933166,0.930831,0.0,0.0,0.231142,62983.0,0.167521,1.339725,0.199676,0.435127,-0.04987,0.765396,6.991916,-0.01,-0.6,-0.006,-0.05,-0.12,-1.2,0.500007,-0.102903,-0.001781,0.0,-0.000295,-0.053464,-0.050593,-0.072078,0.791022,-0.140658,-0.116798,-0.047513,-0.065204,1.750292,0.002885,-0.103658,-0.003985,-0.024352,4.5,0.012068,0.082803,0.07215
288,107.862473,997.940002,0.923143,0.933986,0.041667,0.0,0.230635,65273.0,0.164193,1.314965,0.172733,0.397348,-0.044346,0.710842,6.99784,-0.01,-0.6,-0.006,-0.05,-0.12,-1.2,0.499288,-0.107269,-0.002316,-0.000278,-0.000273,-0.052582,-0.048999,-0.074128,0.761849,-0.138321,-0.11539,-0.048273,-0.060926,1.760466,0.002984,-0.102878,-0.003001,-0.015396,4.25,0.008873,0.067831,0.064536
289,108.735825,1000.0,0.934547,0.93651,0.0,0.0,0.23013,61680.0,0.165961,1.341497,0.194155,0.424486,-0.048428,0.743835,7.002055,-0.01,-0.6,-0.006,-0.05,-0.12,-1.2,0.500007,-0.108003,-0.002443,0.0,-0.000292,-0.052535,-0.04923,-0.073261,0.795857,-0.142535,-0.118805,-0.047412,-0.064887,1.749646,0.00285,-0.104797,-0.003322,-0.024924,3.916667,0.010388,0.065658,0.068891
290,108.438217,1000.0,0.927303,0.935714,0.0,0.0,0.228869,56133.0,0.162589,1.32671,0.182142,0.419589,-0.046363,0.741704,6.994765,-0.01,-0.6,-0.006,-0.05,-0.12,-1.2,0.500007,-0.111871,-0.002507,0.0,-0.000291,-0.051904,-0.049735,-0.077254,0.778206,-0.143904,-0.115581,-0.048465,-0.06438,1.76867,0.002959,-0.105784,-0.003867,-0.019843,4.5,0.012402,0.052717,0.054821
291,109.572174,1000.0,0.937283,0.941081,0.0,0.0,0.228327,70728.0,0.162996,1.343644,0.191493,0.42181,-0.046631,0.735308,6.991922,-0.01,-0.6,-0.006,-0.05,-0.12,-1.2,0.500007,-0.110887,-0.001909,0.0,-0.000282,-0.051393,-0.048426,-0.074834,0.781782,-0.142168,-0.118776,-0.045249,-0.062314,1.772448,0.002694,-0.105627,-0.003258,-0.019073,4.521739,0.0102,0.055881,0.067626
292,108.101372,1000.0,0.93611,0.937279,0.0,0.0,0.227388,67724.0,0.166877,1.343713,0.194198,0.420707,-0.047862,0.730853,7.023466,-0.01,-0.6,-0.006,-0.05,-0.12,-1.2,0.500007,-0.109601,-0.002487,0.0,-0.000279,-0.051427,-0.049524,-0.075515,0.79006,-0.145565,-0.125598,-0.0466,-0.062958,1.749645,0.002761,-0.105622,-0.00372,-0.021876,5.458333,0.012414,0.057925,0.062601
293,108.567497,1000.0,0.934306,0.932505,0.0,0.0,0.226737,63859.0,0.164233,1.339243,0.193509,0.4337,-0.047641,0.753255,6.99227,-0.01,-0.6,-0.006,-0.05,-0.12,-1.2,0.500007,-0.11182,-0.002557,0.0,-0.000284,-0.050676,-0.048583,-0.074564,0.787835,-0.142162,-0.119069,-0.046717,-0.063411,1.758902,0.002834,-0.105203,-0.003598,-0.016708,9.0,0.010625,0.071268,0.068231
294,109.980499,1000.0,0.931492,0.940497,0.0,0.0,0.22606,63507.0,0.164721,1.314749,0.195944,0.430183,-0.046989,0.75814,6.989558,-0.01,-0.6,-0.006,-0.05,-0.12,-1.2,0.500007,-0.110291,-0.002343,0.0,-0.000284,-0.050666,-0.048623,-0.076107,0.793945,-0.142577,-0.120949,-0.046053,-0.062661,1.759498,0.002872,-0.104688,-0.003325,-0.018626,7.791667,0.010793,0.061247,0.068104
295,109.43573,1000.0,0.926164,0.927095,0.0,0.0,0.225052,51089.0,0.170097,1.323398,0.191177,0.438627,-0.048551,0.753812,7.017652,-0.01,-0.6,-0.006,-0.05,-0.12,-1.2,0.500007,-0.112321,-0.002742,0.0,-0.000291,-0.050296,-0.050284,-0.076401,0.780244,-0.142623,-0.119616,-0.046791,-0.065685,1.729634,0.003108,-0.105343,-0.003261,-0.015822,7.458333,0.011275,0.065818,0.075213
296,109.650558,1000.0,0.93793,0.934015,0.0,0.0,0.224417,67680.0,0.1643,1.337606,0.198165,0.443215,-0.049422,0.759909,6.960956,-0.01,-0.6,-0.006,-0.05,-0.12,-1.2,0.500007,-0.111065,-0.003064,0.0,-0.000287,-0.049905,-0.050018,-0.07523,0.795142,-0.142641,-0.120425,-0.047053,-0.063637,1.751777,0.002934,-0.104325,-0.003427,-0.018567,6.875,0.009699,0.06742,0.065305
297,108.349297,1000.0,0.931242,0.935947,0.0,0.0,0.223952,67392.0,0.161219,1.311804,0.18203,0.411979,-0.044836,0.738828,6.940217,-0.01,-0.6,-0.006,-0.05,-0.12,-1.2,0.500007,-0.113136,-0.003194,0.0,-0.000279,-0.049174,-0.047663,-0.075171,0.781206,-0.138107,-0.114553,-0.046493,-0.062317,1.767296,0.002957,-0.102075,-0.003181,-0.020513,6.458333,0.010612,0.053635,0.060579
298,109.569366,1000.0,0.934969,0.938674,0.0,0.0,0.223556,64941.0,0.162862,1.323234,0.196513,0.431073,-0.046863,0.752602,6.975301,-0.01,-0.6,-0.006,-0.05,-0.12,-1.2,0.500007,-0.109188,-0.002708,0.0,-0.000276,-0.049154,-0.048379,-0.07485,0.789018,-0.140402,-0.11885,-0.045584,-0.060811,1.759669,0.002833,-0.102461,-0.003301,-0.020477,6.333333,0.010692,0.060584,0.063487
299,110.090118,1000.0,0.928552,0.936239,0.0,0.0,0.22315,66875.0,0.162657,1.330155,0.199672,0.442491,-0.047877,0.767115,6.959151,-0.01,-0.6,-0.006,-0.05,-0.12,-1.2,0.500007,-0.109535,-0.002438,0.0,-0.000284,-0.048853,-0.048032,-0.074073,0.787727,-0.138559,-0.115303,-0.044754,-0.063328,1.753393,0.002993,-0.102111,-0.003204,-0.013688,5.916667,0.010321,0.06546,0.0686
300,108.748917,989.309998,0.921215,0.922139,0.083333,0.0,0.222601,50707.0,0.158989,1.277558,0.184617,0.406979,-0.044381,0.725886,6.981395,-0.01,-0.6,-0.006,-0.05,-0.12,-1.2,0.491389,-0.109271,-0.002176,-0.001042,-0.000272,-0.047771,-0.047419,-0.073165,0.780549,-0.136027,-0.113013,-0.045443,-0.059574,1.732054,0.002945,-0.098928,-0.003699,-0.012463,5.791667,0.010265,0.075739,0.071083
301,110.62339,1000.0,0.924755,0.935994,0.0,0.0,0.221866,65227.0,0.164696,1.330943,0.199154,0.441858,-0.047598,0.790268,6.95141,-0.01,-0.6,-0.006,-0.05,-0.12,-1.2,0.500007,-0.111758,-0.002804,0.0,-0.000294,-0.048105,-0.048714,-0.075164,0.805383,-0.13959,-0.116442,-0.046357,-0.064407,1.756222,0.002852,-0.101023,-0.003271,-0.015543,4.913043,0.011001,0.067885,0.075656
302,110.347878,1000.0,0.933143,0.933139,0.0,0.0,0.220548,57411.0,0.164888,1.337731,0.198793,0.437774,-0.047466,0.764427,6.962651,-0.01,-0.6,-0.006,-0.05,-0.12,-1.2,0.500007,-0.108102,-0.002425,0.0,-0.000283,-0.04828,-0.048764,-0.075049,0.783885,-0.140275,-0.121508,-0.045394,-0.062387,1.755566,0.00303,-0.10069,-0.003329,-0.019267,5.583333,0.011327,0.068929,0.072422
303,110.684921,1000.0,0.937441,0.937858,0.0,0.0,0.220144,61563.0,0.161765,1.313473,0.194358,0.425541,-0.045962,0.760617,6.979613,-0.01,-0.6,-0.006,-0.05,-0.12,-1.2,0.500007,-0.110454,-0.002143,0.0,-0.000276,-0.047204,-0.0467,-0.073058,0.80164,-0.13313,-0.114664,-0.044698,-0.061552,1.756752,0.003433,-0.098257,-0.003308,-0.019965,4.166667,0.010316,0.050116,0.061091
304,110.390152,1000.0,0.935834,0.93632,0.0,0.0,0.219789,59728.0,0.158891,1.261391,0.195441,0.416399,-0.043952,0.754104,6.953449,-0.01,-0.6,-0.006,-0.05,-0.12,-1.2,0.500007,-0.10913,-0.001721,0.0,-0.000272,-0.04689,-0.04506,-0.07242,0.789234,-0.131919,-0.11363,-0.042137,-0.059318,1.773034,0.003278,-0.097008,-0.003385,-0.019054,5.041667,0.01017,0.062705,0.06283
305,110.737022,1000.0,0.929315,0.933096,0.0,0.0,0.219724,52032.0,0.164184,1.314534,0.204265,0.444551,-0.047965,0.7814,6.953209,-0.01,-0.6,-0.006,-0.05,-0.12,-1.2,0.500007,-0.108664,-0.002528,0.0,-0.000285,-0.047264,-0.048528,-0.073213,0.79785,-0.135637,-0.117803,-0.043554,-0.062297,1.754512,0.003248,-0.099178,-0.003366,-0.025697,4.625,0.010712,0.06929,0.065385
306,108.56543,995.799988,0.915264,0.927937,0.041667,0.0,0.219324,63029.0,0.160935,1.275998,0.188768,0.420623,-0.046018,0.740517,6.985626,-0.01,-0.6,-0.006,-0.05,-0.12,-1.2,0.497083,-0.108172,-0.001803,-0.000556,-0.000274,-0.046655,-0.047116,-0.075183,0.7771,-0.132908,-0.115753,-0.042362,-0.061294,1.75306,0.003336,-0.097818,-0.003209,-0.020643,4.541667,0.013951,0.063142,0.07375
307,111.504219,1000.0,0.926296,0.93957,0.0,0.0,0.218142,60508.0,0.160033,1.323354,0.18874,0.443475,-0.046295,0.793829,6.949493,-0.01,-0.6,-0.006,-0.05,-0.12,-1.2,0.500007,-0.11311,-0.00292,0.0,-0.000287,-0.045864,-0.047205,-0.074751,0.794637,-0.130602,-0.110607,-0.044979,-0.062544,1.762556,0.003091,-0.09762,-0.00278,-0.013276,4.0,0.011114,0.066423,0.061716
308,110.241623,1000.0,0.937764,0.939882,0.0,0.0,0.217238,62741.0,0.158692,1.294457,0.198351,0.429954,-0.046196,0.753752,6.946108,-0.01,-0.6,-0.006,-0.05,-0.12,-1.2,0.500007,-0.108831,-0.002131,0.0,-0.00027,-0.046198,-0.046352,-0.071643,0.792691,-0.129596,-0.113296,-0.042363,-0.059648,1.769469,0.00325,-0.096929,-0.003252,-0.020561,4.875,0.009776,0.055415,0.058915
309,109.769165,1000.0,0.926681,0.940226,0.0,0.0,0.21696,58785.0,0.161084,1.353076,0.194068,0.42733,-0.04609,0.731657,6.938533,-0.01,-0.6,-0.006,-0.05,-0.12,-1.2,0.500007,-0.107584,-0.002163,0.0,-0.000267,-0.046164,-0.048175,-0.074691,0.776764,-0.134705,-0.117666,-0.042533,-0.05956,1.760663,0.00303,-0.097484,-0.002931,-0.014779,3.416667,0.011147,0.05693,0.069952
310,109.682686,995.51001,0.921217,0.923443,0.043478,0.0,0.216854,47945.0,0.160406,1.301044,0.19581,0.433898,-0.046053,0.747271,6.936968,-0.01,-0.6,-0.006,-0.05,-0.12,-1.2,0.496746,-0.104324,-0.00231,-0.00058,-0.000264,-0.045465,-0.045752,-0.072139,0.77204,-0.129947,-0.11645,-0.04174,-0.059992,1.750657,0.003485,-0.096138,-0.003279,-0.018279,5.0,0.01137,0.068606,0.073262
311,111.54422,1000.0,0.929407,0.930016,0.0,0.0,0.216233,65113.0,0.161245,1.314273,0.203124,0.446643,-0.04725,0.781646,6.946302,-0.01,-0.6,-0.006,-0.05,-0.12,-1.2,0.500007,-0.106923,-0.003008,0.0,-0.000276,-0.045359,-0.047009,-0.074074,0.801773,-0.132427,-0.116564,-0.044487,-0.061959,1.763131,0.003207,-0.095857,-0.003095,-0.019432,3.5,0.011732,0.06838,0.075239
312,110.532784,1000.0,0.92982,0.93325,0.0,0.0,0.215982,67926.0,0.159851,1.32174,0.199067,0.42629,-0.045416,0.750193,6.973196,-0.01,-0.6,-0.006,-0.05,-0.12,-1.2,0.500007,-0.105663,-0.002304,0.0,-0.000267,-0.045236,-0.045831,-0.072219,0.794611,-0.129318,-0.113855,-0.041831,-0.059396,1.763357,0.003291,-0.094957,-0.002774,-0.015261,5.041667,0.011401,0.055939,0.066691
313,112.086998,1000.0,0.933468,0.937364,0.0,0.0,0.215653,67930.0,0.159903,1.273373,0.205302,0.438815,-0.045963,0.796124,6.936981,-0.01,-0.6,-0.006,-0.05,-0.12,-1.2,0.500007,-0.106871,-0.002528,0.0,-0.000285,-0.044987,-0.045599,-0.07203,0.812957,-0.128842,-0.111114,-0.042076,-0.062908,1.762259,0.003191,-0.094491,-0.004075,-0.026046,4.375,0.010283,0.057637,0.065974
314,110.36039,1000.0,0.929576,0.933183,0.0,0.0,0.21532,71850.0,0.158954,1.298146,0.186888,0.412533,-0.043445,0.734063,6.945938,-0.01,-0.6,-0.006,-0.05,-0.12,-1.2,0.500007,-0.109122,-0.002624,0.0,-0.000265,-0.043977,-0.044831,-0.071554,0.773395,-0.124782,-0.108867,-0.041435,-0.058887,1.760957,0.003498,-0.092751,-0.002566,-0.013457,4.416667,0.011197,0.061968,0.079024
315,109.783882,1000.0,0.926048,0.930159,0.0,0.0,0.214822,67338.0,0.15958,1.294041,0.189545,0.426552,-0.044937,0.755676,6.943339,-0.01,-0.6,-0.006,-0.05,-0.12,-1.2,0.500007,-0.10694,-0.003143,0.0,-0.000272,-0.04445,-0.046083,-0.073387,0.783312,-0.130262,-0.113526,-0.042727,-0.060588,1.767788,0.003345,-0.094293,-0.003009,-0.024063,4.25,0.011357,0.066201,0.07048
316,110.858154,1000.0,0.931026,0.933874,0.0,0.0,0.214086,51418.0,0.156731,1.311412,0.18835,0.42181,-0.043582,0.740561,6.956262,-0.01,-0.6,-0.006,-0.05,-0.12,-1.2,0.500007,-0.107569,-0.002768,0.0,-0.000257,-0.043866,-0.044536,-0.070581,0.769296,-0.125364,-0.108368,-0.04027,-0.056377,1.774052,0.003799,-0.093005,-0.002644,-0.015847,3.666667,0.010627,0.058737,0.063022
317,110.442696,1000.0,0.932394,0.937482,0.0,0.0,0.213363,64867.0,0.156426,1.26335,0.193871,0.415926,-0.043954,0.738618,6.905562,-0.01,-0.6,-0.006,-0.05,-0.12,-1.2,0.500007,-0.106577,-0.001928,0.0,-0.000258,-0.043736,-0.044092,-0.068931,0.78688,-0.1248,-0.108699,-0.039853,-0.057209,1.772614,0.003841,-0.092201,-0.002935,-0.024086,5.166667,0.011088,0.060475,0.08234
318,110.245674,1000.0,0.930723,0.932021,0.0,0.0,0.212441,62842.0,0.158033,1.283544,0.20368,0.433135,-0.044947,0.76102,6.925241,-0.01,-0.6,-0.006,-0.05,-0.12,-1.2,0.500007,-0.104245,-0.002103,0.0,-0.000262,-0.043651,-0.044762,-0.069997,0.784015,-0.124856,-0.111011,-0.039912,-0.057414,1.765248,0.003802,-0.092514,-0.002971,-0.018607,4.958333,0.010985,0.05935,0.076987
319,110.483002,1000.0,0.935709,0.933183,0.0,0.0,0.211439,60547.0,0.159723,1.300099,0.197175,0.422517,-0.045134,0.742341,6.921186,-0.01,-0.6,-0.006,-0.05,-0.12,-1.2,0.500007,-0.106647,-0.002705,0.0,-0.000271,-0.043224,-0.044662,-0.070661,0.787601,-0.124984,-0.111384,-0.041306,-0.060912,1.76359,0.003511,-0.091612,-0.003349,-0.015206,4.875,0.009942,0.063245,0.067667
320,111.947159,1000.0,0.934266,0.93422,0.0,0.0,0.210777,64541.0,0.156629,1.280113,0.201972,0.427009,-0.044863,0.753955,6.904436,-0.01,-0.6,-0.006,-0.05,-0.12,-1.2,0.500007,-0.102699,-0.001814,0.0,-0.000271,-0.043386,-0.043609,-0.070037,0.800575,-0.124893,-0.110418,-0.039777,-0.059329,1.773936,0.0033,-0.091364,-0.00278,-0.014998,4.125,0.010286,0.072277,0.070118
321,111.698708,1000.0,0.929349,0.939635,0.0,0.0,0.210377,53427.0,0.158544,1.306307,0.206213,0.439104,-0.045541,0.772701,6.883373,-0.01,-0.6,-0.006,-0.05,-0.12,-1.2,0.500007,-0.103895,-0.002067,0.0,-0.000268,-0.04303,-0.045136,-0.07117,0.800912,-0.12377,-0.111491,-0.03966,-0.058942,1.766709,0.003407,-0.091224,-0.002839,-0.017638,5.208333,0.011074,0.05985,0.072889
322,110.75547,1000.0,0.923549,0.935377,0.0,0.0,0.210157,64680.0,0.157438,1.286376,0.194475,0.423322,-0.04308,0.750261,6.860844,-0.01,-0.6,-0.006,-0.05,-0.12,-1.2,0.500007,-0.103542,-0.002387,0.0,-0.000263,-0.042647,-0.044051,-0.071483,0.783405,-0.121909,-0.111065,-0.039299,-0.05801,1.773122,0.003739,-0.090314,-0.002635,-0.017303,5.375,0.010808,0.067162,0.072034
323,111.950592,1000.0,0.935273,0.935969,0.0,0.0,0.209555,69245.0,0.156398,1.263296,0.203892,0.438858,-0.045852,0.783434,6.89217,-0.01,-0.6,-0.006,-0.05,-0.12,-1.2,0.500007,-0.107279,-0.001762,0.0,-0.000275,-0.042038,-0.04416,-0.069006,0.809703,-0.121399,-0.104882,-0.039479,-0.060726,1.769102,0.003834,-0.089858,-0.00282,-0.02474,3.583333,0.011658,0.065093,0.069665
324,112.770416,1000.0,0.938552,0.940015,0.0,0.0,0.209244,66907.0,0.154759,1.260654,0.200909,0.429977,-0.043607,0.778058,6.929318,-0.01,-0.6,-0.006,-0.05,-0.12,-1.2,0.500007,-0.106742,-0.001964,0.0,-0.00026,-0.04178,-0.042875,-0.067365,0.800166,-0.118859,-0.103267,-0.037442,-0.056361,1.772313,0.003754,-0.088693,-0.002617,-0.019746,4.791667,0.010128,0.058071,0.061539
325,112.250633,1000.0,0.933201,0.933792,0.0,0.0,0.209178,66318.0,0.157216,1.31337,0.207861,0.450795,-0.04679,0.784091,6.902227,-0.01,-0.6,-0.006,-0.05,-0.12,-1.2,0.500007,-0.105402,-0.001908,0.0,-0.000269,-0.042004,-0.045426,-0.069591,0.800575,-0.122525,-0.110244,-0.040107,-0.059438,1.763696,0.00334,-0.090688,-0.002656,-0.016306,4.916667,0.011221,0.068343,0.07059
326,112.211708,996.73999,0.923657,0.935368,0.041667,0.0,0.208455,72285.0,0.15723,1.28675,0.208152,0.450197,-0.046262,0.787158,6.891203,-0.01,-0.6,-0.006,-0.05,-0.12,-1.2,0.498644,-0.104787,-0.002582,-0.000333,-0.000275,-0.041855,-0.044631,-0.070748,0.79853,-0.119884,-0.107808,-0.038913,-0.060896,1.765355,0.003561,-0.089996,-0.00264,-0.016511,4.666667,0.01092,0.065654,0.069113
327,112.115204,1000.0,0.928738,0.934996,0.0,0.0,0.20744,57304.0,0.155826,1.321735,0.199269,0.429811,-0.044243,0.761184,6.901491,-0.01,-0.6,-0.006,-0.05,-0.12,-1.2,0.500007,-0.101162,-0.002682,0.0,-0.000263,-0.041739,-0.04324,-0.069382,0.799068,-0.119435,-0.11151,-0.038001,-0.058536,1.781523,0.003558,-0.088892,-0.002432,-0.012575,4.166667,0.012299,0.071542,0.07344
328,112.025299,1000.0,0.926227,0.938874,0.0,0.0,0.206532,73085.0,0.160542,1.290127,0.201209,0.436412,-0.045118,0.761788,6.886162,-0.01,-0.6,-0.006,-0.05,-0.12,-1.2,0.500007,-0.103759,-0.002305,0.0,-0.000262,-0.041714,-0.045119,-0.069567,0.796456,-0.12047,-0.111974,-0.03844,-0.059068,1.757022,0.003528,-0.088747,-0.002798,-0.01482,4.5,0.011129,0.07156,0.062821
329,111.463158,1000.0,0.937037,0.93101,0.0,0.0,0.206227,73257.0,0.154424,1.281475,0.195756,0.420466,-0.042939,0.743876,6.894848,-0.01,-0.6,-0.006,-0.05,-0.12,-1.2,0.500007,-0.103636,-0.00221,0.0,-0.000253,-0.040888,-0.042685,-0.068179,0.780484,-0.115444,-0.105566,-0.037178,-0.055354,1.779799,0.003598,-0.08722,-0.002625,-0.0182,4.333333,0.010031,0.061399,0.067541
330,114.02507,1000.0,0.938354,0.933841,0.0,0.0,0.205921,73861.0,0.154754,1.295746,0.210663,0.457834,-0.047328,0.82586,6.897874,-0.01,-0.6,-0.006,-0.05,-0.12,-1.2,0.500007,-0.10668,-0.002216,0.0,-0.000286,-0.041161,-0.045273,-0.070359,0.818458,-0.122278,-0.106331,-0.040455,-0.062221,1.776701,0.003557,-0.08906,-0.002979,-0.023815,4.125,0.010003,0.057985,0.063257
331,112.093613,1000.0,0.932487,0.935495,0.0,0.0,0.205431,73357.0,0.156054,1.252284,0.199225,0.436599,-0.044407,0.768131,6.901573,-0.01,-0.6,-0.006,-0.05,-0.12,-1.2,0.500007,-0.105318,-0.002431,0.0,-0.000264,-0.04072,-0.043708,-0.068937,0.789054,-0.117247,-0.107032,-0.038499,-0.058885,1.768626,0.00405,-0.08749,-0.003222,-0.026954,3.791667,0.011754,0.061287,0.070649
332,112.023094,1000.0,0.927599,0.937103,0.0,0.0,0.204838,71315.0,0.155178,1.274386,0.202892,0.428767,-0.043518,0.766844,6.868796,-0.01,-0.6,-0.006,-0.05,-0.12,-1.2,0.500007,-0.103953,-0.002049,0.0,-0.000258,-0.040523,-0.043298,-0.069104,0.798322,-0.117188,-0.105683,-0.037721,-0.057303,1.777983,0.003601,-0.086101,-0.002731,-0.016413,4.956522,0.011049,0.059716,0.070855
333,112.431427,1000.0,0.908028,0.914821,0.0,0.0,0.204511,54866.0,0.169205,1.282787,0.199226,0.43257,-0.046573,0.754772,6.890516,-0.01,-0.6,-0.006,-0.05,-0.12,-1.2,0.500007,-0.103628,-0.002029,0.0,-0.000274,-0.040251,-0.043726,-0.069989,0.786216,-0.116019,-0.109081,-0.038161,-0.061494,1.726391,0.003719,-0.086517,-0.002327,-0.012064,4.333333,0.012615,0.089129,0.073427
334,111.891098,1000.0,0.925332,0.934883,0.0,0.0,0.204356,70047.0,0.157494,1.315061,0.206396,0.438557,-0.044897,0.767967,6.916128,-0.01,-0.6,-0.006,-0.05,-0.12,-1.2,0.500007,-0.102323,-0.002393,0.0,-0.00026,-0.040665,-0.044401,-0.069169,0.798458,-0.118807,-0.109679,-0.037809,-0.056854,1.764363,0.003635,-0.087373,-0.002297,-0.01188,6.666667,0.012147,0.060087,0.072627
335,111.568825,1000.0,0.924362,0.938751,0.0,0.0,0.204044,73202.0,0.155008,1.261615,0.199391,0.424108,-0.04275,0.744699,6.871712,-0.01,-0.6,-0.006,-0.05,-0.12,-1.2,0.500007,-0.101108,-0.002377,0.0,-0.000251,-0.040009,-0.042498,-0.068116,0.793142,-0.116322,-0.107527,-0.036326,-0.056425,1.774833,0.003999,-0.08519,-0.002745,-0.020621,9.0,0.01135,0.062838,0.063197
336,111.989624,1000.0,0.938756,0.935666,0.0,0.0,0.203484,69767.0,0.151897,1.258792,0.196983,0.41287,-0.041829,0.741569,6.854134,-0.01,-0.6,-0.006,-0.05,-0.12,-1.2,0.500007,-0.103385,-0.001664,0.0,-0.000247,-0.039282,-0.040719,-0.066083,0.790373,-0.112323,-0.101074,-0.036008,-0.054043,1.786888,0.004127,-0.08374,-0.002579,-0.01652,7.416667,0.011084,0.057585,0.067208
337,112.713951,1000.0,0.927646,0.935181,0.0,0.0,0.203188,69683.0,0.153658,1.293956,0.20381,0.436607,-0.043742,0.772067,6.877872,-0.01,-0.6,-0.006,-0.05,-0.12,-1.2,0.500007,-0.103008,-0.00209,0.0,-0.000255,-0.039315,-0.042443,-0.067365,0.795176,-0.116129,-0.104153,-0.036104,-0.055717,1.782288,0.003894,-0.084821,-0.002673,-0.015797,6.875,0.010653,0.058003,0.068016
338,112.317963,1000.0,0.927088,0.934731,0.0,0.0,0.202687,55407.0,0.151747,1.274519,0.198878,0.431734,-0.043196,0.764533,6.85498,-0.01,-0.6,-0.006,-0.05,-0.12,-1.2,0.500007,-0.105208,-0.002233,0.0,-0.000261,-0.039102,-0.042634,-0.068653,0.796608,-0.112001,-0.100546,-0.036887,-0.057084,1.7833,0.004062,-0.084917,-0.002821,-0.016731,7.291667,0.010315,0.064645,0.065503
339,112.545021,1000.0,0.92861,0.936088,0.0,0.0,0.201868,72615.0,0.150081,1.248851,0.19838,0.423101,-0.041336,0.750896,6.850118,-0.01,-0.6,-0.006,-0.05,-0.12,-1.2,0.500007,-0.103387,-0.001963,0.0,-0.000248,-0.038962,-0.041482,-0.067628,0.786074,-0.111132,-0.101975,-0.035903,-0.053924,1.793488,0.003971,-0.083603,-0.002344,-0.016756,6.125,0.012539,0.062005,0.074615
340,113.276871,1000.0,0.936135,0.936742,0.0,0.0,0.201433,70098.0,0.153757,1.284539,0.205802,0.443296,-0.043795,0.780433,6.884528,-0.01,-0.6,-0.006,-0.05,-0.12,-1.2,0.500007,-0.104323,-0.002209,0.0,-0.000257,-0.038923,-0.042999,-0.067677,0.795317,-0.113133,-0.10306,-0.036737,-0.056071,1.773816,0.003953,-0.084504,-0.002663,-0.015003,6.416667,0.011916,0.061428,0.072523
341,113.067673,1000.0,0.92551,0.941731,0.0,0.0,0.201098,68014.0,0.15283,1.271191,0.19878,0.426413,-0.042239,0.752079,6.86756,-0.01,-0.6,-0.006,-0.05,-0.12,-1.2,0.500007,-0.102553,-0.002285,0.0,-0.000248,-0.03873,-0.041418,-0.066524,0.794043,-0.111069,-0.103667,-0.035284,-0.054989,1.785076,0.004155,-0.08318,-0.002465,-0.016423,5.916667,0.009501,0.057501,0.063473
342,112.697906,1000.0,0.933769,0.936646,0.0,0.0,0.201059,69057.0,0.153936,1.297811,0.196727,0.429642,-0.042753,0.751223,6.894398,-0.01,-0.6,-0.006,-0.05,-0.12,-1.2,0.500007,-0.102964,-0.002375,0.0,-0.000252,-0.038776,-0.042716,-0.067274,0.789123,-0.113445,-0.103886,-0.036073,-0.055895,1.775513,0.003915,-0.083689,-0.00285,-0.012578,5.5,0.009878,0.060665,0.067514
343,111.052414,993.419983,0.919385,0.930667,0.086957,0.0,0.200744,72364.0,0.154223,1.264891,0.20504,0.432406,-0.043122,0.74576,6.916791,-0.01,-0.6,-0.006,-0.05,-0.12,-1.2,0.497194,-0.099236,-0.002554,-0.000596,-0.000244,-0.038788,-0.042567,-0.067118,0.788531,-0.114352,-0.10645,-0.035232,-0.054222,1.767595,0.003804,-0.083422,-0.002692,-0.017414,5.478261,0.012697,0.073195,0.083687
344,113.408318,1000.0,0.934081,0.934726,0.0,0.0,0.200562,51459.0,0.150574,1.25196,0.204902,0.434314,-0.042705,0.763674,6.890475,-0.01,-0.6,-0.006,-0.05,-0.12,-1.2,0.500007,-0.100702,-0.001811,0.0,-0.000248,-0.038243,-0.040754,-0.06707,0.799849,-0.11062,-0.102212,-0.035037,-0.054543,1.790147,0.004213,-0.082626,-0.002515,-0.013385,4.75,0.01072,0.065296,0.072662
345,111.919281,1000.0,0.929059,0.931613,0.0,0.0,0.200128,64736.0,0.154503,1.303076,0.204462,0.435464,-0.044002,0.746282,6.910865,-0.01,-0.6,-0.006,-0.05,-0.12,-1.2,0.500007,-0.101046,-0.002021,0.0,-0.000251,-0.038286,-0.042047,-0.066622,0.784741,-0.112615,-0.105023,-0.034882,-0.056626,1.778136,0.003728,-0.082681,-0.002712,-0.026135,4.5,0.010674,0.064289,0.077139
346,113.030472,1000.0,0.920499,0.937717,0.0,0.0,0.199694,66208.0,0.152942,1.270585,0.206674,0.445657,-0.04425,0.786801,6.911125,-0.01,-0.6,-0.006,-0.05,-0.12,-1.2,0.500007,-0.103485,-0.002204,0.0,-0.000261,-0.038322,-0.042634,-0.067632,0.804846,-0.111377,-0.101985,-0.035641,-0.058189,1.779896,0.003833,-0.083295,-0.003075,-0.026406,4.958333,0.012605,0.054382,0.075272
347,113.383469,1000.0,0.922939,0.934441,0.0,0.0,0.199583,68026.0,0.15215,1.317778,0.205785,0.441041,-0.043531,0.78046,6.925297,-0.01,-0.6,-0.006,-0.05,-0.12,-1.2,0.500007,-0.101355,-0.002216,0.0,-0.000255,-0.037874,-0.041468,-0.067067,0.795768,-0.109847,-0.102519,-0.034869,-0.057655,1.788769,0.003882,-0.082282,-0.002308,-0.011463,4.375,0.010615,0.062304,0.063521
348,113.525864,1000.0,0.926884,0.936532,0.0,0.0,0.199306,67997.0,0.152856,1.296746,0.214775,0.446597,-0.043734,0.768146,6.915727,-0.01,-0.6,-0.006,-0.05,-0.12,-1.2,0.500007,-0.098356,-0.001872,0.0,-0.000247,-0.038252,-0.042033,-0.066446,0.792505,-0.111611,-0.105623,-0.032887,-0.05525,1.781126,0.003804,-0.082363,-0.003023,-0.015802,4.25,0.012443,0.059801,0.058637
349,113.365402,996.840027,0.927519,0.935105,0.041667,0.0,0.198919,69172.0,0.155138,1.267486,0.220261,0.450989,-0.045182,0.776859,6.891647,-0.01,-0.6,-0.006,-0.05,-0.12,-1.2,0.498686,-0.097953,-0.002202,-0.000333,-0.00025,-0.037941,-0.042453,-0.066215,0.801136,-0.110943,-0.108536,-0.034141,-0.056674,1.770833,0.004159,-0.082188,-0.003044,-0.027881,4.541667,0.012353,0.063453,0.070599
350,114.886551,1000.0,0.925626,0.932301,0.0,0.0,0.199107,54681.0,0.151191,1.274843,0.203567,0.437023,-0.041971,0.768576,6.885109,-0.01,-0.6,-0.006,-0.05,-0.12,-1.2,0.500007,-0.10064,-0.001954,0.0,-0.000246,-0.037381,-0.040186,-0.065875,0.789688,-0.106367,-0.099943,-0.033365,-0.054823,1.791795,0.004255,-0.081194,-0.002653,-0.016699,4.125,0.010597,0.062752,0.065504
351,112.877182,991.650024,0.92759,0.932325,0.043478,0.0,0.199157,71834.0,0.149336,1.273506,0.199043,0.436877,-0.043463,0.753022,6.897531,-0.01,-0.6,-0.006,-0.05,-0.12,-1.2,0.497735,-0.104603,-0.001999,-0.000217,-0.000249,-0.037091,-0.042137,-0.066802,0.789066,-0.107105,-0.095731,-0.035708,-0.055936,1.774082,0.004124,-0.081619,-0.002818,-0.02041,4.304348,0.010827,0.052525,0.071671
352,113.526718,1000.0,0.931385,0.934155,0.0,0.0,0.198705,70884.0,0.150738,1.27749,0.203669,0.436353,-0.043085,0.751732,6.889617,-0.01,-0.6,-0.006,-0.05,-0.12,-1.2,0.500007,-0.101246,-0.002211,0.0,-0.000246,-0.037308,-0.041531,-0.065431,0.786308,-0.107093,-0.099708,-0.034488,-0.055241,1.784618,0.004326,-0.081176,-0.002648,-0.015417,4.416667,0.011151,0.059773,0.068098
353,113.983849,1000.0,0.924742,0.933334,0.0,0.0,0.198784,70443.0,0.151094,1.247188,0.211676,0.433384,-0.043003,0.767887,6.867113,-0.01,-0.6,-0.006,-0.05,-0.12,-1.2,0.500007,-0.098756,-0.002214,0.0,-0.000243,-0.036845,-0.041083,-0.065736,0.799438,-0.105967,-0.104184,-0.033274,-0.054811,1.786301,0.004261,-0.079656,-0.003005,-0.020259,4.291667,0.010944,0.071344,0.073994
354,113.38723,1000.0,0.929298,0.926793,0.0,0.0,0.197901,70258.0,0.150436,1.259279,0.204827,0.436958,-0.042966,0.762455,6.88692,-0.01,-0.6,-0.006,-0.05,-0.12,-1.2,0.500007,-0.101526,-0.001608,0.0,-0.00025,-0.036837,-0.040851,-0.065008,0.797051,-0.106004,-0.09802,-0.033938,-0.055645,1.784998,0.004629,-0.080236,-0.002622,-0.017039,4.166667,0.01245,0.059792,0.077533
355,112.777596,1000.0,0.927548,0.932118,0.0,0.0,0.197435,50612.0,0.148808,1.235127,0.197777,0.417006,-0.0405,0.743327,6.893665,-0.01,-0.6,-0.006,-0.05,-0.12,-1.2,0.500007,-0.100689,-0.001564,0.0,-0.00024,-0.036349,-0.039227,-0.064682,0.786809,-0.104295,-0.098315,-0.03281,-0.053247,1.798449,0.004542,-0.078403,-0.002714,-0.014092,4.833333,0.01003,0.07273,0.06873
356,112.471703,1000.0,0.921956,0.93678,0.0,0.0,0.197085,70141.0,0.146381,1.256767,0.196282,0.405017,-0.039655,0.727107,6.853671,-0.01,-0.6,-0.006,-0.05,-0.12,-1.2,0.500007,-0.100411,-0.00217,0.0,-0.000234,-0.036377,-0.038178,-0.063484,0.796334,-0.104357,-0.095939,-0.032371,-0.052231,1.799498,0.004429,-0.077796,-0.002325,-0.014078,4.166667,0.009516,0.055862,0.062881
357,112.991196,1000.0,0.917347,0.933577,0.0,0.0,0.196829,69387.0,0.151297,1.298408,0.204468,0.439178,-0.042707,0.762221,6.871145,-0.01,-0.6,-0.006,-0.05,-0.12,-1.2,0.500007,-0.099692,-0.002214,0.0,-0.000244,-0.036737,-0.040818,-0.06576,0.790771,-0.107881,-0.101905,-0.034779,-0.055576,1.790514,0.004151,-0.07975,-0.00251,-0.01248,4.166667,0.014126,0.061458,0.067055
358,113.854736,1000.0,0.93153,0.930796,0.0,0.0,0.196927,68552.0,0.149861,1.272904,0.205981,0.451664,-0.043486,0.794369,6.878561,-0.01,-0.6,-0.006,-0.05,-0.12,-1.2,0.500007,-0.103613,-0.002308,0.0,-0.000252,-0.036386,-0.042095,-0.066036,0.797225,-0.106017,-0.097556,-0.033696,-0.056316,1.792392,0.003917,-0.080174,-0.003359,-0.020083,3.916667,0.009518,0.060968,0.077506
359,113.293365,1000.0,0.935342,0.931978,0.0,0.0,0.196788,70209.0,0.145739,1.276011,0.192866,0.417062,-0.040502,0.735317,6.842919,-0.01,-0.6,-0.006,-0.05,-0.12,-1.2,0.500007,-0.101893,-0.001679,0.0,-0.000236,-0.035886,-0.039413,-0.064623,0.785709,-0.101883,-0.094885,-0.033194,-0.053221,1.802317,0.004437,-0.077809,-0.002332,-0.011143,5.708333,0.011094,0.061467,0.077565
360,114.130753,1000.0,0.929368,0.930668,0.0,0.0,0.196789,70832.0,0.148052,1.285365,0.199847,0.422342,-0.040911,0.750125,6.857718,-0.01,-0.6,-0.006,-0.05,-0.12,-1.2,0.500007,-0.100508,-0.001747,0.0,-0.000242,-0.035828,-0.038438,-0.063637,0.786256,-0.101461,-0.098046,-0.032067,-0.054362,1.795165,0.004582,-0.077538,-0.002637,-0.015637,4.541667,0.010574,0.068741,0.080831
361,113.155449,996.0,0.926218,0.934958,0.041667,0.0,0.196333,53299.0,0.147193,1.294819,0.208035,0.444851,-0.042546,0.775637,6.837143,-0.01,-0.6,-0.006,-0.05,-0.12,-1.2,0.498813,-0.100544,-0.001637,-0.000238,-0.000247,-0.035926,-0.040034,-0.064824,0.790884,-0.104071,-0.097411,-0.032134,-0.054409,1.787867,0.004398,-0.07899,-0.002854,-0.015202,4.666667,0.010708,0.058655,0.064416
362,112.860405,1000.0,0.932967,0.932118,0.0,0.0,0.196034,70934.0,0.149272,1.259842,0.207068,0.427131,-0.041031,0.741123,6.8414,-0.01,-0.6,-0.006,-0.05,-0.12,-1.2,0.500007,-0.095883,-0.001881,0.0,-0.000238,-0.036139,-0.038169,-0.063408,0.783348,-0.102413,-0.100936,-0.031153,-0.053737,1.796183,0.004502,-0.077807,-0.002944,-0.014524,4.5,0.010903,0.072845,0.069943
363,112.635292,1000.0,0.927482,0.933998,0.0,0.0,0.196357,69649.0,0.149433,1.270458,0.204802,0.426841,-0.041628,0.755849,6.811481,-0.01,-0.6,-0.006,-0.05,-0.12,-1.2,0.500007,-0.098799,-0.002109,0.0,-0.00024,-0.036009,-0.039314,-0.06378,0.795068,-0.104373,-0.100847,-0.032592,-0.053722,1.789149,0.004332,-0.077836,-0.002843,-0.013616,5.375,0.012731,0.065075,0.074648
364,114.440598,1000.0,0.93192,0.934597,0.0,0.0,0.195867,71633.0,0.150071,1.301922,0.215946,0.462314,-0.044421,0.787559,6.813577,-0.01,-0.6,-0.006,-0.05,-0.12,-1.2,0.500007,-0.100676,-0.00208,0.0,-0.000252,-0.035806,-0.041633,-0.065378,0.801918,-0.104623,-0.099496,-0.032461,-0.05695,1.784797,0.00423,-0.078794,-0.003327,-0.021494,4.458333,0.012492,0.058431,0.067235
365,113.40892,1000.0,0.927674,0.934496,0.0,0.0,0.195249,69352.0,0.150254,1.261042,0.2071,0.436961,-0.042812,0.744063,6.839795,-0.01,-0.6,-0.006,-0.05,-0.12,-1.2,0.500007,-0.098751,-0.002348,0.0,-0.000239,-0.035739,-0.041105,-0.065521,0.779898,-0.104239,-0.099521,-0.033082,-0.054059,1.783965,0.004583,-0.078698,-0.002989,-0.021297,3.916667,0.010876,0.065888,0.066788
366,113.121567,1000.0,0.926728,0.932935,0.0,0.0,0.195305,71443.0,0.147949,1.261892,0.203871,0.424088,-0.04125,0.731675,6.822711,-0.01,-0.6,-0.006,-0.05,-0.12,-1.2,0.500007,-0.098586,-0.001962,0.0,-0.000233,-0.03571,-0.040238,-0.064451,0.787608,-0.103224,-0.097728,-0.03165,-0.052246,1.791074,0.00453,-0.077497,-0.002775,-0.017772,5.0,0.01007,0.061249,0.076118
367,113.742867,1000.0,0.926562,0.929653,0.0,0.0,0.194462,54277.0,0.146579,1.244924,0.197153,0.419473,-0.040009,0.736858,6.824224,-0.01,-0.6,-0.006,-0.05,-0.12,-1.2,0.500007,-0.098481,-0.00148,0.0,-0.00023,-0.035376,-0.038888,-0.064281,0.786692,-0.099864,-0.096206,-0.031699,-0.051815,1.800436,0.004433,-0.076888,-0.002926,-0.014418,5.083333,0.01228,0.062192,0.061814
368,113.578827,1000.0,0.928517,0.929359,0.0,0.0,0.194224,71202.0,0.147362,1.301821,0.207167,0.4307,-0.041834,0.748445,6.823641,-0.01,-0.6,-0.006,-0.05,-0.12,-1.2,0.500007,-0.097534,-0.002001,0.0,-0.000234,-0.035361,-0.039809,-0.062957,0.790892,-0.101932,-0.09912,-0.032089,-0.052762,1.795273,0.004556,-0.077033,-0.002254,-0.015285,4.375,0.011413,0.067512,0.0797
369,115.263901,1000.0,0.934346,0.937577,0.0,0.0,0.194287,71820.0,0.148365,1.287519,0.21615,0.451878,-0.04343,0.787698,6.787704,-0.01,-0.6,-0.006,-0.05,-0.12,-1.2,0.500007,-0.099429,-0.002355,0.0,-0.000243,-0.035372,-0.040455,-0.06356,0.809465,-0.101701,-0.099723,-0.031988,-0.054222,1.795254,0.004805,-0.077755,-0.002204,-0.013583,4.333333,0.010755,0.060859,0.083351
370,114.22435,1000.0,0.936678,0.932727,0.0,0.0,0.194232,72067.0,0.146677,1.263711,0.210171,0.437351,-0.042287,0.752737,6.821369,-0.01,-0.6,-0.006,-0.05,-0.12,-1.2,0.500007,-0.098683,-0.0019,0.0,-0.000242,-0.035458,-0.04052,-0.063338,0.795581,-0.100625,-0.097404,-0.031345,-0.053235,1.793844,0.004863,-0.077505,-0.002672,-0.017388,4.625,0.011246,0.057708,0.066934
371,114.796288,1000.0,0.931091,0.935473,0.0,0.0,0.194058,71911.0,0.149387,1.274699,0.217322,0.451763,-0.043609,0.767306,6.825044,-0.01,-0.6,-0.006,-0.05,-0.12,-1.2,0.500007,-0.095687,-0.001953,0.0,-0.000236,-0.035135,-0.040001,-0.063338,0.802575,-0.102623,-0.099756,-0.031623,-0.053529,1.790256,0.004594,-0.077099,-0.003105,-0.017891,3.416667,0.011848,0.069199,0.066504
372,114.29744,1000.0,0.9264,0.931068,0.0,0.0,0.194025,70957.0,0.144733,1.22798,0.201516,0.431242,-0.041151,0.758799,6.771629,-0.01,-0.6,-0.006,-0.05,-0.12,-1.2,0.500007,-0.102099,-0.001624,0.0,-0.000237,-0.034648,-0.039354,-0.063962,0.782392,-0.09651,-0.093336,-0.032848,-0.053759,1.803919,0.005229,-0.076068,-0.002667,-0.014533,4.583333,0.009975,0.069205,0.075665
373,114.661087,1000.0,0.935549,0.926965,0.0,0.0,0.193635,54706.0,0.145593,1.251526,0.207524,0.420734,-0.040045,0.764232,6.75602,-0.01,-0.6,-0.006,-0.05,-0.12,-1.2,0.500007,-0.098109,-0.001466,0.0,-0.000234,-0.034608,-0.03756,-0.06274,0.801124,-0.097991,-0.095574,-0.030805,-0.051212,1.803143,0.004661,-0.074885,-0.002567,-0.012205,3.791667,0.012635,0.055048,0.075849
374,114.186279,1000.0,0.930672,0.932617,0.0,0.0,0.194068,73099.0,0.148537,1.262819,0.201923,0.434007,-0.041689,0.75844,6.781332,-0.01,-0.6,-0.006,-0.05,-0.12,-1.2,0.500007,-0.100024,-0.002003,0.0,-0.000238,-0.034779,-0.038939,-0.06421,0.787097,-0.100134,-0.097559,-0.031336,-0.053931,1.794138,0.004618,-0.076458,-0.002666,-0.015993,4.869565,0.009778,0.06617,0.068064
375,115.428452,1000.0,0.926027,0.937469,0.0,0.0,0.193634,70846.0,0.146104,1.264651,0.211133,0.442856,-0.041763,0.775106,6.80072,-0.01,-0.6,-0.006,-0.05,-0.12,-1.2,0.500007,-0.099175,-0.001995,0.0,-0.000242,-0.034726,-0.039466,-0.063852,0.801196,-0.098482,-0.095797,-0.031009,-0.053837,1.796548,0.004606,-0.076578,-0.002541,-0.014383,5.083333,0.010405,0.063215,0.069449
376,114.317909,1000.0,0.930578,0.932643,0.0,0.0,0.193439,71336.0,0.147013,1.284757,0.209527,0.433776,-0.04205,0.763735,6.767906,-0.01,-0.6,-0.006,-0.05,-0.12,-1.2,0.500007,-0.097296,-0.001762,0.0,-0.000239,-0.034847,-0.039224,-0.063808,0.807352,-0.099396,-0.098094,-0.031394,-0.053607,1.795827,0.004599,-0.076243,-0.002729,-0.016686,7.833333,0.011257,0.06193,0.07886
377,114.898567,1000.0,0.932278,0.931735,0.0,0.0,0.192248,70548.0,0.145803,1.263541,0.207462,0.435651,-0.041162,0.756449,6.803272,-0.01,-0.6,-0.006,-0.05,-0.12,-1.2,0.500007,-0.098271,-0.001897,0.0,-0.000231,-0.034583,-0.038635,-0.062117,0.797494,-0.097889,-0.096188,-0.030755,-0.051719,1.800245,0.004863,-0.075862,-0.002745,-0.014644,8.541667,0.011654,0.059861,0.077433
378,113.8396,1000.0,0.935925,0.927464,0.0,0.0,0.191219,70999.0,0.146179,1.270889,0.209509,0.431956,-0.041142,0.758926,6.755902,-0.01,-0.6,-0.006,-0.05,-0.12,-1.2,0.500007,-0.098518,-0.00195,0.0,-0.000232,-0.034296,-0.038559,-0.061788,0.800316,-0.096771,-0.09462,-0.030423,-0.051267,1.795815,0.004878,-0.075345,-0.002684,-0.020336,7.166667,0.010585,0.070176,0.079149
379,113.17881,1000.0,0.930394,0.936767,0.0,0.0,0.191041,53940.0,0.142914,1.240371,0.196787,0.414208,-0.039347,0.723469,6.77012,-0.01,-0.6,-0.006,-0.05,-0.12,-1.2,0.500007,-0.098942,-0.001735,0.0,-0.000223,-0.03415,-0.037297,-0.061773,0.794817,-0.095888,-0.09329,-0.030071,-0.050062,1.805944,0.005053,-0.074496,-0.002618,-0.02185,6.541667,0.01002,0.068461,0.080669
380,114.433098,1000.0,0.934,0.930296,0.0,0.0,0.190602,69244.0,0.147509,1.301425,0.212469,0.450793,-0.042839,0.790235,6.74297,-0.01,-0.6,-0.006,-0.05,-0.12,-1.2,0.500007,-0.099697,-0.001795,0.0,-0.000243,-0.034547,-0.040162,-0.063136,0.801179,-0.099938,-0.097334,-0.032004,-0.054691,1.793604,0.004403,-0.076382,-0.002387,-0.013273,7.333333,0.010484,0.059952,0.078732
381,113.14608,1000.0,0.933769,0.935772,0.0,0.0,0.190457,70938.0,0.144849,1.244882,0.199187,0.417216,-0.039894,0.7237,6.768817,-0.01,-0.6,-0.006,-0.05,-0.12,-1.2,0.500007,-0.097302,-0.00202,0.0,-0.000225,-0.034212,-0.038154,-0.061735,0.797515,-0.096432,-0.095852,-0.031067,-0.050748,1.804194,0.004991,-0.074907,-0.002524,-0.013639,6.083333,0.011202,0.057658,0.078341
382,114.246437,1000.0,0.928913,0.93512,0.0,0.0,0.190007,71515.0,0.146499,1.273446,0.207084,0.43212,-0.040639,0.759897,6.746714,-0.01,-0.6,-0.006,-0.05,-0.12,-1.2,0.500007,-0.099192,-0.002094,0.0,-0.000232,-0.033933,-0.038953,-0.062424,0.80079,-0.096773,-0.093346,-0.031393,-0.050979,1.794976,0.004511,-0.074657,-0.002897,-0.01761,6.416667,0.011373,0.05971,0.076418
383,115.042694,1000.0,0.931302,0.935949,0.0,0.0,0.189472,70821.0,0.144642,1.27538,0.209514,0.44669,-0.041999,0.777891,6.804607,-0.01,-0.6,-0.006,-0.05,-0.12,-1.2,0.500007,-0.100189,-0.001981,0.0,-0.000244,-0.033927,-0.039535,-0.063787,0.801858,-0.095333,-0.092987,-0.03218,-0.053918,1.799605,0.004922,-0.075595,-0.002585,-0.016621,6.041667,0.011141,0.061872,0.068015
384,115.766342,1000.0,0.93587,0.932708,0.0,0.0,0.18907,54151.0,0.144134,1.25816,0.20939,0.429958,-0.041084,0.761582,6.791389,-0.01,-0.6,-0.006,-0.05,-0.12,-1.2,0.500007,-0.099427,-0.001495,0.0,-0.000236,-0.033762,-0.038175,-0.061024,0.806884,-0.095274,-0.093276,-0.030254,-0.053129,1.801262,0.004809,-0.074197,-0.002831,-0.015087,5.0,0.012705,0.067399,0.08371
385,115.425232,1000.0,0.936158,0.926622,0.0,0.0,0.188502,72490.0,0.142886,1.283559,0.204047,0.441956,-0.041662,0.763157,6.757225,-0.01,-0.6,-0.006,-0.05,-0.12,-1.2,0.500007,-0.101011,-0.002074,0.0,-0.000239,-0.033502,-0.038931,-0.063064,0.798814,-0.095601,-0.090222,-0.031256,-0.053126,1.805152,0.00487,-0.075111,-0.002824,-0.019691,5.695652,0.011118,0.062493,0.073345
386,115.240112,1000.0,0.932165,0.935898,0.0,0.0,0.188565,71304.0,0.142146,1.2565,0.212704,0.441596,-0.041254,0.763324,6.805162,-0.01,-0.6,-0.006,-0.05,-0.12,-1.2,0.500007,-0.0961,-0.001513,0.0,-0.000227,-0.033688,-0.037656,-0.061336,0.803499,-0.094739,-0.093054,-0.02979,-0.050709,1.811495,0.005041,-0.074102,-0.002317,-0.020657,4.125,0.011092,0.050738,0.0771
387,114.217667,1000.0,0.925949,0.9301,0.0,0.0,0.188568,71751.0,0.14457,1.287812,0.205601,0.438806,-0.042072,0.762455,6.774963,-0.01,-0.6,-0.006,-0.05,-0.12,-1.2,0.500007,-0.0989,-0.001747,0.0,-0.000236,-0.034075,-0.039736,-0.062856,0.800925,-0.095137,-0.095761,-0.030622,-0.053421,1.801626,0.004709,-0.07573,-0.001942,-0.008041,4.833333,0.012646,0.065777,0.074453
388,114.495697,1000.0,0.924678,0.932308,0.0,0.0,0.188493,70417.0,0.1444,1.255907,0.205892,0.436266,-0.040886,0.76376,6.781663,-0.01,-0.6,-0.006,-0.05,-0.12,-1.2,0.500007,-0.097339,-0.00168,0.0,-0.000237,-0.033757,-0.038671,-0.063323,0.79873,-0.094429,-0.09549,-0.030628,-0.052953,1.800534,0.005239,-0.074434,-0.002542,-0.018282,4.541667,0.01265,0.06608,0.086532
389,115.091194,1000.0,0.935239,0.928961,0.0,0.0,0.188188,71529.0,0.141763,1.256019,0.202537,0.435214,-0.040775,0.778683,6.777565,-0.01,-0.6,-0.006,-0.05,-0.12,-1.2,0.500007,-0.100632,-0.0023,0.0,-0.000234,-0.032967,-0.037963,-0.061985,0.80063,-0.093029,-0.089872,-0.03102,-0.052521,1.804146,0.0051,-0.073349,-0.002416,-0.014877,4.791667,0.009681,0.054076,0.064279
390,114.580833,1000.0,0.928895,0.928207,0.0,0.0,0.187969,53284.0,0.142711,1.272959,0.201679,0.432683,-0.040422,0.758975,6.768694,-0.01,-0.6,-0.006,-0.05,-0.12,-1.2,0.500007,-0.101745,-0.001689,0.0,-0.000233,-0.03337,-0.039317,-0.062758,0.795142,-0.094725,-0.090128,-0.030207,-0.050875,1.802655,0.005088,-0.074192,-0.002418,-0.01215,4.0,0.012516,0.064195,0.07377
391,114.817863,1000.0,0.924154,0.936732,0.0,0.0,0.187955,71650.0,0.144786,1.265882,0.212923,0.432899,-0.040923,0.761749,6.762501,-0.01,-0.6,-0.006,-0.05,-0.12,-1.2,0.500007,-0.094999,-0.001691,0.0,-0.000231,-0.033334,-0.037454,-0.061413,0.804218,-0.095501,-0.094629,-0.029133,-0.053041,1.801767,0.004752,-0.073111,-0.002478,-0.013797,4.833333,0.011504,0.062771,0.081719
392,115.828201,1000.0,0.92878,0.939055,0.0,0.0,0.18717,69371.0,0.145313,1.288921,0.216349,0.45397,-0.043173,0.796071,6.782741,-0.01,-0.6,-0.006,-0.05,-0.12,-1.2,0.500007,-0.097771,-0.001583,0.0,-0.000239,-0.033198,-0.039197,-0.062579,0.8136,-0.095011,-0.093754,-0.031378,-0.05397,1.797466,0.00475,-0.07454,-0.00272,-0.016102,3.5,0.011909,0.05827,0.075012
393,115.005661,1000.0,0.922695,0.922994,0.0,0.0,0.187123,72124.0,0.145922,1.274054,0.214458,0.449518,-0.042498,0.776472,6.743815,-0.01,-0.6,-0.006,-0.05,-0.12,-1.2,0.500007,-0.096384,-0.002235,0.0,-0.000237,-0.033612,-0.04034,-0.063139,0.80487,-0.096368,-0.098089,-0.031573,-0.053327,1.798332,0.004638,-0.075123,-0.002633,-0.02013,4.652174,0.012147,0.073423,0.07972
394,113.549599,1000.0,0.92413,0.926653,0.0,0.0,0.186939,71440.0,0.142741,1.236994,0.187064,0.400212,-0.03766,0.708338,6.749777,-0.01,-0.6,-0.006,-0.05,-0.12,-1.2,0.500007,-0.099481,-0.001987,0.0,-0.000228,-0.032964,-0.037048,-0.061952,0.776351,-0.091862,-0.091912,-0.030855,-0.051753,1.806977,0.005352,-0.072382,-0.002323,-0.014513,4.166667,0.010197,0.051276,0.077709
395,115.514687,1000.0,0.931546,0.930354,0.0,0.0,0.187037,71081.0,0.144024,1.289896,0.207098,0.44218,-0.041567,0.770827,6.746161,-0.01,-0.6,-0.006,-0.05,-0.12,-1.2,0.500007,-0.099091,-0.001981,0.0,-0.000235,-0.032873,-0.039286,-0.062424,0.804838,-0.093445,-0.091621,-0.031386,-0.052884,1.798746,0.004812,-0.073453,-0.002545,-0.013179,4.75,0.011212,0.061057,0.068291
396,115.839493,1000.0,0.930529,0.92972,0.0,0.0,0.186887,54210.0,0.143291,1.26007,0.213963,0.456891,-0.042205,0.777235,6.760358,-0.01,-0.6,-0.006,-0.05,-0.12,-1.2,0.500007,-0.097634,-0.002424,0.0,-0.000231,-0.032914,-0.039533,-0.06188,0.80314,-0.095064,-0.093013,-0.030177,-0.051265,1.80134,0.004886,-0.074207,-0.002419,-0.016999,4.75,0.011173,0.067341,0.074847
397,114.464638,994.719971,0.926724,0.922263,0.041667,0.0,0.186642,70903.0,0.142814,1.276691,0.215561,0.450095,-0.041094,0.780142,6.743997,-0.01,-0.6,-0.006,-0.05,-0.12,-1.2,0.497251,-0.098737,-0.002053,-0.000417,-0.000233,-0.032445,-0.038645,-0.061419,0.798785,-0.09355,-0.090232,-0.029486,-0.050872,1.78606,0.004768,-0.072714,-0.002767,-0.018148,4.208333,0.012098,0.061825,0.077777
398,113.424797,1000.0,0.913541,0.927432,0.0,0.0,0.18644,69629.0,0.145102,1.273124,0.202747,0.435864,-0.041551,0.741106,6.75937,-0.01,-0.6,-0.006,-0.05,-0.12,-1.2,0.500007,-0.098081,-0.002583,0.0,-0.000229,-0.032919,-0.03933,-0.062796,0.794072,-0.094175,-0.09308,-0.031284,-0.053436,1.793098,0.005049,-0.073446,-0.002551,-0.015262,4.458333,0.012065,0.060227,0.070851
399,114.124512,1000.0,0.926158,0.933868,0.0,0.0,0.186041,70008.0,0.141167,1.257676,0.208071,0.423488,-0.039626,0.757888,6.783738,-0.01,-0.6,-0.006,-0.05,-0.12,-1.2,0.500007,-0.096073,-0.001616,0.0,-0.00023,-0.03269,-0.03745,-0.061186,0.813616,-0.090809,-0.091014,-0.03009,-0.051668,1.806884,0.005188,-0.071475,-0.002697,-0.018354,3.75,0.014517,0.060721,0.081765
400,113.341667,1000.0,0.936654,0.929771,0.0,0.0,0.185702,66599.0,0.140838,1.224463,0.200024,0.407424,-0.038134,0.717529,6.745444,-0.01,-0.6,-0.006,-0.05,-0.12,-1.2,0.500007,-0.097062,-0.00166,0.0,-0.000214,-0.032327,-0.03667,-0.059774,0.798061,-0.091047,-0.090319,-0.028899,-0.047392,1.80822,0.005411,-0.071116,-0.002606,-0.016449,4.416667,0.010837,0.059021,0.07657
401,114.585289,1000.0,0.927348,0.92449,0.0,0.0,0.185488,66669.0,0.139492,1.244004,0.197186,0.429291,-0.039363,0.774497,6.805627,-0.01,-0.6,-0.006,-0.05,-0.12,-1.2,0.500007,-0.101075,-0.001775,0.0,-0.000229,-0.031941,-0.036753,-0.060979,0.800226,-0.090972,-0.08633,-0.030565,-0.050239,1.810533,0.005125,-0.071601,-0.002356,-0.013321,5.208333,0.010744,0.069065,0.088655
402,115.576042,1000.0,0.931315,0.925091,0.0,0.0,0.185078,50324.0,0.140283,1.232624,0.206099,0.441601,-0.040466,0.799575,6.786672,-0.01,-0.6,-0.006,-0.05,-0.12,-1.2,0.500007,-0.100674,-0.001671,0.0,-0.000233,-0.031761,-0.036928,-0.060613,0.809384,-0.089899,-0.085169,-0.030211,-0.051029,1.806467,0.005175,-0.071254,-0.002745,-0.016736,4.708333,0.010467,0.06642,0.076891
403,115.040161,1000.0,0.928263,0.93305,0.0,0.0,0.184596,67978.0,0.144385,1.254598,0.208633,0.435236,-0.040323,0.758444,6.782104,-0.01,-0.6,-0.006,-0.05,-0.12,-1.2,0.500007,-0.096969,-0.001395,0.0,-0.000228,-0.032521,-0.038535,-0.061714,0.800252,-0.094358,-0.094534,-0.030614,-0.051754,1.794753,0.005025,-0.072052,-0.002378,-0.020173,4.708333,0.011387,0.06008,0.074654
404,115.181801,1000.0,0.933462,0.927818,0.0,0.0,0.184282,65908.0,0.141019,1.228076,0.212295,0.447009,-0.041508,0.758544,6.787346,-0.01,-0.6,-0.006,-0.05,-0.12,-1.2,0.500007,-0.095215,-0.00151,0.0,-0.000226,-0.032377,-0.037773,-0.059808,0.806383,-0.090976,-0.091204,-0.02864,-0.051473,1.805629,0.00521,-0.072196,-0.002814,-0.019145,4.666667,0.010436,0.061134,0.079284
405,115.292213,1000.0,0.923854,0.933609,0.0,0.0,0.183911,67816.0,0.141306,1.261493,0.214274,0.441528,-0.041265,0.782387,6.798741,-0.01,-0.6,-0.006,-0.05,-0.12,-1.2,0.500007,-0.095281,-0.001324,0.0,-0.000234,-0.032379,-0.037243,-0.061321,0.806314,-0.091873,-0.093501,-0.028807,-0.053172,1.810764,0.00482,-0.071796,-0.002553,-0.014449,5.333333,0.011707,0.059612,0.070805
406,115.326706,1000.0,0.918371,0.925949,0.0,0.0,0.183974,65372.0,0.14343,1.256723,0.212108,0.443635,-0.041071,0.777718,6.770378,-0.01,-0.6,-0.006,-0.05,-0.12,-1.2,0.500007,-0.096721,-0.001511,0.0,-0.000233,-0.032201,-0.037308,-0.061646,0.798077,-0.09306,-0.092071,-0.02862,-0.052211,1.801593,0.004891,-0.072172,-0.002842,-0.021764,4.333333,0.011761,0.059334,0.074949
407,115.853851,1000.0,0.927155,0.929103,0.0,0.0,0.183366,49747.0,0.142676,1.261603,0.21667,0.451656,-0.041453,0.813191,6.783306,-0.01,-0.6,-0.006,-0.05,-0.12,-1.2,0.500007,-0.099556,-0.001674,0.0,-0.000241,-0.031956,-0.038928,-0.061616,0.821459,-0.094767,-0.088553,-0.029716,-0.052133,1.801587,0.004695,-0.07184,-0.002799,-0.021472,4.0,0.011121,0.066849,0.081689
408,114.874878,1000.0,0.928242,0.92934,0.0,0.0,0.183228,67453.0,0.139398,1.295659,0.203279,0.437256,-0.039984,0.776464,6.786863,-0.01,-0.6,-0.006,-0.05,-0.12,-1.2,0.500007,-0.100686,-0.001518,0.0,-0.000228,-0.031426,-0.036697,-0.060856,0.799985,-0.089246,-0.08461,-0.029086,-0.049984,1.809052,0.00512,-0.071211,-0.002426,-0.014255,5.125,0.01196,0.058484,0.077983
409,113.777122,1000.0,0.926561,0.92358,0.0,0.0,0.183393,67996.0,0.138961,1.233734,0.203729,0.419167,-0.039656,0.729534,6.790099,-0.01,-0.6,-0.006,-0.05,-0.12,-1.2,0.500007,-0.095581,-0.00173,0.0,-0.000221,-0.031788,-0.036299,-0.05968,0.800566,-0.089238,-0.089891,-0.027788,-0.050697,1.815673,0.005356,-0.070116,-0.002731,-0.023328,4.791667,0.012785,0.067425,0.08957
410,115.852325,1000.0,0.920089,0.928812,0.0,0.0,0.183147,59833.0,0.144244,1.244822,0.223031,0.458166,-0.041721,0.787918,6.798369,-0.01,-0.6,-0.006,-0.05,-0.12,-1.2,0.500007,-0.093704,-0.002102,0.0,-0.00023,-0.032134,-0.038434,-0.060309,0.810199,-0.092553,-0.094148,-0.029027,-0.052369,1.795024,0.005378,-0.071665,-0.00287,-0.017445,4.166667,0.010969,0.057577,0.059022
411,116.110954,1000.0,0.937535,0.923219,0.0,0.0,0.182962,71776.0,0.142931,1.256358,0.219882,0.452267,-0.041414,0.785135,6.777002,-0.01,-0.6,-0.006,-0.05,-0.12,-1.2,0.500007,-0.093733,-0.001508,0.0,-0.000226,-0.031849,-0.038488,-0.060457,0.812657,-0.093063,-0.095724,-0.028323,-0.049768,1.800187,0.005166,-0.071534,-0.002618,-0.014685,4.291667,0.009853,0.067849,0.076818
412,115.039528,1000.0,0.930538,0.929127,0.0,0.0,0.182784,70997.0,0.138921,1.230717,0.198902,0.421602,-0.037893,0.748106,6.789726,-0.01,-0.6,-0.006,-0.05,-0.12,-1.2,0.500007,-0.098481,-0.001144,0.0,-0.00022,-0.031221,-0.035875,-0.058776,0.797695,-0.08932,-0.085134,-0.028513,-0.048512,1.815938,0.005468,-0.069874,-0.002134,-0.014351,4.458333,0.010638,0.067018,0.075084
413,115.49015,1000.0,0.927851,0.924381,0.0,0.0,0.182308,53466.0,0.143782,1.273403,0.223022,0.460192,-0.043351,0.789794,6.769397,-0.01,-0.6,-0.006,-0.05,-0.12,-1.2,0.500007,-0.094597,-0.001433,0.0,-0.000234,-0.03187,-0.039333,-0.0615,0.80539,-0.095321,-0.093037,-0.029518,-0.054049,1.79829,0.004815,-0.071841,-0.00293,-0.022555,4.291667,0.010745,0.062792,0.072409
414,115.382118,1000.0,0.923941,0.932953,0.0,0.0,0.18214,72218.0,0.141699,1.245177,0.208452,0.430278,-0.039693,0.750604,6.765174,-0.01,-0.6,-0.006,-0.05,-0.12,-1.2,0.500007,-0.09462,-0.001079,0.0,-0.00022,-0.03127,-0.036996,-0.060047,0.801304,-0.089891,-0.090057,-0.028792,-0.050611,1.806747,0.005583,-0.069472,-0.00228,-0.011428,3.916667,0.012519,0.057972,0.068526
415,115.391273,1000.0,0.934022,0.929736,0.0,0.0,0.181977,72106.0,0.139619,1.231331,0.204936,0.424759,-0.039033,0.757011,6.801021,-0.01,-0.6,-0.006,-0.05,-0.12,-1.2,0.500007,-0.098217,-0.001519,0.0,-0.000223,-0.030972,-0.036553,-0.060086,0.80369,-0.090344,-0.087951,-0.028899,-0.049398,1.81121,0.005403,-0.069525,-0.002732,-0.015545,4.458333,0.009256,0.063389,0.083846
416,115.511429,1000.0,0.918651,0.924325,0.0,0.0,0.18185,74157.0,0.141086,1.278305,0.217452,0.451241,-0.041103,0.788724,6.807752,-0.01,-0.6,-0.006,-0.05,-0.12,-1.2,0.500007,-0.096475,-0.001815,0.0,-0.00023,-0.0313,-0.038099,-0.060592,0.804066,-0.092226,-0.09005,-0.028761,-0.051736,1.802549,0.00495,-0.070448,-0.002519,-0.014548,4.521739,0.011602,0.059445,0.076331
417,116.679588,1000.0,0.924339,0.930872,0.0,0.0,0.181733,71483.0,0.143754,1.228755,0.219499,0.448897,-0.041207,0.786733,6.794792,-0.01,-0.6,-0.006,-0.05,-0.12,-1.2,0.500007,-0.094822,-0.001492,0.0,-0.000231,-0.031432,-0.037945,-0.061793,0.81179,-0.09172,-0.093337,-0.029037,-0.05271,1.800495,0.005157,-0.070309,-0.002976,-0.017367,5.458333,0.011079,0.069063,0.075497
418,116.273834,1000.0,0.931917,0.930034,0.0,0.0,0.18186,71363.0,0.139821,1.229836,0.21477,0.443627,-0.040656,0.773405,6.778437,-0.01,-0.6,-0.006,-0.05,-0.12,-1.2,0.500007,-0.097101,-0.001586,0.0,-0.000225,-0.030913,-0.037797,-0.05875,0.8089,-0.09006,-0.087502,-0.027452,-0.049914,1.805622,0.005411,-0.069714,-0.002605,-0.01908,9.0,0.011284,0.063402,0.070049
419,114.89315,1000.0,0.926445,0.930979,0.0,0.0,0.181566,53450.0,0.139781,1.231847,0.205755,0.434512,-0.040156,0.748723,6.761786,-0.01,-0.6,-0.006,-0.05,-0.12,-1.2,0.500007,-0.097255,-0.001457,0.0,-0.000221,-0.030976,-0.037833,-0.060442,0.795956,-0.090638,-0.088912,-0.027983,-0.050259,1.808245,0.005623,-0.069881,-0.002351,-0.011173,7.708333,0.0127,0.063913,0.081056
420,114.863876,1000.0,0.930818,0.92261,0.0,0.0,0.181227,72403.0,0.140045,1.247677,0.209075,0.439781,-0.040485,0.760133,6.744099,-0.01,-0.6,-0.006,-0.05,-0.12,-1.2,0.500007,-0.097388,-0.001547,0.0,-0.000224,-0.030861,-0.03754,-0.059331,0.799535,-0.090884,-0.088363,-0.027591,-0.0501,1.807027,0.005294,-0.069854,-0.002616,-0.014818,7.458333,0.010617,0.066052,0.083411
421,115.944977,1000.0,0.926814,0.923018,0.0,0.0,0.180939,71987.0,0.140803,1.255743,0.2179,0.460404,-0.042331,0.794042,6.745766,-0.01,-0.6,-0.006,-0.05,-0.12,-1.2,0.500007,-0.098335,-0.001898,0.0,-0.000231,-0.030685,-0.038277,-0.060252,0.806077,-0.09109,-0.086503,-0.028772,-0.05223,1.804473,0.005001,-0.069819,-0.003303,-0.025588,6.875,0.010193,0.059894,0.07785
422,115.56842,1000.0,0.92845,0.92057,0.0,0.0,0.180857,71613.0,0.139767,1.247797,0.213983,0.451368,-0.040365,0.785543,6.751861,-0.01,-0.6,-0.006,-0.05,-0.12,-1.2,0.500007,-0.097607,-0.001413,0.0,-0.000223,-0.030684,-0.037066,-0.060058,0.800409,-0.090039,-0.087033,-0.027675,-0.049417,1.806029,0.005231,-0.069449,-0.002655,-0.010656,6.458333,0.010997,0.062623,0.084933
423,115.808418,1000.0,0.934801,0.931078,0.0,0.0,0.180413,72086.0,0.139779,1.261145,0.216552,0.442428,-0.040839,0.774603,6.729389,-0.01,-0.6,-0.006,-0.05,-0.12,-1.2,0.500007,-0.095887,-0.001651,0.0,-0.000229,-0.030633,-0.03746,-0.059427,0.815036,-0.089666,-0.088315,-0.027947,-0.050916,1.80681,0.005061,-0.069197,-0.002419,-0.013787,6.291667,0.011962,0.061789,0.085936
424,114.689735,1000.0,0.921215,0.93026,0.0,0.0,0.180033,71902.0,0.136167,1.218832,0.193959,0.416997,-0.037563,0.742231,6.742559,-0.01,-0.6,-0.006,-0.05,-0.12,-1.2,0.500007,-0.099701,-0.001544,0.0,-0.000219,-0.030039,-0.035521,-0.059351,0.797554,-0.086182,-0.083028,-0.028872,-0.048661,1.815824,0.005801,-0.067743,-0.002563,-0.015466,5.916667,0.013182,0.068049,0.076862
425,115.259087,1000.0,0.927689,0.927871,0.0,0.0,0.179707,48901.0,0.138073,1.216191,0.201522,0.422168,-0.037972,0.749115,6.75804,-0.01,-0.6,-0.006,-0.05,-0.12,-1.2,0.500007,-0.098019,-0.000964,0.0,-0.000217,-0.030231,-0.036123,-0.059762,0.79273,-0.088125,-0.085245,-0.028377,-0.048332,1.817325,0.005691,-0.067519,-0.002361,-0.009959,5.875,0.01136,0.065291,0.078633
426,115.057579,1000.0,0.929399,0.929924,0.0,0.0,0.179659,73002.0,0.137922,1.239207,0.205644,0.44441,-0.040039,0.766305,6.756584,-0.01,-0.6,-0.006,-0.05,-0.12,-1.2,0.500007,-0.099199,-0.001635,0.0,-0.00022,-0.030325,-0.03779,-0.05994,0.793067,-0.088053,-0.084399,-0.028358,-0.048618,1.807354,0.005641,-0.069479,-0.00228,-0.017132,4.956522,0.010878,0.061303,0.073704
427,115.269409,1000.0,0.925303,0.926267,0.0,0.0,0.179538,70611.0,0.138482,1.223998,0.209339,0.435171,-0.039153,0.764149,6.755151,-0.01,-0.6,-0.006,-0.05,-0.12,-1.2,0.500007,-0.09578,-0.001544,0.0,-0.000217,-0.030397,-0.037134,-0.058606,0.800532,-0.088862,-0.087285,-0.027501,-0.048434,1.812353,0.00543,-0.068146,-0.002509,-0.0188,5.625,0.011302,0.063035,0.07915
428,114.895187,1000.0,0.933911,0.92845,0.0,0.0,0.179068,72711.0,0.138899,1.244898,0.211649,0.441199,-0.040413,0.741026,6.757509,-0.01,-0.6,-0.006,-0.05,-0.12,-1.2,0.500007,-0.09553,-0.001854,0.0,-0.000219,-0.030675,-0.037477,-0.057745,0.796708,-0.087769,-0.088446,-0.027041,-0.049827,1.810703,0.005525,-0.069339,-0.002649,-0.016739,4.083333,0.009966,0.068584,0.072709
429,113.977364,1000.0,0.917447,0.922805,0.0,0.0,0.179193,72402.0,0.138872,1.235151,0.209503,0.43363,-0.039303,0.734381,6.730789,-0.01,-0.6,-0.006,-0.05,-0.12,-1.2,0.500007,-0.095439,-0.001305,0.0,-0.000215,-0.030279,-0.037375,-0.058808,0.789214,-0.087726,-0.087571,-0.027196,-0.048502,1.807214,0.005686,-0.068394,-0.002443,-0.017281,5.041667,0.010683,0.06645,0.080191
430,114.843063,1000.0,0.925446,0.925321,0.0,0.0,0.178977,71901.0,0.139189,1.216594,0.209086,0.427825,-0.038767,0.733445,6.771337,-0.01,-0.6,-0.006,-0.05,-0.12,-1.2,0.500007,-0.093096,-0.001776,0.0,-0.000209,-0.03026,-0.036162,-0.057579,0.784417,-0.088664,-0.087722,-0.026228,-0.047431,1.808084,0.005598,-0.067784,-0.002565,-0.018461,4.625,0.012642,0.065658,0.091926
431,115.390053,1000.0,0.931422,0.929314,0.0,0.0,0.178649,61110.0,0.141497,1.232388,0.223267,0.454257,-0.041724,0.766748,6.726445,-0.01,-0.6,-0.006,-0.05,-0.12,-1.2,0.500007,-0.091272,-0.001366,0.0,-0.000223,-0.03068,-0.037693,-0.058544,0.799974,-0.090235,-0.094114,-0.02683,-0.05148,1.804711,0.005354,-0.069177,-0.002733,-0.021937,4.583333,0.01036,0.057586,0.080591
432,115.583122,1000.0,0.929103,0.926375,0.0,0.0,0.178321,71349.0,0.139514,1.18908,0.212467,0.43867,-0.04023,0.773489,6.763065,-0.01,-0.6,-0.006,-0.05,-0.12,-1.2,0.500007,-0.096655,-0.001565,0.0,-0.000226,-0.029983,-0.036864,-0.059225,0.806909,-0.086014,-0.0864,-0.027249,-0.051253,1.804729,0.005568,-0.067629,-0.002887,-0.017414,4.041667,0.012395,0.067148,0.071824
433,115.775314,1000.0,0.924566,0.929319,0.0,0.0,0.178111,71748.0,0.140851,1.242263,0.209362,0.436532,-0.039763,0.761255,6.737901,-0.01,-0.6,-0.006,-0.05,-0.12,-1.2,0.500007,-0.094689,-0.001467,0.0,-0.000221,-0.030118,-0.037077,-0.060018,0.802196,-0.089051,-0.090981,-0.027916,-0.050476,1.809317,0.005192,-0.067753,-0.002306,-0.015883,4.875,0.011167,0.056718,0.074864
434,115.129684,1000.0,0.932707,0.922096,0.0,0.0,0.177866,69988.0,0.136591,1.2126,0.194621,0.414017,-0.037617,0.708618,6.752453,-0.01,-0.6,-0.006,-0.05,-0.12,-1.2,0.500007,-0.096487,-0.002071,0.0,-0.000207,-0.029906,-0.035888,-0.058636,0.778144,-0.088289,-0.083993,-0.028154,-0.047431,1.815082,0.005855,-0.067151,-0.002279,-0.010836,3.458333,0.010024,0.070108,0.081593
435,115.5914,1000.0,0.922965,0.929675,0.0,0.0,0.177789,73307.0,0.138786,1.210144,0.204492,0.422414,-0.039069,0.742942,6.754325,-0.01,-0.6,-0.006,-0.05,-0.12,-1.2,0.500007,-0.095484,-0.001182,0.0,-0.00022,-0.029993,-0.036052,-0.059304,0.804995,-0.088991,-0.088068,-0.028189,-0.050862,1.815882,0.005629,-0.067048,-0.002605,-0.011425,5.043478,0.011804,0.064687,0.078294
436,116.632576,998.109985,0.931159,0.926727,0.041667,0.0,0.178062,53022.0,0.138904,1.250449,0.221952,0.459042,-0.04155,0.793508,6.717653,-0.01,-0.6,-0.006,-0.05,-0.12,-1.2,0.499347,-0.093333,-0.002017,-0.000278,-0.000221,-0.029875,-0.037345,-0.057906,0.811124,-0.087205,-0.087805,-0.027168,-0.050632,1.80917,0.005399,-0.067718,-0.00236,-0.007075,3.5,0.011937,0.077035,0.089422
437,115.728577,1000.0,0.921066,0.933338,0.0,0.0,0.177627,71725.0,0.137868,1.23585,0.214837,0.444822,-0.040462,0.767309,6.73781,-0.01,-0.6,-0.006,-0.05,-0.12,-1.2,0.500007,-0.09687,-0.001145,0.0,-0.000216,-0.029537,-0.036815,-0.059062,0.801887,-0.086643,-0.084143,-0.027026,-0.048877,1.807355,0.005712,-0.067151,-0.002699,-0.017789,5.041667,0.011143,0.065501,0.073093
438,115.270355,1000.0,0.922257,0.931929,0.0,0.0,0.177481,71965.0,0.135996,1.21614,0.206577,0.431564,-0.03884,0.754234,6.739689,-0.01,-0.6,-0.006,-0.05,-0.12,-1.2,0.500007,-0.097193,-0.001934,0.0,-0.000212,-0.029575,-0.036767,-0.058607,0.798321,-0.086451,-0.084527,-0.028005,-0.048003,1.814515,0.005638,-0.066739,-0.002541,-0.009539,4.416667,0.010425,0.071338,0.069152
439,115.359932,1000.0,0.935866,0.920515,0.0,0.0,0.177284,70795.0,0.139223,1.207589,0.212014,0.438837,-0.039352,0.744955,6.741903,-0.01,-0.6,-0.006,-0.05,-0.12,-1.2,0.500007,-0.093175,-0.001988,0.0,-0.000213,-0.029555,-0.036463,-0.056924,0.793837,-0.085406,-0.085057,-0.026019,-0.048053,1.809493,0.005919,-0.06682,-0.002695,-0.024581,4.416667,0.009277,0.060415,0.074211
440,114.972542,1000.0,0.915569,0.922532,0.0,0.0,0.177118,72147.0,0.140287,1.209774,0.209107,0.444262,-0.040959,0.756786,6.746437,-0.01,-0.6,-0.006,-0.05,-0.12,-1.2,0.500007,-0.096204,-0.001945,0.0,-0.000221,-0.029555,-0.03742,-0.05848,0.782578,-0.087792,-0.086404,-0.028063,-0.052004,1.804533,0.00572,-0.067158,-0.002487,-0.018005,4.25,0.012607,0.06646,0.072896
441,117.212105,1000.0,0.926591,0.917395,0.0,0.0,0.1772,70331.0,0.138941,1.25145,0.231941,0.471055,-0.041836,0.825445,6.748015,-0.01,-0.6,-0.006,-0.05,-0.12,-1.2,0.500007,-0.095151,-0.001813,0.0,-0.000231,-0.029326,-0.037272,-0.058583,0.815193,-0.085779,-0.086174,-0.02658,-0.052366,1.805576,0.00548,-0.067321,-0.002833,-0.013219,3.666667,0.009558,0.072786,0.079397
442,114.867897,1000.0,0.912022,0.920064,0.0,0.0,0.17712,52533.0,0.141951,1.263124,0.210216,0.448726,-0.041143,0.750676,6.741264,-0.01,-0.6,-0.006,-0.05,-0.12,-1.2,0.500007,-0.095377,-0.00174,0.0,-0.000219,-0.029561,-0.037887,-0.060011,0.785375,-0.089765,-0.090813,-0.028899,-0.051732,1.803493,0.005264,-0.067564,-0.002409,-0.022165,5.166667,0.012831,0.076121,0.084822
443,115.920921,1000.0,0.926198,0.926902,0.0,0.0,0.1771,71257.0,0.140893,1.2471,0.221951,0.451357,-0.041578,0.755084,6.724494,-0.01,-0.6,-0.006,-0.05,-0.12,-1.2,0.500007,-0.090865,-0.001876,0.0,-0.000219,-0.029735,-0.036739,-0.058511,0.802731,-0.086527,-0.090987,-0.026914,-0.052237,1.800765,0.005674,-0.067301,-0.002412,-0.014073,4.958333,0.012216,0.054335,0.087853
444,115.466949,1000.0,0.923838,0.921811,0.0,0.0,0.177015,71603.0,0.140532,1.241344,0.220459,0.463136,-0.041083,0.795138,6.73519,-0.01,-0.6,-0.006,-0.05,-0.12,-1.2,0.500007,-0.096697,-0.001796,0.0,-0.000224,-0.029519,-0.038428,-0.058989,0.807265,-0.087545,-0.086906,-0.027753,-0.049994,1.7959,0.005414,-0.067794,-0.002497,-0.013094,4.875,0.012594,0.070097,0.086308
445,116.223656,1000.0,0.924297,0.924155,0.0,0.0,0.17671,70929.0,0.138941,1.233225,0.21884,0.44612,-0.039572,0.773081,6.73493,-0.01,-0.6,-0.006,-0.05,-0.12,-1.2,0.500007,-0.093143,-0.001688,0.0,-0.00022,-0.0291,-0.035704,-0.057434,0.806057,-0.085136,-0.08559,-0.026162,-0.049899,1.811608,0.00576,-0.065818,-0.002437,-0.01484,4.125,0.012652,0.063887,0.078523
446,115.687584,1000.0,0.912145,0.928188,0.0,0.0,0.176401,65447.0,0.140007,1.182209,0.216161,0.434162,-0.039498,0.761945,6.704181,-0.01,-0.6,-0.006,-0.05,-0.12,-1.2,0.500007,-0.094174,-0.001753,0.0,-0.000222,-0.02904,-0.035685,-0.05831,0.80457,-0.084881,-0.08721,-0.026652,-0.050904,1.809031,0.005874,-0.065731,-0.002595,-0.012521,5.166667,0.011969,0.06127,0.083352
447,117.238602,1000.0,0.925421,0.925365,0.0,0.0,0.176285,61860.0,0.1393,1.236857,0.224644,0.466972,-0.041796,0.794693,6.721323,-0.01,-0.6,-0.006,-0.05,-0.12,-1.2,0.500007,-0.095541,-0.001884,0.0,-0.000223,-0.029189,-0.037339,-0.058208,0.803091,-0.086191,-0.084906,-0.026427,-0.050878,1.80589,0.005782,-0.067172,-0.003052,-0.016937,5.375,0.010354,0.063567,0.078344
448,114.752396,1000.0,0.918832,0.91901,0.0,0.0,0.175941,46603.0,0.137169,1.176999,0.201032,0.419348,-0.037648,0.715026,6.683938,-0.01,-0.6,-0.006,-0.05,-0.12,-1.2,0.500007,-0.094385,-0.001681,0.0,-0.000199,-0.029142,-0.035948,-0.056463,0.770707,-0.085828,-0.08484,-0.026222,-0.045876,1.81189,0.006235,-0.06552,-0.002669,-0.013001,3.583333,0.012652,0.064201,0.084982
449,116.072578,1000.0,0.923575,0.924152,0.0,0.0,0.175787,58003.0,0.14263,1.226073,0.225923,0.469153,-0.042519,0.807895,6.728723,-0.01,-0.6,-0.006,-0.05,-0.12,-1.2,0.500007,-0.095794,-0.002037,0.0,-0.00023,-0.029521,-0.038526,-0.060008,0.807759,-0.087443,-0.086329,-0.028204,-0.053262,1.791126,0.005562,-0.067525,-0.00353,-0.026339,4.791667,0.011481,0.062497,0.09235
450,115.508568,1000.0,0.925661,0.924762,0.0,0.0,0.175789,59276.0,0.137057,1.200544,0.208371,0.428943,-0.038449,0.748962,6.720775,-0.01,-0.6,-0.006,-0.05,-0.12,-1.2,0.500007,-0.095278,-0.001508,0.0,-0.000211,-0.029095,-0.03629,-0.058437,0.805988,-0.085374,-0.084092,-0.02693,-0.047933,1.812261,0.006141,-0.065362,-0.002489,-0.010157,4.916667,0.012627,0.060432,0.075753
451,115.899704,1000.0,0.924929,0.925674,0.0,0.0,0.175463,61506.0,0.137726,1.179556,0.208554,0.43539,-0.038551,0.767915,6.729299,-0.01,-0.6,-0.006,-0.05,-0.12,-1.2,0.500007,-0.096293,-0.002102,0.0,-0.000212,-0.028531,-0.035018,-0.057743,0.793853,-0.083191,-0.082218,-0.026379,-0.048194,1.803978,0.006258,-0.065127,-0.002521,-0.013352,4.708333,0.012567,0.06009,0.08411
452,116.758629,1000.0,0.923809,0.926126,0.0,0.0,0.175699,61423.0,0.139011,1.242156,0.218233,0.451437,-0.040361,0.778038,6.712258,-0.01,-0.6,-0.006,-0.05,-0.12,-1.2,0.500007,-0.092747,-0.001864,0.0,-0.000219,-0.028885,-0.035711,-0.057908,0.802458,-0.084931,-0.084816,-0.026771,-0.051368,1.80547,0.006125,-0.065568,-0.002562,-0.014093,4.125,0.009858,0.065275,0.066184
453,115.583893,998.22998,0.913471,0.919997,0.041667,0.0,0.175744,49756.0,0.140174,1.212765,0.216896,0.458768,-0.040953,0.774685,6.723571,-0.01,-0.6,-0.006,-0.05,-0.12,-1.2,0.499543,-0.094283,-0.002149,-0.000208,-0.000219,-0.029007,-0.036566,-0.058213,0.800834,-0.086071,-0.085094,-0.027742,-0.051017,1.793909,0.006157,-0.06655,-0.00296,-0.023656,4.5,0.010877,0.070179,0.0804
454,115.139931,994.659973,0.92081,0.922372,0.041667,0.0,0.17591,68267.0,0.133184,1.185299,0.19633,0.405594,-0.036244,0.729831,6.711459,-0.01,-0.6,-0.006,-0.05,-0.12,-1.2,0.497777,-0.096508,-0.001414,-0.000333,-0.000206,-0.028212,-0.033522,-0.056714,0.787562,-0.081915,-0.080712,-0.026337,-0.047574,1.816833,0.006161,-0.063134,-0.002267,-0.013009,4.333333,0.014072,0.061526,0.076934
455,116.088921,1000.0,0.922413,0.919582,0.0,0.0,0.175854,67915.0,0.141265,1.242271,0.224553,0.453153,-0.040803,0.786428,6.711639,-0.01,-0.6,-0.006,-0.05,-0.12,-1.2,0.500007,-0.091325,-0.00164,0.0,-0.000217,-0.029037,-0.035685,-0.058768,0.797241,-0.085316,-0.087773,-0.02673,-0.050786,1.798308,0.005566,-0.065801,-0.002514,-0.017263,4.125,0.011219,0.056855,0.073657
456,116.662621,1000.0,0.924637,0.924603,0.0,0.0,0.176199,60749.0,0.136064,1.229946,0.216779,0.461521,-0.041167,0.78655,6.694201,-0.01,-0.6,-0.006,-0.05,-0.12,-1.2,0.500007,-0.098797,-0.002076,0.0,-0.000221,-0.028291,-0.036876,-0.05787,0.798348,-0.084149,-0.081788,-0.026904,-0.050674,1.806114,0.005807,-0.065721,-0.002817,-0.015666,3.791667,0.011775,0.062775,0.087087
457,116.001793,1000.0,0.912493,0.928428,0.0,0.0,0.175985,62085.0,0.138145,1.215056,0.214064,0.44407,-0.039531,0.748146,6.692651,-0.01,-0.6,-0.006,-0.05,-0.12,-1.2,0.500007,-0.093883,-0.001872,0.0,-0.00021,-0.028649,-0.035612,-0.057751,0.784626,-0.082823,-0.083524,-0.025862,-0.049691,1.807994,0.006205,-0.064788,-0.003157,-0.027643,4.956522,0.011613,0.055239,0.076497
458,115.770126,997.849976,0.92424,0.918568,0.041667,0.0,0.176036,45411.0,0.137748,1.189978,0.209937,0.443341,-0.039606,0.766869,6.729179,-0.01,-0.6,-0.006,-0.05,-0.12,-1.2,0.499257,-0.096145,-0.002203,-0.000278,-0.000212,-0.028403,-0.035738,-0.056563,0.795495,-0.0834,-0.08251,-0.026125,-0.048683,1.804648,0.005873,-0.065174,-0.002984,-0.016926,4.333333,0.012703,0.064696,0.087221
459,116.010399,1000.0,0.92388,0.93191,0.0,0.0,0.176182,66554.0,0.138918,1.202188,0.217426,0.447924,-0.039973,0.772836,6.68865,-0.01,-0.6,-0.006,-0.05,-0.12,-1.2,0.500007,-0.094632,-0.001639,0.0,-0.000213,-0.028606,-0.035646,-0.056885,0.796539,-0.085223,-0.084334,-0.026528,-0.049781,1.80671,0.006059,-0.065016,-0.002639,-0.023334,6.666667,0.011386,0.05582,0.070234
460,115.469154,1000.0,0.922242,0.925984,0.0,0.0,0.175934,61314.0,0.138937,1.196355,0.21633,0.447599,-0.039526,0.764178,6.711716,-0.01,-0.6,-0.006,-0.05,-0.12,-1.2,0.500007,-0.092754,-0.002062,0.0,-0.000213,-0.028489,-0.035414,-0.056986,0.797854,-0.082232,-0.084182,-0.025851,-0.049319,1.806313,0.006014,-0.064867,-0.002666,-0.017633,8.958334,0.011152,0.062468,0.080581
461,117.349472,1000.0,0.929381,0.92632,0.0,0.0,0.176048,58976.0,0.138123,1.209346,0.219454,0.456292,-0.040862,0.782496,6.711089,-0.01,-0.6,-0.006,-0.05,-0.12,-1.2,0.500007,-0.095712,-0.001895,0.0,-0.000214,-0.028458,-0.036767,-0.057756,0.803504,-0.08426,-0.082351,-0.026955,-0.049593,1.799811,0.006041,-0.065177,-0.002756,-0.015575,7.333333,0.010886,0.058241,0.074604
462,116.357285,994.539978,0.924932,0.927194,0.041667,0.0,0.17641,63166.0,0.13685,1.198504,0.213761,0.449083,-0.039496,0.776139,6.716182,-0.01,-0.6,-0.006,-0.05,-0.12,-1.2,0.498379,-0.096463,-0.001914,-0.000238,-0.000211,-0.028132,-0.035524,-0.056845,0.7993,-0.081147,-0.079597,-0.026444,-0.048398,1.798831,0.006178,-0.064871,-0.002582,-0.021102,6.875,0.011387,0.067869,0.073411
463,114.289719,1000.0,0.922688,0.930442,0.0,0.0,0.176252,46944.0,0.13434,1.153392,0.201786,0.410125,-0.036699,0.710933,6.721618,-0.01,-0.6,-0.006,-0.05,-0.12,-1.2,0.500007,-0.09377,-0.001487,0.0,-0.000198,-0.028232,-0.034332,-0.055698,0.783006,-0.081353,-0.081559,-0.024733,-0.045098,1.815423,0.006494,-0.063262,-0.002335,-0.012739,7.291667,0.012229,0.056243,0.079555
464,116.428726,1000.0,0.926221,0.927811,0.0,0.0,0.176622,61974.0,0.136686,1.199895,0.20332,0.429792,-0.038272,0.751815,6.724518,-0.01,-0.6,-0.006,-0.05,-0.12,-1.2,0.500007,-0.09698,-0.002008,0.0,-0.00021,-0.028301,-0.035302,-0.056714,0.784382,-0.081722,-0.081522,-0.026838,-0.048926,1.812485,0.00616,-0.064438,-0.002417,-0.012951,6.125,0.011239,0.060208,0.072477
465,118.29937,1000.0,0.92323,0.926058,0.0,0.0,0.176579,57811.0,0.140065,1.242949,0.230748,0.478481,-0.042769,0.827415,6.740607,-0.01,-0.6,-0.006,-0.05,-0.12,-1.2,0.500007,-0.095022,-0.001886,0.0,-0.000228,-0.028284,-0.036784,-0.057778,0.812631,-0.084279,-0.084402,-0.026764,-0.05236,1.797488,0.005763,-0.065802,-0.003016,-0.018961,6.416667,0.011758,0.059839,0.077677
466,116.39566,995.23999,0.921573,0.914918,0.041667,0.0,0.176606,67526.0,0.141647,1.232526,0.224302,0.46446,-0.041338,0.788816,6.72806,-0.01,-0.6,-0.006,-0.05,-0.12,-1.2,0.498019,-0.09297,-0.001872,-0.000333,-0.000223,-0.028656,-0.037352,-0.057932,0.800215,-0.084939,-0.089601,-0.026801,-0.051572,1.789472,0.005774,-0.065711,-0.002507,-0.015139,5.916667,0.012413,0.070225,0.091942
467,116.590164,1000.0,0.932995,0.926174,0.0,0.0,0.176585,66469.0,0.138682,1.197514,0.21865,0.460222,-0.040932,0.789552,6.756717,-0.01,-0.6,-0.006,-0.05,-0.12,-1.2,0.500007,-0.09764,-0.001608,0.0,-0.000218,-0.02812,-0.036573,-0.057493,0.803044,-0.08296,-0.08055,-0.026701,-0.049861,1.794929,0.006062,-0.065257,-0.002759,-0.020613,5.458333,0.011905,0.060005,0.086113
468,116.255562,1000.0,0.928185,0.92609,0.0,0.0,0.176578,46457.0,0.140674,1.227977,0.223786,0.453661,-0.041601,0.776704,6.767344,-0.01,-0.6,-0.006,-0.05,-0.12,-1.2,0.500007,-0.091757,-0.001819,0.0,-0.000224,-0.028796,-0.036979,-0.058319,0.797526,-0.084334,-0.087304,-0.026633,-0.052958,1.798596,0.005667,-0.065544,-0.002304,-0.009825,5.565217,0.011096,0.065809,0.078309
469,117.161636,1000.0,0.927068,0.922634,0.0,0.0,0.176295,61657.0,0.139189,1.215548,0.226133,0.479099,-0.042904,0.80716,6.749698,-0.01,-0.6,-0.006,-0.05,-0.12,-1.2,0.500007,-0.095685,-0.001945,0.0,-0.000227,-0.028526,-0.037258,-0.057496,0.797961,-0.084645,-0.084204,-0.026827,-0.053578,1.806181,0.005847,-0.066342,-0.00291,-0.024311,4.708333,0.011509,0.066562,0.084196
470,116.300964,1000.0,0.926769,0.925876,0.0,0.0,0.176145,63606.0,0.13817,1.171385,0.216605,0.43951,-0.038983,0.7708,6.736955,-0.01,-0.6,-0.006,-0.05,-0.12,-1.2,0.500007,-0.093848,-0.001856,0.0,-0.00021,-0.028082,-0.03473,-0.055814,0.798685,-0.080269,-0.082366,-0.025435,-0.049371,1.80615,0.006757,-0.063395,-0.002839,-0.018601,4.5,0.011361,0.058592,0.075627
471,117.433174,1000.0,0.927282,0.928962,0.0,0.0,0.175775,68224.0,0.135786,1.166839,0.219086,0.457452,-0.039916,0.785802,6.710583,-0.01,-0.6,-0.006,-0.05,-0.12,-1.2,0.500007,-0.095757,-0.002148,0.0,-0.00021,-0.027623,-0.034773,-0.056185,0.802922,-0.078788,-0.078843,-0.025653,-0.049368,1.811366,0.006884,-0.063551,-0.0032,-0.016684,4.958333,0.010845,0.051932,0.060441
472,116.64325,1000.0,0.926368,0.923861,0.0,0.0,0.175863,66480.0,0.137655,1.225042,0.219774,0.469063,-0.041279,0.783847,6.72019,-0.01,-0.6,-0.006,-0.05,-0.12,-1.2,0.500007,-0.09539,-0.00192,0.0,-0.000218,-0.028197,-0.037377,-0.058158,0.793901,-0.083448,-0.083673,-0.026346,-0.050359,1.806834,0.006033,-0.065356,-0.00286,-0.012318,4.375,0.011142,0.052276,0.07537
473,116.899918,1000.0,0.936639,0.922573,0.0,0.0,0.175673,64044.0,0.138646,1.205159,0.215609,0.452952,-0.040246,0.777046,6.744958,-0.01,-0.6,-0.006,-0.05,-0.12,-1.2,0.500007,-0.095576,-0.002094,0.0,-0.000214,-0.028082,-0.035822,-0.056438,0.794372,-0.081202,-0.080859,-0.026186,-0.049823,1.80329,0.006141,-0.064515,-0.002602,-0.021409,4.25,0.009512,0.056955,0.084017
474,116.366096,992.619995,0.918117,0.920654,0.041667,0.0,0.175513,44776.0,0.141508,1.217994,0.232477,0.480385,-0.042802,0.816681,6.741651,-0.01,-0.6,-0.006,-0.05,-0.12,-1.2,0.497441,-0.092002,-0.002138,-0.000278,-0.000224,-0.028366,-0.037027,-0.057474,0.805451,-0.083804,-0.087542,-0.026467,-0.053805,1.784469,0.005705,-0.065539,-0.002898,-0.016057,4.583333,0.012942,0.060188,0.081154
475,115.160446,1000.0,0.917793,0.924055,0.0,0.0,0.175722,61197.0,0.137162,1.18356,0.208256,0.426004,-0.038802,0.735626,6.753296,-0.01,-0.6,-0.006,-0.05,-0.12,-1.2,0.500007,-0.09313,-0.001726,0.0,-0.000205,-0.027899,-0.034493,-0.055786,0.792908,-0.081248,-0.082422,-0.02532,-0.048263,1.811113,0.006487,-0.063085,-0.002966,-0.021899,4.125,0.011288,0.057109,0.090776
476,116.308327,1000.0,0.926677,0.921307,0.0,0.0,0.175974,65019.0,0.140199,1.22482,0.218068,0.455443,-0.041181,0.769022,6.766008,-0.01,-0.6,-0.006,-0.05,-0.12,-1.2,0.500007,-0.094206,-0.002354,0.0,-0.000218,-0.028145,-0.036389,-0.057959,0.792968,-0.082981,-0.082725,-0.02699,-0.052761,1.79919,0.00645,-0.064378,-0.002612,-0.016117,4.347826,0.011603,0.06427,0.087251
477,115.7416,1000.0,0.928709,0.925339,0.0,0.0,0.175885,69152.0,0.134447,1.183271,0.206597,0.425224,-0.037837,0.740579,6.733621,-0.01,-0.6,-0.006,-0.05,-0.12,-1.2,0.500007,-0.096036,-0.001326,0.0,-0.000209,-0.027432,-0.033366,-0.054469,0.801962,-0.078229,-0.078285,-0.025121,-0.048693,1.814892,0.006775,-0.062333,-0.002314,-0.014987,4.375,0.010195,0.060285,0.07441
478,117.312393,1000.0,0.917671,0.924431,0.0,0.0,0.175591,68418.0,0.137681,1.194678,0.223112,0.455875,-0.040513,0.79814,6.702781,-0.01,-0.6,-0.006,-0.05,-0.12,-1.2,0.500007,-0.093807,-0.001434,0.0,-0.000222,-0.028192,-0.035831,-0.058483,0.803579,-0.081941,-0.08456,-0.025779,-0.051884,1.814115,0.006265,-0.064088,-0.002283,-0.010427,4.333333,0.012049,0.066449,0.071046
479,117.478783,1000.0,0.92263,0.923953,0.0,0.0,0.175464,48402.0,0.140421,1.254145,0.230177,0.48989,-0.044232,0.810223,6.735037,-0.01,-0.6,-0.006,-0.05,-0.12,-1.2,0.500007,-0.093679,-0.001915,0.0,-0.000219,-0.028577,-0.039062,-0.058681,0.800015,-0.083449,-0.085031,-0.026578,-0.052533,1.798519,0.005677,-0.066618,-0.002982,-0.024241,4.166667,0.011893,0.073863,0.080284
480,116.600853,1000.0,0.927576,0.928684,0.0,0.0,0.175876,61653.0,0.137654,1.244121,0.221281,0.465648,-0.0417,0.785533,6.730102,-0.01,-0.6,-0.006,-0.05,-0.12,-1.2,0.500007,-0.095922,-0.001725,0.0,-0.000217,-0.027884,-0.03634,-0.057225,0.798787,-0.08063,-0.079741,-0.026116,-0.051455,1.803049,0.006208,-0.064702,-0.002494,-0.015743,4.875,0.01265,0.058385,0.071934
481,116.534294,1000.0,0.919144,0.92499,0.0,0.0,0.17593,59939.0,0.134588,1.16751,0.208207,0.433458,-0.038082,0.745891,6.739384,-0.01,-0.6,-0.006,-0.05,-0.12,-1.2,0.500007,-0.094315,-0.001761,0.0,-0.000203,-0.027722,-0.034478,-0.055869,0.788318,-0.078109,-0.080251,-0.025076,-0.04775,1.823567,0.006751,-0.062812,-0.003041,-0.013849,4.166667,0.010972,0.060625,0.085375
482,115.817047,1000.0,0.916934,0.927208,0.0,0.0,0.176194,67998.0,0.134981,1.231062,0.203637,0.434903,-0.038428,0.744144,6.760697,-0.01,-0.6,-0.006,-0.05,-0.12,-1.2,0.500007,-0.096207,-0.002042,0.0,-0.000206,-0.027626,-0.035013,-0.056632,0.790215,-0.078607,-0.079377,-0.025963,-0.048002,1.815208,0.006385,-0.063545,-0.002001,-0.009869,4.166667,0.013012,0.05717,0.0785
483,116.212799,1000.0,0.926553,0.927169,0.0,0.0,0.17607,70448.0,0.13579,1.161451,0.211807,0.428606,-0.037731,0.744412,6.7521,-0.01,-0.6,-0.006,-0.05,-0.12,-1.2,0.500007,-0.092215,-0.00161,0.0,-0.000204,-0.027815,-0.033256,-0.054849,0.793649,-0.076436,-0.082117,-0.024207,-0.048308,1.816639,0.007224,-0.062441,-0.002512,-0.017817,3.916667,0.011162,0.062028,0.070256
484,116.21106,1000.0,0.926139,0.923751,0.0,0.0,0.175976,46284.0,0.140781,1.215033,0.222508,0.467015,-0.041705,0.784948,6.709422,-0.01,-0.6,-0.006,-0.05,-0.12,-1.2,0.500007,-0.09314,-0.002123,0.0,-0.000215,-0.028247,-0.036829,-0.057851,0.794272,-0.0822,-0.084954,-0.026843,-0.051994,1.793271,0.006017,-0.064861,-0.003035,-0.017647,5.708333,0.01183,0.061163,0.09222
485,116.903603,1000.0,0.920651,0.91934,0.0,0.0,0.175981,61365.0,0.13814,1.227702,0.214579,0.451712,-0.039837,0.767331,6.732146,-0.01,-0.6,-0.006,-0.05,-0.12,-1.2,0.500007,-0.094796,-0.00181,0.0,-0.00021,-0.027974,-0.035714,-0.057224,0.788105,-0.080543,-0.081096,-0.025689,-0.049983,1.806428,0.006311,-0.063883,-0.002672,-0.015235,4.458333,0.01172,0.069315,0.093435
486,114.446297,998.150024,0.926421,0.927067,0.041667,0.0,0.176124,61922.0,0.133541,1.1737,0.200583,0.420099,-0.036604,0.720395,6.746699,-0.01,-0.6,-0.006,-0.05,-0.12,-1.2,0.499361,-0.094535,-0.002181,-0.000278,-0.000192,-0.027604,-0.033681,-0.055033,0.78189,-0.076451,-0.07874,-0.025287,-0.044822,1.814619,0.006691,-0.062483,-0.002097,-0.015819,4.666667,0.011727,0.060141,0.086311
487,117.253197,1000.0,0.913115,0.922467,0.0,0.0,0.176206,60244.0,0.138622,1.24403,0.22391,0.465648,-0.040965,0.807424,6.78976,-0.01,-0.6,-0.006,-0.05,-0.12,-1.2,0.500007,-0.095275,-0.001258,0.0,-0.000228,-0.028081,-0.035807,-0.057647,0.80415,-0.080515,-0.08272,-0.027181,-0.054098,1.804849,0.005714,-0.064565,-0.002929,-0.01873,4.5,0.010681,0.061208,0.086441
488,118.221718,1000.0,0.919702,0.93034,0.0,0.0,0.175568,68369.0,0.138816,1.22975,0.233793,0.478772,-0.042663,0.81182,6.728887,-0.01,-0.6,-0.006,-0.05,-0.12,-1.2,0.500007,-0.093838,-0.002351,0.0,-0.000221,-0.027958,-0.036578,-0.057114,0.808176,-0.07969,-0.082276,-0.026234,-0.052806,1.802139,0.006171,-0.06441,-0.003256,-0.022799,5.375,0.0127,0.06288,0.082973
489,116.922852,1000.0,0.92637,0.927825,0.0,0.0,0.175599,69370.0,0.13617,1.239691,0.214604,0.449881,-0.040034,0.766475,6.723556,-0.01,-0.6,-0.006,-0.05,-0.12,-1.2,0.500007,-0.09488,-0.002118,0.0,-0.000212,-0.027827,-0.034871,-0.055675,0.794196,-0.078225,-0.079012,-0.025987,-0.050542,1.811575,0.006422,-0.063658,-0.003045,-0.016273,4.458333,0.01183,0.057231,0.079426
490,117.391014,1000.0,0.923837,0.923744,0.0,0.0,0.175015,45348.0,0.137149,1.227793,0.225266,0.471843,-0.041893,0.802917,6.72101,-0.01,-0.6,-0.006,-0.05,-0.12,-1.2,0.500007,-0.092902,-0.002195,0.0,-0.000223,-0.028033,-0.036024,-0.057427,0.806335,-0.080607,-0.08469,-0.026707,-0.054036,1.814729,0.006416,-0.064331,-0.002698,-0.0136,3.916667,0.012347,0.063347,0.089101
491,116.081596,1000.0,0.906943,0.927793,0.0,0.0,0.174726,67360.0,0.137163,1.207165,0.211977,0.444237,-0.038811,0.765888,6.6938,-0.01,-0.6,-0.006,-0.05,-0.12,-1.2,0.500007,-0.095377,-0.001965,0.0,-0.000206,-0.027851,-0.03572,-0.0567,0.791697,-0.080327,-0.07936,-0.027273,-0.04857,1.808102,0.006383,-0.063638,-0.002665,-0.01782,5.0,0.013307,0.060734,0.080137
492,117.729004,1000.0,0.924039,0.925938,0.0,0.0,0.174489,66533.0,0.136374,1.230088,0.217685,0.462172,-0.040891,0.774524,6.739883,-0.01,-0.6,-0.006,-0.05,-0.12,-1.2,0.500007,-0.094756,-0.002193,0.0,-0.000214,-0.02793,-0.035843,-0.056927,0.801477,-0.080132,-0.082079,-0.02524,-0.050849,1.810003,0.006168,-0.064215,-0.002417,-0.013285,5.083333,0.01173,0.072199,0.077094
493,116.617813,1000.0,0.926343,0.931443,0.0,0.0,0.174701,68647.0,0.134684,1.182436,0.211112,0.443459,-0.038782,0.76458,6.71947,-0.01,-0.6,-0.006,-0.05,-0.12,-1.2,0.500007,-0.096719,-0.00171,0.0,-0.000207,-0.027609,-0.035096,-0.055677,0.794727,-0.078269,-0.077959,-0.025266,-0.049045,1.81743,0.006491,-0.063134,-0.002665,-0.01176,4.375,0.010555,0.06614,0.077283
494,116.411255,1000.0,0.927707,0.926566,0.0,0.0,0.174346,62339.0,0.136316,1.189404,0.214261,0.453888,-0.040329,0.756968,6.727769,-0.01,-0.6,-0.006,-0.05,-0.12,-1.2,0.500007,-0.093163,-0.002308,0.0,-0.000201,-0.027843,-0.035132,-0.055455,0.795046,-0.0789,-0.081999,-0.02553,-0.049702,1.816193,0.006563,-0.063983,-0.002569,-0.014183,4.291667,0.012627,0.063489,0.077014
495,115.62262,997.390015,0.918317,0.921457,0.041667,0.0,0.174553,46062.0,0.140205,1.224537,0.223605,0.460416,-0.041493,0.766091,6.731368,-0.01,-0.6,-0.006,-0.05,-0.12,-1.2,0.497277,-0.089258,-0.002184,-0.000833,-0.000211,-0.028367,-0.037136,-0.056395,0.793796,-0.08126,-0.087916,-0.026313,-0.051684,1.786096,0.005928,-0.064669,-0.002527,-0.017731,4.666667,0.011183,0.065102,0.10099
496,115.917511,1000.0,0.916547,0.92499,0.0,0.0,0.174656,61891.0,0.138151,1.243625,0.227071,0.470807,-0.04229,0.775804,6.701747,-0.01,-0.6,-0.006,-0.05,-0.12,-1.2,0.500007,-0.090362,-0.001957,0.0,-0.000212,-0.028327,-0.036299,-0.057281,0.796339,-0.080646,-0.085408,-0.026248,-0.053279,1.81052,0.006188,-0.064791,-0.00263,-0.016089,3.458333,0.011903,0.068268,0.068453
497,116.633789,1000.0,0.923635,0.922153,0.0,0.0,0.175294,67435.0,0.139274,1.211078,0.220544,0.457835,-0.040643,0.776046,6.715553,-0.01,-0.6,-0.006,-0.05,-0.12,-1.2,0.500007,-0.093997,-0.002138,0.0,-0.000217,-0.028216,-0.036331,-0.057407,0.794779,-0.079406,-0.085159,-0.027431,-0.052568,1.802638,0.006369,-0.064798,-0.002595,-0.016309,4.583333,0.011949,0.06245,0.089477
498,117.800613,1000.0,0.914017,0.924465,0.0,0.0,0.175248,65140.0,0.140601,1.217023,0.237697,0.479557,-0.042681,0.812013,6.767335,-0.01,-0.6,-0.006,-0.05,-0.12,-1.2,0.500007,-0.091211,-0.001853,0.0,-0.000225,-0.028297,-0.037441,-0.057359,0.808137,-0.081262,-0.086872,-0.025599,-0.054061,1.798887,0.006069,-0.064919,-0.002964,-0.016671,3.791667,0.011415,0.057382,0.085564
499,115.974495,1000.0,0.922339,0.924497,0.0,0.0,0.175603,67710.0,0.13707,1.197333,0.218524,0.457164,-0.040341,0.769369,6.735976,-0.010435,-0.608696,-0.006174,-0.05,-0.123478,-1.234783,0.500007,-0.092567,-0.001722,0.0,-0.000211,-0.027998,-0.036015,-0.057075,0.798426,-0.078882,-0.083391,-0.025791,-0.051406,1.811857,0.006898,-0.063923,-0.002308,-0.016319,4.869565,0.012382,0.064946,0.081121
500,118.244461,1000.0,0.923713,0.923973,0.0,0.0,0.175288,44894.0,0.136487,1.240885,0.22876,0.474901,-0.041759,0.800534,6.742603,-0.02,-0.8,-0.01,-0.05,-0.2,-2.0,0.500007,-0.095113,-0.001617,0.0,-0.000213,-0.027857,-0.035761,-0.05599,0.798005,-0.079741,-0.080773,-0.024924,-0.051289,1.809802,0.006078,-0.064555,-0.002764,-0.020874,5.125,0.01077,0.064467,0.087512
501,117.706436,1000.0,0.925721,0.93048,0.0,0.0,0.174852,57922.0,0.134797,1.185856,0.214876,0.458886,-0.040204,0.766267,6.769371,-0.02,-0.8,-0.01,-0.05,-0.2,-2.0,0.500007,-0.099516,-0.001803,0.0,-0.000209,-0.027747,-0.035477,-0.057271,0.794351,-0.078521,-0.080688,-0.026039,-0.04975,1.815683,0.006579,-0.064073,-0.002582,-0.012146,7.833333,0.010604,0.057262,0.069717
502,117.18734,1000.0,0.921538,0.922036,0.0,0.0,0.174538,63097.0,0.137903,1.243886,0.224707,0.477783,-0.042436,0.807043,6.726917,-0.02,-0.8,-0.01,-0.05,-0.2,-2.0,0.500007,-0.100776,-0.002152,0.0,-0.000221,-0.027903,-0.037001,-0.058788,0.80051,-0.083976,-0.085287,-0.026542,-0.05305,1.807685,0.006031,-0.065132,-0.002963,-0.018698,8.458334,0.012105,0.06429,0.079868
503,116.328575,1000.0,0.931705,0.924076,0.0,0.0,0.174561,64887.0,0.136395,1.228865,0.22194,0.462368,-0.041042,0.779646,6.718719,-0.02,-0.8,-0.01,-0.05,-0.2,-2.0,0.500007,-0.102038,-0.001718,0.0,-0.000209,-0.028022,-0.036226,-0.057565,0.802171,-0.083238,-0.085516,-0.0255,-0.049244,1.802757,0.006654,-0.064473,-0.002482,-0.016714,7.166667,0.010962,0.061853,0.089679
504,116.421242,1000.0,0.924828,0.929545,0.0,0.0,0.173624,64439.0,0.136231,1.177905,0.224296,0.45144,-0.039911,0.783353,6.678778,-0.02,-0.8,-0.01,-0.05,-0.2,-2.0,0.500007,-0.10384,-0.001717,0.0,-0.00021,-0.027555,-0.034503,-0.057602,0.805274,-0.083132,-0.08641,-0.024747,-0.05031,1.810766,0.006629,-0.062838,-0.002818,-0.014897,6.541667,0.012282,0.069807,0.082302
505,116.33712,1000.0,0.925279,0.916964,0.0,0.0,0.173002,46566.0,0.136568,1.207272,0.218453,0.466506,-0.041562,0.782707,6.704191,-0.02,-0.8,-0.01,-0.05,-0.2,-2.0,0.500007,-0.10746,-0.002117,0.0,-0.000214,-0.028037,-0.037072,-0.060333,0.79868,-0.08638,-0.088944,-0.026789,-0.051531,1.803676,0.006178,-0.064777,-0.002801,-0.01455,7.333333,0.012376,0.062848,0.080716
506,116.544868,994.159973,0.919374,0.918465,0.041667,0.0,0.172983,58063.0,0.136102,1.230481,0.225684,0.467115,-0.041451,0.798163,6.683753,-0.02,-0.8,-0.01,-0.05,-0.2,-2.0,0.498266,-0.10974,-0.002018,-0.000238,-0.000218,-0.027797,-0.036228,-0.059257,0.808199,-0.086732,-0.088298,-0.02546,-0.051352,1.79931,0.006465,-0.063931,-0.00294,-0.025295,6.041667,0.012426,0.073416,0.077595
507,117.509834,1000.0,0.916303,0.928663,0.0,0.0,0.172516,58438.0,0.136072,1.214595,0.225642,0.478572,-0.041437,0.807639,6.669735,-0.02,-0.8,-0.01,-0.05,-0.2,-2.0,0.500007,-0.113421,-0.002022,0.0,-0.000215,-0.02788,-0.036381,-0.060206,0.79945,-0.089752,-0.089779,-0.025579,-0.051383,1.810432,0.006361,-0.064928,-0.002675,-0.012918,6.416667,0.011635,0.063075,0.072044
508,114.805092,1000.0,0.910585,0.925408,0.0,0.0,0.172087,64544.0,0.137883,1.217305,0.221153,0.464426,-0.041403,0.784569,6.671371,-0.02,-0.8,-0.01,-0.05,-0.2,-2.0,0.500007,-0.111979,-0.002106,0.0,-0.000217,-0.027946,-0.036089,-0.061601,0.797794,-0.089733,-0.094139,-0.025753,-0.052812,1.808481,0.006413,-0.064275,-0.003129,-0.019046,6.083333,0.012739,0.056363,0.077406
509,114.131561,1000.0,0.91345,0.920461,0.0,0.0,0.171858,64456.0,0.136276,1.206465,0.216807,0.447435,-0.039745,0.756134,6.647939,-0.02,-0.8,-0.01,-0.05,-0.2,-2.0,0.500007,-0.112897,-0.002261,0.0,-0.000208,-0.027983,-0.035636,-0.060824,0.784798,-0.090226,-0.094604,-0.025072,-0.050858,1.811349,0.006817,-0.063502,-0.003088,-0.013789,4.958333,0.012727,0.060644,0.085579
510,115.374321,1000.0,0.921429,0.925931,0.0,0.0,0.171676,45068.0,0.13373,1.188048,0.202768,0.435182,-0.038945,0.740465,6.706928,-0.02,-0.8,-0.01,-0.05,-0.2,-2.0,0.500007,-0.121471,-0.002115,0.0,-0.000205,-0.027509,-0.035399,-0.061693,0.79711,-0.090122,-0.091777,-0.02684,-0.049233,1.816493,0.006701,-0.063371,-0.002751,-0.013491,5.695652,0.011007,0.06283,0.083321
511,115.980324,1000.0,0.920462,0.927489,0.0,0.0,0.171828,71910.0,0.136038,1.190504,0.225169,0.466469,-0.041081,0.781758,6.690501,-0.02,-0.8,-0.01,-0.05,-0.2,-2.0,0.500007,-0.118833,-0.002039,0.0,-0.000207,-0.027836,-0.035397,-0.060576,0.79892,-0.093275,-0.096225,-0.024493,-0.050352,1.809766,0.006517,-0.06402,-0.00336,-0.018285,4.125,0.012589,0.06408,0.078648
512,114.767853,1000.0,0.915051,0.923057,0.0,0.0,0.17189,71069.0,0.135704,1.177828,0.211832,0.454156,-0.03996,0.758459,6.686588,-0.02,-0.8,-0.01,-0.05,-0.2,-2.0,0.500007,-0.121228,-0.002338,0.0,-0.000208,-0.027887,-0.035587,-0.062521,0.787392,-0.09391,-0.098503,-0.025824,-0.050308,1.812146,0.006589,-0.064291,-0.002956,-0.02021,4.833333,0.011122,0.063502,0.074513
513,115.728378,1000.0,0.927154,0.917724,0.0,0.0,0.171437,71015.0,0.137596,1.197797,0.225578,0.454152,-0.040787,0.780035,6.669204,-0.02,-0.8,-0.01,-0.05,-0.2,-2.0,0.500007,-0.120425,-0.001812,0.0,-0.000211,-0.028011,-0.034948,-0.060801,0.803521,-0.095269,-0.1013,-0.025109,-0.051257,1.806341,0.006514,-0.063814,-0.00291,-0.01742,4.541667,0.012225,0.060746,0.091406
514,114.753334,1000.0,0.915193,0.915347,0.0,0.0,0.170884,71129.0,0.141172,1.225249,0.225895,0.475118,-0.041401,0.783118,6.659116,-0.02,-0.8,-0.01,-0.05,-0.2,-2.0,0.500007,-0.123948,-0.002122,0.0,-0.000213,-0.028014,-0.037245,-0.06477,0.790734,-0.101064,-0.105592,-0.025839,-0.05147,1.800662,0.006222,-0.064867,-0.003237,-0.020787,4.791667,0.013649,0.065139,0.088951
515,115.993217,1000.0,0.928984,0.926799,0.0,0.0,0.170436,72137.0,0.134515,1.194489,0.22169,0.453317,-0.03956,0.788634,6.656306,-0.02,-0.8,-0.01,-0.05,-0.2,-2.0,0.500007,-0.128819,-0.002017,0.0,-0.00021,-0.02741,-0.034402,-0.061855,0.808873,-0.094123,-0.096904,-0.023622,-0.048859,1.813898,0.007097,-0.06285,-0.003027,-0.018133,4.041667,0.01106,0.06429,0.071271
516,115.345284,1000.0,0.924421,0.923397,0.0,0.0,0.169726,50094.0,0.136129,1.237375,0.219059,0.471836,-0.041727,0.791929,6.623813,-0.02,-0.8,-0.01,-0.05,-0.2,-2.0,0.500007,-0.134526,-0.002431,0.0,-0.000215,-0.027544,-0.036911,-0.064257,0.794677,-0.099225,-0.100255,-0.026552,-0.051888,1.806165,0.006359,-0.064256,-0.003495,-0.015476,4.833333,0.010758,0.062238,0.077671
517,114.736298,1000.0,0.928123,0.91289,0.0,0.0,0.169433,71475.0,0.135216,1.193236,0.20959,0.437828,-0.039558,0.749983,6.60102,-0.02,-0.8,-0.01,-0.05,-0.2,-2.0,0.500007,-0.130239,-0.001705,0.0,-0.00021,-0.02783,-0.035185,-0.064366,0.788596,-0.099857,-0.104793,-0.02519,-0.051373,1.814412,0.006595,-0.06298,-0.003049,-0.011622,3.5,0.012514,0.072382,0.081822
518,114.471977,1000.0,0.918109,0.921723,0.0,0.0,0.169362,73005.0,0.133281,1.144971,0.212317,0.442302,-0.037882,0.758075,6.605842,-0.02,-0.8,-0.01,-0.05,-0.2,-2.0,0.500007,-0.133074,-0.00222,0.0,-0.000205,-0.027449,-0.033986,-0.062362,0.793926,-0.09892,-0.103532,-0.024859,-0.047743,1.82056,0.006973,-0.062583,-0.003193,-0.017428,4.608696,0.012238,0.059769,0.084367
519,115.56691,1000.0,0.921234,0.925642,0.0,0.0,0.168927,71260.0,0.136131,1.187425,0.22189,0.476926,-0.042052,0.785943,6.581911,-0.02,-0.8,-0.01,-0.05,-0.2,-2.0,0.500007,-0.136619,-0.002803,0.0,-0.000209,-0.027729,-0.036587,-0.064689,0.794805,-0.102231,-0.107846,-0.025444,-0.051525,1.810447,0.006945,-0.064175,-0.003687,-0.02043,4.208333,0.01199,0.059793,0.08172
520,114.954346,1000.0,0.928308,0.913874,0.0,0.0,0.168653,71559.0,0.136741,1.176347,0.227602,0.471321,-0.041215,0.784902,6.599809,-0.02,-0.8,-0.01,-0.05,-0.2,-2.0,0.500007,-0.136416,-0.001876,0.0,-0.000215,-0.027593,-0.035304,-0.064623,0.799,-0.103057,-0.108496,-0.024435,-0.052769,1.808425,0.006421,-0.06343,-0.003209,-0.014001,4.75,0.012068,0.07417,0.088641
521,114.876022,1000.0,0.926373,0.917745,0.0,0.0,0.16835,72198.0,0.136897,1.197537,0.223901,0.475797,-0.042023,0.789356,6.616462,-0.02,-0.8,-0.01,-0.05,-0.2,-2.0,0.500007,-0.139239,-0.0027,0.0,-0.000216,-0.027528,-0.036574,-0.066582,0.794609,-0.103692,-0.112085,-0.026209,-0.053575,1.807319,0.006569,-0.063725,-0.003669,-0.01909,4.75,0.01232,0.064762,0.095443
522,114.161835,1000.0,0.928806,0.912716,0.0,0.0,0.16832,49775.0,0.135117,1.208045,0.214273,0.457023,-0.040319,0.766833,6.584108,-0.02,-0.8,-0.01,-0.05,-0.2,-2.0,0.500007,-0.148193,-0.00211,0.0,-0.000207,-0.027154,-0.036808,-0.066043,0.780533,-0.105753,-0.105048,-0.02508,-0.048968,1.802763,0.006635,-0.06317,-0.003112,-0.0079,4.25,0.011286,0.061663,0.08996
523,114.3022,1000.0,0.918486,0.924258,0.0,0.0,0.168206,71758.0,0.132461,1.162896,0.209839,0.443311,-0.038442,0.77561,6.620952,-0.02,-0.8,-0.01,-0.05,-0.2,-2.0,0.500007,-0.151937,-0.002166,0.0,-0.000203,-0.026908,-0.034855,-0.066253,0.799364,-0.104635,-0.104487,-0.025995,-0.048281,1.811882,0.006867,-0.061631,-0.00338,-0.01333,4.458333,0.011869,0.064558,0.084414
524,114.717438,994.809998,0.923121,0.916674,0.041667,0.0,0.168078,71244.0,0.133559,1.203542,0.219554,0.452384,-0.03976,0.780783,6.594256,-0.02,-0.8,-0.01,-0.05,-0.2,-2.0,0.497298,-0.150964,-0.001762,-0.000417,-0.000209,-0.026708,-0.034114,-0.064617,0.804379,-0.104341,-0.104648,-0.023961,-0.048785,1.805823,0.006613,-0.06147,-0.002983,-0.019602,3.75,0.013201,0.068223,0.091734
525,113.564255,1000.0,0.905179,0.919067,0.0,0.0,0.167489,72036.0,0.135288,1.19551,0.218789,0.450055,-0.040289,0.756001,6.624795,-0.02,-0.8,-0.01,-0.05,-0.2,-2.0,0.500007,-0.145949,-0.002177,0.0,-0.000205,-0.027509,-0.034945,-0.068072,0.796671,-0.109193,-0.116756,-0.024836,-0.051047,1.817119,0.006534,-0.062384,-0.003239,-0.018115,4.416667,0.012428,0.066667,0.084878
526,113.972786,1000.0,0.922631,0.925317,0.0,0.0,0.167459,71885.0,0.134152,1.160477,0.215168,0.432832,-0.037932,0.753084,6.607355,-0.02,-0.8,-0.01,-0.05,-0.2,-2.0,0.500007,-0.150723,-0.001898,0.0,-0.000201,-0.026984,-0.033354,-0.065374,0.797387,-0.107543,-0.110667,-0.023282,-0.047024,1.814424,0.007124,-0.061141,-0.003496,-0.019574,5.208333,0.012652,0.056146,0.082102
527,113.547119,1000.0,0.926872,0.917753,0.0,0.0,0.167013,70511.0,0.135342,1.186718,0.218095,0.463614,-0.041186,0.762264,6.582673,-0.02,-0.8,-0.01,-0.05,-0.2,-2.0,0.500007,-0.154326,-0.003006,0.0,-0.000207,-0.027241,-0.036165,-0.068317,0.790364,-0.110949,-0.117062,-0.025723,-0.050405,1.810203,0.00673,-0.06323,-0.003245,-0.013662,4.583333,0.012471,0.057445,0.082638
528,115.295128,1000.0,0.920759,0.92538,0.0,0.0,0.166209,50067.0,0.134689,1.200881,0.230362,0.466163,-0.04091,0.79124,6.624597,-0.02,-0.8,-0.01,-0.05,-0.2,-2.0,0.500007,-0.153759,-0.00216,0.0,-0.000208,-0.026966,-0.035662,-0.066813,0.810593,-0.111309,-0.11679,-0.023641,-0.04998,1.811931,0.006648,-0.062017,-0.003511,-0.019997,4.75,0.012438,0.05804,0.074263
529,114.296638,1000.0,0.926946,0.920682,0.0,0.0,0.165923,71608.0,0.133579,1.185987,0.221875,0.466335,-0.040774,0.787116,6.613329,-0.02,-0.8,-0.01,-0.05,-0.2,-2.0,0.500007,-0.158841,-0.002089,0.0,-0.000212,-0.02698,-0.034995,-0.0668,0.79913,-0.111419,-0.112836,-0.024168,-0.050467,1.815007,0.006456,-0.062328,-0.00374,-0.016053,4.666667,0.011577,0.068716,0.083603
530,113.672249,1000.0,0.9225,0.924045,0.0,0.0,0.165666,71143.0,0.133931,1.155153,0.218078,0.460257,-0.039902,0.779998,6.58436,-0.02,-0.8,-0.01,-0.05,-0.2,-2.0,0.500007,-0.164124,-0.002504,0.0,-0.000205,-0.026624,-0.035306,-0.069,0.799003,-0.109612,-0.114407,-0.024411,-0.049412,1.811655,0.007197,-0.061386,-0.004532,-0.026756,5.291667,0.011239,0.071722,0.093903
531,112.757782,1000.0,0.91626,0.910401,0.0,0.0,0.164869,71129.0,0.137655,1.182135,0.222773,0.443891,-0.03963,0.745431,6.60079,-0.02,-0.8,-0.01,-0.05,-0.2,-2.0,0.500007,-0.157845,-0.002275,0.0,-0.000206,-0.027006,-0.034476,-0.067902,0.800167,-0.115031,-0.124422,-0.023566,-0.050061,1.804996,0.006815,-0.061347,-0.003783,-0.018448,4.333333,0.013797,0.068751,0.09936
532,113.134735,1000.0,0.907655,0.916914,0.0,0.0,0.164771,71839.0,0.135436,1.208855,0.218178,0.469111,-0.039973,0.784491,6.572262,-0.02,-0.8,-0.01,-0.05,-0.2,-2.0,0.500007,-0.166499,-0.002411,0.0,-0.000213,-0.026852,-0.03482,-0.070417,0.793703,-0.118091,-0.121821,-0.025532,-0.05171,1.811529,0.00659,-0.062413,-0.003648,-0.015877,4.0,0.013751,0.06693,0.08965
533,114.328842,1000.0,0.922455,0.922833,0.041667,0.0,0.164292,71439.0,0.13222,1.192087,0.221045,0.459767,-0.040224,0.790645,6.580623,-0.02,-0.8,-0.01,-0.05,-0.2,-2.0,0.498969,-0.171614,-0.001793,-0.000333,-0.00021,-0.026287,-0.033982,-0.06987,0.802582,-0.112833,-0.11665,-0.02477,-0.051589,1.817068,0.006587,-0.060619,-0.003444,-0.009834,5.125,0.012854,0.059956,0.077987
534,113.340508,1000.0,0.928253,0.921031,0.0,0.0,0.163798,46063.0,0.134572,1.179564,0.221653,0.452444,-0.040621,0.746964,6.573615,-0.02,-0.8,-0.01,-0.05,-0.2,-2.0,0.500007,-0.16377,-0.002557,0.0,-0.000198,-0.026637,-0.034516,-0.069126,0.801217,-0.117025,-0.124793,-0.023574,-0.049202,1.814307,0.006982,-0.06092,-0.003618,-0.017132,4.791667,0.012137,0.052569,0.084762
535,112.446106,1000.0,0.930473,0.923345,0.0,0.0,0.163513,71124.0,0.12927,1.157254,0.203368,0.428468,-0.036695,0.746408,6.580886,-0.02,-0.8,-0.01,-0.05,-0.2,-2.0,0.500007,-0.173277,-0.002132,0.0,-0.000197,-0.026118,-0.032104,-0.068986,0.796927,-0.112456,-0.114916,-0.023075,-0.045414,1.825294,0.007535,-0.059859,-0.003231,-0.011399,4.166667,0.010887,0.059293,0.083477
536,112.893623,1000.0,0.925395,0.917639,0.0,0.0,0.16356,71404.0,0.130547,1.129181,0.22095,0.447884,-0.039041,0.761084,6.532247,-0.02,-0.8,-0.01,-0.05,-0.2,-2.0,0.500007,-0.17006,-0.00231,0.0,-0.000198,-0.02618,-0.033373,-0.067399,0.799789,-0.115139,-0.121769,-0.022724,-0.04766,1.82988,0.007856,-0.05999,-0.004932,-0.018156,4.291667,0.010729,0.069934,0.08841
537,113.954208,1000.0,0.91575,0.920078,0.0,0.0,0.163258,71497.0,0.134336,1.177406,0.226885,0.463373,-0.039356,0.786961,6.560569,-0.02,-0.8,-0.01,-0.05,-0.2,-2.0,0.500007,-0.171691,-0.00229,0.0,-0.000206,-0.026344,-0.033736,-0.070395,0.800349,-0.118408,-0.128112,-0.02266,-0.049134,1.813509,0.00714,-0.060408,-0.0037,-0.015751,4.5,0.012106,0.058943,0.072773
538,113.85878,1000.0,0.925258,0.919024,0.0,0.0,0.163103,71285.0,0.13601,1.189852,0.221646,0.465873,-0.039725,0.799911,6.528222,-0.02,-0.8,-0.01,-0.05,-0.2,-2.0,0.500007,-0.182837,-0.002535,0.0,-0.000208,-0.026044,-0.034798,-0.07154,0.804153,-0.119596,-0.123878,-0.024592,-0.048789,1.805875,0.007054,-0.060991,-0.004008,-0.020991,4.333333,0.010332,0.057312,0.082903
539,113.73761,1000.0,0.916993,0.917919,0.0,0.0,0.162971,70961.0,0.134041,1.204547,0.220548,0.455611,-0.039239,0.788622,6.553985,-0.02,-0.8,-0.01,-0.05,-0.2,-2.0,0.500007,-0.181474,-0.001826,0.0,-0.000202,-0.025909,-0.033078,-0.070843,0.809551,-0.119606,-0.125129,-0.023552,-0.049392,1.817655,0.006976,-0.059689,-0.003806,-0.01503,3.916667,0.011356,0.071241,0.076539
540,112.959213,1000.0,0.904488,0.922983,0.0,0.0,0.163082,48910.0,0.132439,1.188595,0.215075,0.448084,-0.037916,0.765479,6.560436,-0.02,-0.8,-0.01,-0.05,-0.2,-2.0,0.500007,-0.181478,-0.002328,0.0,-0.000198,-0.025889,-0.033308,-0.071186,0.793299,-0.119293,-0.122756,-0.02406,-0.048305,1.823758,0.006863,-0.059329,-0.004115,-0.016034,4.458333,0.012455,0.057232,0.076121
541,112.229393,1000.0,0.912932,0.911747,0.0,0.0,0.162932,72318.0,0.131596,1.131677,0.213127,0.428989,-0.036754,0.721167,6.589184,-0.02,-0.8,-0.01,-0.05,-0.2,-2.0,0.500007,-0.178078,-0.002187,0.0,-0.000188,-0.026093,-0.032367,-0.070527,0.788031,-0.119834,-0.129783,-0.022309,-0.046002,1.823685,0.007641,-0.058725,-0.003863,-0.012784,4.521739,0.013828,0.078572,0.089304
542,114.003044,1000.0,0.924435,0.922012,0.0,0.0,0.162712,71634.0,0.134997,1.208332,0.2311,0.47308,-0.041294,0.794278,6.567188,-0.02,-0.8,-0.01,-0.05,-0.2,-2.0,0.500007,-0.179144,-0.002464,0.0,-0.000209,-0.026099,-0.034408,-0.071249,0.808374,-0.123155,-0.132217,-0.023439,-0.050501,1.809196,0.006875,-0.060716,-0.004183,-0.017012,5.5,0.010944,0.053014,0.085044
543,113.306252,1000.0,0.916352,0.925571,0.0,0.0,0.162963,71319.0,0.130709,1.185915,0.21527,0.437968,-0.037136,0.74609,6.566774,-0.02,-0.8,-0.01,-0.05,-0.2,-2.0,0.500007,-0.184159,-0.002312,0.0,-0.000193,-0.025493,-0.032059,-0.069753,0.798825,-0.117372,-0.123842,-0.022714,-0.046265,1.824994,0.007473,-0.058223,-0.003805,-0.013189,8.958334,0.01204,0.061338,0.079232
544,113.068604,1000.0,0.916621,0.919532,0.041667,0.0,0.162684,71016.0,0.132935,1.190238,0.217015,0.46279,-0.040201,0.765121,6.560087,-0.02,-0.8,-0.01,-0.05,-0.2,-2.0,0.496809,-0.183434,-0.002867,-0.000417,-0.000201,-0.025533,-0.034417,-0.071913,0.794508,-0.121035,-0.128505,-0.024173,-0.049262,1.803251,0.007296,-0.059785,-0.004106,-0.017468,7.666667,0.01298,0.067224,0.083513
545,112.224686,1000.0,0.924564,0.921359,0.0,0.0,0.162646,71334.0,0.130316,1.162491,0.210875,0.437487,-0.037219,0.743135,6.560707,-0.02,-0.8,-0.01,-0.05,-0.2,-2.0,0.500007,-0.182153,-0.002323,0.0,-0.00019,-0.02546,-0.032411,-0.069549,0.793733,-0.118093,-0.122511,-0.022704,-0.045793,1.82477,0.007746,-0.058376,-0.003968,-0.019695,7.458333,0.011394,0.057187,0.088499
546,112.973541,1000.0,0.918965,0.920528,0.0,0.0,0.162695,57668.0,0.131674,1.212127,0.221606,0.460901,-0.039014,0.776616,6.579456,-0.02,-0.8,-0.01,-0.05,-0.2,-2.0,0.500007,-0.185211,-0.002655,0.0,-0.0002,-0.025349,-0.033802,-0.071652,0.803371,-0.119254,-0.123162,-0.023525,-0.048234,1.823766,0.00728,-0.058908,-0.003796,-0.01748,6.833333,0.011978,0.073038,0.090472
547,113.04789,1000.0,0.907953,0.919824,0.0,0.0,0.162616,71612.0,0.133099,1.158495,0.216286,0.455341,-0.038472,0.762017,6.570117,-0.02,-0.8,-0.01,-0.05,-0.2,-2.0,0.500007,-0.185479,-0.002785,0.0,-0.000198,-0.025459,-0.033563,-0.071681,0.785322,-0.119177,-0.125927,-0.024306,-0.047515,1.81388,0.007414,-0.058983,-0.004195,-0.019031,6.416667,0.011758,0.067002,0.080669
548,114.48127,1000.0,0.926838,0.920645,0.0,0.0,0.162664,71357.0,0.129299,1.142254,0.218087,0.444903,-0.037694,0.781491,6.558376,-0.02,-0.8,-0.01,-0.05,-0.2,-2.0,0.500007,-0.186835,-0.001833,0.0,-0.0002,-0.024793,-0.03157,-0.069257,0.820058,-0.115018,-0.119498,-0.022258,-0.04682,1.823128,0.007998,-0.057207,-0.003829,-0.017388,6.333333,0.010153,0.062948,0.079591
549,112.80323,1000.0,0.929366,0.928542,0.0,0.0,0.16246,71262.0,0.131801,1.174142,0.222641,0.449264,-0.038742,0.77163,6.50459,-0.02,-0.8,-0.01,-0.05,-0.2,-2.0,0.500007,-0.184282,-0.002446,0.0,-0.000201,-0.025321,-0.033434,-0.071602,0.812184,-0.117956,-0.124285,-0.022877,-0.048008,1.820542,0.007528,-0.058228,-0.0046,-0.023255,5.958333,0.01236,0.063613,0.078518
550,112.649193,1000.0,0.914794,0.918209,0.0,0.0,0.161937,70961.0,0.132208,1.153636,0.219776,0.445629,-0.038618,0.753718,6.558216,-0.02,-0.8,-0.01,-0.05,-0.2,-2.0,0.500007,-0.177595,-0.003076,0.0,-0.000196,-0.025137,-0.032488,-0.069591,0.805762,-0.117773,-0.129183,-0.022192,-0.047946,1.822651,0.007673,-0.058095,-0.004018,-0.017581,5.875,0.011443,0.067414,0.069946
551,112.905624,1000.0,0.915513,0.920447,0.0,0.0,0.161573,49437.0,0.134776,1.15782,0.221755,0.445922,-0.038249,0.770542,6.537374,-0.02,-0.8,-0.01,-0.05,-0.2,-2.0,0.500007,-0.17874,-0.002211,0.0,-0.000199,-0.025323,-0.032867,-0.071119,0.800421,-0.120489,-0.129152,-0.022782,-0.047912,1.815377,0.007393,-0.05795,-0.004333,-0.013195,4.913043,0.01159,0.06363,0.081398
552,113.068794,1000.0,0.925487,0.924814,0.0,0.0,0.161253,71248.0,0.132393,1.183843,0.2208,0.462385,-0.040305,0.775578,6.546703,-0.02,-0.8,-0.01,-0.05,-0.2,-2.0,0.500007,-0.186909,-0.003031,0.0,-0.0002,-0.024887,-0.034159,-0.071407,0.800336,-0.119507,-0.121247,-0.023387,-0.047525,1.813382,0.007395,-0.058968,-0.003589,-0.015836,5.625,0.012513,0.060869,0.078632
553,113.834518,1000.0,0.923943,0.922685,0.0,0.0,0.161299,71603.0,0.135021,1.191037,0.231432,0.4716,-0.039341,0.802205,6.520406,-0.02,-0.8,-0.01,-0.05,-0.2,-2.0,0.500007,-0.181048,-0.002673,0.0,-0.000206,-0.025035,-0.033653,-0.071011,0.807471,-0.119458,-0.13235,-0.02308,-0.049193,1.813097,0.00774,-0.058419,-0.004496,-0.014977,4.083333,0.012169,0.06488,0.083451
554,112.570564,1000.0,0.910475,0.918784,0.0,0.0,0.161033,71495.0,0.130922,1.154648,0.21512,0.436368,-0.037443,0.74781,6.577158,-0.02,-0.8,-0.01,-0.05,-0.2,-2.0,0.500007,-0.177817,-0.002244,0.0,-0.000194,-0.025063,-0.032451,-0.069584,0.795004,-0.116426,-0.126642,-0.02251,-0.04787,1.825859,0.008095,-0.057209,-0.004006,-0.020711,5.041667,0.011967,0.070146,0.084992
555,114.801422,998.969971,0.916849,0.914681,0.041667,0.0,0.160546,71507.0,0.133945,1.223743,0.232468,0.476383,-0.040192,0.804516,6.580497,-0.02,-0.8,-0.01,-0.05,-0.2,-2.0,0.499284,-0.179765,-0.002616,-0.000556,-0.000203,-0.02469,-0.033203,-0.070108,0.804836,-0.117982,-0.128864,-0.02266,-0.048994,1.813438,0.00728,-0.057988,-0.003998,-0.015732,4.625,0.011283,0.070892,0.090814
556,113.596588,1000.0,0.930353,0.914084,0.0,0.0,0.160476,71414.0,0.129588,1.15845,0.2233,0.461859,-0.038847,0.77996,6.588257,-0.02,-0.8,-0.01,-0.05,-0.2,-2.0,0.500007,-0.18285,-0.003083,0.0,-0.000195,-0.024432,-0.032319,-0.068441,0.797121,-0.115528,-0.119771,-0.021597,-0.046089,1.819918,0.007634,-0.057558,-0.005045,-0.019539,4.583333,0.010015,0.070368,0.084826
557,114.160706,1000.0,0.91989,0.914271,0.0,0.0,0.160264,48662.0,0.132574,1.184521,0.227156,0.460725,-0.039006,0.778018,6.55217,-0.02,-0.8,-0.01,-0.05,-0.2,-2.0,0.500007,-0.179093,-0.0028,0.0,-0.0002,-0.024661,-0.033206,-0.068917,0.812339,-0.116407,-0.126578,-0.023348,-0.048437,1.819533,0.007503,-0.057243,-0.005084,-0.017857,4.083333,0.012407,0.067218,0.087149
558,112.768364,1000.0,0.924131,0.916281,0.0,0.0,0.160335,72021.0,0.13293,1.207704,0.215324,0.445632,-0.038486,0.752945,6.560575,-0.02,-0.8,-0.01,-0.05,-0.2,-2.0,0.500007,-0.180068,-0.002559,0.0,-0.000198,-0.024661,-0.032453,-0.070753,0.802274,-0.11684,-0.128023,-0.023524,-0.048518,1.819877,0.007247,-0.057263,-0.004237,-0.020033,4.875,0.011033,0.067611,0.082818
559,114.102379,1000.0,0.92601,0.91116,0.0,0.0,0.159868,71878.0,0.132875,1.256681,0.224396,0.47163,-0.040225,0.791561,6.562015,-0.02,-0.8,-0.01,-0.05,-0.2,-2.0,0.500007,-0.183951,-0.002576,0.0,-0.000204,-0.024578,-0.033608,-0.070343,0.806339,-0.119981,-0.126118,-0.023485,-0.048787,1.819152,0.007087,-0.058414,-0.003682,-0.01018,3.416667,0.010672,0.065641,0.096669
560,114.450958,1000.0,0.911076,0.911894,0.0,0.0,0.159756,72254.0,0.132538,1.198268,0.23099,0.474869,-0.040308,0.798397,6.568565,-0.02,-0.8,-0.01,-0.05,-0.2,-2.0,0.500007,-0.178939,-0.002442,0.0,-0.000202,-0.024557,-0.033154,-0.070101,0.803494,-0.117148,-0.124298,-0.022194,-0.049428,1.818615,0.007523,-0.057829,-0.00436,-0.015088,5.0,0.011377,0.065282,0.090719
561,113.467216,998.070007,0.908565,0.911547,0.041667,0.0,0.1595,71297.0,0.134156,1.173158,0.228397,0.469116,-0.040193,0.78506,6.578812,-0.02,-0.8,-0.01,-0.05,-0.2,-2.0,0.498996,-0.181464,-0.002388,-0.000417,-0.000205,-0.02462,-0.0342,-0.071944,0.801389,-0.117059,-0.127668,-0.022474,-0.050645,1.809513,0.007017,-0.057945,-0.005196,-0.020334,3.541667,0.011836,0.065405,0.091604
562,113.889313,1000.0,0.915392,0.925304,0.0,0.0,0.159431,71431.0,0.130546,1.171716,0.218387,0.443321,-0.037738,0.752602,6.561719,-0.02,-0.8,-0.01,-0.05,-0.2,-2.0,0.500007,-0.176232,-0.00228,0.0,-0.000193,-0.024459,-0.031724,-0.069314,0.803582,-0.115335,-0.125978,-0.021879,-0.046795,1.826272,0.008024,-0.05638,-0.004231,-0.016022,5.041667,0.011777,0.071091,0.072055
563,113.805481,1000.0,0.921316,0.918765,0.0,0.0,0.159391,48760.0,0.133775,1.243182,0.226616,0.472736,-0.04104,0.780188,6.5515,-0.02,-0.8,-0.01,-0.05,-0.2,-2.0,0.500007,-0.175976,-0.002963,0.0,-0.000206,-0.024751,-0.034111,-0.072455,0.799608,-0.118524,-0.132775,-0.023699,-0.052262,1.820951,0.006977,-0.058257,-0.004372,-0.019605,4.416667,0.011255,0.07413,0.087043
564,113.551262,1000.0,0.919836,0.912749,0.0,0.0,0.159222,72134.0,0.13055,1.157311,0.224713,0.466378,-0.039145,0.800108,6.552104,-0.02,-0.8,-0.01,-0.05,-0.2,-2.0,0.500007,-0.185327,-0.002361,0.0,-0.000202,-0.024089,-0.033197,-0.070818,0.803563,-0.114561,-0.121202,-0.022752,-0.047537,1.822425,0.007896,-0.056676,-0.004605,-0.022034,4.416667,0.011293,0.060892,0.087916
565,114.08696,1000.0,0.927819,0.923526,0.0,0.0,0.159099,71038.0,0.1319,1.182667,0.225821,0.45826,-0.039172,0.767979,6.543477,-0.02,-0.8,-0.01,-0.05,-0.2,-2.0,0.500007,-0.177114,-0.002578,0.0,-0.000197,-0.024263,-0.032872,-0.069263,0.809204,-0.114017,-0.124386,-0.021109,-0.047051,1.814656,0.007625,-0.057017,-0.004366,-0.022188,4.25,0.012385,0.072145,0.081202
566,112.422859,1000.0,0.915583,0.917269,0.0,0.0,0.158994,71076.0,0.129822,1.194787,0.203998,0.432137,-0.037013,0.726429,6.556221,-0.02,-0.8,-0.01,-0.05,-0.2,-2.0,0.500007,-0.183918,-0.002118,0.0,-0.000187,-0.02392,-0.032007,-0.068895,0.788813,-0.109552,-0.119435,-0.021986,-0.045551,1.822817,0.00813,-0.055734,-0.003485,-0.014374,3.708333,0.01182,0.065277,0.081415
567,113.616142,1000.0,0.927822,0.928055,0.0,0.0,0.159088,70761.0,0.128838,1.180496,0.211386,0.446406,-0.037745,0.757071,6.532388,-0.02,-0.8,-0.01,-0.05,-0.2,-2.0,0.500007,-0.187174,-0.002695,0.0,-0.000191,-0.024049,-0.03297,-0.06906,0.801952,-0.112852,-0.116707,-0.022162,-0.045254,1.820591,0.008147,-0.056463,-0.004086,-0.016999,5.166667,0.010052,0.058074,0.070235
568,113.868576,1000.0,0.915472,0.916983,0.0,0.0,0.158903,71158.0,0.132226,1.191152,0.225529,0.463016,-0.038429,0.783117,6.585136,-0.02,-0.8,-0.01,-0.05,-0.2,-2.0,0.500007,-0.178335,-0.00241,0.0,-0.000194,-0.023946,-0.032711,-0.069524,0.803595,-0.114605,-0.12361,-0.021791,-0.046321,1.81517,0.007894,-0.056451,-0.004538,-0.01652,4.916667,0.010355,0.060796,0.082303
569,114.800415,1000.0,0.923024,0.917392,0.0,0.0,0.158801,44354.0,0.130606,1.160499,0.22713,0.460794,-0.038364,0.792579,6.55236,-0.02,-0.8,-0.01,-0.05,-0.2,-2.0,0.500007,-0.183566,-0.00335,0.0,-0.000196,-0.023747,-0.032044,-0.068395,0.802544,-0.111158,-0.118374,-0.02162,-0.045857,1.820824,0.008341,-0.055989,-0.004049,-0.013134,4.75,0.011069,0.067885,0.080508
570,114.978226,1000.0,0.919162,0.919077,0.0,0.0,0.158989,61267.0,0.131672,1.195408,0.232217,0.482323,-0.040293,0.821547,6.529752,-0.02,-0.8,-0.01,-0.05,-0.2,-2.0,0.500007,-0.183637,-0.002991,0.0,-0.000203,-0.023896,-0.03327,-0.069664,0.802785,-0.114094,-0.120742,-0.021743,-0.048109,1.814408,0.00739,-0.057311,-0.004316,-0.014498,4.166667,0.011819,0.065168,0.095824
571,112.677277,1000.0,0.917354,0.913202,0.0,0.0,0.158971,65424.0,0.129829,1.170711,0.218804,0.445008,-0.037638,0.754018,6.527605,-0.02,-0.8,-0.01,-0.05,-0.2,-2.0,0.500007,-0.176582,-0.002937,0.0,-0.000187,-0.023831,-0.031688,-0.068979,0.804147,-0.112979,-0.122818,-0.021436,-0.045568,1.82896,0.008459,-0.05552,-0.004223,-0.012524,5.166667,0.012601,0.067691,0.079781
572,114.19352,1000.0,0.916106,0.915411,0.0,0.0,0.158576,69090.0,0.131608,1.185901,0.228917,0.464174,-0.039788,0.769085,6.515924,-0.02,-0.8,-0.01,-0.05,-0.2,-2.0,0.500007,-0.174648,-0.002597,0.0,-0.000196,-0.023923,-0.033142,-0.069952,0.804137,-0.114063,-0.125006,-0.021384,-0.048132,1.820012,0.00773,-0.056578,-0.004367,-0.01611,5.333333,0.011155,0.071873,0.083373
573,114.857124,1000.0,0.921124,0.917896,0.0,0.0,0.158145,64687.0,0.132083,1.153194,0.233868,0.479864,-0.039802,0.823614,6.489654,-0.02,-0.8,-0.01,-0.05,-0.2,-2.0,0.500007,-0.181147,-0.002509,0.0,-0.000201,-0.02368,-0.033264,-0.068754,0.815521,-0.111467,-0.120995,-0.021188,-0.046616,1.812698,0.007711,-0.056366,-0.003814,-0.017745,3.583333,0.011041,0.06852,0.086018
574,114.29335,1000.0,0.920443,0.916345,0.0,0.0,0.157561,43021.0,0.130794,1.182463,0.221055,0.455736,-0.038421,0.777139,6.479505,-0.02,-0.8,-0.01,-0.05,-0.2,-2.0,0.500007,-0.17958,-0.002607,0.0,-0.000191,-0.023643,-0.032656,-0.069167,0.796465,-0.110966,-0.119516,-0.021728,-0.046419,1.818844,0.00804,-0.055564,-0.004132,-0.012538,4.833333,0.011928,0.065604,0.084792
575,113.350533,995.840027,0.914869,0.911537,0.041667,0.0,0.157365,64375.0,0.131689,1.189313,0.219385,0.443193,-0.037778,0.753318,6.505405,-0.02,-0.8,-0.01,-0.05,-0.2,-2.0,0.498269,-0.174718,-0.002457,-0.000333,-0.000191,-0.023622,-0.032292,-0.067642,0.796774,-0.112185,-0.123198,-0.021581,-0.046277,1.811206,0.008004,-0.054909,-0.003847,-0.017275,4.916667,0.012497,0.065333,0.094018
576,113.075516,996.72998,0.918492,0.910347,0.083333,0.0,0.157583,63400.0,0.132083,1.113569,0.21554,0.447495,-0.037333,0.765842,6.502153,-0.02,-0.8,-0.01,-0.05,-0.2,-2.0,0.498636,-0.181109,-0.002722,-0.000667,-0.000193,-0.023345,-0.031956,-0.067684,0.799176,-0.108712,-0.11768,-0.021553,-0.045157,1.80924,0.008554,-0.055177,-0.005411,-0.025279,4.708333,0.011724,0.065562,0.091046
577,115.243347,1000.0,0.921005,0.918652,0.0,0.0,0.157265,64455.0,0.129151,1.193928,0.2228,0.461266,-0.038206,0.797483,6.537942,-0.02,-0.8,-0.01,-0.05,-0.2,-2.0,0.500007,-0.182691,-0.002265,0.0,-0.000195,-0.023276,-0.031985,-0.068884,0.811609,-0.111838,-0.11755,-0.021718,-0.045598,1.823479,0.00784,-0.055417,-0.00428,-0.014097,4.083333,0.014669,0.066835,0.085849
578,114.390991,1000.0,0.912419,0.914508,0.0,0.0,0.157003,62537.0,0.135958,1.221529,0.237064,0.491407,-0.041751,0.817439,6.549916,-0.02,-0.8,-0.01,-0.05,-0.2,-2.0,0.500007,-0.180741,-0.002813,0.0,-0.000205,-0.023659,-0.034953,-0.070786,0.806623,-0.116043,-0.129324,-0.022015,-0.050486,1.806996,0.007524,-0.056987,-0.003999,-0.016031,4.583333,0.011474,0.060721,0.089927
579,113.693237,1000.0,0.910155,0.920043,0.0,0.0,0.15704,67736.0,0.129774,1.143078,0.215132,0.43917,-0.036622,0.753943,6.555614,-0.02,-0.8,-0.01,-0.05,-0.2,-2.0,0.500007,-0.17889,-0.002454,0.0,-0.000189,-0.023399,-0.031498,-0.068169,0.800116,-0.108837,-0.121077,-0.020675,-0.045038,1.82079,0.008201,-0.054481,-0.004661,-0.020061,4.375,0.012225,0.073462,0.082707
580,113.194733,1000.0,0.93165,0.916472,0.0,0.0,0.156919,45878.0,0.133178,1.177501,0.220603,0.454639,-0.039273,0.756324,6.550697,-0.02,-0.8,-0.01,-0.05,-0.2,-2.0,0.500007,-0.174796,-0.002857,0.0,-0.00019,-0.023631,-0.032802,-0.068268,0.798458,-0.113626,-0.124241,-0.021909,-0.046155,1.813706,0.007891,-0.055932,-0.004005,-0.019811,4.125,0.011361,0.06684,0.072459
581,114.258316,1000.0,0.906634,0.914655,0.0,0.0,0.156552,65294.0,0.131195,1.185941,0.224119,0.475392,-0.039734,0.797548,6.581531,-0.02,-0.8,-0.01,-0.05,-0.2,-2.0,0.500007,-0.182132,-0.002312,0.0,-0.000201,-0.02334,-0.032605,-0.070209,0.799425,-0.11438,-0.120562,-0.022879,-0.048886,1.821063,0.007301,-0.056075,-0.003777,-0.008478,3.75,0.011368,0.058363,0.077919
582,115.109955,1000.0,0.928595,0.917995,0.0,0.0,0.156159,66271.0,0.129147,1.157029,0.221117,0.473817,-0.038692,0.814471,6.577534,-0.02,-0.8,-0.01,-0.05,-0.2,-2.0,0.500007,-0.191334,-0.002715,0.0,-0.0002,-0.022925,-0.032773,-0.069477,0.803819,-0.108906,-0.11375,-0.021494,-0.045988,1.814192,0.008172,-0.055495,-0.00438,-0.020026,4.956522,0.010311,0.054311,0.072714
583,115.286163,1000.0,0.932132,0.915723,0.0,0.0,0.156156,67738.0,0.129581,1.186554,0.22338,0.464649,-0.037863,0.80144,6.586082,-0.02,-0.8,-0.01,-0.05,-0.2,-2.0,0.500007,-0.182894,-0.002486,0.0,-0.000197,-0.022959,-0.031463,-0.06681,0.805558,-0.108196,-0.117296,-0.020622,-0.045609,1.824364,0.008047,-0.055033,-0.004649,-0.024503,4.375,0.010981,0.080122,0.086799
584,114.457809,1000.0,0.923912,0.916862,0.0,0.0,0.155948,71952.0,0.131848,1.173913,0.22595,0.458194,-0.03808,0.772059,6.60746,-0.02,-0.8,-0.01,-0.05,-0.2,-2.0,0.500007,-0.174202,-0.002943,0.0,-0.000191,-0.02335,-0.032244,-0.06748,0.812749,-0.110341,-0.123341,-0.020969,-0.045897,1.820479,0.008319,-0.055204,-0.003835,-0.012707,6.666667,0.011811,0.068954,0.08054
585,114.235535,1000.0,0.922837,0.917704,0.0,0.0,0.155934,47721.0,0.127008,1.15028,0.211134,0.440186,-0.036197,0.746623,6.596416,-0.02,-0.8,-0.01,-0.05,-0.2,-2.0,0.500007,-0.181332,-0.002061,0.0,-0.000184,-0.023071,-0.031152,-0.067656,0.797962,-0.107901,-0.115851,-0.020943,-0.043528,1.835426,0.008513,-0.054243,-0.003971,-0.017435,8.916667,0.012039,0.064355,0.089202
586,114.366508,1000.0,0.926489,0.914771,0.0,0.0,0.155966,70845.0,0.132389,1.198292,0.229932,0.471512,-0.039401,0.794416,6.593902,-0.02,-0.8,-0.01,-0.05,-0.2,-2.0,0.500007,-0.177855,-0.0023,0.0,-0.000197,-0.023282,-0.033088,-0.068803,0.809496,-0.11166,-0.121503,-0.021314,-0.046928,1.8119,0.008216,-0.05565,-0.00433,-0.021158,7.333333,0.011177,0.063911,0.093115
587,114.426628,1000.0,0.923306,0.918155,0.0,0.0,0.156316,70167.0,0.129369,1.145118,0.222246,0.456182,-0.03773,0.774354,6.560902,-0.02,-0.8,-0.01,-0.05,-0.2,-2.0,0.500007,-0.178717,-0.002236,0.0,-0.000191,-0.022971,-0.03138,-0.066986,0.804744,-0.107097,-0.117106,-0.020908,-0.045354,1.822762,0.008328,-0.054631,-0.004497,-0.024339,6.916667,0.011746,0.069437,0.077197
588,112.661423,1000.0,0.924671,0.914886,0.0,0.0,0.15598,69181.0,0.129443,1.131725,0.21424,0.438338,-0.036286,0.740513,6.567762,-0.02,-0.8,-0.01,-0.05,-0.2,-2.0,0.500007,-0.174082,-0.002702,0.0,-0.000181,-0.023197,-0.031251,-0.066871,0.802043,-0.108486,-0.121576,-0.021121,-0.04382,1.827995,0.009049,-0.054062,-0.003987,-0.020501,7.208333,0.011216,0.062346,0.086137
589,114.32917,1000.0,0.928714,0.915761,0.0,0.0,0.15538,68429.0,0.130812,1.191422,0.223262,0.462679,-0.038683,0.774708,6.547454,-0.02,-0.8,-0.01,-0.05,-0.2,-2.0,0.500007,-0.17837,-0.002578,0.0,-0.000193,-0.023201,-0.033197,-0.068776,0.795835,-0.11062,-0.121517,-0.021083,-0.046551,1.818824,0.008302,-0.055093,-0.003529,-0.009422,6.125,0.010677,0.068993,0.083154
590,113.347511,1000.0,0.927126,0.918856,0.0,0.0,0.15503,70081.0,0.127146,1.147642,0.215126,0.449958,-0.036928,0.76296,6.520413,-0.02,-0.8,-0.01,-0.05,-0.2,-2.0,0.500007,-0.181396,-0.00244,0.0,-0.000183,-0.022919,-0.031281,-0.067643,0.795038,-0.105327,-0.115587,-0.020932,-0.043274,1.826648,0.008943,-0.054412,-0.004156,-0.014672,6.416667,0.010845,0.063152,0.084307
591,114.547844,1000.0,0.924093,0.918728,0.0,0.0,0.154451,47809.0,0.130776,1.194326,0.226244,0.474851,-0.039284,0.793914,6.56132,-0.02,-0.8,-0.01,-0.05,-0.2,-2.0,0.500007,-0.181225,-0.002924,0.0,-0.000196,-0.023013,-0.033126,-0.068318,0.801459,-0.10981,-0.120189,-0.021656,-0.046326,1.818154,0.008113,-0.055479,-0.004462,-0.023016,5.958333,0.012961,0.064593,0.088903
592,114.379654,1000.0,0.921596,0.917657,0.0,0.0,0.154651,71358.0,0.129298,1.158875,0.226258,0.455145,-0.037483,0.769981,6.522804,-0.02,-0.8,-0.01,-0.05,-0.2,-2.0,0.500007,-0.176126,-0.0021,0.0,-0.000186,-0.022852,-0.031765,-0.0671,0.802303,-0.107374,-0.120171,-0.020151,-0.04471,1.825982,0.008541,-0.053849,-0.004363,-0.015921,5.458333,0.011575,0.06951,0.085916
593,114.302032,1000.0,0.920916,0.917474,0.0,0.0,0.154101,73373.0,0.130291,1.188175,0.229936,0.469843,-0.039095,0.795228,6.531745,-0.02,-0.8,-0.01,-0.05,-0.2,-2.0,0.500007,-0.177561,-0.002278,0.0,-0.000191,-0.022868,-0.032307,-0.06792,0.809884,-0.108664,-0.11959,-0.021473,-0.045693,1.818445,0.008313,-0.054606,-0.004688,-0.020565,5.521739,0.012356,0.070427,0.104466
594,114.541489,1000.0,0.9143,0.917744,0.0,0.0,0.153868,71366.0,0.129004,1.159813,0.223402,0.472061,-0.039333,0.796054,6.516426,-0.02,-0.8,-0.01,-0.05,-0.2,-2.0,0.500007,-0.183623,-0.002486,0.0,-0.000193,-0.022772,-0.032818,-0.069058,0.80537,-0.109476,-0.115916,-0.021911,-0.046857,1.821026,0.008461,-0.054773,-0.004457,-0.017095,4.708333,0.012546,0.064294,0.082554
595,115.412018,1000.0,0.920905,0.912533,0.0,0.0,0.153668,71177.0,0.129773,1.149488,0.227658,0.474365,-0.038914,0.814709,6.538091,-0.02,-0.8,-0.01,-0.05,-0.2,-2.0,0.500007,-0.18332,-0.002012,0.0,-0.0002,-0.022533,-0.032204,-0.068976,0.813025,-0.106466,-0.115297,-0.021644,-0.047848,1.822883,0.008321,-0.054319,-0.003913,-0.011528,4.5,0.012197,0.066409,0.096864
596,114.478111,1000.0,0.915024,0.915194,0.0,0.0,0.15372,70420.0,0.129669,1.151185,0.222073,0.451125,-0.037302,0.764053,6.532932,-0.02,-0.8,-0.01,-0.05,-0.2,-2.0,0.500007,-0.175352,-0.00249,0.0,-0.000182,-0.022788,-0.031512,-0.066713,0.794592,-0.105875,-0.117907,-0.020493,-0.044133,1.824528,0.008782,-0.053618,-0.003902,-0.013935,4.958333,0.012865,0.068152,0.083945
597,114.819084,1000.0,0.919499,0.921729,0.0,0.0,0.153859,47372.0,0.128609,1.131271,0.21651,0.452593,-0.035927,0.774036,6.553684,-0.02,-0.8,-0.01,-0.05,-0.2,-2.0,0.500007,-0.182385,-0.002355,0.0,-0.000185,-0.022497,-0.031388,-0.067062,0.803171,-0.104098,-0.113145,-0.021249,-0.042315,1.82694,0.009092,-0.053763,-0.004479,-0.022405,4.416667,0.010818,0.071835,0.086218
598,114.177544,1000.0,0.911478,0.916163,0.0,0.0,0.154333,71268.0,0.128218,1.156731,0.221583,0.452338,-0.036972,0.761979,6.551828,-0.02,-0.8,-0.01,-0.05,-0.2,-2.0,0.500007,-0.179151,-0.001816,0.0,-0.000184,-0.022386,-0.030524,-0.066354,0.803741,-0.103698,-0.11366,-0.020101,-0.043789,1.823848,0.008672,-0.052967,-0.003784,-0.020146,4.25,0.010936,0.06091,0.076539
599,113.921989,1000.0,0.92607,0.91378,0.0,0.0,0.153971,71890.0,0.127049,1.109563,0.214082,0.43278,-0.03488,0.742019,6.514823,-0.02,-0.8,-0.01,-0.05,-0.2,-2.0,0.500007,-0.1769,-0.001849,0.0,-0.000179,-0.022315,-0.029666,-0.066084,0.800035,-0.102742,-0.116015,-0.019726,-0.042307,1.831279,0.009047,-0.052107,-0.004464,-0.018807,4.625,0.011383,0.065934,0.08523
600,115.322868,1000.0,0.9256,0.919045,0.0,0.0,0.153932,68629.0,0.131158,1.203158,0.233171,0.471584,-0.03855,0.782967,6.551447,-0.02,-0.8,-0.01,-0.05,-0.2,-2.0,0.500007,-0.170783,-0.002772,0.0,-0.00019,-0.02266,-0.03203,-0.065311,0.800835,-0.105372,-0.121925,-0.019801,-0.045648,1.822614,0.008374,-0.054269,-0.003391,-0.014825,4.125,0.012836,0.073993,0.074637
601,114.795799,1000.0,0.924567,0.919276,0.0,0.0,0.154175,69495.0,0.129978,1.170431,0.219593,0.459092,-0.038174,0.771499,6.549432,-0.02,-0.8,-0.01,-0.05,-0.2,-2.0,0.500007,-0.17703,-0.002886,0.0,-0.000191,-0.022698,-0.032178,-0.067915,0.802869,-0.106744,-0.119515,-0.02015,-0.046416,1.824494,0.00819,-0.053846,-0.004041,-0.020196,4.304348,0.010842,0.066826,0.078788
602,114.377419,1000.0,0.927014,0.918025,0.0,0.0,0.153949,45732.0,0.128598,1.149628,0.216313,0.451506,-0.036996,0.774559,6.565568,-0.02,-0.8,-0.01,-0.05,-0.2,-2.0,0.500007,-0.182654,-0.002455,0.0,-0.000185,-0.022422,-0.032065,-0.066996,0.799368,-0.105271,-0.115898,-0.021302,-0.043655,1.824929,0.008996,-0.053563,-0.004061,-0.017327,4.416667,0.010848,0.065089,0.078963
603,114.356247,1000.0,0.912235,0.912501,0.0,0.0,0.153685,66548.0,0.12703,1.105161,0.218555,0.432031,-0.035634,0.735755,6.541662,-0.02,-0.8,-0.01,-0.05,-0.2,-2.0,0.500007,-0.170971,-0.002028,0.0,-0.000182,-0.022281,-0.0298,-0.066012,0.803312,-0.10111,-0.113816,-0.019947,-0.044006,1.835474,0.009222,-0.051744,-0.00416,-0.01999,4.333333,0.010191,0.073917,0.093523
604,114.742043,1000.0,0.926946,0.913903,0.0,0.0,0.153758,68436.0,0.129896,1.195018,0.227318,0.473085,-0.038644,0.786244,6.547248,-0.02,-0.8,-0.01,-0.05,-0.2,-2.0,0.500007,-0.183602,-0.002605,0.0,-0.000195,-0.02236,-0.032754,-0.067691,0.802977,-0.107592,-0.116441,-0.020557,-0.0451,1.820524,0.008086,-0.054567,-0.003002,-0.012973,4.166667,0.012771,0.06371,0.095142
605,114.218811,1000.0,0.923301,0.916835,0.0,0.0,0.153412,68291.0,0.127686,1.142449,0.214817,0.435864,-0.036153,0.741551,6.539165,-0.02,-0.8,-0.01,-0.05,-0.2,-2.0,0.500007,-0.174908,-0.002119,0.0,-0.00018,-0.022222,-0.029991,-0.065557,0.80358,-0.102772,-0.117814,-0.01996,-0.042717,1.83202,0.008674,-0.052469,-0.003996,-0.020963,4.875,0.013285,0.067368,0.090666
606,115.337311,1000.0,0.923436,0.90746,0.0,0.0,0.153519,68053.0,0.127229,1.168092,0.223691,0.462758,-0.037632,0.783779,6.475395,-0.02,-0.8,-0.01,-0.05,-0.2,-2.0,0.500007,-0.184187,-0.001981,0.0,-0.000188,-0.021971,-0.031778,-0.066504,0.804709,-0.104956,-0.113393,-0.020533,-0.044386,1.829595,0.008507,-0.052936,-0.00403,-0.017676,4.166667,0.011215,0.069486,0.085893
607,114.508522,1000.0,0.919134,0.913496,0.0,0.0,0.153649,67442.0,0.130678,1.154048,0.22742,0.457762,-0.037334,0.77693,6.567412,-0.02,-0.8,-0.01,-0.05,-0.2,-2.0,0.500007,-0.168861,-0.002552,0.0,-0.000187,-0.022349,-0.03106,-0.066517,0.801567,-0.103186,-0.122615,-0.020261,-0.045408,1.82115,0.008744,-0.052681,-0.004208,-0.017875,4.166667,0.012292,0.063706,0.077964
608,114.944473,1000.0,0.914113,0.912252,0.0,0.0,0.154097,45884.0,0.132116,1.165154,0.231573,0.471529,-0.038289,0.790608,6.519642,-0.02,-0.8,-0.01,-0.05,-0.2,-2.0,0.500007,-0.171808,-0.002135,0.0,-0.000191,-0.022401,-0.031714,-0.067151,0.805466,-0.107315,-0.119444,-0.020486,-0.046487,1.814043,0.00846,-0.053153,-0.004332,-0.019071,3.958333,0.013245,0.058718,0.092638
609,114.01548,1000.0,0.909141,0.912387,0.0,0.0,0.154168,67475.0,0.128715,1.155009,0.215303,0.444149,-0.036904,0.746275,6.534218,-0.02,-0.8,-0.01,-0.05,-0.2,-2.0,0.500007,-0.176171,-0.002199,0.0,-0.000185,-0.022149,-0.031198,-0.067411,0.79762,-0.105171,-0.116915,-0.020721,-0.045077,1.828359,0.008722,-0.052478,-0.004059,-0.023604,5.708333,0.011495,0.075959,0.086978
610,114.639008,1000.0,0.921265,0.915629,0.0,0.0,0.153902,61414.0,0.128664,1.219983,0.228047,0.475895,-0.039367,0.785769,6.547988,-0.02,-0.8,-0.01,-0.05,-0.2,-2.0,0.500007,-0.17757,-0.002368,0.0,-0.000192,-0.022384,-0.032447,-0.067042,0.796632,-0.10469,-0.117477,-0.020869,-0.046744,1.825289,0.008259,-0.054046,-0.003729,-0.019235,4.416667,0.011675,0.069984,0.081458
611,114.991714,1000.0,0.919811,0.919149,0.0,0.0,0.154233,70737.0,0.128324,1.175259,0.222256,0.452515,-0.036733,0.774844,6.510696,-0.02,-0.8,-0.01,-0.05,-0.2,-2.0,0.500007,-0.173978,-0.002276,0.0,-0.000186,-0.022159,-0.031103,-0.065499,0.807004,-0.102184,-0.114933,-0.021244,-0.044527,1.829323,0.009088,-0.052614,-0.004405,-0.022923,4.666667,0.011024,0.072693,0.07909
612,115.008423,1000.0,0.920755,0.914896,0.0,0.0,0.153967,71316.0,0.128618,1.183485,0.230644,0.468499,-0.037188,0.810592,6.51522,-0.02,-0.8,-0.01,-0.05,-0.2,-2.0,0.500007,-0.180558,-0.00215,0.0,-0.000193,-0.022036,-0.031243,-0.065944,0.809468,-0.103537,-0.116363,-0.020249,-0.045021,1.826818,0.00844,-0.052629,-0.002936,-0.013961,4.5,0.013014,0.077848,0.084081
613,115.679001,1000.0,0.923814,0.924325,0.0,0.0,0.154142,70840.0,0.128848,1.173527,0.237159,0.478812,-0.037886,0.8062,6.522157,-0.02,-0.8,-0.01,-0.05,-0.2,-2.0,0.500007,-0.175178,-0.001962,0.0,-0.000184,-0.021938,-0.03139,-0.065312,0.803839,-0.101291,-0.112335,-0.019193,-0.043484,1.823479,0.008839,-0.052577,-0.00451,-0.020807,5.375,0.010367,0.072734,0.089822
614,114.942604,1000.0,0.935695,0.918678,0.0,0.0,0.154243,43873.0,0.125597,1.130981,0.217311,0.443372,-0.03548,0.772795,6.524194,-0.02,-0.8,-0.01,-0.05,-0.2,-2.0,0.500007,-0.18167,-0.002074,0.0,-0.00018,-0.021734,-0.030088,-0.065532,0.807885,-0.101411,-0.113875,-0.020303,-0.041788,1.832953,0.009282,-0.051632,-0.00356,-0.017788,4.416667,0.011399,0.061672,0.085923
615,114.386749,996.440002,0.910176,0.909893,0.041667,0.0,0.15452,71479.0,0.127567,1.145701,0.223317,0.458764,-0.037206,0.763395,6.53189,-0.02,-0.8,-0.01,-0.05,-0.2,-2.0,0.496288,-0.177071,-0.002342,-0.000833,-0.00018,-0.021683,-0.030719,-0.064234,0.793771,-0.101926,-0.111042,-0.020235,-0.043783,1.812618,0.008501,-0.051983,-0.004734,-0.016873,3.916667,0.011537,0.073332,0.090967
616,115.35096,1000.0,0.927538,0.915951,0.0,0.0,0.154555,71577.0,0.127827,1.128263,0.22486,0.458573,-0.036723,0.781698,6.515353,-0.02,-0.8,-0.01,-0.05,-0.2,-2.0,0.500007,-0.177372,-0.002169,0.0,-0.000183,-0.02181,-0.030705,-0.065351,0.802708,-0.101626,-0.112118,-0.020015,-0.04226,1.821383,0.009273,-0.052144,-0.004363,-0.020805,5.041667,0.009415,0.070523,0.087726
617,115.736565,1000.0,0.922685,0.917498,0.0,0.0,0.154618,70656.0,0.132226,1.18648,0.235343,0.482707,-0.039446,0.814089,6.517586,-0.02,-0.8,-0.01,-0.05,-0.2,-2.0,0.500007,-0.175731,-0.002333,0.0,-0.000194,-0.022055,-0.032457,-0.067023,0.807526,-0.103305,-0.116278,-0.02058,-0.046285,1.81543,0.008362,-0.053505,-0.004587,-0.034859,5.125,0.013238,0.075501,0.086996
618,116.361526,1000.0,0.930831,0.918423,0.0,0.0,0.154556,70867.0,0.130475,1.168655,0.234628,0.481977,-0.03895,0.803328,6.514645,-0.02,-0.8,-0.01,-0.05,-0.2,-2.0,0.500007,-0.173237,-0.001844,0.0,-0.000189,-0.022135,-0.031688,-0.066074,0.808876,-0.10363,-0.118175,-0.019986,-0.045647,1.820899,0.008488,-0.053396,-0.004273,-0.019603,4.458333,0.011189,0.061011,0.077311
619,114.098503,1000.0,0.905075,0.918671,0.0,0.0,0.154463,46785.0,0.129452,1.165252,0.221176,0.45276,-0.037236,0.757811,6.504753,-0.02,-0.8,-0.01,-0.05,-0.2,-2.0,0.500007,-0.175467,-0.002327,0.0,-0.000185,-0.022005,-0.031343,-0.066195,0.79274,-0.103478,-0.118781,-0.020201,-0.045091,1.831559,0.008903,-0.052235,-0.004368,-0.02193,4.291667,0.011233,0.075957,0.08058
620,115.303291,1000.0,0.916732,0.90905,0.0,0.0,0.154363,71899.0,0.129428,1.199836,0.224342,0.469868,-0.038729,0.778063,6.532558,-0.02,-0.8,-0.01,-0.05,-0.2,-2.0,0.500007,-0.177451,-0.002636,0.0,-0.000193,-0.021927,-0.031674,-0.06669,0.792913,-0.103764,-0.115697,-0.020736,-0.046545,1.820646,0.008443,-0.053076,-0.004213,-0.01931,4.708333,0.011106,0.06474,0.083996
621,115.850555,1000.0,0.924569,0.915939,0.0,0.0,0.154443,72586.0,0.128504,1.181574,0.230657,0.466149,-0.037409,0.781999,6.514429,-0.02,-0.8,-0.01,-0.05,-0.2,-2.0,0.500007,-0.174686,-0.002603,0.0,-0.000184,-0.021878,-0.031339,-0.064939,0.801738,-0.101061,-0.112836,-0.019822,-0.043903,1.828871,0.00896,-0.052546,-0.003524,-0.016201,3.458333,0.011457,0.073275,0.083141
622,115.275551,1000.0,0.924203,0.905126,0.0,0.0,0.154347,70125.0,0.130042,1.128135,0.230024,0.465518,-0.037875,0.79113,6.500336,-0.02,-0.8,-0.01,-0.05,-0.2,-2.0,0.500007,-0.171993,-0.002064,0.0,-0.000192,-0.022117,-0.031613,-0.064903,0.803549,-0.102454,-0.119813,-0.020432,-0.046653,1.830301,0.008987,-0.052424,-0.004756,-0.018899,4.583333,0.012287,0.070715,0.099203
623,116.238441,1000.0,0.920753,0.91233,0.0,0.0,0.154561,70968.0,0.129609,1.235791,0.238108,0.487246,-0.039257,0.813095,6.549155,-0.02,-0.8,-0.01,-0.05,-0.2,-2.0,0.500007,-0.177062,-0.002441,0.0,-0.000192,-0.021736,-0.031366,-0.065402,0.801391,-0.10178,-0.112812,-0.019745,-0.045935,1.819124,0.008299,-0.05296,-0.003921,-0.017645,3.75,0.012668,0.072256,0.090838
624,114.654823,1000.0,0.930202,0.923617,0.0,0.0,0.154527,72694.0,0.130069,1.164141,0.226526,0.4658,-0.037607,0.770236,6.527027,-0.02,-0.8,-0.01,-0.05,-0.2,-2.0,0.500007,-0.176038,-0.003001,0.0,-0.000181,-0.021723,-0.03149,-0.064036,0.801691,-0.102228,-0.113091,-0.01977,-0.043186,1.82172,0.008835,-0.052482,-0.004519,-0.024431,4.869565,0.012658,0.069707,0.093389
625,114.655991,1000.0,0.920743,0.915766,0.0,0.0,0.154336,47704.0,0.129138,1.179561,0.22697,0.47189,-0.037441,0.804007,6.559408,-0.02,-0.8,-0.01,-0.05,-0.2,-2.0,0.500007,-0.17936,-0.002266,0.0,-0.000192,-0.021574,-0.030692,-0.066225,0.803359,-0.101263,-0.110327,-0.020022,-0.045742,1.82145,0.008584,-0.052168,-0.004344,-0.018405,5.125,0.010792,0.061625,0.077802
626,113.755539,1000.0,0.92002,0.917874,0.0,0.0,0.154317,71447.0,0.129741,1.169641,0.225676,0.465037,-0.03762,0.777212,6.558102,-0.02,-0.8,-0.01,-0.05,-0.2,-2.0,0.500007,-0.175832,-0.002386,0.0,-0.000185,-0.02185,-0.031611,-0.066103,0.802049,-0.102067,-0.114411,-0.020446,-0.044736,1.822353,0.008706,-0.052344,-0.004161,-0.018622,7.791667,0.01103,0.062707,0.083013
627,115.230675,1000.0,0.922659,0.916408,0.0,0.0,0.154117,72460.0,0.129376,1.141986,0.225779,0.461156,-0.03687,0.772275,6.551376,-0.02,-0.8,-0.01,-0.05,-0.2,-2.0,0.500007,-0.175116,-0.002245,0.0,-0.000181,-0.02174,-0.030297,-0.064111,0.800239,-0.101049,-0.111526,-0.019392,-0.043646,1.823498,0.009165,-0.051797,-0.003852,-0.016409,8.458334,0.01108,0.06584,0.079943
628,115.734848,1000.0,0.922795,0.913189,0.0,0.0,0.15423,71497.0,0.132298,1.191558,0.237772,0.495565,-0.040241,0.80803,6.561264,-0.02,-0.8,-0.01,-0.05,-0.2,-2.0,0.500007,-0.175858,-0.003092,0.0,-0.000195,-0.021971,-0.032914,-0.066204,0.801708,-0.104062,-0.118827,-0.02057,-0.048073,1.815364,0.008368,-0.053693,-0.004664,-0.01997,7.166667,0.00995,0.066883,0.089873
629,114.607269,1000.0,0.914414,0.914378,0.0,0.0,0.154225,71912.0,0.130827,1.191672,0.234148,0.482117,-0.038924,0.794482,6.562325,-0.02,-0.8,-0.01,-0.05,-0.2,-2.0,0.500007,-0.173523,-0.002173,0.0,-0.000188,-0.02198,-0.032132,-0.066345,0.801256,-0.103141,-0.114783,-0.020242,-0.045659,1.81887,0.008376,-0.053178,-0.004254,-0.02342,6.5,0.012697,0.066647,0.086188
630,117.334801,1000.0,0.93065,0.913376,0.0,0.0,0.154019,72007.0,0.133874,1.248518,0.242968,0.515621,-0.042291,0.834433,6.566696,-0.02,-0.8,-0.01,-0.05,-0.2,-2.0,0.500007,-0.178722,-0.003411,0.0,-0.000199,-0.021994,-0.034205,-0.066552,0.80217,-0.104871,-0.115973,-0.021073,-0.048904,1.807566,0.008024,-0.054765,-0.004334,-0.014695,7.291667,0.01053,0.066329,0.082021
631,114.043518,1000.0,0.910712,0.909386,0.0,0.0,0.153726,44351.0,0.12733,1.166062,0.219299,0.450136,-0.036119,0.765849,6.5405,-0.02,-0.8,-0.01,-0.05,-0.2,-2.0,0.500007,-0.176783,-0.002325,0.0,-0.000178,-0.021396,-0.029639,-0.064513,0.795333,-0.098257,-0.108924,-0.019654,-0.043011,1.825116,0.00911,-0.051161,-0.003756,-0.016381,6.083333,0.012148,0.076659,0.097177
632,114.432861,1000.0,0.91575,0.911929,0.0,0.0,0.153915,66137.0,0.13204,1.19772,0.227645,0.468158,-0.039184,0.754535,6.563721,-0.02,-0.8,-0.01,-0.05,-0.2,-2.0,0.500007,-0.169111,-0.003129,0.0,-0.000187,-0.022237,-0.032819,-0.066394,0.793267,-0.104632,-0.122356,-0.020481,-0.047344,1.813507,0.008399,-0.053073,-0.003469,-0.014641,6.416667,0.012087,0.074325,0.084566
633,115.837006,1000.0,0.920686,0.91515,0.0,0.0,0.153639,60577.0,0.129704,1.151656,0.227004,0.464379,-0.037556,0.770597,6.549469,-0.02,-0.8,-0.01,-0.05,-0.2,-2.0,0.500007,-0.17486,-0.002723,0.0,-0.000184,-0.021876,-0.031362,-0.065497,0.795756,-0.102507,-0.11562,-0.019719,-0.044981,1.826279,0.008982,-0.052125,-0.004317,-0.019141,6.083333,0.012373,0.070718,0.089379
634,115.093399,1000.0,0.925037,0.911861,0.0,0.0,0.153406,59653.0,0.129293,1.180491,0.225494,0.471279,-0.038203,0.776808,6.566008,-0.02,-0.8,-0.01,-0.05,-0.2,-2.0,0.500007,-0.176196,-0.002916,0.0,-0.000185,-0.021752,-0.031382,-0.065946,0.79778,-0.102485,-0.11269,-0.019948,-0.045281,1.823398,0.008758,-0.052709,-0.003753,-0.012779,4.916667,0.012592,0.068239,0.095001
635,115.532661,1000.0,0.924562,0.916977,0.0,0.0,0.152972,62442.0,0.129718,1.1988,0.231039,0.478876,-0.038636,0.809601,6.529823,-0.02,-0.8,-0.01,-0.05,-0.2,-2.0,0.500007,-0.178334,-0.002532,0.0,-0.000188,-0.02149,-0.030804,-0.065076,0.807044,-0.100093,-0.110174,-0.020435,-0.045463,1.819534,0.008517,-0.052138,-0.004261,-0.024863,5.695652,0.010724,0.07411,0.089296
636,115.338715,1000.0,0.921271,0.910056,0.0,0.0,0.152646,44127.0,0.133357,1.172035,0.236735,0.480411,-0.039116,0.792547,6.553261,-0.02,-0.8,-0.01,-0.05,-0.2,-2.0,0.500007,-0.166148,-0.002494,0.0,-0.00019,-0.02217,-0.031533,-0.065906,0.804153,-0.102921,-0.122116,-0.019476,-0.047756,1.815073,0.008747,-0.052706,-0.004597,-0.018638,4.125,0.013505,0.071232,0.082019
637,114.296135,1000.0,0.906683,0.910432,0.0,0.0,0.152597,64681.0,0.131635,1.19228,0.222844,0.468187,-0.037714,0.767881,6.548654,-0.02,-0.8,-0.01,-0.05,-0.2,-2.0,0.500007,-0.177425,-0.003178,0.0,-0.000183,-0.021835,-0.031427,-0.066674,0.790962,-0.102332,-0.116428,-0.021145,-0.044994,1.819317,0.008421,-0.052574,-0.003529,-0.01362,4.833333,0.010795,0.076038,0.079704
638,114.803452,1000.0,0.930998,0.915786,0.0,0.0,0.152415,64796.0,0.127439,1.156607,0.218113,0.456244,-0.036381,0.759509,6.526493,-0.02,-0.8,-0.01,-0.05,-0.2,-2.0,0.500007,-0.178013,-0.002004,0.0,-0.000179,-0.021749,-0.030769,-0.063874,0.788997,-0.101556,-0.11138,-0.019928,-0.042996,1.827217,0.008689,-0.052047,-0.003594,-0.019708,4.583333,0.009945,0.070857,0.086954
639,113.110428,1000.0,0.919795,0.910119,0.0,0.0,0.15217,60115.0,0.125631,1.131024,0.213146,0.452003,-0.035765,0.747638,6.526233,-0.02,-0.8,-0.01,-0.05,-0.2,-2.0,0.500007,-0.180808,-0.002235,0.0,-0.000175,-0.021386,-0.030198,-0.064935,0.787947,-0.098474,-0.107644,-0.019983,-0.042277,1.832301,0.009406,-0.051304,-0.004071,-0.019324,4.791667,0.010874,0.061029,0.08693
640,115.433266,1000.0,0.924722,0.906626,0.0,0.0,0.152062,60778.0,0.129803,1.187578,0.230766,0.484825,-0.039003,0.791501,6.489152,-0.02,-0.8,-0.01,-0.05,-0.2,-2.0,0.500007,-0.175861,-0.002434,0.0,-0.000188,-0.021778,-0.031774,-0.065542,0.787461,-0.103199,-0.115782,-0.019785,-0.04575,1.824488,0.008657,-0.052992,-0.00443,-0.023042,4.041667,0.011676,0.079754,0.086063
641,115.877739,1000.0,0.926434,0.918956,0.0,0.0,0.152156,41185.0,0.131531,1.203062,0.234072,0.47812,-0.038526,0.805871,6.50588,-0.02,-0.8,-0.01,-0.05,-0.2,-2.0,0.500007,-0.176313,-0.002185,0.0,-0.000187,-0.021653,-0.031305,-0.065327,0.804596,-0.101782,-0.112445,-0.019728,-0.044998,1.813554,0.008368,-0.052236,-0.003977,-0.019829,4.833333,0.009579,0.063071,0.07927
642,115.163246,1000.0,0.922154,0.906133,0.0,0.0,0.15191,66361.0,0.130539,1.160763,0.227993,0.46053,-0.036872,0.774652,6.532279,-0.02,-0.8,-0.01,-0.05,-0.2,-2.0,0.500007,-0.173106,-0.002719,0.0,-0.000182,-0.021712,-0.030668,-0.06458,0.805265,-0.101167,-0.113838,-0.019773,-0.044239,1.814947,0.008973,-0.051559,-0.003607,-0.018347,3.5,0.011251,0.07809,0.078867
643,114.864151,1000.0,0.921352,0.912264,0.0,0.0,0.152022,66888.0,0.129313,1.186128,0.224757,0.475521,-0.038097,0.788523,6.509447,-0.02,-0.8,-0.01,-0.05,-0.2,-2.0,0.500007,-0.181643,-0.002958,0.0,-0.000186,-0.021707,-0.031471,-0.065969,0.792327,-0.102207,-0.110306,-0.020526,-0.045025,1.822649,0.008522,-0.052665,-0.004703,-0.02128,4.565217,0.011427,0.068192,0.080874
644,114.47023,1000.0,0.914667,0.913363,0.0,0.0,0.152404,64703.0,0.130266,1.153817,0.220676,0.452894,-0.036307,0.756275,6.481771,-0.02,-0.8,-0.01,-0.05,-0.2,-2.0,0.500007,-0.169694,-0.002079,0.0,-0.000186,-0.021821,-0.030018,-0.065994,0.785,-0.102162,-0.119551,-0.019642,-0.04659,1.827256,0.009102,-0.051612,-0.00381,-0.017557,4.25,0.014013,0.066338,0.088275
645,114.46077,1000.0,0.922866,0.914143,0.0,0.0,0.152535,59037.0,0.128252,1.142057,0.216089,0.451023,-0.036535,0.747362,6.50144,-0.02,-0.8,-0.01,-0.05,-0.2,-2.0,0.500007,-0.173614,-0.002516,0.0,-0.000176,-0.021506,-0.030803,-0.065392,0.782647,-0.098093,-0.113676,-0.019641,-0.043342,1.827761,0.009678,-0.051367,-0.003938,-0.022115,4.75,0.011419,0.066643,0.095406
646,115.789604,997.22998,0.905833,0.908632,0.041667,0.0,0.152612,60093.0,0.133985,1.174308,0.246403,0.49251,-0.039446,0.802932,6.484975,-0.02,-0.8,-0.01,-0.05,-0.2,-2.0,0.498076,-0.167313,-0.002645,-0.000556,-0.000188,-0.021927,-0.031784,-0.065106,0.799261,-0.101337,-0.119536,-0.01948,-0.047652,1.808405,0.008734,-0.052635,-0.00428,-0.02772,4.75,0.01209,0.064804,0.095447
647,115.31752,1000.0,0.912804,0.917075,0.0,0.0,0.152585,38054.0,0.128128,1.129751,0.223115,0.465176,-0.036831,0.772311,6.472157,-0.02,-0.8,-0.01,-0.05,-0.2,-2.0,0.500007,-0.176922,-0.002129,0.0,-0.000184,-0.021458,-0.029555,-0.063164,0.788646,-0.097978,-0.110448,-0.019591,-0.044706,1.82354,0.010048,-0.05178,-0.003902,-0.021481,4.25,0.011783,0.071907,0.084019
648,115.51857,1000.0,0.927298,0.911142,0.0,0.0,0.152277,67550.0,0.130863,1.150185,0.227754,0.458995,-0.036988,0.765392,6.51915,-0.02,-0.8,-0.01,-0.05,-0.2,-2.0,0.500007,-0.172218,-0.002162,0.0,-0.00018,-0.021733,-0.030252,-0.063663,0.804027,-0.101282,-0.115654,-0.019485,-0.043762,1.820114,0.009365,-0.051754,-0.003762,-0.018283,4.458333,0.012229,0.069537,0.092301
649,115.560432,1000.0,0.913962,0.912549,0.0,0.0,0.152073,63383.0,0.130031,1.154144,0.238283,0.473383,-0.037851,0.796757,6.46282,-0.02,-0.8,-0.01,-0.05,-0.2,-2.0,0.500007,-0.172482,-0.002113,0.0,-0.000183,-0.021609,-0.030154,-0.063941,0.805326,-0.097904,-0.111712,-0.018923,-0.045447,1.823539,0.009492,-0.051266,-0.00407,-0.0234,3.791667,0.011633,0.06021,0.086078
650,115.110649,1000.0,0.92923,0.916085,0.0,0.0,0.151985,63509.0,0.126351,1.134613,0.21529,0.449192,-0.035568,0.753159,6.494671,-0.02,-0.8,-0.01,-0.05,-0.2,-2.0,0.500007,-0.180241,-0.001788,0.0,-0.000175,-0.021427,-0.029634,-0.063417,0.793516,-0.098443,-0.1059,-0.019336,-0.041514,1.829381,0.008921,-0.051174,-0.003891,-0.019233,4.416667,0.01199,0.075951,0.078692
651,115.056992,1000.0,0.920437,0.914111,0.0,0.0,0.151898,69046.0,0.127347,1.185535,0.231326,0.469123,-0.037065,0.787847,6.485236,-0.02,-0.8,-0.01,-0.05,-0.2,-2.0,0.500007,-0.176493,-0.002439,0.0,-0.000182,-0.021387,-0.030188,-0.063939,0.801929,-0.098788,-0.109067,-0.019598,-0.043622,1.823266,0.008797,-0.051489,-0.004122,-0.014863,5.208333,0.013016,0.070059,0.074631
652,115.164177,997.690002,0.920473,0.917603,0.041667,0.0,0.151756,45256.0,0.128802,1.155549,0.221493,0.454282,-0.036884,0.760396,6.492118,-0.02,-0.8,-0.01,-0.05,-0.2,-2.0,0.49947,-0.173716,-0.001948,-0.000185,-0.000181,-0.021511,-0.030402,-0.064945,0.802319,-0.09804,-0.111247,-0.01909,-0.043611,1.818089,0.009025,-0.051141,-0.0039,-0.017965,4.5,0.011411,0.070417,0.083884
653,115.140526,1000.0,0.910616,0.916984,0.0,0.0,0.151502,67079.0,0.126999,1.153064,0.225308,0.464309,-0.037191,0.779709,6.456625,-0.02,-0.8,-0.01,-0.05,-0.2,-2.0,0.500007,-0.178912,-0.002101,0.0,-0.000183,-0.021361,-0.030341,-0.065119,0.799479,-0.098565,-0.109762,-0.019636,-0.044995,1.824916,0.009043,-0.051128,-0.004075,-0.02611,4.75,0.012254,0.071478,0.074048
654,114.971855,1000.0,0.924402,0.91184,0.0,0.0,0.151195,62481.0,0.126512,1.188919,0.216275,0.462934,-0.037221,0.758817,6.466675,-0.02,-0.8,-0.01,-0.05,-0.2,-2.0,0.500007,-0.18328,-0.002257,0.0,-0.000181,-0.02144,-0.030939,-0.065398,0.78847,-0.099938,-0.105306,-0.01988,-0.043716,1.824016,0.009084,-0.051962,-0.003783,-0.019668,4.666667,0.011614,0.071466,0.080904
655,114.883102,1000.0,0.929166,0.908649,0.0,0.0,0.150701,62745.0,0.128442,1.148412,0.222176,0.461107,-0.036745,0.767201,6.529597,-0.02,-0.8,-0.01,-0.05,-0.2,-2.0,0.500007,-0.178725,-0.00228,0.0,-0.000178,-0.02121,-0.030411,-0.063463,0.79267,-0.097885,-0.108751,-0.019344,-0.042801,1.827074,0.009504,-0.051212,-0.004374,-0.021648,5.291667,0.011951,0.062945,0.093231
656,115.213295,1000.0,0.921437,0.904724,0.0,0.0,0.150751,64265.0,0.13139,1.212526,0.231138,0.484044,-0.039071,0.784797,6.517365,-0.02,-0.8,-0.01,-0.05,-0.2,-2.0,0.500007,-0.173388,-0.0023,0.0,-0.000184,-0.021693,-0.03209,-0.065647,0.793854,-0.102279,-0.113538,-0.019945,-0.045756,1.819635,0.00895,-0.052376,-0.003897,-0.020041,4.333333,0.011722,0.069192,0.095339
657,114.990753,1000.0,0.924247,0.915437,0.0,0.0,0.15071,44877.0,0.129288,1.141557,0.226173,0.473569,-0.037434,0.770077,6.468627,-0.02,-0.8,-0.01,-0.05,-0.2,-2.0,0.500007,-0.174588,-0.002423,0.0,-0.00018,-0.021583,-0.030785,-0.063773,0.792517,-0.099573,-0.113228,-0.019697,-0.044825,1.82355,0.008863,-0.051883,-0.004401,-0.019157,4.0,0.013857,0.064754,0.096408
658,115.86969,1000.0,0.920127,0.911029,0.0,0.0,0.150787,68374.0,0.128662,1.139552,0.227101,0.45873,-0.036329,0.789999,6.494517,-0.02,-0.8,-0.01,-0.05,-0.2,-2.0,0.500007,-0.176762,-0.00201,0.0,-0.000179,-0.021255,-0.029766,-0.064178,0.804816,-0.097389,-0.110138,-0.019528,-0.04283,1.82157,0.009276,-0.050731,-0.003445,-0.017141,5.166667,0.01131,0.070429,0.088157
659,114.632553,1000.0,0.925373,0.909264,0.0,0.0,0.150928,64671.0,0.127014,1.149592,0.220159,0.461107,-0.036511,0.767802,6.488283,-0.02,-0.8,-0.01,-0.05,-0.2,-2.0,0.500007,-0.179111,-0.002373,0.0,-0.000181,-0.021332,-0.029964,-0.064,0.79297,-0.097624,-0.109494,-0.019758,-0.043458,1.827831,0.009406,-0.051528,-0.003257,-0.009846,4.875,0.011616,0.075516,0.092722
660,116.332031,1000.0,0.935183,0.917169,0.0,0.0,0.150634,63877.0,0.129808,1.166112,0.229107,0.482269,-0.038236,0.80553,6.542457,-0.02,-0.8,-0.01,-0.05,-0.2,-2.0,0.500007,-0.175713,-0.002538,0.0,-0.000188,-0.021546,-0.031673,-0.065549,0.802363,-0.100248,-0.113995,-0.020765,-0.045181,1.824301,0.008394,-0.052132,-0.003948,-0.016437,4.208333,0.010985,0.051932,0.077107
661,116.088806,1000.0,0.932876,0.918416,0.0,0.0,0.150234,63219.0,0.129314,1.184654,0.231022,0.48816,-0.038357,0.81923,6.508092,-0.02,-0.8,-0.01,-0.05,-0.2,-2.0,0.500007,-0.183128,-0.002104,0.0,-0.000192,-0.021213,-0.030944,-0.065414,0.80421,-0.100327,-0.110612,-0.020508,-0.046132,1.820461,0.008556,-0.051985,-0.004111,-0.020567,4.291667,0.010683,0.060743,0.082605
662,115.878006,1000.0,0.919231,0.912519,0.0,0.0,0.149956,42541.0,0.133494,1.199331,0.235105,0.50197,-0.039889,0.81213,6.578713,-0.02,-0.8,-0.01,-0.05,-0.2,-2.0,0.500007,-0.176622,-0.002288,0.0,-0.000194,-0.021578,-0.033241,-0.067964,0.794628,-0.102746,-0.116813,-0.020784,-0.047567,1.807502,0.008018,-0.053172,-0.003863,-0.01653,4.458333,0.01188,0.059051,0.088368
663,115.044037,1000.0,0.923869,0.900249,0.0,0.0,0.149837,67061.0,0.129695,1.13187,0.227867,0.476847,-0.037596,0.778182,6.501651,-0.02,-0.8,-0.01,-0.05,-0.2,-2.0,0.500007,-0.172998,-0.002495,0.0,-0.000181,-0.021434,-0.03053,-0.06396,0.787531,-0.098696,-0.112269,-0.019253,-0.045082,1.821899,0.009367,-0.051581,-0.00421,-0.018203,4.333333,0.012758,0.0631,0.104091
664,116.15522,1000.0,0.918189,0.919736,0.0,0.0,0.150097,69412.0,0.128719,1.127324,0.231397,0.472368,-0.037305,0.786968,6.513907,-0.02,-0.8,-0.01,-0.05,-0.2,-2.0,0.500007,-0.1725,-0.002289,0.0,-0.00018,-0.021223,-0.030545,-0.064097,0.804784,-0.097232,-0.110036,-0.018611,-0.043594,1.821787,0.009152,-0.051107,-0.003578,-0.013556,3.875,0.010674,0.064577,0.078458
665,115.911652,1000.0,0.928084,0.911939,0.0,0.0,0.149965,65442.0,0.127772,1.137033,0.232565,0.465335,-0.036889,0.762353,6.49698,-0.02,-0.8,-0.01,-0.05,-0.2,-2.0,0.500007,-0.167261,-0.002084,0.0,-0.000174,-0.021251,-0.029061,-0.061765,0.796047,-0.097881,-0.110694,-0.017562,-0.043358,1.826342,0.009736,-0.050375,-0.004189,-0.019088,4.458333,0.012483,0.057459,0.091084
666,116.425529,1000.0,0.928347,0.904534,0.0,0.0,0.149995,64145.0,0.129749,1.139603,0.234766,0.487518,-0.039317,0.798841,6.481524,-0.02,-0.8,-0.01,-0.05,-0.2,-2.0,0.500007,-0.174375,-0.002296,0.0,-0.000184,-0.021404,-0.031118,-0.062751,0.799138,-0.099168,-0.111746,-0.018775,-0.046014,1.821693,0.009738,-0.05204,-0.004331,-0.019205,4.521739,0.010465,0.062471,0.085692
667,116.085129,1000.0,0.934111,0.913962,0.0,0.0,0.149808,62509.0,0.127218,1.164087,0.232565,0.478434,-0.037705,0.782649,6.510324,-0.02,-0.8,-0.01,-0.05,-0.2,-2.0,0.500007,-0.172304,-0.002163,0.0,-0.000176,-0.021097,-0.030377,-0.062346,0.797716,-0.097055,-0.109237,-0.018662,-0.043033,1.828627,0.009356,-0.051061,-0.004467,-0.015088,5.5,0.012959,0.063994,0.071683
668,115.907082,1000.0,0.922188,0.910419,0.0,0.0,0.14948,42858.0,0.128738,1.153806,0.225767,0.477066,-0.037841,0.777146,6.477762,-0.02,-0.8,-0.01,-0.05,-0.2,-2.0,0.500007,-0.17715,-0.002427,0.0,-0.00018,-0.021263,-0.031037,-0.064134,0.790208,-0.098359,-0.111728,-0.019555,-0.044207,1.822777,0.009394,-0.051571,-0.004428,-0.022176,8.916667,0.01172,0.069052,0.087579
669,115.843788,1000.0,0.930674,0.912936,0.0,0.0,0.149658,68895.0,0.129353,1.159331,0.232735,0.480843,-0.038262,0.792616,6.465889,-0.02,-0.8,-0.01,-0.05,-0.2,-2.0,0.500007,-0.175988,-0.00261,0.0,-0.000184,-0.021046,-0.030548,-0.063381,0.802182,-0.096374,-0.109977,-0.019333,-0.044855,1.821611,0.009407,-0.051129,-0.004591,-0.02261,7.708333,0.011291,0.071695,0.092339
670,114.54245,1000.0,0.92668,0.912495,0.0,0.0,0.14963,69375.0,0.127085,1.144519,0.225331,0.464413,-0.036868,0.764421,6.504669,-0.02,-0.8,-0.01,-0.05,-0.2,-2.0,0.500007,-0.176258,-0.002488,0.0,-0.000175,-0.021035,-0.030083,-0.063221,0.797639,-0.095334,-0.106218,-0.019328,-0.042978,1.822615,0.009649,-0.050656,-0.004666,-0.024048,7.458333,0.010423,0.069022,0.084603
671,115.732613,1000.0,0.916414,0.916579,0.0,0.0,0.14944,63405.0,0.12635,1.105628,0.222804,0.45494,-0.035214,0.766886,6.458399,-0.02,-0.8,-0.01,-0.05,-0.2,-2.0,0.500007,-0.178724,-0.001682,0.0,-0.000171,-0.020821,-0.029453,-0.063163,0.801001,-0.094558,-0.102968,-0.018667,-0.040966,1.827903,0.009835,-0.049583,-0.004341,-0.018883,6.833333,0.012896,0.062927,0.083516
672,115.468231,1000.0,0.925326,0.912799,0.0,0.0,0.14934,62455.0,0.128103,1.141963,0.224909,0.466904,-0.036885,0.776947,6.467854,-0.02,-0.8,-0.01,-0.05,-0.2,-2.0,0.500007,-0.175898,-0.002097,0.0,-0.000177,-0.021116,-0.030269,-0.063513,0.795415,-0.097168,-0.109924,-0.019322,-0.043715,1.824619,0.009411,-0.050852,-0.004208,-0.017812,6.375,0.011863,0.067266,0.088581
673,116.269264,1000.0,0.92467,0.911594,0.0,0.0,0.14901,39818.0,0.128113,1.10997,0.226044,0.468465,-0.036969,0.763021,6.462871,-0.02,-0.8,-0.01,-0.05,-0.2,-2.0,0.500007,-0.174225,-0.002376,0.0,-0.000179,-0.021039,-0.030927,-0.064191,0.794774,-0.09681,-0.110252,-0.018826,-0.04424,1.82701,0.009808,-0.050734,-0.004199,-0.01836,6.333333,0.011937,0.065188,0.089652
674,115.011002,1000.0,0.908499,0.912477,0.0,0.0,0.148822,64113.0,0.130112,1.162577,0.233292,0.487444,-0.0388,0.781404,6.444768,-0.02,-0.8,-0.01,-0.05,-0.2,-2.0,0.500007,-0.172167,-0.002675,0.0,-0.00018,-0.021156,-0.031304,-0.064937,0.787015,-0.097149,-0.114788,-0.019632,-0.045728,1.819376,0.009094,-0.051433,-0.004475,-0.01832,5.958333,0.010514,0.063808,0.087443
675,115.608376,1000.0,0.927884,0.914506,0.0,0.0,0.148469,69747.0,0.129271,1.148407,0.235578,0.480791,-0.038368,0.782735,6.469686,-0.02,-0.8,-0.01,-0.05,-0.2,-2.0,0.500007,-0.169042,-0.002217,0.0,-0.00018,-0.021134,-0.030728,-0.06289,0.797377,-0.097127,-0.11256,-0.01871,-0.045263,1.818337,0.009384,-0.050812,-0.003655,-0.015749,5.875,0.011966,0.066032,0.079821
676,116.266037,1000.0,0.925784,0.904576,0.0,0.0,0.148245,63968.0,0.132072,1.204189,0.242078,0.502854,-0.039788,0.819641,6.469735,-0.02,-0.8,-0.01,-0.05,-0.2,-2.0,0.500007,-0.17501,-0.002253,0.0,-0.000188,-0.021068,-0.031623,-0.065127,0.797653,-0.097889,-0.112329,-0.019359,-0.047392,1.809119,0.008743,-0.051723,-0.004286,-0.020071,4.869565,0.011983,0.075382,0.093444
677,114.952011,996.5,0.920246,0.910798,0.041667,0.0,0.148036,65918.0,0.126408,1.108552,0.224077,0.452584,-0.035282,0.757895,6.478858,-0.02,-0.8,-0.01,-0.05,-0.2,-2.0,0.498179,-0.171353,-0.002101,-0.000417,-0.000171,-0.020723,-0.028659,-0.062143,0.795915,-0.093236,-0.107951,-0.017962,-0.041883,1.825024,0.010212,-0.049197,-0.00413,-0.014016,5.625,0.01221,0.069152,0.088368
678,116.071472,1000.0,0.925881,0.9066,0.0,0.0,0.148132,69419.0,0.130602,1.174649,0.242255,0.493718,-0.038599,0.811845,6.470239,-0.02,-0.8,-0.01,-0.05,-0.2,-2.0,0.500007,-0.169927,-0.002079,0.0,-0.000183,-0.020966,-0.030375,-0.06325,0.798274,-0.09517,-0.110726,-0.018385,-0.044829,1.817326,0.009084,-0.051096,-0.004554,-0.021712,4.083333,0.011428,0.070372,0.096129
679,115.174454,1000.0,0.908463,0.903063,0.0,0.0,0.14824,43655.0,0.131752,1.162908,0.238713,0.488882,-0.038209,0.798828,6.470363,-0.02,-0.8,-0.01,-0.05,-0.2,-2.0,0.500007,-0.168775,-0.001969,0.0,-0.000182,-0.02122,-0.031214,-0.06424,0.793626,-0.098984,-0.11276,-0.018587,-0.045827,1.82016,0.009322,-0.051033,-0.004525,-0.02355,5.041667,0.011708,0.06518,0.089812
680,115.425148,1000.0,0.91977,0.913728,0.0,0.0,0.147979,66411.0,0.129538,1.177195,0.232173,0.473136,-0.037525,0.76716,6.435303,-0.02,-0.8,-0.01,-0.05,-0.2,-2.0,0.500007,-0.172175,-0.002228,0.0,-0.000178,-0.020937,-0.03089,-0.063693,0.798269,-0.09648,-0.112353,-0.018632,-0.044361,1.821303,0.009351,-0.050505,-0.004265,-0.015891,4.666667,0.011879,0.059785,0.076582
681,116.757126,1000.0,0.920834,0.91368,0.0,0.0,0.14828,66732.0,0.128506,1.166116,0.235475,0.494493,-0.038848,0.817046,6.419317,-0.02,-0.8,-0.01,-0.05,-0.2,-2.0,0.500007,-0.181336,-0.00232,0.0,-0.000183,-0.020778,-0.031836,-0.064875,0.799552,-0.096723,-0.108436,-0.020038,-0.044164,1.819759,0.00919,-0.051203,-0.004406,-0.020141,4.583333,0.01076,0.067993,0.079932
682,115.439919,1000.0,0.920834,0.908216,0.0,0.0,0.148632,66210.0,0.128682,1.147655,0.234345,0.47772,-0.03711,0.791049,6.460851,-0.02,-0.8,-0.01,-0.05,-0.2,-2.0,0.500007,-0.172321,-0.00261,0.0,-0.000176,-0.02083,-0.030127,-0.062638,0.797832,-0.096699,-0.110695,-0.018824,-0.043924,1.822757,0.009377,-0.050347,-0.004272,-0.014994,4.083333,0.012095,0.071199,0.082028
683,115.989532,1000.0,0.922786,0.909255,0.0,0.0,0.14884,67330.0,0.13177,1.151519,0.237611,0.499947,-0.039124,0.813051,6.470899,-0.02,-0.8,-0.01,-0.05,-0.2,-2.0,0.500007,-0.17829,-0.002419,0.0,-0.000183,-0.020896,-0.03194,-0.064614,0.796607,-0.096333,-0.110097,-0.019625,-0.045282,1.809573,0.009544,-0.051501,-0.004737,-0.019958,4.875,0.013653,0.07442,0.092251
684,116.020164,1000.0,0.912481,0.912842,0.0,0.0,0.149114,44140.0,0.130349,1.162744,0.237746,0.486326,-0.038502,0.796534,6.484189,-0.02,-0.8,-0.01,-0.05,-0.2,-2.0,0.500007,-0.170254,-0.002291,0.0,-0.000183,-0.021097,-0.031597,-0.064773,0.801325,-0.097522,-0.11625,-0.018819,-0.045835,1.821213,0.0093,-0.05072,-0.00431,-0.011347,3.416667,0.012184,0.064645,0.082588
685,114.701324,1000.0,0.925114,0.913325,0.0,0.0,0.149337,67403.0,0.127977,1.118653,0.219677,0.466792,-0.03733,0.776965,6.445792,-0.02,-0.8,-0.01,-0.05,-0.2,-2.0,0.500007,-0.17945,-0.002693,0.0,-0.00018,-0.020868,-0.03071,-0.063829,0.794137,-0.094738,-0.109432,-0.020172,-0.044315,1.82333,0.010245,-0.050773,-0.00425,-0.012546,5.0,0.011179,0.062673,0.07573
686,116.124481,1000.0,0.91061,0.907687,0.0,0.0,0.148957,62315.0,0.129075,1.193838,0.233822,0.497141,-0.039995,0.800026,6.45388,-0.02,-0.8,-0.01,-0.05,-0.2,-2.0,0.500007,-0.178471,-0.002336,0.0,-0.000189,-0.021112,-0.032962,-0.066063,0.796691,-0.097155,-0.109526,-0.021566,-0.047413,1.820937,0.008835,-0.0523,-0.003777,-0.017042,3.583333,0.012059,0.06672,0.084616
687,116.929764,1000.0,0.926372,0.916651,0.0,0.0,0.149078,64142.0,0.130965,1.191483,0.240456,0.492734,-0.038746,0.82069,6.464031,-0.02,-0.8,-0.01,-0.05,-0.2,-2.0,0.500007,-0.17138,-0.002699,0.0,-0.000188,-0.021023,-0.031292,-0.064059,0.811275,-0.096198,-0.113486,-0.019535,-0.04689,1.823098,0.008829,-0.051096,-0.004368,-0.024425,5.041667,0.012363,0.070787,0.093983
688,115.609215,1000.0,0.911516,0.914005,0.0,0.0,0.149113,64319.0,0.127908,1.138329,0.219495,0.45676,-0.035514,0.752664,6.444152,-0.02,-0.8,-0.01,-0.05,-0.2,-2.0,0.500007,-0.176594,-0.002467,0.0,-0.000171,-0.020553,-0.029545,-0.063502,0.789896,-0.093233,-0.108694,-0.018799,-0.041981,1.823756,0.009641,-0.049507,-0.003385,-0.009713,4.458333,0.012392,0.067456,0.081283
689,116.411201,1000.0,0.926697,0.918989,0.0,0.0,0.149117,71510.0,0.128013,1.157707,0.236892,0.49383,-0.038609,0.801745,6.438146,-0.02,-0.8,-0.01,-0.05,-0.2,-2.0,0.500007,-0.178641,-0.002109,0.0,-0.00018,-0.020639,-0.031236,-0.063304,0.795893,-0.094463,-0.107642,-0.018637,-0.04453,1.831048,0.009615,-0.05099,-0.004985,-0.01955,4.416667,0.012981,0.062318,0.086521
690,114.683548,1000.0,0.929531,0.91296,0.0,0.0,0.149267,44952.0,0.125295,1.124308,0.219331,0.461185,-0.036987,0.749949,6.414667,-0.02,-0.8,-0.01,-0.05,-0.2,-2.0,0.500007,-0.175951,-0.002625,0.0,-0.000171,-0.020638,-0.030501,-0.063933,0.792395,-0.092333,-0.108479,-0.018741,-0.042688,1.828748,0.010612,-0.05014,-0.00415,-0.017739,4.25,0.010584,0.07126,0.089463
691,114.363258,1000.0,0.912624,0.909008,0.0,0.0,0.149012,71084.0,0.130005,1.145789,0.224486,0.466336,-0.037631,0.751938,6.409605,-0.02,-0.8,-0.01,-0.05,-0.2,-2.0,0.500007,-0.169672,-0.002553,0.0,-0.000172,-0.020909,-0.031547,-0.064743,0.798368,-0.096545,-0.113679,-0.019535,-0.044259,1.824905,0.009384,-0.050534,-0.005082,-0.018734,3.708333,0.010724,0.067675,0.090715
692,114.291183,1000.0,0.926804,0.910167,0.0,0.0,0.148948,70753.0,0.126382,1.117021,0.223821,0.455328,-0.035262,0.751792,6.425537,-0.02,-0.8,-0.01,-0.05,-0.2,-2.0,0.500007,-0.173761,-0.00168,0.0,-0.000169,-0.0204,-0.028708,-0.061379,0.801261,-0.092703,-0.106328,-0.018637,-0.041684,1.831625,0.010141,-0.048889,-0.004144,-0.019121,5.125,0.011926,0.070163,0.087833
693,115.636459,1000.0,0.928043,0.909936,0.0,0.0,0.148843,71334.0,0.126136,1.137044,0.225636,0.465942,-0.036861,0.771024,6.402106,-0.02,-0.8,-0.01,-0.05,-0.2,-2.0,0.500007,-0.174666,-0.002213,0.0,-0.000171,-0.020542,-0.030241,-0.062857,0.799545,-0.092333,-0.108447,-0.01845,-0.042168,1.832557,0.009881,-0.049904,-0.004292,-0.015759,4.916667,0.010604,0.062548,0.078847
694,115.553604,1000.0,0.913362,0.906773,0.0,0.0,0.148785,70728.0,0.131554,1.150143,0.239029,0.483271,-0.038551,0.785285,6.390541,-0.02,-0.8,-0.01,-0.05,-0.2,-2.0,0.500007,-0.170364,-0.002552,0.0,-0.00018,-0.020756,-0.031403,-0.062804,0.799708,-0.095391,-0.113314,-0.018011,-0.045648,1.813696,0.009889,-0.050407,-0.004862,-0.024074,4.791667,0.011681,0.067025,0.085847
695,115.829254,1000.0,0.922093,0.921662,0.0,0.0,0.147975,44796.0,0.131194,1.168741,0.235595,0.485231,-0.038608,0.788194,6.389865,-0.02,-0.8,-0.01,-0.05,-0.2,-2.0,0.500007,-0.172108,-0.002781,0.0,-0.000178,-0.020807,-0.03107,-0.063466,0.802149,-0.094771,-0.111596,-0.019084,-0.045242,1.813343,0.009868,-0.050832,-0.004993,-0.023827,4.166667,0.012932,0.06382,0.086396
696,115.202667,1000.0,0.912647,0.912943,0.0,0.0,0.147945,70806.0,0.130818,1.151127,0.239273,0.492792,-0.038745,0.782526,6.437793,-0.02,-0.8,-0.01,-0.05,-0.2,-2.0,0.500007,-0.168409,-0.002379,0.0,-0.000178,-0.020792,-0.031332,-0.063827,0.79109,-0.093729,-0.112629,-0.019024,-0.045752,1.821439,0.009459,-0.050778,-0.003989,-0.025069,5.166667,0.012326,0.059187,0.085943
697,115.219513,1000.0,0.918325,0.909703,0.0,0.0,0.148146,69898.0,0.12873,1.117929,0.227978,0.468168,-0.037248,0.766546,6.430187,-0.02,-0.8,-0.01,-0.05,-0.2,-2.0,0.500007,-0.170721,-0.002247,0.0,-0.000174,-0.020605,-0.030167,-0.062779,0.800392,-0.091775,-0.111877,-0.01802,-0.043666,1.820451,0.010208,-0.049749,-0.004317,-0.020398,5.333333,0.013159,0.061044,0.096807
698,115.594032,1000.0,0.918451,0.908349,0.0,0.0,0.147802,71054.0,0.128109,1.158922,0.231573,0.486316,-0.038211,0.791123,6.42682,-0.02,-0.8,-0.01,-0.05,-0.2,-2.0,0.500007,-0.17965,-0.002308,0.0,-0.00018,-0.020324,-0.030857,-0.064618,0.803657,-0.090081,-0.103732,-0.018586,-0.044756,1.822614,0.00988,-0.050362,-0.004528,-0.019473,3.583333,0.012853,0.07002,0.084167
699,115.368668,1000.0,0.929813,0.914427,0.0,0.0,0.147581,68431.0,0.129532,1.137438,0.236329,0.47904,-0.038113,0.7711,6.433328,-0.02,-0.8,-0.01,-0.05,-0.2,-2.0,0.500007,-0.16935,-0.002233,0.0,-0.000175,-0.020518,-0.030492,-0.062451,0.80342,-0.091971,-0.110348,-0.018182,-0.043875,1.821516,0.009893,-0.050102,-0.005175,-0.019064,4.833333,0.010185,0.074617,0.083644
700,116.080299,1000.0,0.922113,0.897522,0.0,0.0,0.147559,65682.0,0.129447,1.114234,0.236018,0.484929,-0.037582,0.776044,6.451066,-0.02,-0.8,-0.01,-0.05,-0.2,-2.0,0.500007,-0.16853,-0.002506,0.0,-0.00017,-0.020426,-0.029791,-0.061942,0.797587,-0.09247,-0.110474,-0.017817,-0.042756,1.824022,0.009989,-0.050096,-0.006113,-0.026871,4.958333,0.011772,0.060475,0.096771
701,115.038246,1000.0,0.920326,0.914403,0.0,0.0,0.146954,38697.0,0.128814,1.120398,0.229404,0.468699,-0.036962,0.774556,6.414532,-0.02,-0.8,-0.01,-0.05,-0.2,-2.0,0.500007,-0.174289,-0.001943,0.0,-0.000178,-0.02054,-0.030031,-0.063457,0.802195,-0.091705,-0.109822,-0.018145,-0.044292,1.825008,0.010252,-0.049917,-0.004095,-0.024722,4.791667,0.010998,0.062483,0.081226
702,115.266594,1000.0,0.925777,0.907216,0.0,0.0,0.146826,64015.0,0.127024,1.138026,0.224304,0.469544,-0.037294,0.78352,6.438451,-0.02,-0.8,-0.01,-0.05,-0.2,-2.0,0.500007,-0.181105,-0.001839,0.0,-0.000178,-0.020207,-0.029711,-0.06367,0.800358,-0.090292,-0.104128,-0.019499,-0.043582,1.822891,0.009858,-0.049799,-0.003783,-0.018202,4.083333,0.011418,0.066525,0.102332
703,116.709831,1000.0,0.918762,0.903188,0.0,0.0,0.146784,64176.0,0.129433,1.157577,0.241174,0.49698,-0.038846,0.808405,6.401936,-0.02,-0.8,-0.01,-0.05,-0.2,-2.0,0.500007,-0.171046,-0.002208,0.0,-0.000181,-0.020633,-0.031239,-0.063398,0.8045,-0.092926,-0.109459,-0.018223,-0.045484,1.817832,0.009663,-0.050714,-0.004731,-0.024092,4.541667,0.012948,0.071773,0.080819
704,114.995506,1000.0,0.912797,0.913972,0.0,0.0,0.146951,67393.0,0.126487,1.101787,0.219138,0.451269,-0.034754,0.744653,6.429447,-0.02,-0.8,-0.01,-0.05,-0.2,-2.0,0.500007,-0.172174,-0.001614,0.0,-0.000165,-0.020541,-0.02901,-0.062437,0.793231,-0.090948,-0.108143,-0.018775,-0.040515,1.830728,0.010749,-0.04915,-0.004319,-0.016968,4.375,0.012885,0.066258,0.076572
705,116.402412,1000.0,0.918612,0.906026,0.0,0.0,0.146956,63750.0,0.131505,1.13446,0.239688,0.492919,-0.038371,0.817389,6.435404,-0.02,-0.8,-0.01,-0.05,-0.2,-2.0,0.500007,-0.174589,-0.002287,0.0,-0.000185,-0.020874,-0.032139,-0.064733,0.803793,-0.09241,-0.112393,-0.018628,-0.045806,1.811129,0.00989,-0.050887,-0.005088,-0.024284,4.125,0.011814,0.065648,0.101338
706,117.01265,1000.0,0.911729,0.914562,0.0,0.0,0.147179,42861.0,0.129764,1.179119,0.240339,0.492083,-0.038544,0.808633,6.422424,-0.02,-0.8,-0.01,-0.05,-0.2,-2.0,0.500007,-0.170423,-0.001998,0.0,-0.00018,-0.020646,-0.031343,-0.064254,0.804006,-0.091946,-0.111417,-0.018438,-0.045189,1.820897,0.010014,-0.050495,-0.004097,-0.017,3.75,0.011121,0.06781,0.093719
707,115.482216,1000.0,0.924661,0.908382,0.0,0.0,0.147368,67474.0,0.127542,1.13543,0.21885,0.456311,-0.035904,0.76178,6.466468,-0.02,-0.8,-0.01,-0.05,-0.2,-2.0,0.500007,-0.174446,-0.00235,0.0,-0.000172,-0.020395,-0.029893,-0.06341,0.798482,-0.091166,-0.109012,-0.018584,-0.042181,1.828122,0.009899,-0.049478,-0.004154,-0.019594,4.956522,0.011225,0.071855,0.083906
708,115.564011,1000.0,0.914651,0.902645,0.0,0.0,0.147089,67261.0,0.130417,1.154516,0.227569,0.476869,-0.037801,0.777299,6.40804,-0.02,-0.8,-0.01,-0.05,-0.2,-2.0,0.500007,-0.176142,-0.002268,0.0,-0.000178,-0.020594,-0.031541,-0.063595,0.787123,-0.093131,-0.112965,-0.019453,-0.043998,1.81426,0.009574,-0.050849,-0.004384,-0.022589,4.375,0.010811,0.074971,0.093255
709,116.244095,1000.0,0.921753,0.913955,0.0,0.0,0.146689,67539.0,0.129919,1.155995,0.236461,0.47999,-0.038195,0.784189,6.358432,-0.02,-0.8,-0.01,-0.05,-0.2,-2.0,0.500007,-0.168538,-0.002127,0.0,-0.000177,-0.020576,-0.030547,-0.063146,0.805782,-0.091612,-0.11162,-0.017967,-0.045157,1.820046,0.009552,-0.05009,-0.004315,-0.016698,6.666667,0.011231,0.064323,0.082736
710,116.262596,1000.0,0.918224,0.910605,0.0,0.0,0.146628,59837.0,0.130998,1.175658,0.239807,0.498032,-0.039802,0.794008,6.3675,-0.02,-0.8,-0.01,-0.05,-0.2,-2.0,0.500007,-0.167145,-0.00241,0.0,-0.000185,-0.020815,-0.031898,-0.065087,0.80152,-0.092331,-0.114198,-0.018717,-0.047587,1.818514,0.009522,-0.051149,-0.004767,-0.020672,8.916667,0.012191,0.061311,0.087755
711,116.976646,1000.0,0.92565,0.915866,0.0,0.0,0.146456,69208.0,0.127369,1.156874,0.223954,0.478559,-0.038165,0.786453,6.374437,-0.02,-0.8,-0.01,-0.05,-0.2,-2.0,0.500007,-0.178036,-0.001976,0.0,-0.000181,-0.020392,-0.031292,-0.065295,0.799958,-0.090793,-0.108674,-0.020085,-0.045072,1.824145,0.009898,-0.050612,-0.003657,-0.012232,7.333333,0.010808,0.060919,0.082625
712,115.732498,1000.0,0.923347,0.907676,0.0,0.0,0.146224,44176.0,0.126763,1.11969,0.228019,0.475858,-0.036956,0.789387,6.372617,-0.02,-0.8,-0.01,-0.05,-0.2,-2.0,0.500007,-0.177328,-0.001713,0.0,-0.000178,-0.02026,-0.030314,-0.064118,0.797351,-0.090176,-0.107155,-0.018949,-0.0433,1.824807,0.009897,-0.049884,-0.004441,-0.019169,6.916667,0.01121,0.070431,0.093025
713,115.911423,1000.0,0.908812,0.911696,0.0,0.0,0.146126,69839.0,0.12852,1.14761,0.231002,0.482724,-0.037655,0.790635,6.396388,-0.02,-0.8,-0.01,-0.05,-0.2,-2.0,0.500007,-0.172506,-0.001703,0.0,-0.000175,-0.020433,-0.030855,-0.064204,0.802109,-0.0889,-0.108854,-0.018643,-0.04414,1.822545,0.010129,-0.05024,-0.004396,-0.014601,7.166667,0.012779,0.068198,0.092324
714,115.419746,1000.0,0.919452,0.918726,0.0,0.0,0.145666,69395.0,0.127964,1.144866,0.223725,0.476395,-0.037474,0.791828,6.420923,-0.02,-0.8,-0.01,-0.05,-0.2,-2.0,0.500007,-0.177683,-0.001861,0.0,-0.000183,-0.020236,-0.030368,-0.064609,0.802011,-0.090754,-0.105981,-0.020488,-0.045144,1.818293,0.010112,-0.050075,-0.004727,-0.023612,6.125,0.011772,0.059909,0.085453
715,117.011536,1000.0,0.92703,0.917979,0.0,0.0,0.145501,69296.0,0.128951,1.163572,0.237693,0.479696,-0.037352,0.801683,6.422455,-0.02,-0.8,-0.01,-0.05,-0.2,-2.0,0.500007,-0.171657,-0.002015,0.0,-0.000177,-0.020389,-0.030423,-0.062669,0.813096,-0.090744,-0.110017,-0.018357,-0.043437,1.823772,0.009805,-0.049751,-0.004336,-0.014218,6.416667,0.011723,0.065457,0.099608
716,115.857292,1000.0,0.917743,0.905965,0.0,0.0,0.145389,69571.0,0.126341,1.10871,0.235132,0.478889,-0.037254,0.791631,6.404415,-0.02,-0.8,-0.01,-0.05,-0.2,-2.0,0.500007,-0.173946,-0.001872,0.0,-0.000175,-0.020106,-0.029729,-0.062791,0.792309,-0.087737,-0.102922,-0.017321,-0.043725,1.828233,0.010971,-0.049266,-0.004297,-0.026048,5.958333,0.013164,0.073912,0.11119
717,115.588921,1000.0,0.923383,0.908741,0.0,0.0,0.145483,43207.0,0.124388,1.118796,0.223065,0.457204,-0.035527,0.760952,6.419204,-0.02,-0.8,-0.01,-0.05,-0.2,-2.0,0.500007,-0.173881,-0.00161,0.0,-0.00017,-0.020178,-0.028812,-0.061934,0.797314,-0.086794,-0.103323,-0.017502,-0.041891,1.833186,0.01067,-0.048862,-0.00423,-0.015589,5.458333,0.010287,0.068534,0.101657
718,115.844803,1000.0,0.923217,0.913362,0.0,0.0,0.145703,71285.0,0.128566,1.167856,0.226475,0.48584,-0.039433,0.785754,6.403515,-0.02,-0.8,-0.01,-0.05,-0.2,-2.0,0.500007,-0.17867,-0.002611,0.0,-0.000185,-0.020332,-0.032402,-0.06584,0.80113,-0.090954,-0.106761,-0.019899,-0.046696,1.821889,0.010113,-0.050833,-0.004615,-0.02034,5.521739,0.01249,0.06875,0.081539
719,116.526794,1000.0,0.916899,0.916976,0.0,0.0,0.145584,68481.0,0.129179,1.091048,0.233599,0.466877,-0.036506,0.779745,6.370538,-0.02,-0.8,-0.01,-0.05,-0.2,-2.0,0.500007,-0.168003,-0.001858,0.0,-0.000174,-0.020406,-0.029825,-0.062572,0.804931,-0.089468,-0.11036,-0.017967,-0.043777,1.825195,0.010613,-0.048944,-0.004595,-0.017372,4.75,0.011737,0.071489,0.084332
720,116.464684,1000.0,0.90882,0.913995,0.0,0.0,0.145689,68449.0,0.130243,1.108162,0.233205,0.472414,-0.036963,0.767939,6.369968,-0.02,-0.8,-0.01,-0.05,-0.2,-2.0,0.500007,-0.166262,-0.001754,0.0,-0.000175,-0.020436,-0.029762,-0.063723,0.794444,-0.08917,-0.113104,-0.017522,-0.044463,1.822874,0.01028,-0.04976,-0.003778,-0.018822,4.5,0.012991,0.071459,0.098821
721,115.322029,1000.0,0.921755,0.904316,0.0,0.0,0.145755,70219.0,0.130675,1.142991,0.231952,0.479084,-0.038647,0.784001,6.364824,-0.02,-0.8,-0.01,-0.05,-0.2,-2.0,0.500007,-0.169939,-0.002862,0.0,-0.000182,-0.020406,-0.030914,-0.063778,0.802637,-0.090095,-0.11477,-0.018676,-0.046252,1.816802,0.009719,-0.050298,-0.004787,-0.021512,4.958333,0.011387,0.074846,0.089627
722,116.006676,1000.0,0.913101,0.912779,0.0,0.0,0.1463,69572.0,0.125622,1.128446,0.22619,0.468246,-0.036162,0.765957,6.360213,-0.02,-0.8,-0.01,-0.05,-0.2,-2.0,0.500007,-0.172288,-0.001841,0.0,-0.000169,-0.020056,-0.029143,-0.062979,0.798598,-0.088936,-0.104109,-0.017637,-0.042466,1.832945,0.010581,-0.048657,-0.003554,-0.013997,4.416667,0.011575,0.062981,0.092362
723,115.883636,1000.0,0.913596,0.912527,0.0,0.0,0.146216,43786.0,0.127956,1.165648,0.225381,0.473578,-0.037708,0.774277,6.392501,-0.02,-0.8,-0.01,-0.05,-0.2,-2.0,0.500007,-0.171781,-0.002181,0.0,-0.000174,-0.020412,-0.030469,-0.065001,0.798827,-0.09089,-0.110281,-0.01897,-0.044483,1.824145,0.009721,-0.049776,-0.00417,-0.016572,4.25,0.013302,0.060353,0.095579
724,116.144264,1000.0,0.926876,0.914587,0.0,0.0,0.146154,69219.0,0.125766,1.108997,0.227365,0.465693,-0.035989,0.794961,6.36598,-0.02,-0.8,-0.01,-0.05,-0.2,-2.0,0.500007,-0.173753,-0.001689,0.0,-0.000172,-0.01994,-0.029701,-0.062289,0.812349,-0.087163,-0.106078,-0.017689,-0.041723,1.825962,0.011222,-0.048519,-0.004048,-0.017802,4.625,0.011483,0.065387,0.082115
725,117.378014,1000.0,0.913779,0.908302,0.0,0.0,0.146235,70202.0,0.128826,1.170671,0.236144,0.496433,-0.039231,0.807064,6.358476,-0.02,-0.8,-0.01,-0.05,-0.2,-2.0,0.500007,-0.174342,-0.002031,0.0,-0.000184,-0.020243,-0.030801,-0.064867,0.802121,-0.088511,-0.110006,-0.018146,-0.046204,1.822824,0.009335,-0.050432,-0.004342,-0.022121,4.125,0.012132,0.073325,0.081287
726,114.903122,1000.0,0.910916,0.907297,0.0,0.0,0.146299,71237.0,0.126629,1.133666,0.226956,0.471685,-0.037282,0.758161,6.351299,-0.02,-0.8,-0.01,-0.05,-0.2,-2.0,0.500007,-0.172247,-0.002031,0.0,-0.000175,-0.020308,-0.03012,-0.063918,0.79642,-0.090086,-0.10848,-0.018154,-0.044486,1.830431,0.010281,-0.049661,-0.004455,-0.024568,4.304348,0.013852,0.069754,0.08785
727,116.434921,1000.0,0.91468,0.905175,0.0,0.0,0.146595,69032.0,0.130543,1.190388,0.243146,0.500383,-0.039621,0.794759,6.335651,-0.02,-0.8,-0.01,-0.05,-0.2,-2.0,0.500007,-0.166994,-0.002335,0.0,-0.000185,-0.02051,-0.031079,-0.063574,0.800178,-0.092011,-0.113437,-0.01778,-0.047408,1.816335,0.009769,-0.050858,-0.003843,-0.029333,4.416667,0.01103,0.064179,0.090706
728,115.998383,1000.0,0.92282,0.915262,0.0,0.0,0.146209,69815.0,0.126259,1.141747,0.230791,0.47127,-0.036805,0.775672,6.352818,-0.02,-0.8,-0.01,-0.05,-0.2,-2.0,0.500007,-0.173013,-0.001854,0.0,-0.000171,-0.020083,-0.029478,-0.061849,0.802772,-0.08803,-0.105261,-0.017486,-0.04225,1.828464,0.010537,-0.04902,-0.004133,-0.021877,4.333333,0.010657,0.068722,0.083373
729,115.980721,1000.0,0.929847,0.918649,0.0,0.0,0.146175,40789.0,0.125367,1.111184,0.216031,0.459648,-0.035705,0.765725,6.3561,-0.02,-0.8,-0.01,-0.05,-0.2,-2.0,0.500007,-0.180561,-0.001948,0.0,-0.000173,-0.019951,-0.029689,-0.063941,0.797782,-0.085207,-0.104367,-0.018134,-0.042368,1.827536,0.011417,-0.049016,-0.00388,-0.020284,4.208333,0.011465,0.069308,0.081105
730,115.499878,994.859985,0.924427,0.916255,0.041667,0.0,0.146314,69730.0,0.126107,1.155301,0.226183,0.478982,-0.037735,0.782134,6.381132,-0.02,-0.8,-0.01,-0.05,-0.2,-2.0,0.498934,-0.175073,-0.002308,-0.000167,-0.000178,-0.020175,-0.031408,-0.064993,0.797843,-0.088941,-0.107808,-0.019637,-0.043775,1.825955,0.010149,-0.049841,-0.004079,-0.01812,4.875,0.01067,0.065654,0.090906
731,115.84758,1000.0,0.930846,0.911013,0.0,0.0,0.14634,69960.0,0.125545,1.117547,0.22579,0.464614,-0.035932,0.783509,6.356342,-0.02,-0.8,-0.01,-0.05,-0.2,-2.0,0.500007,-0.176864,-0.001579,0.0,-0.00017,-0.019715,-0.02893,-0.061858,0.804771,-0.088134,-0.102111,-0.017258,-0.041486,1.834196,0.010719,-0.048113,-0.00415,-0.018819,4.166667,0.009998,0.07527,0.07897
732,116.336212,1000.0,0.920806,0.908724,0.0,0.0,0.146594,69442.0,0.126881,1.15987,0.23246,0.47088,-0.035283,0.79843,6.354453,-0.02,-0.8,-0.01,-0.05,-0.2,-2.0,0.500007,-0.175604,-0.0017,0.0,-0.000175,-0.019788,-0.028417,-0.061624,0.805133,-0.087423,-0.104507,-0.017714,-0.042182,1.82852,0.010045,-0.048246,-0.003702,-0.013959,4.166667,0.011399,0.064932,0.097756
733,114.97818,1000.0,0.916058,0.913069,0.0,0.0,0.146715,69799.0,0.126095,1.093169,0.214199,0.446813,-0.03561,0.731085,6.362171,-0.02,-0.8,-0.01,-0.05,-0.2,-2.0,0.500007,-0.172196,-0.00166,0.0,-0.000165,-0.02001,-0.029764,-0.062685,0.793014,-0.088573,-0.106323,-0.018531,-0.042264,1.831839,0.01129,-0.048236,-0.003444,-0.010257,3.916667,0.011097,0.062642,0.087158
734,116.323219,1000.0,0.919398,0.912276,0.0,0.0,0.146679,70329.0,0.126269,1.136717,0.229083,0.478359,-0.037392,0.777371,6.385774,-0.02,-0.8,-0.01,-0.05,-0.2,-2.0,0.500007,-0.174484,-0.002018,0.0,-0.000173,-0.019963,-0.029733,-0.06285,0.797413,-0.088645,-0.103399,-0.017761,-0.043174,1.82593,0.010722,-0.048982,-0.003467,-0.015175,5.708333,0.012293,0.065772,0.081451
735,115.695663,1000.0,0.919191,0.915126,0.0,0.0,0.146826,43471.0,0.124645,1.093711,0.223896,0.468699,-0.036869,0.763688,6.378306,-0.02,-0.8,-0.01,-0.05,-0.2,-2.0,0.500007,-0.174755,-0.001731,0.0,-0.00017,-0.020024,-0.029272,-0.063547,0.792977,-0.088657,-0.104956,-0.018058,-0.043827,1.833301,0.011158,-0.048542,-0.0048,-0.020752,4.458333,0.013134,0.068899,0.072697
736,115.290558,1000.0,0.919065,0.916462,0.0,0.0,0.146807,70338.0,0.125379,1.140984,0.22467,0.465129,-0.036986,0.752977,6.344816,-0.02,-0.8,-0.01,-0.05,-0.2,-2.0,0.500007,-0.174173,-0.001894,0.0,-0.000173,-0.020046,-0.029222,-0.062289,0.793123,-0.085884,-0.103002,-0.017052,-0.044131,1.831094,0.010838,-0.049058,-0.004067,-0.021975,4.666667,0.012259,0.069494,0.082674
737,116.111107,1000.0,0.915514,0.908727,0.0,0.0,0.147025,70273.0,0.128818,1.127949,0.232643,0.472787,-0.037289,0.766877,6.37281,-0.02,-0.8,-0.01,-0.05,-0.2,-2.0,0.500007,-0.168341,-0.001926,0.0,-0.00017,-0.020178,-0.029387,-0.06193,0.798366,-0.088764,-0.10761,-0.018845,-0.04454,1.819037,0.01025,-0.048599,-0.004434,-0.019975,4.5,0.013738,0.063908,0.087903
738,116.740517,1000.0,0.924854,0.913169,0.0,0.0,0.146843,70168.0,0.125731,1.128675,0.228697,0.465595,-0.035787,0.768872,6.371717,-0.02,-0.8,-0.01,-0.05,-0.2,-2.0,0.500007,-0.172065,-0.001902,0.0,-0.000166,-0.01979,-0.028981,-0.060728,0.805809,-0.087791,-0.104514,-0.017375,-0.041054,1.826464,0.010602,-0.048034,-0.003666,-0.015132,5.375,0.01133,0.062933,0.0793
739,115.956512,1000.0,0.921039,0.906322,0.0,0.0,0.146495,70683.0,0.129808,1.14882,0.234152,0.488685,-0.038428,0.797859,6.381177,-0.02,-0.8,-0.01,-0.05,-0.2,-2.0,0.500007,-0.175011,-0.001785,0.0,-0.000182,-0.020117,-0.030754,-0.063395,0.795782,-0.091667,-0.108785,-0.018386,-0.045585,1.817078,0.01022,-0.049799,-0.003813,-0.015213,4.416667,0.010064,0.055646,0.088957
740,116.970955,1000.0,0.915942,0.913507,0.0,0.0,0.146623,42875.0,0.127189,1.131246,0.238112,0.490374,-0.037823,0.809506,6.369246,-0.02,-0.8,-0.01,-0.05,-0.2,-2.0,0.500007,-0.172939,-0.002177,0.0,-0.000179,-0.019958,-0.029789,-0.062951,0.802053,-0.08747,-0.109046,-0.018163,-0.045586,1.83263,0.010408,-0.049021,-0.004604,-0.017507,3.958333,0.010481,0.067573,0.088637
741,116.748856,1000.0,0.917967,0.91068,0.0,0.0,0.146392,69588.0,0.126765,1.168931,0.231779,0.487088,-0.03785,0.807944,6.360296,-0.02,-0.8,-0.01,-0.05,-0.2,-2.0,0.500007,-0.173919,-0.001789,0.0,-0.000181,-0.019846,-0.030137,-0.063516,0.79831,-0.089014,-0.108195,-0.018793,-0.045806,1.831049,0.009997,-0.049035,-0.004072,-0.017269,5.0,0.011164,0.068302,0.094719
742,116.746567,1000.0,0.916064,0.917775,0.0,0.0,0.146409,69745.0,0.125017,1.153929,0.223412,0.479356,-0.036928,0.785767,6.348258,-0.02,-0.8,-0.01,-0.05,-0.2,-2.0,0.500007,-0.18119,-0.001706,0.0,-0.000177,-0.019726,-0.029674,-0.063782,0.792243,-0.087024,-0.101359,-0.018212,-0.044405,1.831924,0.010715,-0.048965,-0.003822,-0.02052,5.125,0.01093,0.070154,0.092785
743,115.367065,1000.0,0.917827,0.915583,0.0,0.0,0.14633,70048.0,0.124072,1.137056,0.21716,0.458407,-0.036167,0.756346,6.361978,-0.02,-0.8,-0.01,-0.05,-0.2,-2.0,0.500007,-0.177093,-0.00183,0.0,-0.000167,-0.019659,-0.029112,-0.06287,0.791945,-0.087343,-0.101784,-0.018821,-0.04229,1.83429,0.01081,-0.048093,-0.003105,-0.012878,4.458333,0.011484,0.066224,0.077095
744,116.109299,1000.0,0.912202,0.91001,0.0,0.0,0.146233,70282.0,0.13072,1.173091,0.238381,0.504056,-0.040016,0.794979,6.37519,-0.02,-0.8,-0.01,-0.05,-0.2,-2.0,0.500007,-0.170184,-0.00274,0.0,-0.000181,-0.020441,-0.032053,-0.063977,0.79082,-0.090831,-0.112206,-0.018942,-0.048136,1.821102,0.01027,-0.05049,-0.004619,-0.017044,4.291667,0.01169,0.065847,0.085531
745,117.091476,1000.0,0.92608,0.915584,0.0,0.0,0.146583,70219.0,0.128897,1.170563,0.231758,0.500503,-0.039027,0.797306,6.342607,-0.02,-0.8,-0.01,-0.05,-0.2,-2.0,0.500007,-0.176751,-0.002056,0.0,-0.000177,-0.019974,-0.031441,-0.063317,0.79289,-0.088593,-0.107171,-0.019288,-0.045038,1.817289,0.010147,-0.050145,-0.003812,-0.014196,4.666667,0.010696,0.066272,0.083458
746,116.485962,1000.0,0.91696,0.901793,0.0,0.0,0.14655,42652.0,0.128187,1.090271,0.237541,0.503566,-0.038772,0.806147,6.373853,-0.02,-0.8,-0.01,-0.05,-0.2,-2.0,0.500007,-0.173511,-0.002024,0.0,-0.000179,-0.019936,-0.030659,-0.062256,0.790039,-0.088914,-0.108614,-0.017644,-0.046697,1.825436,0.011052,-0.049205,-0.004731,-0.019204,3.458333,0.0111,0.072575,0.077466
747,117.223442,1000.0,0.924786,0.914238,0.0,0.0,0.145954,70179.0,0.12663,1.132706,0.237167,0.502744,-0.03877,0.810426,6.353204,-0.02,-0.8,-0.01,-0.05,-0.2,-2.0,0.500007,-0.176681,-0.002216,0.0,-0.000171,-0.019648,-0.02977,-0.060901,0.794834,-0.086981,-0.10188,-0.017687,-0.043963,1.826449,0.010526,-0.049252,-0.003945,-0.021644,4.583333,0.011326,0.066951,0.092957
748,115.57518,1000.0,0.915674,0.906399,0.0,0.0,0.145904,69734.0,0.125956,1.151375,0.222579,0.473513,-0.036892,0.764843,6.368027,-0.02,-0.8,-0.01,-0.05,-0.2,-2.0,0.500007,-0.173651,-0.002315,0.0,-0.000176,-0.019881,-0.029734,-0.063597,0.786981,-0.087896,-0.107258,-0.018589,-0.045883,1.828765,0.010482,-0.048737,-0.004169,-0.01912,3.75,0.011333,0.068252,0.081266
749,117.169067,1000.0,0.924115,0.912212,0.0,0.0,0.145565,71262.0,0.125639,1.106951,0.22629,0.459705,-0.035414,0.769204,6.346345,-0.02,-0.8,-0.01,-0.05,-0.2,-2.0,0.500007,-0.173258,-0.001259,0.0,-0.000166,-0.01969,-0.028331,-0.060772,0.800585,-0.086472,-0.102197,-0.017953,-0.041381,1.836244,0.010599,-0.047343,-0.003697,-0.013307,4.869565,0.011171,0.065893,0.082539
750,117.910301,1000.0,0.931175,0.908866,0.0,0.0,0.145352,69991.0,0.132181,1.193499,0.257585,0.529036,-0.041525,0.833605,6.353849,-0.02,-0.8,-0.01,-0.05,-0.2,-2.0,0.500007,-0.165952,-0.002517,0.0,-0.000187,-0.020312,-0.031501,-0.062816,0.802074,-0.092712,-0.11637,-0.01755,-0.04936,1.817134,0.009098,-0.050758,-0.004235,-0.01688,5.125,0.012715,0.064553,0.089619
751,114.991013,1000.0,0.919753,0.911186,0.0,0.0,0.145127,69917.0,0.129375,1.123495,0.235775,0.487071,-0.037673,0.803391,6.322268,-0.02,-0.8,-0.01,-0.05,-0.2,-2.0,0.500007,-0.171474,-0.001548,0.0,-0.000174,-0.019906,-0.029893,-0.062822,0.794452,-0.088201,-0.107326,-0.017871,-0.04501,1.816158,0.010674,-0.048624,-0.004375,-0.025046,7.791667,0.012292,0.063815,0.085314
752,115.573463,1000.0,0.916329,0.912245,0.0,0.0,0.145042,43383.0,0.1292,1.164308,0.235025,0.492663,-0.038674,0.789072,6.299235,-0.02,-0.8,-0.01,-0.05,-0.2,-2.0,0.500007,-0.171998,-0.001956,0.0,-0.000176,-0.019996,-0.030687,-0.062971,0.792812,-0.089046,-0.107258,-0.018248,-0.046077,1.821952,0.010018,-0.049285,-0.004364,-0.020741,8.416667,0.012517,0.06071,0.085092
753,118.286667,1000.0,0.922893,0.91385,0.0,0.0,0.144702,69520.0,0.129863,1.162993,0.242972,0.504805,-0.039758,0.803159,6.323249,-0.02,-0.8,-0.01,-0.05,-0.2,-2.0,0.500007,-0.169285,-0.001579,0.0,-0.000179,-0.020091,-0.030877,-0.063808,0.796062,-0.089872,-0.110223,-0.01808,-0.047255,1.820771,0.009875,-0.049712,-0.004492,-0.017923,7.166667,0.011905,0.067128,0.087447
754,116.56411,1000.0,0.927782,0.911484,0.0,0.0,0.144454,70325.0,0.128583,1.180511,0.236364,0.49421,-0.038814,0.790425,6.33823,-0.02,-0.8,-0.01,-0.05,-0.2,-2.0,0.500007,-0.171619,-0.002136,0.0,-0.000174,-0.019929,-0.030929,-0.062752,0.79724,-0.089468,-0.107067,-0.018153,-0.045133,1.820694,0.010063,-0.049394,-0.00423,-0.021047,6.5,0.010571,0.061828,0.082153
755,114.761642,1000.0,0.921472,0.911568,0.0,0.0,0.144501,69737.0,0.1256,1.133747,0.226287,0.465472,-0.036649,0.762887,6.293639,-0.02,-0.8,-0.01,-0.05,-0.2,-2.0,0.500007,-0.171589,-0.001434,0.0,-0.000166,-0.019776,-0.029001,-0.061977,0.790449,-0.086943,-0.104797,-0.01743,-0.043039,1.833865,0.01144,-0.047976,-0.003975,-0.016949,7.291667,0.00998,0.065137,0.086005
756,116.101234,1000.0,0.920279,0.911772,0.0,0.0,0.144434,69884.0,0.128253,1.11618,0.223781,0.463694,-0.036416,0.763243,6.278223,-0.02,-0.8,-0.01,-0.05,-0.2,-2.0,0.500007,-0.172823,-0.001534,0.0,-0.000168,-0.020093,-0.029879,-0.061944,0.790336,-0.089943,-0.107586,-0.018504,-0.042879,1.825901,0.010118,-0.048496,-0.004329,-0.016191,6.083333,0.01263,0.060406,0.074866
757,116.798309,1000.0,0.924279,0.913789,0.0,0.0,0.144333,69745.0,0.13086,1.17215,0.244502,0.502563,-0.039739,0.794981,6.282159,-0.02,-0.8,-0.01,-0.05,-0.2,-2.0,0.500007,-0.165095,-0.002011,0.0,-0.000177,-0.020154,-0.030998,-0.061875,0.795405,-0.089712,-0.112431,-0.017266,-0.046956,1.821787,0.010115,-0.049495,-0.003978,-0.018643,6.416667,0.010643,0.068833,0.07613
758,116.588837,1000.0,0.914343,0.908771,0.0,0.0,0.144018,40404.0,0.129038,1.100091,0.234294,0.485237,-0.038039,0.779751,6.306312,-0.02,-0.8,-0.01,-0.05,-0.2,-2.0,0.500007,-0.168073,-0.001916,0.0,-0.000173,-0.02,-0.030518,-0.061785,0.793953,-0.088215,-0.10985,-0.017101,-0.045577,1.822444,0.010669,-0.048712,-0.004124,-0.023349,6.083333,0.011947,0.06435,0.082726
759,116.121811,1000.0,0.916902,0.911083,0.0,0.0,0.143791,68995.0,0.127604,1.127254,0.236179,0.488073,-0.037338,0.796119,6.300916,-0.02,-0.8,-0.01,-0.05,-0.2,-2.0,0.500007,-0.171232,-0.001408,0.0,-0.000173,-0.019739,-0.028869,-0.060689,0.795663,-0.087813,-0.10718,-0.017397,-0.04525,1.829943,0.01035,-0.048267,-0.004605,-0.022532,4.916667,0.0113,0.072446,0.092179
760,114.466431,1000.0,0.923968,0.913343,0.0,0.0,0.143544,71267.0,0.125362,1.119862,0.223801,0.475216,-0.037239,0.761272,6.293277,-0.02,-0.8,-0.01,-0.05,-0.2,-2.0,0.500007,-0.173682,-0.001883,0.0,-0.00017,-0.019873,-0.029689,-0.06217,0.790577,-0.087481,-0.106021,-0.017895,-0.043898,1.832213,0.010823,-0.048653,-0.004155,-0.013796,5.73913,0.011548,0.074402,0.085354
761,114.719742,993.599976,0.919246,0.910607,0.041667,0.0,0.143469,68827.0,0.124675,1.126741,0.222095,0.46077,-0.036296,0.756369,6.299445,-0.02,-0.8,-0.01,-0.05,-0.2,-2.0,0.498337,-0.172069,-0.00155,-0.000208,-0.000166,-0.019542,-0.028733,-0.06091,0.789064,-0.084862,-0.103301,-0.017135,-0.043291,1.824683,0.011275,-0.047107,-0.003778,-0.010494,4.125,0.011577,0.06767,0.08987
762,116.309479,1000.0,0.917781,0.90889,0.0,0.0,0.143381,69582.0,0.131731,1.149337,0.237231,0.502078,-0.039523,0.791925,6.298337,-0.02,-0.8,-0.01,-0.05,-0.2,-2.0,0.500007,-0.167851,-0.001949,0.0,-0.000178,-0.020122,-0.030814,-0.064008,0.787836,-0.0898,-0.113946,-0.01818,-0.0479,1.82648,0.009934,-0.049702,-0.004851,-0.01908,4.833333,0.011645,0.064565,0.091326
763,115.38279,1000.0,0.926575,0.907765,0.0,0.0,0.143608,42274.0,0.126958,1.110254,0.228719,0.475069,-0.036775,0.778139,6.303898,-0.02,-0.8,-0.01,-0.05,-0.2,-2.0,0.500007,-0.174422,-0.001523,0.0,-0.000171,-0.019806,-0.029701,-0.061304,0.789931,-0.089117,-0.105846,-0.017516,-0.043557,1.828113,0.010557,-0.048396,-0.004093,-0.020534,4.583333,0.009908,0.067375,0.08497
764,116.315987,997.929993,0.928621,0.908542,0.041667,0.0,0.144077,69609.0,0.129113,1.168151,0.239487,0.494066,-0.038548,0.797546,6.30102,-0.02,-0.8,-0.01,-0.05,-0.2,-2.0,0.499284,-0.170442,-0.001937,-0.000278,-0.00017,-0.019776,-0.029899,-0.060708,0.800097,-0.087955,-0.103862,-0.017124,-0.04445,1.819085,0.01017,-0.048687,-0.004195,-0.018569,4.791667,0.010957,0.079714,0.090344
765,115.373802,993.73999,0.913547,0.913809,0.041667,0.0,0.144059,69811.0,0.128875,1.12841,0.239659,0.501121,-0.039318,0.799654,6.281934,-0.02,-0.8,-0.01,-0.05,-0.2,-2.0,0.498141,-0.170937,-0.001361,-0.000238,-0.000181,-0.019998,-0.031338,-0.064424,0.787679,-0.08731,-0.109214,-0.018023,-0.047615,1.814351,0.010135,-0.049304,-0.004059,-0.016784,4.041667,0.012237,0.065063,0.086515
766,115.890945,999.0,0.92519,0.913236,0.041667,0.0,0.144267,69799.0,0.127773,1.149154,0.233015,0.492496,-0.039481,0.787279,6.280187,-0.02,-0.8,-0.01,-0.05,-0.2,-2.0,0.499796,-0.170048,-0.001615,-0.000167,-0.000171,-0.019869,-0.029883,-0.061744,0.791314,-0.088295,-0.106887,-0.017458,-0.045784,1.831367,0.010407,-0.049093,-0.004678,-0.022632,4.833333,0.011166,0.06359,0.090849
767,115.183487,1000.0,0.911759,0.908025,0.0,0.0,0.144211,69480.0,0.125247,1.10669,0.216939,0.461303,-0.035415,0.752924,6.292327,-0.02,-0.8,-0.01,-0.05,-0.2,-2.0,0.500007,-0.176654,-0.001499,0.0,-0.000163,-0.019648,-0.028474,-0.062068,0.784293,-0.087334,-0.100748,-0.018237,-0.041499,1.832134,0.011066,-0.04767,-0.004434,-0.024432,3.5,0.013179,0.069617,0.087304
768,116.061958,994.440002,0.916525,0.905849,0.043478,0.0,0.144215,71214.0,0.128807,1.105197,0.236971,0.493703,-0.038038,0.806202,6.29433,-0.02,-0.8,-0.01,-0.05,-0.2,-2.0,0.497988,-0.172099,-0.001732,-0.00029,-0.000177,-0.019616,-0.029626,-0.061929,0.795183,-0.088382,-0.105915,-0.018312,-0.04579,1.811924,0.011087,-0.048396,-0.004323,-0.023669,4.565217,0.010855,0.073083,0.093031
769,116.392662,1000.0,0.92247,0.904054,0.0,0.0,0.144093,42303.0,0.126487,1.147357,0.237575,0.476099,-0.036704,0.770771,6.306324,-0.02,-0.8,-0.01,-0.05,-0.2,-2.0,0.500007,-0.163973,-0.001599,0.0,-0.000168,-0.01977,-0.028525,-0.05972,0.796493,-0.08574,-0.108163,-0.016369,-0.044297,1.832823,0.010901,-0.04777,-0.004553,-0.022454,4.25,0.011113,0.069934,0.094436
770,117.165428,1000.0,0.916217,0.916956,0.0,0.0,0.144263,69420.0,0.127117,1.127181,0.232738,0.491178,-0.038405,0.794982,6.292903,-0.02,-0.8,-0.01,-0.05,-0.2,-2.0,0.500007,-0.177859,-0.001794,0.0,-0.000176,-0.019582,-0.029754,-0.062119,0.793608,-0.087284,-0.103403,-0.01821,-0.046185,1.82536,0.010711,-0.048452,-0.003983,-0.019073,4.708333,0.013301,0.060816,0.087933
771,117.338684,1000.0,0.920002,0.91521,0.0,0.0,0.144448,69509.0,0.128392,1.168957,0.232453,0.494179,-0.038366,0.79563,6.303379,-0.02,-0.8,-0.01,-0.05,-0.2,-2.0,0.500007,-0.173436,-0.001676,0.0,-0.000177,-0.019838,-0.030204,-0.062873,0.79731,-0.089122,-0.108352,-0.018567,-0.045524,1.826047,0.010436,-0.048993,-0.003846,-0.020208,4.791667,0.012142,0.057494,0.085284
772,116.310265,1000.0,0.917732,0.909918,0.0,0.0,0.144329,70183.0,0.128006,1.11704,0.243793,0.485557,-0.03772,0.792875,6.342412,-0.02,-0.8,-0.01,-0.05,-0.2,-2.0,0.500007,-0.164421,-0.001357,0.0,-0.000169,-0.019786,-0.028313,-0.060112,0.801431,-0.085758,-0.10739,-0.016093,-0.045018,1.826651,0.01132,-0.047582,-0.00417,-0.017743,4.291667,0.01325,0.069511,0.076959
773,114.779114,1000.0,0.92588,0.907675,0.0,0.0,0.144419,70515.0,0.125636,1.111879,0.225763,0.474465,-0.037479,0.743606,6.326913,-0.02,-0.8,-0.01,-0.05,-0.2,-2.0,0.500007,-0.169733,-0.001835,0.0,-0.000165,-0.019802,-0.028805,-0.060759,0.782513,-0.087532,-0.1074,-0.017184,-0.044231,1.830316,0.011342,-0.048284,-0.004587,-0.022422,4.416667,0.011565,0.065274,0.086912
774,116.622467,1000.0,0.934229,0.902518,0.0,0.0,0.144564,68118.0,0.130288,1.127734,0.237538,0.506167,-0.039448,0.804144,6.324743,-0.02,-0.8,-0.01,-0.05,-0.2,-2.0,0.500007,-0.174642,-0.002399,0.0,-0.000178,-0.019683,-0.031401,-0.062742,0.794984,-0.08961,-0.108196,-0.018376,-0.04542,1.817186,0.010959,-0.049243,-0.00594,-0.032783,3.791667,0.012008,0.071839,0.072725
775,116.534943,997.669983,0.921044,0.911675,0.041667,0.0,0.144627,42560.0,0.12608,1.153687,0.228996,0.488503,-0.03834,0.798901,6.327319,-0.02,-0.8,-0.01,-0.05,-0.2,-2.0,0.497569,-0.176464,-0.001273,-0.000833,-0.000175,-0.019582,-0.029921,-0.06214,0.792503,-0.085656,-0.101625,-0.018446,-0.045371,1.815184,0.010582,-0.048691,-0.003937,-0.018368,4.375,0.01023,0.066402,0.089347
776,115.898476,1000.0,0.919711,0.909268,0.0,0.0,0.144568,70549.0,0.128821,1.124314,0.23107,0.483473,-0.038096,0.775973,6.324725,-0.02,-0.8,-0.01,-0.05,-0.2,-2.0,0.500007,-0.168854,-0.001535,0.0,-0.000171,-0.0197,-0.029624,-0.061369,0.786693,-0.087808,-0.108843,-0.01746,-0.045772,1.825435,0.010665,-0.048195,-0.003937,-0.020947,5.208333,0.012432,0.06549,0.079873
777,117.19561,1000.0,0.911163,0.910297,0.0,0.0,0.144504,70190.0,0.131697,1.179749,0.252319,0.52732,-0.04139,0.838559,6.297992,-0.02,-0.8,-0.01,-0.05,-0.2,-2.0,0.500007,-0.167833,-0.00213,0.0,-0.000186,-0.020194,-0.031511,-0.063315,0.800053,-0.091029,-0.111876,-0.018587,-0.050052,1.816243,0.009854,-0.05045,-0.005008,-0.030046,4.541667,0.011269,0.063513,0.093643
778,116.670021,1000.0,0.923572,0.917284,0.0,0.0,0.144796,70810.0,0.129422,1.134363,0.238316,0.496165,-0.039077,0.802486,6.348186,-0.02,-0.8,-0.01,-0.05,-0.2,-2.0,0.500007,-0.17044,-0.001533,0.0,-0.000177,-0.019677,-0.029903,-0.06205,0.800773,-0.08581,-0.10717,-0.017735,-0.046926,1.82436,0.010972,-0.048681,-0.004687,-0.018245,4.75,0.012047,0.069639,0.096614
779,116.370193,1000.0,0.922587,0.917238,0.0,0.0,0.144838,70046.0,0.128691,1.138221,0.233099,0.488337,-0.03789,0.791591,6.351808,-0.02,-0.8,-0.01,-0.05,-0.2,-2.0,0.500007,-0.171705,-0.001675,0.0,-0.000173,-0.019564,-0.029337,-0.062024,0.794064,-0.086151,-0.10635,-0.017705,-0.045193,1.826435,0.011,-0.048391,-0.004408,-0.020693,4.666667,0.011648,0.063358,0.096465
780,116.942848,1000.0,0.932185,0.909544,0.0,0.0,0.145194,53902.0,0.126965,1.143585,0.231879,0.491119,-0.037987,0.788249,6.339887,-0.02,-0.8,-0.01,-0.05,-0.2,-2.0,0.500007,-0.173872,-0.001347,0.0,-0.000169,-0.019555,-0.029703,-0.061199,0.793805,-0.086206,-0.102925,-0.017772,-0.042717,1.828907,0.010806,-0.048682,-0.004225,-0.027329,5.291667,0.011734,0.077312,0.095286
781,115.097008,1000.0,0.924257,0.904997,0.0,0.0,0.144958,68930.0,0.128224,1.099173,0.227625,0.481757,-0.037857,0.773045,6.333491,-0.02,-0.8,-0.01,-0.05,-0.2,-2.0,0.500007,-0.173969,-0.001595,0.0,-0.000171,-0.019808,-0.030782,-0.062049,0.791502,-0.088222,-0.106394,-0.018278,-0.04427,1.825132,0.011226,-0.048917,-0.00479,-0.026308,4.333333,0.010508,0.07062,0.094035
782,115.710167,1000.0,0.928014,0.91383,0.0,0.0,0.144842,70220.0,0.124316,1.097117,0.223975,0.45692,-0.035411,0.759544,6.315804,-0.02,-0.8,-0.01,-0.05,-0.2,-2.0,0.500007,-0.171891,-0.001521,0.0,-0.000165,-0.01929,-0.027724,-0.060874,0.795576,-0.085092,-0.103691,-0.017933,-0.04209,1.836744,0.011226,-0.046763,-0.003845,-0.016377,4.0,0.01201,0.05914,0.076422
783,116.880287,1000.0,0.925779,0.910219,0.0,0.0,0.145138,69970.0,0.128648,1.105965,0.241741,0.493426,-0.037962,0.79315,6.320494,-0.02,-0.8,-0.01,-0.05,-0.2,-2.0,0.500007,-0.166165,-0.001509,0.0,-0.000167,-0.019593,-0.028815,-0.059605,0.796748,-0.08651,-0.106276,-0.016716,-0.04417,1.825779,0.011034,-0.048053,-0.004263,-0.023136,5.166667,0.011056,0.073983,0.092948
784,115.65284,1000.0,0.925764,0.911751,0.0,0.0,0.145179,70859.0,0.128166,1.131092,0.228623,0.478671,-0.037169,0.771728,6.334675,-0.02,-0.8,-0.01,-0.05,-0.2,-2.0,0.500007,-0.171488,-0.001798,0.0,-0.00017,-0.019653,-0.029713,-0.060614,0.794426,-0.087599,-0.106168,-0.017761,-0.043273,1.821599,0.010852,-0.048419,-0.004439,-0.023618,4.875,0.01034,0.066829,0.092223
785,115.447006,1000.0,0.928998,0.909169,0.0,0.0,0.14499,70414.0,0.127342,1.093418,0.222827,0.468076,-0.035966,0.764726,6.363319,-0.02,-0.8,-0.01,-0.05,-0.2,-2.0,0.500007,-0.173328,-0.001674,0.0,-0.000161,-0.019415,-0.028649,-0.059509,0.790061,-0.085467,-0.102109,-0.017596,-0.041143,1.830025,0.011461,-0.0475,-0.005097,-0.031392,4.166667,0.011174,0.060104,0.099179
786,115.792084,1000.0,0.918477,0.909702,0.0,0.0,0.145171,39302.0,0.127051,1.117779,0.229057,0.47288,-0.036986,0.774976,6.347627,-0.02,-0.8,-0.01,-0.05,-0.2,-2.0,0.500007,-0.171062,-0.001345,0.0,-0.000169,-0.019681,-0.028509,-0.060152,0.791114,-0.08797,-0.104203,-0.01766,-0.043724,1.827426,0.010617,-0.04755,-0.004446,-0.016241,4.291667,0.011913,0.065384,0.081222
787,117.013428,1000.0,0.923524,0.912291,0.0,0.0,0.144877,70296.0,0.13056,1.166718,0.245671,0.520462,-0.041963,0.815575,6.360315,-0.02,-0.8,-0.01,-0.05,-0.2,-2.0,0.500007,-0.170098,-0.001447,0.0,-0.000179,-0.019818,-0.032072,-0.063339,0.795063,-0.090222,-0.108653,-0.017846,-0.048179,1.81238,0.009937,-0.049812,-0.004278,-0.018875,4.416667,0.010749,0.062447,0.085702
788,116.009804,1000.0,0.920297,0.913131,0.0,0.0,0.145193,70138.0,0.12725,1.144374,0.223545,0.463109,-0.036334,0.74941,6.31039,-0.02,-0.8,-0.01,-0.05,-0.2,-2.0,0.500007,-0.170709,-0.001508,0.0,-0.000166,-0.019557,-0.029104,-0.061168,0.788225,-0.087719,-0.105078,-0.017528,-0.042211,1.825576,0.010444,-0.047589,-0.00375,-0.013143,4.333333,0.011699,0.064712,0.079681
789,116.248177,1000.0,0.931906,0.910633,0.0,0.0,0.145344,70205.0,0.124589,1.117486,0.220635,0.464769,-0.036781,0.746263,6.330223,-0.02,-0.8,-0.01,-0.05,-0.2,-2.0,0.500007,-0.174598,-0.002245,0.0,-0.000167,-0.019446,-0.029484,-0.06056,0.79091,-0.085885,-0.103277,-0.018107,-0.043197,1.829577,0.011017,-0.047666,-0.003634,-0.016219,3.875,0.010657,0.074059,0.09043
790,116.910133,1000.0,0.922597,0.908369,0.0,0.0,0.145392,69865.0,0.126343,1.161482,0.227564,0.487808,-0.037505,0.78952,6.289662,-0.02,-0.8,-0.01,-0.05,-0.2,-2.0,0.500007,-0.177583,-0.001769,0.0,-0.000174,-0.019411,-0.030024,-0.061579,0.793462,-0.085437,-0.10185,-0.018328,-0.044162,1.830493,0.010809,-0.048363,-0.004132,-0.013752,4.458333,0.012006,0.061215,0.091404
791,116.200127,1000.0,0.911581,0.910319,0.0,0.0,0.145446,73217.0,0.12599,1.083495,0.230945,0.47973,-0.036234,0.785654,6.271412,-0.02,-0.8,-0.01,-0.05,-0.2,-2.0,0.500007,-0.171008,-0.001491,0.0,-0.000163,-0.019478,-0.028711,-0.060823,0.789497,-0.085947,-0.102293,-0.0169,-0.04202,1.829273,0.011495,-0.04744,-0.004433,-0.019545,4.636364,0.01129,0.06124,0.083344
792,115.650047,1000.0,0.922997,0.919509,0.0,0.0,0.145135,41979.0,0.12439,1.110021,0.221049,0.457187,-0.03519,0.772814,6.27792,-0.02,-0.8,-0.01,-0.05,-0.2,-2.0,0.500007,-0.176213,-0.001234,0.0,-0.000166,-0.019195,-0.028174,-0.06114,0.80035,-0.082984,-0.099657,-0.017564,-0.041615,1.828178,0.011285,-0.04659,-0.004596,-0.014627,5.5,0.01203,0.068443,0.083059
793,115.590485,1000.0,0.925731,0.909761,0.0,0.0,0.145471,70218.0,0.127266,1.104107,0.2296,0.464816,-0.036068,0.752899,6.244402,-0.02,-0.8,-0.01,-0.05,-0.2,-2.0,0.500007,-0.165575,-0.001484,0.0,-0.000164,-0.019541,-0.028085,-0.060026,0.790299,-0.084803,-0.10578,-0.01716,-0.043219,1.829179,0.011407,-0.047088,-0.00395,-0.016896,8.875,0.010815,0.069044,0.09132
794,116.759941,1000.0,0.923746,0.911577,0.0,0.0,0.145529,69670.0,0.125605,1.121267,0.232343,0.485107,-0.036986,0.790043,6.260272,-0.02,-0.8,-0.01,-0.05,-0.2,-2.0,0.500007,-0.172873,-0.001466,0.0,-0.00017,-0.019458,-0.029438,-0.061144,0.793506,-0.085884,-0.103337,-0.017474,-0.043222,1.827231,0.010658,-0.047839,-0.004143,-0.018783,7.708333,0.011253,0.064683,0.086341
795,116.48661,1000.0,0.923811,0.909102,0.0,0.0,0.146085,69671.0,0.128998,1.145687,0.23584,0.495654,-0.039416,0.789821,6.247274,-0.02,-0.8,-0.01,-0.05,-0.2,-2.0,0.500007,-0.17185,-0.001768,0.0,-0.000177,-0.019791,-0.031243,-0.06382,0.789944,-0.08814,-0.108146,-0.018267,-0.046182,1.818248,0.010216,-0.048996,-0.004427,-0.023275,7.458333,0.010844,0.062322,0.082203
796,116.652534,1000.0,0.920422,0.910749,0.0,0.0,0.145671,70599.0,0.126466,1.129706,0.228692,0.479554,-0.037084,0.789289,6.274889,-0.02,-0.8,-0.01,-0.05,-0.2,-2.0,0.500007,-0.173286,-0.001415,0.0,-0.00017,-0.019351,-0.028833,-0.061917,0.799268,-0.085874,-0.103846,-0.018283,-0.043767,1.827329,0.010727,-0.047697,-0.004429,-0.018985,6.833333,0.013114,0.071098,0.076724
797,117.547195,1000.0,0.924043,0.906853,0.0,0.0,0.145747,70054.0,0.129136,1.130075,0.241438,0.497301,-0.037834,0.801367,6.268857,-0.02,-0.8,-0.01,-0.05,-0.2,-2.0,0.500007,-0.168471,-0.001707,0.0,-0.000171,-0.01947,-0.029095,-0.060276,0.800024,-0.085237,-0.105162,-0.017097,-0.04451,1.826171,0.010651,-0.047852,-0.004865,-0.022127,6.375,0.012196,0.064431,0.089665
798,117.064774,1000.0,0.929293,0.914763,0.0,0.0,0.145491,42301.0,0.128518,1.145577,0.239073,0.500232,-0.038772,0.797901,6.292861,-0.02,-0.8,-0.01,-0.05,-0.2,-2.0,0.500007,-0.168596,-0.001508,0.0,-0.000174,-0.019657,-0.030344,-0.06178,0.794451,-0.086154,-0.107948,-0.017555,-0.045285,1.819185,0.01074,-0.0488,-0.004787,-0.026603,6.333333,0.011426,0.06966,0.091233
799,116.929253,1000.0,0.925854,0.921162,0.0,0.0,0.145349,69801.0,0.127626,1.121428,0.229946,0.485735,-0.037099,0.798827,6.256302,-0.02,-0.8,-0.01,-0.05,-0.2,-2.0,0.500007,-0.173466,-0.001715,0.0,-0.000177,-0.019406,-0.029077,-0.061467,0.797849,-0.085635,-0.105433,-0.018574,-0.044568,1.825438,0.01035,-0.048102,-0.004189,-0.02211,5.958333,0.011464,0.062749,0.085078
800,115.197723,995.159973,0.917504,0.903149,0.041667,0.0,0.14543,66266.0,0.129385,1.117209,0.232716,0.486204,-0.038281,0.773941,6.239508,-0.02,-0.8,-0.01,-0.05,-0.2,-2.0,0.498996,-0.163625,-0.001648,-0.000167,-0.000171,-0.019795,-0.029559,-0.062807,0.789362,-0.085781,-0.108282,-0.017587,-0.04594,1.815426,0.01079,-0.048375,-0.004562,-0.024962,5.875,0.012253,0.064894,0.091919
801,116.147255,1000.0,0.922236,0.913937,0.0,0.0,0.145155,67594.0,0.126898,1.167025,0.229602,0.476581,-0.03771,0.757746,6.23438,-0.02,-0.8,-0.01,-0.05,-0.2,-2.0,0.500007,-0.167709,-0.001597,0.0,-0.000169,-0.019588,-0.029526,-0.062068,0.792023,-0.086117,-0.105096,-0.016787,-0.044952,1.82546,0.010408,-0.047733,-0.004179,-0.022523,4.869565,0.012674,0.069118,0.087166
802,116.276855,1000.0,0.920183,0.912341,0.0,0.0,0.145205,65012.0,0.127777,1.14299,0.235728,0.488299,-0.037974,0.803065,6.238704,-0.02,-0.8,-0.01,-0.05,-0.2,-2.0,0.500007,-0.170996,-0.001628,0.0,-0.000176,-0.019614,-0.03003,-0.062817,0.802527,-0.087157,-0.107191,-0.017599,-0.045262,1.826339,0.010256,-0.048145,-0.00522,-0.022294,5.708333,0.012136,0.060537,0.084603
803,115.546143,1000.0,0.913077,0.909038,0.0,0.0,0.144922,38429.0,0.127758,1.085039,0.224804,0.459067,-0.035548,0.736328,6.233709,-0.02,-0.8,-0.01,-0.05,-0.2,-2.0,0.500007,-0.163958,-0.001673,0.0,-0.000162,-0.019558,-0.027892,-0.060052,0.795224,-0.082973,-0.106722,-0.016544,-0.04285,1.828669,0.011827,-0.046845,-0.005173,-0.021783,4.083333,0.011765,0.074698,0.086482
804,116.671883,1000.0,0.91397,0.909851,0.0,0.0,0.145022,65510.0,0.128407,1.101186,0.238195,0.491253,-0.037727,0.793563,6.252197,-0.02,-0.8,-0.01,-0.05,-0.2,-2.0,0.500007,-0.167562,-0.001504,0.0,-0.000165,-0.019659,-0.029302,-0.061316,0.792006,-0.087718,-0.104971,-0.016868,-0.043285,1.821264,0.011017,-0.048139,-0.00434,-0.019221,5.041667,0.014094,0.06682,0.088206
805,117.615807,1000.0,0.922628,0.915422,0.0,0.0,0.144628,65654.0,0.127515,1.138047,0.23702,0.498917,-0.038441,0.81291,6.26673,-0.02,-0.8,-0.01,-0.05,-0.2,-2.0,0.500007,-0.172967,-0.001512,0.0,-0.000177,-0.019547,-0.029888,-0.061915,0.797749,-0.086866,-0.103022,-0.017465,-0.044721,1.821082,0.010582,-0.048633,-0.004825,-0.021648,4.666667,0.01226,0.06322,0.094244
806,116.196739,1000.0,0.918626,0.913961,0.0,0.0,0.144392,66521.0,0.132111,1.150364,0.237537,0.491634,-0.03928,0.773879,6.263065,-0.02,-0.8,-0.01,-0.05,-0.2,-2.0,0.500007,-0.162735,-0.002202,0.0,-0.000175,-0.020164,-0.031353,-0.062477,0.796287,-0.08927,-0.113168,-0.01768,-0.046861,1.809265,0.010323,-0.049068,-0.004868,-0.02092,4.625,0.013494,0.067518,0.087198
807,116.640274,1000.0,0.929589,0.910507,0.0,0.0,0.144487,65909.0,0.12646,1.14192,0.227959,0.485445,-0.038703,0.778164,6.315908,-0.02,-0.8,-0.01,-0.05,-0.2,-2.0,0.500007,-0.173642,-0.001493,0.0,-0.000169,-0.019453,-0.030556,-0.063097,0.791523,-0.086785,-0.101791,-0.017492,-0.044126,1.824287,0.011005,-0.048283,-0.004627,-0.019523,4.125,0.009467,0.05928,0.086651
808,116.67778,1000.0,0.925639,0.908891,0.0,0.0,0.144364,66049.0,0.128801,1.164949,0.239121,0.494366,-0.039097,0.807135,6.289365,-0.02,-0.8,-0.01,-0.05,-0.2,-2.0,0.500007,-0.170269,-0.00133,0.0,-0.000178,-0.019706,-0.029525,-0.062317,0.804865,-0.087184,-0.10623,-0.017727,-0.046183,1.820632,0.010113,-0.048773,-0.004613,-0.013391,4.916667,0.013674,0.073012,0.091821
809,115.824371,1000.0,0.91455,0.906251,0.0,0.0,0.144556,40635.0,0.132085,1.173395,0.238942,0.502394,-0.040852,0.780471,6.286462,-0.02,-0.8,-0.01,-0.05,-0.2,-2.0,0.500007,-0.166736,-0.001935,0.0,-0.000185,-0.019974,-0.031265,-0.063823,0.794659,-0.090607,-0.111445,-0.018387,-0.050004,1.809046,0.010033,-0.049514,-0.004951,-0.01895,3.416667,0.012206,0.07406,0.083565
810,117.248024,1000.0,0.910796,0.919884,0.0,0.0,0.144401,61514.0,0.130487,1.143417,0.240477,0.503367,-0.039009,0.807668,6.25461,-0.02,-0.8,-0.01,-0.05,-0.2,-2.0,0.500007,-0.167754,-0.001467,0.0,-0.000176,-0.019818,-0.03008,-0.063594,0.796765,-0.087206,-0.108559,-0.017455,-0.046635,1.817433,0.009787,-0.048494,-0.005117,-0.026007,5.043478,0.012668,0.058045,0.08387
811,116.168182,1000.0,0.919047,0.906583,0.0,0.0,0.144615,69017.0,0.125312,1.081472,0.222201,0.460419,-0.034956,0.757737,6.268369,-0.02,-0.8,-0.01,-0.05,-0.2,-2.0,0.500007,-0.16936,-0.001587,0.0,-0.000165,-0.01941,-0.028195,-0.060314,0.793978,-0.082915,-0.102412,-0.017279,-0.042495,1.833433,0.01173,-0.046984,-0.004442,-0.015197,3.583333,0.010452,0.060983,0.08345
812,116.345924,1000.0,0.922097,0.909392,0.0,0.0,0.144739,70141.0,0.127081,1.144468,0.22907,0.498522,-0.038826,0.786694,6.260825,-0.02,-0.8,-0.01,-0.05,-0.2,-2.0,0.500007,-0.175599,-0.001286,0.0,-0.000173,-0.019605,-0.030796,-0.063937,0.782331,-0.087858,-0.10253,-0.018242,-0.045152,1.81999,0.010522,-0.048911,-0.004745,-0.015964,5.0,0.010673,0.064355,0.077851
813,116.842422,1000.0,0.918295,0.911711,0.0,0.0,0.144622,70043.0,0.128074,1.120237,0.244511,0.511596,-0.039669,0.834508,6.258703,-0.02,-0.8,-0.01,-0.05,-0.2,-2.0,0.500007,-0.169715,-0.00164,0.0,-0.000181,-0.019468,-0.029355,-0.063253,0.793986,-0.085515,-0.104288,-0.017495,-0.047594,1.821128,0.010355,-0.048372,-0.005308,-0.028705,4.458333,0.010808,0.067316,0.081385
814,116.014252,1000.0,0.928995,0.908007,0.0,0.0,0.144516,40734.0,0.128768,1.174201,0.227938,0.495875,-0.039204,0.790233,6.268226,-0.02,-0.8,-0.01,-0.05,-0.2,-2.0,0.500007,-0.174362,-0.002177,0.0,-0.000175,-0.019764,-0.03118,-0.06316,0.793301,-0.088844,-0.108816,-0.018936,-0.045893,1.817988,0.010223,-0.049404,-0.003872,-0.015847,4.458333,0.011497,0.061132,0.087927
815,116.469162,1000.0,0.922293,0.909491,0.0,0.0,0.144677,67927.0,0.129149,1.148977,0.236112,0.49387,-0.038625,0.782188,6.2686,-0.02,-0.8,-0.01,-0.05,-0.2,-2.0,0.500007,-0.168842,-0.00174,0.0,-0.00017,-0.019675,-0.02957,-0.061543,0.795192,-0.086189,-0.105899,-0.017584,-0.044655,1.820946,0.010823,-0.048664,-0.005367,-0.030856,4.208333,0.010401,0.064588,0.098327
816,116.57785,1000.0,0.920125,0.911051,0.0,0.0,0.144559,69480.0,0.129731,1.132944,0.236588,0.49319,-0.038075,0.791177,6.226416,-0.02,-0.8,-0.01,-0.05,-0.2,-2.0,0.500007,-0.164635,-0.001728,0.0,-0.000175,-0.019865,-0.029895,-0.061395,0.795644,-0.087317,-0.107589,-0.017673,-0.045462,1.815285,0.010765,-0.048448,-0.004003,-0.020509,3.708333,0.009589,0.071195,0.104516
817,117.479866,1000.0,0.921847,0.912475,0.0,0.0,0.144532,68656.0,0.128978,1.147057,0.238388,0.500285,-0.038724,0.813238,6.220829,-0.02,-0.8,-0.01,-0.05,-0.2,-2.0,0.500007,-0.172421,-0.001447,0.0,-0.000176,-0.019553,-0.029432,-0.062526,0.79754,-0.088665,-0.106273,-0.01774,-0.046139,1.823471,0.01037,-0.048294,-0.005044,-0.019283,5.166667,0.012159,0.062927,0.075512
818,116.203415,1000.0,0.913342,0.906343,0.0,0.0,0.144394,69549.0,0.129568,1.147244,0.238887,0.506652,-0.039313,0.8016,6.230012,-0.02,-0.8,-0.01,-0.05,-0.2,-2.0,0.500007,-0.167741,-0.001539,0.0,-0.000176,-0.019663,-0.030185,-0.062868,0.791919,-0.088012,-0.107183,-0.018236,-0.046577,1.816126,0.010468,-0.048774,-0.004711,-0.020187,4.916667,0.012138,0.062862,0.093387
819,116.943062,1000.0,0.920049,0.910178,0.0,0.0,0.144716,69070.0,0.132667,1.177373,0.246497,0.528857,-0.0411,0.83021,6.210705,-0.02,-0.8,-0.01,-0.05,-0.2,-2.0,0.500007,-0.169437,-0.001335,0.0,-0.000183,-0.019917,-0.032065,-0.064299,0.794194,-0.091783,-0.109201,-0.018426,-0.04728,1.806803,0.009458,-0.050407,-0.004749,-0.031094,4.791667,0.01349,0.07155,0.073694
820,116.797539,1000.0,0.921755,0.907869,0.0,0.0,0.144632,42255.0,0.125907,1.135,0.234013,0.480783,-0.036453,0.79729,6.24292,-0.02,-0.8,-0.01,-0.05,-0.2,-2.0,0.500007,-0.169341,-0.001524,0.0,-0.000167,-0.019572,-0.028558,-0.060102,0.798644,-0.086504,-0.10565,-0.017704,-0.043106,1.829887,0.011204,-0.047597,-0.00546,-0.021798,4.304348,0.01187,0.066682,0.097496
821,116.876038,1000.0,0.919258,0.911708,0.0,0.0,0.144619,69915.0,0.12592,1.124129,0.225159,0.473993,-0.03643,0.765618,6.215768,-0.02,-0.8,-0.01,-0.05,-0.2,-2.0,0.500007,-0.168527,-0.001415,0.0,-0.000167,-0.019566,-0.028481,-0.060973,0.786392,-0.085064,-0.102259,-0.017468,-0.043299,1.828031,0.011191,-0.047357,-0.004274,-0.018778,5.166667,0.010894,0.066588,0.087486
822,114.955177,1000.0,0.915324,0.902447,0.0,0.0,0.144909,70133.0,0.125863,1.097282,0.220678,0.464153,-0.03561,0.757223,6.192649,-0.02,-0.8,-0.01,-0.05,-0.2,-2.0,0.500007,-0.172663,-0.001329,0.0,-0.00017,-0.019612,-0.028835,-0.062988,0.791661,-0.086043,-0.104129,-0.018185,-0.043957,1.826875,0.011343,-0.047598,-0.004688,-0.014631,5.333333,0.0114,0.074316,0.082802
823,116.923874,1000.0,0.923425,0.910153,0.0,0.0,0.145206,69600.0,0.130002,1.193824,0.239771,0.509781,-0.04003,0.8056,6.194459,-0.02,-0.8,-0.01,-0.05,-0.2,-2.0,0.500007,-0.170922,-0.00206,0.0,-0.000178,-0.019891,-0.03114,-0.062608,0.797132,-0.089828,-0.107748,-0.018074,-0.047071,1.816218,0.009321,-0.049753,-0.004212,-0.016653,3.583333,0.013491,0.061836,0.093182
824,116.225243,1000.0,0.922908,0.904517,0.0,0.0,0.145361,69590.0,0.127231,1.123927,0.229809,0.485057,-0.037669,0.788578,6.23175,-0.02,-0.8,-0.01,-0.05,-0.2,-2.0,0.500007,-0.172652,-0.001445,0.0,-0.000169,-0.019613,-0.029871,-0.061646,0.793508,-0.087989,-0.103278,-0.017258,-0.04327,1.82114,0.010831,-0.048205,-0.00528,-0.019839,4.833333,0.01124,0.065361,0.088936
825,116.743919,1000.0,0.915197,0.914056,0.0,0.0,0.145801,69520.0,0.126164,1.14127,0.231093,0.489776,-0.038066,0.779386,6.193092,-0.02,-0.8,-0.01,-0.05,-0.2,-2.0,0.500007,-0.173601,-0.001685,0.0,-0.000168,-0.019486,-0.030468,-0.062388,0.789583,-0.086071,-0.101288,-0.018259,-0.043871,1.827865,0.010858,-0.048285,-0.003935,-0.015102,4.958333,0.01092,0.069955,0.087278
826,116.286171,1000.0,0.920288,0.904234,0.0,0.0,0.145671,38517.0,0.129542,1.138147,0.236792,0.491012,-0.037911,0.785647,6.194999,-0.02,-0.8,-0.01,-0.05,-0.2,-2.0,0.500007,-0.168889,-0.001526,0.0,-0.000175,-0.01974,-0.029574,-0.062448,0.792534,-0.088573,-0.108283,-0.017566,-0.045442,1.817857,0.010098,-0.048566,-0.004571,-0.021543,4.75,0.011627,0.069119,0.085892
827,116.221581,1000.0,0.926875,0.913762,0.0,0.0,0.145724,69595.0,0.125119,1.135839,0.216919,0.463749,-0.035755,0.766471,6.248449,-0.02,-0.8,-0.01,-0.05,-0.2,-2.0,0.500007,-0.175502,-0.001263,0.0,-0.000172,-0.019289,-0.028582,-0.062634,0.794038,-0.085346,-0.10108,-0.017961,-0.043767,1.830844,0.010794,-0.047446,-0.004131,-0.012378,4.083333,0.009556,0.06927,0.084431
828,116.868149,1000.0,0.931646,0.904277,0.0,0.0,0.145898,65694.0,0.129622,1.181211,0.232361,0.503131,-0.040292,0.7978,6.247703,-0.02,-0.8,-0.01,-0.05,-0.2,-2.0,0.500007,-0.173075,-0.001572,0.0,-0.000176,-0.019789,-0.030827,-0.06374,0.791937,-0.090455,-0.10626,-0.018947,-0.046582,1.81582,0.009779,-0.049649,-0.004338,-0.014162,4.541667,0.010225,0.06881,0.087977
829,116.415527,1000.0,0.915321,0.921369,0.0,0.0,0.145414,66774.0,0.127751,1.097024,0.232987,0.480619,-0.036448,0.787047,6.224561,-0.02,-0.8,-0.01,-0.05,-0.2,-2.0,0.500007,-0.170768,-0.001166,0.0,-0.000163,-0.019419,-0.028292,-0.061085,0.797893,-0.085035,-0.102761,-0.017469,-0.042283,1.819639,0.010662,-0.047139,-0.00467,-0.016655,4.333333,0.010163,0.060219,0.084341
830,114.431602,994.299988,0.91733,0.900872,0.041667,0.0,0.145448,67531.0,0.124002,1.086311,0.217055,0.458284,-0.03575,0.724934,6.21393,-0.02,-0.8,-0.01,-0.05,-0.2,-2.0,0.498024,-0.168075,-0.001751,-0.000278,-0.000161,-0.019541,-0.028503,-0.06184,0.772874,-0.085299,-0.100236,-0.017381,-0.042637,1.822867,0.011943,-0.047476,-0.004583,-0.019368,4.125,0.012337,0.069188,0.088534
831,115.94503,1000.0,0.923873,0.902331,0.0,0.0,0.145781,40497.0,0.126283,1.139356,0.222622,0.486356,-0.037027,0.783594,6.222992,-0.02,-0.8,-0.01,-0.05,-0.2,-2.0,0.500007,-0.177434,-0.001478,0.0,-0.000174,-0.019359,-0.029502,-0.063366,0.785796,-0.087287,-0.100561,-0.018265,-0.044002,1.827659,0.010296,-0.048195,-0.004469,-0.022511,3.75,0.01136,0.065629,0.081611
832,115.303101,1000.0,0.923949,0.904299,0.0,0.0,0.145794,70549.0,0.127168,1.123988,0.225285,0.47952,-0.037041,0.764855,6.251098,-0.02,-0.8,-0.01,-0.05,-0.2,-2.0,0.500007,-0.17089,-0.001559,0.0,-0.000167,-0.019656,-0.029521,-0.06177,0.787597,-0.088282,-0.104197,-0.017757,-0.04432,1.826844,0.011023,-0.048203,-0.004459,-0.017819,4.956522,0.011555,0.073303,0.110398
833,114.936958,1000.0,0.922186,0.907762,0.0,0.0,0.145742,69519.0,0.125478,1.128952,0.219548,0.462504,-0.03646,0.733986,6.216327,-0.02,-0.8,-0.01,-0.05,-0.2,-2.0,0.500007,-0.170782,-0.001698,0.0,-0.000158,-0.01942,-0.028869,-0.06237,0.788668,-0.086143,-0.100876,-0.017545,-0.042406,1.829651,0.010902,-0.047107,-0.00386,-0.013682,4.478261,0.010251,0.060645,0.09159
834,116.657608,1000.0,0.926934,0.91175,0.0,0.0,0.145885,67432.0,0.125889,1.148488,0.229625,0.484601,-0.037669,0.783816,6.220129,-0.02,-0.8,-0.01,-0.05,-0.2,-2.0,0.500007,-0.173742,-0.001371,0.0,-0.000172,-0.019499,-0.029824,-0.063353,0.795199,-0.086827,-0.101,-0.018289,-0.044416,1.823461,0.010736,-0.048074,-0.004457,-0.022622,6.666667,0.011311,0.057186,0.074824
835,115.905884,1000.0,0.928811,0.914022,0.0,0.0,0.146058,64120.0,0.125978,1.132533,0.226384,0.483755,-0.037763,0.773533,6.213663,-0.02,-0.8,-0.01,-0.05,-0.2,-2.0,0.500007,-0.174238,-0.001669,0.0,-0.000169,-0.019304,-0.029426,-0.062311,0.792006,-0.086838,-0.10115,-0.018074,-0.044181,1.827452,0.01072,-0.04783,-0.004404,-0.021064,8.875,0.011295,0.068691,0.088277
836,115.972565,1000.0,0.919152,0.910557,0.0,0.0,0.145583,68594.0,0.127912,1.126859,0.231071,0.484413,-0.037661,0.784495,6.187387,-0.02,-0.8,-0.01,-0.05,-0.2,-2.0,0.500007,-0.171567,-0.001546,0.0,-0.000174,-0.019621,-0.029762,-0.063221,0.791841,-0.087225,-0.105685,-0.018548,-0.045736,1.82637,0.010493,-0.048082,-0.0044,-0.018493,7.333333,0.012036,0.068054,0.087824
837,116.917038,1000.0,0.920076,0.913649,0.0,0.0,0.145309,40454.0,0.12735,1.167105,0.239422,0.502104,-0.038419,0.799422,6.218398,-0.02,-0.8,-0.01,-0.05,-0.2,-2.0,0.500007,-0.168353,-0.001661,0.0,-0.000173,-0.019624,-0.029409,-0.061943,0.790224,-0.088909,-0.106222,-0.018027,-0.045709,1.828334,0.009848,-0.048369,-0.00482,-0.016283,6.916667,0.012239,0.064624,0.095345
838,117.40052,1000.0,0.919812,0.916007,0.0,0.0,0.144971,69422.0,0.128542,1.189458,0.239669,0.515481,-0.039831,0.810442,6.242131,-0.02,-0.8,-0.01,-0.05,-0.2,-2.0,0.500007,-0.172168,-0.002065,0.0,-0.000175,-0.019634,-0.030481,-0.062073,0.79452,-0.087537,-0.103357,-0.017507,-0.045889,1.818453,0.01015,-0.04943,-0.004039,-0.021507,7.166667,0.010831,0.064635,0.081655
839,115.972359,1000.0,0.938037,0.916199,0.0,0.0,0.144549,68807.0,0.124346,1.114208,0.221226,0.464161,-0.035827,0.762936,6.258732,-0.02,-0.8,-0.01,-0.05,-0.2,-2.0,0.500007,-0.178131,-0.001315,0.0,-0.000163,-0.019209,-0.028438,-0.061804,0.798999,-0.084723,-0.097039,-0.017434,-0.041529,1.834453,0.011178,-0.047087,-0.004011,-0.016992,6.125,0.010844,0.060618,0.085027
840,115.826721,1000.0,0.930495,0.911503,0.0,0.0,0.144086,67303.0,0.125472,1.109023,0.221703,0.475389,-0.036345,0.771309,6.234318,-0.02,-0.8,-0.01,-0.05,-0.2,-2.0,0.500007,-0.173499,-0.001473,0.0,-0.00017,-0.019448,-0.02932,-0.062844,0.78837,-0.08729,-0.102582,-0.018073,-0.043934,1.832521,0.011061,-0.04786,-0.004223,-0.015273,6.416667,0.011814,0.065665,0.07496
841,116.857994,1000.0,0.912418,0.896432,0.0,0.0,0.143963,68865.0,0.127806,1.168882,0.233239,0.499119,-0.038869,0.789095,6.232055,-0.02,-0.8,-0.01,-0.05,-0.2,-2.0,0.500007,-0.170962,-0.001972,0.0,-0.000173,-0.019728,-0.030693,-0.064634,0.791471,-0.088567,-0.106856,-0.018182,-0.046768,1.825366,0.009857,-0.048682,-0.004319,-0.01585,5.958333,0.010884,0.075396,0.08733
842,115.783539,1000.0,0.91427,0.909156,0.0,0.0,0.144129,40448.0,0.125896,1.151129,0.22411,0.483137,-0.037921,0.770634,6.194604,-0.02,-0.8,-0.01,-0.05,-0.2,-2.0,0.500007,-0.172992,-0.001472,0.0,-0.000168,-0.019534,-0.029599,-0.063578,0.784144,-0.089815,-0.103569,-0.018589,-0.045251,1.834093,0.010192,-0.048241,-0.003905,-0.010797,5.5,0.0119,0.065552,0.082644
843,115.064674,1000.0,0.926593,0.9105,0.0,0.0,0.14439,69392.0,0.124411,1.114794,0.21746,0.462889,-0.035504,0.746303,6.235174,-0.02,-0.8,-0.01,-0.05,-0.2,-2.0,0.500007,-0.172248,-0.001738,0.0,-0.00016,-0.019461,-0.028872,-0.061788,0.783387,-0.086971,-0.102588,-0.018003,-0.041657,1.835016,0.010328,-0.047273,-0.003751,-0.014861,5.521739,0.011353,0.070698,0.084973
844,117.176094,1000.0,0.923203,0.915932,0.0,0.0,0.144427,66371.0,0.126386,1.17845,0.240545,0.500882,-0.039363,0.795646,6.23829,-0.02,-0.8,-0.01,-0.05,-0.2,-2.0,0.500007,-0.171446,-0.001407,0.0,-0.000174,-0.019603,-0.030238,-0.061732,0.795515,-0.087624,-0.103588,-0.018174,-0.047129,1.826315,0.010073,-0.048231,-0.003953,-0.012516,4.791667,0.012489,0.073192,0.078376
845,115.769577,1000.0,0.931485,0.906977,0.0,0.0,0.144587,65719.0,0.127924,1.091579,0.236376,0.48155,-0.037477,0.761557,6.264703,-0.02,-0.8,-0.01,-0.05,-0.2,-2.0,0.500007,-0.162102,-0.001424,0.0,-0.000168,-0.019644,-0.02884,-0.060381,0.789432,-0.085785,-0.108561,-0.016529,-0.045596,1.825114,0.011243,-0.047597,-0.005335,-0.023264,4.5,0.01101,0.079135,0.08704
846,115.615082,1000.0,0.922717,0.89899,0.0,0.0,0.144554,67261.0,0.126308,1.125871,0.221936,0.483451,-0.038604,0.751445,6.265735,-0.02,-0.8,-0.01,-0.05,-0.2,-2.0,0.500007,-0.171538,-0.001497,0.0,-0.000165,-0.019593,-0.030174,-0.062844,0.779148,-0.087621,-0.104928,-0.018221,-0.044747,1.829526,0.010745,-0.048418,-0.003812,-0.014785,4.958333,0.012316,0.064628,0.09705
847,116.920128,1000.0,0.925333,0.905167,0.0,0.0,0.144033,68395.0,0.12971,1.211715,0.244353,0.52664,-0.041132,0.806904,6.253088,-0.02,-0.8,-0.01,-0.05,-0.2,-2.0,0.500007,-0.168963,-0.002621,0.0,-0.000177,-0.019628,-0.0317,-0.063382,0.78693,-0.087348,-0.104984,-0.017806,-0.048277,1.818337,0.009625,-0.049475,-0.004302,-0.023544,4.416667,0.011888,0.066967,0.086684
848,116.735046,1000.0,0.924007,0.906256,0.0,0.0,0.144435,37920.0,0.128064,1.143456,0.24064,0.503505,-0.039585,0.798799,6.242528,-0.02,-0.8,-0.01,-0.05,-0.2,-2.0,0.500007,-0.17512,-0.002062,0.0,-0.000168,-0.019485,-0.030954,-0.061398,0.79748,-0.087421,-0.10166,-0.018506,-0.04495,1.828082,0.010608,-0.048263,-0.004146,-0.015652,4.291667,0.011345,0.068475,0.088964
849,116.355309,1000.0,0.922993,0.906646,0.0,0.0,0.144195,64519.0,0.128453,1.169778,0.230908,0.500969,-0.039629,0.787698,6.27329,-0.02,-0.8,-0.01,-0.05,-0.2,-2.0,0.500007,-0.173837,-0.001503,0.0,-0.000176,-0.019565,-0.030695,-0.063527,0.781134,-0.089232,-0.103556,-0.019096,-0.047173,1.822506,0.010184,-0.048954,-0.003972,-0.017823,4.666667,0.012962,0.069911,0.083786
850,117.764763,1000.0,0.918015,0.905973,0.0,0.0,0.144436,67729.0,0.128759,1.132187,0.24418,0.518307,-0.040202,0.81868,6.232826,-0.02,-0.8,-0.01,-0.05,-0.2,-2.0,0.500007,-0.166789,-0.001857,0.0,-0.000182,-0.019792,-0.030548,-0.064249,0.794802,-0.090655,-0.110303,-0.018429,-0.049412,1.829048,0.009964,-0.048882,-0.003848,-0.016574,4.166667,0.012848,0.068038,0.090971
851,116.474396,1000.0,0.92378,0.913088,0.0,0.0,0.144789,69896.0,0.130041,1.175018,0.232726,0.511867,-0.03988,0.78567,6.258584,-0.02,-0.8,-0.01,-0.05,-0.2,-2.0,0.500007,-0.17321,-0.001868,0.0,-0.000173,-0.019553,-0.030945,-0.063891,0.779097,-0.088892,-0.103067,-0.018364,-0.046659,1.814828,0.010339,-0.049543,-0.004377,-0.029004,4.347826,0.011405,0.066771,0.086411
852,115.910912,1000.0,0.920664,0.912342,0.0,0.0,0.144754,69097.0,0.126312,1.162834,0.225874,0.4835,-0.037766,0.765647,6.244369,-0.02,-0.8,-0.01,-0.05,-0.2,-2.0,0.500007,-0.174284,-0.001805,0.0,-0.000169,-0.019551,-0.030306,-0.063318,0.784176,-0.088667,-0.10398,-0.018086,-0.044522,1.827953,0.010675,-0.048323,-0.004181,-0.015953,4.416667,0.011045,0.065476,0.094847
853,115.893799,1000.0,0.933223,0.919237,0.0,0.0,0.144766,70309.0,0.12201,1.120361,0.215913,0.462253,-0.035818,0.758466,6.270519,-0.02,-0.8,-0.01,-0.05,-0.2,-2.0,0.500007,-0.178838,-0.001231,0.0,-0.000164,-0.01916,-0.02857,-0.061141,0.793059,-0.086505,-0.095726,-0.018744,-0.042305,1.838531,0.010971,-0.047138,-0.003635,-0.01031,4.333333,0.009406,0.051033,0.078306
854,115.69178,1000.0,0.922684,0.908828,0.0,0.0,0.144911,38798.0,0.123409,1.086984,0.215465,0.451148,-0.034688,0.744201,6.274776,-0.02,-0.8,-0.01,-0.05,-0.2,-2.0,0.500007,-0.17428,-0.001361,0.0,-0.000163,-0.019056,-0.027784,-0.061,0.79122,-0.084073,-0.098508,-0.017537,-0.042025,1.84209,0.011644,-0.046044,-0.003571,-0.015969,4.125,0.012013,0.064551,0.084546
855,116.089218,1000.0,0.921878,0.905012,0.0,0.0,0.144961,70062.0,0.125727,1.130542,0.233049,0.495123,-0.038547,0.793034,6.293277,-0.02,-0.8,-0.01,-0.05,-0.2,-2.0,0.500007,-0.176789,-0.001271,0.0,-0.000172,-0.019369,-0.029881,-0.062845,0.789075,-0.089972,-0.101351,-0.017945,-0.045394,1.826933,0.010176,-0.048194,-0.00504,-0.022931,4.916667,0.011458,0.069097,0.096888
856,116.411797,1000.0,0.92282,0.909633,0.0,0.0,0.145139,70090.0,0.124478,1.141315,0.225944,0.480516,-0.036647,0.773085,6.284956,-0.02,-0.8,-0.01,-0.05,-0.2,-2.0,0.500007,-0.172267,-0.001681,0.0,-0.000168,-0.019354,-0.028743,-0.061092,0.78504,-0.085634,-0.103106,-0.017072,-0.044608,1.839627,0.01069,-0.047472,-0.004587,-0.018045,4.125,0.011654,0.064352,0.085603
857,117.541412,1000.0,0.925105,0.915568,0.0,0.0,0.145027,70196.0,0.126589,1.137716,0.233118,0.50385,-0.038238,0.77543,6.23943,-0.02,-0.8,-0.01,-0.05,-0.2,-2.0,0.500007,-0.169024,-0.002124,0.0,-0.000169,-0.019459,-0.029934,-0.061858,0.78509,-0.087921,-0.107375,-0.017023,-0.045874,1.834107,0.010571,-0.048544,-0.004302,-0.01465,4.166667,0.013421,0.072035,0.08973
858,116.412582,1000.0,0.932659,0.910221,0.0,0.0,0.144947,68701.0,0.124429,1.118968,0.224511,0.474054,-0.036638,0.761224,6.268188,-0.02,-0.8,-0.01,-0.05,-0.2,-2.0,0.500007,-0.173509,-0.001201,0.0,-0.000166,-0.019198,-0.029215,-0.062159,0.791787,-0.08678,-0.101448,-0.017713,-0.043576,1.836798,0.011018,-0.047139,-0.004219,-0.020378,3.958333,0.011262,0.05916,0.08777
859,116.825195,1000.0,0.919962,0.902347,0.0,0.0,0.145137,40663.0,0.128758,1.140265,0.238395,0.500647,-0.039472,0.80115,6.252398,-0.02,-0.8,-0.01,-0.05,-0.2,-2.0,0.500007,-0.171139,-0.001763,0.0,-0.000175,-0.019562,-0.030283,-0.063197,0.79267,-0.089007,-0.106292,-0.017917,-0.047478,1.827781,0.010022,-0.048402,-0.004188,-0.020808,5.708333,0.011647,0.068194,0.093257
860,117.116798,1000.0,0.917603,0.915784,0.0,0.0,0.145068,70360.0,0.125012,1.114107,0.237715,0.490778,-0.037376,0.782425,6.239227,-0.02,-0.8,-0.01,-0.05,-0.2,-2.0,0.500007,-0.172242,-0.001405,0.0,-0.000166,-0.019066,-0.028298,-0.06085,0.79426,-0.085008,-0.099138,-0.016079,-0.044142,1.837031,0.010901,-0.04655,-0.004789,-0.016994,4.458333,0.012108,0.069737,0.093599
861,117.844879,1000.0,0.928285,0.906604,0.0,0.0,0.145344,68037.0,0.128263,1.178085,0.244281,0.512317,-0.03962,0.826798,6.217969,-0.02,-0.8,-0.01,-0.05,-0.2,-2.0,0.500007,-0.171168,-0.00189,0.0,-0.000179,-0.019302,-0.030264,-0.061588,0.803324,-0.087073,-0.103809,-0.017397,-0.04665,1.826211,0.0099,-0.048684,-0.003994,-0.014162,4.666667,0.012264,0.065448,0.085648
862,116.100227,1000.0,0.915351,0.908759,0.0,0.0,0.145774,68993.0,0.127651,1.144833,0.231616,0.484278,-0.038053,0.756568,6.229021,-0.02,-0.8,-0.01,-0.05,-0.2,-2.0,0.500007,-0.168198,-0.001794,0.0,-0.00017,-0.01947,-0.029466,-0.062298,0.791226,-0.087099,-0.106987,-0.017519,-0.047024,1.833806,0.010578,-0.047636,-0.00389,-0.014908,4.652174,0.011983,0.068457,0.101092
863,116.854309,1000.0,0.929486,0.915596,0.0,0.0,0.146,69804.0,0.127366,1.126748,0.231869,0.497029,-0.038727,0.784229,6.206903,-0.02,-0.8,-0.01,-0.05,-0.2,-2.0,0.500007,-0.171328,-0.001728,0.0,-0.000168,-0.019407,-0.030378,-0.061178,0.788297,-0.086872,-0.103133,-0.017083,-0.044656,1.822261,0.010727,-0.048483,-0.003853,-0.020179,5.375,0.011953,0.066211,0.085233
864,117.050034,1000.0,0.916866,0.907861,0.0,0.0,0.145904,68077.0,0.129536,1.164948,0.241865,0.511613,-0.040222,0.799573,6.239082,-0.02,-0.8,-0.01,-0.05,-0.2,-2.0,0.500007,-0.168674,-0.001992,0.0,-0.000173,-0.019704,-0.030943,-0.063164,0.793542,-0.090311,-0.108085,-0.018745,-0.047826,1.830593,0.009855,-0.049195,-0.004384,-0.01695,4.416667,0.012568,0.065606,0.088189
865,116.973465,1000.0,0.912482,0.919752,0.0,0.0,0.146446,38246.0,0.128043,1.109785,0.241987,0.490908,-0.036961,0.786491,6.20932,-0.02,-0.8,-0.01,-0.05,-0.2,-2.0,0.500007,-0.163906,-0.001573,0.0,-0.000166,-0.019503,-0.028942,-0.060444,0.797871,-0.086721,-0.104054,-0.016301,-0.044637,1.828281,0.010344,-0.047104,-0.004164,-0.020521,3.958333,0.011795,0.066181,0.076994
866,117.640411,1000.0,0.92337,0.909641,0.0,0.0,0.146427,68875.0,0.13038,1.126019,0.244779,0.504472,-0.038517,0.807283,6.202745,-0.02,-0.8,-0.01,-0.05,-0.2,-2.0,0.500007,-0.16634,-0.001601,0.0,-0.000175,-0.019497,-0.029535,-0.06138,0.800863,-0.088954,-0.108028,-0.017375,-0.047212,1.825238,0.010232,-0.047951,-0.005108,-0.028586,5.0,0.011944,0.063883,0.086962
867,115.720322,1000.0,0.928519,0.90541,0.0,0.0,0.146092,70332.0,0.12379,1.152194,0.219404,0.479328,-0.037003,0.772028,6.204475,-0.02,-0.8,-0.01,-0.05,-0.2,-2.0,0.500007,-0.178784,-0.001204,0.0,-0.00017,-0.019056,-0.029262,-0.062058,0.789057,-0.086762,-0.099242,-0.017839,-0.044079,1.836163,0.010513,-0.047559,-0.00405,-0.01679,5.125,0.010958,0.067097,0.082317
868,117.841682,1000.0,0.926993,0.904045,0.0,0.0,0.145836,69509.0,0.127219,1.134562,0.243146,0.520382,-0.039965,0.823146,6.196213,-0.02,-0.8,-0.01,-0.05,-0.2,-2.0,0.500007,-0.173729,-0.001584,0.0,-0.000174,-0.019376,-0.030803,-0.06242,0.794332,-0.088633,-0.103358,-0.017755,-0.046407,1.828682,0.010165,-0.048908,-0.004546,-0.018161,4.416667,0.010781,0.060652,0.094469
869,116.977638,1000.0,0.919191,0.915053,0.0,0.0,0.145694,69575.0,0.122973,1.081868,0.214376,0.444605,-0.034018,0.723475,6.195974,-0.02,-0.8,-0.01,-0.05,-0.2,-2.0,0.500007,-0.168873,-0.001214,0.0,-0.000155,-0.019215,-0.027247,-0.059515,0.787049,-0.085361,-0.100098,-0.016846,-0.040935,1.845353,0.011816,-0.04577,-0.003227,-0.008582,4.291667,0.01126,0.060977,0.08411
870,115.577415,1000.0,0.915205,0.917219,0.0,0.0,0.145383,70012.0,0.12401,1.111341,0.219067,0.460021,-0.035282,0.751067,6.201678,-0.02,-0.8,-0.01,-0.05,-0.2,-2.0,0.500007,-0.17188,-0.001285,0.0,-0.000164,-0.01927,-0.027885,-0.061943,0.792129,-0.08698,-0.102119,-0.017769,-0.043062,1.84076,0.010766,-0.046632,-0.004065,-0.020289,4.666667,0.011671,0.064267,0.085096
871,115.462044,1000.0,0.914486,0.905665,0.0,0.0,0.145747,40442.0,0.126783,1.107421,0.229212,0.474608,-0.037034,0.746969,6.18119,-0.02,-0.8,-0.01,-0.05,-0.2,-2.0,0.500007,-0.162035,-0.002321,0.0,-0.000163,-0.019467,-0.028627,-0.060811,0.79013,-0.087047,-0.107268,-0.016842,-0.045793,1.836272,0.0107,-0.046917,-0.004399,-0.014541,3.416667,0.010276,0.073071,0.081697
872,116.116585,999.719971,0.916812,0.917765,0.041667,0.0,0.145899,70410.0,0.128121,1.088677,0.232679,0.489229,-0.037613,0.780746,6.178882,-0.02,-0.8,-0.01,-0.05,-0.2,-2.0,0.499886,-0.171336,-0.001556,-0.000333,-0.00017,-0.019441,-0.029726,-0.062325,0.791259,-0.08804,-0.105298,-0.017499,-0.045998,1.827348,0.010914,-0.047694,-0.005008,-0.030532,4.625,0.011619,0.05552,0.07575
873,114.910988,1000.0,0.91022,0.906561,0.0,0.0,0.145982,70651.0,0.127321,1.06075,0.221712,0.471068,-0.03615,0.744307,6.184007,-0.02,-0.8,-0.01,-0.05,-0.2,-2.0,0.500007,-0.170773,-0.001652,0.0,-0.000158,-0.01949,-0.028986,-0.061968,0.779013,-0.087135,-0.104112,-0.016892,-0.043206,1.83189,0.011722,-0.047194,-0.004659,-0.02013,3.708333,0.01259,0.069774,0.081727
874,115.777359,1000.0,0.919475,0.911941,0.0,0.0,0.14548,70850.0,0.127122,1.149544,0.226464,0.482587,-0.037102,0.758326,6.16389,-0.02,-0.8,-0.01,-0.05,-0.2,-2.0,0.500007,-0.168188,-0.002052,0.0,-0.000162,-0.019373,-0.029258,-0.061405,0.783605,-0.088519,-0.107254,-0.017833,-0.043812,1.829893,0.010423,-0.047636,-0.003486,-0.011514,4.869565,0.012719,0.070585,0.091575
875,116.124443,1000.0,0.924118,0.906689,0.0,0.0,0.14515,69170.0,0.128993,1.134217,0.234719,0.498288,-0.039178,0.789518,6.199308,-0.02,-0.8,-0.01,-0.05,-0.2,-2.0,0.500007,-0.167964,-0.002122,0.0,-0.000177,-0.019666,-0.030835,-0.063323,0.79318,-0.08914,-0.109408,-0.018041,-0.0486,1.823314,0.010095,-0.048765,-0.004423,-0.021379,5.26087,0.011543,0.069379,0.098709
876,116.102631,1000.0,0.926115,0.909313,0.0,0.0,0.145081,40249.0,0.125985,1.117302,0.227986,0.491163,-0.038317,0.771559,6.203959,-0.02,-0.8,-0.01,-0.05,-0.2,-2.0,0.500007,-0.175866,-0.001731,0.0,-0.000169,-0.019284,-0.030067,-0.063022,0.788882,-0.088532,-0.102714,-0.018479,-0.045707,1.833799,0.011065,-0.048075,-0.004153,-0.019475,7.791667,0.012233,0.071343,0.092553
877,116.49704,1000.0,0.922331,0.91442,0.0,0.0,0.145174,68127.0,0.126356,1.129245,0.228038,0.484335,-0.037944,0.757704,6.219684,-0.02,-0.8,-0.01,-0.05,-0.2,-2.0,0.500007,-0.169416,-0.001706,0.0,-0.000165,-0.01929,-0.029766,-0.061928,0.789218,-0.087752,-0.104467,-0.018338,-0.045421,1.836014,0.010932,-0.047697,-0.003972,-0.017455,8.416667,0.011894,0.063858,0.081491
878,116.065369,1000.0,0.915189,0.909497,0.0,0.0,0.144478,69972.0,0.126897,1.103123,0.221729,0.486456,-0.03841,0.765901,6.201944,-0.02,-0.8,-0.01,-0.05,-0.2,-2.0,0.500007,-0.175197,-0.001688,0.0,-0.00017,-0.019294,-0.030244,-0.063772,0.782916,-0.087357,-0.103874,-0.018652,-0.046678,1.832564,0.010931,-0.048022,-0.004986,-0.019447,7.166667,0.012525,0.06675,0.093726
879,116.519035,1000.0,0.917189,0.913098,0.0,0.0,0.144597,69988.0,0.125749,1.100936,0.228074,0.484649,-0.036908,0.77457,6.205883,-0.02,-0.8,-0.01,-0.05,-0.2,-2.0,0.500007,-0.172268,-0.001731,0.0,-0.000168,-0.019183,-0.02893,-0.061273,0.789654,-0.085357,-0.101833,-0.017664,-0.045512,1.830686,0.011274,-0.047142,-0.004105,-0.015071,6.5,0.012413,0.071215,0.092905
880,117.925873,1000.0,0.926496,0.912431,0.0,0.0,0.144532,69920.0,0.124585,1.166306,0.230824,0.49835,-0.039196,0.783526,6.19187,-0.02,-0.8,-0.01,-0.05,-0.2,-2.0,0.500007,-0.178337,-0.001905,0.0,-0.000172,-0.019127,-0.030511,-0.062643,0.795021,-0.088063,-0.102296,-0.017654,-0.046291,1.835969,0.01046,-0.048314,-0.004438,-0.020061,7.291667,0.010973,0.058308,0.081135
881,117.86969,1000.0,0.918661,0.92054,0.0,0.0,0.144602,69979.0,0.127978,1.154754,0.240811,0.51408,-0.039971,0.794201,6.210307,-0.02,-0.8,-0.01,-0.05,-0.2,-2.0,0.500007,-0.170962,-0.001911,0.0,-0.000168,-0.019279,-0.030334,-0.062445,0.791421,-0.088097,-0.102435,-0.017442,-0.046844,1.828173,0.010666,-0.04824,-0.004183,-0.01741,6.083333,0.011454,0.064334,0.085605
882,114.572128,1000.0,0.918401,0.909449,0.0,0.0,0.144743,40361.0,0.126824,1.105673,0.223956,0.477315,-0.037382,0.755299,6.200162,-0.02,-0.8,-0.01,-0.05,-0.2,-2.0,0.500007,-0.17297,-0.001985,0.0,-0.000166,-0.01913,-0.028986,-0.062248,0.790864,-0.087074,-0.103671,-0.017728,-0.046085,1.834194,0.011343,-0.047089,-0.004414,-0.024059,6.416667,0.01272,0.0696,0.091492
883,117.302284,1000.0,0.926782,0.909675,0.0,0.0,0.144766,70337.0,0.128056,1.149347,0.238489,0.506843,-0.039966,0.789407,6.223779,-0.02,-0.8,-0.01,-0.05,-0.2,-2.0,0.500007,-0.169698,-0.002199,0.0,-0.00017,-0.019244,-0.030616,-0.06185,0.796539,-0.087709,-0.104761,-0.017467,-0.047394,1.828567,0.010044,-0.048068,-0.004605,-0.017864,6.125,0.012141,0.068281,0.085013
884,116.779823,1000.0,0.913022,0.909785,0.0,0.0,0.1448,69342.0,0.128344,1.140824,0.236835,0.511346,-0.039433,0.807812,6.209595,-0.02,-0.8,-0.01,-0.05,-0.2,-2.0,0.500007,-0.173409,-0.001734,0.0,-0.000178,-0.019252,-0.029708,-0.062156,0.791388,-0.088842,-0.103159,-0.018187,-0.047906,1.828618,0.010269,-0.048604,-0.004269,-0.023015,4.916667,0.013521,0.060922,0.090537
885,115.284103,1000.0,0.925505,0.915233,0.0,0.0,0.144543,71209.0,0.128374,1.174324,0.225528,0.485045,-0.038312,0.776588,6.203282,-0.02,-0.8,-0.01,-0.05,-0.2,-2.0,0.500007,-0.173963,-0.002259,0.0,-0.000174,-0.01927,-0.029792,-0.063175,0.797058,-0.088411,-0.105482,-0.018878,-0.04744,1.825953,0.010372,-0.047768,-0.003979,-0.017092,5.73913,0.011786,0.070307,0.077306
886,115.701622,1000.0,0.921939,0.907373,0.0,0.0,0.144967,70071.0,0.13096,1.122724,0.226413,0.483038,-0.03759,0.766461,6.174665,-0.02,-0.8,-0.01,-0.05,-0.2,-2.0,0.500007,-0.173313,-0.001446,0.0,-0.000165,-0.019086,-0.029497,-0.062425,0.789062,-0.087559,-0.101451,-0.017495,-0.044796,1.818407,0.010147,-0.047238,-0.003391,-0.012622,4.166667,0.011887,0.071015,0.094307
887,116.430527,1000.0,0.917002,0.909441,0.0,0.0,0.14464,69931.0,0.126779,1.095262,0.219539,0.474535,-0.037012,0.750976,6.172235,-0.02,-0.8,-0.01,-0.05,-0.2,-2.0,0.500007,-0.169668,-0.001777,0.0,-0.000168,-0.019279,-0.028723,-0.063572,0.782205,-0.087642,-0.104953,-0.017717,-0.046903,1.837597,0.010879,-0.047187,-0.004177,-0.024468,4.833333,0.010904,0.064273,0.080227
888,117.465157,1000.0,0.929502,0.91174,0.0,0.0,0.144716,37661.0,0.129226,1.143788,0.244653,0.503289,-0.039506,0.804924,6.17164,-0.02,-0.8,-0.01,-0.05,-0.2,-2.0,0.500007,-0.167139,-0.001462,0.0,-0.000175,-0.019329,-0.029564,-0.060398,0.800794,-0.090099,-0.104127,-0.017491,-0.048074,1.824347,0.010307,-0.047641,-0.003631,-0.012134,4.583333,0.014452,0.066008,0.073993
889,115.197304,1000.0,0.918558,0.904262,0.0,0.0,0.144719,69641.0,0.127894,1.109981,0.224901,0.487295,-0.038197,0.773191,6.187612,-0.02,-0.8,-0.01,-0.05,-0.2,-2.0,0.500007,-0.174968,-0.001707,0.0,-0.000168,-0.019291,-0.030147,-0.062629,0.785612,-0.088916,-0.102389,-0.018053,-0.045871,1.824916,0.011534,-0.047801,-0.004155,-0.018554,4.833333,0.011566,0.067667,0.094397
890,117.594063,1000.0,0.920242,0.919614,0.0,0.0,0.144668,70187.0,0.12874,1.115036,0.236028,0.506862,-0.039695,0.818972,6.20997,-0.02,-0.8,-0.01,-0.05,-0.2,-2.0,0.500007,-0.175327,-0.00176,0.0,-0.000177,-0.019268,-0.03029,-0.062649,0.795284,-0.087848,-0.102667,-0.018267,-0.047957,1.819576,0.010119,-0.048371,-0.004545,-0.022719,4.083333,0.011059,0.068397,0.087784
891,116.457161,1000.0,0.921761,0.912983,0.0,0.0,0.144679,70213.0,0.12623,1.141325,0.234397,0.497574,-0.038754,0.787546,6.176982,-0.02,-0.8,-0.01,-0.05,-0.2,-2.0,0.500007,-0.171652,-0.001643,0.0,-0.000169,-0.019138,-0.029435,-0.061527,0.792776,-0.087291,-0.102228,-0.017649,-0.046602,1.83309,0.010658,-0.047597,-0.004091,-0.010354,4.875,0.009913,0.070062,0.08666
892,117.21312,1000.0,0.929061,0.906404,0.0,0.0,0.144602,69625.0,0.130178,1.11235,0.236837,0.5011,-0.040251,0.78562,6.186787,-0.02,-0.8,-0.01,-0.05,-0.2,-2.0,0.500007,-0.171482,-0.001438,0.0,-0.000174,-0.019244,-0.030751,-0.062637,0.800813,-0.088455,-0.105028,-0.017626,-0.049294,1.826072,0.010727,-0.047914,-0.004295,-0.020258,3.5,0.011855,0.068505,0.077204
893,116.634933,1000.0,0.921059,0.908212,0.0,0.0,0.144352,71668.0,0.128386,1.177789,0.235624,0.512496,-0.041031,0.784285,6.182262,-0.02,-0.8,-0.01,-0.05,-0.2,-2.0,0.500007,-0.171261,-0.002027,0.0,-0.000175,-0.019389,-0.031183,-0.063258,0.785189,-0.089351,-0.105105,-0.018608,-0.049492,1.824548,0.009531,-0.048895,-0.003966,-0.01744,4.608696,0.011112,0.062138,0.089446
894,116.112251,1000.0,0.90723,0.905724,0.0,0.0,0.144914,40265.0,0.12887,1.146625,0.227073,0.499504,-0.039553,0.79075,6.221824,-0.02,-0.8,-0.01,-0.05,-0.2,-2.0,0.500007,-0.175564,-0.0016,0.0,-0.000176,-0.019359,-0.030613,-0.063678,0.784297,-0.090432,-0.104746,-0.017678,-0.048667,1.826239,0.010343,-0.04862,-0.0039,-0.020786,4.25,0.011941,0.059041,0.079678
895,116.395531,1000.0,0.912607,0.907752,0.0,0.0,0.144566,69273.0,0.128871,1.163882,0.241162,0.506412,-0.038639,0.80891,6.208844,-0.02,-0.8,-0.01,-0.05,-0.2,-2.0,0.500007,-0.170371,-0.00152,0.0,-0.000175,-0.019264,-0.029508,-0.06247,0.788764,-0.088807,-0.106026,-0.017112,-0.047863,1.827858,0.010013,-0.047491,-0.004727,-0.026071,4.708333,0.012556,0.068261,0.088162
896,115.730507,1000.0,0.921531,0.909636,0.0,0.0,0.144231,69267.0,0.125202,1.131359,0.227672,0.484649,-0.037737,0.759927,6.168301,-0.02,-0.8,-0.01,-0.05,-0.2,-2.0,0.500007,-0.168763,-0.001909,0.0,-0.000163,-0.01919,-0.029099,-0.060432,0.78729,-0.089096,-0.102719,-0.017652,-0.045463,1.834087,0.010364,-0.047247,-0.003703,-0.019954,4.75,0.011242,0.074036,0.098209
897,116.500488,1000.0,0.915297,0.920208,0.0,0.0,0.144786,69283.0,0.127111,1.137952,0.231782,0.494465,-0.038591,0.79738,6.193392,-0.02,-0.8,-0.01,-0.05,-0.2,-2.0,0.500007,-0.174913,-0.001367,0.0,-0.000171,-0.0193,-0.02983,-0.061583,0.796509,-0.087289,-0.102513,-0.018156,-0.047364,1.827068,0.010111,-0.04757,-0.004285,-0.018989,4.291667,0.011009,0.064465,0.089099
898,116.809822,1000.0,0.927894,0.911151,0.0,0.0,0.144521,69193.0,0.126178,1.126533,0.228493,0.487123,-0.038432,0.764136,6.223371,-0.02,-0.8,-0.01,-0.05,-0.2,-2.0,0.500007,-0.171633,-0.001599,0.0,-0.000166,-0.018978,-0.029171,-0.061907,0.786479,-0.086589,-0.10125,-0.017705,-0.047022,1.835826,0.011152,-0.047035,-0.004594,-0.019392,4.416667,0.010234,0.074659,0.093359
899,117.864761,1000.0,0.925674,0.910968,0.0,0.0,0.144303,40135.0,0.127786,1.162796,0.238671,0.523333,-0.04234,0.814142,6.206813,-0.02,-0.8,-0.01,-0.05,-0.2,-2.0,0.500007,-0.177594,-0.001296,0.0,-0.000178,-0.019232,-0.031571,-0.063047,0.789955,-0.091069,-0.102575,-0.01851,-0.050671,1.823444,0.009362,-0.048851,-0.003728,-0.016863,3.791667,0.011216,0.065136,0.086894
900,116.476845,1000.0,0.922208,0.905144,0.0,0.0,0.143992,66498.0,0.129693,1.168102,0.238559,0.511951,-0.039994,0.801436,6.235451,-0.02,-0.8,-0.01,-0.05,-0.2,-2.0,0.500007,-0.169524,-0.002046,0.0,-0.000169,-0.019229,-0.030456,-0.061867,0.795609,-0.090381,-0.10557,-0.017703,-0.047537,1.82561,0.009898,-0.047981,-0.003974,-0.01684,4.416667,0.0104,0.063002,0.087102
901,117.117668,1000.0,0.915058,0.909167,0.0,0.0,0.143944,65320.0,0.129499,1.140911,0.231895,0.498666,-0.039918,0.783979,6.209005,-0.02,-0.8,-0.01,-0.05,-0.2,-2.0,0.500007,-0.171074,-0.001269,0.0,-0.000177,-0.019468,-0.030244,-0.063136,0.791981,-0.089642,-0.105918,-0.017694,-0.050266,1.821357,0.010097,-0.047933,-0.00433,-0.014712,5.208333,0.013322,0.073042,0.088457
902,117.281731,1000.0,0.921379,0.906273,0.0,0.0,0.14401,66163.0,0.131034,1.164933,0.246228,0.525536,-0.041331,0.828343,6.216039,-0.02,-0.8,-0.01,-0.05,-0.2,-2.0,0.500007,-0.171591,-0.001705,0.0,-0.000179,-0.019403,-0.031481,-0.06306,0.797867,-0.090737,-0.105131,-0.018319,-0.050452,1.817044,0.009593,-0.048528,-0.004153,-0.015642,4.541667,0.010135,0.062039,0.087012
903,116.956474,1000.0,0.917702,0.908271,0.0,0.0,0.143726,66179.0,0.127422,1.158404,0.23311,0.512163,-0.04016,0.802491,6.195246,-0.02,-0.8,-0.01,-0.05,-0.2,-2.0,0.500007,-0.171262,-0.001938,0.0,-0.000174,-0.019216,-0.030177,-0.06258,0.783735,-0.088686,-0.103379,-0.018403,-0.048697,1.829689,0.009555,-0.048294,-0.004174,-0.019023,4.75,0.011579,0.071445,0.086676
904,117.57505,1000.0,0.93865,0.904791,0.0,0.0,0.143427,67674.0,0.129226,1.157401,0.243282,0.521147,-0.041239,0.823354,6.201742,-0.02,-0.8,-0.01,-0.05,-0.2,-2.0,0.500007,-0.170189,-0.002162,0.0,-0.000175,-0.019222,-0.031184,-0.062173,0.801241,-0.088601,-0.105977,-0.018381,-0.049491,1.824759,0.00977,-0.048403,-0.004085,-0.015157,4.826087,0.011493,0.066594,0.094196
905,116.749214,1000.0,0.923553,0.90807,0.0,0.0,0.14363,36730.0,0.12595,1.076796,0.236603,0.494174,-0.037808,0.784329,6.205873,-0.02,-0.8,-0.01,-0.05,-0.2,-2.0,0.500007,-0.169677,-0.001868,0.0,-0.000162,-0.018886,-0.028587,-0.059443,0.788865,-0.085602,-0.100619,-0.015999,-0.045581,1.831176,0.011114,-0.046366,-0.004821,-0.019705,5.291667,0.012986,0.062683,0.080252
906,117.300613,998.130005,0.928467,0.911014,0.041667,0.0,0.143849,65770.0,0.125396,1.131685,0.230231,0.494714,-0.038361,0.781896,6.214731,-0.02,-0.8,-0.01,-0.05,-0.2,-2.0,0.499354,-0.174475,-0.002253,-0.000278,-0.000165,-0.01882,-0.029435,-0.060719,0.790268,-0.086535,-0.099243,-0.0178,-0.045419,1.829114,0.01076,-0.04736,-0.003571,-0.011815,4.333333,0.012658,0.072759,0.083228
907,116.586174,1000.0,0.916783,0.911798,0.0,0.0,0.144154,66257.0,0.127301,1.104707,0.234252,0.504638,-0.039452,0.805208,6.230003,-0.02,-0.8,-0.01,-0.05,-0.2,-2.0,0.500007,-0.175254,-0.001689,0.0,-0.00017,-0.019043,-0.030024,-0.062747,0.790219,-0.088803,-0.102047,-0.017967,-0.04693,1.824398,0.010285,-0.04774,-0.004158,-0.021752,4.0,0.01134,0.065124,0.084142
908,117.441132,1000.0,0.923084,0.910706,0.0,0.0,0.144056,65276.0,0.130248,1.193306,0.241418,0.522646,-0.041346,0.797478,6.250216,-0.02,-0.8,-0.01,-0.05,-0.2,-2.0,0.500007,-0.16805,-0.001868,0.0,-0.000175,-0.019328,-0.031098,-0.062797,0.788374,-0.089447,-0.105329,-0.017737,-0.050104,1.817883,0.010027,-0.048452,-0.003678,-0.017032,5.166667,0.01159,0.072289,0.098058
909,116.046944,1000.0,0.916839,0.911819,0.0,0.0,0.143909,65923.0,0.128591,1.155403,0.230169,0.493657,-0.038974,0.766927,6.246799,-0.02,-0.8,-0.01,-0.05,-0.2,-2.0,0.500007,-0.168779,-0.001897,0.0,-0.000164,-0.019085,-0.030182,-0.061202,0.787193,-0.087904,-0.103972,-0.01761,-0.047165,1.825737,0.010073,-0.04716,-0.003816,-0.017773,4.875,0.013199,0.06855,0.080299
910,115.793686,1000.0,0.926634,0.902089,0.0,0.0,0.143957,36603.0,0.128404,1.125084,0.229779,0.488414,-0.038657,0.755119,6.240621,-0.02,-0.8,-0.01,-0.05,-0.2,-2.0,0.500007,-0.164181,-0.001865,0.0,-0.000162,-0.019194,-0.029606,-0.060138,0.782926,-0.088154,-0.106308,-0.017232,-0.046769,1.823359,0.011143,-0.047178,-0.003692,-0.014572,4.166667,0.0127,0.078657,0.094838
911,116.268677,1000.0,0.92782,0.908923,0.0,0.0,0.143735,69330.0,0.128959,1.130276,0.235613,0.505513,-0.040152,0.784026,6.251143,-0.02,-0.8,-0.01,-0.05,-0.2,-2.0,0.500007,-0.169948,-0.002168,0.0,-0.000171,-0.019113,-0.030442,-0.061535,0.793833,-0.088431,-0.103604,-0.017706,-0.048457,1.830089,0.010117,-0.047454,-0.004687,-0.024582,4.291667,0.011874,0.061402,0.09606
912,114.954292,1000.0,0.919775,0.903517,0.0,0.0,0.143876,69882.0,0.127078,1.135406,0.220687,0.485933,-0.037619,0.746513,6.234098,-0.02,-0.8,-0.01,-0.05,-0.2,-2.0,0.500007,-0.173594,-0.002304,0.0,-0.00016,-0.019058,-0.029826,-0.0622,0.771662,-0.087795,-0.102466,-0.017336,-0.045255,1.824427,0.010887,-0.047258,-0.003487,-0.014863,4.416667,0.012079,0.06859,0.089756
913,114.780998,993.090027,0.922865,0.90487,0.041667,0.0,0.144128,69240.0,0.122015,1.148506,0.223656,0.477233,-0.037379,0.75667,6.259339,-0.02,-0.8,-0.01,-0.05,-0.2,-2.0,0.495201,-0.174759,-0.001695,-0.000556,-0.000161,-0.018499,-0.028889,-0.059222,0.779809,-0.084321,-0.096038,-0.017588,-0.043951,1.821375,0.010194,-0.046128,-0.003109,-0.015238,4.333333,0.012023,0.074486,0.098683
914,117.01709,1000.0,0.924634,0.907359,0.0,0.0,0.144406,70054.0,0.130499,1.156406,0.238733,0.516031,-0.040828,0.803316,6.253271,-0.02,-0.8,-0.01,-0.05,-0.2,-2.0,0.500007,-0.171132,-0.002153,0.0,-0.000172,-0.019115,-0.031391,-0.062119,0.790066,-0.089193,-0.103853,-0.018014,-0.048922,1.813842,0.010176,-0.048214,-0.004233,-0.014165,3.916667,0.011562,0.070981,0.103138
915,117.274902,1000.0,0.913375,0.904571,0.0,0.0,0.144571,70266.0,0.131694,1.134627,0.240887,0.514886,-0.040215,0.819322,6.256808,-0.02,-0.8,-0.01,-0.05,-0.2,-2.0,0.500007,-0.170724,-0.002095,0.0,-0.000174,-0.019073,-0.030625,-0.062089,0.793681,-0.089253,-0.105098,-0.018007,-0.048554,1.813187,0.010237,-0.047794,-0.003913,-0.017446,4.416667,0.012039,0.066078,0.082814
916,114.599449,996.650024,0.929678,0.905132,0.045455,0.0,0.144429,41171.0,0.124657,1.025791,0.215282,0.449064,-0.034927,0.723425,6.22779,-0.02,-0.8,-0.01,-0.05,-0.2,-2.0,0.498479,-0.167859,-0.0015,-0.000364,-0.000153,-0.018668,-0.026992,-0.059437,0.788715,-0.084199,-0.098854,-0.016532,-0.042857,1.832737,0.012051,-0.044669,-0.003709,-0.016899,4.636364,0.012266,0.070347,0.099802
917,117.112633,1000.0,0.912569,0.912525,0.0,0.0,0.14427,70027.0,0.126032,1.120568,0.236305,0.5,-0.038435,0.780878,6.224997,-0.02,-0.8,-0.01,-0.05,-0.2,-2.0,0.500007,-0.171623,-0.00156,0.0,-0.000161,-0.018746,-0.029047,-0.060219,0.786476,-0.08611,-0.099673,-0.016372,-0.045922,1.831483,0.011157,-0.046219,-0.003697,-0.013545,5.5,0.011933,0.07381,0.084448
918,116.809258,1000.0,0.921415,0.913895,0.0,0.0,0.144459,70307.0,0.126447,1.135956,0.238511,0.503009,-0.038773,0.801798,6.23818,-0.02,-0.8,-0.01,-0.05,-0.2,-2.0,0.500007,-0.170238,-0.001801,0.0,-0.000167,-0.018698,-0.028719,-0.060178,0.796357,-0.085604,-0.099481,-0.016843,-0.046842,1.829978,0.010643,-0.046412,-0.004221,-0.019555,8.875,0.011825,0.063495,0.08954
919,116.444588,1000.0,0.924621,0.911052,0.0,0.0,0.144764,69869.0,0.125552,1.10745,0.231861,0.499611,-0.039213,0.792314,6.220043,-0.02,-0.8,-0.01,-0.05,-0.2,-2.0,0.500007,-0.174397,-0.001756,0.0,-0.000168,-0.018819,-0.029986,-0.061632,0.792585,-0.086655,-0.100589,-0.017315,-0.04676,1.831424,0.010796,-0.046741,-0.004247,-0.01862,7.708333,0.01193,0.072802,0.091092
920,116.747581,1000.0,0.9229,0.90873,0.0,0.0,0.14522,70468.0,0.128216,1.164894,0.240158,0.517357,-0.040899,0.782548,6.199335,-0.02,-0.8,-0.01,-0.05,-0.2,-2.0,0.500007,-0.169069,-0.002253,0.0,-0.000171,-0.018952,-0.030137,-0.060741,0.790469,-0.088018,-0.102258,-0.017131,-0.049922,1.825768,0.010444,-0.04752,-0.004121,-0.015215,7.458333,0.011768,0.061817,0.084047
921,115.819809,1000.0,0.919576,0.910753,0.0,0.0,0.145028,69523.0,0.127986,1.133723,0.233495,0.503124,-0.039553,0.795566,6.225799,-0.02,-0.8,-0.01,-0.05,-0.2,-2.0,0.500007,-0.172844,-0.00182,0.0,-0.000171,-0.019151,-0.030218,-0.061837,0.78893,-0.088243,-0.10327,-0.017703,-0.048173,1.82411,0.010654,-0.047322,-0.004414,-0.016478,6.833333,0.012446,0.067774,0.086587
922,116.552391,1000.0,0.919596,0.906842,0.0,0.0,0.145085,39918.0,0.128851,1.154884,0.233752,0.506261,-0.039415,0.790659,6.223691,-0.02,-0.8,-0.01,-0.05,-0.2,-2.0,0.500007,-0.172797,-0.001839,0.0,-0.000167,-0.018945,-0.029817,-0.061792,0.785615,-0.088315,-0.101086,-0.01786,-0.047176,1.818073,0.01022,-0.047303,-0.003922,-0.01137,6.375,0.012802,0.073217,0.093113
923,118.181152,1000.0,0.924698,0.911294,0.041667,0.0,0.144379,70181.0,0.127645,1.169686,0.236058,0.511586,-0.040134,0.777897,6.219773,-0.02,-0.8,-0.01,-0.05,-0.2,-2.0,0.499763,-0.170347,-0.002506,-0.000238,-0.000164,-0.01896,-0.030341,-0.060885,0.781235,-0.087934,-0.102083,-0.017087,-0.046957,1.828229,0.010332,-0.047523,-0.003871,-0.017672,6.333333,0.011175,0.0627,0.090936
924,116.716553,1000.0,0.921051,0.907096,0.0,0.0,0.144665,69698.0,0.127195,1.147125,0.235499,0.496632,-0.038935,0.781942,6.257551,-0.02,-0.8,-0.01,-0.05,-0.2,-2.0,0.500007,-0.171248,-0.002578,0.0,-0.000169,-0.018743,-0.029619,-0.060181,0.793997,-0.08522,-0.101132,-0.017042,-0.046944,1.83166,0.010629,-0.046693,-0.003857,-0.019617,5.958333,0.012722,0.071247,0.087151
925,116.69651,1000.0,0.924937,0.911094,0.0,0.0,0.144662,70137.0,0.129476,1.174507,0.243691,0.522134,-0.040368,0.804556,6.252426,-0.02,-0.8,-0.01,-0.05,-0.2,-2.0,0.500007,-0.170064,-0.001738,0.0,-0.000167,-0.018899,-0.030181,-0.060151,0.783258,-0.087312,-0.102891,-0.01682,-0.047546,1.821651,0.009935,-0.04748,-0.003884,-0.019352,5.916667,0.011496,0.076556,0.086158
926,117.767906,1000.0,0.921618,0.916242,0.0,0.0,0.144599,71394.0,0.129159,1.144439,0.237994,0.509525,-0.039858,0.807272,6.273623,-0.02,-0.8,-0.01,-0.05,-0.2,-2.0,0.500007,-0.172384,-0.00205,0.0,-0.000169,-0.018853,-0.030356,-0.060419,0.798428,-0.087458,-0.100818,-0.017496,-0.047461,1.820962,0.010794,-0.046857,-0.004474,-0.016577,4.826087,0.01179,0.064303,0.087317
927,116.050552,994.73999,0.922931,0.894696,0.041667,0.0,0.144406,37223.0,0.129045,1.135226,0.23665,0.520395,-0.041266,0.811591,6.240625,-0.02,-0.8,-0.01,-0.05,-0.2,-2.0,0.497811,-0.175161,-0.002656,-0.000333,-0.000177,-0.018965,-0.031008,-0.062747,0.786755,-0.088079,-0.102561,-0.018515,-0.04971,1.809966,0.009903,-0.048037,-0.004627,-0.027673,5.708333,0.010798,0.076499,0.103517
928,115.664932,1000.0,0.916425,0.908215,0.0,0.0,0.14448,69917.0,0.127677,1.140454,0.228788,0.503879,-0.03934,0.767892,6.200277,-0.02,-0.8,-0.01,-0.05,-0.2,-2.0,0.500007,-0.173095,-0.002653,0.0,-0.000167,-0.018889,-0.030422,-0.062029,0.777071,-0.086923,-0.102702,-0.017052,-0.046632,1.828175,0.010911,-0.047565,-0.004245,-0.019564,4.083333,0.011261,0.071164,0.086378
929,116.808044,1000.0,0.923713,0.904894,0.0,0.0,0.144492,69620.0,0.128392,1.176044,0.23457,0.51006,-0.040946,0.810404,6.231434,-0.02,-0.8,-0.01,-0.05,-0.2,-2.0,0.500007,-0.172904,-0.001548,0.0,-0.000179,-0.018956,-0.030357,-0.063343,0.792069,-0.088694,-0.10358,-0.018036,-0.050808,1.827295,0.009306,-0.047285,-0.003458,-0.012092,5.041667,0.012426,0.062933,0.097494
930,117.435844,1000.0,0.921659,0.905781,0.0,0.0,0.144227,69698.0,0.131016,1.179716,0.242047,0.525036,-0.04135,0.812959,6.255071,-0.02,-0.8,-0.01,-0.05,-0.2,-2.0,0.500007,-0.169452,-0.002376,0.0,-0.000178,-0.019148,-0.03075,-0.061371,0.789652,-0.089703,-0.106105,-0.017428,-0.050056,1.812921,0.010085,-0.048395,-0.003996,-0.016576,4.625,0.012795,0.067149,0.096785
931,115.958557,1000.0,0.918226,0.908765,0.0,0.0,0.144231,68263.0,0.126862,1.135765,0.231183,0.48024,-0.03789,0.749331,6.226425,-0.02,-0.8,-0.01,-0.05,-0.2,-2.0,0.500007,-0.16646,-0.001431,0.0,-0.000162,-0.018828,-0.028737,-0.060423,0.786094,-0.086286,-0.101666,-0.016857,-0.045493,1.834922,0.010841,-0.046014,-0.003697,-0.016049,4.625,0.012861,0.072341,0.089353
932,117.047653,1000.0,0.915505,0.903852,0.0,0.0,0.144551,68729.0,0.128139,1.159849,0.237179,0.506983,-0.039188,0.812216,6.275269,-0.02,-0.8,-0.01,-0.05,-0.2,-2.0,0.500007,-0.171766,-0.002074,0.0,-0.000175,-0.019108,-0.030234,-0.061077,0.793324,-0.088733,-0.105292,-0.017972,-0.048513,1.825961,0.009882,-0.047245,-0.003985,-0.010876,4.125,0.011414,0.067786,0.08276
933,117.20752,1000.0,0.921436,0.905635,0.0,0.0,0.144694,39452.0,0.125782,1.150966,0.235704,0.496782,-0.038248,0.790177,6.22157,-0.02,-0.8,-0.01,-0.05,-0.2,-2.0,0.500007,-0.170773,-0.002036,0.0,-0.000164,-0.018738,-0.02903,-0.059603,0.788164,-0.087294,-0.100821,-0.016962,-0.04569,1.835305,0.010246,-0.0464,-0.003881,-0.016112,4.916667,0.012188,0.066806,0.099149
934,116.985489,1000.0,0.916119,0.910412,0.0,0.0,0.145269,68924.0,0.126941,1.137391,0.225518,0.468334,-0.035813,0.757124,6.252035,-0.02,-0.8,-0.01,-0.05,-0.2,-2.0,0.500007,-0.167791,-0.002317,0.0,-0.000163,-0.018748,-0.028052,-0.059058,0.801147,-0.0858,-0.103012,-0.016905,-0.044903,1.83146,0.010777,-0.045554,-0.003372,-0.013559,3.416667,0.012752,0.071865,0.08272
935,117.775581,1000.0,0.921897,0.911659,0.0,0.0,0.145363,70943.0,0.126808,1.170949,0.239684,0.511562,-0.039617,0.803474,6.21822,-0.02,-0.8,-0.01,-0.05,-0.2,-2.0,0.500007,-0.175964,-0.002156,0.0,-0.000171,-0.018795,-0.030137,-0.060059,0.788382,-0.087224,-0.098413,-0.017078,-0.047207,1.830859,0.010201,-0.047159,-0.004426,-0.01825,5.043478,0.013082,0.070913,0.081275
936,116.331154,1000.0,0.92184,0.904458,0.0,0.0,0.145005,67180.0,0.127717,1.146973,0.222701,0.481335,-0.037915,0.752527,6.239278,-0.02,-0.8,-0.01,-0.05,-0.2,-2.0,0.500007,-0.171478,-0.001625,0.0,-0.000163,-0.018897,-0.029365,-0.060607,0.77396,-0.087227,-0.103222,-0.016969,-0.045268,1.821095,0.010604,-0.046723,-0.003934,-0.018913,3.583333,0.01095,0.056406,0.086549
937,117.336716,1000.0,0.928468,0.915959,0.0,0.0,0.145219,69732.0,0.126839,1.146042,0.240087,0.516408,-0.038877,0.819027,6.195316,-0.02,-0.8,-0.01,-0.05,-0.2,-2.0,0.500007,-0.173549,-0.00213,0.0,-0.000172,-0.018779,-0.029603,-0.059419,0.791437,-0.087121,-0.098985,-0.016625,-0.046159,1.832952,0.009816,-0.046853,-0.004533,-0.025253,4.958333,0.012216,0.064541,0.090137
938,116.236557,1000.0,0.91457,0.911294,0.0,0.0,0.145251,70423.0,0.125555,1.137643,0.217679,0.481499,-0.037118,0.748983,6.206522,-0.02,-0.8,-0.01,-0.05,-0.2,-2.0,0.500007,-0.175576,-0.002633,0.0,-0.000159,-0.018768,-0.029524,-0.060478,0.776163,-0.08767,-0.098376,-0.018073,-0.043529,1.831726,0.010836,-0.046498,-0.003841,-0.018016,4.458333,0.012558,0.06968,0.085392
939,115.463127,1000.0,0.911312,0.899227,0.0,0.0,0.145436,38939.0,0.130673,1.104134,0.223427,0.477281,-0.038162,0.750043,6.189905,-0.02,-0.8,-0.01,-0.05,-0.2,-2.0,0.500007,-0.1646,-0.002246,0.0,-0.000163,-0.019108,-0.029548,-0.061065,0.783401,-0.08711,-0.106678,-0.016938,-0.046982,1.825596,0.01133,-0.046657,-0.004067,-0.019411,4.458333,0.011064,0.074859,0.093441
940,116.758835,1000.0,0.915427,0.913137,0.0,0.0,0.145709,68524.0,0.126361,1.092589,0.228361,0.486488,-0.036824,0.768619,6.224881,-0.02,-0.8,-0.01,-0.05,-0.2,-2.0,0.500007,-0.163893,-0.001833,0.0,-0.00016,-0.018911,-0.027799,-0.058953,0.780558,-0.085917,-0.101759,-0.016885,-0.045326,1.833429,0.011396,-0.045954,-0.004134,-0.015384,4.208333,0.010296,0.064246,0.084287
941,116.629898,1000.0,0.916258,0.903959,0.0,0.0,0.145537,67213.0,0.127186,1.162218,0.227277,0.511406,-0.03926,0.795774,6.1909,-0.02,-0.8,-0.01,-0.05,-0.2,-2.0,0.500007,-0.181322,-0.002299,0.0,-0.000169,-0.018712,-0.030024,-0.062874,0.777602,-0.086926,-0.099051,-0.0181,-0.045629,1.833367,0.010387,-0.047554,-0.004803,-0.021863,3.708333,0.010313,0.073911,0.086576
942,117.219337,1000.0,0.929786,0.914334,0.0,0.0,0.145114,68343.0,0.126215,1.149471,0.234255,0.497271,-0.03921,0.780622,6.132445,-0.02,-0.8,-0.01,-0.05,-0.2,-2.0,0.500007,-0.168334,-0.00212,0.0,-0.000165,-0.018827,-0.029242,-0.058878,0.790229,-0.085905,-0.101353,-0.016526,-0.046537,1.832902,0.010474,-0.046616,-0.004021,-0.017625,5.125,0.012868,0.060644,0.086922
943,116.031815,1000.0,0.915281,0.909985,0.0,0.0,0.145191,68029.0,0.130051,1.128815,0.233315,0.499751,-0.038882,0.794197,6.164485,-0.02,-0.8,-0.01,-0.05,-0.2,-2.0,0.500007,-0.166592,-0.00253,0.0,-0.000171,-0.019059,-0.030072,-0.060006,0.791308,-0.088161,-0.106878,-0.017825,-0.047678,1.821328,0.010288,-0.047246,-0.004659,-0.023485,4.916667,0.012829,0.060826,0.082483
944,117.558739,1000.0,0.926109,0.914542,0.0,0.0,0.145234,39018.0,0.123571,1.174942,0.228468,0.493768,-0.037807,0.797837,6.145502,-0.02,-0.8,-0.01,-0.05,-0.2,-2.0,0.500007,-0.179033,-0.001766,0.0,-0.000167,-0.01854,-0.028275,-0.060362,0.790447,-0.085244,-0.095725,-0.016353,-0.044668,1.843884,0.010574,-0.046087,-0.003866,-0.014271,4.791667,0.011568,0.067498,0.072225
945,116.435486,993.710022,0.916341,0.900237,0.043478,0.0,0.145413,71489.0,0.129033,1.163235,0.24124,0.524083,-0.040335,0.819834,6.146397,-0.02,-0.8,-0.01,-0.05,-0.2,-2.0,0.498295,-0.171079,-0.002328,-0.000217,-0.000179,-0.019016,-0.031327,-0.061974,0.788853,-0.088375,-0.104616,-0.018087,-0.049309,1.818959,0.009852,-0.047756,-0.004132,-0.013758,4.304348,0.012064,0.071982,0.103393
946,115.409523,1000.0,0.917231,0.898461,0.0,0.0,0.145439,69962.0,0.12851,1.111444,0.229996,0.502388,-0.038664,0.781784,6.15792,-0.02,-0.8,-0.01,-0.05,-0.2,-2.0,0.500007,-0.170792,-0.002576,0.0,-0.000167,-0.019023,-0.030311,-0.06066,0.778673,-0.089263,-0.102598,-0.017348,-0.046387,1.82726,0.0106,-0.047104,-0.005153,-0.03889,5.166667,0.013692,0.074453,0.100759
947,118.147102,1000.0,0.923379,0.90755,0.0,0.0,0.14553,70291.0,0.130102,1.216532,0.250169,0.527192,-0.040581,0.821312,6.152826,-0.02,-0.8,-0.01,-0.05,-0.2,-2.0,0.500007,-0.16482,-0.001899,0.0,-0.000176,-0.019088,-0.030333,-0.060067,0.795049,-0.087945,-0.10667,-0.016452,-0.049615,1.827498,0.009544,-0.047432,-0.004105,-0.019896,5.375,0.012146,0.06989,0.096216
948,116.147614,1000.0,0.918528,0.898479,0.0,0.0,0.14585,70596.0,0.127365,1.10766,0.227559,0.482504,-0.037464,0.759183,6.171017,-0.02,-0.8,-0.01,-0.05,-0.2,-2.0,0.500007,-0.166837,-0.001974,0.0,-0.000158,-0.018916,-0.028769,-0.059688,0.780951,-0.086128,-0.100489,-0.016432,-0.044128,1.826595,0.011018,-0.04626,-0.004504,-0.019386,3.583333,0.01302,0.069732,0.102454
949,118.184265,1000.0,0.9288,0.919081,0.0,0.0,0.145732,70015.0,0.128151,1.163155,0.242717,0.522629,-0.040484,0.821128,6.158923,-0.02,-0.8,-0.01,-0.05,-0.2,-2.0,0.500007,-0.172777,-0.001809,0.0,-0.000173,-0.018872,-0.030155,-0.060864,0.79748,-0.085526,-0.100389,-0.017027,-0.047839,1.830151,0.01016,-0.047517,-0.004515,-0.015643,4.791667,0.010022,0.059346,0.077416
950,115.447319,1000.0,0.924323,0.915806,0.0,0.0,0.14568,39396.0,0.124578,1.093982,0.219911,0.472984,-0.037249,0.739114,6.140143,-0.02,-0.8,-0.01,-0.05,-0.2,-2.0,0.500007,-0.168776,-0.001953,0.0,-0.000163,-0.018902,-0.028943,-0.06064,0.783385,-0.086116,-0.100545,-0.016894,-0.04539,1.841086,0.011001,-0.046039,-0.004187,-0.020765,4.958333,0.011492,0.057181,0.078467
951,116.359924,1000.0,0.917393,0.907575,0.0,0.0,0.145985,69044.0,0.124083,1.128604,0.225921,0.485122,-0.037042,0.765975,6.162393,-0.02,-0.8,-0.01,-0.05,-0.2,-2.0,0.500007,-0.170268,-0.002135,0.0,-0.000162,-0.018775,-0.028501,-0.059094,0.781553,-0.084995,-0.0997,-0.016622,-0.044143,1.83876,0.010895,-0.04619,-0.00484,-0.014552,4.75,0.01319,0.069771,0.091441
952,115.330727,998.369995,0.913974,0.908929,0.041667,0.0,0.146104,70550.0,0.124666,1.149178,0.225676,0.485191,-0.037296,0.77269,6.177789,-0.02,-0.8,-0.01,-0.05,-0.2,-2.0,0.499437,-0.171772,-0.001773,-0.000278,-0.000165,-0.018862,-0.0286,-0.060678,0.783344,-0.086338,-0.098686,-0.017399,-0.044518,1.830833,0.010584,-0.046484,-0.00374,-0.018418,4.083333,0.012073,0.077318,0.098304
953,116.147026,1000.0,0.921564,0.912539,0.0,0.0,0.145934,70788.0,0.124326,1.126351,0.225937,0.488929,-0.037839,0.748332,6.170549,-0.02,-0.8,-0.01,-0.05,-0.2,-2.0,0.500007,-0.167599,-0.001665,0.0,-0.000162,-0.018996,-0.028985,-0.05982,0.780411,-0.08606,-0.101379,-0.016426,-0.045811,1.843009,0.010954,-0.046723,-0.004007,-0.014614,4.541667,0.012974,0.068717,0.088835
954,116.20089,1000.0,0.915255,0.91372,0.0,0.0,0.145843,69533.0,0.126569,1.163245,0.225537,0.482962,-0.037857,0.763566,6.154114,-0.02,-0.8,-0.01,-0.05,-0.2,-2.0,0.500007,-0.169645,-0.001611,0.0,-0.000163,-0.019021,-0.02932,-0.060467,0.786054,-0.087031,-0.101851,-0.016948,-0.04528,1.832955,0.010822,-0.046315,-0.004124,-0.016873,4.333333,0.010716,0.062045,0.073441
955,116.75705,1000.0,0.929249,0.915101,0.0,0.0,0.145716,69842.0,0.125681,1.127199,0.2362,0.493636,-0.037762,0.800601,6.187383,-0.02,-0.8,-0.01,-0.05,-0.2,-2.0,0.500007,-0.173857,-0.001921,0.0,-0.000164,-0.01877,-0.029536,-0.060359,0.796715,-0.085644,-0.098558,-0.017317,-0.043136,1.827837,0.011047,-0.046245,-0.003981,-0.013334,4.208333,0.011803,0.054158,0.072655
956,115.937523,1000.0,0.918207,0.90205,0.0,0.0,0.145825,39221.0,0.127569,1.075241,0.224039,0.480389,-0.036612,0.755551,6.194437,-0.02,-0.8,-0.01,-0.05,-0.2,-2.0,0.500007,-0.166146,-0.001778,0.0,-0.00016,-0.018987,-0.0285,-0.060261,0.776355,-0.086544,-0.103413,-0.0165,-0.044386,1.829121,0.011787,-0.046203,-0.003937,-0.017878,3.708333,0.012643,0.058251,0.101456
957,115.378258,992.75,0.911652,0.902518,0.043478,0.0,0.145823,71501.0,0.127003,1.126274,0.228423,0.492065,-0.03823,0.777831,6.172658,-0.02,-0.8,-0.01,-0.05,-0.2,-2.0,0.494746,-0.170147,-0.00185,-0.00058,-0.000168,-0.01874,-0.029416,-0.061181,0.775002,-0.086552,-0.099833,-0.017074,-0.04565,1.809999,0.010081,-0.046355,-0.004245,-0.019022,5.0,0.012861,0.069228,0.084387
958,115.404518,1000.0,0.91225,0.906453,0.0,0.0,0.146115,72305.0,0.129666,1.159566,0.22954,0.502908,-0.039606,0.763759,6.235357,-0.02,-0.8,-0.01,-0.05,-0.2,-2.0,0.500007,-0.165832,-0.002088,0.0,-0.000171,-0.019321,-0.031145,-0.063074,0.775649,-0.087963,-0.106901,-0.017351,-0.047827,1.831779,0.010096,-0.047933,-0.004271,-0.013596,4.478261,0.01339,0.065202,0.090473
959,115.961716,1000.0,0.91485,0.911533,0.0,0.0,0.14613,69735.0,0.126253,1.116799,0.225148,0.48822,-0.037001,0.776145,6.207128,-0.02,-0.8,-0.01,-0.05,-0.2,-2.0,0.500007,-0.172197,-0.001934,0.0,-0.000164,-0.018939,-0.029088,-0.061667,0.784524,-0.086224,-0.100335,-0.017397,-0.043482,1.834626,0.010749,-0.046686,-0.00425,-0.023891,6.625,0.013861,0.067277,0.086879
960,116.374786,1000.0,0.9205,0.919194,0.0,0.0,0.146098,70003.0,0.124293,1.125314,0.227084,0.480976,-0.036623,0.780877,6.20472,-0.02,-0.8,-0.01,-0.05,-0.2,-2.0,0.500007,-0.174195,-0.00173,0.0,-0.000167,-0.018839,-0.028649,-0.060442,0.7936,-0.084897,-0.098093,-0.01726,-0.043653,1.836249,0.010678,-0.046121,-0.00401,-0.018567,8.875,0.012272,0.060505,0.078169
961,116.738304,1000.0,0.917569,0.911062,0.0,0.0,0.146117,70886.0,0.127159,1.141831,0.230406,0.491415,-0.037824,0.777062,6.172739,-0.02,-0.8,-0.01,-0.05,-0.2,-2.0,0.500007,-0.167304,-0.002135,0.0,-0.000168,-0.01915,-0.029149,-0.060684,0.78456,-0.087525,-0.104345,-0.016958,-0.046519,1.834363,0.010331,-0.046786,-0.003809,-0.014224,7.333333,0.011978,0.06498,0.082801
962,115.457954,1000.0,0.923588,0.901572,0.0,0.0,0.146103,38926.0,0.127358,1.146746,0.228865,0.496393,-0.038337,0.775265,6.192842,-0.02,-0.8,-0.01,-0.05,-0.2,-2.0,0.500007,-0.172045,-0.001745,0.0,-0.000167,-0.019123,-0.02983,-0.060984,0.779615,-0.088039,-0.1004,-0.017367,-0.044945,1.823509,0.01058,-0.047495,-0.004036,-0.016032,6.916667,0.012197,0.073801,0.084138
963,117.135506,1000.0,0.920932,0.913936,0.0,0.0,0.14563,70472.0,0.125102,1.161674,0.234164,0.510335,-0.03946,0.817764,6.190479,-0.02,-0.8,-0.01,-0.05,-0.2,-2.0,0.500007,-0.17684,-0.001915,0.0,-0.000175,-0.018893,-0.030164,-0.06165,0.791443,-0.086157,-0.099365,-0.018476,-0.046691,1.833971,0.009879,-0.047435,-0.004751,-0.016837,7.166667,0.010962,0.068712,0.086757
964,116.79438,1000.0,0.912858,0.911494,0.0,0.0,0.14582,70371.0,0.125739,1.117747,0.231309,0.497273,-0.038019,0.776509,6.182952,-0.02,-0.8,-0.01,-0.05,-0.2,-2.0,0.500007,-0.16754,-0.001751,0.0,-0.000165,-0.01904,-0.029134,-0.061223,0.782545,-0.085782,-0.102862,-0.017161,-0.045873,1.83574,0.010917,-0.046675,-0.004144,-0.015664,6.166667,0.012629,0.062344,0.089885
965,117.037201,1000.0,0.918562,0.910492,0.0,0.0,0.145979,70674.0,0.126142,1.143257,0.22962,0.503743,-0.039114,0.792594,6.192066,-0.02,-0.8,-0.01,-0.05,-0.2,-2.0,0.500007,-0.175994,-0.001753,0.0,-0.000172,-0.019133,-0.030742,-0.061827,0.780123,-0.087572,-0.101053,-0.017996,-0.046071,1.828937,0.010368,-0.047897,-0.003924,-0.021488,6.416667,0.012603,0.070617,0.095644
966,116.234177,1000.0,0.921052,0.913168,0.0,0.0,0.145574,70710.0,0.12574,1.100205,0.230652,0.491924,-0.037402,0.788845,6.209321,-0.02,-0.8,-0.01,-0.05,-0.2,-2.0,0.500007,-0.17167,-0.001708,0.0,-0.000166,-0.019001,-0.029527,-0.061043,0.789488,-0.086462,-0.10139,-0.017648,-0.044429,1.836331,0.011,-0.046737,-0.004521,-0.019191,5.958333,0.010692,0.068632,0.094136
967,116.29715,1000.0,0.922141,0.914753,0.0,0.0,0.145626,36677.0,0.122693,1.125111,0.220154,0.475617,-0.036695,0.754338,6.212333,-0.02,-0.8,-0.01,-0.05,-0.2,-2.0,0.500007,-0.173769,-0.001677,0.0,-0.000164,-0.018927,-0.028693,-0.060794,0.782668,-0.086768,-0.097861,-0.017094,-0.043383,1.841687,0.010597,-0.046327,-0.004117,-0.01588,5.5,0.011035,0.059701,0.087983
968,115.796295,1000.0,0.912401,0.902438,0.0,0.0,0.145367,71847.0,0.125794,1.179101,0.224431,0.489571,-0.038348,0.773983,6.221218,-0.02,-0.8,-0.01,-0.05,-0.2,-2.0,0.500007,-0.176977,-0.001742,0.0,-0.000168,-0.018942,-0.029407,-0.061737,0.782153,-0.086952,-0.099824,-0.018083,-0.045051,1.831676,0.010336,-0.047269,-0.004293,-0.01225,5.478261,0.012812,0.076764,0.086072
969,115.523125,999.119995,0.911645,0.906724,0.041667,0.0,0.145142,70039.0,0.128512,1.188563,0.224099,0.480036,-0.037359,0.756709,6.229177,-0.02,-0.8,-0.01,-0.05,-0.2,-2.0,0.499543,-0.167042,-0.001827,-0.000417,-0.000168,-0.019323,-0.030036,-0.062928,0.779408,-0.089092,-0.108375,-0.018052,-0.045978,1.828847,0.01006,-0.047017,-0.003145,-0.008971,4.833333,0.013008,0.066537,0.095689
970,117.303276,1000.0,0.925322,0.914996,0.0,0.0,0.145149,70678.0,0.123969,1.195336,0.230615,0.506172,-0.039039,0.795943,6.211094,-0.02,-0.8,-0.01,-0.05,-0.2,-2.0,0.500007,-0.175224,-0.001386,0.0,-0.000174,-0.018936,-0.02908,-0.06049,0.788842,-0.086586,-0.097858,-0.017769,-0.046817,1.836072,0.00979,-0.047074,-0.003485,-0.010258,4.5,0.011712,0.054654,0.082536
971,118.374519,1000.0,0.917294,0.91331,0.0,0.0,0.145198,70257.0,0.12625,1.17361,0.232147,0.509322,-0.038882,0.812004,6.258433,-0.02,-0.8,-0.01,-0.05,-0.2,-2.0,0.500007,-0.178769,-0.002003,0.0,-0.000173,-0.018967,-0.03,-0.061799,0.78339,-0.087125,-0.099152,-0.01838,-0.045158,1.829179,0.009718,-0.04764,-0.008261,-0.026225,4.875,0.011138,0.07644,0.09716
972,117.287003,1000.0,0.905704,0.916693,0.0,0.0,0.14539,70229.0,0.129301,1.163399,0.241169,0.505897,-0.039061,0.810587,6.243459,-0.02,-0.8,-0.01,-0.05,-0.2,-2.0,0.500007,-0.166241,-0.001749,0.0,-0.000173,-0.019376,-0.030202,-0.061592,0.7907,-0.08773,-0.104284,-0.017177,-0.046858,1.825455,0.009899,-0.04754,-0.003629,-0.018167,4.416667,0.012896,0.058601,0.085331
973,116.836838,1000.0,0.917925,0.910054,0.0,0.0,0.145428,38838.0,0.128528,1.192403,0.235767,0.498267,-0.038887,0.79781,6.227751,-0.02,-0.8,-0.01,-0.05,-0.2,-2.0,0.500007,-0.172678,-0.001565,0.0,-0.000172,-0.019077,-0.029633,-0.060762,0.797353,-0.089295,-0.102213,-0.017837,-0.046459,1.828276,0.010009,-0.047282,-0.003761,-0.013791,4.25,0.014328,0.064505,0.08666
974,116.39975,1000.0,0.921537,0.921556,0.0,0.0,0.145647,69765.0,0.123061,1.09726,0.221936,0.460817,-0.035345,0.755067,6.219926,-0.02,-0.8,-0.01,-0.05,-0.2,-2.0,0.500007,-0.169719,-0.001307,0.0,-0.000161,-0.018812,-0.027038,-0.058679,0.794136,-0.082817,-0.097046,-0.016303,-0.041635,1.839596,0.01136,-0.045566,-0.004378,-0.019479,4.666667,0.010931,0.06584,0.081806
975,116.214462,1000.0,0.907303,0.902026,0.0,0.0,0.145639,70325.0,0.128515,1.240914,0.22737,0.522622,-0.040939,0.801401,6.199995,-0.02,-0.8,-0.01,-0.05,-0.2,-2.0,0.500007,-0.179187,-0.002183,0.0,-0.000183,-0.019388,-0.032135,-0.064385,0.772452,-0.090825,-0.103186,-0.01977,-0.049782,1.820871,0.00982,-0.049236,-0.003904,-0.007894,4.166667,0.01217,0.070863,0.103625
976,117.48391,1000.0,0.915128,0.910196,0.0,0.0,0.145366,71653.0,0.124881,1.1834,0.22867,0.492236,-0.037694,0.802494,6.19125,-0.02,-0.8,-0.01,-0.05,-0.2,-2.0,0.500007,-0.176742,-0.000905,0.0,-0.000172,-0.0188,-0.028138,-0.061704,0.792186,-0.086671,-0.097632,-0.018189,-0.044642,1.835418,0.010244,-0.046814,-0.0037,-0.013129,4.347826,0.012148,0.076041,0.098347
977,116.429054,1000.0,0.926802,0.908516,0.0,0.0,0.145841,70322.0,0.125818,1.13711,0.227701,0.481202,-0.037233,0.768908,6.202641,-0.02,-0.8,-0.01,-0.05,-0.2,-2.0,0.500007,-0.171555,-0.001547,0.0,-0.000165,-0.019022,-0.029265,-0.059863,0.78945,-0.086915,-0.101586,-0.01707,-0.044325,1.831266,0.010571,-0.046608,-0.003931,-0.019661,4.416667,0.012371,0.056792,0.074104
978,116.285957,1000.0,0.921312,0.903634,0.0,0.0,0.145817,70512.0,0.124499,1.173979,0.224392,0.471465,-0.036971,0.758918,6.181975,-0.02,-0.8,-0.01,-0.05,-0.2,-2.0,0.500007,-0.169989,-0.001351,0.0,-0.000164,-0.018919,-0.028882,-0.060608,0.790534,-0.085154,-0.09984,-0.016612,-0.043136,1.837059,0.010014,-0.046173,-0.003529,-0.013218,4.333333,0.01113,0.069114,0.07731
979,116.948318,997.01001,0.913438,0.909546,0.041667,0.0,0.146061,38629.0,0.124702,1.172441,0.232463,0.501165,-0.038197,0.785404,6.168859,-0.02,-0.8,-0.01,-0.05,-0.2,-2.0,0.499114,-0.168555,-0.001792,-0.000238,-0.000167,-0.018995,-0.029256,-0.060817,0.778327,-0.085977,-0.099413,-0.016773,-0.044775,1.835,0.010295,-0.046888,-0.004413,-0.013889,4.125,0.011745,0.062213,0.083859
980,115.751038,1000.0,0.922387,0.912726,0.0,0.0,0.146591,70286.0,0.125694,1.196554,0.226735,0.480969,-0.037612,0.775899,6.183692,-0.02,-0.8,-0.01,-0.05,-0.2,-2.0,0.500007,-0.173105,-0.001044,0.0,-0.000169,-0.019105,-0.029396,-0.060913,0.791129,-0.087504,-0.099396,-0.017826,-0.044745,1.828285,0.009871,-0.047016,-0.003462,-0.014199,4.916667,0.012475,0.069198,0.094296
981,116.341103,1000.0,0.91189,0.912656,0.0,0.0,0.146357,69990.0,0.125779,1.147775,0.225664,0.493631,-0.037708,0.790106,6.184273,-0.02,-0.8,-0.01,-0.05,-0.2,-2.0,0.500007,-0.173546,-0.001266,0.0,-0.000173,-0.019146,-0.02939,-0.062038,0.778421,-0.087724,-0.103995,-0.01772,-0.045538,1.830505,0.010302,-0.0473,-0.004427,-0.019818,4.125,0.012544,0.078133,0.085669
982,116.251015,993.369995,0.914775,0.907129,0.041667,0.0,0.146049,69944.0,0.124776,1.135011,0.225918,0.480282,-0.036431,0.794569,6.198475,-0.02,-0.8,-0.01,-0.05,-0.2,-2.0,0.49724,-0.171282,-0.001209,-0.000333,-0.000168,-0.018916,-0.029244,-0.059702,0.784845,-0.086534,-0.100888,-0.017862,-0.043458,1.823723,0.010432,-0.046378,-0.003669,-0.015609,4.166667,0.012211,0.066586,0.088344
983,116.983223,1000.0,0.921567,0.911051,0.0,0.0,0.146206,70366.0,0.126986,1.161987,0.233348,0.49013,-0.037495,0.794053,6.158854,-0.02,-0.8,-0.01,-0.05,-0.2,-2.0,0.500007,-0.170886,-0.001482,0.0,-0.00017,-0.019142,-0.029734,-0.061453,0.790191,-0.086541,-0.102553,-0.017026,-0.044004,1.823573,0.010219,-0.047177,-0.003476,-0.014232,3.916667,0.01033,0.066651,0.087282
984,118.135826,1000.0,0.915511,0.91357,0.0,0.0,0.146219,70192.0,0.129172,1.208045,0.245388,0.523667,-0.040842,0.846488,6.173522,-0.02,-0.8,-0.01,-0.05,-0.2,-2.0,0.500007,-0.171362,-0.001472,0.0,-0.000184,-0.019148,-0.031043,-0.062605,0.798868,-0.088706,-0.105307,-0.018399,-0.048627,1.825943,0.009498,-0.048132,-0.003457,-0.010951,5.708333,0.012666,0.060437,0.088888
985,116.812027,1000.0,0.914726,0.913888,0.0,0.0,0.146407,36390.0,0.125185,1.16654,0.232209,0.501616,-0.038933,0.79658,6.135271,-0.02,-0.8,-0.01,-0.05,-0.2,-2.0,0.500007,-0.171071,-0.001195,0.0,-0.000174,-0.019167,-0.02969,-0.061785,0.78125,-0.087415,-0.102302,-0.017654,-0.046342,1.832613,0.010126,-0.047587,-0.003919,-0.014315,4.458333,0.010495,0.059949,0.088814
986,116.210968,1000.0,0.916841,0.908575,0.0,0.0,0.146137,69969.0,0.126984,1.188422,0.228688,0.497385,-0.039208,0.786532,6.168968,-0.02,-0.8,-0.01,-0.05,-0.2,-2.0,0.500007,-0.17271,-0.001734,0.0,-0.000175,-0.01919,-0.030875,-0.06235,0.785057,-0.089374,-0.10416,-0.018121,-0.046407,1.828501,0.00962,-0.04785,-0.00361,-0.013774,4.666667,0.012197,0.060013,0.077402
987,117.005516,1000.0,0.915653,0.917507,0.0,0.0,0.145983,71770.0,0.124542,1.134721,0.230891,0.479461,-0.036278,0.783853,6.128716,-0.02,-0.8,-0.01,-0.05,-0.2,-2.0,0.500007,-0.168271,-0.001193,0.0,-0.000161,-0.018942,-0.028675,-0.059295,0.790417,-0.084576,-0.098224,-0.016371,-0.041676,1.828243,0.011077,-0.045853,-0.003797,-0.014044,4.652174,0.009898,0.056616,0.085142
988,117.618332,1000.0,0.915182,0.916933,0.0,0.0,0.145978,70674.0,0.122922,1.149464,0.231,0.498283,-0.038265,0.798546,6.149119,-0.02,-0.8,-0.01,-0.05,-0.2,-2.0,0.500007,-0.174275,-0.001581,0.0,-0.000171,-0.018866,-0.029512,-0.060194,0.789317,-0.085362,-0.096814,-0.018135,-0.04401,1.842998,0.010387,-0.047027,-0.004084,-0.011739,5.375,0.011593,0.063037,0.084994
989,116.47583,1000.0,0.910697,0.907099,0.0,0.0,0.1462,69608.0,0.127808,1.167804,0.229411,0.494904,-0.037775,0.79478,6.115589,-0.02,-0.8,-0.01,-0.05,-0.2,-2.0,0.500007,-0.172961,-0.002131,0.0,-0.000172,-0.019008,-0.029718,-0.061193,0.78794,-0.08638,-0.102137,-0.017211,-0.044843,1.826536,0.010374,-0.046991,-0.004454,-0.01467,4.458333,0.012859,0.071838,0.09077
990,115.035896,1000.0,0.892978,0.903606,0.0,0.0,0.145998,38460.0,0.126002,1.136617,0.222274,0.475587,-0.037181,0.760117,6.152238,-0.02,-0.8,-0.01,-0.05,-0.2,-2.0,0.500007,-0.171274,-0.00192,0.0,-0.000169,-0.019116,-0.029353,-0.061719,0.782628,-0.089605,-0.102517,-0.018274,-0.045933,1.833782,0.010401,-0.046444,-0.003462,-0.017879,3.958333,0.014325,0.070855,0.084947
991,117.605743,1000.0,0.923459,0.902335,0.0,0.0,0.14567,67779.0,0.12557,1.180612,0.238586,0.502455,-0.038576,0.81406,6.138244,-0.02,-0.8,-0.01,-0.05,-0.2,-2.0,0.500007,-0.175054,-0.001068,0.0,-0.000172,-0.018881,-0.029689,-0.060065,0.795766,-0.089199,-0.099125,-0.017047,-0.044685,1.832507,0.009459,-0.046702,-0.00403,-0.012793,4.916667,0.010785,0.064492,0.074682
992,117.516357,1000.0,0.917563,0.910025,0.0,0.0,0.145323,65064.0,0.129603,1.156214,0.239317,0.49876,-0.038696,0.821347,6.131347,-0.02,-0.8,-0.01,-0.05,-0.2,-2.0,0.500007,-0.170368,-0.001495,0.0,-0.00018,-0.019168,-0.03037,-0.06288,0.799893,-0.090008,-0.103342,-0.01834,-0.04582,1.819517,0.009837,-0.047387,-0.00415,-0.022505,5.125,0.01267,0.055204,0.084323
993,116.164192,1000.0,0.916331,0.905734,0.041667,0.0,0.145272,64199.0,0.124323,1.165281,0.226565,0.476052,-0.03657,0.767191,6.171951,-0.02,-0.8,-0.01,-0.05,-0.2,-2.0,0.498902,-0.169553,-0.001513,-0.000417,-0.000164,-0.019045,-0.028846,-0.060048,0.781274,-0.087618,-0.10012,-0.017309,-0.042706,1.827812,0.009929,-0.046203,-0.003777,-0.01434,4.416667,0.011641,0.074627,0.088183
994,116.894066,1000.0,0.915125,0.911593,0.0,0.0,0.145205,68855.0,0.12752,1.170926,0.23895,0.50884,-0.03817,0.834879,6.190918,-0.02,-0.8,-0.01,-0.05,-0.2,-2.0,0.500007,-0.174834,-0.001848,0.0,-0.000176,-0.018924,-0.029601,-0.060604,0.79944,-0.087422,-0.100336,-0.018679,-0.0448,1.822967,0.009668,-0.0472,-0.00399,-0.02021,4.333333,0.012355,0.066531,0.091232
995,115.884346,1000.0,0.902224,0.917073,0.0,0.0,0.145072,57530.0,0.127061,1.138193,0.234028,0.490844,-0.03763,0.793862,6.146357,-0.02,-0.8,-0.01,-0.05,-0.2,-2.0,0.500007,-0.168535,-0.00124,0.0,-0.000169,-0.019115,-0.029372,-0.059869,0.790075,-0.086067,-0.102645,-0.017849,-0.043879,1.829745,0.010504,-0.046828,-0.003834,-0.015971,4.666667,0.012719,0.065498,0.084698
996,116.101883,1000.0,0.921676,0.906861,0.0,0.0,0.145085,33851.0,0.127127,1.162218,0.221006,0.47576,-0.037226,0.748918,6.17023,-0.02,-0.8,-0.01,-0.05,-0.2,-2.0,0.500007,-0.168992,-0.001805,0.0,-0.000164,-0.019068,-0.029281,-0.059904,0.778799,-0.085875,-0.104293,-0.017255,-0.043351,1.826081,0.010191,-0.046485,-0.003816,-0.015744,3.458333,0.011783,0.060555,0.103223
997,115.594948,1000.0,0.902732,0.909104,0.0,0.0,0.145168,63154.0,0.124213,1.110922,0.215839,0.456804,-0.034315,0.772347,6.158147,-0.02,-0.8,-0.01,-0.05,-0.2,-2.0,0.500007,-0.172617,-0.001121,0.0,-0.00016,-0.018645,-0.027267,-0.060455,0.787246,-0.085373,-0.096174,-0.017185,-0.04079,1.83566,0.010918,-0.045077,-0.003462,-0.014614,4.625,0.012558,0.07417,0.093855
998,117.271278,1000.0,0.912362,0.908898,0.0,0.0,0.145005,64348.0,0.124629,1.112211,0.231417,0.488312,-0.037047,0.797915,6.176851,-0.02,-0.8,-0.01,-0.05,-0.2,-2.0,0.500007,-0.171787,-0.000993,0.0,-0.000166,-0.018794,-0.028583,-0.060587,0.793364,-0.08555,-0.097837,-0.017136,-0.042348,1.835045,0.010133,-0.046109,-0.004849,-0.020469,3.708333,0.011683,0.062558,0.090047
999,114.945969,1000.0,0.917788,0.908062,0.0,0.0,0.145112,65640.0,0.124679,1.131978,0.209977,0.458051,-0.035181,0.723426,6.186698,-0.02,-0.8,-0.01,-0.05,-0.2,-2.0,0.500007,-0.168655,-0.001895,0.0,-0.000158,-0.018961,-0.028649,-0.059509,0.768334,-0.086968,-0.099768,-0.017608,-0.041275,1.832418,0.011024,-0.046256,-0.00354,-0.01538,4.956522,0.011866,0.070819,0.098745
