iteration,reward,episode_length,height_reward,upright_reward,tipped_over,collapsed,exploration,steps_per_second,speed_error,turn_error,stepping,leg_swing,dragging,ground_covered,landing_force,Curriculum/ease_in_effort/weight,Curriculum/ease_in_landing/weight,Curriculum/ease_in_shake/weight,Curriculum/ease_in_smoothness/weight,Curriculum/ease_in_steadiness/weight,Curriculum/ease_in_straightness/weight,Episode_Reward/alive,Episode_Reward/effort,Episode_Reward/end_stops,Episode_Reward/fell_over,Episode_Reward/hard_landing,Episode_Reward/jitter,Episode_Reward/joint_shock,Episode_Reward/landing_speed,Episode_Reward/posture,Episode_Reward/rocking,Episode_Reward/shaking,Episode_Reward/skidding,Episode_Reward/swing_height,Episode_Reward/track_speed,Episode_Reward/track_turn,Episode_Reward/twitching,Episode_Reward/veering,Episode_Reward/wandering,Episode_Termination/time_out,Metrics/posture/error_height,Metrics/posture/error_pitch,Metrics/posture/error_roll
0,-0.664009,13.8,0.008838,0.008924,0.521739,36.56522,0.976998,43608.0,0.006706,0.021208,0.000579,0.005733,-0.001275,0.003417,7.080154,-0.0002,-0.1,-0.002,-0.05,-0.06,-0.2,0.006029,-6e-05,-4.1e-05,-0.009516,-0.004128,-0.041283,-0.002733,-0.00041,0.009354,-0.004666,-0.00122,-0.003566,-0.001603,0.008251,0.002983,-0.014287,-1.3e-05,-4.9e-05,3.652174,0.051433,0.130643,0.227251
1,-2.158459,38.580002,0.023204,0.019747,8.041667,0.0,0.949784,64414.0,0.019595,0.063606,0.003788,0.016781,-0.003694,0.008994,6.632242,-0.0002,-0.1,-0.002,-0.05,-0.06,-0.2,0.016274,-0.000164,-0.000181,-0.026567,-0.008963,-0.11399,-0.007329,-0.000909,0.023385,-0.013978,-0.003303,-0.008205,-0.003555,0.017991,0.007069,-0.038784,-0.000183,-0.000637,4.083333,0.030812,0.138161,0.612061
2,-2.617228,58.779999,0.03755,0.035254,8.958334,0.0,0.922509,63910.0,0.030787,0.100791,0.005758,0.026073,-0.005416,0.014627,6.685831,-0.0002,-0.1,-0.002,-0.05,-0.06,-0.2,0.026783,-0.000266,-0.000334,-0.027711,-0.013867,-0.180688,-0.011624,-0.001538,0.037636,-0.020969,-0.005333,-0.012676,-0.00574,0.029673,0.012963,-0.061098,-0.000435,-0.002099,3.875,0.029346,0.142463,0.582226
3,-3.020456,80.879997,0.049565,0.05076,8.791667,0.0,0.894094,64666.0,0.041612,0.142855,0.008074,0.036404,-0.00732,0.020832,6.640699,-0.0002,-0.1,-0.002,-0.05,-0.06,-0.2,0.037436,-0.000373,-0.000508,-0.0276,-0.019759,-0.243392,-0.01636,-0.0022,0.05305,-0.02886,-0.007364,-0.017937,-0.008174,0.042095,0.017806,-0.082539,-0.00111,-0.004355,3.916667,0.031336,0.127513,0.600071
4,-3.174861,93.879997,0.065387,0.063956,8.666667,0.0,0.865917,63402.0,0.053418,0.17603,0.009415,0.04605,-0.008789,0.024588,6.632996,-0.0002,-0.1,-0.002,-0.05,-0.06,-0.2,0.046368,-0.000454,-0.000648,-0.027504,-0.025119,-0.290756,-0.019589,-0.002763,0.067256,-0.034836,-0.008964,-0.022216,-0.010403,0.047809,0.022109,-0.098604,-0.001722,-0.006673,3.958333,0.029344,0.137859,0.572097
5,-3.401308,124.57,0.077361,0.078221,7.0,0.0,0.840152,60351.0,0.063568,0.219123,0.01174,0.056022,-0.010327,0.031432,6.599037,-0.0002,-0.1,-0.002,-0.05,-0.06,-0.2,0.056805,-0.000552,-0.000771,-0.025807,-0.03095,-0.338335,-0.023409,-0.003363,0.083198,-0.040682,-0.010895,-0.026383,-0.012962,0.06363,0.028567,-0.115289,-0.002545,-0.009893,3.958333,0.029032,0.138584,0.580976
6,-3.36585,143.089996,0.08308,0.091409,6.416667,0.0,0.813409,63363.0,0.069885,0.246366,0.013358,0.063992,-0.011792,0.037969,6.582483,-0.0002,-0.1,-0.002,-0.05,-0.06,-0.2,0.065539,-0.000631,-0.000864,-0.026264,-0.036407,-0.375863,-0.026217,-0.003831,0.097483,-0.045488,-0.012053,-0.030382,-0.015342,0.074888,0.034492,-0.128327,-0.002859,-0.013043,3.208333,0.033055,0.134711,0.558548
7,-3.70651,162.550003,0.107739,0.109751,5.583333,0.0,0.78967,59346.0,0.087626,0.29227,0.014574,0.073708,-0.0129,0.03771,6.55571,-0.0002,-0.1,-0.002,-0.05,-0.06,-0.2,0.078062,-0.000764,-0.001055,-0.02386,-0.04135,-0.432937,-0.031297,-0.004557,0.111331,-0.054446,-0.014364,-0.035681,-0.017843,0.081661,0.040283,-0.148049,-0.00437,-0.017216,3.625,0.028113,0.137426,0.52728
8,-3.353502,179.399994,0.111436,0.115526,5.541667,0.0,0.767386,50214.0,0.090511,0.31466,0.015547,0.077984,-0.014029,0.043773,6.529283,-0.0002,-0.1,-0.002,-0.05,-0.06,-0.2,0.083885,-0.000803,-0.001166,-0.027155,-0.043944,-0.439638,-0.033057,-0.004913,0.119698,-0.057619,-0.015508,-0.03811,-0.018518,0.09813,0.044428,-0.151001,-0.005905,-0.020681,2.958333,0.030525,0.14779,0.550899
9,-3.341047,206.130005,0.13446,0.136804,4.708333,0.0,0.746213,42031.0,0.106282,0.352539,0.01778,0.085496,-0.015246,0.04673,6.511225,-0.0002,-0.1,-0.002,-0.05,-0.06,-0.2,0.095841,-0.000905,-0.001312,-0.023638,-0.047331,-0.489449,-0.037115,-0.005595,0.135279,-0.063534,-0.017513,-0.043859,-0.020208,0.106703,0.050723,-0.168348,-0.006578,-0.026525,3.375,0.026782,0.129444,0.491403
10,-2.980227,221.399994,0.144481,0.155138,5.291667,0.0,0.731405,38236.0,0.119384,0.401599,0.019684,0.098606,-0.017083,0.048206,6.48334,-0.0002,-0.1,-0.002,-0.05,-0.06,-0.2,0.107557,-0.001017,-0.001408,-0.022742,-0.057143,-0.528235,-0.040596,-0.006216,0.15672,-0.06976,-0.019492,-0.048833,-0.024704,0.110533,0.058765,-0.182179,-0.005666,-0.024818,3.875,0.030045,0.139265,0.498546
11,-2.535521,239.800003,0.148335,0.164025,4.875,0.0,0.718774,45765.0,0.120727,0.409533,0.020641,0.100808,-0.01725,0.053741,6.466094,-0.0002,-0.1,-0.002,-0.05,-0.06,-0.2,0.111546,-0.001046,-0.001653,-0.021752,-0.057882,-0.528729,-0.040979,-0.006347,0.163097,-0.071107,-0.019637,-0.048114,-0.024923,0.125455,0.06177,-0.182536,-0.008779,-0.03716,4.125,0.030312,0.143825,0.480185
12,-1.714496,244.75,0.168138,0.184428,4.166667,0.0,0.706072,67549.0,0.139345,0.453086,0.026155,0.125332,-0.021409,0.066685,6.47909,-0.0002,-0.1,-0.002,-0.05,-0.06,-0.2,0.12597,-0.001167,-0.001875,-0.023007,-0.070276,-0.574059,-0.045642,-0.006995,0.196382,-0.077331,-0.022284,-0.054312,-0.03065,0.128216,0.073903,-0.198951,-0.012664,-0.056194,3.416667,0.028804,0.146271,0.48297
13,-0.527873,227.550003,0.15926,0.172283,4.375,0.0,0.694878,65737.0,0.127047,0.422859,0.022738,0.107343,-0.018556,0.06155,6.469687,-0.0002,-0.1,-0.002,-0.05,-0.06,-0.2,0.119173,-0.001093,-0.001673,-0.023867,-0.061592,-0.524171,-0.041839,-0.006581,0.177432,-0.071297,-0.020923,-0.04975,-0.027311,0.135952,0.074184,-0.182054,-0.011436,-0.045002,3.458333,0.030848,0.135199,0.533657
14,-1.608178,294.799988,0.187935,0.216028,2.666667,0.0,0.684547,66178.0,0.160278,0.5324,0.026749,0.13589,-0.022318,0.066744,6.448145,-0.0002,-0.1,-0.002,-0.05,-0.06,-0.2,0.148923,-0.001375,-0.0021,-0.019214,-0.079273,-0.644844,-0.050496,-0.00828,0.22316,-0.086169,-0.024629,-0.061326,-0.034864,0.156239,0.09452,-0.224105,-0.016845,-0.063256,2.958333,0.030248,0.146706,0.420817
15,-0.306102,304.25,0.211912,0.224082,3.458333,0.0,0.674174,67865.0,0.16524,0.549692,0.032795,0.14719,-0.025422,0.086145,6.432121,-0.0002,-0.1,-0.002,-0.05,-0.06,-0.2,0.1534,-0.00138,-0.002226,-0.021355,-0.083158,-0.647028,-0.053924,-0.008567,0.239287,-0.091128,-0.027195,-0.065826,-0.036602,0.170422,0.092141,-0.225108,-0.023297,-0.080443,3.083333,0.028675,0.14226,0.455007
16,0.624524,324.619995,0.224103,0.242219,3.0,0.0,0.665734,69137.0,0.174457,0.575057,0.030074,0.141739,-0.023631,0.07254,6.435647,-0.0002,-0.1,-0.002,-0.05,-0.06,-0.2,0.163438,-0.001485,-0.00235,-0.020179,-0.081702,-0.667516,-0.055563,-0.009021,0.24001,-0.091841,-0.027655,-0.067209,-0.036378,0.174995,0.104069,-0.232515,-0.014158,-0.057277,2.666667,0.029626,0.135281,0.420046
17,1.267926,348.100006,0.239401,0.260631,2.166667,0.0,0.656937,68295.0,0.174981,0.623537,0.03272,0.151026,-0.025553,0.097351,6.441867,-0.0002,-0.1,-0.002,-0.05,-0.06,-0.2,0.173628,-0.001545,-0.002437,-0.015956,-0.085291,-0.690119,-0.059121,-0.009519,0.257365,-0.099142,-0.030301,-0.072281,-0.037203,0.22422,0.10972,-0.240964,-0.020707,-0.089426,3.375,0.029166,0.14966,0.377609
18,0.752828,365.679993,0.240935,0.281468,2.041667,0.0,0.649962,66560.0,0.191206,0.67508,0.03612,0.162681,-0.02756,0.093975,6.419762,-0.0002,-0.1,-0.002,-0.05,-0.06,-0.2,0.187033,-0.00168,-0.003047,-0.015973,-0.093498,-0.733022,-0.062281,-0.010047,0.277614,-0.104169,-0.031148,-0.07614,-0.041384,0.236185,0.121533,-0.256452,-0.021448,-0.074939,2.916667,0.029301,0.136641,0.390854
19,3.388929,416.290009,0.275933,0.307176,1.869565,0.0,0.643258,64816.0,0.209581,0.727441,0.037988,0.174835,-0.028855,0.1062,6.419527,-0.0002,-0.1,-0.002,-0.05,-0.06,-0.2,0.203614,-0.001836,-0.003169,-0.015884,-0.101301,-0.76962,-0.067377,-0.011098,0.299971,-0.111059,-0.034064,-0.081528,-0.045004,0.256319,0.134992,-0.269696,-0.019449,-0.086029,3.26087,0.029938,0.132852,0.349048
20,3.282389,432.559998,0.277139,0.30935,1.625,0.0,0.635085,63228.0,0.219763,0.707071,0.03913,0.184417,-0.030097,0.108729,6.425934,-0.0002,-0.1,-0.002,-0.05,-0.06,-0.2,0.207964,-0.001845,-0.003155,-0.0175,-0.10761,-0.774186,-0.066545,-0.010897,0.314246,-0.112135,-0.034535,-0.082004,-0.048902,0.250274,0.14184,-0.271477,-0.017395,-0.102075,2.166667,0.028434,0.144616,0.378568
21,3.786462,459.390015,0.306442,0.344599,1.521739,0.0,0.627508,63553.0,0.239798,0.777527,0.042592,0.199586,-0.033115,0.117715,6.375784,-0.0002,-0.1,-0.002,-0.05,-0.06,-0.2,0.228597,-0.002005,-0.003321,-0.013648,-0.115153,-0.829624,-0.073543,-0.01238,0.343231,-0.121312,-0.037979,-0.089189,-0.051067,0.280455,0.162716,-0.291692,-0.036982,-0.127274,2.956522,0.029285,0.122872,0.294657
22,5.037913,497.779999,0.35096,0.383072,0.708333,0.0,0.622457,65311.0,0.253257,0.878562,0.045395,0.213021,-0.034987,0.128109,6.398736,-0.0002,-0.1,-0.002,-0.05,-0.06,-0.2,0.25153,-0.00223,-0.00398,-0.008046,-0.127942,-0.903581,-0.080275,-0.013497,0.376016,-0.130979,-0.040829,-0.098684,-0.05691,0.31695,0.175346,-0.318368,-0.027634,-0.105475,3.041667,0.026386,0.130346,0.263556
23,6.264033,516.789978,0.348408,0.39198,0.782609,0.0,0.615413,66622.0,0.263632,0.860261,0.050903,0.224546,-0.03658,0.122757,6.379036,-0.0002,-0.1,-0.002,-0.05,-0.06,-0.2,0.254347,-0.002239,-0.003959,-0.009768,-0.12517,-0.893427,-0.080061,-0.013322,0.3846,-0.130877,-0.041027,-0.096491,-0.057304,0.300935,0.184148,-0.315057,-0.029376,-0.167082,2.695652,0.027981,0.108529,0.248125
24,6.303187,512.719971,0.352008,0.406522,0.73913,0.0,0.608811,68998.0,0.260442,0.935959,0.052597,0.219628,-0.036214,0.138378,6.39067,-0.0002,-0.1,-0.002,-0.05,-0.06,-0.2,0.261908,-0.002228,-0.003869,-0.008942,-0.122415,-0.918018,-0.079721,-0.013668,0.39363,-0.133687,-0.043711,-0.097219,-0.054508,0.349205,0.184249,-0.323578,-0.025479,-0.138153,2.521739,0.030001,0.148759,0.271118
25,7.32321,537.320007,0.368936,0.425901,0.608696,0.0,0.602398,68909.0,0.275746,0.96153,0.051186,0.237144,-0.037851,0.14546,6.379025,-0.0002,-0.1,-0.002,-0.05,-0.06,-0.2,0.282689,-0.002495,-0.004529,-0.005598,-0.138754,-0.964728,-0.087085,-0.014949,0.418911,-0.144307,-0.045637,-0.106415,-0.062101,0.394235,0.211494,-0.340506,-0.038708,-0.179054,3.217391,0.030205,0.130997,0.196909
26,9.167206,593.119995,0.419321,0.47111,0.2,0.0,0.595102,73499.0,0.295078,1.039847,0.053036,0.241587,-0.037745,0.145058,6.37977,-0.0002,-0.1,-0.002,-0.05,-0.06,-0.2,0.310565,-0.002717,-0.005431,-0.0025,-0.141857,-1.041469,-0.092616,-0.01655,0.438059,-0.151452,-0.048671,-0.115826,-0.063224,0.432957,0.245287,-0.368174,-0.04013,-0.164331,2.35,0.025954,0.111101,0.186082
27,10.928674,622.919983,0.473204,0.476891,0.454545,0.0,0.588232,71868.0,0.315673,1.067443,0.057882,0.246842,-0.040552,0.149964,6.380567,-0.0002,-0.1,-0.002,-0.05,-0.06,-0.2,0.312598,-0.002664,-0.005243,-0.006485,-0.139403,-1.030035,-0.096488,-0.016273,0.452394,-0.159084,-0.053298,-0.116762,-0.063478,0.415612,0.230452,-0.36451,-0.025396,-0.155449,2.636364,0.0217,0.129736,0.204542
28,11.005574,618.179993,0.433165,0.485066,0.545455,0.0,0.582494,70436.0,0.314565,1.064927,0.055695,0.26057,-0.040336,0.153354,6.380379,-0.0002,-0.1,-0.002,-0.05,-0.06,-0.2,0.312443,-0.002744,-0.005135,-0.006576,-0.14961,-1.018352,-0.093228,-0.016437,0.458837,-0.148856,-0.05007,-0.114889,-0.067218,0.416077,0.242446,-0.36064,-0.048833,-0.140509,2.727273,0.025789,0.124696,0.227011
29,13.31232,677.52002,0.49767,0.536938,0.333333,0.0,0.575998,65673.0,0.330624,1.127374,0.063431,0.284008,-0.044658,0.186219,6.367912,-0.0002,-0.1,-0.002,-0.05,-0.06,-0.2,0.344097,-0.002977,-0.006657,-0.005139,-0.164233,-1.103521,-0.099945,-0.017762,0.513179,-0.16363,-0.05496,-0.124348,-0.07424,0.486502,0.286406,-0.391439,-0.041044,-0.169123,2.5,0.026514,0.12456,0.209289
30,12.841226,713.450012,0.507623,0.538313,0.208333,0.0,0.570304,65875.0,0.341948,1.165886,0.062972,0.292677,-0.04486,0.172371,6.380952,-0.0002,-0.1,-0.002,-0.05,-0.06,-0.2,0.357619,-0.003132,-0.006913,-0.002044,-0.173858,-1.131214,-0.105397,-0.018727,0.526885,-0.168133,-0.056196,-0.128332,-0.077788,0.512569,0.295661,-0.402218,-0.043113,-0.267988,3.375,0.026836,0.140192,0.149143
31,14.832162,729.940002,0.536007,0.576348,0.227273,0.0,0.563453,71294.0,0.34901,1.193939,0.063628,0.282255,-0.043998,0.170034,6.386621,-0.0002,-0.1,-0.002,-0.05,-0.06,-0.2,0.365106,-0.003169,-0.006811,-0.003636,-0.168075,-1.131926,-0.105598,-0.018884,0.52687,-0.16839,-0.056311,-0.128183,-0.075996,0.49156,0.306944,-0.402526,-0.042394,-0.157187,2.454545,0.020797,0.151656,0.151509
32,16.355328,754.450012,0.518514,0.594814,0.347826,0.0,0.556476,67818.0,0.353421,1.260707,0.066535,0.306378,-0.047616,0.212641,6.383455,-0.0002,-0.1,-0.002,-0.05,-0.06,-0.2,0.383971,-0.003325,-0.0069,-0.004928,-0.175617,-1.17397,-0.112784,-0.019775,0.560793,-0.183794,-0.060641,-0.142255,-0.079922,0.601442,0.31633,-0.417923,-0.040503,-0.278837,2.391304,0.032551,0.133888,0.178746
33,17.047361,762.369995,0.533984,0.587347,0.478261,0.0,0.549626,68846.0,0.367626,1.232188,0.074705,0.324114,-0.051365,0.213066,6.380039,-0.0002,-0.1,-0.002,-0.05,-0.06,-0.2,0.378764,-0.003202,-0.007877,-0.006058,-0.184979,-1.137444,-0.10993,-0.019507,0.578814,-0.173044,-0.061511,-0.135233,-0.084725,0.509339,0.319837,-0.404671,-0.034077,-0.213895,2.304348,0.024272,0.168573,0.190792
34,17.384268,780.940002,0.572745,0.63844,0.291667,0.0,0.542365,67972.0,0.382558,1.310662,0.074977,0.331179,-0.051419,0.230054,6.371766,-0.0002,-0.1,-0.002,-0.05,-0.06,-0.2,0.401524,-0.003355,-0.007175,-0.002806,-0.192549,-1.205014,-0.113243,-0.020514,0.60431,-0.182538,-0.064617,-0.143949,-0.08605,0.570445,0.343891,-0.428931,-0.038145,-0.286405,2.875,0.028227,0.148959,0.154488
35,19.820803,790.599976,0.581823,0.608343,0.619048,0.0,0.536051,70531.0,0.372507,1.264538,0.07466,0.313323,-0.049117,0.201632,6.368223,-0.0002,-0.1,-0.002,-0.05,-0.06,-0.2,0.397928,-0.003356,-0.007955,-0.00654,-0.17875,-1.146193,-0.109333,-0.019818,0.583634,-0.174665,-0.063243,-0.1351,-0.081464,0.582147,0.366292,-0.409902,-0.080078,-0.263445,2.476191,0.022212,0.154963,0.195682
36,21.442631,798.330017,0.562252,0.641037,0.434783,0.0,0.53038,69213.0,0.375348,1.305587,0.075442,0.327507,-0.051307,0.22695,6.391887,-0.0002,-0.1,-0.002,-0.05,-0.06,-0.2,0.412806,-0.003499,-0.008,-0.004913,-0.200395,-1.190527,-0.113407,-0.021089,0.618668,-0.179092,-0.063477,-0.14018,-0.091169,0.641633,0.377394,-0.425846,-0.0312,-0.264534,2.652174,0.029349,0.188357,0.201006
37,23.430292,850.070007,0.620469,0.674733,0.304348,0.0,0.525734,69020.0,0.413096,1.403831,0.087213,0.375431,-0.059706,0.255588,6.384247,-0.0002,-0.1,-0.002,-0.05,-0.06,-0.2,0.435049,-0.00369,-0.008785,-0.004899,-0.226463,-1.242939,-0.122857,-0.021892,0.678853,-0.191794,-0.068161,-0.153946,-0.101573,0.614893,0.39145,-0.444271,-0.028272,-0.249933,2.521739,0.027085,0.144887,0.199976
38,23.848452,859.080017,0.591103,0.672718,0.625,0.0,0.520962,68870.0,0.392185,1.359113,0.088077,0.364155,-0.059213,0.25895,6.377057,-0.0002,-0.1,-0.002,-0.05,-0.06,-0.2,0.421178,-0.003446,-0.008294,-0.009556,-0.207728,-1.163327,-0.116972,-0.02109,0.662265,-0.183698,-0.067555,-0.147473,-0.093409,0.592382,0.377957,-0.41689,-0.042442,-0.286718,2.666667,0.029542,0.221218,0.267555
39,24.753496,867.369995,0.615152,0.688479,0.428571,0.0,0.516579,71980.0,0.407527,1.3718,0.081497,0.357475,-0.054791,0.239756,6.383789,-0.0002,-0.1,-0.002,-0.05,-0.06,-0.2,0.441888,-0.003691,-0.008372,-0.005524,-0.20659,-1.214803,-0.117949,-0.021894,0.656297,-0.186176,-0.066963,-0.148518,-0.092808,0.644741,0.431542,-0.435787,-0.054677,-0.228354,2.809524,0.023307,0.164781,0.162034
40,29.494946,937.059998,0.690539,0.731749,0.166667,0.0,0.510717,65675.0,0.427674,1.455806,0.091894,0.369727,-0.057423,0.2596,6.390222,-0.0002,-0.1,-0.002,-0.05,-0.06,-0.2,0.464737,-0.003839,-0.009591,-0.002778,-0.21323,-1.285953,-0.125101,-0.023009,0.693833,-0.200064,-0.071249,-0.151778,-0.096941,0.712144,0.445957,-0.46051,-0.048768,-0.251134,3.041667,0.02138,0.158793,0.156256
41,31.203299,998.23999,0.71512,0.741397,0.380952,0.0,0.505236,70314.0,0.436647,1.489866,0.094351,0.371472,-0.058904,0.274168,6.394889,-0.0002,-0.1,-0.002,-0.05,-0.06,-0.2,0.475672,-0.003854,-0.009863,-0.003683,-0.209362,-1.287111,-0.128127,-0.023471,0.69783,-0.203518,-0.075879,-0.15904,-0.093808,0.729504,0.452201,-0.462092,-0.042801,-0.262848,25.476191,0.027901,0.163055,0.155757
42,31.160574,956.22998,0.702966,0.761767,0.409091,0.0,0.500215,71157.0,0.448729,1.512485,0.088293,0.372952,-0.058435,0.270381,6.386445,-0.0002,-0.1,-0.002,-0.05,-0.06,-0.2,0.483687,-0.003935,-0.00972,-0.003237,-0.214443,-1.253509,-0.128986,-0.023854,0.707103,-0.200653,-0.077357,-0.163338,-0.097529,0.747083,0.473886,-0.451872,-0.039985,-0.308872,4.227273,0.021339,0.145552,0.154459
43,35.164803,966.400024,0.723066,0.768254,0.416667,0.0,0.495396,66507.0,0.454833,1.514054,0.101621,0.406968,-0.06358,0.297799,6.367181,-0.0002,-0.1,-0.002,-0.05,-0.06,-0.2,0.488009,-0.003932,-0.010307,-0.001891,-0.225863,-1.210177,-0.127295,-0.023684,0.749954,-0.199303,-0.076832,-0.158954,-0.104523,0.72344,0.483023,-0.438446,-0.040531,-0.298807,7.541667,0.020724,0.132945,0.139316
44,36.243183,949.330017,0.711525,0.769876,0.458333,0.0,0.490388,67921.0,0.441704,1.480263,0.099724,0.40098,-0.062254,0.296031,6.397653,-0.0002,-0.1,-0.002,-0.05,-0.06,-0.2,0.484151,-0.003888,-0.011149,-0.001927,-0.226864,-1.14028,-0.12206,-0.023078,0.746344,-0.189477,-0.074806,-0.155987,-0.105713,0.756438,0.498573,-0.415313,-0.047005,-0.327272,8.541667,0.025308,0.127339,0.134002
45,38.52726,966.450012,0.711495,0.767345,0.458333,0.0,0.485877,66558.0,0.446431,1.454616,0.102075,0.403656,-0.06285,0.29725,6.411758,-0.0002,-0.1,-0.002,-0.05,-0.06,-0.2,0.481519,-0.003839,-0.010683,-0.002462,-0.224859,-1.08849,-0.121324,-0.022828,0.747245,-0.186345,-0.074159,-0.153816,-0.104983,0.720931,0.504697,-0.398111,-0.050829,-0.377347,7.875,0.023253,0.130282,0.136157
46,43.175888,990.919983,0.707811,0.790427,0.166667,0.0,0.480955,65702.0,0.43259,1.4632,0.097597,0.386571,-0.059612,0.299499,6.419801,-0.0002,-0.1,-0.002,-0.05,-0.06,-0.2,0.491759,-0.003933,-0.011214,-0.000813,-0.222965,-1.067835,-0.120255,-0.023458,0.741771,-0.182727,-0.073644,-0.152061,-0.103508,0.810137,0.542149,-0.392109,-0.033159,-0.280476,8.166667,0.023988,0.133544,0.118774
47,46.120834,999.390015,0.710163,0.798657,0.041667,0.0,0.476874,67223.0,0.447083,1.483665,0.101063,0.39695,-0.061117,0.303924,6.40921,-0.0002,-0.1,-0.002,-0.05,-0.06,-0.2,0.499822,-0.003959,-0.012351,-0.000238,-0.222747,-1.042073,-0.120827,-0.02341,0.758055,-0.182295,-0.075291,-0.152997,-0.103496,0.797326,0.552783,-0.384145,-0.029646,-0.249833,7.083333,0.023891,0.113896,0.127184
48,47.956207,989.369995,0.747436,0.797162,0.125,0.0,0.471624,67984.0,0.44406,1.444012,0.104709,0.399436,-0.062981,0.304525,6.405888,-0.0002,-0.1,-0.002,-0.05,-0.06,-0.2,0.497173,-0.003884,-0.011019,-0.000545,-0.22541,-0.996964,-0.119394,-0.023181,0.759367,-0.179433,-0.075518,-0.15193,-0.105092,0.798647,0.562376,-0.369076,-0.037355,-0.23895,7.0,0.023122,0.131403,0.122938
49,49.605289,961.409973,0.723237,0.774645,0.416667,0.0,0.466994,66036.0,0.420062,1.377401,0.095736,0.378823,-0.058967,0.307008,6.430124,-0.0002,-0.1,-0.002,-0.05,-0.06,-0.2,0.479171,-0.003732,-0.012128,-0.002486,-0.215826,-0.926583,-0.113917,-0.022422,0.731177,-0.167229,-0.0734,-0.146303,-0.099352,0.791242,0.563024,-0.344473,-0.023686,-0.191641,6.833333,0.022909,0.133557,0.128411
50,51.294361,964.48999,0.721495,0.781152,0.375,0.0,0.461936,66827.0,0.402941,1.362143,0.094373,0.354198,-0.055548,0.28971,6.416336,-0.0002,-0.1,-0.002,-0.05,-0.06,-0.2,0.479946,-0.003731,-0.012119,-0.001818,-0.200079,-0.899837,-0.111457,-0.021953,0.705281,-0.161809,-0.071617,-0.139327,-0.093968,0.864637,0.579977,-0.335205,-0.024363,-0.195864,6.333333,0.023128,0.116529,0.134491
51,51.603516,970.27002,0.696711,0.771857,0.416667,0.0,0.455902,65878.0,0.414712,1.355584,0.103754,0.386465,-0.061372,0.32407,6.397621,-0.0002,-0.1,-0.002,-0.05,-0.06,-0.2,0.477682,-0.003629,-0.01153,-0.002504,-0.214964,-0.869469,-0.10948,-0.021639,0.738701,-0.160953,-0.072268,-0.140989,-0.101183,0.809651,0.574221,-0.325241,-0.022929,-0.262646,6.25,0.02194,0.142228,0.144996
52,54.415482,955.869995,0.719809,0.788122,0.291667,0.0,0.451318,67528.0,0.412744,1.370137,0.107761,0.390782,-0.061035,0.340939,6.39259,-0.0002,-0.1,-0.002,-0.05,-0.06,-0.2,0.488261,-0.003666,-0.012594,-0.001379,-0.212226,-0.86455,-0.108857,-0.021779,0.758511,-0.159182,-0.073294,-0.138852,-0.100522,0.878428,0.603028,-0.324004,-0.018336,-0.241284,7.75,0.024082,0.142581,0.131011
53,57.579182,1000.0,0.729049,0.811307,0.041667,0.0,0.447086,67661.0,0.412481,1.353735,0.103097,0.378155,-0.057926,0.334484,6.383552,-0.0002,-0.1,-0.002,-0.05,-0.06,-0.2,0.496934,-0.003756,-0.01367,-0.000278,-0.208757,-0.858815,-0.110721,-0.022415,0.746361,-0.156785,-0.07405,-0.139361,-0.097219,0.915227,0.647895,-0.322217,-0.019361,-0.202948,6.625,0.02224,0.09885,0.108208
54,57.647705,1000.0,0.730744,0.816062,0.041667,0.0,0.442171,63124.0,0.422211,1.363264,0.104284,0.385658,-0.059555,0.332731,6.390848,-0.0002,-0.1,-0.002,-0.05,-0.06,-0.2,0.497848,-0.003746,-0.014232,-0.000208,-0.213947,-0.837941,-0.107771,-0.021912,0.76072,-0.152881,-0.073318,-0.138558,-0.10117,0.870521,0.659537,-0.315723,-0.019941,-0.232742,5.75,0.024223,0.115333,0.101107
55,59.781193,1000.0,0.77056,0.817061,0.041667,0.0,0.438411,64265.0,0.413338,1.350918,0.10841,0.38908,-0.062628,0.354024,6.411137,-0.0002,-0.1,-0.002,-0.05,-0.06,-0.2,0.497926,-0.003645,-0.011969,-0.000185,-0.209022,-0.816315,-0.109148,-0.021996,0.7592,-0.154344,-0.074383,-0.140267,-0.09947,0.913986,0.652858,-0.30867,-0.018521,-0.278598,5.833333,0.022183,0.115614,0.115298
56,60.191017,975.76001,0.729288,0.800301,0.208333,0.0,0.434748,65905.0,0.400753,1.281029,0.102053,0.370399,-0.057427,0.344501,6.395947,-0.0002,-0.1,-0.002,-0.05,-0.06,-0.2,0.489205,-0.00364,-0.014263,-0.002139,-0.204701,-0.778379,-0.103814,-0.021604,0.739267,-0.144509,-0.072185,-0.13324,-0.096332,0.921932,0.684897,-0.294996,-0.013146,-0.199327,4.833333,0.020739,0.144374,0.132168
57,62.155895,976.77002,0.728843,0.805324,0.166667,0.0,0.430538,65732.0,0.405603,1.306536,0.109009,0.392268,-0.061988,0.369088,6.385681,-0.0002,-0.1,-0.002,-0.05,-0.06,-0.2,0.490328,-0.003594,-0.012299,-0.001405,-0.210834,-0.76775,-0.104733,-0.021345,0.765697,-0.145714,-0.072505,-0.134774,-0.099658,0.936035,0.677975,-0.29173,-0.014844,-0.198316,4.833333,0.020664,0.102582,0.125399
58,62.200813,976.0,0.736011,0.794564,0.166667,0.0,0.42735,68709.0,0.392348,1.271312,0.108033,0.381422,-0.059472,0.354217,6.397358,-0.0002,-0.1,-0.002,-0.05,-0.06,-0.2,0.487129,-0.003572,-0.014603,-0.001652,-0.211333,-0.742424,-0.100565,-0.021339,0.757223,-0.136591,-0.071087,-0.130508,-0.09976,0.927092,0.710648,-0.282482,-0.01526,-0.277982,5.333333,0.021114,0.133754,0.120479
59,64.481552,978.690002,0.735375,0.800634,0.291667,0.0,0.423539,68057.0,0.383372,1.26226,0.105652,0.378504,-0.059403,0.383517,6.411105,-0.0002,-0.1,-0.002,-0.05,-0.06,-0.2,0.487603,-0.003581,-0.014223,-0.002255,-0.205441,-0.72812,-0.102259,-0.021221,0.747159,-0.137169,-0.073109,-0.133499,-0.096368,0.984679,0.705202,-0.278092,-0.012302,-0.308917,4.541667,0.022545,0.143064,0.129001
60,64.057114,977.900024,0.731846,0.807302,0.130435,0.0,0.41914,68532.0,0.39371,1.23807,0.105099,0.371918,-0.059728,0.357959,6.385209,-0.0002,-0.1,-0.002,-0.05,-0.06,-0.2,0.488358,-0.003525,-0.013864,-0.001411,-0.203683,-0.719631,-0.100191,-0.020865,0.742549,-0.134237,-0.071114,-0.131129,-0.096333,0.929654,0.72943,-0.274632,-0.012953,-0.227513,4.304348,0.020301,0.140401,0.123251
61,67.384476,972.150024,0.745341,0.79774,0.166667,0.0,0.414992,68164.0,0.376992,1.226279,0.108221,0.373823,-0.059499,0.381782,6.387643,-0.0002,-0.1,-0.002,-0.05,-0.06,-0.2,0.487959,-0.003474,-0.013909,-0.001349,-0.198159,-0.704949,-0.099876,-0.020735,0.749161,-0.131962,-0.071626,-0.129702,-0.092507,1.006912,0.73943,-0.269476,-0.010458,-0.220517,4.416667,0.019487,0.108986,0.125455
62,64.538879,922.72998,0.688252,0.773329,0.333333,0.0,0.41155,63961.0,0.355522,1.167376,0.096593,0.34482,-0.05342,0.353019,6.407699,-0.0002,-0.1,-0.002,-0.05,-0.06,-0.2,0.463586,-0.003364,-0.014745,-0.003222,-0.189429,-0.650702,-0.091125,-0.019807,0.699893,-0.122005,-0.066647,-0.119404,-0.088743,0.957812,0.720364,-0.250013,-0.00909,-0.198673,3.583333,0.021793,0.120861,0.154387
63,67.952721,976.109985,0.776035,0.826054,0.086957,0.0,0.407644,67232.0,0.381786,1.198169,0.104508,0.341496,-0.053361,0.336996,6.408135,-0.0002,-0.1,-0.002,-0.05,-0.06,-0.2,0.495505,-0.003507,-0.014937,-0.000483,-0.185478,-0.679833,-0.095405,-0.020787,0.721726,-0.126891,-0.071803,-0.120003,-0.087806,1.036335,0.804195,-0.261618,-0.009943,-0.224905,4.0,0.020883,0.127891,0.099058
64,69.977219,976.52002,0.729005,0.799914,0.173913,0.0,0.403872,69570.0,0.363669,1.169037,0.105784,0.368091,-0.057726,0.386884,6.393074,-0.0002,-0.1,-0.002,-0.05,-0.06,-0.2,0.480777,-0.003405,-0.015163,-0.002522,-0.200583,-0.645253,-0.091822,-0.020144,0.736601,-0.121258,-0.069301,-0.120083,-0.094734,1.03001,0.787931,-0.249149,-0.008677,-0.271619,3.173913,0.021002,0.147431,0.152145
65,70.268776,966.289978,0.702866,0.776014,0.208333,0.0,0.401087,68347.0,0.354493,1.126177,0.106844,0.36309,-0.05619,0.39679,6.39151,-0.0002,-0.1,-0.002,-0.05,-0.06,-0.2,0.472409,-0.003303,-0.013659,-0.003488,-0.189838,-0.624689,-0.08888,-0.01952,0.728294,-0.118055,-0.068602,-0.117683,-0.08793,1.010994,0.784985,-0.241508,-0.005846,-0.264513,3.25,0.02194,0.175009,0.15644
66,71.278,970.380005,0.709316,0.788697,0.272727,0.0,0.397541,68908.0,0.371789,1.184224,0.119233,0.40117,-0.06629,0.43235,6.400551,-0.0002,-0.1,-0.002,-0.05,-0.06,-0.2,0.481146,-0.0033,-0.013061,-0.003182,-0.20677,-0.629866,-0.094276,-0.019905,0.77158,-0.123971,-0.071482,-0.12713,-0.098722,0.980953,0.764584,-0.244262,-0.006874,-0.197064,2.681818,0.021483,0.148544,0.139226
67,72.372475,962.700012,0.748389,0.816614,0.095238,0.0,0.393826,72068.0,0.36136,1.170827,0.107039,0.398994,-0.061722,0.435277,6.398262,-0.0002,-0.1,-0.002,-0.05,-0.06,-0.2,0.487006,-0.003452,-0.013912,-0.00127,-0.213733,-0.624686,-0.093795,-0.020383,0.773745,-0.117171,-0.068572,-0.126413,-0.098939,1.049588,0.829724,-0.242623,-0.006877,-0.253939,3.476191,0.020243,0.120088,0.132271
68,76.07341,977.429993,0.781612,0.83056,0.045455,0.0,0.390255,70388.0,0.357729,1.14711,0.115889,0.386955,-0.059217,0.448488,6.395053,-0.0002,-0.1,-0.002,-0.05,-0.06,-0.2,0.497987,-0.003412,-0.016055,-0.00026,-0.198597,-0.620502,-0.091921,-0.020724,0.774338,-0.117065,-0.07185,-0.120682,-0.093786,1.135195,0.875832,-0.241851,-0.008754,-0.309797,2.545455,0.017792,0.113498,0.105722
69,76.254768,982.280029,0.755857,0.814719,0.136364,0.0,0.387111,69864.0,0.359843,1.116756,0.118171,0.392055,-0.059826,0.443804,6.369167,-0.0002,-0.1,-0.002,-0.05,-0.06,-0.2,0.493462,-0.003394,-0.016964,-0.001273,-0.203482,-0.604666,-0.0927,-0.02014,0.773336,-0.115248,-0.070391,-0.117925,-0.095292,1.095001,0.887305,-0.235973,-0.008023,-0.29949,3.227273,0.022405,0.13249,0.114153
70,78.055862,987.219971,0.777505,0.828738,0.095238,0.0,0.384033,69258.0,0.358724,1.124784,0.116161,0.390823,-0.059579,0.450118,6.402465,-0.0002,-0.1,-0.002,-0.05,-0.06,-0.2,0.495032,-0.003397,-0.015711,-0.000857,-0.202147,-0.598182,-0.091641,-0.020429,0.772672,-0.113174,-0.07085,-0.118611,-0.095171,1.112878,0.902453,-0.23359,-0.009611,-0.223327,2.52381,0.017601,0.119028,0.126978
71,77.992554,977.890015,0.784614,0.820748,0.086957,0.0,0.381172,67331.0,0.353853,1.101496,0.11321,0.375666,-0.061455,0.460289,6.415918,-0.0002,-0.1,-0.002,-0.05,-0.06,-0.2,0.488812,-0.003231,-0.014347,-0.000928,-0.185779,-0.584871,-0.091383,-0.020098,0.748429,-0.116537,-0.073924,-0.119984,-0.085612,1.12621,0.864302,-0.229726,-0.006747,-0.290842,3.26087,0.016695,0.124857,0.133826
72,78.781075,964.150024,0.785499,0.816989,0.130435,0.0,0.377491,62635.0,0.353381,1.101487,0.116443,0.377833,-0.059036,0.448146,6.387763,-0.0002,-0.1,-0.002,-0.05,-0.06,-0.2,0.492014,-0.00331,-0.016971,-0.00113,-0.190782,-0.573413,-0.090755,-0.019958,0.756119,-0.111641,-0.07166,-0.117548,-0.089793,1.120403,0.907115,-0.225624,-0.005332,-0.208767,3.173913,0.017625,0.107179,0.1273
73,80.301514,965.090027,0.740573,0.794002,0.208333,0.0,0.374572,63417.0,0.335856,1.067292,0.105114,0.343087,-0.053285,0.413846,6.40389,-0.0002,-0.1,-0.002,-0.05,-0.06,-0.2,0.477965,-0.003196,-0.015413,-0.003433,-0.174709,-0.547975,-0.081998,-0.018576,0.719712,-0.103298,-0.068623,-0.105591,-0.08136,1.123883,0.90726,-0.214572,-0.003924,-0.197467,2.625,0.021985,0.140712,0.165419
74,81.003166,978.299988,0.770022,0.809552,0.130435,0.0,0.372036,66113.0,0.347842,1.046852,0.122983,0.387451,-0.06141,0.471579,6.412518,-0.0002,-0.1,-0.002,-0.05,-0.06,-0.2,0.488488,-0.003191,-0.015465,-0.001449,-0.195277,-0.55058,-0.085712,-0.019555,0.771501,-0.106359,-0.071474,-0.113426,-0.091982,1.131493,0.950346,-0.216475,-0.003852,-0.315075,2.608696,0.019914,0.137609,0.117927
75,79.874962,961.080017,0.777602,0.80802,0.217391,0.0,0.368449,68043.0,0.341116,1.055074,0.11001,0.384814,-0.06035,0.484983,6.394192,-0.0002,-0.1,-0.002,-0.05,-0.06,-0.2,0.482352,-0.003182,-0.015059,-0.002754,-0.197475,-0.537686,-0.085883,-0.019555,0.758789,-0.104718,-0.071135,-0.116289,-0.090944,1.124724,0.935008,-0.212559,-0.00466,-0.279348,2.869565,0.020248,0.130715,0.132049
76,81.16864,949.48999,0.748299,0.782253,0.181818,0.0,0.365961,70007.0,0.324361,1.019595,0.112777,0.371058,-0.057211,0.45941,6.394249,-0.0002,-0.1,-0.002,-0.05,-0.06,-0.2,0.474624,-0.003195,-0.018211,-0.002273,-0.182808,-0.517142,-0.083266,-0.018476,0.733804,-0.09892,-0.066871,-0.110155,-0.085954,1.16088,0.955782,-0.20431,-0.004712,-0.268106,3.318182,0.018414,0.139937,0.154233
77,85.89843,996.059998,0.79889,0.838848,0.090909,0.0,0.362946,70374.0,0.343774,1.092664,0.114683,0.391602,-0.06224,0.507375,6.387372,-0.0002,-0.1,-0.002,-0.05,-0.06,-0.2,0.497007,-0.003325,-0.015258,-0.001212,-0.199279,-0.535741,-0.087267,-0.01965,0.779667,-0.104768,-0.072695,-0.118552,-0.092341,1.192692,0.980264,-0.212799,-0.004951,-0.275934,3.045455,0.021032,0.143427,0.116442
78,87.431313,994.200012,0.761726,0.826217,0.041667,0.0,0.36018,68203.0,0.315245,1.012389,0.101071,0.346544,-0.054279,0.461638,6.386936,-0.0002,-0.1,-0.002,-0.05,-0.06,-0.2,0.487902,-0.003207,-0.013971,-0.001667,-0.183592,-0.5114,-0.080223,-0.018891,0.737785,-0.096492,-0.067645,-0.108603,-0.083555,1.275945,1.035245,-0.202668,-0.004502,-0.265348,2.625,0.019606,0.13035,0.114694
79,88.745872,987.26001,0.772492,0.808934,0.086957,0.0,0.358236,67528.0,0.333632,1.051517,0.112886,0.370014,-0.056661,0.476817,6.382472,-0.0002,-0.1,-0.002,-0.05,-0.06,-0.2,0.492441,-0.00321,-0.01655,-0.001739,-0.184972,-0.511709,-0.08283,-0.018996,0.759898,-0.097235,-0.070901,-0.110641,-0.086007,1.208061,1.016863,-0.20302,-0.003074,-0.212034,2.73913,0.019296,0.132989,0.119735
80,88.968513,997.98999,0.799266,0.815767,0.0,0.0,0.356431,68684.0,0.334726,1.058699,0.118424,0.392939,-0.063383,0.513221,6.348814,-0.0002,-0.1,-0.002,-0.05,-0.06,-0.2,0.500007,-0.00321,-0.015438,0.0,-0.202477,-0.515959,-0.083478,-0.019399,0.799229,-0.09757,-0.070122,-0.112498,-0.093506,1.224149,1.047622,-0.205622,-0.003777,-0.364476,3.190476,0.020797,0.137689,0.112103
81,88.417137,991.539978,0.782417,0.829428,0.125,0.0,0.354039,61792.0,0.319355,0.994083,0.109604,0.362829,-0.054832,0.485076,6.375789,-0.0002,-0.1,-0.002,-0.05,-0.06,-0.2,0.492019,-0.003248,-0.016072,-0.001806,-0.183797,-0.492224,-0.081455,-0.019211,0.753462,-0.093357,-0.067699,-0.104958,-0.085425,1.28203,1.10368,-0.196416,-0.003539,-0.426295,2.625,0.020955,0.12371,0.118382
82,89.522499,980.960022,0.800908,0.812775,0.130435,0.0,0.352202,58943.0,0.324477,1.016022,0.11772,0.383947,-0.058998,0.512839,6.371034,-0.0002,-0.1,-0.002,-0.05,-0.06,-0.2,0.491883,-0.003138,-0.015414,-0.001594,-0.187538,-0.487563,-0.079721,-0.018511,0.788461,-0.096235,-0.068998,-0.108168,-0.086938,1.261907,1.050753,-0.194707,-0.003411,-0.296782,3.26087,0.021631,0.11323,0.148283
83,88.121933,978.640015,0.791077,0.804933,0.285714,0.0,0.349882,71210.0,0.327035,0.988573,0.117212,0.382447,-0.057443,0.503041,6.355151,-0.0002,-0.1,-0.002,-0.05,-0.06,-0.2,0.486745,-0.003163,-0.01728,-0.004317,-0.185443,-0.477439,-0.081527,-0.018797,0.765173,-0.095525,-0.0688,-0.107983,-0.087242,1.21293,1.045002,-0.191773,-0.003959,-0.33062,24.714287,0.022551,0.168179,0.182027
84,91.335724,985.609985,0.794852,0.823003,0.125,0.0,0.347615,66706.0,0.323243,0.997338,0.119409,0.379995,-0.057403,0.518103,6.364272,-0.0002,-0.1,-0.002,-0.05,-0.06,-0.2,0.490954,-0.00314,-0.017976,-0.001019,-0.185058,-0.473552,-0.079305,-0.018542,0.776246,-0.092654,-0.070215,-0.105413,-0.085518,1.259098,1.083576,-0.18982,-0.003468,-0.398074,5.625,0.017696,0.116635,0.106365
85,92.448166,973.200012,0.788124,0.81695,0.333333,0.0,0.345039,63158.0,0.310734,0.957798,0.11544,0.374925,-0.057526,0.517671,6.348104,-0.0002,-0.1,-0.002,-0.05,-0.06,-0.2,0.484515,-0.003093,-0.01691,-0.00204,-0.183974,-0.461473,-0.077789,-0.018329,0.765868,-0.088324,-0.066993,-0.10337,-0.08521,1.265906,1.108357,-0.185291,-0.003784,-0.32472,7.916667,0.019398,0.129855,0.115086
86,90.873703,972.01001,0.805709,0.824477,0.25,0.0,0.343113,62116.0,0.320236,0.972952,0.117648,0.381499,-0.059998,0.530857,6.353285,-0.0002,-0.1,-0.002,-0.05,-0.06,-0.2,0.490318,-0.003085,-0.01702,-0.001084,-0.185119,-0.463442,-0.079861,-0.018697,0.775189,-0.091476,-0.069104,-0.106039,-0.085355,1.257911,1.101863,-0.186948,-0.002977,-0.312185,8.666667,0.018389,0.110507,0.112829
87,92.657219,988.5,0.805461,0.839712,0.166667,0.0,0.341265,60039.0,0.317499,0.9764,0.116203,0.392614,-0.061033,0.548355,6.340065,-0.0002,-0.1,-0.002,-0.05,-0.06,-0.2,0.497652,-0.003167,-0.016379,-0.000747,-0.19537,-0.463725,-0.079393,-0.018747,0.798005,-0.090725,-0.06908,-0.107067,-0.08984,1.301609,1.13724,-0.187225,-0.003616,-0.360432,9.166667,0.01976,0.114474,0.112675
88,94.948624,1000.0,0.818297,0.837879,0.083333,0.0,0.338771,61665.0,0.319221,0.972978,0.124739,0.395923,-0.062162,0.562112,6.346536,-0.0002,-0.1,-0.002,-0.05,-0.06,-0.2,0.499321,-0.003106,-0.017511,-0.000463,-0.189763,-0.457428,-0.080146,-0.018748,0.799497,-0.090405,-0.070795,-0.107656,-0.088181,1.320697,1.158171,-0.184886,-0.00309,-0.379856,6.958333,0.017093,0.120484,0.109242
89,95.210175,972.48999,0.802553,0.833022,0.125,0.0,0.336938,59974.0,0.308379,0.939944,0.115106,0.368111,-0.057367,0.527208,6.349227,-0.0002,-0.1,-0.002,-0.05,-0.06,-0.2,0.490296,-0.003028,-0.015986,-0.000861,-0.179376,-0.441718,-0.075789,-0.018356,0.764507,-0.086201,-0.067422,-0.102705,-0.082701,1.302894,1.169334,-0.178869,-0.002857,-0.252938,6.666667,0.020057,0.103704,0.102501
90,96.216721,981.849976,0.797477,0.823341,0.166667,0.0,0.334554,60262.0,0.306704,0.92635,0.115512,0.37261,-0.056561,0.53126,6.358479,-0.0002,-0.1,-0.002,-0.05,-0.06,-0.2,0.491306,-0.00309,-0.018265,-0.000891,-0.180485,-0.435668,-0.074752,-0.018116,0.76663,-0.083355,-0.066785,-0.10051,-0.083855,1.330473,1.209846,-0.176569,-0.002719,-0.383084,6.958333,0.018966,0.110288,0.111252
91,96.178383,990.190002,0.824007,0.847245,0.041667,0.0,0.332145,62408.0,0.311605,0.945118,0.112672,0.375381,-0.057753,0.53446,6.342769,-0.0002,-0.1,-0.002,-0.05,-0.06,-0.2,0.497084,-0.003132,-0.016373,-0.000238,-0.18887,-0.436992,-0.077138,-0.018586,0.784979,-0.084272,-0.067706,-0.1036,-0.086883,1.314838,1.209501,-0.176927,-0.002863,-0.330153,6.958333,0.018263,0.09175,0.093415
92,95.170502,971.200012,0.787727,0.8226,0.166667,0.0,0.330464,62350.0,0.302604,0.909291,0.1077,0.359789,-0.054145,0.520289,6.350885,-0.0002,-0.1,-0.002,-0.05,-0.06,-0.2,0.486666,-0.003067,-0.017271,-0.001227,-0.176343,-0.421323,-0.073791,-0.018017,0.753679,-0.081198,-0.065908,-0.098111,-0.080947,1.316613,1.207869,-0.171052,-0.002378,-0.297121,6.125,0.021611,0.118122,0.124298
93,99.928772,990.619995,0.807584,0.836589,0.166667,0.0,0.328707,60642.0,0.303874,0.91944,0.115815,0.367559,-0.057189,0.540486,6.324636,-0.0002,-0.1,-0.002,-0.05,-0.06,-0.2,0.496122,-0.003059,-0.015346,-0.000743,-0.17832,-0.427141,-0.075875,-0.018352,0.778101,-0.083814,-0.067991,-0.100978,-0.082326,1.360954,1.236238,-0.173027,-0.002491,-0.282738,6.583333,0.017609,0.094911,0.103197
94,99.496178,1000.0,0.83078,0.843688,0.0,0.0,0.326434,56190.0,0.307618,0.915636,0.123362,0.384591,-0.057817,0.557891,6.336796,-0.0002,-0.1,-0.002,-0.05,-0.06,-0.2,0.500007,-0.003087,-0.01928,0.0,-0.181505,-0.422412,-0.074638,-0.018213,0.79304,-0.081846,-0.068142,-0.100363,-0.084238,1.377521,1.265803,-0.172217,-0.003251,-0.389541,7.708333,0.016109,0.104244,0.096578
95,98.349792,984.960022,0.81137,0.842669,0.125,0.0,0.324692,59636.0,0.303066,0.901649,0.114627,0.378934,-0.057438,0.556141,6.325776,-0.0002,-0.1,-0.002,-0.05,-0.06,-0.2,0.494048,-0.003052,-0.016402,-0.000683,-0.182595,-0.413631,-0.075331,-0.018435,0.779518,-0.080025,-0.067435,-0.101169,-0.083486,1.35283,1.259446,-0.169334,-0.002898,-0.409017,6.25,0.021743,0.105431,0.109463
96,101.172501,985.830017,0.826324,0.840044,0.083333,0.0,0.323233,60715.0,0.302345,0.904492,0.11797,0.369702,-0.056954,0.545774,6.33569,-0.0002,-0.1,-0.002,-0.05,-0.06,-0.2,0.494835,-0.00296,-0.014639,-0.000542,-0.179433,-0.409152,-0.072098,-0.017872,0.790744,-0.079324,-0.06794,-0.098156,-0.082981,1.349983,1.267031,-0.16672,-0.002503,-0.268697,5.833333,0.016802,0.091127,0.094336
97,100.736069,995.039978,0.813545,0.839622,0.083333,0.0,0.320717,61744.0,0.299709,0.903,0.116459,0.369592,-0.057059,0.552154,6.327571,-0.0002,-0.1,-0.002,-0.05,-0.06,-0.2,0.496078,-0.002982,-0.015659,-0.000611,-0.180957,-0.405407,-0.073294,-0.018072,0.782269,-0.079104,-0.066834,-0.101213,-0.082695,1.369843,1.279918,-0.165204,-0.002715,-0.344256,5.291667,0.019058,0.092465,0.115059
98,102.284172,991.27002,0.830183,0.836329,0.083333,0.0,0.3191,64327.0,0.295812,0.894505,0.116858,0.375741,-0.056795,0.560285,6.285089,-0.0002,-0.1,-0.002,-0.05,-0.06,-0.2,0.497337,-0.003021,-0.017215,-0.000516,-0.183964,-0.40164,-0.072289,-0.018032,0.790578,-0.077104,-0.067056,-0.098078,-0.085672,1.393141,1.319088,-0.16415,-0.002546,-0.341181,5.75,0.017747,0.099847,0.108087
99,104.903984,999.150024,0.841078,0.850916,0.041667,0.0,0.316483,65272.0,0.298476,0.884943,0.120389,0.374237,-0.058418,0.562475,6.319824,-0.000275,-0.108333,-0.002167,-0.053125,-0.06375,-0.2125,0.499648,-0.003003,-0.01444,-0.000333,-0.183403,-0.396874,-0.072121,-0.017973,0.798807,-0.076617,-0.066848,-0.096879,-0.085081,1.393286,1.348935,-0.162776,-0.00255,-0.298422,4.291667,0.017545,0.09885,0.09928
100,102.451317,989.429993,0.832271,0.858368,0.083333,0.0,0.314151,59111.0,0.29736,0.895556,0.117174,0.370526,-0.057033,0.567863,6.308525,-0.002,-0.3,-0.006,-0.125,-0.15,-0.5,0.496756,-0.003265,-0.014618,-0.000516,-0.176372,-0.39351,-0.071855,-0.018308,0.781257,-0.078537,-0.068554,-0.096521,-0.081624,1.381551,1.320004,-0.16406,-0.002012,-0.280108,5.541667,0.016564,0.092606,0.107472
101,102.042572,983.0,0.815462,0.842035,0.083333,0.0,0.311725,58509.0,0.292709,0.870052,0.111849,0.363639,-0.055287,0.555692,6.304064,-0.002,-0.3,-0.006,-0.125,-0.15,-0.5,0.492013,-0.003911,-0.01511,-0.00075,-0.175324,-0.383991,-0.069982,-0.018681,0.774678,-0.077547,-0.069465,-0.095296,-0.081026,1.363724,1.339169,-0.16437,-0.002352,-0.420894,4.125,0.016287,0.10034,0.097332
102,103.081581,1000.0,0.825881,0.859399,0.0,0.0,0.309855,58825.0,0.298458,0.885727,0.123656,0.389698,-0.059674,0.605852,6.285123,-0.002,-0.3,-0.006,-0.125,-0.15,-0.5,0.500007,-0.004526,-0.015013,0.0,-0.188814,-0.387989,-0.071277,-0.019786,0.82397,-0.081283,-0.075955,-0.098591,-0.086982,1.393035,1.353649,-0.170917,-0.002644,-0.397375,4.652174,0.017359,0.103894,0.113856
103,102.233521,958.820007,0.801792,0.827027,0.25,0.0,0.306508,59974.0,0.276961,0.842597,0.104175,0.339544,-0.051846,0.531671,6.269533,-0.002,-0.3,-0.006,-0.125,-0.15,-0.5,0.478324,-0.004948,-0.013944,-0.002417,-0.165931,-0.363343,-0.065694,-0.019517,0.748229,-0.077842,-0.072451,-0.091089,-0.076071,1.38222,1.332381,-0.165344,-0.001921,-0.255601,3.833333,0.018593,0.095978,0.138976
104,105.682014,994.97998,0.836524,0.849237,0.041667,0.0,0.304004,62586.0,0.291857,0.873481,0.114137,0.372287,-0.056809,0.585381,6.251794,-0.002,-0.3,-0.006,-0.125,-0.15,-0.5,0.497911,-0.005563,-0.013216,-0.000333,-0.174226,-0.378305,-0.070442,-0.021316,0.798824,-0.085121,-0.082536,-0.095733,-0.079904,1.41491,1.352079,-0.176786,-0.002315,-0.293809,3.916667,0.019576,0.09155,0.100877
105,105.044609,985.280029,0.803219,0.828496,0.086957,0.0,0.301768,59961.0,0.287023,0.850875,0.116958,0.382554,-0.057472,0.590163,6.251713,-0.002,-0.3,-0.006,-0.125,-0.15,-0.5,0.492224,-0.006313,-0.016353,-0.000928,-0.182905,-0.367108,-0.067316,-0.021236,0.797471,-0.083064,-0.079166,-0.094532,-0.085623,1.411104,1.389024,-0.177121,-0.003402,-0.283514,3.695652,0.017144,0.107256,0.139616
106,106.847046,982.0,0.792434,0.812631,0.083333,0.0,0.299468,58042.0,0.272342,0.811815,0.108236,0.339391,-0.051154,0.543878,6.216578,-0.002,-0.3,-0.006,-0.125,-0.15,-0.5,0.476815,-0.006699,-0.016207,-0.002,-0.162542,-0.352239,-0.064855,-0.021582,0.740063,-0.082274,-0.081896,-0.090711,-0.073524,1.397487,1.353891,-0.174338,-0.001581,-0.21116,3.291667,0.016092,0.124287,0.121673
107,104.096947,978.22998,0.808813,0.835772,0.125,0.0,0.297515,54653.0,0.279391,0.831262,0.116338,0.378688,-0.05742,0.590672,6.237124,-0.002,-0.3,-0.006,-0.125,-0.15,-0.5,0.486427,-0.007446,-0.01709,-0.001528,-0.185311,-0.355157,-0.068098,-0.023507,0.803428,-0.083976,-0.085241,-0.092836,-0.083967,1.385861,1.402564,-0.181056,-0.002172,-0.355093,3.333333,0.015912,0.097401,0.119609
108,106.628441,1000.0,0.845194,0.861941,0.0,0.0,0.295418,60759.0,0.285608,0.841762,0.116659,0.367423,-0.054375,0.595577,6.225116,-0.002,-0.3,-0.006,-0.125,-0.15,-0.5,0.500007,-0.007973,-0.015577,0.0,-0.172398,-0.360823,-0.068335,-0.024436,0.799319,-0.08761,-0.090974,-0.092657,-0.079529,1.467303,1.455887,-0.187752,-0.002866,-0.355245,2.954545,0.020517,0.091979,0.079239
109,107.545967,1000.0,0.869715,0.85151,0.0,0.0,0.292721,65864.0,0.281545,0.835324,0.115541,0.370496,-0.055469,0.591939,6.219656,-0.002,-0.3,-0.006,-0.125,-0.15,-0.5,0.500007,-0.008364,-0.014856,0.0,-0.172764,-0.357117,-0.068444,-0.025493,0.798259,-0.090651,-0.096483,-0.093933,-0.078411,1.474983,1.450246,-0.191778,-0.003054,-0.349297,2.8,0.019573,0.081885,0.091954
110,108.400757,995.02002,0.827352,0.856372,0.086957,0.0,0.290286,55226.0,0.273079,0.830918,0.104886,0.335811,-0.051554,0.550567,6.230467,-0.002,-0.3,-0.006,-0.125,-0.15,-0.5,0.498397,-0.008979,-0.010869,-0.000565,-0.157783,-0.352968,-0.064371,-0.024925,0.767281,-0.090152,-0.093257,-0.089373,-0.0718,1.482022,1.473277,-0.19219,-0.002267,-0.24967,2.956522,0.019865,0.080947,0.096167
111,107.122459,996.549988,0.839772,0.851025,0.0,0.0,0.287895,64645.0,0.287521,0.841188,0.115349,0.374331,-0.055422,0.595533,6.190857,-0.002,-0.3,-0.006,-0.125,-0.15,-0.5,0.500007,-0.009964,-0.013389,0.0,-0.175731,-0.350098,-0.0647,-0.025706,0.809722,-0.089881,-0.096084,-0.088173,-0.080515,1.418587,1.498655,-0.195996,-0.004008,-0.387429,3.047619,0.017596,0.099444,0.121041
112,106.642624,987.650024,0.816089,0.849133,0.090909,0.0,0.286046,70112.0,0.27207,0.836907,0.105613,0.346431,-0.05219,0.556345,6.207498,-0.002,-0.3,-0.006,-0.125,-0.15,-0.5,0.492978,-0.010415,-0.013059,-0.000909,-0.16865,-0.340775,-0.063433,-0.025873,0.78347,-0.092468,-0.096249,-0.090644,-0.078256,1.453165,1.465165,-0.194999,-0.0027,-0.30327,2.681818,0.017145,0.090059,0.107774
113,108.172844,997.140015,0.850757,0.859825,0.043478,0.043478,0.283845,69103.0,0.274972,0.838444,0.109727,0.378293,-0.05756,0.616395,6.178918,-0.002,-0.3,-0.006,-0.125,-0.15,-0.5,0.499097,-0.011039,-0.012545,-0.000596,-0.186373,-0.343447,-0.06491,-0.027588,0.814332,-0.093801,-0.100416,-0.093803,-0.084894,1.465453,1.495824,-0.202351,-0.002715,-0.389014,3.565217,0.01758,0.07946,0.119301
114,102.090408,943.590027,0.772354,0.792635,0.272727,0.0,0.281379,67185.0,0.2599,0.767049,0.107384,0.336429,-0.049761,0.54038,6.19054,-0.002,-0.3,-0.006,-0.125,-0.15,-0.5,0.46337,-0.010686,-0.014336,-0.003152,-0.155538,-0.314684,-0.058766,-0.025756,0.738753,-0.088824,-0.097331,-0.07919,-0.072268,1.361789,1.398478,-0.190991,-0.002784,-0.308507,3.090909,0.016038,0.104934,0.157908
115,107.84951,1000.0,0.838567,0.857479,0.0,0.0,0.279182,62314.0,0.274353,0.822177,0.114973,0.361586,-0.051582,0.58486,6.153629,-0.002,-0.3,-0.006,-0.125,-0.15,-0.5,0.500007,-0.012182,-0.015455,0.0,-0.171947,-0.334373,-0.063584,-0.029432,0.799175,-0.094887,-0.105172,-0.088225,-0.078116,1.486733,1.536598,-0.208068,-0.003406,-0.476007,2.869565,0.017307,0.084944,0.093623
116,110.335426,1000.0,0.837976,0.857176,0.0,0.0,0.276949,69652.0,0.273783,0.807562,0.116678,0.370499,-0.053097,0.58835,6.130117,-0.002,-0.3,-0.006,-0.125,-0.15,-0.5,0.500007,-0.012801,-0.015567,0.0,-0.178534,-0.328624,-0.062015,-0.028775,0.80054,-0.093904,-0.10664,-0.085868,-0.08145,1.476796,1.588002,-0.20735,-0.002519,-0.256017,2.545455,0.018549,0.082941,0.105639
117,108.240089,995.940002,0.842478,0.867956,0.041667,0.0,0.274759,64608.0,0.271966,0.827676,0.108197,0.343658,-0.051671,0.568611,6.118682,-0.002,-0.3,-0.006,-0.125,-0.15,-0.5,0.498311,-0.013066,-0.01119,-0.000333,-0.162428,-0.327998,-0.062511,-0.030244,0.7871,-0.100651,-0.114849,-0.085031,-0.074547,1.475512,1.528831,-0.212001,-0.002767,-0.333432,3.458333,0.018272,0.098782,0.08988
118,108.729607,995.940002,0.849466,0.849071,0.0,0.0,0.272869,66751.0,0.268783,0.797955,0.108584,0.341101,-0.050916,0.571593,6.110397,-0.002,-0.3,-0.006,-0.125,-0.15,-0.5,0.500007,-0.01374,-0.013226,0.0,-0.163652,-0.320704,-0.06156,-0.030366,0.772462,-0.098392,-0.112923,-0.08348,-0.073902,1.50725,1.597016,-0.212722,-0.003357,-0.326473,2.954545,0.016128,0.083637,0.115124
119,110.258759,994.590027,0.809966,0.846793,0.045455,0.0,0.270855,66338.0,0.270145,0.842135,0.11123,0.37702,-0.05633,0.619105,6.089267,-0.002,-0.3,-0.006,-0.125,-0.15,-0.5,0.496927,-0.014484,-0.012776,-0.000455,-0.183469,-0.321323,-0.062762,-0.03188,0.81564,-0.104381,-0.11221,-0.090006,-0.083744,1.453721,1.512582,-0.219131,-0.002546,-0.226498,2.954545,0.020832,0.090049,0.091433
120,113.465881,990.51001,0.834459,0.853698,0.083333,0.0,0.269039,61420.0,0.26256,0.776655,0.110587,0.351074,-0.050926,0.574633,6.060863,-0.002,-0.3,-0.006,-0.125,-0.15,-0.5,0.496479,-0.014941,-0.014062,-0.001111,-0.162972,-0.311817,-0.060706,-0.031676,0.782443,-0.097675,-0.113704,-0.082278,-0.073404,1.493198,1.647704,-0.217863,-0.002117,-0.157467,2.75,0.018157,0.083762,0.096301
121,112.104027,995.919983,0.822791,0.873312,0.0,0.0,0.266702,68867.0,0.273284,0.792083,0.112296,0.357587,-0.05124,0.584934,6.06633,-0.002,-0.3,-0.006,-0.125,-0.15,-0.5,0.500007,-0.01591,-0.016994,0.0,-0.17268,-0.3128,-0.061764,-0.032433,0.800228,-0.101763,-0.119591,-0.087647,-0.080781,1.482501,1.618756,-0.220578,-0.003089,-0.328493,2.565217,0.020453,0.10726,0.092088
122,111.430901,993.590027,0.833044,0.862335,0.047619,0.0,0.264968,71924.0,0.270904,0.797974,0.116311,0.350939,-0.052123,0.580506,6.050893,-0.002,-0.3,-0.006,-0.125,-0.15,-0.5,0.497459,-0.015562,-0.012571,-0.000317,-0.158981,-0.31015,-0.059557,-0.032418,0.802319,-0.105248,-0.125755,-0.08434,-0.073917,1.487814,1.595685,-0.22185,-0.002499,-0.333492,3.190476,0.017978,0.084039,0.107469
123,112.19249,1000.0,0.820017,0.856273,0.0,0.0,0.263431,65486.0,0.260831,0.778941,0.111729,0.342035,-0.050065,0.570619,6.076111,-0.002,-0.3,-0.006,-0.125,-0.15,-0.5,0.500007,-0.016687,-0.012073,0.0,-0.162008,-0.306284,-0.059755,-0.034521,0.786648,-0.104548,-0.122246,-0.08059,-0.074445,1.524003,1.656822,-0.226118,-0.002769,-0.332212,3.25,0.018436,0.081873,0.101643
124,110.312286,1000.0,0.839598,0.868013,0.0,0.0,0.262009,66051.0,0.263066,0.793675,0.113552,0.347356,-0.0514,0.588429,6.05154,-0.002,-0.3,-0.006,-0.125,-0.15,-0.5,0.500007,-0.017145,-0.011102,0.0,-0.168191,-0.303424,-0.059018,-0.034476,0.800972,-0.105319,-0.127098,-0.080452,-0.07628,1.513258,1.648896,-0.226743,-0.004493,-0.474604,3.181818,0.016238,0.081752,0.109713
125,112.262215,980.0,0.831112,0.842018,0.142857,0.0,0.260026,69245.0,0.255193,0.766477,0.118035,0.36015,-0.05336,0.62453,6.031844,-0.002,-0.3,-0.006,-0.125,-0.15,-0.5,0.485189,-0.016475,-0.009521,-0.001481,-0.164693,-0.292608,-0.058332,-0.035153,0.795185,-0.10653,-0.133942,-0.082844,-0.074178,1.472359,1.600464,-0.225995,-0.00287,-0.330719,24.761906,0.01727,0.06957,0.117108
126,113.771866,1000.0,0.863161,0.876219,0.0,0.0,0.25825,57589.0,0.260445,0.785638,0.110456,0.349806,-0.050607,0.600054,6.025701,-0.002,-0.3,-0.006,-0.125,-0.15,-0.5,0.500007,-0.017983,-0.011267,0.0,-0.162138,-0.298107,-0.059054,-0.03627,0.800068,-0.108562,-0.13393,-0.081335,-0.073152,1.525173,1.673323,-0.234116,-0.002681,-0.354551,7.5,0.015625,0.076492,0.092319
127,114.806046,1000.0,0.861864,0.878054,0.0,0.0,0.256889,59339.0,0.260967,0.779972,0.114577,0.355845,-0.051723,0.609899,6.04784,-0.002,-0.3,-0.006,-0.125,-0.15,-0.5,0.500007,-0.018521,-0.011603,0.0,-0.167855,-0.293966,-0.058084,-0.036666,0.816749,-0.109993,-0.136901,-0.081423,-0.076925,1.521246,1.686684,-0.235296,-0.003312,-0.379046,8.375,0.016357,0.083823,0.103608
128,115.841637,1000.0,0.859473,0.869269,0.0,0.0,0.255112,63102.0,0.255007,0.779923,0.112793,0.345348,-0.049737,0.602411,6.029899,-0.002,-0.3,-0.006,-0.125,-0.15,-0.5,0.500007,-0.019047,-0.010931,0.0,-0.159412,-0.290501,-0.056749,-0.036834,0.804678,-0.109362,-0.136329,-0.078881,-0.073125,1.54803,1.705081,-0.236429,-0.00263,-0.260338,8.5,0.014285,0.075917,0.105421
129,116.360153,1000.0,0.856606,0.877901,0.041667,0.0,0.253177,66321.0,0.253127,0.765478,0.111089,0.337162,-0.047913,0.588977,6.017679,-0.002,-0.3,-0.006,-0.125,-0.15,-0.5,0.498188,-0.019512,-0.011496,-0.000238,-0.156095,-0.285443,-0.056117,-0.037689,0.795974,-0.110041,-0.138781,-0.077134,-0.071208,1.55166,1.724076,-0.237214,-0.00297,-0.338618,8.375,0.015749,0.090231,0.107049
130,117.632355,1000.0,0.868809,0.882971,0.0,0.0,0.251188,67000.0,0.253591,0.778374,0.113534,0.353268,-0.051291,0.624284,6.022174,-0.002,-0.3,-0.006,-0.125,-0.15,-0.5,0.500007,-0.019825,-0.011265,0.0,-0.16208,-0.283456,-0.056227,-0.038123,0.819658,-0.111569,-0.143123,-0.078163,-0.073467,1.557929,1.729772,-0.24058,-0.002567,-0.275807,7.083333,0.01444,0.083074,0.097906
131,114.335327,990.309998,0.855083,0.873262,0.041667,0.0,0.249484,60635.0,0.253606,0.762898,0.119592,0.360234,-0.051495,0.630098,6.030094,-0.002,-0.3,-0.006,-0.125,-0.15,-0.5,0.497761,-0.020564,-0.011166,-0.000185,-0.16539,-0.27868,-0.055677,-0.038531,0.816633,-0.112819,-0.141779,-0.076348,-0.075387,1.539381,1.739753,-0.242896,-0.002789,-0.398882,6.5,0.014781,0.082919,0.101689
132,117.367683,1000.0,0.866248,0.877908,0.0,0.0,0.247445,64863.0,0.253181,0.769319,0.111271,0.345312,-0.049404,0.619806,5.999312,-0.002,-0.3,-0.006,-0.125,-0.15,-0.5,0.500007,-0.020774,-0.010993,0.0,-0.156263,-0.27796,-0.055329,-0.039588,0.807319,-0.115887,-0.148577,-0.078146,-0.071705,1.549793,1.738151,-0.246191,-0.002856,-0.30278,7.25,0.015169,0.081469,0.086398
133,117.462532,1000.0,0.860048,0.875877,0.0,0.0,0.244787,65613.0,0.254561,0.761188,0.117349,0.362034,-0.049476,0.624798,6.010259,-0.002,-0.3,-0.006,-0.125,-0.15,-0.5,0.500007,-0.022305,-0.013237,0.0,-0.161658,-0.273724,-0.055823,-0.040775,0.814379,-0.114971,-0.147644,-0.075008,-0.073392,1.542676,1.764967,-0.249,-0.003,-0.384962,6.625,0.01656,0.087894,0.092378
134,117.205391,989.799988,0.855152,0.871412,0.083333,0.0,0.242935,61308.0,0.247405,0.74037,0.121675,0.354363,-0.050713,0.627039,6.004968,-0.002,-0.3,-0.006,-0.125,-0.15,-0.5,0.496939,-0.022297,-0.010972,-0.000571,-0.163463,-0.269193,-0.054542,-0.040756,0.816176,-0.11542,-0.147477,-0.073566,-0.07376,1.559138,1.783129,-0.24848,-0.003219,-0.332942,6.0,0.014911,0.080797,0.114971
135,117.439102,1000.0,0.861055,0.876346,0.0,0.0,0.240934,60183.0,0.248804,0.745691,0.117479,0.345562,-0.04896,0.610363,5.996849,-0.002,-0.3,-0.006,-0.125,-0.15,-0.5,0.500007,-0.022626,-0.011188,0.0,-0.156704,-0.265812,-0.0529,-0.041037,0.810718,-0.115649,-0.15501,-0.073066,-0.0714,1.569209,1.821186,-0.250865,-0.002789,-0.385071,7.666667,0.015463,0.078671,0.092667
136,119.139809,1000.0,0.863304,0.885014,0.041667,0.0,0.239273,57882.0,0.249643,0.751726,0.120828,0.349451,-0.050109,0.621596,5.98071,-0.002,-0.3,-0.006,-0.125,-0.15,-0.5,0.499974,-0.02301,-0.010603,-0.000238,-0.154914,-0.265734,-0.053728,-0.041698,0.816915,-0.117789,-0.158622,-0.072828,-0.070731,1.564179,1.816041,-0.255239,-0.002827,-0.324639,6.875,0.01657,0.080303,0.106561
137,119.167488,1000.0,0.850366,0.869254,0.0,0.0,0.23768,65503.0,0.246133,0.742718,0.115758,0.343627,-0.047883,0.608676,5.967955,-0.002,-0.3,-0.006,-0.125,-0.15,-0.5,0.500007,-0.024555,-0.013131,0.0,-0.158144,-0.260448,-0.052185,-0.041682,0.814993,-0.117276,-0.152481,-0.072437,-0.072881,1.572636,1.837016,-0.253546,-0.003462,-0.304517,6.041667,0.015043,0.080403,0.099701
138,116.855186,1000.0,0.862215,0.884098,0.0,0.0,0.235457,67019.0,0.245685,0.747451,0.126273,0.361694,-0.051806,0.651235,5.953697,-0.002,-0.3,-0.006,-0.125,-0.15,-0.5,0.500007,-0.023654,-0.010858,0.0,-0.159513,-0.259472,-0.053177,-0.042759,0.831614,-0.121559,-0.162451,-0.072267,-0.07349,1.571194,1.815536,-0.25949,-0.00345,-0.391988,6.125,0.015878,0.073057,0.095658
139,120.114044,1000.0,0.856963,0.886256,0.0,0.0,0.232651,67065.0,0.241172,0.731293,0.116916,0.330857,-0.046048,0.594135,5.964752,-0.002,-0.3,-0.006,-0.125,-0.15,-0.5,0.500007,-0.024639,-0.011077,0.0,-0.148758,-0.252941,-0.050634,-0.042561,0.807867,-0.117099,-0.162207,-0.068408,-0.068317,1.594175,1.893611,-0.255819,-0.002834,-0.257664,4.708333,0.014522,0.07307,0.090767
140,121.544067,1000.0,0.860243,0.874628,0.0,0.0,0.230941,64412.0,0.238861,0.72509,0.121068,0.354675,-0.049881,0.644026,5.910877,-0.002,-0.3,-0.006,-0.125,-0.15,-0.5,0.500007,-0.025686,-0.009945,0.0,-0.165694,-0.250633,-0.051664,-0.044003,0.830981,-0.120001,-0.159036,-0.070361,-0.074909,1.590013,1.895303,-0.259272,-0.002894,-0.335085,5.458333,0.015796,0.082994,0.108256
141,119.567352,1000.0,0.854649,0.881457,0.0,0.0,0.228968,64001.0,0.243567,0.73251,0.120062,0.342434,-0.047888,0.608701,5.909412,-0.002,-0.3,-0.006,-0.125,-0.15,-0.5,0.500007,-0.026104,-0.010795,0.0,-0.152242,-0.248448,-0.052502,-0.044651,0.809138,-0.122454,-0.164666,-0.070484,-0.06945,1.582507,1.879782,-0.261741,-0.002729,-0.283869,4.875,0.015087,0.075372,0.108084
142,120.035797,991.440002,0.84598,0.868618,0.083333,0.0,0.226961,64077.0,0.236329,0.727316,0.11654,0.340873,-0.047033,0.611316,5.895106,-0.002,-0.3,-0.006,-0.125,-0.15,-0.5,0.49655,-0.025933,-0.008995,-0.000542,-0.156558,-0.242438,-0.04916,-0.043565,0.818173,-0.119735,-0.157613,-0.066871,-0.071566,1.571344,1.893793,-0.256221,-0.002806,-0.316676,5.166667,0.017983,0.097924,0.104649
143,120.428848,996.780029,0.866325,0.883486,0.041667,0.0,0.225329,69604.0,0.239138,0.719113,0.121118,0.351818,-0.047424,0.627819,5.893227,-0.002,-0.3,-0.006,-0.125,-0.15,-0.5,0.498661,-0.02612,-0.01233,-0.000333,-0.15144,-0.239235,-0.050155,-0.044243,0.812769,-0.117452,-0.159974,-0.067811,-0.069723,1.586032,1.932795,-0.255908,-0.002678,-0.397096,4.5,0.015664,0.072521,0.094058
144,120.478203,1000.0,0.870465,0.881899,0.0,0.0,0.223718,71073.0,0.240517,0.723284,0.119453,0.34046,-0.046356,0.610048,5.886275,-0.002,-0.3,-0.006,-0.125,-0.15,-0.5,0.500007,-0.025708,-0.010399,0.0,-0.147403,-0.237302,-0.049287,-0.043535,0.809761,-0.117855,-0.164433,-0.066772,-0.069186,1.588851,1.930688,-0.251914,-0.002795,-0.40902,4.434783,0.013026,0.075014,0.097598
145,121.845566,1000.0,0.865345,0.882593,0.0,0.0,0.222308,69750.0,0.232927,0.723913,0.127894,0.358439,-0.049949,0.667136,5.861324,-0.002,-0.3,-0.006,-0.125,-0.15,-0.5,0.500007,-0.024883,-0.006991,0.0,-0.155326,-0.236878,-0.048853,-0.043476,0.838704,-0.119135,-0.16156,-0.066071,-0.071002,1.611002,1.930174,-0.25279,-0.002534,-0.431635,3.708333,0.015417,0.077897,0.099208
146,118.613243,963.969971,0.812564,0.835413,0.166667,0.0,0.220546,65133.0,0.218414,0.676013,0.107409,0.294314,-0.040126,0.548862,5.855086,-0.002,-0.3,-0.006,-0.125,-0.15,-0.5,0.469736,-0.023547,-0.009177,-0.002516,-0.13105,-0.217478,-0.044116,-0.040443,0.753731,-0.107206,-0.151088,-0.05844,-0.059969,1.524727,1.841534,-0.229333,-0.002306,-0.299683,3.875,0.017697,0.097735,0.15894
147,123.655617,993.859985,0.870571,0.873388,0.041667,0.0,0.218804,62095.0,0.231618,0.704042,0.125174,0.354888,-0.04929,0.650501,5.836484,-0.002,-0.3,-0.006,-0.125,-0.15,-0.5,0.495736,-0.025053,-0.00843,-0.000556,-0.156007,-0.227383,-0.048212,-0.04241,0.82579,-0.113998,-0.155709,-0.063893,-0.071359,1.583589,1.958806,-0.242845,-0.002423,-0.353897,3.625,0.013125,0.073629,0.105584
148,124.387756,1000.0,0.881775,0.883826,0.0,0.0,0.216476,63843.0,0.231254,0.712742,0.127358,0.345563,-0.048294,0.64419,5.837846,-0.002,-0.3,-0.006,-0.125,-0.15,-0.5,0.500007,-0.024365,-0.007274,0.0,-0.150729,-0.228708,-0.0478,-0.042715,0.829555,-0.114572,-0.161439,-0.063241,-0.069917,1.617942,1.973516,-0.24395,-0.002088,-0.350008,3.25,0.015351,0.074223,0.090475
149,125.518158,1000.0,0.864647,0.886543,0.0,0.0,0.215135,66737.0,0.238327,0.714889,0.1209,0.337841,-0.0458,0.606035,5.834928,-0.002,-0.3,-0.006,-0.125,-0.15,-0.5,0.500007,-0.025214,-0.010217,0.0,-0.146269,-0.223953,-0.04777,-0.042145,0.804196,-0.111853,-0.156481,-0.064088,-0.066885,1.580665,1.993735,-0.239965,-0.001885,-0.235613,3.043478,0.01347,0.0762,0.082454
150,126.33007,999.849976,0.868073,0.881354,0.045455,0.0,0.212599,71626.0,0.23132,0.704946,0.119303,0.332319,-0.045982,0.616765,5.81881,-0.002,-0.3,-0.006,-0.125,-0.15,-0.5,0.499955,-0.024691,-0.009621,-0.00026,-0.147641,-0.219572,-0.046488,-0.04191,0.815588,-0.110463,-0.157038,-0.062242,-0.06744,1.614338,2.01649,-0.234499,-0.002239,-0.282739,3.5,0.013666,0.082499,0.105311
151,127.462341,1000.0,0.86253,0.894459,0.0,0.0,0.211341,75962.0,0.232465,0.713304,0.131673,0.363269,-0.049175,0.694089,5.802271,-0.002,-0.3,-0.006,-0.125,-0.15,-0.5,0.500007,-0.02432,-0.008821,0.0,-0.15713,-0.218364,-0.045624,-0.041197,0.852946,-0.109167,-0.161127,-0.06358,-0.073196,1.608589,2.019591,-0.232343,-0.001753,-0.345576,2.55,0.015215,0.069748,0.079274
152,126.747719,1000.0,0.864653,0.888829,0.0,0.0,0.209098,72748.0,0.222974,0.690744,0.121044,0.327651,-0.043371,0.626036,5.790552,-0.002,-0.3,-0.006,-0.125,-0.15,-0.5,0.500007,-0.024636,-0.008674,0.0,-0.141287,-0.21309,-0.04393,-0.040672,0.818308,-0.104955,-0.148055,-0.057506,-0.06527,1.652686,2.076244,-0.225765,-0.002241,-0.411419,2.909091,0.018088,0.074246,0.103904
153,127.655556,1000.0,0.870046,0.889655,0.0,0.0,0.2078,69925.0,0.22544,0.691711,0.121858,0.350452,-0.046037,0.643512,5.799118,-0.002,-0.3,-0.006,-0.125,-0.15,-0.5,0.500007,-0.025158,-0.008484,0.0,-0.147132,-0.211404,-0.046223,-0.041367,0.825443,-0.104906,-0.147894,-0.061346,-0.06795,1.617504,2.078584,-0.228127,-0.00213,-0.298533,3.285714,0.014726,0.073917,0.082329
154,128.10231,1000.0,0.851993,0.878982,0.0,0.0,0.206042,70468.0,0.226124,0.699592,0.12876,0.346488,-0.046275,0.646694,5.792902,-0.002,-0.3,-0.006,-0.125,-0.15,-0.5,0.500007,-0.024998,-0.007989,0.0,-0.1442,-0.209606,-0.045019,-0.040609,0.817521,-0.106391,-0.146989,-0.060967,-0.066691,1.622934,2.066824,-0.224216,-0.002275,-0.304102,2.625,0.015924,0.07282,0.103353
155,130.328857,1000.0,0.879812,0.88928,0.0,0.0,0.204793,70014.0,0.223725,0.689977,0.12472,0.342472,-0.044706,0.642425,5.784214,-0.002,-0.3,-0.006,-0.125,-0.15,-0.5,0.500007,-0.02451,-0.006401,0.0,-0.143539,-0.205236,-0.044893,-0.04091,0.828011,-0.103332,-0.149305,-0.057357,-0.066441,1.641299,2.090604,-0.22115,-0.001894,-0.3059,3.695652,0.014223,0.069529,0.074327
156,129.289581,1000.0,0.866869,0.878115,0.0,0.0,0.203103,71446.0,0.227224,0.692851,0.134357,0.363319,-0.048878,0.673625,5.752332,-0.002,-0.3,-0.006,-0.125,-0.15,-0.5,0.500007,-0.023887,-0.005586,0.0,-0.148547,-0.205362,-0.045585,-0.041169,0.840521,-0.105189,-0.157364,-0.060282,-0.068919,1.595378,2.081099,-0.223336,-0.001847,-0.360735,2.818182,0.016804,0.064553,0.101899
157,128.012604,987.390015,0.872375,0.867475,0.090909,0.0,0.201764,72349.0,0.219878,0.6594,0.12463,0.321313,-0.042365,0.604854,5.745013,-0.002,-0.3,-0.006,-0.125,-0.15,-0.5,0.492277,-0.023415,-0.007474,-0.001061,-0.136522,-0.198193,-0.042017,-0.0401,0.800899,-0.101349,-0.148907,-0.055059,-0.063846,1.615499,2.088869,-0.212707,-0.002096,-0.437455,2.818182,0.015144,0.086552,0.116131
158,131.058777,997.090027,0.851713,0.880512,0.0,0.0,0.199765,70300.0,0.229091,0.671531,0.135011,0.348109,-0.04435,0.640643,5.738621,-0.002,-0.3,-0.006,-0.125,-0.15,-0.5,0.500007,-0.024461,-0.010406,0.0,-0.143771,-0.197092,-0.042404,-0.039068,0.839425,-0.09938,-0.148457,-0.05768,-0.068444,1.618512,2.152487,-0.21156,-0.001607,-0.220952,2.869565,0.015511,0.066522,0.091661
159,132.696518,1000.0,0.869066,0.881375,0.0,0.0,0.198578,64049.0,0.219515,0.674796,0.12763,0.357196,-0.045951,0.679076,5.745981,-0.002,-0.3,-0.006,-0.125,-0.15,-0.5,0.500007,-0.025275,-0.009545,0.0,-0.149425,-0.195522,-0.043209,-0.039475,0.841707,-0.098345,-0.140866,-0.058309,-0.070257,1.647134,2.161259,-0.211871,-0.001827,-0.327756,3.333333,0.017216,0.070054,0.098404
160,132.407211,1000.0,0.880145,0.875386,0.0,0.0,0.196737,72022.0,0.220071,0.670671,0.120982,0.328081,-0.043307,0.61706,5.744785,-0.002,-0.3,-0.006,-0.125,-0.15,-0.5,0.500007,-0.024559,-0.007302,0.0,-0.139209,-0.192194,-0.042909,-0.039385,0.822454,-0.098813,-0.139738,-0.057179,-0.06474,1.635732,2.171066,-0.207974,-0.001347,-0.298811,3.047619,0.016968,0.093466,0.10775
161,131.771255,1000.0,0.872423,0.87592,0.0,0.0,0.195241,67527.0,0.221014,0.673817,0.12126,0.336994,-0.041976,0.630468,5.714164,-0.002,-0.3,-0.006,-0.125,-0.15,-0.5,0.500007,-0.024955,-0.009131,0.0,-0.137528,-0.189752,-0.041328,-0.038691,0.821503,-0.096226,-0.141493,-0.055238,-0.065059,1.63345,2.186448,-0.204891,-0.001662,-0.31147,2.869565,0.011885,0.090926,0.088177
162,132.830658,999.0,0.893419,0.877802,0.043478,0.0,0.19404,68348.0,0.218638,0.66129,0.127335,0.315398,-0.042848,0.599024,5.727804,-0.002,-0.3,-0.006,-0.125,-0.15,-0.5,0.499458,-0.022879,-0.005455,-0.000435,-0.133779,-0.188097,-0.041073,-0.038362,0.811836,-0.09676,-0.147104,-0.051536,-0.06178,1.636962,2.200749,-0.203094,-0.001423,-0.211832,2.652174,0.013389,0.082531,0.1077
163,134.507172,1000.0,0.876589,0.881865,0.0,0.0,0.192529,63633.0,0.218764,0.659423,0.128948,0.330729,-0.041807,0.627398,5.683475,-0.002,-0.3,-0.006,-0.125,-0.15,-0.5,0.500007,-0.023803,-0.007691,0.0,-0.135627,-0.184831,-0.040079,-0.037719,0.830209,-0.094056,-0.145486,-0.054859,-0.064508,1.649729,2.233572,-0.198694,-0.001576,-0.363322,3.041667,0.015627,0.081281,0.102633
164,136.737976,996.960022,0.891646,0.888879,0.047619,0.0,0.191038,65782.0,0.209932,0.643711,0.134277,0.32664,-0.041492,0.645255,5.692304,-0.002,-0.3,-0.006,-0.125,-0.15,-0.5,0.498969,-0.022973,-0.006447,-0.000272,-0.136402,-0.180797,-0.038989,-0.037253,0.835908,-0.090966,-0.140446,-0.048653,-0.063477,1.676787,2.274376,-0.19409,-0.001915,-0.25895,3.142857,0.013724,0.079362,0.097852
165,135.211136,990.059998,0.868959,0.893794,0.041667,0.0,0.18938,64728.0,0.214102,0.638257,0.121109,0.314211,-0.037888,0.583166,5.681113,-0.002,-0.3,-0.006,-0.125,-0.15,-0.5,0.497607,-0.024246,-0.007968,-0.000278,-0.125676,-0.176625,-0.038676,-0.037235,0.792234,-0.088508,-0.13641,-0.050387,-0.058965,1.65183,2.288383,-0.191816,-0.001224,-0.239294,3.25,0.017692,0.072064,0.100824
166,135.013763,1000.0,0.880304,0.892312,0.0,0.0,0.187998,68898.0,0.21304,0.656799,0.118387,0.307364,-0.03962,0.594921,5.623033,-0.002,-0.3,-0.006,-0.125,-0.15,-0.5,0.500007,-0.023465,-0.006919,0.0,-0.126139,-0.178896,-0.039674,-0.037764,0.809831,-0.091199,-0.13869,-0.052632,-0.059565,1.666647,2.268461,-0.192959,-0.001245,-0.372491,24.809525,0.013455,0.071998,0.089821
167,135.72168,1000.0,0.8886,0.894045,0.0,0.0,0.186321,69027.0,0.217419,0.646649,0.13608,0.338529,-0.042573,0.64615,5.609668,-0.002,-0.3,-0.006,-0.125,-0.15,-0.5,0.500007,-0.023463,-0.007777,0.0,-0.128749,-0.174645,-0.04026,-0.037285,0.825036,-0.09232,-0.146425,-0.050895,-0.060674,1.652368,2.271203,-0.191335,-0.001156,-0.313117,4.318182,0.012277,0.073556,0.087543
168,137.182571,1000.0,0.879118,0.890824,0.041667,0.0,0.185521,66138.0,0.212163,0.642931,0.122798,0.319352,-0.040934,0.626122,5.602675,-0.002,-0.3,-0.006,-0.125,-0.15,-0.5,0.499923,-0.023734,-0.007404,-0.000278,-0.128452,-0.172492,-0.039243,-0.036708,0.814591,-0.088904,-0.137441,-0.051568,-0.060624,1.662439,2.306106,-0.187031,-0.001112,-0.279784,7.875,0.014502,0.08461,0.10311
169,138.754196,1000.0,0.872626,0.885269,0.0,0.0,0.183751,67509.0,0.210804,0.639244,0.128624,0.336343,-0.042411,0.654663,5.575155,-0.002,-0.3,-0.006,-0.125,-0.15,-0.5,0.500007,-0.023792,-0.006252,0.0,-0.135147,-0.169774,-0.03905,-0.036803,0.82797,-0.0872,-0.134588,-0.051721,-0.064033,1.66333,2.331427,-0.186503,-0.001311,-0.333819,9.0,0.014416,0.075746,0.091882
170,137.20401,1000.0,0.873192,0.894882,0.0,0.0,0.182353,64100.0,0.210818,0.64783,0.123663,0.322978,-0.040128,0.632519,5.600081,-0.002,-0.3,-0.006,-0.125,-0.15,-0.5,0.500007,-0.023839,-0.007503,0.0,-0.128285,-0.168406,-0.038711,-0.036659,0.823594,-0.087924,-0.133811,-0.050761,-0.061106,1.673293,2.313887,-0.184111,-0.001237,-0.34151,7.833333,0.014672,0.078537,0.090002
171,139.833969,1000.0,0.887583,0.892151,0.0,0.0,0.180907,68263.0,0.208214,0.639293,0.13568,0.339268,-0.042713,0.671857,5.575267,-0.002,-0.3,-0.006,-0.125,-0.15,-0.5,0.500007,-0.022852,-0.006175,0.0,-0.133638,-0.166307,-0.038092,-0.036017,0.847655,-0.085267,-0.135879,-0.048637,-0.063102,1.668977,2.356231,-0.181975,-0.001169,-0.377791,8.166667,0.014005,0.073583,0.099297
172,139.947968,1000.0,0.887169,0.890045,0.0,0.0,0.180226,67856.0,0.207424,0.631865,0.139502,0.338668,-0.042135,0.674981,5.564165,-0.002,-0.3,-0.006,-0.125,-0.15,-0.5,0.500007,-0.02245,-0.005381,0.0,-0.132126,-0.163729,-0.037623,-0.035885,0.845744,-0.084662,-0.137866,-0.049171,-0.061699,1.679782,2.378705,-0.179387,-0.001078,-0.377388,6.833333,0.015671,0.078722,0.106144
173,141.431366,1000.0,0.863455,0.896471,0.0,0.0,0.178437,68727.0,0.208023,0.63524,0.133348,0.344709,-0.043056,0.680292,5.572317,-0.002,-0.3,-0.006,-0.125,-0.15,-0.5,0.500007,-0.02345,-0.006479,0.0,-0.138424,-0.163115,-0.039376,-0.037077,0.851131,-0.08488,-0.133717,-0.050733,-0.065314,1.675276,2.364377,-0.180124,-0.00119,-0.271313,6.875,0.014878,0.069499,0.10102
174,142.826431,1000.0,0.887705,0.887628,0.0,0.0,0.177175,66800.0,0.205647,0.62836,0.131602,0.322251,-0.039996,0.640686,5.564445,-0.002,-0.3,-0.006,-0.125,-0.15,-0.5,0.500007,-0.022546,-0.005224,0.0,-0.123974,-0.159245,-0.036441,-0.034692,0.837694,-0.082572,-0.133559,-0.046653,-0.059427,1.687189,2.405901,-0.17377,-0.001137,-0.262017,7.041667,0.015043,0.076909,0.095447
175,141.643433,1000.0,0.880257,0.89348,0.0,0.0,0.17598,63827.0,0.205851,0.62347,0.130678,0.326606,-0.041155,0.635664,5.563385,-0.002,-0.3,-0.006,-0.125,-0.15,-0.5,0.500007,-0.022435,-0.005287,0.0,-0.125416,-0.158726,-0.038375,-0.035763,0.829499,-0.083247,-0.135664,-0.046779,-0.058166,1.6705,2.397948,-0.17636,-0.001108,-0.339832,6.375,0.012636,0.066499,0.102507
176,141.988892,1000.0,0.888958,0.884883,0.0,0.0,0.174844,68572.0,0.202626,0.616983,0.134665,0.337871,-0.041172,0.672706,5.539546,-0.002,-0.3,-0.006,-0.125,-0.15,-0.5,0.500007,-0.023122,-0.00566,0.0,-0.129826,-0.154487,-0.036111,-0.034508,0.841497,-0.079444,-0.127572,-0.045855,-0.061088,1.683944,2.450294,-0.170779,-0.001189,-0.318595,6.583333,0.014426,0.081458,0.09491
177,142.464508,1000.0,0.885607,0.893627,0.0,0.0,0.173484,69033.0,0.201044,0.620502,0.131299,0.322239,-0.039598,0.643576,5.506727,-0.002,-0.3,-0.006,-0.125,-0.15,-0.5,0.500007,-0.022594,-0.005172,0.0,-0.125074,-0.151974,-0.034648,-0.033822,0.839318,-0.078682,-0.126781,-0.044878,-0.059598,1.691589,2.464247,-0.166934,-0.001114,-0.363707,7.875,0.013036,0.07149,0.092899
178,142.823334,1000.0,0.893707,0.885064,0.0,0.0,0.17179,68558.0,0.199286,0.607436,0.131738,0.311782,-0.038052,0.641392,5.508399,-0.002,-0.3,-0.006,-0.125,-0.15,-0.5,0.500007,-0.022063,-0.004941,0.0,-0.119351,-0.149845,-0.034089,-0.033401,0.835736,-0.076253,-0.129401,-0.043642,-0.057286,1.710107,2.505172,-0.163838,-0.001006,-0.380606,6.333333,0.014825,0.068893,0.10505
179,142.177399,990.059998,0.87456,0.866233,0.083333,0.0,0.170048,68169.0,0.197396,0.602064,0.128329,0.309211,-0.038425,0.621007,5.489858,-0.002,-0.3,-0.006,-0.125,-0.15,-0.5,0.494134,-0.021682,-0.004867,-0.000794,-0.116898,-0.147131,-0.033979,-0.032932,0.813377,-0.076371,-0.12643,-0.042959,-0.054935,1.673982,2.465193,-0.161959,-0.000976,-0.264259,5.791667,0.014759,0.096087,0.115446
180,143.669006,1000.0,0.880001,0.885448,0.0,0.0,0.168758,69676.0,0.205809,0.619058,0.136133,0.343837,-0.041424,0.678493,5.485816,-0.002,-0.3,-0.006,-0.125,-0.15,-0.5,0.500007,-0.022297,-0.006163,0.0,-0.128221,-0.147635,-0.036876,-0.035088,0.841164,-0.078468,-0.1335,-0.046227,-0.060601,1.674484,2.467785,-0.166544,-0.000999,-0.281472,5.708333,0.014306,0.074309,0.099882
181,146.180817,1000.0,0.890139,0.894603,0.0,0.0,0.16701,64698.0,0.198854,0.604942,0.136011,0.329085,-0.04046,0.678925,5.481425,-0.002,-0.3,-0.006,-0.125,-0.15,-0.5,0.500007,-0.022172,-0.006109,0.0,-0.12891,-0.143339,-0.034416,-0.033469,0.848087,-0.074361,-0.126764,-0.045166,-0.06185,1.703389,2.536332,-0.159014,-0.000907,-0.27424,5.041667,0.014586,0.065851,0.09239
182,147.16922,1000.0,0.890072,0.894096,0.0,0.0,0.165572,68582.0,0.196388,0.599333,0.137848,0.328727,-0.040641,0.680777,5.447117,-0.002,-0.3,-0.006,-0.125,-0.15,-0.5,0.500007,-0.021705,-0.004088,0.0,-0.12475,-0.143174,-0.034397,-0.033943,0.847266,-0.073789,-0.129011,-0.042483,-0.05913,1.702641,2.55132,-0.159502,-0.001159,-0.357148,4.708333,0.014113,0.076441,0.100195
183,146.019089,1000.0,0.892564,0.888458,0.0,0.0,0.164289,69598.0,0.19657,0.593216,0.131883,0.329424,-0.039159,0.66434,5.439062,-0.002,-0.3,-0.006,-0.125,-0.15,-0.5,0.500007,-0.022447,-0.004145,0.0,-0.123579,-0.140755,-0.034232,-0.033564,0.840701,-0.072028,-0.123929,-0.042037,-0.058531,1.696393,2.581527,-0.157545,-0.001089,-0.311112,5.458333,0.014172,0.072256,0.101605
184,147.094208,1000.0,0.888061,0.891511,0.0,0.0,0.162856,69571.0,0.197175,0.597077,0.139629,0.332189,-0.039922,0.680442,5.405963,-0.002,-0.3,-0.006,-0.125,-0.15,-0.5,0.500007,-0.022037,-0.005664,0.0,-0.124148,-0.138732,-0.03341,-0.032833,0.856394,-0.07227,-0.125893,-0.043899,-0.060096,1.696511,2.5788,-0.154425,-0.000921,-0.302668,4.875,0.015193,0.078855,0.106575
185,148.609421,1000.0,0.883716,0.886174,0.0,0.0,0.16126,71910.0,0.194874,0.577859,0.143739,0.33244,-0.039802,0.688659,5.411902,-0.002,-0.3,-0.006,-0.125,-0.15,-0.5,0.500007,-0.021552,-0.004607,0.0,-0.121743,-0.136783,-0.03327,-0.032587,0.851873,-0.070465,-0.125664,-0.041288,-0.057415,1.702198,2.621014,-0.152682,-0.000868,-0.303179,4.391304,0.014559,0.079333,0.122026
186,148.383911,1000.0,0.887072,0.89102,0.0,0.0,0.160401,69970.0,0.19734,0.587275,0.131804,0.316017,-0.03755,0.633741,5.429567,-0.002,-0.3,-0.006,-0.125,-0.15,-0.5,0.500007,-0.022286,-0.005291,0.0,-0.116711,-0.135279,-0.033427,-0.032783,0.823164,-0.071565,-0.122199,-0.042058,-0.055667,1.693647,2.598897,-0.152021,-0.001046,-0.235352,4.375,0.012983,0.07475,0.081892
187,147.421494,1000.0,0.896462,0.88887,0.0,0.0,0.158849,65572.0,0.190845,0.590246,0.127767,0.298647,-0.036292,0.628317,5.405064,-0.002,-0.3,-0.006,-0.125,-0.15,-0.5,0.500007,-0.021825,-0.004294,0.0,-0.112268,-0.133431,-0.032136,-0.032049,0.822038,-0.0696,-0.121936,-0.04135,-0.053176,1.728477,2.623445,-0.148498,-0.000733,-0.388248,3.875,0.012295,0.067493,0.10033
188,148.793594,1000.0,0.884778,0.886826,0.0,0.0,0.157636,72466.0,0.18867,0.578617,0.124395,0.307539,-0.036162,0.644886,5.405126,-0.002,-0.3,-0.006,-0.125,-0.15,-0.5,0.500007,-0.022123,-0.003656,0.0,-0.116627,-0.131455,-0.032013,-0.031908,0.833585,-0.066779,-0.115104,-0.040063,-0.05605,1.722283,2.674621,-0.145949,-0.000841,-0.228574,4.086957,0.014279,0.070274,0.106775
189,147.787674,1000.0,0.868261,0.868853,0.0,0.0,0.156143,70971.0,0.195648,0.589327,0.142498,0.330719,-0.039006,0.675259,5.393804,-0.002,-0.3,-0.006,-0.125,-0.15,-0.5,0.500007,-0.021243,-0.004868,0.0,-0.119365,-0.13099,-0.033228,-0.033222,0.842454,-0.070751,-0.129205,-0.041724,-0.056662,1.708561,2.606125,-0.148222,-0.000987,-0.383774,3.291667,0.01397,0.07772,0.112873
190,148.66745,1000.0,0.871965,0.878203,0.0,0.0,0.154971,71125.0,0.192327,0.579391,0.129283,0.3172,-0.037387,0.651491,5.381338,-0.002,-0.3,-0.006,-0.125,-0.15,-0.5,0.500007,-0.022197,-0.004746,0.0,-0.116113,-0.127881,-0.03273,-0.032645,0.823868,-0.066775,-0.118841,-0.039994,-0.055611,1.70211,2.674588,-0.145604,-0.000886,-0.330147,3.416667,0.014762,0.088399,0.107735
191,150.418045,1000.0,0.88973,0.877314,0.0,0.0,0.153336,72181.0,0.192786,0.587756,0.126779,0.317853,-0.036689,0.636034,5.403125,-0.002,-0.3,-0.006,-0.125,-0.15,-0.5,0.500007,-0.022699,-0.004723,0.0,-0.121104,-0.126852,-0.032804,-0.032162,0.826256,-0.067938,-0.117816,-0.041953,-0.059421,1.701023,2.649156,-0.143463,-0.000777,-0.21576,2.863636,0.011724,0.102346,0.106487
192,150.52449,1000.0,0.869836,0.890277,0.0,0.0,0.152333,68369.0,0.186259,0.56993,0.13017,0.310173,-0.036041,0.652053,5.375188,-0.002,-0.3,-0.006,-0.125,-0.15,-0.5,0.500007,-0.021643,-0.00408,0.0,-0.10847,-0.124271,-0.030862,-0.030992,0.833967,-0.063957,-0.114436,-0.036879,-0.051824,1.719082,2.732875,-0.14065,-0.000912,-0.309659,3.333333,0.013323,0.082798,0.106212
193,152.674316,1000.0,0.903881,0.896677,0.0,0.0,0.151328,62425.0,0.18977,0.56173,0.139168,0.321792,-0.038228,0.676793,5.353789,-0.002,-0.3,-0.006,-0.125,-0.15,-0.5,0.500007,-0.021216,-0.004704,0.0,-0.121105,-0.12285,-0.032697,-0.032043,0.856896,-0.064798,-0.121652,-0.039884,-0.057306,1.720594,2.723518,-0.139601,-0.000845,-0.258871,2.681818,0.011844,0.069002,0.085043
194,152.797028,1000.0,0.886049,0.876893,0.0,0.0,0.149983,62824.0,0.186455,0.567229,0.136597,0.313472,-0.037635,0.669775,5.348299,-0.002,-0.3,-0.006,-0.125,-0.15,-0.5,0.500007,-0.020694,-0.00348,0.0,-0.111309,-0.122498,-0.031156,-0.03049,0.840856,-0.063244,-0.118418,-0.037326,-0.052836,1.718588,2.751225,-0.139012,-0.000649,-0.291859,3.272727,0.013623,0.08648,0.106545
195,154.577774,1000.0,0.877971,0.880521,0.0,0.0,0.149117,68380.0,0.186864,0.560202,0.143373,0.319021,-0.036125,0.669374,5.334571,-0.002,-0.3,-0.006,-0.125,-0.15,-0.5,0.500007,-0.021186,-0.004267,0.0,-0.112226,-0.117412,-0.029649,-0.029936,0.849505,-0.061887,-0.115682,-0.035671,-0.054981,1.728557,2.776731,-0.133393,-0.000778,-0.165361,2.619048,0.014285,0.080827,0.086497
196,154.124649,1000.0,0.880495,0.880779,0.0,0.0,0.148249,60787.0,0.184925,0.552047,0.13827,0.318289,-0.037569,0.667435,5.321768,-0.002,-0.3,-0.006,-0.125,-0.15,-0.5,0.500007,-0.020527,-0.003051,0.0,-0.111197,-0.118112,-0.031224,-0.031155,0.843774,-0.061538,-0.118112,-0.037337,-0.052682,1.727001,2.793413,-0.136751,-0.000671,-0.276172,3.26087,0.01432,0.078621,0.120342
197,154.658966,1000.0,0.87987,0.875524,0.0,0.0,0.147377,68806.0,0.184468,0.55876,0.143134,0.336541,-0.039601,0.710587,5.322736,-0.002,-0.3,-0.006,-0.125,-0.15,-0.5,0.500007,-0.021451,-0.004104,0.0,-0.125244,-0.117242,-0.032564,-0.031551,0.863774,-0.062028,-0.116451,-0.037392,-0.057988,1.717241,2.77074,-0.136124,-0.000751,-0.247179,3.304348,0.013466,0.09075,0.118949
198,156.025925,1000.0,0.884615,0.887805,0.0,0.0,0.145891,59930.0,0.179526,0.548887,0.129514,0.301576,-0.034595,0.646556,5.303619,-0.002,-0.3,-0.006,-0.125,-0.15,-0.5,0.500007,-0.02097,-0.002857,0.0,-0.108116,-0.114188,-0.029199,-0.03006,0.835141,-0.059108,-0.112736,-0.036772,-0.052427,1.740542,2.835097,-0.129305,-0.00075,-0.232218,2.869565,0.014065,0.059577,0.104145
199,156.425964,1000.0,0.89307,0.874403,0.0,0.0,0.144666,67089.0,0.181584,0.562942,0.1366,0.326574,-0.039115,0.715615,5.296152,-0.002,-0.3,-0.006,-0.125,-0.15,-0.5,0.500007,-0.021302,-0.003378,0.0,-0.120588,-0.113708,-0.030259,-0.030265,0.863733,-0.060085,-0.10808,-0.036981,-0.057114,1.729961,2.806419,-0.130779,-0.000566,-0.192694,2.772727,0.015219,0.080814,0.111973
200,156.423889,998.039978,0.882425,0.871143,0.043478,0.0,0.143676,60631.0,0.178795,0.54445,0.134304,0.314757,-0.035448,0.681297,5.270419,-0.002,-0.3,-0.006,-0.125,-0.15,-0.5,0.497865,-0.02104,-0.003462,-0.00087,-0.112001,-0.110893,-0.028945,-0.029317,0.847113,-0.058464,-0.107213,-0.035247,-0.053851,1.732387,2.8348,-0.127268,-0.000803,-0.264021,3.086957,0.015924,0.098817,0.120371
201,155.116669,1000.0,0.88889,0.873437,0.0,0.0,0.142921,64449.0,0.18054,0.552472,0.141408,0.323231,-0.037663,0.696949,5.307817,-0.002,-0.3,-0.006,-0.125,-0.15,-0.5,0.500007,-0.021077,-0.003314,0.0,-0.116028,-0.111946,-0.029797,-0.029933,0.860573,-0.058963,-0.108936,-0.035838,-0.054889,1.728142,2.839937,-0.128788,-0.000703,-0.334458,3.363636,0.013059,0.07555,0.096913
202,155.245041,987.150024,0.873751,0.85188,0.090909,0.0,0.141794,59612.0,0.177847,0.523131,0.140692,0.309734,-0.036363,0.664522,5.29892,-0.002,-0.3,-0.006,-0.125,-0.15,-0.5,0.491499,-0.019677,-0.003182,-0.000866,-0.105058,-0.106696,-0.028904,-0.028647,0.824917,-0.057195,-0.118312,-0.034509,-0.050792,1.701388,2.82553,-0.123412,-0.000589,-0.371503,3.090909,0.0162,0.087316,0.126467
203,155.939865,987.150024,0.875629,0.875758,0.0,0.0,0.141103,59403.0,0.17264,0.537433,0.128911,0.299008,-0.034571,0.659469,5.269445,-0.002,-0.3,-0.006,-0.125,-0.15,-0.5,0.500007,-0.021215,-0.002171,0.0,-0.106519,-0.107371,-0.028642,-0.029103,0.846506,-0.055979,-0.103856,-0.032004,-0.050215,1.761091,2.899978,-0.123412,-0.000626,-0.207348,2.625,0.016812,0.082159,0.104621
204,157.235992,1000.0,0.885537,0.878234,0.0,0.0,0.140277,63489.0,0.178136,0.522264,0.135923,0.300484,-0.033495,0.655014,5.259718,-0.002,-0.3,-0.006,-0.125,-0.15,-0.5,0.500007,-0.020882,-0.003947,0.0,-0.102687,-0.104979,-0.027447,-0.028454,0.829551,-0.054381,-0.108329,-0.03192,-0.049546,1.745719,2.942695,-0.119865,-0.000894,-0.370237,2.869565,0.015046,0.085673,0.116741
205,157.760956,1000.0,0.882582,0.869362,0.0,0.0,0.139592,66398.0,0.179969,0.535561,0.145811,0.31274,-0.035397,0.672336,5.250465,-0.002,-0.3,-0.006,-0.125,-0.15,-0.5,0.500007,-0.019853,-0.0037,0.0,-0.104714,-0.104628,-0.027005,-0.028295,0.854997,-0.054491,-0.111563,-0.031648,-0.050417,1.723554,2.940151,-0.120931,-0.00058,-0.363115,3.238095,0.0137,0.078052,0.109625
206,157.064148,1000.0,0.890087,0.891889,0.0,0.0,0.13819,62780.0,0.17509,0.527783,0.1289,0.300401,-0.03297,0.653433,5.26378,-0.002,-0.3,-0.006,-0.125,-0.15,-0.5,0.500007,-0.021599,-0.003586,0.0,-0.107343,-0.102334,-0.027419,-0.028676,0.846244,-0.053847,-0.099415,-0.03346,-0.052819,1.748627,2.945547,-0.118498,-0.000932,-0.250943,2.791667,0.013117,0.084726,0.110204
207,161.663849,1000.0,0.893967,0.882565,0.0,0.0,0.13743,68798.0,0.169753,0.52143,0.139893,0.3202,-0.036163,0.693984,5.233106,-0.002,-0.3,-0.006,-0.125,-0.15,-0.5,0.500007,-0.020774,-0.002058,0.0,-0.105165,-0.101689,-0.027046,-0.02776,0.85864,-0.052392,-0.100145,-0.030799,-0.050088,1.753406,2.990637,-0.118986,-0.000819,-0.273469,3.434783,0.013927,0.07267,0.090125
208,159.005508,1000.0,0.892633,0.866371,0.0,0.0,0.136464,72032.0,0.176636,0.523941,0.13072,0.307261,-0.034355,0.671108,5.211511,-0.002,-0.3,-0.006,-0.125,-0.15,-0.5,0.500007,-0.021009,-0.004267,0.0,-0.103317,-0.100435,-0.027731,-0.028448,0.846214,-0.053649,-0.104027,-0.032417,-0.049537,1.736737,2.958316,-0.11747,-0.000728,-0.258506,25.700001,0.014216,0.071307,0.102135
209,159.432495,1000.0,0.888099,0.868473,0.041667,0.0,0.135976,62682.0,0.169263,0.512508,0.136753,0.30371,-0.033771,0.677206,5.218811,-0.002,-0.3,-0.006,-0.125,-0.15,-0.5,0.495936,-0.020426,-0.002956,-0.000333,-0.101582,-0.09762,-0.025636,-0.027046,0.844301,-0.050762,-0.099381,-0.030522,-0.049228,1.748723,2.995636,-0.113472,-0.000664,-0.39602,5.666667,0.012987,0.082313,0.10608
210,155.897491,974.419983,0.882619,0.867004,0.125,0.0,0.135224,59850.0,0.171671,0.510117,0.135921,0.302849,-0.034814,0.665582,5.221589,-0.002,-0.3,-0.006,-0.125,-0.15,-0.5,0.493625,-0.019899,-0.003179,-0.000615,-0.102091,-0.096502,-0.0268,-0.027753,0.837361,-0.051335,-0.105718,-0.032194,-0.049532,1.730969,2.963616,-0.113487,-0.000612,-0.354185,8.125,0.0146,0.089535,0.116223
211,160.937378,1000.0,0.88805,0.882808,0.0,0.0,0.1347,67865.0,0.173181,0.512653,0.139196,0.315219,-0.035918,0.695132,5.212732,-0.002,-0.3,-0.006,-0.125,-0.15,-0.5,0.500007,-0.020552,-0.003758,0.0,-0.108147,-0.096969,-0.027686,-0.0285,0.851742,-0.051839,-0.103519,-0.032956,-0.052156,1.744989,3.008763,-0.115174,-0.00058,-0.357795,8.708334,0.014184,0.076948,0.099931
212,161.583817,1000.0,0.896673,0.878026,0.0,0.0,0.134261,66576.0,0.169682,0.509017,0.142122,0.308288,-0.034783,0.691743,5.215112,-0.002,-0.3,-0.006,-0.125,-0.15,-0.5,0.500007,-0.020284,-0.003692,0.0,-0.103453,-0.095139,-0.026234,-0.027282,0.860966,-0.049986,-0.103196,-0.030332,-0.05014,1.761752,3.046571,-0.111188,-0.000592,-0.292949,9.083334,0.01349,0.079397,0.106265
213,162.139877,1000.0,0.902198,0.881766,0.0,0.0,0.133238,66851.0,0.169363,0.508697,0.138261,0.300054,-0.034172,0.671531,5.187449,-0.002,-0.3,-0.006,-0.125,-0.15,-0.5,0.500007,-0.020123,-0.003142,0.0,-0.1015,-0.093828,-0.026095,-0.027202,0.856442,-0.049846,-0.102291,-0.031905,-0.049559,1.763777,3.054209,-0.11054,-0.000593,-0.298262,6.916667,0.012808,0.085383,0.115344
214,163.973419,1000.0,0.891636,0.877522,0.0,0.0,0.132328,63152.0,0.168794,0.505413,0.143564,0.30687,-0.034734,0.683229,5.17784,-0.002,-0.3,-0.006,-0.125,-0.15,-0.5,0.500007,-0.019618,-0.003023,0.0,-0.103369,-0.093612,-0.026778,-0.027687,0.859162,-0.049307,-0.106999,-0.030188,-0.049275,1.759903,3.062629,-0.110726,-0.000619,-0.302296,6.625,0.014751,0.080996,0.108133
215,161.673996,1000.0,0.896904,0.880004,0.0,0.0,0.131752,68838.0,0.166757,0.501018,0.142645,0.309827,-0.03494,0.699582,5.184226,-0.002,-0.3,-0.006,-0.125,-0.15,-0.5,0.500007,-0.019884,-0.003177,0.0,-0.104393,-0.092062,-0.026292,-0.027257,0.858249,-0.049288,-0.100164,-0.030649,-0.049918,1.764281,3.075443,-0.109148,-0.000587,-0.306643,7.125,0.014273,0.080755,0.108247
216,162.386368,1000.0,0.87542,0.878874,0.0,0.0,0.130847,66548.0,0.168678,0.496625,0.140545,0.305007,-0.034166,0.679364,5.16243,-0.002,-0.3,-0.006,-0.125,-0.15,-0.5,0.500007,-0.01983,-0.003495,0.0,-0.099499,-0.091574,-0.027353,-0.02807,0.840455,-0.04933,-0.105314,-0.030876,-0.046896,1.769995,3.079175,-0.10913,-0.000617,-0.343041,6.916667,0.015505,0.07851,0.111433
217,163.82814,1000.0,0.887123,0.878518,0.0,0.0,0.130175,69774.0,0.16722,0.489966,0.143348,0.316877,-0.034901,0.712488,5.149386,-0.002,-0.3,-0.006,-0.125,-0.15,-0.5,0.500007,-0.020223,-0.003948,0.0,-0.105795,-0.089343,-0.026354,-0.027435,0.860478,-0.0477,-0.099915,-0.03083,-0.051544,1.760766,3.115344,-0.107325,-0.000576,-0.367399,6.166667,0.014726,0.085775,0.099032
218,164.65979,1000.0,0.89032,0.882095,0.0,0.0,0.129309,66535.0,0.164463,0.498274,0.136857,0.309515,-0.0347,0.692919,5.143589,-0.002,-0.3,-0.006,-0.125,-0.15,-0.5,0.500007,-0.020272,-0.002842,0.0,-0.100327,-0.088874,-0.026712,-0.027314,0.858077,-0.047721,-0.097592,-0.030659,-0.047833,1.765743,3.107143,-0.107344,-0.000511,-0.29703,6.791667,0.013797,0.069585,0.096456
219,164.546997,1000.0,0.884971,0.87652,0.0,0.0,0.128559,65529.0,0.162419,0.489728,0.14343,0.307192,-0.033557,0.699452,5.114332,-0.002,-0.3,-0.006,-0.125,-0.15,-0.5,0.500007,-0.019817,-0.002755,0.0,-0.099487,-0.087081,-0.024446,-0.02592,0.863576,-0.046045,-0.094081,-0.027765,-0.047732,1.779504,3.144997,-0.103205,-0.000599,-0.397515,7.416667,0.014411,0.084649,0.111781
220,164.585953,1000.0,0.901772,0.875802,0.0,0.0,0.127955,64892.0,0.163775,0.480592,0.139032,0.306472,-0.033496,0.689504,5.116517,-0.002,-0.3,-0.006,-0.125,-0.15,-0.5,0.500007,-0.020448,-0.003984,0.0,-0.097508,-0.085467,-0.025405,-0.026015,0.850764,-0.045426,-0.093997,-0.028508,-0.045628,1.766882,3.172674,-0.102743,-0.000522,-0.433874,6.291667,0.013354,0.074348,0.113844
221,165.91687,1000.0,0.892418,0.874897,0.0,0.0,0.126753,69468.0,0.165728,0.486609,0.146305,0.302099,-0.033391,0.672386,5.101792,-0.002,-0.3,-0.006,-0.125,-0.15,-0.5,0.500007,-0.019522,-0.003461,0.0,-0.097471,-0.085265,-0.025131,-0.025868,0.85242,-0.045944,-0.099133,-0.027023,-0.046436,1.759618,3.158941,-0.101987,-0.000534,-0.265352,5.958333,0.013555,0.086913,0.123651
222,165.498276,1000.0,0.886632,0.872033,0.0,0.0,0.126166,69339.0,0.16596,0.484272,0.138542,0.317437,-0.036153,0.707929,5.094377,-0.002,-0.3,-0.006,-0.125,-0.15,-0.5,0.500007,-0.020025,-0.003415,0.0,-0.102546,-0.08483,-0.027305,-0.027497,0.856352,-0.045916,-0.099401,-0.033419,-0.048124,1.753315,3.159455,-0.105033,-0.000491,-0.285147,5.375,0.013272,0.091964,0.11397
223,166.32695,1000.0,0.897946,0.876018,0.0,0.0,0.125334,68010.0,0.160292,0.484053,0.145667,0.31153,-0.034295,0.730139,5.096736,-0.002,-0.3,-0.006,-0.125,-0.15,-0.5,0.500007,-0.019849,-0.002887,0.0,-0.102574,-0.083059,-0.024963,-0.026381,0.873156,-0.044197,-0.095261,-0.028998,-0.049932,1.785973,3.193498,-0.10034,-0.000585,-0.37866,5.75,0.014034,0.091613,0.107762
224,167.736115,1000.0,0.8892,0.867888,0.0,0.0,0.124571,71321.0,0.163453,0.486455,0.150644,0.313874,-0.034978,0.718914,5.104404,-0.002,-0.3,-0.006,-0.125,-0.15,-0.5,0.500007,-0.01918,-0.002762,0.0,-0.098747,-0.083118,-0.026075,-0.026967,0.864568,-0.045654,-0.104692,-0.028979,-0.046463,1.770147,3.165185,-0.101667,-0.00042,-0.221475,4.333333,0.013496,0.082623,0.110844
225,166.310944,1000.0,0.884235,0.867888,0.0,0.0,0.123591,65292.0,0.157837,0.477655,0.136601,0.301475,-0.033339,0.689603,5.08928,-0.002,-0.3,-0.006,-0.125,-0.15,-0.5,0.500007,-0.019759,-0.002797,0.0,-0.094742,-0.080816,-0.024216,-0.025388,0.850096,-0.043346,-0.090613,-0.028473,-0.045526,1.779532,3.223441,-0.09785,-0.000539,-0.32038,5.625,0.012898,0.0785,0.108581
226,168.545731,1000.0,0.887667,0.873755,0.0,0.0,0.122677,71451.0,0.158864,0.467922,0.157524,0.313893,-0.034761,0.729061,5.068415,-0.002,-0.3,-0.006,-0.125,-0.15,-0.5,0.500007,-0.018871,-0.002118,0.0,-0.097657,-0.080407,-0.024766,-0.025794,0.876546,-0.042544,-0.097823,-0.025899,-0.046409,1.778794,3.245817,-0.09811,-0.000582,-0.373177,4.25,0.01362,0.088168,0.113513
227,170.306671,1000.0,0.894569,0.874757,0.0,0.0,0.121795,72330.0,0.161481,0.468428,0.147237,0.315826,-0.034607,0.711453,5.040765,-0.002,-0.3,-0.006,-0.125,-0.15,-0.5,0.500007,-0.019729,-0.003339,0.0,-0.096343,-0.078912,-0.025082,-0.025649,0.854657,-0.042737,-0.09491,-0.028544,-0.045021,1.765311,3.243227,-0.097865,-0.000426,-0.212347,4.652174,0.013609,0.069778,0.100409
228,166.575958,1000.0,0.888253,0.863974,0.0,0.0,0.120992,71558.0,0.158478,0.464507,0.145506,0.303313,-0.033943,0.698559,5.061709,-0.002,-0.3,-0.006,-0.125,-0.15,-0.5,0.500007,-0.018962,-0.002903,0.0,-0.095026,-0.07793,-0.024567,-0.025722,0.859251,-0.042149,-0.097208,-0.026728,-0.044884,1.78206,3.258994,-0.096297,-0.000374,-0.365051,3.958333,0.0149,0.086838,0.10741
229,168.64212,1000.0,0.867177,0.881275,0.0,0.0,0.120134,72187.0,0.15717,0.469708,0.153321,0.305404,-0.034227,0.723732,5.031134,-0.002,-0.3,-0.006,-0.125,-0.15,-0.5,0.500007,-0.019199,-0.001665,0.0,-0.096653,-0.077671,-0.02366,-0.025258,0.869944,-0.041394,-0.091444,-0.025051,-0.047108,1.781824,3.272914,-0.095168,-0.000551,-0.483678,3.958333,0.013833,0.091611,0.108929
230,168.252518,1000.0,0.88838,0.871511,0.0,0.0,0.119121,72276.0,0.156773,0.471567,0.13247,0.286694,-0.032217,0.65614,5.034234,-0.002,-0.3,-0.006,-0.125,-0.15,-0.5,0.500007,-0.019406,-0.00212,0.0,-0.087797,-0.076935,-0.023774,-0.025277,0.831917,-0.041489,-0.089938,-0.026766,-0.041328,1.785177,3.267815,-0.094595,-0.000514,-0.280066,3.782609,0.014971,0.095046,0.10439
231,166.195801,991.460022,0.880131,0.865697,0.083333,0.0,0.118551,65764.0,0.157745,0.45872,0.143213,0.305413,-0.032787,0.699343,5.013051,-0.002,-0.3,-0.006,-0.125,-0.15,-0.5,0.496963,-0.018996,-0.00289,-0.000694,-0.094233,-0.075639,-0.024786,-0.025806,0.855971,-0.041462,-0.095275,-0.027387,-0.044365,1.758062,3.260472,-0.094071,-0.000561,-0.326695,3.375,0.014435,0.096307,0.112153
232,169.953705,1000.0,0.885565,0.872971,0.0,0.0,0.117694,69773.0,0.153747,0.470601,0.132963,0.301267,-0.032437,0.689584,4.987979,-0.002,-0.3,-0.006,-0.125,-0.15,-0.5,0.500007,-0.019911,-0.003008,0.0,-0.089206,-0.07412,-0.023109,-0.023968,0.855329,-0.039652,-0.086068,-0.025705,-0.042472,1.785382,3.31247,-0.091657,-0.000325,-0.265807,3.333333,0.014227,0.094646,0.094402
233,171.083572,1000.0,0.880513,0.869596,0.0,0.0,0.116882,74869.0,0.155294,0.445196,0.143193,0.297755,-0.032596,0.692475,5.01035,-0.002,-0.3,-0.006,-0.125,-0.15,-0.5,0.500007,-0.018682,-0.001921,0.0,-0.090293,-0.072927,-0.023481,-0.025307,0.847299,-0.037931,-0.095605,-0.02363,-0.041003,1.795419,3.374401,-0.091924,-0.000448,-0.252739,2.954545,0.013557,0.082067,0.105656
234,169.481689,1000.0,0.8855,0.855878,0.0,0.0,0.116023,77516.0,0.153827,0.447077,0.131356,0.279076,-0.029969,0.656897,4.971599,-0.002,-0.3,-0.006,-0.125,-0.15,-0.5,0.500007,-0.019201,-0.002192,0.0,-0.088169,-0.071841,-0.022235,-0.024285,0.839395,-0.038395,-0.087829,-0.025318,-0.042586,1.793283,3.36356,-0.088273,-0.000422,-0.28207,2.8,0.013366,0.096804,0.120935
235,169.513931,1000.0,0.889401,0.870015,0.0,0.0,0.115328,72669.0,0.156589,0.46513,0.136938,0.305101,-0.031965,0.716144,4.981011,-0.002,-0.3,-0.006,-0.125,-0.15,-0.5,0.500007,-0.020339,-0.003826,0.0,-0.095012,-0.070983,-0.022304,-0.024622,0.861532,-0.03941,-0.083458,-0.027164,-0.047656,1.781214,3.3136,-0.088336,-0.000407,-0.33467,3.0,0.014805,0.091572,0.108072
236,171.106598,1000.0,0.895815,0.862228,0.0,0.0,0.114701,76639.0,0.153121,0.441988,0.137979,0.29726,-0.032223,0.695699,5.001017,-0.002,-0.3,-0.006,-0.125,-0.15,-0.5,0.500007,-0.019551,-0.002833,0.0,-0.089773,-0.070798,-0.022564,-0.023779,0.845011,-0.038997,-0.088283,-0.025887,-0.04272,1.793912,3.351962,-0.087572,-0.000437,-0.25213,3.0,0.014486,0.098861,0.08871
237,173.2686,1000.0,0.896025,0.879576,0.0,0.0,0.114157,68426.0,0.151542,0.452297,0.142789,0.276863,-0.029783,0.664479,4.967321,-0.002,-0.3,-0.006,-0.125,-0.15,-0.5,0.500007,-0.018389,-0.002358,0.0,-0.083233,-0.070317,-0.021734,-0.022827,0.854555,-0.037735,-0.088259,-0.022411,-0.040632,1.806564,3.370199,-0.085003,-0.00041,-0.214254,2.681818,0.01441,0.078681,0.105459
238,171.41922,1000.0,0.886523,0.879527,0.0,0.0,0.113293,73109.0,0.151896,0.445821,0.140145,0.298596,-0.031921,0.695008,4.939916,-0.002,-0.3,-0.006,-0.125,-0.15,-0.5,0.500007,-0.01936,-0.002749,0.0,-0.087433,-0.069315,-0.022619,-0.023835,0.851647,-0.03746,-0.088563,-0.026436,-0.041594,1.792652,3.390203,-0.086737,-0.000381,-0.330613,3.652174,0.015254,0.076921,0.109714
239,169.539413,1000.0,0.879971,0.858599,0.0,0.0,0.11277,74360.0,0.157013,0.452787,0.144578,0.314883,-0.034011,0.737172,4.987212,-0.002,-0.3,-0.006,-0.125,-0.15,-0.5,0.500007,-0.01935,-0.003588,0.0,-0.095129,-0.068937,-0.023714,-0.024598,0.86657,-0.038089,-0.091276,-0.027889,-0.045877,1.782068,3.360357,-0.087506,-0.000601,-0.429634,3.090909,0.014041,0.084998,0.101167
240,171.508087,1000.0,0.900324,0.874793,0.0,0.0,0.11215,73276.0,0.147304,0.440749,0.125339,0.276416,-0.029026,0.658026,4.951929,-0.002,-0.3,-0.006,-0.125,-0.15,-0.5,0.500007,-0.01975,-0.002757,0.0,-0.084712,-0.065985,-0.020598,-0.022772,0.845608,-0.035593,-0.077764,-0.024195,-0.041822,1.811412,3.434407,-0.081565,-0.000291,-0.314943,2.826087,0.011635,0.089966,0.095483
241,172.686279,1000.0,0.884392,0.878267,0.0,0.0,0.111487,73764.0,0.1552,0.44417,0.164432,0.329527,-0.035079,0.781979,4.975339,-0.002,-0.3,-0.006,-0.125,-0.15,-0.5,0.500007,-0.018687,-0.001724,0.0,-0.093695,-0.068079,-0.023394,-0.024204,0.881318,-0.037277,-0.094127,-0.024059,-0.043746,1.7784,3.39627,-0.087672,-0.000429,-0.392315,2.636364,0.015066,0.096599,0.114317
242,173.3582,1000.0,0.888163,0.85661,0.0,0.0,0.110918,70853.0,0.154906,0.439441,0.140308,0.30401,-0.032603,0.714735,4.969622,-0.002,-0.3,-0.006,-0.125,-0.15,-0.5,0.500007,-0.019654,-0.003199,0.0,-0.092729,-0.066469,-0.022863,-0.024168,0.863754,-0.03681,-0.089367,-0.027085,-0.045232,1.781971,3.407154,-0.084447,-0.000436,-0.243926,3.5,0.013096,0.095305,0.122601
243,173.291245,1000.0,0.892578,0.879596,0.0,0.0,0.110356,67280.0,0.156383,0.437445,0.154034,0.311883,-0.033687,0.717486,4.994957,-0.002,-0.3,-0.006,-0.125,-0.15,-0.5,0.500007,-0.01861,-0.003476,0.0,-0.089075,-0.066726,-0.02302,-0.023868,0.858117,-0.037631,-0.094578,-0.024944,-0.041452,1.779132,3.405583,-0.085803,-0.000342,-0.32442,2.954545,0.014177,0.076003,0.084988
244,173.008621,1000.0,0.904997,0.852024,0.0,0.0,0.109866,74293.0,0.150783,0.422775,0.138121,0.289681,-0.031445,0.695959,4.961817,-0.002,-0.3,-0.006,-0.125,-0.15,-0.5,0.500007,-0.019031,-0.0021,0.0,-0.085249,-0.063424,-0.020812,-0.022031,0.863983,-0.034493,-0.079407,-0.023269,-0.043637,1.78416,3.489708,-0.079923,-0.000449,-0.264767,3.045455,0.01449,0.088675,0.096425
245,173.327698,1000.0,0.870832,0.880446,0.0,0.0,0.109403,71472.0,0.153098,0.428999,0.15342,0.294456,-0.030628,0.699406,4.992253,-0.002,-0.3,-0.006,-0.125,-0.15,-0.5,0.500007,-0.018257,-0.003182,0.0,-0.086741,-0.064792,-0.021484,-0.023419,0.864433,-0.035825,-0.091559,-0.022457,-0.040908,1.793446,3.452843,-0.081638,-0.000365,-0.283243,2.875,0.014231,0.070713,0.094558
246,171.852249,997.27002,0.894368,0.867418,0.043478,0.0,0.108884,73756.0,0.151207,0.433309,0.143445,0.301611,-0.031737,0.69801,4.971086,-0.002,-0.3,-0.006,-0.125,-0.15,-0.5,0.497028,-0.019183,-0.004005,-0.00087,-0.089801,-0.063271,-0.022253,-0.023647,0.847929,-0.0355,-0.082653,-0.024865,-0.044851,1.782466,3.420383,-0.082216,-0.000603,-0.293125,2.565217,0.012858,0.092331,0.12952
247,174.404083,989.47998,0.872146,0.849952,0.095238,0.0,0.10822,75360.0,0.14471,0.431885,0.137319,0.297432,-0.032064,0.717553,4.949811,-0.002,-0.3,-0.006,-0.125,-0.15,-0.5,0.493829,-0.019035,-0.001684,-0.000857,-0.085099,-0.061465,-0.021321,-0.022345,0.856737,-0.034201,-0.078048,-0.025472,-0.042081,1.779037,3.435445,-0.079502,-0.000353,-0.239212,3.238095,0.014565,0.105375,0.148631
248,174.862442,999.200012,0.902577,0.862316,0.0,0.0,0.107748,71750.0,0.150587,0.424626,0.151964,0.307262,-0.032512,0.729884,4.947572,-0.002,-0.3,-0.006,-0.125,-0.15,-0.5,0.500007,-0.018291,-0.00207,0.0,-0.090786,-0.063108,-0.022369,-0.024238,0.8638,-0.034822,-0.092012,-0.023659,-0.041798,1.791406,3.478973,-0.082083,-0.000413,-0.332246,3.333333,0.014342,0.085194,0.111354
249,176.02623,1000.0,0.894106,0.869872,0.0,0.0,0.107343,67542.0,0.153985,0.439589,0.159454,0.314484,-0.033839,0.758552,4.92119,-0.002364,-0.313636,-0.006273,-0.130682,-0.159545,-0.531818,0.500007,-0.018608,-0.002427,0.0,-0.092144,-0.06341,-0.022658,-0.023447,0.875826,-0.035836,-0.087434,-0.024106,-0.042919,1.778042,3.444667,-0.08198,-0.000426,-0.319996,3.181818,0.014538,0.096438,0.10399
250,176.232254,1000.0,0.89683,0.859726,0.0,0.0,0.106506,75944.0,0.148094,0.422626,0.154905,0.315175,-0.033321,0.729407,4.910419,-0.01,-0.6,-0.012,-0.25,-0.36,-1.2,0.500007,-0.01904,-0.001534,0.0,-0.086259,-0.061339,-0.022404,-0.023647,0.866238,-0.034216,-0.090914,-0.023477,-0.040749,1.791816,3.506415,-0.082321,-0.000342,-0.358945,24.666668,0.014242,0.10255,0.097584
251,175.080276,990.460022,0.889867,0.865037,0.041667,0.0,0.105979,70916.0,0.147182,0.41276,0.145288,0.293814,-0.031064,0.69368,4.875298,-0.01,-0.6,-0.012,-0.25,-0.36,-1.2,0.497164,-0.021179,-0.002054,-0.000238,-0.082319,-0.059935,-0.020936,-0.022861,0.849458,-0.034374,-0.082064,-0.02184,-0.039326,1.781785,3.513808,-0.080351,-0.000416,-0.313621,7.541667,0.014164,0.093902,0.113843
252,177.427094,1000.0,0.888744,0.878812,0.0,0.0,0.105266,70449.0,0.147301,0.419602,0.150172,0.304031,-0.031847,0.721499,4.890183,-0.01,-0.6,-0.012,-0.25,-0.36,-1.2,0.500007,-0.022834,-0.001454,0.0,-0.084612,-0.059854,-0.021134,-0.023862,0.86255,-0.035059,-0.087401,-0.022041,-0.039917,1.798066,3.528831,-0.082913,-0.000387,-0.263191,8.375,0.015124,0.100001,0.110335
253,175.342987,1000.0,0.888008,0.86871,0.0,0.0,0.104452,70832.0,0.144659,0.413537,0.144739,0.29009,-0.030708,0.704475,4.911045,-0.01,-0.6,-0.012,-0.25,-0.36,-1.2,0.500007,-0.024506,-0.001304,0.0,-0.082044,-0.058699,-0.019935,-0.023354,0.861919,-0.035268,-0.083356,-0.021391,-0.039305,1.80517,3.55519,-0.081471,-0.000467,-0.360677,8.458334,0.013159,0.085646,0.120304
254,176.497742,1000.0,0.895763,0.858192,0.0,0.0,0.103796,71291.0,0.143794,0.411468,0.147344,0.2899,-0.030152,0.714407,4.857154,-0.01,-0.6,-0.012,-0.25,-0.36,-1.2,0.500007,-0.026262,-0.001771,0.0,-0.081715,-0.057904,-0.019709,-0.023683,0.865398,-0.035795,-0.084695,-0.020229,-0.039323,1.81064,3.570024,-0.081754,-0.00053,-0.36707,8.416667,0.014246,0.094227,0.12001
255,175.80542,1000.0,0.896749,0.856531,0.0,0.0,0.102983,64680.0,0.145265,0.404615,0.151067,0.294065,-0.030448,0.705581,4.872143,-0.01,-0.6,-0.012,-0.25,-0.36,-1.2,0.500007,-0.0276,-0.00188,0.0,-0.081299,-0.056938,-0.01973,-0.023849,0.861486,-0.035827,-0.087852,-0.020166,-0.038844,1.802749,3.596005,-0.082638,-0.000504,-0.349789,7.0,0.014821,0.09768,0.109323
256,178.426682,1000.0,0.891264,0.857385,0.0,0.0,0.102544,70378.0,0.147443,0.407873,0.155777,0.310276,-0.032771,0.727835,4.85486,-0.01,-0.6,-0.012,-0.25,-0.36,-1.2,0.500007,-0.02936,-0.002087,0.0,-0.085424,-0.05764,-0.021764,-0.025872,0.864102,-0.038145,-0.096118,-0.02265,-0.038955,1.788828,3.566656,-0.088034,-0.000388,-0.260621,6.458333,0.014257,0.082867,0.113458
257,177.719818,1000.0,0.897627,0.860183,0.0,0.0,0.101875,70336.0,0.145593,0.411472,0.147265,0.291129,-0.030483,0.695933,4.824588,-0.01,-0.6,-0.012,-0.25,-0.36,-1.2,0.500007,-0.031207,-0.002003,0.0,-0.082979,-0.056268,-0.020162,-0.025147,0.860498,-0.037651,-0.092204,-0.020685,-0.038779,1.801485,3.591621,-0.085668,-0.000471,-0.247976,7.208333,0.014575,0.104002,0.11081
258,176.257614,1000.0,0.88188,0.859411,0.0,0.0,0.101248,71310.0,0.145721,0.402369,0.14958,0.296439,-0.031183,0.722612,4.819274,-0.01,-0.6,-0.012,-0.25,-0.36,-1.2,0.500007,-0.032098,-0.001931,0.0,-0.082526,-0.055921,-0.020411,-0.025958,0.864352,-0.038641,-0.097095,-0.022253,-0.039593,1.791643,3.595011,-0.087098,-0.000456,-0.349007,6.625,0.015008,0.084883,0.109182
259,178.6586,1000.0,0.896469,0.86441,0.0,0.0,0.100592,71254.0,0.142816,0.400802,0.138463,0.291174,-0.03017,0.714399,4.829292,-0.01,-0.6,-0.012,-0.25,-0.36,-1.2,0.500007,-0.036203,-0.003852,0.0,-0.08242,-0.054321,-0.019513,-0.025936,0.857225,-0.038083,-0.088686,-0.022187,-0.041887,1.809865,3.633336,-0.086457,-0.000469,-0.277633,6.041667,0.014851,0.100193,0.119901
260,177.704498,1000.0,0.892527,0.855987,0.041667,0.0,0.099867,69845.0,0.143412,0.398916,0.157738,0.302424,-0.031934,0.722962,4.804236,-0.01,-0.6,-0.012,-0.25,-0.36,-1.2,0.499796,-0.035732,-0.001856,-0.000208,-0.080774,-0.054704,-0.020192,-0.026601,0.869604,-0.039968,-0.099743,-0.021129,-0.037142,1.80183,3.618617,-0.090491,-0.000503,-0.286503,7.625,0.015105,0.101029,0.109086
261,178.488007,1000.0,0.895774,0.858141,0.0,0.0,0.099419,63598.0,0.14013,0.396252,0.14725,0.295399,-0.031011,0.723179,4.786683,-0.01,-0.6,-0.012,-0.25,-0.36,-1.2,0.500007,-0.03881,-0.002225,0.0,-0.081552,-0.053857,-0.019894,-0.026493,0.865182,-0.039298,-0.091536,-0.021807,-0.038801,1.810687,3.642764,-0.089116,-0.000496,-0.282001,6.875,0.014298,0.084039,0.106753
262,178.070297,1000.0,0.895681,0.850405,0.0,0.0,0.098744,63047.0,0.142331,0.398977,0.143061,0.281391,-0.029496,0.68511,4.792193,-0.01,-0.6,-0.012,-0.25,-0.36,-1.2,0.500007,-0.039312,-0.001814,0.0,-0.077782,-0.05324,-0.019182,-0.026254,0.866876,-0.040781,-0.098181,-0.020728,-0.036466,1.806478,3.63945,-0.088679,-0.000482,-0.245391,6.083333,0.013328,0.098104,0.130079
263,178.404449,1000.0,0.903982,0.860319,0.041667,0.0,0.098272,65411.0,0.141818,0.392529,0.156712,0.298415,-0.030995,0.737004,4.781266,-0.01,-0.6,-0.012,-0.25,-0.36,-1.2,0.499588,-0.0405,-0.002422,-0.000185,-0.079932,-0.052515,-0.019709,-0.027508,0.875814,-0.041883,-0.103185,-0.021647,-0.037606,1.80747,3.644545,-0.091195,-0.00057,-0.308492,6.125,0.012973,0.102861,0.114947
264,178.523376,1000.0,0.888072,0.862393,0.0,0.0,0.097662,63121.0,0.140168,0.385219,0.139313,0.284392,-0.029406,0.692453,4.793802,-0.01,-0.6,-0.012,-0.25,-0.36,-1.2,0.500007,-0.043549,-0.002395,0.0,-0.0773,-0.051838,-0.019113,-0.027519,0.857533,-0.040949,-0.097973,-0.01983,-0.036697,1.806929,3.680268,-0.090942,-0.00061,-0.216034,4.708333,0.01338,0.092863,0.107131
265,178.104553,998.590027,0.896571,0.852861,0.041667,0.0,0.097187,61173.0,0.140832,0.390668,0.151463,0.302212,-0.031943,0.716542,4.79133,-0.01,-0.6,-0.012,-0.25,-0.36,-1.2,0.499711,-0.044272,-0.001716,-0.000167,-0.080098,-0.052273,-0.020856,-0.02964,0.860041,-0.042938,-0.109604,-0.021238,-0.035238,1.809206,3.654191,-0.096926,-0.00056,-0.261579,5.416667,0.014071,0.098829,0.11551
266,179.822723,1000.0,0.895478,0.865726,0.0,0.0,0.096547,53821.0,0.139431,0.379238,0.152399,0.292011,-0.030131,0.705786,4.781035,-0.01,-0.6,-0.012,-0.25,-0.36,-1.2,0.500007,-0.045299,-0.001684,0.0,-0.076587,-0.050518,-0.018401,-0.027837,0.859064,-0.041891,-0.103575,-0.019102,-0.03619,1.814468,3.701318,-0.091477,-0.000581,-0.261358,4.875,0.013405,0.087084,0.112579
267,178.544022,991.52002,0.893203,0.845147,0.083333,0.0,0.096105,62608.0,0.138923,0.390151,0.154635,0.301748,-0.031374,0.727757,4.759615,-0.01,-0.6,-0.012,-0.25,-0.36,-1.2,0.497641,-0.047419,-0.00223,-0.000446,-0.080977,-0.050574,-0.019706,-0.029598,0.872546,-0.044055,-0.11197,-0.020799,-0.037755,1.804476,3.6528,-0.097205,-0.000467,-0.258047,5.25,0.013077,0.095055,0.104543
268,177.516495,1000.0,0.896809,0.871396,0.0,0.0,0.09543,65237.0,0.141857,0.388177,0.150444,0.291482,-0.030767,0.698514,4.7687,-0.01,-0.6,-0.012,-0.25,-0.36,-1.2,0.500007,-0.048726,-0.002342,0.0,-0.079701,-0.050683,-0.020077,-0.029769,0.863155,-0.045429,-0.112586,-0.021114,-0.036504,1.808775,3.673219,-0.097455,-0.00055,-0.262803,4.541667,0.015589,0.101338,0.122299
269,177.780716,1000.0,0.892753,0.856736,0.0,0.0,0.095056,66093.0,0.141816,0.384418,0.154879,0.301501,-0.030983,0.723311,4.765673,-0.01,-0.6,-0.012,-0.25,-0.36,-1.2,0.500007,-0.050447,-0.001852,0.0,-0.079522,-0.049967,-0.019335,-0.030117,0.868573,-0.044934,-0.111211,-0.020913,-0.036917,1.809222,3.695339,-0.097967,-0.000722,-0.324082,4.434783,0.013809,0.094559,0.11935
270,179.138626,1000.0,0.888073,0.852142,0.0,0.0,0.094305,61692.0,0.137404,0.378801,0.152911,0.294281,-0.02983,0.728965,4.742358,-0.01,-0.6,-0.012,-0.25,-0.36,-1.2,0.500007,-0.052767,-0.001697,0.0,-0.076592,-0.048447,-0.018346,-0.029557,0.874508,-0.043476,-0.103814,-0.018619,-0.037195,1.828489,3.730616,-0.095446,-0.000886,-0.297554,3.666667,0.013773,0.089632,0.112198
271,178.736801,1000.0,0.887437,0.862894,0.0,0.0,0.093653,55949.0,0.139215,0.377102,0.159655,0.288649,-0.029517,0.71627,4.704199,-0.01,-0.6,-0.012,-0.25,-0.36,-1.2,0.500007,-0.051458,-0.001374,0.0,-0.076518,-0.048929,-0.018846,-0.029845,0.876404,-0.045122,-0.115582,-0.017992,-0.036183,1.814712,3.722286,-0.096183,-0.000401,-0.245962,4.043478,0.014045,0.08686,0.110498
272,178.233109,1000.0,0.887393,0.847947,0.0,0.0,0.093111,60331.0,0.143643,0.385036,0.161106,0.301377,-0.030601,0.740779,4.747828,-0.01,-0.6,-0.012,-0.25,-0.36,-1.2,0.500007,-0.053847,-0.001864,0.0,-0.081964,-0.048596,-0.018944,-0.030849,0.873556,-0.047017,-0.120025,-0.019917,-0.040027,1.809822,3.705086,-0.097831,-0.000847,-0.336155,3.708333,0.013252,0.083664,0.100399
273,177.876953,1000.0,0.900984,0.858572,0.0,0.0,0.092615,66052.0,0.137116,0.372874,0.151979,0.30098,-0.031197,0.732641,4.682386,-0.01,-0.6,-0.012,-0.25,-0.36,-1.2,0.500007,-0.058223,-0.002473,0.0,-0.079089,-0.04727,-0.018848,-0.031319,0.872379,-0.045899,-0.112115,-0.019505,-0.0384,1.816852,3.745796,-0.101035,-0.00048,-0.311405,3.25,0.013068,0.096686,0.115261
274,175.869553,1000.0,0.864593,0.836024,0.0,0.0,0.092067,68714.0,0.1384,0.381253,0.152432,0.296203,-0.030431,0.721786,4.690903,-0.01,-0.6,-0.012,-0.25,-0.36,-1.2,0.500007,-0.060359,-0.001773,0.0,-0.077225,-0.047456,-0.018611,-0.031787,0.865425,-0.045506,-0.106515,-0.019192,-0.035657,1.801155,3.754732,-0.102497,-0.000639,-0.430104,3.0,0.01436,0.095882,0.129989
275,178.98201,1000.0,0.893864,0.856531,0.0,0.0,0.091715,68015.0,0.134485,0.367063,0.149967,0.290139,-0.029192,0.709328,4.674012,-0.01,-0.6,-0.012,-0.25,-0.36,-1.2,0.500007,-0.061316,-0.001559,0.0,-0.071997,-0.045609,-0.018125,-0.030546,0.868452,-0.045685,-0.111178,-0.018451,-0.03475,1.818787,3.793431,-0.100129,-0.00077,-0.314725,3.545455,0.012921,0.096278,0.098191
276,179.30423,1000.0,0.903217,0.854129,0.0,0.0,0.090875,65639.0,0.132325,0.363476,0.147539,0.259917,-0.025969,0.658652,4.700054,-0.01,-0.6,-0.012,-0.25,-0.36,-1.2,0.500007,-0.061791,-0.001376,0.0,-0.062112,-0.044509,-0.016155,-0.029496,0.849016,-0.04524,-0.106682,-0.01531,-0.028472,1.835869,3.820892,-0.094259,-0.000547,-0.235494,2.55,0.016449,0.099623,0.137591
277,180.098938,1000.0,0.88535,0.853981,0.0,0.0,0.090465,56170.0,0.136741,0.372333,0.164139,0.313014,-0.031799,0.756149,4.679367,-0.01,-0.6,-0.012,-0.25,-0.36,-1.2,0.500007,-0.062069,-0.001289,0.0,-0.078061,-0.04659,-0.019768,-0.032716,0.869748,-0.048625,-0.126515,-0.018896,-0.034969,1.816228,3.754033,-0.106124,-0.00066,-0.271718,2.863636,0.014307,0.090968,0.105745
278,181.045151,1000.0,0.882359,0.833821,0.0,0.0,0.090173,64538.0,0.138554,0.365816,0.174455,0.312719,-0.03103,0.758754,4.688705,-0.01,-0.6,-0.012,-0.25,-0.36,-1.2,0.500007,-0.061912,-0.00081,0.0,-0.0779,-0.044995,-0.01811,-0.031737,0.878555,-0.048753,-0.13147,-0.017134,-0.035214,1.817553,3.794702,-0.104481,-0.000858,-0.267629,3.238095,0.014388,0.103004,0.1124
279,180.373932,1000.0,0.874538,0.850963,0.0,0.0,0.08966,62153.0,0.137436,0.366197,0.156982,0.275953,-0.02785,0.684321,4.664403,-0.01,-0.6,-0.012,-0.25,-0.36,-1.2,0.500007,-0.066009,-0.001966,0.0,-0.07301,-0.044248,-0.01741,-0.032515,0.861909,-0.049793,-0.124357,-0.016897,-0.033488,1.819553,3.793409,-0.102518,-0.000615,-0.234166,2.625,0.014135,0.113469,0.12845
280,179.484085,994.840027,0.881664,0.830094,0.043478,0.0,0.089275,64712.0,0.134994,0.367129,0.142868,0.275738,-0.028491,0.684253,4.706325,-0.01,-0.6,-0.012,-0.25,-0.36,-1.2,0.49626,-0.070188,-0.002439,-0.00058,-0.071715,-0.042859,-0.017153,-0.032687,0.849091,-0.049523,-0.113,-0.020149,-0.033937,1.802959,3.765098,-0.102022,-0.000673,-0.205254,3.652174,0.015385,0.11126,0.111212
281,177.906067,984.97998,0.888828,0.823902,0.045455,0.0,0.088849,64872.0,0.132162,0.355383,0.146721,0.287481,-0.028463,0.727554,4.697504,-0.01,-0.6,-0.012,-0.25,-0.36,-1.2,0.494399,-0.072973,-0.002155,-0.000455,-0.074703,-0.042588,-0.017479,-0.033361,0.860754,-0.049444,-0.115549,-0.017688,-0.036874,1.806293,3.770283,-0.102292,-0.00078,-0.352519,2.818182,0.012491,0.097455,0.132847
282,178.813583,1000.0,0.882395,0.841152,0.0,0.0,0.088611,54557.0,0.133472,0.360178,0.137193,0.296308,-0.029963,0.74048,4.647498,-0.01,-0.6,-0.012,-0.25,-0.36,-1.2,0.500007,-0.079802,-0.003476,0.0,-0.079255,-0.042346,-0.018146,-0.035246,0.866656,-0.049376,-0.114021,-0.020226,-0.039927,1.821698,3.837183,-0.107735,-0.000821,-0.362958,2.909091,0.015515,0.115946,0.159436
283,179.733398,1000.0,0.882937,0.861505,0.0,0.0,0.088301,60472.0,0.132108,0.361636,0.159186,0.301238,-0.03013,0.727905,4.699182,-0.01,-0.6,-0.012,-0.25,-0.36,-1.2,0.500007,-0.074088,-0.00073,0.0,-0.073154,-0.043071,-0.018341,-0.035063,0.863854,-0.050853,-0.124802,-0.017249,-0.032082,1.815176,3.839581,-0.112051,-0.000747,-0.35342,2.913043,0.015934,0.10085,0.091851
284,179.05957,1000.0,0.876869,0.86007,0.0,0.0,0.087755,57412.0,0.135409,0.358611,0.151475,0.277423,-0.027695,0.681439,4.706559,-0.01,-0.6,-0.012,-0.25,-0.36,-1.2,0.500007,-0.071234,-0.000977,0.0,-0.070493,-0.042572,-0.017649,-0.034554,0.857657,-0.051779,-0.139606,-0.01673,-0.032444,1.820803,3.83345,-0.108834,-0.000623,-0.256699,3.291667,0.013537,0.091803,0.120505
285,181.243713,1000.0,0.884811,0.838443,0.0,0.0,0.087475,66699.0,0.128151,0.351288,0.145414,0.271078,-0.026757,0.678505,4.663321,-0.01,-0.6,-0.012,-0.25,-0.36,-1.2,0.500007,-0.079052,-0.000814,0.0,-0.06429,-0.040676,-0.01581,-0.032274,0.863325,-0.047143,-0.106262,-0.015196,-0.030304,1.835737,3.911223,-0.103425,-0.000781,-0.269039,3.0,0.012516,0.104148,0.096634
286,180.041534,1000.0,0.884591,0.84696,0.0,0.0,0.087132,65046.0,0.129652,0.355596,0.158122,0.297401,-0.029999,0.738716,4.67135,-0.01,-0.6,-0.012,-0.25,-0.36,-1.2,0.500007,-0.077418,-0.001118,0.0,-0.073158,-0.041497,-0.017294,-0.034978,0.868634,-0.051244,-0.123266,-0.016208,-0.033998,1.82389,3.864446,-0.111689,-0.000629,-0.383547,2.913043,0.013373,0.096541,0.117392
287,179.656601,1000.0,0.893663,0.845531,0.0,0.0,0.087039,54412.0,0.135775,0.355479,0.156162,0.301203,-0.030365,0.724484,4.67548,-0.01,-0.6,-0.012,-0.25,-0.36,-1.2,0.500007,-0.078859,-0.001466,0.0,-0.072442,-0.041459,-0.017707,-0.035848,0.864985,-0.05327,-0.133008,-0.017515,-0.033933,1.799965,3.850514,-0.115346,-0.000914,-0.226847,2.695652,0.015721,0.075831,0.13571
288,179.647339,1000.0,0.895293,0.841181,0.0,0.0,0.086687,58134.0,0.134464,0.35349,0.158392,0.284939,-0.028342,0.718706,4.667294,-0.01,-0.6,-0.012,-0.25,-0.36,-1.2,0.500007,-0.079568,-0.001281,0.0,-0.072117,-0.040646,-0.017254,-0.03623,0.877775,-0.053448,-0.142703,-0.01648,-0.034553,1.822484,3.859654,-0.109303,-0.001219,-0.341692,3.083333,0.012421,0.107913,0.117454
289,180.551086,1000.0,0.890452,0.842792,0.0,0.0,0.086172,66552.0,0.135647,0.351083,0.172471,0.304747,-0.030409,0.757884,4.6588,-0.01,-0.6,-0.012,-0.25,-0.36,-1.2,0.500007,-0.078617,-0.001047,0.0,-0.074534,-0.040858,-0.018168,-0.037821,0.8788,-0.05465,-0.153768,-0.016979,-0.032403,1.813361,3.864281,-0.115973,-0.001018,-0.307576,3.238095,0.016928,0.086352,0.128449
290,179.531021,1000.0,0.878059,0.843587,0.0,0.0,0.08595,69921.0,0.135157,0.357196,0.172443,0.300585,-0.029449,0.733989,4.672573,-0.01,-0.6,-0.012,-0.25,-0.36,-1.2,0.500007,-0.080363,-0.001004,0.0,-0.071765,-0.040598,-0.017617,-0.038055,0.87324,-0.055257,-0.149888,-0.015637,-0.031207,1.819942,3.862835,-0.116754,-0.000847,-0.431528,3.291667,0.016004,0.115085,0.11915
291,181.157867,1000.0,0.888549,0.85266,0.0,0.0,0.08547,67574.0,0.129123,0.35126,0.163813,0.289855,-0.028605,0.734509,4.688011,-0.01,-0.6,-0.012,-0.25,-0.36,-1.2,0.500007,-0.085448,-0.000684,0.0,-0.066322,-0.039299,-0.016025,-0.035129,0.873528,-0.053465,-0.127929,-0.014931,-0.030249,1.831413,3.905278,-0.112744,-0.001052,-0.26035,24.619047,0.014918,0.101199,0.113165
292,181.247406,1000.0,0.900831,0.86358,0.0,0.0,0.085272,58001.0,0.127279,0.353678,0.147826,0.289891,-0.028635,0.73673,4.684632,-0.01,-0.6,-0.012,-0.25,-0.36,-1.2,0.500007,-0.090841,-0.00142,0.0,-0.068247,-0.038476,-0.016471,-0.035705,0.865014,-0.054192,-0.115142,-0.017282,-0.033141,1.830906,3.890986,-0.112609,-0.000788,-0.335991,4.318182,0.012928,0.101017,0.122452
293,182.151276,1000.0,0.899407,0.846036,0.0,0.0,0.084921,65599.0,0.129909,0.347223,0.158485,0.288366,-0.028391,0.733764,4.674553,-0.01,-0.6,-0.012,-0.25,-0.36,-1.2,0.500007,-0.085939,-0.001234,0.0,-0.068419,-0.038499,-0.016277,-0.036102,0.881676,-0.054413,-0.12983,-0.015847,-0.032059,1.828378,3.90084,-0.111261,-0.001092,-0.320115,7.916667,0.01389,0.098483,0.123236
294,180.799118,1000.0,0.888346,0.839455,0.0,0.0,0.084539,67248.0,0.13005,0.348862,0.159722,0.293931,-0.029378,0.737611,4.630689,-0.01,-0.6,-0.012,-0.25,-0.36,-1.2,0.500007,-0.085743,-0.001627,0.0,-0.071624,-0.038511,-0.016997,-0.037202,0.874441,-0.053758,-0.136216,-0.016063,-0.033151,1.830631,3.902362,-0.113595,-0.000773,-0.374208,9.083334,0.015287,0.099704,0.119983
295,180.779587,1000.0,0.897216,0.844592,0.0,0.0,0.084337,67426.0,0.130219,0.351328,0.149902,0.276763,-0.027599,0.692811,4.694468,-0.01,-0.6,-0.012,-0.25,-0.36,-1.2,0.500007,-0.086005,-0.001035,0.0,-0.068229,-0.037924,-0.016452,-0.036085,0.866989,-0.053627,-0.133782,-0.015934,-0.032971,1.82698,3.903217,-0.110247,-0.00078,-0.327441,7.833333,0.014255,0.097454,0.111017
296,180.856583,1000.0,0.88885,0.844636,0.0,0.0,0.084111,69178.0,0.126993,0.34038,0.155407,0.286071,-0.028504,0.711919,4.680876,-0.01,-0.6,-0.012,-0.25,-0.36,-1.2,0.500007,-0.086838,-0.001031,0.0,-0.068239,-0.037232,-0.016463,-0.035844,0.867389,-0.051539,-0.126836,-0.015681,-0.030936,1.830013,3.944736,-0.110525,-0.000718,-0.289721,8.166667,0.014157,0.103235,0.126289
297,183.945847,1000.0,0.88037,0.846583,0.0,0.0,0.08375,63180.0,0.12942,0.342455,0.169757,0.295971,-0.029023,0.743881,4.66908,-0.01,-0.6,-0.012,-0.25,-0.36,-1.2,0.500007,-0.083933,-0.001241,0.0,-0.069623,-0.03736,-0.016711,-0.036078,0.874714,-0.052336,-0.134356,-0.015194,-0.03113,1.828343,3.93004,-0.111007,-0.000832,-0.321069,6.791667,0.01322,0.093877,0.117666
298,183.896408,1000.0,0.899201,0.852035,0.0,0.0,0.083354,55825.0,0.129513,0.344199,0.157115,0.287961,-0.02824,0.722853,4.656878,-0.01,-0.6,-0.012,-0.25,-0.36,-1.2,0.500007,-0.086269,-0.001341,0.0,-0.069133,-0.037016,-0.016719,-0.036333,0.876816,-0.052274,-0.130186,-0.01616,-0.032121,1.830102,3.923804,-0.110162,-0.000754,-0.266658,6.875,0.014214,0.092535,0.112777
299,184.04071,1000.0,0.884949,0.852616,0.0,0.0,0.083107,63137.0,0.12806,0.340085,0.17081,0.300358,-0.029555,0.752583,4.662231,-0.01,-0.6,-0.012,-0.25,-0.36,-1.2,0.500007,-0.084473,-0.001059,0.0,-0.069222,-0.036915,-0.016702,-0.035997,0.877753,-0.051197,-0.129696,-0.0152,-0.030619,1.827144,3.94675,-0.111211,-0.000861,-0.318645,7.0,0.016544,0.096465,0.114967
300,183.180969,1000.0,0.892477,0.853974,0.041667,0.0,0.082696,63948.0,0.128646,0.34024,0.161674,0.284977,-0.028455,0.701371,4.68673,-0.01,-0.6,-0.012,-0.25,-0.36,-1.2,0.499564,-0.083283,-0.001183,-0.000208,-0.066955,-0.036344,-0.016535,-0.035733,0.869086,-0.051601,-0.131435,-0.015215,-0.029646,1.822385,3.942938,-0.109195,-0.000855,-0.22024,6.375,0.014926,0.092752,0.101397
301,184.682953,1000.0,0.881732,0.841975,0.0,0.0,0.08229,64082.0,0.128942,0.339206,0.160027,0.294469,-0.028583,0.743529,4.659971,-0.01,-0.6,-0.012,-0.25,-0.36,-1.2,0.500007,-0.086728,-0.00126,0.0,-0.069624,-0.036095,-0.016091,-0.035714,0.873018,-0.051018,-0.125204,-0.01498,-0.033139,1.825286,3.944905,-0.108449,-0.000847,-0.305692,6.625,0.015186,0.086753,0.12809
302,181.74118,1000.0,0.896187,0.852642,0.0,0.0,0.081836,61396.0,0.12706,0.335209,0.155914,0.281911,-0.02747,0.711731,4.653351,-0.01,-0.6,-0.012,-0.25,-0.36,-1.2,0.500007,-0.085258,-0.000951,0.0,-0.065762,-0.035601,-0.016255,-0.035456,0.870171,-0.050179,-0.125496,-0.01509,-0.030334,1.832708,3.963389,-0.106387,-0.000923,-0.333314,7.833333,0.015257,0.098843,0.119899
303,186.169006,1000.0,0.891862,0.853541,0.0,0.0,0.081561,53129.0,0.127174,0.33678,0.166699,0.288295,-0.028304,0.735652,4.672914,-0.01,-0.6,-0.012,-0.25,-0.36,-1.2,0.500007,-0.083724,-0.000993,0.0,-0.067625,-0.03558,-0.016237,-0.034954,0.877973,-0.049845,-0.126425,-0.01476,-0.031152,1.830347,3.965538,-0.106145,-0.000882,-0.235288,6.333333,0.013018,0.095853,0.106413
304,181.792297,1000.0,0.896315,0.844299,0.0,0.0,0.081127,58126.0,0.129104,0.336817,0.16788,0.294193,-0.028894,0.753656,4.646193,-0.01,-0.6,-0.012,-0.25,-0.36,-1.2,0.500007,-0.082325,-0.001341,0.0,-0.069361,-0.03543,-0.016396,-0.035615,0.876664,-0.050742,-0.132875,-0.015096,-0.030662,1.825687,3.956164,-0.106388,-0.00084,-0.36965,5.916667,0.014052,0.113133,0.133966
305,183.060593,994.710022,0.890864,0.847358,0.083333,0.0,0.080739,64735.0,0.124487,0.328378,0.158958,0.283791,-0.027943,0.708545,4.700124,-0.01,-0.6,-0.012,-0.25,-0.36,-1.2,0.498192,-0.084619,-0.000874,-0.000486,-0.064849,-0.034776,-0.015938,-0.034935,0.862965,-0.048493,-0.124448,-0.01416,-0.029244,1.832994,3.978405,-0.106683,-0.000952,-0.295304,5.666667,0.014415,0.102528,0.125762
306,182.944061,1000.0,0.876088,0.845661,0.0,0.0,0.080279,64875.0,0.126922,0.340723,0.16345,0.286087,-0.0277,0.73871,4.656634,-0.01,-0.6,-0.012,-0.25,-0.36,-1.2,0.500007,-0.082289,-0.000784,0.0,-0.068269,-0.034707,-0.015379,-0.034524,0.87919,-0.049528,-0.131568,-0.014014,-0.032492,1.838805,3.968621,-0.102092,-0.001012,-0.312083,5.0,0.013904,0.094905,0.123082
307,183.746689,994.27002,0.89005,0.840024,0.041667,0.0,0.080068,66291.0,0.127062,0.326921,0.1612,0.275066,-0.025843,0.709693,4.682025,-0.01,-0.6,-0.012,-0.25,-0.36,-1.2,0.498298,-0.082147,-0.000935,-0.000238,-0.063306,-0.033604,-0.014625,-0.032981,0.872715,-0.048109,-0.120271,-0.013581,-0.03026,1.825128,3.98543,-0.098026,-0.000802,-0.319102,4.666667,0.01467,0.115188,0.128675
308,185.988388,1000.0,0.895183,0.850963,0.0,0.0,0.07946,54721.0,0.125865,0.331732,0.167686,0.285757,-0.027014,0.725115,4.63122,-0.01,-0.6,-0.012,-0.25,-0.36,-1.2,0.500007,-0.081313,-0.00098,0.0,-0.063227,-0.033814,-0.015121,-0.033508,0.871066,-0.048074,-0.127327,-0.013338,-0.028359,1.840156,3.994829,-0.101174,-0.000723,-0.220779,5.458333,0.015245,0.088944,0.1097
309,184.477509,1000.0,0.885874,0.836942,0.0,0.0,0.079141,58568.0,0.125512,0.328417,0.167232,0.300108,-0.028829,0.753944,4.63599,-0.01,-0.6,-0.012,-0.25,-0.36,-1.2,0.500007,-0.085804,-0.001347,0.0,-0.065732,-0.033873,-0.016288,-0.034438,0.878309,-0.047887,-0.12037,-0.014435,-0.028698,1.829704,4.00319,-0.105146,-0.000772,-0.344412,4.958333,0.013303,0.100681,0.123811
310,186.789612,1000.0,0.888005,0.840085,0.0,0.0,0.078736,59714.0,0.125349,0.326618,0.166246,0.285048,-0.027723,0.734726,4.651968,-0.01,-0.6,-0.012,-0.25,-0.36,-1.2,0.500007,-0.08295,-0.000854,0.0,-0.065602,-0.033503,-0.015387,-0.033842,0.880268,-0.047337,-0.123516,-0.013878,-0.030039,1.836839,4.009001,-0.101249,-0.000951,-0.232774,4.391304,0.014148,0.110717,0.124167
311,184.389938,1000.0,0.896473,0.84702,0.0,0.0,0.078432,64045.0,0.124037,0.329325,0.158795,0.28313,-0.027134,0.728113,4.632664,-0.01,-0.6,-0.012,-0.25,-0.36,-1.2,0.500007,-0.086222,-0.001408,0.0,-0.063053,-0.032921,-0.015592,-0.034052,0.871235,-0.046588,-0.116466,-0.014504,-0.029776,1.844251,4.015658,-0.100339,-0.000928,-0.310425,4.375,0.015162,0.10473,0.105725
312,183.254227,1000.0,0.881582,0.84347,0.0,0.0,0.078323,60246.0,0.126296,0.333032,0.176438,0.300807,-0.029182,0.775783,4.658107,-0.01,-0.6,-0.012,-0.25,-0.36,-1.2,0.500007,-0.082899,-0.000897,0.0,-0.068972,-0.03356,-0.016009,-0.034761,0.883182,-0.047322,-0.125784,-0.014098,-0.030284,1.826134,4.003294,-0.104445,-0.000952,-0.549542,3.791667,0.01438,0.106889,0.133473
313,184.240631,994.179993,0.882213,0.842738,0.043478,0.0,0.078162,57870.0,0.122937,0.323933,0.164342,0.285445,-0.027605,0.721967,4.663752,-0.01,-0.6,-0.012,-0.25,-0.36,-1.2,0.495782,-0.082674,-0.000679,-0.00058,-0.064448,-0.032725,-0.015595,-0.033997,0.863093,-0.046026,-0.122186,-0.013088,-0.028354,1.819047,3.993505,-0.100625,-0.000632,-0.290809,4.086957,0.01484,0.090232,0.106494
314,183.565979,994.179993,0.893786,0.835733,0.0,0.0,0.077891,66741.0,0.12217,0.316054,0.156589,0.273059,-0.026562,0.710466,4.63693,-0.01,-0.6,-0.012,-0.25,-0.36,-1.2,0.500007,-0.083828,-0.001885,0.0,-0.060516,-0.03186,-0.014852,-0.032642,0.869409,-0.045421,-0.115714,-0.013372,-0.027988,1.843147,4.049362,-0.097585,-0.000803,-0.375765,3.333333,0.01343,0.106963,0.110618
315,183.670761,999.359985,0.886868,0.834484,0.041667,0.0,0.077415,68460.0,0.12394,0.324794,0.157926,0.279528,-0.026347,0.708955,4.642141,-0.01,-0.6,-0.012,-0.25,-0.36,-1.2,0.499781,-0.084865,-0.001564,-0.000278,-0.063068,-0.032008,-0.015017,-0.032923,0.867444,-0.045971,-0.115987,-0.013813,-0.027555,1.834257,4.032974,-0.09803,-0.000634,-0.341591,3.458333,0.013403,0.120977,0.120294
316,183.28447,1000.0,0.867128,0.818001,0.0,0.0,0.077208,65578.0,0.12856,0.332394,0.170235,0.300659,-0.030496,0.740916,4.663223,-0.01,-0.6,-0.012,-0.25,-0.36,-1.2,0.500007,-0.081846,-0.00066,0.0,-0.070573,-0.033312,-0.017846,-0.037159,0.878266,-0.050469,-0.137639,-0.015667,-0.031503,1.830711,3.970912,-0.108959,-0.000573,-0.274874,2.818182,0.016896,0.077958,0.120839
317,183.469376,1000.0,0.881578,0.821599,0.0,0.0,0.077004,65113.0,0.125828,0.324531,0.173636,0.306697,-0.029199,0.787366,4.638806,-0.01,-0.6,-0.012,-0.25,-0.36,-1.2,0.500007,-0.085141,-0.000874,0.0,-0.068385,-0.031877,-0.015685,-0.034086,0.884942,-0.046201,-0.11819,-0.014511,-0.0314,1.824569,4.027229,-0.100686,-0.000956,-0.471082,3.285714,0.013287,0.103873,0.126766
318,183.049896,1000.0,0.887629,0.838796,0.0,0.0,0.076711,58889.0,0.121876,0.331087,0.15594,0.282579,-0.026778,0.724347,4.634504,-0.01,-0.6,-0.012,-0.25,-0.36,-1.2,0.500007,-0.086108,-0.000655,0.0,-0.064737,-0.031664,-0.015048,-0.032995,0.872809,-0.044906,-0.118282,-0.013593,-0.031967,1.842819,4.037741,-0.097334,-0.000881,-0.34856,2.681818,0.01679,0.08912,0.100016
319,185.300201,1000.0,0.88711,0.833194,0.0,0.0,0.076356,61365.0,0.121687,0.318855,0.156067,0.290917,-0.028172,0.737931,4.646123,-0.01,-0.6,-0.012,-0.25,-0.36,-1.2,0.500007,-0.086058,-0.000906,0.0,-0.064024,-0.031298,-0.015085,-0.032684,0.867272,-0.044354,-0.113863,-0.014403,-0.030798,1.837045,4.054946,-0.098488,-0.001159,-0.29148,3.227273,0.016281,0.112923,0.14752
320,185.631592,1000.0,0.880708,0.805754,0.0,0.0,0.076253,73872.0,0.126599,0.327837,0.169335,0.30512,-0.029312,0.753833,4.668921,-0.01,-0.6,-0.012,-0.25,-0.36,-1.2,0.500007,-0.082717,-0.000563,0.0,-0.067012,-0.032075,-0.016039,-0.033739,0.876367,-0.048557,-0.131049,-0.01434,-0.030373,1.826853,4.002834,-0.103296,-0.000831,-0.294546,2.619048,0.017455,0.090805,0.117082
321,185.376526,1000.0,0.882043,0.839735,0.0,0.0,0.07587,72476.0,0.123508,0.320983,0.146378,0.263376,-0.025455,0.670788,4.640662,-0.01,-0.6,-0.012,-0.25,-0.36,-1.2,0.500007,-0.087784,-0.000825,0.0,-0.059391,-0.030294,-0.014354,-0.032262,0.848747,-0.043817,-0.106253,-0.013402,-0.027226,1.824606,4.06873,-0.09416,-0.000554,-0.234368,3.26087,0.014633,0.098457,0.11642
322,186.570389,1000.0,0.893275,0.829103,0.0,0.0,0.075726,73123.0,0.124536,0.321736,0.172297,0.287502,-0.027919,0.729317,4.612995,-0.01,-0.6,-0.012,-0.25,-0.36,-1.2,0.500007,-0.081294,-0.000874,0.0,-0.063653,-0.031127,-0.015297,-0.032925,0.878064,-0.045396,-0.121807,-0.01243,-0.027841,1.837467,4.045602,-0.098214,-0.000682,-0.363065,3.347826,0.012714,0.08818,0.117742
323,185.698364,1000.0,0.905676,0.859164,0.0,0.0,0.075706,72813.0,0.121188,0.319255,0.167173,0.281252,-0.027676,0.709237,4.6363,-0.01,-0.6,-0.012,-0.25,-0.36,-1.2,0.500007,-0.081445,-0.00076,0.0,-0.061803,-0.030619,-0.014973,-0.032208,0.871889,-0.043965,-0.114354,-0.013189,-0.026121,1.841397,4.067747,-0.098144,-0.000819,-0.352817,2.869565,0.0135,0.090154,0.101233
324,183.152374,1000.0,0.883395,0.836864,0.0,0.0,0.075373,65360.0,0.123682,0.317804,0.165779,0.283457,-0.027914,0.747284,4.635452,-0.01,-0.6,-0.012,-0.25,-0.36,-1.2,0.500007,-0.083328,-0.001609,0.0,-0.065153,-0.030333,-0.01505,-0.033546,0.886183,-0.043029,-0.115754,-0.013521,-0.03065,1.834757,4.073645,-0.096337,-0.000753,-0.536772,2.772727,0.014723,0.083661,0.114872
325,183.047043,1000.0,0.891837,0.830043,0.0,0.0,0.07516,72208.0,0.119176,0.313045,0.154061,0.274753,-0.026707,0.721551,4.641417,-0.01,-0.6,-0.012,-0.25,-0.36,-1.2,0.500007,-0.084837,-0.000808,0.0,-0.062207,-0.029797,-0.014723,-0.032745,0.877715,-0.04249,-0.111208,-0.014408,-0.030343,1.851808,4.086198,-0.093428,-0.000567,-0.338726,3.130435,0.013314,0.09698,0.121367
326,185.249191,1000.0,0.882578,0.834667,0.0,0.0,0.074935,74368.0,0.125295,0.317418,0.163312,0.289973,-0.027795,0.731204,4.633541,-0.01,-0.6,-0.012,-0.25,-0.36,-1.2,0.500007,-0.082783,-0.001336,0.0,-0.06475,-0.030419,-0.015267,-0.03287,0.875165,-0.044279,-0.129761,-0.013597,-0.030585,1.829097,4.063683,-0.09682,-0.000601,-0.348688,3.272727,0.01519,0.101834,0.118674
327,187.421494,1000.0,0.901818,0.843764,0.0,0.0,0.074916,74100.0,0.12202,0.309807,0.163586,0.275848,-0.026802,0.726254,4.638099,-0.01,-0.6,-0.012,-0.25,-0.36,-1.2,0.500007,-0.081628,-0.001086,0.0,-0.06175,-0.029311,-0.014695,-0.031838,0.872581,-0.042706,-0.116381,-0.012632,-0.028321,1.839514,4.097063,-0.091283,-0.001044,-0.236154,3.090909,0.013536,0.095742,0.109717
328,185.584976,1000.0,0.872831,0.828722,0.0,0.0,0.074961,71506.0,0.123541,0.313649,0.159329,0.285499,-0.027953,0.710885,4.618904,-0.01,-0.6,-0.012,-0.25,-0.36,-1.2,0.500007,-0.084283,-0.000887,0.0,-0.063314,-0.030647,-0.016533,-0.034799,0.855906,-0.044353,-0.126827,-0.014571,-0.027467,1.823081,4.067096,-0.099322,-0.000725,-0.366067,2.625,0.014968,0.092698,0.125475
329,185.284256,1000.0,0.899746,0.819573,0.0,0.0,0.074699,72861.0,0.122407,0.31519,0.154188,0.280258,-0.027933,0.70736,4.60621,-0.01,-0.6,-0.012,-0.25,-0.36,-1.2,0.500007,-0.086613,-0.000992,0.0,-0.061604,-0.030168,-0.015729,-0.033906,0.865166,-0.042313,-0.112426,-0.012936,-0.0272,1.830373,4.093745,-0.098815,-0.000637,-0.293022,2.869565,0.014102,0.108261,0.137353
330,184.453094,1000.0,0.885101,0.841099,0.0,0.0,0.074574,66765.0,0.124107,0.313766,0.172123,0.29418,-0.02805,0.74254,4.599913,-0.01,-0.6,-0.012,-0.25,-0.36,-1.2,0.500007,-0.080864,-0.001276,0.0,-0.063519,-0.029854,-0.016293,-0.03332,0.878263,-0.044388,-0.126628,-0.013802,-0.026463,1.82938,4.066075,-0.097814,-0.000624,-0.518697,3.285714,0.013134,0.097654,0.110564
331,187.445419,1000.0,0.891862,0.822455,0.0,0.0,0.074459,71019.0,0.12067,0.309712,0.178136,0.299351,-0.028942,0.767901,4.607822,-0.01,-0.6,-0.012,-0.25,-0.36,-1.2,0.500007,-0.082442,-0.000588,0.0,-0.066269,-0.029265,-0.015571,-0.033371,0.88803,-0.042069,-0.123288,-0.012984,-0.02826,1.837054,4.105976,-0.09617,-0.000936,-0.46376,2.791667,0.01599,0.082759,0.115731
332,188.544418,1000.0,0.887865,0.824871,0.0,0.0,0.074437,73123.0,0.120469,0.3112,0.159712,0.271194,-0.026076,0.707596,4.639637,-0.01,-0.6,-0.012,-0.25,-0.36,-1.2,0.500007,-0.080618,-0.000697,0.0,-0.059971,-0.028669,-0.014315,-0.031745,0.874771,-0.041737,-0.118457,-0.012902,-0.026578,1.846309,4.105095,-0.090799,-0.000702,-0.217519,3.434783,0.015379,0.095498,0.100546
333,188.052917,1000.0,0.904738,0.834236,0.0,0.0,0.074242,77206.0,0.124527,0.308133,0.185232,0.297542,-0.02813,0.738341,4.605185,-0.01,-0.6,-0.012,-0.25,-0.36,-1.2,0.500007,-0.079448,-0.001006,0.0,-0.063329,-0.029188,-0.015396,-0.032846,0.881956,-0.041264,-0.116683,-0.011739,-0.024822,1.831553,4.111606,-0.095943,-0.000619,-0.278835,25.550001,0.011398,0.117623,0.107782
334,187.37442,1000.0,0.899094,0.843529,0.0,0.0,0.073927,70708.0,0.119424,0.310187,0.162003,0.293717,-0.02884,0.762057,4.605257,-0.01,-0.6,-0.012,-0.25,-0.36,-1.2,0.500007,-0.086441,-0.000738,0.0,-0.065169,-0.028983,-0.015631,-0.033185,0.879817,-0.041561,-0.103105,-0.014245,-0.029588,1.840901,4.103705,-0.097167,-0.000722,-0.364406,5.666667,0.01424,0.122894,0.123235
335,188.356552,1000.0,0.89593,0.847074,0.0,0.0,0.073809,70398.0,0.120548,0.306917,0.163234,0.285654,-0.027323,0.731829,4.642508,-0.01,-0.6,-0.012,-0.25,-0.36,-1.2,0.500007,-0.08363,-0.001073,0.0,-0.061873,-0.028438,-0.014616,-0.03216,0.876737,-0.040928,-0.109984,-0.013657,-0.027356,1.836707,4.117265,-0.093125,-0.000628,-0.291763,8.25,0.013668,0.088571,0.099426
336,188.332489,1000.0,0.898197,0.84836,0.0,0.0,0.073665,62210.0,0.119998,0.313276,0.170476,0.288287,-0.027818,0.752726,4.637884,-0.01,-0.6,-0.012,-0.25,-0.36,-1.2,0.500007,-0.083578,-0.00064,0.0,-0.061812,-0.028497,-0.01474,-0.032162,0.880905,-0.041336,-0.11109,-0.013192,-0.026389,1.837809,4.109617,-0.093689,-0.000664,-0.299814,8.708334,0.013701,0.096883,0.114442
337,189.30722,1000.0,0.88555,0.830466,0.083333,0.0,0.073337,69207.0,0.120926,0.306621,0.162757,0.284442,-0.027836,0.719478,4.594595,-0.01,-0.6,-0.012,-0.25,-0.36,-1.2,0.498612,-0.083118,-0.000737,-0.000342,-0.061667,-0.028366,-0.015227,-0.032681,0.86955,-0.040532,-0.112436,-0.012978,-0.026664,1.831048,4.112152,-0.094641,-0.00062,-0.282775,9.083334,0.015064,0.111692,0.137603
338,188.568115,1000.0,0.885348,0.846848,0.0,0.0,0.073128,70031.0,0.119384,0.305628,0.164335,0.284223,-0.02705,0.742682,4.650291,-0.01,-0.6,-0.012,-0.25,-0.36,-1.2,0.500007,-0.084486,-0.000596,0.0,-0.060851,-0.027785,-0.014013,-0.031059,0.881035,-0.039621,-0.105883,-0.012495,-0.027499,1.839767,4.139065,-0.09046,-0.000756,-0.343082,6.833333,0.01452,0.089992,0.114626
339,189.738708,1000.0,0.89199,0.83925,0.0,0.0,0.073037,69886.0,0.120087,0.303028,0.16954,0.285197,-0.027394,0.733009,4.613611,-0.01,-0.6,-0.012,-0.25,-0.36,-1.2,0.500007,-0.082271,-0.000658,0.0,-0.060307,-0.027792,-0.014801,-0.032391,0.87753,-0.039649,-0.112604,-0.012328,-0.02544,1.841341,4.142025,-0.092831,-0.000612,-0.263401,6.625,0.013557,0.084142,0.111155
340,186.527542,1000.0,0.899741,0.840176,0.0,0.0,0.072919,69653.0,0.123614,0.309879,0.181133,0.301475,-0.028755,0.775986,4.62542,-0.01,-0.6,-0.012,-0.25,-0.36,-1.2,0.500007,-0.081867,-0.001019,0.0,-0.063955,-0.028263,-0.015232,-0.032582,0.888378,-0.041214,-0.117019,-0.013058,-0.02697,1.82669,4.113627,-0.094885,-0.00087,-0.362048,7.083333,0.013783,0.104962,0.104402
341,189.090622,1000.0,0.882717,0.838966,0.0,0.0,0.072586,70390.0,0.122017,0.307861,0.171157,0.296918,-0.028757,0.774531,4.620551,-0.01,-0.6,-0.012,-0.25,-0.36,-1.2,0.500007,-0.08336,-0.000782,0.0,-0.06374,-0.027984,-0.015368,-0.032654,0.886155,-0.040892,-0.111151,-0.013835,-0.028758,1.827083,4.117979,-0.094622,-0.00071,-0.372273,6.958333,0.014579,0.098191,0.121491
342,187.322159,1000.0,0.867832,0.824613,0.0,0.0,0.072391,61616.0,0.120334,0.304811,0.169151,0.294586,-0.02819,0.763369,4.615601,-0.01,-0.6,-0.012,-0.25,-0.36,-1.2,0.500007,-0.083635,-0.000852,0.0,-0.063745,-0.027748,-0.015015,-0.032578,0.879966,-0.040491,-0.113767,-0.013484,-0.029368,1.838058,4.127433,-0.093476,-0.00067,-0.341181,6.166667,0.01606,0.111523,0.125496
343,189.515289,1000.0,0.886895,0.840638,0.0,0.0,0.072106,71192.0,0.119456,0.30154,0.160653,0.277426,-0.026483,0.715454,4.629574,-0.01,-0.6,-0.012,-0.25,-0.36,-1.2,0.500007,-0.081755,-0.000726,0.0,-0.058659,-0.027512,-0.014575,-0.031395,0.87001,-0.04016,-0.109808,-0.012741,-0.026026,1.841308,4.135321,-0.091037,-0.000521,-0.256085,6.791667,0.01355,0.103234,0.13167
344,188.328964,1000.0,0.881755,0.830361,0.0,0.0,0.071998,70500.0,0.11971,0.298484,0.17292,0.291589,-0.027783,0.752747,4.638009,-0.01,-0.6,-0.012,-0.25,-0.36,-1.2,0.500007,-0.083299,-0.000952,0.0,-0.060757,-0.027296,-0.014768,-0.031667,0.878528,-0.038914,-0.106434,-0.011967,-0.025408,1.834971,4.155696,-0.091565,-0.000656,-0.352459,7.416667,0.014493,0.111381,0.117049
345,188.37677,1000.0,0.894777,0.825691,0.0,0.0,0.071815,70513.0,0.121419,0.302024,0.170804,0.28759,-0.026957,0.735717,4.610287,-0.01,-0.6,-0.012,-0.25,-0.36,-1.2,0.500007,-0.081581,-0.00099,0.0,-0.061849,-0.02711,-0.014535,-0.031869,0.880759,-0.03966,-0.115428,-0.012276,-0.026627,1.837974,4.141847,-0.090484,-0.000628,-0.312377,6.291667,0.014733,0.101124,0.112215
346,188.888596,1000.0,0.895696,0.842857,0.0,0.0,0.071601,71396.0,0.118348,0.30075,0.177568,0.294809,-0.027778,0.75888,4.62997,-0.01,-0.6,-0.012,-0.25,-0.36,-1.2,0.500007,-0.081671,-0.001002,0.0,-0.062198,-0.027285,-0.01491,-0.031422,0.883139,-0.03901,-0.115618,-0.012424,-0.025533,1.84283,4.152703,-0.091354,-0.000644,-0.350178,5.958333,0.014226,0.095096,0.124879
347,187.409439,1000.0,0.889903,0.839012,0.0,0.0,0.071382,71193.0,0.117193,0.302553,0.161306,0.278605,-0.027182,0.73266,4.649339,-0.01,-0.6,-0.012,-0.25,-0.36,-1.2,0.500007,-0.0837,-0.000753,0.0,-0.059188,-0.026669,-0.014043,-0.031432,0.87466,-0.037923,-0.104339,-0.012237,-0.026678,1.844428,4.163324,-0.088665,-0.000616,-0.359088,5.458333,0.016583,0.114961,0.129213
348,189.723679,1000.0,0.895081,0.831452,0.0,0.0,0.071048,60627.0,0.11803,0.299529,0.1659,0.27789,-0.026586,0.734341,4.620282,-0.01,-0.6,-0.012,-0.25,-0.36,-1.2,0.500007,-0.082544,-0.000946,0.0,-0.060366,-0.026476,-0.013904,-0.030863,0.876457,-0.038292,-0.106123,-0.01273,-0.02766,1.842782,4.166483,-0.087842,-0.000576,-0.273655,5.666667,0.013648,0.1002,0.122625
349,188.719177,1000.0,0.882436,0.832737,0.0,0.0,0.070904,70388.0,0.116923,0.294965,0.174069,0.278721,-0.025734,0.727684,4.586675,-0.01,-0.6,-0.012,-0.25,-0.36,-1.2,0.500007,-0.079831,-0.000644,0.0,-0.056953,-0.026295,-0.013795,-0.029844,0.87487,-0.037211,-0.107786,-0.011225,-0.024065,1.851332,4.182783,-0.086335,-0.000634,-0.312727,4.375,0.013952,0.090611,0.118817
350,190.829773,1000.0,0.889859,0.829267,0.0,0.0,0.070753,71257.0,0.116783,0.302009,0.154206,0.271373,-0.026295,0.706324,4.583335,-0.01,-0.6,-0.012,-0.25,-0.36,-1.2,0.500007,-0.084277,-0.001427,0.0,-0.058694,-0.02604,-0.013895,-0.03068,0.866393,-0.037104,-0.101622,-0.012359,-0.025591,1.840536,4.171216,-0.088077,-0.000682,-0.214442,5.708333,0.013416,0.098651,0.095952
351,189.038544,1000.0,0.885135,0.832221,0.0,0.0,0.070447,66191.0,0.122595,0.300157,0.177725,0.298598,-0.027999,0.78031,4.598797,-0.01,-0.6,-0.012,-0.25,-0.36,-1.2,0.500007,-0.080783,-0.000802,0.0,-0.063955,-0.026797,-0.015231,-0.032322,0.886264,-0.039453,-0.118579,-0.012309,-0.027656,1.832883,4.147847,-0.091112,-0.000575,-0.389679,4.25,0.015084,0.083703,0.112335
352,188.392899,1000.0,0.887154,0.848849,0.0,0.0,0.070145,71220.0,0.119979,0.298175,0.174599,0.302522,-0.029291,0.777893,4.575437,-0.01,-0.6,-0.012,-0.25,-0.36,-1.2,0.500007,-0.082867,-0.0009,0.0,-0.064702,-0.027075,-0.015446,-0.032792,0.882087,-0.039328,-0.113381,-0.013266,-0.027706,1.839581,4.152025,-0.094072,-0.000694,-0.34949,4.652174,0.013763,0.098929,0.113422
353,187.447601,1000.0,0.887467,0.84492,0.0,0.0,0.069981,60897.0,0.119438,0.294736,0.162944,0.286594,-0.027689,0.747997,4.593694,-0.01,-0.6,-0.012,-0.25,-0.36,-1.2,0.500007,-0.085187,-0.000641,0.0,-0.062239,-0.02638,-0.014726,-0.032364,0.881165,-0.038025,-0.107437,-0.012966,-0.026945,1.834498,4.170806,-0.090632,-0.000583,-0.37365,3.958333,0.015279,0.099119,0.124942
354,189.259293,1000.0,0.889201,0.830457,0.0,0.0,0.069761,69252.0,0.116439,0.296274,0.167675,0.273809,-0.025533,0.717103,4.566114,-0.01,-0.6,-0.012,-0.25,-0.36,-1.2,0.500007,-0.079569,-0.000894,0.0,-0.057683,-0.025946,-0.014011,-0.03057,0.877455,-0.037831,-0.110053,-0.012034,-0.024171,1.851048,4.175883,-0.085362,-0.000466,-0.246916,3.875,0.013866,0.088861,0.122945
355,189.245941,1000.0,0.873041,0.838759,0.0,0.0,0.069664,72586.0,0.118042,0.294102,0.172224,0.282777,-0.027242,0.748888,4.579425,-0.01,-0.6,-0.012,-0.25,-0.36,-1.2,0.500007,-0.080104,-0.000679,0.0,-0.061265,-0.026514,-0.014671,-0.031298,0.8834,-0.038912,-0.110307,-0.012175,-0.026539,1.844856,4.162652,-0.089267,-0.000688,-0.300691,3.826087,0.013674,0.098123,0.134959
356,191.481155,1000.0,0.891014,0.821275,0.0,0.0,0.06938,71198.0,0.114326,0.289727,0.166577,0.284622,-0.027253,0.748536,4.552011,-0.01,-0.6,-0.012,-0.25,-0.36,-1.2,0.500007,-0.083179,-0.00069,0.0,-0.060856,-0.025693,-0.01425,-0.031331,0.866997,-0.036016,-0.102476,-0.011683,-0.02615,1.855282,4.201967,-0.088949,-0.000479,-0.309341,3.5,0.014151,0.102794,0.152221
357,188.825623,995.039978,0.882179,0.822862,0.041667,0.0,0.069334,70856.0,0.12258,0.296953,0.16594,0.287338,-0.027173,0.743334,4.551381,-0.01,-0.6,-0.012,-0.25,-0.36,-1.2,0.497418,-0.083757,-0.001362,-0.000417,-0.062127,-0.025781,-0.014787,-0.031221,0.879315,-0.039362,-0.102711,-0.013782,-0.027155,1.817507,4.13355,-0.088061,-0.000583,-0.275391,3.333333,0.015033,0.10879,0.131095
358,191.82988,1000.0,0.883019,0.836848,0.0,0.0,0.069239,74415.0,0.114495,0.290483,0.16271,0.273669,-0.026213,0.740247,4.574014,-0.01,-0.6,-0.012,-0.25,-0.36,-1.2,0.500007,-0.083723,-0.000788,0.0,-0.057781,-0.025047,-0.013017,-0.030183,0.873607,-0.036461,-0.103067,-0.012551,-0.026469,1.849423,4.199091,-0.083604,-0.000516,-0.280848,2.954545,0.015431,0.091006,0.112305
359,190.681107,1000.0,0.881302,0.832298,0.0,0.0,0.069041,66424.0,0.115203,0.29883,0.154848,0.284798,-0.026894,0.736663,4.588075,-0.01,-0.6,-0.012,-0.25,-0.36,-1.2,0.500007,-0.085208,-0.001118,0.0,-0.059597,-0.025944,-0.014319,-0.032094,0.867005,-0.036789,-0.103006,-0.012896,-0.026381,1.843083,4.182945,-0.089897,-0.000835,-0.363205,2.75,0.01297,0.084467,0.109671
360,189.546173,995.359985,0.865492,0.826297,0.043478,0.0,0.068826,72963.0,0.111503,0.295107,0.159224,0.275339,-0.026661,0.704647,4.583043,-0.01,-0.6,-0.012,-0.25,-0.36,-1.2,0.496637,-0.082161,-0.000655,-0.00058,-0.05779,-0.025198,-0.01411,-0.030456,0.856754,-0.036487,-0.101956,-0.012004,-0.024182,1.840989,4.159098,-0.08857,-0.000493,-0.24597,3.0,0.013875,0.100033,0.136889
361,190.884293,1000.0,0.882778,0.82751,0.0,0.0,0.06862,75983.0,0.115351,0.290912,0.15918,0.281077,-0.027089,0.748237,4.557294,-0.01,-0.6,-0.012,-0.25,-0.36,-1.2,0.500007,-0.083768,-0.001088,0.0,-0.05891,-0.02504,-0.013867,-0.030199,0.876997,-0.036792,-0.098074,-0.013134,-0.026322,1.846716,4.192692,-0.086628,-0.000414,-0.259553,3.0,0.014114,0.100298,0.122386
362,190.49588,1000.0,0.878062,0.837803,0.0,0.0,0.068516,74770.0,0.118189,0.290458,0.17235,0.280568,-0.026094,0.707816,4.558611,-0.01,-0.6,-0.012,-0.25,-0.36,-1.2,0.500007,-0.07821,-0.000704,0.0,-0.056527,-0.025619,-0.014095,-0.030092,0.876158,-0.036505,-0.10757,-0.010515,-0.023146,1.841173,4.203829,-0.086906,-0.000543,-0.257967,2.681818,0.014257,0.086541,0.106651
363,188.6763,1000.0,0.891264,0.851358,0.0,0.0,0.06856,72103.0,0.116016,0.29609,0.165599,0.285187,-0.026858,0.748445,4.586691,-0.01,-0.6,-0.012,-0.25,-0.36,-1.2,0.500007,-0.083523,-0.001163,0.0,-0.061033,-0.025366,-0.014343,-0.030692,0.881934,-0.03839,-0.103742,-0.012583,-0.026686,1.841938,4.171277,-0.086988,-0.000579,-0.377517,3.652174,0.013195,0.096533,0.108418
364,191.316254,1000.0,0.888727,0.829733,0.0,0.0,0.068396,74161.0,0.113162,0.28677,0.164141,0.25526,-0.023577,0.705499,4.586938,-0.01,-0.6,-0.012,-0.25,-0.36,-1.2,0.500007,-0.078271,-0.000575,0.0,-0.053316,-0.024225,-0.011934,-0.028226,0.888273,-0.034903,-0.098438,-0.01033,-0.025266,1.868573,4.22231,-0.077395,-0.00062,-0.249886,3.136364,0.015381,0.095468,0.123928
365,192.165863,1000.0,0.901537,0.839371,0.0,0.0,0.068303,62871.0,0.115289,0.281619,0.171943,0.28821,-0.027565,0.782293,4.599076,-0.01,-0.6,-0.012,-0.25,-0.36,-1.2,0.500007,-0.082965,-0.000477,0.0,-0.059251,-0.024818,-0.013769,-0.030579,0.883218,-0.035364,-0.096748,-0.010844,-0.02506,1.841766,4.224715,-0.08641,-0.000458,-0.307369,2.826087,0.016533,0.109713,0.129058
366,190.194916,1000.0,0.893532,0.829319,0.0,0.0,0.068219,73880.0,0.11759,0.297723,0.161545,0.27297,-0.026738,0.712163,4.592243,-0.01,-0.6,-0.012,-0.25,-0.36,-1.2,0.500007,-0.078759,-0.000948,0.0,-0.060179,-0.025547,-0.014555,-0.03092,0.876838,-0.038488,-0.110351,-0.012533,-0.025588,1.84458,4.163859,-0.087102,-0.00057,-0.310626,2.636364,0.014096,0.081515,0.120292
367,188.779984,1000.0,0.872867,0.839425,0.0,0.0,0.068118,69617.0,0.118036,0.294961,0.162077,0.278665,-0.026569,0.695779,4.584623,-0.01,-0.6,-0.012,-0.25,-0.36,-1.2,0.500007,-0.079786,-0.000678,0.0,-0.058685,-0.025484,-0.014731,-0.031919,0.864338,-0.037399,-0.118395,-0.010919,-0.024544,1.835888,4.185659,-0.089407,-0.000649,-0.277051,3.458333,0.016121,0.100955,0.1179
368,187.540955,1000.0,0.880884,0.842043,0.0,0.0,0.067809,74311.0,0.120933,0.2839,0.168225,0.270865,-0.024972,0.718668,4.597621,-0.01,-0.6,-0.012,-0.25,-0.36,-1.2,0.500007,-0.078822,-0.000606,0.0,-0.056631,-0.024773,-0.013439,-0.03051,0.877116,-0.03587,-0.108736,-0.011122,-0.022639,1.834222,4.213804,-0.083395,-0.000682,-0.536688,2.909091,0.012761,0.090627,0.108249
369,187.680664,1000.0,0.898038,0.840135,0.0,0.0,0.067751,73622.0,0.112667,0.284797,0.170592,0.283744,-0.026919,0.769719,4.570398,-0.01,-0.6,-0.012,-0.25,-0.36,-1.2,0.500007,-0.082552,-0.000487,0.0,-0.057685,-0.024564,-0.013592,-0.030342,0.883926,-0.034843,-0.105449,-0.010937,-0.026188,1.860203,4.229397,-0.084245,-0.001303,-0.488505,3.0,0.011272,0.086737,0.093236
370,186.411758,1000.0,0.889583,0.815809,0.0,0.0,0.067758,71831.0,0.115215,0.284441,0.162974,0.282113,-0.026724,0.749793,4.606255,-0.01,-0.6,-0.012,-0.25,-0.36,-1.2,0.500007,-0.082811,-0.000988,0.0,-0.060903,-0.024488,-0.014063,-0.030913,0.883921,-0.035273,-0.110568,-0.012282,-0.028593,1.847247,4.21892,-0.085603,-0.000748,-0.564855,2.875,0.013888,0.111708,0.128636
371,190.879089,1000.0,0.886651,0.809488,0.0,0.0,0.067574,61847.0,0.112087,0.281787,0.171454,0.28353,-0.026801,0.752518,4.577362,-0.01,-0.6,-0.012,-0.25,-0.36,-1.2,0.500007,-0.081882,-0.00052,0.0,-0.056322,-0.024541,-0.014284,-0.030051,0.880324,-0.035098,-0.091961,-0.011271,-0.023742,1.85578,4.22686,-0.08683,-0.000455,-0.20482,2.565217,0.013172,0.101583,0.111359
372,191.103195,1000.0,0.895264,0.829043,0.0,0.0,0.067443,76675.0,0.111394,0.281309,0.143539,0.255885,-0.024819,0.684237,4.559009,-0.01,-0.6,-0.012,-0.25,-0.36,-1.2,0.500007,-0.085788,-0.000416,0.0,-0.054073,-0.023717,-0.012561,-0.028556,0.8618,-0.033451,-0.091044,-0.011133,-0.026292,1.851595,4.25359,-0.080615,-0.000489,-0.307768,3.333333,0.015431,0.107613,0.114895
373,188.633362,1000.0,0.898181,0.818127,0.0,0.0,0.067295,71472.0,0.112334,0.280609,0.158789,0.269801,-0.025608,0.729449,4.545247,-0.01,-0.6,-0.012,-0.25,-0.36,-1.2,0.500007,-0.081643,-0.001275,0.0,-0.05769,-0.02394,-0.013092,-0.029753,0.883651,-0.03478,-0.098214,-0.011722,-0.026494,1.855465,4.232061,-0.081816,-0.000639,-0.436601,3.291667,0.013178,0.085701,0.123344
374,192.163773,1000.0,0.898859,0.833395,0.0,0.0,0.067192,74409.0,0.115576,0.279599,0.178528,0.29134,-0.026423,0.76963,4.556325,-0.01,-0.6,-0.012,-0.25,-0.36,-1.2,0.500007,-0.080658,-0.000917,0.0,-0.05964,-0.023802,-0.013309,-0.028784,0.884936,-0.03537,-0.099966,-0.011721,-0.025827,1.845437,4.230026,-0.082938,-0.000493,-0.337101,3.181818,0.013195,0.106827,0.123504
375,191.797028,1000.0,0.895532,0.83585,0.0,0.0,0.067104,76944.0,0.115186,0.275177,0.169508,0.270486,-0.025139,0.731121,4.552152,-0.01,-0.6,-0.012,-0.25,-0.36,-1.2,0.500007,-0.080304,-0.000673,0.0,-0.055163,-0.023615,-0.012927,-0.029277,0.882361,-0.034205,-0.101138,-0.011076,-0.023615,1.846202,4.247799,-0.080996,-0.000597,-0.358772,24.619047,0.015116,0.091385,0.114858
376,192.371948,1000.0,0.890505,0.84206,0.0,0.0,0.066966,69812.0,0.117251,0.284999,0.170835,0.282019,-0.027098,0.740719,4.550028,-0.01,-0.6,-0.012,-0.25,-0.36,-1.2,0.500007,-0.079782,-0.000913,0.0,-0.058883,-0.024137,-0.014021,-0.030786,0.881665,-0.035134,-0.105218,-0.011445,-0.024404,1.837858,4.2284,-0.085645,-0.000576,-0.237942,7.583333,0.012903,0.096506,0.108401
377,191.732086,1000.0,0.901228,0.843512,0.0,0.0,0.067006,61637.0,0.112769,0.281238,0.164003,0.27336,-0.026248,0.730999,4.545369,-0.01,-0.6,-0.012,-0.25,-0.36,-1.2,0.500007,-0.080539,-0.000697,0.0,-0.057374,-0.023867,-0.013656,-0.030375,0.883732,-0.034658,-0.099111,-0.01145,-0.024204,1.85397,4.235662,-0.083519,-0.000524,-0.3241,8.333334,0.015148,0.08977,0.118297
378,191.714005,1000.0,0.893257,0.838978,0.0,0.0,0.06692,71152.0,0.113054,0.28391,0.161894,0.275544,-0.026418,0.730898,4.516526,-0.01,-0.6,-0.012,-0.25,-0.36,-1.2,0.500007,-0.080983,-0.000963,0.0,-0.058208,-0.02384,-0.013747,-0.030527,0.874246,-0.034793,-0.101059,-0.011796,-0.024915,1.851825,4.23215,-0.083859,-0.000564,-0.243359,8.5,0.015122,0.103121,0.123905
379,192.286438,1000.0,0.894514,0.83652,0.0,0.0,0.06681,71122.0,0.113827,0.284566,0.168631,0.281688,-0.026976,0.748969,4.525781,-0.01,-0.6,-0.012,-0.25,-0.36,-1.2,0.500007,-0.081302,-0.00073,0.0,-0.058199,-0.023867,-0.013721,-0.030064,0.879617,-0.035383,-0.097747,-0.011529,-0.024327,1.85005,4.225305,-0.084762,-0.000639,-0.29515,8.333334,0.013882,0.09439,0.112299
380,190.329941,1000.0,0.893872,0.840537,0.0,0.0,0.066749,70707.0,0.112725,0.27908,0.164731,0.27482,-0.026179,0.730568,4.533535,-0.01,-0.6,-0.012,-0.25,-0.36,-1.2,0.500007,-0.082167,-0.000729,0.0,-0.055783,-0.02336,-0.013199,-0.029423,0.877069,-0.033746,-0.093444,-0.011519,-0.024048,1.849819,4.250802,-0.082016,-0.000563,-0.300699,6.958333,0.013504,0.098133,0.107428
381,191.872086,1000.0,0.884162,0.821508,0.0,0.0,0.066792,71068.0,0.117322,0.284461,0.173455,0.29336,-0.02754,0.761076,4.534601,-0.01,-0.6,-0.012,-0.25,-0.36,-1.2,0.500007,-0.080349,-0.000637,0.0,-0.060657,-0.024109,-0.014063,-0.031163,0.882003,-0.035702,-0.102914,-0.011847,-0.024794,1.837751,4.217912,-0.086778,-0.00061,-0.31018,6.458333,0.011808,0.087821,0.116239
382,192.05925,1000.0,0.899514,0.844816,0.0,0.0,0.066624,71861.0,0.115718,0.281869,0.18149,0.30045,-0.027887,0.761937,4.530191,-0.01,-0.6,-0.012,-0.25,-0.36,-1.2,0.500007,-0.07974,-0.001043,0.0,-0.059917,-0.023951,-0.014419,-0.030629,0.883554,-0.034582,-0.10816,-0.011324,-0.02353,1.838335,4.235693,-0.087254,-0.000563,-0.366576,7.208333,0.014687,0.095811,0.106971
383,193.088013,1000.0,0.889069,0.832347,0.0,0.0,0.066455,62357.0,0.114204,0.280281,0.165684,0.280937,-0.026129,0.741525,4.508389,-0.01,-0.6,-0.012,-0.25,-0.36,-1.2,0.500007,-0.079962,-0.000841,0.0,-0.058463,-0.023827,-0.014052,-0.030757,0.877093,-0.035179,-0.107523,-0.01145,-0.02502,1.849106,4.232365,-0.083985,-0.000622,-0.27687,6.666667,0.013376,0.112601,0.129386
384,191.440887,1000.0,0.887994,0.843962,0.0,0.0,0.066225,71278.0,0.112289,0.276374,0.171956,0.285402,-0.026541,0.750831,4.511277,-0.01,-0.6,-0.012,-0.25,-0.36,-1.2,0.500007,-0.08067,-0.000737,0.0,-0.057617,-0.023423,-0.013611,-0.029389,0.883264,-0.034336,-0.098078,-0.010861,-0.024341,1.853807,4.247529,-0.083378,-0.000704,-0.387234,6.041667,0.014258,0.090917,0.11697
385,192.716629,1000.0,0.890345,0.833313,0.0,0.0,0.065919,71061.0,0.113009,0.280844,0.170081,0.280011,-0.026433,0.751125,4.530408,-0.01,-0.6,-0.012,-0.25,-0.36,-1.2,0.500007,-0.080141,-0.000727,0.0,-0.057295,-0.023202,-0.013321,-0.029281,0.886155,-0.034025,-0.10055,-0.011501,-0.024485,1.851665,4.245173,-0.081634,-0.000557,-0.31022,7.625,0.014637,0.106913,0.121536
386,192.948685,1000.0,0.891607,0.826878,0.0,0.0,0.065737,71825.0,0.114522,0.278508,0.174508,0.301142,-0.028724,0.770371,4.528182,-0.01,-0.6,-0.012,-0.25,-0.36,-1.2,0.500007,-0.082528,-0.00122,0.0,-0.060518,-0.023908,-0.015105,-0.031363,0.877413,-0.035245,-0.105035,-0.01234,-0.024019,1.841115,4.233387,-0.088392,-0.000527,-0.299964,6.875,0.014243,0.098165,0.113302
387,189.38855,1000.0,0.893191,0.836969,0.0,0.0,0.065497,71513.0,0.111024,0.276564,0.161938,0.274353,-0.025511,0.711664,4.515734,-0.01,-0.6,-0.012,-0.25,-0.36,-1.2,0.500007,-0.081082,-0.000336,0.0,-0.05631,-0.023262,-0.013715,-0.029806,0.878178,-0.033864,-0.099034,-0.011017,-0.022826,1.847899,4.253562,-0.08272,-0.000542,-0.386604,6.083333,0.014184,0.09845,0.117384
388,193.808914,1000.0,0.892383,0.834585,0.0,0.0,0.06538,71143.0,0.111266,0.281067,0.168329,0.276425,-0.02576,0.729925,4.472367,-0.01,-0.6,-0.012,-0.25,-0.36,-1.2,0.500007,-0.080281,-0.000677,0.0,-0.05569,-0.023202,-0.013308,-0.02929,0.882064,-0.033402,-0.09696,-0.010095,-0.023194,1.857861,4.253958,-0.081295,-0.000556,-0.232044,6.208333,0.01263,0.094413,0.118873
389,193.393005,1000.0,0.893243,0.832719,0.0,0.0,0.065194,55480.0,0.112196,0.280106,0.176511,0.28691,-0.027798,0.763972,4.52261,-0.01,-0.6,-0.012,-0.25,-0.36,-1.2,0.500007,-0.078474,-0.00049,0.0,-0.060752,-0.023025,-0.013645,-0.029942,0.886923,-0.033783,-0.103245,-0.011205,-0.025461,1.851089,4.247509,-0.082759,-0.000673,-0.263264,4.75,0.012238,0.104387,0.117379
390,192.268967,1000.0,0.88258,0.835682,0.0,0.0,0.06505,61222.0,0.114537,0.277718,0.164943,0.278005,-0.026279,0.734347,4.493494,-0.01,-0.6,-0.012,-0.25,-0.36,-1.2,0.500007,-0.081317,-0.00092,0.0,-0.056437,-0.022953,-0.013564,-0.029682,0.878162,-0.033973,-0.096795,-0.011053,-0.024062,1.841283,4.254252,-0.081547,-0.000504,-0.275013,5.375,0.015507,0.105502,0.113537
391,193.832397,1000.0,0.898261,0.835952,0.0,0.0,0.064832,63412.0,0.111527,0.277839,0.153269,0.268612,-0.025618,0.725356,4.481174,-0.01,-0.6,-0.012,-0.25,-0.36,-1.2,0.500007,-0.0844,-0.000902,0.0,-0.05643,-0.022681,-0.013196,-0.029416,0.884646,-0.033532,-0.090044,-0.011462,-0.025156,1.846058,4.256206,-0.080705,-0.000518,-0.270626,4.916667,0.015559,0.109625,0.130762
392,191.20874,1000.0,0.881541,0.832793,0.0,0.0,0.064675,62923.0,0.110637,0.274194,0.164285,0.277064,-0.026253,0.740837,4.517019,-0.01,-0.6,-0.012,-0.25,-0.36,-1.2,0.500007,-0.081189,-0.000639,0.0,-0.056705,-0.022692,-0.013192,-0.029781,0.877703,-0.033182,-0.094375,-0.011111,-0.024282,1.854329,4.267118,-0.081193,-0.000529,-0.37737,5.333333,0.014794,0.098821,0.129449
393,190.783264,1000.0,0.887163,0.825552,0.0,0.0,0.064549,68185.0,0.111708,0.278878,0.165368,0.27412,-0.025777,0.718089,4.475841,-0.01,-0.6,-0.012,-0.25,-0.36,-1.2,0.500007,-0.080144,-0.000785,0.0,-0.056488,-0.022514,-0.013254,-0.029207,0.882862,-0.033016,-0.092084,-0.01103,-0.025305,1.848655,4.263961,-0.081212,-0.00052,-0.329525,4.541667,0.01294,0.097208,0.130241
394,190.615875,1000.0,0.892845,0.816524,0.0,0.0,0.064463,63179.0,0.109436,0.275639,0.158434,0.27502,-0.02655,0.731152,4.519159,-0.01,-0.6,-0.012,-0.25,-0.36,-1.2,0.500007,-0.083276,-0.000537,0.0,-0.057114,-0.022613,-0.013646,-0.029479,0.878759,-0.033408,-0.096286,-0.011633,-0.02532,1.857129,4.260985,-0.080768,-0.000565,-0.369079,4.434783,0.013493,0.106423,0.111186
395,192.064697,1000.0,0.892529,0.825384,0.0,0.0,0.064282,71671.0,0.112178,0.276125,0.164666,0.27289,-0.026323,0.733238,4.521835,-0.01,-0.6,-0.012,-0.25,-0.36,-1.2,0.500007,-0.082143,-0.000633,0.0,-0.054922,-0.02237,-0.013148,-0.029391,0.87622,-0.032199,-0.091853,-0.010499,-0.023187,1.845962,4.279195,-0.080914,-0.000528,-0.297582,3.666667,0.014336,0.097346,0.12649
396,190.54512,1000.0,0.872076,0.819145,0.0,0.0,0.064152,73994.0,0.112121,0.274566,0.163278,0.272499,-0.026293,0.734462,4.496922,-0.01,-0.6,-0.012,-0.25,-0.36,-1.2,0.500007,-0.081771,-0.000576,0.0,-0.056222,-0.022393,-0.013382,-0.029254,0.880429,-0.033028,-0.095554,-0.010737,-0.024209,1.846785,4.26693,-0.079379,-0.000523,-0.324004,4.043478,0.016577,0.116885,0.124553
397,191.460876,1000.0,0.885419,0.82406,0.0,0.0,0.063978,71420.0,0.1079,0.272122,0.157915,0.261629,-0.02457,0.695754,4.490437,-0.01,-0.6,-0.012,-0.25,-0.36,-1.2,0.500007,-0.080298,-0.000849,0.0,-0.053857,-0.021986,-0.012756,-0.028712,0.877658,-0.032061,-0.090201,-0.010127,-0.023098,1.862432,4.284716,-0.077943,-0.000547,-0.358392,3.75,0.015637,0.086522,0.137587
398,191.517731,1000.0,0.884269,0.807789,0.0,0.0,0.063864,69159.0,0.113998,0.277247,0.166822,0.290801,-0.027925,0.778074,4.487514,-0.01,-0.6,-0.012,-0.25,-0.36,-1.2,0.500007,-0.082112,-0.001087,0.0,-0.060487,-0.022622,-0.013845,-0.030304,0.889401,-0.033501,-0.099193,-0.011244,-0.026734,1.850897,4.25653,-0.083504,-0.000599,-0.402632,3.333333,0.013048,0.101498,0.130161
399,193.171906,1000.0,0.887998,0.820578,0.0,0.0,0.063771,73669.0,0.115503,0.275306,0.170662,0.285653,-0.02635,0.745565,4.496872,-0.01,-0.6,-0.012,-0.25,-0.36,-1.2,0.500007,-0.079232,-0.000969,0.0,-0.059852,-0.022366,-0.01369,-0.029997,0.88827,-0.034167,-0.103296,-0.011808,-0.025018,1.840513,4.251765,-0.0806,-0.000586,-0.35882,3.0,0.013441,0.097205,0.102143
400,192.764557,1000.0,0.878877,0.832347,0.0,0.0,0.0637,54810.0,0.111567,0.264577,0.166009,0.26924,-0.025479,0.712923,4.525159,-0.01,-0.6,-0.012,-0.25,-0.36,-1.2,0.500007,-0.0772,-0.001008,0.0,-0.056219,-0.021976,-0.013002,-0.02911,0.873976,-0.031679,-0.100749,-0.010408,-0.024561,1.856416,4.296614,-0.078063,-0.000764,-0.230348,3.545455,0.012432,0.094618,0.12783
401,192.052414,1000.0,0.893235,0.841207,0.0,0.0,0.063706,68006.0,0.113291,0.281871,0.174285,0.296676,-0.028173,0.809767,4.482113,-0.01,-0.6,-0.012,-0.25,-0.36,-1.2,0.500007,-0.081,-0.001112,0.0,-0.061189,-0.022754,-0.013744,-0.030369,0.893598,-0.033288,-0.095104,-0.011684,-0.026964,1.841371,4.254382,-0.083555,-0.000784,-0.541842,2.55,0.01142,0.115728,0.116386
402,189.957321,1000.0,0.888833,0.817581,0.0,0.0,0.063654,65524.0,0.111071,0.273401,0.161588,0.28297,-0.02673,0.735228,4.479185,-0.01,-0.6,-0.012,-0.25,-0.36,-1.2,0.500007,-0.083084,-0.000917,0.0,-0.056266,-0.022672,-0.013771,-0.029867,0.875582,-0.033163,-0.090116,-0.010037,-0.024108,1.855232,4.264468,-0.083205,-0.000552,-0.431514,2.863636,0.014826,0.091319,0.126926
403,192.479721,1000.0,0.903909,0.83367,0.0,0.0,0.06358,63201.0,0.109831,0.270036,0.157265,0.266747,-0.026343,0.728144,4.497826,-0.01,-0.6,-0.012,-0.25,-0.36,-1.2,0.500007,-0.083142,-0.000499,0.0,-0.053841,-0.022008,-0.012996,-0.028949,0.878085,-0.030754,-0.08972,-0.010171,-0.023958,1.850645,4.301357,-0.079099,-0.000511,-0.272579,3.238095,0.012164,0.09312,0.118265
404,192.785263,1000.0,0.894808,0.817039,0.0,0.0,0.06348,57922.0,0.112516,0.273653,0.180151,0.283271,-0.025945,0.759045,4.467333,-0.01,-0.6,-0.012,-0.25,-0.36,-1.2,0.500007,-0.078187,-0.000884,0.0,-0.056846,-0.02204,-0.013336,-0.029112,0.892406,-0.032614,-0.101786,-0.010377,-0.024093,1.850294,4.271303,-0.078745,-0.000559,-0.327343,2.625,0.010005,0.107453,0.103061
405,191.838242,1000.0,0.884427,0.822649,0.0,0.0,0.063413,55798.0,0.107092,0.268678,0.162946,0.267889,-0.025013,0.721024,4.484519,-0.01,-0.6,-0.012,-0.25,-0.36,-1.2,0.500007,-0.080874,-0.000384,0.0,-0.052413,-0.021547,-0.012274,-0.02769,0.877145,-0.031543,-0.085767,-0.009248,-0.022937,1.860522,4.294763,-0.076576,-0.000603,-0.359759,3.652174,0.016127,0.112212,0.122826
406,192.016296,1000.0,0.889673,0.810461,0.0,0.0,0.063304,66055.0,0.112913,0.275029,0.157844,0.284833,-0.027207,0.745858,4.46059,-0.01,-0.6,-0.012,-0.25,-0.36,-1.2,0.500007,-0.083598,-0.000698,0.0,-0.05772,-0.022295,-0.014587,-0.030245,0.879982,-0.034018,-0.093407,-0.012532,-0.024354,1.839846,4.254956,-0.082884,-0.000534,-0.200258,2.863636,0.013806,0.102114,0.128583
407,192.319489,1000.0,0.880405,0.820314,0.0,0.0,0.063378,69996.0,0.109533,0.27037,0.169591,0.276738,-0.025941,0.743115,4.462391,-0.01,-0.6,-0.012,-0.25,-0.36,-1.2,0.500007,-0.079898,-0.00085,0.0,-0.05356,-0.021783,-0.01349,-0.028677,0.877845,-0.032182,-0.09223,-0.011032,-0.020242,1.851753,4.286609,-0.080406,-0.000491,-0.428371,2.909091,0.012794,0.096865,0.122958
408,190.359848,1000.0,0.880038,0.831056,0.0,0.0,0.063354,65484.0,0.111125,0.268075,0.164557,0.276571,-0.026307,0.723486,4.419563,-0.01,-0.6,-0.012,-0.25,-0.36,-1.2,0.500007,-0.079834,-0.000748,0.0,-0.055345,-0.021871,-0.013039,-0.02937,0.875503,-0.030898,-0.094074,-0.009855,-0.022948,1.841197,4.301604,-0.080649,-0.000542,-0.441135,2.913043,0.016134,0.097969,0.118262
409,192.117584,1000.0,0.897123,0.822286,0.0,0.0,0.063211,65783.0,0.1122,0.275004,0.164556,0.286046,-0.027107,0.741076,4.411632,-0.01,-0.6,-0.012,-0.25,-0.36,-1.2,0.500007,-0.080428,-0.000788,0.0,-0.059102,-0.022305,-0.014761,-0.031259,0.881937,-0.034476,-0.109262,-0.012083,-0.025046,1.847171,4.254361,-0.082806,-0.000496,-0.277082,3.25,0.013477,0.098748,0.135569
410,192.601273,1000.0,0.902715,0.820608,0.0,0.0,0.063117,65317.0,0.109462,0.264537,0.182041,0.293255,-0.027165,0.80643,4.41781,-0.01,-0.6,-0.012,-0.25,-0.36,-1.2,0.500007,-0.079531,-0.000895,0.0,-0.059356,-0.021544,-0.013077,-0.028603,0.897965,-0.031224,-0.094348,-0.010688,-0.026304,1.856257,4.304123,-0.079883,-0.000574,-0.470362,3.0,0.012291,0.102513,0.126053
411,194.583649,1000.0,0.896161,0.837254,0.0,0.0,0.063012,61054.0,0.112623,0.268319,0.173132,0.278681,-0.026963,0.748793,4.4204,-0.01,-0.6,-0.012,-0.25,-0.36,-1.2,0.500007,-0.077315,-0.000256,0.0,-0.056087,-0.021551,-0.013046,-0.029239,0.887991,-0.031409,-0.101242,-0.010296,-0.024076,1.849127,4.295051,-0.078156,-0.000486,-0.240846,2.913043,0.012615,0.109681,0.122502
412,194.219711,1000.0,0.87233,0.826989,0.0,0.0,0.062916,69908.0,0.112384,0.263642,0.178846,0.288851,-0.02643,0.762938,4.428953,-0.01,-0.6,-0.012,-0.25,-0.36,-1.2,0.500007,-0.077027,-0.000766,0.0,-0.057224,-0.021453,-0.01343,-0.028962,0.887182,-0.031837,-0.102574,-0.010569,-0.022792,1.848102,4.293074,-0.078632,-0.00045,-0.278073,2.695652,0.011539,0.096709,0.107108
413,194.706406,1000.0,0.906196,0.831528,0.0,0.0,0.062788,69504.0,0.112218,0.264788,0.163117,0.28479,-0.027026,0.74678,4.44231,-0.01,-0.6,-0.012,-0.25,-0.36,-1.2,0.500007,-0.082596,-0.000805,0.0,-0.055699,-0.021498,-0.013312,-0.029931,0.882317,-0.030244,-0.092383,-0.011075,-0.022702,1.836888,4.315381,-0.081339,-0.000519,-0.352667,3.083333,0.013308,0.095303,0.13008
414,193.693573,1000.0,0.893324,0.835574,0.0,0.0,0.062742,74666.0,0.105156,0.257703,0.157705,0.263778,-0.024746,0.732632,4.410272,-0.01,-0.6,-0.012,-0.25,-0.36,-1.2,0.500007,-0.080938,-0.000311,0.0,-0.053678,-0.020356,-0.011161,-0.026414,0.880359,-0.029395,-0.078487,-0.008856,-0.026077,1.860323,4.335311,-0.071789,-0.000517,-0.385887,3.238095,0.013268,0.100266,0.10735
415,193.100525,1000.0,0.885742,0.817812,0.0,0.0,0.062829,71513.0,0.108212,0.263851,0.164462,0.278416,-0.026493,0.761048,4.462856,-0.01,-0.6,-0.012,-0.25,-0.36,-1.2,0.500007,-0.082659,-0.000645,0.0,-0.056496,-0.021037,-0.012563,-0.028591,0.884873,-0.030999,-0.087987,-0.011339,-0.025403,1.861316,4.30476,-0.07782,-0.000505,-0.35708,3.25,0.014601,0.093496,0.122054
416,192.912643,1000.0,0.887112,0.80814,0.0,0.0,0.0628,73585.0,0.111349,0.26967,0.18258,0.27921,-0.026042,0.752367,4.421152,-0.01,-0.6,-0.012,-0.25,-0.36,-1.2,0.500007,-0.075034,-0.000693,0.0,-0.056759,-0.021635,-0.013029,-0.028768,0.889192,-0.032011,-0.099438,-0.009896,-0.022302,1.856927,4.287859,-0.077648,-0.000447,-0.407267,24.619047,0.012299,0.100126,0.104215
417,194.989426,1000.0,0.899152,0.834425,0.0,0.0,0.062873,63149.0,0.108029,0.262215,0.170542,0.292922,-0.028116,0.803408,4.424444,-0.01,-0.6,-0.012,-0.25,-0.36,-1.2,0.500007,-0.08358,-0.000368,0.0,-0.057755,-0.021289,-0.013301,-0.029959,0.892098,-0.030815,-0.089087,-0.010425,-0.025391,1.849666,4.30869,-0.081366,-0.000555,-0.326787,4.318182,0.013851,0.10145,0.12013
418,194.308624,1000.0,0.893609,0.830205,0.0,0.0,0.0627,68216.0,0.108329,0.2679,0.16403,0.275851,-0.026205,0.733761,4.397812,-0.01,-0.6,-0.012,-0.25,-0.36,-1.2,0.500007,-0.080876,-0.000809,0.0,-0.055853,-0.02112,-0.013071,-0.028713,0.880147,-0.030685,-0.088641,-0.010187,-0.023483,1.853635,4.306035,-0.078619,-0.000509,-0.293809,7.916667,0.015123,0.098824,0.120088
419,194.032715,1000.0,0.899059,0.83567,0.0,0.0,0.062572,68051.0,0.108395,0.265224,0.167604,0.272721,-0.025658,0.740489,4.426701,-0.01,-0.6,-0.012,-0.25,-0.36,-1.2,0.500007,-0.079474,-0.00076,0.0,-0.054247,-0.020816,-0.012463,-0.028084,0.884899,-0.030496,-0.090104,-0.010098,-0.023202,1.858091,4.312304,-0.075592,-0.000578,-0.282384,9.041667,0.015607,0.094923,0.128814
420,190.843872,1000.0,0.889308,0.828251,0.0,0.0,0.062542,70659.0,0.109982,0.266627,0.163644,0.280399,-0.026495,0.748386,4.428587,-0.01,-0.6,-0.012,-0.25,-0.36,-1.2,0.500007,-0.081714,-0.00068,0.0,-0.05668,-0.021064,-0.01315,-0.029476,0.881769,-0.030713,-0.090389,-0.010304,-0.02471,1.853702,4.307582,-0.079189,-0.00051,-0.401987,7.875,0.013459,0.093503,0.121157
421,195.590729,1000.0,0.891908,0.83506,0.0,0.0,0.062477,70436.0,0.106698,0.262827,0.166143,0.279568,-0.026251,0.750113,4.408867,-0.01,-0.6,-0.012,-0.25,-0.36,-1.2,0.500007,-0.080811,-0.000445,0.0,-0.055129,-0.020811,-0.012917,-0.028351,0.884692,-0.02982,-0.088351,-0.010307,-0.023042,1.857994,4.323574,-0.077762,-0.000501,-0.326568,8.041667,0.013769,0.111139,0.125141
422,194.529144,1000.0,0.901558,0.834542,0.0,0.0,0.062276,60945.0,0.108602,0.265127,0.165299,0.277326,-0.02594,0.75171,4.402077,-0.01,-0.6,-0.012,-0.25,-0.36,-1.2,0.500007,-0.08191,-0.000822,0.0,-0.054982,-0.020573,-0.012555,-0.028025,0.885011,-0.029905,-0.086853,-0.010133,-0.023841,1.849086,4.321436,-0.076735,-0.000509,-0.339875,6.791667,0.012849,0.096983,0.112787
423,193.301178,1000.0,0.894563,0.81811,0.0,0.0,0.062149,71978.0,0.107596,0.261354,0.159687,0.265696,-0.024855,0.717462,4.414443,-0.01,-0.6,-0.012,-0.25,-0.36,-1.2,0.500007,-0.079743,-0.000778,0.0,-0.053579,-0.020435,-0.012509,-0.028134,0.880939,-0.030239,-0.090294,-0.010678,-0.023528,1.8592,4.321332,-0.074997,-0.00048,-0.269106,6.875,0.013857,0.107409,0.136772
424,193.604156,1000.0,0.894034,0.826958,0.0,0.0,0.062092,70787.0,0.108262,0.263441,0.168504,0.278597,-0.026317,0.748211,4.365329,-0.01,-0.6,-0.012,-0.25,-0.36,-1.2,0.500007,-0.079879,-0.000597,0.0,-0.053524,-0.020735,-0.012766,-0.028097,0.884605,-0.030298,-0.088594,-0.010006,-0.022474,1.854022,4.317525,-0.077066,-0.000465,-0.294198,7.0,0.01338,0.103175,0.11713
425,194.904114,1000.0,0.887726,0.842566,0.0,0.0,0.061873,71741.0,0.107527,0.263405,0.161069,0.266208,-0.025172,0.724161,4.413753,-0.01,-0.6,-0.012,-0.25,-0.36,-1.2,0.500007,-0.080124,-0.000634,0.0,-0.053722,-0.020295,-0.012256,-0.028047,0.883632,-0.029737,-0.089668,-0.010137,-0.023379,1.857625,4.323158,-0.074486,-0.000425,-0.216188,6.416667,0.01361,0.100906,0.128257
426,193.835876,1000.0,0.896552,0.832334,0.0,0.0,0.061658,71267.0,0.112931,0.268401,0.181864,0.300828,-0.027841,0.78052,4.435606,-0.01,-0.6,-0.012,-0.25,-0.36,-1.2,0.500007,-0.077897,-0.001098,0.0,-0.060439,-0.021445,-0.014498,-0.030825,0.890519,-0.031911,-0.105356,-0.011723,-0.023909,1.844038,4.288771,-0.082842,-0.000515,-0.390724,6.625,0.012893,0.096124,0.120222
427,194.396454,1000.0,0.895274,0.830318,0.0,0.0,0.061528,71298.0,0.110247,0.26204,0.172681,0.281597,-0.026345,0.767358,4.446305,-0.01,-0.6,-0.012,-0.25,-0.36,-1.2,0.500007,-0.079073,-0.000668,0.0,-0.05592,-0.020596,-0.012739,-0.028823,0.89013,-0.029637,-0.091709,-0.010051,-0.023778,1.849134,4.326852,-0.076666,-0.000641,-0.337876,7.833333,0.015036,0.102314,0.12562
428,193.435226,1000.0,0.882572,0.830661,0.0,0.0,0.061474,59257.0,0.108894,0.263701,0.161225,0.279253,-0.026846,0.755001,4.482214,-0.01,-0.6,-0.012,-0.25,-0.36,-1.2,0.500007,-0.080176,-0.000688,0.0,-0.057979,-0.020791,-0.013279,-0.029684,0.880313,-0.031156,-0.097871,-0.011269,-0.02601,1.855869,4.307406,-0.078651,-0.000474,-0.341374,6.333333,0.014173,0.102754,0.124332
429,195.562363,1000.0,0.895247,0.834259,0.0,0.0,0.061369,72366.0,0.107273,0.260215,0.169215,0.275826,-0.025801,0.749217,4.451126,-0.01,-0.6,-0.012,-0.25,-0.36,-1.2,0.500007,-0.080198,-0.00068,0.0,-0.053383,-0.020203,-0.012623,-0.028246,0.886877,-0.029289,-0.089938,-0.009959,-0.021968,1.857528,4.335167,-0.075758,-0.000423,-0.286344,5.916667,0.014086,0.105073,0.120448
430,194.047043,1000.0,0.899578,0.820031,0.0,0.0,0.061221,71508.0,0.109339,0.262447,0.170929,0.275927,-0.026436,0.760885,4.472105,-0.01,-0.6,-0.012,-0.25,-0.36,-1.2,0.500007,-0.079227,-0.000684,0.0,-0.056738,-0.020271,-0.012416,-0.028167,0.897292,-0.029219,-0.086864,-0.009632,-0.024809,1.849466,4.330223,-0.075215,-0.000409,-0.370921,5.75,0.013683,0.10428,0.121228
431,195.868408,1000.0,0.899365,0.84059,0.0,0.0,0.061146,71905.0,0.10455,0.254467,0.157812,0.268947,-0.024941,0.72944,4.498564,-0.01,-0.6,-0.012,-0.25,-0.36,-1.2,0.500007,-0.081817,-0.000698,0.0,-0.052681,-0.019579,-0.012251,-0.027374,0.881648,-0.028403,-0.085085,-0.009866,-0.023507,1.860582,4.353462,-0.072876,-0.000418,-0.253351,5.0,0.014904,0.095457,0.130582
432,195.598419,1000.0,0.883498,0.83636,0.0,0.0,0.061016,71704.0,0.106826,0.25297,0.161201,0.267059,-0.024942,0.7118,4.487008,-0.01,-0.6,-0.012,-0.25,-0.36,-1.2,0.500007,-0.07961,-0.000494,0.0,-0.054304,-0.019788,-0.012068,-0.027898,0.878115,-0.027794,-0.085771,-0.009575,-0.023674,1.854324,4.364181,-0.07387,-0.000571,-0.246889,4.708333,0.013517,0.093289,0.113331
433,194.235443,1000.0,0.892123,0.822282,0.0,0.0,0.060765,71613.0,0.107066,0.261563,0.161091,0.269836,-0.025689,0.730649,4.485384,-0.01,-0.6,-0.012,-0.25,-0.36,-1.2,0.500007,-0.079426,-0.000667,0.0,-0.054657,-0.020311,-0.012661,-0.028791,0.883568,-0.029349,-0.090096,-0.009651,-0.022421,1.85185,4.332708,-0.076614,-0.000374,-0.287623,5.458333,0.01542,0.09818,0.125999
434,195.423447,1000.0,0.88764,0.829009,0.0,0.0,0.060559,60774.0,0.112112,0.263729,0.173222,0.280674,-0.026174,0.758927,4.468856,-0.01,-0.6,-0.012,-0.25,-0.36,-1.2,0.500007,-0.078198,-0.000839,0.0,-0.055883,-0.020401,-0.013083,-0.028714,0.891847,-0.030232,-0.094879,-0.009829,-0.023837,1.843219,4.316725,-0.076209,-0.000604,-0.276213,4.958333,0.014433,0.110314,0.127439
435,195.015549,1000.0,0.895638,0.814951,0.0,0.0,0.060439,74119.0,0.109263,0.264431,0.173801,0.28699,-0.027188,0.774182,4.453905,-0.01,-0.6,-0.012,-0.25,-0.36,-1.2,0.500007,-0.079953,-0.001059,0.0,-0.058008,-0.020485,-0.013404,-0.029418,0.889351,-0.030095,-0.093566,-0.01053,-0.024448,1.852064,4.318017,-0.078252,-0.000531,-0.299068,4.391304,0.014606,0.105161,0.129272
436,193.129074,988.039978,0.893206,0.821805,0.083333,0.0,0.060434,71983.0,0.104786,0.257267,0.159282,0.267975,-0.025306,0.727299,4.477196,-0.01,-0.6,-0.012,-0.25,-0.36,-1.2,0.495152,-0.079945,-0.000346,-0.000611,-0.053855,-0.01962,-0.012565,-0.02745,0.87329,-0.028898,-0.087211,-0.009731,-0.024091,1.843945,4.297678,-0.073495,-0.000499,-0.213752,4.375,0.012745,0.101797,0.118876
437,193.327591,1000.0,0.896288,0.8273,0.0,0.0,0.060366,72138.0,0.108426,0.255882,0.173531,0.277339,-0.025783,0.763476,4.501692,-0.01,-0.6,-0.012,-0.25,-0.36,-1.2,0.500007,-0.079321,-0.001136,0.0,-0.056453,-0.019697,-0.012561,-0.028127,0.891803,-0.029219,-0.092395,-0.010481,-0.024349,1.852319,4.340908,-0.074218,-0.000395,-0.378543,3.791667,0.013919,0.098412,0.112777
438,195.504227,1000.0,0.894915,0.844922,0.0,0.0,0.060232,72856.0,0.108332,0.269389,0.15253,0.265196,-0.025142,0.723389,4.475333,-0.01,-0.6,-0.012,-0.25,-0.36,-1.2,0.500007,-0.080845,-0.00072,0.0,-0.054001,-0.020176,-0.012735,-0.028916,0.880344,-0.030089,-0.09041,-0.010252,-0.023758,1.84841,4.312037,-0.074528,-0.00039,-0.211014,4.130435,0.012838,0.088628,0.106869
439,194.113556,1000.0,0.888708,0.821494,0.0,0.0,0.060088,71362.0,0.106683,0.256436,0.174403,0.278943,-0.025432,0.749292,4.476734,-0.01,-0.6,-0.012,-0.25,-0.36,-1.2,0.500007,-0.07686,-0.000816,0.0,-0.05433,-0.019997,-0.012909,-0.027941,0.887218,-0.029284,-0.096155,-0.010075,-0.020754,1.862321,4.34501,-0.075051,-0.000495,-0.306237,3.333333,0.015905,0.098712,0.140907
440,193.620377,1000.0,0.886028,0.828835,0.0,0.0,0.060129,60609.0,0.108239,0.259017,0.165462,0.267557,-0.024662,0.725755,4.489632,-0.01,-0.6,-0.012,-0.25,-0.36,-1.2,0.500007,-0.078157,-0.000805,0.0,-0.052013,-0.019571,-0.012496,-0.027762,0.880889,-0.028871,-0.088888,-0.010456,-0.022094,1.853635,4.34275,-0.072901,-0.000654,-0.368384,3.541667,0.013288,0.105059,0.107747
441,193.497604,1000.0,0.888064,0.802094,0.0,0.0,0.060011,75576.0,0.105644,0.256358,0.171023,0.282563,-0.026249,0.785549,4.492168,-0.01,-0.6,-0.012,-0.25,-0.36,-1.2,0.500007,-0.082492,-0.000523,0.0,-0.055539,-0.019844,-0.012413,-0.02827,0.886629,-0.028797,-0.080759,-0.009535,-0.024355,1.860449,4.340953,-0.074479,-0.000453,-0.49937,2.818182,0.0157,0.130107,0.140868
442,193.533142,993.0,0.891952,0.816737,0.047619,0.0,0.059891,76152.0,0.108079,0.257123,0.167975,0.277226,-0.026299,0.755098,4.479866,-0.01,-0.6,-0.012,-0.25,-0.36,-1.2,0.497622,-0.079312,-0.00072,-0.000272,-0.054798,-0.019921,-0.012597,-0.028075,0.879665,-0.028747,-0.087631,-0.01003,-0.023436,1.842628,4.324419,-0.076724,-0.000694,-0.336916,3.285714,0.016108,0.103819,0.148768
443,195.290924,993.0,0.901839,0.838413,0.0,0.0,0.059884,75279.0,0.102522,0.259961,0.164326,0.269095,-0.025186,0.760323,4.463179,-0.01,-0.6,-0.012,-0.25,-0.36,-1.2,0.500007,-0.08143,-0.00062,0.0,-0.052462,-0.019365,-0.011678,-0.027031,0.896351,-0.027229,-0.082361,-0.009033,-0.02409,1.868784,4.365666,-0.07132,-0.000543,-0.240305,2.727273,0.014534,0.086891,0.123142
444,195.759186,1000.0,0.893333,0.834855,0.0,0.0,0.059779,75048.0,0.104358,0.256599,0.157344,0.266674,-0.02499,0.739313,4.462322,-0.01,-0.6,-0.012,-0.25,-0.36,-1.2,0.500007,-0.082221,-0.000371,0.0,-0.053748,-0.019382,-0.01215,-0.027229,0.884013,-0.028277,-0.078652,-0.01,-0.023615,1.861404,4.353007,-0.072811,-0.000552,-0.250054,3.181818,0.012604,0.085185,0.113548
445,196.328293,1000.0,0.884412,0.816483,0.0,0.0,0.05975,77212.0,0.107402,0.260144,0.156451,0.264885,-0.024962,0.737779,4.460986,-0.01,-0.6,-0.012,-0.25,-0.36,-1.2,0.500007,-0.080538,-0.000629,0.0,-0.05352,-0.019337,-0.01207,-0.027859,0.888679,-0.028301,-0.084373,-0.0106,-0.024115,1.855127,4.346473,-0.072903,-0.00034,-0.201997,2.619048,0.012682,0.107793,0.129794
446,195.046432,1000.0,0.890668,0.826053,0.0,0.0,0.059634,61300.0,0.104792,0.252616,0.158119,0.255516,-0.024532,0.716337,4.45986,-0.01,-0.6,-0.012,-0.25,-0.36,-1.2,0.500007,-0.078868,-0.000429,0.0,-0.052408,-0.018783,-0.011871,-0.027296,0.886722,-0.02726,-0.084408,-0.010395,-0.024655,1.865196,4.372546,-0.069411,-0.000492,-0.309475,3.26087,0.013543,0.109437,0.108874
447,195.592728,1000.0,0.906744,0.843121,0.0,0.0,0.059725,73199.0,0.107412,0.255424,0.162581,0.278349,-0.02633,0.739752,4.463692,-0.01,-0.6,-0.012,-0.25,-0.36,-1.2,0.500007,-0.082825,-0.000568,0.0,-0.052739,-0.019551,-0.012705,-0.028162,0.880643,-0.028365,-0.083223,-0.010379,-0.021305,1.848349,4.35273,-0.076573,-0.000626,-0.312451,3.347826,0.014552,0.095436,0.106878
448,193.262009,994.640015,0.890139,0.832266,0.043478,0.0,0.059655,74109.0,0.104473,0.248837,0.150548,0.250548,-0.023032,0.70444,4.453621,-0.01,-0.6,-0.012,-0.25,-0.36,-1.2,0.497672,-0.078937,-0.000328,-0.000348,-0.051124,-0.018832,-0.011259,-0.027092,0.877699,-0.027577,-0.080218,-0.009578,-0.023324,1.848962,4.349499,-0.06862,-0.000374,-0.32849,2.869565,0.012086,0.10557,0.13448
449,194.769135,999.690002,0.890762,0.799746,0.045455,0.0,0.059589,75947.0,0.109794,0.256597,0.172811,0.290357,-0.026977,0.793915,4.423923,-0.01,-0.6,-0.012,-0.25,-0.36,-1.2,0.499764,-0.082336,-0.000622,-0.000606,-0.056546,-0.019276,-0.012497,-0.028216,0.888648,-0.028437,-0.08401,-0.010836,-0.024569,1.845219,4.350785,-0.075445,-0.000731,-0.282533,2.772727,0.01385,0.110457,0.117562
450,195.175125,999.690002,0.888244,0.831686,0.0,0.0,0.05968,73729.0,0.103778,0.252953,0.156718,0.266167,-0.02531,0.733549,4.428318,-0.01,-0.6,-0.012,-0.25,-0.36,-1.2,0.500007,-0.083749,-0.000326,0.0,-0.051435,-0.019015,-0.011851,-0.026623,0.88365,-0.027292,-0.076216,-0.009294,-0.023265,1.85968,4.370641,-0.072022,-0.000513,-0.265541,3.130435,0.013592,0.087653,0.102869
451,194.94368,1000.0,0.892653,0.815741,0.0,0.0,0.0596,74644.0,0.108877,0.254048,0.176064,0.291024,-0.027183,0.776931,4.419186,-0.01,-0.6,-0.012,-0.25,-0.36,-1.2,0.500007,-0.078612,-0.000496,0.0,-0.05658,-0.019857,-0.013203,-0.029279,0.890293,-0.029011,-0.089665,-0.009717,-0.022023,1.851065,4.343858,-0.078604,-0.000604,-0.320682,3.227273,0.013285,0.103127,0.114087
452,195.214752,1000.0,0.890934,0.822889,0.0,0.0,0.059532,62295.0,0.110884,0.256074,0.169543,0.283641,-0.02692,0.792195,4.434323,-0.01,-0.6,-0.012,-0.25,-0.36,-1.2,0.500007,-0.082467,-0.000284,0.0,-0.05807,-0.019647,-0.01283,-0.029351,0.895557,-0.028615,-0.085936,-0.010929,-0.024777,1.841973,4.346317,-0.076362,-0.000547,-0.361384,3.090909,0.014895,0.101217,0.143344
453,194.786789,1000.0,0.878319,0.814815,0.0,0.0,0.059513,72829.0,0.105459,0.246474,0.164416,0.263354,-0.0244,0.7208,4.422116,-0.01,-0.6,-0.012,-0.25,-0.36,-1.2,0.500007,-0.07797,-0.000491,0.0,-0.052252,-0.018672,-0.011671,-0.027103,0.884771,-0.027427,-0.083101,-0.01022,-0.022552,1.857602,4.3768,-0.070158,-0.000503,-0.274747,2.625,0.017191,0.093982,0.121663
454,193.003845,1000.0,0.875211,0.82513,0.0,0.0,0.059488,74138.0,0.111179,0.256338,0.170745,0.287588,-0.026673,0.72775,4.403606,-0.01,-0.6,-0.012,-0.25,-0.36,-1.2,0.500007,-0.075972,-0.00126,0.0,-0.057065,-0.020088,-0.013897,-0.029242,0.874141,-0.029207,-0.096545,-0.010556,-0.021169,1.842208,4.339845,-0.080193,-0.000348,-0.350123,2.869565,0.015413,0.083589,0.115776
455,193.204773,995.049988,0.87371,0.836078,0.047619,0.0,0.059569,76307.0,0.109177,0.249627,0.174961,0.280088,-0.026175,0.741083,4.421597,-0.01,-0.6,-0.012,-0.25,-0.36,-1.2,0.497054,-0.077874,-0.000629,-0.000476,-0.054088,-0.019724,-0.013254,-0.029691,0.875701,-0.028237,-0.087972,-0.009558,-0.019959,1.827547,4.337832,-0.07733,-0.000487,-0.409902,3.285714,0.014888,0.107086,0.128009
456,194.950012,1000.0,0.88465,0.806431,0.0,0.0,0.059495,68761.0,0.108346,0.258209,0.174035,0.293019,-0.027234,0.777436,4.398691,-0.01,-0.6,-0.012,-0.25,-0.36,-1.2,0.500007,-0.080978,-0.000765,0.0,-0.057034,-0.019581,-0.013002,-0.028714,0.888799,-0.029753,-0.088209,-0.01016,-0.024862,1.84993,4.330427,-0.077328,-0.000628,-0.316677,2.791667,0.016423,0.116612,0.111681
457,193.745773,1000.0,0.877866,0.818879,0.0,0.0,0.0596,65551.0,0.107749,0.252004,0.16733,0.270646,-0.02441,0.730061,4.438959,-0.01,-0.6,-0.012,-0.25,-0.36,-1.2,0.500007,-0.080379,-0.000444,0.0,-0.05193,-0.018952,-0.01204,-0.02682,0.872047,-0.027449,-0.083534,-0.008693,-0.021912,1.848907,4.371177,-0.07226,-0.000553,-0.358749,3.434783,0.014034,0.116296,0.102542
458,193.83876,1000.0,0.890811,0.831738,0.0,0.0,0.059518,54570.0,0.10208,0.246488,0.151261,0.246376,-0.023158,0.69802,4.417816,-0.01,-0.6,-0.012,-0.25,-0.36,-1.2,0.500007,-0.078952,-0.00023,0.0,-0.049172,-0.018139,-0.011136,-0.025972,0.873494,-0.026687,-0.082012,-0.010059,-0.022477,1.872282,4.382588,-0.065654,-0.000533,-0.302142,25.550001,0.014713,0.106462,0.109436
459,194.880173,1000.0,0.899684,0.824595,0.0,0.0,0.059575,65734.0,0.108213,0.251172,0.175461,0.28413,-0.026178,0.767611,4.427551,-0.01,-0.6,-0.012,-0.25,-0.36,-1.2,0.500007,-0.079732,-0.000596,0.0,-0.053507,-0.019157,-0.012364,-0.027479,0.885356,-0.027816,-0.085779,-0.009437,-0.021145,1.844824,4.367355,-0.074538,-0.00059,-0.340403,5.666667,0.013303,0.099413,0.116212
460,195.764893,1000.0,0.893758,0.83296,0.0,0.0,0.059393,64631.0,0.107864,0.255995,0.165739,0.277781,-0.025846,0.749114,4.438385,-0.01,-0.6,-0.012,-0.25,-0.36,-1.2,0.500007,-0.079707,-0.00052,0.0,-0.054477,-0.019285,-0.012681,-0.028252,0.883206,-0.028351,-0.087303,-0.010008,-0.023045,1.855557,4.353393,-0.075003,-0.00049,-0.366037,8.25,0.014954,0.114061,0.117339
461,196.586746,1000.0,0.903467,0.844317,0.0,0.0,0.059264,66511.0,0.104253,0.250836,0.162804,0.264673,-0.024507,0.71489,4.433027,-0.01,-0.6,-0.012,-0.25,-0.36,-1.2,0.500007,-0.078853,-0.000683,0.0,-0.051066,-0.018731,-0.012034,-0.027389,0.882837,-0.026835,-0.084959,-0.009776,-0.020567,1.861812,4.381118,-0.072149,-0.000404,-0.290941,8.666667,0.012043,0.097211,0.115373
462,195.754303,1000.0,0.896692,0.84576,0.0,0.0,0.059241,61678.0,0.106406,0.255288,0.169132,0.274557,-0.02567,0.752468,4.453434,-0.01,-0.6,-0.012,-0.25,-0.36,-1.2,0.500007,-0.078741,-0.000608,0.0,-0.052695,-0.018921,-0.012366,-0.027627,0.888872,-0.02798,-0.085497,-0.010266,-0.021414,1.854774,4.360829,-0.072811,-0.000446,-0.3202,9.083334,0.014494,0.093449,0.123226
463,197.279968,1000.0,0.892368,0.81692,0.0,0.0,0.05905,51829.0,0.103967,0.252246,0.168448,0.272227,-0.025338,0.755146,4.440269,-0.01,-0.6,-0.012,-0.25,-0.36,-1.2,0.500007,-0.080646,-0.000502,0.0,-0.051881,-0.018612,-0.011898,-0.027143,0.890948,-0.026647,-0.082717,-0.009408,-0.021324,1.863879,4.382462,-0.072087,-0.000494,-0.300404,6.833333,0.013465,0.097056,0.11322
464,196.99707,1000.0,0.896713,0.840739,0.0,0.0,0.05905,60468.0,0.107527,0.24966,0.173531,0.279544,-0.025902,0.744829,4.459718,-0.01,-0.6,-0.012,-0.25,-0.36,-1.2,0.500007,-0.077625,-0.000935,0.0,-0.053779,-0.019026,-0.012565,-0.027711,0.888145,-0.027447,-0.0871,-0.008917,-0.021706,1.855763,4.375572,-0.074688,-0.000514,-0.309687,6.625,0.011492,0.094974,0.109912
465,195.904556,1000.0,0.891271,0.833927,0.0,0.0,0.058872,65687.0,0.105094,0.251461,0.164839,0.275108,-0.025594,0.735484,4.448628,-0.01,-0.6,-0.012,-0.25,-0.36,-1.2,0.500007,-0.078638,-0.00048,0.0,-0.054687,-0.018945,-0.012643,-0.028181,0.88758,-0.027829,-0.087115,-0.010335,-0.023639,1.857583,4.366567,-0.0741,-0.000446,-0.309137,7.083333,0.013735,0.098965,0.125631
466,195.021378,1000.0,0.892362,0.838035,0.0,0.0,0.058868,64695.0,0.105336,0.253135,0.170753,0.268017,-0.02509,0.737625,4.452013,-0.01,-0.6,-0.012,-0.25,-0.36,-1.2,0.500007,-0.078286,-0.000521,0.0,-0.051451,-0.018686,-0.011925,-0.026979,0.887109,-0.026947,-0.081833,-0.009305,-0.021171,1.859618,4.373141,-0.071174,-0.000496,-0.283783,6.958333,0.014883,0.094046,0.131136
467,195.285141,1000.0,0.893186,0.83067,0.0,0.0,0.058692,66367.0,0.107285,0.249371,0.174686,0.276533,-0.025405,0.752077,4.415481,-0.01,-0.6,-0.012,-0.25,-0.36,-1.2,0.500007,-0.07628,-0.000659,0.0,-0.054319,-0.019027,-0.012613,-0.027863,0.887178,-0.02797,-0.089549,-0.009956,-0.020994,1.853004,4.366358,-0.073466,-0.000432,-0.286144,6.166667,0.014461,0.090117,0.133235
468,195.880325,1000.0,0.899298,0.841254,0.0,0.0,0.058614,60326.0,0.106243,0.250294,0.172761,0.279294,-0.025965,0.770497,4.437815,-0.01,-0.6,-0.012,-0.25,-0.36,-1.2,0.500007,-0.080007,-0.000725,0.0,-0.053753,-0.018958,-0.012623,-0.027726,0.894137,-0.027248,-0.082775,-0.009778,-0.022193,1.855479,4.374876,-0.073918,-0.000525,-0.350369,6.791667,0.015004,0.100339,0.115832
469,195.729172,1000.0,0.897408,0.828425,0.0,0.0,0.058757,52137.0,0.107706,0.24986,0.170504,0.286862,-0.026347,0.764516,4.419146,-0.01,-0.6,-0.012,-0.25,-0.36,-1.2,0.500007,-0.07954,-0.000716,0.0,-0.055665,-0.019047,-0.012967,-0.028077,0.887526,-0.027841,-0.087159,-0.010191,-0.022517,1.84796,4.368257,-0.07594,-0.000457,-0.264912,7.416667,0.01392,0.103918,0.113564
470,192.97406,993.609985,0.887782,0.831799,0.041667,0.0,0.058732,62584.0,0.108126,0.252499,0.16993,0.281621,-0.025834,0.752991,4.4256,-0.01,-0.6,-0.012,-0.25,-0.36,-1.2,0.497784,-0.077549,-0.000656,-0.000278,-0.055846,-0.018772,-0.012467,-0.02749,0.878009,-0.02762,-0.088816,-0.00997,-0.023397,1.838383,4.349373,-0.073568,-0.000628,-0.324841,6.25,0.01509,0.112254,0.1305
471,196.037445,1000.0,0.889907,0.852212,0.0,0.0,0.058556,65152.0,0.103601,0.249461,0.172978,0.270894,-0.024538,0.732935,4.418459,-0.01,-0.6,-0.012,-0.25,-0.36,-1.2,0.500007,-0.076622,-0.000412,0.0,-0.052117,-0.018779,-0.012195,-0.027445,0.883112,-0.026895,-0.086268,-0.008702,-0.020532,1.868778,4.383118,-0.072005,-0.000542,-0.320439,5.916667,0.0157,0.087543,0.122651
472,194.738022,1000.0,0.875744,0.831337,0.0,0.0,0.058542,66573.0,0.109954,0.251717,0.173784,0.295058,-0.027804,0.776955,4.420191,-0.01,-0.6,-0.012,-0.25,-0.36,-1.2,0.500007,-0.080181,-0.000618,0.0,-0.057581,-0.019327,-0.013643,-0.029104,0.885056,-0.028134,-0.092819,-0.010519,-0.023491,1.843259,4.363228,-0.07818,-0.000468,-0.296332,5.458333,0.015675,0.1042,0.118365
473,195.240814,1000.0,0.903215,0.826581,0.0,0.0,0.058472,65564.0,0.104737,0.249214,0.157967,0.270096,-0.025381,0.748231,4.404922,-0.01,-0.6,-0.012,-0.25,-0.36,-1.2,0.500007,-0.082819,-0.000593,0.0,-0.052328,-0.01824,-0.012006,-0.027193,0.886739,-0.027099,-0.077654,-0.010507,-0.023312,1.853892,4.380797,-0.071068,-0.000426,-0.334658,5.666667,0.014741,0.089989,0.133214
474,195.232025,1000.0,0.891831,0.821701,0.0,0.0,0.058493,53240.0,0.108247,0.247133,0.175592,0.284201,-0.025974,0.750113,4.403901,-0.01,-0.6,-0.012,-0.25,-0.36,-1.2,0.500007,-0.077379,-0.000517,0.0,-0.053604,-0.018939,-0.013033,-0.027874,0.877488,-0.027138,-0.086814,-0.009584,-0.021098,1.854564,4.382087,-0.075396,-0.000476,-0.352454,4.375,0.013891,0.106169,0.12882
475,196.934677,1000.0,0.890824,0.830443,0.0,0.0,0.058486,61028.0,0.107835,0.247909,0.169471,0.273428,-0.024705,0.72774,4.431844,-0.01,-0.6,-0.012,-0.25,-0.36,-1.2,0.500007,-0.075075,-0.000789,0.0,-0.053258,-0.018575,-0.012305,-0.027613,0.885206,-0.027367,-0.092198,-0.009744,-0.021462,1.850284,4.380467,-0.071817,-0.000387,-0.340581,5.666667,0.015541,0.09291,0.099018
476,195.090134,1000.0,0.890303,0.822257,0.0,0.0,0.058396,63411.0,0.104428,0.247226,0.16543,0.268388,-0.024487,0.734936,4.415545,-0.01,-0.6,-0.012,-0.25,-0.36,-1.2,0.500007,-0.07837,-0.000631,0.0,-0.051128,-0.018232,-0.011818,-0.026707,0.884038,-0.026928,-0.081352,-0.009369,-0.020904,1.854489,4.387094,-0.070431,-0.000438,-0.321024,4.25,0.013818,0.115905,0.128298
477,193.362213,1000.0,0.880907,0.828358,0.0,0.0,0.05827,66805.0,0.107316,0.251215,0.169504,0.270289,-0.025247,0.732028,4.441277,-0.01,-0.6,-0.012,-0.25,-0.36,-1.2,0.500007,-0.07815,-0.000362,0.0,-0.051555,-0.01849,-0.011899,-0.027262,0.884013,-0.02704,-0.081506,-0.009043,-0.020243,1.852005,4.378725,-0.071627,-0.000399,-0.382622,4.652174,0.013529,0.088813,0.107785
478,196.899765,1000.0,0.890104,0.819931,0.0,0.0,0.058202,67504.0,0.102914,0.247355,0.164543,0.270895,-0.025053,0.738296,4.403892,-0.01,-0.6,-0.012,-0.25,-0.36,-1.2,0.500007,-0.079909,-0.000489,0.0,-0.051692,-0.018413,-0.012008,-0.026646,0.87867,-0.026178,-0.080064,-0.009217,-0.021445,1.862718,4.393278,-0.072137,-0.000458,-0.241658,4.0,0.013424,0.091885,0.12798
479,196.401031,1000.0,0.882606,0.83181,0.0,0.0,0.058046,55194.0,0.106939,0.249266,0.184637,0.288255,-0.025927,0.786899,4.414028,-0.01,-0.6,-0.012,-0.25,-0.36,-1.2,0.500007,-0.07836,-0.000537,0.0,-0.054445,-0.018901,-0.012717,-0.02793,0.892527,-0.027544,-0.089418,-0.009161,-0.019893,1.845068,4.374434,-0.073738,-0.000407,-0.322346,3.875,0.014927,0.086482,0.136748
480,195.808716,1000.0,0.890312,0.837537,0.0,0.0,0.057959,64634.0,0.107757,0.247595,0.173842,0.287318,-0.026591,0.774919,4.435242,-0.01,-0.6,-0.012,-0.25,-0.36,-1.2,0.500007,-0.079651,-0.000684,0.0,-0.053748,-0.018642,-0.012474,-0.027594,0.884758,-0.027591,-0.084805,-0.010261,-0.021385,1.845518,4.376477,-0.074307,-0.000524,-0.401268,3.826087,0.014723,0.09394,0.106094
481,195.089035,1000.0,0.892777,0.814023,0.0,0.0,0.05781,63390.0,0.105032,0.24715,0.170056,0.272239,-0.025446,0.743876,4.432764,-0.01,-0.6,-0.012,-0.25,-0.36,-1.2,0.500007,-0.077968,-0.000573,0.0,-0.052168,-0.018384,-0.01225,-0.027033,0.883257,-0.025458,-0.081486,-0.009232,-0.020921,1.848698,4.403397,-0.071446,-0.000429,-0.32456,3.5,0.015162,0.085852,0.122209
482,194.622589,1000.0,0.89364,0.835037,0.0,0.0,0.057751,65451.0,0.105533,0.249549,0.165049,0.269002,-0.024732,0.719252,4.400029,-0.01,-0.6,-0.012,-0.25,-0.36,-1.2,0.500007,-0.077541,-0.000389,0.0,-0.052296,-0.018653,-0.012453,-0.027962,0.880804,-0.027455,-0.086056,-0.009729,-0.021569,1.856267,4.375121,-0.071636,-0.00042,-0.383089,3.375,0.013523,0.09637,0.109582
483,195.038055,1000.0,0.888022,0.822801,0.0,0.0,0.057627,70482.0,0.107434,0.250973,0.167953,0.273915,-0.024639,0.758292,4.40957,-0.01,-0.6,-0.012,-0.25,-0.36,-1.2,0.500007,-0.079811,-0.000587,0.0,-0.05199,-0.018294,-0.011957,-0.026941,0.882454,-0.0269,-0.081363,-0.009457,-0.021526,1.852654,4.377192,-0.070293,-0.000383,-0.295473,2.954545,0.012408,0.09741,0.120643
484,195.682648,1000.0,0.877714,0.809564,0.0,0.0,0.057597,74156.0,0.10766,0.24465,0.170293,0.279393,-0.02492,0.74475,4.415657,-0.01,-0.6,-0.012,-0.25,-0.36,-1.2,0.500007,-0.077458,-0.000644,0.0,-0.052606,-0.018298,-0.012003,-0.026792,0.881417,-0.027253,-0.081461,-0.009756,-0.021501,1.854145,4.383599,-0.072116,-0.000776,-0.377856,2.8,0.014074,0.090503,0.109791
485,193.852585,1000.0,0.873942,0.809564,0.0,0.0,0.057528,56361.0,0.104754,0.251003,0.160699,0.270942,-0.025112,0.734497,4.40347,-0.01,-0.6,-0.012,-0.25,-0.36,-1.2,0.500007,-0.079666,-0.000758,0.0,-0.052587,-0.018597,-0.012609,-0.028208,0.877998,-0.02746,-0.089118,-0.010659,-0.022701,1.853578,4.369247,-0.074198,-0.000427,-0.296661,3.043478,0.017672,0.123672,0.139375
486,194.762558,1000.0,0.887147,0.845356,0.0,0.0,0.057491,66143.0,0.108052,0.249282,0.169894,0.272479,-0.024507,0.718554,4.401371,-0.01,-0.6,-0.012,-0.25,-0.36,-1.2,0.500007,-0.073604,-0.001002,0.0,-0.052002,-0.018638,-0.01214,-0.02722,0.879126,-0.027172,-0.094711,-0.008358,-0.018644,1.84369,4.380425,-0.072536,-0.000453,-0.271708,2.952381,0.015622,0.108723,0.117022
487,194.349365,1000.0,0.910734,0.817208,0.0,0.0,0.057499,65793.0,0.104027,0.243348,0.157354,0.269439,-0.02542,0.729609,4.402129,-0.01,-0.6,-0.012,-0.25,-0.36,-1.2,0.500007,-0.08085,-0.000635,0.0,-0.051749,-0.018309,-0.012382,-0.026975,0.876417,-0.026578,-0.0791,-0.009653,-0.022507,1.859734,4.389853,-0.072279,-0.000395,-0.360063,2.681818,0.01231,0.094434,0.131198
488,195.011078,1000.0,0.877502,0.828131,0.0,0.0,0.057396,66653.0,0.10821,0.2507,0.178959,0.295346,-0.026868,0.786627,4.414021,-0.01,-0.6,-0.012,-0.25,-0.36,-1.2,0.500007,-0.078221,-0.000282,0.0,-0.056774,-0.01892,-0.01328,-0.028879,0.881841,-0.027631,-0.090258,-0.009916,-0.021507,1.849491,4.369059,-0.076604,-0.000436,-0.310238,3.652174,0.014796,0.105617,0.136276
489,196.659637,1000.0,0.906475,0.821687,0.0,0.0,0.057424,69197.0,0.103381,0.248268,0.167059,0.263706,-0.024274,0.720801,4.457942,-0.01,-0.6,-0.012,-0.25,-0.36,-1.2,0.500007,-0.076002,-0.000343,0.0,-0.052069,-0.017876,-0.011357,-0.026349,0.885578,-0.026387,-0.083453,-0.009294,-0.022342,1.863294,4.392517,-0.068297,-0.000499,-0.265708,3.181818,0.014158,0.100645,0.130407
490,195.520721,1000.0,0.888755,0.82794,0.0,0.0,0.057354,57948.0,0.10457,0.245037,0.17032,0.28006,-0.024918,0.747431,4.44899,-0.01,-0.6,-0.012,-0.25,-0.36,-1.2,0.500007,-0.079242,-0.000924,0.0,-0.052483,-0.01836,-0.012657,-0.027632,0.883594,-0.026008,-0.082423,-0.009328,-0.021456,1.851628,4.399013,-0.073002,-0.000311,-0.373472,2.826087,0.013222,0.087479,0.110663
491,197.210266,1000.0,0.883782,0.841071,0.0,0.0,0.057373,69633.0,0.098985,0.243254,0.163049,0.254121,-0.023937,0.718342,4.437732,-0.01,-0.6,-0.012,-0.25,-0.36,-1.2,0.500007,-0.079264,-0.000625,0.0,-0.048823,-0.017535,-0.011121,-0.025452,0.880278,-0.024883,-0.071133,-0.008935,-0.021744,1.872445,4.424335,-0.067627,-0.00034,-0.254785,2.681818,0.011056,0.081805,0.078337
492,194.611801,1000.0,0.882843,0.822349,0.0,0.0,0.057383,63384.0,0.103718,0.238974,0.162003,0.269627,-0.02443,0.728113,4.468301,-0.01,-0.6,-0.012,-0.25,-0.36,-1.2,0.500007,-0.079871,-0.000788,0.0,-0.049858,-0.017833,-0.011739,-0.026455,0.8728,-0.025927,-0.081143,-0.009551,-0.020188,1.856016,4.409832,-0.0704,-0.000542,-0.434267,3.416667,0.015931,0.099796,0.125287
493,194.249817,1000.0,0.893538,0.824636,0.0,0.0,0.057475,66459.0,0.106022,0.244609,0.185674,0.283642,-0.025696,0.802218,4.430039,-0.01,-0.6,-0.012,-0.25,-0.36,-1.2,0.500007,-0.076735,-0.000687,0.0,-0.05548,-0.01832,-0.012001,-0.02668,0.901159,-0.026461,-0.085749,-0.009127,-0.023787,1.855216,4.396512,-0.071059,-0.000421,-0.447686,2.909091,0.013971,0.100324,0.106217
494,197.047913,1000.0,0.876444,0.824204,0.0,0.0,0.057477,66491.0,0.106064,0.256375,0.171441,0.277875,-0.025818,0.767577,4.415992,-0.01,-0.6,-0.012,-0.25,-0.36,-1.2,0.500007,-0.077446,-0.000569,0.0,-0.055421,-0.018416,-0.012683,-0.02813,0.886058,-0.027125,-0.086912,-0.009682,-0.022705,1.859659,4.374862,-0.071319,-0.000422,-0.249355,3.0,0.016481,0.10039,0.124222
495,198.26561,1000.0,0.884042,0.824931,0.0,0.0,0.05745,68611.0,0.103349,0.241651,0.169878,0.273233,-0.024884,0.75428,4.422779,-0.01,-0.6,-0.012,-0.25,-0.36,-1.2,0.500007,-0.080928,-0.000434,0.0,-0.050612,-0.017864,-0.011767,-0.02607,0.88011,-0.025838,-0.074109,-0.009648,-0.020377,1.855646,4.406532,-0.069778,-0.00055,-0.23175,2.875,0.012539,0.099639,0.137034
496,196.334045,1000.0,0.89177,0.819646,0.0,0.0,0.057413,58125.0,0.107076,0.247256,0.170951,0.286488,-0.026205,0.780844,4.400387,-0.01,-0.6,-0.012,-0.25,-0.36,-1.2,0.500007,-0.079535,-0.000394,0.0,-0.056177,-0.018025,-0.011947,-0.027423,0.886751,-0.026761,-0.08288,-0.009806,-0.02412,1.850863,4.386849,-0.07286,-0.000431,-0.295441,2.608696,0.013678,0.088827,0.109697
497,195.046738,1000.0,0.872238,0.817567,0.0,0.0,0.057358,69841.0,0.105578,0.24648,0.169401,0.288651,-0.027085,0.751321,4.374939,-0.01,-0.6,-0.012,-0.25,-0.36,-1.2,0.500007,-0.081825,-0.000383,0.0,-0.052389,-0.018569,-0.01284,-0.028298,0.875927,-0.026221,-0.075249,-0.009029,-0.020013,1.855994,4.393939,-0.076581,-0.000473,-0.316647,3.285714,0.016479,0.102666,0.116816
498,196.895813,1000.0,0.88255,0.819394,0.0,0.0,0.057357,63079.0,0.105068,0.245669,0.174273,0.270463,-0.024644,0.738755,4.394581,-0.01,-0.6,-0.012,-0.25,-0.36,-1.2,0.500007,-0.075797,-0.0003,0.0,-0.05245,-0.017986,-0.011835,-0.026619,0.880142,-0.025998,-0.087351,-0.008172,-0.021429,1.859888,4.398677,-0.068264,-0.000359,-0.292276,3.291667,0.018023,0.117181,0.150543
499,195.615097,1000.0,0.887077,0.828718,0.0,0.0,0.057336,67047.0,0.108914,0.258407,0.179002,0.291158,-0.027029,0.760751,4.39259,-0.010455,-0.609091,-0.012364,-0.25,-0.370909,-1.236364,0.500007,-0.076749,-0.001414,0.0,-0.05483,-0.019257,-0.013965,-0.029766,0.880561,-0.027955,-0.098311,-0.009859,-0.020611,1.846805,4.354678,-0.078788,-0.000452,-0.364254,3.181818,0.015733,0.099884,0.105823
500,199.701996,1000.0,0.88471,0.829094,0.0,0.0,0.057296,64275.0,0.106121,0.242869,0.181157,0.287717,-0.026383,0.788972,4.39692,-0.02,-0.8,-0.02,-0.25,-0.6,-2.0,0.500007,-0.079136,-0.00039,0.0,-0.053357,-0.018294,-0.012282,-0.02781,0.895087,-0.026287,-0.083424,-0.00978,-0.02098,1.857191,4.402238,-0.073204,-0.000543,-0.143765,24.619047,0.015559,0.119156,0.131284
501,195.972198,1000.0,0.891213,0.833691,0.0,0.0,0.057205,54539.0,0.103577,0.244444,0.166483,0.272604,-0.024991,0.755974,4.392485,-0.02,-0.8,-0.02,-0.25,-0.6,-2.0,0.500007,-0.082822,-0.00029,0.0,-0.050922,-0.017775,-0.011559,-0.026529,0.88827,-0.026352,-0.08043,-0.008873,-0.022067,1.862899,4.406923,-0.069405,-0.000539,-0.34459,7.583333,0.014172,0.085813,0.110791
502,195.29097,1000.0,0.896101,0.834041,0.0,0.0,0.057225,63714.0,0.10287,0.245546,0.165058,0.273576,-0.024972,0.741509,4.373393,-0.02,-0.8,-0.02,-0.25,-0.6,-2.0,0.500007,-0.084319,-0.000604,0.0,-0.052286,-0.017924,-0.012232,-0.02762,0.885863,-0.026757,-0.086375,-0.009541,-0.021971,1.858996,4.403851,-0.07084,-0.000431,-0.310626,8.333334,0.014877,0.103928,0.124425
503,196.241959,1000.0,0.894778,0.850831,0.0,0.0,0.057327,64906.0,0.103814,0.243102,0.168653,0.27073,-0.025103,0.740942,4.392079,-0.02,-0.8,-0.02,-0.25,-0.6,-2.0,0.500007,-0.084631,-0.000553,0.0,-0.051295,-0.017944,-0.01189,-0.027247,0.887966,-0.026687,-0.084404,-0.009285,-0.02133,1.858536,4.41413,-0.070642,-0.000467,-0.284384,8.5,0.012962,0.096266,0.121915
504,194.994339,1000.0,0.896621,0.83094,0.0,0.0,0.057185,63009.0,0.104818,0.246347,0.165674,0.273931,-0.024721,0.738656,4.39964,-0.02,-0.8,-0.02,-0.25,-0.6,-2.0,0.500007,-0.086878,-0.000727,0.0,-0.052219,-0.01817,-0.012328,-0.027957,0.881379,-0.027963,-0.091034,-0.008806,-0.021536,1.858044,4.396099,-0.071766,-0.000463,-0.371271,8.333334,0.012941,0.094751,0.119097
505,196.484543,1000.0,0.893853,0.840127,0.0,0.0,0.05718,61940.0,0.107981,0.2465,0.175647,0.284322,-0.026132,0.775393,4.419526,-0.02,-0.8,-0.02,-0.25,-0.6,-2.0,0.500007,-0.088024,-0.000658,0.0,-0.0534,-0.018232,-0.012414,-0.028854,0.890285,-0.028904,-0.094611,-0.009432,-0.020591,1.847024,4.394108,-0.072765,-0.000425,-0.290814,6.958333,0.014608,0.088508,0.109457
506,195.069183,1000.0,0.895756,0.83569,0.0,0.0,0.057113,50392.0,0.104969,0.243727,0.171687,0.287682,-0.026368,0.76032,4.418701,-0.02,-0.8,-0.02,-0.25,-0.6,-2.0,0.500007,-0.093225,-0.000493,0.0,-0.053628,-0.018544,-0.013053,-0.029536,0.885913,-0.029478,-0.091272,-0.009661,-0.020983,1.853488,4.394338,-0.076546,-0.00047,-0.40757,6.458333,0.013611,0.092877,0.137468
507,195.959488,1000.0,0.903255,0.84561,0.0,0.0,0.057068,58178.0,0.104605,0.247184,0.171961,0.283425,-0.026278,0.767909,4.411962,-0.02,-0.8,-0.02,-0.25,-0.6,-2.0,0.500007,-0.094751,-0.001054,0.0,-0.053701,-0.018235,-0.012608,-0.029017,0.887525,-0.028698,-0.089977,-0.010056,-0.022427,1.854036,4.40168,-0.073828,-0.000527,-0.334025,7.208333,0.014322,0.092853,0.114541
508,194.506348,1000.0,0.891345,0.824474,0.0,0.0,0.056962,60721.0,0.102337,0.242921,0.161968,0.264282,-0.024515,0.727219,4.449379,-0.02,-0.8,-0.02,-0.25,-0.6,-2.0,0.500007,-0.095416,-0.000522,0.0,-0.050485,-0.017624,-0.011859,-0.02834,0.886841,-0.029019,-0.090138,-0.009767,-0.021434,1.863229,4.411352,-0.069498,-0.00042,-0.361736,6.666667,0.015017,0.098916,0.133162
509,197.070541,1000.0,0.886405,0.841856,0.0,0.0,0.056935,61660.0,0.102896,0.240842,0.168074,0.272358,-0.024879,0.733805,4.432159,-0.02,-0.8,-0.02,-0.25,-0.6,-2.0,0.500007,-0.095333,-0.000423,0.0,-0.050641,-0.01782,-0.011997,-0.028546,0.880637,-0.028838,-0.09251,-0.009069,-0.019669,1.863613,4.41732,-0.070927,-0.000438,-0.234673,6.041667,0.014895,0.0975,0.131212
510,197.387833,1000.0,0.893487,0.84106,0.0,0.0,0.056999,57414.0,0.103823,0.246445,0.171346,0.2767,-0.025855,0.747583,4.402949,-0.02,-0.8,-0.02,-0.25,-0.6,-2.0,0.500007,-0.098342,-0.000402,0.0,-0.053356,-0.018211,-0.012569,-0.030029,0.886069,-0.029965,-0.096092,-0.009348,-0.021148,1.857462,4.403747,-0.073023,-0.000499,-0.320814,7.625,0.01485,0.094013,0.119114
511,194.63295,1000.0,0.893752,0.831205,0.0,0.0,0.057112,55057.0,0.103805,0.245021,0.164082,0.277254,-0.026068,0.75814,4.403761,-0.02,-0.8,-0.02,-0.25,-0.6,-2.0,0.500007,-0.104,-0.000465,0.0,-0.052155,-0.017778,-0.011991,-0.029467,0.887249,-0.030777,-0.088422,-0.009743,-0.022866,1.857788,4.398001,-0.071963,-0.000722,-0.336575,6.875,0.013615,0.09657,0.110428
512,196.005707,1000.0,0.892322,0.832442,0.0,0.0,0.057065,65694.0,0.101512,0.241742,0.164612,0.269789,-0.024743,0.74271,4.417099,-0.02,-0.8,-0.02,-0.25,-0.6,-2.0,0.500007,-0.105624,-0.000385,0.0,-0.049735,-0.017758,-0.012006,-0.029794,0.883437,-0.029936,-0.09635,-0.009211,-0.019721,1.864066,4.42089,-0.071045,-0.000437,-0.309581,6.083333,0.014412,0.086475,0.130701
513,196.806137,1000.0,0.896349,0.839807,0.0,0.0,0.057011,69686.0,0.102487,0.240965,0.174212,0.261707,-0.023703,0.730053,4.475273,-0.02,-0.8,-0.02,-0.25,-0.6,-2.0,0.500007,-0.098522,-0.000469,0.0,-0.048831,-0.01741,-0.011182,-0.028274,0.888088,-0.030434,-0.097975,-0.008504,-0.018855,1.863747,4.420042,-0.067128,-0.000553,-0.266385,6.166667,0.014581,0.087991,0.132294
514,194.326111,1000.0,0.891229,0.829176,0.0,0.0,0.056925,70474.0,0.100167,0.242878,0.157767,0.256951,-0.02368,0.695094,4.451287,-0.02,-0.8,-0.02,-0.25,-0.6,-2.0,0.500007,-0.105678,-0.00044,0.0,-0.049423,-0.017533,-0.011547,-0.029096,0.87716,-0.029754,-0.09648,-0.008674,-0.019555,1.867024,4.431395,-0.068769,-0.000457,-0.322614,4.75,0.013214,0.081464,0.132248
515,196.411163,1000.0,0.892644,0.818997,0.0,0.0,0.056779,69584.0,0.102276,0.243571,0.16478,0.271051,-0.024777,0.740968,4.476213,-0.02,-0.8,-0.02,-0.25,-0.6,-2.0,0.500007,-0.10975,-0.000323,0.0,-0.051143,-0.017882,-0.012379,-0.030677,0.887261,-0.032226,-0.097523,-0.009569,-0.02139,1.863588,4.407609,-0.071133,-0.000497,-0.29041,5.375,0.012914,0.100238,0.115488
516,197.399368,1000.0,0.885225,0.834346,0.0,0.0,0.05678,70375.0,0.105849,0.244715,0.181249,0.28511,-0.025451,0.765136,4.458717,-0.02,-0.8,-0.02,-0.25,-0.6,-2.0,0.500007,-0.107257,-0.000622,0.0,-0.052797,-0.018069,-0.012466,-0.030492,0.891154,-0.033539,-0.110799,-0.009794,-0.021429,1.856532,4.395872,-0.071684,-0.000542,-0.230095,4.916667,0.015719,0.094661,0.135942
517,193.902176,1000.0,0.89454,0.835847,0.0,0.0,0.056766,57712.0,0.109674,0.246921,0.185495,0.311674,-0.028625,0.81599,4.44734,-0.02,-0.8,-0.02,-0.25,-0.6,-2.0,0.500007,-0.111507,-0.00053,0.0,-0.058213,-0.01916,-0.013958,-0.033415,0.893839,-0.034723,-0.119048,-0.010118,-0.02259,1.843859,4.379699,-0.08045,-0.000472,-0.424347,5.291667,0.015134,0.106107,0.110877
518,194.687012,1000.0,0.897196,0.821249,0.0,0.0,0.056545,71188.0,0.099908,0.235685,0.157199,0.257975,-0.023761,0.726445,4.443735,-0.02,-0.8,-0.02,-0.25,-0.6,-2.0,0.500007,-0.117775,-0.00025,0.0,-0.048518,-0.017159,-0.011312,-0.029182,0.881758,-0.030755,-0.091676,-0.008838,-0.020445,1.873368,4.441536,-0.067442,-0.00057,-0.303591,4.541667,0.013144,0.109514,0.114054
519,197.497543,1000.0,0.897009,0.833287,0.0,0.0,0.056415,72861.0,0.105926,0.242864,0.186791,0.289795,-0.026841,0.788631,4.433537,-0.02,-0.8,-0.02,-0.25,-0.6,-2.0,0.500007,-0.113761,-0.000601,0.0,-0.053597,-0.017747,-0.012238,-0.030712,0.900327,-0.032957,-0.10599,-0.009563,-0.021335,1.847051,4.414555,-0.072281,-0.000718,-0.292729,4.478261,0.013899,0.105741,0.124959
520,195.759506,1000.0,0.897338,0.833334,0.0,0.0,0.056409,70620.0,0.101848,0.237545,0.183123,0.274386,-0.024619,0.756578,4.421534,-0.02,-0.8,-0.02,-0.25,-0.6,-2.0,0.500007,-0.113812,-0.0005,0.0,-0.049895,-0.01743,-0.01161,-0.030138,0.889995,-0.032508,-0.107233,-0.008459,-0.018426,1.86463,4.433089,-0.068648,-0.000497,-0.3605,3.666667,0.014957,0.092071,0.112598
521,195.236649,1000.0,0.893073,0.839371,0.0,0.0,0.056331,73337.0,0.101128,0.241854,0.168689,0.271071,-0.024929,0.751615,4.451309,-0.02,-0.8,-0.02,-0.25,-0.6,-2.0,0.500007,-0.118774,-0.000203,0.0,-0.050334,-0.017538,-0.011481,-0.030417,0.88881,-0.032846,-0.100321,-0.008967,-0.021098,1.862772,4.423909,-0.07007,-0.000466,-0.304452,4.043478,0.012578,0.105722,0.11196
522,196.131516,1000.0,0.893688,0.838875,0.0,0.0,0.056392,71518.0,0.106368,0.238397,0.169894,0.270038,-0.024485,0.735995,4.487374,-0.02,-0.8,-0.02,-0.25,-0.6,-2.0,0.500007,-0.119199,-0.000318,0.0,-0.051017,-0.017631,-0.011717,-0.030813,0.884131,-0.033651,-0.11052,-0.008396,-0.020964,1.847442,4.429674,-0.069904,-0.000524,-0.243302,3.75,0.013677,0.091282,0.125418
523,196.221436,1000.0,0.879698,0.838435,0.0,0.0,0.056255,58360.0,0.103443,0.239979,0.173264,0.278672,-0.024849,0.740966,4.457602,-0.02,-0.8,-0.02,-0.25,-0.6,-2.0,0.500007,-0.118631,-0.000626,0.0,-0.050103,-0.01788,-0.012109,-0.031755,0.880456,-0.034665,-0.120083,-0.008504,-0.018726,1.861462,4.420772,-0.071723,-0.000629,-0.241749,3.333333,0.012538,0.091163,0.135663
524,195.130157,1000.0,0.886559,0.819105,0.0,0.0,0.056286,73403.0,0.099756,0.239248,0.154609,0.257114,-0.023377,0.711981,4.461879,-0.02,-0.8,-0.02,-0.25,-0.6,-2.0,0.500007,-0.127491,-0.000723,0.0,-0.047035,-0.017276,-0.01132,-0.030265,0.868621,-0.033266,-0.099619,-0.008434,-0.01962,1.864879,4.434329,-0.067793,-0.000467,-0.308231,3.0,0.013358,0.094193,0.123042
525,193.119202,1000.0,0.884172,0.810337,0.0,0.0,0.056281,75107.0,0.103932,0.243739,0.174448,0.285,-0.026829,0.779689,4.488839,-0.02,-0.8,-0.02,-0.25,-0.6,-2.0,0.500007,-0.131759,-0.000441,0.0,-0.052425,-0.017821,-0.012794,-0.032333,0.885141,-0.035371,-0.10375,-0.009841,-0.021033,1.85622,4.411728,-0.073724,-0.000768,-0.484265,3.590909,0.01447,0.098311,0.118927
526,195.006256,1000.0,0.866247,0.840481,0.0,0.0,0.056261,78516.0,0.106429,0.249958,0.182758,0.292853,-0.026654,0.78264,4.501603,-0.02,-0.8,-0.02,-0.25,-0.6,-2.0,0.500007,-0.120872,-0.000671,0.0,-0.055528,-0.01829,-0.012708,-0.034783,0.889788,-0.037033,-0.135661,-0.009214,-0.021422,1.854543,4.402561,-0.074475,-0.000465,-0.283683,2.55,0.014934,0.093905,0.119135
527,192.173325,1000.0,0.871982,0.825373,0.0,0.0,0.05627,74895.0,0.105579,0.250118,0.168109,0.282164,-0.0261,0.760099,4.466339,-0.02,-0.8,-0.02,-0.25,-0.6,-2.0,0.500007,-0.135093,-0.000195,0.0,-0.052951,-0.01768,-0.011944,-0.033015,0.883756,-0.035764,-0.109461,-0.010162,-0.021716,1.85002,4.403683,-0.072609,-0.000778,-0.552575,2.818182,0.012532,0.103713,0.134296
528,194.84668,1000.0,0.89658,0.827164,0.0,0.0,0.05624,75294.0,0.103989,0.240031,0.176134,0.274075,-0.024607,0.744436,4.472186,-0.02,-0.8,-0.02,-0.25,-0.6,-2.0,0.500007,-0.128539,-0.000315,0.0,-0.050285,-0.017587,-0.012028,-0.031897,0.892653,-0.036977,-0.126074,-0.008591,-0.019351,1.859016,4.41985,-0.068947,-0.000669,-0.234946,3.238095,0.014007,0.111127,0.121777
529,195.382736,1000.0,0.884967,0.811531,0.0,0.0,0.056218,57082.0,0.109921,0.240776,0.178214,0.295566,-0.026871,0.749961,4.455546,-0.02,-0.8,-0.02,-0.25,-0.6,-2.0,0.500007,-0.131453,-0.000722,0.0,-0.056985,-0.018375,-0.01341,-0.034692,0.878444,-0.03903,-0.129504,-0.008957,-0.023157,1.84534,4.391477,-0.076604,-0.000495,-0.248713,2.625,0.014215,0.107086,0.139745
530,193.994537,998.059998,0.898045,0.834606,0.043478,0.0,0.056249,70262.0,0.102224,0.24535,0.173341,0.277557,-0.025452,0.773389,4.382076,-0.02,-0.8,-0.02,-0.25,-0.6,-2.0,0.499159,-0.139245,-0.000258,-0.000348,-0.052778,-0.017519,-0.012191,-0.033514,0.889718,-0.038704,-0.116598,-0.010408,-0.021925,1.858327,4.39555,-0.070349,-0.00074,-0.383029,3.652174,0.0138,0.087106,0.125173
531,194.692444,998.059998,0.888831,0.831204,0.0,0.0,0.056358,67413.0,0.104864,0.244741,0.181061,0.289467,-0.026222,0.775939,4.427607,-0.02,-0.8,-0.02,-0.25,-0.6,-2.0,0.500007,-0.134007,-0.000654,0.0,-0.053795,-0.01828,-0.013067,-0.034882,0.891008,-0.038886,-0.143457,-0.009462,-0.021211,1.861489,4.403559,-0.073709,-0.00102,-0.286567,2.909091,0.015948,0.094549,0.124694
532,193.392227,1000.0,0.889015,0.799961,0.0,0.0,0.056362,68652.0,0.106897,0.244139,0.192148,0.298599,-0.026684,0.797772,4.424176,-0.02,-0.8,-0.02,-0.25,-0.6,-2.0,0.500007,-0.132001,-0.000619,0.0,-0.054799,-0.018077,-0.012955,-0.034639,0.888409,-0.039558,-0.133586,-0.008651,-0.019632,1.848589,4.407995,-0.073169,-0.000539,-0.506674,2.909091,0.014034,0.088594,0.132904
533,194.22226,1000.0,0.891311,0.826788,0.0,0.0,0.056325,63422.0,0.109462,0.245274,0.189042,0.303601,-0.026717,0.807317,4.445919,-0.02,-0.8,-0.02,-0.25,-0.6,-2.0,0.500007,-0.138622,-0.000685,0.0,-0.054964,-0.018176,-0.013003,-0.034982,0.896016,-0.039046,-0.129809,-0.009867,-0.021847,1.848083,4.408313,-0.074758,-0.000742,-0.350932,2.956522,0.014877,0.104804,0.119519
534,193.637451,1000.0,0.87492,0.845839,0.0,0.0,0.056276,51603.0,0.101274,0.233265,0.172285,0.274769,-0.024488,0.756463,4.437892,-0.02,-0.8,-0.02,-0.25,-0.6,-2.0,0.500007,-0.145473,-0.000291,0.0,-0.049447,-0.01704,-0.011431,-0.032537,0.888657,-0.036808,-0.114839,-0.008809,-0.020788,1.86834,4.444742,-0.068017,-0.000718,-0.336358,3.208333,0.013257,0.079748,0.131235
535,192.832352,1000.0,0.892905,0.852798,0.0,0.0,0.056222,73997.0,0.11008,0.245829,0.1854,0.308096,-0.027488,0.789352,4.440938,-0.02,-0.8,-0.02,-0.25,-0.6,-2.0,0.500007,-0.14766,-0.000348,0.0,-0.056431,-0.018657,-0.013507,-0.036317,0.885384,-0.041744,-0.127914,-0.009253,-0.020937,1.834305,4.391184,-0.079508,-0.00098,-0.488268,3.0,0.014394,0.110492,0.108901
536,196.124969,1000.0,0.885599,0.83491,0.0,0.0,0.056189,71143.0,0.100301,0.237595,0.169193,0.272937,-0.025062,0.740073,4.457218,-0.02,-0.8,-0.02,-0.25,-0.6,-2.0,0.500007,-0.151144,-0.000384,0.0,-0.051352,-0.01714,-0.011528,-0.033361,0.881323,-0.037588,-0.11705,-0.009051,-0.021408,1.859291,4.442081,-0.069522,-0.000684,-0.265793,2.913043,0.014974,0.070843,0.1167
537,196.473267,1000.0,0.916161,0.837032,0.0,0.0,0.056161,71462.0,0.105597,0.24626,0.178233,0.297661,-0.027339,0.810002,4.439416,-0.02,-0.8,-0.02,-0.25,-0.6,-2.0,0.500007,-0.151674,-0.000453,0.0,-0.056348,-0.018467,-0.013385,-0.036109,0.891998,-0.042248,-0.131992,-0.009934,-0.022053,1.848498,4.396512,-0.076409,-0.000661,-0.284365,2.695652,0.01237,0.119265,0.12622
538,194.694244,1000.0,0.878867,0.839213,0.0,0.0,0.056199,71080.0,0.102012,0.242245,0.170366,0.276663,-0.025197,0.77118,4.439828,-0.02,-0.8,-0.02,-0.25,-0.6,-2.0,0.500007,-0.152664,-0.000322,0.0,-0.050659,-0.017536,-0.012035,-0.035403,0.879212,-0.039845,-0.121821,-0.008498,-0.019428,1.869919,4.421896,-0.070648,-0.000663,-0.316407,3.173913,0.013284,0.093542,0.135625
539,193.027771,996.669983,0.889668,0.81776,0.047619,0.0,0.056199,75178.0,0.108777,0.244145,0.176572,0.291668,-0.026383,0.783681,4.427886,-0.02,-0.8,-0.02,-0.25,-0.6,-2.0,0.498019,-0.15282,-0.000448,-0.000476,-0.054687,-0.017782,-0.012585,-0.035642,0.888252,-0.041508,-0.131257,-0.009131,-0.020848,1.83536,4.389481,-0.073469,-0.00084,-0.344149,3.238095,0.014418,0.112929,0.099744
540,193.749115,1000.0,0.88832,0.835785,0.0,0.0,0.056095,56898.0,0.101358,0.238611,0.157101,0.272129,-0.025277,0.718081,4.422226,-0.02,-0.8,-0.02,-0.25,-0.6,-2.0,0.500007,-0.159373,-0.000231,0.0,-0.051089,-0.017512,-0.012785,-0.035436,0.875163,-0.040573,-0.126495,-0.009527,-0.020296,1.859103,4.423894,-0.071993,-0.000872,-0.260705,3.25,0.013734,0.088081,0.124369
541,194.606888,1000.0,0.903541,0.820368,0.0,0.0,0.056083,76969.0,0.106013,0.237021,0.186609,0.286019,-0.025435,0.785774,4.450583,-0.02,-0.8,-0.02,-0.25,-0.6,-2.0,0.500007,-0.149638,-0.000265,0.0,-0.053085,-0.01741,-0.011953,-0.035204,0.897458,-0.04132,-0.135069,-0.008621,-0.021016,1.857433,4.430512,-0.069483,-0.000836,-0.562166,24.619047,0.013066,0.093047,0.123398
542,191.91478,1000.0,0.888269,0.816063,0.0,0.0,0.056106,74574.0,0.103802,0.241422,0.16867,0.279284,-0.025757,0.775843,4.423162,-0.02,-0.8,-0.02,-0.25,-0.6,-2.0,0.500007,-0.157526,-0.000414,0.0,-0.054249,-0.017553,-0.012103,-0.036246,0.888825,-0.042519,-0.135683,-0.009514,-0.024063,1.861912,4.416069,-0.070481,-0.000775,-0.387496,4.318182,0.01432,0.087054,0.124372
543,193.283661,1000.0,0.884982,0.830364,0.0,0.0,0.056417,70075.0,0.105714,0.241121,0.174176,0.293202,-0.026801,0.778941,4.421445,-0.02,-0.8,-0.02,-0.25,-0.6,-2.0,0.500007,-0.162296,-0.000519,0.0,-0.053672,-0.017869,-0.013164,-0.037176,0.879977,-0.042846,-0.13448,-0.010012,-0.020598,1.845344,4.411892,-0.07486,-0.000662,-0.36508,7.916667,0.014949,0.097552,0.117979
544,192.232605,990.119995,0.880115,0.819918,0.083333,0.0,0.056383,69153.0,0.102119,0.238967,0.167041,0.275506,-0.025213,0.748052,4.469488,-0.02,-0.8,-0.02,-0.25,-0.6,-2.0,0.493026,-0.159834,-0.0004,-0.000571,-0.050778,-0.017183,-0.011991,-0.035287,0.872439,-0.041596,-0.123935,-0.00982,-0.020558,1.828641,4.359237,-0.07075,-0.000636,-0.291056,9.041667,0.015103,0.090473,0.139339
545,195.772934,1000.0,0.893357,0.836761,0.0,0.0,0.056326,70221.0,0.103668,0.238747,0.178577,0.282765,-0.025368,0.766416,4.425182,-0.02,-0.8,-0.02,-0.25,-0.6,-2.0,0.500007,-0.154121,-0.000439,0.0,-0.051925,-0.01762,-0.012168,-0.036042,0.890617,-0.040883,-0.137546,-0.008305,-0.019609,1.856734,4.434316,-0.071603,-0.000775,-0.383835,7.875,0.013683,0.094568,0.122717
546,194.2603,1000.0,0.886579,0.838527,0.0,0.0,0.056196,56050.0,0.103551,0.24113,0.171257,0.280201,-0.025403,0.757881,4.455207,-0.02,-0.8,-0.02,-0.25,-0.6,-2.0,0.500007,-0.157376,-0.00031,0.0,-0.052589,-0.017564,-0.012104,-0.035635,0.883267,-0.041478,-0.127584,-0.009305,-0.021083,1.85607,4.424726,-0.071594,-0.000729,-0.394988,8.041667,0.014394,0.0916,0.116569
547,192.494385,1000.0,0.886083,0.834496,0.0,0.0,0.056198,69357.0,0.104046,0.240662,0.176132,0.280943,-0.025512,0.770442,4.439677,-0.02,-0.8,-0.02,-0.25,-0.6,-2.0,0.500007,-0.152742,-0.00039,0.0,-0.052757,-0.01751,-0.012203,-0.035722,0.893798,-0.041426,-0.137732,-0.009156,-0.021618,1.866649,4.423306,-0.070498,-0.000662,-0.400267,6.791667,0.014667,0.10172,0.117867
548,193.359741,1000.0,0.878745,0.842209,0.0,0.0,0.056106,66767.0,0.103188,0.243666,0.170647,0.273983,-0.025032,0.760926,4.40432,-0.02,-0.8,-0.02,-0.25,-0.6,-2.0,0.500007,-0.155683,-0.000408,0.0,-0.050713,-0.017423,-0.011771,-0.034879,0.890881,-0.041138,-0.128914,-0.008881,-0.022064,1.85775,4.426939,-0.069766,-0.000831,-0.343191,6.875,0.014545,0.096317,0.118742
549,193.812836,1000.0,0.896248,0.837218,0.0,0.0,0.056045,67995.0,0.105839,0.237817,0.180996,0.286696,-0.025917,0.780695,4.41498,-0.02,-0.8,-0.02,-0.25,-0.6,-2.0,0.500007,-0.156051,-0.000234,0.0,-0.052679,-0.017463,-0.011945,-0.035582,0.893483,-0.041516,-0.131446,-0.008693,-0.020516,1.85521,4.427064,-0.070785,-0.000748,-0.351807,7.0,0.013925,0.090123,0.115617
