iteration,reward,episode_length,height_reward,upright_reward,tipped_over,collapsed,exploration,steps_per_second,speed_error,turn_error,stepping,leg_swing,dragging,ground_covered,landing_force,Curriculum/ease_in_effort/weight,Curriculum/ease_in_landing/weight,Curriculum/ease_in_shake/weight,Curriculum/ease_in_smoothness/weight,Curriculum/ease_in_steadiness/weight,Curriculum/ease_in_straightness/weight,Episode_Reward/alive,Episode_Reward/effort,Episode_Reward/end_stops,Episode_Reward/fell_over,Episode_Reward/hard_landing,Episode_Reward/jitter,Episode_Reward/joint_shock,Episode_Reward/landing_speed,Episode_Reward/posture,Episode_Reward/rocking,Episode_Reward/shaking,Episode_Reward/skidding,Episode_Reward/swing_height,Episode_Reward/track_speed,Episode_Reward/track_turn,Episode_Reward/twitching,Episode_Reward/veering,Episode_Reward/wandering,Episode_Termination/time_out,Metrics/posture/error_height,Metrics/posture/error_pitch,Metrics/posture/error_roll
0,-0.772466,14.2,0.008638,0.003197,0.25,38.166668,0.977532,39969.0,0.007746,0.020661,0.000509,0.005481,-0.001159,0.002398,7.119041,-0.0002,-0.1,-0.002,-0.05,-0.06,-0.2,0.006059,-6e-05,-5.5e-05,-0.008248,-0.004151,-0.041225,-0.002825,-0.000395,0.009094,-0.004874,-0.00131,-0.003426,-0.001595,0.006569,0.000652,-0.014335,-1.7e-05,-1.4e-05,4.958333,0.050848,0.152147,0.210401
1,-2.413236,40.490002,0.023053,0.006602,3.333333,0.0,0.951991,67063.0,0.020528,0.062743,0.003306,0.017566,-0.003519,0.011079,6.695965,-0.0002,-0.1,-0.002,-0.05,-0.06,-0.2,0.017348,-0.00017,-0.000284,-0.016658,-0.01022,-0.120112,-0.007805,-0.001077,0.025474,-0.013788,-0.003625,-0.008375,-0.00385,0.018776,0.001695,-0.040722,-0.000113,-0.000161,4.5,0.03382,0.179623,0.43218
2,-3.097062,57.380001,0.034635,0.008886,4.375,0.0,0.928168,67543.0,0.030468,0.101631,0.00564,0.028048,-0.005564,0.015976,6.699838,-0.0002,-0.1,-0.002,-0.05,-0.06,-0.2,0.026846,-0.000263,-0.000566,-0.020473,-0.015772,-0.181137,-0.012127,-0.001724,0.039439,-0.020887,-0.005667,-0.012717,-0.006159,0.030317,0.002587,-0.061332,-0.000426,-0.000333,3.791667,0.033456,0.206318,0.478492
3,-4.466751,86.809998,0.051459,0.013124,2.958333,0.0,0.903318,67513.0,0.046157,0.15357,0.006997,0.039928,-0.007049,0.02057,6.681232,-0.0002,-0.1,-0.002,-0.05,-0.06,-0.2,0.040019,-0.000391,-0.000732,-0.018686,-0.02398,-0.261853,-0.017324,-0.002595,0.057958,-0.029967,-0.00789,-0.019194,-0.00935,0.041609,0.003841,-0.088604,-0.00074,-0.000424,3.708333,0.031829,0.178721,0.459884
4,-4.478787,97.419998,0.062634,0.016154,3.916667,0.0,0.87763,66614.0,0.052003,0.18137,0.008041,0.045093,-0.008058,0.024023,6.664751,-0.0002,-0.1,-0.002,-0.05,-0.06,-0.2,0.046848,-0.000454,-0.000983,-0.018881,-0.026882,-0.293027,-0.019933,-0.003003,0.066821,-0.033085,-0.009188,-0.022544,-0.010776,0.052078,0.004752,-0.099479,-0.001218,-0.000875,4.458333,0.028345,0.215453,0.473983
5,-5.211024,122.419998,0.075108,0.015738,3.666667,0.0,0.850057,65561.0,0.062917,0.214085,0.009837,0.057702,-0.009792,0.031485,6.631086,-0.0002,-0.1,-0.002,-0.05,-0.06,-0.2,0.057574,-0.000556,-0.00117,-0.019082,-0.03426,-0.351087,-0.024173,-0.003777,0.084436,-0.040103,-0.011235,-0.027251,-0.013765,0.063927,0.006019,-0.11938,-0.001549,-0.001073,3.916667,0.02873,0.199635,0.454826
6,-5.918905,142.130005,0.083096,0.026301,3.666667,0.0,0.830657,62780.0,0.080307,0.271936,0.012068,0.068005,-0.011355,0.034588,6.609554,-0.0002,-0.1,-0.002,-0.05,-0.06,-0.2,0.069912,-0.00067,-0.001274,-0.018779,-0.039139,-0.408796,-0.029521,-0.004566,0.100324,-0.049984,-0.013987,-0.033619,-0.015666,0.070545,0.006899,-0.139406,-0.002093,-0.001237,3.916667,0.033238,0.180784,0.463911
7,-6.343769,159.839996,0.097386,0.025155,2.958333,0.0,0.806126,64897.0,0.08592,0.296838,0.012202,0.068875,-0.011548,0.033389,6.61367,-0.0002,-0.1,-0.002,-0.05,-0.06,-0.2,0.078548,-0.000752,-0.001566,-0.016189,-0.041564,-0.441633,-0.032095,-0.004962,0.10711,-0.053467,-0.014997,-0.035764,-0.016994,0.082919,0.008047,-0.150718,-0.002833,-0.001661,4.625,0.032375,0.184612,0.426025
8,-6.347399,183.520004,0.115155,0.026557,2.708333,0.0,0.78195,58442.0,0.101738,0.34995,0.014697,0.082709,-0.013481,0.039529,6.582431,-0.0002,-0.1,-0.002,-0.05,-0.06,-0.2,0.091435,-0.000864,-0.001875,-0.015288,-0.04919,-0.493275,-0.03679,-0.005805,0.127949,-0.062173,-0.017755,-0.041998,-0.020105,0.09268,0.009177,-0.169044,-0.003325,-0.002002,4.333333,0.032298,0.211064,0.422172
9,-6.973561,211.009995,0.131847,0.036538,3.416667,0.0,0.75888,42290.0,0.117005,0.39457,0.018494,0.099696,-0.016526,0.048158,6.553362,-0.0002,-0.1,-0.002,-0.05,-0.06,-0.2,0.103757,-0.000969,-0.002064,-0.018386,-0.057597,-0.54238,-0.04111,-0.00647,0.151155,-0.07212,-0.020232,-0.047362,-0.023795,0.102053,0.010215,-0.186258,-0.00516,-0.003262,4.25,0.029842,0.192211,0.453084
10,-6.678929,225.330002,0.146048,0.03247,4.25,0.0,0.737547,38310.0,0.131019,0.43131,0.019495,0.10432,-0.017024,0.048939,6.568287,-0.0002,-0.1,-0.002,-0.05,-0.06,-0.2,0.113701,-0.001061,-0.002178,-0.020356,-0.0613,-0.575019,-0.043899,-0.007034,0.161414,-0.076582,-0.021279,-0.050326,-0.025666,0.115582,0.01203,-0.197938,-0.005318,-0.003664,4.166667,0.028563,0.192638,0.484079
11,-6.67245,228.039993,0.138054,0.036141,4.791667,0.0,0.721928,44340.0,0.129699,0.44074,0.021753,0.111941,-0.018487,0.058353,6.549473,-0.0002,-0.1,-0.002,-0.05,-0.06,-0.2,0.116122,-0.001069,-0.002341,-0.024776,-0.066117,-0.56001,-0.043788,-0.007147,0.172326,-0.076395,-0.021616,-0.052223,-0.027526,0.119693,0.012133,-0.193511,-0.00508,-0.005175,2.875,0.03127,0.196188,0.543693
12,-6.285644,249.529999,0.155835,0.037121,5.416667,0.0,0.707714,67945.0,0.139693,0.462211,0.022548,0.113268,-0.018964,0.050703,6.53071,-0.0002,-0.1,-0.002,-0.05,-0.06,-0.2,0.122048,-0.001121,-0.00238,-0.024655,-0.066625,-0.567427,-0.045514,-0.00733,0.178477,-0.07807,-0.02244,-0.053252,-0.028431,0.119243,0.013143,-0.1966,-0.006941,-0.005902,3.333333,0.027849,0.187854,0.532549
13,-5.823259,272.410004,0.176974,0.047034,5.083333,0.0,0.696138,67312.0,0.150508,0.5094,0.025352,0.124244,-0.020727,0.063009,6.515771,-0.0002,-0.1,-0.002,-0.05,-0.06,-0.2,0.135169,-0.001228,-0.002569,-0.022615,-0.073316,-0.61198,-0.049845,-0.008092,0.198626,-0.08758,-0.02478,-0.059113,-0.031432,0.145662,0.01474,-0.212266,-0.006855,-0.006359,3.958333,0.025185,0.190884,0.550021
14,-5.42321,269.880005,0.17217,0.042139,6.083333,0.0,0.686452,68084.0,0.158876,0.52284,0.026578,0.128272,-0.021735,0.058737,6.498096,-0.0002,-0.1,-0.002,-0.05,-0.06,-0.2,0.137901,-0.001256,-0.00244,-0.02822,-0.075605,-0.599417,-0.04983,-0.00815,0.205314,-0.08664,-0.025203,-0.057734,-0.032539,0.133711,0.015016,-0.208497,-0.008381,-0.008192,2.666667,0.031226,0.193289,0.568368
15,-3.94609,276.209991,0.197225,0.052304,6.916667,0.0,0.677299,68703.0,0.169272,0.55769,0.026335,0.128314,-0.02158,0.061455,6.512355,-0.0002,-0.1,-0.002,-0.05,-0.06,-0.2,0.149162,-0.001344,-0.002767,-0.028009,-0.076499,-0.630677,-0.052631,-0.008743,0.212142,-0.091974,-0.026567,-0.063167,-0.033184,0.155494,0.01673,-0.219881,-0.007602,-0.007105,3.041667,0.027931,0.183687,0.571742
16,-3.433171,294.589996,0.188741,0.048409,6.666667,0.0,0.666916,69240.0,0.15587,0.534755,0.029649,0.134879,-0.022773,0.077496,6.505546,-0.0002,-0.1,-0.002,-0.05,-0.06,-0.2,0.144792,-0.001292,-0.002807,-0.028026,-0.079201,-0.58274,-0.049822,-0.008221,0.21797,-0.08719,-0.025648,-0.058589,-0.034872,0.173158,0.01693,-0.203843,-0.008962,-0.007371,3.0,0.02807,0.189196,0.579275
17,-4.6412,323.940002,0.198008,0.053012,7.458333,0.0,0.657253,68868.0,0.171373,0.586249,0.028067,0.129012,-0.022096,0.06648,6.498147,-0.0002,-0.1,-0.002,-0.05,-0.06,-0.2,0.157119,-0.001388,-0.002979,-0.027832,-0.076239,-0.622766,-0.05424,-0.00899,0.219757,-0.096078,-0.028224,-0.065415,-0.033593,0.176366,0.017927,-0.218324,-0.009099,-0.009046,3.166667,0.030615,0.197094,0.564598
18,-3.443079,324.399994,0.20315,0.047911,9.458334,0.0,0.648842,68368.0,0.178579,0.59117,0.031404,0.145589,-0.024419,0.071877,6.491654,-0.0002,-0.1,-0.002,-0.05,-0.06,-0.2,0.157187,-0.001385,-0.002803,-0.030789,-0.085698,-0.596592,-0.052559,-0.008884,0.23732,-0.094078,-0.027408,-0.063601,-0.037895,0.157203,0.018229,-0.209842,-0.009866,-0.009743,3.0,0.030586,0.191364,0.611125
19,-2.302454,327.899994,0.197179,0.049143,10.583334,0.0,0.64066,67671.0,0.168624,0.587439,0.030443,0.137783,-0.023649,0.078025,6.483167,-0.0002,-0.1,-0.002,-0.05,-0.06,-0.2,0.155829,-0.001368,-0.002729,-0.033407,-0.08223,-0.566679,-0.051297,-0.00856,0.231583,-0.091219,-0.026953,-0.062149,-0.036712,0.173813,0.018152,-0.20002,-0.01104,-0.009684,2.166667,0.030282,0.21049,0.656995
20,-1.801956,330.920013,0.218884,0.053042,8.916667,0.0,0.632724,68443.0,0.176124,0.607831,0.034473,0.147011,-0.025289,0.07956,6.477232,-0.0002,-0.1,-0.002,-0.05,-0.06,-0.2,0.166952,-0.001445,-0.003203,-0.030429,-0.08708,-0.594741,-0.053777,-0.009246,0.249861,-0.09663,-0.029142,-0.064648,-0.039429,0.189597,0.020168,-0.210379,-0.012786,-0.013111,2.666667,0.029527,0.199863,0.603511
21,-1.147995,337.179993,0.217725,0.055733,7.083333,0.0,0.626185,69528.0,0.188354,0.629248,0.034385,0.156276,-0.025914,0.084123,6.46797,-0.0002,-0.1,-0.002,-0.05,-0.06,-0.2,0.171828,-0.001495,-0.003151,-0.03018,-0.093644,-0.596452,-0.054654,-0.009475,0.261728,-0.097113,-0.02889,-0.066033,-0.042054,0.181886,0.021215,-0.211323,-0.014042,-0.011683,2.166667,0.032354,0.185062,0.584495
22,-0.99242,343.75,0.218348,0.055995,9.333334,0.0,0.619973,68728.0,0.176883,0.630622,0.034123,0.145853,-0.024894,0.083413,6.455704,-0.0002,-0.1,-0.002,-0.05,-0.06,-0.2,0.170175,-0.001461,-0.00299,-0.031345,-0.085493,-0.570398,-0.053737,-0.009107,0.250684,-0.096123,-0.029162,-0.06501,-0.039334,0.202914,0.020835,-0.20249,-0.011877,-0.012427,2.666667,0.03217,0.217695,0.619438
23,-0.666847,372.540009,0.25555,0.061823,5.125,0.0,0.612647,69073.0,0.196849,0.692638,0.037106,0.157433,-0.027395,0.090983,6.464696,-0.0002,-0.1,-0.002,-0.05,-0.06,-0.2,0.189477,-0.001621,-0.003531,-0.027444,-0.093869,-0.626357,-0.058775,-0.010144,0.276252,-0.105679,-0.031866,-0.07178,-0.042945,0.226218,0.024107,-0.222599,-0.015585,-0.013311,2.458333,0.028074,0.202182,0.564299
24,0.074663,399.059998,0.270538,0.068186,4.041667,0.0,0.606624,67331.0,0.210726,0.725134,0.041377,0.172143,-0.029593,0.101213,6.455371,-0.0002,-0.1,-0.002,-0.05,-0.06,-0.2,0.196434,-0.001646,-0.003756,-0.02428,-0.09813,-0.644825,-0.060807,-0.010522,0.294933,-0.11122,-0.034282,-0.07498,-0.045424,0.219325,0.024065,-0.229378,-0.012455,-0.016434,2.291667,0.029355,0.200602,0.529577
25,-0.03703,417.799988,0.26845,0.06554,2.666667,0.0,0.598332,69193.0,0.21079,0.730239,0.038411,0.173345,-0.028032,0.100345,6.475137,-0.0002,-0.1,-0.002,-0.05,-0.06,-0.2,0.20417,-0.001764,-0.004019,-0.022741,-0.103174,-0.661819,-0.062605,-0.01103,0.298267,-0.110505,-0.0336,-0.076403,-0.047416,0.249651,0.026699,-0.235753,-0.010149,-0.01362,1.916667,0.031748,0.213699,0.474004
26,0.384593,488.48999,0.326355,0.074583,2.75,0.0,0.592139,70307.0,0.242744,0.8774,0.047267,0.203257,-0.03386,0.12489,6.475313,-0.0002,-0.1,-0.002,-0.05,-0.06,-0.2,0.238608,-0.002029,-0.004637,-0.021411,-0.122969,-0.769809,-0.07311,-0.012946,0.357924,-0.129981,-0.040058,-0.089255,-0.056444,0.286593,0.029243,-0.273993,-0.021751,-0.025357,2.333333,0.030412,0.184893,0.421611
27,0.632302,464.869995,0.300307,0.068874,2.086957,0.0,0.586168,65211.0,0.248099,0.864474,0.04848,0.20957,-0.03502,0.121812,6.474533,-0.0002,-0.1,-0.002,-0.05,-0.06,-0.2,0.231395,-0.001924,-0.004143,-0.020311,-0.125058,-0.717381,-0.069656,-0.012417,0.360785,-0.123708,-0.038694,-0.087619,-0.056925,0.251394,0.028321,-0.256035,-0.026049,-0.024002,1.956522,0.023854,0.19597,0.426683
28,1.970715,550.460022,0.369068,0.095728,1.391304,0.0,0.579919,60323.0,0.278084,1.045537,0.057249,0.23897,-0.039165,0.160582,6.489919,-0.0002,-0.1,-0.002,-0.05,-0.06,-0.2,0.284663,-0.002366,-0.005963,-0.016323,-0.137715,-0.893765,-0.086362,-0.015377,0.41764,-0.153331,-0.048471,-0.106623,-0.063545,0.392952,0.036259,-0.31864,-0.019339,-0.020557,1.913043,0.026078,0.23936,0.32672
29,2.273138,519.960022,0.339689,0.086959,2.26087,0.0,0.574229,56339.0,0.267946,0.929923,0.053139,0.224517,-0.037503,0.138837,6.501499,-0.0002,-0.1,-0.002,-0.05,-0.06,-0.2,0.255524,-0.002133,-0.005003,-0.020306,-0.130789,-0.769394,-0.077068,-0.013491,0.388531,-0.136438,-0.04327,-0.095094,-0.060746,0.294271,0.033014,-0.275014,-0.017952,-0.0163,2.173913,0.026997,0.208642,0.431839
30,2.696483,582.080017,0.399304,0.124474,1.208333,0.0,0.567138,57451.0,0.303523,1.090955,0.055419,0.236605,-0.038649,0.143626,6.508214,-0.0002,-0.1,-0.002,-0.05,-0.06,-0.2,0.301241,-0.002543,-0.005939,-0.015324,-0.135559,-0.896289,-0.089553,-0.015837,0.419556,-0.16091,-0.049624,-0.110954,-0.063089,0.392535,0.038964,-0.320921,-0.028135,-0.031335,2.083333,0.025719,0.197555,0.355619
31,4.095645,558.51001,0.387476,0.102233,2.086957,0.0,0.560183,57918.0,0.28402,1.019919,0.05712,0.246794,-0.040477,0.168346,6.526565,-0.0002,-0.1,-0.002,-0.05,-0.06,-0.2,0.276442,-0.002277,-0.005514,-0.018756,-0.145428,-0.797955,-0.079713,-0.014398,0.425395,-0.145532,-0.045839,-0.102734,-0.066779,0.3505,0.036229,-0.286653,-0.02541,-0.036868,2.304348,0.029833,0.193874,0.396702
32,4.964584,590.72998,0.407519,0.12282,2.166667,0.0,0.553114,62924.0,0.304235,1.090246,0.057286,0.245032,-0.040052,0.156263,6.517892,-0.0002,-0.1,-0.002,-0.05,-0.06,-0.2,0.298946,-0.00249,-0.005941,-0.018671,-0.148297,-0.865041,-0.086428,-0.015633,0.440234,-0.153508,-0.049121,-0.110927,-0.069477,0.376005,0.039984,-0.310862,-0.019771,-0.028117,2.375,0.031518,0.241959,0.38637
33,4.44831,595.630005,0.400694,0.111854,1.956522,0.0,0.5458,64354.0,0.291732,1.076223,0.052995,0.247722,-0.038655,0.169875,6.529544,-0.0002,-0.1,-0.002,-0.05,-0.06,-0.2,0.295697,-0.002433,-0.006124,-0.016919,-0.149696,-0.842942,-0.083839,-0.015534,0.439163,-0.150565,-0.048236,-0.106882,-0.067815,0.387419,0.040754,-0.302956,-0.04123,-0.037879,2.521739,0.029798,0.244492,0.379978
34,5.511384,671.5,0.485782,0.129572,1.304348,0.0,0.538187,62197.0,0.354605,1.215118,0.070714,0.29326,-0.048089,0.184596,6.546881,-0.0002,-0.1,-0.002,-0.05,-0.06,-0.2,0.33567,-0.002717,-0.00736,-0.017772,-0.166887,-0.919175,-0.095987,-0.017209,0.507698,-0.172051,-0.056602,-0.122361,-0.077249,0.385572,0.045483,-0.331503,-0.041904,-0.054948,2.130435,0.025342,0.248801,0.359217
35,7.213248,647.48999,0.448785,0.13465,2.25,0.0,0.532378,58514.0,0.328242,1.193346,0.064213,0.277928,-0.045557,0.180305,6.524403,-0.0002,-0.1,-0.002,-0.05,-0.06,-0.2,0.321425,-0.002611,-0.006239,-0.019911,-0.160117,-0.885281,-0.090884,-0.016311,0.478026,-0.16938,-0.054191,-0.118189,-0.075001,0.403089,0.041787,-0.319333,-0.031459,-0.033204,2.208333,0.032652,0.275867,0.422087
36,8.675238,714.380005,0.508847,0.150745,1.521739,0.0,0.527071,61619.0,0.363961,1.323452,0.074594,0.32399,-0.052369,0.215304,6.549263,-0.0002,-0.1,-0.002,-0.05,-0.06,-0.2,0.361123,-0.002941,-0.008408,-0.01472,-0.188315,-0.988568,-0.102642,-0.018758,0.55616,-0.181102,-0.059876,-0.12948,-0.087467,0.440661,0.048561,-0.356429,-0.035167,-0.044133,2.608696,0.026966,0.21417,0.344053
37,8.381735,697.340027,0.515749,0.127821,1.130435,0.0,0.521323,62326.0,0.3603,1.295719,0.07582,0.32161,-0.052232,0.214136,6.538217,-0.0002,-0.1,-0.002,-0.05,-0.06,-0.2,0.355427,-0.002889,-0.007239,-0.013176,-0.188668,-0.973827,-0.100739,-0.018367,0.556116,-0.179346,-0.058956,-0.131265,-0.087037,0.434778,0.047807,-0.35077,-0.037268,-0.042581,2.173913,0.025232,0.268802,0.328641
38,9.714104,826.590027,0.641924,0.166769,0.5,0.0,0.516937,70841.0,0.416316,1.532169,0.089499,0.355736,-0.059564,0.245494,6.552323,-0.0002,-0.1,-0.002,-0.05,-0.06,-0.2,0.426976,-0.00336,-0.009117,-0.006939,-0.203387,-1.166921,-0.121876,-0.022231,0.635407,-0.220825,-0.073975,-0.156817,-0.094379,0.594545,0.057928,-0.420126,-0.067509,-0.059583,2.318182,0.020134,0.182884,0.186491
39,13.729653,869.23999,0.662387,0.175065,0.521739,0.0,0.511093,70247.0,0.404356,1.61674,0.090013,0.38447,-0.061094,0.304987,6.554449,-0.0002,-0.1,-0.002,-0.05,-0.06,-0.2,0.441118,-0.003574,-0.009604,-0.005093,-0.222775,-1.197849,-0.125392,-0.022875,0.672902,-0.219893,-0.075431,-0.162613,-0.102427,0.685495,0.061523,-0.431685,-0.042153,-0.060837,2.73913,0.018493,0.138424,0.171897
40,13.719457,824.049988,0.589219,0.173219,1.291667,0.0,0.505869,65387.0,0.397783,1.466545,0.080824,0.363456,-0.056303,0.261915,6.556499,-0.0002,-0.1,-0.002,-0.05,-0.06,-0.2,0.413702,-0.003406,-0.008853,-0.013897,-0.214194,-1.070635,-0.111369,-0.020516,0.630802,-0.19505,-0.06477,-0.142188,-0.101325,0.581546,0.060811,-0.387625,-0.036884,-0.04859,2.541667,0.02621,0.249747,0.267777
41,15.543085,934.73999,0.62796,0.194941,1.26087,0.0,0.500248,60848.0,0.417462,1.581326,0.091232,0.371221,-0.061175,0.273842,6.581319,-0.0002,-0.1,-0.002,-0.05,-0.06,-0.2,0.432387,-0.003415,-0.00912,-0.010438,-0.211094,-1.111374,-0.117174,-0.021369,0.658281,-0.212959,-0.072411,-0.153278,-0.099214,0.620269,0.059332,-0.401982,-0.032611,-0.056863,19.173914,0.024728,0.186537,0.266332
42,18.203402,874.659973,0.628631,0.196327,1.217391,0.0,0.493999,61761.0,0.401513,1.567663,0.091511,0.357029,-0.060251,0.28584,6.59579,-0.0002,-0.1,-0.002,-0.05,-0.06,-0.2,0.426685,-0.003327,-0.008894,-0.012588,-0.202441,-1.02107,-0.113074,-0.020657,0.63968,-0.206343,-0.071887,-0.151763,-0.096528,0.651951,0.058492,-0.372162,-0.032451,-0.050855,3.347826,0.017474,0.208832,0.292881
43,20.003021,905.869995,0.666851,0.210179,0.916667,0.0,0.488951,65316.0,0.41925,1.661509,0.090516,0.364323,-0.059434,0.289684,6.600444,-0.0002,-0.1,-0.002,-0.05,-0.06,-0.2,0.450959,-0.003549,-0.009498,-0.007207,-0.208753,-1.064317,-0.119949,-0.022211,0.661323,-0.215187,-0.072718,-0.155923,-0.099366,0.686665,0.063448,-0.389047,-0.031102,-0.036593,4.041667,0.022317,0.183866,0.216798
44,22.00255,893.130005,0.652754,0.205637,0.833333,0.0,0.483843,66334.0,0.413603,1.597877,0.093615,0.38698,-0.06302,0.316408,6.596027,-0.0002,-0.1,-0.002,-0.05,-0.06,-0.2,0.447123,-0.003516,-0.009636,-0.007652,-0.226635,-1.008585,-0.116571,-0.021934,0.694713,-0.210504,-0.072322,-0.155964,-0.107786,0.675782,0.065274,-0.370923,-0.035071,-0.057067,3.583333,0.020321,0.182204,0.21655
45,23.633335,918.330017,0.667419,0.200781,0.416667,0.0,0.47904,64135.0,0.428385,1.661659,0.098546,0.394886,-0.063885,0.311548,6.602935,-0.0002,-0.1,-0.002,-0.05,-0.06,-0.2,0.470952,-0.003747,-0.009865,-0.00325,-0.229741,-1.028603,-0.12254,-0.022764,0.716989,-0.215255,-0.07211,-0.158822,-0.110983,0.738986,0.072034,-0.379042,-0.034321,-0.050069,3.5,0.020096,0.136548,0.169716
46,27.421797,975.109985,0.705051,0.209917,0.333333,0.0,0.474247,58074.0,0.423439,1.726123,0.102255,0.405513,-0.065827,0.357377,6.615129,-0.0002,-0.1,-0.002,-0.05,-0.06,-0.2,0.479614,-0.003732,-0.009838,-0.004877,-0.231415,-0.984219,-0.120843,-0.022805,0.734236,-0.214052,-0.075679,-0.159616,-0.112142,0.816734,0.072621,-0.365303,-0.049704,-0.063942,4.25,0.019162,0.176659,0.168098
47,28.014744,939.289978,0.724647,0.217332,0.583333,0.0,0.469768,59531.0,0.423162,1.679883,0.099151,0.375587,-0.063887,0.326575,6.595156,-0.0002,-0.1,-0.002,-0.05,-0.06,-0.2,0.466461,-0.003467,-0.008809,-0.005544,-0.213893,-0.922968,-0.113484,-0.021844,0.702227,-0.208629,-0.074355,-0.156988,-0.104751,0.767802,0.069085,-0.343703,-0.038758,-0.040015,3.666667,0.01792,0.124912,0.194706
48,30.354694,959.830017,0.735611,0.240506,0.375,0.0,0.465789,62316.0,0.437722,1.696414,0.102392,0.38856,-0.064192,0.327524,6.595084,-0.0002,-0.1,-0.002,-0.05,-0.06,-0.2,0.480739,-0.003597,-0.008961,-0.003782,-0.219067,-0.909648,-0.114929,-0.022311,0.723201,-0.209818,-0.075622,-0.158274,-0.10675,0.789747,0.074322,-0.340859,-0.036289,-0.040726,3.833333,0.019605,0.13994,0.153468
49,32.62711,959.869995,0.746923,0.249727,0.333333,0.0,0.461849,63948.0,0.42204,1.695652,0.103367,0.393524,-0.066507,0.366381,6.601123,-0.0002,-0.1,-0.002,-0.05,-0.06,-0.2,0.482873,-0.00358,-0.010175,-0.002923,-0.222731,-0.887238,-0.116076,-0.022532,0.737047,-0.207311,-0.076431,-0.161799,-0.108275,0.841181,0.07594,-0.333449,-0.037375,-0.077862,4.416667,0.017068,0.117487,0.141504
50,35.513775,990.280029,0.766789,0.242293,0.083333,0.0,0.457421,62408.0,0.444291,1.813697,0.10705,0.400642,-0.067712,0.35825,6.618387,-0.0002,-0.1,-0.002,-0.05,-0.06,-0.2,0.497045,-0.003635,-0.008813,-0.000794,-0.225186,-0.880699,-0.115267,-0.022336,0.75244,-0.214886,-0.077972,-0.16264,-0.109361,0.849786,0.075876,-0.332168,-0.026189,-0.042429,3.875,0.020434,0.115713,0.124682
51,33.673061,913.299988,0.714562,0.234441,0.541667,0.0,0.453147,66888.0,0.404281,1.665587,0.101249,0.384223,-0.064783,0.36328,6.606202,-0.0002,-0.1,-0.002,-0.05,-0.06,-0.2,0.463258,-0.003398,-0.008926,-0.004364,-0.216639,-0.793901,-0.107233,-0.020799,0.716551,-0.194919,-0.073613,-0.151095,-0.1068,0.812082,0.071999,-0.300457,-0.039169,-0.062412,4.041667,0.019305,0.150759,0.168875
52,38.851463,964.190002,0.723467,0.265724,0.458333,0.0,0.448532,68263.0,0.404583,1.655219,0.098987,0.398505,-0.065588,0.389223,6.597068,-0.0002,-0.1,-0.002,-0.05,-0.06,-0.2,0.470036,-0.003468,-0.009881,-0.003683,-0.224261,-0.781968,-0.107065,-0.021109,0.728548,-0.193195,-0.072952,-0.154301,-0.109018,0.835137,0.075641,-0.296588,-0.036624,-0.048627,4.916667,0.018636,0.14096,0.155478
53,38.991611,939.27002,0.74565,0.275328,0.541667,0.0,0.444446,68463.0,0.391207,1.648095,0.09912,0.385079,-0.063015,0.386655,6.62463,-0.0002,-0.1,-0.002,-0.05,-0.06,-0.2,0.47289,-0.003469,-0.00934,-0.004,-0.217779,-0.758275,-0.106133,-0.021037,0.723795,-0.18892,-0.0731,-0.151794,-0.107293,0.896067,0.079525,-0.289007,-0.026853,-0.056793,4.833333,0.018049,0.129208,0.156978
54,42.314487,983.890015,0.777305,0.278771,0.208333,0.0,0.44021,68450.0,0.411122,1.703731,0.110502,0.400059,-0.068887,0.410653,6.622146,-0.0002,-0.1,-0.002,-0.05,-0.06,-0.2,0.491145,-0.003488,-0.008972,-0.001736,-0.226779,-0.768672,-0.10915,-0.021749,0.767081,-0.196759,-0.077081,-0.158405,-0.111116,0.924797,0.081411,-0.293888,-0.032964,-0.059007,4.916667,0.016769,0.127771,0.133676
55,42.041492,990.140015,0.776945,0.302591,0.083333,0.0,0.43629,69499.0,0.409169,1.72521,0.099266,0.389867,-0.065801,0.401054,6.593225,-0.0002,-0.1,-0.002,-0.05,-0.06,-0.2,0.496007,-0.003567,-0.009476,-0.000741,-0.223288,-0.759127,-0.109401,-0.021734,0.749963,-0.192908,-0.076829,-0.161096,-0.109861,0.953523,0.085617,-0.290777,-0.028568,-0.061189,5.0,0.018015,0.104383,0.11244
56,44.426285,972.140015,0.7661,0.27031,0.541667,0.0,0.433076,66320.0,0.403732,1.695159,0.107228,0.396357,-0.068658,0.417507,6.611684,-0.0002,-0.1,-0.002,-0.05,-0.06,-0.2,0.482592,-0.003376,-0.009097,-0.004062,-0.217316,-0.720045,-0.106119,-0.021134,0.743287,-0.191151,-0.076408,-0.154995,-0.107323,0.907511,0.080643,-0.277109,-0.020772,-0.048022,4.916667,0.020326,0.152788,0.147707
57,46.88728,997.440002,0.76519,0.291195,0.291667,0.0,0.429261,68740.0,0.394286,1.68448,0.102026,0.395066,-0.065324,0.411659,6.598485,-0.0002,-0.1,-0.002,-0.05,-0.06,-0.2,0.482925,-0.003411,-0.009265,-0.002025,-0.222663,-0.703225,-0.104042,-0.020981,0.743846,-0.186561,-0.075076,-0.152109,-0.108711,0.924492,0.082475,-0.270897,-0.029435,-0.056835,5.791667,0.016816,0.109779,0.125167
58,47.477749,973.690002,0.781178,0.320614,0.166667,0.0,0.426157,65502.0,0.389114,1.689654,0.107702,0.398627,-0.069334,0.459916,6.582047,-0.0002,-0.1,-0.002,-0.05,-0.06,-0.2,0.488755,-0.003393,-0.009437,-0.001127,-0.22526,-0.696994,-0.104889,-0.021137,0.764798,-0.185425,-0.076208,-0.156591,-0.110827,0.991035,0.085565,-0.268848,-0.027287,-0.076402,6.25,0.014688,0.103987,0.101723
59,49.378105,998.130005,0.808851,0.342493,0.083333,0.0,0.421923,67580.0,0.397468,1.712973,0.103556,0.391607,-0.067408,0.443792,6.594514,-0.0002,-0.1,-0.002,-0.05,-0.06,-0.2,0.498215,-0.003388,-0.008421,-0.000472,-0.21813,-0.692647,-0.104707,-0.021457,0.761919,-0.188564,-0.078332,-0.160369,-0.106415,1.020469,0.087261,-0.268039,-0.033617,-0.081636,7.125,0.017158,0.100231,0.093998
60,49.434811,992.26001,0.797449,0.328956,0.25,0.0,0.418804,67236.0,0.389237,1.709517,0.106458,0.395816,-0.068701,0.461854,6.606142,-0.0002,-0.1,-0.002,-0.05,-0.06,-0.2,0.496619,-0.003414,-0.009093,-0.00094,-0.21757,-0.675956,-0.105482,-0.021355,0.761746,-0.185956,-0.076402,-0.157857,-0.107571,1.034026,0.087298,-0.262416,-0.02758,-0.066915,8.791667,0.017129,0.10683,0.107696
61,51.315174,983.570007,0.80228,0.344274,0.208333,0.0,0.41539,65745.0,0.382127,1.669175,0.106797,0.397243,-0.067974,0.467265,6.597211,-0.0002,-0.1,-0.002,-0.05,-0.06,-0.2,0.493525,-0.003375,-0.009051,-0.000962,-0.218954,-0.657819,-0.102016,-0.021051,0.759099,-0.180681,-0.074569,-0.152917,-0.108038,1.042842,0.090051,-0.255632,-0.030977,-0.090397,8.291667,0.017822,0.101008,0.108297
62,51.690582,982.330017,0.802822,0.335598,0.291667,0.0,0.411993,69481.0,0.373211,1.664653,0.102583,0.385237,-0.066521,0.461417,6.591596,-0.0002,-0.1,-0.002,-0.05,-0.06,-0.2,0.49229,-0.003365,-0.008598,-0.001261,-0.216501,-0.640478,-0.100344,-0.020818,0.757769,-0.177785,-0.074351,-0.150941,-0.10704,1.077547,0.090942,-0.249487,-0.023543,-0.056032,7.416667,0.016339,0.094797,0.105814
63,53.126583,992.809998,0.797581,0.352053,0.166667,0.0,0.408734,68864.0,0.366106,1.674536,0.106834,0.405409,-0.069589,0.498016,6.595151,-0.0002,-0.1,-0.002,-0.05,-0.06,-0.2,0.491747,-0.003329,-0.008266,-0.001448,-0.225761,-0.62776,-0.099847,-0.020817,0.776132,-0.173703,-0.073695,-0.154691,-0.109919,1.083853,0.091955,-0.244863,-0.017384,-0.065234,7.458333,0.016845,0.093621,0.107627
64,54.616898,982.169983,0.808648,0.338782,0.291667,0.0,0.405337,64418.0,0.371732,1.668064,0.107682,0.397455,-0.069199,0.486132,6.598907,-0.0002,-0.1,-0.002,-0.05,-0.06,-0.2,0.490276,-0.00324,-0.008412,-0.001464,-0.213567,-0.614648,-0.098906,-0.020376,0.762211,-0.171222,-0.075269,-0.153557,-0.104977,1.057424,0.091478,-0.240475,-0.022683,-0.061367,7.75,0.01768,0.100381,0.112223
65,54.137817,961.940002,0.771018,0.320521,0.391304,0.0,0.401012,64144.0,0.344055,1.547049,0.103719,0.37948,-0.065611,0.493832,6.575616,-0.0002,-0.1,-0.002,-0.05,-0.06,-0.2,0.467261,-0.003086,-0.007862,-0.003343,-0.211601,-0.571321,-0.091711,-0.019331,0.737008,-0.158382,-0.07118,-0.142902,-0.102517,1.046109,0.092079,-0.223674,-0.020205,-0.075471,5.478261,0.017174,0.112447,0.133632
66,54.143402,966.460022,0.798982,0.362213,0.208333,0.0,0.397435,67450.0,0.360755,1.64089,0.094679,0.362365,-0.060753,0.42494,6.601219,-0.0002,-0.1,-0.002,-0.05,-0.06,-0.2,0.486392,-0.003282,-0.0081,-0.001655,-0.200499,-0.580631,-0.094869,-0.019978,0.721052,-0.164851,-0.071014,-0.144779,-0.09883,1.068893,0.09492,-0.228366,-0.014773,-0.031521,4.5,0.016792,0.103171,0.106147
67,55.891663,965.280029,0.797189,0.348127,0.25,0.0,0.395439,64311.0,0.356196,1.602236,0.112369,0.424167,-0.074045,0.526016,6.559877,-0.0002,-0.1,-0.002,-0.05,-0.06,-0.2,0.482936,-0.003186,-0.008069,-0.002389,-0.231704,-0.566006,-0.095345,-0.019982,0.784671,-0.166663,-0.071442,-0.147328,-0.113882,1.068886,0.093779,-0.223516,-0.027575,-0.104641,3.666667,0.019229,0.09811,0.118133
68,58.382126,981.789978,0.815385,0.361725,0.217391,0.0,0.391987,69089.0,0.344039,1.624544,0.091831,0.358711,-0.061692,0.456582,6.593282,-0.0002,-0.1,-0.002,-0.05,-0.06,-0.2,0.489351,-0.003248,-0.007625,-0.002348,-0.199886,-0.562665,-0.092975,-0.019928,0.715908,-0.158823,-0.070155,-0.145818,-0.098282,1.140931,0.098739,-0.221908,-0.009225,-0.042628,3.869565,0.015244,0.094192,0.102647
69,58.461853,968.330017,0.806288,0.373225,0.166667,0.0,0.388506,68884.0,0.343754,1.598843,0.098707,0.363501,-0.062773,0.483663,6.565889,-0.0002,-0.1,-0.002,-0.05,-0.06,-0.2,0.481996,-0.003091,-0.00664,-0.002139,-0.197341,-0.547038,-0.089071,-0.019263,0.732011,-0.157801,-0.070996,-0.143524,-0.095888,1.110916,0.096327,-0.215602,-0.010171,-0.031686,2.75,0.015963,0.094428,0.099774
70,60.420433,988.409973,0.826528,0.349405,0.043478,0.0,0.385301,69543.0,0.347676,1.629525,0.106237,0.394202,-0.071157,0.549562,6.579061,-0.0002,-0.1,-0.002,-0.05,-0.06,-0.2,0.497289,-0.003192,-0.007153,-0.00058,-0.222196,-0.554393,-0.094346,-0.020359,0.782691,-0.163902,-0.074098,-0.152375,-0.10807,1.183808,0.099571,-0.218981,-0.010038,-0.052007,3.043478,0.017472,0.098237,0.101251
71,63.181728,996.640015,0.824447,0.405789,0.086957,0.0,0.382435,68834.0,0.343592,1.617716,0.106878,0.390225,-0.06869,0.538317,6.576599,-0.0002,-0.1,-0.002,-0.05,-0.06,-0.2,0.498709,-0.003198,-0.007127,-0.000828,-0.211052,-0.54502,-0.093607,-0.019939,0.771657,-0.158537,-0.073506,-0.148206,-0.102442,1.225791,0.105287,-0.216094,-0.00937,-0.048665,3.608696,0.018231,0.0798,0.101875
72,63.208603,993.419983,0.845154,0.413769,0.045455,0.0,0.378968,66822.0,0.336938,1.58175,0.100817,0.389767,-0.068082,0.548246,6.553566,-0.0002,-0.1,-0.002,-0.05,-0.06,-0.2,0.49827,-0.003188,-0.007107,-0.000364,-0.212076,-0.534668,-0.092737,-0.020207,0.767426,-0.156222,-0.071554,-0.149656,-0.103207,1.226814,0.107927,-0.212437,-0.015133,-0.086554,3.045455,0.013975,0.085533,0.075321
73,63.811127,990.76001,0.835886,0.425077,0.083333,0.0,0.376815,65423.0,0.333664,1.59738,0.102312,0.383782,-0.066261,0.537967,6.566385,-0.0002,-0.1,-0.002,-0.05,-0.06,-0.2,0.496687,-0.003174,-0.007305,-0.000794,-0.209649,-0.524223,-0.091124,-0.01956,0.768565,-0.152825,-0.070302,-0.146295,-0.101875,1.231183,0.107849,-0.208515,-0.015164,-0.07243,3.625,0.014698,0.076618,0.08436
74,62.944485,964.469971,0.817139,0.434147,0.227273,0.0,0.374659,66852.0,0.323442,1.576241,0.100623,0.384919,-0.068027,0.555423,6.563997,-0.0002,-0.1,-0.002,-0.05,-0.06,-0.2,0.481834,-0.003034,-0.006859,-0.001896,-0.210649,-0.501802,-0.089261,-0.01934,0.759829,-0.150552,-0.069989,-0.144565,-0.100283,1.190652,0.101591,-0.200077,-0.016306,-0.153618,3.818182,0.015467,0.101825,0.096794
75,66.426857,1000.0,0.850254,0.417158,0.0,0.0,0.371547,66283.0,0.330934,1.608477,0.109862,0.412697,-0.073531,0.609484,6.553283,-0.0002,-0.1,-0.002,-0.05,-0.06,-0.2,0.500007,-0.003127,-0.006919,0.0,-0.226944,-0.512803,-0.092675,-0.020294,0.798041,-0.154735,-0.073819,-0.153857,-0.108123,1.260952,0.106389,-0.205145,-0.01989,-0.085472,3.541667,0.016042,0.071469,0.093801
76,65.538284,977.23999,0.823958,0.435564,0.173913,0.0,0.368921,67145.0,0.326005,1.569967,0.101849,0.384667,-0.066513,0.54632,6.543352,-0.0002,-0.1,-0.002,-0.05,-0.06,-0.2,0.488034,-0.003077,-0.006744,-0.001556,-0.211377,-0.491588,-0.085192,-0.018865,0.763258,-0.145272,-0.067237,-0.136708,-0.10318,1.176832,0.108836,-0.196645,-0.012896,-0.063767,3.434783,0.015281,0.100005,0.104305
77,67.118614,966.039978,0.831492,0.419773,0.217391,0.0,0.366533,67848.0,0.315541,1.524989,0.102494,0.381661,-0.065645,0.575919,6.549884,-0.0002,-0.1,-0.002,-0.05,-0.06,-0.2,0.485969,-0.00299,-0.007446,-0.00176,-0.205956,-0.479147,-0.085796,-0.019221,0.765795,-0.143662,-0.071125,-0.143266,-0.098133,1.252013,0.109626,-0.191845,-0.007422,-0.058855,3.956522,0.018962,0.090476,0.10642
78,67.832085,987.309998,0.840946,0.435038,0.086957,0.0,0.363237,63525.0,0.32523,1.612742,0.109616,0.403179,-0.073393,0.601203,6.540276,-0.0002,-0.1,-0.002,-0.05,-0.06,-0.2,0.494642,-0.002984,-0.006226,-0.000725,-0.21338,-0.487544,-0.090461,-0.019644,0.783084,-0.150515,-0.074276,-0.145057,-0.10192,1.254957,0.106602,-0.195611,-0.012051,-0.070438,3.608696,0.014298,0.077361,0.085743
79,69.446243,999.039978,0.858869,0.472691,0.043478,0.0,0.360341,69553.0,0.310061,1.576108,0.09682,0.358334,-0.064573,0.559352,6.522743,-0.0002,-0.1,-0.002,-0.05,-0.06,-0.2,0.49948,-0.002988,-0.005255,-0.000435,-0.196095,-0.478316,-0.085561,-0.019342,0.758784,-0.142396,-0.071064,-0.140965,-0.092798,1.339015,0.11466,-0.191342,-0.010756,-0.064182,2.608696,0.015157,0.070606,0.090373
80,69.73658,980.359985,0.82457,0.45068,0.190476,0.0,0.357392,70496.0,0.301196,1.509794,0.099744,0.368432,-0.064618,0.575228,6.540886,-0.0002,-0.1,-0.002,-0.05,-0.06,-0.2,0.487899,-0.00297,-0.00608,-0.003333,-0.199127,-0.457267,-0.082737,-0.018759,0.758469,-0.13587,-0.067753,-0.134239,-0.095974,1.306131,0.117885,-0.183593,-0.007523,-0.046013,2.904762,0.013187,0.10868,0.110004
81,70.209312,977.73999,0.848129,0.451245,0.166667,0.0,0.354454,67596.0,0.296933,1.489861,0.094844,0.374477,-0.062833,0.571952,6.523739,-0.0002,-0.1,-0.002,-0.05,-0.06,-0.2,0.491208,-0.003059,-0.006037,-0.002139,-0.204735,-0.451262,-0.083541,-0.019008,0.75925,-0.135103,-0.065492,-0.133432,-0.098382,1.33384,0.120827,-0.181715,-0.007935,-0.073727,2.958333,0.016458,0.100934,0.091426
82,70.982025,983.890015,0.838316,0.454407,0.125,0.0,0.352282,66200.0,0.316364,1.531965,0.105258,0.391916,-0.06799,0.579334,6.536724,-0.0002,-0.1,-0.002,-0.05,-0.06,-0.2,0.493397,-0.002991,-0.00586,-0.001,-0.211821,-0.451496,-0.084455,-0.01892,0.773248,-0.13984,-0.067711,-0.135511,-0.100837,1.248182,0.116586,-0.182376,-0.005002,-0.029255,3.416667,0.014636,0.071048,0.085171
83,73.607086,1000.0,0.857694,0.439774,0.086957,0.0,0.349595,64998.0,0.310201,1.552827,0.109678,0.401395,-0.069326,0.629601,6.513668,-0.0002,-0.1,-0.002,-0.05,-0.06,-0.2,0.497076,-0.002968,-0.006376,-0.000585,-0.213344,-0.447254,-0.083879,-0.019048,0.791801,-0.137707,-0.069055,-0.136195,-0.101906,1.30892,0.118359,-0.180978,-0.006262,-0.078419,19.043478,0.014303,0.069048,0.077781
84,73.194801,992.890015,0.850463,0.471972,0.045455,0.0,0.346682,69303.0,0.305435,1.505659,0.104565,0.398727,-0.069021,0.627987,6.527344,-0.0002,-0.1,-0.002,-0.05,-0.06,-0.2,0.495961,-0.00298,-0.006309,-0.000455,-0.214568,-0.441228,-0.082771,-0.018916,0.788889,-0.135753,-0.066174,-0.139284,-0.102628,1.310615,0.122225,-0.178838,-0.005757,-0.061919,5.0,0.016776,0.068591,0.084741
85,73.805786,991.700012,0.8567,0.499356,0.166667,0.0,0.343585,64492.0,0.301072,1.520877,0.105092,0.379272,-0.066936,0.617756,6.524301,-0.0002,-0.1,-0.002,-0.05,-0.06,-0.2,0.495771,-0.002862,-0.004997,-0.001457,-0.201994,-0.435682,-0.081816,-0.018744,0.785381,-0.134811,-0.069478,-0.136487,-0.094448,1.340328,0.122398,-0.175834,-0.005528,-0.058257,4.375,0.015334,0.083104,0.086844
86,73.045593,975.190002,0.822121,0.453604,0.173913,0.0,0.340748,66368.0,0.28951,1.446928,0.102783,0.371091,-0.06484,0.614788,6.500555,-0.0002,-0.1,-0.002,-0.05,-0.06,-0.2,0.48168,-0.002768,-0.005049,-0.002087,-0.191786,-0.413526,-0.079409,-0.018329,0.758538,-0.12967,-0.068204,-0.12924,-0.090274,1.314842,0.122067,-0.167743,-0.004959,-0.071142,4.0,0.016442,0.074963,0.085269
87,75.187607,980.890015,0.847461,0.503914,0.166667,0.0,0.338142,65795.0,0.290151,1.484545,0.105,0.382519,-0.066918,0.617819,6.513309,-0.0002,-0.1,-0.002,-0.05,-0.06,-0.2,0.491522,-0.002854,-0.005272,-0.00125,-0.202531,-0.419635,-0.07926,-0.0185,0.779271,-0.131389,-0.066404,-0.132068,-0.09674,1.357076,0.122504,-0.171164,-0.003788,-0.045944,4.583333,0.016141,0.06546,0.078971
88,75.775093,985.119995,0.863826,0.475509,0.166667,0.0,0.335675,66588.0,0.290217,1.437967,0.109667,0.385532,-0.068379,0.645133,6.508329,-0.0002,-0.1,-0.002,-0.05,-0.06,-0.2,0.49516,-0.002825,-0.005435,-0.001708,-0.215114,-0.415694,-0.078225,-0.018476,0.804379,-0.130564,-0.068827,-0.129709,-0.099259,1.378203,0.130033,-0.167641,-0.005829,-0.060635,3.958333,0.015687,0.078856,0.091647
89,76.07254,973.429993,0.845936,0.516467,0.125,0.0,0.333497,61364.0,0.283459,1.425603,0.105726,0.373905,-0.06531,0.626709,6.502848,-0.0002,-0.1,-0.002,-0.05,-0.06,-0.2,0.481415,-0.002693,-0.004597,-0.001627,-0.197835,-0.398584,-0.075455,-0.017948,0.767884,-0.123843,-0.066371,-0.124798,-0.092837,1.341094,0.12666,-0.161954,-0.004777,-0.051341,4.0,0.014974,0.086611,0.093259
90,78.337959,994.289978,0.874591,0.492336,0.083333,0.0,0.330826,66544.0,0.290115,1.481193,0.107474,0.381445,-0.067653,0.646741,6.522311,-0.0002,-0.1,-0.002,-0.05,-0.06,-0.2,0.498273,-0.002852,-0.005783,-0.000486,-0.200562,-0.409053,-0.077807,-0.018245,0.787435,-0.127881,-0.065364,-0.132654,-0.094712,1.384272,0.131601,-0.166766,-0.00376,-0.044495,4.041667,0.016376,0.075535,0.077744
91,79.638885,991.969971,0.867745,0.527464,0.041667,0.0,0.328392,65215.0,0.284463,1.435889,0.113039,0.377956,-0.067236,0.659336,6.527101,-0.0002,-0.1,-0.002,-0.05,-0.06,-0.2,0.496657,-0.00274,-0.00409,-0.000333,-0.20113,-0.401445,-0.077049,-0.018154,0.799014,-0.125065,-0.068184,-0.126045,-0.091997,1.40433,0.134856,-0.163115,-0.003823,-0.034712,4.333333,0.012453,0.057892,0.072193
92,79.982162,993.570007,0.890048,0.507888,0.041667,0.0,0.325304,65738.0,0.283383,1.440532,0.104127,0.386045,-0.067384,0.657728,6.509941,-0.0002,-0.1,-0.002,-0.05,-0.06,-0.2,0.497323,-0.002853,-0.004308,-0.000333,-0.207746,-0.396597,-0.077916,-0.018201,0.797485,-0.123837,-0.063924,-0.131412,-0.097379,1.389898,0.135611,-0.160931,-0.0029,-0.040214,4.083333,0.01242,0.070106,0.072676
93,78.553329,967.710022,0.841525,0.544408,0.25,0.0,0.322806,66161.0,0.268163,1.375017,0.100076,0.349437,-0.059714,0.601483,6.500216,-0.0002,-0.1,-0.002,-0.05,-0.06,-0.2,0.482131,-0.002727,-0.004792,-0.002407,-0.188236,-0.375681,-0.072112,-0.017499,0.752769,-0.116314,-0.062291,-0.1186,-0.088176,1.395068,0.137788,-0.152994,-0.002939,-0.03736,4.666667,0.015213,0.077564,0.102006
94,80.62381,994.22998,0.886158,0.520941,0.083333,0.0,0.320215,61852.0,0.277356,1.444457,0.112456,0.370606,-0.065147,0.642285,6.505991,-0.0002,-0.1,-0.002,-0.05,-0.06,-0.2,0.498385,-0.002726,-0.004168,-0.000446,-0.196408,-0.384743,-0.072597,-0.017535,0.79519,-0.118585,-0.064466,-0.121093,-0.092478,1.429059,0.14058,-0.156584,-0.002457,-0.036683,5.166667,0.01455,0.065922,0.076497
95,81.036758,988.340027,0.879107,0.533508,0.083333,0.0,0.317753,68142.0,0.279318,1.414194,0.111714,0.389273,-0.067152,0.672211,6.510512,-0.0002,-0.1,-0.002,-0.05,-0.06,-0.2,0.49653,-0.002741,-0.004246,-0.000476,-0.203059,-0.379397,-0.073599,-0.017743,0.801661,-0.11989,-0.063448,-0.122119,-0.095464,1.411096,0.141202,-0.155221,-0.003144,-0.044777,4.958333,0.016558,0.070565,0.073234
96,81.495369,990.25,0.86347,0.519726,0.041667,0.0,0.315412,68056.0,0.272849,1.431483,0.112115,0.391024,-0.065574,0.668925,6.521032,-0.0002,-0.1,-0.002,-0.05,-0.06,-0.2,0.497102,-0.002773,-0.004531,-0.000238,-0.206785,-0.374154,-0.072371,-0.017474,0.805725,-0.117391,-0.062149,-0.118925,-0.097114,1.433841,0.143796,-0.152894,-0.002952,-0.034191,5.083333,0.015296,0.058551,0.070463
97,80.613258,983.700012,0.854232,0.526953,0.125,0.0,0.313054,66360.0,0.268323,1.355593,0.10385,0.355951,-0.060371,0.617976,6.497437,-0.0002,-0.1,-0.002,-0.05,-0.06,-0.2,0.4897,-0.002747,-0.004618,-0.001071,-0.191904,-0.363177,-0.07014,-0.016997,0.771854,-0.112695,-0.060873,-0.116993,-0.089666,1.411561,0.146811,-0.147521,-0.00347,-0.052769,4.541667,0.01559,0.067036,0.061924
98,84.25367,1000.0,0.885002,0.543336,0.0,0.0,0.311255,67036.0,0.267986,1.39993,0.10749,0.373302,-0.063624,0.654469,6.482496,-0.0002,-0.1,-0.002,-0.05,-0.06,-0.2,0.500007,-0.0028,-0.003579,0.0,-0.195259,-0.365712,-0.072041,-0.017419,0.787248,-0.11344,-0.060522,-0.116729,-0.091254,1.479608,0.149777,-0.149483,-0.003541,-0.049207,5.875,0.014,0.049586,0.056462
99,83.827919,1000.0,0.867007,0.568189,0.0,0.0,0.308228,67592.0,0.264923,1.384393,0.108401,0.368564,-0.062071,0.656751,6.469087,-0.000278,-0.108696,-0.002174,-0.053261,-0.063913,-0.213043,0.500007,-0.002747,-0.003405,0.0,-0.193941,-0.361197,-0.071756,-0.017544,0.791888,-0.11456,-0.061812,-0.116879,-0.089876,1.487071,0.151058,-0.147425,-0.002292,-0.033806,6.173913,0.014321,0.055064,0.050693
100,84.246834,1000.0,0.88122,0.5665,0.0,0.0,0.305327,57574.0,0.269414,1.380098,0.112958,0.382994,-0.065034,0.674293,6.452432,-0.002,-0.3,-0.006,-0.125,-0.15,-0.5,0.500007,-0.002998,-0.003941,0.0,-0.196758,-0.358717,-0.072772,-0.017978,0.79807,-0.118165,-0.064761,-0.118759,-0.091353,1.460263,0.14929,-0.149581,-0.002753,-0.052494,6.625,0.014492,0.05222,0.067035
101,84.469704,990.859985,0.878203,0.566224,0.041667,0.0,0.302233,62311.0,0.263977,1.376981,0.107809,0.366277,-0.060959,0.644892,6.439705,-0.002,-0.3,-0.006,-0.125,-0.15,-0.5,0.498736,-0.003528,-0.003884,-0.000111,-0.192046,-0.3512,-0.068487,-0.018274,0.781771,-0.115639,-0.064069,-0.113029,-0.090246,1.477418,0.153544,-0.149883,-0.002265,-0.031471,7.666667,0.013778,0.053347,0.062831
102,85.729256,1000.0,0.887933,0.590325,0.0,0.0,0.298961,60699.0,0.260234,1.353441,0.107349,0.360937,-0.06032,0.644879,6.430942,-0.002,-0.3,-0.006,-0.125,-0.15,-0.5,0.500007,-0.004078,-0.004027,0.0,-0.19053,-0.347183,-0.068582,-0.018952,0.787061,-0.116418,-0.065893,-0.111174,-0.08919,1.498877,0.159631,-0.152168,-0.002282,-0.033123,8.875,0.013462,0.055786,0.059017
103,83.517181,979.280029,0.871262,0.589179,0.166667,0.0,0.295419,61980.0,0.26239,1.33933,0.118363,0.36491,-0.062104,0.652273,6.433305,-0.002,-0.3,-0.006,-0.125,-0.15,-0.5,0.493717,-0.004347,-0.003649,-0.000698,-0.183353,-0.338336,-0.067534,-0.019124,0.784604,-0.119192,-0.071183,-0.108137,-0.08561,1.459368,0.156266,-0.153142,-0.001876,-0.028552,8.541667,0.01531,0.056684,0.069804
104,85.996742,1000.0,0.873214,0.608163,0.0,0.0,0.292528,63420.0,0.263067,1.329193,0.113993,0.363387,-0.060611,0.644538,6.426257,-0.002,-0.3,-0.006,-0.125,-0.15,-0.5,0.500007,-0.00506,-0.004075,0.0,-0.18596,-0.339025,-0.067546,-0.020171,0.788623,-0.122082,-0.071711,-0.108835,-0.08687,1.482879,0.16184,-0.157294,-0.0026,-0.032419,6.583333,0.015336,0.048736,0.058684
105,85.679192,984.289978,0.879732,0.591529,0.083333,0.0,0.289916,57416.0,0.257794,1.320053,0.113463,0.372824,-0.061263,0.654117,6.403478,-0.002,-0.3,-0.006,-0.125,-0.15,-0.5,0.495598,-0.005545,-0.003933,-0.000429,-0.187665,-0.331378,-0.066846,-0.020577,0.781572,-0.123068,-0.073678,-0.107017,-0.088744,1.478916,0.162586,-0.158518,-0.002182,-0.024898,8.25,0.015461,0.056422,0.065098
106,86.770988,1000.0,0.87955,0.606471,0.0,0.0,0.286822,63712.0,0.259,1.35989,0.118067,0.379891,-0.063164,0.671294,6.407592,-0.002,-0.3,-0.006,-0.125,-0.15,-0.5,0.500007,-0.006131,-0.004022,0.0,-0.18987,-0.330304,-0.067747,-0.021203,0.796563,-0.125772,-0.075344,-0.107957,-0.089482,1.489854,0.162283,-0.161436,-0.00179,-0.024939,7.217391,0.013773,0.05297,0.056735
107,86.798943,990.299988,0.883902,0.619281,0.041667,0.0,0.28347,62050.0,0.251243,1.305782,0.114834,0.379773,-0.062187,0.694398,6.388279,-0.002,-0.3,-0.006,-0.125,-0.15,-0.5,0.496635,-0.006625,-0.003834,-0.000278,-0.193788,-0.322069,-0.064805,-0.021994,0.797458,-0.124938,-0.075465,-0.106751,-0.090894,1.504806,0.166337,-0.161976,-0.002167,-0.023185,5.291667,0.014024,0.047305,0.045618
108,87.462959,992.700012,0.880167,0.613134,0.083333,0.0,0.281077,61694.0,0.251474,1.319692,0.117833,0.387566,-0.062554,0.690666,6.388046,-0.002,-0.3,-0.006,-0.125,-0.15,-0.5,0.496194,-0.007154,-0.003901,-0.000833,-0.194126,-0.318524,-0.067165,-0.022875,0.797725,-0.128798,-0.078112,-0.104328,-0.090883,1.499684,0.166661,-0.164131,-0.002192,-0.027556,4.208333,0.012835,0.057711,0.065915
109,87.960617,999.75,0.878465,0.633869,0.041667,0.0,0.278436,62682.0,0.253239,1.280537,0.124123,0.3723,-0.060962,0.676449,6.398708,-0.002,-0.3,-0.006,-0.125,-0.15,-0.5,0.499953,-0.007489,-0.003824,-0.000167,-0.184401,-0.315648,-0.063344,-0.02267,0.800157,-0.127742,-0.083367,-0.10022,-0.086081,1.515639,0.175761,-0.165787,-0.002599,-0.05319,3.875,0.01312,0.052217,0.057795
110,86.879341,992.51001,0.871194,0.631592,0.086957,0.0,0.275852,54739.0,0.250148,1.286966,0.123504,0.382816,-0.06219,0.696337,6.354991,-0.002,-0.3,-0.006,-0.125,-0.15,-0.5,0.495925,-0.008119,-0.004016,-0.00087,-0.190801,-0.308485,-0.064384,-0.023344,0.801708,-0.131848,-0.083405,-0.099841,-0.089418,1.500917,0.171403,-0.166984,-0.002327,-0.024922,3.608696,0.015984,0.063045,0.062258
111,86.005058,975.119995,0.869626,0.611925,0.083333,0.0,0.273306,69718.0,0.249277,1.313829,0.12271,0.363435,-0.059697,0.649002,6.384324,-0.002,-0.3,-0.006,-0.125,-0.15,-0.5,0.494286,-0.008606,-0.00373,-0.000476,-0.181357,-0.305474,-0.061732,-0.023517,0.793381,-0.13352,-0.086423,-0.098334,-0.08535,1.496285,0.170511,-0.168552,-0.00252,-0.030523,2.833333,0.01416,0.058391,0.059715
112,86.813416,980.799988,0.891272,0.626911,0.0,0.0,0.270907,71009.0,0.242708,1.280327,0.116613,0.362815,-0.056911,0.655205,6.362453,-0.002,-0.3,-0.006,-0.125,-0.15,-0.5,0.500007,-0.009269,-0.004208,0.0,-0.178931,-0.303061,-0.06149,-0.02427,0.786064,-0.131914,-0.084497,-0.095107,-0.083853,1.548062,0.181348,-0.171438,-0.00227,-0.035236,3.590909,0.014965,0.047679,0.048855
113,88.115257,990.23999,0.865891,0.599413,0.041667,0.0,0.268188,68637.0,0.248971,1.302318,0.130644,0.386055,-0.062104,0.677671,6.353557,-0.002,-0.3,-0.006,-0.125,-0.15,-0.5,0.493222,-0.009409,-0.003088,-0.000556,-0.184834,-0.297874,-0.06084,-0.02417,0.792737,-0.135794,-0.08834,-0.095708,-0.087315,1.49395,0.173165,-0.172462,-0.001791,-0.031724,3.25,0.014629,0.045285,0.062074
114,87.312599,977.919983,0.870236,0.60684,0.227273,0.0,0.265965,71888.0,0.233565,1.239002,0.116402,0.352552,-0.055406,0.648268,6.332162,-0.002,-0.3,-0.006,-0.125,-0.15,-0.5,0.482086,-0.009919,-0.003038,-0.002879,-0.17431,-0.282425,-0.056023,-0.023931,0.770258,-0.129862,-0.086591,-0.089326,-0.082334,1.492756,0.177932,-0.167853,-0.001917,-0.024741,3.5,0.01642,0.082277,0.070815
115,89.307777,994.340027,0.891415,0.653561,0.041667,0.0,0.264042,69176.0,0.23897,1.258959,0.124812,0.366873,-0.057374,0.671387,6.358855,-0.002,-0.3,-0.006,-0.125,-0.15,-0.5,0.498319,-0.010526,-0.003921,-0.000238,-0.182282,-0.29082,-0.058703,-0.025546,0.799192,-0.137534,-0.092615,-0.093599,-0.086288,1.554981,0.185738,-0.175139,-0.001952,-0.027926,3.541667,0.013463,0.041906,0.050676
116,88.73732,977.820007,0.877027,0.641635,0.136364,0.0,0.262074,65645.0,0.233068,1.195854,0.119795,0.332571,-0.053774,0.633604,6.309299,-0.002,-0.3,-0.006,-0.125,-0.15,-0.5,0.489321,-0.010352,-0.002717,-0.001532,-0.162242,-0.280719,-0.055845,-0.025155,0.764579,-0.133328,-0.09524,-0.0882,-0.076437,1.541975,0.191351,-0.172188,-0.001598,-0.02399,4.045455,0.014216,0.045626,0.086845
117,90.317871,994.309998,0.87543,0.636983,0.043478,0.0,0.2598,70525.0,0.235179,1.262631,0.125051,0.367168,-0.055924,0.68077,6.294265,-0.002,-0.3,-0.006,-0.125,-0.15,-0.5,0.497528,-0.011377,-0.003128,-0.000348,-0.17927,-0.279598,-0.056347,-0.026621,0.799081,-0.136258,-0.094476,-0.089834,-0.085293,1.57389,0.191731,-0.176706,-0.001658,-0.022335,3.26087,0.015847,0.05163,0.042662
118,87.612694,979.52002,0.861769,0.638506,0.166667,0.0,0.257706,69175.0,0.238241,1.227632,0.120951,0.362546,-0.056816,0.653853,6.307163,-0.002,-0.3,-0.006,-0.125,-0.15,-0.5,0.491295,-0.011877,-0.00466,-0.001349,-0.169157,-0.274357,-0.059262,-0.02774,0.76746,-0.145769,-0.101806,-0.090098,-0.080662,1.529371,0.185631,-0.1811,-0.001923,-0.018564,3.916667,0.013708,0.059598,0.08469
119,90.392303,990.140015,0.884259,0.650393,0.043478,0.0,0.255295,69972.0,0.230933,1.215921,0.118577,0.350511,-0.054078,0.652214,6.294225,-0.002,-0.3,-0.006,-0.125,-0.15,-0.5,0.492854,-0.012482,-0.002922,-0.00058,-0.165668,-0.271522,-0.057213,-0.027299,0.76996,-0.142585,-0.098568,-0.087618,-0.078098,1.550974,0.1918,-0.179776,-0.002051,-0.023639,3.73913,0.012093,0.050485,0.071728
120,88.371567,967.359985,0.869092,0.66017,0.217391,0.0,0.252993,69882.0,0.224578,1.171696,0.111057,0.344213,-0.05128,0.629003,6.292957,-0.002,-0.3,-0.006,-0.125,-0.15,-0.5,0.482779,-0.012982,-0.003851,-0.002087,-0.168903,-0.258541,-0.053463,-0.027532,0.756729,-0.13636,-0.09445,-0.085186,-0.080491,1.519066,0.198237,-0.176395,-0.002016,-0.019728,3.173913,0.012853,0.0607,0.075872
121,89.308342,973.109985,0.837446,0.647047,0.090909,0.0,0.251197,65355.0,0.224787,1.195853,0.129797,0.363125,-0.057544,0.675655,6.290205,-0.002,-0.3,-0.006,-0.125,-0.15,-0.5,0.47404,-0.012771,-0.003106,-0.002273,-0.173388,-0.255944,-0.056198,-0.028646,0.775362,-0.14374,-0.103155,-0.084901,-0.080805,1.48835,0.18282,-0.178738,-0.002133,-0.022997,2.772727,0.015329,0.072045,0.093132
122,89.679543,984.320007,0.886712,0.673278,0.0,0.0,0.248671,71258.0,0.236396,1.216885,0.11921,0.366127,-0.054275,0.653139,6.245319,-0.002,-0.3,-0.006,-0.125,-0.15,-0.5,0.500007,-0.014103,-0.003108,0.0,-0.174483,-0.263421,-0.05562,-0.029527,0.785878,-0.145696,-0.102969,-0.084205,-0.082462,1.546422,0.203998,-0.186565,-0.001942,-0.020075,3.272727,0.013607,0.04244,0.040876
123,91.700684,993.22998,0.890414,0.680273,0.041667,0.0,0.246746,67142.0,0.233274,1.226431,0.144438,0.406521,-0.062643,0.751298,6.247646,-0.002,-0.3,-0.006,-0.125,-0.15,-0.5,0.496475,-0.014163,-0.003237,-0.000417,-0.180707,-0.259442,-0.059615,-0.031018,0.817283,-0.152768,-0.111492,-0.088197,-0.084438,1.538771,0.196633,-0.192439,-0.002463,-0.028604,2.916667,0.010091,0.044118,0.048809
124,92.117897,1000.0,0.897776,0.706418,0.0,0.0,0.245359,67007.0,0.223327,1.174861,0.120949,0.342261,-0.051528,0.641168,6.248187,-0.002,-0.3,-0.006,-0.125,-0.15,-0.5,0.500007,-0.015172,-0.002103,0.0,-0.167422,-0.253844,-0.052368,-0.030197,0.772387,-0.143007,-0.104008,-0.079039,-0.079131,1.619386,0.218196,-0.187227,-0.001951,-0.025905,3.652174,0.014136,0.046456,0.0403
125,91.336739,990.140015,0.864924,0.701533,0.045455,0.0,0.24341,70032.0,0.225699,1.1482,0.128261,0.362537,-0.053599,0.673439,6.219703,-0.002,-0.3,-0.006,-0.125,-0.15,-0.5,0.494399,-0.015068,-0.002872,-0.000455,-0.16431,-0.248595,-0.053318,-0.030464,0.774864,-0.147524,-0.108502,-0.079283,-0.077867,1.574154,0.212456,-0.188636,-0.001786,-0.023557,19.727274,0.014887,0.043245,0.043683
126,90.093773,974.48999,0.877171,0.687291,0.125,0.0,0.241488,65762.0,0.22122,1.155644,0.119082,0.362647,-0.053354,0.658368,6.237377,-0.002,-0.3,-0.006,-0.125,-0.15,-0.5,0.492525,-0.01625,-0.002687,-0.000685,-0.171545,-0.24296,-0.053461,-0.031882,0.774299,-0.14823,-0.106283,-0.079025,-0.080458,1.584017,0.21318,-0.190526,-0.002052,-0.027695,5.291667,0.013812,0.047186,0.053774
127,93.343582,1000.0,0.889494,0.714893,0.0,0.0,0.239503,59963.0,0.224995,1.16821,0.13131,0.369716,-0.054258,0.678573,6.245518,-0.002,-0.3,-0.006,-0.125,-0.15,-0.5,0.500007,-0.01651,-0.003435,0.0,-0.167078,-0.244409,-0.053313,-0.032459,0.792631,-0.153787,-0.111818,-0.078321,-0.079198,1.604514,0.218725,-0.195782,-0.002147,-0.018608,4.375,0.012665,0.034435,0.037922
128,92.860268,985.27002,0.890132,0.696264,0.130435,0.0,0.237302,69006.0,0.218236,1.103243,0.13161,0.362353,-0.053522,0.686251,6.2245,-0.002,-0.3,-0.006,-0.125,-0.15,-0.5,0.494259,-0.016533,-0.002652,-0.000986,-0.162288,-0.238828,-0.051145,-0.031443,0.784355,-0.150225,-0.113366,-0.07657,-0.077255,1.589594,0.226319,-0.193029,-0.002446,-0.029927,4.086957,0.014509,0.041238,0.058148
129,92.568489,984.309998,0.877911,0.713121,0.083333,0.0,0.235246,66566.0,0.222396,1.116127,0.129251,0.352559,-0.051108,0.669211,6.219326,-0.002,-0.3,-0.006,-0.125,-0.15,-0.5,0.495331,-0.016841,-0.002827,-0.000486,-0.15738,-0.235575,-0.050053,-0.032279,0.776219,-0.152026,-0.11577,-0.074019,-0.074813,1.589312,0.228075,-0.194214,-0.001902,-0.024067,4.5,0.014309,0.040969,0.040462
130,94.747795,1000.0,0.885762,0.730099,0.0,0.0,0.233561,68959.0,0.216353,1.12877,0.12921,0.358696,-0.052353,0.683316,6.221925,-0.002,-0.3,-0.006,-0.125,-0.15,-0.5,0.500007,-0.017668,-0.002586,0.0,-0.161228,-0.233324,-0.049978,-0.033596,0.78978,-0.151729,-0.116255,-0.07355,-0.076122,1.63527,0.233165,-0.199315,-0.001643,-0.019838,4.125,0.013677,0.037915,0.039431
131,95.152283,1000.0,0.888501,0.732816,0.0,0.0,0.231858,68432.0,0.218721,1.149626,0.139871,0.366457,-0.053003,0.689712,6.205857,-0.002,-0.3,-0.006,-0.125,-0.15,-0.5,0.500007,-0.017939,-0.002273,0.0,-0.161927,-0.230965,-0.050965,-0.034087,0.800259,-0.156306,-0.119197,-0.072961,-0.07506,1.623553,0.228483,-0.198727,-0.001687,-0.017651,4.166667,0.013581,0.034551,0.045361
132,92.973206,1000.0,0.870481,0.695103,0.0,0.0,0.230626,66786.0,0.2249,1.104563,0.132303,0.36238,-0.052597,0.671048,6.171455,-0.002,-0.3,-0.006,-0.125,-0.15,-0.5,0.500007,-0.018587,-0.002758,0.0,-0.15608,-0.228046,-0.04989,-0.034353,0.764873,-0.159097,-0.123624,-0.073315,-0.07386,1.60256,0.235902,-0.203058,-0.002056,-0.019318,3.916667,0.013992,0.040286,0.040751
133,95.709953,1000.0,0.88202,0.726676,0.0,0.0,0.228988,62159.0,0.219353,1.103576,0.139848,0.372466,-0.053002,0.6938,6.164468,-0.002,-0.3,-0.006,-0.125,-0.15,-0.5,0.500007,-0.018329,-0.003176,0.0,-0.155508,-0.22471,-0.049766,-0.034918,0.786577,-0.159348,-0.128738,-0.069508,-0.07467,1.624954,0.242037,-0.205147,-0.001509,-0.010911,4.416667,0.014251,0.042549,0.053852
134,95.591637,1000.0,0.88232,0.718439,0.0,0.0,0.227827,66110.0,0.218436,1.120757,0.141596,0.380623,-0.055178,0.713799,6.168998,-0.002,-0.3,-0.006,-0.125,-0.15,-0.5,0.500007,-0.019666,-0.002344,0.0,-0.168357,-0.220714,-0.051289,-0.036161,0.80077,-0.157948,-0.125444,-0.071194,-0.079325,1.616961,0.239988,-0.206052,-0.002194,-0.040429,4.25,0.013502,0.039485,0.048151
135,97.080421,1000.0,0.891944,0.732616,0.0,0.0,0.226266,66164.0,0.213171,1.120912,0.144176,0.374578,-0.053677,0.721005,6.163406,-0.002,-0.3,-0.006,-0.125,-0.15,-0.5,0.500007,-0.019746,-0.002679,0.0,-0.1611,-0.217752,-0.048405,-0.035396,0.804527,-0.16073,-0.125402,-0.070259,-0.076389,1.632484,0.240971,-0.205527,-0.001679,-0.018413,5.166667,0.013029,0.040181,0.043393
136,95.543228,991.599976,0.893178,0.769031,0.041667,0.0,0.224704,64521.0,0.214659,1.102206,0.13018,0.344328,-0.048947,0.661773,6.143484,-0.002,-0.3,-0.006,-0.125,-0.15,-0.5,0.49806,-0.020342,-0.002597,-0.000185,-0.151864,-0.212751,-0.048324,-0.035944,0.779176,-0.159006,-0.128018,-0.068752,-0.072081,1.626673,0.244154,-0.202916,-0.001954,-0.014497,5.041667,0.014269,0.034458,0.049037
137,96.575584,1000.0,0.894284,0.751434,0.0,0.0,0.22328,66056.0,0.212845,1.076669,0.139359,0.376581,-0.052095,0.725314,6.122241,-0.002,-0.3,-0.006,-0.125,-0.15,-0.5,0.500007,-0.020876,-0.002936,0.0,-0.157932,-0.21082,-0.048581,-0.037385,0.796253,-0.162636,-0.131061,-0.069307,-0.074049,1.641831,0.250639,-0.207945,-0.0022,-0.027609,5.083333,0.014687,0.03644,0.05068
138,96.536385,998.299988,0.887374,0.733853,0.041667,0.0,0.221265,60189.0,0.213434,1.074442,0.140507,0.363518,-0.05121,0.687213,6.119301,-0.002,-0.3,-0.006,-0.125,-0.15,-0.5,0.499561,-0.020837,-0.002671,-0.000208,-0.152454,-0.208053,-0.046653,-0.036634,0.78381,-0.164894,-0.135625,-0.066132,-0.072166,1.638458,0.251129,-0.20853,-0.002034,-0.016013,5.125,0.01622,0.039168,0.046665
139,96.250458,998.01001,0.891254,0.748778,0.041667,0.0,0.219954,67801.0,0.209305,1.050483,0.131719,0.342262,-0.047627,0.660681,6.116935,-0.002,-0.3,-0.006,-0.125,-0.15,-0.5,0.499173,-0.021608,-0.002485,-0.000333,-0.145063,-0.202974,-0.045217,-0.036634,0.770907,-0.16083,-0.13205,-0.063704,-0.069209,1.644852,0.262446,-0.206276,-0.00196,-0.01931,4.833333,0.012559,0.041049,0.03838
140,97.729996,1000.0,0.882618,0.760101,0.0,0.0,0.218722,66702.0,0.209842,1.057261,0.140788,0.361338,-0.04948,0.690894,6.107313,-0.002,-0.3,-0.006,-0.125,-0.15,-0.5,0.500007,-0.021746,-0.002473,0.0,-0.149961,-0.20175,-0.046339,-0.038219,0.785101,-0.163931,-0.138234,-0.062878,-0.070345,1.65264,0.26126,-0.211093,-0.002019,-0.02353,5.916667,0.013865,0.039637,0.039372
141,97.267815,1000.0,0.901168,0.761405,0.0,0.0,0.216806,69062.0,0.210668,1.079997,0.139289,0.359526,-0.049971,0.692216,6.120118,-0.002,-0.3,-0.006,-0.125,-0.15,-0.5,0.500007,-0.022428,-0.002261,0.0,-0.148634,-0.200218,-0.046248,-0.038044,0.782971,-0.168267,-0.138349,-0.063393,-0.069619,1.638496,0.25785,-0.213632,-0.001787,-0.018177,5.869565,0.013044,0.03771,0.03977
142,98.462769,992.140015,0.890265,0.768382,0.083333,0.0,0.215048,65698.0,0.205113,1.037759,0.141417,0.357629,-0.048542,0.698553,6.093543,-0.002,-0.3,-0.006,-0.125,-0.15,-0.5,0.497853,-0.022161,-0.002516,-0.000519,-0.151589,-0.194035,-0.043904,-0.037347,0.792606,-0.162304,-0.134345,-0.061366,-0.072551,1.664936,0.267408,-0.206481,-0.001881,-0.018346,6.708333,0.014097,0.04209,0.049553
143,96.847832,990.140015,0.880758,0.757822,0.208333,0.0,0.213728,59660.0,0.203231,1.03333,0.139742,0.362656,-0.049004,0.696084,6.100739,-0.002,-0.3,-0.006,-0.125,-0.15,-0.5,0.49073,-0.02194,-0.002578,-0.00091,-0.151141,-0.189207,-0.043758,-0.037461,0.788425,-0.159313,-0.132901,-0.061135,-0.071736,1.622392,0.263433,-0.20309,-0.001801,-0.017994,8.333334,0.014271,0.045877,0.056926
144,99.087891,1000.0,0.884391,0.764091,0.041667,0.0,0.2126,69265.0,0.205892,1.038979,0.141424,0.365042,-0.049732,0.698554,6.075349,-0.002,-0.3,-0.006,-0.125,-0.15,-0.5,0.498147,-0.022205,-0.002572,-0.000152,-0.147359,-0.189912,-0.045493,-0.038206,0.785894,-0.160391,-0.136952,-0.062437,-0.070279,1.647524,0.269079,-0.205258,-0.001549,-0.017858,8.833334,0.014253,0.034571,0.047424
145,100.082619,1000.0,0.884798,0.778065,0.0,0.0,0.211443,69586.0,0.208027,1.021932,0.14826,0.380441,-0.051822,0.727414,6.065277,-0.002,-0.3,-0.006,-0.125,-0.15,-0.5,0.500007,-0.022177,-0.002386,0.0,-0.153131,-0.188904,-0.045911,-0.038347,0.798432,-0.162176,-0.136866,-0.062803,-0.072222,1.64472,0.272751,-0.205101,-0.001806,-0.025099,7.916667,0.013532,0.035492,0.03953
146,99.724182,1000.0,0.88848,0.779273,0.0,0.0,0.209426,69096.0,0.205636,1.034024,0.147077,0.370383,-0.050149,0.713362,6.075225,-0.002,-0.3,-0.006,-0.125,-0.15,-0.5,0.500007,-0.021681,-0.002571,0.0,-0.14913,-0.185354,-0.044814,-0.038434,0.794931,-0.158607,-0.137985,-0.061395,-0.070698,1.655972,0.274355,-0.201338,-0.001649,-0.02307,6.625,0.015632,0.036362,0.04198
147,100.345604,1000.0,0.889389,0.777017,0.041667,0.0,0.207918,68926.0,0.201128,1.033692,0.143489,0.366478,-0.048332,0.704614,6.061807,-0.002,-0.3,-0.006,-0.125,-0.15,-0.5,0.499507,-0.022136,-0.002397,-0.000278,-0.146065,-0.181614,-0.043119,-0.036732,0.789163,-0.153658,-0.129184,-0.059583,-0.069524,1.662585,0.279409,-0.196339,-0.00153,-0.021693,8.583334,0.015071,0.038301,0.046131
148,98.304962,972.700012,0.872569,0.761321,0.130435,0.0,0.20622,70322.0,0.196743,1.004928,0.135694,0.349554,-0.046586,0.674136,6.04508,-0.002,-0.3,-0.006,-0.125,-0.15,-0.5,0.487741,-0.021203,-0.002478,-0.001072,-0.138989,-0.175781,-0.042283,-0.036195,0.765729,-0.149012,-0.130156,-0.056792,-0.066031,1.634074,0.275744,-0.190563,-0.001436,-0.017997,6.217391,0.014779,0.051754,0.053599
149,100.983459,1000.0,0.902621,0.791794,0.0,0.0,0.204861,60629.0,0.199217,1.031591,0.140666,0.368593,-0.048511,0.706828,6.054746,-0.002,-0.3,-0.006,-0.125,-0.15,-0.5,0.500007,-0.02231,-0.002605,0.0,-0.149198,-0.177293,-0.043154,-0.036866,0.801375,-0.149918,-0.128515,-0.05998,-0.071205,1.674816,0.28334,-0.193553,-0.001622,-0.025244,4.916667,0.014473,0.034559,0.0332
150,99.844666,986.530029,0.882905,0.774545,0.0,0.083333,0.203586,69807.0,0.196368,1.009195,0.135715,0.367286,-0.047473,0.711825,6.058643,-0.002,-0.3,-0.006,-0.125,-0.15,-0.5,0.495323,-0.022562,-0.003258,-0.000556,-0.147733,-0.173028,-0.042759,-0.036235,0.783043,-0.147502,-0.124466,-0.060942,-0.070966,1.654455,0.285774,-0.189224,-0.001339,-0.021959,3.916667,0.014861,0.036804,0.036195
151,102.310013,1000.0,0.888579,0.78509,0.0,0.0,0.201837,67826.0,0.203087,0.997716,0.156438,0.399219,-0.051834,0.762769,6.023401,-0.002,-0.3,-0.006,-0.125,-0.15,-0.5,0.500007,-0.021828,-0.00234,0.0,-0.154623,-0.173555,-0.043559,-0.036934,0.817201,-0.148587,-0.133508,-0.057344,-0.073121,1.655845,0.292087,-0.192124,-0.001949,-0.032432,4.083333,0.011725,0.04334,0.03872
152,102.066757,1000.0,0.888019,0.789358,0.0,0.0,0.200362,69968.0,0.199755,1.001038,0.142374,0.368923,-0.047667,0.710356,6.019517,-0.002,-0.3,-0.006,-0.125,-0.15,-0.5,0.500007,-0.021823,-0.00266,0.0,-0.144861,-0.169642,-0.041672,-0.036174,0.77988,-0.142379,-0.128079,-0.059253,-0.069547,1.659293,0.29804,-0.186281,-0.001375,-0.020894,3.304348,0.014946,0.038451,0.032038
153,102.655128,1000.0,0.887016,0.801799,0.0,0.0,0.198917,70657.0,0.197856,0.996517,0.145493,0.367408,-0.047179,0.717363,6.010049,-0.002,-0.3,-0.006,-0.125,-0.15,-0.5,0.500007,-0.021864,-0.002014,0.0,-0.141646,-0.168104,-0.041432,-0.03583,0.803011,-0.144887,-0.122092,-0.055638,-0.066323,1.679707,0.294698,-0.183692,-0.001716,-0.022634,2.782609,0.015553,0.027738,0.032345
154,101.467865,990.25,0.885824,0.780824,0.043478,0.0,0.197956,68904.0,0.194184,0.965575,0.1459,0.343703,-0.045196,0.678499,6.019127,-0.002,-0.3,-0.006,-0.125,-0.15,-0.5,0.494702,-0.020932,-0.002039,-0.000435,-0.133639,-0.164651,-0.040249,-0.03446,0.768554,-0.14324,-0.126068,-0.053124,-0.063021,1.670912,0.295664,-0.17835,-0.001532,-0.016834,3.826087,0.013055,0.034872,0.046672
155,103.303375,1000.0,0.896422,0.815145,0.0,0.0,0.197217,60786.0,0.191526,0.988191,0.150725,0.359118,-0.045949,0.71143,5.996389,-0.002,-0.3,-0.006,-0.125,-0.15,-0.5,0.500007,-0.021101,-0.002383,0.0,-0.137774,-0.16289,-0.039299,-0.03407,0.803353,-0.137745,-0.122888,-0.053075,-0.065799,1.707484,0.303314,-0.176372,-0.001197,-0.024205,2.916667,0.013253,0.031512,0.039002
156,103.579407,997.609985,0.887576,0.792009,0.045455,0.0,0.195938,71013.0,0.196264,0.967638,0.155308,0.380243,-0.048454,0.746136,6.011427,-0.002,-0.3,-0.006,-0.125,-0.15,-0.5,0.499098,-0.021099,-0.002826,-0.000303,-0.142169,-0.161745,-0.041371,-0.035785,0.800525,-0.13989,-0.126562,-0.05495,-0.067084,1.676259,0.305257,-0.17977,-0.001334,-0.020114,3.863636,0.015195,0.03742,0.041932
157,102.630417,1000.0,0.884959,0.79298,0.0,0.0,0.19511,67057.0,0.192922,0.973565,0.137369,0.354954,-0.045007,0.688112,6.02704,-0.002,-0.3,-0.006,-0.125,-0.15,-0.5,0.500007,-0.021859,-0.002625,0.0,-0.134871,-0.158003,-0.03986,-0.035998,0.767886,-0.132736,-0.120365,-0.052975,-0.064122,1.702812,0.315368,-0.17594,-0.001596,-0.026516,3.826087,0.014501,0.031558,0.032686
158,105.052216,1000.0,0.889554,0.806928,0.0,0.0,0.193868,69097.0,0.19502,0.950325,0.157844,0.385718,-0.048817,0.758841,6.020032,-0.002,-0.3,-0.006,-0.125,-0.15,-0.5,0.500007,-0.021281,-0.002659,0.0,-0.143241,-0.158233,-0.040844,-0.03608,0.812257,-0.137039,-0.124927,-0.053729,-0.068412,1.681001,0.314428,-0.176127,-0.001361,-0.021163,4.0,0.014579,0.029373,0.034063
159,105.586662,1000.0,0.89256,0.812124,0.0,0.0,0.192605,67923.0,0.190664,0.969148,0.14729,0.361253,-0.04568,0.709272,6.004605,-0.002,-0.3,-0.006,-0.125,-0.15,-0.5,0.500007,-0.021131,-0.002392,0.0,-0.137848,-0.155209,-0.03876,-0.034306,0.803056,-0.131125,-0.120573,-0.052245,-0.066806,1.698037,0.316494,-0.171737,-0.001332,-0.008904,3.26087,0.0125,0.035294,0.034267
160,105.4608,1000.0,0.897305,0.805857,0.0,0.0,0.19124,60998.0,0.195754,0.953583,0.155559,0.380423,-0.048245,0.731444,5.991899,-0.002,-0.3,-0.006,-0.125,-0.15,-0.5,0.500007,-0.020645,-0.002501,0.0,-0.140205,-0.154347,-0.03942,-0.034775,0.802999,-0.133837,-0.123864,-0.051539,-0.067408,1.687111,0.317301,-0.172754,-0.001615,-0.027539,4.083333,0.013639,0.031752,0.038854
161,106.058853,1000.0,0.886138,0.819417,0.0,0.0,0.190218,70134.0,0.188908,0.951916,0.148095,0.36287,-0.045478,0.725165,5.985493,-0.002,-0.3,-0.006,-0.125,-0.15,-0.5,0.500007,-0.021445,-0.003348,0.0,-0.141658,-0.15127,-0.038817,-0.034315,0.800181,-0.12896,-0.116692,-0.051849,-0.068825,1.696021,0.321816,-0.167024,-0.001537,-0.049314,3.826087,0.012913,0.033999,0.037279
162,104.812881,1000.0,0.903347,0.801314,0.0,0.0,0.189276,70887.0,0.191227,0.961258,0.145931,0.361474,-0.044838,0.709289,5.935958,-0.002,-0.3,-0.006,-0.125,-0.15,-0.5,0.500007,-0.021157,-0.002139,0.0,-0.135825,-0.151182,-0.038876,-0.033727,0.790433,-0.13225,-0.120203,-0.049706,-0.065088,1.689047,0.318731,-0.167259,-0.001072,-0.015878,3.090909,0.012742,0.039186,0.0326
163,104.681152,1000.0,0.887918,0.795484,0.0,0.0,0.188345,72296.0,0.189906,0.910708,0.142861,0.351669,-0.043783,0.697341,5.925609,-0.002,-0.3,-0.006,-0.125,-0.15,-0.5,0.500007,-0.020754,-0.002098,0.0,-0.133238,-0.14742,-0.037117,-0.033574,0.777693,-0.128945,-0.118077,-0.048239,-0.064081,1.708074,0.332466,-0.162559,-0.001252,-0.012349,2.772727,0.013179,0.035223,0.046119
164,105.62291,989.440002,0.893536,0.813554,0.086957,0.0,0.18751,70696.0,0.185889,0.920226,0.141904,0.375383,-0.045429,0.73966,5.941074,-0.002,-0.3,-0.006,-0.125,-0.15,-0.5,0.492637,-0.02215,-0.002965,-0.001118,-0.140636,-0.143733,-0.038785,-0.033606,0.790034,-0.124592,-0.107694,-0.053527,-0.067804,1.670153,0.325235,-0.162211,-0.001378,-0.022376,3.086957,0.014706,0.052048,0.047659
165,104.664658,989.469971,0.878399,0.80513,0.083333,0.0,0.186407,67529.0,0.186843,0.916078,0.149104,0.358973,-0.044063,0.703573,5.937829,-0.002,-0.3,-0.006,-0.125,-0.15,-0.5,0.496773,-0.020324,-0.001722,-0.000571,-0.130538,-0.144265,-0.037088,-0.033476,0.778655,-0.126271,-0.119065,-0.045522,-0.062782,1.693552,0.331642,-0.160264,-0.001301,-0.013367,3.458333,0.014217,0.043895,0.041185
166,107.171509,1000.0,0.89498,0.814164,0.0,0.0,0.185128,62575.0,0.186331,0.927909,0.149735,0.362734,-0.044282,0.706478,5.924747,-0.002,-0.3,-0.006,-0.125,-0.15,-0.5,0.500007,-0.020759,-0.00273,0.0,-0.130183,-0.143472,-0.039136,-0.034343,0.776741,-0.126313,-0.117018,-0.048883,-0.06139,1.717403,0.331334,-0.161723,-0.001138,-0.018315,18.695652,0.014847,0.034206,0.039369
167,106.623787,989.48999,0.881898,0.817552,0.090909,0.0,0.184223,72609.0,0.187031,0.895933,0.155083,0.369795,-0.044194,0.718282,5.916002,-0.002,-0.3,-0.006,-0.125,-0.15,-0.5,0.496716,-0.020405,-0.002134,-0.00039,-0.134737,-0.140227,-0.036713,-0.033614,0.798285,-0.119438,-0.116733,-0.044784,-0.064334,1.693433,0.343675,-0.158832,-0.001342,-0.022812,4.454545,0.017351,0.04175,0.044162
168,106.365479,995.789978,0.878828,0.810738,0.083333,0.0,0.182896,67901.0,0.184938,0.915713,0.150125,0.370048,-0.044698,0.723568,5.916203,-0.002,-0.3,-0.006,-0.125,-0.15,-0.5,0.495382,-0.020752,-0.002172,-0.000625,-0.13101,-0.139832,-0.038178,-0.033667,0.779877,-0.121514,-0.117018,-0.046562,-0.06089,1.689728,0.334398,-0.159057,-0.001387,-0.02819,4.833333,0.01586,0.038178,0.046991
169,107.869858,1000.0,0.896905,0.810383,0.0,0.0,0.181777,67658.0,0.184154,0.914304,0.152391,0.364583,-0.044276,0.71584,5.904643,-0.002,-0.3,-0.006,-0.125,-0.15,-0.5,0.500007,-0.020583,-0.002648,0.0,-0.130686,-0.138832,-0.036377,-0.032485,0.798911,-0.119482,-0.111574,-0.046166,-0.062882,1.713165,0.344313,-0.156019,-0.001099,-0.019399,4.333333,0.014215,0.032679,0.035196
170,107.81739,1000.0,0.893152,0.824535,0.0,0.0,0.180432,67483.0,0.182383,0.905407,0.149945,0.348387,-0.041887,0.700548,5.881438,-0.002,-0.3,-0.006,-0.125,-0.15,-0.5,0.500007,-0.019857,-0.001918,0.0,-0.122384,-0.136601,-0.034702,-0.031322,0.778494,-0.117691,-0.116468,-0.043526,-0.058447,1.726225,0.350668,-0.151854,-0.00092,-0.015595,4.0,0.014231,0.032289,0.041649
171,106.067833,991.77002,0.884886,0.824658,0.083333,0.0,0.178886,64350.0,0.183053,0.900598,0.14094,0.347042,-0.041325,0.675308,5.858352,-0.002,-0.3,-0.006,-0.125,-0.15,-0.5,0.497122,-0.02033,-0.002626,-0.000542,-0.121753,-0.134894,-0.035751,-0.032143,0.757445,-0.117139,-0.113232,-0.046045,-0.057219,1.70641,0.346747,-0.152492,-0.001088,-0.017114,4.458333,0.012622,0.037639,0.043237
172,106.75528,995.609985,0.891156,0.81785,0.041667,0.0,0.17827,54905.0,0.181017,0.877239,0.147424,0.349193,-0.042617,0.693741,5.872074,-0.002,-0.3,-0.006,-0.125,-0.15,-0.5,0.497715,-0.020342,-0.002323,-0.000417,-0.12535,-0.133986,-0.035729,-0.031791,0.773764,-0.115269,-0.110647,-0.044023,-0.059109,1.710736,0.354459,-0.150937,-0.000983,-0.017564,4.0,0.01343,0.036143,0.036969
173,108.185013,1000.0,0.894322,0.836957,0.0,0.0,0.176947,67283.0,0.179028,0.866264,0.141382,0.334824,-0.040247,0.662792,5.851923,-0.002,-0.3,-0.006,-0.125,-0.15,-0.5,0.500007,-0.02055,-0.002598,0.0,-0.118828,-0.130672,-0.034094,-0.031301,0.768268,-0.113928,-0.10771,-0.043989,-0.058055,1.726405,0.364569,-0.147886,-0.001037,-0.015309,4.25,0.014619,0.030382,0.038895
174,107.988419,991.400024,0.887149,0.811029,0.041667,0.0,0.175943,66743.0,0.175744,0.849169,0.147884,0.34722,-0.042185,0.689629,5.841538,-0.002,-0.3,-0.006,-0.125,-0.15,-0.5,0.494027,-0.020544,-0.002277,-0.000556,-0.122446,-0.129021,-0.034778,-0.030923,0.771286,-0.110565,-0.104804,-0.04219,-0.057579,1.713243,0.362068,-0.146067,-0.001093,-0.020548,4.5,0.013759,0.037986,0.038919
175,109.407356,1000.0,0.909079,0.830255,0.0,0.0,0.17502,66243.0,0.17944,0.872982,0.14968,0.359852,-0.042512,0.717004,5.828201,-0.002,-0.3,-0.006,-0.125,-0.15,-0.5,0.500007,-0.020627,-0.001955,0.0,-0.126927,-0.129056,-0.034873,-0.031207,0.788906,-0.11239,-0.10742,-0.044496,-0.061209,1.728018,0.362667,-0.146703,-0.001117,-0.017646,3.875,0.013281,0.025246,0.032309
176,108.364372,990.179993,0.888325,0.824862,0.041667,0.0,0.174107,68449.0,0.175718,0.870167,0.142765,0.350727,-0.041988,0.697916,5.821926,-0.002,-0.3,-0.006,-0.125,-0.15,-0.5,0.494887,-0.0208,-0.002676,-0.000417,-0.123057,-0.125821,-0.034193,-0.031072,0.765215,-0.107226,-0.103735,-0.044771,-0.059475,1.717606,0.364582,-0.144745,-0.001007,-0.013948,4.375,0.012314,0.041816,0.046662
177,108.843155,1000.0,0.896806,0.833891,0.0,0.0,0.173237,61798.0,0.175742,0.861628,0.142171,0.331518,-0.039611,0.668239,5.853127,-0.002,-0.3,-0.006,-0.125,-0.15,-0.5,0.500007,-0.020101,-0.001955,0.0,-0.115372,-0.12553,-0.03344,-0.030592,0.769766,-0.107391,-0.106012,-0.041246,-0.055927,1.742742,0.375866,-0.141567,-0.000823,-0.015441,5.375,0.014975,0.031756,0.034975
178,108.757668,982.02002,0.881195,0.811816,0.083333,0.0,0.172412,70373.0,0.173187,0.871507,0.150807,0.361364,-0.042533,0.725457,5.830804,-0.002,-0.3,-0.006,-0.125,-0.15,-0.5,0.488013,-0.019809,-0.002188,-0.001111,-0.123054,-0.122513,-0.033723,-0.030171,0.779583,-0.106168,-0.10294,-0.041174,-0.059168,1.686929,0.356612,-0.139899,-0.00096,-0.01378,5.208333,0.013061,0.038385,0.042767
179,108.826187,990.400024,0.896866,0.824213,0.041667,0.0,0.171763,70272.0,0.176453,0.880446,0.14761,0.374408,-0.043701,0.732852,5.843801,-0.002,-0.3,-0.006,-0.125,-0.15,-0.5,0.498005,-0.021039,-0.002561,-0.000167,-0.128391,-0.123235,-0.036403,-0.031903,0.791439,-0.108911,-0.103585,-0.043593,-0.060474,1.716732,0.367043,-0.143433,-0.001067,-0.020861,4.916667,0.013216,0.034409,0.03831
180,111.292328,1000.0,0.902973,0.851808,0.0,0.0,0.170678,68686.0,0.176686,0.849386,0.159362,0.36994,-0.043378,0.746047,5.846597,-0.002,-0.3,-0.006,-0.125,-0.15,-0.5,0.500007,-0.019639,-0.002982,0.0,-0.125935,-0.122845,-0.034226,-0.03103,0.805156,-0.107316,-0.108072,-0.042292,-0.060066,1.738794,0.378019,-0.141582,-0.001023,-0.021667,4.958333,0.01336,0.033921,0.032922
181,110.890373,1000.0,0.879508,0.83359,0.0,0.0,0.169844,70033.0,0.175403,0.883634,0.16183,0.375492,-0.043515,0.751673,5.823296,-0.002,-0.3,-0.006,-0.125,-0.15,-0.5,0.500007,-0.019858,-0.002127,0.0,-0.123161,-0.121433,-0.033683,-0.030818,0.80042,-0.106974,-0.105566,-0.0412,-0.057979,1.733993,0.372138,-0.140852,-0.000892,-0.016748,5.25,0.013204,0.030188,0.031398
182,111.236481,1000.0,0.899772,0.827709,0.0,0.0,0.169217,71099.0,0.177827,0.858384,0.161416,0.367292,-0.043554,0.723479,5.844621,-0.002,-0.3,-0.006,-0.125,-0.15,-0.5,0.500007,-0.019438,-0.002201,0.0,-0.125344,-0.121384,-0.034952,-0.031331,0.792426,-0.109246,-0.112496,-0.040879,-0.059913,1.732247,0.374287,-0.140035,-0.000973,-0.017602,6.086957,0.012041,0.027878,0.029869
183,111.117073,996.580017,0.895439,0.841313,0.041667,0.0,0.168036,60413.0,0.17627,0.846087,0.160113,0.371319,-0.042572,0.742943,5.837223,-0.002,-0.3,-0.006,-0.125,-0.15,-0.5,0.49953,-0.019813,-0.00201,-0.000111,-0.124437,-0.119133,-0.034386,-0.030953,0.793568,-0.105395,-0.105996,-0.039333,-0.058127,1.727729,0.380879,-0.138112,-0.001426,-0.022177,6.291667,0.012988,0.035399,0.035606
184,112.228447,1000.0,0.897336,0.842913,0.0,0.0,0.167212,68536.0,0.176578,0.83729,0.164858,0.378021,-0.043558,0.746732,5.831966,-0.002,-0.3,-0.006,-0.125,-0.15,-0.5,0.500007,-0.019815,-0.002133,0.0,-0.121381,-0.118351,-0.034359,-0.030547,0.802259,-0.105167,-0.105892,-0.040541,-0.057894,1.735129,0.382654,-0.138407,-0.001055,-0.029847,7.125,0.013326,0.035,0.035483
185,112.594505,1000.0,0.900719,0.843821,0.0,0.0,0.166668,69441.0,0.173139,0.847805,0.156752,0.369485,-0.042432,0.747447,5.841777,-0.002,-0.3,-0.006,-0.125,-0.15,-0.5,0.500007,-0.020231,-0.002406,0.0,-0.124482,-0.116562,-0.033606,-0.030193,0.800553,-0.103256,-0.102523,-0.041097,-0.060014,1.739821,0.385828,-0.135112,-0.000918,-0.017336,8.791667,0.012233,0.033699,0.033665
186,111.503876,1000.0,0.893418,0.844283,0.0,0.0,0.165858,69491.0,0.174755,0.848832,0.156722,0.368404,-0.042148,0.725381,5.798197,-0.002,-0.3,-0.006,-0.125,-0.15,-0.5,0.500007,-0.019855,-0.002377,0.0,-0.119783,-0.115829,-0.034312,-0.030893,0.78565,-0.103319,-0.104234,-0.040872,-0.056523,1.737061,0.385072,-0.136077,-0.000915,-0.020878,8.125,0.013362,0.032641,0.03033
187,109.260315,974.01001,0.885584,0.838198,0.125,0.0,0.164741,69357.0,0.169061,0.822954,0.153645,0.353413,-0.040218,0.709885,5.831249,-0.002,-0.3,-0.006,-0.125,-0.15,-0.5,0.492382,-0.019728,-0.00227,-0.000694,-0.116661,-0.111997,-0.032268,-0.029405,0.782004,-0.099626,-0.099907,-0.039282,-0.056138,1.714663,0.386285,-0.130455,-0.000834,-0.017143,7.5,0.014088,0.035657,0.042652
188,110.930534,1000.0,0.897751,0.834573,0.0,0.0,0.164108,70203.0,0.172209,0.814325,0.150391,0.341926,-0.039004,0.693639,5.835832,-0.002,-0.3,-0.006,-0.125,-0.15,-0.5,0.500007,-0.019129,-0.002266,0.0,-0.111636,-0.112818,-0.03165,-0.02919,0.769046,-0.101157,-0.104156,-0.037561,-0.053656,1.75054,0.398706,-0.129898,-0.000809,-0.013829,7.541667,0.014659,0.031361,0.036451
189,110.851891,979.890015,0.882708,0.825162,0.125,0.0,0.163152,59042.0,0.16989,0.802076,0.157442,0.364559,-0.041486,0.731649,5.851485,-0.002,-0.3,-0.006,-0.125,-0.15,-0.5,0.492607,-0.019446,-0.001978,-0.000863,-0.118595,-0.110451,-0.032302,-0.029599,0.781129,-0.09896,-0.100487,-0.037724,-0.057099,1.713213,0.392553,-0.129521,-0.000973,-0.018545,7.791667,0.014886,0.045165,0.041045
190,112.927689,996.929993,0.894606,0.844018,0.043478,0.0,0.162336,68821.0,0.172322,0.805775,0.156781,0.362353,-0.040518,0.729153,5.818988,-0.002,-0.3,-0.006,-0.125,-0.15,-0.5,0.49905,-0.019966,-0.002125,-0.000248,-0.115581,-0.110706,-0.032335,-0.028926,0.79079,-0.098903,-0.097294,-0.039058,-0.055912,1.735232,0.401156,-0.129046,-0.000969,-0.025704,5.652174,0.013661,0.034297,0.036623
191,112.537338,1000.0,0.888864,0.856288,0.0,0.0,0.161571,66752.0,0.170182,0.789064,0.156547,0.348133,-0.04007,0.70206,5.811355,-0.002,-0.3,-0.006,-0.125,-0.15,-0.5,0.500007,-0.019059,-0.002023,0.0,-0.113081,-0.110563,-0.032382,-0.029922,0.770116,-0.098765,-0.103135,-0.037226,-0.054252,1.754291,0.405795,-0.129016,-0.000899,-0.022158,4.75,0.012869,0.029846,0.028043
192,110.817253,988.200012,0.890315,0.837768,0.083333,0.0,0.161276,67538.0,0.168136,0.81857,0.146654,0.34226,-0.038159,0.684095,5.824278,-0.002,-0.3,-0.006,-0.125,-0.15,-0.5,0.494198,-0.019391,-0.002686,-0.00075,-0.11251,-0.107152,-0.031398,-0.028879,0.752404,-0.094456,-0.096857,-0.036706,-0.054364,1.729509,0.399973,-0.124429,-0.001014,-0.018158,3.916667,0.014292,0.03586,0.037955
193,113.250427,990.440002,0.887754,0.85215,0.043478,0.0,0.160778,70352.0,0.168818,0.80238,0.15903,0.360115,-0.039728,0.722133,5.819922,-0.002,-0.3,-0.006,-0.125,-0.15,-0.5,0.498115,-0.019419,-0.001791,-0.000158,-0.109637,-0.107344,-0.031114,-0.02818,0.773479,-0.095865,-0.097522,-0.034961,-0.052227,1.738468,0.40714,-0.125479,-0.000789,-0.012284,3.913043,0.012273,0.034335,0.038218
194,113.345032,994.429993,0.900073,0.831411,0.041667,0.0,0.160121,59092.0,0.170008,0.797578,0.165905,0.373893,-0.041627,0.7455,5.816204,-0.002,-0.3,-0.006,-0.125,-0.15,-0.5,0.497682,-0.019473,-0.002091,-0.000333,-0.116391,-0.105745,-0.031735,-0.02869,0.779064,-0.095501,-0.095879,-0.036884,-0.054993,1.73425,0.411163,-0.125908,-0.000986,-0.015146,2.791667,0.013215,0.035759,0.035117
195,113.857956,1000.0,0.899426,0.844447,0.0,0.0,0.159016,72027.0,0.172202,0.815152,0.172268,0.389436,-0.043128,0.758476,5.804235,-0.002,-0.3,-0.006,-0.125,-0.15,-0.5,0.500007,-0.01928,-0.002494,0.0,-0.117444,-0.105924,-0.033247,-0.029715,0.796772,-0.095742,-0.101485,-0.03614,-0.055071,1.738328,0.408498,-0.12768,-0.0008,-0.016976,3.130435,0.011957,0.029174,0.029012
196,115.108086,1000.0,0.904076,0.857114,0.0,0.0,0.158329,71698.0,0.168921,0.82454,0.168893,0.382062,-0.041688,0.755975,5.779552,-0.002,-0.3,-0.006,-0.125,-0.15,-0.5,0.500007,-0.019297,-0.001976,0.0,-0.11598,-0.105362,-0.031277,-0.028035,0.809103,-0.093403,-0.0983,-0.035519,-0.055057,1.758311,0.408259,-0.125224,-0.000651,-0.015524,3.695652,0.012661,0.031962,0.0323
197,114.890259,1000.0,0.89892,0.840405,0.0,0.0,0.157741,73118.0,0.170259,0.821679,0.169648,0.403854,-0.043562,0.795918,5.792285,-0.002,-0.3,-0.006,-0.125,-0.15,-0.5,0.500007,-0.019929,-0.002384,0.0,-0.124079,-0.104496,-0.033736,-0.030105,0.816045,-0.097078,-0.100049,-0.037555,-0.057544,1.745452,0.403633,-0.127015,-0.001042,-0.020987,3.181818,0.012085,0.033661,0.033647
198,112.526367,992.5,0.903355,0.840067,0.083333,0.0,0.156974,70968.0,0.167663,0.777572,0.156653,0.347608,-0.039114,0.676274,5.775047,-0.002,-0.3,-0.006,-0.125,-0.15,-0.5,0.495303,-0.018627,-0.002002,-0.00125,-0.107841,-0.101781,-0.031126,-0.028164,0.756298,-0.091703,-0.097916,-0.03468,-0.051653,1.733429,0.419455,-0.120027,-0.000632,-0.016915,3.708333,0.01289,0.041282,0.049692
199,113.33358,986.080017,0.880619,0.844974,0.090909,0.0,0.15643,73237.0,0.160348,0.762245,0.156148,0.352077,-0.038896,0.712811,5.762192,-0.002,-0.3,-0.006,-0.125,-0.15,-0.5,0.489446,-0.018791,-0.001618,-0.001212,-0.109086,-0.099435,-0.029398,-0.026945,0.773148,-0.088304,-0.090863,-0.033744,-0.052585,1.736595,0.418537,-0.117214,-0.000855,-0.01729,3.954545,0.01331,0.049938,0.050262
200,114.465141,996.919983,0.904982,0.839639,0.041667,0.0,0.155696,57782.0,0.165365,0.801177,0.159569,0.361359,-0.040556,0.713231,5.759246,-0.002,-0.3,-0.006,-0.125,-0.15,-0.5,0.498397,-0.019248,-0.001852,-0.000417,-0.10992,-0.100608,-0.031346,-0.028268,0.781918,-0.092792,-0.095257,-0.033976,-0.052517,1.760586,0.418014,-0.120388,-0.000715,-0.018673,3.625,0.01533,0.037732,0.034747
201,112.531036,978.780029,0.88769,0.822851,0.130435,0.0,0.155085,66741.0,0.160285,0.759759,0.152253,0.342804,-0.037558,0.689787,5.763327,-0.002,-0.3,-0.006,-0.125,-0.15,-0.5,0.486836,-0.018743,-0.002066,-0.001623,-0.10719,-0.096627,-0.028711,-0.026148,0.768834,-0.086892,-0.090922,-0.032121,-0.051477,1.714593,0.419637,-0.113566,-0.000671,-0.011614,3.695652,0.012193,0.053051,0.050637
202,115.768967,1000.0,0.905034,0.843103,0.0,0.0,0.154459,64730.0,0.169598,0.781266,0.179846,0.393229,-0.042634,0.778753,5.755942,-0.002,-0.3,-0.006,-0.125,-0.15,-0.5,0.500007,-0.018921,-0.002042,0.0,-0.114612,-0.099543,-0.031141,-0.027216,0.808727,-0.091065,-0.097698,-0.033656,-0.054978,1.744629,0.42569,-0.120209,-0.000924,-0.02279,4.043478,0.013578,0.031647,0.032284
203,114.34034,1000.0,0.893381,0.851043,0.0,0.0,0.153615,63808.0,0.163222,0.795184,0.155084,0.350008,-0.038104,0.691446,5.717386,-0.002,-0.3,-0.006,-0.125,-0.15,-0.5,0.500007,-0.0192,-0.001842,0.0,-0.10713,-0.097585,-0.029535,-0.027223,0.76462,-0.087116,-0.09119,-0.032968,-0.050895,1.769107,0.431158,-0.116613,-0.000621,-0.010647,3.869565,0.014691,0.034424,0.035248
204,113.651741,990.380005,0.875523,0.830936,0.043478,0.0,0.153063,67149.0,0.16576,0.745376,0.16688,0.395839,-0.04205,0.776178,5.753229,-0.002,-0.3,-0.006,-0.125,-0.15,-0.5,0.493028,-0.019268,-0.002214,-0.00058,-0.119715,-0.096245,-0.030973,-0.02781,0.789689,-0.088792,-0.094397,-0.03329,-0.056957,1.724362,0.428626,-0.117294,-0.001155,-0.025593,2.608696,0.014002,0.03713,0.045295
205,113.536995,990.380005,0.89341,0.853138,0.0,0.0,0.152552,69971.0,0.165044,0.754899,0.156786,0.354144,-0.03729,0.699884,5.745461,-0.002,-0.3,-0.006,-0.125,-0.15,-0.5,0.500007,-0.018226,-0.002482,0.0,-0.104292,-0.096334,-0.029714,-0.027617,0.771732,-0.089109,-0.099765,-0.032688,-0.050387,1.772812,0.436046,-0.115009,-0.000892,-0.014373,3.095238,0.014846,0.031263,0.036852
206,115.249619,1000.0,0.895789,0.838018,0.0,0.0,0.151808,57674.0,0.168708,0.764561,0.176583,0.386564,-0.04128,0.771701,5.741782,-0.002,-0.3,-0.006,-0.125,-0.15,-0.5,0.500007,-0.018819,-0.002415,0.0,-0.116424,-0.095505,-0.031351,-0.028286,0.797306,-0.087037,-0.097113,-0.034047,-0.055796,1.749459,0.437672,-0.116892,-0.001101,-0.027788,3.086957,0.01158,0.039366,0.037008
207,115.06308,1000.0,0.888827,0.851711,0.0,0.0,0.151156,65148.0,0.164987,0.751653,0.161439,0.368406,-0.039724,0.729099,5.715476,-0.002,-0.3,-0.006,-0.125,-0.15,-0.5,0.500007,-0.019025,-0.002475,0.0,-0.111021,-0.095085,-0.03021,-0.028112,0.784057,-0.087253,-0.092184,-0.033003,-0.055043,1.746769,0.443648,-0.115281,-0.000627,-0.01831,3.541667,0.013392,0.031562,0.029025
208,116.665771,1000.0,0.88194,0.826478,0.086957,0.0,0.150547,65971.0,0.166585,0.741845,0.174352,0.392309,-0.041639,0.768068,5.720644,-0.002,-0.3,-0.006,-0.125,-0.15,-0.5,0.49285,-0.018757,-0.002611,-0.000585,-0.11484,-0.093143,-0.03109,-0.027938,0.790943,-0.086478,-0.093734,-0.033602,-0.054859,1.720531,0.433615,-0.114459,-0.000804,-0.021725,18.652174,0.012221,0.040212,0.04186
209,114.227135,984.859985,0.884647,0.853659,0.090909,0.0,0.150239,68047.0,0.164527,0.763542,0.163082,0.362857,-0.037965,0.726089,5.708018,-0.002,-0.3,-0.006,-0.125,-0.15,-0.5,0.495508,-0.018423,-0.001874,-0.000529,-0.108454,-0.09257,-0.029813,-0.027239,0.778687,-0.086011,-0.094833,-0.031606,-0.051512,1.746164,0.434144,-0.111328,-0.000656,-0.015554,5.227273,0.014535,0.037276,0.042979
210,115.75248,1000.0,0.89836,0.849211,0.0,0.0,0.149474,60391.0,0.162878,0.750421,0.166087,0.367304,-0.03818,0.718056,5.723714,-0.002,-0.3,-0.006,-0.125,-0.15,-0.5,0.500007,-0.018817,-0.00248,0.0,-0.10435,-0.093057,-0.030208,-0.027053,0.774005,-0.087748,-0.093729,-0.033183,-0.049435,1.762104,0.443237,-0.112851,-0.000835,-0.018433,4.375,0.012283,0.026956,0.024306
211,115.041405,994.109985,0.900408,0.852362,0.086957,0.0,0.148847,61505.0,0.162048,0.789169,0.165521,0.368896,-0.039483,0.723789,5.712917,-0.002,-0.3,-0.006,-0.125,-0.15,-0.5,0.497709,-0.019026,-0.002643,-0.000638,-0.109598,-0.091167,-0.029572,-0.026548,0.782454,-0.084815,-0.08997,-0.032453,-0.053222,1.756501,0.436075,-0.111352,-0.000532,-0.013319,4.26087,0.013638,0.03404,0.040873
212,116.179031,1000.0,0.898058,0.866347,0.0,0.0,0.147981,71098.0,0.159844,0.737057,0.159826,0.350138,-0.037588,0.692015,5.719643,-0.002,-0.3,-0.006,-0.125,-0.15,-0.5,0.500007,-0.018214,-0.002082,0.0,-0.100457,-0.090988,-0.028865,-0.026074,0.763448,-0.080598,-0.091778,-0.030226,-0.047981,1.776849,0.461656,-0.110434,-0.000611,-0.015006,4.583333,0.014288,0.03648,0.040053
213,117.665421,1000.0,0.900395,0.864533,0.0,0.0,0.147355,69422.0,0.160754,0.74365,0.170549,0.383534,-0.039937,0.760361,5.713436,-0.002,-0.3,-0.006,-0.125,-0.15,-0.5,0.500007,-0.019243,-0.001928,0.0,-0.11012,-0.090373,-0.029871,-0.026946,0.793327,-0.082498,-0.087618,-0.03148,-0.052021,1.768462,0.452636,-0.110413,-0.000816,-0.011869,4.208333,0.014432,0.030331,0.041496
214,115.606934,990.429993,0.896212,0.853878,0.041667,0.0,0.146613,67951.0,0.161893,0.714818,0.169424,0.359177,-0.037755,0.722656,5.694317,-0.002,-0.3,-0.006,-0.125,-0.15,-0.5,0.49668,-0.017976,-0.002074,-0.000278,-0.104047,-0.089509,-0.028698,-0.026214,0.781106,-0.082906,-0.093874,-0.02975,-0.049537,1.754454,0.455941,-0.108186,-0.000658,-0.024557,4.0,0.016173,0.042511,0.045503
215,114.445045,980.409973,0.892964,0.846267,0.083333,0.0,0.146238,70633.0,0.156258,0.762839,0.157047,0.356572,-0.036857,0.70825,5.674772,-0.002,-0.3,-0.006,-0.125,-0.15,-0.5,0.490813,-0.019029,-0.002242,-0.00075,-0.102933,-0.086911,-0.029016,-0.025849,0.763472,-0.08178,-0.085323,-0.031808,-0.048736,1.737757,0.43913,-0.106439,-0.000671,-0.017631,4.166667,0.014012,0.036791,0.040394
216,115.023132,984.719971,0.881908,0.843581,0.083333,0.0,0.145812,70185.0,0.159741,0.74376,0.166098,0.363821,-0.037382,0.724,5.689063,-0.002,-0.3,-0.006,-0.125,-0.15,-0.5,0.493093,-0.018311,-0.002517,-0.000694,-0.105034,-0.08671,-0.028302,-0.02624,0.778828,-0.079916,-0.089249,-0.030979,-0.050383,1.740047,0.449502,-0.106467,-0.000581,-0.015846,4.25,0.013313,0.032992,0.039386
217,118.31073,1000.0,0.897226,0.850047,0.0,0.0,0.145343,58242.0,0.159053,0.742422,0.166794,0.386922,-0.03959,0.764962,5.686729,-0.002,-0.3,-0.006,-0.125,-0.15,-0.5,0.500007,-0.019517,-0.002705,0.0,-0.108266,-0.087726,-0.029796,-0.02699,0.788948,-0.083321,-0.086599,-0.031983,-0.050451,1.767242,0.453764,-0.109497,-0.000664,-0.024176,4.0,0.012665,0.029514,0.033408
218,113.338936,968.570007,0.87748,0.832386,0.166667,0.0,0.144979,69971.0,0.16064,0.701814,0.167867,0.370846,-0.038857,0.721802,5.676034,-0.002,-0.3,-0.006,-0.125,-0.15,-0.5,0.487439,-0.018131,-0.003233,-0.001294,-0.105347,-0.084985,-0.028393,-0.025945,0.766333,-0.079138,-0.084953,-0.029189,-0.050657,1.710349,0.452061,-0.105267,-0.000732,-0.014546,4.791667,0.013531,0.043983,0.059565
219,118.249237,1000.0,0.893143,0.868183,0.0,0.0,0.144287,67378.0,0.159321,0.734627,0.176155,0.391153,-0.040128,0.767255,5.681066,-0.002,-0.3,-0.006,-0.125,-0.15,-0.5,0.500007,-0.018394,-0.002276,0.0,-0.108091,-0.086939,-0.029616,-0.026535,0.797901,-0.081996,-0.088589,-0.030111,-0.051287,1.76968,0.458377,-0.108404,-0.000625,-0.015573,5.25,0.01396,0.029781,0.02501
220,118.054298,1000.0,0.902511,0.859937,0.0,0.0,0.143843,69196.0,0.161657,0.716536,0.172867,0.377945,-0.038337,0.744788,5.661333,-0.002,-0.3,-0.006,-0.125,-0.15,-0.5,0.500007,-0.018395,-0.001942,0.0,-0.103128,-0.086093,-0.028748,-0.026178,0.787989,-0.080205,-0.088609,-0.02902,-0.049128,1.764508,0.466611,-0.106396,-0.000537,-0.011593,5.0,0.012053,0.028275,0.025214
221,117.658066,1000.0,0.905695,0.860379,0.0,0.0,0.143334,65777.0,0.156923,0.713565,0.161684,0.355549,-0.036962,0.700443,5.677019,-0.002,-0.3,-0.006,-0.125,-0.15,-0.5,0.500007,-0.018333,-0.002037,0.0,-0.100189,-0.085196,-0.027744,-0.025713,0.769504,-0.078803,-0.085641,-0.029068,-0.048456,1.77617,0.472673,-0.104614,-0.00071,-0.019414,5.083333,0.012794,0.03029,0.030314
222,117.628922,1000.0,0.887474,0.859999,0.0,0.0,0.142724,55708.0,0.158083,0.723482,0.164004,0.370711,-0.03894,0.729521,5.638958,-0.002,-0.3,-0.006,-0.125,-0.15,-0.5,0.500007,-0.018576,-0.001906,0.0,-0.102699,-0.084667,-0.029033,-0.026943,0.774643,-0.077097,-0.088383,-0.03049,-0.049606,1.775564,0.472003,-0.106259,-0.000522,-0.011277,4.541667,0.014914,0.032325,0.031525
223,117.766289,991.940002,0.887386,0.846832,0.125,0.0,0.142461,64448.0,0.158854,0.706089,0.171078,0.386779,-0.03877,0.751496,5.629662,-0.002,-0.3,-0.006,-0.125,-0.15,-0.5,0.494477,-0.018519,-0.003517,-0.000949,-0.107652,-0.084028,-0.029902,-0.026279,0.78306,-0.080844,-0.090538,-0.030506,-0.050763,1.742774,0.459932,-0.105254,-0.00106,-0.017883,5.708333,0.015424,0.031447,0.040389
224,118.311928,1000.0,0.889914,0.861498,0.0,0.0,0.142218,64496.0,0.159807,0.723702,0.179823,0.385931,-0.038957,0.768077,5.618172,-0.002,-0.3,-0.006,-0.125,-0.15,-0.5,0.500007,-0.018118,-0.002308,0.0,-0.105902,-0.084183,-0.02912,-0.02611,0.793868,-0.080078,-0.093158,-0.029638,-0.050906,1.764012,0.468175,-0.104951,-0.000521,-0.016631,6.086957,0.014089,0.030612,0.030407
225,115.016739,978.700012,0.889557,0.848252,0.125,0.0,0.141296,62163.0,0.159036,0.702056,0.168216,0.370694,-0.038186,0.723814,5.64593,-0.002,-0.3,-0.006,-0.125,-0.15,-0.5,0.495618,-0.018197,-0.001765,-0.000591,-0.104608,-0.08289,-0.028763,-0.026223,0.76922,-0.078265,-0.088893,-0.028732,-0.050086,1.75215,0.469541,-0.103678,-0.00065,-0.019493,6.625,0.015503,0.031291,0.036486
226,119.436615,1000.0,0.906373,0.86809,0.0,0.0,0.140816,63821.0,0.155165,0.687906,0.171569,0.37596,-0.038026,0.759674,5.604894,-0.002,-0.3,-0.006,-0.125,-0.15,-0.5,0.500007,-0.018736,-0.001972,0.0,-0.103193,-0.082364,-0.028283,-0.025733,0.797287,-0.076596,-0.083521,-0.028297,-0.049283,1.78176,0.483968,-0.102807,-0.000652,-0.017885,7.708333,0.013961,0.030868,0.031055
227,119.048843,1000.0,0.894151,0.867734,0.0,0.0,0.140174,66213.0,0.154352,0.701587,0.169712,0.376214,-0.037408,0.747397,5.599922,-0.002,-0.3,-0.006,-0.125,-0.15,-0.5,0.500007,-0.01865,-0.002546,0.0,-0.101225,-0.081447,-0.027904,-0.025304,0.786489,-0.075532,-0.083948,-0.029117,-0.048629,1.782557,0.48279,-0.101635,-0.000627,-0.015076,8.583334,0.013348,0.029132,0.028337
228,119.2201,1000.0,0.905139,0.863167,0.041667,0.0,0.139495,55708.0,0.154986,0.705061,0.168288,0.368444,-0.037703,0.736807,5.605478,-0.002,-0.3,-0.006,-0.125,-0.15,-0.5,0.4983,-0.018459,-0.002387,-0.000139,-0.103066,-0.080715,-0.027869,-0.025281,0.790276,-0.075385,-0.084927,-0.028016,-0.050265,1.770768,0.481025,-0.100723,-0.000516,-0.011991,8.291667,0.013547,0.033054,0.03372
229,119.697563,1000.0,0.905412,0.859187,0.0,0.0,0.139063,62919.0,0.159583,0.689405,0.180722,0.380313,-0.037931,0.752223,5.642423,-0.002,-0.3,-0.006,-0.125,-0.15,-0.5,0.500007,-0.017775,-0.002489,0.0,-0.100471,-0.081173,-0.028136,-0.025453,0.790538,-0.075544,-0.089223,-0.028185,-0.047708,1.766521,0.484513,-0.102028,-0.000568,-0.014265,6.708333,0.012175,0.031082,0.031478
230,119.274261,1000.0,0.902176,0.864344,0.041667,0.0,0.138353,56724.0,0.156235,0.694378,0.171791,0.380614,-0.039125,0.757347,5.640551,-0.002,-0.3,-0.006,-0.125,-0.15,-0.5,0.499836,-0.018465,-0.002061,-0.000167,-0.104543,-0.080589,-0.028708,-0.025873,0.797845,-0.074934,-0.0862,-0.029438,-0.050781,1.776463,0.484916,-0.101793,-0.000559,-0.019219,8.291667,0.013486,0.03189,0.034386
231,119.472832,1000.0,0.899761,0.856472,0.043478,0.0,0.137706,59619.0,0.15679,0.701032,0.177751,0.384647,-0.038386,0.758718,5.612472,-0.002,-0.3,-0.006,-0.125,-0.15,-0.5,0.497881,-0.017977,-0.002665,-0.000174,-0.103813,-0.079974,-0.028436,-0.025335,0.791962,-0.076126,-0.088167,-0.029094,-0.04992,1.77003,0.479392,-0.100988,-0.000511,-0.011088,7.217391,0.011806,0.0311,0.036145
232,119.483955,992.390015,0.903224,0.858603,0.041667,0.0,0.137175,59863.0,0.151349,0.697746,0.167721,0.369778,-0.036254,0.740597,5.594687,-0.002,-0.3,-0.006,-0.125,-0.15,-0.5,0.496038,-0.018153,-0.00249,-0.000417,-0.099372,-0.078178,-0.026499,-0.024363,0.788097,-0.072681,-0.08225,-0.027742,-0.048368,1.772294,0.483872,-0.097927,-0.000522,-0.011806,5.291667,0.012499,0.033876,0.036782
233,119.969139,1000.0,0.899285,0.865503,0.0,0.0,0.136816,48612.0,0.153629,0.6914,0.168937,0.376557,-0.03806,0.741636,5.616535,-0.002,-0.3,-0.006,-0.125,-0.15,-0.5,0.500007,-0.018445,-0.002523,0.0,-0.102795,-0.07916,-0.027838,-0.025534,0.783234,-0.073141,-0.084448,-0.028539,-0.050502,1.787569,0.491776,-0.100919,-0.000651,-0.019249,4.333333,0.013116,0.031345,0.031318
234,118.88974,990.210022,0.887557,0.839932,0.041667,0.0,0.136099,69421.0,0.154558,0.693446,0.172523,0.380956,-0.038097,0.746482,5.62159,-0.002,-0.3,-0.006,-0.125,-0.15,-0.5,0.494902,-0.017959,-0.002241,-0.000417,-0.101353,-0.07837,-0.027584,-0.024985,0.77266,-0.073543,-0.084837,-0.027622,-0.049889,1.762628,0.48268,-0.099394,-0.000582,-0.015176,3.916667,0.014772,0.042635,0.044558
235,119.498619,1000.0,0.891841,0.861263,0.0,0.0,0.135612,70504.0,0.159375,0.719454,0.176681,0.395259,-0.039787,0.765248,5.606739,-0.002,-0.3,-0.006,-0.125,-0.15,-0.5,0.500007,-0.01867,-0.002802,0.0,-0.105605,-0.078326,-0.028285,-0.025442,0.79249,-0.075245,-0.082199,-0.030243,-0.05182,1.757045,0.480393,-0.1007,-0.00057,-0.019195,3.652174,0.013948,0.035315,0.036744
236,118.632378,992.719971,0.895649,0.859004,0.041667,0.0,0.135152,67252.0,0.153919,0.713861,0.173656,0.394155,-0.039125,0.76211,5.631744,-0.002,-0.3,-0.006,-0.125,-0.15,-0.5,0.49621,-0.018752,-0.002417,-0.000417,-0.104249,-0.077217,-0.028637,-0.025315,0.784057,-0.072763,-0.081725,-0.027971,-0.048908,1.76521,0.482897,-0.100995,-0.000528,-0.009997,2.791667,0.013279,0.029487,0.037317
237,119.110199,1000.0,0.903826,0.854163,0.0,0.0,0.134689,70243.0,0.156647,0.685476,0.165876,0.375203,-0.037443,0.739828,5.609791,-0.002,-0.3,-0.006,-0.125,-0.15,-0.5,0.500007,-0.018383,-0.00251,0.0,-0.100552,-0.076952,-0.027738,-0.025612,0.773772,-0.073767,-0.083292,-0.028337,-0.049006,1.775744,0.495601,-0.098541,-0.000576,-0.018858,3.590909,0.011882,0.031538,0.031971
238,118.311501,985.219971,0.853645,0.844453,0.125,0.0,0.134756,55296.0,0.153187,0.67902,0.174074,0.383205,-0.036197,0.760059,5.61919,-0.002,-0.3,-0.006,-0.125,-0.15,-0.5,0.487942,-0.017403,-0.002837,-0.001528,-0.099618,-0.074996,-0.0266,-0.024132,0.760865,-0.071652,-0.085394,-0.026361,-0.047734,1.728791,0.476755,-0.095789,-0.000531,-0.012618,3.291667,0.01632,0.039223,0.049306
239,119.652237,995.049988,0.912672,0.86712,0.0,0.0,0.134539,66814.0,0.151966,0.691071,0.170973,0.376062,-0.037351,0.752852,5.607593,-0.002,-0.3,-0.006,-0.125,-0.15,-0.5,0.500007,-0.01831,-0.002108,0.0,-0.10231,-0.076822,-0.027685,-0.025046,0.790216,-0.071104,-0.082042,-0.028256,-0.050452,1.780759,0.497174,-0.097125,-0.000465,-0.006751,3.681818,0.012574,0.028614,0.027564
240,120.277718,995.690002,0.884853,0.863015,0.041667,0.0,0.133957,60818.0,0.153005,0.707336,0.180671,0.384843,-0.038154,0.780773,5.63376,-0.002,-0.3,-0.006,-0.125,-0.15,-0.5,0.497757,-0.01804,-0.003094,-0.000417,-0.102863,-0.075381,-0.026888,-0.024563,0.806636,-0.071427,-0.082766,-0.026838,-0.050998,1.779121,0.488902,-0.095498,-0.000556,-0.014353,3.666667,0.015069,0.024816,0.036418
241,120.61084,1000.0,0.90773,0.86501,0.0,0.0,0.133768,67008.0,0.152372,0.661948,0.171026,0.372103,-0.03646,0.752734,5.628278,-0.002,-0.3,-0.006,-0.125,-0.15,-0.5,0.500007,-0.018139,-0.002397,0.0,-0.096469,-0.074931,-0.026578,-0.024203,0.78095,-0.070111,-0.080657,-0.026631,-0.046968,1.787956,0.509709,-0.094746,-0.000492,-0.01842,4.090909,0.011321,0.027854,0.034342
242,120.396233,1000.0,0.918346,0.860109,0.0,0.0,0.133387,66264.0,0.15656,0.65614,0.176306,0.377306,-0.037479,0.727178,5.649387,-0.002,-0.3,-0.006,-0.125,-0.15,-0.5,0.500007,-0.017777,-0.002222,0.0,-0.097441,-0.075747,-0.028017,-0.025235,0.77105,-0.071466,-0.086465,-0.02632,-0.044312,1.780586,0.508824,-0.097789,-0.000468,-0.018474,3.26087,0.01271,0.033701,0.0329
243,120.522018,1000.0,0.901215,0.86829,0.0,0.0,0.132957,53690.0,0.151342,0.663889,0.167885,0.36139,-0.034336,0.728804,5.641925,-0.002,-0.3,-0.006,-0.125,-0.15,-0.5,0.500007,-0.018102,-0.002612,0.0,-0.095628,-0.073548,-0.02567,-0.023541,0.776269,-0.068938,-0.081252,-0.026023,-0.046553,1.786121,0.511221,-0.092086,-0.000587,-0.017105,4.166667,0.014292,0.025726,0.029748
244,121.921402,1000.0,0.908744,0.873514,0.0,0.0,0.132704,60783.0,0.151248,0.669973,0.175056,0.386585,-0.036683,0.772466,5.598026,-0.002,-0.3,-0.006,-0.125,-0.15,-0.5,0.500007,-0.018592,-0.002578,0.0,-0.099732,-0.074573,-0.027034,-0.024309,0.794771,-0.068852,-0.079787,-0.027647,-0.047823,1.781861,0.511492,-0.095336,-0.000449,-0.013934,3.863636,0.013642,0.029817,0.032958
245,118.228371,990.169983,0.886023,0.854908,0.043478,0.0,0.132495,59162.0,0.149794,0.645649,0.164719,0.358246,-0.034815,0.71482,5.647212,-0.002,-0.3,-0.006,-0.125,-0.15,-0.5,0.495728,-0.017938,-0.001791,-0.000348,-0.092117,-0.072856,-0.025635,-0.023461,0.756052,-0.06813,-0.076809,-0.025581,-0.045222,1.773244,0.512545,-0.092486,-0.000585,-0.011256,3.347826,0.014027,0.032308,0.04214
246,120.247086,1000.0,0.887813,0.868134,0.0,0.0,0.132414,61496.0,0.150563,0.658819,0.168149,0.378756,-0.036821,0.751149,5.645386,-0.002,-0.3,-0.006,-0.125,-0.15,-0.5,0.500007,-0.018575,-0.002297,0.0,-0.096687,-0.072192,-0.026549,-0.024788,0.780192,-0.067803,-0.077454,-0.026395,-0.04618,1.790364,0.515555,-0.094784,-0.00043,-0.009142,2.818182,0.014166,0.028449,0.033219
247,116.659821,968.48999,0.875771,0.838704,0.181818,0.0,0.132006,65648.0,0.142064,0.612422,0.150441,0.318816,-0.032165,0.650278,5.65623,-0.002,-0.3,-0.006,-0.125,-0.15,-0.5,0.479407,-0.016992,-0.001666,-0.001955,-0.085375,-0.069356,-0.024341,-0.022788,0.733845,-0.063235,-0.072711,-0.023052,-0.042643,1.719899,0.506713,-0.086655,-0.000453,-0.015676,3.272727,0.012063,0.045493,0.066006
248,117.880112,980.070007,0.897758,0.861261,0.0,0.0,0.131665,55701.0,0.151224,0.66883,0.160423,0.364861,-0.035866,0.715317,5.659907,-0.002,-0.3,-0.006,-0.125,-0.15,-0.5,0.500007,-0.01851,-0.002237,0.0,-0.093949,-0.072221,-0.026405,-0.023678,0.763417,-0.067078,-0.077451,-0.026378,-0.045533,1.794442,0.515584,-0.092534,-0.000559,-0.016246,3.0,0.01437,0.035285,0.026761
249,120.303406,990.219971,0.87965,0.850574,0.043478,0.0,0.131499,68249.0,0.146736,0.661406,0.169061,0.361351,-0.03573,0.743384,5.623806,-0.002,-0.3,-0.006,-0.125,-0.15,-0.5,0.489365,-0.017566,-0.001906,-0.00087,-0.093943,-0.070578,-0.025441,-0.023406,0.765585,-0.066502,-0.078706,-0.024141,-0.046584,1.763575,0.501015,-0.089743,-0.000462,-0.008841,3.73913,0.015589,0.037242,0.051334
250,122.84549,1000.0,0.895348,0.881921,0.0,0.0,0.131131,60583.0,0.156334,0.656502,0.193261,0.397799,-0.039694,0.791455,5.606297,-0.01,-0.6,-0.012,-0.25,-0.36,-1.2,0.500007,-0.018038,-0.001639,0.0,-0.102658,-0.072687,-0.028154,-0.025262,0.811218,-0.069007,-0.086327,-0.024861,-0.049841,1.775238,0.515159,-0.095678,-0.000617,-0.021781,19.363636,0.014379,0.026806,0.031039
251,120.936111,1000.0,0.893514,0.870921,0.041667,0.0,0.130589,65510.0,0.146671,0.640631,0.169184,0.370077,-0.034926,0.733072,5.626881,-0.01,-0.6,-0.012,-0.25,-0.36,-1.2,0.497129,-0.020633,-0.002064,-0.000238,-0.095746,-0.070817,-0.026409,-0.024684,0.777228,-0.068426,-0.080336,-0.024514,-0.046321,1.783335,0.522635,-0.094295,-0.00042,-0.015247,5.583333,0.012985,0.032656,0.032707
252,120.88073,1000.0,0.901766,0.867222,0.0,0.0,0.129358,67083.0,0.151124,0.657162,0.174783,0.372434,-0.036052,0.741152,5.629646,-0.01,-0.6,-0.012,-0.25,-0.36,-1.2,0.500007,-0.021964,-0.002329,0.0,-0.096684,-0.071609,-0.026715,-0.025675,0.777514,-0.073421,-0.085905,-0.025439,-0.047864,1.787753,0.518116,-0.096671,-0.000496,-0.015381,4.333333,0.014656,0.033495,0.035148
253,122.088593,1000.0,0.898622,0.88141,0.0,0.0,0.128742,60989.0,0.151364,0.651008,0.183832,0.380325,-0.036252,0.759584,5.621484,-0.01,-0.6,-0.012,-0.25,-0.36,-1.2,0.500007,-0.023349,-0.001715,0.0,-0.094868,-0.070669,-0.026242,-0.02562,0.795666,-0.073196,-0.086316,-0.023598,-0.045531,1.79102,0.523268,-0.098127,-0.000458,-0.013213,4.26087,0.01097,0.034153,0.031173
254,120.495758,1000.0,0.897019,0.877014,0.0,0.0,0.128017,54012.0,0.147558,0.623565,0.165974,0.348956,-0.033453,0.703036,5.606104,-0.01,-0.6,-0.012,-0.25,-0.36,-1.2,0.500007,-0.024877,-0.002077,0.0,-0.088643,-0.069857,-0.02495,-0.025461,0.768775,-0.072656,-0.086649,-0.024022,-0.043569,1.806335,0.534974,-0.097142,-0.000594,-0.014806,4.458333,0.012956,0.030282,0.030334
255,121.198845,1000.0,0.918036,0.881747,0.0,0.0,0.127708,62301.0,0.150125,0.640569,0.175249,0.376196,-0.036824,0.741393,5.604803,-0.01,-0.6,-0.012,-0.25,-0.36,-1.2,0.500007,-0.027111,-0.001702,0.0,-0.094807,-0.070575,-0.026894,-0.026868,0.782355,-0.075523,-0.089883,-0.024192,-0.045879,1.79559,0.527754,-0.103277,-0.000498,-0.018782,4.083333,0.013802,0.022022,0.030068
256,121.215836,995.97998,0.899329,0.881348,0.041667,0.0,0.127534,65846.0,0.145071,0.615327,0.172707,0.373544,-0.0356,0.756063,5.579216,-0.01,-0.6,-0.012,-0.25,-0.36,-1.2,0.498607,-0.029321,-0.001483,-0.000278,-0.0946,-0.068619,-0.025169,-0.027218,0.790137,-0.074299,-0.08625,-0.023633,-0.046664,1.795065,0.543524,-0.102509,-0.000614,-0.028446,4.083333,0.013562,0.032255,0.032702
257,119.498482,990.23999,0.869484,0.858235,0.041667,0.0,0.12703,66820.0,0.145007,0.629163,0.176252,0.361438,-0.033732,0.712349,5.557303,-0.01,-0.6,-0.012,-0.25,-0.36,-1.2,0.489829,-0.029005,-0.001812,-0.000833,-0.087944,-0.067768,-0.024914,-0.026041,0.763971,-0.077296,-0.090179,-0.022478,-0.041553,1.757416,0.520654,-0.100739,-0.000806,-0.008701,3.833333,0.015229,0.039383,0.040818
258,120.388786,1000.0,0.893698,0.879942,0.0,0.0,0.126547,63017.0,0.152209,0.645367,0.188793,0.400879,-0.03837,0.777949,5.532454,-0.01,-0.6,-0.012,-0.25,-0.36,-1.2,0.500007,-0.031291,-0.002386,0.0,-0.097947,-0.070073,-0.028482,-0.029925,0.799266,-0.08361,-0.099809,-0.025052,-0.046255,1.776663,0.524323,-0.111888,-0.00051,-0.021104,4.416667,0.014536,0.027817,0.031171
259,119.593201,990.47998,0.891851,0.872116,0.041667,0.0,0.126132,51228.0,0.148448,0.625162,0.174906,0.385436,-0.037277,0.763973,5.512592,-0.01,-0.6,-0.012,-0.25,-0.36,-1.2,0.496036,-0.035239,-0.001821,-0.000333,-0.098156,-0.068092,-0.026959,-0.030038,0.776914,-0.082531,-0.093214,-0.025322,-0.047289,1.773891,0.529293,-0.110518,-0.00067,-0.01701,4.208333,0.013131,0.03073,0.03353
260,120.655319,1000.0,0.90705,0.878427,0.0,0.0,0.125317,60673.0,0.147057,0.626385,0.176303,0.374188,-0.03551,0.756009,5.511547,-0.01,-0.6,-0.012,-0.25,-0.36,-1.2,0.500007,-0.035361,-0.001982,0.0,-0.092423,-0.067523,-0.02524,-0.028411,0.795521,-0.082905,-0.09316,-0.023649,-0.045613,1.797965,0.541259,-0.108959,-0.000604,-0.017555,5.208333,0.013716,0.027759,0.025235
261,120.64106,1000.0,0.903795,0.862462,0.0,0.0,0.124735,64432.0,0.147624,0.617216,0.179098,0.368113,-0.03528,0.726188,5.517314,-0.01,-0.6,-0.012,-0.25,-0.36,-1.2,0.500007,-0.036641,-0.002509,0.0,-0.09146,-0.066254,-0.024581,-0.028072,0.787582,-0.084502,-0.096191,-0.023281,-0.046395,1.796824,0.545058,-0.108685,-0.000704,-0.019056,5.125,0.012696,0.029454,0.038583
262,120.290398,1000.0,0.900406,0.871482,0.0,0.0,0.124177,63416.0,0.146507,0.627723,0.172623,0.379714,-0.035541,0.744048,5.511197,-0.01,-0.6,-0.012,-0.25,-0.36,-1.2,0.500007,-0.039926,-0.002736,0.0,-0.09288,-0.067012,-0.025834,-0.030179,0.776524,-0.087188,-0.095654,-0.024659,-0.044768,1.796113,0.539089,-0.113789,-0.000698,-0.017462,5.041667,0.015314,0.032524,0.029394
263,121.358261,999.780029,0.897882,0.880864,0.041667,0.0,0.12383,68447.0,0.146164,0.63209,0.17106,0.381058,-0.035356,0.755366,5.478578,-0.01,-0.6,-0.012,-0.25,-0.36,-1.2,0.499911,-0.042167,-0.003436,-0.000333,-0.09635,-0.066536,-0.02639,-0.030976,0.782437,-0.089067,-0.097236,-0.026424,-0.047901,1.796567,0.537667,-0.115204,-0.000769,-0.021629,5.041667,0.01236,0.030475,0.037126
264,120.7854,1000.0,0.895035,0.86496,0.0,0.0,0.123242,54181.0,0.151215,0.635262,0.185368,0.407735,-0.038851,0.796873,5.51279,-0.01,-0.6,-0.012,-0.25,-0.36,-1.2,0.500007,-0.043176,-0.002366,0.0,-0.097287,-0.067107,-0.028035,-0.032802,0.791998,-0.093019,-0.103433,-0.025839,-0.046118,1.775816,0.53276,-0.121343,-0.000758,-0.019443,4.791667,0.011648,0.030384,0.034722
265,119.732979,1000.0,0.889572,0.874623,0.0,0.0,0.122986,59356.0,0.143927,0.648071,0.17677,0.377536,-0.035442,0.760371,5.475642,-0.01,-0.6,-0.012,-0.25,-0.36,-1.2,0.500007,-0.044755,-0.002481,0.0,-0.09153,-0.065539,-0.025084,-0.031517,0.784554,-0.090679,-0.098524,-0.023931,-0.044633,1.804951,0.539185,-0.117587,-0.000628,-0.012449,5.958333,0.012736,0.029166,0.031302
266,118.474472,990.219971,0.894893,0.879386,0.043478,0.0,0.122683,65809.0,0.140431,0.614769,0.162635,0.356343,-0.032431,0.710817,5.482856,-0.01,-0.6,-0.012,-0.25,-0.36,-1.2,0.498233,-0.046739,-0.001842,-0.000145,-0.086455,-0.064528,-0.024334,-0.03096,0.758005,-0.088042,-0.097082,-0.022369,-0.041278,1.80568,0.551491,-0.116204,-0.000573,-0.014083,5.826087,0.016111,0.030275,0.03548
267,120.031509,1000.0,0.904884,0.873386,0.0,0.0,0.122109,69059.0,0.147161,0.643502,0.178299,0.383944,-0.03644,0.759319,5.476482,-0.01,-0.6,-0.012,-0.25,-0.36,-1.2,0.500007,-0.04821,-0.001874,0.0,-0.093547,-0.065368,-0.026266,-0.033356,0.78691,-0.096724,-0.106054,-0.024055,-0.045009,1.792736,0.537888,-0.123495,-0.000678,-0.014668,6.791667,0.012587,0.032559,0.028815
268,120.981651,1000.0,0.90332,0.880747,0.0,0.0,0.121384,68738.0,0.146218,0.631377,0.187607,0.392613,-0.036456,0.773081,5.448914,-0.01,-0.6,-0.012,-0.25,-0.36,-1.2,0.500007,-0.048744,-0.001921,0.0,-0.0915,-0.064907,-0.025566,-0.03253,0.798992,-0.096708,-0.107321,-0.023001,-0.043945,1.796517,0.544073,-0.123755,-0.000695,-0.018013,8.375,0.013515,0.02687,0.028608
269,118.787193,990.280029,0.90268,0.869406,0.041667,0.0,0.121025,68778.0,0.146885,0.625711,0.178724,0.385257,-0.035869,0.754207,5.460847,-0.01,-0.6,-0.012,-0.25,-0.36,-1.2,0.498447,-0.050852,-0.001902,-0.000128,-0.09273,-0.064181,-0.025631,-0.033445,0.788251,-0.097827,-0.109117,-0.022924,-0.044804,1.786557,0.544206,-0.124653,-0.000739,-0.016342,8.583334,0.012525,0.031135,0.033026
270,119.329056,1000.0,0.901026,0.878816,0.0,0.0,0.120743,61581.0,0.148312,0.608968,0.18487,0.393775,-0.036524,0.756462,5.459917,-0.01,-0.6,-0.012,-0.25,-0.36,-1.2,0.500007,-0.051532,-0.002252,0.0,-0.09262,-0.064916,-0.026286,-0.033756,0.785238,-0.10052,-0.114161,-0.022316,-0.043326,1.790925,0.549672,-0.128029,-0.000766,-0.020504,7.916667,0.013286,0.027842,0.030977
271,118.646568,990.419983,0.885137,0.870729,0.083333,0.0,0.120334,65262.0,0.144776,0.619439,0.181046,0.376881,-0.035342,0.73833,5.431489,-0.01,-0.6,-0.012,-0.25,-0.36,-1.2,0.495948,-0.052799,-0.002014,-0.000337,-0.089866,-0.063281,-0.02551,-0.034031,0.780564,-0.097482,-0.112134,-0.021939,-0.043115,1.784841,0.548811,-0.126643,-0.000784,-0.014842,6.625,0.013459,0.030193,0.036718
272,116.897827,980.559998,0.893649,0.868732,0.083333,0.0,0.119962,64520.0,0.146976,0.612523,0.178299,0.381882,-0.035883,0.749161,5.439473,-0.01,-0.6,-0.012,-0.25,-0.36,-1.2,0.496065,-0.054704,-0.00231,-0.000324,-0.090439,-0.063405,-0.025691,-0.03428,0.778631,-0.102133,-0.114401,-0.023195,-0.044613,1.777341,0.54575,-0.128367,-0.000764,-0.017119,8.625,0.014256,0.028962,0.037513
273,118.997139,1000.0,0.890952,0.873286,0.043478,0.0,0.119154,69165.0,0.147696,0.608685,0.177351,0.378371,-0.035692,0.733742,5.429603,-0.01,-0.6,-0.012,-0.25,-0.36,-1.2,0.497833,-0.05689,-0.002321,-0.000174,-0.087275,-0.062493,-0.025458,-0.035011,0.76912,-0.103603,-0.113602,-0.023511,-0.042386,1.776848,0.552812,-0.129876,-0.000839,-0.014725,6.347826,0.014836,0.033473,0.038826
274,119.552986,1000.0,0.8917,0.86421,0.083333,0.0,0.118553,65432.0,0.139841,0.610153,0.169049,0.366463,-0.03445,0.723824,5.432235,-0.01,-0.6,-0.012,-0.25,-0.36,-1.2,0.491635,-0.05825,-0.00174,-0.000694,-0.087671,-0.061596,-0.024762,-0.034992,0.768659,-0.103219,-0.109598,-0.022735,-0.042627,1.776624,0.544508,-0.130064,-0.000726,-0.015777,4.875,0.014906,0.031417,0.05697
275,119.901794,1000.0,0.898825,0.87906,0.0,0.0,0.117932,53268.0,0.147266,0.604235,0.186263,0.393756,-0.036559,0.781995,5.435583,-0.01,-0.6,-0.012,-0.25,-0.36,-1.2,0.500007,-0.061302,-0.002711,0.0,-0.093091,-0.062287,-0.025833,-0.037464,0.793412,-0.107271,-0.115867,-0.023765,-0.045397,1.791859,0.558793,-0.136328,-0.001027,-0.021176,4.041667,0.013357,0.032705,0.034784
276,120.407707,1000.0,0.90139,0.873933,0.0,0.0,0.117552,62330.0,0.150773,0.617235,0.192924,0.399002,-0.037293,0.793036,5.420137,-0.01,-0.6,-0.012,-0.25,-0.36,-1.2,0.500007,-0.06077,-0.002103,0.0,-0.094813,-0.06184,-0.025387,-0.037345,0.799968,-0.107629,-0.119998,-0.022256,-0.046252,1.782041,0.556201,-0.136633,-0.001378,-0.019645,4.125,0.013839,0.033929,0.038766
277,120.807671,1000.0,0.902,0.887124,0.0,0.0,0.117021,65627.0,0.144781,0.616529,0.184097,0.386995,-0.036458,0.772615,5.418327,-0.01,-0.6,-0.012,-0.25,-0.36,-1.2,0.500007,-0.064688,-0.001714,0.0,-0.094076,-0.061818,-0.025784,-0.03912,0.801424,-0.110758,-0.119428,-0.023319,-0.046057,1.802227,0.555262,-0.138723,-0.000762,-0.012671,3.347826,0.011083,0.030452,0.027734
278,118.663292,1000.0,0.890153,0.865663,0.0,0.0,0.116626,71847.0,0.150879,0.641834,0.186038,0.404333,-0.037091,0.769781,5.395527,-0.01,-0.6,-0.012,-0.25,-0.36,-1.2,0.500007,-0.065442,-0.002385,0.0,-0.094487,-0.062737,-0.027325,-0.040453,0.77801,-0.120308,-0.134469,-0.022365,-0.045001,1.781461,0.540171,-0.145911,-0.000703,-0.011619,2.782609,0.015167,0.024972,0.029453
279,118.544067,991.049988,0.896039,0.852278,0.043478,0.0,0.116354,71590.0,0.147331,0.619423,0.183173,0.400942,-0.037806,0.766044,5.389299,-0.01,-0.6,-0.012,-0.25,-0.36,-1.2,0.49676,-0.068633,-0.002652,-0.00029,-0.092548,-0.060475,-0.026625,-0.038714,0.781219,-0.115683,-0.120142,-0.023438,-0.044973,1.772907,0.549705,-0.143121,-0.000673,-0.016865,3.826087,0.012327,0.02973,0.036995
280,117.325447,991.049988,0.893205,0.846743,0.0,0.0,0.115978,56886.0,0.150837,0.630685,0.194609,0.426913,-0.040122,0.809303,5.393371,-0.01,-0.6,-0.012,-0.25,-0.36,-1.2,0.500007,-0.069873,-0.002716,0.0,-0.098355,-0.061039,-0.027955,-0.040641,0.793474,-0.124056,-0.130462,-0.023986,-0.048602,1.778463,0.54506,-0.149104,-0.001076,-0.015641,3.041667,0.014248,0.024922,0.032586
281,119.369125,1000.0,0.894337,0.875313,0.0,0.0,0.115596,72910.0,0.147438,0.609132,0.184089,0.377317,-0.034657,0.760855,5.39139,-0.01,-0.6,-0.012,-0.25,-0.36,-1.2,0.500007,-0.067392,-0.002626,0.0,-0.090863,-0.059635,-0.023398,-0.038175,0.800645,-0.114035,-0.127768,-0.020298,-0.045003,1.794881,0.565749,-0.138972,-0.001005,-0.023558,3.954545,0.015429,0.032591,0.030457
282,117.845123,990.179993,0.891259,0.854922,0.043478,0.0,0.115304,71281.0,0.143713,0.653411,0.183301,0.397311,-0.036168,0.769776,5.375082,-0.01,-0.6,-0.012,-0.25,-0.36,-1.2,0.496445,-0.073135,-0.001988,-0.00029,-0.09214,-0.059033,-0.025239,-0.039571,0.794887,-0.116596,-0.124685,-0.022642,-0.04449,1.775063,0.542147,-0.145753,-0.000885,-0.018402,3.826087,0.013809,0.030985,0.035225
283,118.884781,1000.0,0.900944,0.867857,0.0,0.0,0.114933,71222.0,0.144315,0.647211,0.176073,0.393149,-0.036054,0.756808,5.336153,-0.01,-0.6,-0.012,-0.25,-0.36,-1.2,0.500007,-0.076944,-0.00186,0.0,-0.090806,-0.059296,-0.025697,-0.041779,0.77756,-0.119205,-0.122951,-0.022905,-0.043547,1.797953,0.553699,-0.149647,-0.000775,-0.010903,4.0,0.012672,0.028984,0.033248
284,119.005699,1000.0,0.891927,0.870403,0.0,0.0,0.114726,71475.0,0.144311,0.604805,0.182823,0.388084,-0.036132,0.760538,5.338752,-0.01,-0.6,-0.012,-0.25,-0.36,-1.2,0.500007,-0.075353,-0.002546,0.0,-0.090382,-0.059201,-0.02573,-0.040776,0.778339,-0.122838,-0.12709,-0.021557,-0.044209,1.800048,0.564968,-0.148261,-0.000864,-0.016604,3.304348,0.014655,0.025874,0.026809
285,117.295181,987.26001,0.889243,0.86683,0.083333,0.0,0.11434,69633.0,0.139675,0.599318,0.17431,0.349369,-0.031268,0.699109,5.373099,-0.01,-0.6,-0.012,-0.25,-0.36,-1.2,0.49469,-0.073672,-0.002079,-0.000667,-0.080375,-0.057276,-0.022658,-0.037676,0.754495,-0.115955,-0.125941,-0.019299,-0.039623,1.785348,0.568136,-0.139813,-0.000676,-0.012404,4.166667,0.015036,0.0371,0.044148
286,117.739685,990.289978,0.870844,0.860145,0.045455,0.0,0.113988,58183.0,0.139269,0.60312,0.174605,0.385423,-0.035057,0.753429,5.34108,-0.01,-0.6,-0.012,-0.25,-0.36,-1.2,0.488961,-0.079116,-0.001375,-0.000909,-0.087771,-0.056833,-0.024802,-0.041497,0.766727,-0.122236,-0.125964,-0.021691,-0.041574,1.761861,0.550943,-0.148935,-0.000882,-0.014581,3.954545,0.014182,0.03577,0.051579
287,119.759842,1000.0,0.892732,0.885285,0.0,0.0,0.113874,68389.0,0.143604,0.574606,0.190025,0.392018,-0.035449,0.799433,5.34996,-0.01,-0.6,-0.012,-0.25,-0.36,-1.2,0.500007,-0.079182,-0.001688,0.0,-0.093527,-0.05756,-0.024433,-0.041172,0.815769,-0.123906,-0.133103,-0.022109,-0.047321,1.805491,0.575014,-0.149305,-0.001178,-0.030907,3.090909,0.013289,0.024934,0.031469
288,118.16835,1000.0,0.889808,0.871685,0.0,0.0,0.113449,66445.0,0.147006,0.606288,0.182672,0.371442,-0.034717,0.711866,5.330365,-0.01,-0.6,-0.012,-0.25,-0.36,-1.2,0.500007,-0.076283,-0.001281,0.0,-0.084342,-0.05881,-0.025461,-0.043677,0.77733,-0.127685,-0.14537,-0.019807,-0.041224,1.79065,0.566248,-0.153953,-0.000879,-0.017154,2.727273,0.015112,0.026473,0.02798
289,117.997955,1000.0,0.890371,0.860427,0.0,0.0,0.112897,64989.0,0.145924,0.60161,0.183483,0.391442,-0.035432,0.760273,5.346586,-0.01,-0.6,-0.012,-0.25,-0.36,-1.2,0.500007,-0.083619,-0.002185,0.0,-0.089911,-0.056545,-0.024121,-0.04315,0.774283,-0.123334,-0.135267,-0.021797,-0.045094,1.795139,0.576604,-0.154145,-0.001066,-0.020906,3.272727,0.015308,0.033674,0.029041
290,117.339989,1000.0,0.899419,0.871839,0.0,0.0,0.112747,66975.0,0.14116,0.5947,0.168347,0.351486,-0.033276,0.701222,5.329074,-0.01,-0.6,-0.012,-0.25,-0.36,-1.2,0.500007,-0.085155,-0.002211,0.0,-0.082946,-0.05597,-0.023278,-0.042036,0.772488,-0.125154,-0.132679,-0.019758,-0.041845,1.806151,0.579894,-0.150014,-0.000993,-0.017011,3.375,0.012879,0.025695,0.033406
291,118.267891,1000.0,0.895152,0.880981,0.0,0.0,0.112477,67498.0,0.139766,0.58562,0.182542,0.378034,-0.033158,0.737799,5.309716,-0.01,-0.6,-0.012,-0.25,-0.36,-1.2,0.500007,-0.085902,-0.001561,0.0,-0.084548,-0.055821,-0.024277,-0.042236,0.781668,-0.125832,-0.136449,-0.020136,-0.040631,1.811281,0.581296,-0.153772,-0.000972,-0.023641,18.652174,0.013613,0.026924,0.032405
292,117.880623,1000.0,0.895548,0.883494,0.0,0.0,0.111971,55771.0,0.139892,0.587474,0.180257,0.386753,-0.034644,0.750341,5.360269,-0.01,-0.6,-0.012,-0.25,-0.36,-1.2,0.500007,-0.090488,-0.001475,0.0,-0.083977,-0.055818,-0.02471,-0.044157,0.77924,-0.129451,-0.130345,-0.019586,-0.038519,1.80122,0.579074,-0.158352,-0.001068,-0.027685,4.590909,0.013539,0.026378,0.027915
293,119.532463,1000.0,0.89989,0.882144,0.0,0.0,0.111687,65285.0,0.141311,0.582194,0.18673,0.382138,-0.033907,0.763858,5.373308,-0.01,-0.6,-0.012,-0.25,-0.36,-1.2,0.500007,-0.085276,-0.002046,0.0,-0.086455,-0.055,-0.024063,-0.043315,0.797742,-0.126177,-0.139283,-0.020252,-0.041897,1.811421,0.584894,-0.152511,-0.000957,-0.014405,4.958333,0.014445,0.0299,0.035981
294,117.140015,988.330017,0.882844,0.872364,0.083333,0.0,0.111216,66868.0,0.140584,0.57667,0.181229,0.370358,-0.033005,0.745269,5.325122,-0.01,-0.6,-0.012,-0.25,-0.36,-1.2,0.492866,-0.085741,-0.002294,-0.000722,-0.084178,-0.053626,-0.022676,-0.041566,0.779227,-0.123682,-0.129966,-0.020484,-0.041677,1.768045,0.577574,-0.148302,-0.000942,-0.023886,4.375,0.01338,0.037199,0.047673
295,117.492561,1000.0,0.882625,0.878009,0.0,0.0,0.110856,71810.0,0.143233,0.585201,0.170604,0.362903,-0.033492,0.720693,5.320533,-0.01,-0.6,-0.012,-0.25,-0.36,-1.2,0.500007,-0.087356,-0.002149,0.0,-0.086752,-0.054593,-0.024192,-0.043361,0.768336,-0.130088,-0.136474,-0.022721,-0.04438,1.794417,0.580432,-0.150591,-0.000925,-0.016557,3.956522,0.012275,0.029547,0.033782
296,118.391075,1000.0,0.900216,0.884789,0.0,0.0,0.110608,70551.0,0.142628,0.59108,0.178522,0.370679,-0.034317,0.72692,5.331011,-0.01,-0.6,-0.012,-0.25,-0.36,-1.2,0.500007,-0.084786,-0.001621,0.0,-0.085236,-0.054705,-0.024414,-0.043226,0.774798,-0.126316,-0.138194,-0.020479,-0.041553,1.798062,0.582156,-0.15345,-0.00108,-0.01366,4.458333,0.01276,0.031196,0.024023
297,119.50737,1000.0,0.904469,0.879533,0.0,0.0,0.110324,56390.0,0.139349,0.573873,0.173674,0.379136,-0.033299,0.741633,5.334266,-0.01,-0.6,-0.012,-0.25,-0.36,-1.2,0.500007,-0.090134,-0.001931,0.0,-0.084416,-0.053101,-0.022825,-0.041617,0.789876,-0.120454,-0.127992,-0.019668,-0.041346,1.810544,0.593293,-0.149421,-0.000927,-0.023485,3.916667,0.012045,0.027973,0.028927
298,119.512856,1000.0,0.892256,0.889768,0.0,0.0,0.110062,70152.0,0.137454,0.572174,0.177106,0.359283,-0.03223,0.735509,5.333179,-0.01,-0.6,-0.012,-0.25,-0.36,-1.2,0.500007,-0.083788,-0.001254,0.0,-0.081802,-0.053109,-0.022691,-0.042086,0.787788,-0.118533,-0.132011,-0.019216,-0.03985,1.8178,0.596086,-0.146675,-0.001181,-0.020159,4.333333,0.01469,0.024599,0.027034
299,120.767075,1000.0,0.901301,0.883269,0.0,0.0,0.109879,69631.0,0.13943,0.591096,0.177765,0.391008,-0.034468,0.772197,5.308683,-0.01,-0.6,-0.012,-0.25,-0.36,-1.2,0.500007,-0.091302,-0.00269,0.0,-0.088515,-0.052778,-0.024499,-0.042705,0.803854,-0.124181,-0.127803,-0.023429,-0.044164,1.804106,0.585147,-0.151289,-0.000877,-0.018781,4.333333,0.012615,0.031463,0.035768
300,120.596558,1000.0,0.893677,0.885538,0.0,0.0,0.109479,66592.0,0.141342,0.558235,0.188713,0.380261,-0.034018,0.766868,5.33973,-0.01,-0.6,-0.012,-0.25,-0.36,-1.2,0.500007,-0.084439,-0.001967,0.0,-0.085567,-0.052127,-0.023088,-0.041905,0.797278,-0.118733,-0.130627,-0.020564,-0.041378,1.795409,0.600656,-0.147902,-0.001152,-0.028152,3.791667,0.014927,0.026742,0.027324
301,119.052582,1000.0,0.892024,0.867912,0.0,0.0,0.109087,66857.0,0.142908,0.607294,0.186583,0.388216,-0.034536,0.753201,5.329101,-0.01,-0.6,-0.012,-0.25,-0.36,-1.2,0.500007,-0.086996,-0.002054,0.0,-0.085989,-0.052975,-0.02475,-0.043014,0.782232,-0.128724,-0.136499,-0.019984,-0.041,1.794703,0.575593,-0.151404,-0.000886,-0.022637,4.458333,0.015191,0.031476,0.033167
302,119.884476,1000.0,0.897943,0.885671,0.0,0.0,0.109059,66070.0,0.14498,0.580568,0.194861,0.400768,-0.036506,0.775729,5.340729,-0.01,-0.6,-0.012,-0.25,-0.36,-1.2,0.500007,-0.083606,-0.001723,0.0,-0.090174,-0.053026,-0.02472,-0.044402,0.806546,-0.123961,-0.14309,-0.019316,-0.044147,1.795968,0.588803,-0.153817,-0.000892,-0.018812,5.375,0.014336,0.027533,0.031565
303,120.275375,1000.0,0.902798,0.885931,0.0,0.0,0.108628,53305.0,0.141386,0.596592,0.187289,0.385777,-0.034047,0.762837,5.30051,-0.01,-0.6,-0.012,-0.25,-0.36,-1.2,0.500007,-0.085466,-0.00177,0.0,-0.083264,-0.051929,-0.023965,-0.041687,0.785529,-0.119514,-0.131837,-0.018706,-0.040127,1.8017,0.588823,-0.147572,-0.000912,-0.015649,5.25,0.015221,0.028294,0.033323
304,119.841583,1000.0,0.90936,0.876918,0.0,0.0,0.108294,66367.0,0.136637,0.586401,0.177253,0.368251,-0.03242,0.728915,5.310952,-0.01,-0.6,-0.012,-0.25,-0.36,-1.2,0.500007,-0.086133,-0.001504,0.0,-0.07949,-0.05078,-0.022124,-0.040203,0.779663,-0.117644,-0.123382,-0.019736,-0.039278,1.81506,0.595604,-0.143617,-0.000891,-0.018789,4.875,0.01341,0.025715,0.028869
305,119.351158,1000.0,0.897841,0.878747,0.0,0.0,0.108212,67522.0,0.136265,0.550429,0.179012,0.364184,-0.033014,0.725966,5.327409,-0.01,-0.6,-0.012,-0.25,-0.36,-1.2,0.500007,-0.083753,-0.001308,0.0,-0.082135,-0.051158,-0.022974,-0.042513,0.766363,-0.118387,-0.130614,-0.018467,-0.040294,1.821018,0.606995,-0.144576,-0.000943,-0.01775,4.916667,0.013213,0.021822,0.025951
306,115.862526,964.22998,0.870352,0.856135,0.166667,0.0,0.107696,66445.0,0.132661,0.544862,0.171334,0.353682,-0.031233,0.696443,5.334982,-0.01,-0.6,-0.012,-0.25,-0.36,-1.2,0.485835,-0.082346,-0.001682,-0.001444,-0.07657,-0.04885,-0.021398,-0.038588,0.760189,-0.115038,-0.120729,-0.018374,-0.037875,1.763284,0.587139,-0.137997,-0.000826,-0.017329,5.166667,0.014832,0.037992,0.048663
307,119.827011,1000.0,0.90666,0.884598,0.0,0.0,0.107166,68639.0,0.136453,0.578982,0.170819,0.358536,-0.031783,0.716221,5.3452,-0.01,-0.6,-0.012,-0.25,-0.36,-1.2,0.500007,-0.084024,-0.001818,0.0,-0.079671,-0.0499,-0.022086,-0.039915,0.776232,-0.11489,-0.126166,-0.019072,-0.040216,1.812527,0.602697,-0.139533,-0.000751,-0.014153,6.086957,0.01319,0.028411,0.027637
308,120.329872,1000.0,0.911997,0.879436,0.0,0.0,0.107128,66198.0,0.138654,0.570513,0.184535,0.37838,-0.033442,0.769922,5.297296,-0.01,-0.6,-0.012,-0.25,-0.36,-1.2,0.500007,-0.087002,-0.00263,0.0,-0.083379,-0.049636,-0.022334,-0.040277,0.795953,-0.116724,-0.124316,-0.01951,-0.041169,1.802768,0.602212,-0.141957,-0.000986,-0.018595,6.333333,0.011899,0.032658,0.036143
309,121.444466,1000.0,0.894377,0.886665,0.0,0.0,0.106835,53379.0,0.136783,0.562374,0.185164,0.383487,-0.033752,0.768639,5.321649,-0.01,-0.6,-0.012,-0.25,-0.36,-1.2,0.500007,-0.085312,-0.001975,0.0,-0.083148,-0.050157,-0.023153,-0.041358,0.797487,-0.117795,-0.127749,-0.018914,-0.041039,1.816805,0.603595,-0.144435,-0.000928,-0.020478,7.125,0.013614,0.02604,0.026361
310,120.616295,1000.0,0.887149,0.878932,0.083333,0.0,0.106541,60178.0,0.135472,0.560185,0.185409,0.375482,-0.032721,0.764014,5.3072,-0.01,-0.6,-0.012,-0.25,-0.36,-1.2,0.49484,-0.084878,-0.001467,-0.000417,-0.081548,-0.048808,-0.022264,-0.04007,0.787207,-0.113659,-0.122332,-0.018326,-0.03931,1.791967,0.599529,-0.139772,-0.000859,-0.018211,8.666667,0.012758,0.033012,0.041929
311,120.816818,1000.0,0.895732,0.879773,0.0,0.0,0.106363,69043.0,0.140017,0.574562,0.190973,0.393594,-0.034355,0.774142,5.285388,-0.01,-0.6,-0.012,-0.25,-0.36,-1.2,0.500007,-0.083718,-0.001827,0.0,-0.084019,-0.049617,-0.023013,-0.041851,0.792017,-0.117402,-0.129047,-0.018302,-0.040781,1.8073,0.59989,-0.144295,-0.000887,-0.017418,8.0,0.01532,0.031621,0.037474
312,120.659576,1000.0,0.888281,0.884778,0.041667,0.0,0.106184,69616.0,0.13904,0.573181,0.18778,0.384432,-0.034002,0.75603,5.282824,-0.01,-0.6,-0.012,-0.25,-0.36,-1.2,0.499509,-0.081829,-0.001808,-0.000167,-0.08303,-0.049735,-0.023663,-0.041787,0.783992,-0.119837,-0.134333,-0.019283,-0.041357,1.809846,0.59721,-0.143761,-0.000762,-0.016499,7.625,0.014072,0.027002,0.029823
313,121.059914,1000.0,0.897726,0.885936,0.0,0.0,0.105967,70252.0,0.137307,0.559354,0.186103,0.373767,-0.033291,0.753029,5.273492,-0.01,-0.6,-0.012,-0.25,-0.36,-1.2,0.500007,-0.084009,-0.001653,0.0,-0.082777,-0.048516,-0.022321,-0.040546,0.799733,-0.114302,-0.123336,-0.018445,-0.040627,1.811293,0.611051,-0.139948,-0.000913,-0.016469,7.458333,0.013935,0.030598,0.027753
314,120.706039,1000.0,0.89473,0.874701,0.0,0.0,0.105719,56018.0,0.136072,0.560981,0.187226,0.372592,-0.03254,0.755219,5.258729,-0.01,-0.6,-0.012,-0.25,-0.36,-1.2,0.500007,-0.082315,-0.002141,0.0,-0.080183,-0.048408,-0.022092,-0.039721,0.788183,-0.115338,-0.125841,-0.017987,-0.039828,1.817205,0.608603,-0.137264,-0.000853,-0.017381,7.916667,0.01347,0.027212,0.031851
315,118.977669,995.140015,0.891947,0.870494,0.043478,0.0,0.105597,71561.0,0.132447,0.556649,0.176519,0.353466,-0.030531,0.712762,5.258108,-0.01,-0.6,-0.012,-0.25,-0.36,-1.2,0.494713,-0.081364,-0.001534,-0.00087,-0.076506,-0.047232,-0.020995,-0.039045,0.763625,-0.114069,-0.122733,-0.016855,-0.038151,1.807495,0.602545,-0.132367,-0.001035,-0.012203,5.782609,0.014115,0.031298,0.036912
316,120.180786,1000.0,0.879754,0.869276,0.0,0.0,0.105082,69518.0,0.138783,0.570433,0.18813,0.388241,-0.033151,0.748582,5.284075,-0.01,-0.6,-0.012,-0.25,-0.36,-1.2,0.500007,-0.082423,-0.002092,0.0,-0.080751,-0.048338,-0.022652,-0.040006,0.781652,-0.115908,-0.129875,-0.017695,-0.038917,1.808814,0.605152,-0.140387,-0.000708,-0.01416,4.666667,0.015634,0.032222,0.032126
317,121.274063,1000.0,0.885286,0.886895,0.0,0.0,0.104811,68376.0,0.136503,0.548327,0.188575,0.380649,-0.033514,0.772698,5.297869,-0.01,-0.6,-0.012,-0.25,-0.36,-1.2,0.500007,-0.084048,-0.001502,0.0,-0.082988,-0.047925,-0.022461,-0.041328,0.785209,-0.112418,-0.123356,-0.01788,-0.039635,1.808046,0.614494,-0.139203,-0.000852,-0.021947,3.958333,0.014166,0.025336,0.025758
318,121.113098,1000.0,0.902448,0.881042,0.0,0.0,0.104661,69760.0,0.138128,0.514858,0.187317,0.378874,-0.033006,0.755835,5.268439,-0.01,-0.6,-0.012,-0.25,-0.36,-1.2,0.500007,-0.080668,-0.001762,0.0,-0.080458,-0.047744,-0.022209,-0.040401,0.772556,-0.111422,-0.125754,-0.01671,-0.038981,1.809064,0.626039,-0.13801,-0.001041,-0.020624,3.956522,0.016386,0.026536,0.038988
319,119.523949,990.23999,0.887409,0.86459,0.041667,0.0,0.104391,69455.0,0.131427,0.52615,0.170315,0.363962,-0.031396,0.718839,5.305615,-0.01,-0.6,-0.012,-0.25,-0.36,-1.2,0.489829,-0.084536,-0.001572,-0.000833,-0.081663,-0.046116,-0.021846,-0.039944,0.765699,-0.107682,-0.117387,-0.019032,-0.040667,1.775831,0.609707,-0.135126,-0.00094,-0.014536,2.875,0.015136,0.026286,0.045698
320,117.758667,982.179993,0.878572,0.856709,0.086957,0.0,0.104078,55728.0,0.133271,0.555571,0.172511,0.373806,-0.033418,0.724778,5.279648,-0.01,-0.6,-0.012,-0.25,-0.36,-1.2,0.488796,-0.086343,-0.002027,-0.001014,-0.080053,-0.046185,-0.022777,-0.040012,0.757152,-0.114638,-0.114977,-0.019694,-0.039738,1.76688,0.591546,-0.13761,-0.000729,-0.020106,3.130435,0.014656,0.032893,0.043214
321,120.25206,991.650024,0.902861,0.882826,0.0,0.0,0.103828,72802.0,0.136655,0.560953,0.183537,0.379739,-0.032933,0.763839,5.265856,-0.01,-0.6,-0.012,-0.25,-0.36,-1.2,0.500007,-0.084903,-0.001988,0.0,-0.083398,-0.047114,-0.022106,-0.040254,0.783614,-0.112659,-0.121388,-0.017862,-0.04012,1.811104,0.611594,-0.13766,-0.00079,-0.019954,3.818182,0.011029,0.028564,0.025307
322,121.644592,1000.0,0.888135,0.872572,0.0,0.0,0.103877,74054.0,0.142252,0.570364,0.177082,0.370313,-0.033314,0.73862,5.250731,-0.01,-0.6,-0.012,-0.25,-0.36,-1.2,0.500007,-0.086696,-0.002266,0.0,-0.084201,-0.046714,-0.022682,-0.041347,0.785483,-0.112268,-0.122619,-0.020162,-0.043156,1.789614,0.609546,-0.136291,-0.000943,-0.008619,3.318182,0.014194,0.042463,0.034264
323,121.682121,1000.0,0.897196,0.883409,0.0,0.0,0.103732,70882.0,0.136998,0.565843,0.185163,0.379879,-0.033036,0.749379,5.258235,-0.01,-0.6,-0.012,-0.25,-0.36,-1.2,0.500007,-0.082646,-0.001324,0.0,-0.079652,-0.046733,-0.023108,-0.040832,0.782097,-0.112626,-0.127543,-0.018376,-0.038568,1.808339,0.612709,-0.13817,-0.00073,-0.010927,3.791667,0.013915,0.025928,0.028902
324,121.531502,990.299988,0.866576,0.846517,0.043478,0.0,0.103601,72338.0,0.12966,0.538752,0.179312,0.373767,-0.033527,0.759027,5.245511,-0.01,-0.6,-0.012,-0.25,-0.36,-1.2,0.478898,-0.083935,-0.001508,-0.001739,-0.080253,-0.044492,-0.022152,-0.039283,0.758177,-0.111335,-0.112021,-0.019205,-0.039532,1.743835,0.583899,-0.132841,-0.000845,-0.012174,3.826087,0.015608,0.035572,0.059059
325,121.273697,1000.0,0.895178,0.88119,0.0,0.0,0.103365,71876.0,0.140375,0.547647,0.191984,0.391876,-0.03375,0.781717,5.249622,-0.01,-0.6,-0.012,-0.25,-0.36,-1.2,0.500007,-0.084012,-0.002769,0.0,-0.085353,-0.0467,-0.022803,-0.041194,0.795537,-0.110841,-0.12575,-0.018063,-0.041891,1.796444,0.616956,-0.137645,-0.001003,-0.014835,3.583333,0.013472,0.030689,0.030395
326,119.145287,990.299988,0.879826,0.850114,0.043478,0.0,0.103354,56148.0,0.136341,0.5531,0.173512,0.362705,-0.032112,0.699433,5.212915,-0.01,-0.6,-0.012,-0.25,-0.36,-1.2,0.489452,-0.081957,-0.002043,-0.00087,-0.077686,-0.045468,-0.022342,-0.039148,0.74705,-0.110359,-0.121132,-0.017701,-0.038749,1.758624,0.600213,-0.133029,-0.000812,-0.015352,3.782609,0.013991,0.033142,0.048257
327,121.295616,1000.0,0.896682,0.865888,0.0,0.0,0.103217,72702.0,0.139131,0.599376,0.186527,0.402578,-0.03561,0.788611,5.235382,-0.01,-0.6,-0.012,-0.25,-0.36,-1.2,0.500007,-0.087877,-0.002771,0.0,-0.086996,-0.046459,-0.02432,-0.042312,0.785333,-0.116249,-0.124856,-0.022523,-0.042582,1.802175,0.597501,-0.141402,-0.000781,-0.015085,4.181818,0.012855,0.028927,0.026761
328,120.665321,1000.0,0.883229,0.879931,0.0,0.0,0.103138,71086.0,0.135683,0.589745,0.182632,0.376071,-0.033436,0.744787,5.210487,-0.01,-0.6,-0.012,-0.25,-0.36,-1.2,0.500007,-0.083307,-0.001898,0.0,-0.081706,-0.046066,-0.022865,-0.041606,0.765891,-0.112627,-0.125124,-0.018323,-0.040622,1.816611,0.605039,-0.135812,-0.000578,-0.010959,3.956522,0.013015,0.025631,0.030867
329,121.464569,1000.0,0.901689,0.869564,0.0,0.0,0.103089,71437.0,0.135673,0.588748,0.184855,0.365646,-0.032371,0.75813,5.239621,-0.01,-0.6,-0.012,-0.25,-0.36,-1.2,0.500007,-0.080766,-0.001344,0.0,-0.082637,-0.045286,-0.02169,-0.041208,0.782725,-0.114029,-0.125641,-0.017723,-0.042575,1.823882,0.602925,-0.129183,-0.000791,-0.011743,2.652174,0.015589,0.029577,0.029306
330,121.680603,1000.0,0.9062,0.875424,0.0,0.0,0.102814,74289.0,0.138025,0.571149,0.188925,0.402766,-0.035419,0.784605,5.207903,-0.01,-0.6,-0.012,-0.25,-0.36,-1.2,0.500007,-0.085992,-0.002013,0.0,-0.08516,-0.046142,-0.023929,-0.042342,0.792433,-0.111733,-0.122398,-0.018186,-0.040122,1.809116,0.609141,-0.140708,-0.000831,-0.017867,3.095238,0.013613,0.02609,0.023161
331,121.645012,1000.0,0.906167,0.880485,0.0,0.0,0.102292,71726.0,0.13172,0.549938,0.175916,0.371191,-0.032698,0.747464,5.201455,-0.01,-0.6,-0.012,-0.25,-0.36,-1.2,0.500007,-0.087789,-0.000978,0.0,-0.078974,-0.044544,-0.021952,-0.040359,0.772049,-0.108625,-0.110811,-0.017625,-0.038817,1.823653,0.623268,-0.131742,-0.000647,-0.013068,3.086957,0.012338,0.024475,0.027666
332,120.724747,990.27002,0.882192,0.872449,0.041667,0.0,0.102,54575.0,0.132648,0.559788,0.184038,0.369066,-0.032603,0.745194,5.193985,-0.01,-0.6,-0.012,-0.25,-0.36,-1.2,0.493243,-0.082129,-0.001673,-0.000556,-0.077599,-0.044237,-0.021003,-0.038094,0.770704,-0.107302,-0.115702,-0.01699,-0.03793,1.791508,0.610845,-0.131668,-0.000751,-0.016217,3.458333,0.017463,0.02818,0.043949
333,120.97155,1000.0,0.894486,0.874841,0.0,0.0,0.101851,70771.0,0.139617,0.573026,0.194304,0.404003,-0.034773,0.792496,5.187957,-0.01,-0.6,-0.012,-0.25,-0.36,-1.2,0.500007,-0.082678,-0.001678,0.0,-0.083373,-0.04579,-0.022898,-0.040877,0.78898,-0.116666,-0.12564,-0.017526,-0.039811,1.800404,0.606373,-0.138446,-0.00075,-0.017476,18.652174,0.013545,0.02794,0.027644
334,119.781143,980.390015,0.831128,0.820472,0.26087,0.0,0.101455,69991.0,0.124861,0.513591,0.172017,0.349804,-0.029891,0.713252,5.212995,-0.01,-0.6,-0.012,-0.25,-0.36,-1.2,0.462034,-0.077194,-0.001066,-0.003072,-0.072867,-0.040967,-0.019302,-0.035722,0.738725,-0.097812,-0.106389,-0.015195,-0.035723,1.675856,0.57549,-0.120494,-0.000804,-0.012189,5.086957,0.014573,0.040322,0.098489
335,121.979553,1000.0,0.90468,0.888125,0.0,0.0,0.100882,68756.0,0.134751,0.570681,0.18171,0.377469,-0.032374,0.750595,5.214437,-0.01,-0.6,-0.012,-0.25,-0.36,-1.2,0.500007,-0.085009,-0.0021,0.0,-0.080611,-0.044198,-0.021543,-0.039699,0.791668,-0.105203,-0.115171,-0.01781,-0.039472,1.813678,0.619037,-0.132125,-0.000658,-0.009635,4.375,0.012229,0.026503,0.032495
336,118.23922,990.22998,0.88983,0.863171,0.043478,0.0,0.100731,72263.0,0.1327,0.520735,0.172837,0.355542,-0.031229,0.707006,5.215215,-0.01,-0.6,-0.012,-0.25,-0.36,-1.2,0.496463,-0.083326,-0.002853,-0.00029,-0.075922,-0.043746,-0.021452,-0.038765,0.749592,-0.106468,-0.118144,-0.017306,-0.037229,1.810465,0.628532,-0.129133,-0.001032,-0.02058,4.391304,0.013788,0.034914,0.03649
337,121.113663,995.75,0.898723,0.866199,0.041667,0.0,0.100668,55397.0,0.135932,0.571856,0.187216,0.386794,-0.033569,0.77401,5.203717,-0.01,-0.6,-0.012,-0.25,-0.36,-1.2,0.498527,-0.084848,-0.002178,-0.000278,-0.080558,-0.044546,-0.02291,-0.040752,0.777493,-0.108551,-0.118472,-0.017752,-0.038751,1.80172,0.613002,-0.134736,-0.000666,-0.016953,4.5,0.014076,0.026433,0.035429
338,121.085548,990.280029,0.902846,0.884683,0.041667,0.0,0.10037,69916.0,0.128835,0.542124,0.184914,0.370372,-0.031894,0.772003,5.243683,-0.01,-0.6,-0.012,-0.25,-0.36,-1.2,0.498164,-0.082625,-0.001648,-0.000152,-0.076905,-0.043114,-0.020591,-0.038186,0.793161,-0.100597,-0.109693,-0.01664,-0.038469,1.824868,0.632708,-0.127694,-0.00076,-0.016938,4.125,0.013225,0.029808,0.029174
339,120.019081,989.359985,0.889264,0.881154,0.083333,0.0,0.100099,71355.0,0.133879,0.525548,0.181764,0.37052,-0.031637,0.75004,5.224745,-0.01,-0.6,-0.012,-0.25,-0.36,-1.2,0.496755,-0.08271,-0.00178,-0.000571,-0.076436,-0.043289,-0.021127,-0.038438,0.777616,-0.10305,-0.116703,-0.016177,-0.037288,1.793051,0.631183,-0.127549,-0.000828,-0.013478,3.958333,0.013808,0.029349,0.03556
340,120.934189,1000.0,0.885129,0.881556,0.0,0.0,0.099997,71289.0,0.13207,0.542822,0.176275,0.360243,-0.030426,0.706346,5.241594,-0.01,-0.6,-0.012,-0.25,-0.36,-1.2,0.500007,-0.082564,-0.002365,0.0,-0.073557,-0.043498,-0.021237,-0.038533,0.752958,-0.102721,-0.117544,-0.015288,-0.035571,1.819693,0.632692,-0.128307,-0.000621,-0.009234,4.166667,0.012819,0.028218,0.031684
341,120.317955,990.159973,0.886966,0.885151,0.041667,0.0,0.100025,70803.0,0.128932,0.543983,0.173788,0.344244,-0.030316,0.692777,5.226229,-0.01,-0.6,-0.012,-0.25,-0.36,-1.2,0.495902,-0.079242,-0.001211,-0.000333,-0.072918,-0.043302,-0.020473,-0.038137,0.759049,-0.102528,-0.115528,-0.015277,-0.03666,1.81622,0.627366,-0.124767,-0.000635,-0.015873,4.25,0.013419,0.030656,0.031589
342,118.47654,970.429993,0.883214,0.854975,0.125,0.0,0.099515,71245.0,0.130745,0.526773,0.177204,0.382434,-0.032834,0.755371,5.255618,-0.01,-0.6,-0.012,-0.25,-0.36,-1.2,0.488523,-0.085927,-0.001756,-0.000933,-0.079531,-0.042751,-0.022715,-0.039654,0.75375,-0.103507,-0.108589,-0.017006,-0.037065,1.771296,0.614092,-0.131484,-0.000644,-0.016704,4.0,0.01324,0.026608,0.049628
343,122.455009,1000.0,0.903664,0.876889,0.0,0.0,0.099421,54987.0,0.133999,0.535353,0.187155,0.372107,-0.031476,0.751303,5.2241,-0.01,-0.6,-0.012,-0.25,-0.36,-1.2,0.500007,-0.078774,-0.00147,0.0,-0.076616,-0.043339,-0.021297,-0.038644,0.777402,-0.104112,-0.121404,-0.015499,-0.036644,1.819706,0.632858,-0.128094,-0.000704,-0.014824,4.875,0.014536,0.028312,0.032128
344,123.457039,1000.0,0.904293,0.887074,0.0,0.0,0.099396,69535.0,0.135729,0.552359,0.192439,0.39117,-0.033477,0.806834,5.221801,-0.01,-0.6,-0.012,-0.25,-0.36,-1.2,0.500007,-0.084211,-0.000899,0.0,-0.083037,-0.043129,-0.021921,-0.039256,0.806967,-0.102577,-0.116127,-0.017514,-0.040278,1.814986,0.62792,-0.129278,-0.000604,-0.017656,5.208333,0.01319,0.025805,0.029203
345,122.090889,1000.0,0.901387,0.877183,0.0,0.0,0.099436,68223.0,0.136325,0.538481,0.183183,0.379441,-0.032805,0.766719,5.195733,-0.01,-0.6,-0.012,-0.25,-0.36,-1.2,0.500007,-0.084937,-0.001865,0.0,-0.0799,-0.042795,-0.022068,-0.038901,0.789133,-0.10197,-0.112549,-0.01798,-0.03975,1.803487,0.634959,-0.128886,-0.000889,-0.022317,4.958333,0.012766,0.027495,0.037366
346,122.396103,1000.0,0.897241,0.88054,0.0,0.0,0.099217,69459.0,0.134916,0.560339,0.185119,0.372614,-0.032203,0.749128,5.219079,-0.01,-0.6,-0.012,-0.25,-0.36,-1.2,0.500007,-0.081235,-0.001777,0.0,-0.078827,-0.042919,-0.02152,-0.03892,0.779842,-0.102814,-0.117918,-0.01632,-0.039068,1.814446,0.626743,-0.128402,-0.000643,-0.017424,5.041667,0.016943,0.029942,0.033684
347,122.475761,1000.0,0.89992,0.885692,0.0,0.0,0.098819,69398.0,0.131273,0.554307,0.178624,0.370193,-0.031783,0.74177,5.191496,-0.01,-0.6,-0.012,-0.25,-0.36,-1.2,0.500007,-0.084388,-0.001507,0.0,-0.077168,-0.042331,-0.021172,-0.03834,0.780874,-0.101626,-0.113401,-0.016586,-0.03857,1.821389,0.632078,-0.127334,-0.000755,-0.015452,4.541667,0.012764,0.024793,0.031644
348,122.579926,1000.0,0.893807,0.867054,0.041667,0.0,0.098682,68933.0,0.133331,0.551165,0.180213,0.371157,-0.031834,0.736028,5.206924,-0.01,-0.6,-0.012,-0.25,-0.36,-1.2,0.495936,-0.081119,-0.001862,-0.000333,-0.077524,-0.042473,-0.021182,-0.037982,0.773343,-0.103117,-0.117382,-0.0166,-0.038749,1.801852,0.622342,-0.127103,-0.000584,-0.012957,5.833333,0.013734,0.034239,0.033683
349,123.228363,990.200012,0.904133,0.880367,0.043478,0.0,0.098423,54858.0,0.134519,0.543521,0.19447,0.380948,-0.032264,0.788956,5.199527,-0.01,-0.6,-0.012,-0.25,-0.36,-1.2,0.497874,-0.080823,-0.001706,-0.000174,-0.078802,-0.041928,-0.021038,-0.038256,0.805238,-0.101299,-0.115737,-0.017266,-0.038907,1.805921,0.630231,-0.125376,-0.000783,-0.014955,6.130435,0.013992,0.030973,0.036146
350,122.427887,1000.0,0.900401,0.881673,0.0,0.0,0.098568,68646.0,0.134707,0.557376,0.184652,0.382572,-0.032924,0.757163,5.200862,-0.01,-0.6,-0.012,-0.25,-0.36,-1.2,0.500007,-0.08438,-0.002351,0.0,-0.079618,-0.04239,-0.021967,-0.038821,0.785906,-0.100428,-0.1131,-0.016921,-0.038845,1.802882,0.631293,-0.129245,-0.000654,-0.012215,6.583333,0.015248,0.036018,0.03083
351,121.929443,990.219971,0.895884,0.882777,0.041667,0.0,0.098388,68544.0,0.132655,0.542658,0.181334,0.377091,-0.032108,0.760191,5.193608,-0.01,-0.6,-0.012,-0.25,-0.36,-1.2,0.497457,-0.084327,-0.001989,-0.000208,-0.077443,-0.041563,-0.020912,-0.037609,0.78224,-0.100229,-0.111514,-0.017473,-0.038373,1.802564,0.633472,-0.12585,-0.000726,-0.018499,7.75,0.013153,0.032839,0.035596
352,121.342186,990.280029,0.896813,0.879858,0.041667,0.0,0.098462,66180.0,0.132277,0.53361,0.183775,0.37696,-0.03283,0.753838,5.188952,-0.01,-0.6,-0.012,-0.25,-0.36,-1.2,0.497473,-0.083122,-0.001729,-0.000208,-0.078011,-0.042064,-0.021784,-0.03856,0.777837,-0.101244,-0.113696,-0.016513,-0.038739,1.80687,0.634261,-0.127737,-0.000646,-0.013623,8.5,0.013066,0.028467,0.032613
353,122.425369,1000.0,0.906018,0.886048,0.041667,0.0,0.098266,65428.0,0.130497,0.522817,0.184781,0.371196,-0.031564,0.755921,5.194077,-0.01,-0.6,-0.012,-0.25,-0.36,-1.2,0.49843,-0.082423,-0.001707,-0.000128,-0.07496,-0.041473,-0.020856,-0.037067,0.780119,-0.098147,-0.11082,-0.016337,-0.036252,1.817761,0.643322,-0.124466,-0.000781,-0.024241,8.333334,0.013273,0.032299,0.032447
354,122.211243,1000.0,0.902478,0.88307,0.0,0.0,0.098044,49915.0,0.130477,0.538785,0.181474,0.36913,-0.031147,0.746164,5.149676,-0.01,-0.6,-0.012,-0.25,-0.36,-1.2,0.500007,-0.081799,-0.001522,0.0,-0.075411,-0.041411,-0.020577,-0.037117,0.778961,-0.10013,-0.112332,-0.016612,-0.037639,1.824075,0.64088,-0.123954,-0.00065,-0.014016,6.666667,0.012043,0.027231,0.031399
355,122.859703,990.150024,0.906344,0.889236,0.041667,0.0,0.097633,65322.0,0.129154,0.513729,0.181441,0.365806,-0.031197,0.750681,5.173137,-0.01,-0.6,-0.012,-0.25,-0.36,-1.2,0.497439,-0.083678,-0.001505,-0.000208,-0.073648,-0.041205,-0.020764,-0.036799,0.788325,-0.096423,-0.105513,-0.015956,-0.036063,1.813798,0.648341,-0.123437,-0.000693,-0.017854,8.25,0.013606,0.02991,0.035751
356,123.332916,1000.0,0.90387,0.885999,0.0,0.0,0.097562,71255.0,0.13305,0.518534,0.18846,0.368355,-0.03143,0.742285,5.156038,-0.01,-0.6,-0.012,-0.25,-0.36,-1.2,0.500007,-0.07857,-0.001462,0.0,-0.074663,-0.041501,-0.02074,-0.037167,0.787132,-0.099573,-0.118081,-0.015868,-0.037135,1.818777,0.646713,-0.123014,-0.000646,-0.014931,7.217391,0.013486,0.030826,0.02947
357,120.82373,990.159973,0.893046,0.872002,0.041667,0.0,0.097341,64366.0,0.129849,0.520204,0.178856,0.360617,-0.030162,0.739689,5.179345,-0.01,-0.6,-0.012,-0.25,-0.36,-1.2,0.495902,-0.082729,-0.001477,-0.000333,-0.074015,-0.040511,-0.020149,-0.036296,0.77233,-0.09777,-0.10729,-0.015376,-0.036244,1.80492,0.639391,-0.120316,-0.000681,-0.014424,5.458333,0.01367,0.029985,0.034472
358,123.245995,1000.0,0.899142,0.889628,0.0,0.0,0.097287,64840.0,0.130692,0.518684,0.187916,0.382606,-0.032358,0.778587,5.171968,-0.01,-0.6,-0.012,-0.25,-0.36,-1.2,0.500007,-0.083588,-0.001477,0.0,-0.077821,-0.040942,-0.021164,-0.03888,0.796708,-0.09669,-0.108205,-0.015517,-0.037389,1.823812,0.648283,-0.125417,-0.000748,-0.018951,4.25,0.01099,0.025064,0.024479
359,122.136711,1000.0,0.896818,0.880831,0.0,0.0,0.09701,70205.0,0.132681,0.516592,0.184998,0.384944,-0.032683,0.764055,5.171858,-0.01,-0.6,-0.012,-0.25,-0.36,-1.2,0.500007,-0.082364,-0.00164,0.0,-0.080623,-0.041482,-0.021559,-0.038988,0.773163,-0.098972,-0.117515,-0.016425,-0.039399,1.819026,0.646691,-0.127452,-0.000797,-0.028141,3.875,0.015593,0.031393,0.02916
360,124.203316,996.609985,0.893793,0.886828,0.043478,0.0,0.096894,55649.0,0.130578,0.542198,0.193643,0.378781,-0.031255,0.792279,5.147237,-0.01,-0.6,-0.012,-0.25,-0.36,-1.2,0.498159,-0.083251,-0.001032,-0.000435,-0.078618,-0.040287,-0.020197,-0.037677,0.801518,-0.094283,-0.108163,-0.015848,-0.038399,1.814475,0.641578,-0.122469,-0.000606,-0.008847,3.695652,0.012764,0.031484,0.037241
361,121.878853,989.01001,0.900318,0.868195,0.083333,0.0,0.096799,69574.0,0.132039,0.548141,0.185155,0.376641,-0.031563,0.772911,5.164318,-0.01,-0.6,-0.012,-0.25,-0.36,-1.2,0.496184,-0.081367,-0.001456,-0.000556,-0.075379,-0.04062,-0.020438,-0.036489,0.777639,-0.100262,-0.112478,-0.016316,-0.038158,1.801515,0.631505,-0.122059,-0.00062,-0.013906,2.833333,0.011276,0.031941,0.040389
362,122.820602,1000.0,0.899162,0.878961,0.0,0.0,0.096872,73964.0,0.127567,0.532652,0.172309,0.353054,-0.03013,0.720711,5.161119,-0.01,-0.6,-0.012,-0.25,-0.36,-1.2,0.500007,-0.084581,-0.001622,0.0,-0.070586,-0.039836,-0.019823,-0.036456,0.764944,-0.093616,-0.10321,-0.015408,-0.034247,1.82755,0.65055,-0.118822,-0.000455,-0.00718,3.681818,0.015337,0.02619,0.022872
363,123.126068,1000.0,0.900657,0.882171,0.0,0.0,0.096926,71408.0,0.134118,0.520936,0.185161,0.383014,-0.033059,0.769834,5.143434,-0.01,-0.6,-0.012,-0.25,-0.36,-1.2,0.500007,-0.083611,-0.00165,0.0,-0.080121,-0.041112,-0.021262,-0.039837,0.784294,-0.098462,-0.11612,-0.015716,-0.039903,1.820099,0.643823,-0.125846,-0.000692,-0.019525,3.521739,0.014573,0.02474,0.030558
364,120.775299,984.369995,0.875075,0.870657,0.090909,0.0,0.096917,72965.0,0.125778,0.506798,0.175664,0.348282,-0.028424,0.701703,5.140951,-0.01,-0.6,-0.012,-0.25,-0.36,-1.2,0.489374,-0.078035,-0.0019,-0.001061,-0.068269,-0.039406,-0.018753,-0.03479,0.748505,-0.091078,-0.102923,-0.014179,-0.032876,1.786782,0.643777,-0.115917,-0.000539,-0.016182,3.681818,0.016045,0.045492,0.043759
365,122.464165,1000.0,0.888466,0.883691,0.0,0.0,0.096939,69102.0,0.129742,0.522657,0.180111,0.355852,-0.029582,0.733079,5.158913,-0.01,-0.6,-0.012,-0.25,-0.36,-1.2,0.500007,-0.081341,-0.001524,0.0,-0.071789,-0.040375,-0.019678,-0.03572,0.792707,-0.096344,-0.107105,-0.015131,-0.035598,1.823265,0.649189,-0.1189,-0.000529,-0.015877,3.666667,0.012246,0.028243,0.03049
366,122.67955,1000.0,0.906698,0.880407,0.0,0.0,0.097018,54343.0,0.133659,0.510363,0.19136,0.378555,-0.031946,0.749502,5.153949,-0.01,-0.6,-0.012,-0.25,-0.36,-1.2,0.500007,-0.082208,-0.002439,0.0,-0.072992,-0.04015,-0.020671,-0.036247,0.778861,-0.096169,-0.107091,-0.015531,-0.034937,1.808256,0.656452,-0.123225,-0.000747,-0.016298,3.913043,0.013438,0.030496,0.029007
367,121.665909,990.219971,0.887427,0.865358,0.045455,0.0,0.097015,71664.0,0.129395,0.506043,0.17981,0.358227,-0.030877,0.729373,5.150754,-0.01,-0.6,-0.012,-0.25,-0.36,-1.2,0.49259,-0.078405,-0.001378,-0.000606,-0.075955,-0.039588,-0.019304,-0.035941,0.770809,-0.097031,-0.108128,-0.014818,-0.039333,1.802654,0.64016,-0.117915,-0.000599,-0.016396,3.363636,0.013715,0.030105,0.04688
368,122.602829,1000.0,0.898523,0.875403,0.0,0.0,0.096693,70239.0,0.130098,0.536789,0.184824,0.36592,-0.03135,0.736766,5.134696,-0.01,-0.6,-0.012,-0.25,-0.36,-1.2,0.500007,-0.082571,-0.001389,0.0,-0.073443,-0.039743,-0.019795,-0.036993,0.775164,-0.094892,-0.103674,-0.014684,-0.036633,1.822584,0.649568,-0.120936,-0.00066,-0.015888,4.166667,0.014242,0.033241,0.028164
369,122.771286,990.190002,0.886241,0.871022,0.045455,0.0,0.096678,73232.0,0.131761,0.549663,0.189653,0.37978,-0.032677,0.76855,5.146156,-0.01,-0.6,-0.012,-0.25,-0.36,-1.2,0.492567,-0.079199,-0.001921,-0.000606,-0.077042,-0.039949,-0.020892,-0.036434,0.783332,-0.098494,-0.112558,-0.016768,-0.039968,1.786731,0.625736,-0.121518,-0.000721,-0.015805,3.909091,0.014282,0.02926,0.04177
370,122.819572,1000.0,0.894582,0.873685,0.0,0.0,0.09658,72956.0,0.132741,0.547361,0.183099,0.364027,-0.031747,0.718477,5.1628,-0.01,-0.6,-0.012,-0.25,-0.36,-1.2,0.500007,-0.079467,-0.002181,0.0,-0.075285,-0.040542,-0.021524,-0.038864,0.776093,-0.098945,-0.117494,-0.016059,-0.038694,1.817775,0.640764,-0.123151,-0.000543,-0.016071,3.391304,0.013324,0.027299,0.030322
371,121.457939,995.809998,0.892813,0.857656,0.045455,0.0,0.096491,72584.0,0.13326,0.558115,0.184988,0.37366,-0.032946,0.732657,5.185403,-0.01,-0.6,-0.012,-0.25,-0.36,-1.2,0.495234,-0.081412,-0.002256,-0.000909,-0.076372,-0.040278,-0.021729,-0.036474,0.780594,-0.101823,-0.118433,-0.015947,-0.039467,1.796176,0.623177,-0.123395,-0.000514,-0.010067,2.818182,0.016137,0.035805,0.037953
372,122.991524,995.809998,0.896488,0.880002,0.0,0.0,0.096649,56318.0,0.137377,0.541786,0.199398,0.402161,-0.034755,0.801523,5.175512,-0.01,-0.6,-0.012,-0.25,-0.36,-1.2,0.500007,-0.080627,-0.001918,0.0,-0.080801,-0.040497,-0.021986,-0.038605,0.795854,-0.10246,-0.118333,-0.017539,-0.039409,1.801854,0.635234,-0.12751,-0.000814,-0.021096,3.272727,0.014092,0.021328,0.030963
373,124.762962,1000.0,0.910152,0.879885,0.0,0.0,0.096477,71026.0,0.136737,0.538922,0.19641,0.409111,-0.034622,0.822475,5.168441,-0.01,-0.6,-0.012,-0.25,-0.36,-1.2,0.500007,-0.084215,-0.001603,0.0,-0.08125,-0.04036,-0.022293,-0.03861,0.801022,-0.097243,-0.111692,-0.016784,-0.040909,1.805094,0.640299,-0.12607,-0.000797,-0.023411,3.0,0.011571,0.030875,0.025982
374,124.615547,1000.0,0.904667,0.877517,0.0,0.0,0.096319,71654.0,0.132375,0.536651,0.198577,0.388939,-0.033144,0.787116,5.175287,-0.01,-0.6,-0.012,-0.25,-0.36,-1.2,0.500007,-0.080144,-0.001785,0.0,-0.07755,-0.03981,-0.021079,-0.03718,0.799767,-0.094555,-0.110245,-0.015217,-0.038481,1.825121,0.647381,-0.122495,-0.000791,-0.012912,3.695652,0.012432,0.027209,0.02908
375,124.589653,1000.0,0.914792,0.86415,0.0,0.0,0.096262,72341.0,0.132102,0.532845,0.197133,0.393138,-0.032717,0.789259,5.134258,-0.01,-0.6,-0.012,-0.25,-0.36,-1.2,0.500007,-0.079991,-0.001494,0.0,-0.07719,-0.039954,-0.021325,-0.037056,0.793167,-0.098034,-0.111098,-0.015636,-0.037738,1.819067,0.644022,-0.124299,-0.000701,-0.025116,18.434782,0.014153,0.030908,0.029145
376,120.941925,980.419983,0.886987,0.863757,0.166667,0.0,0.095946,68422.0,0.129424,0.52025,0.188421,0.367951,-0.030876,0.752166,5.143884,-0.01,-0.6,-0.012,-0.25,-0.36,-1.2,0.493348,-0.079032,-0.001839,-0.001,-0.074394,-0.039093,-0.020238,-0.035392,0.775904,-0.093715,-0.107981,-0.015188,-0.036696,1.794637,0.641951,-0.118138,-0.00065,-0.013641,5.625,0.015319,0.036341,0.040694
377,123.774597,1000.0,0.896046,0.887702,0.0,0.0,0.095788,52546.0,0.13569,0.547486,0.195222,0.39713,-0.034515,0.783903,5.158672,-0.01,-0.6,-0.012,-0.25,-0.36,-1.2,0.500007,-0.082297,-0.001624,0.0,-0.079356,-0.040133,-0.021714,-0.038352,0.793499,-0.097595,-0.112927,-0.016772,-0.039507,1.812262,0.63918,-0.126328,-0.000579,-0.014097,4.333333,0.0153,0.029181,0.035362
378,121.638847,980.320007,0.878297,0.858478,0.086957,0.0,0.09551,71091.0,0.133248,0.503908,0.190826,0.382298,-0.032351,0.761676,5.162693,-0.01,-0.6,-0.012,-0.25,-0.36,-1.2,0.490354,-0.078511,-0.001826,-0.000783,-0.075689,-0.039238,-0.021157,-0.036699,0.771259,-0.093756,-0.112876,-0.01524,-0.037952,1.771385,0.641671,-0.121323,-0.001341,-0.017707,4.304348,0.014855,0.042645,0.052783
379,123.649178,1000.0,0.909963,0.880402,0.0,0.0,0.0956,71225.0,0.130609,0.509585,0.177109,0.35482,-0.030451,0.733456,5.173435,-0.01,-0.6,-0.012,-0.25,-0.36,-1.2,0.500007,-0.083568,-0.001953,0.0,-0.071574,-0.038703,-0.019317,-0.03517,0.77908,-0.091321,-0.103095,-0.015506,-0.035999,1.822672,0.663057,-0.11623,-0.000622,-0.021448,4.458333,0.012681,0.025303,0.029662
380,124.765976,1000.0,0.892474,0.867411,0.0,0.0,0.09558,70776.0,0.135297,0.506543,0.201952,0.400477,-0.033763,0.793817,5.149178,-0.01,-0.6,-0.012,-0.25,-0.36,-1.2,0.500007,-0.080871,-0.002474,0.0,-0.077235,-0.039796,-0.021827,-0.037374,0.788351,-0.09899,-0.115941,-0.016591,-0.038171,1.809241,0.652765,-0.124357,-0.000533,-0.012352,4.125,0.01344,0.032589,0.033186
381,123.960602,1000.0,0.896975,0.880728,0.0,0.0,0.095398,70431.0,0.126727,0.503232,0.173761,0.354661,-0.029412,0.74301,5.153083,-0.01,-0.6,-0.012,-0.25,-0.36,-1.2,0.500007,-0.084639,-0.001233,0.0,-0.071095,-0.038569,-0.019242,-0.036432,0.774923,-0.088205,-0.100399,-0.014943,-0.034384,1.830027,0.668801,-0.116159,-0.00075,-0.013937,4.041667,0.014958,0.026078,0.026248
382,124.196014,1000.0,0.906435,0.881587,0.0,0.0,0.09518,71568.0,0.123065,0.483131,0.172258,0.334892,-0.027803,0.71159,5.168708,-0.01,-0.6,-0.012,-0.25,-0.36,-1.2,0.500007,-0.080124,-0.001626,0.0,-0.064336,-0.038135,-0.018012,-0.033622,0.755223,-0.08905,-0.100503,-0.013577,-0.032011,1.841567,0.675489,-0.110588,-0.000555,-0.015262,3.791667,0.01203,0.024288,0.026963
383,123.883011,1000.0,0.883635,0.882461,0.0,0.0,0.095075,53633.0,0.130445,0.50653,0.188765,0.379539,-0.032335,0.758364,5.154308,-0.01,-0.6,-0.012,-0.25,-0.36,-1.2,0.500007,-0.080849,-0.00191,0.0,-0.075391,-0.039273,-0.021147,-0.037229,0.779386,-0.092765,-0.111787,-0.015447,-0.037151,1.82496,0.661333,-0.122041,-0.000661,-0.016921,4.375,0.015035,0.025396,0.027993
384,123.84288,1000.0,0.891163,0.879724,0.0,0.0,0.09496,71387.0,0.132654,0.564895,0.188068,0.39146,-0.032833,0.777008,5.14595,-0.01,-0.6,-0.012,-0.25,-0.36,-1.2,0.500007,-0.083024,-0.00166,0.0,-0.078247,-0.039416,-0.021557,-0.038642,0.784411,-0.097022,-0.109211,-0.01661,-0.038414,1.823986,0.637832,-0.123277,-0.000643,-0.013868,4.291667,0.01277,0.029937,0.03471
385,122.907249,998.780029,0.888769,0.892211,0.041667,0.0,0.095145,70770.0,0.126943,0.503717,0.178585,0.355224,-0.029822,0.731516,5.170094,-0.01,-0.6,-0.012,-0.25,-0.36,-1.2,0.499494,-0.080139,-0.001434,-0.000333,-0.070416,-0.038525,-0.019724,-0.036594,0.77777,-0.08994,-0.10372,-0.014587,-0.034395,1.829639,0.663753,-0.116291,-0.000718,-0.01774,5.166667,0.013527,0.029624,0.030121
386,123.091354,990.22998,0.898876,0.881808,0.041667,0.0,0.095331,70963.0,0.131559,0.507624,0.187423,0.387759,-0.032611,0.776758,5.170328,-0.01,-0.6,-0.012,-0.25,-0.36,-1.2,0.49746,-0.083589,-0.001963,-0.000208,-0.07549,-0.038674,-0.020404,-0.037293,0.784479,-0.09167,-0.103254,-0.016791,-0.03757,1.80703,0.657036,-0.121352,-0.000694,-0.007869,5.125,0.014676,0.029072,0.031865
387,123.300224,1000.0,0.897638,0.883055,0.0,0.0,0.095205,71141.0,0.129836,0.526758,0.183865,0.367869,-0.030546,0.738647,5.152188,-0.01,-0.6,-0.012,-0.25,-0.36,-1.2,0.500007,-0.079953,-0.001828,0.0,-0.071305,-0.03886,-0.020164,-0.035899,0.772493,-0.093645,-0.109041,-0.014884,-0.035317,1.822449,0.655236,-0.117409,-0.000527,-0.017698,5.0,0.014331,0.02744,0.031045
388,124.151932,1000.0,0.906924,0.884977,0.0,0.0,0.095178,71439.0,0.128594,0.517655,0.181067,0.369487,-0.031175,0.745332,5.176896,-0.01,-0.6,-0.012,-0.25,-0.36,-1.2,0.500007,-0.082617,-0.001737,0.0,-0.074053,-0.038514,-0.020027,-0.036166,0.785802,-0.090476,-0.105974,-0.015992,-0.037795,1.826253,0.661492,-0.117801,-0.000611,-0.013021,5.041667,0.013202,0.026347,0.027175
389,123.480232,1000.0,0.888575,0.890934,0.0,0.0,0.095226,53823.0,0.130894,0.497973,0.192712,0.380878,-0.032227,0.762294,5.142343,-0.01,-0.6,-0.012,-0.25,-0.36,-1.2,0.500007,-0.079694,-0.001833,0.0,-0.073654,-0.038943,-0.020883,-0.037151,0.780564,-0.093064,-0.111318,-0.014374,-0.035578,1.822513,0.66535,-0.120696,-0.000652,-0.013932,4.833333,0.012512,0.027304,0.028854
390,123.258652,990.169983,0.903103,0.877635,0.041667,0.0,0.095072,70686.0,0.125679,0.509099,0.17626,0.364792,-0.031046,0.754743,5.119999,-0.01,-0.6,-0.012,-0.25,-0.36,-1.2,0.494882,-0.083899,-0.001455,-0.000417,-0.074041,-0.037917,-0.019746,-0.036562,0.775125,-0.088742,-0.098498,-0.016024,-0.036853,1.8112,0.655591,-0.116528,-0.000772,-0.014607,5.916667,0.012172,0.038026,0.037216
391,123.338264,990.190002,0.901093,0.88033,0.043478,0.0,0.09494,66953.0,0.128749,0.517245,0.187705,0.375597,-0.031822,0.777389,5.180217,-0.01,-0.6,-0.012,-0.25,-0.36,-1.2,0.495737,-0.082509,-0.001742,-0.000348,-0.073052,-0.03824,-0.019906,-0.035306,0.792877,-0.091265,-0.103227,-0.015768,-0.036977,1.807439,0.651141,-0.116666,-0.000599,-0.016257,5.826087,0.014626,0.030899,0.039875
392,125.685333,1000.0,0.901096,0.882822,0.0,0.0,0.094903,68741.0,0.133975,0.541565,0.197423,0.399301,-0.033775,0.790532,5.177211,-0.01,-0.6,-0.012,-0.25,-0.36,-1.2,0.500007,-0.081629,-0.001823,0.0,-0.076763,-0.038979,-0.021464,-0.037284,0.795181,-0.094297,-0.111727,-0.015991,-0.038218,1.813471,0.647746,-0.12332,-0.000906,-0.014859,6.708333,0.012918,0.036294,0.029284
393,124.850449,1000.0,0.907005,0.892936,0.0,0.0,0.094882,70209.0,0.127764,0.519144,0.188636,0.373709,-0.031856,0.770227,5.168807,-0.01,-0.6,-0.012,-0.25,-0.36,-1.2,0.500007,-0.081388,-0.001917,0.0,-0.073559,-0.038178,-0.019885,-0.035682,0.799523,-0.089885,-0.102934,-0.015007,-0.037392,1.830659,0.661736,-0.116997,-0.000626,-0.014831,8.375,0.012503,0.027189,0.028995
394,124.487404,1000.0,0.90446,0.888245,0.0,0.0,0.094701,70146.0,0.127794,0.514861,0.188137,0.373015,-0.031584,0.757235,5.182079,-0.01,-0.6,-0.012,-0.25,-0.36,-1.2,0.500007,-0.082337,-0.001552,0.0,-0.072079,-0.03852,-0.02032,-0.036444,0.793428,-0.090474,-0.103631,-0.01521,-0.035919,1.827375,0.661987,-0.117648,-0.000553,-0.013796,8.625,0.014124,0.027991,0.026647
395,123.407211,990.179993,0.892546,0.883693,0.041667,0.0,0.094478,53501.0,0.128364,0.508567,0.182106,0.36445,-0.030848,0.754527,5.169688,-0.01,-0.6,-0.012,-0.25,-0.36,-1.2,0.497447,-0.081007,-0.001351,-0.000208,-0.07261,-0.037907,-0.019514,-0.035855,0.782474,-0.089322,-0.102655,-0.014308,-0.036635,1.812713,0.662235,-0.114909,-0.000557,-0.013474,7.916667,0.015105,0.029521,0.035423
396,123.975365,990.190002,0.882217,0.885118,0.041667,0.0,0.094554,69504.0,0.129637,0.516218,0.196666,0.380885,-0.031805,0.785018,5.182241,-0.01,-0.6,-0.012,-0.25,-0.36,-1.2,0.498147,-0.078968,-0.001676,-0.000152,-0.075047,-0.038322,-0.019823,-0.03687,0.794177,-0.090108,-0.107355,-0.015216,-0.037518,1.825012,0.657641,-0.11732,-0.000677,-0.012753,6.5,0.014103,0.028372,0.033475
397,124.87912,1000.0,0.899989,0.883716,0.041667,0.0,0.09437,69501.0,0.131096,0.503333,0.191404,0.371956,-0.031245,0.764804,5.164801,-0.01,-0.6,-0.012,-0.25,-0.36,-1.2,0.498171,-0.07875,-0.001944,-0.000152,-0.071807,-0.038163,-0.019877,-0.035453,0.786666,-0.090495,-0.108324,-0.014568,-0.035785,1.811991,0.661623,-0.115675,-0.000789,-0.014536,8.583334,0.013801,0.031213,0.034756
398,125.029846,1000.0,0.894033,0.886457,0.0,0.0,0.094292,70363.0,0.131662,0.516563,0.197932,0.39128,-0.032759,0.794543,5.144836,-0.01,-0.6,-0.012,-0.25,-0.36,-1.2,0.500007,-0.080189,-0.002061,0.0,-0.076835,-0.038763,-0.020857,-0.037406,0.803187,-0.091125,-0.109312,-0.015646,-0.037889,1.821404,0.659199,-0.120765,-0.000591,-0.014904,6.347826,0.013504,0.031656,0.034246
399,124.743462,990.169983,0.884064,0.881935,0.041667,0.0,0.094302,69403.0,0.135044,0.525983,0.208917,0.390823,-0.032713,0.811959,5.178964,-0.01,-0.6,-0.012,-0.25,-0.36,-1.2,0.49659,-0.075816,-0.001668,-0.000278,-0.076234,-0.038569,-0.020374,-0.035829,0.805704,-0.094915,-0.114036,-0.014911,-0.037732,1.796082,0.644208,-0.117439,-0.000526,-0.009746,5.041667,0.011929,0.03065,0.031041
400,124.138512,990.409973,0.875975,0.868097,0.041667,0.0,0.094011,49749.0,0.128165,0.490858,0.189288,0.371955,-0.030716,0.763482,5.146248,-0.01,-0.6,-0.012,-0.25,-0.36,-1.2,0.490007,-0.076567,-0.001778,-0.000833,-0.072126,-0.037749,-0.020002,-0.035253,0.780779,-0.090595,-0.110154,-0.014625,-0.036077,1.787748,0.650791,-0.114922,-0.000737,-0.017019,4.0,0.013686,0.036346,0.04618
401,124.387863,1000.0,0.880139,0.891478,0.0,0.0,0.093493,67476.0,0.132323,0.526557,0.194271,0.391112,-0.032534,0.795406,5.141557,-0.01,-0.6,-0.012,-0.25,-0.36,-1.2,0.500007,-0.081481,-0.002675,0.0,-0.076097,-0.038054,-0.020391,-0.03613,0.796085,-0.090766,-0.107325,-0.015555,-0.038812,1.822651,0.656455,-0.117566,-0.000545,-0.014093,4.041667,0.016481,0.03082,0.025319
402,125.857491,1000.0,0.895702,0.889363,0.0,0.0,0.093283,68841.0,0.134761,0.528426,0.212049,0.412716,-0.034289,0.826747,5.119764,-0.01,-0.6,-0.012,-0.25,-0.36,-1.2,0.500007,-0.0803,-0.001806,0.0,-0.078268,-0.03882,-0.021213,-0.037416,0.812759,-0.09241,-0.111375,-0.015607,-0.037647,1.813057,0.652805,-0.123217,-0.000667,-0.015715,3.434783,0.014009,0.026337,0.023092
403,125.291702,1000.0,0.895479,0.885223,0.0,0.0,0.093109,69027.0,0.134938,0.547675,0.205095,0.40686,-0.035352,0.803984,5.122597,-0.01,-0.6,-0.012,-0.25,-0.36,-1.2,0.500007,-0.079426,-0.00173,0.0,-0.081096,-0.038967,-0.022174,-0.038885,0.803536,-0.094953,-0.115031,-0.0168,-0.041526,1.810649,0.644931,-0.125061,-0.00064,-0.019961,2.826087,0.013598,0.030652,0.032991
404,125.217819,1000.0,0.893301,0.879698,0.0,0.0,0.092966,69014.0,0.13454,0.487676,0.196619,0.385124,-0.032569,0.776403,5.11864,-0.01,-0.6,-0.012,-0.25,-0.36,-1.2,0.500007,-0.078088,-0.001586,0.0,-0.074457,-0.03849,-0.020582,-0.036783,0.78332,-0.091917,-0.111466,-0.014542,-0.036765,1.810884,0.668417,-0.11936,-0.000789,-0.016808,3.913043,0.014919,0.030793,0.035709
405,123.954529,1000.0,0.887834,0.882661,0.0,0.0,0.093031,69062.0,0.129597,0.508085,0.180945,0.370157,-0.031378,0.735344,5.108345,-0.01,-0.6,-0.012,-0.25,-0.36,-1.2,0.500007,-0.081881,-0.00189,0.0,-0.074242,-0.038415,-0.021182,-0.037776,0.767753,-0.094922,-0.104769,-0.016727,-0.037076,1.822248,0.658588,-0.118199,-0.000634,-0.010522,3.217391,0.014541,0.023419,0.037388
406,122.096954,990.380005,0.878036,0.879822,0.045455,0.0,0.093143,53030.0,0.126802,0.510265,0.181479,0.353242,-0.029965,0.71173,5.099293,-0.01,-0.6,-0.012,-0.25,-0.36,-1.2,0.495629,-0.078219,-0.00204,-0.000364,-0.070197,-0.037482,-0.01983,-0.035682,0.770707,-0.089853,-0.105702,-0.014418,-0.036687,1.815066,0.658471,-0.113064,-0.000631,-0.013604,3.863636,0.013615,0.029353,0.036615
407,123.721825,1000.0,0.892888,0.89064,0.0,0.0,0.093227,67877.0,0.123535,0.493715,0.172505,0.340719,-0.028064,0.709082,5.125678,-0.01,-0.6,-0.012,-0.25,-0.36,-1.2,0.500007,-0.081257,-0.001496,0.0,-0.067811,-0.036871,-0.018246,-0.034188,0.766817,-0.085678,-0.09737,-0.01579,-0.034499,1.838083,0.678645,-0.110806,-0.00066,-0.014016,3.826087,0.013275,0.027081,0.024442
408,124.930939,1000.0,0.906133,0.88992,0.0,0.0,0.093344,68846.0,0.12586,0.489748,0.179246,0.350865,-0.029853,0.729815,5.134642,-0.01,-0.6,-0.012,-0.25,-0.36,-1.2,0.500007,-0.080718,-0.001837,0.0,-0.06969,-0.037366,-0.018812,-0.034681,0.773234,-0.087236,-0.099261,-0.014672,-0.035622,1.836134,0.676018,-0.112202,-0.000734,-0.016463,4.0,0.013323,0.025893,0.027362
409,124.286568,1000.0,0.895168,0.884965,0.0,0.0,0.093473,68689.0,0.132151,0.521244,0.18924,0.377207,-0.032719,0.783006,5.135942,-0.01,-0.6,-0.012,-0.25,-0.36,-1.2,0.500007,-0.081792,-0.001893,0.0,-0.079431,-0.037806,-0.019708,-0.037457,0.794006,-0.092829,-0.105058,-0.016571,-0.041871,1.81623,0.658155,-0.115802,-0.000651,-0.014199,3.304348,0.012476,0.028475,0.033861
410,124.380066,1000.0,0.89483,0.892448,0.0,0.0,0.093674,61487.0,0.126054,0.497378,0.185633,0.350812,-0.029744,0.723371,5.150219,-0.01,-0.6,-0.012,-0.25,-0.36,-1.2,0.500007,-0.077718,-0.001315,0.0,-0.068842,-0.037239,-0.018867,-0.034767,0.78893,-0.086625,-0.10217,-0.013646,-0.034015,1.83671,0.672966,-0.111003,-0.000588,-0.013351,4.166667,0.012209,0.025728,0.027085
411,122.937241,990.599976,0.89872,0.877728,0.045455,0.0,0.093477,74388.0,0.130336,0.519143,0.190385,0.379335,-0.031845,0.757274,5.123992,-0.01,-0.6,-0.012,-0.25,-0.36,-1.2,0.496951,-0.078237,-0.002243,-0.00026,-0.073303,-0.037819,-0.020742,-0.035788,0.78232,-0.091051,-0.108982,-0.015445,-0.035426,1.802721,0.654007,-0.118219,-0.000608,-0.012815,4.045455,0.014568,0.028695,0.035716
412,122.702499,990.099976,0.880167,0.871111,0.090909,0.0,0.093535,52441.0,0.127245,0.523419,0.186859,0.360556,-0.030353,0.734842,5.118963,-0.01,-0.6,-0.012,-0.25,-0.36,-1.2,0.495452,-0.080217,-0.001641,-0.00097,-0.072577,-0.036962,-0.018968,-0.034515,0.77653,-0.089078,-0.103763,-0.015193,-0.036687,1.818788,0.652338,-0.111724,-0.000676,-0.023714,3.090909,0.013233,0.033783,0.044816
413,123.066055,990.099976,0.902617,0.869802,0.0,0.0,0.093519,69191.0,0.138532,0.545018,0.199332,0.420626,-0.035953,0.806957,5.124101,-0.01,-0.6,-0.012,-0.25,-0.36,-1.2,0.500007,-0.082222,-0.002596,0.0,-0.083413,-0.039358,-0.023448,-0.039115,0.78828,-0.100679,-0.117524,-0.017559,-0.042755,1.79622,0.636555,-0.126431,-0.000534,-0.015655,2.857143,0.01355,0.027953,0.025899
414,124.414886,1000.0,0.898274,0.882129,0.0,0.0,0.093546,68114.0,0.133848,0.515721,0.19839,0.399097,-0.033735,0.789272,5.117019,-0.01,-0.6,-0.012,-0.25,-0.36,-1.2,0.500007,-0.080852,-0.002788,0.0,-0.078132,-0.038303,-0.02179,-0.037833,0.784466,-0.094583,-0.111507,-0.016923,-0.038365,1.815697,0.65857,-0.122121,-0.000624,-0.017441,3.227273,0.012753,0.0279,0.031215
415,124.55381,1000.0,0.905244,0.893888,0.0,0.0,0.093458,63511.0,0.12669,0.509134,0.18601,0.372244,-0.032253,0.752341,5.127175,-0.01,-0.6,-0.012,-0.25,-0.36,-1.2,0.500007,-0.081071,-0.001728,0.0,-0.07253,-0.037451,-0.020266,-0.036565,0.796701,-0.08622,-0.101409,-0.015792,-0.036237,1.833239,0.669599,-0.116358,-0.000614,-0.013211,3.375,0.014289,0.029998,0.030174
416,123.155266,990.190002,0.883835,0.870784,0.086957,0.0,0.09328,61568.0,0.126501,0.50255,0.18411,0.369489,-0.030386,0.751304,5.115315,-0.01,-0.6,-0.012,-0.25,-0.36,-1.2,0.496377,-0.078402,-0.002162,-0.000619,-0.071147,-0.036794,-0.019645,-0.035008,0.781377,-0.089427,-0.101774,-0.014641,-0.036205,1.81045,0.662655,-0.113441,-0.000824,-0.026099,18.478262,0.013452,0.028343,0.036853
417,124.849701,1000.0,0.900507,0.88997,0.0,0.0,0.093181,45871.0,0.126444,0.501304,0.189143,0.371017,-0.031352,0.76432,5.096045,-0.01,-0.6,-0.012,-0.25,-0.36,-1.2,0.500007,-0.08129,-0.00155,0.0,-0.071772,-0.037187,-0.019699,-0.035823,0.788685,-0.085935,-0.097634,-0.014558,-0.035019,1.829514,0.672509,-0.114807,-0.000606,-0.013423,4.521739,0.016097,0.025803,0.029601
418,124.439774,990.390015,0.893885,0.874452,0.041667,0.0,0.093109,61806.0,0.129382,0.51361,0.191473,0.384298,-0.032114,0.777138,5.093871,-0.01,-0.6,-0.012,-0.25,-0.36,-1.2,0.497144,-0.081039,-0.002854,-0.000238,-0.0732,-0.036803,-0.019507,-0.03521,0.790878,-0.086447,-0.100219,-0.01558,-0.037981,1.810171,0.662533,-0.115165,-0.000544,-0.009903,4.916667,0.012631,0.032929,0.03395
419,124.690254,1000.0,0.895995,0.891458,0.0,0.0,0.092975,65134.0,0.125179,0.47397,0.183041,0.35049,-0.029784,0.723019,5.071733,-0.01,-0.6,-0.012,-0.25,-0.36,-1.2,0.500007,-0.077504,-0.002182,0.0,-0.067859,-0.036991,-0.018796,-0.034986,0.775913,-0.08433,-0.103009,-0.014297,-0.033714,1.841667,0.68246,-0.111188,-0.000744,-0.019269,4.5,0.013583,0.023028,0.025941
420,124.84182,1000.0,0.908142,0.873705,0.0,0.0,0.092792,65970.0,0.129761,0.511039,0.186547,0.36559,-0.029874,0.761073,5.084732,-0.01,-0.6,-0.012,-0.25,-0.36,-1.2,0.500007,-0.079424,-0.002461,0.0,-0.074168,-0.036857,-0.018902,-0.034603,0.798564,-0.088743,-0.104413,-0.015541,-0.037727,1.819573,0.664582,-0.11067,-0.000501,-0.00948,4.0,0.013159,0.029674,0.034117
421,122.644585,990.25,0.877067,0.870418,0.041667,0.0,0.09276,63079.0,0.127403,0.501041,0.181372,0.36206,-0.030206,0.729574,5.060599,-0.01,-0.6,-0.012,-0.25,-0.36,-1.2,0.497747,-0.077715,-0.001777,-0.000185,-0.070821,-0.03728,-0.019517,-0.036009,0.774906,-0.090463,-0.108457,-0.015114,-0.035709,1.825146,0.663909,-0.113627,-0.000614,-0.011466,4.416667,0.012495,0.029233,0.030905
422,124.796356,1000.0,0.89407,0.878667,0.0,0.0,0.092652,46212.0,0.132973,0.521109,0.193499,0.393764,-0.032648,0.78118,5.086928,-0.01,-0.6,-0.012,-0.25,-0.36,-1.2,0.500007,-0.0801,-0.002093,0.0,-0.076165,-0.037849,-0.021005,-0.037184,0.78746,-0.092629,-0.107648,-0.016,-0.038136,1.816002,0.656385,-0.118772,-0.000522,-0.013207,4.0,0.015021,0.029627,0.028615
423,125.1959,993.679993,0.88556,0.891572,0.041667,0.0,0.092622,58228.0,0.128894,0.504396,0.199526,0.391514,-0.033108,0.793866,5.064473,-0.01,-0.6,-0.012,-0.25,-0.36,-1.2,0.49671,-0.079758,-0.001741,-0.000417,-0.074792,-0.037079,-0.020336,-0.036179,0.797904,-0.089318,-0.103673,-0.014556,-0.036747,1.814729,0.661091,-0.117454,-0.0006,-0.011593,4.291667,0.015316,0.029517,0.035027
424,123.254272,1000.0,0.887656,0.879968,0.0,0.0,0.092214,61216.0,0.128654,0.492596,0.188748,0.391981,-0.033104,0.76002,5.054479,-0.01,-0.6,-0.012,-0.25,-0.36,-1.2,0.500007,-0.082303,-0.002207,0.0,-0.073869,-0.037906,-0.021735,-0.037194,0.768844,-0.090769,-0.107191,-0.015029,-0.03649,1.825922,0.669233,-0.12063,-0.000746,-0.011761,4.25,0.014902,0.032687,0.032321
425,124.372581,1000.0,0.901913,0.867413,0.0,0.0,0.092137,63276.0,0.126132,0.490163,0.174203,0.358205,-0.030669,0.724012,5.063671,-0.01,-0.6,-0.012,-0.25,-0.36,-1.2,0.500007,-0.082015,-0.003413,0.0,-0.070687,-0.036761,-0.019747,-0.035641,0.770591,-0.087503,-0.098285,-0.015385,-0.03539,1.830857,0.676371,-0.113943,-0.000648,-0.013192,3.833333,0.011948,0.029456,0.03107
426,126.302933,1000.0,0.899467,0.878802,0.0,0.0,0.092278,65962.0,0.129726,0.513468,0.197103,0.391953,-0.032582,0.806957,5.060227,-0.01,-0.6,-0.012,-0.25,-0.36,-1.2,0.500007,-0.080949,-0.001535,0.0,-0.075589,-0.037073,-0.020263,-0.036407,0.806405,-0.091082,-0.101371,-0.01525,-0.038028,1.823533,0.660463,-0.115765,-0.000729,-0.014874,4.458333,0.015977,0.032241,0.028023
427,126.018562,1000.0,0.90202,0.889538,0.0,0.0,0.092208,48918.0,0.128545,0.508436,0.201495,0.385411,-0.031903,0.789051,5.037551,-0.01,-0.6,-0.012,-0.25,-0.36,-1.2,0.500007,-0.077061,-0.001714,0.0,-0.071862,-0.037105,-0.020022,-0.03489,0.799279,-0.088319,-0.104833,-0.01413,-0.035654,1.828381,0.668048,-0.113997,-0.000553,-0.015276,5.375,0.013659,0.028344,0.026331
428,124.668098,1000.0,0.883643,0.881175,0.0,0.0,0.092259,60605.0,0.128656,0.492249,0.189188,0.372574,-0.031082,0.753513,5.072435,-0.01,-0.6,-0.012,-0.25,-0.36,-1.2,0.500007,-0.078258,-0.002075,0.0,-0.071187,-0.037141,-0.019938,-0.036045,0.784679,-0.088043,-0.10811,-0.014729,-0.03525,1.832433,0.6725,-0.114007,-0.000557,-0.011215,5.291667,0.015624,0.028658,0.025963
429,124.04332,1000.0,0.892916,0.868393,0.0,0.0,0.092035,57460.0,0.13237,0.513668,0.195507,0.39428,-0.033803,0.77368,5.028204,-0.01,-0.6,-0.012,-0.25,-0.36,-1.2,0.500007,-0.080861,-0.002149,0.0,-0.07533,-0.037142,-0.021065,-0.037016,0.778216,-0.091647,-0.107878,-0.016118,-0.037562,1.822729,0.66209,-0.118934,-0.000662,-0.011183,4.833333,0.014236,0.029946,0.029216
430,122.679535,1000.0,0.876166,0.869551,0.0,0.0,0.091971,65346.0,0.133868,0.52416,0.179286,0.373084,-0.031416,0.734216,5.05453,-0.01,-0.6,-0.012,-0.25,-0.36,-1.2,0.500007,-0.082883,-0.001963,0.0,-0.075541,-0.03697,-0.02014,-0.037219,0.776331,-0.087964,-0.1025,-0.016023,-0.039045,1.801452,0.662341,-0.11668,-0.000685,-0.017234,4.791667,0.014427,0.028991,0.029952
431,123.247406,990.200012,0.879927,0.881698,0.041667,0.0,0.092048,66713.0,0.128236,0.489546,0.187379,0.379697,-0.032941,0.755994,5.044223,-0.01,-0.6,-0.012,-0.25,-0.36,-1.2,0.495919,-0.08004,-0.001786,-0.000333,-0.073883,-0.036706,-0.020724,-0.037271,0.776928,-0.086141,-0.10387,-0.015235,-0.037845,1.81444,0.669104,-0.1162,-0.00073,-0.011433,5.25,0.015036,0.034043,0.034838
432,125.738014,1000.0,0.899785,0.886657,0.0,0.0,0.092038,46253.0,0.128586,0.488053,0.193109,0.383547,-0.032158,0.78488,5.047575,-0.01,-0.6,-0.012,-0.25,-0.36,-1.2,0.500007,-0.080424,-0.001647,0.0,-0.07405,-0.036403,-0.019842,-0.035614,0.795101,-0.085205,-0.101041,-0.015878,-0.037113,1.820537,0.67767,-0.114913,-0.000635,-0.012597,6.043478,0.012802,0.029798,0.029631
433,125.16597,1000.0,0.875035,0.860105,0.041667,0.0,0.091814,63416.0,0.126271,0.49248,0.188311,0.368473,-0.030588,0.746561,5.058746,-0.01,-0.6,-0.012,-0.25,-0.36,-1.2,0.489777,-0.077838,-0.002339,-0.000833,-0.070483,-0.035674,-0.019183,-0.034326,0.778007,-0.086056,-0.101989,-0.014244,-0.036086,1.791305,0.657804,-0.110241,-0.000564,-0.012653,6.333333,0.014696,0.03167,0.046061
434,124.842361,1000.0,0.895711,0.882375,0.0,0.0,0.091885,65653.0,0.12699,0.486956,0.186639,0.376256,-0.031478,0.759777,5.051639,-0.01,-0.6,-0.012,-0.25,-0.36,-1.2,0.500007,-0.080001,-0.001655,0.0,-0.071345,-0.03654,-0.019939,-0.035767,0.781274,-0.086937,-0.10091,-0.01501,-0.035673,1.828016,0.676951,-0.114326,-0.000699,-0.019127,7.041667,0.0144,0.02815,0.028548
435,124.235306,990.200012,0.884804,0.880648,0.041667,0.0,0.092082,64563.0,0.129061,0.50438,0.193767,0.392422,-0.03276,0.776148,5.069516,-0.01,-0.6,-0.012,-0.25,-0.36,-1.2,0.497452,-0.079879,-0.00218,-0.000208,-0.074737,-0.036895,-0.020975,-0.036541,0.787648,-0.090004,-0.106483,-0.016057,-0.037441,1.816828,0.661667,-0.117499,-0.000542,-0.013016,8.666667,0.014963,0.029387,0.033839
436,123.92775,1000.0,0.888191,0.877757,0.041667,0.0,0.092043,60073.0,0.127515,0.512949,0.185262,0.363345,-0.030768,0.730692,5.056484,-0.01,-0.6,-0.012,-0.25,-0.36,-1.2,0.497108,-0.078023,-0.001954,-0.000238,-0.070009,-0.036149,-0.019464,-0.034838,0.781289,-0.08635,-0.10151,-0.014608,-0.035814,1.815254,0.66378,-0.111585,-0.000492,-0.011024,8.041667,0.015166,0.030242,0.035274
437,123.917862,980.289978,0.888989,0.8787,0.125,0.0,0.092146,59029.0,0.123403,0.486683,0.184101,0.359899,-0.029893,0.750618,5.086704,-0.01,-0.6,-0.012,-0.25,-0.36,-1.2,0.49302,-0.078067,-0.00152,-0.000568,-0.068865,-0.035704,-0.018694,-0.033977,0.782215,-0.084544,-0.098326,-0.014298,-0.035981,1.810987,0.66729,-0.108326,-0.000591,-0.012367,7.625,0.013134,0.030608,0.036593
438,126.121475,1000.0,0.906133,0.886607,0.0,0.0,0.092242,45613.0,0.126944,0.499795,0.189098,0.3723,-0.030824,0.752631,5.057794,-0.01,-0.6,-0.012,-0.25,-0.36,-1.2,0.500007,-0.078493,-0.002016,0.0,-0.070935,-0.03617,-0.019298,-0.034658,0.788734,-0.085975,-0.100538,-0.015055,-0.035455,1.831322,0.675399,-0.111845,-0.000454,-0.009999,7.458333,0.014755,0.030004,0.026932
439,124.281281,990.169983,0.892439,0.874516,0.083333,0.0,0.092332,62350.0,0.126885,0.469557,0.190605,0.379689,-0.031209,0.76205,5.055819,-0.01,-0.6,-0.012,-0.25,-0.36,-1.2,0.495217,-0.079129,-0.001638,-0.00039,-0.069957,-0.035893,-0.019667,-0.034427,0.784012,-0.085157,-0.100196,-0.014179,-0.034765,1.80503,0.675171,-0.112272,-0.000593,-0.01419,7.875,0.013962,0.031779,0.032742
440,126.464401,1000.0,0.888197,0.884412,0.0,0.0,0.092276,60009.0,0.12457,0.488572,0.192214,0.379232,-0.030882,0.765656,5.05299,-0.01,-0.6,-0.012,-0.25,-0.36,-1.2,0.500007,-0.079797,-0.001607,0.0,-0.068985,-0.035917,-0.018895,-0.034467,0.781516,-0.084703,-0.096488,-0.014305,-0.034443,1.835612,0.681577,-0.111792,-0.000597,-0.016142,5.695652,0.012671,0.028731,0.028595
441,125.354248,1000.0,0.882323,0.887119,0.0,0.0,0.09202,61785.0,0.127306,0.504702,0.194859,0.38503,-0.03217,0.778044,5.026462,-0.01,-0.6,-0.012,-0.25,-0.36,-1.2,0.500007,-0.08075,-0.001612,0.0,-0.074923,-0.036331,-0.020043,-0.036331,0.789829,-0.087011,-0.102139,-0.016065,-0.038641,1.829856,0.669864,-0.114011,-0.000515,-0.014415,4.75,0.01403,0.027249,0.02969
442,126.265038,1000.0,0.895048,0.898663,0.0,0.0,0.091957,63069.0,0.127624,0.486889,0.198729,0.380991,-0.030733,0.78003,5.040258,-0.01,-0.6,-0.012,-0.25,-0.36,-1.2,0.500007,-0.078645,-0.001733,0.0,-0.069042,-0.035867,-0.018616,-0.034166,0.801151,-0.081972,-0.097048,-0.013812,-0.035081,1.824985,0.685603,-0.109311,-0.000499,-0.015602,4.0,0.014329,0.028655,0.025286
443,123.383514,990.23999,0.863602,0.860759,0.043478,0.0,0.092003,48372.0,0.125959,0.477986,0.184642,0.375327,-0.031612,0.736461,5.034988,-0.01,-0.6,-0.012,-0.25,-0.36,-1.2,0.489387,-0.080125,-0.002032,-0.00087,-0.070894,-0.035634,-0.019972,-0.035471,0.757454,-0.084443,-0.098965,-0.015005,-0.036003,1.784489,0.663043,-0.112829,-0.000533,-0.013191,3.869565,0.013941,0.038537,0.053598
444,124.277878,1000.0,0.896824,0.882982,0.0,0.0,0.092018,63437.0,0.127203,0.490241,0.182421,0.372378,-0.030906,0.749508,5.024831,-0.01,-0.6,-0.012,-0.25,-0.36,-1.2,0.500007,-0.08399,-0.002034,0.0,-0.071949,-0.0358,-0.019136,-0.034688,0.786876,-0.083207,-0.097223,-0.014781,-0.037244,1.822452,0.679863,-0.11208,-0.000597,-0.012785,2.958333,0.013892,0.031182,0.025932
445,124.940636,1000.0,0.899462,0.887466,0.0,0.0,0.092105,63652.0,0.127284,0.483219,0.191379,0.371313,-0.030837,0.759414,5.006154,-0.01,-0.6,-0.012,-0.25,-0.36,-1.2,0.500007,-0.079347,-0.001544,0.0,-0.070106,-0.035812,-0.01897,-0.034051,0.787319,-0.084322,-0.096929,-0.014362,-0.036244,1.826594,0.682853,-0.110022,-0.000522,-0.025343,3.217391,0.014602,0.025613,0.035309
446,124.98867,1000.0,0.903472,0.864641,0.0,0.0,0.091793,60731.0,0.126018,0.482803,0.188135,0.364573,-0.03039,0.748335,5.041555,-0.01,-0.6,-0.012,-0.25,-0.36,-1.2,0.500007,-0.077456,-0.001829,0.0,-0.068316,-0.036282,-0.018935,-0.033686,0.771077,-0.087098,-0.099557,-0.013747,-0.035557,1.829864,0.681782,-0.109456,-0.000488,-0.013756,3.772727,0.013064,0.030809,0.041675
447,125.242226,1000.0,0.898419,0.879781,0.0,0.0,0.091973,62914.0,0.129622,0.4988,0.190073,0.379137,-0.032252,0.762226,5.039714,-0.01,-0.6,-0.012,-0.25,-0.36,-1.2,0.500007,-0.079646,-0.001781,0.0,-0.072084,-0.035995,-0.01964,-0.034777,0.789741,-0.087718,-0.098805,-0.015473,-0.03754,1.816963,0.672389,-0.112137,-0.000584,-0.012846,3.409091,0.013631,0.029768,0.02876
448,125.505379,992.400024,0.890401,0.87102,0.041667,0.0,0.092008,47132.0,0.130278,0.511722,0.204603,0.412584,-0.033846,0.808895,5.029045,-0.01,-0.6,-0.012,-0.25,-0.36,-1.2,0.496836,-0.079855,-0.001698,-0.000333,-0.076773,-0.036269,-0.020599,-0.036389,0.798121,-0.088216,-0.102229,-0.015321,-0.038364,1.809763,0.661239,-0.117537,-0.000653,-0.017581,3.791667,0.012526,0.039078,0.038054
449,124.93869,1000.0,0.894345,0.877145,0.0,0.0,0.091655,63967.0,0.129628,0.46412,0.197175,0.381638,-0.031284,0.776631,5.04661,-0.01,-0.6,-0.012,-0.25,-0.36,-1.2,0.500007,-0.077542,-0.001817,0.0,-0.0732,-0.035936,-0.019102,-0.034275,0.781121,-0.086968,-0.102468,-0.014825,-0.038003,1.824018,0.684427,-0.111503,-0.000914,-0.024115,3.73913,0.01265,0.026954,0.030491
450,124.112175,1000.0,0.891446,0.878659,0.0,0.0,0.091682,59957.0,0.129923,0.478173,0.186387,0.380882,-0.032132,0.747318,5.070765,-0.01,-0.6,-0.012,-0.25,-0.36,-1.2,0.500007,-0.081105,-0.001605,0.0,-0.073009,-0.036288,-0.020395,-0.035373,0.774343,-0.086347,-0.105185,-0.014614,-0.037207,1.816411,0.681334,-0.114502,-0.000442,-0.012685,3.695652,0.013104,0.033416,0.029271
451,125.659332,1000.0,0.886554,0.89617,0.0,0.0,0.091564,57982.0,0.123656,0.488934,0.182814,0.371595,-0.030573,0.76682,5.046669,-0.01,-0.6,-0.012,-0.25,-0.36,-1.2,0.500007,-0.082736,-0.002315,0.0,-0.071313,-0.035813,-0.019052,-0.034152,0.787926,-0.083453,-0.094601,-0.01472,-0.036762,1.838047,0.681735,-0.110954,-0.000578,-0.016714,3.782609,0.012838,0.028232,0.031332
452,125.189491,1000.0,0.905267,0.885562,0.0,0.0,0.09161,58580.0,0.127322,0.484957,0.18895,0.367902,-0.031176,0.738801,5.021572,-0.01,-0.6,-0.012,-0.25,-0.36,-1.2,0.500007,-0.076556,-0.001992,0.0,-0.067748,-0.03555,-0.019062,-0.033446,0.77371,-0.083883,-0.100284,-0.013584,-0.035277,1.830464,0.682975,-0.109093,-0.000464,-0.012917,4.227273,0.013761,0.033746,0.034222
453,122.808044,980.440002,0.887501,0.874217,0.086957,0.0,0.091688,47203.0,0.127317,0.489187,0.188315,0.363355,-0.029953,0.734204,5.064292,-0.01,-0.6,-0.012,-0.25,-0.36,-1.2,0.494825,-0.076117,-0.001805,-0.000422,-0.067581,-0.035351,-0.018544,-0.033293,0.774544,-0.083808,-0.09784,-0.014078,-0.034636,1.802156,0.671889,-0.108148,-0.000554,-0.015363,3.956522,0.013928,0.036527,0.041196
454,124.523788,1000.0,0.897235,0.877622,0.0,0.0,0.091804,69878.0,0.129683,0.489027,0.196153,0.389224,-0.031937,0.758025,5.047678,-0.01,-0.6,-0.012,-0.25,-0.36,-1.2,0.500007,-0.080183,-0.002422,0.0,-0.069362,-0.035921,-0.019831,-0.033755,0.776992,-0.086043,-0.099208,-0.014203,-0.034669,1.811615,0.67872,-0.11256,-0.000631,-0.008867,2.782609,0.013258,0.031542,0.035174
455,124.895683,990.22998,0.900748,0.868618,0.05,0.0,0.091647,68668.0,0.129116,0.511509,0.200593,0.408778,-0.034026,0.810074,5.025865,-0.01,-0.6,-0.012,-0.25,-0.36,-1.2,0.495117,-0.082588,-0.002509,-0.0004,-0.074661,-0.035366,-0.020173,-0.03522,0.784199,-0.084326,-0.094981,-0.015816,-0.037638,1.802794,0.664522,-0.114563,-0.000573,-0.024783,3.15,0.012041,0.03096,0.034941
456,126.037308,999.900024,0.893549,0.881256,0.043478,0.0,0.09172,68277.0,0.127512,0.475288,0.18896,0.372982,-0.030458,0.756269,5.043529,-0.01,-0.6,-0.012,-0.25,-0.36,-1.2,0.499887,-0.079406,-0.001935,-0.00087,-0.069112,-0.035068,-0.018979,-0.033822,0.786544,-0.084285,-0.097971,-0.014093,-0.034893,1.826784,0.689275,-0.11002,-0.000576,-0.025403,3.043478,0.012842,0.039892,0.049878
457,125.56012,1000.0,0.890714,0.880093,0.0,0.0,0.091857,67620.0,0.128646,0.490844,0.195404,0.383287,-0.032361,0.761296,5.023131,-0.01,-0.6,-0.012,-0.25,-0.36,-1.2,0.500007,-0.078138,-0.001941,0.0,-0.070544,-0.036034,-0.019786,-0.035646,0.769438,-0.084801,-0.101573,-0.013849,-0.035753,1.822431,0.681437,-0.112808,-0.000416,-0.017683,3.458333,0.010629,0.02854,0.025866
458,125.788628,1000.0,0.90538,0.876759,0.0,0.0,0.091692,50647.0,0.127674,0.490652,0.187013,0.3859,-0.03228,0.767085,5.040061,-0.01,-0.6,-0.012,-0.25,-0.36,-1.2,0.500007,-0.084813,-0.001685,0.0,-0.070751,-0.03523,-0.019565,-0.034673,0.779443,-0.086018,-0.092283,-0.015226,-0.035624,1.822232,0.67912,-0.111739,-0.000537,-0.013288,18.478262,0.012527,0.025431,0.028225
459,124.20919,990.179993,0.883217,0.871748,0.043478,0.0,0.091901,68588.0,0.12634,0.494104,0.192714,0.382179,-0.031658,0.762119,5.031438,-0.01,-0.6,-0.012,-0.25,-0.36,-1.2,0.494664,-0.079944,-0.001497,-0.000435,-0.07074,-0.034881,-0.019123,-0.034288,0.779905,-0.083455,-0.096964,-0.014649,-0.035646,1.809038,0.671777,-0.110536,-0.000484,-0.01529,5.347826,0.015128,0.032784,0.031163
460,124.964211,1000.0,0.899886,0.87464,0.0,0.0,0.091785,69464.0,0.129206,0.492331,0.193645,0.375205,-0.031447,0.742878,5.009871,-0.01,-0.6,-0.012,-0.25,-0.36,-1.2,0.500007,-0.075732,-0.001646,0.0,-0.068311,-0.035657,-0.019062,-0.0338,0.769457,-0.085403,-0.100042,-0.013918,-0.035204,1.81471,0.678458,-0.110384,-0.000428,-0.009143,4.333333,0.014812,0.024616,0.033402
461,123.426208,990.190002,0.889679,0.877687,0.043478,0.0,0.091793,67596.0,0.12646,0.480494,0.18766,0.370124,-0.031521,0.716494,5.033809,-0.01,-0.6,-0.012,-0.25,-0.36,-1.2,0.49467,-0.078426,-0.001787,-0.000435,-0.067359,-0.035276,-0.018927,-0.033804,0.771961,-0.083088,-0.098139,-0.013777,-0.035111,1.806218,0.675882,-0.110407,-0.000523,-0.01155,4.434783,0.014566,0.027601,0.036181
462,125.475349,1000.0,0.889423,0.88471,0.0,0.0,0.091533,67485.0,0.126999,0.478926,0.194152,0.38302,-0.031616,0.770738,5.026266,-0.01,-0.6,-0.012,-0.25,-0.36,-1.2,0.500007,-0.080101,-0.002053,0.0,-0.069084,-0.035061,-0.018841,-0.033756,0.788067,-0.083119,-0.096613,-0.014294,-0.035747,1.829259,0.687587,-0.110559,-0.000532,-0.010235,4.5,0.011826,0.0293,0.030724
463,124.200859,990.349976,0.883237,0.865268,0.041667,0.0,0.091412,62434.0,0.127383,0.483845,0.18728,0.376844,-0.031586,0.747765,5.051832,-0.01,-0.6,-0.012,-0.25,-0.36,-1.2,0.494975,-0.078754,-0.001868,-0.000417,-0.069787,-0.035198,-0.019362,-0.034297,0.767063,-0.085604,-0.097166,-0.014444,-0.035881,1.80397,0.674264,-0.110861,-0.000499,-0.016848,4.208333,0.011786,0.031618,0.041764
464,126.741318,1000.0,0.890519,0.887947,0.0,0.0,0.091272,48889.0,0.129209,0.497483,0.203997,0.401913,-0.032053,0.808493,5.07692,-0.01,-0.6,-0.012,-0.25,-0.36,-1.2,0.500007,-0.081726,-0.002302,0.0,-0.070927,-0.035087,-0.019454,-0.033727,0.791878,-0.084159,-0.096379,-0.014459,-0.035459,1.825453,0.677772,-0.111491,-0.000672,-0.013268,4.0,0.014603,0.028743,0.026692
465,125.422783,1000.0,0.888211,0.869077,0.0,0.0,0.091058,67437.0,0.132161,0.492693,0.196827,0.38748,-0.033,0.762929,5.040737,-0.01,-0.6,-0.012,-0.25,-0.36,-1.2,0.500007,-0.078072,-0.002192,0.0,-0.071715,-0.03596,-0.019921,-0.034107,0.779062,-0.08905,-0.102915,-0.014789,-0.038645,1.813164,0.674209,-0.112664,-0.000601,-0.009679,4.166667,0.01429,0.033874,0.033629
466,126.185593,1000.0,0.890974,0.879888,0.0,0.0,0.090996,67315.0,0.12567,0.488209,0.191373,0.374515,-0.030411,0.772492,5.018134,-0.01,-0.6,-0.012,-0.25,-0.36,-1.2,0.500007,-0.080112,-0.001181,0.0,-0.068891,-0.034834,-0.017928,-0.033415,0.796498,-0.082673,-0.092346,-0.013926,-0.036776,1.836849,0.685309,-0.10718,-0.000571,-0.023609,4.166667,0.015346,0.027995,0.032867
467,125.850197,998.559998,0.894298,0.876831,0.041667,0.0,0.090896,63535.0,0.130023,0.487682,0.201428,0.401143,-0.033211,0.795789,5.035466,-0.01,-0.6,-0.012,-0.25,-0.36,-1.2,0.499629,-0.079065,-0.00203,-0.000208,-0.071153,-0.035406,-0.0198,-0.033899,0.792376,-0.084948,-0.099341,-0.014985,-0.038388,1.818124,0.680811,-0.11242,-0.000571,-0.025292,4.083333,0.016181,0.029242,0.035911
468,126.271385,1000.0,0.901603,0.886733,0.0,0.0,0.09088,63696.0,0.126352,0.473823,0.191277,0.378813,-0.030321,0.750354,5.047105,-0.01,-0.6,-0.012,-0.25,-0.36,-1.2,0.500007,-0.079696,-0.00184,0.0,-0.066412,-0.035195,-0.018954,-0.033443,0.778908,-0.082513,-0.095931,-0.013962,-0.032953,1.831361,0.689792,-0.110147,-0.000489,-0.012874,4.875,0.012759,0.029818,0.024479
469,122.857933,988.780029,0.881074,0.874217,0.083333,0.0,0.090881,44038.0,0.129722,0.471431,0.200493,0.382728,-0.032079,0.753942,5.05323,-0.01,-0.6,-0.012,-0.25,-0.36,-1.2,0.497457,-0.074823,-0.001791,-0.000337,-0.069462,-0.035291,-0.019319,-0.034142,0.783776,-0.082784,-0.102824,-0.013722,-0.037108,1.814681,0.685551,-0.110182,-0.001027,-0.01709,5.25,0.015964,0.030935,0.037494
470,124.637695,1000.0,0.898275,0.889503,0.0,0.0,0.09091,63051.0,0.123034,0.475251,0.178028,0.355435,-0.030112,0.711173,5.040254,-0.01,-0.6,-0.012,-0.25,-0.36,-1.2,0.500007,-0.080553,-0.001685,0.0,-0.064978,-0.034818,-0.018647,-0.033236,0.77639,-0.079971,-0.091937,-0.014485,-0.034323,1.836161,0.694572,-0.106814,-0.000569,-0.015857,4.958333,0.012291,0.027988,0.0249
471,126.028641,1000.0,0.877814,0.888793,0.0,0.0,0.091075,69359.0,0.130128,0.491082,0.202213,0.397952,-0.031955,0.800107,5.049818,-0.01,-0.6,-0.012,-0.25,-0.36,-1.2,0.500007,-0.080131,-0.001716,0.0,-0.072427,-0.03534,-0.019645,-0.034222,0.79076,-0.083086,-0.099452,-0.014886,-0.036945,1.817562,0.679622,-0.111531,-0.000623,-0.014884,5.041667,0.013442,0.029528,0.026387
472,127.253258,1000.0,0.900959,0.889161,0.0,0.0,0.091029,69664.0,0.130724,0.490121,0.20739,0.405849,-0.033558,0.79814,5.019153,-0.01,-0.6,-0.012,-0.25,-0.36,-1.2,0.500007,-0.078528,-0.002496,0.0,-0.072973,-0.035914,-0.020721,-0.035356,0.798966,-0.084609,-0.104507,-0.014685,-0.037209,1.816963,0.677444,-0.115303,-0.000374,-0.012081,4.416667,0.012524,0.027121,0.026586
473,126.548485,1000.0,0.89615,0.885638,0.0,0.0,0.091033,68431.0,0.128515,0.483013,0.200427,0.397939,-0.032274,0.782788,5.06487,-0.01,-0.6,-0.012,-0.25,-0.36,-1.2,0.500007,-0.079348,-0.00207,0.0,-0.071395,-0.035367,-0.01968,-0.034833,0.786262,-0.083826,-0.099227,-0.013707,-0.036764,1.82937,0.683337,-0.112272,-0.000546,-0.018522,5.75,0.013352,0.029491,0.028139
474,126.552422,1000.0,0.901066,0.889925,0.0,0.0,0.090833,69892.0,0.129381,0.483331,0.197858,0.379702,-0.031205,0.766823,5.063578,-0.01,-0.6,-0.012,-0.25,-0.36,-1.2,0.500007,-0.07616,-0.001987,0.0,-0.070465,-0.035453,-0.019042,-0.034002,0.790728,-0.084602,-0.102648,-0.014359,-0.037435,1.823591,0.683117,-0.108826,-0.000457,-0.012875,6.130435,0.014206,0.025445,0.032242
475,123.875191,980.619995,0.889362,0.880657,0.083333,0.0,0.090928,49136.0,0.129578,0.485135,0.200277,0.394429,-0.032432,0.772092,5.073481,-0.01,-0.6,-0.012,-0.25,-0.36,-1.2,0.496149,-0.077579,-0.002186,-0.000318,-0.072607,-0.035364,-0.019689,-0.034491,0.783204,-0.083876,-0.102196,-0.013716,-0.038063,1.807106,0.674426,-0.112141,-0.000515,-0.01526,6.5,0.015551,0.031721,0.032763
476,123.669243,990.25,0.891719,0.873647,0.083333,0.0,0.090771,69421.0,0.128525,0.462496,0.198611,0.387143,-0.03164,0.772863,5.086952,-0.01,-0.6,-0.012,-0.25,-0.36,-1.2,0.495463,-0.078214,-0.002287,-0.00037,-0.069542,-0.034882,-0.018762,-0.033219,0.777575,-0.082083,-0.097569,-0.014132,-0.036121,1.808541,0.68452,-0.109562,-0.000649,-0.020727,7.666667,0.012228,0.03071,0.037864
477,125.393425,1000.0,0.890169,0.877527,0.041667,0.0,0.090833,68697.0,0.128045,0.479063,0.189862,0.382997,-0.031531,0.747339,5.069388,-0.01,-0.6,-0.012,-0.25,-0.36,-1.2,0.497957,-0.079931,-0.002246,-0.000167,-0.068899,-0.035131,-0.019882,-0.034192,0.773301,-0.082727,-0.097883,-0.014519,-0.035047,1.818603,0.682829,-0.111363,-0.000472,-0.017824,8.541667,0.014656,0.03096,0.031839
478,124.30307,990.349976,0.887388,0.868299,0.041667,0.0,0.09047,66869.0,0.127443,0.488391,0.195725,0.390845,-0.031863,0.774852,5.070598,-0.01,-0.6,-0.012,-0.25,-0.36,-1.2,0.494975,-0.078777,-0.00213,-0.000417,-0.071562,-0.03494,-0.019587,-0.034621,0.773699,-0.082755,-0.099563,-0.015087,-0.0372,1.807786,0.674339,-0.111251,-0.000565,-0.011989,8.291667,0.013263,0.032488,0.042187
479,124.989281,1000.0,0.898385,0.878154,0.0,0.0,0.090276,69013.0,0.131086,0.500859,0.201954,0.396561,-0.033254,0.780373,5.037726,-0.01,-0.6,-0.012,-0.25,-0.36,-1.2,0.500007,-0.079524,-0.001977,0.0,-0.07248,-0.035842,-0.020364,-0.035331,0.784445,-0.086331,-0.102118,-0.015074,-0.038171,1.824686,0.674612,-0.113781,-0.000612,-0.010732,6.708333,0.013854,0.029803,0.029595
480,127.147331,1000.0,0.90624,0.884676,0.041667,0.0,0.090153,50280.0,0.127872,0.492392,0.202361,0.402166,-0.032827,0.794245,5.060318,-0.01,-0.6,-0.012,-0.25,-0.36,-1.2,0.498727,-0.081493,-0.001722,-0.000104,-0.07208,-0.034761,-0.019351,-0.034057,0.800215,-0.081933,-0.09532,-0.015332,-0.037158,1.818797,0.680979,-0.111962,-0.000428,-0.014273,8.208334,0.012771,0.029143,0.033745
481,124.763199,990.390015,0.879659,0.865563,0.086957,0.0,0.090079,71284.0,0.128656,0.475318,0.190521,0.375656,-0.031,0.747125,5.044987,-0.01,-0.6,-0.012,-0.25,-0.36,-1.2,0.494038,-0.076328,-0.002602,-0.000497,-0.06833,-0.034852,-0.019277,-0.033306,0.766836,-0.083573,-0.100652,-0.014369,-0.036038,1.798185,0.676047,-0.109707,-0.000488,-0.012422,7.26087,0.013857,0.035939,0.04078
482,122.61129,970.179993,0.885161,0.868488,0.125,0.0,0.09012,70469.0,0.126894,0.471946,0.197399,0.391743,-0.031647,0.77813,5.053963,-0.01,-0.6,-0.012,-0.25,-0.36,-1.2,0.49165,-0.077769,-0.002031,-0.000671,-0.069139,-0.034431,-0.018892,-0.033199,0.775752,-0.081171,-0.09426,-0.013234,-0.034788,1.796113,0.675297,-0.110813,-0.000477,-0.015927,5.375,0.013449,0.028259,0.039247
483,124.520187,990.159973,0.878136,0.862272,0.041667,0.0,0.089856,68794.0,0.124613,0.479447,0.182753,0.374419,-0.03072,0.740549,5.048042,-0.01,-0.6,-0.012,-0.25,-0.36,-1.2,0.489746,-0.080111,-0.002348,-0.000833,-0.068359,-0.034528,-0.018798,-0.032992,0.756399,-0.083573,-0.094739,-0.014256,-0.036085,1.788556,0.667215,-0.108231,-0.000586,-0.015689,4.25,0.013186,0.04152,0.041614
484,124.861771,990.210022,0.889764,0.871875,0.041667,0.0,0.08987,69191.0,0.124306,0.482584,0.183905,0.371829,-0.030742,0.729993,5.037855,-0.01,-0.6,-0.012,-0.25,-0.36,-1.2,0.493201,-0.079751,-0.001551,-0.000556,-0.067382,-0.034269,-0.018712,-0.033338,0.756534,-0.080562,-0.09048,-0.014061,-0.035462,1.800536,0.6769,-0.107886,-0.000357,-0.012075,3.916667,0.011666,0.026924,0.037379
485,125.988892,1000.0,0.898946,0.870686,0.0,0.0,0.08989,68815.0,0.129787,0.483872,0.194556,0.392282,-0.031771,0.769026,5.06256,-0.01,-0.6,-0.012,-0.25,-0.36,-1.2,0.500007,-0.080655,-0.001888,0.0,-0.069472,-0.034893,-0.018911,-0.034536,0.780282,-0.083145,-0.096953,-0.014482,-0.036723,1.823858,0.683499,-0.110122,-0.000465,-0.015816,3.695652,0.013674,0.030107,0.031472
486,126.797745,1000.0,0.897785,0.877208,0.0,0.0,0.089995,48990.0,0.133954,0.496535,0.212214,0.414968,-0.033633,0.819049,5.074973,-0.01,-0.6,-0.012,-0.25,-0.36,-1.2,0.500007,-0.076642,-0.002824,0.0,-0.073545,-0.035574,-0.020345,-0.03454,0.799679,-0.086003,-0.103885,-0.014841,-0.038931,1.815082,0.678185,-0.113862,-0.000505,-0.012954,2.916667,0.013279,0.030141,0.028826
487,124.555939,990.369995,0.878166,0.869508,0.045455,0.0,0.090114,72011.0,0.128202,0.494088,0.194419,0.385481,-0.031559,0.749146,5.027534,-0.01,-0.6,-0.012,-0.25,-0.36,-1.2,0.495625,-0.078902,-0.001858,-0.000364,-0.071185,-0.034808,-0.019922,-0.033844,0.771003,-0.084611,-0.09901,-0.015101,-0.037161,1.815796,0.673324,-0.110661,-0.000547,-0.020781,3.681818,0.014959,0.031078,0.040232
488,125.622086,1000.0,0.8782,0.875839,0.0,0.0,0.090049,69176.0,0.131477,0.491026,0.199284,0.390205,-0.033469,0.764195,5.03162,-0.01,-0.6,-0.012,-0.25,-0.36,-1.2,0.500007,-0.076277,-0.001726,0.0,-0.074786,-0.035713,-0.020259,-0.036076,0.781961,-0.086849,-0.106259,-0.014529,-0.041449,1.828312,0.675083,-0.113077,-0.000538,-0.011599,3.478261,0.015908,0.0359,0.026589
489,126.70665,1000.0,0.892215,0.882321,0.0,0.0,0.090125,70955.0,0.130448,0.502343,0.204035,0.405029,-0.033597,0.798078,5.04009,-0.01,-0.6,-0.012,-0.25,-0.36,-1.2,0.500007,-0.078365,-0.002004,0.0,-0.074949,-0.035147,-0.020077,-0.034672,0.797781,-0.082376,-0.100147,-0.015473,-0.039909,1.821724,0.679088,-0.112945,-0.000595,-0.01212,3.818182,0.013803,0.034491,0.033629
490,124.910217,1000.0,0.900469,0.874082,0.0,0.0,0.090259,69578.0,0.126177,0.477147,0.195248,0.37943,-0.031761,0.737301,5.03836,-0.01,-0.6,-0.012,-0.25,-0.36,-1.2,0.500007,-0.078993,-0.001938,0.0,-0.067465,-0.034748,-0.019156,-0.033913,0.769475,-0.080527,-0.09373,-0.014079,-0.035227,1.837017,0.692226,-0.109914,-0.000503,-0.016407,3.708333,0.013816,0.024595,0.029281
491,126.954597,1000.0,0.895813,0.888501,0.0,0.0,0.090195,69990.0,0.125587,0.468211,0.197798,0.383478,-0.031878,0.771985,5.012098,-0.01,-0.6,-0.012,-0.25,-0.36,-1.2,0.500007,-0.078521,-0.001575,0.0,-0.069047,-0.034799,-0.018636,-0.033811,0.79083,-0.079714,-0.094509,-0.013825,-0.036717,1.839126,0.69496,-0.108264,-0.000593,-0.01212,3.826087,0.015355,0.029914,0.032565
492,127.739059,1000.0,0.883669,0.872298,0.0,0.0,0.090398,45848.0,0.126191,0.488074,0.203227,0.394292,-0.031885,0.803483,5.053892,-0.01,-0.6,-0.012,-0.25,-0.36,-1.2,0.500007,-0.078823,-0.002359,0.0,-0.070292,-0.034571,-0.018688,-0.033296,0.793238,-0.080653,-0.095449,-0.014112,-0.037448,1.831835,0.685888,-0.108384,-0.000463,-0.013807,3.363636,0.016336,0.031835,0.030263
493,125.190247,1000.0,0.890426,0.87535,0.0,0.0,0.090473,68989.0,0.126928,0.468869,0.189426,0.372219,-0.030382,0.73488,5.019009,-0.01,-0.6,-0.012,-0.25,-0.36,-1.2,0.500007,-0.07909,-0.002299,0.0,-0.0657,-0.034134,-0.018688,-0.03313,0.766423,-0.080987,-0.094323,-0.014028,-0.034277,1.827738,0.692372,-0.107008,-0.000443,-0.017558,4.083333,0.016109,0.03101,0.035417
494,125.40802,1000.0,0.894271,0.882724,0.0,0.0,0.090387,70544.0,0.127995,0.493678,0.191977,0.383674,-0.031576,0.761071,5.002894,-0.01,-0.6,-0.012,-0.25,-0.36,-1.2,0.500007,-0.079684,-0.002,0.0,-0.0717,-0.034715,-0.019152,-0.034481,0.78862,-0.082401,-0.096474,-0.014027,-0.03851,1.827793,0.681734,-0.108691,-0.00037,-0.012678,4.0,0.012627,0.028896,0.032826
495,125.064117,1000.0,0.883826,0.885417,0.0,0.0,0.090385,71053.0,0.126361,0.482585,0.187508,0.368753,-0.030525,0.734769,5.058015,-0.01,-0.6,-0.012,-0.25,-0.36,-1.2,0.500007,-0.078545,-0.001708,0.0,-0.067061,-0.034574,-0.018685,-0.033845,0.770961,-0.080854,-0.09924,-0.013515,-0.034947,1.831015,0.688978,-0.108278,-0.000643,-0.013078,3.391304,0.013667,0.031543,0.031648
496,125.612221,1000.0,0.896449,0.880796,0.0,0.0,0.090297,72815.0,0.12445,0.480224,0.186387,0.380157,-0.030376,0.76769,5.052678,-0.01,-0.6,-0.012,-0.25,-0.36,-1.2,0.500007,-0.081732,-0.001928,0.0,-0.070245,-0.034062,-0.018579,-0.033135,0.774969,-0.081775,-0.094051,-0.014744,-0.037521,1.839302,0.689135,-0.106787,-0.000654,-0.01137,3.0,0.01246,0.029269,0.033139
497,125.20681,1000.0,0.877774,0.878214,0.0,0.0,0.09027,49100.0,0.128869,0.520003,0.188282,0.37296,-0.030357,0.742781,5.049708,-0.01,-0.6,-0.012,-0.25,-0.36,-1.2,0.500007,-0.079812,-0.002356,0.0,-0.06781,-0.034188,-0.018318,-0.033407,0.770591,-0.082304,-0.095623,-0.014822,-0.036809,1.823213,0.675228,-0.106377,-0.00037,-0.009821,3.363636,0.0131,0.036058,0.037268
498,125.588165,1000.0,0.887834,0.878292,0.0,0.0,0.090241,70022.0,0.131147,0.474982,0.203757,0.401419,-0.032376,0.772135,5.051358,-0.01,-0.6,-0.012,-0.25,-0.36,-1.2,0.500007,-0.076879,-0.002297,0.0,-0.070497,-0.034882,-0.01985,-0.034515,0.784303,-0.083282,-0.102131,-0.014523,-0.036631,1.820782,0.686633,-0.112107,-0.000498,-0.013371,2.956522,0.015614,0.028164,0.022699
499,123.721504,980.190002,0.866881,0.856144,0.086957,0.0,0.090326,68895.0,0.126226,0.472187,0.18817,0.384713,-0.031247,0.747187,5.064611,-0.01,-0.6,-0.012,-0.25,-0.36,-1.2,0.487418,-0.079898,-0.00196,-0.001014,-0.067271,-0.033734,-0.018935,-0.033086,0.750578,-0.078893,-0.091908,-0.014287,-0.034705,1.775679,0.670155,-0.108698,-0.000527,-0.014762,3.695652,0.013284,0.03213,0.052835
