iteration,reward,episode_length,height_reward,upright_reward,tipped_over,collapsed,exploration,steps_per_second,speed_error,turn_error,stepping,leg_swing,dragging,ground_covered,landing_force,Curriculum/ease_in_effort/weight,Curriculum/ease_in_landing/weight,Curriculum/ease_in_shake/weight,Curriculum/ease_in_smoothness/weight,Curriculum/ease_in_steadiness/weight,Curriculum/ease_in_straightness/weight,Episode_Reward/alive,Episode_Reward/effort,Episode_Reward/end_stops,Episode_Reward/even_stance,Episode_Reward/fell_over,Episode_Reward/hard_landing,Episode_Reward/jitter,Episode_Reward/joint_shock,Episode_Reward/landing_speed,Episode_Reward/posture,Episode_Reward/rocking,Episode_Reward/shaking,Episode_Reward/skidding,Episode_Reward/swing_height,Episode_Reward/track_speed,Episode_Reward/track_turn,Episode_Reward/twitching,Episode_Reward/veering,Episode_Reward/wandering,Episode_Termination/nose_dived,Episode_Termination/out_of_bounds,Episode_Termination/time_out,Metrics/posture/error_height,Metrics/posture/error_pitch,Metrics/posture/error_roll
7497,1.331586,11.91,0.00933,0.00993,0.090909,38.909092,0.060444,33913.0,0.00472,0.005006,0.000869,0.00295,-0.001232,0.005072,11.764311,-0.02,-0.8,-0.02,-0.25,-0.6,-2.0,0.00605,-0.002227,-0.000158,0.0,-0.006581,-0.006571,-0.000341,-0.001132,-0.000345,0.010807,-0.010479,-0.005158,-0.003321,-0.001119,0.01397,0.046701,-0.001063,-4e-06,-0.0,38.909092,0.0,4.545455,0.096465,0.106501,0.157913
7498,5.561242,37.040001,0.028502,0.029408,0.458333,0.0,0.0608,45793.0,0.009914,0.013637,0.005062,0.0126,-0.002374,0.019344,10.172625,-0.02,-0.8,-0.02,-0.25,-0.6,-2.0,0.017815,-0.005742,-0.000646,0.0,-0.0035,-0.007355,-0.000987,-0.000797,-0.001075,0.030039,-0.013943,-0.014659,-0.001089,-0.001878,0.052042,0.140811,-0.004028,-6.1e-05,-5.2e-05,0.0,0.0,4.125,0.024371,0.107985,0.170499
7499,9.569548,60.919998,0.04859,0.048984,0.416667,0.0,0.061141,46167.0,0.016107,0.024953,0.009291,0.019651,-0.004003,0.032846,10.015349,-0.02,-0.8,-0.02,-0.25,-0.6,-2.0,0.029792,-0.009671,-0.001302,0.0,-0.007433,-0.010801,-0.001638,-0.001272,-0.001788,0.049228,-0.024734,-0.023943,-0.00189,-0.002567,0.09457,0.229999,-0.006559,-0.000993,-0.000282,0.291667,0.0,3.75,0.023747,0.125678,0.196863
7500,15.043756,85.610001,0.069657,0.068107,0.208333,0.0,0.06132,53128.0,0.016996,0.026935,0.011402,0.024209,-0.004291,0.042448,10.132267,-0.02,-0.8,-0.02,-0.25,-0.6,-2.0,0.042134,-0.013231,-0.001335,0.0,-0.001877,-0.011085,-0.001819,-0.001311,-0.002492,0.069939,-0.016083,-0.020278,-0.001674,-0.003034,0.145083,0.345231,-0.006658,-0.000115,-0.001096,0.041667,0.0,4.5,0.021906,0.094517,0.16143
7501,19.210251,106.839996,0.088901,0.090817,0.130435,0.0,0.061506,54531.0,0.021958,0.032953,0.01608,0.036407,-0.006424,0.064376,10.121851,-0.02,-0.8,-0.02,-0.25,-0.6,-2.0,0.053491,-0.016316,-0.0016,0.0,-0.001449,-0.016715,-0.002342,-0.001868,-0.003384,0.088308,-0.011934,-0.019245,-0.001859,-0.004503,0.183783,0.445402,-0.009714,-0.000159,-0.00102,0.043478,0.0,4.608696,0.020447,0.092126,0.148217
7502,23.642857,130.220001,0.1018,0.106271,0.086957,0.0,0.061762,54509.0,0.02598,0.038469,0.023207,0.049155,-0.007995,0.085305,10.054327,-0.02,-0.8,-0.02,-0.25,-0.6,-2.0,0.064885,-0.019133,-0.001624,0.0,-0.001566,-0.018124,-0.002811,-0.002258,-0.004043,0.105419,-0.016841,-0.024368,-0.001876,-0.004405,0.224177,0.543003,-0.012153,-0.000138,-0.001817,0.086957,0.0,4.478261,0.02465,0.083829,0.163722
7503,28.493757,156.130005,0.12331,0.131424,0.166667,0.0,0.062196,53808.0,0.03316,0.04625,0.024024,0.054973,-0.009009,0.099751,10.205317,-0.02,-0.8,-0.02,-0.25,-0.6,-2.0,0.077701,-0.024425,-0.002754,0.0,-0.002516,-0.020823,-0.003375,-0.00272,-0.004592,0.128075,-0.018402,-0.030895,-0.002659,-0.005213,0.268548,0.656404,-0.014174,-0.000191,-0.002647,0.125,0.0,4.666667,0.025307,0.086856,0.150557
7504,31.863577,174.75,0.144491,0.145061,0.333333,0.0,0.062476,53747.0,0.033724,0.050077,0.029308,0.064979,-0.011519,0.117112,10.439627,-0.02,-0.8,-0.02,-0.25,-0.6,-2.0,0.087013,-0.027695,-0.002944,0.0,-0.004351,-0.026002,-0.004013,-0.003391,-0.005956,0.141917,-0.020207,-0.030037,-0.002839,-0.006304,0.307268,0.729834,-0.01744,-0.000206,-0.004247,0.208333,0.0,3.958333,0.031225,0.12531,0.189612
7505,37.926632,202.509995,0.163122,0.167713,0.173913,0.0,0.062859,53912.0,0.033834,0.057089,0.03023,0.063047,-0.0109,0.118398,10.334364,-0.02,-0.8,-0.02,-0.25,-0.6,-2.0,0.099931,-0.029276,-0.002195,0.0,-0.001884,-0.026527,-0.004203,-0.003029,-0.005891,0.159833,-0.017384,-0.031579,-0.003089,-0.006977,0.359778,0.84782,-0.016596,-0.000169,-0.004358,0.086957,0.0,4.782609,0.031184,0.115042,0.145096
7506,40.052814,221.320007,0.176166,0.179031,0.583333,0.0,0.063417,53120.0,0.041119,0.065017,0.036309,0.073173,-0.012891,0.135686,10.371014,-0.02,-0.8,-0.02,-0.25,-0.6,-2.0,0.10801,-0.033072,-0.004467,0.0,-0.007548,-0.026132,-0.004747,-0.003503,-0.006306,0.176462,-0.028272,-0.044899,-0.003328,-0.006156,0.384158,0.910287,-0.019388,-0.001245,-0.010138,0.25,0.0,3.458333,0.047857,0.143891,0.232251
7507,44.520115,242.990005,0.186565,0.194996,0.375,0.125,0.063831,51629.0,0.046587,0.074369,0.041268,0.084992,-0.01514,0.152307,10.532288,-0.02,-0.8,-0.02,-0.25,-0.6,-2.0,0.120053,-0.036206,-0.003898,0.0,-0.007625,-0.034969,-0.005589,-0.004772,-0.007829,0.19145,-0.037437,-0.070531,-0.00416,-0.006477,0.42968,1.005354,-0.023775,-0.000891,-0.007638,0.25,0.0,3.916667,0.052819,0.164533,0.228209
7508,50.401405,274.529999,0.220054,0.230116,0.375,0.041667,0.064097,50114.0,0.050291,0.077497,0.043658,0.098486,-0.016789,0.173645,10.3256,-0.02,-0.8,-0.02,-0.25,-0.6,-2.0,0.136867,-0.043988,-0.004224,0.0,-0.004756,-0.036314,-0.006188,-0.005415,-0.00931,0.218163,-0.034623,-0.046371,-0.004404,-0.008156,0.487661,1.154031,-0.027012,-0.000275,-0.011815,0.333333,0.0,4.625,0.04765,0.147859,0.182912
7509,53.891239,294.790009,0.235779,0.243635,0.304348,0.0,0.064266,49777.0,0.051518,0.087239,0.050588,0.099104,-0.018186,0.188688,10.362868,-0.02,-0.8,-0.02,-0.25,-0.6,-2.0,0.148719,-0.046831,-0.004944,0.0,-0.003438,-0.040118,-0.006859,-0.005361,-0.009857,0.23928,-0.033127,-0.054727,-0.004534,-0.008605,0.540264,1.250304,-0.02852,-0.000311,-0.021096,0.086957,0.0,4.347826,0.054805,0.11488,0.181057
7510,58.356323,319.380005,0.264753,0.259824,0.375,0.041667,0.064507,50766.0,0.0586,0.09107,0.049996,0.096861,-0.0175,0.187052,10.322676,-0.02,-0.8,-0.02,-0.25,-0.6,-2.0,0.157661,-0.04637,-0.00393,0.0,-0.004239,-0.0481,-0.006897,-0.005438,-0.010236,0.259534,-0.037602,-0.046478,-0.004582,-0.012937,0.564368,1.331826,-0.026781,-0.000854,-0.021726,0.0,0.0,4.458333,0.053311,0.1125,0.178039
7511,61.025204,336.839996,0.274013,0.287396,0.166667,0.041667,0.064662,52061.0,0.0662,0.101917,0.055303,0.117659,-0.019923,0.224018,10.320374,-0.02,-0.8,-0.02,-0.25,-0.6,-2.0,0.169685,-0.052589,-0.00535,0.0,-0.002764,-0.049128,-0.007863,-0.006444,-0.012106,0.279512,-0.035581,-0.063765,-0.005514,-0.01202,0.597097,1.415187,-0.032384,-0.001128,-0.027478,0.25,0.0,4.458333,0.060121,0.124397,0.123639
7512,64.332985,361.26001,0.284357,0.292719,0.541667,0.0,0.064692,51484.0,0.087737,0.115516,0.060145,0.131451,-0.023279,0.229955,10.172768,-0.02,-0.8,-0.02,-0.25,-0.6,-2.0,0.180727,-0.057569,-0.008969,0.0,-0.005548,-0.052571,-0.008809,-0.006971,-0.012821,0.286191,-0.043915,-0.068108,-0.006012,-0.01161,0.610704,1.490127,-0.037484,-0.000778,-0.029235,0.416667,0.0,3.875,0.066852,0.163965,0.204959
7513,69.04425,373.910004,0.305417,0.298723,0.333333,0.0,0.064829,49185.0,0.061593,0.103966,0.063789,0.107531,-0.019951,0.226137,10.238848,-0.02,-0.8,-0.02,-0.25,-0.6,-2.0,0.183737,-0.055383,-0.004582,0.0,-0.005071,-0.045365,-0.007634,-0.005167,-0.010518,0.306538,-0.029417,-0.045316,-0.004382,-0.011454,0.671299,1.56309,-0.029231,-0.000413,-0.031469,0.125,0.0,3.625,0.073045,0.144697,0.204341
7514,76.346458,422.339996,0.342579,0.345396,0.208333,0.0,0.065076,49345.0,0.075235,0.121985,0.06757,0.13615,-0.024948,0.248172,10.129962,-0.02,-0.8,-0.02,-0.25,-0.6,-2.0,0.210021,-0.0653,-0.006972,0.0,-0.002514,-0.050976,-0.009553,-0.007151,-0.01334,0.343238,-0.045382,-0.076391,-0.005421,-0.010773,0.753707,1.764809,-0.039475,-0.000649,-0.034377,0.083333,0.0,4.458333,0.073263,0.117015,0.169356
7515,79.708557,432.600006,0.341778,0.353306,0.416667,0.0,0.065412,51050.0,0.074962,0.123493,0.074612,0.151329,-0.025937,0.282561,10.221294,-0.02,-0.8,-0.02,-0.25,-0.6,-2.0,0.214467,-0.062005,-0.007771,0.0,-0.004671,-0.050535,-0.00951,-0.00716,-0.013543,0.343226,-0.046463,-0.065267,-0.005504,-0.011158,0.777199,1.808517,-0.039707,-0.001335,-0.031332,0.208333,0.0,4.25,0.052965,0.112103,0.20301
7516,82.876099,454.350006,0.355092,0.36067,0.125,0.083333,0.065652,50434.0,0.081169,0.128894,0.075132,0.156026,-0.02757,0.284108,10.061872,-0.02,-0.8,-0.02,-0.25,-0.6,-2.0,0.222015,-0.065367,-0.008231,0.0,-0.002655,-0.061646,-0.010239,-0.008046,-0.015327,0.357674,-0.04027,-0.074014,-0.006087,-0.014726,0.796945,1.852588,-0.043122,-0.001716,-0.049657,0.083333,0.0,4.125,0.093171,0.13555,0.156274
7517,86.236992,470.230011,0.384375,0.392502,0.208333,0.041667,0.065897,49681.0,0.082908,0.1327,0.069809,0.12332,-0.022588,0.252306,10.287071,-0.02,-0.8,-0.02,-0.25,-0.6,-2.0,0.236669,-0.06854,-0.006293,0.0,-0.002082,-0.058296,-0.009577,-0.006134,-0.013854,0.380904,-0.034593,-0.0592,-0.005392,-0.01667,0.85648,2.021313,-0.034478,-0.00041,-0.047263,0.083333,0.0,4.25,0.032996,0.106633,0.160109
7518,90.336914,495.540009,0.400009,0.422375,0.458333,0.0,0.066176,51274.0,0.092639,0.140914,0.080786,0.160432,-0.026399,0.293651,10.193983,-0.02,-0.8,-0.02,-0.25,-0.6,-2.0,0.251789,-0.071559,-0.009921,0.0,-0.003668,-0.05709,-0.010681,-0.007455,-0.014401,0.403784,-0.044756,-0.078476,-0.006237,-0.013612,0.899423,2.135716,-0.042143,-0.000531,-0.079189,0.083333,0.0,3.875,0.067384,0.120124,0.18911
7519,96.1147,535.349976,0.429411,0.438125,0.5,0.0,0.066348,49607.0,0.094819,0.152711,0.078219,0.16094,-0.028111,0.313919,10.04178,-0.02,-0.8,-0.02,-0.25,-0.6,-2.0,0.265161,-0.084843,-0.008757,0.0,-0.005045,-0.064946,-0.011822,-0.008111,-0.016278,0.432982,-0.052568,-0.079781,-0.006714,-0.013972,0.948044,2.237438,-0.045787,-0.001605,-0.071142,0.208333,0.0,4.0,0.085715,0.134942,0.17478
7520,101.996635,556.950012,0.451131,0.46702,0.25,0.041667,0.066469,49064.0,0.090973,0.156818,0.088989,0.166755,-0.029717,0.339957,10.121162,-0.02,-0.8,-0.02,-0.25,-0.6,-2.0,0.278817,-0.083027,-0.008541,0.0,-0.003017,-0.066183,-0.011601,-0.008017,-0.016785,0.457769,-0.043937,-0.076345,-0.006557,-0.01712,1.015885,2.383636,-0.0439,-0.000937,-0.071295,0.166667,0.0,4.5,0.044839,0.129085,0.179798
7521,103.357864,569.73999,0.447343,0.461232,0.333333,0.0,0.06668,50140.0,0.09309,0.160401,0.087155,0.171838,-0.03018,0.336941,10.213488,-0.02,-0.8,-0.02,-0.25,-0.6,-2.0,0.282555,-0.08539,-0.008069,0.0,-0.003565,-0.07449,-0.012144,-0.008548,-0.017577,0.458594,-0.050212,-0.08605,-0.007371,-0.020575,1.029912,2.394259,-0.046275,-0.002506,-0.078328,0.208333,0.0,4.291667,0.078508,0.124918,0.187569
7522,107.063736,585.190002,0.471941,0.49453,0.541667,0.0,0.066938,48281.0,0.100947,0.169245,0.107683,0.200867,-0.033997,0.39397,10.14246,-0.02,-0.8,-0.02,-0.25,-0.6,-2.0,0.295291,-0.085148,-0.008103,0.0,-0.004351,-0.074927,-0.013031,-0.009153,-0.017891,0.487509,-0.05462,-0.095995,-0.00763,-0.017964,1.076171,2.490479,-0.051057,-0.001449,-0.104041,0.208333,0.0,4.208333,0.061188,0.143632,0.177396
7523,110.668045,604.349976,0.504787,0.497002,0.333333,0.125,0.06723,49568.0,0.105636,0.171,0.09852,0.193854,-0.03514,0.372678,10.234202,-0.02,-0.8,-0.02,-0.25,-0.6,-2.0,0.305762,-0.092033,-0.011201,0.0,-0.00435,-0.077934,-0.013373,-0.009805,-0.019368,0.49533,-0.045385,-0.082131,-0.007085,-0.018831,1.104858,2.602892,-0.05321,-0.00072,-0.134932,0.25,0.0,3.958333,0.057147,0.113926,0.172852
7524,114.00824,628.409973,0.52656,0.516709,0.375,0.041667,0.067443,50426.0,0.106917,0.176713,0.097949,0.194071,-0.032362,0.385649,10.277529,-0.02,-0.8,-0.02,-0.25,-0.6,-2.0,0.314316,-0.094642,-0.009986,0.0,-0.003625,-0.068041,-0.0132,-0.008561,-0.01716,0.505439,-0.054109,-0.095505,-0.006597,-0.016185,1.142968,2.672773,-0.049437,-0.000745,-0.141069,0.125,0.0,3.666667,0.059479,0.101907,0.175068
7525,111.972481,623.289978,0.506985,0.503043,0.391304,0.0,0.067675,53659.0,0.124434,0.206132,0.099083,0.194735,-0.033627,0.372568,10.037725,-0.02,-0.8,-0.02,-0.25,-0.6,-2.0,0.31651,-0.095049,-0.014642,0.0,-0.005081,-0.072372,-0.013801,-0.00955,-0.018042,0.503374,-0.059407,-0.092173,-0.00752,-0.018158,1.112183,2.637938,-0.052291,-0.001042,-0.125355,0.217391,0.0,4.26087,0.080945,0.159764,0.20466
7526,125.548592,688.690002,0.56605,0.566429,0.375,0.0,0.067912,54951.0,0.116925,0.190676,0.103731,0.205722,-0.036525,0.408739,10.182522,-0.02,-0.8,-0.02,-0.25,-0.6,-2.0,0.342306,-0.105257,-0.010578,0.0,-0.003384,-0.084826,-0.01458,-0.009786,-0.020535,0.567494,-0.055323,-0.091148,-0.008316,-0.021709,1.236852,2.918407,-0.055111,-0.001336,-0.179105,0.0,0.0,3.958333,0.050041,0.125165,0.185095
7527,125.131187,698.75,0.562092,0.592349,0.458333,0.0,0.068252,54438.0,0.128756,0.201449,0.118133,0.229395,-0.038868,0.450356,10.08304,-0.02,-0.8,-0.02,-0.25,-0.6,-2.0,0.352451,-0.104057,-0.010238,0.0,-0.003538,-0.082076,-0.015179,-0.010568,-0.020545,0.582341,-0.056151,-0.096901,-0.008841,-0.020338,1.258312,2.980292,-0.0587,-0.00128,-0.206685,0.125,0.0,4.5,0.070628,0.116551,0.171065
7528,128.509949,722.090027,0.55899,0.585752,0.291667,0.0,0.068355,55127.0,0.14594,0.213916,0.103847,0.225618,-0.03921,0.410236,10.155054,-0.02,-0.8,-0.02,-0.25,-0.6,-2.0,0.361949,-0.11435,-0.013123,0.0,-0.003333,-0.100319,-0.015918,-0.011234,-0.023081,0.585645,-0.057703,-0.107596,-0.010008,-0.024736,1.254895,3.047147,-0.062869,-0.002323,-0.182128,0.083333,0.0,3.708333,0.057613,0.141027,0.189329
7529,137.102768,766.359985,0.618811,0.637949,0.208333,0.0,0.068538,54777.0,0.12941,0.224837,0.117408,0.229158,-0.041079,0.448987,10.120913,-0.02,-0.8,-0.02,-0.25,-0.6,-2.0,0.382704,-0.11356,-0.011481,0.0,-0.003546,-0.094438,-0.017149,-0.011787,-0.023929,0.633743,-0.069069,-0.117538,-0.009654,-0.024847,1.390969,3.213822,-0.065815,-0.001474,-0.205037,0.208333,0.0,4.166667,0.108157,0.121111,0.162276
7530,132.9655,751.780029,0.601835,0.637817,0.333333,0.0,0.068853,54720.0,0.12929,0.219198,0.115217,0.237986,-0.040079,0.451295,10.268989,-0.02,-0.8,-0.02,-0.25,-0.6,-2.0,0.379183,-0.113019,-0.013148,0.0,-0.003476,-0.087006,-0.01697,-0.01163,-0.023425,0.612401,-0.065034,-0.112523,-0.009011,-0.021242,1.375623,3.195568,-0.063716,-0.001139,-0.238127,0.083333,0.0,4.0,0.084406,0.100124,0.178
7531,135.016968,773.169983,0.622079,0.630781,0.291667,0.0,0.06918,54587.0,0.14666,0.234054,0.126799,0.262874,-0.045061,0.48732,10.27774,-0.02,-0.8,-0.02,-0.25,-0.6,-2.0,0.389697,-0.1207,-0.01402,0.0,-0.003862,-0.110923,-0.018345,-0.013764,-0.02701,0.63627,-0.074266,-0.115929,-0.010835,-0.026459,1.381985,3.233161,-0.072098,-0.001616,-0.350958,0.25,0.0,4.333333,0.124567,0.136175,0.18436
7532,136.982147,787.02002,0.64879,0.653447,0.434783,0.043478,0.069443,54973.0,0.154422,0.240315,0.128345,0.274497,-0.050282,0.510096,10.08057,-0.02,-0.8,-0.02,-0.25,-0.6,-2.0,0.399362,-0.127091,-0.017507,0.0,-0.006185,-0.106267,-0.019027,-0.014037,-0.027353,0.64186,-0.087849,-0.132118,-0.011482,-0.023934,1.407331,3.318665,-0.080085,-0.003301,-0.268317,0.347826,0.0,3.956522,0.089779,0.162414,0.179409
7533,147.406891,838.330017,0.688234,0.689851,0.434783,0.0,0.069495,55553.0,0.165334,0.245473,0.133305,0.272606,-0.045916,0.520707,10.068024,-0.02,-0.8,-0.02,-0.25,-0.6,-2.0,0.41589,-0.125563,-0.013792,0.0,-0.004687,-0.111163,-0.018969,-0.013505,-0.027833,0.675895,-0.074193,-0.129761,-0.011823,-0.028055,1.457991,3.467416,-0.073135,-0.002873,-0.346241,0.130435,0.0,4.521739,0.114047,0.149726,0.201139
7534,154.240479,862.429993,0.692466,0.691481,0.458333,0.0,0.069772,54600.0,0.148492,0.249397,0.135301,0.273992,-0.049593,0.521335,10.289082,-0.02,-0.8,-0.02,-0.25,-0.6,-2.0,0.425627,-0.127792,-0.013825,0.0,-0.004966,-0.104601,-0.019244,-0.013711,-0.026407,0.690599,-0.073123,-0.129546,-0.012066,-0.025612,1.52967,3.587383,-0.076388,-0.001761,-0.228672,0.208333,0.041667,4.583333,0.084601,0.148369,0.195098
7535,156.590012,883.919983,0.726641,0.736435,0.26087,0.043478,0.069855,55326.0,0.165627,0.271605,0.138398,0.269014,-0.045522,0.545731,10.085609,-0.02,-0.8,-0.02,-0.25,-0.6,-2.0,0.446763,-0.135229,-0.015314,0.0,-0.003268,-0.107841,-0.019333,-0.012653,-0.026311,0.735675,-0.078285,-0.132393,-0.010673,-0.028421,1.589921,3.745109,-0.070196,-0.003687,-0.356882,0.043478,0.0,4.0,0.084857,0.140924,0.176725
7536,160.889114,902.890015,0.754467,0.730128,0.25,0.041667,0.070039,54848.0,0.146491,0.263994,0.140229,0.264887,-0.046261,0.528954,10.308659,-0.02,-0.8,-0.02,-0.25,-0.6,-2.0,0.455741,-0.132423,-0.011528,0.0,-0.002578,-0.09405,-0.01969,-0.012046,-0.02507,0.742571,-0.069709,-0.133726,-0.009796,-0.023576,1.677068,3.844835,-0.071196,-0.001187,-0.251956,0.041667,0.0,4.083333,0.062149,0.119302,0.181875
7537,167.045532,942.109985,0.756081,0.790659,0.166667,0.0,0.070209,52663.0,0.174987,0.268989,0.147677,0.288413,-0.050929,0.556113,10.05437,-0.02,-0.8,-0.02,-0.25,-0.6,-2.0,0.471085,-0.13472,-0.015537,0.0,-0.001778,-0.113534,-0.021002,-0.013946,-0.029676,0.767284,-0.069335,-0.13066,-0.010835,-0.031051,1.670699,3.974574,-0.078855,-0.006918,-0.380672,0.041667,0.0,3.958333,0.083506,0.111573,0.156831
7538,176.35907,996.890015,0.768408,0.791252,0.304348,0.0,0.070508,51166.0,0.187236,0.28816,0.153264,0.299234,-0.053322,0.556885,10.403844,-0.02,-0.8,-0.02,-0.25,-0.6,-2.0,0.477231,-0.146543,-0.021614,0.0,-0.003369,-0.114829,-0.021751,-0.015142,-0.028676,0.762554,-0.075686,-0.124473,-0.011422,-0.027544,1.680914,4.012043,-0.084724,-0.002872,-0.295816,0.086957,0.043478,33.086956,0.095658,0.142363,0.178875
7539,158.149994,897.460022,0.685156,0.710654,0.26087,0.130435,0.070741,39157.0,0.153382,0.270227,0.129323,0.259639,-0.045869,0.493998,10.307435,-0.02,-0.8,-0.02,-0.25,-0.6,-2.0,0.433927,-0.133432,-0.015192,0.0,-0.008232,-0.115786,-0.020227,-0.014295,-0.029335,0.698068,-0.083713,-0.137059,-0.010775,-0.028911,1.55907,3.599095,-0.076475,-0.002113,-0.235155,0.26087,0.0,3.869565,0.131903,0.147942,0.235262
7540,155.737457,892.140015,0.713093,0.724509,0.583333,0.041667,0.070976,37223.0,0.16737,0.265533,0.13244,0.264878,-0.045825,0.504182,10.063961,-0.02,-0.8,-0.02,-0.25,-0.6,-2.0,0.44766,-0.135898,-0.012472,0.0,-0.006089,-0.101265,-0.020004,-0.012797,-0.025831,0.728868,-0.085179,-0.132887,-0.011328,-0.026723,1.582224,3.755621,-0.073526,-0.001271,-0.351421,0.291667,0.0,4.083333,0.092418,0.126981,0.21763
7541,166.363846,975.080017,0.787074,0.804975,0.25,0.041667,0.071207,35433.0,0.210227,0.302025,0.153574,0.319223,-0.056883,0.587108,10.172765,-0.02,-0.8,-0.02,-0.25,-0.6,-2.0,0.487379,-0.145266,-0.017606,0.0,-0.00275,-0.139372,-0.023386,-0.016511,-0.033601,0.787418,-0.092246,-0.1589,-0.013738,-0.035023,1.669925,4.024262,-0.090341,-0.002558,-0.446606,0.083333,0.0,4.666667,0.095236,0.126313,0.149214
7542,167.111908,968.780029,0.739061,0.778172,0.291667,0.0,0.071276,35982.0,0.171403,0.279813,0.148636,0.292486,-0.050171,0.577732,10.043184,-0.02,-0.8,-0.02,-0.25,-0.6,-2.0,0.475486,-0.145021,-0.023704,0.0,-0.003451,-0.114027,-0.021271,-0.01336,-0.027983,0.772879,-0.079179,-0.132732,-0.01191,-0.029614,1.698552,3.99294,-0.077741,-0.003404,-0.505419,0.25,0.0,4.416667,0.094845,0.146354,0.160436
7543,170.136734,971.780029,0.766718,0.778554,0.217391,0.0,0.07142,39599.0,0.179538,0.289477,0.161501,0.324402,-0.056724,0.6013,10.033815,-0.02,-0.8,-0.02,-0.25,-0.6,-2.0,0.48454,-0.140548,-0.015601,0.0,-0.002108,-0.131251,-0.023466,-0.016394,-0.033484,0.785236,-0.08276,-0.147281,-0.013273,-0.03226,1.725832,4.027719,-0.091739,-0.007565,-0.328161,0.0,0.0,4.26087,0.108406,0.118045,0.169584
7544,166.260849,947.52002,0.743398,0.775559,0.304348,0.0,0.071461,38050.0,0.16805,0.276897,0.141575,0.290556,-0.050492,0.54362,10.045294,-0.02,-0.8,-0.02,-0.25,-0.6,-2.0,0.47244,-0.145469,-0.017872,0.0,-0.003294,-0.111515,-0.022169,-0.014602,-0.029686,0.751102,-0.076291,-0.128076,-0.011142,-0.027186,1.691957,3.94974,-0.08287,-0.001314,-0.278027,0.086957,0.0,4.434783,0.086636,0.122255,0.155133
7545,165.997681,964.690002,0.775891,0.79673,0.208333,0.0,0.071755,36900.0,0.188178,0.283908,0.151509,0.300836,-0.053657,0.575969,10.123733,-0.02,-0.8,-0.02,-0.25,-0.6,-2.0,0.480676,-0.145208,-0.01546,0.0,-0.002708,-0.121774,-0.022573,-0.015197,-0.031024,0.781348,-0.078681,-0.14266,-0.012505,-0.030059,1.695695,4.006562,-0.08491,-0.004974,-0.504656,0.166667,0.0,4.166667,0.08211,0.126188,0.168162
7546,164.699936,955.359985,0.747884,0.789997,0.208333,0.083333,0.072025,35178.0,0.183287,0.281726,0.148852,0.294089,-0.05265,0.540802,10.024249,-0.02,-0.8,-0.02,-0.25,-0.6,-2.0,0.481979,-0.141486,-0.024531,0.0,-0.002282,-0.117333,-0.022652,-0.01457,-0.029652,0.762367,-0.083886,-0.145636,-0.012129,-0.029006,1.701596,4.05571,-0.085625,-0.001639,-0.438158,0.041667,0.0,4.125,0.078716,0.11822,0.155583
7547,162.62114,928.72998,0.7492,0.751594,0.391304,0.0,0.07234,39182.0,0.17467,0.282889,0.151341,0.29753,-0.052703,0.567838,10.08078,-0.02,-0.8,-0.02,-0.25,-0.6,-2.0,0.466683,-0.1357,-0.019042,0.0,-0.00405,-0.110808,-0.022594,-0.014548,-0.029471,0.750889,-0.085887,-0.147396,-0.011127,-0.027582,1.662849,3.891118,-0.084787,-0.001844,-0.382585,0.130435,0.0,4.086957,0.116404,0.137912,0.179565
7548,161.827942,927.330017,0.769286,0.761086,0.375,0.0,0.072568,48369.0,0.175476,0.2979,0.155298,0.325298,-0.05637,0.608407,10.035821,-0.02,-0.8,-0.02,-0.25,-0.6,-2.0,0.472497,-0.143327,-0.018454,0.0,-0.002569,-0.124406,-0.023841,-0.016347,-0.030806,0.752531,-0.088979,-0.148931,-0.013163,-0.029658,1.676678,3.875174,-0.091559,-0.002418,-0.421787,0.041667,0.0,4.333333,0.123505,0.127705,0.135731
7549,166.18248,954.909973,0.76894,0.758242,0.291667,0.0,0.072758,52050.0,0.201456,0.305606,0.138701,0.285767,-0.051925,0.537755,10.14964,-0.02,-0.8,-0.02,-0.25,-0.6,-2.0,0.477493,-0.148571,-0.017656,0.0,-0.003292,-0.133169,-0.023932,-0.015927,-0.032905,0.767138,-0.08678,-0.146482,-0.01287,-0.03375,1.650663,3.918563,-0.088311,-0.001437,-0.290731,0.166667,0.0,3.5,0.164486,0.154892,0.198402
7550,166.033173,962.359985,0.733112,0.735225,0.458333,0.0,0.07296,53858.0,0.175865,0.286176,0.144939,0.294136,-0.052784,0.547895,10.159472,-0.02,-0.8,-0.02,-0.25,-0.6,-2.0,0.464876,-0.142533,-0.020383,0.0,-0.004374,-0.114479,-0.022804,-0.014797,-0.029486,0.752333,-0.082408,-0.135851,-0.012174,-0.028206,1.648629,3.862862,-0.086448,-0.003976,-0.415842,0.25,0.0,5.291667,0.104177,0.169278,0.208351
7551,162.906387,920.440002,0.753471,0.763685,0.478261,0.0,0.07322,52674.0,0.16485,0.265704,0.148096,0.294245,-0.052729,0.575526,10.081976,-0.02,-0.8,-0.02,-0.25,-0.6,-2.0,0.468518,-0.13831,-0.020002,0.0,-0.004526,-0.126065,-0.022639,-0.015067,-0.031444,0.763804,-0.075927,-0.124741,-0.011673,-0.032649,1.681746,3.927052,-0.083459,-0.001411,-0.396308,0.173913,0.0,4.130435,0.094293,0.139575,0.172635
7552,169.696014,970.900024,0.758173,0.779153,0.291667,0.0,0.073465,45685.0,0.177591,0.29465,0.148568,0.317922,-0.057605,0.573305,10.142342,-0.02,-0.8,-0.02,-0.25,-0.6,-2.0,0.480973,-0.153631,-0.022535,0.0,-0.003226,-0.132724,-0.024852,-0.017661,-0.035105,0.776872,-0.088122,-0.13521,-0.012848,-0.031245,1.714181,3.959199,-0.0979,-0.001469,-0.272095,0.125,0.0,4.125,0.161114,0.130878,0.190953
7553,166.447937,960.619995,0.765105,0.769973,0.26087,0.0,0.073758,51004.0,0.192878,0.294572,0.15107,0.312967,-0.055522,0.575529,10.192223,-0.02,-0.8,-0.02,-0.25,-0.6,-2.0,0.479293,-0.147067,-0.024271,0.0,-0.003015,-0.11831,-0.023804,-0.015649,-0.030329,0.761788,-0.089671,-0.147019,-0.013648,-0.030164,1.668631,3.97164,-0.089496,-0.032966,-0.319228,0.130435,0.0,4.913043,0.086786,0.131025,0.162286
7554,164.304001,948.549988,0.745075,0.774487,0.291667,0.0,0.073795,53930.0,0.171934,0.290091,0.150426,0.302789,-0.052997,0.576291,10.212452,-0.02,-0.8,-0.02,-0.25,-0.6,-2.0,0.475884,-0.140576,-0.015856,0.0,-0.003115,-0.116805,-0.023608,-0.015264,-0.030746,0.770902,-0.088192,-0.141779,-0.012344,-0.028644,1.704595,3.931423,-0.085685,-0.002062,-0.419782,0.125,0.0,4.208333,0.088709,0.11945,0.186734
7555,168.253967,951.590027,0.757673,0.762787,0.291667,0.0,0.073971,52818.0,0.166109,0.299525,0.130496,0.255097,-0.046075,0.497248,10.077307,-0.02,-0.8,-0.02,-0.25,-0.6,-2.0,0.475877,-0.142185,-0.020049,0.0,-0.003522,-0.101739,-0.022568,-0.013337,-0.028436,0.752617,-0.085869,-0.154709,-0.010663,-0.026561,1.728789,3.941241,-0.078589,-0.001102,-0.22947,0.125,0.0,3.458333,0.096879,0.117859,0.169222
7556,170.26123,973.789978,0.775394,0.797647,0.166667,0.0,0.074142,49711.0,0.167928,0.296504,0.144388,0.285145,-0.052109,0.528648,10.115993,-0.02,-0.8,-0.02,-0.25,-0.6,-2.0,0.48331,-0.142975,-0.017329,0.0,-0.002639,-0.112673,-0.02394,-0.014819,-0.030019,0.776333,-0.092742,-0.157943,-0.012607,-0.028667,1.748007,4.010173,-0.08691,-0.002252,-0.350937,0.041667,0.0,4.25,0.103356,0.100969,0.168378
7557,171.311478,987.909973,0.779935,0.802674,0.083333,0.0,0.074264,47317.0,0.194752,0.301359,0.158129,0.317474,-0.055405,0.598232,10.068117,-0.02,-0.8,-0.02,-0.25,-0.6,-2.0,0.495312,-0.14158,-0.021138,0.0,-0.001032,-0.142341,-0.025027,-0.016173,-0.034498,0.795528,-0.089278,-0.152275,-0.012637,-0.037552,1.739122,4.080163,-0.091908,-0.002597,-0.393396,0.083333,0.0,4.375,0.118142,0.114996,0.138987
7558,173.694,973.02002,0.787061,0.803034,0.083333,0.0,0.074313,53387.0,0.16273,0.279848,0.163306,0.315964,-0.054442,0.619802,10.160179,-0.02,-0.8,-0.02,-0.25,-0.6,-2.0,0.485299,-0.144236,-0.013245,0.0,-0.002278,-0.118853,-0.023707,-0.014857,-0.029582,0.805172,-0.073246,-0.133294,-0.011016,-0.030076,1.766842,4.068194,-0.087376,-0.001636,-0.397836,0.125,0.0,3.75,0.063534,0.110358,0.131194
7559,172.732849,973.98999,0.741501,0.780063,0.166667,0.0,0.074365,53440.0,0.170244,0.304822,0.153731,0.301773,-0.051254,0.586211,10.194118,-0.02,-0.8,-0.02,-0.25,-0.6,-2.0,0.484815,-0.144452,-0.013226,0.0,-0.001821,-0.126827,-0.024229,-0.014977,-0.031339,0.781063,-0.079541,-0.143653,-0.011456,-0.034069,1.745216,4.010076,-0.085903,-0.001242,-0.215157,0.083333,0.041667,4.541667,0.08493,0.107774,0.153649
7560,165.128189,942.780029,0.764144,0.77333,0.458333,0.0,0.074621,48166.0,0.182735,0.301617,0.152226,0.31446,-0.055772,0.585704,10.127226,-0.02,-0.8,-0.02,-0.25,-0.6,-2.0,0.473678,-0.145223,-0.022951,0.0,-0.003768,-0.130869,-0.024927,-0.016171,-0.032892,0.761474,-0.088864,-0.147417,-0.012762,-0.031439,1.666183,3.890178,-0.094094,-0.002148,-0.301396,0.041667,0.041667,4.083333,0.14218,0.130765,0.189505
7561,170.605774,971.330017,0.78017,0.778618,0.217391,0.0,0.074719,38159.0,0.17012,0.292965,0.143214,0.285102,-0.050208,0.571628,10.145857,-0.02,-0.8,-0.02,-0.25,-0.6,-2.0,0.482783,-0.148259,-0.015581,0.0,-0.003208,-0.11188,-0.023731,-0.0144,-0.029402,0.790538,-0.084473,-0.130115,-0.01165,-0.028261,1.733759,4.01611,-0.083271,-0.002303,-0.347404,0.130435,0.0,4.434783,0.096213,0.131476,0.167614
7562,167.150421,940.409973,0.763867,0.779642,0.458333,0.041667,0.074826,36824.0,0.167212,0.289813,0.149159,0.311234,-0.054671,0.589547,10.106915,-0.02,-0.8,-0.02,-0.25,-0.6,-2.0,0.476525,-0.147985,-0.01667,0.0,-0.003933,-0.12579,-0.023981,-0.015819,-0.031064,0.771909,-0.075923,-0.130015,-0.012195,-0.030514,1.708563,3.96131,-0.088831,-0.00122,-0.363803,0.208333,0.041667,3.958333,0.097099,0.115621,0.176912
7563,169.969971,977.619995,0.782891,0.777204,0.208333,0.0,0.074705,37407.0,0.176636,0.306663,0.156345,0.320677,-0.056928,0.602711,10.012505,-0.02,-0.8,-0.02,-0.25,-0.6,-2.0,0.488533,-0.150602,-0.015514,0.0,-0.002361,-0.125299,-0.025082,-0.015667,-0.031205,0.790981,-0.084921,-0.147989,-0.01254,-0.031528,1.750784,4.025623,-0.091732,-0.001343,-0.341636,0.041667,0.0,4.458333,0.072803,0.094549,0.179698
7564,160.481155,942.539978,0.761983,0.774984,0.416667,0.0,0.075072,37437.0,0.178254,0.295099,0.153296,0.318612,-0.05552,0.59595,10.205409,-0.02,-0.8,-0.02,-0.25,-0.6,-2.0,0.47449,-0.14342,-0.023996,0.0,-0.003514,-0.124883,-0.025302,-0.016344,-0.032279,0.766439,-0.097209,-0.151913,-0.012895,-0.028765,1.682875,3.906985,-0.095098,-0.033688,-0.555808,0.125,0.0,4.375,0.134333,0.133882,0.186402
7565,170.02037,961.840027,0.770719,0.782494,0.333333,0.0,0.075322,38437.0,0.176658,0.298257,0.146535,0.290806,-0.052473,0.55387,10.133219,-0.02,-0.8,-0.02,-0.25,-0.6,-2.0,0.48731,-0.150385,-0.015807,0.0,-0.002016,-0.125259,-0.024751,-0.015258,-0.031676,0.779729,-0.08918,-0.153309,-0.012583,-0.031959,1.749312,4.05234,-0.087174,-0.001425,-0.256869,0.0,0.0,3.916667,0.078894,0.118423,0.177526
7566,161.751205,958.27002,0.729287,0.743473,0.291667,0.0,0.075658,36516.0,0.208328,0.310083,0.137148,0.298316,-0.052641,0.54268,10.142159,-0.02,-0.8,-0.02,-0.25,-0.6,-2.0,0.46941,-0.148638,-0.025455,0.0,-0.004075,-0.117942,-0.0251,-0.01589,-0.031235,0.738805,-0.0988,-0.161968,-0.013953,-0.028708,1.594831,3.824636,-0.091905,-0.015834,-0.293759,0.208333,0.0,4.083333,0.126861,0.112135,0.193002
7567,164.813797,961.890015,0.757893,0.765797,0.26087,0.0,0.075774,36001.0,0.177561,0.306512,0.152709,0.291786,-0.052856,0.563697,10.10272,-0.02,-0.8,-0.02,-0.25,-0.6,-2.0,0.479053,-0.149014,-0.017945,0.0,-0.003391,-0.123989,-0.024444,-0.01496,-0.030429,0.784956,-0.08824,-0.146365,-0.013122,-0.033255,1.715745,3.938372,-0.086098,-0.002284,-0.416849,0.304348,0.0,4.434783,0.109188,0.127338,0.187546
7568,172.648666,973.619995,0.806282,0.791755,0.0,0.0,0.075868,37625.0,0.163111,0.303528,0.144502,0.2776,-0.049366,0.557467,10.072278,-0.02,-0.8,-0.02,-0.25,-0.6,-2.0,0.493741,-0.152443,-0.015199,0.0,-0.00081,-0.112958,-0.023988,-0.013185,-0.028784,0.807456,-0.072641,-0.13441,-0.011579,-0.031618,1.802788,4.118293,-0.080232,-0.006706,-0.332754,0.125,0.0,3.916667,0.060771,0.108804,0.140976
7569,166.804153,959.380005,0.781612,0.779401,0.25,0.041667,0.075861,40840.0,0.169087,0.299966,0.149184,0.312888,-0.053008,0.592298,10.108296,-0.02,-0.8,-0.02,-0.25,-0.6,-2.0,0.481861,-0.141454,-0.018619,0.0,-0.002536,-0.111806,-0.025253,-0.015185,-0.030891,0.77717,-0.085038,-0.155785,-0.011355,-0.025608,1.74172,3.972909,-0.090838,-0.038481,-0.332579,0.083333,0.041667,4.375,0.10632,0.128163,0.181669
7570,167.512985,978.359985,0.763829,0.760596,0.25,0.0,0.075827,52782.0,0.193651,0.3037,0.13548,0.267825,-0.046778,0.51999,10.083178,-0.02,-0.8,-0.02,-0.25,-0.6,-2.0,0.482405,-0.145563,-0.025696,0.0,-0.002923,-0.113855,-0.024301,-0.013373,-0.029529,0.773994,-0.080331,-0.136424,-0.013416,-0.031469,1.685426,3.978795,-0.081136,-0.001848,-0.4158,0.166667,0.0,4.208333,0.120495,0.138785,0.16215
7571,170.605606,979.109985,0.794057,0.807886,0.083333,0.041667,0.075977,53527.0,0.172684,0.315734,0.151375,0.29531,-0.051528,0.569036,10.205153,-0.02,-0.8,-0.02,-0.25,-0.6,-2.0,0.489989,-0.148024,-0.014247,0.0,-0.001639,-0.11598,-0.025091,-0.014416,-0.030618,0.813438,-0.0825,-0.145207,-0.012241,-0.031411,1.767584,4.018043,-0.086826,-0.010687,-0.365604,0.083333,0.0,4.291667,0.112622,0.105076,0.145084
7572,157.442062,906.590027,0.731291,0.748137,0.541667,0.041667,0.076093,53465.0,0.162253,0.283527,0.130686,0.26433,-0.046567,0.486809,10.184166,-0.02,-0.8,-0.02,-0.25,-0.6,-2.0,0.45439,-0.1343,-0.016025,0.0,-0.005905,-0.102396,-0.023339,-0.013159,-0.027104,0.715224,-0.084633,-0.146625,-0.011352,-0.025721,1.628143,3.767617,-0.081577,-0.010377,-0.30862,0.041667,0.0,3.833333,0.146604,0.151423,0.217147
7573,167.709122,966.830017,0.756127,0.767704,0.208333,0.041667,0.076286,53672.0,0.174742,0.304429,0.158845,0.293575,-0.053022,0.559232,10.230135,-0.02,-0.8,-0.02,-0.25,-0.6,-2.0,0.479965,-0.140444,-0.014965,0.0,-0.002229,-0.114987,-0.025696,-0.015053,-0.029506,0.778863,-0.090746,-0.156878,-0.01259,-0.028343,1.725567,3.958405,-0.090679,-0.001315,-0.325138,0.083333,0.0,4.25,0.081026,0.124775,0.147809
7574,169.69664,976.539978,0.766539,0.786252,0.227273,0.0,0.07623,53108.0,0.199129,0.325002,0.163527,0.329238,-0.05851,0.579007,10.19747,-0.02,-0.8,-0.02,-0.25,-0.6,-2.0,0.486556,-0.148881,-0.019667,0.0,-0.002551,-0.126598,-0.026735,-0.016803,-0.032113,0.78898,-0.094733,-0.166884,-0.013752,-0.030645,1.688014,3.934331,-0.097194,-0.001448,-0.269547,0.045455,0.0,4.772727,0.076473,0.117646,0.192778
7575,167.666168,972.900024,0.786783,0.775016,0.333333,0.0,0.076614,52984.0,0.171833,0.309974,0.156384,0.305325,-0.053194,0.571699,10.349119,-0.02,-0.8,-0.02,-0.25,-0.6,-2.0,0.486289,-0.145007,-0.016594,0.0,-0.003087,-0.127105,-0.025487,-0.015016,-0.030648,0.788968,-0.088563,-0.155177,-0.011932,-0.032496,1.746143,3.997192,-0.089296,-0.001427,-0.407755,0.125,0.0,4.708333,0.101369,0.136986,0.180659
7576,163.91507,959.960022,0.766591,0.768749,0.291667,0.0,0.07687,54516.0,0.165168,0.29256,0.147229,0.280894,-0.049095,0.531496,10.204147,-0.02,-0.8,-0.02,-0.25,-0.6,-2.0,0.481331,-0.131452,-0.017955,0.0,-0.002886,-0.107567,-0.025314,-0.014253,-0.029754,0.779958,-0.08023,-0.143513,-0.010564,-0.025981,1.747494,3.983554,-0.08598,-0.001246,-0.396683,0.125,0.0,4.75,0.108451,0.126382,0.172438
7577,165.480057,955.890015,0.767691,0.781754,0.416667,0.0,0.077009,54392.0,0.186625,0.310339,0.149643,0.299419,-0.051707,0.56301,10.279907,-0.02,-0.8,-0.02,-0.25,-0.6,-2.0,0.477879,-0.152563,-0.018561,0.0,-0.005361,-0.120478,-0.025268,-0.014702,-0.0307,0.786739,-0.090547,-0.148134,-0.013624,-0.031393,1.682113,3.904817,-0.088117,-0.002385,-0.318103,0.041667,0.041667,3.916667,0.094925,0.119565,0.190531
7578,163.86142,961.929993,0.761826,0.782001,0.291667,0.0,0.077201,54699.0,0.189089,0.308045,0.154669,0.313961,-0.05433,0.581532,10.280466,-0.02,-0.8,-0.02,-0.25,-0.6,-2.0,0.480391,-0.148727,-0.017493,0.0,-0.00421,-0.123735,-0.026417,-0.016069,-0.032333,0.784471,-0.096755,-0.157098,-0.013096,-0.029701,1.698473,3.915092,-0.095105,-0.003043,-0.472428,0.166667,0.0,3.875,0.132977,0.128437,0.18982
7579,161.070908,927.909973,0.743308,0.78219,0.375,0.041667,0.077303,53128.0,0.182287,0.294709,0.156514,0.319163,-0.053995,0.585786,10.226616,-0.02,-0.8,-0.02,-0.25,-0.6,-2.0,0.476665,-0.141182,-0.023927,0.0,-0.00288,-0.126643,-0.025713,-0.01571,-0.031148,0.758645,-0.093463,-0.163512,-0.012369,-0.030668,1.683575,3.923423,-0.092563,-0.002156,-0.362647,0.166667,0.083333,4.291667,0.113205,0.128131,0.176719
7580,169.10022,964.570007,0.783394,0.790279,0.347826,0.0,0.077546,55714.0,0.167604,0.307585,0.146117,0.301057,-0.051468,0.573513,10.365134,-0.02,-0.8,-0.02,-0.25,-0.6,-2.0,0.482728,-0.152818,-0.018213,0.0,-0.002057,-0.1216,-0.025834,-0.014989,-0.031071,0.790291,-0.08447,-0.139027,-0.01228,-0.029941,1.745466,3.947198,-0.090103,-0.001949,-0.426629,0.0,0.0,30.869566,0.121441,0.106336,0.166956
7581,162.649796,945.909973,0.762476,0.754626,0.208333,0.0,0.077707,54731.0,0.18137,0.304212,0.154468,0.317929,-0.056443,0.571101,10.263213,-0.02,-0.8,-0.02,-0.25,-0.6,-2.0,0.476875,-0.1452,-0.019671,0.0,-0.003843,-0.117326,-0.026636,-0.017035,-0.030691,0.763197,-0.084492,-0.142578,-0.012717,-0.027348,1.69359,3.882573,-0.097728,-0.001815,-0.303495,0.083333,0.041667,3.625,0.107376,0.110761,0.20218
7582,167.203079,956.97998,0.778012,0.795917,0.166667,0.0,0.077927,54611.0,0.183607,0.309421,0.150576,0.299674,-0.050232,0.572882,10.218181,-0.02,-0.8,-0.02,-0.25,-0.6,-2.0,0.483525,-0.146327,-0.019509,0.0,-0.002254,-0.112161,-0.025671,-0.014367,-0.029151,0.794021,-0.086502,-0.139962,-0.012262,-0.027952,1.718804,3.962138,-0.087783,-0.001655,-0.256803,0.166667,0.0,4.791667,0.110804,0.127785,0.150597
7583,163.321335,941.5,0.76516,0.770489,0.208333,0.083333,0.078166,41077.0,0.179872,0.301229,0.143606,0.287583,-0.04881,0.528785,10.19187,-0.02,-0.8,-0.02,-0.25,-0.6,-2.0,0.474544,-0.141319,-0.018519,0.0,-0.00356,-0.113999,-0.02561,-0.014529,-0.029567,0.759055,-0.086481,-0.144516,-0.012096,-0.028558,1.686033,3.884887,-0.087497,-0.002684,-0.299339,0.166667,0.0,4.25,0.09384,0.118981,0.166196
7584,164.30336,952.25,0.769661,0.783308,0.458333,0.041667,0.078291,39216.0,0.185446,0.302026,0.15306,0.307101,-0.053654,0.560625,10.181708,-0.02,-0.8,-0.02,-0.25,-0.6,-2.0,0.474858,-0.140507,-0.014444,0.0,-0.005532,-0.129932,-0.026348,-0.016273,-0.032985,0.761471,-0.101645,-0.160264,-0.014163,-0.032032,1.68406,3.857227,-0.093115,-0.00299,-0.349386,0.083333,0.0,4.541667,0.144211,0.142969,0.177479
7585,168.767029,970.869995,0.786588,0.773566,0.208333,0.0,0.078466,40215.0,0.164484,0.305075,0.142454,0.277816,-0.048051,0.546947,10.111854,-0.02,-0.8,-0.02,-0.25,-0.6,-2.0,0.484644,-0.154218,-0.014936,0.0,-0.002278,-0.125931,-0.025271,-0.014206,-0.030938,0.7961,-0.079772,-0.138669,-0.012208,-0.033621,1.760639,3.996067,-0.083242,-0.001585,-0.275411,0.125,0.0,4.0,0.088057,0.119492,0.156969
7586,164.564285,955.01001,0.779661,0.80066,0.304348,0.0,0.078619,38889.0,0.183062,0.320731,0.141346,0.290156,-0.04967,0.562469,10.156343,-0.02,-0.8,-0.02,-0.25,-0.6,-2.0,0.480978,-0.154466,-0.022472,0.0,-0.002265,-0.115431,-0.025741,-0.014581,-0.029328,0.776144,-0.084554,-0.138185,-0.013104,-0.029509,1.695829,3.919316,-0.085452,-0.002442,-0.353736,0.0,0.0,4.73913,0.078537,0.118307,0.161881
7587,166.393845,937.809998,0.760058,0.781765,0.291667,0.0,0.078861,36952.0,0.166402,0.291455,0.155476,0.308644,-0.053713,0.571411,10.020312,-0.02,-0.8,-0.02,-0.25,-0.6,-2.0,0.474035,-0.135546,-0.018027,0.0,-0.002988,-0.116862,-0.02616,-0.015394,-0.030772,0.760983,-0.075733,-0.144419,-0.011494,-0.028094,1.707446,3.91416,-0.092667,-0.001345,-0.282381,0.166667,0.0,3.958333,0.086398,0.124945,0.161593
7588,168.458084,963.049988,0.76562,0.776535,0.304348,0.0,0.078844,39358.0,0.171783,0.317347,0.155729,0.296987,-0.053001,0.56432,10.148861,-0.02,-0.8,-0.02,-0.25,-0.6,-2.0,0.47702,-0.140348,-0.020317,0.0,-0.00335,-0.118993,-0.026735,-0.015193,-0.030945,0.77176,-0.08924,-0.146785,-0.011972,-0.03007,1.704369,3.854336,-0.092528,-0.001213,-0.243893,0.086957,0.0,4.304348,0.142086,0.137653,0.175055
7589,167.751358,956.47998,0.788005,0.780958,0.375,0.0,0.078878,38333.0,0.178492,0.314039,0.147724,0.293847,-0.050093,0.56315,10.197083,-0.02,-0.8,-0.02,-0.25,-0.6,-2.0,0.480156,-0.147527,-0.015813,0.0,-0.003488,-0.115316,-0.026333,-0.014501,-0.0294,0.779058,-0.088424,-0.146963,-0.012769,-0.029642,1.709028,3.914653,-0.088138,-0.001133,-0.335909,0.125,0.0,4.208333,0.101609,0.157674,0.195049
7590,163.60199,944.469971,0.727961,0.765717,0.291667,0.041667,0.078823,37131.0,0.18345,0.311152,0.140682,0.275087,-0.047946,0.514878,10.195505,-0.02,-0.8,-0.02,-0.25,-0.6,-2.0,0.476536,-0.147618,-0.014026,0.0,-0.002819,-0.118194,-0.026187,-0.015093,-0.029583,0.773831,-0.094101,-0.160583,-0.013228,-0.029239,1.685124,3.886932,-0.087042,-0.002109,-0.299722,0.041667,0.0,4.125,0.124476,0.141158,0.183809
7591,161.006454,942.719971,0.761905,0.792562,0.391304,0.043478,0.079202,37318.0,0.175785,0.32463,0.151186,0.289293,-0.050008,0.520302,10.122821,-0.02,-0.8,-0.02,-0.25,-0.6,-2.0,0.478603,-0.143114,-0.019868,0.0,-0.004516,-0.114377,-0.026893,-0.01469,-0.03123,0.779288,-0.096225,-0.160671,-0.011876,-0.028958,1.713216,3.866236,-0.091378,-0.002117,-0.38822,0.086957,0.0,4.043478,0.149473,0.133852,0.176802
7592,170.113251,982.429993,0.793945,0.802878,0.130435,0.0,0.079511,40816.0,0.186081,0.309698,0.156058,0.309501,-0.056281,0.57049,10.357018,-0.02,-0.8,-0.02,-0.25,-0.6,-2.0,0.491171,-0.156205,-0.018168,0.0,-0.001449,-0.124096,-0.027833,-0.016799,-0.033039,0.793171,-0.083873,-0.148275,-0.013052,-0.030693,1.751667,4.011976,-0.098344,-0.001389,-0.390302,0.086957,0.0,5.130435,0.097336,0.110605,0.144891
7593,162.846359,962.039978,0.739554,0.746434,0.333333,0.0,0.079692,49682.0,0.169947,0.29975,0.142564,0.280304,-0.048374,0.5325,10.283099,-0.02,-0.8,-0.02,-0.25,-0.6,-2.0,0.462591,-0.13787,-0.021365,0.0,-0.004421,-0.133042,-0.026067,-0.015302,-0.03216,0.751109,-0.09844,-0.153965,-0.012791,-0.034759,1.647348,3.763411,-0.08646,-0.002839,-0.494812,0.041667,0.041667,4.458333,0.14714,0.104539,0.17738
7594,169.703094,978.619995,0.752846,0.802532,0.208333,0.0,0.079823,48925.0,0.174359,0.313137,0.163415,0.327987,-0.05688,0.613245,10.205024,-0.02,-0.8,-0.02,-0.25,-0.6,-2.0,0.485472,-0.147608,-0.016257,0.0,-0.002013,-0.139509,-0.027575,-0.016121,-0.03383,0.793863,-0.080548,-0.149371,-0.01222,-0.034675,1.749055,3.942081,-0.098405,-0.003581,-0.391351,0.083333,0.0,4.416667,0.092568,0.108444,0.168799
7595,165.285614,961.47998,0.788521,0.790928,0.26087,0.0,0.07984,51313.0,0.175568,0.316964,0.148686,0.279792,-0.04825,0.535743,10.180872,-0.02,-0.8,-0.02,-0.25,-0.6,-2.0,0.480139,-0.140042,-0.016509,0.0,-0.003306,-0.110204,-0.02645,-0.013973,-0.029722,0.778283,-0.089914,-0.146475,-0.012076,-0.028543,1.716782,3.885716,-0.085465,-0.00114,-0.355935,0.304348,0.0,4.652174,0.109332,0.118356,0.169467
7596,164.226395,972.210022,0.765308,0.803799,0.166667,0.0,0.080046,50535.0,0.186258,0.325471,0.158737,0.312581,-0.053645,0.585259,10.171453,-0.02,-0.8,-0.02,-0.25,-0.6,-2.0,0.490287,-0.150438,-0.020089,0.0,-0.002139,-0.13041,-0.027513,-0.01574,-0.031694,0.798859,-0.090433,-0.171231,-0.01417,-0.033021,1.742813,3.973726,-0.093418,-0.002946,-0.600242,0.041667,0.0,3.583333,0.075682,0.126338,0.167974
7597,164.005661,955.349976,0.744436,0.78666,0.208333,0.0,0.080202,47527.0,0.188351,0.306812,0.155781,0.314453,-0.054512,0.57129,10.209738,-0.02,-0.8,-0.02,-0.25,-0.6,-2.0,0.479241,-0.14811,-0.016784,0.0,-0.002917,-0.127106,-0.028029,-0.016244,-0.03345,0.768146,-0.104159,-0.184729,-0.01326,-0.029661,1.701146,3.875421,-0.098092,-0.001192,-0.352133,0.083333,0.0,3.625,0.131536,0.118806,0.154663
7598,164.733429,979.460022,0.782661,0.786552,0.083333,0.0,0.080348,49786.0,0.189025,0.329083,0.159758,0.325678,-0.057259,0.588271,10.313286,-0.02,-0.8,-0.02,-0.25,-0.6,-2.0,0.490992,-0.156743,-0.01976,0.0,-0.001032,-0.136549,-0.028531,-0.017526,-0.034398,0.795209,-0.086502,-0.143118,-0.013139,-0.033975,1.729508,3.949064,-0.101339,-0.00731,-0.531395,0.083333,0.0,4.5,0.12741,0.122008,0.155763
7599,169.065262,971.940002,0.762466,0.777704,0.208333,0.0,0.080339,49701.0,0.171742,0.330603,0.155768,0.289012,-0.051109,0.552785,10.398109,-0.02,-0.8,-0.02,-0.25,-0.6,-2.0,0.486463,-0.137395,-0.016919,0.0,-0.001944,-0.12584,-0.027148,-0.014453,-0.030727,0.79787,-0.089408,-0.159915,-0.012182,-0.035019,1.761421,3.929363,-0.088384,-0.002091,-0.310564,0.0,0.0,4.0,0.105748,0.088798,0.181651
7600,159.949173,928.97998,0.740888,0.763759,0.541667,0.0,0.080333,50955.0,0.162098,0.295817,0.156957,0.30757,-0.054296,0.583139,10.231583,-0.02,-0.8,-0.02,-0.25,-0.6,-2.0,0.470574,-0.142892,-0.012447,0.0,-0.004139,-0.122219,-0.027267,-0.016107,-0.031244,0.770159,-0.095972,-0.155559,-0.012063,-0.029272,1.711895,3.833985,-0.094259,-0.001875,-0.373487,0.166667,0.0,4.0,0.093123,0.132331,0.189142
7601,168.638596,970.52002,0.808615,0.796235,0.208333,0.0,0.080554,50718.0,0.173639,0.310302,0.153301,0.305522,-0.053106,0.560681,10.28511,-0.02,-0.8,-0.02,-0.25,-0.6,-2.0,0.479952,-0.14356,-0.012886,0.0,-0.00256,-0.12528,-0.027584,-0.016192,-0.032568,0.782419,-0.08389,-0.144709,-0.012578,-0.032097,1.713892,3.889305,-0.09503,-0.001173,-0.435581,0.125,0.0,4.75,0.094539,0.110932,0.156768
7602,164.217896,965.650024,0.778174,0.754469,0.333333,0.0,0.080607,48484.0,0.194816,0.316111,0.156724,0.310735,-0.053606,0.552875,10.245987,-0.02,-0.8,-0.02,-0.25,-0.6,-2.0,0.477008,-0.142521,-0.020958,0.0,-0.00396,-0.113581,-0.028477,-0.015946,-0.031506,0.769095,-0.100913,-0.154108,-0.012555,-0.027403,1.651894,3.813469,-0.098864,-0.00203,-0.331986,0.0,0.0,3.625,0.165241,0.114578,0.187119
7603,160.996246,941.840027,0.754726,0.779045,0.333333,0.0,0.080741,49179.0,0.198128,0.309784,0.158181,0.311934,-0.054395,0.55657,10.10818,-0.02,-0.8,-0.02,-0.25,-0.6,-2.0,0.475154,-0.147908,-0.021729,0.0,-0.003927,-0.121823,-0.02773,-0.015948,-0.03117,0.760359,-0.090217,-0.150242,-0.012487,-0.029749,1.650895,3.846128,-0.096752,-0.004103,-0.362999,0.291667,0.0,4.625,0.121697,0.129666,0.164683
7604,171.315155,973.130005,0.780997,0.793463,0.166667,0.0,0.080724,49853.0,0.171123,0.311406,0.163338,0.324184,-0.054268,0.592007,10.152206,-0.02,-0.8,-0.02,-0.25,-0.6,-2.0,0.484335,-0.138921,-0.015319,0.0,-0.002139,-0.126461,-0.028483,-0.016726,-0.032869,0.786787,-0.091049,-0.161015,-0.012738,-0.031795,1.753781,3.910767,-0.097317,-0.001804,-0.285974,0.0,0.041667,4.0,0.079905,0.110751,0.159318
7605,167.689911,957.789978,0.766076,0.783813,0.291667,0.0,0.080798,51416.0,0.170576,0.315237,0.154316,0.299264,-0.051844,0.555282,10.207483,-0.02,-0.8,-0.02,-0.25,-0.6,-2.0,0.476186,-0.142249,-0.015077,0.0,-0.00247,-0.116115,-0.027946,-0.014952,-0.03066,0.778765,-0.088386,-0.150155,-0.011673,-0.028678,1.720895,3.835278,-0.093273,-0.002856,-0.318924,0.083333,0.125,4.458333,0.108616,0.113648,0.163719
7606,162.050934,938.640015,0.769215,0.783126,0.375,0.0,0.081068,47929.0,0.175272,0.30038,0.151189,0.286148,-0.04993,0.529278,10.224101,-0.02,-0.8,-0.02,-0.25,-0.6,-2.0,0.471261,-0.144821,-0.01727,0.0,-0.003193,-0.114866,-0.027002,-0.014479,-0.02868,0.771319,-0.081131,-0.131533,-0.011342,-0.027436,1.677474,3.854874,-0.090216,-0.001374,-0.316394,0.166667,0.041667,4.291667,0.096126,0.119615,0.177803
7607,167.016037,965.080017,0.782441,0.789129,0.208333,0.0,0.081363,47993.0,0.180557,0.309804,0.148885,0.302124,-0.051256,0.55417,10.28117,-0.02,-0.8,-0.02,-0.25,-0.6,-2.0,0.475927,-0.147489,-0.016097,0.0,-0.003458,-0.11471,-0.027804,-0.01541,-0.030284,0.772836,-0.09814,-0.150368,-0.011905,-0.027643,1.696648,3.834753,-0.093294,-0.005613,-0.301796,0.125,0.0,4.166667,0.121208,0.130885,0.158118
7608,160.673004,932.460022,0.741899,0.722571,0.416667,0.0,0.081321,49931.0,0.168763,0.295108,0.125338,0.256993,-0.045727,0.472367,10.177988,-0.02,-0.8,-0.02,-0.25,-0.6,-2.0,0.448599,-0.140353,-0.016161,0.0,-0.006361,-0.107585,-0.02631,-0.01385,-0.028775,0.720605,-0.099686,-0.1484,-0.011896,-0.026498,1.598884,3.628255,-0.087007,-0.001372,-0.350925,0.166667,0.041667,4.416667,0.155735,0.144946,0.241031
7609,163.887497,955.22998,0.75863,0.776268,0.416667,0.0,0.081459,50533.0,0.190003,0.309397,0.148675,0.297198,-0.051034,0.548517,10.214931,-0.02,-0.8,-0.02,-0.25,-0.6,-2.0,0.475487,-0.141329,-0.025328,0.0,-0.00398,-0.135775,-0.027485,-0.015501,-0.031629,0.770369,-0.09105,-0.153681,-0.014262,-0.03656,1.672069,3.849634,-0.091095,-0.004602,-0.290392,0.083333,0.0,4.25,0.092095,0.135002,0.180889
7610,156.505844,903.119995,0.72672,0.73135,0.458333,0.0,0.081544,48589.0,0.168685,0.291869,0.152042,0.311257,-0.053178,0.568895,10.251199,-0.02,-0.8,-0.02,-0.25,-0.6,-2.0,0.452676,-0.143703,-0.016195,0.0,-0.004659,-0.11802,-0.026838,-0.015539,-0.029318,0.734184,-0.089977,-0.136,-0.012743,-0.027662,1.616159,3.677409,-0.092688,-0.001574,-0.296465,0.208333,0.0,4.041667,0.063755,0.131133,0.196199
7611,165.964584,967.460022,0.794606,0.789954,0.208333,0.0,0.08189,48996.0,0.180124,0.323388,0.164742,0.32568,-0.05605,0.597737,10.241488,-0.02,-0.8,-0.02,-0.25,-0.6,-2.0,0.484087,-0.146881,-0.016174,0.0,-0.002278,-0.131645,-0.02895,-0.016917,-0.03282,0.784385,-0.098452,-0.165716,-0.013775,-0.031634,1.732743,3.886122,-0.098885,-0.002351,-0.472948,0.041667,0.0,4.083333,0.084835,0.115602,0.15049
7612,163.076721,961.289978,0.782386,0.79964,0.208333,0.0,0.081921,49615.0,0.199353,0.327378,0.162585,0.332336,-0.057419,0.601656,10.147186,-0.02,-0.8,-0.02,-0.25,-0.6,-2.0,0.484497,-0.151461,-0.021392,0.0,-0.002194,-0.135739,-0.029227,-0.01688,-0.033461,0.778726,-0.093032,-0.151583,-0.013049,-0.032103,1.680338,3.871934,-0.102334,-0.001406,-0.542268,0.041667,0.0,4.416667,0.140912,0.112509,0.160286
7613,166.820831,958.02002,0.766374,0.790865,0.25,0.0,0.082022,49347.0,0.170875,0.311403,0.155513,0.297011,-0.052516,0.559006,10.166842,-0.02,-0.8,-0.02,-0.25,-0.6,-2.0,0.477936,-0.145585,-0.014165,0.0,-0.003048,-0.123492,-0.027784,-0.015173,-0.030869,0.78733,-0.089764,-0.14747,-0.013116,-0.031483,1.721088,3.881949,-0.092663,-0.003858,-0.293747,0.166667,0.0,4.375,0.100875,0.107822,0.172029
7614,163.797577,938.340027,0.777421,0.785103,0.291667,0.0,0.082215,47337.0,0.181871,0.308129,0.152784,0.287475,-0.051097,0.54911,10.336966,-0.02,-0.8,-0.02,-0.25,-0.6,-2.0,0.474837,-0.150027,-0.014338,0.0,-0.003411,-0.112579,-0.027535,-0.014094,-0.02824,0.770838,-0.085115,-0.134706,-0.012491,-0.02912,1.6902,3.866826,-0.089311,-0.001369,-0.291944,0.125,0.041667,4.083333,0.086652,0.120438,0.181607
7615,158.665756,945.619995,0.755514,0.767507,0.391304,0.043478,0.082298,50206.0,0.191036,0.321919,0.153864,0.30446,-0.053067,0.555876,10.224504,-0.02,-0.8,-0.02,-0.25,-0.6,-2.0,0.469913,-0.146053,-0.024045,0.0,-0.00419,-0.121566,-0.028913,-0.015881,-0.031482,0.758641,-0.106696,-0.162795,-0.012761,-0.029429,1.649454,3.74214,-0.096786,-0.050423,-0.424269,0.043478,0.0,4.26087,0.136093,0.108337,0.161193
7616,165.35144,968.909973,0.746221,0.756556,0.125,0.0,0.082627,48983.0,0.17241,0.314635,0.158319,0.303125,-0.052847,0.562229,10.28482,-0.02,-0.8,-0.02,-0.25,-0.6,-2.0,0.471093,-0.139075,-0.01282,0.0,-0.004044,-0.140729,-0.02908,-0.017049,-0.034292,0.767471,-0.098196,-0.166479,-0.0125,-0.035551,1.690025,3.752576,-0.096327,-0.001422,-0.336413,0.125,0.041667,4.208333,0.121962,0.119476,0.160328
7617,162.106384,943.51001,0.772176,0.759813,0.333333,0.041667,0.082764,51216.0,0.18547,0.319445,0.152518,0.303669,-0.054323,0.554865,10.440619,-0.02,-0.8,-0.02,-0.25,-0.6,-2.0,0.475209,-0.151696,-0.022648,0.0,-0.004595,-0.135017,-0.029052,-0.01683,-0.032626,0.765453,-0.100557,-0.158818,-0.013946,-0.033412,1.680022,3.807957,-0.098368,-0.002016,-0.278114,0.291667,0.041667,5.125,0.150113,0.122997,0.169795
7618,165.167053,939.75,0.742171,0.769543,0.333333,0.0,0.082865,51183.0,0.162239,0.310838,0.161716,0.317645,-0.053432,0.587602,10.224182,-0.02,-0.8,-0.02,-0.25,-0.6,-2.0,0.474068,-0.146362,-0.011183,0.0,-0.003476,-0.109848,-0.028417,-0.015071,-0.029501,0.777038,-0.084384,-0.146517,-0.011159,-0.026142,1.725036,3.831237,-0.096529,-0.001525,-0.272763,0.208333,0.0,4.541667,0.114198,0.139136,0.172249
7619,164.509262,958.789978,0.760948,0.798433,0.25,0.0,0.082836,54044.0,0.176717,0.322433,0.166401,0.309863,-0.052585,0.571489,10.088379,-0.02,-0.8,-0.02,-0.25,-0.6,-2.0,0.483582,-0.143585,-0.017113,0.0,-0.00284,-0.116035,-0.028808,-0.015107,-0.030911,0.786982,-0.089945,-0.157813,-0.012646,-0.029628,1.739135,3.864763,-0.092874,-0.001225,-0.42049,0.125,0.0,4.25,0.102799,0.117839,0.171095
7620,165.289536,972.559998,0.773631,0.78906,0.125,0.0,0.082733,52989.0,0.199326,0.320367,0.132396,0.266539,-0.046675,0.486057,10.192677,-0.02,-0.8,-0.02,-0.25,-0.6,-2.0,0.489595,-0.156832,-0.022471,0.0,-0.001389,-0.113752,-0.028773,-0.014597,-0.030212,0.783169,-0.09211,-0.154966,-0.013565,-0.029332,1.698859,3.969653,-0.091122,-0.002248,-0.299753,0.041667,0.0,3.916667,0.118986,0.110252,0.168266
7621,167.626404,978.549988,0.814358,0.811421,0.166667,0.0,0.082793,54302.0,0.183107,0.322434,0.165388,0.331706,-0.058975,0.611267,10.149528,-0.02,-0.8,-0.02,-0.25,-0.6,-2.0,0.492241,-0.151368,-0.016003,0.0,-0.001298,-0.141892,-0.030218,-0.016923,-0.034681,0.796326,-0.099295,-0.162477,-0.014121,-0.034926,1.753211,3.949244,-0.103226,-0.011313,-0.454264,0.083333,0.0,4.458333,0.096936,0.099358,0.147724
7622,161.116211,942.539978,0.758881,0.769191,0.304348,0.0,0.082934,52719.0,0.186883,0.319818,0.174133,0.327776,-0.054834,0.619138,10.533842,-0.02,-0.8,-0.02,-0.25,-0.6,-2.0,0.477106,-0.137267,-0.019699,0.0,-0.00229,-0.122392,-0.029131,-0.015674,-0.030461,0.775481,-0.09038,-0.155048,-0.012169,-0.030026,1.689551,3.825767,-0.096982,-0.004817,-0.447979,0.043478,0.0,29.434784,0.109621,0.122029,0.158806
7623,157.083435,917.609985,0.730076,0.726507,0.375,0.0,0.083048,54166.0,0.168784,0.305256,0.142675,0.276781,-0.046953,0.501586,10.3496,-0.02,-0.8,-0.02,-0.25,-0.6,-2.0,0.452909,-0.135873,-0.013721,0.0,-0.003712,-0.108626,-0.027426,-0.014383,-0.029154,0.738795,-0.098391,-0.159009,-0.011496,-0.027825,1.616506,3.645074,-0.088687,-0.00246,-0.333806,0.166667,0.041667,4.208333,0.10813,0.135116,0.199436
7624,159.995041,949.460022,0.760762,0.786927,0.375,0.0,0.083181,54563.0,0.182388,0.318107,0.154237,0.31093,-0.052046,0.573671,10.355079,-0.02,-0.8,-0.02,-0.25,-0.6,-2.0,0.478534,-0.151712,-0.016957,0.0,-0.003002,-0.112255,-0.028645,-0.014826,-0.030254,0.779788,-0.091514,-0.147598,-0.013021,-0.027466,1.686814,3.866305,-0.09501,-0.002962,-0.512898,0.166667,0.0,4.791667,0.09922,0.126836,0.177771
7625,162.13681,946.179993,0.75917,0.775719,0.333333,0.041667,0.08304,54223.0,0.17888,0.31714,0.154517,0.307494,-0.05147,0.564079,10.463461,-0.02,-0.8,-0.02,-0.25,-0.6,-2.0,0.476224,-0.143834,-0.013051,0.0,-0.004139,-0.114969,-0.028936,-0.015217,-0.029934,0.778896,-0.096554,-0.155118,-0.012652,-0.028152,1.691674,3.824707,-0.094093,-0.001848,-0.313452,0.083333,0.041667,4.375,0.129642,0.126676,0.189186
7626,163.275833,971.080017,0.772592,0.78673,0.208333,0.0,0.083141,54599.0,0.182095,0.326425,0.161527,0.322498,-0.054676,0.591666,10.329258,-0.02,-0.8,-0.02,-0.25,-0.6,-2.0,0.487926,-0.146444,-0.013123,0.0,-0.001765,-0.134401,-0.029831,-0.016206,-0.032929,0.789978,-0.093538,-0.160875,-0.014377,-0.034719,1.735452,3.916208,-0.09772,-0.001441,-0.508748,0.083333,0.0,4.166667,0.085714,0.110901,0.14984
7627,161.596313,939.969971,0.759739,0.780236,0.25,0.041667,0.083461,51378.0,0.167339,0.308239,0.161935,0.305767,-0.052768,0.580892,10.313232,-0.02,-0.8,-0.02,-0.25,-0.6,-2.0,0.467964,-0.13716,-0.01315,0.0,-0.004393,-0.127875,-0.028913,-0.015474,-0.031133,0.771097,-0.089135,-0.153176,-0.012012,-0.032405,1.689714,3.76206,-0.095126,-0.001524,-0.443369,0.291667,0.0,4.333333,0.117578,0.12824,0.181
7628,164.614532,959.51001,0.785224,0.802272,0.291667,0.0,0.08342,54083.0,0.172216,0.315709,0.149246,0.298627,-0.051862,0.550865,10.446949,-0.02,-0.8,-0.02,-0.25,-0.6,-2.0,0.485434,-0.149902,-0.012904,0.0,-0.002037,-0.118167,-0.029272,-0.015079,-0.032694,0.795516,-0.089671,-0.144847,-0.012237,-0.030005,1.754515,3.938949,-0.095154,-0.001306,-0.368128,0.041667,0.041667,4.458333,0.105934,0.103616,0.139434
7629,165.509491,948.609985,0.773627,0.776661,0.291667,0.0,0.083384,54524.0,0.168398,0.312279,0.16013,0.306404,-0.053072,0.554202,10.373568,-0.02,-0.8,-0.02,-0.25,-0.6,-2.0,0.47547,-0.141978,-0.017432,0.0,-0.003802,-0.110307,-0.029712,-0.015634,-0.029841,0.765871,-0.093803,-0.150647,-0.011968,-0.025091,1.717812,3.830743,-0.09856,-0.000965,-0.230885,0.208333,0.0,3.833333,0.076451,0.131019,0.176413
7630,165.667755,975.48999,0.730493,0.784492,0.304348,0.0,0.083412,43095.0,0.183877,0.322121,0.160218,0.320753,-0.05511,0.567887,10.381799,-0.02,-0.8,-0.02,-0.25,-0.6,-2.0,0.478882,-0.143542,-0.015776,0.0,-0.004224,-0.128264,-0.029923,-0.016035,-0.033134,0.768895,-0.092071,-0.162701,-0.013198,-0.031823,1.698524,3.817133,-0.099873,-0.001431,-0.405769,0.086957,0.0,4.608696,0.156815,0.119722,0.163199
7631,162.299286,956.469971,0.74889,0.753477,0.166667,0.0,0.083503,35910.0,0.188474,0.336107,0.150037,0.297567,-0.052318,0.54536,10.278636,-0.02,-0.8,-0.02,-0.25,-0.6,-2.0,0.473882,-0.144998,-0.018894,0.0,-0.002889,-0.106473,-0.029415,-0.015575,-0.029781,0.75674,-0.103183,-0.176108,-0.013326,-0.026315,1.659919,3.78585,-0.095499,-0.00201,-0.413962,0.125,0.0,3.833333,0.121519,0.141514,0.162959
7632,164.623993,972.52002,0.774189,0.802058,0.041667,0.0,0.083412,40805.0,0.195271,0.344306,0.157057,0.325734,-0.055627,0.597869,10.243091,-0.02,-0.8,-0.02,-0.25,-0.6,-2.0,0.491472,-0.155532,-0.018083,0.0,-0.000988,-0.131925,-0.030478,-0.015945,-0.03198,0.783402,-0.104002,-0.172961,-0.014675,-0.031751,1.729121,3.897944,-0.10046,-0.002213,-0.386176,0.083333,0.0,3.875,0.138525,0.1017,0.128676
7633,161.545853,932.419983,0.76702,0.782801,0.391304,0.0,0.083515,40086.0,0.160961,0.320106,0.152418,0.307982,-0.05359,0.579252,10.403692,-0.02,-0.8,-0.02,-0.25,-0.6,-2.0,0.469665,-0.149814,-0.014494,0.0,-0.004789,-0.126266,-0.029103,-0.015813,-0.031574,0.76815,-0.094149,-0.147911,-0.013049,-0.030804,1.709657,3.762695,-0.095487,-0.009894,-0.476327,0.217391,0.0,4.869565,0.10289,0.111426,0.16764
7634,154.832031,950.25,0.74641,0.7556,0.26087,0.0,0.083749,37053.0,0.200442,0.321274,0.156884,0.319226,-0.052326,0.561337,10.32745,-0.02,-0.8,-0.02,-0.25,-0.6,-2.0,0.479189,-0.144407,-0.023542,0.0,-0.002603,-0.113407,-0.030537,-0.016913,-0.030861,0.755479,-0.103643,-0.189608,-0.013289,-0.026155,1.671794,3.835738,-0.099523,-0.002572,-0.652296,0.173913,0.0,4.434783,0.155879,0.124006,0.155399
7635,162.576218,960.109985,0.7429,0.77279,0.291667,0.0,0.083969,39324.0,0.167913,0.327326,0.152955,0.301528,-0.053147,0.57302,10.442215,-0.02,-0.8,-0.02,-0.25,-0.6,-2.0,0.476439,-0.146579,-0.01441,0.0,-0.003353,-0.130731,-0.029238,-0.015572,-0.032155,0.782922,-0.096922,-0.159037,-0.013336,-0.035379,1.727674,3.808316,-0.094799,-0.001305,-0.467324,0.125,0.0,4.791667,0.077106,0.13459,0.155248
7636,162.532074,961.359985,0.748347,0.7678,0.125,0.0,0.084078,38789.0,0.17326,0.31288,0.148138,0.294466,-0.05194,0.552054,10.339906,-0.02,-0.8,-0.02,-0.25,-0.6,-2.0,0.467292,-0.143667,-0.015414,0.0,-0.004612,-0.129314,-0.029004,-0.015885,-0.031923,0.761864,-0.090051,-0.143636,-0.013234,-0.035546,1.672544,3.7533,-0.093624,-0.002566,-0.398412,0.25,0.0,4.458333,0.114825,0.144241,0.191872
7637,161.89122,937.380005,0.749014,0.787771,0.5,0.0,0.083968,37935.0,0.166357,0.320753,0.169634,0.33214,-0.056659,0.618093,10.312875,-0.02,-0.8,-0.02,-0.25,-0.6,-2.0,0.4714,-0.146452,-0.012335,0.0,-0.003865,-0.120204,-0.030205,-0.016442,-0.031037,0.77677,-0.097976,-0.163696,-0.013092,-0.028308,1.709387,3.758342,-0.10033,-0.001552,-0.414748,0.166667,0.0,4.166667,0.098728,0.131394,0.1786
7638,162.613907,952.409973,0.761988,0.742959,0.166667,0.041667,0.08415,38636.0,0.166213,0.302552,0.155734,0.331709,-0.056466,0.607212,10.256851,-0.02,-0.8,-0.02,-0.25,-0.6,-2.0,0.463862,-0.150287,-0.015874,0.0,-0.004405,-0.123099,-0.02946,-0.016892,-0.031633,0.740562,-0.095699,-0.154997,-0.012446,-0.028376,1.666932,3.724108,-0.100597,-0.001404,-0.494847,0.125,0.0,3.25,0.098714,0.14551,0.176311
7639,160.447372,939.0,0.749034,0.792309,0.375,0.0,0.084181,42168.0,0.191805,0.327112,0.160177,0.319617,-0.055557,0.578491,10.27405,-0.02,-0.8,-0.02,-0.25,-0.6,-2.0,0.473904,-0.146967,-0.014454,0.0,-0.003176,-0.123675,-0.030158,-0.016362,-0.031327,0.773892,-0.107585,-0.164235,-0.013841,-0.02953,1.650458,3.767234,-0.099494,-0.00178,-0.351966,0.041667,0.041667,4.208333,0.078025,0.11963,0.152193
7640,165.313583,965.01001,0.762857,0.773768,0.208333,0.0,0.084273,50303.0,0.178342,0.320588,0.16916,0.324,-0.055674,0.576492,10.241688,-0.02,-0.8,-0.02,-0.25,-0.6,-2.0,0.480494,-0.140734,-0.013572,0.0,-0.00196,-0.136002,-0.030483,-0.015964,-0.032563,0.788076,-0.095066,-0.161712,-0.013447,-0.033956,1.721808,3.832458,-0.099592,-0.001267,-0.335171,0.0,0.041667,3.791667,0.09085,0.094341,0.151956
7641,161.349167,971.969971,0.773449,0.794929,0.375,0.0,0.084253,47135.0,0.195189,0.323382,0.152914,0.306309,-0.053547,0.552876,10.335189,-0.02,-0.8,-0.02,-0.25,-0.6,-2.0,0.483076,-0.140604,-0.028909,0.0,-0.003171,-0.117281,-0.030735,-0.015612,-0.030797,0.761972,-0.097718,-0.16688,-0.012716,-0.029586,1.682148,3.862659,-0.09897,-0.002638,-0.527211,0.0,0.0,4.25,0.13652,0.125904,0.170459
7642,158.657379,930.919983,0.728404,0.769979,0.25,0.041667,0.084323,50444.0,0.177332,0.305664,0.161291,0.309597,-0.05165,0.565918,10.241491,-0.02,-0.8,-0.02,-0.25,-0.6,-2.0,0.472335,-0.142902,-0.015035,0.0,-0.00259,-0.134687,-0.029362,-0.015749,-0.032295,0.767412,-0.095952,-0.151492,-0.013632,-0.035968,1.692676,3.814402,-0.09419,-0.002536,-0.319929,0.083333,0.083333,4.375,0.093811,0.118312,0.160866
7643,166.0392,977.630005,0.776901,0.80322,0.208333,0.0,0.084305,50066.0,0.188837,0.329217,0.146263,0.297218,-0.051241,0.545563,10.355289,-0.02,-0.8,-0.02,-0.25,-0.6,-2.0,0.487811,-0.151775,-0.018918,0.0,-0.002417,-0.117241,-0.030093,-0.014761,-0.030851,0.778862,-0.095149,-0.156145,-0.012844,-0.031359,1.722707,3.919984,-0.094787,-0.004545,-0.379237,0.083333,0.0,4.041667,0.114165,0.112765,0.145804
7644,165.867035,979.630005,0.765083,0.782318,0.208333,0.0,0.084423,50973.0,0.185738,0.322053,0.155629,0.312666,-0.052569,0.570835,10.32058,-0.02,-0.8,-0.02,-0.25,-0.6,-2.0,0.48559,-0.145785,-0.016825,0.0,-0.002099,-0.117212,-0.030493,-0.015211,-0.031388,0.781794,-0.099523,-0.167007,-0.012721,-0.029321,1.714032,3.898095,-0.097007,-0.002909,-0.490075,0.0,0.0,4.416667,0.094951,0.122602,0.161892
7645,160.576691,946.820007,0.742731,0.771204,0.333333,0.0,0.084651,49189.0,0.187823,0.317853,0.161332,0.316756,-0.054121,0.567373,10.25664,-0.02,-0.8,-0.02,-0.25,-0.6,-2.0,0.471504,-0.137752,-0.01921,0.0,-0.003351,-0.126925,-0.030062,-0.015809,-0.031018,0.755988,-0.089661,-0.154433,-0.012698,-0.031408,1.658456,3.762269,-0.09861,-0.001608,-0.3611,0.083333,0.0,4.333333,0.086527,0.125516,0.163518
7646,161.608826,955.429993,0.756719,0.805144,0.291667,0.0,0.084675,49932.0,0.182871,0.324114,0.159716,0.310106,-0.054747,0.551872,10.364426,-0.02,-0.8,-0.02,-0.25,-0.6,-2.0,0.477806,-0.14775,-0.013628,0.0,-0.003417,-0.130412,-0.03045,-0.016528,-0.032039,0.774429,-0.095965,-0.158086,-0.013522,-0.031715,1.700811,3.814455,-0.099519,-0.001449,-0.427659,0.041667,0.0,4.125,0.080121,0.11354,0.153159
7647,155.133118,911.52002,0.748789,0.755128,0.458333,0.0,0.084826,50657.0,0.159465,0.305961,0.136479,0.289311,-0.050595,0.532788,10.367756,-0.02,-0.8,-0.02,-0.25,-0.6,-2.0,0.461501,-0.153223,-0.014371,0.0,-0.004933,-0.112556,-0.029038,-0.015216,-0.029976,0.747783,-0.089578,-0.139433,-0.011487,-0.027489,1.669677,3.713891,-0.094061,-0.001853,-0.416553,0.166667,0.0,4.333333,0.107009,0.133464,0.199574
7648,166.334915,967.349976,0.777675,0.795605,0.166667,0.0,0.084831,50637.0,0.184295,0.33143,0.164961,0.338171,-0.058477,0.594826,10.418616,-0.02,-0.8,-0.02,-0.25,-0.6,-2.0,0.48276,-0.152593,-0.013744,0.0,-0.002917,-0.13454,-0.031507,-0.016877,-0.034191,0.776545,-0.099422,-0.165399,-0.013558,-0.032429,1.718622,3.817644,-0.10468,-0.001999,-0.335936,0.166667,0.0,4.166667,0.123337,0.126377,0.171192
7649,155.585297,934.72998,0.705831,0.756295,0.333333,0.0,0.084952,47251.0,0.195884,0.336166,0.15075,0.304394,-0.054153,0.541358,10.304353,-0.02,-0.8,-0.02,-0.25,-0.6,-2.0,0.462311,-0.146682,-0.017658,0.0,-0.005347,-0.1265,-0.03018,-0.015748,-0.032128,0.744802,-0.104486,-0.171187,-0.015447,-0.032404,1.612545,3.60857,-0.097352,-0.003497,-0.348403,0.166667,0.0,3.916667,0.135575,0.138882,0.218345
7650,163.440247,968.090027,0.783904,0.782374,0.125,0.0,0.084989,48994.0,0.198649,0.337168,0.15547,0.322013,-0.056407,0.558307,10.388338,-0.02,-0.8,-0.02,-0.25,-0.6,-2.0,0.480835,-0.15432,-0.019783,0.0,-0.002724,-0.127159,-0.031031,-0.016577,-0.032267,0.758575,-0.100382,-0.15933,-0.015351,-0.029442,1.677152,3.80098,-0.103696,-0.002028,-0.412331,0.166667,0.0,4.791667,0.162215,0.134514,0.182331
7651,167.212128,965.22998,0.788635,0.815572,0.208333,0.0,0.085065,50343.0,0.166558,0.323189,0.148673,0.302868,-0.052892,0.557214,10.278885,-0.02,-0.8,-0.02,-0.25,-0.6,-2.0,0.484097,-0.15584,-0.010785,0.0,-0.002681,-0.119404,-0.030473,-0.015447,-0.031177,0.798129,-0.092926,-0.153081,-0.013196,-0.030013,1.758584,3.882987,-0.097802,-0.00164,-0.299239,0.083333,0.041667,4.25,0.094094,0.095633,0.153503
7652,161.019882,943.690002,0.751512,0.786112,0.333333,0.0,0.085106,40125.0,0.167818,0.323688,0.17109,0.327478,-0.058234,0.605927,10.252068,-0.02,-0.8,-0.02,-0.25,-0.6,-2.0,0.477948,-0.144971,-0.011708,0.0,-0.002358,-0.136795,-0.031591,-0.017244,-0.033831,0.779249,-0.097327,-0.161389,-0.013386,-0.033311,1.739011,3.795061,-0.104118,-0.001939,-0.400072,0.041667,0.083333,4.458333,0.098368,0.105616,0.16207
7653,160.691299,961.349976,0.752996,0.769584,0.25,0.0,0.085251,36974.0,0.181509,0.330104,0.149861,0.322013,-0.056544,0.570986,10.274483,-0.02,-0.8,-0.02,-0.25,-0.6,-2.0,0.47748,-0.15006,-0.017345,0.0,-0.003458,-0.132983,-0.031231,-0.016782,-0.033595,0.764217,-0.098579,-0.159398,-0.014325,-0.03352,1.68708,3.775607,-0.102998,-0.00182,-0.567851,0.083333,0.0,3.833333,0.140048,0.134939,0.175283
7654,164.799347,958.880005,0.780899,0.797029,0.166667,0.0,0.085496,43307.0,0.173919,0.341247,0.153268,0.317576,-0.05181,0.58424,10.211367,-0.02,-0.8,-0.02,-0.25,-0.6,-2.0,0.484515,-0.158882,-0.015846,0.0,-0.001881,-0.117609,-0.030702,-0.015499,-0.030901,0.792433,-0.102646,-0.16831,-0.013562,-0.028454,1.743768,3.835104,-0.0966,-0.00217,-0.332883,0.083333,0.0,4.291667,0.07005,0.1085,0.157301
7655,162.549301,951.330017,0.777182,0.79273,0.25,0.0,0.085611,39750.0,0.182051,0.33068,0.147714,0.292217,-0.050942,0.533079,10.224977,-0.02,-0.8,-0.02,-0.25,-0.6,-2.0,0.482189,-0.151868,-0.015887,0.0,-0.002452,-0.115562,-0.030115,-0.014235,-0.030409,0.789254,-0.097221,-0.155156,-0.012476,-0.03024,1.715306,3.857453,-0.094547,-0.001895,-0.349646,0.083333,0.0,4.333333,0.098496,0.108257,0.166078
7656,160.877319,945.359985,0.752541,0.763894,0.291667,0.0,0.085451,38540.0,0.179292,0.333996,0.140141,0.285342,-0.050612,0.525021,10.127542,-0.02,-0.8,-0.02,-0.25,-0.6,-2.0,0.469346,-0.144975,-0.014362,0.0,-0.003649,-0.125169,-0.030286,-0.015167,-0.031208,0.752721,-0.095595,-0.154765,-0.01417,-0.032461,1.668949,3.703995,-0.094802,-0.00104,-0.359845,0.208333,0.0,4.375,0.112618,0.148239,0.173784
7657,165.616165,971.380005,0.779823,0.795827,0.173913,0.0,0.085168,38162.0,0.190269,0.335861,0.150071,0.29439,-0.054055,0.534523,10.147842,-0.02,-0.8,-0.02,-0.25,-0.6,-2.0,0.487167,-0.151722,-0.025699,0.0,-0.001814,-0.129448,-0.031125,-0.015657,-0.032155,0.767073,-0.094011,-0.164957,-0.014348,-0.034665,1.71867,3.877955,-0.098381,-0.001563,-0.310765,0.130435,0.0,4.391304,0.101194,0.128358,0.157752
7658,168.621414,992.419983,0.812269,0.825091,0.083333,0.0,0.085158,39291.0,0.191018,0.342439,0.171306,0.33518,-0.058588,0.600165,10.278876,-0.02,-0.8,-0.02,-0.25,-0.6,-2.0,0.497745,-0.152763,-0.015679,0.0,-0.000476,-0.145699,-0.033395,-0.017717,-0.036113,0.802198,-0.099992,-0.177503,-0.013672,-0.036654,1.777727,3.912117,-0.106916,-0.001476,-0.441356,0.0,0.0,4.583333,0.194375,0.092831,0.120218
7659,163.404099,965.599976,0.781869,0.794878,0.125,0.0,0.085211,39140.0,0.198275,0.32815,0.154471,0.330074,-0.056691,0.57074,10.260047,-0.02,-0.8,-0.02,-0.25,-0.6,-2.0,0.489104,-0.155524,-0.023173,0.0,-0.001,-0.131239,-0.031921,-0.016909,-0.033198,0.770879,-0.095782,-0.153247,-0.014079,-0.031109,1.700353,3.90923,-0.105837,-0.003999,-0.474236,0.041667,0.0,5.333333,0.10125,0.109049,0.151686
7660,165.375381,976.280029,0.794891,0.808706,0.166667,0.0,0.085114,38422.0,0.203174,0.350261,0.165052,0.309167,-0.053623,0.554439,10.148055,-0.02,-0.8,-0.02,-0.25,-0.6,-2.0,0.491831,-0.14285,-0.022252,0.0,-0.001454,-0.112221,-0.032347,-0.015606,-0.031749,0.787074,-0.108254,-0.182642,-0.01321,-0.027498,1.721902,3.862766,-0.101219,-0.001978,-0.395238,0.083333,0.041667,4.291667,0.128869,0.126549,0.153134
7661,163.257462,966.469971,0.773038,0.807239,0.208333,0.0,0.085017,43998.0,0.179832,0.336572,0.162816,0.325599,-0.056089,0.59557,10.231972,-0.02,-0.8,-0.02,-0.25,-0.6,-2.0,0.485102,-0.146207,-0.012556,0.0,-0.001849,-0.121983,-0.03192,-0.01619,-0.031783,0.787969,-0.10409,-0.177028,-0.013957,-0.028665,1.740195,3.823512,-0.101827,-0.001386,-0.396374,0.041667,0.0,4.291667,0.096967,0.105096,0.161766
7662,165.947983,982.48999,0.773835,0.821422,0.125,0.0,0.084819,51095.0,0.22735,0.318218,0.157957,0.314162,-0.053628,0.559219,10.247614,-0.02,-0.8,-0.02,-0.25,-0.6,-2.0,0.493458,-0.156789,-0.022389,0.0,-0.001571,-0.129629,-0.031102,-0.015038,-0.032705,0.784766,-0.088562,-0.147764,-0.012601,-0.034855,1.671411,3.979996,-0.099025,-0.013641,-0.393715,0.125,0.0,4.041667,0.100125,0.120267,0.125614
7663,165.523117,972.039978,0.805131,0.815227,0.086957,0.130435,0.084873,52023.0,0.187449,0.336527,0.155688,0.299849,-0.052962,0.549751,10.34056,-0.02,-0.8,-0.02,-0.25,-0.6,-2.0,0.494903,-0.154683,-0.017965,0.0,-0.001135,-0.119447,-0.031443,-0.015133,-0.031955,0.790635,-0.091276,-0.155893,-0.012471,-0.03063,1.759022,3.947619,-0.099123,-0.005991,-0.308444,0.043478,0.0,28.695652,0.122113,0.110554,0.150146
7664,157.759247,941.700012,0.740513,0.749605,0.25,0.0,0.084935,54642.0,0.191115,0.312377,0.165697,0.32964,-0.055709,0.59576,10.208158,-0.02,-0.8,-0.02,-0.25,-0.6,-2.0,0.471996,-0.139235,-0.025984,0.0,-0.002853,-0.142539,-0.030662,-0.016357,-0.033192,0.74411,-0.090602,-0.156566,-0.013677,-0.036057,1.661202,3.77503,-0.099136,-0.006572,-0.51355,0.083333,0.0,3.958333,0.11318,0.126355,0.186769
7665,163.780869,967.340027,0.789371,0.772228,0.25,0.041667,0.084919,54739.0,0.187683,0.332497,0.148127,0.284776,-0.049785,0.524154,10.26395,-0.02,-0.8,-0.02,-0.25,-0.6,-2.0,0.481986,-0.153846,-0.021039,0.0,-0.003185,-0.106862,-0.030506,-0.014037,-0.028846,0.768991,-0.09948,-0.163062,-0.013,-0.027802,1.703952,3.844705,-0.093112,-0.001913,-0.353949,0.041667,0.0,4.583333,0.108818,0.126497,0.192737
7666,169.804611,990.710022,0.799036,0.816729,0.125,0.0,0.084972,54754.0,0.174654,0.329045,0.165055,0.314068,-0.0551,0.579728,10.264144,-0.02,-0.8,-0.02,-0.25,-0.6,-2.0,0.492665,-0.147478,-0.01436,0.0,-0.000893,-0.121928,-0.031613,-0.015637,-0.032068,0.801136,-0.088367,-0.159635,-0.012591,-0.029723,1.77863,3.945452,-0.100581,-0.001332,-0.389128,0.083333,0.041667,4.791667,0.098485,0.131867,0.146798
7667,163.329987,956.830017,0.760672,0.784795,0.208333,0.0,0.085112,55041.0,0.181335,0.337564,0.15305,0.307637,-0.054141,0.569514,10.394693,-0.02,-0.8,-0.02,-0.25,-0.6,-2.0,0.481013,-0.151031,-0.019198,0.0,-0.002349,-0.12571,-0.031739,-0.015897,-0.031984,0.763532,-0.102133,-0.161732,-0.01335,-0.031966,1.719089,3.806368,-0.10005,-0.003198,-0.380193,0.166667,0.0,4.583333,0.103301,0.130767,0.147703
7668,163.876205,953.539978,0.753846,0.800383,0.333333,0.0,0.085161,52773.0,0.182194,0.3172,0.15798,0.301724,-0.053845,0.576354,10.326075,-0.02,-0.8,-0.02,-0.25,-0.6,-2.0,0.480144,-0.151601,-0.016054,0.0,-0.00278,-0.117457,-0.030617,-0.014817,-0.030023,0.773384,-0.099498,-0.160985,-0.012061,-0.029059,1.714689,3.865653,-0.096641,-0.005383,-0.283707,0.0,0.0,4.208333,0.104916,0.093509,0.172685
7669,163.416,966.640015,0.764143,0.769029,0.333333,0.0,0.085029,55124.0,0.189169,0.342049,0.163237,0.354291,-0.063978,0.624065,10.337199,-0.02,-0.8,-0.02,-0.25,-0.6,-2.0,0.478687,-0.151487,-0.022829,0.0,-0.003578,-0.146037,-0.032943,-0.018867,-0.035036,0.753406,-0.102167,-0.167484,-0.012805,-0.033647,1.685933,3.756172,-0.112619,-0.001184,-0.46571,0.125,0.041667,4.5,0.128697,0.110278,0.180541
7670,166.096176,973.340027,0.809335,0.798406,0.166667,0.0,0.085121,54831.0,0.178318,0.320883,0.169243,0.315841,-0.054501,0.597436,10.404945,-0.02,-0.8,-0.02,-0.25,-0.6,-2.0,0.488234,-0.152229,-0.014919,0.0,-0.001321,-0.129883,-0.031123,-0.015093,-0.031322,0.794541,-0.09217,-0.149999,-0.011916,-0.033999,1.752383,3.92176,-0.097758,-0.014413,-0.422477,0.041667,0.041667,4.125,0.095538,0.120295,0.146801
7671,166.074158,963.01001,0.776051,0.79009,0.166667,0.041667,0.084992,55054.0,0.174429,0.323234,0.153564,0.308979,-0.053212,0.572821,10.163947,-0.02,-0.8,-0.02,-0.25,-0.6,-2.0,0.479566,-0.146864,-0.013535,0.0,-0.002397,-0.120047,-0.030805,-0.015339,-0.031762,0.771149,-0.088778,-0.153281,-0.012705,-0.030902,1.716806,3.83104,-0.09768,-0.001385,-0.417864,0.166667,0.041667,4.291667,0.107845,0.13023,0.182138
7672,158.888336,931.869995,0.739577,0.750246,0.416667,0.0,0.08514,52111.0,0.186406,0.328378,0.149054,0.281396,-0.049677,0.514755,10.244028,-0.02,-0.8,-0.02,-0.25,-0.6,-2.0,0.461595,-0.139166,-0.01915,0.0,-0.005194,-0.114506,-0.029905,-0.01458,-0.029089,0.733124,-0.110795,-0.184029,-0.013047,-0.031771,1.618862,3.649536,-0.091929,-0.002665,-0.243779,0.041667,0.0,3.916667,0.100111,0.149792,0.220722
7673,163.90683,952.77002,0.771689,0.780225,0.26087,0.0,0.085133,56280.0,0.186977,0.320992,0.17268,0.325441,-0.053739,0.605416,10.259115,-0.02,-0.8,-0.02,-0.25,-0.6,-2.0,0.479816,-0.135859,-0.01464,0.0,-0.002274,-0.10894,-0.031157,-0.015041,-0.029935,0.779155,-0.09596,-0.166799,-0.01185,-0.026037,1.711748,3.810922,-0.09754,-0.007828,-0.384038,0.043478,0.0,4.565217,0.07801,0.106229,0.153341
7674,169.704468,979.200012,0.776669,0.799986,0.166667,0.0,0.085108,54423.0,0.193622,0.326061,0.151756,0.302498,-0.052231,0.548596,10.274616,-0.02,-0.8,-0.02,-0.25,-0.6,-2.0,0.486065,-0.146225,-0.020114,0.0,-0.003611,-0.118407,-0.031398,-0.015046,-0.030794,0.767864,-0.094418,-0.16917,-0.012457,-0.029273,1.706594,3.894067,-0.09687,-0.001553,-0.290754,0.0,0.0,3.375,0.085361,0.148785,0.164018
7675,162.357529,971.429993,0.781078,0.815718,0.125,0.083333,0.084919,40163.0,0.192165,0.335298,0.163879,0.324902,-0.054728,0.59891,10.364162,-0.02,-0.8,-0.02,-0.25,-0.6,-2.0,0.489788,-0.143173,-0.01356,0.0,-0.001196,-0.129473,-0.03198,-0.015809,-0.032887,0.784811,-0.095881,-0.168009,-0.012529,-0.033671,1.729921,3.887794,-0.099609,-0.002241,-0.52015,0.0,0.0,5.583333,0.082938,0.099092,0.151242
7676,165.478561,976.400024,0.768726,0.792302,0.086957,0.0,0.084932,36556.0,0.195756,0.321184,0.157735,0.330093,-0.056581,0.590369,10.223501,-0.02,-0.8,-0.02,-0.25,-0.6,-2.0,0.482845,-0.160249,-0.017229,0.0,-0.002053,-0.139548,-0.03173,-0.017148,-0.032659,0.776255,-0.093218,-0.149221,-0.012814,-0.034589,1.680652,3.862103,-0.103842,-0.002759,-0.487222,0.130435,0.0,4.478261,0.126754,0.111998,0.154088
7677,166.414139,973.039978,0.788538,0.79073,0.166667,0.0,0.085211,35999.0,0.180737,0.327717,0.172571,0.327842,-0.056233,0.603547,10.327201,-0.02,-0.8,-0.02,-0.25,-0.6,-2.0,0.485966,-0.146839,-0.010198,0.0,-0.00205,-0.125689,-0.031754,-0.015719,-0.031752,0.792872,-0.095816,-0.164594,-0.012641,-0.030119,1.743987,3.858939,-0.102163,-0.001975,-0.461051,0.166667,0.0,4.458333,0.110149,0.106113,0.141949
7678,166.925079,977.140015,0.786986,0.818416,0.25,0.0,0.085405,37131.0,0.185386,0.337535,0.16448,0.310249,-0.054158,0.569198,10.308411,-0.02,-0.8,-0.02,-0.25,-0.6,-2.0,0.492684,-0.149997,-0.013848,0.0,-0.001842,-0.123552,-0.031898,-0.015253,-0.03257,0.800948,-0.097302,-0.166571,-0.012724,-0.031425,1.75788,3.915516,-0.09866,-0.001686,-0.452277,0.083333,0.0,4.875,0.098617,0.098238,0.171806
7679,155.024979,910.219971,0.757064,0.747707,0.5,0.0,0.085608,37024.0,0.171619,0.313206,0.156066,0.297563,-0.052852,0.54206,10.346638,-0.02,-0.8,-0.02,-0.25,-0.6,-2.0,0.458889,-0.134473,-0.011532,0.0,-0.005075,-0.114119,-0.029934,-0.014545,-0.030021,0.745241,-0.095591,-0.156166,-0.012787,-0.027662,1.638423,3.657898,-0.096124,-0.001366,-0.324578,0.041667,0.0,3.791667,0.089263,0.127951,0.201915
7680,162.702759,957.799988,0.768866,0.78843,0.125,0.0,0.085608,36607.0,0.18957,0.323646,0.152492,0.302826,-0.052678,0.542433,10.333275,-0.02,-0.8,-0.02,-0.25,-0.6,-2.0,0.487705,-0.152729,-0.017995,0.0,-0.001683,-0.107965,-0.031155,-0.014652,-0.029117,0.784399,-0.090672,-0.155425,-0.011882,-0.027431,1.731713,3.920346,-0.097566,-0.005276,-0.319049,0.083333,0.0,3.208333,0.082306,0.119849,0.142096
7681,164.991486,964.469971,0.799346,0.798847,0.166667,0.0,0.085563,34664.0,0.190377,0.32735,0.161605,0.339395,-0.060392,0.596939,10.435194,-0.02,-0.8,-0.02,-0.25,-0.6,-2.0,0.48532,-0.155809,-0.014718,0.0,-0.002368,-0.131017,-0.032235,-0.017676,-0.033435,0.770182,-0.092121,-0.153114,-0.014004,-0.030676,1.715493,3.850048,-0.107304,-0.001479,-0.358411,0.125,0.0,4.416667,0.081902,0.11013,0.169013
7682,157.892578,935.02002,0.772508,0.782202,0.375,0.0,0.085764,36612.0,0.187569,0.317974,0.141448,0.304618,-0.055492,0.541367,10.697742,-0.02,-0.8,-0.02,-0.25,-0.6,-2.0,0.470747,-0.152917,-0.017133,0.0,-0.003379,-0.14156,-0.031128,-0.016688,-0.033292,0.750142,-0.097336,-0.157682,-0.014186,-0.034586,1.649033,3.740646,-0.10176,-0.001276,-0.355374,0.0,0.0,4.0,0.118421,0.11782,0.180517
7683,166.510834,965.919983,0.762596,0.796767,0.166667,0.041667,0.086121,38199.0,0.182135,0.327451,0.15232,0.317077,-0.054732,0.579516,10.468756,-0.02,-0.8,-0.02,-0.25,-0.6,-2.0,0.480996,-0.151961,-0.016147,0.0,-0.002694,-0.12971,-0.032296,-0.017049,-0.033564,0.764896,-0.096814,-0.167015,-0.014444,-0.033086,1.710183,3.827483,-0.102809,-0.00165,-0.269989,0.083333,0.0,3.958333,0.090174,0.120992,0.154016
7684,169.598419,977.530029,0.794555,0.810681,0.208333,0.0,0.086158,52350.0,0.189811,0.324005,0.164065,0.33905,-0.059565,0.608546,10.472799,-0.02,-0.8,-0.02,-0.25,-0.6,-2.0,0.490662,-0.154522,-0.01451,0.0,-0.001546,-0.13112,-0.032411,-0.016869,-0.033746,0.780774,-0.09212,-0.154491,-0.012557,-0.031282,1.739165,3.92025,-0.10811,-0.001401,-0.326672,0.083333,0.0,4.916667,0.092192,0.098117,0.156201
7685,164.604874,954.5,0.775962,0.776422,0.25,0.0,0.086031,54366.0,0.183119,0.325554,0.162911,0.326766,-0.058223,0.582901,10.60324,-0.02,-0.8,-0.02,-0.25,-0.6,-2.0,0.480553,-0.149442,-0.017556,0.0,-0.0033,-0.110763,-0.032003,-0.015813,-0.030412,0.763793,-0.092321,-0.147514,-0.012144,-0.024287,1.714538,3.826517,-0.105486,-0.002884,-0.315689,0.083333,0.0,4.083333,0.087274,0.115585,0.182336
7686,154.828445,922.590027,0.743976,0.754821,0.416667,0.0,0.086216,48396.0,0.191085,0.323825,0.162899,0.322786,-0.057279,0.579704,10.619579,-0.02,-0.8,-0.02,-0.25,-0.6,-2.0,0.468152,-0.142716,-0.019889,0.0,-0.00456,-0.122788,-0.031191,-0.016416,-0.030993,0.742535,-0.102583,-0.167779,-0.014768,-0.029608,1.641065,3.688137,-0.1009,-0.007323,-0.421022,0.166667,0.0,4.541667,0.105722,0.133639,0.176276
7687,159.880432,941.659973,0.770764,0.781998,0.25,0.125,0.086272,49872.0,0.167004,0.330203,0.155545,0.318437,-0.056562,0.592757,10.546169,-0.02,-0.8,-0.02,-0.25,-0.6,-2.0,0.475265,-0.153197,-0.011413,0.0,-0.003775,-0.131201,-0.031379,-0.016264,-0.032955,0.770739,-0.097167,-0.161695,-0.014502,-0.031122,1.721854,3.761822,-0.101087,-0.001714,-0.432358,0.166667,0.0,3.875,0.118438,0.121655,0.190283
7688,160.357162,923.219971,0.764513,0.794202,0.291667,0.0,0.086281,51481.0,0.164381,0.327516,0.144151,0.296912,-0.052497,0.573682,10.61281,-0.02,-0.8,-0.02,-0.25,-0.6,-2.0,0.470662,-0.154642,-0.011258,0.0,-0.003407,-0.12225,-0.030593,-0.014841,-0.031084,0.764575,-0.091125,-0.150425,-0.013232,-0.031139,1.709237,3.721864,-0.094888,-0.001083,-0.299735,0.166667,0.0,4.666667,0.096323,0.113524,0.171462
7689,165.184891,956.849976,0.780483,0.79001,0.333333,0.041667,0.086273,54416.0,0.181991,0.32821,0.153297,0.305913,-0.052475,0.568898,10.570888,-0.02,-0.8,-0.02,-0.25,-0.6,-2.0,0.48128,-0.150424,-0.01452,0.0,-0.003659,-0.125375,-0.031593,-0.015566,-0.03266,0.773498,-0.105379,-0.171201,-0.013806,-0.031665,1.720908,3.828004,-0.097948,-0.001423,-0.295161,0.041667,0.041667,4.583333,0.094413,0.109715,0.197882
7690,161.347794,958.5,0.765662,0.773361,0.166667,0.0,0.086333,50283.0,0.190038,0.334728,0.154515,0.297066,-0.052623,0.534994,10.570313,-0.02,-0.8,-0.02,-0.25,-0.6,-2.0,0.482095,-0.144238,-0.016079,0.0,-0.002241,-0.113985,-0.031488,-0.014775,-0.030982,0.779301,-0.105604,-0.175288,-0.012647,-0.028371,1.694915,3.816433,-0.097461,-0.001781,-0.382605,0.166667,0.0,4.0,0.116893,0.113572,0.138065
7691,163.357208,977.22998,0.778304,0.792683,0.208333,0.0,0.086461,48853.0,0.205088,0.353082,0.154336,0.319907,-0.056783,0.568336,10.483677,-0.02,-0.8,-0.02,-0.25,-0.6,-2.0,0.486164,-0.159625,-0.017826,0.0,-0.00425,-0.124925,-0.03268,-0.017081,-0.03329,0.775367,-0.117474,-0.177448,-0.017266,-0.031234,1.695214,3.788161,-0.102765,-0.001884,-0.312103,0.25,0.0,4.458333,0.143503,0.155422,0.144562
7692,163.273727,963.090027,0.799959,0.789033,0.166667,0.0,0.086424,48772.0,0.178343,0.334577,0.151072,0.298139,-0.050175,0.555869,10.625743,-0.02,-0.8,-0.02,-0.25,-0.6,-2.0,0.485331,-0.152643,-0.014703,0.0,-0.00156,-0.122223,-0.030884,-0.014201,-0.03067,0.788004,-0.092788,-0.143856,-0.012575,-0.03203,1.733433,3.869044,-0.094381,-0.001252,-0.410928,0.083333,0.041667,4.458333,0.128966,0.098191,0.185113
7693,162.111404,958.26001,0.774795,0.809456,0.208333,0.0,0.086601,53825.0,0.183754,0.332132,0.1491,0.308854,-0.053699,0.552447,10.356933,-0.02,-0.8,-0.02,-0.25,-0.6,-2.0,0.482486,-0.161112,-0.014317,0.0,-0.002241,-0.118331,-0.031762,-0.015607,-0.031079,0.77087,-0.09294,-0.15754,-0.012838,-0.028501,1.707576,3.845415,-0.100907,-0.001851,-0.364191,0.083333,0.041667,4.375,0.07641,0.092367,0.139095
7694,169.081924,978.77002,0.785485,0.787735,0.125,0.0,0.086499,54008.0,0.180178,0.339718,0.16478,0.321715,-0.056252,0.577612,10.413637,-0.02,-0.8,-0.02,-0.25,-0.6,-2.0,0.484571,-0.151288,-0.012894,0.0,-0.002099,-0.119186,-0.032111,-0.016038,-0.031483,0.777064,-0.099304,-0.164191,-0.013719,-0.02829,1.73251,3.818085,-0.102348,-0.00529,-0.263786,0.166667,0.0,4.25,0.088849,0.119455,0.16799
7695,165.494461,969.549988,0.749994,0.779196,0.25,0.0,0.086523,46778.0,0.173426,0.324619,0.170412,0.317884,-0.055585,0.584369,10.508547,-0.02,-0.8,-0.02,-0.25,-0.6,-2.0,0.472253,-0.145199,-0.013511,0.0,-0.004282,-0.113111,-0.03175,-0.01606,-0.030008,0.766711,-0.102958,-0.169621,-0.013797,-0.026079,1.705978,3.731839,-0.100061,-0.001906,-0.442086,0.25,0.0,4.083333,0.084237,0.1326,0.194109
7696,167.987076,969.429993,0.757048,0.796537,0.125,0.0,0.086729,48398.0,0.183122,0.324388,0.171239,0.326611,-0.055448,0.600722,10.353289,-0.02,-0.8,-0.02,-0.25,-0.6,-2.0,0.483979,-0.14296,-0.021288,0.0,-0.002183,-0.12374,-0.031527,-0.01526,-0.030538,0.776626,-0.099446,-0.172899,-0.011979,-0.030952,1.73091,3.873882,-0.099917,-0.002602,-0.287273,0.083333,0.0,4.083333,0.082912,0.109931,0.150181
7697,163.735138,959.429993,0.759406,0.793077,0.333333,0.0,0.08691,50855.0,0.192844,0.335763,0.169155,0.325766,-0.057406,0.603648,10.414568,-0.02,-0.8,-0.02,-0.25,-0.6,-2.0,0.481113,-0.145161,-0.015489,0.0,-0.003462,-0.122789,-0.031399,-0.015252,-0.031215,0.782627,-0.096181,-0.162762,-0.013047,-0.032,1.699933,3.820662,-0.100135,-0.001041,-0.296797,0.083333,0.0,4.416667,0.090693,0.115388,0.178097
7698,169.639633,979.469971,0.792389,0.804489,0.125,0.125,0.086997,53309.0,0.178084,0.331043,0.169452,0.333356,-0.057117,0.608327,10.438278,-0.02,-0.8,-0.02,-0.25,-0.6,-2.0,0.485045,-0.154439,-0.015022,0.0,-0.003581,-0.124013,-0.032071,-0.016105,-0.031352,0.78902,-0.102174,-0.156664,-0.013499,-0.027533,1.740777,3.856913,-0.103617,-0.001498,-0.308165,0.125,0.0,4.375,0.085137,0.114835,0.169391
7699,162.819641,968.539978,0.796503,0.778654,0.173913,0.043478,0.086891,45727.0,0.193091,0.337658,0.16829,0.350599,-0.059879,0.622937,10.326782,-0.02,-0.8,-0.02,-0.25,-0.6,-2.0,0.483248,-0.155115,-0.017995,0.0,-0.003133,-0.125133,-0.032447,-0.017083,-0.032217,0.777047,-0.10692,-0.1776,-0.014613,-0.029423,1.70689,3.788916,-0.1066,-0.001409,-0.528974,0.130435,0.0,4.434783,0.111301,0.119949,0.173196
7700,163.523376,970.76001,0.768285,0.778992,0.458333,0.041667,0.086928,48851.0,0.177589,0.324755,0.15398,0.304423,-0.052465,0.5632,10.489458,-0.02,-0.8,-0.02,-0.25,-0.6,-2.0,0.467419,-0.149223,-0.01453,0.0,-0.00452,-0.12731,-0.030728,-0.01541,-0.03151,0.757253,-0.107355,-0.153493,-0.013349,-0.032098,1.662272,3.714251,-0.09668,-0.001528,-0.452216,0.083333,0.0,4.75,0.118517,0.112776,0.199898
7701,166.207077,973.059998,0.804777,0.811261,0.125,0.041667,0.08702,50356.0,0.190375,0.323453,0.1631,0.318898,-0.054821,0.571335,10.361814,-0.02,-0.8,-0.02,-0.25,-0.6,-2.0,0.493392,-0.145909,-0.015882,0.0,-0.000886,-0.122147,-0.032146,-0.015518,-0.032166,0.778829,-0.091422,-0.157513,-0.012578,-0.030213,1.751753,3.944826,-0.101095,-0.001823,-0.298254,0.083333,0.041667,4.958333,0.085171,0.102066,0.120921
7702,162.929596,969.309998,0.812873,0.786033,0.25,0.0,0.087109,52584.0,0.196697,0.343062,0.156319,0.316706,-0.054817,0.565406,10.393531,-0.02,-0.8,-0.02,-0.25,-0.6,-2.0,0.486768,-0.157783,-0.013215,0.0,-0.002089,-0.121333,-0.032648,-0.016415,-0.032594,0.778962,-0.103989,-0.157014,-0.013081,-0.029024,1.708829,3.82697,-0.104532,-0.001925,-0.380873,0.041667,0.0,4.166667,0.165274,0.111694,0.18275
7703,162.256866,960.099976,0.785134,0.794616,0.25,0.041667,0.087313,47451.0,0.193,0.331015,0.165146,0.307477,-0.054153,0.541349,10.319304,-0.02,-0.8,-0.02,-0.25,-0.6,-2.0,0.480122,-0.142978,-0.015291,0.0,-0.003905,-0.117606,-0.031584,-0.014797,-0.030285,0.778234,-0.102783,-0.164343,-0.012329,-0.028947,1.694734,3.804611,-0.099755,-0.001495,-0.419887,0.166667,0.0,4.166667,0.096166,0.119341,0.189279
7704,158.529831,945.119995,0.726884,0.756247,0.5,0.0,0.087469,47943.0,0.177731,0.318077,0.145998,0.300936,-0.052467,0.543233,10.376438,-0.02,-0.8,-0.02,-0.25,-0.6,-2.0,0.460226,-0.148839,-0.011611,0.0,-0.005337,-0.122859,-0.030473,-0.015402,-0.031912,0.73896,-0.097905,-0.154704,-0.013188,-0.029832,1.638306,3.654438,-0.096404,-0.001545,-0.43625,0.0,0.0,4.125,0.086774,0.127013,0.2349
7705,165.631271,969.119995,0.772653,0.793664,0.217391,0.043478,0.087414,49278.0,0.175721,0.325725,0.149493,0.28914,-0.052705,0.527481,10.60919,-0.02,-0.8,-0.02,-0.25,-0.6,-2.0,0.473552,-0.151183,-0.014858,0.0,-0.003515,-0.123434,-0.030742,-0.014909,-0.031368,0.765694,-0.093236,-0.150027,-0.013723,-0.032546,1.698897,3.773197,-0.096417,-0.002245,-0.347844,0.130435,0.043478,27.391304,0.107777,0.12237,0.174236
7706,162.203293,962.76001,0.809036,0.791844,0.125,0.0,0.087422,53807.0,0.182963,0.338509,0.140626,0.29697,-0.050434,0.532895,10.384375,-0.02,-0.8,-0.02,-0.25,-0.6,-2.0,0.485182,-0.155048,-0.015172,0.0,-0.001488,-0.118367,-0.032193,-0.014912,-0.031959,0.767841,-0.106669,-0.162983,-0.013709,-0.030905,1.72823,3.835336,-0.099346,-0.001622,-0.3595,0.041667,0.0,3.708333,0.123666,0.104383,0.14386
7707,165.541595,971.75,0.79351,0.79429,0.125,0.0,0.087184,50082.0,0.197488,0.336593,0.152866,0.319356,-0.055433,0.563416,10.414183,-0.02,-0.8,-0.02,-0.25,-0.6,-2.0,0.488641,-0.158397,-0.015332,0.0,-0.001458,-0.122872,-0.032366,-0.016026,-0.032272,0.772418,-0.093303,-0.163885,-0.014102,-0.029633,1.712747,3.877584,-0.102085,-0.002031,-0.300032,0.041667,0.0,4.958333,0.107428,0.114213,0.160345
7708,165.390808,966.869995,0.780143,0.809463,0.291667,0.0,0.087306,48698.0,0.182355,0.329579,0.160235,0.306341,-0.053454,0.555648,10.430935,-0.02,-0.8,-0.02,-0.25,-0.6,-2.0,0.485025,-0.149797,-0.01254,0.0,-0.002294,-0.123978,-0.031978,-0.015025,-0.031937,0.787575,-0.097531,-0.153469,-0.013005,-0.032475,1.721426,3.847539,-0.098789,-0.001743,-0.300131,0.041667,0.0,4.375,0.095926,0.121419,0.151927
7709,162.675705,972.780029,0.742404,0.786559,0.25,0.0,0.087418,46719.0,0.195719,0.339816,0.158289,0.305778,-0.054099,0.531676,10.587059,-0.02,-0.8,-0.02,-0.25,-0.6,-2.0,0.479553,-0.142102,-0.019305,0.0,-0.002258,-0.125863,-0.032327,-0.015552,-0.032519,0.749272,-0.096957,-0.166814,-0.013433,-0.032651,1.676736,3.764496,-0.100508,-0.001232,-0.329063,0.041667,0.0,4.916667,0.12392,0.136862,0.161303
7710,154.461258,922.820007,0.728667,0.746853,0.333333,0.083333,0.087843,51714.0,0.170348,0.304151,0.157736,0.31566,-0.055045,0.568662,10.556326,-0.02,-0.8,-0.02,-0.25,-0.6,-2.0,0.451192,-0.141895,-0.015516,0.0,-0.004906,-0.126088,-0.03094,-0.016229,-0.032214,0.719988,-0.093263,-0.147828,-0.011961,-0.028567,1.609685,3.587371,-0.101534,-0.001668,-0.535205,0.166667,0.0,4.125,0.102922,0.131399,0.192404
7711,168.086609,968.419983,0.78153,0.784283,0.208333,0.0,0.087742,49218.0,0.174541,0.320045,0.161782,0.31443,-0.054614,0.565385,10.373486,-0.02,-0.8,-0.02,-0.25,-0.6,-2.0,0.475826,-0.144535,-0.013881,0.0,-0.002917,-0.12646,-0.031488,-0.01554,-0.032804,0.767769,-0.091459,-0.152747,-0.012371,-0.030536,1.707058,3.782694,-0.099077,-0.001432,-0.432833,0.0,0.0,4.541667,0.126578,0.116958,0.145577
7712,168.442825,990.549988,0.78213,0.79101,0.166667,0.0,0.087861,50456.0,0.19815,0.334182,0.15351,0.317911,-0.054629,0.574486,10.430128,-0.02,-0.8,-0.02,-0.25,-0.6,-2.0,0.492412,-0.156385,-0.019027,0.0,-0.001828,-0.133796,-0.032693,-0.016348,-0.034623,0.791007,-0.093043,-0.155631,-0.014346,-0.035042,1.730357,3.902494,-0.101787,-0.001026,-0.373958,0.083333,0.0,4.25,0.100608,0.111576,0.156589
7713,158.155502,925.47998,0.759572,0.777114,0.375,0.0,0.087784,48279.0,0.176785,0.33561,0.156653,0.314772,-0.05448,0.56225,10.540885,-0.02,-0.8,-0.02,-0.25,-0.6,-2.0,0.472211,-0.140205,-0.015222,0.0,-0.003177,-0.118446,-0.03242,-0.015387,-0.030873,0.748377,-0.09847,-0.162115,-0.012214,-0.02807,1.68834,3.692596,-0.100821,-0.001397,-0.328124,0.125,0.041667,4.125,0.108036,0.129972,0.165106
7714,163.796066,949.77002,0.75852,0.776329,0.208333,0.0,0.087604,51450.0,0.183534,0.334006,0.154297,0.300377,-0.051754,0.54441,10.634337,-0.02,-0.8,-0.02,-0.25,-0.6,-2.0,0.472451,-0.141441,-0.023519,0.0,-0.002152,-0.111185,-0.031355,-0.014807,-0.030091,0.754852,-0.09181,-0.150697,-0.012416,-0.027903,1.668451,3.73139,-0.095961,-0.002083,-0.300977,0.125,0.083333,4.083333,0.088758,0.125286,0.160415
7715,160.496506,936.280029,0.793377,0.788963,0.217391,0.0,0.087706,51454.0,0.185898,0.34452,0.16016,0.320452,-0.055943,0.551448,10.659182,-0.02,-0.8,-0.02,-0.25,-0.6,-2.0,0.480593,-0.146859,-0.016317,0.0,-0.002725,-0.125056,-0.032742,-0.016527,-0.032953,0.763683,-0.101338,-0.163685,-0.013151,-0.029715,1.705807,3.75981,-0.105323,-0.001825,-0.382139,0.217391,0.0,4.521739,0.138423,0.122748,0.165742
7716,159.491043,954.099976,0.719915,0.778454,0.291667,0.0,0.087748,49005.0,0.185093,0.326627,0.167057,0.33864,-0.059523,0.594772,10.521873,-0.02,-0.8,-0.02,-0.25,-0.6,-2.0,0.475643,-0.148688,-0.021189,0.0,-0.003431,-0.137742,-0.03284,-0.017502,-0.033815,0.752728,-0.093805,-0.154012,-0.013386,-0.033221,1.681837,3.756011,-0.110378,-0.00279,-0.459509,0.041667,0.041667,3.583333,0.117104,0.124106,0.199342
7717,157.145569,937.359985,0.762364,0.786611,0.347826,0.0,0.087839,49072.0,0.186421,0.323093,0.159911,0.320236,-0.055397,0.571385,10.41917,-0.02,-0.8,-0.02,-0.25,-0.6,-2.0,0.478826,-0.149023,-0.020836,0.0,-0.002616,-0.130278,-0.032845,-0.016724,-0.033145,0.759426,-0.102387,-0.16693,-0.013377,-0.031203,1.697281,3.789548,-0.103158,-0.001505,-0.408535,0.086957,0.043478,5.0,0.078642,0.126638,0.160728
7718,163.751511,956.059998,0.757746,0.774224,0.333333,0.0,0.087708,50478.0,0.189965,0.337904,0.156912,0.322679,-0.058036,0.571348,10.5664,-0.02,-0.8,-0.02,-0.25,-0.6,-2.0,0.478716,-0.164198,-0.013474,0.0,-0.003442,-0.137333,-0.033103,-0.017222,-0.034196,0.77044,-0.106592,-0.156409,-0.015952,-0.033675,1.682696,3.747557,-0.106073,-0.001771,-0.281127,0.166667,0.0,4.625,0.116358,0.090591,0.197941
7719,165.915207,969.640015,0.766856,0.805663,0.125,0.0,0.087858,52446.0,0.176525,0.334795,0.171672,0.326508,-0.059131,0.598418,10.48741,-0.02,-0.8,-0.02,-0.25,-0.6,-2.0,0.48408,-0.152034,-0.014601,0.0,-0.001808,-0.136113,-0.03338,-0.017373,-0.034031,0.787125,-0.09414,-0.156234,-0.012932,-0.033764,1.750693,3.822273,-0.106524,-0.003457,-0.327411,0.166667,0.041667,4.666667,0.0705,0.10541,0.128702
7720,163.211838,957.159973,0.77711,0.78369,0.25,0.0,0.088296,46650.0,0.183083,0.323404,0.154082,0.321809,-0.056238,0.568372,10.51958,-0.02,-0.8,-0.02,-0.25,-0.6,-2.0,0.47402,-0.157975,-0.016394,0.0,-0.003407,-0.132111,-0.032929,-0.017009,-0.032503,0.759263,-0.099682,-0.155971,-0.012751,-0.030321,1.677159,3.740981,-0.107364,-0.001662,-0.560166,0.125,0.0,4.416667,0.129889,0.110514,0.169523
7721,151.052963,898.349976,0.751123,0.737896,0.5,0.041667,0.088433,45660.0,0.171106,0.323592,0.14744,0.289992,-0.051472,0.534598,10.570851,-0.02,-0.8,-0.02,-0.25,-0.6,-2.0,0.457668,-0.147994,-0.014917,0.0,-0.005458,-0.117772,-0.031083,-0.014855,-0.029683,0.740741,-0.111292,-0.161922,-0.013452,-0.029396,1.641575,3.601598,-0.095908,-0.00192,-0.281574,0.208333,0.0,3.583333,0.099664,0.152063,0.187618
7722,153.872955,918.119995,0.734362,0.743146,0.391304,0.0,0.088607,36815.0,0.182602,0.313177,0.155564,0.308577,-0.05366,0.55425,10.574097,-0.02,-0.8,-0.02,-0.25,-0.6,-2.0,0.458604,-0.145339,-0.013442,0.0,-0.004559,-0.125217,-0.031435,-0.015482,-0.031517,0.736449,-0.09483,-0.15167,-0.012475,-0.029143,1.613995,3.616295,-0.09937,-0.001382,-0.416615,0.130435,0.043478,3.695652,0.107232,0.112323,0.215743
7723,166.686707,983.22998,0.780431,0.805242,0.125,0.0,0.088637,35494.0,0.205021,0.341141,0.163248,0.330902,-0.05704,0.565511,10.491789,-0.02,-0.8,-0.02,-0.25,-0.6,-2.0,0.486804,-0.154888,-0.021353,0.0,-0.001792,-0.131772,-0.033216,-0.016505,-0.031668,0.775825,-0.098164,-0.166117,-0.013766,-0.031871,1.685373,3.866501,-0.107584,-0.001536,-0.309234,0.083333,0.0,4.166667,0.079251,0.097706,0.145387
7724,165.309784,965.849976,0.767308,0.808487,0.173913,0.043478,0.088831,38657.0,0.185782,0.338052,0.157924,0.317288,-0.056192,0.558633,10.637046,-0.02,-0.8,-0.02,-0.25,-0.6,-2.0,0.486013,-0.15682,-0.013778,0.0,-0.002551,-0.137751,-0.033491,-0.017157,-0.035049,0.782973,-0.093882,-0.160649,-0.014153,-0.033188,1.727649,3.83305,-0.106715,-0.001104,-0.251914,0.173913,0.043478,4.434783,0.113388,0.121293,0.173306
7725,163.227829,969.460022,0.778884,0.794904,0.208333,0.0,0.088902,38805.0,0.167451,0.320726,0.164222,0.313202,-0.052499,0.588548,10.483324,-0.02,-0.8,-0.02,-0.25,-0.6,-2.0,0.481993,-0.151572,-0.013745,0.0,-0.002933,-0.132145,-0.032135,-0.015259,-0.032251,0.785587,-0.091285,-0.153646,-0.0122,-0.033623,1.755224,3.841839,-0.097375,-0.001173,-0.53601,0.041667,0.0,4.333333,0.077497,0.114258,0.185561
7726,158.431076,949.929993,0.751427,0.782834,0.375,0.0,0.088769,38670.0,0.188475,0.332066,0.16964,0.344001,-0.059946,0.600776,10.489046,-0.02,-0.8,-0.02,-0.25,-0.6,-2.0,0.472486,-0.149697,-0.015883,0.0,-0.003223,-0.137507,-0.033405,-0.017269,-0.03291,0.760648,-0.097718,-0.161841,-0.013135,-0.032579,1.662871,3.708622,-0.10871,-0.002434,-0.49486,0.083333,0.0,4.916667,0.101915,0.127472,0.191468
7727,162.865921,955.820007,0.759512,0.790164,0.291667,0.041667,0.088816,39665.0,0.176439,0.333201,0.178244,0.338163,-0.056275,0.620154,10.504996,-0.02,-0.8,-0.02,-0.25,-0.6,-2.0,0.47928,-0.139787,-0.015844,0.0,-0.003062,-0.114568,-0.033103,-0.015481,-0.030114,0.777833,-0.098767,-0.168135,-0.011902,-0.025385,1.728612,3.781874,-0.102901,-0.00156,-0.520937,0.041667,0.0,3.958333,0.121656,0.108346,0.220927
7728,167.238464,966.690002,0.782159,0.800345,0.208333,0.0,0.088537,39128.0,0.184309,0.32588,0.155714,0.303642,-0.053012,0.546381,10.483638,-0.02,-0.8,-0.02,-0.25,-0.6,-2.0,0.484709,-0.154679,-0.017164,0.0,-0.002507,-0.115616,-0.032547,-0.014898,-0.030345,0.780903,-0.096743,-0.152297,-0.01243,-0.028524,1.725004,3.873447,-0.100853,-0.00136,-0.303752,0.083333,0.041667,4.666667,0.090584,0.112274,0.159381
7729,163.980209,979.580017,0.798378,0.799202,0.208333,0.0,0.088534,36305.0,0.20095,0.338954,0.166571,0.342016,-0.060439,0.588861,10.376192,-0.02,-0.8,-0.02,-0.25,-0.6,-2.0,0.491177,-0.154655,-0.018319,0.0,-0.001898,-0.132096,-0.034139,-0.016928,-0.032955,0.782561,-0.094467,-0.159176,-0.01298,-0.032234,1.714381,3.890296,-0.111172,-0.008313,-0.472269,0.041667,0.0,4.0,0.079668,0.10721,0.164323
7730,167.684296,961.880005,0.800198,0.803192,0.208333,0.0,0.088893,42551.0,0.171767,0.340187,0.155075,0.319977,-0.054299,0.591895,10.394136,-0.02,-0.8,-0.02,-0.25,-0.6,-2.0,0.482835,-0.156233,-0.012725,0.0,-0.002127,-0.129419,-0.033029,-0.015951,-0.032418,0.781864,-0.101539,-0.163957,-0.013326,-0.032489,1.748942,3.801651,-0.103082,-0.002233,-0.30014,0.041667,0.0,4.708333,0.092225,0.107283,0.158853
7731,164.691864,967.169983,0.779229,0.7975,0.25,0.0,0.088998,51662.0,0.191921,0.344555,0.166408,0.3298,-0.0568,0.59338,10.381683,-0.02,-0.8,-0.02,-0.25,-0.6,-2.0,0.487157,-0.149456,-0.017225,0.0,-0.001701,-0.129244,-0.033922,-0.016191,-0.032631,0.776319,-0.103928,-0.178604,-0.013228,-0.032747,1.72607,3.823608,-0.104905,-0.002028,-0.321024,0.0,0.0,4.5,0.140992,0.106258,0.156385
7732,157.248886,943.960022,0.741615,0.773056,0.291667,0.0,0.089026,51429.0,0.184911,0.34077,0.172132,0.331564,-0.056407,0.584928,10.362206,-0.02,-0.8,-0.02,-0.25,-0.6,-2.0,0.474261,-0.140061,-0.017403,0.0,-0.003478,-0.121684,-0.033045,-0.016622,-0.031787,0.759339,-0.106024,-0.174365,-0.01293,-0.029506,1.685511,3.703782,-0.104078,-0.002756,-0.386846,0.166667,0.0,4.0,0.109999,0.125074,0.182218
7733,154.633972,947.219971,0.777447,0.777157,0.291667,0.0,0.088832,46835.0,0.210907,0.348702,0.164957,0.316919,-0.052195,0.579331,10.31774,-0.02,-0.8,-0.02,-0.25,-0.6,-2.0,0.482831,-0.150916,-0.020309,0.0,-0.001888,-0.127246,-0.032786,-0.014927,-0.030728,0.771319,-0.102691,-0.163112,-0.01324,-0.032237,1.668229,3.773155,-0.098368,-0.002254,-0.44617,0.041667,0.041667,5.166667,0.146996,0.122855,0.155209
7734,153.151489,922.72998,0.727661,0.750296,0.333333,0.0,0.089015,49672.0,0.182099,0.328377,0.149515,0.297341,-0.051513,0.533362,10.474196,-0.02,-0.8,-0.02,-0.25,-0.6,-2.0,0.460412,-0.145665,-0.01677,0.0,-0.004606,-0.117082,-0.031967,-0.01475,-0.029751,0.732706,-0.094595,-0.157523,-0.01261,-0.029443,1.628444,3.620683,-0.097564,-0.002604,-0.519248,0.208333,0.0,4.208333,0.13323,0.129294,0.208725
7735,162.639084,963.619995,0.75679,0.784816,0.208333,0.0,0.089075,50852.0,0.198165,0.358268,0.163996,0.332637,-0.056201,0.586065,10.422863,-0.02,-0.8,-0.02,-0.25,-0.6,-2.0,0.485765,-0.149221,-0.016555,0.0,-0.002849,-0.13227,-0.034252,-0.016451,-0.033734,0.780906,-0.102172,-0.159372,-0.013759,-0.032579,1.700084,3.778546,-0.107287,-0.001403,-0.35552,0.125,0.083333,4.583333,0.127149,0.134048,0.172187
7736,156.659622,944.710022,0.766909,0.790478,0.166667,0.0,0.089183,51690.0,0.177958,0.326722,0.154095,0.308105,-0.053333,0.571082,10.303675,-0.02,-0.8,-0.02,-0.25,-0.6,-2.0,0.478409,-0.158003,-0.013864,0.0,-0.002264,-0.119694,-0.033026,-0.01539,-0.031561,0.774149,-0.10515,-0.160221,-0.012852,-0.028483,1.713916,3.781087,-0.101096,-0.011679,-0.534361,0.166667,0.0,4.291667,0.08022,0.124114,0.168246
7737,158.300827,947.219971,0.765361,0.784119,0.291667,0.0,0.089332,50142.0,0.177223,0.329557,0.155796,0.300182,-0.053154,0.535411,10.281219,-0.02,-0.8,-0.02,-0.25,-0.6,-2.0,0.472508,-0.147202,-0.015393,0.0,-0.004099,-0.117531,-0.032731,-0.015232,-0.030701,0.758896,-0.108843,-0.166863,-0.012995,-0.029503,1.6915,3.736209,-0.100654,-0.004875,-0.43982,0.166667,0.0,4.125,0.077611,0.149725,0.198151
7738,167.63266,976.369995,0.810074,0.805901,0.25,0.0,0.089333,46393.0,0.181626,0.339552,0.159402,0.323115,-0.057951,0.599216,10.257915,-0.02,-0.8,-0.02,-0.25,-0.6,-2.0,0.486666,-0.162839,-0.012848,0.0,-0.002294,-0.130281,-0.033843,-0.01644,-0.033022,0.783332,-0.094336,-0.143056,-0.013281,-0.031339,1.738147,3.84951,-0.106656,-0.0014,-0.329137,0.125,0.0,4.25,0.083739,0.09669,0.150652
7739,160.851685,941.299988,0.788819,0.795503,0.434783,0.0,0.089382,50081.0,0.188337,0.325297,0.165273,0.321003,-0.053883,0.577534,10.386984,-0.02,-0.8,-0.02,-0.25,-0.6,-2.0,0.477984,-0.151334,-0.014745,0.0,-0.003122,-0.121496,-0.032901,-0.014839,-0.030474,0.770097,-0.092898,-0.152826,-0.011023,-0.031032,1.689774,3.797144,-0.100211,-0.001728,-0.505593,0.130435,0.0,4.434783,0.105721,0.108182,0.160858
7740,162.663116,970.75,0.764236,0.790886,0.217391,0.0,0.089417,51166.0,0.201065,0.334804,0.16172,0.312632,-0.054023,0.554577,10.335333,-0.02,-0.8,-0.02,-0.25,-0.6,-2.0,0.485169,-0.144,-0.019598,0.0,-0.001884,-0.117409,-0.033792,-0.015848,-0.032275,0.763528,-0.10743,-0.167029,-0.013265,-0.0302,1.691687,3.812203,-0.103078,-0.001889,-0.396099,0.086957,0.0,4.304348,0.133151,0.127694,0.168639
7741,161.260666,940.219971,0.755129,0.769765,0.347826,0.0,0.089381,51112.0,0.179861,0.327553,0.164561,0.326583,-0.056728,0.582631,10.344512,-0.02,-0.8,-0.02,-0.25,-0.6,-2.0,0.469386,-0.146632,-0.013134,0.0,-0.003725,-0.134899,-0.033377,-0.01631,-0.032645,0.75944,-0.097696,-0.162986,-0.012873,-0.033118,1.67512,3.698972,-0.104236,-0.001801,-0.307728,0.043478,0.0,4.26087,0.086519,0.113046,0.180975
7742,161.205887,949.099976,0.75458,0.787077,0.166667,0.0,0.089481,46858.0,0.194167,0.331511,0.158394,0.322657,-0.053925,0.582607,10.45283,-0.02,-0.8,-0.02,-0.25,-0.6,-2.0,0.476736,-0.155836,-0.017142,0.0,-0.00253,-0.130447,-0.033111,-0.015971,-0.031304,0.764565,-0.099733,-0.15246,-0.013862,-0.03146,1.677675,3.759209,-0.102042,-0.001904,-0.440384,0.125,0.0,5.166667,0.091969,0.10738,0.15449
7743,160.423004,944.48999,0.773968,0.776452,0.333333,0.041667,0.089613,50420.0,0.192865,0.340226,0.148707,0.301499,-0.053669,0.545476,10.420893,-0.02,-0.8,-0.02,-0.25,-0.6,-2.0,0.475595,-0.14906,-0.014143,0.0,-0.002729,-0.125602,-0.033783,-0.015643,-0.033003,0.765684,-0.104527,-0.171051,-0.014209,-0.033327,1.674758,3.716248,-0.102382,-0.002082,-0.36481,0.083333,0.041667,4.75,0.125969,0.105244,0.176981
7744,163.875854,960.280029,0.774997,0.803314,0.291667,0.0,0.089389,50321.0,0.190931,0.341752,0.17023,0.334242,-0.058142,0.5885,10.400459,-0.02,-0.8,-0.02,-0.25,-0.6,-2.0,0.48206,-0.148808,-0.013222,0.0,-0.002944,-0.124786,-0.034237,-0.016956,-0.031848,0.775896,-0.100636,-0.17141,-0.013496,-0.02997,1.702797,3.786535,-0.108653,-0.001606,-0.366599,0.041667,0.0,4.375,0.097853,0.119286,0.158859
7745,160.595001,950.659973,0.767063,0.801802,0.291667,0.0,0.089517,49835.0,0.191967,0.332893,0.164384,0.333286,-0.057746,0.579874,10.585938,-0.02,-0.8,-0.02,-0.25,-0.6,-2.0,0.479642,-0.156217,-0.013515,0.0,-0.003004,-0.12597,-0.034431,-0.016792,-0.032411,0.777786,-0.104307,-0.179972,-0.012702,-0.030455,1.697203,3.766044,-0.109753,-0.001825,-0.335772,0.166667,0.0,3.833333,0.098847,0.137762,0.188683
7746,165.930267,976.780029,0.768366,0.789047,0.166667,0.0,0.089599,47699.0,0.185338,0.331058,0.172879,0.334096,-0.055773,0.600624,10.476559,-0.02,-0.8,-0.02,-0.25,-0.6,-2.0,0.486116,-0.147341,-0.011892,0.0,-0.001766,-0.137418,-0.033779,-0.016023,-0.033265,0.791073,-0.094443,-0.155415,-0.012594,-0.035754,1.734255,3.837257,-0.10413,-0.001322,-0.493667,0.041667,0.0,4.25,0.058229,0.122678,0.159335
7747,158.320496,948.0,0.735984,0.757174,0.217391,0.0,0.089653,51967.0,0.1869,0.334189,0.164689,0.318463,-0.054531,0.587113,10.519328,-0.02,-0.8,-0.02,-0.25,-0.6,-2.0,0.473612,-0.152149,-0.017805,0.0,-0.002453,-0.129999,-0.032886,-0.015389,-0.031344,0.768038,-0.093344,-0.15668,-0.013125,-0.033169,1.680283,3.731552,-0.100021,-0.002647,-0.419406,0.043478,0.043478,26.73913,0.083339,0.114296,0.165945
7748,161.280289,946.75,0.762632,0.765606,0.5,0.0,0.089651,49675.0,0.16999,0.318946,0.158022,0.311306,-0.053922,0.567225,10.363655,-0.02,-0.8,-0.02,-0.25,-0.6,-2.0,0.463826,-0.148711,-0.011367,0.0,-0.004394,-0.123531,-0.032367,-0.015977,-0.03177,0.750883,-0.100083,-0.151421,-0.013766,-0.029225,1.669873,3.671067,-0.099617,-0.001001,-0.309243,0.0,0.0,3.791667,0.091692,0.111548,0.218668
7749,166.099518,981.809998,0.775646,0.805414,0.041667,0.041667,0.08975,49194.0,0.185829,0.352227,0.16386,0.31855,-0.054925,0.572385,10.378532,-0.02,-0.8,-0.02,-0.25,-0.6,-2.0,0.493023,-0.150804,-0.018292,0.0,-0.000889,-0.123507,-0.035111,-0.016046,-0.032059,0.785454,-0.097421,-0.170935,-0.01266,-0.030569,1.757217,3.87488,-0.106212,-0.001968,-0.333402,0.041667,0.0,4.5,0.09776,0.114952,0.137459
7750,167.642349,986.299988,0.781008,0.807598,0.166667,0.0,0.089584,47134.0,0.184487,0.343265,0.157914,0.326669,-0.057454,0.570639,10.497077,-0.02,-0.8,-0.02,-0.25,-0.6,-2.0,0.488422,-0.151315,-0.019723,0.0,-0.001935,-0.129351,-0.035153,-0.017186,-0.033022,0.772729,-0.099137,-0.171701,-0.0136,-0.031443,1.740517,3.850897,-0.110963,-0.002274,-0.263085,0.083333,0.0,4.666667,0.11731,0.114487,0.158735
7751,162.837311,955.080017,0.772193,0.802392,0.25,0.0,0.089367,50400.0,0.194004,0.333505,0.171391,0.347596,-0.061982,0.606813,10.392324,-0.02,-0.8,-0.02,-0.25,-0.6,-2.0,0.481922,-0.155459,-0.019302,0.0,-0.00239,-0.13421,-0.03543,-0.017649,-0.034416,0.770185,-0.103003,-0.160163,-0.01356,-0.031177,1.695643,3.753002,-0.115504,-0.001365,-0.276378,0.0,0.041667,4.458333,0.142634,0.105276,0.170309
7752,163.115387,962.330017,0.773115,0.791017,0.083333,0.0,0.089213,50166.0,0.196098,0.333685,0.161732,0.316648,-0.058213,0.562038,10.363178,-0.02,-0.8,-0.02,-0.25,-0.6,-2.0,0.483278,-0.159874,-0.016064,0.0,-0.001792,-0.14448,-0.033929,-0.016696,-0.033411,0.774888,-0.096039,-0.156949,-0.015817,-0.035985,1.692962,3.819872,-0.106635,-0.001149,-0.303554,0.125,0.0,4.583333,0.103944,0.099628,0.1489
7753,169.195755,977.299988,0.776477,0.803467,0.125,0.041667,0.089033,50488.0,0.1812,0.336223,0.16546,0.325072,-0.055935,0.592643,10.39135,-0.02,-0.8,-0.02,-0.25,-0.6,-2.0,0.491672,-0.155976,-0.014783,0.0,-0.001335,-0.135827,-0.034322,-0.015809,-0.032603,0.798233,-0.097064,-0.151081,-0.013296,-0.034358,1.756275,3.89281,-0.105142,-0.001053,-0.288384,0.041667,0.0,4.625,0.086316,0.095981,0.153162
7754,163.28923,974.070007,0.778975,0.781905,0.166667,0.0,0.089095,47365.0,0.18452,0.33279,0.157846,0.327956,-0.05537,0.575478,10.402949,-0.02,-0.8,-0.02,-0.25,-0.6,-2.0,0.49004,-0.15755,-0.016382,0.0,-0.001875,-0.117523,-0.034193,-0.016017,-0.030331,0.788797,-0.093662,-0.147498,-0.013503,-0.029541,1.738473,3.886884,-0.106029,-0.001518,-0.459963,0.041667,0.041667,4.083333,0.100258,0.104247,0.17959
7755,166.514709,997.460022,0.793497,0.786328,0.173913,0.0,0.088842,45982.0,0.205267,0.32872,0.164425,0.314402,-0.05347,0.573596,10.416828,-0.02,-0.8,-0.02,-0.25,-0.6,-2.0,0.492107,-0.148099,-0.023033,0.0,-0.00142,-0.12145,-0.033739,-0.014851,-0.030695,0.778786,-0.095087,-0.155381,-0.01277,-0.03207,1.706327,3.918362,-0.101631,-0.002133,-0.493615,0.043478,0.0,4.782609,0.127557,0.110679,0.15527
7756,163.083939,961.090027,0.752355,0.770803,0.26087,0.043478,0.088701,48702.0,0.194576,0.347916,0.167251,0.311113,-0.054068,0.545817,10.401661,-0.02,-0.8,-0.02,-0.25,-0.6,-2.0,0.476127,-0.140018,-0.016917,0.0,-0.002812,-0.106145,-0.034174,-0.015283,-0.030433,0.762389,-0.103896,-0.169501,-0.012157,-0.024421,1.672662,3.709537,-0.104055,-0.005518,-0.290309,0.0,0.0,3.913043,0.101119,0.121181,0.163492
7757,160.906204,946.690002,0.752472,0.772868,0.25,0.041667,0.088714,48367.0,0.174543,0.327548,0.152014,0.287951,-0.050197,0.52063,10.392925,-0.02,-0.8,-0.02,-0.25,-0.6,-2.0,0.472759,-0.143687,-0.022263,0.0,-0.00359,-0.111138,-0.032742,-0.014295,-0.029812,0.758143,-0.093522,-0.150828,-0.011199,-0.02753,1.692013,3.756662,-0.099316,-0.002084,-0.352342,0.041667,0.0,3.791667,0.102798,0.104969,0.176203
7758,167.183578,970.669983,0.787252,0.797724,0.291667,0.0,0.088656,45371.0,0.175309,0.34914,0.166078,0.301006,-0.052807,0.569743,10.417202,-0.02,-0.8,-0.02,-0.25,-0.6,-2.0,0.485888,-0.148289,-0.011014,0.0,-0.002088,-0.123508,-0.03368,-0.014639,-0.030876,0.808651,-0.099854,-0.166482,-0.013496,-0.033579,1.758342,3.806363,-0.097792,-0.000952,-0.314951,0.0,0.0,4.75,0.077729,0.101554,0.15343
7759,164.541077,970.48999,0.793267,0.807918,0.173913,0.0,0.088699,47960.0,0.187822,0.345167,0.177373,0.347958,-0.05888,0.627326,10.615699,-0.02,-0.8,-0.02,-0.25,-0.6,-2.0,0.489387,-0.154643,-0.01204,0.0,-0.001224,-0.127071,-0.035431,-0.017326,-0.032987,0.794024,-0.101449,-0.166779,-0.012822,-0.02939,1.740222,3.824354,-0.111173,-0.00148,-0.508125,0.043478,0.0,4.695652,0.11737,0.098796,0.146642
7760,167.103577,975.690002,0.78733,0.804749,0.208333,0.0,0.088417,47743.0,0.181034,0.341018,0.165869,0.321821,-0.055118,0.590021,10.5728,-0.02,-0.8,-0.02,-0.25,-0.6,-2.0,0.485648,-0.150935,-0.011236,0.0,-0.001759,-0.131268,-0.035273,-0.016382,-0.033684,0.786465,-0.101555,-0.163491,-0.013028,-0.032291,1.73767,3.795974,-0.105217,-0.001737,-0.362365,0.083333,0.0,4.958333,0.124817,0.10336,0.152959
7761,161.700073,956.659973,0.769092,0.784925,0.208333,0.0,0.088782,46937.0,0.176251,0.331342,0.16437,0.323936,-0.057969,0.583096,10.537272,-0.02,-0.8,-0.02,-0.25,-0.6,-2.0,0.472486,-0.145556,-0.014895,0.0,-0.002284,-0.134428,-0.034037,-0.016514,-0.033846,0.767787,-0.098925,-0.15841,-0.012913,-0.033445,1.684564,3.717782,-0.107677,-0.001262,-0.371307,0.166667,0.041667,4.75,0.081072,0.114315,0.151522
7762,161.077835,941.75,0.801155,0.786484,0.25,0.0,0.088847,44611.0,0.171379,0.316727,0.168813,0.31536,-0.055129,0.574646,10.524076,-0.02,-0.8,-0.02,-0.25,-0.6,-2.0,0.477862,-0.148667,-0.012197,0.0,-0.002409,-0.132661,-0.033083,-0.015103,-0.030779,0.772146,-0.090469,-0.143061,-0.012847,-0.034003,1.728072,3.799374,-0.101913,-0.001471,-0.434289,0.125,0.0,4.25,0.101854,0.112745,0.171638
7763,162.703079,953.01001,0.763096,0.776513,0.166667,0.041667,0.088763,47293.0,0.177402,0.342917,0.159449,0.327473,-0.055829,0.582424,10.495209,-0.02,-0.8,-0.02,-0.25,-0.6,-2.0,0.476118,-0.158217,-0.015318,0.0,-0.003571,-0.126749,-0.034426,-0.016683,-0.032712,0.767849,-0.099038,-0.1498,-0.013674,-0.03025,1.704779,3.716276,-0.106661,-0.001348,-0.319492,0.083333,0.0,3.875,0.124099,0.11165,0.187151
7764,169.340164,980.299988,0.787986,0.815962,0.041667,0.041667,0.08868,47706.0,0.177897,0.334553,0.151252,0.311915,-0.053062,0.574539,10.549242,-0.02,-0.8,-0.02,-0.25,-0.6,-2.0,0.490994,-0.163918,-0.014983,0.0,-0.001558,-0.121458,-0.034231,-0.015545,-0.031966,0.791837,-0.095228,-0.160941,-0.013831,-0.028614,1.764965,3.896753,-0.103238,-0.00179,-0.257918,0.083333,0.0,4.375,0.073754,0.086565,0.137193
7765,166.032516,971.940002,0.78427,0.785743,0.166667,0.0,0.088736,47247.0,0.176811,0.32397,0.154597,0.313047,-0.05479,0.567411,10.584518,-0.02,-0.8,-0.02,-0.25,-0.6,-2.0,0.480563,-0.154179,-0.010603,0.0,-0.002472,-0.131546,-0.033604,-0.015295,-0.031816,0.76939,-0.093401,-0.149985,-0.013742,-0.033454,1.720217,3.825611,-0.104271,-0.001045,-0.331813,0.083333,0.0,4.0,0.096119,0.116991,0.160838
7766,160.602585,953.929993,0.741915,0.802583,0.347826,0.0,0.088799,44357.0,0.184111,0.337014,0.161029,0.306809,-0.054636,0.543817,10.534949,-0.02,-0.8,-0.02,-0.25,-0.6,-2.0,0.473032,-0.146844,-0.014272,0.0,-0.003656,-0.123247,-0.033913,-0.016041,-0.031329,0.75962,-0.10796,-0.171018,-0.013066,-0.029503,1.680183,3.699304,-0.104103,-0.001339,-0.347907,0.086957,0.0,4.608696,0.095503,0.120585,0.15188
7767,157.151886,927.77002,0.738543,0.760726,0.333333,0.041667,0.088789,49132.0,0.173746,0.330664,0.165533,0.331575,-0.057548,0.592829,10.552834,-0.02,-0.8,-0.02,-0.25,-0.6,-2.0,0.462332,-0.146135,-0.011754,0.0,-0.003877,-0.138144,-0.033643,-0.016506,-0.032874,0.749676,-0.100059,-0.164968,-0.012973,-0.033401,1.648664,3.614381,-0.107078,-0.001705,-0.398549,0.083333,0.0,4.458333,0.102532,0.119041,0.187991
7768,161.133102,958.23999,0.792697,0.798907,0.208333,0.0,0.088873,49225.0,0.194252,0.339427,0.158982,0.304712,-0.052223,0.558479,10.684412,-0.02,-0.8,-0.02,-0.25,-0.6,-2.0,0.484133,-0.156628,-0.016866,0.0,-0.001694,-0.109924,-0.033753,-0.014736,-0.029335,0.783553,-0.09647,-0.156732,-0.012248,-0.026047,1.705772,3.832196,-0.1011,-0.010187,-0.372705,0.041667,0.041667,4.333333,0.070268,0.102442,0.143461
7769,160.801254,947.22998,0.791601,0.778664,0.333333,0.0,0.088775,48249.0,0.188891,0.334174,0.155768,0.288653,-0.051494,0.520079,10.507504,-0.02,-0.8,-0.02,-0.25,-0.6,-2.0,0.479153,-0.143299,-0.012779,0.0,-0.002252,-0.117681,-0.033527,-0.014416,-0.031703,0.774634,-0.094378,-0.162554,-0.012027,-0.030712,1.70503,3.795005,-0.100003,-0.001042,-0.389776,0.0,0.041667,4.375,0.119676,0.104736,0.165055
7770,165.710999,971.900024,0.789039,0.813197,0.291667,0.0,0.088676,44709.0,0.188804,0.342652,0.158439,0.320116,-0.055658,0.572798,10.446657,-0.02,-0.8,-0.02,-0.25,-0.6,-2.0,0.48842,-0.159955,-0.013952,0.0,-0.00228,-0.133179,-0.034661,-0.016627,-0.032441,0.783278,-0.103849,-0.163284,-0.014049,-0.03253,1.73327,3.851551,-0.106588,-0.003968,-0.251114,0.041667,0.0,4.5,0.096049,0.097176,0.173927
7771,159.753845,939.450012,0.787886,0.783442,0.347826,0.043478,0.088909,50580.0,0.191666,0.350538,0.153462,0.317758,-0.053337,0.575631,10.672309,-0.02,-0.8,-0.02,-0.25,-0.6,-2.0,0.478059,-0.154986,-0.016814,0.0,-0.003304,-0.128848,-0.03458,-0.016557,-0.033025,0.775648,-0.11519,-0.18799,-0.014036,-0.03272,1.684808,3.726186,-0.104012,-0.001819,-0.307012,0.130435,0.0,4.608696,0.084409,0.110471,0.165491
7772,167.063248,978.219971,0.793427,0.81338,0.166667,0.0,0.088554,49380.0,0.192521,0.342377,0.181192,0.338608,-0.057753,0.615114,10.507027,-0.02,-0.8,-0.02,-0.25,-0.6,-2.0,0.492717,-0.149838,-0.013063,0.0,-0.001071,-0.124191,-0.035119,-0.016383,-0.032008,0.797202,-0.097414,-0.162101,-0.012263,-0.030142,1.749316,3.87284,-0.107322,-0.002394,-0.410989,0.0,0.0,4.708333,0.089941,0.102528,0.160552
7773,168.822983,991.429993,0.798262,0.816602,0.0,0.0,0.088584,49097.0,0.18722,0.344521,0.161129,0.302861,-0.05161,0.558427,10.54541,-0.02,-0.8,-0.02,-0.25,-0.6,-2.0,0.497439,-0.149443,-0.015857,0.0,-0.000724,-0.134299,-0.034768,-0.015167,-0.03478,0.812425,-0.093684,-0.159909,-0.012683,-0.03682,1.768628,3.933575,-0.101737,-0.00257,-0.326168,0.125,0.0,3.916667,0.091941,0.088905,0.121697
7774,155.336563,945.090027,0.755044,0.781484,0.26087,0.043478,0.088671,46759.0,0.197894,0.350152,0.15493,0.311984,-0.053975,0.543504,10.484303,-0.02,-0.8,-0.02,-0.25,-0.6,-2.0,0.475102,-0.145292,-0.019481,0.0,-0.003366,-0.121523,-0.034346,-0.01602,-0.03087,0.754289,-0.10733,-0.172462,-0.013722,-0.030967,1.655448,3.672952,-0.10407,-0.00183,-0.557738,0.173913,0.0,4.391304,0.111823,0.122549,0.163662
7775,163.337906,964.349976,0.766137,0.791067,0.291667,0.041667,0.088863,49300.0,0.181523,0.338609,0.148341,0.285868,-0.049565,0.522054,10.390148,-0.02,-0.8,-0.02,-0.25,-0.6,-2.0,0.476897,-0.14983,-0.017212,0.0,-0.002992,-0.113943,-0.032783,-0.013533,-0.029853,0.767235,-0.101535,-0.16261,-0.012814,-0.028793,1.691484,3.770041,-0.096334,-0.001463,-0.267131,0.041667,0.0,4.708333,0.117444,0.096249,0.180022
7776,161.290115,954.150024,0.783726,0.790714,0.25,0.0,0.089087,49267.0,0.195243,0.335223,0.169543,0.341496,-0.058296,0.59188,10.481754,-0.02,-0.8,-0.02,-0.25,-0.6,-2.0,0.482864,-0.143457,-0.016291,0.0,-0.001897,-0.124397,-0.034849,-0.01648,-0.032576,0.765724,-0.102622,-0.170992,-0.012284,-0.029945,1.694965,3.787643,-0.109811,-0.002321,-0.434235,0.041667,0.0,4.916667,0.094943,0.092285,0.152995
7777,163.698761,972.940002,0.781867,0.791918,0.25,0.0,0.088945,48544.0,0.192128,0.335079,0.166103,0.331474,-0.057357,0.599014,10.429485,-0.02,-0.8,-0.02,-0.25,-0.6,-2.0,0.478722,-0.155138,-0.014824,0.0,-0.00256,-0.135064,-0.034139,-0.016189,-0.033124,0.771873,-0.098197,-0.149307,-0.013199,-0.033432,1.684181,3.756743,-0.105307,-0.002136,-0.566788,0.041667,0.0,4.708333,0.120673,0.118806,0.160612
7778,165.404358,961.640015,0.782685,0.798537,0.125,0.0,0.089133,45520.0,0.182502,0.350708,0.158111,0.311674,-0.053218,0.562212,10.53035,-0.02,-0.8,-0.02,-0.25,-0.6,-2.0,0.482354,-0.152654,-0.015263,0.0,-0.002056,-0.120909,-0.034324,-0.015542,-0.032073,0.781789,-0.100376,-0.155468,-0.012441,-0.030471,1.721364,3.766635,-0.102434,-0.001105,-0.25806,0.166667,0.0,4.083333,0.11626,0.105377,0.128824
7779,160.975891,964.080017,0.768454,0.800152,0.291667,0.041667,0.089217,50374.0,0.195522,0.340099,0.177234,0.348345,-0.057731,0.620544,10.440704,-0.02,-0.8,-0.02,-0.25,-0.6,-2.0,0.487596,-0.148357,-0.015189,0.0,-0.002185,-0.134284,-0.035087,-0.016318,-0.032744,0.784625,-0.100917,-0.168885,-0.012673,-0.032869,1.717373,3.815534,-0.108083,-0.001434,-0.436684,0.041667,0.0,4.458333,0.103495,0.101392,0.163333
7780,160.085922,956.080017,0.773706,0.798365,0.291667,0.041667,0.08921,50108.0,0.192944,0.337841,0.167765,0.343365,-0.059194,0.615486,10.424079,-0.02,-0.8,-0.02,-0.25,-0.6,-2.0,0.478726,-0.160871,-0.016411,0.0,-0.003655,-0.140276,-0.034773,-0.017333,-0.03355,0.77896,-0.106045,-0.157401,-0.014756,-0.034511,1.684867,3.751364,-0.109176,-0.00222,-0.503878,0.083333,0.0,4.208333,0.116622,0.112823,0.166747
7781,170.324188,986.419983,0.77929,0.805441,0.086957,0.0,0.089118,51560.0,0.175221,0.336572,0.150337,0.307564,-0.053886,0.542699,10.332817,-0.02,-0.8,-0.02,-0.25,-0.6,-2.0,0.487425,-0.158682,-0.017136,0.0,-0.001797,-0.123315,-0.034376,-0.016374,-0.031939,0.786934,-0.094816,-0.159541,-0.013113,-0.029996,1.752477,3.846883,-0.106719,-0.001252,-0.259566,0.086957,0.0,4.434783,0.068449,0.115217,0.141247
7782,164.074936,969.02002,0.723327,0.754972,0.333333,0.0,0.089023,46192.0,0.186194,0.33801,0.150459,0.300212,-0.053953,0.532311,10.462559,-0.02,-0.8,-0.02,-0.25,-0.6,-2.0,0.461471,-0.140197,-0.018439,0.0,-0.005116,-0.119856,-0.032859,-0.015442,-0.031403,0.73812,-0.105826,-0.164017,-0.013502,-0.028961,1.620907,3.621409,-0.102754,-0.010857,-0.298369,0.125,0.0,4.25,0.114728,0.133196,0.208606
7783,167.632736,993.429993,0.778302,0.812714,0.130435,0.0,0.089314,50850.0,0.224943,0.350164,0.164674,0.320158,-0.054212,0.565281,10.41993,-0.02,-0.8,-0.02,-0.25,-0.6,-2.0,0.497753,-0.152477,-0.022896,0.0,-0.000754,-0.136304,-0.03505,-0.015714,-0.033682,0.785465,-0.097897,-0.166048,-0.012846,-0.036101,1.702968,3.906226,-0.103961,-0.00175,-0.346725,0.0,0.0,4.956522,0.135489,0.119127,0.143444
7784,162.134628,944.619995,0.763813,0.78172,0.416667,0.0,0.089169,49262.0,0.177593,0.327939,0.170046,0.342233,-0.057572,0.614508,10.453608,-0.02,-0.8,-0.02,-0.25,-0.6,-2.0,0.480745,-0.152084,-0.015822,0.0,-0.00297,-0.133648,-0.034025,-0.016681,-0.032747,0.772954,-0.095567,-0.155787,-0.013602,-0.032258,1.721503,3.807467,-0.107185,-0.004056,-0.346266,0.083333,0.0,5.0,0.087308,0.115592,0.18349
7785,162.899536,970.51001,0.786681,0.804555,0.173913,0.0,0.089338,50103.0,0.19587,0.351822,0.161655,0.313376,-0.054592,0.549963,10.398985,-0.02,-0.8,-0.02,-0.25,-0.6,-2.0,0.492685,-0.157441,-0.015635,0.0,-0.001072,-0.125299,-0.035106,-0.015813,-0.032676,0.781225,-0.10121,-0.160911,-0.013679,-0.030881,1.735225,3.85749,-0.106413,-0.001552,-0.347621,0.043478,0.043478,4.565217,0.126924,0.100655,0.121829
7786,158.658463,943.700012,0.737468,0.759408,0.333333,0.0,0.08929,46068.0,0.188626,0.335523,0.159666,0.311284,-0.054159,0.542383,10.430302,-0.02,-0.8,-0.02,-0.25,-0.6,-2.0,0.467863,-0.14479,-0.013301,0.0,-0.003667,-0.114891,-0.033742,-0.016311,-0.031702,0.745113,-0.110441,-0.165885,-0.012713,-0.027027,1.64081,3.654638,-0.10375,-0.001464,-0.269782,0.208333,0.0,4.416667,0.102722,0.140874,0.168644
7787,164.775024,964.080017,0.778021,0.793931,0.208333,0.0,0.08936,49451.0,0.180643,0.337009,0.16978,0.322287,-0.056887,0.59132,10.448124,-0.02,-0.8,-0.02,-0.25,-0.6,-2.0,0.483292,-0.151939,-0.01429,0.0,-0.002377,-0.131034,-0.0346,-0.016541,-0.033304,0.789826,-0.107345,-0.173486,-0.013346,-0.033094,1.733337,3.803113,-0.105518,-0.001601,-0.300268,0.041667,0.0,4.0,0.093053,0.114968,0.159517
7788,169.099167,1000.0,0.768874,0.812103,0.166667,0.0,0.089266,50241.0,0.193186,0.338851,0.180084,0.339923,-0.060028,0.604189,10.544842,-0.02,-0.8,-0.02,-0.25,-0.6,-2.0,0.493111,-0.15082,-0.015572,0.0,-0.001131,-0.133426,-0.035365,-0.016927,-0.033992,0.795981,-0.100609,-0.172766,-0.012832,-0.032325,1.74268,3.882581,-0.111622,-0.001604,-0.504265,0.041667,0.0,24.625,0.097407,0.105262,0.131544
7789,163.42395,957.210022,0.768765,0.770375,0.26087,0.0,0.089315,51129.0,0.195867,0.344315,0.160469,0.306752,-0.052209,0.557962,10.397535,-0.02,-0.8,-0.02,-0.25,-0.6,-2.0,0.473057,-0.140109,-0.015989,0.0,-0.003395,-0.116487,-0.033601,-0.014652,-0.03078,0.758044,-0.104703,-0.164232,-0.012484,-0.030706,1.657202,3.683215,-0.098843,-0.001597,-0.322879,0.043478,0.0,4.086957,0.099704,0.111438,0.203512
7790,162.616501,957.799988,0.771158,0.782871,0.125,0.041667,0.089483,50886.0,0.186952,0.33718,0.157713,0.313036,-0.053477,0.562115,10.722297,-0.02,-0.8,-0.02,-0.25,-0.6,-2.0,0.477425,-0.150566,-0.017242,0.0,-0.00238,-0.118545,-0.033872,-0.015841,-0.031666,0.758197,-0.102938,-0.174762,-0.014639,-0.028857,1.691725,3.733464,-0.101174,-0.005641,-0.306821,0.125,0.0,4.375,0.101672,0.100303,0.144612
7791,162.345276,946.669983,0.774565,0.796709,0.291667,0.041667,0.089769,46443.0,0.17762,0.334294,0.155094,0.295708,-0.051211,0.542007,10.512857,-0.02,-0.8,-0.02,-0.25,-0.6,-2.0,0.47574,-0.147652,-0.012544,0.0,-0.002868,-0.130344,-0.033034,-0.015,-0.031869,0.772727,-0.096615,-0.158634,-0.014145,-0.034743,1.697354,3.753731,-0.098274,-0.00124,-0.283093,0.125,0.041667,4.5,0.10211,0.111624,0.160433
7792,164.838943,978.98999,0.782952,0.791418,0.208333,0.0,0.089717,50012.0,0.201535,0.347196,0.160087,0.302848,-0.053404,0.529685,10.476567,-0.02,-0.8,-0.02,-0.25,-0.6,-2.0,0.482817,-0.148658,-0.017683,0.0,-0.002333,-0.127693,-0.03433,-0.015605,-0.032893,0.770745,-0.104021,-0.163272,-0.013642,-0.031285,1.68976,3.755709,-0.10294,-0.001112,-0.405259,0.041667,0.0,4.791667,0.128702,0.114536,0.162575
7793,162.086548,964.900024,0.749238,0.758807,0.26087,0.0,0.08979,51554.0,0.187122,0.317747,0.154926,0.323146,-0.056238,0.574913,10.576717,-0.02,-0.8,-0.02,-0.25,-0.6,-2.0,0.466022,-0.155255,-0.014321,0.0,-0.003743,-0.125702,-0.033166,-0.015784,-0.032844,0.744941,-0.094639,-0.144133,-0.013638,-0.029678,1.638668,3.675429,-0.105131,-0.001693,-0.416626,0.26087,0.0,4.565217,0.126267,0.126185,0.176337
7794,166.011612,975.809998,0.782663,0.828658,0.083333,0.0,0.08968,50409.0,0.204379,0.332746,0.161622,0.339949,-0.057284,0.617886,10.527494,-0.02,-0.8,-0.02,-0.25,-0.6,-2.0,0.49186,-0.163066,-0.014267,0.0,-0.000818,-0.141506,-0.034981,-0.016893,-0.034849,0.792538,-0.09419,-0.153335,-0.013362,-0.034627,1.721876,3.900263,-0.109112,-0.001614,-0.406329,0.041667,0.083333,4.416667,0.109769,0.0839,0.153183
7795,159.859619,957.5,0.753222,0.773798,0.208333,0.0,0.089799,46778.0,0.193265,0.34336,0.15375,0.302404,-0.052172,0.546529,10.44012,-0.02,-0.8,-0.02,-0.25,-0.6,-2.0,0.481823,-0.156564,-0.01534,0.0,-0.002071,-0.133043,-0.033545,-0.015368,-0.032295,0.768421,-0.093766,-0.150786,-0.013235,-0.035932,1.681424,3.784229,-0.099843,-0.001774,-0.395763,0.083333,0.041667,4.291667,0.104769,0.111596,0.177723
7796,167.901077,987.940002,0.803568,0.812385,0.166667,0.0,0.089878,50156.0,0.172854,0.339643,0.174251,0.319329,-0.056871,0.588831,10.543285,-0.02,-0.8,-0.02,-0.25,-0.6,-2.0,0.491828,-0.157174,-0.012449,0.0,-0.001944,-0.142155,-0.034567,-0.01592,-0.033901,0.805042,-0.105818,-0.156606,-0.013241,-0.03566,1.781914,3.886603,-0.105225,-0.001332,-0.302739,0.0,0.0,4.416667,0.089283,0.097177,0.139403
7797,158.994156,963.330017,0.764784,0.769311,0.217391,0.0,0.090053,50150.0,0.207098,0.340529,0.164513,0.308996,-0.053981,0.546622,10.507584,-0.02,-0.8,-0.02,-0.25,-0.6,-2.0,0.475547,-0.143409,-0.014632,0.0,-0.004219,-0.121977,-0.033986,-0.015443,-0.031654,0.764712,-0.105267,-0.175933,-0.013917,-0.030391,1.641025,3.685551,-0.101858,-0.001432,-0.457848,0.086957,0.0,4.0,0.121461,0.117708,0.174333
7798,161.185196,951.809998,0.745591,0.771592,0.291667,0.0,0.089963,50776.0,0.182979,0.322011,0.161606,0.325573,-0.054581,0.571285,10.484027,-0.02,-0.8,-0.02,-0.25,-0.6,-2.0,0.463961,-0.149136,-0.016155,0.0,-0.004125,-0.117234,-0.03338,-0.01549,-0.030615,0.740301,-0.109109,-0.168991,-0.012555,-0.026505,1.632964,3.641804,-0.104526,-0.00194,-0.442588,0.083333,0.041667,4.333333,0.115404,0.131234,0.16105
7799,154.060837,933.619995,0.76979,0.755751,0.291667,0.0,0.08977,45838.0,0.187359,0.335375,0.159864,0.305096,-0.052626,0.584193,10.377316,-0.02,-0.8,-0.02,-0.25,-0.6,-2.0,0.471457,-0.149599,-0.011526,0.0,-0.003889,-0.130195,-0.033038,-0.014543,-0.032474,0.783548,-0.103593,-0.168765,-0.013919,-0.035416,1.665654,3.698982,-0.095803,-0.002073,-0.608226,0.208333,0.083333,3.416667,0.08686,0.145177,0.180431
7800,171.896881,1000.0,0.8268,0.83979,0.0,0.0,0.089777,39634.0,0.182979,0.345006,0.166127,0.326706,-0.056435,0.5964,10.519725,-0.02,-0.8,-0.02,-0.25,-0.6,-2.0,0.500007,-0.164225,-0.012074,0.0,0.0,-0.137424,-0.03474,-0.016122,-0.033708,0.811484,-0.092556,-0.158332,-0.012989,-0.034529,1.788788,3.955347,-0.106667,-0.001633,-0.392225,0.0,0.0,5.416667,0.08071,0.090214,0.135172
7801,167.067627,994.830017,0.785021,0.796112,0.130435,0.0,0.089554,40571.0,0.175808,0.339779,0.160417,0.297377,-0.051788,0.520264,10.523221,-0.02,-0.8,-0.02,-0.25,-0.6,-2.0,0.491577,-0.152875,-0.010656,0.0,-0.000901,-0.12328,-0.03416,-0.015624,-0.034008,0.793097,-0.092301,-0.150231,-0.01282,-0.031636,1.773988,3.882066,-0.102522,-0.001328,-0.439382,0.0,0.0,4.695652,0.097853,0.091473,0.163346
7802,160.148453,944.299988,0.743112,0.777451,0.375,0.0,0.089478,51869.0,0.189131,0.336677,0.169358,0.312835,-0.053979,0.540443,10.591117,-0.02,-0.8,-0.02,-0.25,-0.6,-2.0,0.472535,-0.142403,-0.01693,0.0,-0.003407,-0.123387,-0.033972,-0.015902,-0.03143,0.746901,-0.102091,-0.170068,-0.012544,-0.029851,1.664527,3.692384,-0.103129,-0.002261,-0.26741,0.041667,0.0,4.666667,0.114955,0.110281,0.182404
7803,161.135483,970.429993,0.76363,0.79599,0.291667,0.0,0.089381,50321.0,0.202102,0.347735,0.174054,0.334494,-0.056286,0.60623,10.632647,-0.02,-0.8,-0.02,-0.25,-0.6,-2.0,0.486027,-0.148165,-0.013884,0.0,-0.002161,-0.138695,-0.034966,-0.016603,-0.033759,0.786048,-0.108977,-0.180323,-0.014567,-0.035743,1.696228,3.787217,-0.104965,-0.001577,-0.462444,0.083333,0.0,4.916667,0.106206,0.100624,0.151882
7804,161.40004,965.840027,0.765468,0.811274,0.25,0.0,0.089428,54922.0,0.188069,0.346857,0.165369,0.326472,-0.05633,0.559565,10.597472,-0.02,-0.8,-0.02,-0.25,-0.6,-2.0,0.484476,-0.14929,-0.014114,0.0,-0.002257,-0.131341,-0.035206,-0.017225,-0.033363,0.771401,-0.099318,-0.165251,-0.013204,-0.033123,1.718543,3.785684,-0.109574,-0.002384,-0.460207,0.083333,0.0,4.041667,0.144368,0.126104,0.141398
7805,165.680389,986.849976,0.809544,0.810961,0.125,0.0,0.08931,55735.0,0.189843,0.344531,0.163142,0.303675,-0.051228,0.540973,10.584099,-0.02,-0.8,-0.02,-0.25,-0.6,-2.0,0.491937,-0.149141,-0.015897,0.0,-0.00125,-0.123427,-0.034016,-0.014681,-0.031666,0.791046,-0.095562,-0.154438,-0.012895,-0.029997,1.744655,3.871194,-0.099746,-0.013868,-0.44619,0.0,0.0,3.708333,0.125947,0.087474,0.129587
7806,161.431976,948.640015,0.743372,0.773105,0.25,0.083333,0.089427,55451.0,0.181773,0.332121,0.168677,0.317262,-0.054891,0.562101,10.649097,-0.02,-0.8,-0.02,-0.25,-0.6,-2.0,0.468225,-0.142874,-0.011928,0.0,-0.003673,-0.118106,-0.033508,-0.015755,-0.0304,0.752778,-0.10217,-0.168104,-0.014015,-0.02816,1.665958,3.662429,-0.102499,-0.001464,-0.407102,0.0,0.0,4.291667,0.074529,0.122295,0.16158
7807,159.065414,942.789978,0.772894,0.773987,0.26087,0.086957,0.089494,50419.0,0.189011,0.343126,0.157666,0.309265,-0.053498,0.538559,10.774718,-0.02,-0.8,-0.02,-0.25,-0.6,-2.0,0.478807,-0.144336,-0.016481,0.0,-0.003019,-0.129864,-0.033289,-0.015238,-0.031722,0.761067,-0.098751,-0.165733,-0.013792,-0.033038,1.692685,3.749607,-0.100994,-0.002733,-0.286657,0.130435,0.0,4.521739,0.089169,0.118901,0.172003
7808,168.620834,971.380005,0.801207,0.793003,0.25,0.041667,0.089709,55241.0,0.169372,0.328924,0.156345,0.296634,-0.051883,0.543909,10.770933,-0.02,-0.8,-0.02,-0.25,-0.6,-2.0,0.480095,-0.152125,-0.010268,0.0,-0.0035,-0.120271,-0.033274,-0.014763,-0.031577,0.783633,-0.098605,-0.155706,-0.012734,-0.029738,1.732767,3.798568,-0.09898,-0.001244,-0.296082,0.125,0.0,4.041667,0.086275,0.126469,0.153746
7809,161.13208,943.099976,0.777095,0.775783,0.375,0.0,0.089809,55352.0,0.185694,0.334702,0.164911,0.320817,-0.055324,0.580639,10.601943,-0.02,-0.8,-0.02,-0.25,-0.6,-2.0,0.475505,-0.145716,-0.014385,0.0,-0.003542,-0.13287,-0.033483,-0.015574,-0.032521,0.767378,-0.103683,-0.158098,-0.014018,-0.033074,1.685478,3.725697,-0.101595,-0.001528,-0.292609,0.125,0.0,4.833333,0.104668,0.117585,0.175105
7810,166.025925,973.75,0.77582,0.826162,0.125,0.0,0.089737,54877.0,0.183021,0.335795,0.161514,0.315026,-0.053454,0.563205,10.554155,-0.02,-0.8,-0.02,-0.25,-0.6,-2.0,0.489718,-0.151178,-0.011364,0.0,-0.001986,-0.116358,-0.033868,-0.015215,-0.030884,0.787431,-0.095651,-0.167142,-0.013027,-0.027836,1.750071,3.877071,-0.103288,-0.001188,-0.313105,0.083333,0.0,4.375,0.088398,0.109681,0.123932
7811,166.556229,980.969971,0.80564,0.822959,0.208333,0.0,0.089621,55033.0,0.183735,0.353174,0.180428,0.323453,-0.05686,0.578416,10.655841,-0.02,-0.8,-0.02,-0.25,-0.6,-2.0,0.492905,-0.145146,-0.011713,0.0,-0.001451,-0.126441,-0.03502,-0.015782,-0.032477,0.803846,-0.10621,-0.173502,-0.012572,-0.030593,1.764045,3.847142,-0.106003,-0.001907,-0.337843,0.041667,0.0,4.625,0.090195,0.109542,0.154434
7812,162.69281,950.859985,0.76445,0.806473,0.375,0.0,0.089807,50004.0,0.176787,0.340872,0.174066,0.324025,-0.056064,0.586586,10.712227,-0.02,-0.8,-0.02,-0.25,-0.6,-2.0,0.477391,-0.14578,-0.015768,0.0,-0.003222,-0.12509,-0.034105,-0.016071,-0.031258,0.765394,-0.100579,-0.153635,-0.012371,-0.030303,1.714519,3.732383,-0.104667,-0.001163,-0.277638,0.125,0.0,4.0,0.088174,0.120292,0.179237
7813,159.244217,944.820007,0.745332,0.776047,0.416667,0.0,0.089691,55292.0,0.171523,0.329421,0.16566,0.32201,-0.056513,0.572939,10.776057,-0.02,-0.8,-0.02,-0.25,-0.6,-2.0,0.472987,-0.149546,-0.010922,0.0,-0.003085,-0.129363,-0.033937,-0.016642,-0.031797,0.765777,-0.105768,-0.170316,-0.013958,-0.029938,1.704697,3.713799,-0.105957,-0.002302,-0.378853,0.208333,0.041667,4.666667,0.061755,0.103175,0.177219
7814,165.957932,977.690002,0.777704,0.803643,0.125,0.041667,0.089389,54804.0,0.181291,0.345459,0.187055,0.341726,-0.05905,0.615694,10.6047,-0.02,-0.8,-0.02,-0.25,-0.6,-2.0,0.487361,-0.144626,-0.012599,0.0,-0.001213,-0.137541,-0.034729,-0.016147,-0.032325,0.788157,-0.103165,-0.16286,-0.012497,-0.033581,1.75097,3.808868,-0.106839,-0.001621,-0.499731,0.041667,0.041667,4.416667,0.091972,0.096942,0.144094
7815,158.759766,960.02002,0.755485,0.78363,0.083333,0.125,0.089415,48912.0,0.181095,0.338096,0.162217,0.318019,-0.055193,0.56244,10.602548,-0.02,-0.8,-0.02,-0.25,-0.6,-2.0,0.479083,-0.145679,-0.01337,0.0,-0.002933,-0.126661,-0.034295,-0.016559,-0.032495,0.762811,-0.097989,-0.164546,-0.012859,-0.030036,1.715048,3.740341,-0.105166,-0.001359,-0.464185,0.041667,0.0,4.0,0.125935,0.09518,0.150465
7816,159.070908,955.859985,0.768661,0.790659,0.173913,0.0,0.08946,38399.0,0.208385,0.356214,0.153928,0.312097,-0.054337,0.540429,10.749754,-0.02,-0.8,-0.02,-0.25,-0.6,-2.0,0.477069,-0.150015,-0.017732,0.0,-0.002457,-0.128125,-0.034133,-0.016055,-0.032176,0.762983,-0.109994,-0.179638,-0.014411,-0.032501,1.648128,3.688766,-0.103573,-0.001641,-0.346323,0.086957,0.086957,5.0,0.142606,0.098057,0.15417
7817,161.481064,966.159973,0.787714,0.804877,0.291667,0.0,0.089695,38418.0,0.182999,0.341005,0.160258,0.293398,-0.050335,0.552144,10.671906,-0.02,-0.8,-0.02,-0.25,-0.6,-2.0,0.485144,-0.146178,-0.011286,0.0,-0.002118,-0.121519,-0.033779,-0.014189,-0.031748,0.795459,-0.09999,-0.16014,-0.012666,-0.03185,1.733469,3.793862,-0.097222,-0.004449,-0.493596,0.083333,0.0,4.833333,0.12642,0.10708,0.164939
7818,159.132477,958.119995,0.764908,0.759746,0.333333,0.0,0.089563,36469.0,0.16729,0.325682,0.16166,0.297248,-0.051251,0.549615,10.743022,-0.02,-0.8,-0.02,-0.25,-0.6,-2.0,0.471133,-0.146177,-0.011026,0.0,-0.00406,-0.120093,-0.032662,-0.01459,-0.030275,0.756928,-0.105803,-0.155363,-0.012109,-0.030025,1.706181,3.729089,-0.097604,-0.001983,-0.498933,0.333333,0.0,4.625,0.064865,0.128598,0.15544
7819,161.604034,934.789978,0.74636,0.761981,0.458333,0.0,0.089591,32391.0,0.173403,0.325479,0.164915,0.317531,-0.054501,0.570118,10.988674,-0.02,-0.8,-0.02,-0.25,-0.6,-2.0,0.462191,-0.139578,-0.012799,0.0,-0.004974,-0.120517,-0.032755,-0.014899,-0.030855,0.749411,-0.101914,-0.162752,-0.0124,-0.028619,1.656701,3.629413,-0.101484,-0.001695,-0.224599,0.083333,0.0,4.291667,0.096772,0.127029,0.204461
7820,163.743149,969.840027,0.772755,0.799775,0.25,0.0,0.089685,38324.0,0.191169,0.348077,0.169764,0.332955,-0.058052,0.589048,10.658386,-0.02,-0.8,-0.02,-0.25,-0.6,-2.0,0.486434,-0.153961,-0.017914,0.0,-0.002032,-0.123966,-0.034799,-0.017064,-0.032547,0.763839,-0.10375,-0.166227,-0.01443,-0.029234,1.724622,3.798711,-0.10766,-0.002602,-0.366401,0.083333,0.041667,4.166667,0.097918,0.109221,0.148641
7821,162.819443,963.340027,0.78331,0.801116,0.291667,0.0,0.089633,37308.0,0.181767,0.331652,0.17003,0.316919,-0.05409,0.592303,10.756785,-0.02,-0.8,-0.02,-0.25,-0.6,-2.0,0.485088,-0.146946,-0.017359,0.0,-0.002101,-0.122246,-0.033676,-0.015132,-0.030855,0.786525,-0.095245,-0.160561,-0.011912,-0.032073,1.745532,3.829573,-0.100877,-0.001877,-0.530957,0.0,0.0,4.333333,0.092516,0.107583,0.169273
7822,156.083023,931.799988,0.732713,0.746546,0.375,0.041667,0.089683,32893.0,0.172173,0.323022,0.155132,0.309029,-0.052993,0.551853,10.750902,-0.02,-0.8,-0.02,-0.25,-0.6,-2.0,0.455691,-0.144263,-0.015665,0.0,-0.004907,-0.12311,-0.033018,-0.015684,-0.031782,0.72956,-0.105078,-0.158728,-0.013047,-0.028876,1.63073,3.558486,-0.101593,-0.003569,-0.381725,0.083333,0.0,4.416667,0.174827,0.140257,0.205083
7823,162.752991,960.950012,0.771929,0.784473,0.125,0.041667,0.089376,36405.0,0.181147,0.331539,0.164888,0.334959,-0.056658,0.580351,10.673236,-0.02,-0.8,-0.02,-0.25,-0.6,-2.0,0.476777,-0.15132,-0.014583,0.0,-0.002292,-0.125534,-0.034026,-0.016329,-0.032037,0.754646,-0.098818,-0.155235,-0.012556,-0.027839,1.704157,3.756081,-0.107565,-0.002943,-0.316645,0.041667,0.0,4.25,0.094265,0.102916,0.150081
7824,166.021591,981.440002,0.795694,0.8121,0.136364,0.045455,0.089358,42543.0,0.193411,0.349886,0.173889,0.336549,-0.058167,0.586991,10.622153,-0.02,-0.8,-0.02,-0.25,-0.6,-2.0,0.492024,-0.156752,-0.016758,0.0,-0.001219,-0.128763,-0.03529,-0.017249,-0.032658,0.780162,-0.099269,-0.164801,-0.012925,-0.028668,1.739926,3.846808,-0.110218,-0.001673,-0.376308,0.0,0.0,4.454545,0.105138,0.094728,0.143062
7825,164.943237,957.940002,0.776139,0.797532,0.291667,0.041667,0.089232,44508.0,0.179559,0.340432,0.177809,0.32468,-0.055112,0.600807,10.464466,-0.02,-0.8,-0.02,-0.25,-0.6,-2.0,0.484716,-0.14758,-0.011134,0.0,-0.002917,-0.13105,-0.03413,-0.015343,-0.032473,0.789647,-0.101582,-0.174671,-0.01355,-0.034511,1.745526,3.800544,-0.101664,-0.001121,-0.37672,0.0,0.0,4.833333,0.103079,0.127349,0.165498
7826,168.451309,975.679993,0.804308,0.801047,0.166667,0.0,0.089252,53140.0,0.173325,0.333333,0.174917,0.331772,-0.056515,0.61481,10.639589,-0.02,-0.8,-0.02,-0.25,-0.6,-2.0,0.486735,-0.151311,-0.009289,0.0,-0.002247,-0.131494,-0.033981,-0.01589,-0.032663,0.792645,-0.101858,-0.177645,-0.013452,-0.03234,1.766542,3.825801,-0.10347,-0.002206,-0.3633,0.083333,0.0,5.25,0.089797,0.106393,0.171447
7827,166.98642,977.640015,0.783575,0.79279,0.217391,0.0,0.089037,54032.0,0.185494,0.347095,0.166865,0.323727,-0.056428,0.581449,10.657677,-0.02,-0.8,-0.02,-0.25,-0.6,-2.0,0.484683,-0.147876,-0.012691,0.0,-0.002594,-0.126858,-0.034763,-0.016018,-0.031756,0.762226,-0.103523,-0.169832,-0.012736,-0.030312,1.720037,3.778545,-0.106321,-0.001715,-0.28736,0.173913,0.043478,4.565217,0.126657,0.12558,0.169251
7828,164.93663,967.0,0.798824,0.797486,0.125,0.0,0.089024,50126.0,0.177146,0.333509,0.16795,0.311611,-0.051382,0.587286,10.612498,-0.02,-0.8,-0.02,-0.25,-0.6,-2.0,0.484909,-0.141341,-0.012134,0.0,-0.001806,-0.111765,-0.033814,-0.013991,-0.030219,0.791665,-0.10235,-0.175487,-0.011929,-0.028236,1.741616,3.815639,-0.098479,-0.001664,-0.429666,0.083333,0.0,4.291667,0.103735,0.100015,0.139112
7829,154.364319,902.429993,0.746299,0.752266,0.708333,0.0,0.088802,48165.0,0.173132,0.318497,0.160379,0.312693,-0.0558,0.553058,10.583041,-0.02,-0.8,-0.02,-0.25,-0.6,-2.0,0.462181,-0.140685,-0.012168,0.0,-0.005006,-0.117863,-0.033245,-0.016119,-0.031393,0.739609,-0.102723,-0.164485,-0.012552,-0.026635,1.655045,3.627447,-0.103187,-0.000815,-0.279423,0.166667,0.041667,4.0,0.114194,0.145886,0.212451
7830,163.949646,970.330017,0.772228,0.778149,0.125,0.0,0.088961,46243.0,0.184981,0.345131,0.154172,0.322008,-0.055722,0.580053,10.707413,-0.02,-0.8,-0.02,-0.25,-0.6,-2.0,0.469158,-0.153519,-0.017371,0.0,-0.00284,-0.129917,-0.033397,-0.01648,-0.032452,0.737043,-0.109069,-0.158831,-0.013777,-0.030499,1.653376,3.649592,-0.105019,-0.001895,-0.393381,0.083333,0.0,23.541668,0.111152,0.110865,0.147756
7831,154.26001,922.51001,0.750131,0.774224,0.458333,0.0,0.088987,53580.0,0.178879,0.333222,0.17129,0.326254,-0.056511,0.5905,10.695868,-0.02,-0.8,-0.02,-0.25,-0.6,-2.0,0.473257,-0.151357,-0.010893,0.0,-0.004218,-0.128536,-0.033933,-0.016377,-0.032925,0.771555,-0.110453,-0.182975,-0.013439,-0.029496,1.703771,3.695924,-0.105719,-0.002275,-0.474906,0.291667,0.0,3.666667,0.104501,0.102124,0.190273
7832,165.852127,978.659973,0.818199,0.812106,0.291667,0.0,0.089016,51613.0,0.172457,0.33618,0.148507,0.296537,-0.053893,0.53864,10.606184,-0.02,-0.8,-0.02,-0.25,-0.6,-2.0,0.483607,-0.160984,-0.013304,0.0,-0.002562,-0.117634,-0.033608,-0.015533,-0.031229,0.76861,-0.10108,-0.158264,-0.013863,-0.027264,1.744142,3.832061,-0.103562,-0.003199,-0.303604,0.083333,0.0,4.666667,0.097323,0.099115,0.159892
7833,163.844574,961.289978,0.785231,0.795339,0.25,0.0,0.089093,49424.0,0.181622,0.341104,0.160751,0.316126,-0.054001,0.572197,10.61243,-0.02,-0.8,-0.02,-0.25,-0.6,-2.0,0.485567,-0.151473,-0.011535,0.0,-0.001831,-0.133077,-0.034027,-0.015625,-0.032676,0.783072,-0.104934,-0.166514,-0.013495,-0.034068,1.739613,3.809479,-0.101876,-0.001508,-0.293001,0.041667,0.0,4.375,0.100198,0.110211,0.161625
7834,161.321167,952.119995,0.779083,0.80188,0.173913,0.086957,0.088832,44752.0,0.175927,0.324935,0.15499,0.305108,-0.053313,0.56646,10.585548,-0.02,-0.8,-0.02,-0.25,-0.6,-2.0,0.48533,-0.15629,-0.0162,0.0,-0.001656,-0.118396,-0.033833,-0.015047,-0.031303,0.772018,-0.09168,-0.145826,-0.012231,-0.029375,1.744164,3.865701,-0.103018,-0.002039,-0.449592,0.043478,0.043478,5.26087,0.089986,0.108365,0.129695
7835,161.369888,944.090027,0.754316,0.773841,0.291667,0.0,0.088639,54256.0,0.174928,0.330581,0.152722,0.280074,-0.048242,0.519499,10.70578,-0.02,-0.8,-0.02,-0.25,-0.6,-2.0,0.46821,-0.139062,-0.016004,0.0,-0.004048,-0.117895,-0.032474,-0.01415,-0.030726,0.755427,-0.097425,-0.161537,-0.012162,-0.030233,1.684071,3.676595,-0.093979,-0.002556,-0.223828,0.125,0.0,4.125,0.102894,0.127935,0.193487
7836,163.977356,974.75,0.77541,0.786137,0.125,0.041667,0.088769,53313.0,0.179806,0.348906,0.165083,0.32128,-0.056505,0.595177,10.6943,-0.02,-0.8,-0.02,-0.25,-0.6,-2.0,0.48556,-0.157503,-0.011411,0.0,-0.002222,-0.133401,-0.034043,-0.015904,-0.032607,0.788225,-0.10887,-0.165063,-0.014275,-0.032953,1.748553,3.792725,-0.105113,-0.001155,-0.411266,0.125,0.0,4.416667,0.085655,0.106256,0.147744
7837,156.340866,917.619995,0.751505,0.776467,0.541667,0.0,0.088838,47835.0,0.170069,0.326164,0.157488,0.304228,-0.052802,0.56433,10.767146,-0.02,-0.8,-0.02,-0.25,-0.6,-2.0,0.463899,-0.146353,-0.012664,0.0,-0.004183,-0.121468,-0.032241,-0.014431,-0.029284,0.746188,-0.099346,-0.160024,-0.012515,-0.030413,1.667399,3.661547,-0.097261,-0.00348,-0.321136,0.125,0.0,4.583333,0.071843,0.115844,0.178457
7838,164.233887,963.640015,0.767071,0.779606,0.416667,0.0,0.088838,43155.0,0.174565,0.337257,0.151519,0.310218,-0.053726,0.553109,10.614611,-0.02,-0.8,-0.02,-0.25,-0.6,-2.0,0.479229,-0.156576,-0.010909,0.0,-0.004573,-0.134299,-0.033495,-0.015985,-0.032803,0.771876,-0.109244,-0.164297,-0.015024,-0.03348,1.716733,3.755381,-0.102101,-0.001623,-0.23328,0.041667,0.0,4.166667,0.100358,0.113969,0.21652
7839,162.223679,956.960022,0.758657,0.77455,0.208333,0.0,0.088799,52266.0,0.174365,0.335696,0.169459,0.318753,-0.05326,0.585871,10.75719,-0.02,-0.8,-0.02,-0.25,-0.6,-2.0,0.471621,-0.148422,-0.011493,0.0,-0.004269,-0.114597,-0.03287,-0.014662,-0.029607,0.763765,-0.103566,-0.159609,-0.012568,-0.026345,1.696412,3.693671,-0.098842,-0.001204,-0.387756,0.125,0.0,4.0,0.106194,0.125451,0.18719
7840,161.853622,955.030029,0.792644,0.79669,0.208333,0.0,0.088673,51107.0,0.190008,0.332584,0.1629,0.322625,-0.057178,0.56402,10.66835,-0.02,-0.8,-0.02,-0.25,-0.6,-2.0,0.476463,-0.153887,-0.015991,0.0,-0.00231,-0.127945,-0.033368,-0.016023,-0.031934,0.746438,-0.1002,-0.163873,-0.013605,-0.030809,1.673836,3.746814,-0.104713,-0.009078,-0.357048,0.125,0.0,4.291667,0.113812,0.120709,0.164008
7841,165.631866,955.98999,0.75417,0.796888,0.083333,0.0,0.088592,50172.0,0.1792,0.332843,0.172278,0.338182,-0.057751,0.60289,10.703609,-0.02,-0.8,-0.02,-0.25,-0.6,-2.0,0.479393,-0.150252,-0.014224,0.0,-0.002111,-0.125273,-0.033741,-0.016602,-0.031829,0.77744,-0.099751,-0.16166,-0.013517,-0.029596,1.720795,3.747312,-0.106317,-0.001218,-0.282591,0.083333,0.0,3.666667,0.08035,0.098574,0.142347
7842,169.094925,1000.0,0.82694,0.825324,0.043478,0.0,0.08864,44268.0,0.181023,0.344223,0.162458,0.315874,-0.054989,0.579707,10.613888,-0.02,-0.8,-0.02,-0.25,-0.6,-2.0,0.499206,-0.162316,-0.010732,0.0,-0.00029,-0.129282,-0.034285,-0.015476,-0.032786,0.810796,-0.091628,-0.154252,-0.012416,-0.033051,1.789835,3.947818,-0.102518,-0.001531,-0.48337,0.0,0.0,4.913043,0.075854,0.079176,0.127305
7843,165.092712,979.799988,0.766681,0.796291,0.125,0.041667,0.088524,50327.0,0.182119,0.338829,0.162755,0.326619,-0.055452,0.588496,10.489378,-0.02,-0.8,-0.02,-0.25,-0.6,-2.0,0.485718,-0.155402,-0.012491,0.0,-0.00206,-0.135453,-0.034027,-0.016065,-0.033995,0.783987,-0.099584,-0.162373,-0.013472,-0.033273,1.734399,3.816948,-0.105976,-0.00114,-0.341563,0.083333,0.0,4.625,0.126638,0.112264,0.148957
7844,166.312836,991.809998,0.763246,0.801159,0.041667,0.0,0.088342,52965.0,0.203362,0.346224,0.175542,0.338921,-0.060072,0.579941,10.570993,-0.02,-0.8,-0.02,-0.25,-0.6,-2.0,0.494824,-0.154791,-0.017314,0.0,-0.000833,-0.140001,-0.034846,-0.017126,-0.033963,0.778005,-0.093627,-0.157617,-0.013646,-0.033676,1.726595,3.903883,-0.110339,-0.0013,-0.377801,0.041667,0.0,5.041667,0.079177,0.100697,0.147599
7845,161.294312,948.22998,0.771326,0.797877,0.25,0.0,0.088561,51734.0,0.178807,0.337602,0.160049,0.308569,-0.050973,0.578892,10.61952,-0.02,-0.8,-0.02,-0.25,-0.6,-2.0,0.474634,-0.154473,-0.010356,0.0,-0.00306,-0.117806,-0.03269,-0.014482,-0.029915,0.774836,-0.101434,-0.149457,-0.012242,-0.02987,1.694841,3.741956,-0.097241,-0.002397,-0.377976,0.125,0.0,4.458333,0.08641,0.1069,0.187831
7846,161.80275,958.059998,0.791387,0.804053,0.208333,0.041667,0.088498,44792.0,0.187857,0.340259,0.167765,0.339653,-0.056774,0.602539,10.501994,-0.02,-0.8,-0.02,-0.25,-0.6,-2.0,0.485056,-0.152391,-0.011512,0.0,-0.001847,-0.127838,-0.034088,-0.015744,-0.032034,0.781048,-0.102336,-0.168434,-0.012591,-0.030206,1.721318,3.813545,-0.10598,-0.001414,-0.385258,0.0,0.083333,3.791667,0.114787,0.122132,0.148575
7847,164.721359,965.659973,0.778316,0.805298,0.173913,0.0,0.08861,49195.0,0.185083,0.335081,0.174577,0.332618,-0.057368,0.574626,10.575705,-0.02,-0.8,-0.02,-0.25,-0.6,-2.0,0.483068,-0.146793,-0.012832,0.0,-0.002826,-0.122353,-0.034004,-0.015612,-0.031895,0.771281,-0.103275,-0.182505,-0.013021,-0.029258,1.722297,3.800097,-0.106754,-0.00216,-0.362272,0.130435,0.0,4.130435,0.111343,0.111537,0.150119
7848,167.749115,984.609985,0.792107,0.807267,0.041667,0.0,0.088525,53178.0,0.185646,0.334794,0.154977,0.308432,-0.054017,0.554415,10.449571,-0.02,-0.8,-0.02,-0.25,-0.6,-2.0,0.491298,-0.159084,-0.019202,0.0,-0.000833,-0.128178,-0.034289,-0.016054,-0.033052,0.779186,-0.092384,-0.159242,-0.01242,-0.03002,1.747518,3.903907,-0.105187,-0.002257,-0.279317,0.041667,0.0,4.25,0.129196,0.097881,0.149172
7849,168.917877,995.460022,0.811925,0.82654,0.086957,0.0,0.088406,53738.0,0.189452,0.3493,0.163137,0.332487,-0.057582,0.592558,10.474021,-0.02,-0.8,-0.02,-0.25,-0.6,-2.0,0.494989,-0.160629,-0.014519,0.0,-0.000783,-0.135857,-0.035281,-0.017329,-0.035756,0.789109,-0.103111,-0.168693,-0.013956,-0.032273,1.754683,3.85567,-0.108649,-0.001364,-0.385186,0.0,0.043478,4.782609,0.132475,0.088608,0.14671
7850,167.3936,957.099976,0.794803,0.785813,0.25,0.0,0.088624,49365.0,0.17107,0.321149,0.169543,0.324786,-0.053073,0.602425,10.534885,-0.02,-0.8,-0.02,-0.25,-0.6,-2.0,0.481974,-0.149784,-0.014115,0.0,-0.002819,-0.125283,-0.032903,-0.015132,-0.030222,0.767877,-0.093557,-0.164977,-0.010892,-0.029347,1.746231,3.840063,-0.100081,-0.000988,-0.228212,0.083333,0.0,4.208333,0.068519,0.139561,0.155365
7851,164.098099,974.330017,0.785248,0.813805,0.166667,0.0,0.088435,44164.0,0.193927,0.343453,0.161686,0.316088,-0.052973,0.562671,10.477076,-0.02,-0.8,-0.02,-0.25,-0.6,-2.0,0.491827,-0.152101,-0.014221,0.0,-0.001118,-0.130244,-0.03419,-0.015632,-0.033515,0.776983,-0.103886,-0.167907,-0.013729,-0.033688,1.730191,3.850647,-0.101913,-0.001495,-0.354706,0.041667,0.0,4.958333,0.094513,0.103327,0.131549
7852,162.215958,965.789978,0.770759,0.797585,0.25,0.0,0.088567,51177.0,0.196826,0.331476,0.161112,0.311868,-0.053084,0.559535,10.450666,-0.02,-0.8,-0.02,-0.25,-0.6,-2.0,0.474742,-0.141058,-0.015057,0.0,-0.003264,-0.120381,-0.033273,-0.015067,-0.031305,0.747387,-0.100614,-0.174528,-0.012403,-0.030279,1.655518,3.71192,-0.100071,-0.001694,-0.385565,0.083333,0.0,4.125,0.131985,0.140364,0.161684
7853,154.105652,915.789978,0.7329,0.770095,0.375,0.125,0.088852,52248.0,0.192795,0.324716,0.158363,0.314764,-0.054616,0.555477,10.658454,-0.02,-0.8,-0.02,-0.25,-0.6,-2.0,0.463755,-0.147898,-0.012131,0.0,-0.004333,-0.128783,-0.032413,-0.015249,-0.031189,0.739986,-0.107433,-0.160696,-0.01384,-0.03085,1.618861,3.637313,-0.101153,-0.002595,-0.287834,0.125,0.0,4.708333,0.11091,0.113661,0.196246
7854,163.121872,959.330017,0.763101,0.812109,0.208333,0.041667,0.088923,49929.0,0.180269,0.33238,0.165915,0.332885,-0.058063,0.586413,10.646105,-0.02,-0.8,-0.02,-0.25,-0.6,-2.0,0.485273,-0.149778,-0.015141,0.0,-0.001661,-0.126018,-0.033912,-0.016225,-0.032797,0.772108,-0.0927,-0.159814,-0.012003,-0.029687,1.730259,3.837966,-0.107611,-0.001535,-0.460194,0.0,0.041667,4.25,0.074469,0.100004,0.145142
7855,164.672714,982.710022,0.788747,0.817099,0.125,0.0,0.08865,43336.0,0.186694,0.334802,0.161536,0.314653,-0.055831,0.57688,10.573792,-0.02,-0.8,-0.02,-0.25,-0.6,-2.0,0.48921,-0.155796,-0.013155,0.0,-0.001226,-0.132339,-0.033832,-0.015601,-0.032354,0.787702,-0.094377,-0.150102,-0.013443,-0.03406,1.7409,3.877317,-0.102979,-0.00168,-0.478329,0.041667,0.0,4.875,0.085612,0.094256,0.142375
7856,166.575562,975.049988,0.783108,0.806401,0.166667,0.041667,0.088699,48847.0,0.179753,0.333993,0.17313,0.351932,-0.061542,0.614747,10.471731,-0.02,-0.8,-0.02,-0.25,-0.6,-2.0,0.483168,-0.159578,-0.01169,0.0,-0.002306,-0.142101,-0.034553,-0.018155,-0.034274,0.777863,-0.104012,-0.159241,-0.014572,-0.033438,1.723872,3.779341,-0.111905,-0.002221,-0.350117,0.041667,0.0,4.0,0.103532,0.095783,0.12387
7857,162.351059,968.070007,0.747626,0.798989,0.125,0.041667,0.088922,52816.0,0.195467,0.34025,0.160281,0.325501,-0.057725,0.575046,10.453022,-0.02,-0.8,-0.02,-0.25,-0.6,-2.0,0.478074,-0.156066,-0.01711,0.0,-0.003766,-0.127138,-0.033808,-0.01648,-0.032669,0.763555,-0.118972,-0.176152,-0.014732,-0.030499,1.674653,3.738724,-0.105794,-0.001854,-0.276535,0.083333,0.0,3.875,0.096972,0.119176,0.196354
7858,160.181213,949.76001,0.775648,0.79361,0.333333,0.0,0.089062,52248.0,0.187492,0.333643,0.163824,0.301097,-0.050931,0.538486,10.793864,-0.02,-0.8,-0.02,-0.25,-0.6,-2.0,0.480733,-0.146828,-0.020563,0.0,-0.002183,-0.120944,-0.033255,-0.014972,-0.03146,0.762519,-0.098274,-0.160583,-0.012211,-0.030057,1.699521,3.783641,-0.097383,-0.001403,-0.327878,0.0,0.0,5.041667,0.152111,0.117441,0.167599
7859,155.986343,923.190002,0.754256,0.786417,0.416667,0.0,0.08912,43484.0,0.179405,0.332251,0.163669,0.316149,-0.054035,0.568677,10.549236,-0.02,-0.8,-0.02,-0.25,-0.6,-2.0,0.473031,-0.14689,-0.013573,0.0,-0.003403,-0.120033,-0.033219,-0.015588,-0.030297,0.752125,-0.101011,-0.170726,-0.012624,-0.02762,1.692218,3.704297,-0.101349,-0.001369,-0.304893,0.125,0.041667,5.041667,0.119302,0.1119,0.18905
7860,161.621567,946.650024,0.753377,0.769111,0.416667,0.0,0.089268,48481.0,0.164165,0.315428,0.159063,0.280454,-0.049791,0.522581,10.620993,-0.02,-0.8,-0.02,-0.25,-0.6,-2.0,0.466111,-0.142781,-0.01005,0.0,-0.003361,-0.125027,-0.031573,-0.014108,-0.030963,0.761648,-0.099933,-0.15903,-0.012669,-0.033113,1.689137,3.698612,-0.092351,-0.001524,-0.315659,0.041667,0.0,4.5,0.070067,0.118297,0.171557
7861,156.023193,952.97998,0.764469,0.804092,0.333333,0.041667,0.089207,49227.0,0.187648,0.343486,0.164331,0.305245,-0.053319,0.54806,10.554252,-0.02,-0.8,-0.02,-0.25,-0.6,-2.0,0.480052,-0.153681,-0.018094,0.0,-0.002681,-0.127637,-0.033497,-0.015768,-0.031078,0.772942,-0.099883,-0.159016,-0.013273,-0.031885,1.703427,3.759929,-0.101293,-0.001431,-0.545738,0.083333,0.0,4.583333,0.127922,0.094764,0.168157
7862,165.519913,973.450012,0.781027,0.802407,0.166667,0.0,0.089026,50491.0,0.177091,0.329877,0.166325,0.307025,-0.052128,0.560328,10.405011,-0.02,-0.8,-0.02,-0.25,-0.6,-2.0,0.483062,-0.14739,-0.011292,0.0,-0.002155,-0.116953,-0.033051,-0.014426,-0.029664,0.778291,-0.096453,-0.157089,-0.012888,-0.028429,1.742241,3.83504,-0.098932,-0.003894,-0.41698,0.083333,0.0,4.25,0.075929,0.102269,0.157824
7863,165.928375,965.070007,0.762374,0.801105,0.291667,0.0,0.089361,44120.0,0.176553,0.33877,0.170136,0.317932,-0.054507,0.586734,10.520308,-0.02,-0.8,-0.02,-0.25,-0.6,-2.0,0.480578,-0.152888,-0.012117,0.0,-0.002931,-0.130815,-0.033362,-0.015442,-0.031373,0.782039,-0.105217,-0.165505,-0.012285,-0.03185,1.729426,3.777967,-0.100725,-0.001384,-0.344844,0.083333,0.0,4.875,0.091957,0.108051,0.173376
7864,167.491226,980.27002,0.79605,0.812339,0.166667,0.0,0.089318,47107.0,0.191929,0.34803,0.156146,0.296912,-0.051955,0.53123,10.496157,-0.02,-0.8,-0.02,-0.25,-0.6,-2.0,0.493501,-0.157664,-0.018807,0.0,-0.001465,-0.120943,-0.033552,-0.014809,-0.031285,0.771277,-0.09657,-0.15217,-0.012386,-0.031143,1.730505,3.907084,-0.098835,-0.001466,-0.206025,0.083333,0.0,4.333333,0.13383,0.107399,0.161232
7865,166.394852,980.719971,0.784412,0.790055,0.25,0.0,0.089384,49785.0,0.198764,0.337218,0.163809,0.291239,-0.050243,0.551272,10.608933,-0.02,-0.8,-0.02,-0.25,-0.6,-2.0,0.483255,-0.142048,-0.019557,0.0,-0.003858,-0.107423,-0.032661,-0.013298,-0.027752,0.780144,-0.107201,-0.184342,-0.012427,-0.026321,1.699084,3.809625,-0.092982,-0.008607,-0.354161,0.083333,0.0,4.291667,0.103817,0.124866,0.195778
7866,166.873718,974.140015,0.806152,0.814051,0.181818,0.0,0.089264,51019.0,0.189316,0.337629,0.172372,0.313828,-0.054789,0.578602,10.536277,-0.02,-0.8,-0.02,-0.25,-0.6,-2.0,0.489015,-0.145726,-0.013434,0.0,-0.001424,-0.138902,-0.03338,-0.01507,-0.032763,0.790847,-0.094256,-0.155727,-0.012674,-0.035824,1.738771,3.866012,-0.100775,-0.0012,-0.340456,0.045455,0.0,4.454545,0.067103,0.091399,0.154985
7867,167.032211,975.02002,0.777665,0.805225,0.166667,0.041667,0.089103,45024.0,0.175338,0.32931,0.170869,0.310909,-0.052993,0.56158,10.455035,-0.02,-0.8,-0.02,-0.25,-0.6,-2.0,0.484342,-0.145357,-0.011978,0.0,-0.001446,-0.121406,-0.033294,-0.015347,-0.031852,0.786529,-0.098235,-0.160691,-0.011856,-0.029162,1.747242,3.827438,-0.100233,-0.001352,-0.382131,0.041667,0.041667,5.0,0.076273,0.099423,0.1385
7868,164.664932,971.51001,0.766925,0.79814,0.217391,0.0,0.088946,49531.0,0.186004,0.332752,0.156593,0.297874,-0.050304,0.538891,10.607218,-0.02,-0.8,-0.02,-0.25,-0.6,-2.0,0.480519,-0.15241,-0.019433,0.0,-0.002264,-0.120785,-0.032706,-0.014362,-0.030904,0.76086,-0.103847,-0.160904,-0.012572,-0.030353,1.701731,3.806152,-0.096616,-0.021492,-0.345421,0.130435,0.0,5.26087,0.09353,0.108447,0.15322
7869,166.204712,975.030029,0.772751,0.796114,0.291667,0.0,0.088933,50322.0,0.193035,0.347458,0.169831,0.324716,-0.055788,0.562136,10.506926,-0.02,-0.8,-0.02,-0.25,-0.6,-2.0,0.482812,-0.143929,-0.014281,0.0,-0.002632,-0.125487,-0.034113,-0.0161,-0.032436,0.771124,-0.1043,-0.174432,-0.012598,-0.0293,1.703377,3.758404,-0.105079,-0.001365,-0.310838,0.0,0.041667,4.583333,0.103861,0.09894,0.153627
7870,161.547958,969.75,0.771837,0.792011,0.25,0.041667,0.088839,49683.0,0.195432,0.334946,0.169726,0.33337,-0.057539,0.605079,10.499657,-0.02,-0.8,-0.02,-0.25,-0.6,-2.0,0.484139,-0.148275,-0.016292,0.0,-0.002808,-0.131764,-0.033913,-0.01603,-0.03199,0.776837,-0.104902,-0.17398,-0.014001,-0.031604,1.701988,3.802031,-0.103843,-0.001333,-0.498563,0.0,0.0,3.916667,0.11676,0.126268,0.18861
7871,167.739487,972.859985,0.806728,0.822278,0.173913,0.0,0.088575,45663.0,0.183264,0.331926,0.169086,0.31862,-0.054333,0.5943,10.397833,-0.02,-0.8,-0.02,-0.25,-0.6,-2.0,0.490796,-0.153402,-0.015748,0.0,-0.00107,-0.129731,-0.033621,-0.015014,-0.031359,0.784687,-0.088787,-0.151644,-0.012025,-0.031069,1.755561,3.899031,-0.101526,-0.001138,-0.359451,0.0,0.0,4.608696,0.069747,0.103044,0.144149
7872,160.286163,962.090027,0.768563,0.791372,0.208333,0.0,0.088393,48907.0,0.178017,0.321957,0.180909,0.309516,-0.053368,0.592183,10.386944,-0.02,-0.8,-0.02,-0.25,-0.6,-2.0,0.481808,-0.142542,-0.009952,0.0,-0.001766,-0.128108,-0.032342,-0.013891,-0.030711,0.796024,-0.094999,-0.157263,-0.011627,-0.033348,1.73585,3.821506,-0.095,-0.001438,-0.612543,0.0,0.0,22.916668,0.059037,0.090639,0.160094
7873,160.731216,955.179993,0.772595,0.789926,0.217391,0.0,0.088199,50068.0,0.189344,0.33849,0.158511,0.296786,-0.05102,0.53424,10.512442,-0.02,-0.8,-0.02,-0.25,-0.6,-2.0,0.479173,-0.143383,-0.014587,0.0,-0.002239,-0.124553,-0.033369,-0.01484,-0.030923,0.767619,-0.101672,-0.164711,-0.01349,-0.030678,1.685236,3.763902,-0.098098,-0.003154,-0.353652,0.043478,0.0,4.347826,0.071031,0.098282,0.175933
7874,162.851089,958.349976,0.791713,0.799601,0.291667,0.0,0.088237,51258.0,0.180915,0.348478,0.16109,0.316625,-0.054662,0.560243,10.282646,-0.02,-0.8,-0.02,-0.25,-0.6,-2.0,0.484306,-0.154279,-0.015524,0.0,-0.00202,-0.128141,-0.034329,-0.01765,-0.032644,0.764374,-0.106188,-0.177019,-0.014375,-0.029903,1.735785,3.772629,-0.104841,-0.001183,-0.317364,0.041667,0.0,4.416667,0.113292,0.108692,0.169012
7875,161.3461,967.799988,0.767669,0.794142,0.208333,0.041667,0.088201,45143.0,0.200701,0.342769,0.167554,0.337034,-0.058488,0.604636,10.364903,-0.02,-0.8,-0.02,-0.25,-0.6,-2.0,0.48369,-0.160092,-0.015798,0.0,-0.002618,-0.125525,-0.033287,-0.015723,-0.031605,0.775992,-0.09723,-0.154739,-0.014211,-0.029809,1.680284,3.821528,-0.105178,-0.00147,-0.523336,0.041667,0.0,4.666667,0.092017,0.10394,0.16802
7876,153.012009,924.349976,0.730134,0.733666,0.375,0.0,0.087984,48926.0,0.206863,0.332445,0.157043,0.310464,-0.05399,0.534506,10.389231,-0.02,-0.8,-0.02,-0.25,-0.6,-2.0,0.458204,-0.138791,-0.020884,0.0,-0.004629,-0.124109,-0.032395,-0.016071,-0.030416,0.718752,-0.101245,-0.170065,-0.013633,-0.029548,1.564698,3.572041,-0.099667,-0.001321,-0.285034,0.125,0.0,4.458333,0.103074,0.12934,0.206462
7877,165.935852,978.070007,0.787101,0.797142,0.041667,0.0,0.088032,49856.0,0.194513,0.340929,0.165528,0.31936,-0.053944,0.593461,10.307811,-0.02,-0.8,-0.02,-0.25,-0.6,-2.0,0.492432,-0.15883,-0.017721,0.0,-0.00075,-0.13737,-0.033452,-0.015019,-0.032476,0.784097,-0.094675,-0.151413,-0.013585,-0.035606,1.7406,3.891891,-0.099839,-0.001945,-0.390122,0.083333,0.041667,4.541667,0.104703,0.104739,0.138911
7878,160.582565,932.690002,0.785315,0.795102,0.333333,0.0,0.087947,50141.0,0.174276,0.324872,0.166461,0.290531,-0.048722,0.540883,10.331188,-0.02,-0.8,-0.02,-0.25,-0.6,-2.0,0.474265,-0.139337,-0.013406,0.0,-0.003316,-0.108328,-0.032308,-0.013546,-0.028306,0.777489,-0.098374,-0.162732,-0.011142,-0.02588,1.707371,3.757903,-0.093564,-0.002408,-0.283452,0.083333,0.0,4.708333,0.074542,0.11061,0.151774
7879,156.069168,925.330017,0.740616,0.753231,0.333333,0.0,0.087675,45088.0,0.171913,0.314501,0.169859,0.3142,-0.054154,0.573036,10.386602,-0.02,-0.8,-0.02,-0.25,-0.6,-2.0,0.453184,-0.13233,-0.013114,0.0,-0.004351,-0.121102,-0.031549,-0.015069,-0.030972,0.730255,-0.097931,-0.165639,-0.012206,-0.029693,1.612031,3.564793,-0.097409,-0.00185,-0.444312,0.083333,0.0,4.25,0.058752,0.143469,0.175015
7880,163.793427,962.72998,0.778194,0.803518,0.125,0.0,0.087789,51575.0,0.187181,0.329751,0.161655,0.315472,-0.053745,0.581561,10.488296,-0.02,-0.8,-0.02,-0.25,-0.6,-2.0,0.48191,-0.15525,-0.013381,0.0,-0.002569,-0.117775,-0.032797,-0.014597,-0.030593,0.773703,-0.098638,-0.153818,-0.01313,-0.028677,1.707334,3.822902,-0.099553,-0.001319,-0.457837,0.208333,0.0,4.75,0.09888,0.120434,0.149523
7881,166.440628,983.51001,0.791931,0.827741,0.083333,0.0,0.087771,49292.0,0.199085,0.338886,0.156058,0.309359,-0.053952,0.537902,10.293526,-0.02,-0.8,-0.02,-0.25,-0.6,-2.0,0.493224,-0.154988,-0.015395,0.0,-0.001361,-0.112716,-0.033407,-0.015125,-0.030951,0.786695,-0.096503,-0.168651,-0.013589,-0.026795,1.727643,3.900161,-0.102593,-0.001232,-0.347783,0.083333,0.0,3.958333,0.092164,0.099877,0.141825
7882,166.80191,976.619995,0.781107,0.797563,0.166667,0.041667,0.087488,49763.0,0.180283,0.329506,0.164182,0.313487,-0.053727,0.573167,10.271572,-0.02,-0.8,-0.02,-0.25,-0.6,-2.0,0.485952,-0.152958,-0.014166,0.0,-0.001875,-0.130133,-0.033137,-0.015508,-0.031821,0.769411,-0.090016,-0.149959,-0.012516,-0.031112,1.727692,3.848739,-0.099192,-0.001492,-0.34408,0.041667,0.0,3.833333,0.093835,0.111295,0.161294
7883,161.728302,946.590027,0.756011,0.749822,0.291667,0.0,0.087194,42420.0,0.161008,0.311468,0.163618,0.29948,-0.053039,0.556954,10.307995,-0.02,-0.8,-0.02,-0.25,-0.6,-2.0,0.458575,-0.14312,-0.010398,0.0,-0.003861,-0.123896,-0.031378,-0.015127,-0.030779,0.737392,-0.091917,-0.147682,-0.012008,-0.029877,1.668059,3.631471,-0.094987,-0.000984,-0.392013,0.0,0.0,4.375,0.087811,0.101833,0.191856
7884,169.584564,988.590027,0.781631,0.802785,0.086957,0.0,0.087285,51365.0,0.186291,0.347197,0.161573,0.29951,-0.05236,0.543958,10.567251,-0.02,-0.8,-0.02,-0.25,-0.6,-2.0,0.491767,-0.152679,-0.012594,0.0,-0.002087,-0.115711,-0.033221,-0.015045,-0.030314,0.793314,-0.109949,-0.171449,-0.012919,-0.028854,1.751933,3.8848,-0.098301,-0.001553,-0.274455,0.043478,0.0,4.304348,0.083815,0.120585,0.154361
7885,167.93721,969.460022,0.811788,0.805257,0.291667,0.0,0.087267,51923.0,0.176839,0.331009,0.157421,0.304813,-0.052605,0.575591,10.460596,-0.02,-0.8,-0.02,-0.25,-0.6,-2.0,0.489566,-0.151806,-0.017274,0.0,-0.001856,-0.135185,-0.033069,-0.014936,-0.032943,0.777078,-0.09444,-0.152556,-0.012822,-0.035183,1.760598,3.888897,-0.098307,-0.001204,-0.301095,0.0,0.0,5.083333,0.099433,0.101317,0.135726
7886,169.241486,988.169983,0.781736,0.824894,0.125,0.0,0.087254,50378.0,0.199064,0.345524,0.169319,0.324895,-0.055573,0.593014,10.343493,-0.02,-0.8,-0.02,-0.25,-0.6,-2.0,0.494385,-0.162065,-0.011207,0.0,-0.001185,-0.136845,-0.033837,-0.015696,-0.033244,0.795852,-0.097267,-0.153431,-0.013666,-0.035306,1.745146,3.898225,-0.102654,-0.001695,-0.336231,0.083333,0.0,5.0,0.087604,0.095697,0.141681
7887,163.429337,957.280029,0.768449,0.793706,0.208333,0.0,0.08733,50774.0,0.176998,0.322233,0.149335,0.287822,-0.050439,0.51137,10.545595,-0.02,-0.8,-0.02,-0.25,-0.6,-2.0,0.473667,-0.151113,-0.017037,0.0,-0.0025,-0.113296,-0.032144,-0.014635,-0.030199,0.767324,-0.097649,-0.151547,-0.01226,-0.028535,1.69533,3.778473,-0.096246,-0.001334,-0.289386,0.0,0.083333,4.291667,0.100868,0.107619,0.1842
7888,155.039841,911.780029,0.750718,0.743873,0.416667,0.041667,0.087221,44710.0,0.201694,0.324689,0.157919,0.311516,-0.055364,0.547714,10.441709,-0.02,-0.8,-0.02,-0.25,-0.6,-2.0,0.465652,-0.14595,-0.023309,0.0,-0.004393,-0.123041,-0.032446,-0.016297,-0.032008,0.732541,-0.100543,-0.155135,-0.012492,-0.028371,1.616684,3.675994,-0.101431,-0.001484,-0.223626,0.125,0.083333,3.666667,0.114608,0.139728,0.204641
7889,168.292496,979.76001,0.778609,0.799877,0.166667,0.0,0.087367,50601.0,0.176472,0.33668,0.154827,0.302964,-0.051814,0.539218,10.455372,-0.02,-0.8,-0.02,-0.25,-0.6,-2.0,0.478966,-0.152797,-0.01218,0.0,-0.002361,-0.117533,-0.032486,-0.014418,-0.030373,0.769076,-0.104524,-0.159245,-0.012609,-0.028945,1.709781,3.77262,-0.097952,-0.001055,-0.288441,0.0,0.0,4.458333,0.085808,0.085884,0.157568
7890,164.811859,969.169983,0.797006,0.795007,0.291667,0.0,0.087484,49478.0,0.181218,0.340308,0.158316,0.303727,-0.051762,0.544772,10.403931,-0.02,-0.8,-0.02,-0.25,-0.6,-2.0,0.486885,-0.151271,-0.014168,0.0,-0.002837,-0.116137,-0.032568,-0.014307,-0.031187,0.781765,-0.101161,-0.149509,-0.011277,-0.029074,1.728101,3.859665,-0.097401,-0.001211,-0.332084,0.125,0.0,4.166667,0.105584,0.11376,0.156803
7891,168.342697,966.549988,0.795128,0.815995,0.217391,0.043478,0.087304,51004.0,0.174475,0.325872,0.170237,0.315954,-0.053874,0.587739,10.372966,-0.02,-0.8,-0.02,-0.25,-0.6,-2.0,0.485441,-0.149094,-0.009878,0.0,-0.0025,-0.125215,-0.033257,-0.015146,-0.032202,0.788949,-0.093076,-0.150946,-0.011644,-0.031543,1.757328,3.852719,-0.100248,-0.001318,-0.295786,0.086957,0.0,4.478261,0.078159,0.098155,0.152472
7892,163.095032,960.349976,0.796659,0.815129,0.125,0.0,0.087411,44908.0,0.187853,0.330598,0.168096,0.331195,-0.056851,0.607199,10.3771,-0.02,-0.8,-0.02,-0.25,-0.6,-2.0,0.483992,-0.159101,-0.012425,0.0,-0.001599,-0.140444,-0.033326,-0.016209,-0.033094,0.792156,-0.09918,-0.17096,-0.013622,-0.034532,1.71601,3.821619,-0.103165,-0.001824,-0.354437,0.083333,0.0,4.666667,0.095078,0.093129,0.14255
7893,157.309143,920.929993,0.779685,0.77766,0.375,0.0,0.087258,49466.0,0.188501,0.328485,0.156663,0.306254,-0.053004,0.552529,10.401283,-0.02,-0.8,-0.02,-0.25,-0.6,-2.0,0.472273,-0.149281,-0.012494,0.0,-0.003414,-0.120262,-0.032302,-0.014568,-0.030434,0.76129,-0.10486,-0.166089,-0.012399,-0.029243,1.671702,3.725829,-0.09801,-0.001373,-0.268931,0.166667,0.0,4.166667,0.100979,0.121764,0.187894
7894,164.899185,973.359985,0.792493,0.799209,0.166667,0.0,0.087295,48612.0,0.201355,0.33558,0.161106,0.309078,-0.054038,0.530756,10.291151,-0.02,-0.8,-0.02,-0.25,-0.6,-2.0,0.484284,-0.150994,-0.023709,0.0,-0.002602,-0.121419,-0.032924,-0.014551,-0.031494,0.754815,-0.097112,-0.162318,-0.011737,-0.031007,1.685944,3.822428,-0.099357,-0.002379,-0.333117,0.083333,0.083333,4.666667,0.13058,0.124086,0.1589
7895,167.078827,977.200012,0.791928,0.807535,0.25,0.0,0.087133,49110.0,0.197373,0.338914,0.167632,0.318556,-0.056244,0.571178,10.422569,-0.02,-0.8,-0.02,-0.25,-0.6,-2.0,0.484078,-0.148435,-0.011599,0.0,-0.003181,-0.123926,-0.032999,-0.015392,-0.030011,0.786949,-0.101654,-0.174455,-0.014047,-0.031585,1.700694,3.831076,-0.100091,-0.002486,-0.33468,0.083333,0.0,4.291667,0.066447,0.098377,0.159559
7896,166.978287,974.169983,0.789226,0.788523,0.166667,0.0,0.087003,46125.0,0.179206,0.333648,0.171026,0.316564,-0.054711,0.584734,10.382656,-0.02,-0.8,-0.02,-0.25,-0.6,-2.0,0.488066,-0.146941,-0.016781,0.0,-0.002391,-0.131254,-0.03278,-0.014909,-0.031043,0.785459,-0.094745,-0.159852,-0.012837,-0.033531,1.754004,3.87012,-0.097893,-0.001371,-0.291074,0.166667,0.0,4.791667,0.079128,0.109635,0.156319
7897,167.248917,972.179993,0.798475,0.799865,0.041667,0.0,0.08676,55375.0,0.184029,0.338925,0.173906,0.32088,-0.054652,0.600628,10.171337,-0.02,-0.8,-0.02,-0.25,-0.6,-2.0,0.486629,-0.15089,-0.013982,0.0,-0.001444,-0.125424,-0.032945,-0.015235,-0.0311,0.793335,-0.095569,-0.158307,-0.013269,-0.031806,1.744693,3.838717,-0.097875,-0.001555,-0.375898,0.125,0.0,4.5,0.076981,0.099704,0.134933
7898,168.694199,984.690002,0.786799,0.819456,0.125,0.0,0.086801,55520.0,0.181887,0.344962,0.161411,0.310717,-0.053453,0.561196,10.239434,-0.02,-0.8,-0.02,-0.25,-0.6,-2.0,0.494877,-0.154999,-0.012563,0.0,-0.001319,-0.134247,-0.033557,-0.015621,-0.033585,0.786119,-0.098639,-0.163084,-0.014155,-0.032993,1.772083,3.899952,-0.099971,-0.000981,-0.245169,0.083333,0.0,3.791667,0.094858,0.117592,0.139087
7899,163.992279,976.679993,0.78889,0.794728,0.083333,0.0,0.087218,55384.0,0.22116,0.343754,0.166971,0.323695,-0.054594,0.577495,10.30628,-0.02,-0.8,-0.02,-0.25,-0.6,-2.0,0.487696,-0.157436,-0.015392,0.0,-0.001514,-0.130849,-0.032692,-0.01491,-0.031729,0.780214,-0.100498,-0.168128,-0.013675,-0.035322,1.662627,3.840673,-0.097424,-0.001857,-0.338212,0.125,0.0,3.958333,0.118106,0.095553,0.136133
7900,162.99205,955.01001,0.786517,0.779464,0.416667,0.0,0.08714,48739.0,0.195294,0.337963,0.153122,0.286676,-0.050417,0.516043,10.393105,-0.02,-0.8,-0.02,-0.25,-0.6,-2.0,0.473917,-0.146403,-0.014996,0.0,-0.003665,-0.119824,-0.031689,-0.013889,-0.029895,0.754899,-0.097934,-0.160367,-0.013141,-0.031873,1.663728,3.725639,-0.091123,-0.007335,-0.272049,0.125,0.0,4.625,0.111584,0.121975,0.198145
7901,166.375549,966.700012,0.797395,0.815486,0.125,0.041667,0.087073,55570.0,0.18793,0.337848,0.167324,0.315894,-0.053409,0.57055,10.440407,-0.02,-0.8,-0.02,-0.25,-0.6,-2.0,0.486424,-0.155161,-0.014033,0.0,-0.000972,-0.115614,-0.032457,-0.014758,-0.030521,0.78319,-0.092512,-0.156415,-0.012296,-0.029304,1.727774,3.848742,-0.097084,-0.002234,-0.321962,0.041667,0.083333,5.5,0.097487,0.096101,0.135172
7902,168.734818,969.030029,0.810201,0.820202,0.166667,0.0,0.087256,55090.0,0.172485,0.340157,0.165256,0.309192,-0.053747,0.563975,10.577948,-0.02,-0.8,-0.02,-0.25,-0.6,-2.0,0.489637,-0.159468,-0.010981,0.0,-0.001521,-0.127167,-0.032358,-0.014668,-0.03077,0.792447,-0.093944,-0.148389,-0.013257,-0.031937,1.770389,3.89211,-0.09703,-0.001206,-0.30434,0.041667,0.0,4.791667,0.071095,0.095647,0.13988
7903,160.059708,953.719971,0.762987,0.779829,0.333333,0.0,0.087342,55633.0,0.187025,0.330318,0.172368,0.329877,-0.056274,0.590029,10.419855,-0.02,-0.8,-0.02,-0.25,-0.6,-2.0,0.476714,-0.150316,-0.015519,0.0,-0.00313,-0.126525,-0.032459,-0.01554,-0.031105,0.762062,-0.099962,-0.163098,-0.013317,-0.029862,1.680937,3.762548,-0.100106,-0.001723,-0.524046,0.041667,0.083333,4.416667,0.108082,0.120948,0.18517
7904,168.343384,981.690002,0.807084,0.825517,0.041667,0.041667,0.087383,55323.0,0.198797,0.334314,0.179489,0.348887,-0.057331,0.619239,10.353802,-0.02,-0.8,-0.02,-0.25,-0.6,-2.0,0.49296,-0.153529,-0.015497,0.0,-0.001028,-0.122932,-0.033501,-0.015655,-0.031421,0.793314,-0.090294,-0.147016,-0.01182,-0.028205,1.728466,3.90805,-0.103926,-0.001444,-0.360938,0.041667,0.0,4.5,0.080133,0.100305,0.14933
7905,167.627533,998.219971,0.819534,0.832778,0.041667,0.0,0.08736,48228.0,0.209266,0.34024,0.161016,0.317585,-0.054543,0.567636,10.341497,-0.02,-0.8,-0.02,-0.25,-0.6,-2.0,0.499385,-0.160761,-0.020258,0.0,-0.000278,-0.129007,-0.033235,-0.015119,-0.031562,0.805696,-0.094325,-0.1583,-0.013225,-0.033466,1.744294,3.968898,-0.099953,-0.001453,-0.484524,0.0,0.0,4.541667,0.091142,0.099205,0.126691
7906,165.991074,972.640015,0.791657,0.800216,0.125,0.0,0.087413,55820.0,0.200678,0.329536,0.15962,0.31309,-0.052503,0.549733,10.449704,-0.02,-0.8,-0.02,-0.25,-0.6,-2.0,0.486034,-0.155164,-0.024129,0.0,-0.002083,-0.124969,-0.032137,-0.014537,-0.029732,0.776365,-0.097842,-0.159202,-0.012453,-0.031184,1.68169,3.867236,-0.097002,-0.001094,-0.269027,0.083333,0.0,4.25,0.099312,0.100131,0.145044
7907,164.209198,968.679993,0.765015,0.801574,0.208333,0.041667,0.087251,55732.0,0.20935,0.353135,0.156057,0.301119,-0.051622,0.53253,10.375317,-0.02,-0.8,-0.02,-0.25,-0.6,-2.0,0.486847,-0.150693,-0.021714,0.0,-0.002389,-0.117376,-0.032928,-0.014576,-0.031419,0.75994,-0.107223,-0.176591,-0.012847,-0.029112,1.682105,3.835638,-0.09744,-0.001732,-0.374664,0.0,0.0,4.291667,0.109528,0.12745,0.170761
7908,166.922256,966.450012,0.793279,0.80399,0.26087,0.0,0.087206,55102.0,0.182174,0.329128,0.170355,0.315196,-0.053261,0.569935,10.38061,-0.02,-0.8,-0.02,-0.25,-0.6,-2.0,0.486916,-0.140865,-0.027193,0.0,-0.003519,-0.124871,-0.032878,-0.015033,-0.031823,0.778484,-0.105113,-0.161266,-0.011498,-0.031028,1.737996,3.855087,-0.097753,-0.001909,-0.300007,0.086957,0.043478,4.695652,0.089245,0.120839,0.175927
7909,170.398407,987.48999,0.788888,0.808317,0.041667,0.0,0.087208,47452.0,0.187571,0.338637,0.174332,0.330239,-0.057587,0.579949,10.381809,-0.02,-0.8,-0.02,-0.25,-0.6,-2.0,0.488896,-0.147403,-0.014064,0.0,-0.001071,-0.12847,-0.033653,-0.016677,-0.033026,0.782121,-0.094668,-0.164567,-0.012731,-0.031643,1.735317,3.866215,-0.10464,-0.000905,-0.3516,0.041667,0.0,5.333333,0.081166,0.088365,0.139525
7910,166.901703,967.580017,0.779173,0.790091,0.391304,0.0,0.087259,44436.0,0.185656,0.322187,0.150942,0.302586,-0.051524,0.538424,10.389555,-0.02,-0.8,-0.02,-0.25,-0.6,-2.0,0.478461,-0.1508,-0.013534,0.0,-0.002934,-0.117657,-0.031772,-0.014428,-0.02938,0.76172,-0.096041,-0.154267,-0.011416,-0.028559,1.679165,3.834933,-0.095917,-0.00111,-0.268015,0.043478,0.0,4.521739,0.070608,0.113774,0.170496
7911,162.547104,957.23999,0.765557,0.791968,0.166667,0.0,0.08718,38949.0,0.193994,0.326374,0.170866,0.323817,-0.055752,0.577934,10.584722,-0.02,-0.8,-0.02,-0.25,-0.6,-2.0,0.480855,-0.151904,-0.018931,0.0,-0.002016,-0.118257,-0.032589,-0.015211,-0.03037,0.769901,-0.095292,-0.163577,-0.012929,-0.027737,1.687525,3.816993,-0.100592,-0.001545,-0.428454,0.125,0.041667,4.625,0.098529,0.120693,0.159855
7912,172.111496,999.119995,0.809756,0.841653,0.083333,0.0,0.087174,38977.0,0.182233,0.334558,0.176072,0.326463,-0.057824,0.58592,10.401378,-0.02,-0.8,-0.02,-0.25,-0.6,-2.0,0.498238,-0.156216,-0.012891,0.0,-0.000571,-0.148966,-0.033628,-0.016491,-0.034314,0.804346,-0.092609,-0.1554,-0.012122,-0.038437,1.782365,3.966729,-0.103657,-0.001509,-0.434253,0.0,0.0,4.375,0.110674,0.103616,0.136538
7913,171.354645,988.289978,0.757192,0.767864,0.26087,0.0,0.08734,38596.0,0.190503,0.315477,0.164184,0.313415,-0.053918,0.573156,10.642512,-0.02,-0.8,-0.02,-0.25,-0.6,-2.0,0.467132,-0.145223,-0.016686,0.0,-0.003801,-0.124317,-0.031331,-0.015091,-0.029692,0.742791,-0.098954,-0.14964,-0.013169,-0.029724,1.64711,3.725757,-0.09508,-0.0011,-0.41548,0.043478,0.130435,22.826088,0.064449,0.120544,0.200383
7914,156.857925,924.669983,0.750121,0.766951,0.375,0.0,0.087409,39106.0,0.202874,0.330199,0.162997,0.30779,-0.05479,0.540325,10.480071,-0.02,-0.8,-0.02,-0.25,-0.6,-2.0,0.467617,-0.138533,-0.021399,0.0,-0.003733,-0.115844,-0.032158,-0.015819,-0.029436,0.739276,-0.098888,-0.16142,-0.012467,-0.02737,1.616024,3.670373,-0.099026,-0.00155,-0.26339,0.083333,0.0,4.291667,0.067069,0.098181,0.180618
7915,161.129028,940.789978,0.771497,0.77023,0.291667,0.0,0.087413,38358.0,0.17538,0.332185,0.148178,0.279138,-0.047795,0.518026,10.478932,-0.02,-0.8,-0.02,-0.25,-0.6,-2.0,0.468071,-0.146407,-0.010819,0.0,-0.003766,-0.106155,-0.030985,-0.012965,-0.028668,0.75605,-0.099774,-0.16197,-0.012105,-0.027786,1.673253,3.70134,-0.088458,-0.001069,-0.316801,0.0,0.083333,4.208333,0.106724,0.094516,0.183745
7916,172.956711,994.929993,0.804623,0.8334,0.083333,0.041667,0.087638,36000.0,0.180165,0.329919,0.171253,0.320041,-0.05394,0.597486,10.297918,-0.02,-0.8,-0.02,-0.25,-0.6,-2.0,0.497904,-0.152993,-0.011045,0.0,-0.00078,-0.119464,-0.032854,-0.014509,-0.030319,0.79959,-0.089305,-0.147831,-0.012247,-0.029646,1.789067,3.974776,-0.097569,-0.001395,-0.355651,0.041667,0.0,4.583333,0.092614,0.094017,0.131773
7917,167.522415,970.51001,0.787512,0.807637,0.125,0.0,0.087468,38789.0,0.181591,0.335315,0.168674,0.308867,-0.054713,0.553777,10.324027,-0.02,-0.8,-0.02,-0.25,-0.6,-2.0,0.485846,-0.147955,-0.015662,0.0,-0.001444,-0.126249,-0.032501,-0.01529,-0.032739,0.772986,-0.089734,-0.150208,-0.01157,-0.030375,1.733349,3.855908,-0.09879,-0.000952,-0.327131,0.041667,0.0,4.666667,0.075364,0.099505,0.152736
7918,167.640732,981.539978,0.775982,0.803181,0.125,0.041667,0.087305,37715.0,0.199662,0.356355,0.167647,0.308515,-0.052616,0.567189,10.459338,-0.02,-0.8,-0.02,-0.25,-0.6,-2.0,0.492455,-0.15192,-0.013218,0.0,-0.001804,-0.122351,-0.033297,-0.014419,-0.030904,0.801476,-0.106831,-0.184092,-0.014041,-0.032367,1.742918,3.866992,-0.095279,-0.003146,-0.316621,0.125,0.0,4.708333,0.102801,0.107106,0.146643
7919,166.780869,989.77002,0.79875,0.811918,0.166667,0.0,0.087363,36554.0,0.202303,0.341106,0.180385,0.337302,-0.058761,0.602508,10.452626,-0.02,-0.8,-0.02,-0.25,-0.6,-2.0,0.494804,-0.15145,-0.014966,0.0,-0.001125,-0.128566,-0.033551,-0.015512,-0.032292,0.801948,-0.089972,-0.149082,-0.012311,-0.032597,1.728575,3.914384,-0.102977,-0.00114,-0.54434,0.0,0.0,4.625,0.10462,0.115814,0.153288
7920,170.728912,992.840027,0.803106,0.818544,0.125,0.0,0.087103,49822.0,0.186066,0.342541,0.174897,0.320071,-0.054684,0.594855,10.478098,-0.02,-0.8,-0.02,-0.25,-0.6,-2.0,0.497423,-0.140377,-0.013432,0.0,-0.001071,-0.122617,-0.033183,-0.01497,-0.031596,0.804414,-0.093178,-0.162383,-0.012161,-0.030958,1.779694,3.92733,-0.09826,-0.001197,-0.335186,0.0,0.041667,4.375,0.074966,0.102698,0.156211
7921,162.33963,950.380005,0.777729,0.806071,0.166667,0.0,0.087042,50743.0,0.195217,0.339314,0.167658,0.324593,-0.056159,0.572637,10.436427,-0.02,-0.8,-0.02,-0.25,-0.6,-2.0,0.478533,-0.148982,-0.010301,0.0,-0.002854,-0.123444,-0.03254,-0.015428,-0.0323,0.772274,-0.10006,-0.16174,-0.014092,-0.031039,1.675733,3.748297,-0.10001,-0.001389,-0.366034,0.166667,0.0,4.75,0.084668,0.10921,0.151804
7922,164.60936,962.22998,0.779428,0.803138,0.166667,0.0,0.086912,50371.0,0.175621,0.322598,0.172713,0.318126,-0.053055,0.590196,10.503291,-0.02,-0.8,-0.02,-0.25,-0.6,-2.0,0.480492,-0.14657,-0.010432,0.0,-0.002903,-0.110005,-0.032061,-0.014007,-0.029383,0.779754,-0.092361,-0.142106,-0.011523,-0.02542,1.722332,3.837479,-0.096671,-0.001125,-0.418141,0.083333,0.0,3.958333,0.114062,0.107305,0.15358
7923,160.940369,957.820007,0.772284,0.79871,0.173913,0.0,0.087068,45638.0,0.191057,0.333917,0.174388,0.326385,-0.057556,0.562456,10.410076,-0.02,-0.8,-0.02,-0.25,-0.6,-2.0,0.480567,-0.145891,-0.011607,0.0,-0.002656,-0.12087,-0.033318,-0.015703,-0.031402,0.767691,-0.104259,-0.174501,-0.012972,-0.028595,1.690099,3.783063,-0.103123,-0.001531,-0.432486,0.173913,0.0,4.434783,0.113111,0.109785,0.151964
7924,158.008987,923.580017,0.769281,0.769533,0.375,0.0,0.087035,49631.0,0.168271,0.323586,0.152809,0.279667,-0.049635,0.518938,10.435991,-0.02,-0.8,-0.02,-0.25,-0.6,-2.0,0.467946,-0.147051,-0.010132,0.0,-0.004639,-0.116802,-0.030656,-0.013266,-0.029488,0.763751,-0.096365,-0.155072,-0.01277,-0.032225,1.690283,3.73379,-0.090041,-0.001414,-0.25237,0.25,0.0,3.583333,0.086397,0.143649,0.187929
7925,164.550903,953.429993,0.789199,0.800937,0.291667,0.0,0.08685,49262.0,0.179694,0.32964,0.162833,0.312359,-0.055185,0.56265,10.401619,-0.02,-0.8,-0.02,-0.25,-0.6,-2.0,0.480228,-0.149473,-0.012746,0.0,-0.00231,-0.130578,-0.032547,-0.01591,-0.031853,0.77855,-0.095921,-0.166203,-0.012827,-0.031986,1.718606,3.805469,-0.09973,-0.001622,-0.272134,0.041667,0.0,4.833333,0.082773,0.100359,0.144255
7926,167.59111,982.820007,0.806655,0.816802,0.130435,0.0,0.086917,50491.0,0.185243,0.333377,0.160595,0.315564,-0.052753,0.578426,10.389151,-0.02,-0.8,-0.02,-0.25,-0.6,-2.0,0.491136,-0.153076,-0.011419,0.0,-0.00171,-0.128416,-0.032169,-0.014842,-0.032126,0.797314,-0.08921,-0.154039,-0.013002,-0.034671,1.750802,3.923983,-0.096396,-0.002269,-0.326831,0.043478,0.043478,4.478261,0.067281,0.116986,0.132842
7927,171.295731,988.809998,0.789649,0.819132,0.083333,0.0,0.086863,44839.0,0.19634,0.337631,0.165759,0.310811,-0.052863,0.556552,10.436213,-0.02,-0.8,-0.02,-0.25,-0.6,-2.0,0.494022,-0.150263,-0.013392,0.0,-0.001389,-0.121899,-0.032537,-0.01428,-0.030735,0.791757,-0.094634,-0.155019,-0.012612,-0.031007,1.735075,3.928953,-0.095682,-0.001656,-0.342728,0.041667,0.0,4.708333,0.089591,0.095795,0.142475
7928,167.065979,972.109985,0.802428,0.791651,0.166667,0.0,0.086871,49083.0,0.185904,0.32485,0.150465,0.286473,-0.051253,0.526317,10.448938,-0.02,-0.8,-0.02,-0.25,-0.6,-2.0,0.483153,-0.153724,-0.01226,0.0,-0.001804,-0.119165,-0.031791,-0.014063,-0.029681,0.782583,-0.091311,-0.149021,-0.012225,-0.031096,1.704092,3.864126,-0.094025,-0.001648,-0.268696,0.041667,0.0,5.166667,0.06806,0.099113,0.138371
7929,159.409866,947.75,0.773502,0.787465,0.291667,0.041667,0.086705,49625.0,0.191473,0.321949,0.162763,0.316846,-0.054053,0.578929,10.367092,-0.02,-0.8,-0.02,-0.25,-0.6,-2.0,0.470107,-0.147224,-0.011501,0.0,-0.003627,-0.125158,-0.031788,-0.01528,-0.03116,0.759644,-0.103564,-0.161237,-0.013237,-0.031223,1.645102,3.722258,-0.096752,-0.001626,-0.499477,0.166667,0.0,4.208333,0.100683,0.123159,0.169806
7930,166.104797,975.130005,0.791075,0.80589,0.173913,0.0,0.086827,51350.0,0.185103,0.341656,0.17445,0.317065,-0.056536,0.551022,10.359504,-0.02,-0.8,-0.02,-0.25,-0.6,-2.0,0.486739,-0.148939,-0.01151,0.0,-0.0017,-0.120397,-0.033255,-0.01569,-0.031734,0.787115,-0.101951,-0.166431,-0.011968,-0.02885,1.731571,3.822941,-0.101335,-0.001324,-0.244773,0.0,0.0,3.913043,0.115503,0.098716,0.141838
7931,161.845581,956.630005,0.761457,0.786549,0.25,0.0,0.086865,50590.0,0.1828,0.3308,0.16361,0.314656,-0.054837,0.572162,10.434241,-0.02,-0.8,-0.02,-0.25,-0.6,-2.0,0.480176,-0.153365,-0.01152,0.0,-0.002641,-0.123656,-0.032272,-0.015492,-0.03054,0.779688,-0.099227,-0.158171,-0.013494,-0.031219,1.709118,3.798367,-0.097985,-0.001379,-0.393427,0.125,0.0,4.25,0.083894,0.121951,0.146514
7932,165.21727,972.799988,0.787044,0.807967,0.166667,0.0,0.086836,36160.0,0.18775,0.346528,0.162158,0.313538,-0.055131,0.560641,10.174357,-0.02,-0.8,-0.02,-0.25,-0.6,-2.0,0.481538,-0.149977,-0.013274,0.0,-0.002714,-0.135001,-0.032996,-0.016016,-0.033341,0.773667,-0.107372,-0.172106,-0.014568,-0.034649,1.701916,3.7556,-0.099282,-0.001652,-0.306332,0.083333,0.0,4.541667,0.120267,0.116607,0.164018
7933,168.777145,993.789978,0.790833,0.826839,0.0,0.0,0.086842,37387.0,0.204801,0.350316,0.168452,0.335673,-0.060123,0.575847,10.414638,-0.02,-0.8,-0.02,-0.25,-0.6,-2.0,0.496767,-0.153752,-0.015221,0.0,-0.000417,-0.142879,-0.034641,-0.017693,-0.035929,0.783852,-0.099186,-0.168858,-0.015426,-0.034887,1.727956,3.871213,-0.107904,-0.0013,-0.274657,0.041667,0.0,4.083333,0.088984,0.093894,0.111517
7934,172.547318,993.320007,0.792045,0.830465,0.041667,0.0,0.086665,41957.0,0.185727,0.347625,0.185626,0.353933,-0.061403,0.631768,10.376575,-0.02,-0.8,-0.02,-0.25,-0.6,-2.0,0.497109,-0.154401,-0.010732,0.0,-0.001167,-0.147692,-0.034091,-0.017391,-0.035383,0.810736,-0.102907,-0.171903,-0.0138,-0.036908,1.780838,3.910315,-0.108422,-0.003354,-0.292358,0.041667,0.0,4.625,0.103382,0.099839,0.146617
7935,167.389938,972.369995,0.759087,0.784395,0.291667,0.0,0.086667,36589.0,0.177467,0.326266,0.160991,0.3133,-0.054605,0.557802,10.391295,-0.02,-0.8,-0.02,-0.25,-0.6,-2.0,0.47458,-0.151738,-0.011358,0.0,-0.004213,-0.114318,-0.031425,-0.014361,-0.029376,0.75306,-0.094287,-0.143367,-0.011605,-0.027341,1.68201,3.790347,-0.0981,-0.001582,-0.321171,0.0,0.0,4.291667,0.124148,0.119457,0.179849
7936,163.525696,952.280029,0.796874,0.798228,0.291667,0.0,0.086879,41041.0,0.178129,0.333544,0.149638,0.292254,-0.04976,0.537601,10.333514,-0.02,-0.8,-0.02,-0.25,-0.6,-2.0,0.479597,-0.153918,-0.009399,0.0,-0.002046,-0.113081,-0.031445,-0.013866,-0.029236,0.771322,-0.095448,-0.151962,-0.013517,-0.02967,1.715357,3.806625,-0.092316,-0.001444,-0.330975,0.083333,0.0,4.791667,0.084525,0.096583,0.154292
7937,169.692963,985.140015,0.803982,0.821824,0.083333,0.0,0.086802,40910.0,0.192675,0.35384,0.166287,0.317119,-0.054382,0.571788,10.289776,-0.02,-0.8,-0.02,-0.25,-0.6,-2.0,0.493062,-0.151097,-0.021128,0.0,-0.000988,-0.125842,-0.033074,-0.015119,-0.031408,0.786388,-0.099726,-0.158877,-0.013346,-0.03262,1.741265,3.886133,-0.099486,-0.001338,-0.296775,0.041667,0.0,4.583333,0.091572,0.097649,0.152028
7938,165.210526,964.429993,0.799134,0.816745,0.25,0.0,0.086932,36659.0,0.185652,0.337294,0.16737,0.335095,-0.057415,0.62026,10.325255,-0.02,-0.8,-0.02,-0.25,-0.6,-2.0,0.486799,-0.158565,-0.014239,0.0,-0.001731,-0.126583,-0.033135,-0.015223,-0.031026,0.783201,-0.095977,-0.151714,-0.013238,-0.031536,1.729426,3.843708,-0.100388,-0.003263,-0.419875,0.041667,0.041667,4.75,0.08637,0.113439,0.164281
7939,161.635391,946.200012,0.766283,0.785954,0.291667,0.0,0.087022,39072.0,0.195111,0.331233,0.167008,0.337287,-0.058818,0.592939,10.355853,-0.02,-0.8,-0.02,-0.25,-0.6,-2.0,0.47401,-0.150203,-0.014999,0.0,-0.00325,-0.132101,-0.032759,-0.016438,-0.032891,0.748278,-0.097852,-0.154978,-0.013045,-0.030582,1.655986,3.742285,-0.105132,-0.001612,-0.328966,0.125,0.041667,4.166667,0.11048,0.099395,0.155189
7940,167.215103,975.090027,0.798267,0.836994,0.166667,0.0,0.087243,40577.0,0.182929,0.335112,0.168113,0.304065,-0.054368,0.55123,10.515443,-0.02,-0.8,-0.02,-0.25,-0.6,-2.0,0.489739,-0.145256,-0.010806,0.0,-0.001266,-0.115552,-0.032363,-0.014257,-0.030093,0.802369,-0.090241,-0.161222,-0.012064,-0.028448,1.749839,3.891511,-0.097645,-0.00086,-0.388555,0.0,0.041667,3.958333,0.076596,0.101636,0.143001
7941,162.8685,955.169983,0.765135,0.801715,0.25,0.0,0.0871,51774.0,0.207574,0.337762,0.159752,0.320882,-0.054004,0.570731,10.440721,-0.02,-0.8,-0.02,-0.25,-0.6,-2.0,0.478822,-0.151789,-0.015202,0.0,-0.001893,-0.121093,-0.032016,-0.014984,-0.030449,0.765952,-0.107481,-0.162273,-0.013812,-0.030419,1.649998,3.77453,-0.098961,-0.001947,-0.362391,0.0,0.0,4.25,0.110459,0.088322,0.155092
7942,170.020782,991.590027,0.798402,0.80427,0.041667,0.0,0.087047,45476.0,0.204721,0.333178,0.164366,0.326036,-0.055419,0.590611,10.342571,-0.02,-0.8,-0.02,-0.25,-0.6,-2.0,0.488718,-0.148575,-0.018878,0.0,-0.000556,-0.118507,-0.032496,-0.01501,-0.031729,0.778187,-0.089916,-0.158186,-0.01302,-0.030009,1.69637,3.8822,-0.099412,-0.001996,-0.426076,0.0,0.041667,4.875,0.103965,0.111077,0.149582
7943,165.634995,981.130005,0.787646,0.815249,0.083333,0.041667,0.08691,54797.0,0.193156,0.34836,0.170921,0.31962,-0.056323,0.595843,10.312368,-0.02,-0.8,-0.02,-0.25,-0.6,-2.0,0.491806,-0.155713,-0.012678,0.0,-0.000757,-0.126007,-0.032924,-0.015216,-0.031648,0.799081,-0.093167,-0.155534,-0.01441,-0.032038,1.744042,3.876442,-0.100317,-0.001847,-0.388581,0.0,0.0,5.125,0.076313,0.10754,0.146501
7944,166.369125,970.929993,0.788781,0.812636,0.208333,0.0,0.086995,54417.0,0.181361,0.341017,0.166686,0.315965,-0.055828,0.572995,10.487791,-0.02,-0.8,-0.02,-0.25,-0.6,-2.0,0.491129,-0.151099,-0.010274,0.0,-0.001472,-0.124577,-0.032877,-0.015383,-0.031749,0.79512,-0.100586,-0.166646,-0.013125,-0.03223,1.761362,3.879484,-0.1001,-0.001071,-0.296104,0.041667,0.0,5.0,0.076134,0.106361,0.150668
7945,168.11467,962.619995,0.787528,0.796436,0.083333,0.083333,0.087023,55413.0,0.184041,0.345833,0.160718,0.315923,-0.052657,0.571929,10.498389,-0.02,-0.8,-0.02,-0.25,-0.6,-2.0,0.481355,-0.149101,-0.013367,0.0,-0.002044,-0.118449,-0.031891,-0.015212,-0.030234,0.774356,-0.095714,-0.160989,-0.012891,-0.02954,1.71381,3.798238,-0.096191,-0.001518,-0.2833,0.125,0.0,4.333333,0.098918,0.115035,0.156408
7946,172.343948,990.51001,0.805619,0.811993,0.0,0.041667,0.087148,47830.0,0.174091,0.327506,0.159536,0.310365,-0.053797,0.585791,10.374381,-0.02,-0.8,-0.02,-0.25,-0.6,-2.0,0.496048,-0.158755,-0.012073,0.0,-0.000333,-0.127684,-0.032144,-0.014903,-0.030927,0.801572,-0.086888,-0.142645,-0.012164,-0.032682,1.787763,3.981494,-0.097164,-0.001131,-0.366725,0.0,0.0,4.708333,0.068415,0.097072,0.146348
7947,160.881592,952.880005,0.784555,0.78587,0.333333,0.041667,0.087162,55409.0,0.180468,0.337023,0.163172,0.31124,-0.054297,0.567956,10.40666,-0.02,-0.8,-0.02,-0.25,-0.6,-2.0,0.478785,-0.151163,-0.009075,0.0,-0.002937,-0.123642,-0.032004,-0.014788,-0.03076,0.772894,-0.098313,-0.156975,-0.01381,-0.031501,1.701798,3.781373,-0.09668,-0.001205,-0.387277,0.125,0.0,4.458333,0.12482,0.104966,0.185245
7948,163.947266,974.5,0.773536,0.787056,0.125,0.041667,0.08713,55146.0,0.19606,0.344801,0.173355,0.333469,-0.056818,0.595773,10.466965,-0.02,-0.8,-0.02,-0.25,-0.6,-2.0,0.482302,-0.149482,-0.014176,0.0,-0.00331,-0.127217,-0.033159,-0.016348,-0.031936,0.767985,-0.098261,-0.157209,-0.013329,-0.030792,1.688796,3.79485,-0.10422,-0.001676,-0.404061,0.166667,0.0,4.5,0.121538,0.11327,0.151832
7949,165.645691,959.869995,0.796399,0.799967,0.272727,0.0,0.087305,52906.0,0.177986,0.332534,0.172282,0.328711,-0.05759,0.603397,10.495123,-0.02,-0.8,-0.02,-0.25,-0.6,-2.0,0.48199,-0.153049,-0.010445,0.0,-0.002061,-0.120243,-0.032432,-0.015888,-0.031082,0.775737,-0.097073,-0.163042,-0.014259,-0.02895,1.728251,3.812531,-0.101394,-0.001397,-0.322582,0.045455,0.0,4.590909,0.087609,0.103262,0.156964
7950,166.424515,978.73999,0.789436,0.807015,0.083333,0.041667,0.087406,55097.0,0.20043,0.34037,0.162704,0.326515,-0.057446,0.583145,10.4515,-0.02,-0.8,-0.02,-0.25,-0.6,-2.0,0.493281,-0.161617,-0.017894,0.0,-0.001309,-0.128083,-0.032878,-0.016019,-0.032498,0.791458,-0.092471,-0.156785,-0.013749,-0.031799,1.724938,3.919653,-0.102007,-0.002321,-0.467153,0.083333,0.0,5.0,0.110419,0.105075,0.13943
7951,170.442413,993.869995,0.818687,0.817945,0.166667,0.0,0.087359,48457.0,0.177596,0.334801,0.176788,0.328105,-0.057371,0.598026,10.342128,-0.02,-0.8,-0.02,-0.25,-0.6,-2.0,0.490732,-0.150379,-0.011746,0.0,-0.001372,-0.126985,-0.033159,-0.015648,-0.032413,0.78828,-0.094923,-0.158968,-0.012179,-0.029851,1.767153,3.889523,-0.102281,-0.001359,-0.382717,0.041667,0.0,5.25,0.096013,0.08198,0.138021
7952,166.549713,980.419983,0.803917,0.815421,0.086957,0.0,0.087394,56115.0,0.197412,0.333127,0.155673,0.319479,-0.05652,0.580468,10.406054,-0.02,-0.8,-0.02,-0.25,-0.6,-2.0,0.492029,-0.167168,-0.011359,0.0,-0.000889,-0.120255,-0.032773,-0.015071,-0.030877,0.78928,-0.091351,-0.147777,-0.0134,-0.029662,1.727119,3.919947,-0.100934,-0.001473,-0.372076,0.086957,0.0,4.913043,0.11703,0.107261,0.134424
7953,161.050247,948.559998,0.784734,0.79543,0.333333,0.0,0.087465,54870.0,0.186741,0.344624,0.162289,0.293921,-0.052237,0.522471,10.457785,-0.02,-0.8,-0.02,-0.25,-0.6,-2.0,0.478559,-0.13794,-0.012343,0.0,-0.003244,-0.121184,-0.032188,-0.014624,-0.031488,0.772013,-0.104641,-0.173654,-0.013849,-0.030891,1.690324,3.75754,-0.095147,-0.007142,-0.33154,0.083333,0.0,4.291667,0.083328,0.124951,0.171388
7954,167.198166,973.380005,0.7572,0.801295,0.217391,0.0,0.087147,47794.0,0.184753,0.338108,0.158182,0.312311,-0.054724,0.563857,10.322861,-0.02,-0.8,-0.02,-0.25,-0.6,-2.0,0.481583,-0.149459,-0.012032,0.0,-0.003159,-0.135564,-0.032045,-0.015582,-0.032469,0.767615,-0.099702,-0.165033,-0.014025,-0.03385,1.703949,3.791783,-0.098169,-0.001672,-0.261774,0.086957,0.0,4.695652,0.105935,0.1063,0.152938
7955,169.229218,974.119995,0.772759,0.790271,0.130435,0.0,0.087224,34363.0,0.175659,0.3309,0.165433,0.30681,-0.053738,0.575351,10.460796,-0.02,-0.8,-0.02,-0.25,-0.6,-2.0,0.47868,-0.144042,-0.011416,0.0,-0.001957,-0.135429,-0.031593,-0.014497,-0.032423,0.77378,-0.090083,-0.142807,-0.012871,-0.0373,1.71175,3.795257,-0.094014,-0.000978,-0.335122,0.086957,0.043478,22.26087,0.102724,0.118115,0.140867
7956,167.141144,970.97998,0.791526,0.811133,0.125,0.0,0.087183,36473.0,0.182824,0.328261,0.157418,0.312799,-0.054881,0.576525,10.405779,-0.02,-0.8,-0.02,-0.25,-0.6,-2.0,0.485745,-0.159265,-0.01089,0.0,-0.00196,-0.1244,-0.032132,-0.014515,-0.030695,0.781748,-0.09893,-0.154325,-0.013636,-0.029032,1.725643,3.871203,-0.098914,-0.001129,-0.357217,0.083333,0.0,3.875,0.087138,0.091344,0.149696
7957,168.560928,986.26001,0.781946,0.816981,0.083333,0.0,0.087188,38564.0,0.204101,0.353889,0.169916,0.347109,-0.059954,0.607971,10.364279,-0.02,-0.8,-0.02,-0.25,-0.6,-2.0,0.494713,-0.154666,-0.01307,0.0,-0.000611,-0.119052,-0.034006,-0.016049,-0.03235,0.784628,-0.093905,-0.162439,-0.014015,-0.027639,1.723783,3.875615,-0.106927,-0.001392,-0.400781,0.0,0.0,4.666667,0.101176,0.112509,0.130711
7958,162.595596,966.469971,0.806551,0.797196,0.25,0.0,0.087208,37247.0,0.176064,0.334711,0.151662,0.286875,-0.052257,0.519964,10.372263,-0.02,-0.8,-0.02,-0.25,-0.6,-2.0,0.485873,-0.152164,-0.010736,0.0,-0.001981,-0.123465,-0.032142,-0.015207,-0.032567,0.775827,-0.092966,-0.157797,-0.012674,-0.030863,1.741398,3.854803,-0.095794,-0.001202,-0.365925,0.041667,0.0,4.291667,0.084463,0.106963,0.166039
7959,167.698975,974.419983,0.787994,0.825032,0.166667,0.0,0.087094,38013.0,0.177545,0.333434,0.163695,0.320143,-0.054841,0.601407,10.470207,-0.02,-0.8,-0.02,-0.25,-0.6,-2.0,0.48826,-0.157615,-0.007317,0.0,-0.001312,-0.13112,-0.032452,-0.015008,-0.031839,0.796846,-0.097918,-0.161337,-0.013151,-0.032463,1.756366,3.864003,-0.097563,-0.001383,-0.397541,0.0,0.0,5.0,0.093238,0.094077,0.151843
7960,165.219635,959.97998,0.801994,0.79866,0.166667,0.0,0.087143,35673.0,0.179584,0.327826,0.165347,0.313995,-0.054811,0.55416,10.39797,-0.02,-0.8,-0.02,-0.25,-0.6,-2.0,0.483128,-0.148731,-0.008857,0.0,-0.002361,-0.114007,-0.032154,-0.014822,-0.029933,0.779884,-0.093873,-0.154271,-0.011946,-0.028644,1.718109,3.843433,-0.098232,-0.001238,-0.348093,0.125,0.0,4.291667,0.11794,0.11418,0.126814
7961,167.048309,979.51001,0.796335,0.817746,0.166667,0.0,0.087156,32534.0,0.181283,0.332109,0.161874,0.328043,-0.059362,0.58917,10.419222,-0.02,-0.8,-0.02,-0.25,-0.6,-2.0,0.488694,-0.155174,-0.014445,0.0,-0.001694,-0.131014,-0.03324,-0.01628,-0.033097,0.783371,-0.094409,-0.1582,-0.013274,-0.032938,1.740237,3.877872,-0.104946,-0.001447,-0.346432,0.041667,0.0,4.5,0.095585,0.114675,0.149912
7962,167.902328,973.090027,0.799345,0.812953,0.25,0.0,0.086939,37777.0,0.173083,0.343103,0.165446,0.316053,-0.055749,0.580099,10.380999,-0.02,-0.8,-0.02,-0.25,-0.6,-2.0,0.488787,-0.151672,-0.008897,0.0,-0.002683,-0.122575,-0.033588,-0.015564,-0.031601,0.796676,-0.105596,-0.169235,-0.013301,-0.030511,1.771591,3.854446,-0.101312,-0.001539,-0.317284,0.041667,0.0,4.875,0.097004,0.124256,0.169404
7963,165.975052,975.679993,0.802507,0.815258,0.125,0.0,0.086977,45357.0,0.190471,0.338873,0.164698,0.329029,-0.05803,0.582632,10.410659,-0.02,-0.8,-0.02,-0.25,-0.6,-2.0,0.491492,-0.151362,-0.012286,0.0,-0.001603,-0.128302,-0.033533,-0.016243,-0.032516,0.79341,-0.097373,-0.166487,-0.013252,-0.031939,1.739709,3.879933,-0.103672,-0.001499,-0.35159,0.083333,0.0,4.708333,0.10053,0.117854,0.144688
7964,161.267914,953.469971,0.773309,0.79153,0.291667,0.0,0.087138,53716.0,0.196182,0.341764,0.165852,0.332906,-0.057535,0.586142,10.426478,-0.02,-0.8,-0.02,-0.25,-0.6,-2.0,0.481682,-0.154633,-0.013802,0.0,-0.002407,-0.121604,-0.032643,-0.015503,-0.030902,0.763633,-0.094097,-0.165553,-0.01435,-0.030581,1.674574,3.807093,-0.102113,-0.002533,-0.365146,0.041667,0.0,3.916667,0.123475,0.110095,0.143366
7965,163.814713,962.590027,0.800529,0.808261,0.304348,0.0,0.087095,46438.0,0.179008,0.330316,0.165102,0.32731,-0.056452,0.593801,10.457444,-0.02,-0.8,-0.02,-0.25,-0.6,-2.0,0.479737,-0.15645,-0.009056,0.0,-0.003357,-0.131937,-0.032211,-0.015998,-0.031622,0.780405,-0.101175,-0.159522,-0.014947,-0.032421,1.71801,3.80107,-0.09986,-0.001552,-0.594532,0.173913,0.0,4.521739,0.116132,0.112595,0.161413
7966,165.662994,959.880005,0.782013,0.793142,0.041667,0.0,0.086975,49777.0,0.167519,0.32638,0.166066,0.302751,-0.053454,0.567586,10.27667,-0.02,-0.8,-0.02,-0.25,-0.6,-2.0,0.473477,-0.14165,-0.008294,0.0,-0.002361,-0.123282,-0.031149,-0.014214,-0.029581,0.768852,-0.087352,-0.149064,-0.012081,-0.03233,1.705908,3.770981,-0.093472,-0.000848,-0.293707,0.125,0.041667,3.916667,0.076444,0.111069,0.163456
7967,161.675934,936.179993,0.781755,0.780453,0.416667,0.0,0.086987,49868.0,0.177832,0.32837,0.163262,0.316745,-0.055226,0.574688,10.347012,-0.02,-0.8,-0.02,-0.25,-0.6,-2.0,0.465944,-0.150199,-0.0114,0.0,-0.005456,-0.123439,-0.031479,-0.015641,-0.031012,0.74769,-0.096715,-0.151276,-0.013574,-0.030217,1.654474,3.673547,-0.097666,-0.001375,-0.265716,0.208333,0.0,4.583333,0.133883,0.143009,0.193685
7968,168.747772,983.710022,0.782242,0.821673,0.041667,0.0,0.086894,53371.0,0.189884,0.33455,0.176539,0.332845,-0.056739,0.594321,10.161394,-0.02,-0.8,-0.02,-0.25,-0.6,-2.0,0.494343,-0.146547,-0.009465,0.0,-0.000556,-0.13554,-0.032976,-0.015695,-0.033802,0.787024,-0.091763,-0.160967,-0.013261,-0.035319,1.754751,3.89077,-0.099679,-0.00101,-0.33849,0.041667,0.0,4.5,0.097267,0.105352,0.141563
7969,166.732651,965.539978,0.767674,0.810262,0.083333,0.0,0.086896,43804.0,0.192847,0.330999,0.176595,0.327602,-0.057552,0.579967,10.210176,-0.02,-0.8,-0.02,-0.25,-0.6,-2.0,0.486581,-0.14406,-0.012888,0.0,-0.001613,-0.129011,-0.032723,-0.015681,-0.031975,0.779331,-0.088957,-0.160751,-0.01236,-0.033237,1.707537,3.863229,-0.101038,-0.002684,-0.305672,0.125,0.041667,5.0,0.089162,0.11023,0.15185
7970,168.115662,968.609985,0.779919,0.814609,0.166667,0.0,0.086904,51734.0,0.177201,0.33227,0.168952,0.326095,-0.053746,0.628034,10.326522,-0.02,-0.8,-0.02,-0.25,-0.6,-2.0,0.489683,-0.154246,-0.009128,0.0,-0.002778,-0.116295,-0.031867,-0.014207,-0.029918,0.802358,-0.096253,-0.152132,-0.012381,-0.029066,1.764297,3.91171,-0.095888,-0.00146,-0.425691,0.208333,0.0,4.458333,0.080935,0.110013,0.148404
7971,158.314835,949.090027,0.779953,0.782775,0.291667,0.0,0.086762,49508.0,0.197363,0.332071,0.16809,0.324671,-0.057113,0.590709,10.234569,-0.02,-0.8,-0.02,-0.25,-0.6,-2.0,0.477958,-0.152831,-0.012211,0.0,-0.002794,-0.127479,-0.032509,-0.015272,-0.031785,0.777358,-0.102628,-0.17335,-0.014039,-0.031473,1.671548,3.765588,-0.100065,-0.002528,-0.513426,0.0,0.041667,3.916667,0.087763,0.113014,0.175783
7972,169.860611,988.059998,0.815301,0.819972,0.130435,0.0,0.086664,53185.0,0.195715,0.339862,0.164803,0.32534,-0.059991,0.585806,10.17417,-0.02,-0.8,-0.02,-0.25,-0.6,-2.0,0.495289,-0.166474,-0.011711,0.0,-0.000758,-0.136436,-0.033447,-0.016593,-0.033452,0.791325,-0.092873,-0.154658,-0.014348,-0.034196,1.745014,3.933015,-0.104925,-0.001334,-0.300559,0.0,0.0,4.26087,0.10497,0.098015,0.129322
7973,162.207336,957.609985,0.781453,0.779045,0.291667,0.0,0.086612,47369.0,0.192688,0.325453,0.164151,0.308578,-0.05427,0.568196,10.200166,-0.02,-0.8,-0.02,-0.25,-0.6,-2.0,0.478893,-0.144041,-0.015709,0.0,-0.002833,-0.130322,-0.031848,-0.014663,-0.031562,0.772742,-0.097565,-0.154159,-0.01298,-0.034847,1.680303,3.789419,-0.095179,-0.003986,-0.368566,0.041667,0.0,4.25,0.123719,0.108871,0.178905
7974,164.913818,960.830017,0.781437,0.799178,0.25,0.0,0.086845,52223.0,0.180065,0.323238,0.164,0.337219,-0.058765,0.613212,10.300693,-0.02,-0.8,-0.02,-0.25,-0.6,-2.0,0.484859,-0.159212,-0.012633,0.0,-0.00203,-0.127455,-0.032454,-0.015579,-0.03197,0.780106,-0.091945,-0.146785,-0.013791,-0.031524,1.729203,3.864091,-0.102688,-0.002237,-0.411044,0.041667,0.0,4.625,0.103975,0.122982,0.152937
7975,164.789551,963.869995,0.80236,0.795774,0.125,0.0,0.086977,49208.0,0.177682,0.319119,0.158247,0.317406,-0.054987,0.571632,10.324211,-0.02,-0.8,-0.02,-0.25,-0.6,-2.0,0.486936,-0.155207,-0.010232,0.0,-0.00146,-0.129625,-0.031959,-0.014911,-0.031178,0.783276,-0.086513,-0.149107,-0.01225,-0.032514,1.741896,3.91217,-0.099275,-0.001589,-0.411305,0.083333,0.0,4.041667,0.090011,0.109381,0.147903
7976,166.339386,979.309998,0.818437,0.818492,0.333333,0.0,0.08702,50243.0,0.188199,0.34165,0.163977,0.322264,-0.056286,0.595299,10.33147,-0.02,-0.8,-0.02,-0.25,-0.6,-2.0,0.489417,-0.161136,-0.011756,0.0,-0.003187,-0.129063,-0.032542,-0.015179,-0.03107,0.79237,-0.100338,-0.152207,-0.014171,-0.032761,1.734619,3.879624,-0.099773,-0.002504,-0.433143,0.041667,0.0,4.666667,0.075342,0.12574,0.178827
7977,162.881943,945.190002,0.755982,0.772529,0.25,0.041667,0.086962,53821.0,0.185546,0.329439,0.164274,0.309557,-0.054998,0.556818,10.406647,-0.02,-0.8,-0.02,-0.25,-0.6,-2.0,0.466042,-0.140971,-0.012644,0.0,-0.003323,-0.121714,-0.031682,-0.014566,-0.030264,0.745611,-0.102039,-0.16921,-0.013526,-0.031232,1.638649,3.664624,-0.095813,-0.001409,-0.295803,0.125,0.041667,4.0,0.102459,0.109096,0.151964
7978,165.411942,962.940002,0.796023,0.819504,0.208333,0.0,0.087027,46131.0,0.176231,0.345163,0.157593,0.306986,-0.053032,0.577126,10.403032,-0.02,-0.8,-0.02,-0.25,-0.6,-2.0,0.48663,-0.151687,-0.008527,0.0,-0.001745,-0.113467,-0.032075,-0.013746,-0.029859,0.785218,-0.087215,-0.141874,-0.011829,-0.029417,1.75105,3.853726,-0.095239,-0.001275,-0.40001,0.083333,0.0,5.125,0.106404,0.114398,0.139608
7979,171.078903,985.190002,0.819467,0.822851,0.125,0.0,0.087012,46881.0,0.19686,0.342205,0.171309,0.33965,-0.061131,0.6094,10.352805,-0.02,-0.8,-0.02,-0.25,-0.6,-2.0,0.492698,-0.159921,-0.010378,0.0,-0.001222,-0.131618,-0.033482,-0.016287,-0.032084,0.790348,-0.105151,-0.156184,-0.014239,-0.030622,1.733217,3.904467,-0.106807,-0.002484,-0.352839,0.041667,0.0,4.583333,0.07167,0.082488,0.16887
7980,166.233353,963.51001,0.785884,0.81107,0.166667,0.0,0.086904,48609.0,0.189028,0.340132,0.176443,0.345941,-0.059699,0.62764,10.310343,-0.02,-0.8,-0.02,-0.25,-0.6,-2.0,0.486829,-0.149221,-0.0112,0.0,-0.001798,-0.129408,-0.033359,-0.016674,-0.032378,0.78621,-0.097769,-0.161924,-0.013156,-0.032064,1.723864,3.831345,-0.104246,-0.001332,-0.325567,0.083333,0.0,4.5,0.087027,0.113417,0.140526
7981,170.102692,985.559998,0.804764,0.806692,0.041667,0.0,0.086772,53323.0,0.19138,0.338959,0.162374,0.335049,-0.058226,0.596105,10.217972,-0.02,-0.8,-0.02,-0.25,-0.6,-2.0,0.49065,-0.16156,-0.015054,0.0,-0.001167,-0.135337,-0.033404,-0.01622,-0.03297,0.776789,-0.099408,-0.162733,-0.013755,-0.033698,1.723308,3.894765,-0.103852,-0.00149,-0.263758,0.041667,0.0,4.208333,0.136615,0.112156,0.137625
7982,157.853424,925.530029,0.768139,0.764683,0.25,0.083333,0.086824,45991.0,0.161109,0.314969,0.155996,0.283502,-0.052633,0.538041,10.492056,-0.02,-0.8,-0.02,-0.25,-0.6,-2.0,0.467063,-0.14313,-0.007425,0.0,-0.003895,-0.123502,-0.030869,-0.013786,-0.030686,0.768829,-0.089877,-0.147747,-0.012706,-0.032918,1.698546,3.716668,-0.092494,-0.001784,-0.436594,0.083333,0.0,3.583333,0.101244,0.099678,0.156566
7983,164.041473,962.669983,0.756134,0.800274,0.291667,0.0,0.08677,51613.0,0.180463,0.334741,0.16566,0.324529,-0.055246,0.60846,10.33172,-0.02,-0.8,-0.02,-0.25,-0.6,-2.0,0.479996,-0.151726,-0.011414,0.0,-0.002456,-0.126026,-0.031906,-0.014481,-0.031101,0.778866,-0.096204,-0.163385,-0.01303,-0.032106,1.718334,3.796901,-0.096902,-0.007734,-0.510744,0.166667,0.041667,4.708333,0.121358,0.131254,0.154003
7984,167.575989,975.200012,0.809917,0.818045,0.166667,0.0,0.086815,49007.0,0.196229,0.337132,0.152631,0.30837,-0.051798,0.581611,10.262669,-0.02,-0.8,-0.02,-0.25,-0.6,-2.0,0.493422,-0.160926,-0.009505,0.0,-0.00106,-0.11406,-0.032026,-0.013911,-0.029511,0.801724,-0.086225,-0.142536,-0.013098,-0.029328,1.73065,3.935465,-0.094673,-0.002077,-0.405426,0.083333,0.041667,5.166667,0.099058,0.109193,0.118943
7985,164.310852,968.450012,0.783103,0.805972,0.25,0.0,0.086804,51722.0,0.182375,0.336013,0.156045,0.299999,-0.052998,0.546851,10.318306,-0.02,-0.8,-0.02,-0.25,-0.6,-2.0,0.483124,-0.150417,-0.013054,0.0,-0.002245,-0.117433,-0.031937,-0.014639,-0.030613,0.776117,-0.093308,-0.159054,-0.013319,-0.031246,1.716058,3.823756,-0.095657,-0.001308,-0.386723,0.041667,0.0,4.416667,0.094179,0.098778,0.163831
7986,166.230408,979.450012,0.783381,0.807163,0.208333,0.041667,0.086861,46492.0,0.196902,0.340107,0.166505,0.338062,-0.059682,0.60242,10.230812,-0.02,-0.8,-0.02,-0.25,-0.6,-2.0,0.4876,-0.156088,-0.014231,0.0,-0.002073,-0.133265,-0.03295,-0.015738,-0.03315,0.775309,-0.098181,-0.158888,-0.014693,-0.033987,1.696749,3.841677,-0.103257,-0.00162,-0.340882,0.083333,0.041667,5.125,0.157868,0.105244,0.163376
7987,167.705917,979.590027,0.815251,0.815111,0.166667,0.0,0.086803,52066.0,0.188545,0.335585,0.164337,0.315345,-0.057008,0.571019,10.174732,-0.02,-0.8,-0.02,-0.25,-0.6,-2.0,0.493458,-0.154317,-0.010294,0.0,-0.001412,-0.118984,-0.033123,-0.015137,-0.031854,0.795616,-0.090699,-0.151272,-0.011959,-0.030027,1.758652,3.924779,-0.101653,-0.00112,-0.366865,0.041667,0.0,4.25,0.068247,0.098101,0.163617
7988,168.592178,975.469971,0.788747,0.802723,0.041667,0.041667,0.08679,54616.0,0.192964,0.332623,0.161959,0.324181,-0.056876,0.584093,10.143558,-0.02,-0.8,-0.02,-0.25,-0.6,-2.0,0.491577,-0.15508,-0.012644,0.0,-0.00153,-0.1267,-0.032643,-0.015449,-0.03161,0.788353,-0.097206,-0.165965,-0.014372,-0.032831,1.735627,3.905405,-0.099578,-0.001329,-0.250476,0.125,0.0,5.0,0.086798,0.115674,0.151914
7989,166.230728,958.400024,0.802512,0.791118,0.083333,0.0,0.086858,55294.0,0.172448,0.320155,0.159055,0.289219,-0.053555,0.533316,10.159162,-0.02,-0.8,-0.02,-0.25,-0.6,-2.0,0.480556,-0.15014,-0.011753,0.0,-0.001625,-0.114321,-0.031446,-0.01392,-0.029201,0.783884,-0.086642,-0.147052,-0.012346,-0.028583,1.722767,3.865824,-0.095793,-0.001913,-0.313355,0.125,0.083333,4.375,0.072991,0.096345,0.145735
7990,164.702744,971.559998,0.779069,0.802698,0.041667,0.0,0.087084,54830.0,0.200196,0.32923,0.171535,0.313444,-0.0521,0.569934,10.188921,-0.02,-0.8,-0.02,-0.25,-0.6,-2.0,0.483208,-0.140631,-0.01526,0.0,-0.001667,-0.115888,-0.031827,-0.014099,-0.02879,0.774259,-0.0916,-0.159813,-0.012375,-0.030033,1.681053,3.833088,-0.094164,-0.001389,-0.448038,0.125,0.0,4.625,0.114632,0.101899,0.152274
7991,166.836395,972.609985,0.79201,0.793965,0.347826,0.0,0.087193,48004.0,0.182814,0.330397,0.150789,0.311172,-0.054317,0.573625,10.286328,-0.02,-0.8,-0.02,-0.25,-0.6,-2.0,0.483044,-0.160298,-0.015026,0.0,-0.004509,-0.122743,-0.031856,-0.014825,-0.030909,0.760858,-0.100238,-0.147112,-0.012834,-0.03078,1.719115,3.860986,-0.097535,-0.001681,-0.399851,0.086957,0.043478,4.565217,0.107034,0.110564,0.181111
7992,162.195633,951.840027,0.783952,0.779032,0.416667,0.0,0.087011,51845.0,0.175743,0.327235,0.1653,0.3184,-0.056329,0.60318,10.197301,-0.02,-0.8,-0.02,-0.25,-0.6,-2.0,0.480703,-0.151566,-0.013287,0.0,-0.002865,-0.129847,-0.032189,-0.015455,-0.031398,0.781128,-0.091966,-0.156101,-0.01281,-0.033148,1.722314,3.829484,-0.098647,-0.008619,-0.416251,0.166667,0.0,4.916667,0.092002,0.131301,0.143454
7993,166.932068,986.98999,0.780722,0.802375,0.217391,0.0,0.087002,55338.0,0.183518,0.32886,0.164554,0.325264,-0.055885,0.581823,10.190577,-0.02,-0.8,-0.02,-0.25,-0.6,-2.0,0.491929,-0.154618,-0.012676,0.0,-0.001439,-0.125131,-0.033162,-0.015421,-0.032556,0.787334,-0.096155,-0.163119,-0.012663,-0.03024,1.761376,3.901325,-0.101828,-0.001347,-0.407328,0.0,0.0,5.043478,0.126192,0.102579,0.145669
7994,171.446854,989.580017,0.801736,0.807137,0.083333,0.0,0.086911,55402.0,0.185282,0.33612,0.16234,0.313946,-0.055229,0.585968,10.262753,-0.02,-0.8,-0.02,-0.25,-0.6,-2.0,0.491928,-0.15727,-0.012673,0.0,-0.001083,-0.11979,-0.032242,-0.014533,-0.030527,0.793301,-0.093818,-0.151634,-0.013517,-0.030976,1.762748,3.927351,-0.097484,-0.004098,-0.305368,0.041667,0.0,4.958333,0.090152,0.106808,0.132295
7995,163.843063,962.340027,0.776555,0.762902,0.25,0.041667,0.086874,47449.0,0.172752,0.329117,0.150745,0.285228,-0.051709,0.522661,10.08626,-0.02,-0.8,-0.02,-0.25,-0.6,-2.0,0.465654,-0.143333,-0.014482,0.0,-0.003917,-0.122566,-0.031202,-0.014557,-0.030003,0.754593,-0.10393,-0.159399,-0.012983,-0.032066,1.660776,3.666874,-0.093114,-0.002678,-0.266199,0.041667,0.0,4.0,0.097832,0.127245,0.199068
7996,163.512512,959.48999,0.803754,0.821468,0.166667,0.041667,0.08686,54820.0,0.18195,0.327884,0.168084,0.329533,-0.057489,0.60717,10.203671,-0.02,-0.8,-0.02,-0.25,-0.6,-2.0,0.487332,-0.155299,-0.013562,0.0,-0.001224,-0.127817,-0.032215,-0.014837,-0.030703,0.780536,-0.08658,-0.147041,-0.01352,-0.032073,1.737183,3.886315,-0.10016,-0.001529,-0.466101,0.041667,0.0,4.625,0.100994,0.091322,0.145618
7997,160.90361,954.369995,0.775687,0.80709,0.304348,0.0,0.087179,55670.0,0.184049,0.326421,0.158812,0.317601,-0.055736,0.565968,10.407782,-0.02,-0.8,-0.02,-0.25,-0.6,-2.0,0.483931,-0.156532,-0.014232,0.0,-0.00163,-0.128189,-0.032122,-0.015424,-0.032171,0.770875,-0.090705,-0.147545,-0.013043,-0.03148,1.715803,3.851314,-0.100819,-0.001199,-0.469948,0.0,0.0,21.913044,0.096475,0.08986,0.130062
7998,165.032059,954.169983,0.752478,0.781906,0.208333,0.0,0.087404,55473.0,0.188941,0.319749,0.178707,0.358882,-0.062761,0.634913,10.224987,-0.02,-0.8,-0.02,-0.25,-0.6,-2.0,0.477505,-0.14973,-0.013511,0.0,-0.002571,-0.128035,-0.032655,-0.01649,-0.031254,0.767744,-0.098985,-0.158549,-0.013885,-0.028325,1.690651,3.791493,-0.107867,-0.01033,-0.394628,0.041667,0.0,3.708333,0.098891,0.105485,0.152229
7999,163.676285,959.929993,0.77727,0.794815,0.291667,0.0,0.087556,54835.0,0.181397,0.332155,0.159911,0.327326,-0.057155,0.599386,10.258128,-0.02,-0.8,-0.02,-0.25,-0.6,-2.0,0.482123,-0.153201,-0.013467,0.0,-0.002058,-0.131833,-0.03311,-0.016288,-0.034001,0.765092,-0.099212,-0.169899,-0.01323,-0.032714,1.713186,3.79751,-0.103421,-0.001872,-0.459708,0.083333,0.0,4.291667,0.127514,0.12449,0.137714
8000,167.281525,964.549988,0.801428,0.805323,0.208333,0.041667,0.087766,47426.0,0.165571,0.329723,0.155327,0.300076,-0.05316,0.53386,10.251126,-0.02,-0.8,-0.02,-0.25,-0.6,-2.0,0.488789,-0.151944,-0.011471,0.0,-0.00201,-0.10929,-0.032143,-0.014697,-0.029823,0.78249,-0.08833,-0.146195,-0.012453,-0.026887,1.77415,3.9238,-0.098152,-0.0013,-0.261007,0.166667,0.0,4.541667,0.069728,0.114265,0.142056
8001,169.536835,982.059998,0.8003,0.789657,0.083333,0.0,0.087993,46363.0,0.180185,0.329005,0.166755,0.354494,-0.060517,0.635932,10.24146,-0.02,-0.8,-0.02,-0.25,-0.6,-2.0,0.49107,-0.161466,-0.013155,0.0,-0.001375,-0.137584,-0.033221,-0.016963,-0.034045,0.786122,-0.098633,-0.162596,-0.013763,-0.032201,1.756572,3.903053,-0.10685,-0.001168,-0.32301,0.125,0.0,4.458333,0.120705,0.092551,0.157745
8002,162.122513,932.900024,0.767697,0.791914,0.333333,0.0,0.088156,37667.0,0.167737,0.318697,0.167348,0.32339,-0.055502,0.58894,10.260799,-0.02,-0.8,-0.02,-0.25,-0.6,-2.0,0.468431,-0.141627,-0.009577,0.0,-0.003582,-0.115597,-0.03173,-0.015123,-0.029908,0.760039,-0.098735,-0.155494,-0.012216,-0.028251,1.689431,3.699449,-0.097741,-0.001275,-0.292317,0.083333,0.0,4.375,0.126618,0.120278,0.153694
8003,162.037872,952.719971,0.750892,0.771738,0.25,0.0,0.088139,35462.0,0.188466,0.320947,0.156774,0.294204,-0.050326,0.547344,10.231809,-0.02,-0.8,-0.02,-0.25,-0.6,-2.0,0.46852,-0.138012,-0.013387,0.0,-0.003611,-0.11384,-0.030864,-0.013141,-0.029298,0.760513,-0.090895,-0.155634,-0.01205,-0.031831,1.65362,3.716506,-0.089829,-0.001434,-0.368466,0.041667,0.0,4.708333,0.11147,0.117101,0.181023
8004,164.511932,971.159973,0.761795,0.803434,0.208333,0.0,0.087961,38594.0,0.185807,0.340673,0.166124,0.336529,-0.058633,0.622545,10.24988,-0.02,-0.8,-0.02,-0.25,-0.6,-2.0,0.484513,-0.149281,-0.012915,0.0,-0.002437,-0.126109,-0.033382,-0.015963,-0.031986,0.777155,-0.100892,-0.171026,-0.01316,-0.031241,1.722997,3.806404,-0.103554,-0.001321,-0.390115,0.083333,0.0,4.75,0.094334,0.108211,0.171276
8005,165.40831,973.109985,0.797017,0.811679,0.125,0.041667,0.088067,38329.0,0.214365,0.352699,0.175894,0.346115,-0.059224,0.610385,10.135666,-0.02,-0.8,-0.02,-0.25,-0.6,-2.0,0.488774,-0.149213,-0.017421,0.0,-0.001974,-0.134633,-0.03371,-0.017168,-0.032437,0.776053,-0.109568,-0.184665,-0.015989,-0.032887,1.691341,3.807424,-0.105032,-0.001817,-0.36276,0.083333,0.0,4.666667,0.12194,0.111444,0.152479
8006,166.59848,969.599976,0.813564,0.802044,0.041667,0.0,0.088394,35514.0,0.187004,0.337536,0.144739,0.315843,-0.055579,0.575205,10.283897,-0.02,-0.8,-0.02,-0.25,-0.6,-2.0,0.487787,-0.162862,-0.01196,0.0,-0.001976,-0.119519,-0.032483,-0.014716,-0.030577,0.79066,-0.094809,-0.15174,-0.013708,-0.03037,1.725372,3.887802,-0.101697,-0.001573,-0.249644,0.208333,0.0,3.916667,0.092287,0.125093,0.161877
8007,166.635361,966.900024,0.76785,0.767655,0.291667,0.041667,0.088136,37390.0,0.173671,0.321666,0.167789,0.313254,-0.054532,0.570752,10.226402,-0.02,-0.8,-0.02,-0.25,-0.6,-2.0,0.468766,-0.139594,-0.012941,0.0,-0.004034,-0.117421,-0.031897,-0.014847,-0.030611,0.75527,-0.105394,-0.159337,-0.0121,-0.028978,1.690706,3.712017,-0.097042,-0.003166,-0.415902,0.083333,0.0,4.208333,0.090081,0.122061,0.171401
8008,169.710312,972.940002,0.819019,0.8053,0.0,0.0,0.088356,40529.0,0.180852,0.326367,0.162782,0.332588,-0.057714,0.622053,10.194473,-0.02,-0.8,-0.02,-0.25,-0.6,-2.0,0.48584,-0.153983,-0.013563,0.0,-0.001627,-0.129475,-0.032492,-0.015568,-0.03185,0.786066,-0.089294,-0.148829,-0.013244,-0.032517,1.740701,3.88457,-0.101791,-0.001338,-0.371161,0.166667,0.0,4.458333,0.092575,0.098809,0.142679
8009,162.74733,957.559998,0.798113,0.786527,0.304348,0.0,0.088229,38255.0,0.188033,0.342538,0.174905,0.333727,-0.058851,0.605104,10.278651,-0.02,-0.8,-0.02,-0.25,-0.6,-2.0,0.482103,-0.14857,-0.011358,0.0,-0.002311,-0.122259,-0.032993,-0.015722,-0.030321,0.779961,-0.096971,-0.158123,-0.012716,-0.029522,1.708157,3.78649,-0.102261,-0.001247,-0.397912,0.0,0.0,4.652174,0.120915,0.110528,0.164599
8010,164.663239,964.349976,0.768008,0.820586,0.166667,0.0,0.088005,39137.0,0.190026,0.328267,0.171051,0.323517,-0.057209,0.587944,10.241439,-0.02,-0.8,-0.02,-0.25,-0.6,-2.0,0.485687,-0.143008,-0.011168,0.0,-0.002521,-0.133933,-0.032665,-0.015199,-0.032248,0.790217,-0.097747,-0.166236,-0.012709,-0.033787,1.722808,3.8513,-0.100826,-0.001291,-0.409891,0.125,0.041667,4.958333,0.089805,0.101283,0.154989
8011,167.704788,981.0,0.748204,0.781078,0.291667,0.0,0.088051,50687.0,0.194219,0.33364,0.169414,0.34878,-0.060401,0.616237,10.240678,-0.02,-0.8,-0.02,-0.25,-0.6,-2.0,0.476694,-0.149024,-0.017534,0.0,-0.002948,-0.140393,-0.033169,-0.017073,-0.032674,0.7591,-0.10211,-0.163566,-0.016138,-0.034665,1.668025,3.73516,-0.106767,-0.002275,-0.332079,0.041667,0.0,4.791667,0.080497,0.106346,0.166147
8012,169.176102,982.909973,0.801452,0.806618,0.041667,0.0,0.088104,51050.0,0.185519,0.323515,0.154948,0.287915,-0.050598,0.525819,10.341317,-0.02,-0.8,-0.02,-0.25,-0.6,-2.0,0.487579,-0.154581,-0.010454,0.0,-0.001389,-0.112091,-0.031221,-0.013274,-0.029215,0.775863,-0.085453,-0.142476,-0.011852,-0.029629,1.717701,3.917541,-0.092181,-0.001796,-0.269059,0.083333,0.041667,4.416667,0.086989,0.098133,0.143841
8013,168.98912,966.090027,0.785259,0.789104,0.173913,0.0,0.088131,51695.0,0.177392,0.318622,0.159217,0.29184,-0.049589,0.54285,10.243689,-0.02,-0.8,-0.02,-0.25,-0.6,-2.0,0.476823,-0.140506,-0.010766,0.0,-0.002393,-0.117161,-0.030682,-0.013104,-0.029037,0.766603,-0.088318,-0.149808,-0.011203,-0.030963,1.710373,3.817746,-0.089983,-0.001539,-0.240063,0.043478,0.043478,3.956522,0.065427,0.113508,0.185699
8014,170.489563,984.940002,0.787613,0.808432,0.208333,0.0,0.088145,43061.0,0.1869,0.340822,0.168049,0.304832,-0.054049,0.554933,10.258761,-0.02,-0.8,-0.02,-0.25,-0.6,-2.0,0.48942,-0.14683,-0.011574,0.0,-0.001667,-0.117354,-0.032716,-0.014708,-0.030644,0.786596,-0.097974,-0.15984,-0.012548,-0.03121,1.729781,3.860216,-0.096674,-0.001268,-0.373092,0.0,0.0,4.458333,0.103597,0.090609,0.164171
8015,165.484482,969.539978,0.762558,0.78387,0.166667,0.0,0.088108,51275.0,0.183983,0.322977,0.160333,0.308004,-0.052513,0.553894,10.285781,-0.02,-0.8,-0.02,-0.25,-0.6,-2.0,0.481627,-0.145628,-0.010375,0.0,-0.001792,-0.12643,-0.032183,-0.014958,-0.030938,0.769316,-0.08881,-0.15598,-0.012399,-0.03308,1.709688,3.824217,-0.097074,-0.001309,-0.384049,0.041667,0.0,4.458333,0.096081,0.102154,0.158876
8016,165.262436,965.869995,0.769655,0.794368,0.25,0.0,0.088015,50635.0,0.183053,0.326594,0.165985,0.313153,-0.054769,0.574463,10.255011,-0.02,-0.8,-0.02,-0.25,-0.6,-2.0,0.481848,-0.147246,-0.011904,0.0,-0.002238,-0.122121,-0.032177,-0.014776,-0.030439,0.770822,-0.098891,-0.16471,-0.013321,-0.030274,1.717197,3.825309,-0.097966,-0.001142,-0.317616,0.0,0.0,4.625,0.08796,0.112803,0.149114
8017,169.065948,980.960022,0.804586,0.828601,0.083333,0.0,0.087996,51170.0,0.199711,0.332264,0.161626,0.316242,-0.055164,0.572371,10.225922,-0.02,-0.8,-0.02,-0.25,-0.6,-2.0,0.49293,-0.143834,-0.012671,0.0,-0.000972,-0.130322,-0.032596,-0.015196,-0.032796,0.789577,-0.086444,-0.154047,-0.013079,-0.035586,1.725686,3.924678,-0.100525,-0.001887,-0.373738,0.041667,0.0,4.333333,0.104826,0.095147,0.139594
8018,163.271713,964.549988,0.770721,0.805831,0.166667,0.0,0.088072,43831.0,0.183977,0.334259,0.173055,0.325053,-0.055889,0.595065,10.326817,-0.02,-0.8,-0.02,-0.25,-0.6,-2.0,0.485795,-0.141763,-0.012384,0.0,-0.001644,-0.121963,-0.032594,-0.014801,-0.030902,0.786786,-0.088613,-0.156297,-0.011989,-0.030733,1.736526,3.85459,-0.099411,-0.001335,-0.507326,0.041667,0.041667,4.291667,0.090476,0.099653,0.13859
8019,167.584717,970.340027,0.780733,0.804394,0.166667,0.0,0.087838,51567.0,0.185011,0.338688,0.165978,0.326493,-0.056599,0.579044,10.36466,-0.02,-0.8,-0.02,-0.25,-0.6,-2.0,0.482982,-0.146015,-0.011525,0.0,-0.001829,-0.126275,-0.033075,-0.015861,-0.031968,0.769405,-0.101649,-0.17281,-0.013957,-0.032333,1.720964,3.795187,-0.101332,-0.003225,-0.267594,0.083333,0.0,4.541667,0.09165,0.111609,0.152528
8020,165.732407,973.539978,0.804903,0.805888,0.041667,0.041667,0.087872,51538.0,0.176849,0.333731,0.158154,0.304517,-0.053674,0.547358,10.34424,-0.02,-0.8,-0.02,-0.25,-0.6,-2.0,0.492232,-0.154262,-0.013025,0.0,-0.001208,-0.115932,-0.032843,-0.014735,-0.030392,0.781324,-0.089362,-0.151148,-0.011715,-0.028953,1.770312,3.922964,-0.098277,-0.001424,-0.379872,0.166667,0.0,4.75,0.095861,0.10603,0.155307
8021,161.577972,941.969971,0.763459,0.777438,0.291667,0.083333,0.087948,50891.0,0.171153,0.315761,0.151817,0.314957,-0.055541,0.582129,10.398488,-0.02,-0.8,-0.02,-0.25,-0.6,-2.0,0.466424,-0.153953,-0.011613,0.0,-0.003236,-0.123776,-0.031454,-0.01494,-0.03043,0.753591,-0.089628,-0.148519,-0.013404,-0.03003,1.670763,3.713614,-0.098974,-0.002138,-0.31217,0.208333,0.125,4.833333,0.084484,0.122117,0.162801
8022,170.535965,987.349976,0.819997,0.816986,0.208333,0.0,0.087789,43409.0,0.179934,0.334917,0.171592,0.31377,-0.054262,0.577001,10.395441,-0.02,-0.8,-0.02,-0.25,-0.6,-2.0,0.495752,-0.145598,-0.010199,0.0,-0.001378,-0.112695,-0.033016,-0.014469,-0.029925,0.801332,-0.095623,-0.165961,-0.0117,-0.028886,1.787137,3.957584,-0.099206,-0.001517,-0.33772,0.0,0.0,4.291667,0.101048,0.082561,0.142348
8023,163.307281,958.630005,0.78075,0.796281,0.208333,0.0,0.087699,38553.0,0.190486,0.344605,0.152015,0.292583,-0.054111,0.537563,10.291407,-0.02,-0.8,-0.02,-0.25,-0.6,-2.0,0.484882,-0.14887,-0.014722,0.0,-0.00228,-0.140092,-0.032759,-0.015149,-0.033495,0.777031,-0.10048,-0.164295,-0.013941,-0.039415,1.710984,3.823898,-0.096778,-0.00318,-0.226065,0.125,0.0,3.791667,0.089673,0.11185,0.17477
8024,167.05603,981.349976,0.793833,0.822179,0.083333,0.0,0.087809,38816.0,0.183262,0.337508,0.166646,0.346786,-0.060562,0.621372,10.325207,-0.02,-0.8,-0.02,-0.25,-0.6,-2.0,0.493193,-0.15986,-0.012104,0.0,-0.000935,-0.119918,-0.033544,-0.015528,-0.031129,0.793083,-0.092649,-0.150095,-0.013285,-0.028765,1.765058,3.926911,-0.10687,-0.001207,-0.42939,0.041667,0.0,3.875,0.10793,0.094717,0.146677
8025,160.896332,950.530029,0.777425,0.771849,0.291667,0.0,0.087762,33852.0,0.195113,0.326711,0.163605,0.308101,-0.053603,0.549867,10.404383,-0.02,-0.8,-0.02,-0.25,-0.6,-2.0,0.47688,-0.135949,-0.013503,0.0,-0.003113,-0.11407,-0.032113,-0.0142,-0.029541,0.764643,-0.09354,-0.155668,-0.012165,-0.02977,1.65959,3.776727,-0.09664,-0.001234,-0.298251,0.083333,0.0,4.583333,0.119822,0.117179,0.176184
8026,168.600189,973.380005,0.78289,0.796576,0.208333,0.0,0.087397,40247.0,0.199101,0.345975,0.175695,0.334083,-0.057365,0.617042,10.293806,-0.02,-0.8,-0.02,-0.25,-0.6,-2.0,0.485698,-0.148638,-0.01232,0.0,-0.002175,-0.121792,-0.032759,-0.0146,-0.030277,0.783254,-0.0917,-0.159322,-0.012414,-0.030752,1.706443,3.828929,-0.100942,-0.001116,-0.322193,0.208333,0.0,5.541667,0.094584,0.121701,0.159288
8027,165.715622,984.330017,0.799685,0.809866,0.166667,0.0,0.08738,42406.0,0.201895,0.348412,0.154702,0.31142,-0.055795,0.56341,10.517783,-0.02,-0.8,-0.02,-0.25,-0.6,-2.0,0.493527,-0.161209,-0.016372,0.0,-0.001183,-0.128925,-0.032983,-0.015126,-0.032642,0.773259,-0.093633,-0.158141,-0.013974,-0.033793,1.721194,3.898179,-0.100197,-0.001943,-0.294983,0.0,0.0,4.958333,0.129729,0.101611,0.159315
8028,168.455688,985.859985,0.814162,0.800079,0.208333,0.0,0.087612,40530.0,0.177728,0.337126,0.154649,0.301292,-0.053301,0.555828,10.289333,-0.02,-0.8,-0.02,-0.25,-0.6,-2.0,0.488901,-0.155173,-0.011878,0.0,-0.001405,-0.122211,-0.03275,-0.014972,-0.031217,0.775675,-0.08836,-0.147801,-0.012465,-0.032075,1.752723,3.87681,-0.097738,-0.001162,-0.311947,0.0,0.041667,4.625,0.114339,0.098912,0.13522
8029,169.586761,979.5,0.813283,0.822609,0.083333,0.0,0.087516,35843.0,0.180816,0.330173,0.179086,0.34449,-0.059587,0.634034,10.320953,-0.02,-0.8,-0.02,-0.25,-0.6,-2.0,0.489142,-0.150184,-0.010625,0.0,-0.002071,-0.13077,-0.032767,-0.015171,-0.030954,0.798223,-0.098898,-0.166571,-0.01292,-0.033864,1.750049,3.887378,-0.102083,-0.001929,-0.418767,0.125,0.0,4.416667,0.087416,0.101635,0.169155
8030,165.558746,971.080017,0.795653,0.805036,0.086957,0.043478,0.087456,38865.0,0.191293,0.336982,0.162295,0.321945,-0.05707,0.570849,10.512321,-0.02,-0.8,-0.02,-0.25,-0.6,-2.0,0.487789,-0.149598,-0.009331,0.0,-0.001611,-0.128262,-0.033411,-0.01559,-0.031618,0.786725,-0.095532,-0.181442,-0.013845,-0.033023,1.71664,3.832076,-0.101287,-0.001134,-0.337335,0.086957,0.0,4.73913,0.100491,0.113545,0.15395
8031,165.718079,962.799988,0.789463,0.788849,0.208333,0.0,0.08764,42925.0,0.16828,0.344526,0.152967,0.298615,-0.054396,0.552917,10.439875,-0.02,-0.8,-0.02,-0.25,-0.6,-2.0,0.485972,-0.153025,-0.017542,0.0,-0.002113,-0.121995,-0.03284,-0.015438,-0.032263,0.77223,-0.091803,-0.144371,-0.01306,-0.031957,1.758863,3.84639,-0.099251,-0.001501,-0.416849,0.208333,0.0,4.583333,0.117345,0.130334,0.148835
8032,165.250458,967.609985,0.80338,0.810853,0.25,0.041667,0.08788,40589.0,0.191286,0.32998,0.164562,0.329658,-0.057176,0.574259,10.575207,-0.02,-0.8,-0.02,-0.25,-0.6,-2.0,0.485836,-0.147344,-0.012198,0.0,-0.003154,-0.118149,-0.033258,-0.015727,-0.031222,0.771751,-0.097791,-0.163549,-0.013341,-0.028831,1.708455,3.836516,-0.103728,-0.001659,-0.447277,0.25,0.0,4.541667,0.133322,0.103513,0.132632
8033,159.71376,945.73999,0.795603,0.789192,0.347826,0.0,0.088006,55587.0,0.201705,0.339839,0.1651,0.31161,-0.055533,0.562559,10.494143,-0.02,-0.8,-0.02,-0.25,-0.6,-2.0,0.480627,-0.150444,-0.016107,0.0,-0.00239,-0.122301,-0.032561,-0.014883,-0.031031,0.763801,-0.098823,-0.16663,-0.012856,-0.031088,1.672701,3.793585,-0.09793,-0.002228,-0.386764,0.043478,0.043478,5.043478,0.112808,0.117139,0.170606
8034,166.553986,965.049988,0.776727,0.80334,0.291667,0.0,0.087946,54896.0,0.162069,0.327643,0.157552,0.296937,-0.055686,0.544776,10.555483,-0.02,-0.8,-0.02,-0.25,-0.6,-2.0,0.482523,-0.153173,-0.008792,0.0,-0.002446,-0.121402,-0.032445,-0.01505,-0.031044,0.777279,-0.093306,-0.15216,-0.013003,-0.031193,1.762097,3.832561,-0.099088,-0.001612,-0.297744,0.041667,0.0,4.916667,0.06896,0.108504,0.159401
8035,167.300369,983.909973,0.797998,0.813305,0.086957,0.0,0.087688,54783.0,0.177678,0.337789,0.167107,0.314297,-0.055941,0.572079,10.370111,-0.02,-0.8,-0.02,-0.25,-0.6,-2.0,0.490278,-0.151455,-0.010886,0.0,-0.001594,-0.127187,-0.033642,-0.015537,-0.032232,0.784712,-0.097621,-0.16377,-0.012543,-0.031429,1.765254,3.878019,-0.103039,-0.001351,-0.625352,0.086957,0.0,4.652174,0.124364,0.11323,0.131834
8036,166.909271,981.799988,0.808687,0.828565,0.125,0.0,0.087872,55186.0,0.176336,0.329423,0.17272,0.331413,-0.058427,0.617615,10.374194,-0.02,-0.8,-0.02,-0.25,-0.6,-2.0,0.492392,-0.152367,-0.009377,0.0,-0.001233,-0.124825,-0.03336,-0.015055,-0.031536,0.796052,-0.092226,-0.155031,-0.012696,-0.032604,1.776219,3.920174,-0.102756,-0.000915,-0.424509,0.083333,0.0,4.5,0.0997,0.089201,0.13493
8037,166.141479,964.77002,0.790804,0.786749,0.25,0.0,0.087839,46794.0,0.174974,0.324337,0.15593,0.322851,-0.058065,0.56693,10.440086,-0.02,-0.8,-0.02,-0.25,-0.6,-2.0,0.478724,-0.152646,-0.015613,0.0,-0.002618,-0.1333,-0.033001,-0.01608,-0.032692,0.751125,-0.102632,-0.15589,-0.014513,-0.033076,1.71508,3.788813,-0.104288,-0.000924,-0.25125,0.166667,0.0,4.583333,0.118758,0.127405,0.150854
8038,171.366531,989.780029,0.784765,0.794265,0.130435,0.043478,0.08797,55795.0,0.18203,0.329826,0.17132,0.335398,-0.059064,0.600523,10.477366,-0.02,-0.8,-0.02,-0.25,-0.6,-2.0,0.486543,-0.149869,-0.013622,0.0,-0.001739,-0.1376,-0.033451,-0.016563,-0.033141,0.78174,-0.093578,-0.160373,-0.012886,-0.035605,1.740185,3.868815,-0.104641,-0.002485,-0.435111,0.130435,0.0,21.347826,0.108579,0.109163,0.149769
8039,161.541489,954.23999,0.760171,0.772965,0.333333,0.0,0.087946,54939.0,0.176087,0.320438,0.169239,0.346167,-0.060485,0.614741,10.297519,-0.02,-0.8,-0.02,-0.25,-0.6,-2.0,0.476396,-0.143489,-0.014432,0.0,-0.002847,-0.125222,-0.0332,-0.016711,-0.032352,0.748109,-0.092638,-0.155192,-0.013414,-0.028617,1.704827,3.774284,-0.105816,-0.001482,-0.527877,0.0,0.0,4.125,0.097837,0.106015,0.181918
8040,162.845352,946.340027,0.778816,0.798265,0.26087,0.0,0.087853,56077.0,0.176543,0.322293,0.16344,0.310152,-0.053749,0.571553,10.308805,-0.02,-0.8,-0.02,-0.25,-0.6,-2.0,0.479674,-0.142563,-0.009989,0.0,-0.002112,-0.112631,-0.032354,-0.014741,-0.029718,0.771551,-0.095594,-0.162326,-0.013037,-0.028048,1.726098,3.812186,-0.097014,-0.001908,-0.330833,0.086957,0.0,4.347826,0.097681,0.106783,0.152473
8041,163.563019,955.539978,0.752398,0.78707,0.208333,0.0,0.087715,47141.0,0.17827,0.320094,0.166092,0.319203,-0.056621,0.568556,10.380431,-0.02,-0.8,-0.02,-0.25,-0.6,-2.0,0.475268,-0.140589,-0.008597,0.0,-0.002611,-0.12645,-0.032666,-0.015586,-0.031776,0.765006,-0.09799,-0.169202,-0.013326,-0.032732,1.693212,3.75245,-0.100775,-0.001042,-0.316727,0.041667,0.0,4.291667,0.089392,0.104863,0.171867
8042,169.780609,975.460022,0.799583,0.813307,0.125,0.0,0.087558,55323.0,0.18404,0.333683,0.15918,0.306306,-0.054585,0.559511,10.337354,-0.02,-0.8,-0.02,-0.25,-0.6,-2.0,0.491676,-0.167193,-0.007048,0.0,-0.001028,-0.125675,-0.032223,-0.014321,-0.030559,0.802393,-0.089401,-0.143609,-0.014428,-0.033344,1.74876,3.912907,-0.09601,-0.001138,-0.316427,0.083333,0.041667,4.5,0.071802,0.100137,0.146519
8043,165.796692,961.809998,0.787485,0.811294,0.083333,0.0,0.087424,55325.0,0.197695,0.340665,0.156977,0.32965,-0.059899,0.570391,10.40351,-0.02,-0.8,-0.02,-0.25,-0.6,-2.0,0.480497,-0.155905,-0.013353,0.0,-0.001891,-0.135221,-0.033759,-0.016784,-0.033795,0.751472,-0.095207,-0.156515,-0.015328,-0.032779,1.66384,3.767461,-0.108005,-0.001773,-0.335011,0.125,0.0,4.625,0.157527,0.111381,0.144653
8044,161.940613,936.320007,0.789931,0.809488,0.333333,0.0,0.087478,55274.0,0.172361,0.32109,0.157487,0.29839,-0.051785,0.58052,10.432774,-0.02,-0.8,-0.02,-0.25,-0.6,-2.0,0.478946,-0.149125,-0.008025,0.0,-0.002542,-0.11507,-0.031824,-0.013519,-0.030297,0.782399,-0.092422,-0.153132,-0.012428,-0.030185,1.726024,3.8206,-0.093226,-0.001046,-0.310551,0.041667,0.0,4.708333,0.123817,0.095806,0.161471
8045,169.753052,982.059998,0.776826,0.793607,0.208333,0.0,0.087416,47970.0,0.188466,0.319827,0.161981,0.304569,-0.055103,0.551872,10.242777,-0.02,-0.8,-0.02,-0.25,-0.6,-2.0,0.478853,-0.141343,-0.014487,0.0,-0.002556,-0.12268,-0.032425,-0.014961,-0.031065,0.768779,-0.091097,-0.15823,-0.012372,-0.031915,1.701832,3.801682,-0.098024,-0.001072,-0.311105,0.125,0.0,4.458333,0.133333,0.119937,0.162869
8046,166.511917,966.26001,0.79214,0.809493,0.125,0.0,0.087332,33929.0,0.178134,0.337867,0.157922,0.304837,-0.053853,0.580515,10.345898,-0.02,-0.8,-0.02,-0.25,-0.6,-2.0,0.488977,-0.153852,-0.012144,0.0,-0.001443,-0.118222,-0.032851,-0.014263,-0.030162,0.791912,-0.089137,-0.153426,-0.011707,-0.031471,1.758035,3.896224,-0.097305,-0.00163,-0.335548,0.125,0.0,5.0,0.098087,0.112822,0.149128
8047,171.263107,989.590027,0.820839,0.815855,0.083333,0.0,0.087281,39487.0,0.195867,0.332329,0.167517,0.312556,-0.054556,0.582321,10.269087,-0.02,-0.8,-0.02,-0.25,-0.6,-2.0,0.494602,-0.150726,-0.012845,0.0,-0.001167,-0.119506,-0.032723,-0.014307,-0.030413,0.802806,-0.090879,-0.161361,-0.012309,-0.030063,1.750843,3.958847,-0.097813,-0.001452,-0.302321,0.041667,0.0,3.583333,0.131331,0.116417,0.152375
8048,170.715027,974.789978,0.780738,0.808047,0.083333,0.0,0.087384,38066.0,0.170283,0.32721,0.157097,0.294728,-0.05207,0.556303,10.431927,-0.02,-0.8,-0.02,-0.25,-0.6,-2.0,0.476555,-0.150492,-0.012829,0.0,-0.002278,-0.101948,-0.031332,-0.012895,-0.026853,0.767821,-0.092495,-0.148443,-0.012075,-0.025968,1.723883,3.813649,-0.09348,-0.014559,-0.246488,0.083333,0.041667,4.708333,0.081723,0.115368,0.139008
8049,161.789474,935.119995,0.745372,0.765775,0.291667,0.041667,0.087148,34364.0,0.177812,0.314416,0.162331,0.306822,-0.05651,0.552836,10.490639,-0.02,-0.8,-0.02,-0.25,-0.6,-2.0,0.46189,-0.141154,-0.010472,0.0,-0.004073,-0.122445,-0.0319,-0.015153,-0.031064,0.743245,-0.099708,-0.154226,-0.013553,-0.030552,1.641409,3.657027,-0.099455,-0.001852,-0.239609,0.083333,0.0,3.916667,0.097635,0.126211,0.184579
8050,168.158188,969.679993,0.802022,0.803483,0.041667,0.0,0.086985,39564.0,0.176504,0.326395,0.16027,0.320601,-0.056183,0.58236,10.407713,-0.02,-0.8,-0.02,-0.25,-0.6,-2.0,0.487017,-0.15364,-0.00831,0.0,-0.00128,-0.126692,-0.032801,-0.01484,-0.032263,0.782472,-0.086642,-0.146636,-0.012203,-0.031949,1.747403,3.879561,-0.100702,-0.00132,-0.318508,0.125,0.0,4.875,0.087154,0.090185,0.13776
8051,167.553345,971.210022,0.795102,0.809558,0.173913,0.0,0.086946,39389.0,0.190766,0.341605,0.163803,0.317469,-0.057529,0.577195,10.387453,-0.02,-0.8,-0.02,-0.25,-0.6,-2.0,0.48813,-0.156629,-0.011328,0.0,-0.002208,-0.129443,-0.03303,-0.015204,-0.033048,0.784293,-0.090112,-0.145206,-0.013404,-0.034682,1.718537,3.869164,-0.101182,-0.001207,-0.278684,0.086957,0.0,4.608696,0.114759,0.127725,0.166619
8052,159.88797,940.669983,0.767391,0.76873,0.375,0.0,0.08727,34174.0,0.195084,0.322574,0.160422,0.312735,-0.055193,0.57074,10.291382,-0.02,-0.8,-0.02,-0.25,-0.6,-2.0,0.469116,-0.144478,-0.01842,0.0,-0.004516,-0.129498,-0.031989,-0.014756,-0.031,0.739533,-0.095129,-0.155691,-0.012619,-0.032964,1.635362,3.721371,-0.097319,-0.006115,-0.292877,0.25,0.0,4.916667,0.145421,0.122754,0.178594
8053,162.518005,945.080017,0.782814,0.784819,0.25,0.041667,0.087282,38855.0,0.173668,0.327651,0.160694,0.304444,-0.05575,0.571569,10.26125,-0.02,-0.8,-0.02,-0.25,-0.6,-2.0,0.480606,-0.149514,-0.011696,0.0,-0.002574,-0.125466,-0.032544,-0.014834,-0.0311,0.785301,-0.096323,-0.152079,-0.01249,-0.033903,1.731681,3.818487,-0.098069,-0.001652,-0.343391,0.125,0.0,4.666667,0.073223,0.110365,0.144181
8054,169.969711,986.710022,0.801473,0.83394,0.041667,0.0,0.087092,41532.0,0.186208,0.334183,0.160161,0.323081,-0.056103,0.575405,10.319196,-0.02,-0.8,-0.02,-0.25,-0.6,-2.0,0.494168,-0.155248,-0.011881,0.0,-0.001389,-0.129965,-0.033444,-0.015278,-0.032913,0.783232,-0.090486,-0.158358,-0.012803,-0.033453,1.760711,3.936636,-0.102434,-0.001339,-0.330403,0.125,0.0,4.291667,0.103251,0.125528,0.13121
8055,160.333618,932.919983,0.768725,0.764541,0.347826,0.043478,0.08712,43981.0,0.173643,0.316836,0.147723,0.29403,-0.052474,0.535437,10.317088,-0.02,-0.8,-0.02,-0.25,-0.6,-2.0,0.46152,-0.147318,-0.012715,0.0,-0.005669,-0.123164,-0.031461,-0.01462,-0.029467,0.74008,-0.107422,-0.161014,-0.012586,-0.030735,1.642125,3.671597,-0.095708,-0.001447,-0.214926,0.130435,0.0,3.565217,0.114875,0.130314,0.208967
8056,172.624649,984.450012,0.812443,0.812374,0.125,0.0,0.086998,50417.0,0.176191,0.331666,0.168126,0.34608,-0.060791,0.6292,10.337626,-0.02,-0.8,-0.02,-0.25,-0.6,-2.0,0.488081,-0.158494,-0.012627,0.0,-0.002071,-0.129935,-0.033386,-0.016095,-0.03153,0.779315,-0.094021,-0.151832,-0.014108,-0.030991,1.756259,3.87617,-0.105861,-0.001591,-0.383116,0.083333,0.0,4.5,0.112498,0.09816,0.167228
8057,169.214432,980.26001,0.80198,0.80071,0.208333,0.0,0.086943,50313.0,0.1971,0.337283,0.169408,0.326262,-0.056754,0.599514,10.371238,-0.02,-0.8,-0.02,-0.25,-0.6,-2.0,0.484552,-0.143153,-0.012598,0.0,-0.00163,-0.139814,-0.032949,-0.015011,-0.033025,0.776242,-0.092965,-0.162832,-0.013364,-0.036068,1.699682,3.818074,-0.099463,-0.001488,-0.307743,0.0,0.0,4.833333,0.113958,0.108772,0.152564
8058,154.897552,900.909973,0.71843,0.761855,0.5,0.0,0.087189,50387.0,0.169427,0.31135,0.155047,0.29552,-0.053491,0.551457,10.412792,-0.02,-0.8,-0.02,-0.25,-0.6,-2.0,0.452262,-0.140383,-0.008806,0.0,-0.005013,-0.125229,-0.030879,-0.014115,-0.029683,0.733709,-0.102332,-0.159191,-0.013392,-0.032837,1.625361,3.585851,-0.092602,-0.003725,-0.250871,0.208333,0.0,4.041667,0.071757,0.110589,0.170511
8059,165.55864,971.719971,0.782169,0.793173,0.166667,0.0,0.087077,50304.0,0.186503,0.345545,0.153705,0.306521,-0.055198,0.570749,10.295665,-0.02,-0.8,-0.02,-0.25,-0.6,-2.0,0.485135,-0.151694,-0.012883,0.0,-0.001574,-0.146017,-0.032501,-0.015149,-0.033855,0.776618,-0.090605,-0.155195,-0.013842,-0.039732,1.722839,3.821487,-0.097507,-0.00154,-0.375323,0.083333,0.0,4.708333,0.100635,0.101019,0.142688
8060,165.391541,974.590027,0.784538,0.804826,0.125,0.0,0.087063,42932.0,0.190979,0.344585,0.167132,0.331725,-0.058581,0.61693,10.370317,-0.02,-0.8,-0.02,-0.25,-0.6,-2.0,0.490428,-0.153894,-0.012165,0.0,-0.001257,-0.123202,-0.033573,-0.015879,-0.031459,0.788937,-0.097145,-0.166574,-0.013942,-0.031243,1.736412,3.873429,-0.102368,-0.00138,-0.413267,0.041667,0.0,4.416667,0.088349,0.099857,0.15318
8061,162.463623,954.130005,0.779739,0.778018,0.291667,0.0,0.087124,49726.0,0.19106,0.33354,0.16367,0.321921,-0.057765,0.575717,10.183993,-0.02,-0.8,-0.02,-0.25,-0.6,-2.0,0.479837,-0.148719,-0.014445,0.0,-0.002481,-0.126051,-0.032816,-0.015771,-0.03133,0.756175,-0.097893,-0.157591,-0.014118,-0.029262,1.682887,3.786038,-0.102526,-0.003306,-0.269217,0.041667,0.0,4.791667,0.102792,0.104361,0.171536
8062,167.46553,978.400024,0.805498,0.812762,0.166667,0.0,0.087223,48691.0,0.182832,0.338708,0.162562,0.317808,-0.057009,0.585356,10.161676,-0.02,-0.8,-0.02,-0.25,-0.6,-2.0,0.489701,-0.149823,-0.011874,0.0,-0.001772,-0.118217,-0.033325,-0.015093,-0.030571,0.786662,-0.093701,-0.152472,-0.012819,-0.030288,1.744839,3.883978,-0.101293,-0.00108,-0.350721,0.083333,0.041667,4.541667,0.103938,0.090065,0.150381
8063,170.597214,981.580017,0.800657,0.813167,0.043478,0.0,0.087203,51045.0,0.179775,0.335786,0.171003,0.321741,-0.056257,0.611972,10.217619,-0.02,-0.8,-0.02,-0.25,-0.6,-2.0,0.490908,-0.151001,-0.011518,0.0,-0.00113,-0.114856,-0.033091,-0.014586,-0.030411,0.795835,-0.091878,-0.157362,-0.012284,-0.029461,1.763766,3.909518,-0.09961,-0.001713,-0.307229,0.086957,0.0,5.173913,0.096647,0.094451,0.132699
8064,165.725357,973.590027,0.787971,0.798287,0.291667,0.041667,0.087071,42652.0,0.18843,0.32042,0.16578,0.33319,-0.058155,0.605845,10.180373,-0.02,-0.8,-0.02,-0.25,-0.6,-2.0,0.482017,-0.146155,-0.014762,0.0,-0.002974,-0.136057,-0.033094,-0.016287,-0.033303,0.767861,-0.097459,-0.154581,-0.013206,-0.03512,1.698293,3.824968,-0.10182,-0.001646,-0.441838,0.041667,0.041667,4.25,0.089662,0.111642,0.177717
8065,168.886566,986.429993,0.802149,0.820849,0.125,0.0,0.087153,50052.0,0.181936,0.336708,0.17268,0.320783,-0.058052,0.574214,10.116627,-0.02,-0.8,-0.02,-0.25,-0.6,-2.0,0.491168,-0.14717,-0.010469,0.0,-0.001861,-0.112034,-0.033501,-0.015688,-0.030075,0.780313,-0.097533,-0.174198,-0.013326,-0.025895,1.762487,3.899645,-0.103173,-0.002294,-0.29001,0.041667,0.0,3.875,0.074902,0.104464,0.129494
8066,165.19603,956.059998,0.805007,0.805056,0.208333,0.0,0.087153,51173.0,0.17331,0.324126,0.156614,0.307002,-0.051682,0.583492,10.205716,-0.02,-0.8,-0.02,-0.25,-0.6,-2.0,0.483556,-0.15562,-0.008692,0.0,-0.002185,-0.107008,-0.031768,-0.013432,-0.027771,0.79145,-0.087618,-0.149247,-0.01187,-0.027575,1.752742,3.865305,-0.093267,-0.00137,-0.306777,0.208333,0.0,4.291667,0.09494,0.121291,0.122287
8067,162.153214,962.469971,0.784227,0.78104,0.083333,0.0,0.087286,50867.0,0.18681,0.337446,0.157189,0.310198,-0.054513,0.57635,10.357569,-0.02,-0.8,-0.02,-0.25,-0.6,-2.0,0.484666,-0.152441,-0.011123,0.0,-0.001574,-0.115959,-0.032602,-0.01474,-0.029841,0.769043,-0.090533,-0.158835,-0.013614,-0.031136,1.717755,3.837088,-0.096068,-0.001283,-0.419618,0.125,0.0,4.708333,0.105197,0.099473,0.153569
8068,166.528549,956.73999,0.788099,0.798048,0.291667,0.0,0.087469,43354.0,0.175345,0.329437,0.159382,0.312003,-0.054615,0.573096,10.287902,-0.02,-0.8,-0.02,-0.25,-0.6,-2.0,0.482791,-0.150992,-0.008297,0.0,-0.00222,-0.114847,-0.032973,-0.015059,-0.031331,0.778165,-0.091172,-0.155753,-0.012402,-0.027882,1.738323,3.831598,-0.099171,-0.001073,-0.308483,0.0,0.0,5.083333,0.111709,0.097873,0.168905
8069,169.97023,988.140015,0.802033,0.815485,0.166667,0.0,0.08748,50267.0,0.178825,0.337545,0.165588,0.322911,-0.0582,0.573381,10.508194,-0.02,-0.8,-0.02,-0.25,-0.6,-2.0,0.491876,-0.151591,-0.012138,0.0,-0.001118,-0.13288,-0.033766,-0.01607,-0.032282,0.77765,-0.092696,-0.160932,-0.013176,-0.033209,1.761978,3.88725,-0.104007,-0.001122,-0.292455,0.0,0.0,5.125,0.120844,0.100284,0.149746
8070,160.355911,950.97998,0.780081,0.785295,0.291667,0.041667,0.087345,50530.0,0.185099,0.319894,0.159666,0.321327,-0.055368,0.588079,10.375072,-0.02,-0.8,-0.02,-0.25,-0.6,-2.0,0.477011,-0.144872,-0.016037,0.0,-0.002937,-0.11953,-0.032773,-0.015217,-0.030628,0.753875,-0.097695,-0.169207,-0.012599,-0.028924,1.694311,3.793458,-0.10058,-0.002459,-0.469023,0.041667,0.0,4.333333,0.147815,0.113204,0.160693
8071,166.468613,973.840027,0.80537,0.80575,0.130435,0.043478,0.087269,50927.0,0.18381,0.339795,0.169688,0.328241,-0.056814,0.606161,10.25046,-0.02,-0.8,-0.02,-0.25,-0.6,-2.0,0.483061,-0.150435,-0.007397,0.0,-0.002367,-0.130952,-0.033209,-0.015547,-0.031585,0.78426,-0.101063,-0.16667,-0.0133,-0.032287,1.724856,3.802311,-0.100561,-0.001423,-0.404367,0.173913,0.0,4.695652,0.13898,0.132308,0.156344
8072,170.158325,985.950012,0.806384,0.830459,0.125,0.0,0.087322,42482.0,0.188321,0.343125,0.151846,0.311112,-0.057134,0.564549,10.261443,-0.02,-0.8,-0.02,-0.25,-0.6,-2.0,0.496273,-0.161498,-0.011089,0.0,-0.000926,-0.134798,-0.033091,-0.01506,-0.031881,0.791256,-0.089576,-0.150498,-0.015176,-0.035773,1.752032,3.939127,-0.101462,-0.001025,-0.246655,0.041667,0.0,4.416667,0.089411,0.098083,0.12326
8073,164.133469,960.159973,0.784934,0.802622,0.217391,0.0,0.087336,49684.0,0.192302,0.33333,0.160875,0.329538,-0.058452,0.581901,10.27285,-0.02,-0.8,-0.02,-0.25,-0.6,-2.0,0.48351,-0.150193,-0.011937,0.0,-0.002104,-0.132766,-0.033476,-0.016216,-0.033211,0.770896,-0.096556,-0.157546,-0.013803,-0.034014,1.701131,3.808218,-0.104595,-0.001494,-0.371765,0.043478,0.0,5.130435,0.120476,0.088353,0.139752
8074,163.682999,952.109985,0.792324,0.800459,0.217391,0.0,0.087559,50973.0,0.199304,0.326646,0.161794,0.326339,-0.05744,0.580718,10.416016,-0.02,-0.8,-0.02,-0.25,-0.6,-2.0,0.484931,-0.147839,-0.017938,0.0,-0.00126,-0.122732,-0.033417,-0.015836,-0.03093,0.772305,-0.097298,-0.161876,-0.013301,-0.02972,1.697853,3.860137,-0.103525,-0.003262,-0.291409,0.043478,0.086957,4.869565,0.110674,0.104866,0.166138
8075,170.33432,989.22998,0.805744,0.818067,0.166667,0.0,0.087523,50470.0,0.185158,0.333082,0.168361,0.324227,-0.057041,0.57971,10.345438,-0.02,-0.8,-0.02,-0.25,-0.6,-2.0,0.489442,-0.15004,-0.012647,0.0,-0.001528,-0.122846,-0.033549,-0.015732,-0.03122,0.78065,-0.09005,-0.162478,-0.012503,-0.029887,1.744233,3.883525,-0.103236,-0.00105,-0.34898,0.0,0.0,5.041667,0.093386,0.089937,0.164604
8076,166.914734,974.059998,0.790032,0.798093,0.166667,0.0,0.087462,43626.0,0.178668,0.334769,0.164035,0.33192,-0.059657,0.610595,10.247344,-0.02,-0.8,-0.02,-0.25,-0.6,-2.0,0.48513,-0.160234,-0.010272,0.0,-0.002002,-0.134437,-0.033101,-0.016274,-0.032129,0.784544,-0.095758,-0.149878,-0.014848,-0.035199,1.737607,3.837051,-0.10306,-0.002351,-0.300383,0.125,0.0,5.041667,0.095023,0.100776,0.156941
8077,161.549179,948.27002,0.780408,0.776053,0.26087,0.0,0.087452,50356.0,0.188331,0.335638,0.162789,0.324229,-0.055136,0.593133,10.206995,-0.02,-0.8,-0.02,-0.25,-0.6,-2.0,0.479654,-0.149413,-0.010587,0.0,-0.002263,-0.129636,-0.032491,-0.014951,-0.031037,0.780222,-0.101245,-0.165532,-0.013806,-0.034376,1.699204,3.775393,-0.097886,-0.001378,-0.374098,0.130435,0.0,4.608696,0.133343,0.126352,0.171167
8078,160.395416,933.289978,0.757922,0.777301,0.458333,0.0,0.087428,53193.0,0.187038,0.319825,0.155286,0.301377,-0.052399,0.551258,10.325593,-0.02,-0.8,-0.02,-0.25,-0.6,-2.0,0.464458,-0.140454,-0.014666,0.0,-0.004259,-0.123512,-0.031607,-0.014256,-0.029908,0.741931,-0.096191,-0.15742,-0.013241,-0.033653,1.630181,3.679858,-0.093613,-0.001902,-0.266845,0.041667,0.0,4.333333,0.096027,0.095308,0.175842
8079,167.397354,976.869995,0.760216,0.824254,0.041667,0.041667,0.087367,54762.0,0.185825,0.332479,0.164073,0.32427,-0.056585,0.593952,10.102581,-0.02,-0.8,-0.02,-0.25,-0.6,-2.0,0.489829,-0.152307,-0.017953,0.0,-0.00125,-0.13004,-0.033274,-0.01559,-0.0308,0.772979,-0.091675,-0.164247,-0.013035,-0.033285,1.74378,3.910155,-0.100397,-0.00185,-0.332794,0.083333,0.0,4.583333,0.098257,0.099264,0.122256
8080,164.860992,949.409973,0.762026,0.767765,0.333333,0.0,0.087479,54839.0,0.168575,0.317975,0.15672,0.304231,-0.055022,0.556913,10.318316,-0.02,-0.8,-0.02,-0.25,-0.6,-2.0,0.46401,-0.148059,-0.009952,0.0,-0.005381,-0.133661,-0.031586,-0.015728,-0.031688,0.75013,-0.09219,-0.151861,-0.012069,-0.033548,1.663775,3.68681,-0.098223,-0.001147,-0.289719,0.125,0.0,19.958334,0.114753,0.126336,0.189405
8081,165.74295,948.109985,0.777886,0.778131,0.333333,0.0,0.087568,43145.0,0.165983,0.315653,0.162604,0.314604,-0.054596,0.576989,10.22472,-0.02,-0.8,-0.02,-0.25,-0.6,-2.0,0.466645,-0.146268,-0.007752,0.0,-0.004099,-0.106391,-0.031277,-0.014254,-0.029139,0.75778,-0.093475,-0.148023,-0.012163,-0.0249,1.688619,3.716684,-0.09719,-0.000778,-0.273015,0.041667,0.0,3.75,0.096507,0.109865,0.197326
8082,165.663696,963.080017,0.801832,0.810413,0.217391,0.0,0.087519,56595.0,0.181189,0.325689,0.16608,0.318134,-0.055407,0.598979,10.124682,-0.02,-0.8,-0.02,-0.25,-0.6,-2.0,0.487512,-0.150851,-0.010092,0.0,-0.001741,-0.128679,-0.032415,-0.014674,-0.03045,0.794213,-0.088565,-0.148252,-0.013183,-0.035898,1.744506,3.899369,-0.09691,-0.001355,-0.401602,0.043478,0.0,4.434783,0.0843,0.109409,0.165427
8083,166.470734,975.77002,0.808729,0.798532,0.166667,0.0,0.087582,54844.0,0.19057,0.333916,0.171744,0.341179,-0.061917,0.621514,10.22234,-0.02,-0.8,-0.02,-0.25,-0.6,-2.0,0.487398,-0.15371,-0.014792,0.0,-0.001685,-0.132556,-0.03337,-0.016351,-0.03123,0.789291,-0.095511,-0.166426,-0.014573,-0.032585,1.734925,3.853336,-0.105402,-0.001094,-0.380748,0.041667,0.0,4.25,0.072294,0.105434,0.140641
8084,162.679901,960.539978,0.764826,0.777186,0.208333,0.0,0.087752,55439.0,0.183567,0.334989,0.16561,0.320009,-0.058617,0.572795,10.232927,-0.02,-0.8,-0.02,-0.25,-0.6,-2.0,0.47726,-0.149223,-0.012894,0.0,-0.004103,-0.131927,-0.032736,-0.015996,-0.031186,0.763876,-0.102049,-0.178948,-0.015051,-0.03411,1.694945,3.764178,-0.102041,-0.002363,-0.388483,0.125,0.0,4.916667,0.112439,0.128213,0.174844
8085,162.567459,956.460022,0.794641,0.804488,0.25,0.0,0.087518,46213.0,0.180566,0.324134,0.165886,0.327119,-0.058934,0.605635,10.214279,-0.02,-0.8,-0.02,-0.25,-0.6,-2.0,0.483579,-0.151115,-0.009629,0.0,-0.002507,-0.136697,-0.033179,-0.016024,-0.032888,0.779301,-0.09976,-0.170528,-0.014503,-0.035744,1.731344,3.827435,-0.101939,-0.001528,-0.383713,0.041667,0.0,4.125,0.077283,0.099241,0.170969
8086,163.805222,942.26001,0.780944,0.778674,0.291667,0.041667,0.087582,55069.0,0.181941,0.327106,0.159426,0.307251,-0.055662,0.569906,10.34152,-0.02,-0.8,-0.02,-0.25,-0.6,-2.0,0.477733,-0.148107,-0.017155,0.0,-0.003576,-0.120645,-0.032176,-0.014468,-0.029865,0.772426,-0.092978,-0.155163,-0.012068,-0.031321,1.697885,3.804709,-0.097318,-0.001863,-0.365428,0.125,0.0,4.625,0.101874,0.103346,0.167179
8087,164.000763,975.190002,0.803739,0.81181,0.125,0.0,0.087618,55025.0,0.190534,0.342154,0.162398,0.309771,-0.054688,0.550792,10.222076,-0.02,-0.8,-0.02,-0.25,-0.6,-2.0,0.492878,-0.149909,-0.011594,0.0,-0.001238,-0.121392,-0.03307,-0.014496,-0.030938,0.788109,-0.094222,-0.161363,-0.012806,-0.032612,1.740024,3.910424,-0.098977,-0.001391,-0.373224,0.041667,0.0,5.041667,0.108914,0.094408,0.134748
8088,163.89122,955.48999,0.784048,0.795002,0.25,0.0,0.087452,55357.0,0.175698,0.33163,0.163243,0.332073,-0.055604,0.59861,10.170834,-0.02,-0.8,-0.02,-0.25,-0.6,-2.0,0.479345,-0.146969,-0.013248,0.0,-0.004046,-0.118437,-0.032945,-0.015276,-0.02943,0.760588,-0.100449,-0.180116,-0.01269,-0.027855,1.724725,3.809533,-0.10151,-0.001136,-0.353208,0.208333,0.0,4.166667,0.094283,0.112587,0.182878
8089,163.289032,957.75,0.777844,0.780883,0.208333,0.0,0.087503,55376.0,0.193757,0.331495,0.154883,0.307808,-0.053181,0.545812,10.147087,-0.02,-0.8,-0.02,-0.25,-0.6,-2.0,0.485791,-0.155237,-0.016184,0.0,-0.001917,-0.120702,-0.032206,-0.014454,-0.029379,0.773295,-0.091863,-0.158857,-0.013873,-0.032871,1.710688,3.870178,-0.096219,-0.005657,-0.303124,0.0,0.0,3.75,0.116403,0.097539,0.166034
8090,166.918289,984.099976,0.802586,0.808372,0.125,0.0,0.087474,46547.0,0.182322,0.335399,0.152056,0.284072,-0.05178,0.525261,10.224377,-0.02,-0.8,-0.02,-0.25,-0.6,-2.0,0.491659,-0.156377,-0.012348,0.0,-0.001407,-0.108546,-0.032287,-0.013397,-0.028063,0.791534,-0.086644,-0.149708,-0.012218,-0.028305,1.753055,3.947159,-0.094838,-0.001106,-0.351648,0.041667,0.0,4.75,0.071353,0.093078,0.164569
8091,162.638718,941.650024,0.798163,0.785965,0.333333,0.0,0.087436,45256.0,0.165405,0.31398,0.162867,0.295864,-0.050483,0.552685,10.251925,-0.02,-0.8,-0.02,-0.25,-0.6,-2.0,0.477885,-0.140657,-0.01128,0.0,-0.003042,-0.111397,-0.031646,-0.013485,-0.028386,0.765368,-0.08822,-0.145481,-0.010994,-0.028621,1.734825,3.838065,-0.092094,-0.001104,-0.420623,0.083333,0.0,3.958333,0.082189,0.113492,0.18223
8092,164.388916,957.830017,0.775976,0.780595,0.391304,0.0,0.087742,38118.0,0.182368,0.328354,0.15533,0.29588,-0.054092,0.538229,10.181589,-0.02,-0.8,-0.02,-0.25,-0.6,-2.0,0.475671,-0.148696,-0.010882,0.0,-0.003226,-0.126743,-0.032297,-0.01451,-0.030299,0.772812,-0.09235,-0.152466,-0.013444,-0.03447,1.703742,3.780181,-0.096229,-0.002689,-0.366785,0.086957,0.0,4.913043,0.090909,0.132796,0.182706
8093,163.513565,969.710022,0.79207,0.800439,0.25,0.0,0.087722,32682.0,0.212231,0.321183,0.15265,0.302298,-0.052304,0.549018,10.153964,-0.02,-0.8,-0.02,-0.25,-0.6,-2.0,0.485285,-0.152963,-0.018001,0.0,-0.002509,-0.123453,-0.032559,-0.01467,-0.030961,0.764522,-0.096617,-0.150451,-0.013575,-0.032577,1.664954,3.87873,-0.096709,-0.005944,-0.368412,0.166667,0.0,4.75,0.132629,0.105336,0.169683
8094,163.981049,965.359985,0.772732,0.791312,0.25,0.0,0.087728,35463.0,0.197626,0.335356,0.161156,0.326027,-0.058421,0.582393,10.208862,-0.02,-0.8,-0.02,-0.25,-0.6,-2.0,0.483748,-0.153924,-0.01611,0.0,-0.002363,-0.13095,-0.03317,-0.015994,-0.031905,0.772974,-0.099636,-0.170546,-0.01327,-0.033148,1.70142,3.827918,-0.10347,-0.001958,-0.320677,0.083333,0.0,5.458333,0.115435,0.105793,0.191061
8095,158.673477,932.429993,0.724504,0.753865,0.458333,0.0,0.087507,38678.0,0.177619,0.314443,0.157937,0.318993,-0.05447,0.575336,10.202771,-0.02,-0.8,-0.02,-0.25,-0.6,-2.0,0.458938,-0.140758,-0.014084,0.0,-0.004414,-0.119427,-0.031641,-0.015175,-0.029985,0.721478,-0.092984,-0.15062,-0.012361,-0.029448,1.628973,3.629352,-0.097645,-0.007519,-0.35314,0.083333,0.0,4.375,0.112287,0.141421,0.196998
8096,164.673065,955.27002,0.776462,0.79366,0.208333,0.0,0.087675,32662.0,0.194718,0.331925,0.153555,0.30397,-0.052798,0.545595,10.266973,-0.02,-0.8,-0.02,-0.25,-0.6,-2.0,0.480075,-0.147343,-0.015141,0.0,-0.002282,-0.115785,-0.032341,-0.014103,-0.029333,0.769388,-0.096697,-0.161142,-0.01289,-0.030616,1.686942,3.819199,-0.096337,-0.002252,-0.241407,0.041667,0.0,4.083333,0.081849,0.096218,0.170801
8097,157.853394,930.419983,0.775699,0.776919,0.347826,0.0,0.08777,36862.0,0.18266,0.315916,0.150901,0.319704,-0.054529,0.580567,10.305597,-0.02,-0.8,-0.02,-0.25,-0.6,-2.0,0.468744,-0.153033,-0.011651,0.0,-0.003393,-0.126105,-0.031777,-0.015155,-0.03083,0.757352,-0.094143,-0.1554,-0.015372,-0.033637,1.652219,3.719788,-0.096005,-0.002385,-0.440041,0.086957,0.0,4.434783,0.121828,0.110756,0.176055
8098,158.484207,935.309998,0.747474,0.754149,0.25,0.0,0.087652,36018.0,0.17793,0.317071,0.158892,0.309506,-0.053399,0.554776,10.205162,-0.02,-0.8,-0.02,-0.25,-0.6,-2.0,0.459264,-0.141978,-0.011163,0.0,-0.004333,-0.118397,-0.031421,-0.01426,-0.029491,0.741389,-0.091641,-0.152153,-0.011728,-0.030202,1.633087,3.644704,-0.095877,-0.002336,-0.401721,0.083333,0.041667,4.208333,0.125203,0.107406,0.191831
8099,162.623016,943.789978,0.792754,0.787997,0.333333,0.0,0.087613,35174.0,0.180739,0.320579,0.151754,0.302858,-0.052322,0.55687,10.232612,-0.02,-0.8,-0.02,-0.25,-0.6,-2.0,0.473442,-0.148067,-0.010065,0.0,-0.003071,-0.122726,-0.031685,-0.014356,-0.029908,0.767793,-0.092218,-0.158545,-0.012651,-0.034701,1.686574,3.773729,-0.093751,-0.00237,-0.316386,0.083333,0.0,4.75,0.084421,0.124687,0.167494
8100,159.775162,934.559998,0.755902,0.784788,0.333333,0.083333,0.087606,47337.0,0.172512,0.313533,0.155341,0.308406,-0.054264,0.580187,10.28253,-0.02,-0.8,-0.02,-0.25,-0.6,-2.0,0.469963,-0.150921,-0.01364,0.0,-0.004123,-0.133766,-0.032032,-0.015305,-0.032178,0.754424,-0.090348,-0.15073,-0.012433,-0.034282,1.684049,3.752396,-0.097322,-0.002113,-0.30893,0.125,0.0,4.166667,0.10498,0.120206,0.170593
8101,167.352966,970.630005,0.805222,0.792784,0.208333,0.0,0.087411,53430.0,0.186753,0.337595,0.162861,0.316452,-0.054833,0.570125,10.27199,-0.02,-0.8,-0.02,-0.25,-0.6,-2.0,0.489655,-0.148639,-0.016952,0.0,-0.001583,-0.122512,-0.033132,-0.014733,-0.031427,0.782179,-0.092955,-0.147767,-0.012733,-0.033438,1.733855,3.885274,-0.09863,-0.001503,-0.362723,0.041667,0.0,4.833333,0.106333,0.122625,0.171464
8102,162.321136,959.049988,0.776104,0.782161,0.208333,0.0,0.087514,54226.0,0.204724,0.339097,0.171855,0.312886,-0.057294,0.557128,10.205843,-0.02,-0.8,-0.02,-0.25,-0.6,-2.0,0.4798,-0.139668,-0.011706,0.0,-0.003088,-0.125944,-0.033293,-0.015335,-0.031069,0.772274,-0.105063,-0.187084,-0.013089,-0.034655,1.672615,3.76351,-0.098866,-0.002357,-0.396852,0.125,0.0,3.916667,0.109935,0.114167,0.183918
8103,164.499969,945.820007,0.800338,0.79797,0.416667,0.0,0.087545,41994.0,0.182116,0.332948,0.154422,0.307499,-0.053604,0.559566,10.229221,-0.02,-0.8,-0.02,-0.25,-0.6,-2.0,0.479618,-0.146331,-0.016245,0.0,-0.002828,-0.116628,-0.032542,-0.014462,-0.028611,0.768383,-0.095564,-0.15505,-0.012223,-0.029517,1.704541,3.821545,-0.098121,-0.007872,-0.235758,0.041667,0.0,4.958333,0.086284,0.108109,0.180073
8104,171.762482,990.659973,0.788441,0.799212,0.181818,0.090909,0.087755,50039.0,0.179612,0.327077,0.155689,0.315558,-0.054659,0.563359,10.212516,-0.02,-0.8,-0.02,-0.25,-0.6,-2.0,0.486149,-0.147955,-0.012216,0.0,-0.001593,-0.123288,-0.033317,-0.015956,-0.031701,0.773086,-0.089926,-0.153663,-0.01161,-0.032722,1.736312,3.868456,-0.100628,-0.001197,-0.269943,0.0,0.0,4.909091,0.082548,0.10706,0.178733
8105,166.615875,978.950012,0.808423,0.810141,0.166667,0.0,0.087732,52269.0,0.199424,0.347267,0.174073,0.342937,-0.059774,0.608872,10.266166,-0.02,-0.8,-0.02,-0.25,-0.6,-2.0,0.491512,-0.153096,-0.011771,0.0,-0.001481,-0.136056,-0.03425,-0.016876,-0.032128,0.786778,-0.100199,-0.168388,-0.01554,-0.034328,1.721755,3.851109,-0.104451,-0.001752,-0.391866,0.083333,0.041667,4.833333,0.122444,0.108191,0.163267
8106,169.90094,989.530029,0.796199,0.809563,0.125,0.0,0.087398,54079.0,0.192271,0.334735,0.178932,0.331774,-0.056326,0.609268,10.143169,-0.02,-0.8,-0.02,-0.25,-0.6,-2.0,0.495133,-0.144872,-0.0066,0.0,-0.000958,-0.122369,-0.033254,-0.01409,-0.030937,0.811661,-0.090729,-0.160936,-0.012047,-0.033181,1.759549,3.926121,-0.098154,-0.001284,-0.383087,0.0,0.0,4.25,0.121188,0.117887,0.142112
8107,162.596146,955.789978,0.75207,0.786675,0.208333,0.0,0.087244,52410.0,0.191714,0.329388,0.154265,0.309263,-0.053576,0.542162,10.188328,-0.02,-0.8,-0.02,-0.25,-0.6,-2.0,0.477767,-0.148455,-0.010813,0.0,-0.002056,-0.116533,-0.032662,-0.014507,-0.029959,0.752295,-0.094968,-0.16149,-0.012502,-0.030571,1.672516,3.783636,-0.097793,-0.00238,-0.322424,0.041667,0.0,3.708333,0.093272,0.111899,0.153347
8108,164.193741,947.630005,0.772659,0.772729,0.166667,0.125,0.087306,42212.0,0.176417,0.321623,0.160292,0.315245,-0.055736,0.582698,10.164692,-0.02,-0.8,-0.02,-0.25,-0.6,-2.0,0.473311,-0.145423,-0.009475,0.0,-0.002767,-0.118827,-0.032282,-0.014491,-0.029308,0.768408,-0.095788,-0.145685,-0.012136,-0.031115,1.691468,3.768343,-0.097691,-0.001111,-0.241449,0.041667,0.0,4.625,0.093346,0.113015,0.16015
8109,170.155411,978.309998,0.784184,0.805845,0.083333,0.0,0.087219,49492.0,0.176494,0.335958,0.16342,0.337721,-0.057359,0.609284,9.998523,-0.02,-0.8,-0.02,-0.25,-0.6,-2.0,0.489245,-0.162744,-0.010637,0.0,-0.002044,-0.125562,-0.03387,-0.016479,-0.031581,0.789126,-0.094213,-0.157433,-0.012941,-0.03071,1.763608,3.875824,-0.103178,-0.001538,-0.256864,0.125,0.0,5.041667,0.12556,0.109465,0.157812
8110,172.069992,985.650024,0.80802,0.824894,0.208333,0.0,0.087372,51012.0,0.17389,0.327789,0.173671,0.341154,-0.058207,0.635881,10.067894,-0.02,-0.8,-0.02,-0.25,-0.6,-2.0,0.491962,-0.147983,-0.009608,0.0,-0.001778,-0.134699,-0.033825,-0.016444,-0.032551,0.804363,-0.095041,-0.157362,-0.012271,-0.034993,1.783107,3.914895,-0.103486,-0.001366,-0.36816,0.083333,0.041667,4.291667,0.079707,0.095544,0.122226
8111,168.228836,976.669983,0.797199,0.809805,0.208333,0.0,0.087267,51891.0,0.199,0.331283,0.157723,0.31607,-0.055628,0.572343,10.069641,-0.02,-0.8,-0.02,-0.25,-0.6,-2.0,0.490871,-0.155757,-0.016722,0.0,-0.00156,-0.120511,-0.033418,-0.015111,-0.030576,0.7852,-0.094569,-0.156314,-0.012584,-0.030936,1.710878,3.913905,-0.101674,-0.001688,-0.253153,0.0,0.0,5.0,0.109149,0.103955,0.130957
8112,165.777222,965.75,0.782253,0.812386,0.25,0.0,0.087278,38814.0,0.179475,0.329715,0.158196,0.311507,-0.05424,0.563768,10.19632,-0.02,-0.8,-0.02,-0.25,-0.6,-2.0,0.48235,-0.149106,-0.010657,0.0,-0.002458,-0.118029,-0.032925,-0.015238,-0.030595,0.768242,-0.093643,-0.159513,-0.012431,-0.029585,1.723527,3.827589,-0.099413,-0.00105,-0.314502,0.083333,0.0,4.5,0.073891,0.116861,0.147841
8113,170.88179,986.73999,0.798524,0.818457,0.217391,0.0,0.087191,40995.0,0.19955,0.36093,0.155887,0.327463,-0.05693,0.596737,10.189261,-0.02,-0.8,-0.02,-0.25,-0.6,-2.0,0.490732,-0.162731,-0.01553,0.0,-0.001551,-0.129657,-0.033417,-0.015399,-0.031652,0.784144,-0.094484,-0.156546,-0.013799,-0.033055,1.714358,3.865844,-0.102294,-0.00282,-0.293948,0.0,0.0,5.0,0.130893,0.094146,0.141167
8114,166.791595,978.52002,0.794522,0.795653,0.130435,0.0,0.087234,37487.0,0.201763,0.331851,0.15896,0.308431,-0.05611,0.554638,10.135087,-0.02,-0.8,-0.02,-0.25,-0.6,-2.0,0.486653,-0.154996,-0.017221,0.0,-0.001585,-0.12216,-0.032868,-0.014947,-0.030436,0.770545,-0.093426,-0.154834,-0.012989,-0.032209,1.691669,3.88402,-0.098999,-0.002369,-0.361908,0.043478,0.0,4.73913,0.120329,0.097571,0.162854
8115,160.352524,948.599976,0.737393,0.74141,0.434783,0.0,0.08743,32738.0,0.193168,0.320287,0.158556,0.300716,-0.051955,0.538161,10.166239,-0.02,-0.8,-0.02,-0.25,-0.6,-2.0,0.450458,-0.135135,-0.015719,0.0,-0.005744,-0.108107,-0.031328,-0.013922,-0.027207,0.717822,-0.10475,-0.161528,-0.012858,-0.027593,1.562978,3.533141,-0.092683,-0.001525,-0.3171,0.130435,0.0,4.695652,0.116156,0.119791,0.220126
8116,168.598022,978.960022,0.771748,0.811747,0.130435,0.0,0.087466,40154.0,0.188582,0.334596,0.161712,0.300545,-0.052128,0.555606,10.131313,-0.02,-0.8,-0.02,-0.25,-0.6,-2.0,0.487821,-0.145883,-0.007397,0.0,-0.002133,-0.124043,-0.032708,-0.014133,-0.031021,0.78362,-0.100461,-0.167183,-0.013133,-0.034442,1.729481,3.870198,-0.094036,-0.001724,-0.326008,0.086957,0.0,4.782609,0.125932,0.10849,0.166643
8117,169.16333,975.619995,0.795051,0.804236,0.166667,0.0,0.087349,36756.0,0.184191,0.336435,0.169303,0.329623,-0.055672,0.600123,10.136775,-0.02,-0.8,-0.02,-0.25,-0.6,-2.0,0.491527,-0.151066,-0.009109,0.0,-0.001111,-0.122487,-0.033319,-0.014815,-0.030209,0.794766,-0.089013,-0.156138,-0.012101,-0.032665,1.75426,3.911602,-0.099732,-0.001203,-0.321674,0.041667,0.0,5.208333,0.074491,0.096204,0.138287
8118,164.71933,951.289978,0.778171,0.792249,0.227273,0.045455,0.087107,32695.0,0.192935,0.31844,0.160213,0.317265,-0.054312,0.54676,10.148481,-0.02,-0.8,-0.02,-0.25,-0.6,-2.0,0.476931,-0.146337,-0.010807,0.0,-0.002183,-0.114648,-0.03237,-0.014263,-0.030091,0.764068,-0.090255,-0.147467,-0.011218,-0.029074,1.66228,3.799203,-0.098406,-0.001666,-0.299217,0.090909,0.0,5.181818,0.147813,0.13284,0.154511
8119,169.411697,987.159973,0.818327,0.830168,0.125,0.0,0.087267,37821.0,0.177002,0.335536,0.154988,0.313754,-0.053453,0.566899,10.128885,-0.02,-0.8,-0.02,-0.25,-0.6,-2.0,0.494293,-0.158941,-0.00839,0.0,-0.000917,-0.112711,-0.033175,-0.014665,-0.02929,0.800607,-0.094424,-0.162307,-0.012498,-0.027642,1.773481,3.946007,-0.099244,-0.001444,-0.387275,0.041667,0.0,4.708333,0.077025,0.093121,0.1448
8120,161.525131,945.049988,0.764363,0.785765,0.208333,0.0,0.087353,37822.0,0.194212,0.3229,0.161112,0.307032,-0.053035,0.548871,9.996108,-0.02,-0.8,-0.02,-0.25,-0.6,-2.0,0.478599,-0.139991,-0.015165,0.0,-0.002613,-0.112029,-0.032471,-0.014337,-0.029343,0.754441,-0.090255,-0.149211,-0.012297,-0.031255,1.68208,3.802245,-0.095885,-0.001373,-0.372553,0.166667,0.041667,4.083333,0.111765,0.117138,0.15884
8121,167.908066,993.830017,0.81721,0.807045,0.125,0.0,0.087323,34841.0,0.182489,0.323249,0.156649,0.311386,-0.053665,0.57741,10.099085,-0.02,-0.8,-0.02,-0.25,-0.6,-2.0,0.492727,-0.160985,-0.011499,0.0,-0.002431,-0.126685,-0.032532,-0.014857,-0.031924,0.800886,-0.084758,-0.139308,-0.012378,-0.033601,1.754219,3.963035,-0.096428,-0.001617,-0.677788,0.041667,0.0,4.291667,0.099721,0.095461,0.148696
8122,170.053284,984.48999,0.816842,0.806199,0.125,0.0,0.087216,37493.0,0.182513,0.32652,0.166708,0.324746,-0.056501,0.602312,10.038394,-0.02,-0.8,-0.02,-0.25,-0.6,-2.0,0.489152,-0.152102,-0.011003,0.0,-0.001458,-0.132632,-0.032936,-0.014965,-0.031379,0.797233,-0.085559,-0.148439,-0.012112,-0.036988,1.742101,3.907804,-0.09952,-0.002588,-0.358669,0.0,0.0,19.666668,0.075729,0.111822,0.161074
8123,166.485687,985.01001,0.802169,0.812949,0.043478,0.0,0.087256,37487.0,0.185145,0.323843,0.154235,0.312635,-0.054311,0.562838,10.098192,-0.02,-0.8,-0.02,-0.25,-0.6,-2.0,0.4909,-0.157377,-0.013566,0.0,-0.001014,-0.119462,-0.032874,-0.014657,-0.030307,0.776001,-0.088187,-0.149919,-0.011711,-0.031283,1.745873,3.936233,-0.099714,-0.009111,-0.393793,0.043478,0.0,4.26087,0.087131,0.10482,0.145194
8124,165.248764,962.200012,0.800772,0.804821,0.208333,0.0,0.087124,37666.0,0.176952,0.323765,0.15797,0.323729,-0.058665,0.587695,10.154818,-0.02,-0.8,-0.02,-0.25,-0.6,-2.0,0.481194,-0.156009,-0.008922,0.0,-0.003083,-0.126438,-0.032974,-0.015611,-0.031607,0.77593,-0.096254,-0.16427,-0.012917,-0.030082,1.722809,3.826729,-0.104235,-0.001036,-0.34315,0.125,0.041667,4.041667,0.082065,0.102929,0.17458
8125,162.025085,931.869995,0.740439,0.74118,0.166667,0.125,0.086981,31692.0,0.176686,0.314324,0.157663,0.304669,-0.05357,0.53763,10.10751,-0.02,-0.8,-0.02,-0.25,-0.6,-2.0,0.456239,-0.133688,-0.011449,0.0,-0.003712,-0.108273,-0.031764,-0.014371,-0.02803,0.730164,-0.099364,-0.157381,-0.012058,-0.027586,1.615802,3.613796,-0.096154,-0.002771,-0.270508,0.208333,0.041667,4.541667,0.061243,0.121028,0.168818
8126,166.961777,981.429993,0.797607,0.806591,0.083333,0.0,0.086916,35279.0,0.184599,0.348883,0.168925,0.316388,-0.056376,0.57011,10.114588,-0.02,-0.8,-0.02,-0.25,-0.6,-2.0,0.494102,-0.151183,-0.010501,0.0,-0.0005,-0.123466,-0.033686,-0.01528,-0.031071,0.797082,-0.096031,-0.166489,-0.012874,-0.030923,1.764466,3.902641,-0.101503,-0.000974,-0.420272,0.0,0.0,4.75,0.101638,0.099565,0.150648
8127,166.099182,985.27002,0.794209,0.810315,0.041667,0.0,0.086833,35516.0,0.201945,0.342819,0.17838,0.339565,-0.059207,0.60002,10.115326,-0.02,-0.8,-0.02,-0.25,-0.6,-2.0,0.495707,-0.144207,-0.018322,0.0,-0.001167,-0.145529,-0.034326,-0.016571,-0.034144,0.784311,-0.099287,-0.174116,-0.013907,-0.039914,1.736702,3.902606,-0.104069,-0.06805,-0.390623,0.125,0.041667,4.541667,0.120987,0.099726,0.162097
8128,165.683289,973.27002,0.791698,0.790065,0.25,0.0,0.086592,33115.0,0.184445,0.325489,0.158475,0.329477,-0.057101,0.590254,10.183088,-0.02,-0.8,-0.02,-0.25,-0.6,-2.0,0.485758,-0.156427,-0.013943,0.0,-0.002272,-0.125729,-0.033453,-0.015657,-0.03158,0.769772,-0.093655,-0.15346,-0.012582,-0.032902,1.727318,3.875037,-0.103301,-0.003061,-0.436517,0.083333,0.0,4.875,0.118142,0.098953,0.148376
8129,166.032166,969.830017,0.802124,0.801589,0.208333,0.041667,0.086392,38242.0,0.180956,0.334201,0.159952,0.316898,-0.055622,0.580447,10.188175,-0.02,-0.8,-0.02,-0.25,-0.6,-2.0,0.487829,-0.151767,-0.011189,0.0,-0.002092,-0.120102,-0.033401,-0.015687,-0.030978,0.782208,-0.097369,-0.163036,-0.012516,-0.030461,1.74748,3.877331,-0.101366,-0.00144,-0.341024,0.083333,0.041667,4.833333,0.105408,0.117415,0.156704
8130,161.656876,939.23999,0.763235,0.782556,0.375,0.0,0.086712,37951.0,0.179369,0.323759,0.160061,0.312556,-0.05351,0.566974,10.140458,-0.02,-0.8,-0.02,-0.25,-0.6,-2.0,0.468085,-0.142177,-0.011008,0.0,-0.004946,-0.111347,-0.031899,-0.01427,-0.029113,0.757155,-0.101364,-0.162424,-0.012934,-0.029437,1.658504,3.700841,-0.094589,-0.001894,-0.36271,0.125,0.0,4.041667,0.113798,0.139053,0.188886
8131,167.502518,967.700012,0.781715,0.806971,0.083333,0.0,0.086743,32837.0,0.189953,0.337384,0.165663,0.342443,-0.058439,0.586166,10.159692,-0.02,-0.8,-0.02,-0.25,-0.6,-2.0,0.481932,-0.148161,-0.011692,0.0,-0.001806,-0.113771,-0.033597,-0.016029,-0.030073,0.762622,-0.097258,-0.165163,-0.012797,-0.027165,1.696618,3.820252,-0.104478,-0.00314,-0.322545,0.083333,0.0,3.833333,0.114832,0.083621,0.158036
8132,157.130341,903.700012,0.750883,0.756064,0.5,0.0,0.086705,38167.0,0.182194,0.323945,0.146302,0.272577,-0.046865,0.509701,10.264821,-0.02,-0.8,-0.02,-0.25,-0.6,-2.0,0.45524,-0.140221,-0.01135,0.0,-0.005691,-0.107863,-0.030727,-0.012626,-0.027023,0.732412,-0.097762,-0.158743,-0.011775,-0.029557,1.606047,3.602697,-0.086646,-0.00136,-0.18364,0.291667,0.0,4.5,0.093542,0.124379,0.211676
8133,167.106918,988.039978,0.831441,0.825899,0.041667,0.0,0.086742,37413.0,0.176016,0.331418,0.169594,0.316918,-0.054333,0.589963,10.087273,-0.02,-0.8,-0.02,-0.25,-0.6,-2.0,0.493125,-0.147618,-0.008564,0.0,-0.001491,-0.129021,-0.033107,-0.015441,-0.031521,0.807535,-0.088112,-0.156607,-0.013467,-0.03501,1.780504,3.940626,-0.097872,-0.001331,-0.521266,0.166667,0.0,4.541667,0.085572,0.088236,0.119429
8134,161.824951,956.299988,0.792971,0.796035,0.217391,0.043478,0.087042,33955.0,0.19549,0.33469,0.167081,0.330053,-0.059408,0.603751,10.223209,-0.02,-0.8,-0.02,-0.25,-0.6,-2.0,0.486388,-0.154063,-0.011,0.0,-0.002108,-0.141265,-0.033871,-0.016371,-0.033232,0.782678,-0.096987,-0.170306,-0.014457,-0.037325,1.716803,3.833399,-0.102968,-0.001274,-0.475729,0.086957,0.0,4.652174,0.088065,0.093664,0.169772
8135,164.793655,959.950012,0.786386,0.779265,0.416667,0.0,0.086951,38571.0,0.172154,0.330069,0.155831,0.307373,-0.052285,0.577342,10.114408,-0.02,-0.8,-0.02,-0.25,-0.6,-2.0,0.477042,-0.149904,-0.014388,0.0,-0.00388,-0.123965,-0.032037,-0.014544,-0.030123,0.761825,-0.097228,-0.146444,-0.013208,-0.033744,1.714583,3.811631,-0.094663,-0.001737,-0.415306,0.083333,0.041667,5.166667,0.086616,0.124912,0.173
8136,167.458374,970.960022,0.789907,0.804088,0.166667,0.0,0.087115,37667.0,0.179253,0.336472,0.170227,0.339629,-0.059167,0.600394,10.222292,-0.02,-0.8,-0.02,-0.25,-0.6,-2.0,0.487941,-0.151335,-0.011154,0.0,-0.00128,-0.131469,-0.033618,-0.015996,-0.032331,0.786961,-0.094684,-0.165749,-0.012606,-0.034407,1.745717,3.848974,-0.10365,-0.001168,-0.441381,0.0,0.0,4.958333,0.085952,0.103372,0.127274
8137,156.549789,912.799988,0.747612,0.770485,0.5,0.0,0.087185,32871.0,0.185873,0.311222,0.161437,0.315951,-0.056566,0.553527,10.272385,-0.02,-0.8,-0.02,-0.25,-0.6,-2.0,0.460842,-0.140766,-0.013188,0.0,-0.004312,-0.123514,-0.031515,-0.015402,-0.030018,0.741836,-0.09679,-0.161217,-0.013019,-0.031196,1.619794,3.669678,-0.099723,-0.001413,-0.301788,0.041667,0.041667,4.5,0.107466,0.109656,0.178974
8138,166.429443,972.640015,0.794337,0.79142,0.130435,0.0,0.087126,37850.0,0.17932,0.329835,0.162695,0.318219,-0.054618,0.569028,10.208373,-0.02,-0.8,-0.02,-0.25,-0.6,-2.0,0.486889,-0.149924,-0.009627,0.0,-0.00171,-0.12153,-0.032818,-0.014855,-0.030588,0.778613,-0.091568,-0.157871,-0.013006,-0.031469,1.74322,3.879832,-0.099156,-0.001398,-0.386621,0.086957,0.043478,4.130435,0.119829,0.115621,0.176818
8139,170.360062,974.640015,0.787509,0.802366,0.208333,0.0,0.087198,47996.0,0.181401,0.327835,0.161144,0.312669,-0.05372,0.549792,10.235836,-0.02,-0.8,-0.02,-0.25,-0.6,-2.0,0.485119,-0.147573,-0.009292,0.0,-0.002021,-0.113749,-0.032608,-0.014828,-0.029776,0.77455,-0.092111,-0.158384,-0.012419,-0.029082,1.734041,3.879338,-0.099364,-0.001153,-0.226337,0.041667,0.0,4.333333,0.101168,0.109125,0.178655
8140,165.03743,967.849976,0.786943,0.801155,0.208333,0.041667,0.08706,42406.0,0.196377,0.340983,0.159972,0.319632,-0.054607,0.573441,10.074698,-0.02,-0.8,-0.02,-0.25,-0.6,-2.0,0.487039,-0.152497,-0.011881,0.0,-0.00221,-0.116717,-0.032851,-0.014716,-0.030265,0.787974,-0.099525,-0.170743,-0.013627,-0.03071,1.709667,3.874837,-0.098239,-0.00814,-0.328189,0.083333,0.0,4.458333,0.109147,0.128937,0.132679
8141,165.61528,963.75,0.790823,0.795676,0.291667,0.0,0.086866,49754.0,0.198186,0.325191,0.159507,0.303004,-0.05384,0.552963,10.194537,-0.02,-0.8,-0.02,-0.25,-0.6,-2.0,0.481711,-0.147718,-0.014643,0.0,-0.002226,-0.128727,-0.032307,-0.014744,-0.030889,0.777999,-0.091785,-0.158827,-0.01257,-0.035907,1.690507,3.842355,-0.095892,-0.002427,-0.336815,0.041667,0.041667,4.833333,0.080391,0.111231,0.149475
8142,165.768463,971.880005,0.799621,0.811249,0.166667,0.0,0.086863,51055.0,0.203054,0.345364,0.169685,0.350846,-0.061543,0.604298,10.100222,-0.02,-0.8,-0.02,-0.25,-0.6,-2.0,0.485958,-0.152094,-0.013738,0.0,-0.00172,-0.154446,-0.033939,-0.018073,-0.035959,0.772968,-0.103142,-0.173876,-0.0155,-0.040479,1.688115,3.7923,-0.108236,-0.001509,-0.310607,0.041667,0.0,4.583333,0.115819,0.09364,0.153047
8143,166.344971,972.909973,0.793112,0.795016,0.25,0.0,0.086905,51311.0,0.190299,0.330533,0.167854,0.318851,-0.055655,0.57642,10.228823,-0.02,-0.8,-0.02,-0.25,-0.6,-2.0,0.483439,-0.145645,-0.018622,0.0,-0.002509,-0.111708,-0.032548,-0.014565,-0.02871,0.769398,-0.090192,-0.159833,-0.012051,-0.028325,1.709911,3.865386,-0.098752,-0.002967,-0.439856,0.25,0.0,4.208333,0.103427,0.132988,0.176708
8144,164.769989,961.869995,0.782494,0.768797,0.166667,0.0,0.086739,50366.0,0.186838,0.316118,0.154187,0.329309,-0.056454,0.588901,10.068428,-0.02,-0.8,-0.02,-0.25,-0.6,-2.0,0.477489,-0.15941,-0.011354,0.0,-0.002708,-0.125426,-0.031844,-0.014957,-0.029858,0.760621,-0.083563,-0.14306,-0.013389,-0.033343,1.680808,3.832011,-0.099432,-0.001205,-0.31838,0.208333,0.0,4.416667,0.104565,0.129157,0.17555
8145,171.409271,985.150024,0.789221,0.813669,0.166667,0.0,0.086705,40910.0,0.180936,0.336418,0.161301,0.299105,-0.052246,0.557517,10.117462,-0.02,-0.8,-0.02,-0.25,-0.6,-2.0,0.487885,-0.141041,-0.017299,0.0,-0.001634,-0.116944,-0.032684,-0.013665,-0.030139,0.790437,-0.088496,-0.148921,-0.010896,-0.033013,1.744662,3.899311,-0.094923,-0.001491,-0.27314,0.041667,0.0,4.833333,0.089314,0.100631,0.159599
8146,165.799973,955.109985,0.776467,0.796212,0.181818,0.0,0.086624,51719.0,0.185465,0.332568,0.167194,0.315945,-0.057685,0.579651,9.986121,-0.02,-0.8,-0.02,-0.25,-0.6,-2.0,0.481557,-0.147464,-0.011628,0.0,-0.002052,-0.134131,-0.03264,-0.015493,-0.031486,0.781892,-0.094546,-0.157833,-0.012649,-0.0359,1.702096,3.833886,-0.099908,-0.00137,-0.331596,0.136364,0.0,5.227273,0.076093,0.103849,0.154576
8147,163.476822,956.179993,0.749032,0.782161,0.083333,0.166667,0.086568,50627.0,0.180334,0.317458,0.165988,0.317706,-0.055909,0.58206,10.068935,-0.02,-0.8,-0.02,-0.25,-0.6,-2.0,0.474131,-0.141936,-0.014513,0.0,-0.003167,-0.128169,-0.031939,-0.01536,-0.029946,0.76753,-0.087799,-0.148302,-0.012362,-0.03322,1.688633,3.79755,-0.097372,-0.001336,-0.397301,0.125,0.041667,4.333333,0.106412,0.090651,0.150962
8148,165.348434,959.919983,0.782917,0.789399,0.125,0.0,0.086464,51063.0,0.196584,0.329105,0.166519,0.319365,-0.054961,0.570324,10.25914,-0.02,-0.8,-0.02,-0.25,-0.6,-2.0,0.478499,-0.139725,-0.010509,0.0,-0.002328,-0.135193,-0.032392,-0.014911,-0.030879,0.76767,-0.094802,-0.166974,-0.012392,-0.037421,1.676256,3.788954,-0.096966,-0.001187,-0.273197,0.125,0.0,4.0,0.104664,0.096517,0.154592
8149,161.883926,935.890015,0.77939,0.770764,0.291667,0.0,0.086634,41815.0,0.175181,0.322568,0.156498,0.302232,-0.050146,0.560939,10.142159,-0.02,-0.8,-0.02,-0.25,-0.6,-2.0,0.46985,-0.142897,-0.008612,0.0,-0.003222,-0.109571,-0.031537,-0.013831,-0.028627,0.753321,-0.10421,-0.154584,-0.012199,-0.02903,1.688333,3.724082,-0.091526,-0.001654,-0.254847,0.208333,0.0,3.791667,0.121717,0.119,0.167559
8150,162.416199,944.73999,0.773288,0.780699,0.166667,0.041667,0.086538,50457.0,0.16854,0.32157,0.156456,0.30263,-0.05192,0.559746,10.268194,-0.02,-0.8,-0.02,-0.25,-0.6,-2.0,0.470991,-0.146798,-0.006828,0.0,-0.00328,-0.119937,-0.031465,-0.014288,-0.030096,0.77477,-0.091619,-0.151014,-0.01183,-0.033083,1.695004,3.750299,-0.092857,-0.001345,-0.340424,0.208333,0.0,4.458333,0.11517,0.111106,0.152163
8151,170.679855,981.890015,0.802506,0.814757,0.083333,0.0,0.086468,42993.0,0.169064,0.327619,0.161205,0.305439,-0.051994,0.567594,10.192429,-0.02,-0.8,-0.02,-0.25,-0.6,-2.0,0.494215,-0.150646,-0.007763,0.0,-0.000813,-0.10868,-0.032356,-0.013498,-0.028633,0.795634,-0.083087,-0.143856,-0.011161,-0.029099,1.795186,3.980807,-0.094855,-0.000862,-0.397983,0.041667,0.0,5.375,0.100759,0.10673,0.144127
8152,171.010376,991.609985,0.81694,0.815318,0.083333,0.041667,0.086541,39629.0,0.191268,0.336004,0.156772,0.317769,-0.057212,0.55866,10.368252,-0.02,-0.8,-0.02,-0.25,-0.6,-2.0,0.491712,-0.153292,-0.01487,0.0,-0.001032,-0.130271,-0.033026,-0.015797,-0.032337,0.789675,-0.088953,-0.153421,-0.01303,-0.035818,1.732193,3.919302,-0.100578,-0.001609,-0.339733,0.041667,0.0,4.75,0.071311,0.090854,0.154118
8153,155.587158,902.309998,0.728109,0.742505,0.416667,0.0,0.086544,37910.0,0.192327,0.316365,0.152607,0.315249,-0.053325,0.551234,10.21166,-0.02,-0.8,-0.02,-0.25,-0.6,-2.0,0.451008,-0.138108,-0.01521,0.0,-0.004394,-0.112601,-0.030772,-0.014615,-0.028373,0.719297,-0.090971,-0.149803,-0.01207,-0.027787,1.557872,3.574548,-0.095446,-0.002842,-0.315589,0.208333,0.0,5.083333,0.09406,0.116696,0.170024
8154,168.879379,977.809998,0.813253,0.825692,0.166667,0.0,0.086733,37568.0,0.175402,0.332215,0.171477,0.324604,-0.05521,0.603128,10.268345,-0.02,-0.8,-0.02,-0.25,-0.6,-2.0,0.491521,-0.144684,-0.008894,0.0,-0.001321,-0.120379,-0.032928,-0.014825,-0.030217,0.79959,-0.096794,-0.16902,-0.012337,-0.032217,1.780922,3.900303,-0.096795,-0.001368,-0.386692,0.083333,0.0,4.5,0.117284,0.101685,0.140328
8155,166.43399,968.320007,0.77725,0.798333,0.173913,0.043478,0.08681,41504.0,0.173597,0.324196,0.165227,0.31667,-0.054527,0.584294,10.252841,-0.02,-0.8,-0.02,-0.25,-0.6,-2.0,0.488312,-0.150997,-0.009257,0.0,-0.001976,-0.121543,-0.032407,-0.014809,-0.029694,0.794309,-0.093263,-0.163607,-0.012926,-0.032344,1.766691,3.915451,-0.096738,-0.000801,-0.45044,0.043478,0.0,4.652174,0.089457,0.107144,0.144119
8156,162.494843,942.97998,0.78241,0.781326,0.26087,0.130435,0.087029,34990.0,0.176902,0.324746,0.157576,0.303273,-0.053157,0.556941,10.340103,-0.02,-0.8,-0.02,-0.25,-0.6,-2.0,0.471596,-0.144338,-0.009654,0.0,-0.003347,-0.105834,-0.031644,-0.014179,-0.029001,0.762927,-0.091812,-0.156833,-0.011705,-0.027342,1.688896,3.755636,-0.094644,-0.001666,-0.276049,0.217391,0.0,4.913043,0.127087,0.136563,0.163155
8157,164.562073,956.719971,0.78775,0.788298,0.391304,0.0,0.086938,38608.0,0.18296,0.333011,0.171546,0.325265,-0.057103,0.587455,10.265674,-0.02,-0.8,-0.02,-0.25,-0.6,-2.0,0.471644,-0.136301,-0.011032,0.0,-0.003627,-0.116239,-0.032454,-0.014627,-0.029125,0.759906,-0.099045,-0.169831,-0.013676,-0.030093,1.669582,3.720642,-0.098257,-0.001524,-0.342692,0.0,0.0,4.869565,0.131128,0.112505,0.190755
8158,170.766159,995.219971,0.823142,0.850604,0.130435,0.0,0.086904,39855.0,0.188775,0.342174,0.169067,0.316511,-0.054822,0.572401,10.262436,-0.02,-0.8,-0.02,-0.25,-0.6,-2.0,0.498124,-0.144806,-0.00872,0.0,-0.001014,-0.116721,-0.033256,-0.014375,-0.030479,0.80883,-0.098154,-0.169025,-0.012185,-0.030478,1.778678,3.962659,-0.098782,-0.002109,-0.309416,0.0,0.0,5.217391,0.106217,0.09196,0.129243
8159,155.336655,934.400024,0.750316,0.781796,0.333333,0.0,0.08703,34372.0,0.185864,0.324399,0.156704,0.327714,-0.056403,0.578254,10.462569,-0.02,-0.8,-0.02,-0.25,-0.6,-2.0,0.472074,-0.153763,-0.013096,0.0,-0.002962,-0.129539,-0.031822,-0.01552,-0.031134,0.756741,-0.09281,-0.155903,-0.013841,-0.033684,1.664328,3.755955,-0.099065,-0.00176,-0.532583,0.125,0.0,5.125,0.122699,0.120512,0.167972
8160,167.549667,975.690002,0.774095,0.787286,0.181818,0.0,0.086891,45689.0,0.183313,0.332556,0.150546,0.303815,-0.052731,0.535422,10.243057,-0.02,-0.8,-0.02,-0.25,-0.6,-2.0,0.483138,-0.150587,-0.010375,0.0,-0.001499,-0.123093,-0.031745,-0.014497,-0.031762,0.772644,-0.086965,-0.153151,-0.013525,-0.033037,1.712683,3.856622,-0.095192,-0.006044,-0.352271,0.0,0.0,4.772727,0.092431,0.102688,0.165691
8161,161.773529,950.190002,0.761436,0.784349,0.166667,0.041667,0.086967,55020.0,0.196422,0.339257,0.163512,0.330044,-0.057755,0.576284,10.334845,-0.02,-0.8,-0.02,-0.25,-0.6,-2.0,0.47756,-0.149416,-0.012792,0.0,-0.002991,-0.122431,-0.032612,-0.015394,-0.030934,0.752813,-0.093689,-0.156461,-0.01303,-0.030639,1.677734,3.763919,-0.101934,-0.002008,-0.277755,0.25,0.041667,4.5,0.114878,0.107407,0.159516
8162,165.702393,957.77002,0.780889,0.782973,0.291667,0.0,0.086871,55214.0,0.184328,0.315392,0.160912,0.323944,-0.054387,0.57951,10.327845,-0.02,-0.8,-0.02,-0.25,-0.6,-2.0,0.475082,-0.149912,-0.013165,0.0,-0.002893,-0.119387,-0.031622,-0.0148,-0.029834,0.755719,-0.090765,-0.147353,-0.012552,-0.031029,1.679434,3.815773,-0.097638,-0.002885,-0.278068,0.041667,0.0,4.583333,0.116769,0.113519,0.157237
8163,172.168671,985.280029,0.771655,0.769812,0.208333,0.0,0.086773,45566.0,0.161847,0.321082,0.155528,0.300139,-0.052419,0.575199,10.354984,-0.02,-0.8,-0.02,-0.25,-0.6,-2.0,0.469169,-0.143966,-0.007933,0.0,-0.00206,-0.119677,-0.031152,-0.013992,-0.028528,0.776728,-0.089186,-0.150769,-0.012858,-0.032844,1.70666,3.750726,-0.092397,-0.002993,-0.378733,0.0,0.083333,18.791668,0.122843,0.10073,0.153778
8164,170.200394,969.580017,0.80921,0.813606,0.166667,0.0,0.086892,55446.0,0.17662,0.320296,0.154132,0.315704,-0.0551,0.579115,10.202363,-0.02,-0.8,-0.02,-0.25,-0.6,-2.0,0.489357,-0.160122,-0.014903,0.0,-0.001236,-0.121794,-0.031802,-0.015079,-0.030602,0.789649,-0.083204,-0.130521,-0.011403,-0.030195,1.751575,3.964465,-0.097927,-0.001974,-0.282963,0.0,0.0,4.125,0.073802,0.112211,0.140369
8165,165.319321,967.210022,0.785346,0.799765,0.173913,0.0,0.08658,54994.0,0.183001,0.330148,0.165793,0.311368,-0.054567,0.565838,10.278579,-0.02,-0.8,-0.02,-0.25,-0.6,-2.0,0.484356,-0.143457,-0.01165,0.0,-0.002352,-0.114505,-0.032333,-0.01403,-0.028651,0.776371,-0.089738,-0.152791,-0.011521,-0.028685,1.728417,3.85956,-0.097403,-0.001222,-0.381063,0.173913,0.0,4.086957,0.080928,0.121893,0.16593
8166,170.760437,991.679993,0.805192,0.832613,0.125,0.0,0.086697,55239.0,0.180079,0.339592,0.176121,0.334542,-0.057952,0.614203,10.301406,-0.02,-0.8,-0.02,-0.25,-0.6,-2.0,0.496784,-0.14618,-0.00978,0.0,-0.001294,-0.131726,-0.03317,-0.015441,-0.032026,0.804718,-0.093192,-0.164048,-0.012303,-0.035426,1.787263,3.949009,-0.10111,-0.001354,-0.483553,0.125,0.0,4.458333,0.103431,0.098647,0.126117
8167,166.242828,967.77002,0.791525,0.797146,0.291667,0.0,0.086685,54988.0,0.171241,0.332747,0.161054,0.315689,-0.055115,0.595799,10.401188,-0.02,-0.8,-0.02,-0.25,-0.6,-2.0,0.48547,-0.156047,-0.010762,0.0,-0.002397,-0.119702,-0.032289,-0.015174,-0.029781,0.791461,-0.090283,-0.150929,-0.012971,-0.032594,1.759264,3.863722,-0.09705,-0.001758,-0.480018,0.041667,0.0,4.583333,0.079601,0.109418,0.165627
8168,165.276062,963.590027,0.798477,0.806568,0.217391,0.0,0.08674,43399.0,0.190958,0.331879,0.1633,0.332097,-0.057217,0.589151,10.29493,-0.02,-0.8,-0.02,-0.25,-0.6,-2.0,0.484251,-0.153969,-0.010088,0.0,-0.00252,-0.129796,-0.032829,-0.015128,-0.031965,0.783573,-0.101012,-0.162975,-0.013856,-0.033015,1.706849,3.842405,-0.101299,-0.001875,-0.357612,0.217391,0.0,4.913043,0.11435,0.108246,0.159439
8169,168.710068,980.619995,0.788073,0.822299,0.208333,0.0,0.086729,54875.0,0.194935,0.337581,0.167775,0.332504,-0.059341,0.595825,10.290747,-0.02,-0.8,-0.02,-0.25,-0.6,-2.0,0.491355,-0.153807,-0.008822,0.0,-0.001646,-0.136755,-0.033651,-0.016688,-0.03245,0.798717,-0.102129,-0.167799,-0.015712,-0.034008,1.724512,3.896696,-0.105119,-0.001324,-0.417743,0.041667,0.0,4.75,0.09968,0.103492,0.151625
8170,165.017365,967.210022,0.779413,0.799804,0.208333,0.0,0.086851,54522.0,0.186973,0.329628,0.164124,0.326425,-0.057489,0.574092,10.237834,-0.02,-0.8,-0.02,-0.25,-0.6,-2.0,0.484917,-0.144534,-0.012021,0.0,-0.002153,-0.123352,-0.033086,-0.015365,-0.030639,0.77476,-0.091798,-0.160932,-0.012593,-0.031094,1.718992,3.850685,-0.101648,-0.001376,-0.350016,0.0,0.0,4.5,0.092797,0.103348,0.164833
8171,167.422134,967.640015,0.790177,0.804872,0.208333,0.0,0.08704,54439.0,0.173345,0.323293,0.165289,0.323615,-0.056178,0.596209,10.42467,-0.02,-0.8,-0.02,-0.25,-0.6,-2.0,0.480149,-0.145367,-0.009392,0.0,-0.002238,-0.117874,-0.032165,-0.015215,-0.030126,0.780271,-0.089571,-0.156463,-0.012136,-0.031085,1.730857,3.829181,-0.09849,-0.001166,-0.43511,0.083333,0.083333,4.708333,0.107387,0.090876,0.147606
8172,163.604843,955.429993,0.747088,0.773682,0.25,0.0,0.087155,45304.0,0.19602,0.329603,0.166488,0.335077,-0.058583,0.587346,10.252604,-0.02,-0.8,-0.02,-0.25,-0.6,-2.0,0.474548,-0.148627,-0.013102,0.0,-0.003347,-0.127644,-0.032804,-0.016018,-0.031822,0.738229,-0.096833,-0.166646,-0.013634,-0.03193,1.648311,3.744486,-0.103111,-0.001226,-0.247016,0.083333,0.0,3.583333,0.143572,0.110297,0.186626
8173,165.518829,959.909973,0.797431,0.810049,0.208333,0.0,0.087027,47721.0,0.181725,0.326962,0.160719,0.309173,-0.05377,0.55594,10.371834,-0.02,-0.8,-0.02,-0.25,-0.6,-2.0,0.483574,-0.151538,-0.012691,0.0,-0.001602,-0.120753,-0.032031,-0.014503,-0.029211,0.769853,-0.090063,-0.148023,-0.013078,-0.032573,1.71809,3.854443,-0.096474,-0.008698,-0.30078,0.0,0.0,4.625,0.082412,0.091496,0.128597
8174,164.337692,942.98999,0.770546,0.766118,0.333333,0.0,0.087089,39249.0,0.177387,0.317897,0.166162,0.310724,-0.053082,0.556832,10.32843,-0.02,-0.8,-0.02,-0.25,-0.6,-2.0,0.465546,-0.131731,-0.009768,0.0,-0.003735,-0.108657,-0.031413,-0.014085,-0.027244,0.748446,-0.092127,-0.153,-0.012045,-0.029588,1.656409,3.698156,-0.094268,-0.00136,-0.284785,0.083333,0.0,4.5,0.090647,0.109167,0.189725
8175,163.839066,951.02002,0.7922,0.785814,0.291667,0.0,0.087023,38477.0,0.165999,0.317086,0.150659,0.297025,-0.052704,0.570457,10.297554,-0.02,-0.8,-0.02,-0.25,-0.6,-2.0,0.478009,-0.15101,-0.007114,0.0,-0.003451,-0.127028,-0.031266,-0.014304,-0.030561,0.782479,-0.088016,-0.153977,-0.011776,-0.035006,1.735549,3.836593,-0.092872,-0.000813,-0.344999,0.125,0.0,4.583333,0.062524,0.120883,0.190695
8176,170.473465,991.27002,0.807325,0.810668,0.136364,0.0,0.08697,34608.0,0.170568,0.327723,0.169506,0.321272,-0.055524,0.62415,10.313184,-0.02,-0.8,-0.02,-0.25,-0.6,-2.0,0.493246,-0.151418,-0.008825,0.0,-0.001093,-0.132163,-0.033015,-0.014789,-0.031434,0.806175,-0.0868,-0.155539,-0.012187,-0.034923,1.794543,3.945877,-0.098159,-0.001322,-0.42674,0.0,0.0,5.0,0.093186,0.114772,0.181487
8177,165.945847,974.469971,0.789228,0.794263,0.125,0.0,0.086887,37548.0,0.18777,0.328381,0.164585,0.327915,-0.057798,0.600098,10.209764,-0.02,-0.8,-0.02,-0.25,-0.6,-2.0,0.481664,-0.151889,-0.015656,0.0,-0.002056,-0.137653,-0.032614,-0.015583,-0.031952,0.773699,-0.091781,-0.152468,-0.01463,-0.036165,1.706671,3.82137,-0.100442,-0.026119,-0.392462,0.125,0.083333,5.041667,0.11608,0.10813,0.140018
8178,174.966507,1000.0,0.812062,0.821646,0.0,0.0,0.086939,38737.0,0.172076,0.330471,0.160998,0.307624,-0.054336,0.583311,10.314778,-0.02,-0.8,-0.02,-0.25,-0.6,-2.0,0.500007,-0.151029,-0.011074,0.0,0.0,-0.125841,-0.032818,-0.014234,-0.031321,0.809036,-0.08402,-0.152117,-0.011982,-0.03451,1.822065,4.007406,-0.096356,-0.00159,-0.261942,0.0,0.0,4.916667,0.066446,0.096474,0.140463
8179,164.973526,957.390015,0.785158,0.799577,0.166667,0.083333,0.086831,34256.0,0.184686,0.325507,0.154478,0.326552,-0.056246,0.57767,10.313431,-0.02,-0.8,-0.02,-0.25,-0.6,-2.0,0.479006,-0.157006,-0.01286,0.0,-0.001881,-0.121107,-0.032452,-0.015517,-0.030079,0.761328,-0.09136,-0.150975,-0.013435,-0.029864,1.690499,3.822245,-0.102168,-0.003955,-0.324927,0.083333,0.041667,4.541667,0.117484,0.097994,0.155096
8180,162.128647,951.289978,0.780803,0.775016,0.217391,0.086957,0.086961,39004.0,0.18109,0.329777,0.174496,0.335959,-0.059186,0.614377,10.293888,-0.02,-0.8,-0.02,-0.25,-0.6,-2.0,0.477874,-0.142008,-0.010399,0.0,-0.003498,-0.121262,-0.032672,-0.015255,-0.029815,0.76823,-0.095199,-0.159413,-0.012343,-0.030694,1.70553,3.785606,-0.101786,-0.001481,-0.408512,0.130435,0.043478,3.869565,0.117762,0.100097,0.172832
8181,166.359238,960.789978,0.810721,0.804219,0.333333,0.0,0.087073,39129.0,0.175831,0.33375,0.178371,0.322818,-0.057394,0.607377,10.329459,-0.02,-0.8,-0.02,-0.25,-0.6,-2.0,0.48661,-0.149954,-0.00937,0.0,-0.002226,-0.12386,-0.032782,-0.015392,-0.030684,0.804447,-0.096484,-0.159377,-0.013081,-0.033275,1.756606,3.864947,-0.098205,-0.002292,-0.389612,0.0,0.0,4.5,0.076952,0.098065,0.164919
8182,169.018768,972.969971,0.801905,0.818085,0.083333,0.0,0.087125,36481.0,0.186656,0.328276,0.17052,0.319787,-0.056575,0.577987,10.331967,-0.02,-0.8,-0.02,-0.25,-0.6,-2.0,0.489566,-0.147895,-0.012262,0.0,-0.001639,-0.136077,-0.032856,-0.01534,-0.031547,0.78969,-0.09047,-0.156469,-0.012954,-0.037228,1.740893,3.905594,-0.099551,-0.001038,-0.296885,0.125,0.0,4.791667,0.098753,0.103982,0.1281
8183,165.835037,969.320007,0.800725,0.819382,0.166667,0.083333,0.087026,50757.0,0.189788,0.336471,0.174197,0.362511,-0.060298,0.63527,10.447178,-0.02,-0.8,-0.02,-0.25,-0.6,-2.0,0.492018,-0.158094,-0.011031,0.0,-0.001358,-0.128535,-0.033156,-0.016086,-0.030958,0.787772,-0.085389,-0.148947,-0.012502,-0.032055,1.739811,3.927635,-0.105951,-0.011611,-0.398191,0.0,0.0,4.5,0.102201,0.105573,0.126943
8184,168.790604,975.609985,0.80442,0.825851,0.125,0.0,0.087022,49274.0,0.187837,0.328107,0.156177,0.318269,-0.055296,0.569228,10.577961,-0.02,-0.8,-0.02,-0.25,-0.6,-2.0,0.494139,-0.158578,-0.009359,0.0,-0.00075,-0.128416,-0.032954,-0.015467,-0.032035,0.788308,-0.094735,-0.160704,-0.014261,-0.034429,1.746777,3.933737,-0.100534,-0.002978,-0.317365,0.083333,0.0,4.916667,0.112905,0.101546,0.142375
8185,161.219284,952.27002,0.766242,0.795306,0.208333,0.0,0.086875,50658.0,0.183207,0.33786,0.171265,0.319446,-0.055345,0.592482,10.346935,-0.02,-0.8,-0.02,-0.25,-0.6,-2.0,0.483309,-0.142122,-0.018519,0.0,-0.002183,-0.117199,-0.033191,-0.014889,-0.030077,0.772508,-0.094481,-0.164359,-0.012147,-0.029986,1.724251,3.823418,-0.098263,-0.001375,-0.402047,0.083333,0.0,4.25,0.125742,0.107781,0.160009
8186,170.297729,980.630005,0.817785,0.814894,0.208333,0.0,0.086824,40471.0,0.192539,0.333259,0.159943,0.313671,-0.055649,0.580892,10.291134,-0.02,-0.8,-0.02,-0.25,-0.6,-2.0,0.489985,-0.151405,-0.014973,0.0,-0.002335,-0.121739,-0.032735,-0.015074,-0.030406,0.786088,-0.089106,-0.154687,-0.012522,-0.03289,1.722387,3.899366,-0.098472,-0.001657,-0.273735,0.083333,0.0,4.416667,0.112245,0.105191,0.147403
8187,169.900452,972.630005,0.781784,0.807016,0.166667,0.0,0.086716,49965.0,0.18003,0.326997,0.168179,0.342653,-0.059621,0.611529,10.296812,-0.02,-0.8,-0.02,-0.25,-0.6,-2.0,0.483052,-0.150684,-0.010865,0.0,-0.002333,-0.132118,-0.033051,-0.016636,-0.032017,0.774483,-0.090511,-0.161252,-0.013545,-0.031928,1.72913,3.843206,-0.104446,-0.002063,-0.242008,0.083333,0.0,4.458333,0.093898,0.106941,0.159807
8188,163.964905,956.76001,0.79581,0.79421,0.26087,0.0,0.08685,50904.0,0.176829,0.326807,0.162739,0.337082,-0.059918,0.600412,10.371444,-0.02,-0.8,-0.02,-0.25,-0.6,-2.0,0.479719,-0.155008,-0.010443,0.0,-0.003464,-0.133272,-0.033471,-0.016553,-0.032128,0.768288,-0.093931,-0.159496,-0.013694,-0.030942,1.726549,3.810302,-0.106954,-0.001837,-0.498327,0.086957,0.0,5.0,0.178717,0.135725,0.164619
8189,161.783676,943.090027,0.75897,0.78071,0.208333,0.0,0.086828,50048.0,0.172282,0.312273,0.162888,0.299373,-0.053403,0.553538,10.239429,-0.02,-0.8,-0.02,-0.25,-0.6,-2.0,0.472366,-0.142797,-0.010024,0.0,-0.002796,-0.128965,-0.03174,-0.014486,-0.030454,0.769065,-0.096781,-0.159074,-0.012337,-0.034747,1.702307,3.761898,-0.094852,-0.005553,-0.367095,0.125,0.0,4.291667,0.083493,0.095794,0.160285
8190,162.084671,950.299988,0.776219,0.783627,0.291667,0.041667,0.086982,49454.0,0.180414,0.332858,0.159654,0.331917,-0.055837,0.619716,10.282379,-0.02,-0.8,-0.02,-0.25,-0.6,-2.0,0.475292,-0.15776,-0.014757,0.0,-0.004333,-0.122468,-0.032175,-0.015445,-0.029957,0.759986,-0.093151,-0.155977,-0.012972,-0.030964,1.684988,3.782849,-0.099759,-0.001423,-0.440416,0.125,0.0,3.791667,0.129453,0.104241,0.175243
8191,168.170151,981.049988,0.808471,0.814692,0.083333,0.0,0.087153,40773.0,0.185726,0.339858,0.180719,0.342213,-0.059394,0.605955,10.229922,-0.02,-0.8,-0.02,-0.25,-0.6,-2.0,0.490736,-0.145165,-0.012678,0.0,-0.00125,-0.120794,-0.034084,-0.016631,-0.030773,0.785415,-0.097887,-0.171521,-0.013626,-0.028666,1.753124,3.875836,-0.106112,-0.002819,-0.362322,0.083333,0.0,4.25,0.114796,0.100459,0.13604
8192,172.233994,988.429993,0.823405,0.808381,0.125,0.0,0.087269,49645.0,0.18695,0.33152,0.17582,0.32916,-0.057264,0.621485,10.271709,-0.02,-0.8,-0.02,-0.25,-0.6,-2.0,0.489538,-0.151353,-0.01341,0.0,-0.002083,-0.123898,-0.032653,-0.014954,-0.029894,0.798599,-0.091717,-0.154514,-0.01222,-0.033342,1.741069,3.908531,-0.098593,-0.002826,-0.285029,0.041667,0.0,4.375,0.106517,0.115026,0.14864
8193,167.343338,961.590027,0.789973,0.794759,0.25,0.0,0.087207,50092.0,0.179602,0.322896,0.163864,0.32219,-0.05575,0.579908,10.207876,-0.02,-0.8,-0.02,-0.25,-0.6,-2.0,0.483553,-0.145818,-0.012577,0.0,-0.001923,-0.118561,-0.032555,-0.015078,-0.030044,0.766199,-0.087331,-0.153279,-0.01144,-0.029789,1.727411,3.88398,-0.100419,-0.001052,-0.342664,0.0,0.0,5.0,0.079366,0.104965,0.161123
8194,160.913391,957.320007,0.761531,0.784026,0.208333,0.0,0.087246,49979.0,0.184823,0.328366,0.163127,0.313606,-0.056137,0.557953,10.254392,-0.02,-0.8,-0.02,-0.25,-0.6,-2.0,0.476116,-0.145933,-0.01195,0.0,-0.003075,-0.122066,-0.032599,-0.015425,-0.031233,0.752313,-0.094309,-0.15999,-0.012413,-0.030671,1.684533,3.769503,-0.100589,-0.001102,-0.385046,0.25,0.083333,5.0,0.134276,0.111372,0.166967
8195,162.322418,956.75,0.758477,0.79112,0.333333,0.0,0.087255,33200.0,0.201311,0.327801,0.158848,0.317275,-0.054928,0.551108,10.236872,-0.02,-0.8,-0.02,-0.25,-0.6,-2.0,0.479404,-0.149245,-0.012574,0.0,-0.002875,-0.119942,-0.032833,-0.015384,-0.030324,0.762306,-0.101144,-0.165747,-0.01361,-0.030364,1.671647,3.800006,-0.10023,-0.001557,-0.38358,0.083333,0.0,4.625,0.13423,0.121523,0.166084
8196,169.759872,988.320007,0.828472,0.813047,0.130435,0.0,0.087064,38846.0,0.188081,0.333696,0.168667,0.347554,-0.060809,0.624195,10.192263,-0.02,-0.8,-0.02,-0.25,-0.6,-2.0,0.496544,-0.157761,-0.012155,0.0,-0.001063,-0.139307,-0.03381,-0.016558,-0.032854,0.794598,-0.095677,-0.156871,-0.014137,-0.035269,1.758638,3.947012,-0.106114,-0.001552,-0.430751,0.0,0.0,4.608696,0.132459,0.089331,0.140207
8197,163.414368,957.22998,0.769509,0.779491,0.217391,0.0,0.08722,40573.0,0.191636,0.331115,0.167463,0.302749,-0.052968,0.553586,10.284025,-0.02,-0.8,-0.02,-0.25,-0.6,-2.0,0.47384,-0.142493,-0.011125,0.0,-0.003959,-0.114859,-0.03172,-0.014225,-0.028756,0.765554,-0.100387,-0.1651,-0.012502,-0.030488,1.670975,3.754164,-0.094387,-0.001358,-0.273471,0.086957,0.0,4.695652,0.095478,0.122675,0.184684
8198,165.554504,973.119995,0.799833,0.825151,0.166667,0.041667,0.087345,34749.0,0.206001,0.336005,0.162526,0.329419,-0.05741,0.568683,10.253397,-0.02,-0.8,-0.02,-0.25,-0.6,-2.0,0.490323,-0.154476,-0.018266,0.0,-0.002163,-0.12348,-0.03322,-0.015797,-0.030944,0.771541,-0.095719,-0.164267,-0.013186,-0.029922,1.701972,3.901306,-0.104003,-0.001852,-0.384212,0.125,0.0,5.083333,0.124486,0.110445,0.160101
8199,161.870132,976.159973,0.779317,0.794338,0.272727,0.0,0.087205,40368.0,0.220673,0.337712,0.166259,0.335501,-0.059468,0.580369,10.211564,-0.02,-0.8,-0.02,-0.25,-0.6,-2.0,0.484535,-0.147074,-0.019088,0.0,-0.002169,-0.131167,-0.033671,-0.015973,-0.03198,0.770165,-0.097458,-0.175348,-0.014215,-0.034546,1.641912,3.812438,-0.105507,-0.001237,-0.549629,0.0,0.0,4.954545,0.142369,0.109226,0.184359
8200,163.73848,955.090027,0.757021,0.771142,0.25,0.0,0.087315,39903.0,0.191199,0.324709,0.157139,0.309379,-0.052739,0.546405,10.242645,-0.02,-0.8,-0.02,-0.25,-0.6,-2.0,0.462706,-0.143195,-0.011731,0.0,-0.00452,-0.11609,-0.031492,-0.014474,-0.028748,0.747397,-0.096816,-0.166758,-0.01297,-0.030497,1.621013,3.668037,-0.094881,-0.001326,-0.346821,0.208333,0.0,4.791667,0.10312,0.136742,0.171367
8201,161.569046,958.940002,0.788843,0.795857,0.208333,0.041667,0.087464,34712.0,0.208344,0.329146,0.158122,0.311538,-0.054061,0.564493,10.222806,-0.02,-0.8,-0.02,-0.25,-0.6,-2.0,0.487573,-0.146511,-0.017724,0.0,-0.001266,-0.122533,-0.032893,-0.015092,-0.031342,0.775549,-0.089921,-0.15749,-0.011812,-0.03331,1.690909,3.89984,-0.098814,-0.002766,-0.376202,0.0,0.083333,5.25,0.101153,0.097669,0.147911
8202,160.829391,926.880005,0.739139,0.749285,0.434783,0.0,0.087291,40107.0,0.167206,0.301295,0.145394,0.289525,-0.050977,0.52431,10.285168,-0.02,-0.8,-0.02,-0.25,-0.6,-2.0,0.451423,-0.142453,-0.011636,0.0,-0.005321,-0.112921,-0.030257,-0.013696,-0.028412,0.720795,-0.08743,-0.140782,-0.012302,-0.029988,1.612836,3.616408,-0.091798,-0.00117,-0.318903,0.173913,0.0,4.304348,0.090928,0.150744,0.20895
8203,160.881729,931.559998,0.775169,0.785669,0.291667,0.041667,0.087175,38392.0,0.162189,0.308487,0.148793,0.301136,-0.051604,0.560783,10.306477,-0.02,-0.8,-0.02,-0.25,-0.6,-2.0,0.468906,-0.155479,-0.009006,0.0,-0.003542,-0.107092,-0.030825,-0.013919,-0.027227,0.761071,-0.08588,-0.136373,-0.012458,-0.026724,1.694949,3.77734,-0.094149,-0.001044,-0.336909,0.125,0.0,4.916667,0.081224,0.120877,0.157702
8204,165.565811,952.48999,0.770915,0.779958,0.166667,0.083333,0.087424,55140.0,0.185497,0.324556,0.151733,0.310339,-0.055504,0.556178,10.195932,-0.02,-0.8,-0.02,-0.25,-0.6,-2.0,0.479557,-0.152696,-0.012841,0.0,-0.003352,-0.121975,-0.032294,-0.015174,-0.030256,0.761324,-0.093114,-0.151305,-0.012104,-0.031611,1.691302,3.838031,-0.100378,-0.001252,-0.229419,0.166667,0.0,4.333333,0.090755,0.120347,0.170492
8205,167.629425,971.690002,0.804549,0.787124,0.208333,0.041667,0.087513,44230.0,0.177154,0.310147,0.151428,0.31373,-0.056322,0.572816,10.27941,-0.02,-0.8,-0.02,-0.25,-0.6,-2.0,0.477642,-0.153462,-0.013762,0.0,-0.003252,-0.135389,-0.031971,-0.015644,-0.032119,0.75623,-0.087693,-0.144098,-0.013531,-0.036413,1.709059,3.84531,-0.100065,-0.001642,-0.291763,0.125,0.0,18.75,0.112027,0.115285,0.173243
8206,159.776764,935.840027,0.7792,0.798594,0.166667,0.041667,0.087495,54759.0,0.191381,0.324489,0.159524,0.324926,-0.05614,0.575334,10.030801,-0.02,-0.8,-0.02,-0.25,-0.6,-2.0,0.473273,-0.145843,-0.014665,0.0,-0.003167,-0.111445,-0.032338,-0.015058,-0.029217,0.753428,-0.097163,-0.164708,-0.012319,-0.027923,1.655922,3.76682,-0.099722,-0.002871,-0.323738,0.166667,0.0,3.833333,0.086689,0.103096,0.147875
8207,165.201782,975.73999,0.771881,0.787697,0.304348,0.043478,0.087596,55321.0,0.190898,0.344799,0.154958,0.31575,-0.05544,0.579367,10.251162,-0.02,-0.8,-0.02,-0.25,-0.6,-2.0,0.481578,-0.154075,-0.013709,0.0,-0.003205,-0.128282,-0.032859,-0.015607,-0.030537,0.779767,-0.096754,-0.155093,-0.012898,-0.03466,1.698718,3.806236,-0.10003,-0.001724,-0.417992,0.086957,0.0,4.565217,0.106054,0.138032,0.17846
8208,168.890656,987.530029,0.778106,0.811406,0.25,0.041667,0.087483,54286.0,0.183061,0.339854,0.178885,0.369753,-0.061935,0.656511,10.186536,-0.02,-0.8,-0.02,-0.25,-0.6,-2.0,0.489421,-0.150815,-0.011031,0.0,-0.002917,-0.131282,-0.034346,-0.017261,-0.031259,0.781815,-0.101963,-0.164601,-0.014485,-0.032165,1.745391,3.861066,-0.109292,-0.001683,-0.405431,0.083333,0.0,4.166667,0.088908,0.096975,0.17446
8209,163.912521,958.890015,0.769556,0.777518,0.26087,0.043478,0.087582,44661.0,0.177865,0.326107,0.168255,0.332819,-0.05719,0.594618,10.077129,-0.02,-0.8,-0.02,-0.25,-0.6,-2.0,0.472945,-0.148468,-0.01034,0.0,-0.002944,-0.125279,-0.033046,-0.016016,-0.031486,0.758536,-0.094573,-0.156502,-0.013298,-0.032277,1.68998,3.724937,-0.102313,-0.001338,-0.486443,0.130435,0.0,5.086957,0.178612,0.111241,0.144932
8210,166.620804,978.609985,0.783676,0.81106,0.208333,0.0,0.087683,54585.0,0.189244,0.336172,0.165777,0.336799,-0.058324,0.581369,10.188307,-0.02,-0.8,-0.02,-0.25,-0.6,-2.0,0.490402,-0.146977,-0.013858,0.0,-0.001944,-0.131142,-0.033858,-0.016506,-0.031739,0.776802,-0.098848,-0.162108,-0.013319,-0.033416,1.736325,3.88939,-0.105457,-0.002323,-0.267748,0.041667,0.0,4.416667,0.120762,0.093563,0.150021
8211,164.518036,945.23999,0.799203,0.804377,0.125,0.041667,0.087877,54002.0,0.173913,0.322691,0.16137,0.310083,-0.053963,0.583203,10.318316,-0.02,-0.8,-0.02,-0.25,-0.6,-2.0,0.479591,-0.144666,-0.010996,0.0,-0.002343,-0.114555,-0.031778,-0.013817,-0.028761,0.783641,-0.088116,-0.153007,-0.011663,-0.030459,1.727407,3.840008,-0.093798,-0.001391,-0.270063,0.166667,0.0,5.0,0.092471,0.12007,0.160424
8212,162.712967,952.27002,0.776799,0.786333,0.291667,0.0,0.087879,53673.0,0.180571,0.327335,0.159229,0.293957,-0.053202,0.546452,10.150405,-0.02,-0.8,-0.02,-0.25,-0.6,-2.0,0.476722,-0.142142,-0.010992,0.0,-0.003319,-0.124553,-0.031948,-0.014421,-0.030171,0.776756,-0.093616,-0.158269,-0.012796,-0.034545,1.702873,3.794208,-0.094446,-0.000928,-0.30548,0.083333,0.0,4.5,0.103827,0.123374,0.166539
8213,169.015625,964.039978,0.785072,0.792975,0.333333,0.0,0.087726,54328.0,0.164402,0.311861,0.161807,0.289338,-0.050237,0.55459,10.224546,-0.02,-0.8,-0.02,-0.25,-0.6,-2.0,0.476397,-0.137927,-0.009582,0.0,-0.002909,-0.10566,-0.031264,-0.012883,-0.027101,0.775487,-0.085685,-0.150739,-0.011012,-0.028363,1.743464,3.83635,-0.090216,-0.001126,-0.287389,0.041667,0.0,4.5,0.094022,0.106861,0.178317
8214,159.248474,953.799988,0.776388,0.785784,0.25,0.0,0.087621,44405.0,0.196296,0.329161,0.169602,0.330137,-0.058562,0.579392,10.242727,-0.02,-0.8,-0.02,-0.25,-0.6,-2.0,0.473915,-0.136752,-0.010803,0.0,-0.004238,-0.124801,-0.033547,-0.01624,-0.031797,0.758502,-0.105578,-0.186575,-0.013698,-0.031676,1.658406,3.712019,-0.103368,-0.004127,-0.465264,0.125,0.0,3.833333,0.161929,0.126393,0.177901
8215,169.041153,981.400024,0.799171,0.810582,0.083333,0.0,0.087483,54449.0,0.198198,0.353864,0.157448,0.309339,-0.054917,0.562502,10.282619,-0.02,-0.8,-0.02,-0.25,-0.6,-2.0,0.493215,-0.157239,-0.012509,0.0,-0.000849,-0.11843,-0.033192,-0.014864,-0.029734,0.802607,-0.088934,-0.153371,-0.013003,-0.03173,1.733782,3.905362,-0.100234,-0.009188,-0.344518,0.041667,0.0,4.958333,0.102901,0.120783,0.122195
8216,163.405975,961.369995,0.777034,0.786009,0.25,0.0,0.087351,50827.0,0.18421,0.328036,0.169391,0.339766,-0.055961,0.606568,10.322423,-0.02,-0.8,-0.02,-0.25,-0.6,-2.0,0.481073,-0.146725,-0.012909,0.0,-0.003056,-0.115517,-0.033117,-0.015457,-0.029733,0.769913,-0.104333,-0.166113,-0.011905,-0.02867,1.708896,3.807783,-0.100781,-0.001886,-0.482799,0.125,0.041667,4.125,0.112779,0.115531,0.155852
8217,160.995743,946.299988,0.763254,0.766457,0.173913,0.043478,0.087335,40834.0,0.18317,0.334639,0.158651,0.318771,-0.054848,0.565814,10.226271,-0.02,-0.8,-0.02,-0.25,-0.6,-2.0,0.471247,-0.147052,-0.01079,0.0,-0.003927,-0.136363,-0.0319,-0.015442,-0.031029,0.757602,-0.094673,-0.168554,-0.014335,-0.036036,1.66525,3.708558,-0.097467,-0.003432,-0.432379,0.173913,0.0,4.73913,0.086536,0.118999,0.167469
8218,168.196518,981.340027,0.809282,0.81973,0.083333,0.0,0.087197,31655.0,0.191625,0.340526,0.172856,0.344793,-0.060859,0.599027,10.273575,-0.02,-0.8,-0.02,-0.25,-0.6,-2.0,0.493215,-0.149404,-0.011997,0.0,-0.00072,-0.136596,-0.034289,-0.017015,-0.033118,0.789481,-0.096834,-0.165426,-0.014737,-0.034415,1.746015,3.886265,-0.108255,-0.001381,-0.288184,0.041667,0.0,5.083333,0.151725,0.091005,0.144287
8219,161.666229,937.460022,0.777368,0.79816,0.291667,0.0,0.087171,36050.0,0.186738,0.332952,0.158877,0.324906,-0.057522,0.592466,10.293319,-0.02,-0.8,-0.02,-0.25,-0.6,-2.0,0.48266,-0.156576,-0.010201,0.0,-0.002317,-0.139396,-0.032908,-0.016489,-0.032875,0.787719,-0.096967,-0.156719,-0.015034,-0.036138,1.708947,3.82041,-0.101998,-0.001583,-0.316618,0.083333,0.041667,4.916667,0.095038,0.109914,0.164728
8220,170.115646,988.789978,0.811684,0.821555,0.166667,0.0,0.087339,36805.0,0.188766,0.334988,0.156931,0.315177,-0.054829,0.573105,10.237227,-0.02,-0.8,-0.02,-0.25,-0.6,-2.0,0.493198,-0.15701,-0.01523,0.0,-0.00146,-0.117495,-0.032766,-0.014984,-0.029519,0.791597,-0.09357,-0.151252,-0.013399,-0.030504,1.749437,3.937775,-0.099045,-0.001176,-0.342957,0.0,0.0,4.541667,0.097574,0.103032,0.140577
8221,162.629288,955.820007,0.762901,0.796017,0.25,0.0,0.087811,32037.0,0.191006,0.326917,0.16377,0.330673,-0.056936,0.569714,10.240667,-0.02,-0.8,-0.02,-0.25,-0.6,-2.0,0.480767,-0.144141,-0.014375,0.0,-0.00271,-0.118672,-0.033595,-0.015756,-0.031133,0.759719,-0.101869,-0.169202,-0.01283,-0.028417,1.685966,3.799098,-0.104497,-0.001802,-0.376781,0.125,0.0,4.125,0.138622,0.103583,0.174974
8222,161.387314,949.659973,0.749046,0.751912,0.291667,0.0,0.088081,37278.0,0.179078,0.317193,0.162746,0.313943,-0.05202,0.568685,10.321984,-0.02,-0.8,-0.02,-0.25,-0.6,-2.0,0.460715,-0.138715,-0.011223,0.0,-0.004954,-0.109994,-0.031402,-0.013838,-0.027027,0.738238,-0.098022,-0.160156,-0.011836,-0.028998,1.632514,3.650773,-0.093881,-0.005131,-0.373365,0.166667,0.0,4.208333,0.110517,0.118168,0.169735
8223,166.063034,969.72998,0.763238,0.79297,0.208333,0.041667,0.088134,34867.0,0.179479,0.330014,0.163215,0.320069,-0.054973,0.586856,10.329243,-0.02,-0.8,-0.02,-0.25,-0.6,-2.0,0.478506,-0.146709,-0.010367,0.0,-0.003708,-0.119835,-0.032402,-0.014757,-0.029766,0.769808,-0.098324,-0.167028,-0.012637,-0.031362,1.707968,3.799803,-0.098135,-0.003377,-0.349173,0.166667,0.0,4.833333,0.123901,0.11458,0.157546
8224,161.235931,933.809998,0.754186,0.793909,0.291667,0.0,0.088193,32681.0,0.180635,0.32524,0.164288,0.31948,-0.055437,0.580956,10.262705,-0.02,-0.8,-0.02,-0.25,-0.6,-2.0,0.477179,-0.143683,-0.016013,0.0,-0.002332,-0.128828,-0.032659,-0.015235,-0.031073,0.766815,-0.09051,-0.164042,-0.011951,-0.033901,1.694348,3.798072,-0.099698,-0.020321,-0.2864,0.041667,0.0,4.708333,0.115091,0.102337,0.167838
8225,168.545517,983.929993,0.795977,0.793739,0.125,0.0,0.088143,44072.0,0.18671,0.328161,0.158439,0.306493,-0.052409,0.569749,10.231087,-0.02,-0.8,-0.02,-0.25,-0.6,-2.0,0.487225,-0.148322,-0.013598,0.0,-0.001667,-0.130345,-0.032713,-0.015007,-0.031194,0.774364,-0.093598,-0.159633,-0.012825,-0.036487,1.724256,3.890993,-0.096069,-0.002241,-0.292739,0.0,0.0,4.333333,0.146282,0.109408,0.14772
8226,166.357483,971.469971,0.794603,0.810035,0.166667,0.0,0.088204,52181.0,0.200975,0.338665,0.171743,0.343281,-0.057954,0.60363,10.188908,-0.02,-0.8,-0.02,-0.25,-0.6,-2.0,0.491209,-0.148635,-0.015432,0.0,-0.001306,-0.125408,-0.033569,-0.01567,-0.030874,0.790299,-0.093719,-0.163158,-0.012907,-0.032285,1.711604,3.890822,-0.10313,-0.002995,-0.303074,0.041667,0.0,4.958333,0.110167,0.099059,0.141865
8227,156.096588,906.289978,0.729792,0.733551,0.583333,0.0,0.088126,53835.0,0.163347,0.304604,0.159455,0.304765,-0.053218,0.560308,10.366759,-0.02,-0.8,-0.02,-0.25,-0.6,-2.0,0.4473,-0.135154,-0.011947,0.0,-0.005736,-0.095943,-0.030539,-0.013435,-0.025878,0.719928,-0.091911,-0.141906,-0.010854,-0.023086,1.612216,3.572368,-0.094085,-0.002181,-0.330993,0.083333,0.0,3.916667,0.124216,0.14535,0.205641
8228,169.884537,988.460022,0.784024,0.804642,0.125,0.0,0.08817,39574.0,0.200793,0.337775,0.171785,0.338508,-0.058292,0.589527,10.302202,-0.02,-0.8,-0.02,-0.25,-0.6,-2.0,0.492215,-0.148689,-0.013807,0.0,-0.001766,-0.126374,-0.033851,-0.015699,-0.031156,0.788815,-0.095385,-0.164959,-0.01315,-0.032271,1.72491,3.886094,-0.105049,-0.001506,-0.352511,0.166667,0.0,4.666667,0.105972,0.106331,0.15399
8229,165.670135,964.200012,0.801662,0.801098,0.181818,0.0,0.088056,51058.0,0.17352,0.321498,0.147496,0.300193,-0.050814,0.548903,10.253576,-0.02,-0.8,-0.02,-0.25,-0.6,-2.0,0.480028,-0.156414,-0.008052,0.0,-0.002101,-0.118021,-0.031923,-0.014089,-0.030045,0.781363,-0.088476,-0.141188,-0.011521,-0.031955,1.714953,3.859254,-0.094291,-0.001241,-0.405784,0.090909,0.0,4.818182,0.080311,0.103791,0.144219
8230,167.877411,981.320007,0.817861,0.821514,0.166667,0.0,0.087957,49978.0,0.182487,0.341519,0.157703,0.312773,-0.053582,0.570194,10.248333,-0.02,-0.8,-0.02,-0.25,-0.6,-2.0,0.493024,-0.1619,-0.013312,0.0,-0.001127,-0.123155,-0.032604,-0.014727,-0.030247,0.795626,-0.085331,-0.144383,-0.012704,-0.033165,1.760447,3.928358,-0.097822,-0.001156,-0.360977,0.041667,0.0,4.625,0.077104,0.120584,0.139582
8231,165.24765,967.909973,0.803468,0.809964,0.217391,0.043478,0.087895,54638.0,0.178313,0.32681,0.164226,0.324915,-0.057587,0.586241,10.253223,-0.02,-0.8,-0.02,-0.25,-0.6,-2.0,0.484467,-0.151279,-0.009544,0.0,-0.002625,-0.142697,-0.032834,-0.016638,-0.033336,0.779671,-0.094197,-0.157094,-0.014696,-0.037477,1.733398,3.845001,-0.102031,-0.001726,-0.475143,0.086957,0.043478,4.130435,0.115905,0.111137,0.153025
8232,161.49826,952.27002,0.760961,0.781091,0.416667,0.0,0.088063,41684.0,0.195791,0.317282,0.160032,0.329562,-0.058001,0.560452,10.274296,-0.02,-0.8,-0.02,-0.25,-0.6,-2.0,0.471417,-0.145432,-0.015278,0.0,-0.004738,-0.118357,-0.032401,-0.016091,-0.03008,0.740791,-0.094956,-0.165189,-0.013516,-0.029878,1.651238,3.761552,-0.103661,-0.001554,-0.385285,0.041667,0.041667,3.708333,0.109592,0.137006,0.182198
8233,163.092194,964.700012,0.796527,0.799965,0.208333,0.0,0.087599,48766.0,0.183582,0.33155,0.166394,0.327344,-0.058074,0.598159,10.199994,-0.02,-0.8,-0.02,-0.25,-0.6,-2.0,0.483278,-0.153479,-0.013497,0.0,-0.001736,-0.126393,-0.033167,-0.015894,-0.030275,0.778867,-0.099261,-0.160489,-0.013573,-0.03165,1.721935,3.828604,-0.102726,-0.002823,-0.472261,0.083333,0.0,4.625,0.111344,0.094781,0.151587
8234,164.645004,970.27002,0.811979,0.820709,0.208333,0.083333,0.087743,49547.0,0.190498,0.33761,0.170349,0.33501,-0.055825,0.595784,10.243187,-0.02,-0.8,-0.02,-0.25,-0.6,-2.0,0.490807,-0.151393,-0.010044,0.0,-0.001724,-0.125122,-0.033361,-0.015499,-0.030223,0.791736,-0.094304,-0.162223,-0.013164,-0.033219,1.732491,3.87239,-0.100829,-0.00147,-0.394295,0.0,0.0,4.916667,0.108217,0.099302,0.146041
8235,167.844666,968.700012,0.801957,0.80401,0.166667,0.0,0.087682,53489.0,0.187604,0.331427,0.164956,0.307562,-0.055116,0.539554,10.360762,-0.02,-0.8,-0.02,-0.25,-0.6,-2.0,0.484826,-0.146889,-0.011623,0.0,-0.001917,-0.11705,-0.032769,-0.014903,-0.029244,0.788522,-0.091523,-0.159565,-0.012342,-0.03114,1.720019,3.86892,-0.099301,-0.001176,-0.283557,0.041667,0.041667,4.125,0.080341,0.101152,0.143017
8236,155.244919,927.830017,0.772828,0.771598,0.541667,0.0,0.087715,43481.0,0.191402,0.335657,0.154264,0.306698,-0.052658,0.541616,10.427527,-0.02,-0.8,-0.02,-0.25,-0.6,-2.0,0.472234,-0.142847,-0.016253,0.0,-0.004159,-0.11881,-0.032558,-0.015334,-0.030443,0.75725,-0.102486,-0.169121,-0.012852,-0.032297,1.653871,3.707124,-0.096189,-0.001861,-0.354751,0.125,0.041667,5.333333,0.134196,0.111953,0.178139
8237,155.896759,909.880005,0.752977,0.766396,0.541667,0.0,0.087599,47490.0,0.17724,0.314271,0.159362,0.324379,-0.055733,0.574774,10.385673,-0.02,-0.8,-0.02,-0.25,-0.6,-2.0,0.457098,-0.147538,-0.013752,0.0,-0.004839,-0.117542,-0.031975,-0.015667,-0.028894,0.728039,-0.101011,-0.155824,-0.013094,-0.028918,1.617235,3.606358,-0.101218,-0.001525,-0.346934,0.125,0.0,4.458333,0.117899,0.130118,0.190202
8238,169.314285,984.630005,0.792021,0.798095,0.043478,0.0,0.087613,42309.0,0.185025,0.3343,0.165804,0.331729,-0.057031,0.610481,10.265118,-0.02,-0.8,-0.02,-0.25,-0.6,-2.0,0.493315,-0.15367,-0.013641,0.0,-0.000696,-0.11885,-0.033453,-0.015902,-0.030636,0.796098,-0.088251,-0.151457,-0.013124,-0.030165,1.755523,3.931893,-0.102755,-0.002121,-0.462871,0.043478,0.0,4.695652,0.112394,0.103245,0.143162
8239,163.618744,964.030029,0.792827,0.801367,0.26087,0.0,0.087573,37095.0,0.184735,0.333618,0.15393,0.274884,-0.048518,0.498909,10.252044,-0.02,-0.8,-0.02,-0.25,-0.6,-2.0,0.482288,-0.140478,-0.013047,0.0,-0.002216,-0.116526,-0.032411,-0.013927,-0.029274,0.7748,-0.095234,-0.156035,-0.012741,-0.032993,1.708823,3.814913,-0.092037,-0.001335,-0.370288,0.0,0.0,4.956522,0.089389,0.120437,0.151629
8240,168.14032,979.190002,0.798424,0.834073,0.173913,0.0,0.087598,31202.0,0.184383,0.33305,0.162961,0.330246,-0.056559,0.583554,10.21615,-0.02,-0.8,-0.02,-0.25,-0.6,-2.0,0.491838,-0.158585,-0.013114,0.0,-0.001855,-0.117851,-0.033415,-0.015429,-0.029809,0.779378,-0.09422,-0.16291,-0.013508,-0.029574,1.760351,3.913394,-0.102674,-0.001755,-0.285936,0.043478,0.0,4.652174,0.108409,0.101068,0.14564
8241,168.949066,982.48999,0.790114,0.812769,0.173913,0.086957,0.087727,41810.0,0.201855,0.35844,0.165539,0.33732,-0.05824,0.586649,10.351192,-0.02,-0.8,-0.02,-0.25,-0.6,-2.0,0.49525,-0.149987,-0.013769,0.0,-0.00128,-0.136248,-0.034175,-0.016121,-0.032782,0.793053,-0.097269,-0.173287,-0.013336,-0.03432,1.735315,3.877771,-0.105786,-0.001343,-0.285693,0.0,0.0,4.913043,0.123186,0.09716,0.150682
8242,164.823868,979.440002,0.786156,0.812069,0.26087,0.043478,0.087823,39102.0,0.192848,0.327244,0.166968,0.321683,-0.05622,0.577997,10.224608,-0.02,-0.8,-0.02,-0.25,-0.6,-2.0,0.488147,-0.14655,-0.019193,0.0,-0.001573,-0.129984,-0.033307,-0.01563,-0.030844,0.770838,-0.095465,-0.163238,-0.012865,-0.034194,1.722281,3.889713,-0.101517,-0.001789,-0.414755,0.0,0.043478,5.130435,0.106323,0.113936,0.141365
8243,158.988129,933.840027,0.73814,0.781981,0.5,0.0,0.087694,32968.0,0.182383,0.332031,0.155945,0.314122,-0.054068,0.543985,10.344198,-0.02,-0.8,-0.02,-0.25,-0.6,-2.0,0.464654,-0.147247,-0.011774,0.0,-0.005227,-0.11664,-0.032458,-0.015688,-0.030032,0.741718,-0.098279,-0.159226,-0.012147,-0.029634,1.641207,3.639643,-0.099738,-0.001014,-0.325993,0.181818,0.090909,5.136364,0.150487,0.144334,0.182228
8244,167.763199,992.22998,0.809137,0.803819,0.208333,0.0,0.087757,36734.0,0.186244,0.337488,0.16939,0.352489,-0.059308,0.62306,10.210617,-0.02,-0.8,-0.02,-0.25,-0.6,-2.0,0.490481,-0.155986,-0.015171,0.0,-0.001463,-0.126882,-0.034002,-0.016679,-0.031758,0.778703,-0.095264,-0.157885,-0.013696,-0.030295,1.739982,3.871758,-0.107143,-0.001331,-0.52581,0.0,0.0,4.583333,0.09987,0.118182,0.155333
8245,160.481873,935.200012,0.777689,0.791563,0.25,0.125,0.087802,37766.0,0.180092,0.324773,0.158916,0.306181,-0.053654,0.550949,10.448524,-0.02,-0.8,-0.02,-0.25,-0.6,-2.0,0.481079,-0.146742,-0.009536,0.0,-0.002786,-0.118868,-0.032814,-0.015091,-0.030549,0.770649,-0.093959,-0.157911,-0.011789,-0.030201,1.716545,3.814876,-0.098012,-0.001009,-0.320351,0.291667,0.041667,4.208333,0.113104,0.102136,0.14494
8246,155.879776,922.950012,0.766277,0.754437,0.333333,0.208333,0.087808,38028.0,0.173862,0.315464,0.155624,0.299829,-0.052044,0.536668,10.330799,-0.02,-0.8,-0.02,-0.25,-0.6,-2.0,0.461674,-0.144477,-0.011219,0.0,-0.003839,-0.118868,-0.03134,-0.014817,-0.028644,0.748265,-0.09661,-0.158292,-0.01309,-0.031197,1.646948,3.672493,-0.09565,-0.001247,-0.426429,0.0,0.0,4.583333,0.078952,0.128269,0.19126
