iteration,reward,episode_length,height_reward,upright_reward,tipped_over,collapsed,exploration,steps_per_second,speed_error,turn_error,stepping,leg_swing,dragging,ground_covered,landing_force,Curriculum/ease_in_effort/weight,Curriculum/ease_in_landing/weight,Curriculum/ease_in_shake/weight,Curriculum/ease_in_smoothness/weight,Curriculum/ease_in_steadiness/weight,Curriculum/ease_in_straightness/weight,Episode_Reward/alive,Episode_Reward/effort,Episode_Reward/end_stops,Episode_Reward/fell_over,Episode_Reward/hard_landing,Episode_Reward/jitter,Episode_Reward/joint_shock,Episode_Reward/landing_speed,Episode_Reward/posture,Episode_Reward/rocking,Episode_Reward/shaking,Episode_Reward/skidding,Episode_Reward/swing_height,Episode_Reward/track_speed,Episode_Reward/track_turn,Episode_Reward/twitching,Episode_Reward/veering,Episode_Reward/wandering,Episode_Termination/time_out,Metrics/posture/error_height,Metrics/posture/error_pitch,Metrics/posture/error_roll
0,-0.787971,15.48,0.008588,0.008908,0.909091,39.409092,0.976692,43755.0,0.006542,0.022026,0.000576,0.005338,-0.00125,0.002515,7.191708,-0.0002,-0.1,-0.002,-0.05,-0.06,-0.2,0.005935,-5.9e-05,-3.2e-05,-0.010778,-0.004042,-0.042068,-0.002731,-0.000373,0.008745,-0.004908,-0.001215,-0.003512,-0.001593,0.008183,0.002846,-0.014494,-1.9e-05,-4.5e-05,4.272727,0.050057,0.117699,0.25302
1,-2.126502,42.169998,0.023364,0.021253,6.583333,0.0,0.948644,65204.0,0.020194,0.064635,0.00387,0.017431,-0.00368,0.010601,6.737071,-0.0002,-0.1,-0.002,-0.05,-0.06,-0.2,0.016976,-0.00017,-0.000209,-0.025069,-0.009842,-0.11948,-0.007556,-0.000974,0.024595,-0.014021,-0.003506,-0.008025,-0.003909,0.018708,0.007958,-0.040354,-0.000165,-0.000751,4.125,0.033147,0.140759,0.529141
2,-2.65165,61.700001,0.035481,0.03279,7.458333,0.0,0.9206,61152.0,0.030183,0.10116,0.006086,0.027012,-0.005654,0.015455,6.744003,-0.0002,-0.1,-0.002,-0.05,-0.06,-0.2,0.026092,-0.000259,-0.000397,-0.027749,-0.014725,-0.176769,-0.011512,-0.001515,0.038413,-0.020037,-0.0053,-0.0123,-0.005949,0.027604,0.012317,-0.059834,-0.000433,-0.001848,3.375,0.03219,0.137958,0.609608
3,-3.157298,79.919998,0.048481,0.050429,6.5,0.0,0.891233,64536.0,0.044362,0.138598,0.00712,0.035939,-0.006761,0.016242,6.729545,-0.0002,-0.1,-0.002,-0.05,-0.06,-0.2,0.037054,-0.000363,-0.000549,-0.024513,-0.020925,-0.240586,-0.015949,-0.002306,0.053078,-0.027224,-0.007327,-0.018145,-0.008315,0.033772,0.017926,-0.081371,-0.000555,-0.002701,4.333333,0.03275,0.135803,0.540401
4,-3.288689,96.099998,0.058754,0.064057,5.833333,0.0,0.864619,64654.0,0.051772,0.173834,0.008535,0.042802,-0.007962,0.022029,6.691772,-0.0002,-0.1,-0.002,-0.05,-0.06,-0.2,0.045793,-0.000448,-0.000773,-0.023671,-0.025105,-0.28637,-0.019393,-0.002851,0.064022,-0.032718,-0.008751,-0.021706,-0.010469,0.048924,0.022526,-0.097028,-0.000877,-0.004551,4.125,0.030902,0.147613,0.531317
5,-3.776399,127.779999,0.076934,0.079581,5.375,0.0,0.836496,62589.0,0.065201,0.217097,0.010855,0.054968,-0.010152,0.026861,6.679847,-0.0002,-0.1,-0.002,-0.05,-0.06,-0.2,0.058447,-0.000566,-0.000947,-0.024011,-0.032383,-0.350712,-0.024154,-0.003587,0.083747,-0.040526,-0.010988,-0.027591,-0.013329,0.058464,0.030342,-0.118959,-0.001504,-0.007275,3.625,0.031317,0.140865,0.53789
6,-3.518395,140.869995,0.089269,0.096159,4.541667,0.0,0.8094,62513.0,0.07318,0.252867,0.012127,0.064752,-0.011443,0.037396,6.659216,-0.0002,-0.1,-0.002,-0.05,-0.06,-0.2,0.067726,-0.000651,-0.00104,-0.021915,-0.03799,-0.389992,-0.027905,-0.004202,0.098197,-0.04628,-0.012821,-0.032758,-0.015703,0.076455,0.034091,-0.132761,-0.002866,-0.014602,3.75,0.028717,0.136132,0.511593
7,-3.158186,164.619995,0.111097,0.112771,4.708333,0.0,0.78623,61652.0,0.08401,0.29218,0.014479,0.072845,-0.013005,0.042375,6.654307,-0.0002,-0.1,-0.002,-0.05,-0.06,-0.2,0.078925,-0.000752,-0.001141,-0.023672,-0.042782,-0.43762,-0.031671,-0.004842,0.113565,-0.052075,-0.014738,-0.036221,-0.017937,0.092918,0.04162,-0.149131,-0.002174,-0.010352,3.333333,0.02719,0.140852,0.527691
8,-3.97478,186.630005,0.116755,0.130442,3.833333,0.0,0.764958,57946.0,0.105057,0.333487,0.016403,0.088386,-0.015169,0.040988,6.622942,-0.0002,-0.1,-0.002,-0.05,-0.06,-0.2,0.090619,-0.000861,-0.001472,-0.019891,-0.052691,-0.485317,-0.035917,-0.00566,0.136107,-0.059624,-0.016986,-0.043122,-0.022316,0.085555,0.048803,-0.165768,-0.003569,-0.017577,3.875,0.031174,0.133457,0.464721
9,-3.27307,198.550003,0.114127,0.131646,5.0,0.0,0.744776,64875.0,0.096101,0.338021,0.015235,0.074628,-0.013116,0.041093,6.611061,-0.0002,-0.1,-0.002,-0.05,-0.06,-0.2,0.094031,-0.000877,-0.001302,-0.024889,-0.045598,-0.482222,-0.035848,-0.005599,0.125166,-0.06133,-0.01722,-0.041837,-0.019282,0.121526,0.052116,-0.165212,-0.002812,-0.017621,3.0,0.03178,0.132312,0.543788
10,-2.789033,221.100006,0.134681,0.161119,3.125,0.0,0.725933,56189.0,0.118487,0.410061,0.019697,0.106873,-0.017706,0.062591,6.595737,-0.0002,-0.1,-0.002,-0.05,-0.06,-0.2,0.11204,-0.001056,-0.001763,-0.016998,-0.066331,-0.555705,-0.042313,-0.006704,0.169758,-0.070249,-0.019939,-0.050171,-0.027997,0.128382,0.063415,-0.190811,-0.005369,-0.036163,3.583333,0.034097,0.131287,0.403972
11,-1.745336,241.169998,0.14566,0.164591,3.833333,0.0,0.712929,67699.0,0.12031,0.414689,0.019843,0.097894,-0.016384,0.055595,6.573248,-0.0002,-0.1,-0.002,-0.05,-0.06,-0.2,0.114399,-0.001051,-0.001776,-0.022136,-0.059221,-0.542596,-0.041674,-0.006765,0.161603,-0.068708,-0.020477,-0.04867,-0.025261,0.134344,0.068232,-0.18697,-0.005249,-0.027489,3.166667,0.02971,0.167405,0.479235
12,-2.173166,254.720001,0.150443,0.172284,4.125,0.0,0.700756,67487.0,0.128787,0.436583,0.021416,0.103246,-0.017442,0.053506,6.544473,-0.0002,-0.1,-0.002,-0.05,-0.06,-0.2,0.119646,-0.001102,-0.001766,-0.023162,-0.061679,-0.545348,-0.043013,-0.006982,0.170781,-0.071268,-0.021177,-0.050588,-0.026957,0.130478,0.071119,-0.188627,-0.006751,-0.043019,3.041667,0.031433,0.132103,0.498878
13,-1.400828,263.429993,0.168697,0.192177,3.458333,0.0,0.6893,68006.0,0.136485,0.459317,0.022551,0.107095,-0.018496,0.060283,6.549755,-0.0002,-0.1,-0.002,-0.05,-0.06,-0.2,0.130076,-0.001188,-0.001904,-0.020375,-0.06446,-0.574255,-0.047024,-0.007587,0.182881,-0.076928,-0.023375,-0.055978,-0.028065,0.153789,0.080263,-0.198599,-0.00686,-0.04747,3.5,0.030444,0.141884,0.435806
14,-1.242656,311.929993,0.190507,0.218278,3.208333,0.0,0.679465,67161.0,0.152092,0.521742,0.025231,0.13149,-0.021488,0.075316,6.538562,-0.0002,-0.1,-0.002,-0.05,-0.06,-0.2,0.149765,-0.001369,-0.002232,-0.01806,-0.08167,-0.650951,-0.052408,-0.008783,0.219194,-0.08481,-0.025604,-0.063852,-0.03511,0.187435,0.095198,-0.225572,-0.010978,-0.057057,3.791667,0.030038,0.157027,0.398597
15,-0.241037,317.51001,0.201319,0.229737,3.541667,0.0,0.669882,67857.0,0.158148,0.561209,0.028304,0.133707,-0.022476,0.078688,6.521821,-0.0002,-0.1,-0.002,-0.05,-0.06,-0.2,0.155472,-0.001394,-0.002274,-0.020927,-0.083036,-0.647835,-0.053207,-0.008959,0.228589,-0.087975,-0.025967,-0.0647,-0.036219,0.19003,0.097089,-0.225028,-0.010266,-0.072869,3.125,0.030192,0.145542,0.44786
16,0.132117,326.329987,0.215954,0.237989,2.875,0.0,0.661125,67711.0,0.173454,0.585116,0.033858,0.148591,-0.025905,0.085614,6.508436,-0.0002,-0.1,-0.002,-0.05,-0.06,-0.2,0.163668,-0.001462,-0.002491,-0.021743,-0.090831,-0.673871,-0.056156,-0.009245,0.252472,-0.091747,-0.028186,-0.067364,-0.04026,0.187366,0.103941,-0.234444,-0.021571,-0.066886,2.583333,0.029553,0.149007,0.438079
17,1.576782,369.720001,0.237938,0.266659,2.625,0.0,0.654669,68438.0,0.186537,0.643832,0.035165,0.162969,-0.027802,0.092374,6.52202,-0.0002,-0.1,-0.002,-0.05,-0.06,-0.2,0.180026,-0.001587,-0.002573,-0.018056,-0.096996,-0.717013,-0.060864,-0.010164,0.276117,-0.099884,-0.03089,-0.074388,-0.042852,0.203997,0.117767,-0.249796,-0.008819,-0.04505,3.541667,0.03214,0.144211,0.388179
18,2.1093,384.0,0.251168,0.283672,1.791667,0.0,0.647825,67879.0,0.195428,0.675982,0.035556,0.164055,-0.026865,0.095113,6.497724,-0.0002,-0.1,-0.002,-0.05,-0.06,-0.2,0.188825,-0.00166,-0.003004,-0.014638,-0.098504,-0.737266,-0.061751,-0.010565,0.283124,-0.101884,-0.031832,-0.074657,-0.042965,0.220813,0.123013,-0.257129,-0.017827,-0.0684,3.208333,0.026878,0.130715,0.345833
19,3.457005,425.529999,0.277804,0.321993,1.5,0.0,0.641761,68179.0,0.202895,0.718727,0.034898,0.171119,-0.027748,0.108879,6.521636,-0.0002,-0.1,-0.002,-0.05,-0.06,-0.2,0.211117,-0.001876,-0.003331,-0.012063,-0.10525,-0.805071,-0.068323,-0.011926,0.302684,-0.110886,-0.035631,-0.0831,-0.046626,0.297171,0.151407,-0.281435,-0.014456,-0.104723,3.291667,0.027147,0.134199,0.304294
20,3.986763,407.720001,0.265343,0.303353,2.083333,0.0,0.634213,66985.0,0.205574,0.699906,0.037283,0.179549,-0.028344,0.107763,6.514871,-0.0002,-0.1,-0.002,-0.05,-0.06,-0.2,0.202948,-0.00179,-0.003527,-0.014313,-0.110142,-0.754501,-0.065279,-0.011444,0.307918,-0.105385,-0.033737,-0.079909,-0.048311,0.254277,0.143044,-0.264188,-0.012799,-0.068748,3.25,0.028072,0.142626,0.341511
21,3.752355,447.920013,0.294276,0.336599,1.0,0.0,0.628241,66163.0,0.242351,0.765769,0.042175,0.183462,-0.031315,0.097498,6.49456,-0.0002,-0.1,-0.002,-0.05,-0.06,-0.2,0.222128,-0.001929,-0.003259,-0.010546,-0.110594,-0.819996,-0.073137,-0.012414,0.328346,-0.11901,-0.038412,-0.088504,-0.048888,0.247889,0.151134,-0.28696,-0.020201,-0.083395,2.666667,0.033525,0.139666,0.295754
22,5.122212,468.940002,0.313736,0.358801,1.291667,0.0,0.621422,68177.0,0.233884,0.77211,0.039073,0.182764,-0.029386,0.108819,6.5118,-0.0002,-0.1,-0.002,-0.05,-0.06,-0.2,0.235397,-0.002053,-0.003763,-0.01303,-0.113663,-0.843512,-0.07234,-0.012805,0.334312,-0.115927,-0.038274,-0.088278,-0.049751,0.315673,0.178398,-0.295882,-0.029872,-0.106327,2.458333,0.032938,0.132524,0.298468
23,6.898793,531.340027,0.371985,0.411465,0.782609,0.0,0.616454,69281.0,0.278423,0.917873,0.048586,0.224154,-0.035518,0.136462,6.514051,-0.0002,-0.1,-0.002,-0.05,-0.06,-0.2,0.267468,-0.002296,-0.00459,-0.00746,-0.136433,-0.94343,-0.083446,-0.014799,0.400103,-0.13346,-0.044802,-0.101958,-0.05939,0.321794,0.193629,-0.331642,-0.029092,-0.094676,3.521739,0.02966,0.124684,0.23421
24,7.988089,551.090027,0.377053,0.419688,0.904762,0.0,0.609117,72222.0,0.272707,0.937237,0.052989,0.241767,-0.039088,0.147068,6.501337,-0.0002,-0.1,-0.002,-0.05,-0.06,-0.2,0.277023,-0.002382,-0.004941,-0.007973,-0.151052,-0.957904,-0.085422,-0.01531,0.430046,-0.136087,-0.045857,-0.105967,-0.066919,0.340791,0.213194,-0.337238,-0.017825,-0.11674,3.238095,0.027405,0.128593,0.241051
25,8.936855,548.5,0.398414,0.425933,0.625,0.0,0.603275,68046.0,0.280889,0.944695,0.049992,0.226141,-0.036728,0.132952,6.519941,-0.0002,-0.1,-0.002,-0.05,-0.06,-0.2,0.276927,-0.002365,-0.004815,-0.008278,-0.137692,-0.940192,-0.085941,-0.015355,0.407628,-0.13865,-0.045785,-0.106938,-0.059862,0.357467,0.206784,-0.331275,-0.014829,-0.11489,2.458333,0.029073,0.129699,0.229853
26,9.493698,619.909973,0.408446,0.475979,0.458333,0.0,0.597868,67787.0,0.321438,1.061349,0.053683,0.251522,-0.039791,0.133485,6.520971,-0.0002,-0.1,-0.002,-0.05,-0.06,-0.2,0.309278,-0.002664,-0.005465,-0.004861,-0.15603,-1.042626,-0.093526,-0.016832,0.454109,-0.146924,-0.050706,-0.11584,-0.069002,0.366986,0.238192,-0.367544,-0.014751,-0.102527,3.083333,0.025081,0.111875,0.180765
27,10.607368,601.109985,0.394109,0.456894,0.75,0.0,0.592235,68162.0,0.289711,1.0089,0.054488,0.243612,-0.039502,0.150764,6.517786,-0.0002,-0.1,-0.002,-0.05,-0.06,-0.2,0.297083,-0.002545,-0.006042,-0.007821,-0.151567,-0.976759,-0.090057,-0.016218,0.444404,-0.143481,-0.048532,-0.11288,-0.06738,0.401832,0.225944,-0.344979,-0.029646,-0.091887,2.916667,0.030093,0.121505,0.213553
28,11.856468,632.190002,0.438415,0.510736,0.347826,0.0,0.586363,69297.0,0.330179,1.078689,0.054569,0.25926,-0.039586,0.146962,6.527396,-0.0002,-0.1,-0.002,-0.05,-0.06,-0.2,0.328438,-0.002834,-0.006622,-0.004058,-0.163343,-1.071359,-0.096741,-0.017823,0.475834,-0.15184,-0.050886,-0.119958,-0.0722,0.413307,0.266411,-0.378376,-0.023086,-0.097105,2.869565,0.025911,0.132668,0.159133
29,11.743157,654.429993,0.441113,0.499165,0.681818,0.0,0.579399,71042.0,0.328859,1.069158,0.05955,0.265418,-0.042251,0.150583,6.515583,-0.0002,-0.1,-0.002,-0.05,-0.06,-0.2,0.323216,-0.002738,-0.005415,-0.007197,-0.164256,-1.030781,-0.095346,-0.01743,0.484729,-0.147145,-0.052325,-0.117744,-0.072785,0.393714,0.266352,-0.364962,-0.028695,-0.159359,3.636364,0.029819,0.124538,0.209944
30,14.656892,698.909973,0.519957,0.540333,0.434783,0.0,0.5734,69745.0,0.358316,1.167373,0.072687,0.296741,-0.049218,0.184204,6.513963,-0.0002,-0.1,-0.002,-0.05,-0.06,-0.2,0.349505,-0.002899,-0.005412,-0.006232,-0.181813,-1.093199,-0.103838,-0.018753,0.540919,-0.163891,-0.057537,-0.127113,-0.081247,0.434307,0.279622,-0.387628,-0.018556,-0.1145,2.826087,0.022491,0.143578,0.200655
31,15.688125,742.450012,0.531602,0.583586,0.136364,0.0,0.567106,69152.0,0.366996,1.255821,0.067816,0.286671,-0.045763,0.168592,6.522075,-0.0002,-0.1,-0.002,-0.05,-0.06,-0.2,0.376208,-0.003188,-0.007075,-0.001818,-0.1767,-1.184248,-0.109447,-0.020248,0.540444,-0.173079,-0.061076,-0.134317,-0.078626,0.490302,0.305961,-0.419581,-0.03523,-0.125164,3.181818,0.025454,0.124348,0.140102
32,17.115095,753.72998,0.481193,0.564745,0.416667,0.0,0.561681,68613.0,0.355728,1.219675,0.066426,0.296813,-0.047993,0.196788,6.51495,-0.0002,-0.1,-0.002,-0.05,-0.06,-0.2,0.366312,-0.003099,-0.007116,-0.004532,-0.185666,-1.121341,-0.108004,-0.019736,0.548172,-0.167534,-0.059738,-0.135462,-0.082777,0.518144,0.302189,-0.398487,-0.0237,-0.138088,3.541667,0.026057,0.132231,0.19464
33,18.849888,776.109985,0.548215,0.58045,0.25,0.0,0.555692,67798.0,0.348215,1.232185,0.064315,0.294253,-0.04522,0.212968,6.527005,-0.0002,-0.1,-0.002,-0.05,-0.06,-0.2,0.385115,-0.003242,-0.007906,-0.003241,-0.188348,-1.164369,-0.108263,-0.020661,0.560287,-0.17009,-0.060581,-0.13406,-0.083598,0.617551,0.338783,-0.413855,-0.032422,-0.175356,2.916667,0.026315,0.13329,0.176345
34,18.998194,777.049988,0.518162,0.590035,0.272727,0.0,0.549727,70493.0,0.371677,1.274948,0.072508,0.314983,-0.050405,0.209012,6.533342,-0.0002,-0.1,-0.002,-0.05,-0.06,-0.2,0.387669,-0.003251,-0.007555,-0.003848,-0.191805,-1.162961,-0.113269,-0.020663,0.579823,-0.175097,-0.063372,-0.142226,-0.085411,0.538671,0.324776,-0.413682,-0.023766,-0.145321,3.454545,0.023361,0.125864,0.168912
35,21.563486,802.01001,0.580546,0.622165,0.26087,0.0,0.544113,70512.0,0.380836,1.286903,0.080722,0.321935,-0.05225,0.220434,6.510228,-0.0002,-0.1,-0.002,-0.05,-0.06,-0.2,0.407485,-0.00337,-0.008187,-0.004029,-0.200569,-1.191716,-0.114794,-0.021368,0.613975,-0.176449,-0.064111,-0.138639,-0.090915,0.587219,0.370327,-0.425027,-0.025431,-0.127927,2.130435,0.024964,0.125774,0.18154
36,21.567308,825.450012,0.589579,0.651744,0.333333,0.0,0.538522,66777.0,0.397214,1.331599,0.083335,0.342584,-0.055573,0.23743,6.520929,-0.0002,-0.1,-0.002,-0.05,-0.06,-0.2,0.41455,-0.003425,-0.008398,-0.00288,-0.204533,-1.208881,-0.118818,-0.02164,0.631738,-0.188281,-0.067749,-0.146805,-0.090539,0.59555,0.360538,-0.43151,-0.038197,-0.259231,3.5,0.023539,0.107037,0.153863
37,22.660025,864.320007,0.593429,0.660082,0.272727,0.0,0.532248,69879.0,0.400664,1.34066,0.077279,0.339424,-0.052416,0.221052,6.523594,-0.0002,-0.1,-0.002,-0.05,-0.06,-0.2,0.419772,-0.003503,-0.009415,-0.004563,-0.210027,-1.205086,-0.116919,-0.021996,0.630716,-0.179836,-0.066681,-0.14689,-0.093087,0.564355,0.386445,-0.430135,-0.028093,-0.206581,2.772727,0.024791,0.114922,0.165395
38,25.105503,917.119995,0.632377,0.710137,0.136364,0.0,0.52594,71614.0,0.448699,1.457235,0.093832,0.379211,-0.062148,0.252152,6.537056,-0.0002,-0.1,-0.002,-0.05,-0.06,-0.2,0.459833,-0.003815,-0.009432,-0.001091,-0.232523,-1.310389,-0.132688,-0.023937,0.708296,-0.200553,-0.075701,-0.163627,-0.10382,0.612489,0.417196,-0.467645,-0.035983,-0.170873,3.727273,0.02416,0.139591,0.142271
39,25.224745,917.679993,0.62718,0.741306,0.25,0.0,0.519407,67692.0,0.43583,1.460984,0.085098,0.368658,-0.057282,0.247802,6.525674,-0.0002,-0.1,-0.002,-0.05,-0.06,-0.2,0.459308,-0.003813,-0.009345,-0.002611,-0.226129,-1.285604,-0.12548,-0.023506,0.687033,-0.192999,-0.072508,-0.157585,-0.101075,0.667148,0.432261,-0.459597,-0.043055,-0.276326,3.041667,0.030506,0.12949,0.154352
40,29.219671,959.960022,0.667892,0.755708,0.090909,0.0,0.513775,71718.0,0.442459,1.497226,0.089984,0.386239,-0.059584,0.266488,6.545785,-0.0002,-0.1,-0.002,-0.05,-0.06,-0.2,0.485558,-0.004021,-0.009764,-0.000667,-0.237192,-1.352984,-0.13267,-0.025249,0.725666,-0.201893,-0.075494,-0.166287,-0.107074,0.74287,0.46761,-0.48421,-0.048076,-0.215393,3.636364,0.025015,0.138697,0.11053
41,29.473572,990.080017,0.682776,0.718839,0.478261,0.0,0.50851,69109.0,0.440966,1.444713,0.093276,0.371142,-0.059694,0.264925,6.531265,-0.0002,-0.1,-0.002,-0.05,-0.06,-0.2,0.461935,-0.003737,-0.009781,-0.005304,-0.218325,-1.2528,-0.127619,-0.02362,0.692632,-0.194515,-0.076314,-0.158523,-0.097875,0.682971,0.438466,-0.449615,-0.036544,-0.252098,24.956522,0.022181,0.160658,0.181749
42,32.7295,957.280029,0.691806,0.725138,0.363636,0.0,0.503524,70698.0,0.443262,1.466715,0.094988,0.377083,-0.060436,0.268296,6.522987,-0.0002,-0.1,-0.002,-0.05,-0.06,-0.2,0.471161,-0.003815,-0.010357,-0.003421,-0.228967,-1.234735,-0.126955,-0.023794,0.716321,-0.191885,-0.075826,-0.158392,-0.103862,0.697396,0.454544,-0.444507,-0.031518,-0.202929,4.090909,0.025291,0.175174,0.140146
43,35.357151,978.98999,0.673407,0.767653,0.25,0.0,0.497548,66158.0,0.459527,1.520298,0.100663,0.399686,-0.062946,0.279682,6.536048,-0.0002,-0.1,-0.002,-0.05,-0.06,-0.2,0.491646,-0.004004,-0.010867,-0.001156,-0.241513,-1.229062,-0.129913,-0.024466,0.749593,-0.196127,-0.07615,-0.161884,-0.110757,0.734726,0.490716,-0.444746,-0.033047,-0.273299,7.0,0.025657,0.126758,0.13472
44,39.882294,979.26001,0.696712,0.769994,0.25,0.0,0.492361,68199.0,0.44863,1.496265,0.101044,0.399046,-0.063315,0.294101,6.517445,-0.0002,-0.1,-0.002,-0.05,-0.06,-0.2,0.490107,-0.00393,-0.010567,-0.001614,-0.237588,-1.163068,-0.128263,-0.024414,0.750587,-0.189968,-0.077161,-0.161745,-0.109013,0.7682,0.501882,-0.423593,-0.031058,-0.161462,6.333333,0.025113,0.13731,0.136083
45,40.758762,977.780029,0.703506,0.77272,0.25,0.0,0.486476,68618.0,0.438332,1.453024,0.096094,0.374588,-0.058528,0.282656,6.513393,-0.0002,-0.1,-0.002,-0.05,-0.06,-0.2,0.486556,-0.003879,-0.010553,-0.001441,-0.221396,-1.104108,-0.123697,-0.023944,0.724259,-0.183586,-0.076198,-0.154719,-0.102518,0.771906,0.522406,-0.40409,-0.02588,-0.244816,7.166667,0.023125,0.137361,0.120515
46,42.660816,953.969971,0.698298,0.761359,0.625,0.0,0.480172,67118.0,0.442531,1.439239,0.098864,0.390584,-0.060863,0.283706,6.521874,-0.0002,-0.1,-0.002,-0.05,-0.06,-0.2,0.482225,-0.003864,-0.01177,-0.00349,-0.235134,-1.046538,-0.121215,-0.023453,0.739704,-0.175004,-0.073575,-0.151605,-0.10862,0.735756,0.525704,-0.384588,-0.022633,-0.186056,6.791667,0.025585,0.160995,0.152023
47,44.910778,967.090027,0.680362,0.759001,1.083333,0.0,0.473891,67439.0,0.431497,1.416005,0.094073,0.371192,-0.057931,0.276084,6.524925,-0.0002,-0.1,-0.002,-0.05,-0.06,-0.2,0.473206,-0.003742,-0.011341,-0.004663,-0.224071,-0.983914,-0.115804,-0.022953,0.718227,-0.167919,-0.072296,-0.14738,-0.103228,0.732453,0.525212,-0.363213,-0.024362,-0.123262,6.958333,0.023854,0.174345,0.169192
48,45.835522,975.070007,0.679178,0.764159,0.5,0.0,0.469365,66374.0,0.429226,1.404169,0.108659,0.384789,-0.061573,0.299522,6.507711,-0.0002,-0.1,-0.002,-0.05,-0.06,-0.2,0.477095,-0.003671,-0.010802,-0.003595,-0.219529,-0.956613,-0.116572,-0.022631,0.737571,-0.17015,-0.074429,-0.146284,-0.102945,0.775157,0.534125,-0.354663,-0.025886,-0.20126,5.875,0.028698,0.155984,0.163422
49,47.477207,974.5,0.680129,0.788308,0.375,0.0,0.464577,67912.0,0.433623,1.404711,0.105311,0.383662,-0.06065,0.305436,6.518737,-0.0002,-0.1,-0.002,-0.05,-0.06,-0.2,0.488574,-0.003764,-0.011344,-0.001909,-0.223298,-0.954049,-0.116603,-0.02304,0.745538,-0.166984,-0.075927,-0.149697,-0.104003,0.808928,0.573697,-0.354075,-0.013356,-0.190995,6.208333,0.024339,0.140744,0.145411
50,48.216095,929.080017,0.67654,0.760161,0.458333,0.0,0.459685,67597.0,0.415073,1.345489,0.101999,0.379474,-0.059165,0.304213,6.525806,-0.0002,-0.1,-0.002,-0.05,-0.06,-0.2,0.473101,-0.003671,-0.011948,-0.003187,-0.221796,-0.887274,-0.109917,-0.022103,0.733131,-0.155408,-0.070977,-0.138782,-0.103819,0.784076,0.57119,-0.331572,-0.019192,-0.216604,5.791667,0.025339,0.155079,0.141949
51,53.68631,979.950012,0.70894,0.782583,0.333333,0.0,0.454355,67989.0,0.429053,1.369126,0.100726,0.364146,-0.056876,0.293563,6.52065,-0.0002,-0.1,-0.002,-0.05,-0.06,-0.2,0.484489,-0.00368,-0.011597,-0.002146,-0.213111,-0.886436,-0.108815,-0.022391,0.726794,-0.155109,-0.073376,-0.140604,-0.099741,0.806205,0.604382,-0.331788,-0.016793,-0.133593,5.375,0.027031,0.132938,0.141443
52,52.584194,949.02002,0.692101,0.747768,0.416667,0.0,0.449968,69322.0,0.417753,1.323679,0.103804,0.373115,-0.05822,0.298949,6.533878,-0.0002,-0.1,-0.002,-0.05,-0.06,-0.2,0.466184,-0.003599,-0.012325,-0.003611,-0.211776,-0.827471,-0.108053,-0.02146,0.717088,-0.150787,-0.070409,-0.136608,-0.100292,0.765837,0.578377,-0.310896,-0.010636,-0.149311,5.166667,0.026189,0.143034,0.168725
53,54.60043,956.52002,0.703861,0.800141,0.375,0.0,0.445684,69915.0,0.419987,1.342469,0.109446,0.370238,-0.059603,0.312035,6.508533,-0.0002,-0.1,-0.002,-0.05,-0.06,-0.2,0.485377,-0.003624,-0.011698,-0.002044,-0.20781,-0.841062,-0.110273,-0.022247,0.732273,-0.155278,-0.074883,-0.139369,-0.09806,0.857899,0.609215,-0.316804,-0.012365,-0.152751,5.375,0.024078,0.135885,0.1344
54,57.273735,1000.0,0.74931,0.810114,0.0,0.0,0.441237,65891.0,0.433399,1.388651,0.113167,0.400464,-0.062372,0.339633,6.509618,-0.0002,-0.1,-0.002,-0.05,-0.06,-0.2,0.500007,-0.003758,-0.012043,0.0,-0.226451,-0.849456,-0.113182,-0.02303,0.77495,-0.155641,-0.075617,-0.142987,-0.106454,0.854671,0.639327,-0.320685,-0.017349,-0.190921,5.666667,0.023624,0.125017,0.114463
55,59.36422,992.679993,0.737544,0.797214,0.125,0.0,0.436825,66062.0,0.418843,1.329547,0.11128,0.383612,-0.059856,0.325646,6.516955,-0.0002,-0.1,-0.002,-0.05,-0.06,-0.2,0.488227,-0.003661,-0.012437,-0.001111,-0.215131,-0.806849,-0.107429,-0.022092,0.750334,-0.147247,-0.073559,-0.135415,-0.101641,0.839191,0.648848,-0.305454,-0.013935,-0.150258,5.666667,0.023622,0.137143,0.124849
56,58.999199,957.099976,0.724395,0.780616,0.416667,0.0,0.432704,61528.0,0.400558,1.2766,0.105425,0.367501,-0.056339,0.326229,6.516832,-0.0002,-0.1,-0.002,-0.05,-0.06,-0.2,0.477447,-0.003544,-0.012467,-0.002599,-0.20788,-0.772902,-0.103184,-0.021487,0.726483,-0.141503,-0.071608,-0.131618,-0.097363,0.864617,0.659828,-0.293387,-0.012176,-0.202166,5.75,0.02095,0.153686,0.128251
57,61.220051,971.609985,0.717045,0.80285,0.25,0.0,0.429452,66372.0,0.418963,1.274974,0.116143,0.394909,-0.062384,0.354523,6.518527,-0.0002,-0.1,-0.002,-0.05,-0.06,-0.2,0.489124,-0.003586,-0.012568,-0.0015,-0.220923,-0.770962,-0.104602,-0.021803,0.766516,-0.143101,-0.075632,-0.134943,-0.103963,0.871632,0.690433,-0.293358,-0.015464,-0.201423,5.083333,0.021749,0.140872,0.132012
58,61.565876,969.48999,0.70283,0.781572,0.25,0.0,0.425332,64699.0,0.38755,1.231842,0.102072,0.366689,-0.056083,0.337356,6.527069,-0.0002,-0.1,-0.002,-0.05,-0.06,-0.2,0.478826,-0.003641,-0.013922,-0.00206,-0.214664,-0.739413,-0.101255,-0.021351,0.727413,-0.134157,-0.069053,-0.128311,-0.101293,0.92685,0.703197,-0.282075,-0.009918,-0.191129,4.75,0.023082,0.142356,0.137702
59,64.5457,980.950012,0.76645,0.80021,0.25,0.0,0.420948,60426.0,0.403834,1.277164,0.111957,0.372057,-0.05862,0.357877,6.522403,-0.0002,-0.1,-0.002,-0.05,-0.06,-0.2,0.487789,-0.00354,-0.014161,-0.002704,-0.202433,-0.740319,-0.104725,-0.021779,0.736081,-0.138105,-0.075399,-0.133229,-0.095094,0.914952,0.695683,-0.283219,-0.006203,-0.158066,5.333333,0.020704,0.130398,0.1444
60,62.699989,961.890015,0.689729,0.76413,0.217391,0.0,0.417371,67542.0,0.378805,1.186494,0.104341,0.366284,-0.055633,0.345605,6.518695,-0.0002,-0.1,-0.002,-0.05,-0.06,-0.2,0.462655,-0.003445,-0.012771,-0.003681,-0.204812,-0.683343,-0.096492,-0.020441,0.71538,-0.124437,-0.067815,-0.123734,-0.096052,0.849229,0.69783,-0.262498,-0.008373,-0.224326,4.26087,0.020903,0.148772,0.150705
61,65.281189,954.690002,0.711495,0.785671,0.25,0.0,0.413359,63030.0,0.379762,1.206858,0.100035,0.348725,-0.052803,0.330758,6.535669,-0.0002,-0.1,-0.002,-0.05,-0.06,-0.2,0.474355,-0.003501,-0.014379,-0.002794,-0.199188,-0.683269,-0.095281,-0.020426,0.710185,-0.122525,-0.068846,-0.122002,-0.09382,0.942589,0.742173,-0.262648,-0.006261,-0.158421,4.416667,0.026372,0.145279,0.151162
62,68.039009,969.700012,0.736891,0.791839,0.26087,0.0,0.409817,60177.0,0.381501,1.218024,0.106236,0.370866,-0.057527,0.380973,6.535247,-0.0002,-0.1,-0.002,-0.05,-0.06,-0.2,0.481498,-0.003492,-0.012448,-0.00277,-0.207193,-0.686218,-0.0975,-0.02125,0.728987,-0.127213,-0.072186,-0.128294,-0.096837,0.968094,0.735989,-0.264515,-0.005795,-0.177651,3.913043,0.026967,0.148498,0.13101
63,68.510132,965.5,0.731423,0.790949,0.227273,0.0,0.40612,64401.0,0.372711,1.199092,0.104896,0.344726,-0.053592,0.347369,6.512724,-0.0002,-0.1,-0.002,-0.05,-0.06,-0.2,0.479578,-0.00343,-0.012858,-0.002652,-0.185262,-0.663612,-0.095739,-0.020681,0.69896,-0.125038,-0.072183,-0.122407,-0.088174,1.022663,0.759014,-0.256569,-0.005613,-0.145066,3.863636,0.019703,0.133765,0.145005
64,67.849854,965.630005,0.72178,0.799939,0.291667,0.0,0.401384,57815.0,0.390174,1.179396,0.11567,0.371144,-0.05903,0.377685,6.542192,-0.0002,-0.1,-0.002,-0.05,-0.06,-0.2,0.480629,-0.003387,-0.012068,-0.003,-0.208205,-0.652849,-0.093956,-0.020489,0.751014,-0.124305,-0.071609,-0.123353,-0.097376,0.937881,0.769139,-0.252768,-0.005737,-0.24473,3.166667,0.019058,0.147515,0.146115
65,69.273788,951.309998,0.714155,0.806029,0.333333,0.0,0.397919,66657.0,0.380251,1.169697,0.108345,0.363667,-0.057685,0.368277,6.529896,-0.0002,-0.1,-0.002,-0.05,-0.06,-0.2,0.481582,-0.003437,-0.012045,-0.002531,-0.204283,-0.643808,-0.095441,-0.020555,0.73839,-0.120188,-0.071382,-0.121626,-0.096044,0.980571,0.791211,-0.249928,-0.006135,-0.1845,4.095238,0.021117,0.12525,0.136348
66,72.280251,966.219971,0.740588,0.806386,0.217391,0.0,0.394663,66925.0,0.378033,1.154018,0.117673,0.389688,-0.060115,0.40284,6.518177,-0.0002,-0.1,-0.002,-0.05,-0.06,-0.2,0.482206,-0.003411,-0.013174,-0.002609,-0.209132,-0.628272,-0.093325,-0.020195,0.760728,-0.117461,-0.071345,-0.120202,-0.09879,0.975538,0.818087,-0.24485,-0.005533,-0.148711,3.695652,0.02192,0.117147,0.152747
67,72.167122,941.719971,0.744237,0.812468,0.291667,0.0,0.391245,63522.0,0.367413,1.141171,0.116135,0.35855,-0.057436,0.394355,6.514956,-0.0002,-0.1,-0.002,-0.05,-0.06,-0.2,0.484587,-0.003325,-0.012324,-0.002571,-0.184776,-0.62447,-0.093916,-0.020185,0.728341,-0.119883,-0.073237,-0.121318,-0.088114,1.05807,0.818826,-0.243281,-0.004884,-0.168112,3.208333,0.023117,0.142426,0.131929
68,73.990753,968.960022,0.733594,0.804472,0.166667,0.0,0.387198,62748.0,0.376505,1.119145,0.116033,0.381267,-0.058809,0.401992,6.533333,-0.0002,-0.1,-0.002,-0.05,-0.06,-0.2,0.489902,-0.003544,-0.01529,-0.001944,-0.206558,-0.616211,-0.093817,-0.020219,0.753239,-0.113816,-0.07116,-0.116276,-0.0983,1.033907,0.892754,-0.240665,-0.005494,-0.218995,3.458333,0.022614,0.154462,0.140758
69,75.382782,971.530029,0.743607,0.812221,0.333333,0.0,0.384305,69165.0,0.369553,1.143592,0.116859,0.373353,-0.058579,0.418357,6.517306,-0.0002,-0.1,-0.002,-0.05,-0.06,-0.2,0.490406,-0.003382,-0.012399,-0.002508,-0.194991,-0.609185,-0.094913,-0.02039,0.746268,-0.117772,-0.073105,-0.12366,-0.091736,1.060228,0.853712,-0.238853,-0.004596,-0.204447,3.458333,0.021038,0.138971,0.145892
70,74.339851,950.919983,0.754303,0.800404,0.181818,0.0,0.381253,69585.0,0.365223,1.107095,0.122077,0.401607,-0.063599,0.459473,6.525787,-0.0002,-0.1,-0.002,-0.05,-0.06,-0.2,0.478908,-0.003331,-0.01367,-0.002576,-0.212705,-0.584919,-0.091609,-0.019711,0.77483,-0.112029,-0.071798,-0.120875,-0.099129,0.992997,0.862621,-0.229527,-0.0069,-0.378064,2.727273,0.01728,0.116247,0.132314
71,74.629341,940.849976,0.723194,0.775453,0.363636,0.0,0.378319,69641.0,0.347064,1.038433,0.110408,0.358333,-0.053809,0.391525,6.524168,-0.0002,-0.1,-0.002,-0.05,-0.06,-0.2,0.465523,-0.003277,-0.01504,-0.003909,-0.189253,-0.552345,-0.084654,-0.018845,0.714978,-0.10129,-0.066071,-0.108496,-0.089876,1.00467,0.883303,-0.217334,-0.00393,-0.229762,3.909091,0.023716,0.150448,0.145573
72,79.093063,974.179993,0.773017,0.807569,0.090909,0.0,0.375787,73173.0,0.358573,1.113928,0.122967,0.381756,-0.058535,0.438161,6.517828,-0.0002,-0.1,-0.002,-0.05,-0.06,-0.2,0.489357,-0.003444,-0.013839,-0.001061,-0.196922,-0.573821,-0.092149,-0.020055,0.754021,-0.109,-0.07098,-0.115976,-0.093411,1.123136,0.918372,-0.22686,-0.003304,-0.240192,3.136364,0.019712,0.094625,0.111167
73,78.784027,957.890015,0.711995,0.796136,0.25,0.0,0.372083,68382.0,0.336947,1.043242,0.112591,0.376836,-0.056364,0.437444,6.522591,-0.0002,-0.1,-0.002,-0.05,-0.06,-0.2,0.475668,-0.003376,-0.014182,-0.003472,-0.199713,-0.543341,-0.087896,-0.019704,0.740242,-0.101407,-0.066864,-0.112491,-0.093873,1.097994,0.930304,-0.21504,-0.003193,-0.222765,3.125,0.02326,0.155062,0.162048
74,79.527809,930.669983,0.750302,0.799246,0.458333,0.0,0.369651,69815.0,0.329332,1.03073,0.103309,0.341313,-0.051594,0.403226,6.531155,-0.0002,-0.1,-0.002,-0.05,-0.06,-0.2,0.475087,-0.00336,-0.014357,-0.003202,-0.181464,-0.533125,-0.086581,-0.019357,0.705863,-0.100476,-0.066779,-0.110541,-0.084735,1.152818,0.943166,-0.211231,-0.002357,-0.143389,3.833333,0.020449,0.130349,0.143877
75,84.592743,991.340027,0.771484,0.826744,0.043478,0.0,0.366033,71562.0,0.35246,1.078483,0.118419,0.392759,-0.057195,0.457791,6.533025,-0.0002,-0.1,-0.002,-0.05,-0.06,-0.2,0.498833,-0.003514,-0.014806,-0.000348,-0.203136,-0.556899,-0.088707,-0.020014,0.776313,-0.104625,-0.068722,-0.11399,-0.096224,1.151175,0.996377,-0.221229,-0.004135,-0.155194,3.347826,0.019786,0.135245,0.103523
76,82.386864,994.390015,0.776726,0.820423,0.043478,0.0,0.363466,65303.0,0.364934,1.083237,0.114819,0.38894,-0.05911,0.443628,6.528441,-0.0002,-0.1,-0.002,-0.05,-0.06,-0.2,0.498733,-0.003458,-0.013146,-0.000348,-0.20363,-0.548167,-0.090118,-0.019743,0.772552,-0.103976,-0.070226,-0.120658,-0.096393,1.090646,0.999388,-0.218097,-0.002771,-0.228896,2.956522,0.019707,0.109836,0.118137
77,83.72731,997.059998,0.733694,0.832139,0.043478,0.0,0.360665,71992.0,0.354257,1.080781,0.117047,0.378036,-0.057317,0.44523,6.529564,-0.0002,-0.1,-0.002,-0.05,-0.06,-0.2,0.499994,-0.003457,-0.014539,-0.000348,-0.197955,-0.54038,-0.086105,-0.019496,0.769419,-0.09912,-0.06894,-0.110266,-0.093714,1.14864,1.034127,-0.214659,-0.003653,-0.23862,2.73913,0.025115,0.124051,0.1063
78,83.33847,975.070007,0.728527,0.800493,0.130435,0.0,0.358705,68418.0,0.348651,1.017859,0.113511,0.361542,-0.053141,0.417043,6.518659,-0.0002,-0.1,-0.002,-0.05,-0.06,-0.2,0.484069,-0.003411,-0.014414,-0.001391,-0.192247,-0.506649,-0.081638,-0.019019,0.738218,-0.0939,-0.066103,-0.103572,-0.091516,1.09934,1.037892,-0.202543,-0.002781,-0.232471,3.26087,0.020694,0.142771,0.1203
79,83.633789,952.200012,0.7359,0.77318,0.181818,0.0,0.356703,72672.0,0.334397,0.977397,0.113277,0.369345,-0.056577,0.446235,6.51198,-0.0002,-0.1,-0.002,-0.05,-0.06,-0.2,0.475906,-0.00326,-0.012931,-0.002987,-0.188391,-0.492295,-0.0817,-0.018792,0.725574,-0.094432,-0.065721,-0.104551,-0.089594,1.124249,1.014063,-0.19716,-0.002744,-0.213183,3.363636,0.024292,0.154583,0.145091
80,88.463745,986.5,0.790131,0.831568,0.0,0.0,0.354079,68817.0,0.334977,1.01162,0.113906,0.354628,-0.054224,0.44406,6.516715,-0.0002,-0.1,-0.002,-0.05,-0.06,-0.2,0.500007,-0.003371,-0.013669,0.0,-0.187026,-0.507566,-0.084036,-0.019434,0.754733,-0.095555,-0.070116,-0.108885,-0.088417,1.26557,1.108368,-0.203788,-0.002641,-0.185314,3.652174,0.021887,0.114097,0.105059
81,89.960716,997.869995,0.785728,0.834581,0.043478,0.0,0.352203,63610.0,0.345356,1.019853,0.124842,0.392023,-0.059274,0.487602,6.519315,-0.0002,-0.1,-0.002,-0.05,-0.06,-0.2,0.499342,-0.003364,-0.013194,-0.000248,-0.195184,-0.503347,-0.085327,-0.019539,0.775114,-0.096626,-0.07047,-0.110929,-0.092878,1.178749,1.09041,-0.203007,-0.002559,-0.21511,3.130435,0.017501,0.108866,0.099574
82,90.27935,989.909973,0.797454,0.832507,0.045455,0.0,0.349838,70672.0,0.340156,1.0192,0.115536,0.366873,-0.055739,0.458535,6.49367,-0.0002,-0.1,-0.002,-0.05,-0.06,-0.2,0.496988,-0.003352,-0.013139,-0.000303,-0.18861,-0.491162,-0.082676,-0.019341,0.765617,-0.094558,-0.067965,-0.108859,-0.090047,1.191797,1.077196,-0.198022,-0.002257,-0.181741,3.772727,0.019741,0.101798,0.102378
83,91.885826,1000.0,0.791087,0.825214,0.090909,0.0,0.347062,72607.0,0.329042,0.999726,0.128004,0.382471,-0.060637,0.522954,6.460555,-0.0002,-0.1,-0.002,-0.05,-0.06,-0.2,0.487378,-0.003098,-0.011904,-0.001515,-0.190501,-0.477428,-0.081,-0.019089,0.779351,-0.093716,-0.072474,-0.10861,-0.088284,1.226427,1.064354,-0.193477,-0.001787,-0.221219,24.727274,0.020154,0.106181,0.128593
84,92.957047,1000.0,0.786757,0.835365,0.041667,0.0,0.344499,66759.0,0.341971,1.000354,0.122067,0.385903,-0.057765,0.48175,6.447731,-0.0002,-0.1,-0.002,-0.05,-0.06,-0.2,0.49818,-0.003392,-0.014006,-0.000278,-0.195914,-0.477953,-0.081672,-0.018934,0.772779,-0.09052,-0.068537,-0.105856,-0.093739,1.201133,1.133777,-0.193268,-0.001977,-0.203715,4.875,0.020382,0.09323,0.091803
85,94.281075,1000.0,0.804286,0.844156,0.041667,0.0,0.341864,70426.0,0.336325,0.986254,0.120234,0.373057,-0.056103,0.489867,6.474975,-0.0002,-0.1,-0.002,-0.05,-0.06,-0.2,0.499808,-0.003296,-0.01332,-0.000185,-0.187759,-0.47168,-0.080915,-0.019205,0.770916,-0.090529,-0.070299,-0.105008,-0.088311,1.248267,1.159991,-0.191564,-0.001916,-0.244326,6.75,0.017932,0.109328,0.096556
86,94.040718,1000.0,0.787929,0.835423,0.0,0.0,0.339915,70708.0,0.331258,0.985202,0.120866,0.371531,-0.055401,0.487222,6.456392,-0.0002,-0.1,-0.002,-0.05,-0.06,-0.2,0.500007,-0.003348,-0.01348,0.0,-0.187438,-0.464818,-0.079454,-0.018986,0.770607,-0.088058,-0.06814,-0.10248,-0.088156,1.271658,1.175902,-0.188392,-0.001787,-0.245137,6.666667,0.017859,0.118357,0.103195
87,95.945518,1000.0,0.804354,0.839746,0.0,0.0,0.337792,65589.0,0.330953,0.978521,0.124476,0.384742,-0.057362,0.51503,6.468403,-0.0002,-0.1,-0.002,-0.05,-0.06,-0.2,0.500007,-0.003285,-0.013216,0.0,-0.193898,-0.458471,-0.078855,-0.019146,0.78473,-0.086895,-0.068574,-0.103254,-0.091107,1.263479,1.197103,-0.186914,-0.001789,-0.261648,7.375,0.020057,0.118945,0.10226
88,96.320938,1000.0,0.814126,0.844773,0.0,0.0,0.33543,70566.0,0.326513,0.984121,0.119516,0.378151,-0.057405,0.51503,6.462952,-0.0002,-0.1,-0.002,-0.05,-0.06,-0.2,0.500007,-0.003274,-0.011603,0.0,-0.187394,-0.45464,-0.07911,-0.018742,0.779345,-0.087534,-0.068865,-0.104951,-0.08778,1.280746,1.180169,-0.185515,-0.001693,-0.220647,7.041667,0.018516,0.108146,0.10732
89,95.270844,977.369995,0.787903,0.827326,0.166667,0.0,0.332649,70462.0,0.319606,0.938602,0.117284,0.357079,-0.055378,0.489849,6.481734,-0.0002,-0.1,-0.002,-0.05,-0.06,-0.2,0.488072,-0.003143,-0.012738,-0.001442,-0.179537,-0.436568,-0.075852,-0.018178,0.757756,-0.083877,-0.067627,-0.100544,-0.084162,1.250213,1.176849,-0.177777,-0.001454,-0.205928,6.791667,0.018949,0.131893,0.128527
90,99.243271,1000.0,0.806087,0.850146,0.0,0.0,0.330353,70670.0,0.325969,0.946481,0.123168,0.381299,-0.057041,0.522957,6.48673,-0.0002,-0.1,-0.002,-0.05,-0.06,-0.2,0.500007,-0.003262,-0.012773,0.0,-0.189064,-0.441647,-0.076854,-0.018502,0.783502,-0.083214,-0.068404,-0.101571,-0.088262,1.283015,1.245973,-0.180516,-0.002101,-0.236304,7.083333,0.018458,0.115447,0.107441
91,98.138977,985.669983,0.788413,0.827543,0.083333,0.0,0.328544,68818.0,0.315125,0.909181,0.117894,0.355778,-0.052359,0.491531,6.496705,-0.0002,-0.1,-0.002,-0.05,-0.06,-0.2,0.495506,-0.003223,-0.013151,-0.000516,-0.176454,-0.428681,-0.074962,-0.01842,0.755855,-0.080815,-0.066696,-0.096059,-0.083392,1.31772,1.274467,-0.175243,-0.001647,-0.190976,5.916667,0.018067,0.108742,0.113257
92,99.80275,1000.0,0.809237,0.844116,0.0,0.0,0.326262,69686.0,0.318247,0.938919,0.1161,0.373831,-0.056212,0.522601,6.493834,-0.0002,-0.1,-0.002,-0.05,-0.06,-0.2,0.500007,-0.003223,-0.013745,0.0,-0.190895,-0.430191,-0.076805,-0.018962,0.786397,-0.082534,-0.068952,-0.104786,-0.089416,1.310748,1.263541,-0.17592,-0.001235,-0.314825,5.791667,0.01979,0.109612,0.103078
93,102.735428,1000.0,0.825477,0.857153,0.0,0.0,0.324674,66663.0,0.316928,0.931286,0.122444,0.382043,-0.05582,0.527987,6.476071,-0.0002,-0.1,-0.002,-0.05,-0.06,-0.2,0.500007,-0.003271,-0.012839,0.0,-0.185589,-0.423024,-0.076001,-0.018544,0.788157,-0.080414,-0.066932,-0.098681,-0.086406,1.313984,1.293915,-0.174848,-0.001238,-0.208926,5.083333,0.017172,0.108239,0.085704
94,101.63092,1000.0,0.798485,0.835137,0.0,0.0,0.322223,70933.0,0.317869,0.914266,0.120271,0.376725,-0.057621,0.524903,6.474818,-0.0002,-0.1,-0.002,-0.05,-0.06,-0.2,0.500007,-0.003226,-0.012319,0.0,-0.192302,-0.418877,-0.074864,-0.018392,0.785287,-0.079429,-0.06708,-0.100672,-0.09047,1.302681,1.305993,-0.171978,-0.00133,-0.258656,5.791667,0.018712,0.120431,0.109138
95,101.391052,987.700012,0.815679,0.844544,0.083333,0.0,0.319798,70651.0,0.308778,0.919989,0.122554,0.379531,-0.056572,0.543506,6.477919,-0.0002,-0.1,-0.002,-0.05,-0.06,-0.2,0.496551,-0.003192,-0.011659,-0.000486,-0.188844,-0.410046,-0.073778,-0.018461,0.791374,-0.077671,-0.065578,-0.099497,-0.087543,1.326857,1.298396,-0.169847,-0.0014,-0.25208,5.583333,0.018663,0.121436,0.1008
96,103.516304,1000.0,0.811194,0.861927,0.0,0.0,0.318149,68408.0,0.314741,0.925707,0.126312,0.391311,-0.059673,0.566911,6.485198,-0.0002,-0.1,-0.002,-0.05,-0.06,-0.2,0.500007,-0.003199,-0.011607,0.0,-0.188594,-0.411045,-0.076229,-0.018385,0.800299,-0.07984,-0.068713,-0.101186,-0.088231,1.323537,1.292044,-0.170165,-0.001088,-0.202456,5.375,0.020045,0.096463,0.110894
97,102.575386,990.080017,0.80234,0.838409,0.083333,0.0,0.315991,70807.0,0.306079,0.895606,0.124484,0.379862,-0.057954,0.554291,6.482544,-0.0002,-0.1,-0.002,-0.05,-0.06,-0.2,0.493926,-0.003136,-0.010995,-0.00075,-0.181835,-0.400706,-0.074902,-0.018205,0.783095,-0.078416,-0.066449,-0.098801,-0.084355,1.336805,1.305273,-0.165794,-0.00131,-0.255301,6.375,0.019584,0.118293,0.103335
98,103.937569,1000.0,0.818283,0.842167,0.0,0.0,0.313833,70958.0,0.309022,0.897711,0.124518,0.369188,-0.057302,0.53971,6.478972,-0.0002,-0.1,-0.002,-0.05,-0.06,-0.2,0.500007,-0.003178,-0.012463,0.0,-0.185059,-0.40024,-0.074233,-0.018256,0.793514,-0.076755,-0.067723,-0.099547,-0.085548,1.357601,1.347095,-0.165808,-0.001376,-0.229044,5.583333,0.020287,0.113143,0.100056
99,103.543091,991.849976,0.820726,0.830806,0.041667,0.0,0.311851,64717.0,0.301462,0.887629,0.113494,0.351201,-0.052182,0.512957,6.472291,-0.000275,-0.108333,-0.002167,-0.053125,-0.06375,-0.2125,0.495757,-0.003192,-0.01173,-0.000417,-0.172875,-0.389849,-0.072411,-0.017932,0.760477,-0.074415,-0.065104,-0.096775,-0.080383,1.354742,1.349147,-0.16125,-0.001555,-0.227227,5.041667,0.01844,0.103947,0.105071
100,106.611206,1000.0,0.847305,0.853716,0.041667,0.0,0.309684,65327.0,0.310367,0.885199,0.134847,0.396114,-0.059712,0.590914,6.468414,-0.002,-0.3,-0.006,-0.125,-0.15,-0.5,0.498751,-0.003419,-0.012008,-0.000417,-0.187496,-0.389775,-0.074266,-0.018572,0.812848,-0.076544,-0.071879,-0.097412,-0.087136,1.351273,1.354818,-0.164786,-0.001214,-0.218032,5.208333,0.014632,0.115452,0.10263
101,104.159599,991.580017,0.818638,0.831667,0.041667,0.0,0.3073,66410.0,0.306073,0.87266,0.120447,0.376555,-0.055804,0.539974,6.462733,-0.002,-0.3,-0.006,-0.125,-0.15,-0.5,0.497811,-0.004197,-0.011498,-0.000208,-0.182793,-0.381247,-0.070711,-0.018914,0.788504,-0.07366,-0.068123,-0.094133,-0.084942,1.333464,1.412736,-0.165993,-0.001692,-0.292863,4.666667,0.020335,0.119359,0.10107
102,105.784492,990.01001,0.808915,0.831928,0.086957,0.0,0.305268,68232.0,0.29193,0.860658,0.112705,0.350358,-0.053088,0.536812,6.456363,-0.002,-0.3,-0.006,-0.125,-0.15,-0.5,0.487159,-0.00453,-0.009606,-0.001043,-0.171358,-0.372664,-0.067701,-0.019429,0.764313,-0.076504,-0.074262,-0.09341,-0.07915,1.352496,1.36511,-0.165898,-0.00108,-0.19499,4.782609,0.015686,0.116519,0.110079
103,106.332092,1000.0,0.842152,0.853481,0.0,0.0,0.303614,66684.0,0.302077,0.88612,0.116983,0.363713,-0.055009,0.54658,6.459507,-0.002,-0.3,-0.006,-0.125,-0.15,-0.5,0.500007,-0.005414,-0.010232,0.0,-0.170326,-0.378991,-0.072584,-0.020911,0.774203,-0.082135,-0.077067,-0.094247,-0.078646,1.37686,1.382105,-0.175604,-0.00162,-0.253255,4.416667,0.01685,0.104681,0.103912
104,105.847214,1000.0,0.80806,0.852502,0.0,0.0,0.300499,63792.0,0.291237,0.863599,0.108217,0.339038,-0.052572,0.519151,6.44969,-0.002,-0.3,-0.006,-0.125,-0.15,-0.5,0.500007,-0.006124,-0.009712,0.0,-0.171241,-0.371063,-0.070925,-0.021518,0.761439,-0.080962,-0.078354,-0.094557,-0.077126,1.41801,1.434605,-0.176276,-0.00116,-0.233126,3.636364,0.015834,0.091713,0.109058
105,106.265297,1000.0,0.837198,0.855643,0.0,0.0,0.29851,67736.0,0.300328,0.86331,0.12038,0.379152,-0.0557,0.554627,6.451942,-0.002,-0.3,-0.006,-0.125,-0.15,-0.5,0.500007,-0.006731,-0.010592,0.0,-0.181309,-0.368259,-0.069804,-0.022136,0.790822,-0.081377,-0.080109,-0.096484,-0.08415,1.36431,1.462757,-0.17991,-0.001529,-0.259998,4.130435,0.019198,0.121756,0.099026
106,108.911049,1000.0,0.828382,0.84892,0.0,0.0,0.296414,65996.0,0.296506,0.846751,0.128153,0.369831,-0.053969,0.559068,6.424499,-0.002,-0.3,-0.006,-0.125,-0.15,-0.5,0.500007,-0.007196,-0.011013,0.0,-0.177495,-0.360895,-0.065316,-0.022595,0.795074,-0.079938,-0.082677,-0.085981,-0.08344,1.396123,1.503083,-0.181053,-0.001361,-0.277675,3.5,0.017123,0.118949,0.120247
107,107.202141,990.159973,0.825204,0.838063,0.05,0.0,0.293765,70155.0,0.289268,0.844814,0.114079,0.341709,-0.051886,0.526347,6.43943,-0.002,-0.3,-0.006,-0.125,-0.15,-0.5,0.49385,-0.007792,-0.010479,-0.0005,-0.165356,-0.355415,-0.068273,-0.022891,0.756958,-0.083787,-0.087083,-0.090305,-0.076679,1.408381,1.453641,-0.181716,-0.001091,-0.170091,4.15,0.02026,0.132462,0.111047
108,107.034355,998.289978,0.811669,0.848837,0.041667,0.0,0.29136,66716.0,0.297469,0.83824,0.125898,0.377891,-0.057399,0.574392,6.405344,-0.002,-0.3,-0.006,-0.125,-0.15,-0.5,0.499409,-0.008522,-0.011828,-0.000278,-0.186081,-0.357166,-0.06991,-0.024322,0.807647,-0.085631,-0.088729,-0.093922,-0.086575,1.38413,1.490535,-0.187492,-0.001672,-0.30744,3.75,0.016507,0.111644,0.102481
109,107.039726,995.48999,0.849339,0.865422,0.043478,0.0,0.289312,67090.0,0.294602,0.84413,0.12416,0.378263,-0.058527,0.616596,6.408971,-0.002,-0.3,-0.006,-0.125,-0.15,-0.5,0.49755,-0.008797,-0.009663,-0.000435,-0.177071,-0.352818,-0.071411,-0.026094,0.797967,-0.091847,-0.098685,-0.09616,-0.08006,1.395996,1.436831,-0.193768,-0.001565,-0.412355,3.217391,0.013631,0.100499,0.105573
110,109.061958,986.169983,0.831264,0.827665,0.083333,0.0,0.286618,56157.0,0.287088,0.833639,0.121744,0.361807,-0.052625,0.557365,6.38102,-0.002,-0.3,-0.006,-0.125,-0.15,-0.5,0.489013,-0.009547,-0.011842,-0.001389,-0.167703,-0.340076,-0.066506,-0.02478,0.772083,-0.085701,-0.093916,-0.088023,-0.078834,1.391765,1.471549,-0.18937,-0.001214,-0.222697,3.5,0.018168,0.101499,0.114939
111,108.701912,985.140015,0.819307,0.847023,0.130435,0.0,0.283734,72009.0,0.290215,0.814109,0.12418,0.376275,-0.05599,0.573616,6.386394,-0.002,-0.3,-0.006,-0.125,-0.15,-0.5,0.494449,-0.010432,-0.010176,-0.000913,-0.181637,-0.337042,-0.066846,-0.026126,0.802228,-0.087383,-0.095582,-0.088808,-0.083533,1.385744,1.524998,-0.19351,-0.001332,-0.224635,3.695652,0.017082,0.101805,0.111445
112,108.883514,991.880005,0.830685,0.855905,0.086957,0.0,0.281624,72764.0,0.287822,0.830147,0.117052,0.358009,-0.053789,0.578805,6.383215,-0.002,-0.3,-0.006,-0.125,-0.15,-0.5,0.496811,-0.010804,-0.010011,-0.001159,-0.172824,-0.336335,-0.066105,-0.027311,0.781937,-0.091078,-0.103734,-0.09128,-0.079267,1.416907,1.515993,-0.197234,-0.001313,-0.278672,3.565217,0.015698,0.117807,0.122291
113,108.626915,985.849976,0.811623,0.836029,0.090909,0.0,0.279677,74677.0,0.276888,0.800636,0.114337,0.343784,-0.050804,0.532597,6.355052,-0.002,-0.3,-0.006,-0.125,-0.15,-0.5,0.48925,-0.011777,-0.009295,-0.001273,-0.168652,-0.326441,-0.062519,-0.026508,0.772024,-0.087026,-0.097765,-0.086174,-0.078975,1.407078,1.554443,-0.195041,-0.000947,-0.280945,3.227273,0.01727,0.13691,0.118912
114,108.705421,981.23999,0.832755,0.841867,0.181818,0.0,0.277932,73967.0,0.279409,0.810588,0.114826,0.342363,-0.051164,0.5379,6.359586,-0.002,-0.3,-0.006,-0.125,-0.15,-0.5,0.489648,-0.012116,-0.00934,-0.001879,-0.163698,-0.326147,-0.064932,-0.027793,0.757486,-0.091271,-0.104355,-0.087173,-0.074753,1.412031,1.532072,-0.201105,-0.00127,-0.206869,3.181818,0.01769,0.123021,0.131145
115,109.399643,1000.0,0.850629,0.865017,0.0,0.0,0.276379,64503.0,0.286042,0.822295,0.124391,0.362953,-0.055126,0.579468,6.352775,-0.002,-0.3,-0.006,-0.125,-0.15,-0.5,0.500007,-0.012514,-0.01029,0.0,-0.176347,-0.331667,-0.06605,-0.029345,0.814457,-0.096052,-0.111992,-0.090718,-0.080678,1.432533,1.544944,-0.208176,-0.001345,-0.311205,3.958333,0.01512,0.102838,0.092277
116,113.094238,1000.0,0.853244,0.862983,0.0,0.0,0.274325,68599.0,0.280346,0.804955,0.120871,0.340806,-0.050179,0.554605,6.360007,-0.002,-0.3,-0.006,-0.125,-0.15,-0.5,0.500007,-0.013302,-0.010812,0.0,-0.161538,-0.323614,-0.063641,-0.029753,0.777514,-0.094351,-0.112568,-0.084491,-0.07436,1.482262,1.599672,-0.207497,-0.001173,-0.243469,3.833333,0.014612,0.098681,0.101241
117,112.389793,997.789978,0.841551,0.861542,0.045455,0.0,0.271982,74987.0,0.291376,0.82303,0.135829,0.386296,-0.059301,0.629013,6.356006,-0.002,-0.3,-0.006,-0.125,-0.15,-0.5,0.498745,-0.013121,-0.009597,-0.000455,-0.180541,-0.325503,-0.066381,-0.03098,0.832025,-0.100084,-0.123664,-0.088907,-0.081993,1.400316,1.541337,-0.214997,-0.001562,-0.285205,3.090909,0.016561,0.089743,0.088746
118,111.18821,995.25,0.851854,0.863653,0.043478,0.0,0.269944,73713.0,0.28323,0.814873,0.129701,0.384864,-0.056441,0.595145,6.339014,-0.002,-0.3,-0.006,-0.125,-0.15,-0.5,0.498282,-0.01453,-0.009442,-0.00029,-0.179715,-0.31978,-0.065052,-0.030853,0.82122,-0.098292,-0.114113,-0.083902,-0.081829,1.408604,1.574759,-0.216977,-0.000946,-0.245419,2.782609,0.015592,0.099803,0.100833
119,111.717926,994.809998,0.843849,0.855328,0.043478,0.0,0.267853,71301.0,0.275275,0.775141,0.117606,0.337895,-0.050456,0.545373,6.314092,-0.002,-0.3,-0.006,-0.125,-0.15,-0.5,0.494354,-0.014828,-0.010564,-0.00087,-0.15675,-0.311452,-0.063065,-0.031551,0.768275,-0.096263,-0.122788,-0.083581,-0.072105,1.466346,1.634309,-0.215406,-0.001275,-0.254962,3.304348,0.015507,0.092436,0.106075
120,113.489517,1000.0,0.843312,0.858466,0.0,0.0,0.265713,62146.0,0.280318,0.801707,0.128314,0.383672,-0.054529,0.604733,6.324049,-0.002,-0.3,-0.006,-0.125,-0.15,-0.5,0.500007,-0.01582,-0.010784,0.0,-0.181965,-0.310304,-0.062393,-0.032572,0.823507,-0.098111,-0.118743,-0.083598,-0.083644,1.447661,1.658555,-0.219055,-0.001378,-0.315428,3.217391,0.014361,0.093093,0.111551
121,110.170586,972.609985,0.795913,0.823687,0.217391,0.0,0.264027,59254.0,0.266321,0.761577,0.116282,0.345088,-0.052285,0.56928,6.304916,-0.002,-0.3,-0.006,-0.125,-0.15,-0.5,0.484263,-0.015812,-0.00799,-0.002567,-0.166699,-0.298691,-0.059977,-0.031838,0.772649,-0.097095,-0.120555,-0.082307,-0.075173,1.40631,1.629917,-0.215596,-0.001194,-0.244432,3.434783,0.016467,0.106442,0.130631
122,112.082428,1000.0,0.843299,0.865357,0.0,0.0,0.262034,61007.0,0.274789,0.792414,0.124239,0.355272,-0.053222,0.577913,6.275084,-0.002,-0.3,-0.006,-0.125,-0.15,-0.5,0.500007,-0.016744,-0.01018,0.0,-0.16859,-0.30534,-0.062337,-0.03385,0.802216,-0.10099,-0.128347,-0.082228,-0.077064,1.474739,1.663712,-0.223327,-0.001155,-0.331344,3.541667,0.016974,0.10089,0.091602
123,113.883804,999.880005,0.867053,0.87061,0.045455,0.0,0.260049,61444.0,0.277082,0.786696,0.12823,0.362065,-0.05354,0.586739,6.305133,-0.002,-0.3,-0.006,-0.125,-0.15,-0.5,0.499859,-0.017124,-0.009345,-0.000909,-0.169304,-0.300445,-0.060685,-0.034162,0.801994,-0.10072,-0.133723,-0.080532,-0.076921,1.455024,1.701503,-0.226756,-0.001583,-0.28173,3.227273,0.015483,0.100027,0.103345
124,114.470367,1000.0,0.853774,0.868935,0.0,0.0,0.2582,61855.0,0.275349,0.775591,0.131478,0.361974,-0.052732,0.60143,6.269826,-0.002,-0.3,-0.006,-0.125,-0.15,-0.5,0.500007,-0.017783,-0.01139,0.0,-0.169532,-0.298032,-0.061292,-0.035352,0.809558,-0.102871,-0.135885,-0.079939,-0.07754,1.494967,1.71415,-0.228463,-0.001425,-0.312104,3.565217,0.015776,0.086224,0.109301
125,115.80941,997.909973,0.864042,0.851121,0.045455,0.0,0.25681,66729.0,0.272877,0.778697,0.12564,0.368031,-0.054357,0.624817,6.241352,-0.002,-0.3,-0.006,-0.125,-0.15,-0.5,0.498813,-0.018419,-0.007823,-0.000455,-0.175665,-0.296394,-0.061211,-0.036305,0.818782,-0.106424,-0.135154,-0.082201,-0.079955,1.470926,1.687951,-0.232531,-0.001291,-0.220286,25.045456,0.015066,0.112166,0.11775
126,113.423012,990.159973,0.842276,0.848173,0.041667,0.0,0.255165,58234.0,0.274158,0.770841,0.119403,0.363751,-0.052027,0.577451,6.25139,-0.002,-0.3,-0.006,-0.125,-0.15,-0.5,0.494876,-0.019313,-0.010312,-0.000417,-0.1691,-0.287589,-0.060841,-0.0366,0.78973,-0.104588,-0.131539,-0.079978,-0.078548,1.427746,1.700948,-0.232689,-0.002483,-0.209417,6.375,0.017385,0.102267,0.112498
127,115.199478,1000.0,0.863351,0.852348,0.0,0.0,0.253299,63786.0,0.272002,0.764509,0.120997,0.352427,-0.051956,0.582302,6.239761,-0.002,-0.3,-0.006,-0.125,-0.15,-0.5,0.500007,-0.019698,-0.010129,0.0,-0.165539,-0.287706,-0.059687,-0.036956,0.795826,-0.106519,-0.138233,-0.080725,-0.075918,1.472157,1.746508,-0.235762,-0.001181,-0.248788,6.083333,0.014655,0.102398,0.112168
128,116.676743,1000.0,0.860169,0.865937,0.041667,0.0,0.251542,56165.0,0.26928,0.768345,0.121358,0.352449,-0.05292,0.60009,6.229766,-0.002,-0.3,-0.006,-0.125,-0.15,-0.5,0.499975,-0.019808,-0.008953,-0.000128,-0.166525,-0.285713,-0.059121,-0.037567,0.803182,-0.109,-0.144572,-0.08113,-0.07517,1.483372,1.738795,-0.238691,-0.001098,-0.245697,7.166667,0.014175,0.09049,0.103755
129,115.739548,989.359985,0.857686,0.858014,0.125,0.0,0.249158,58924.0,0.26617,0.759977,0.11714,0.341895,-0.049415,0.56492,6.217872,-0.002,-0.3,-0.006,-0.125,-0.15,-0.5,0.497703,-0.021011,-0.010093,-0.000643,-0.161026,-0.279004,-0.05727,-0.037602,0.789903,-0.10651,-0.141197,-0.07621,-0.07371,1.487834,1.771212,-0.236124,-0.001145,-0.230466,6.583333,0.015448,0.105435,0.113791
130,118.00827,994.429993,0.851862,0.857605,0.041667,0.0,0.246712,60706.0,0.262061,0.746021,0.122804,0.350497,-0.051061,0.590829,6.21526,-0.002,-0.3,-0.006,-0.125,-0.15,-0.5,0.498844,-0.021563,-0.011756,-0.000167,-0.164824,-0.275174,-0.057354,-0.038376,0.799957,-0.107908,-0.145478,-0.078429,-0.075734,1.521092,1.793731,-0.239501,-0.001374,-0.259496,7.791667,0.015364,0.097581,0.097025
131,117.651291,1000.0,0.857958,0.865651,0.0,0.0,0.245046,58675.0,0.262622,0.763705,0.124054,0.347484,-0.051864,0.583359,6.21357,-0.002,-0.3,-0.006,-0.125,-0.15,-0.5,0.500007,-0.02198,-0.010023,0.0,-0.165623,-0.275362,-0.057217,-0.038905,0.810078,-0.109656,-0.144925,-0.07709,-0.075945,1.509179,1.779258,-0.242165,-0.00125,-0.281777,6.5,0.014689,0.08226,0.112733
132,118.940453,1000.0,0.869505,0.856937,0.041667,0.0,0.243359,64352.0,0.260525,0.743394,0.117883,0.347094,-0.050472,0.587021,6.21384,-0.002,-0.3,-0.006,-0.125,-0.15,-0.5,0.496771,-0.02223,-0.009352,-0.000278,-0.163119,-0.270551,-0.057336,-0.040237,0.797289,-0.11042,-0.150449,-0.076046,-0.073523,1.49993,1.798601,-0.245151,-0.001109,-0.188735,6.208333,0.014703,0.096208,0.104185
133,119.476669,1000.0,0.878575,0.866603,0.0,0.0,0.241931,62419.0,0.259789,0.752815,0.123719,0.360399,-0.052635,0.619989,6.202383,-0.002,-0.3,-0.006,-0.125,-0.15,-0.5,0.500007,-0.022736,-0.008039,0.0,-0.166862,-0.269521,-0.057673,-0.040926,0.813969,-0.11211,-0.152719,-0.077094,-0.075571,1.515298,1.81133,-0.249639,-0.001097,-0.188511,5.791667,0.013681,0.08894,0.097322
134,118.695854,989.609985,0.847615,0.849429,0.125,0.0,0.239959,60853.0,0.258103,0.727908,0.117631,0.345291,-0.048539,0.580806,6.167633,-0.002,-0.3,-0.006,-0.125,-0.15,-0.5,0.494216,-0.023766,-0.012426,-0.000693,-0.161944,-0.258964,-0.054755,-0.040356,0.793834,-0.109623,-0.147116,-0.075596,-0.073797,1.4926,1.830768,-0.2444,-0.001482,-0.21475,6.125,0.013577,0.095211,0.102235
135,118.13501,998.76001,0.875407,0.871679,0.083333,0.0,0.237757,60434.0,0.258399,0.740865,0.122954,0.343257,-0.049977,0.602802,6.181327,-0.002,-0.3,-0.006,-0.125,-0.15,-0.5,0.498977,-0.023155,-0.009519,-0.000542,-0.156611,-0.262045,-0.0546,-0.041321,0.804656,-0.113277,-0.163363,-0.073764,-0.071297,1.531008,1.839618,-0.250896,-0.001154,-0.31267,4.958333,0.014375,0.087824,0.103792
136,117.155579,986.75,0.868259,0.854449,0.125,0.0,0.235331,57303.0,0.258393,0.733763,0.121513,0.341071,-0.048695,0.57393,6.156963,-0.002,-0.3,-0.006,-0.125,-0.15,-0.5,0.495947,-0.024773,-0.010877,-0.00081,-0.156887,-0.256474,-0.054292,-0.042222,0.788547,-0.11378,-0.155902,-0.072689,-0.07228,1.513551,1.843323,-0.252445,-0.001296,-0.234819,5.75,0.014721,0.107766,0.112987
137,118.728981,997.159973,0.864555,0.866158,0.083333,0.0,0.233938,66428.0,0.259165,0.733721,0.12573,0.354039,-0.051962,0.610412,6.157846,-0.002,-0.3,-0.006,-0.125,-0.15,-0.5,0.498392,-0.024348,-0.010228,-0.000423,-0.160986,-0.254881,-0.054949,-0.043217,0.810141,-0.117259,-0.166816,-0.076362,-0.073928,1.510134,1.859646,-0.25491,-0.001468,-0.279644,5.583333,0.013668,0.096606,0.108472
138,120.187592,1000.0,0.871657,0.865493,0.0,0.0,0.232094,65064.0,0.256163,0.72048,0.124446,0.342115,-0.048893,0.580487,6.167335,-0.002,-0.3,-0.006,-0.125,-0.15,-0.5,0.500007,-0.026193,-0.009738,0.0,-0.156695,-0.25117,-0.054302,-0.043384,0.801791,-0.114377,-0.159174,-0.070499,-0.072047,1.526579,1.917524,-0.255866,-0.00118,-0.291518,5.375,0.01453,0.08609,0.084726
139,120.312683,1000.0,0.855562,0.8576,0.041667,0.0,0.230492,61656.0,0.252682,0.728398,0.123492,0.354607,-0.051308,0.617734,6.176034,-0.002,-0.3,-0.006,-0.125,-0.15,-0.5,0.499246,-0.026763,-0.010582,-0.000278,-0.16504,-0.249174,-0.055377,-0.044417,0.814529,-0.118681,-0.164039,-0.07603,-0.075435,1.536883,1.885223,-0.259353,-0.001091,-0.23823,6.125,0.015924,0.098887,0.122081
140,117.955063,968.950012,0.847565,0.836575,0.208333,0.0,0.228073,60303.0,0.248565,0.700746,0.12295,0.332709,-0.047266,0.577918,6.15183,-0.002,-0.3,-0.006,-0.125,-0.15,-0.5,0.485627,-0.025847,-0.009798,-0.001891,-0.151581,-0.238232,-0.051012,-0.043272,0.783883,-0.114058,-0.164754,-0.069614,-0.069681,1.486479,1.875286,-0.251465,-0.001081,-0.150447,5.458333,0.01704,0.121808,0.149377
141,121.003777,1000.0,0.850027,0.872948,0.0,0.0,0.226429,61627.0,0.252561,0.716092,0.127487,0.369337,-0.051822,0.644207,6.134474,-0.002,-0.3,-0.006,-0.125,-0.15,-0.5,0.500007,-0.027701,-0.010539,0.0,-0.172213,-0.2436,-0.05311,-0.045055,0.835161,-0.118207,-0.165743,-0.074029,-0.079104,1.527354,1.936399,-0.263089,-0.001125,-0.298914,4.666667,0.013457,0.086929,0.108716
142,121.945969,1000.0,0.868832,0.856922,0.0,0.0,0.224439,61039.0,0.249054,0.718663,0.119981,0.337763,-0.048872,0.598149,6.150325,-0.002,-0.3,-0.006,-0.125,-0.15,-0.5,0.500007,-0.027273,-0.009006,0.0,-0.154961,-0.23837,-0.051805,-0.044964,0.794276,-0.116471,-0.166857,-0.070084,-0.071314,1.555793,1.95836,-0.258226,-0.001139,-0.246263,5.5,0.014151,0.09825,0.106235
143,120.676842,986.650024,0.846871,0.844956,0.125,0.0,0.222579,67357.0,0.247336,0.701546,0.122594,0.331947,-0.047723,0.596548,6.111228,-0.002,-0.3,-0.006,-0.125,-0.15,-0.5,0.49024,-0.026136,-0.009118,-0.002128,-0.151544,-0.23061,-0.049221,-0.043062,0.792586,-0.113958,-0.166652,-0.06863,-0.069474,1.511415,1.935245,-0.247715,-0.001138,-0.223256,4.625,0.017065,0.112738,0.125839
144,121.627151,995.47998,0.861054,0.861187,0.041667,0.0,0.22045,65469.0,0.248949,0.716203,0.125811,0.341523,-0.049657,0.602791,6.123235,-0.002,-0.3,-0.006,-0.125,-0.15,-0.5,0.498434,-0.026794,-0.009737,-0.000278,-0.160193,-0.231367,-0.049925,-0.043251,0.826583,-0.113895,-0.162522,-0.066035,-0.073624,1.540944,1.967854,-0.249764,-0.001341,-0.352903,4.166667,0.015661,0.109635,0.09932
145,123.63224,984.549988,0.850591,0.844579,0.086957,0.0,0.218231,60484.0,0.238474,0.695655,0.117434,0.334319,-0.047292,0.588387,6.095703,-0.002,-0.3,-0.006,-0.125,-0.15,-0.5,0.486017,-0.026478,-0.0095,-0.001449,-0.153868,-0.222704,-0.048498,-0.042332,0.79089,-0.109758,-0.156889,-0.067212,-0.071168,1.509281,1.941042,-0.240719,-0.001033,-0.152077,4.73913,0.015709,0.099033,0.111859
146,123.750443,988.22998,0.862842,0.842341,0.136364,0.0,0.215957,63092.0,0.242853,0.679538,0.117943,0.330628,-0.045104,0.578633,6.070763,-0.002,-0.3,-0.006,-0.125,-0.15,-0.5,0.49335,-0.027301,-0.010054,-0.001136,-0.150101,-0.222266,-0.049253,-0.043336,0.789313,-0.107585,-0.155024,-0.063731,-0.069707,1.544041,2.029464,-0.24159,-0.00081,-0.228519,3.818182,0.015094,0.10368,0.120438
147,124.768257,986.72998,0.836108,0.831965,0.125,0.0,0.214621,55073.0,0.236632,0.688272,0.117345,0.334197,-0.047999,0.592106,6.064545,-0.002,-0.3,-0.006,-0.125,-0.15,-0.5,0.482423,-0.025817,-0.00751,-0.002917,-0.150688,-0.218133,-0.049483,-0.042421,0.785024,-0.110925,-0.155927,-0.06644,-0.069574,1.490967,1.920012,-0.237389,-0.00067,-0.141458,3.25,0.017682,0.121313,0.130725
148,125.351112,988.650024,0.872491,0.861974,0.136364,0.0,0.212466,67794.0,0.238096,0.687228,0.118018,0.321551,-0.045656,0.591572,6.063924,-0.002,-0.3,-0.006,-0.125,-0.15,-0.5,0.496718,-0.026139,-0.008135,-0.000758,-0.148145,-0.219211,-0.049301,-0.043454,0.794585,-0.108802,-0.163802,-0.06443,-0.068255,1.579789,2.040739,-0.236643,-0.00091,-0.236938,4.318182,0.015669,0.083194,0.108683
149,124.855431,993.460022,0.851974,0.852366,0.047619,0.0,0.210398,72273.0,0.239299,0.688731,0.120872,0.33378,-0.045937,0.594789,6.069788,-0.002,-0.3,-0.006,-0.125,-0.15,-0.5,0.494808,-0.026611,-0.009165,-0.000635,-0.149185,-0.215877,-0.048187,-0.042895,0.801568,-0.10511,-0.157422,-0.064253,-0.06929,1.558481,2.049698,-0.23582,-0.001044,-0.305293,4.0,0.014363,0.096381,0.107085
150,125.367393,983.47998,0.856325,0.84677,0.130435,0.0,0.208457,68053.0,0.239652,0.661594,0.133369,0.334312,-0.047434,0.581788,6.048336,-0.002,-0.3,-0.006,-0.125,-0.15,-0.5,0.491004,-0.025715,-0.008567,-0.001362,-0.146746,-0.209516,-0.046821,-0.041557,0.79537,-0.104452,-0.162566,-0.061157,-0.069092,1.523956,2.062179,-0.228809,-0.000652,-0.182286,3.043478,0.015769,0.09105,0.124331
151,126.65818,992.299988,0.862763,0.85485,0.041667,0.0,0.206797,61450.0,0.232804,0.685833,0.118918,0.339322,-0.048559,0.612382,6.027798,-0.002,-0.3,-0.006,-0.125,-0.15,-0.5,0.496794,-0.026649,-0.008362,-0.000333,-0.155786,-0.211604,-0.048372,-0.041968,0.808307,-0.105151,-0.149321,-0.065557,-0.071139,1.565344,2.069453,-0.231086,-0.000908,-0.23876,3.5,0.015153,0.079752,0.101718
152,128.063583,998.47998,0.876537,0.865378,0.041667,0.0,0.20526,54247.0,0.236803,0.684114,0.122625,0.341583,-0.048356,0.630188,6.015975,-0.002,-0.3,-0.006,-0.125,-0.15,-0.5,0.49921,-0.02617,-0.00762,-0.000417,-0.155279,-0.210883,-0.049207,-0.043655,0.815839,-0.107154,-0.158515,-0.065381,-0.071103,1.577472,2.07338,-0.231417,-0.000961,-0.199709,3.541667,0.012948,0.079385,0.099171
153,127.651764,1000.0,0.865935,0.857231,0.0,0.0,0.203681,64986.0,0.237557,0.677185,0.121044,0.318737,-0.046273,0.578358,6.009126,-0.002,-0.3,-0.006,-0.125,-0.15,-0.5,0.500007,-0.025977,-0.010187,0.0,-0.14578,-0.206966,-0.046953,-0.042455,0.795629,-0.103504,-0.156506,-0.062183,-0.06817,1.600341,2.120306,-0.227305,-0.000943,-0.205348,3.521739,0.013714,0.08885,0.103653
154,129.252167,996.530029,0.866385,0.84295,0.043478,0.0,0.201859,67657.0,0.22894,0.661761,0.121994,0.347202,-0.049596,0.641081,5.99894,-0.002,-0.3,-0.006,-0.125,-0.15,-0.5,0.492441,-0.025525,-0.00673,-0.001739,-0.15515,-0.202449,-0.048052,-0.042051,0.810733,-0.103168,-0.151759,-0.064493,-0.071078,1.565119,2.093742,-0.223241,-0.000638,-0.267107,3.956522,0.016629,0.114214,0.139276
155,127.214943,987.940002,0.840826,0.858788,0.130435,0.0,0.200029,68533.0,0.22979,0.64772,0.127533,0.304964,-0.042736,0.565302,6.004701,-0.002,-0.3,-0.006,-0.125,-0.15,-0.5,0.493671,-0.025405,-0.010639,-0.001304,-0.141616,-0.197581,-0.043416,-0.039984,0.805151,-0.09537,-0.156972,-0.057855,-0.065407,1.587911,2.187507,-0.212454,-0.001009,-0.247257,3.26087,0.01632,0.101473,0.124958
156,127.439476,986.030029,0.879226,0.852254,0.090909,0.0,0.198923,65926.0,0.227874,0.657624,0.126946,0.351715,-0.049613,0.650083,5.973424,-0.002,-0.3,-0.006,-0.125,-0.15,-0.5,0.491726,-0.025285,-0.007872,-0.00097,-0.154185,-0.197826,-0.047515,-0.041669,0.818759,-0.100401,-0.147319,-0.06311,-0.071144,1.561436,2.108559,-0.219733,-0.000815,-0.330818,3.227273,0.013774,0.092613,0.11008
157,131.777908,997.880005,0.880532,0.8625,0.041667,0.0,0.197214,56133.0,0.227636,0.657578,0.121735,0.321497,-0.047141,0.62097,5.982441,-0.002,-0.3,-0.006,-0.125,-0.15,-0.5,0.499119,-0.024606,-0.005432,-0.000333,-0.143802,-0.197321,-0.046132,-0.041424,0.814642,-0.099628,-0.158667,-0.0591,-0.064184,1.619607,2.181421,-0.217743,-0.000662,-0.211539,4.125,0.013019,0.091701,0.10866
158,128.159836,982.599976,0.863825,0.853489,0.083333,0.0,0.195834,59976.0,0.228409,0.6521,0.135396,0.354572,-0.051202,0.667384,5.961188,-0.002,-0.3,-0.006,-0.125,-0.15,-0.5,0.494,-0.02456,-0.007645,-0.000611,-0.156713,-0.194318,-0.047168,-0.040737,0.837657,-0.098464,-0.156476,-0.063181,-0.072068,1.572534,2.143034,-0.214574,-0.000941,-0.333421,3.166667,0.013017,0.086284,0.116772
159,130.570541,1000.0,0.886897,0.860224,0.0,0.0,0.19472,65895.0,0.229258,0.670313,0.124813,0.339672,-0.047225,0.637417,5.931346,-0.002,-0.3,-0.006,-0.125,-0.15,-0.5,0.500007,-0.025373,-0.007464,0.0,-0.151819,-0.193181,-0.045412,-0.040717,0.827036,-0.097142,-0.147982,-0.061595,-0.071121,1.595435,2.191292,-0.211964,-0.000801,-0.440778,3.590909,0.014362,0.086534,0.085854
160,131.368179,1000.0,0.893624,0.881589,0.0,0.0,0.193536,69602.0,0.229395,0.667399,0.133995,0.354132,-0.050901,0.672072,5.936625,-0.002,-0.3,-0.006,-0.125,-0.15,-0.5,0.500007,-0.024782,-0.007328,0.0,-0.157294,-0.190531,-0.044579,-0.040546,0.851505,-0.096366,-0.156231,-0.063319,-0.073982,1.596772,2.208032,-0.210891,-0.00064,-0.29081,2.391304,0.0124,0.088152,0.097431
161,135.802902,996.969971,0.901062,0.87649,0.043478,0.0,0.192113,68709.0,0.224579,0.658128,0.126118,0.330926,-0.047254,0.640615,5.899615,-0.002,-0.3,-0.006,-0.125,-0.15,-0.5,0.498905,-0.024405,-0.005957,-0.00029,-0.144252,-0.187319,-0.044327,-0.04027,0.827205,-0.094482,-0.151472,-0.058034,-0.065653,1.623366,2.231118,-0.207507,-0.000726,-0.172437,3.869565,0.012962,0.082214,0.102493
162,133.417557,997.47998,0.878393,0.867967,0.045455,0.0,0.191278,68072.0,0.219557,0.648538,0.117464,0.326531,-0.044756,0.617473,5.919523,-0.002,-0.3,-0.006,-0.125,-0.15,-0.5,0.498857,-0.025446,-0.006289,-0.000364,-0.144784,-0.184788,-0.042887,-0.039265,0.804482,-0.092228,-0.140353,-0.059335,-0.066336,1.619573,2.263626,-0.203288,-0.000643,-0.31213,2.909091,0.013208,0.074043,0.121544
163,134.951859,995.130005,0.89122,0.855184,0.041667,0.0,0.189788,55065.0,0.221019,0.651768,0.120862,0.321641,-0.045322,0.612829,5.908979,-0.002,-0.3,-0.006,-0.125,-0.15,-0.5,0.497465,-0.0246,-0.007515,-0.000417,-0.143073,-0.182239,-0.043703,-0.039739,0.81776,-0.093255,-0.147571,-0.05765,-0.066491,1.613119,2.247143,-0.199873,-0.000689,-0.174072,3.625,0.013483,0.080925,0.116752
164,135.556931,995.130005,0.902775,0.852442,0.0,0.0,0.188576,61426.0,0.223845,0.642343,0.130605,0.335318,-0.047148,0.660851,5.885999,-0.002,-0.3,-0.006,-0.125,-0.15,-0.5,0.500007,-0.024109,-0.007633,0.0,-0.144873,-0.181076,-0.043721,-0.040059,0.835634,-0.093541,-0.153922,-0.058875,-0.067003,1.624797,2.268877,-0.200318,-0.00078,-0.282837,3.208333,0.013024,0.087675,0.108723
165,135.272919,1000.0,0.887631,0.862037,0.0,0.0,0.187209,68367.0,0.220486,0.642132,0.125762,0.338908,-0.046912,0.645153,5.903358,-0.002,-0.3,-0.006,-0.125,-0.15,-0.5,0.500007,-0.024827,-0.006153,0.0,-0.148611,-0.179448,-0.043401,-0.039404,0.837262,-0.089906,-0.143274,-0.056662,-0.068565,1.630267,2.294722,-0.198777,-0.000721,-0.306876,3.5,0.01266,0.07622,0.110466
166,137.682419,1000.0,0.881025,0.873216,0.0,0.0,0.185658,61766.0,0.220403,0.631905,0.121488,0.321466,-0.045093,0.617324,5.845286,-0.002,-0.3,-0.006,-0.125,-0.15,-0.5,0.500007,-0.024635,-0.006213,0.0,-0.136203,-0.1766,-0.043278,-0.03905,0.80584,-0.090813,-0.149899,-0.056747,-0.062536,1.631366,2.310367,-0.197166,-0.000534,-0.200426,24.086956,0.015452,0.087284,0.120891
167,136.573578,995.51001,0.896391,0.862546,0.045455,0.0,0.1844,60745.0,0.215326,0.622329,0.129946,0.321376,-0.044644,0.632709,5.850027,-0.002,-0.3,-0.006,-0.125,-0.15,-0.5,0.497961,-0.023784,-0.00488,-0.000364,-0.137248,-0.171958,-0.041142,-0.038179,0.823854,-0.087791,-0.145441,-0.053887,-0.061404,1.633149,2.343259,-0.190757,-0.00061,-0.322746,4.0,0.012817,0.080505,0.099913
168,139.412308,1000.0,0.889845,0.868606,0.0,0.0,0.18305,55693.0,0.218715,0.629157,0.126812,0.323946,-0.04433,0.625021,5.850776,-0.002,-0.3,-0.006,-0.125,-0.15,-0.5,0.500007,-0.024335,-0.007114,0.0,-0.140216,-0.170169,-0.040049,-0.037471,0.822876,-0.085389,-0.141494,-0.052681,-0.065581,1.622586,2.369737,-0.188269,-0.000816,-0.215409,6.916667,0.013272,0.085498,0.107827
169,138.861359,1000.0,0.883804,0.859329,0.0,0.0,0.181575,63335.0,0.217047,0.624642,0.126159,0.336731,-0.045726,0.654219,5.842103,-0.002,-0.3,-0.006,-0.125,-0.15,-0.5,0.500007,-0.024769,-0.007911,0.0,-0.146854,-0.168862,-0.041223,-0.037819,0.834253,-0.085101,-0.136913,-0.053812,-0.068066,1.620881,2.379585,-0.188434,-0.000578,-0.296938,5.916667,0.014921,0.082246,0.118508
170,139.025345,1000.0,0.893656,0.870551,0.0,0.0,0.180349,62767.0,0.211635,0.627762,0.131364,0.323678,-0.046142,0.649161,5.848342,-0.002,-0.3,-0.006,-0.125,-0.15,-0.5,0.500007,-0.0234,-0.004915,0.0,-0.137837,-0.167891,-0.041058,-0.037463,0.83569,-0.085438,-0.146184,-0.054154,-0.063251,1.656042,2.370825,-0.186235,-0.000637,-0.325671,6.958333,0.013503,0.087885,0.104844
171,140.880966,1000.0,0.894287,0.877878,0.0,0.0,0.179146,60978.0,0.206908,0.621129,0.122366,0.313669,-0.043632,0.627217,5.839239,-0.002,-0.3,-0.006,-0.125,-0.15,-0.5,0.500007,-0.023646,-0.005074,0.0,-0.135806,-0.163822,-0.039157,-0.036777,0.825439,-0.082474,-0.135939,-0.051568,-0.062357,1.663701,2.416032,-0.181429,-0.000527,-0.269542,7.083333,0.01517,0.082225,0.111794
172,141.079346,1000.0,0.883301,0.875635,0.0,0.0,0.177608,58911.0,0.206935,0.617877,0.117032,0.31197,-0.042068,0.62151,5.82946,-0.002,-0.3,-0.006,-0.125,-0.15,-0.5,0.500007,-0.024813,-0.008367,0.0,-0.137855,-0.161313,-0.039364,-0.036981,0.81423,-0.08159,-0.133346,-0.052914,-0.064007,1.671435,2.43227,-0.178166,-0.000633,-0.242236,7.583333,0.013309,0.088199,0.116164
173,142.444656,1000.0,0.896978,0.876603,0.0,0.0,0.176062,54940.0,0.205786,0.615958,0.121798,0.311163,-0.042813,0.635677,5.802288,-0.002,-0.3,-0.006,-0.125,-0.15,-0.5,0.500007,-0.023728,-0.005897,0.0,-0.133575,-0.160352,-0.038784,-0.036449,0.817509,-0.080965,-0.136875,-0.050693,-0.061122,1.675043,2.444311,-0.177346,-0.000544,-0.219227,6.291667,0.014389,0.075031,0.102509
174,140.172958,990.5,0.890389,0.864626,0.041667,0.0,0.174155,62944.0,0.211193,0.606607,0.132332,0.336634,-0.04563,0.663302,5.839338,-0.002,-0.3,-0.006,-0.125,-0.15,-0.5,0.497805,-0.023573,-0.005399,-0.000185,-0.14198,-0.156685,-0.038979,-0.036353,0.837393,-0.079956,-0.138961,-0.052011,-0.065892,1.625694,2.445765,-0.176141,-0.000618,-0.312532,6.25,0.01421,0.081947,0.106377
175,140.445389,982.859985,0.882288,0.872049,0.083333,0.0,0.172919,63196.0,0.204918,0.600913,0.127979,0.327696,-0.045561,0.657504,5.800791,-0.002,-0.3,-0.006,-0.125,-0.15,-0.5,0.494916,-0.022857,-0.005008,-0.000486,-0.136826,-0.155164,-0.039661,-0.036463,0.825562,-0.079038,-0.137404,-0.052123,-0.062421,1.641175,2.445086,-0.175725,-0.000637,-0.314549,6.0,0.014315,0.085303,0.113237
176,141.6436,1000.0,0.88983,0.864967,0.0,0.0,0.171359,61407.0,0.209211,0.610834,0.130169,0.329356,-0.044355,0.666845,5.800678,-0.002,-0.3,-0.006,-0.125,-0.15,-0.5,0.500007,-0.022907,-0.004791,0.0,-0.139043,-0.154288,-0.037984,-0.036595,0.837536,-0.08007,-0.139483,-0.051662,-0.063491,1.653862,2.465604,-0.173138,-0.000483,-0.23191,5.541667,0.014543,0.087412,0.101983
177,143.431549,1000.0,0.887546,0.877537,0.0,0.0,0.170061,62426.0,0.206827,0.594236,0.136737,0.322741,-0.043891,0.665156,5.775451,-0.002,-0.3,-0.006,-0.125,-0.15,-0.5,0.500007,-0.022742,-0.006097,0.0,-0.13616,-0.151692,-0.037419,-0.035538,0.844781,-0.077184,-0.139006,-0.049132,-0.062586,1.661742,2.516707,-0.169672,-0.000637,-0.320582,5.208333,0.012867,0.074832,0.107682
178,142.903854,1000.0,0.891416,0.874196,0.0,0.0,0.168323,52562.0,0.203539,0.58502,0.125015,0.314927,-0.042497,0.639566,5.781597,-0.002,-0.3,-0.006,-0.125,-0.15,-0.5,0.500007,-0.023154,-0.005474,0.0,-0.130478,-0.148079,-0.037269,-0.035705,0.8207,-0.07545,-0.133719,-0.048978,-0.059576,1.669289,2.547128,-0.167748,-0.000549,-0.301517,5.708333,0.01512,0.086115,0.111893
179,146.165131,1000.0,0.888114,0.870732,0.0,0.0,0.167217,64537.0,0.203994,0.595421,0.129601,0.311994,-0.042248,0.64416,5.806878,-0.002,-0.3,-0.006,-0.125,-0.15,-0.5,0.500007,-0.022687,-0.005185,0.0,-0.132112,-0.147333,-0.036406,-0.034767,0.830849,-0.075167,-0.138709,-0.048295,-0.061091,1.66965,2.5367,-0.163632,-0.00073,-0.192256,5.625,0.014711,0.082275,0.110339
180,146.312317,995.190002,0.896702,0.872018,0.041667,0.0,0.16543,63931.0,0.198989,0.576671,0.130747,0.306635,-0.041537,0.643044,5.783691,-0.002,-0.3,-0.006,-0.125,-0.15,-0.5,0.497998,-0.022253,-0.00422,-0.000333,-0.128158,-0.144072,-0.035554,-0.034206,0.827465,-0.072286,-0.134997,-0.045607,-0.058551,1.675389,2.583676,-0.161211,-0.000514,-0.255886,5.708333,0.013229,0.076658,0.117272
181,144.888092,1000.0,0.894204,0.86916,0.0,0.0,0.164265,64019.0,0.202444,0.58759,0.127874,0.320981,-0.04318,0.656312,5.759221,-0.002,-0.3,-0.006,-0.125,-0.15,-0.5,0.500007,-0.022768,-0.005898,0.0,-0.131238,-0.143568,-0.036442,-0.034499,0.825748,-0.073627,-0.132703,-0.048729,-0.060622,1.661339,2.569289,-0.161907,-0.000475,-0.26761,5.875,0.014345,0.075944,0.107689
182,148.751312,1000.0,0.868145,0.875576,0.0,0.0,0.162658,64767.0,0.196816,0.582296,0.126644,0.309422,-0.041161,0.648681,5.7387,-0.002,-0.3,-0.006,-0.125,-0.15,-0.5,0.500007,-0.022962,-0.004536,0.0,-0.126046,-0.140224,-0.035113,-0.033645,0.829532,-0.070343,-0.126189,-0.045327,-0.057039,1.692065,2.612873,-0.157204,-0.000558,-0.201319,5.083333,0.016987,0.077689,0.109242
183,146.76799,1000.0,0.896536,0.869229,0.0,0.0,0.161314,53780.0,0.200045,0.580703,0.127983,0.31846,-0.04301,0.663237,5.721977,-0.002,-0.3,-0.006,-0.125,-0.15,-0.5,0.500007,-0.022756,-0.004592,0.0,-0.130318,-0.140617,-0.036275,-0.034178,0.824774,-0.072731,-0.132451,-0.047574,-0.059656,1.673185,2.591804,-0.158797,-0.000508,-0.227614,4.791667,0.013609,0.06381,0.0996
184,148.880157,1000.0,0.896502,0.871454,0.0,0.0,0.15973,56462.0,0.195396,0.579944,0.127995,0.318553,-0.041907,0.668304,5.716484,-0.002,-0.3,-0.006,-0.125,-0.15,-0.5,0.500007,-0.02255,-0.004173,0.0,-0.129947,-0.137681,-0.035782,-0.034224,0.835199,-0.070817,-0.130375,-0.047135,-0.060063,1.694314,2.620526,-0.155357,-0.000473,-0.228764,5.583333,0.014023,0.081603,0.097029
185,147.635254,1000.0,0.900429,0.885416,0.0,0.0,0.158544,63099.0,0.193182,0.581283,0.124239,0.300192,-0.040967,0.64381,5.699655,-0.002,-0.3,-0.006,-0.125,-0.15,-0.5,0.500007,-0.022184,-0.003697,0.0,-0.126977,-0.136049,-0.034532,-0.033043,0.835793,-0.070427,-0.1265,-0.046076,-0.057668,1.698607,2.63236,-0.15273,-0.000483,-0.276432,4.208333,0.012359,0.063064,0.107677
186,146.513687,983.400024,0.879637,0.863585,0.083333,0.0,0.15733,65917.0,0.194212,0.563168,0.127482,0.320351,-0.04141,0.657654,5.716876,-0.002,-0.3,-0.006,-0.125,-0.15,-0.5,0.493086,-0.022876,-0.005488,-0.000694,-0.129424,-0.131697,-0.035134,-0.034018,0.825453,-0.067011,-0.123988,-0.044911,-0.059546,1.660352,2.627815,-0.151258,-0.000529,-0.235602,4.458333,0.013738,0.080787,0.126124
187,147.220673,993.369995,0.876528,0.870131,0.043478,0.0,0.156121,71925.0,0.190982,0.551305,0.123705,0.304994,-0.04111,0.635828,5.670382,-0.002,-0.3,-0.006,-0.125,-0.15,-0.5,0.497601,-0.022251,-0.004582,-0.00029,-0.12176,-0.130959,-0.034994,-0.033806,0.802381,-0.067232,-0.127439,-0.046861,-0.055265,1.69816,2.681982,-0.150866,-0.000425,-0.268794,4.26087,0.014587,0.07659,0.101235
188,148.839569,1000.0,0.885145,0.869697,0.0,0.0,0.155045,71537.0,0.194801,0.569918,0.137917,0.334507,-0.044073,0.706126,5.676376,-0.002,-0.3,-0.006,-0.125,-0.15,-0.5,0.500007,-0.022268,-0.003832,0.0,-0.135092,-0.131828,-0.036271,-0.034807,0.853747,-0.068246,-0.132406,-0.047431,-0.061593,1.686071,2.669237,-0.153416,-0.000488,-0.304947,4.090909,0.013793,0.074609,0.132939
189,149.396317,1000.0,0.888296,0.856259,0.0,0.0,0.153516,62976.0,0.192815,0.560651,0.135046,0.33571,-0.044569,0.708242,5.667249,-0.002,-0.3,-0.006,-0.125,-0.15,-0.5,0.500007,-0.021941,-0.003095,0.0,-0.133387,-0.130421,-0.035184,-0.033222,0.848378,-0.068776,-0.124313,-0.044739,-0.05994,1.679514,2.678921,-0.151277,-0.000628,-0.363549,3.391304,0.011844,0.07545,0.099305
190,151.200592,1000.0,0.890976,0.870463,0.0,0.0,0.152459,76519.0,0.190289,0.557124,0.13256,0.314513,-0.04121,0.666793,5.666002,-0.002,-0.3,-0.006,-0.125,-0.15,-0.5,0.500007,-0.022029,-0.004428,0.0,-0.126756,-0.125801,-0.033943,-0.03306,0.842971,-0.065288,-0.124631,-0.042127,-0.057581,1.703977,2.726636,-0.1446,-0.000664,-0.282574,4.380952,0.013482,0.078011,0.114461
191,152.476547,1000.0,0.893521,0.87805,0.0,0.0,0.151379,72531.0,0.190734,0.550744,0.131809,0.309366,-0.040483,0.652639,5.660697,-0.002,-0.3,-0.006,-0.125,-0.15,-0.5,0.500007,-0.021868,-0.004189,0.0,-0.123108,-0.125148,-0.034229,-0.032962,0.83111,-0.064473,-0.127922,-0.042149,-0.055023,1.710535,2.749799,-0.144147,-0.000504,-0.200013,3.956522,0.011958,0.080506,0.099553
192,152.557327,1000.0,0.912111,0.866375,0.0,0.0,0.150227,72716.0,0.186316,0.543161,0.13326,0.303,-0.040679,0.643553,5.618964,-0.002,-0.3,-0.006,-0.125,-0.15,-0.5,0.500007,-0.021458,-0.003195,0.0,-0.120675,-0.123915,-0.033578,-0.03224,0.830229,-0.063563,-0.126117,-0.040985,-0.054838,1.720984,2.773577,-0.142348,-0.000371,-0.228601,3.391304,0.013637,0.07304,0.111166
193,153.480484,1000.0,0.895917,0.868519,0.0,0.0,0.149185,70492.0,0.189942,0.545183,0.132882,0.317861,-0.042766,0.684409,5.60516,-0.002,-0.3,-0.006,-0.125,-0.15,-0.5,0.500007,-0.021797,-0.004135,0.0,-0.128545,-0.122511,-0.033521,-0.032834,0.858672,-0.063237,-0.127484,-0.045012,-0.05991,1.689797,2.773964,-0.142105,-0.000608,-0.221888,3.583333,0.01551,0.082024,0.116639
194,150.935623,983.409973,0.869565,0.84483,0.083333,0.0,0.14848,71387.0,0.184078,0.536961,0.130338,0.319979,-0.042387,0.694146,5.612189,-0.002,-0.3,-0.006,-0.125,-0.15,-0.5,0.491356,-0.021271,-0.00317,-0.000833,-0.125945,-0.119717,-0.033005,-0.031966,0.836145,-0.06199,-0.120519,-0.041171,-0.056439,1.670645,2.736652,-0.139554,-0.00052,-0.253628,3.833333,0.017397,0.086625,0.127642
195,152.130829,1000.0,0.876258,0.847989,0.0,0.0,0.147728,63391.0,0.180813,0.53806,0.127441,0.306978,-0.03953,0.666399,5.603644,-0.002,-0.3,-0.006,-0.125,-0.15,-0.5,0.500007,-0.022058,-0.002123,0.0,-0.117931,-0.118389,-0.031961,-0.030977,0.828447,-0.060198,-0.111637,-0.039814,-0.053372,1.724863,2.836858,-0.1376,-0.000504,-0.301711,2.913043,0.015683,0.089993,0.106128
196,155.85376,1000.0,0.897441,0.871975,0.0,0.0,0.146745,74081.0,0.185847,0.531837,0.137302,0.320028,-0.041418,0.678327,5.564744,-0.002,-0.3,-0.006,-0.125,-0.15,-0.5,0.500007,-0.021507,-0.003734,0.0,-0.121739,-0.117233,-0.031936,-0.031062,0.852569,-0.059756,-0.121208,-0.039741,-0.055607,1.694288,2.847787,-0.136021,-0.000602,-0.223106,4.272727,0.014904,0.079677,0.111628
197,155.519119,1000.0,0.877041,0.874011,0.0,0.0,0.145351,73495.0,0.189645,0.543492,0.139021,0.343076,-0.04413,0.71215,5.547609,-0.002,-0.3,-0.006,-0.125,-0.15,-0.5,0.500007,-0.021913,-0.003468,0.0,-0.129315,-0.117917,-0.034727,-0.033293,0.851516,-0.062061,-0.121221,-0.041996,-0.056909,1.682713,2.809594,-0.142672,-0.000491,-0.271398,3.227273,0.012911,0.074841,0.098631
198,156.530182,1000.0,0.878265,0.86238,0.0,0.0,0.144145,71743.0,0.180516,0.534394,0.136476,0.30822,-0.039948,0.674546,5.55273,-0.002,-0.3,-0.006,-0.125,-0.15,-0.5,0.500007,-0.020561,-0.002914,0.0,-0.115625,-0.114488,-0.031248,-0.030471,0.834674,-0.058826,-0.12162,-0.036659,-0.051531,1.73161,2.864007,-0.133202,-0.000434,-0.232297,3.333333,0.015118,0.091968,0.106129
199,154.040436,1000.0,0.886596,0.863271,0.0,0.0,0.143453,71368.0,0.182574,0.530839,0.127538,0.312031,-0.041466,0.671358,5.539007,-0.002,-0.3,-0.006,-0.125,-0.15,-0.5,0.500007,-0.021634,-0.003524,0.0,-0.12167,-0.113124,-0.032757,-0.031522,0.840049,-0.058317,-0.116425,-0.041293,-0.055128,1.706212,2.873782,-0.133241,-0.000594,-0.290252,4.25,0.014875,0.079162,0.120487
200,156.944809,1000.0,0.900309,0.860256,0.0,0.0,0.14248,69407.0,0.183049,0.525088,0.140529,0.32233,-0.043081,0.717779,5.533725,-0.002,-0.3,-0.006,-0.125,-0.15,-0.5,0.500007,-0.020765,-0.003395,0.0,-0.121412,-0.113403,-0.033407,-0.031627,0.851636,-0.060023,-0.121624,-0.039003,-0.053921,1.711147,2.857261,-0.134432,-0.000505,-0.205193,3.347826,0.015068,0.074287,0.118485
201,156.280609,999.219971,0.89743,0.866543,0.043478,0.0,0.141561,57805.0,0.184091,0.528143,0.12849,0.305731,-0.040437,0.664117,5.510566,-0.002,-0.3,-0.006,-0.125,-0.15,-0.5,0.499577,-0.021574,-0.00418,-0.000435,-0.117001,-0.109882,-0.031174,-0.030011,0.836106,-0.057977,-0.120017,-0.041122,-0.053433,1.708818,2.896117,-0.128041,-0.000521,-0.216897,3.0,0.012709,0.085762,0.109553
202,159.468521,999.219971,0.901123,0.878395,0.0,0.0,0.140946,68668.0,0.175615,0.513686,0.14096,0.31133,-0.040689,0.701518,5.473737,-0.002,-0.3,-0.006,-0.125,-0.15,-0.5,0.500007,-0.020269,-0.003306,0.0,-0.118498,-0.108048,-0.02994,-0.029309,0.858196,-0.055915,-0.118469,-0.035985,-0.053674,1.738751,2.941384,-0.125433,-0.000382,-0.267742,2.826087,0.015952,0.086462,0.122928
203,158.265717,1000.0,0.888675,0.873326,0.0,0.0,0.139705,69602.0,0.176862,0.511674,0.133146,0.299469,-0.038555,0.656754,5.51804,-0.002,-0.3,-0.006,-0.125,-0.15,-0.5,0.500007,-0.020642,-0.00197,0.0,-0.110466,-0.106401,-0.029912,-0.029282,0.84255,-0.054517,-0.115053,-0.035163,-0.049683,1.729875,2.972701,-0.125545,-0.000553,-0.244472,3.391304,0.011037,0.082247,0.114744
204,157.934784,1000.0,0.892383,0.858692,0.0,0.0,0.139137,69977.0,0.171566,0.512712,0.131711,0.300292,-0.039442,0.669801,5.50884,-0.002,-0.3,-0.006,-0.125,-0.15,-0.5,0.500007,-0.020351,-0.001545,0.0,-0.111003,-0.105988,-0.029981,-0.029133,0.835941,-0.054595,-0.114923,-0.035798,-0.049748,1.754855,2.967495,-0.125031,-0.000557,-0.238,3.454545,0.01671,0.081863,0.123646
205,157.87381,1000.0,0.897938,0.875519,0.0,0.0,0.138232,66088.0,0.171085,0.50444,0.128676,0.296747,-0.03881,0.657941,5.500322,-0.002,-0.3,-0.006,-0.125,-0.15,-0.5,0.500007,-0.020686,-0.004153,0.0,-0.110373,-0.103464,-0.030086,-0.029755,0.823158,-0.052903,-0.112319,-0.036331,-0.049202,1.748124,3.007431,-0.123143,-0.000497,-0.279336,3.541667,0.015045,0.078208,0.104493
206,158.334381,1000.0,0.892742,0.852563,0.0,0.0,0.137049,59536.0,0.172704,0.512016,0.131115,0.310084,-0.039687,0.690516,5.485813,-0.002,-0.3,-0.006,-0.125,-0.15,-0.5,0.500007,-0.0205,-0.001583,0.0,-0.111365,-0.10339,-0.029879,-0.029064,0.846015,-0.053711,-0.115928,-0.038065,-0.049155,1.744585,2.989771,-0.12399,-0.000412,-0.292219,3.130435,0.01577,0.083691,0.126793
207,158.678223,984.140015,0.881148,0.846968,0.090909,0.0,0.136263,70886.0,0.169347,0.492934,0.124018,0.293775,-0.03675,0.655644,5.456254,-0.002,-0.3,-0.006,-0.125,-0.15,-0.5,0.493976,-0.02044,-0.005334,-0.000566,-0.107684,-0.098227,-0.027839,-0.028456,0.821493,-0.050013,-0.106465,-0.033543,-0.049823,1.734436,3.018069,-0.116211,-0.000407,-0.175495,3.727273,0.015795,0.094724,0.125322
208,160.260422,1000.0,0.891209,0.865252,0.0,0.0,0.135468,71272.0,0.1727,0.497303,0.12548,0.30065,-0.037403,0.668441,5.403834,-0.002,-0.3,-0.006,-0.125,-0.15,-0.5,0.500007,-0.021624,-0.004334,0.0,-0.110822,-0.099012,-0.029311,-0.029269,0.83727,-0.051754,-0.102363,-0.036295,-0.051024,1.745052,3.034971,-0.118221,-0.000701,-0.254657,24.636364,0.013105,0.095629,0.126595
209,161.341248,1000.0,0.894137,0.872307,0.0,0.0,0.134456,67608.0,0.175891,0.498023,0.137706,0.305912,-0.038477,0.689009,5.431436,-0.002,-0.3,-0.006,-0.125,-0.15,-0.5,0.500007,-0.020204,-0.003545,0.0,-0.114794,-0.099058,-0.028719,-0.028804,0.859008,-0.051664,-0.114684,-0.03507,-0.052535,1.73872,3.040385,-0.117721,-0.000443,-0.236469,4.916667,0.015054,0.087111,0.115143
210,162.503326,1000.0,0.899402,0.878489,0.0,0.0,0.133189,59418.0,0.175728,0.496298,0.138712,0.312204,-0.040164,0.691184,5.44205,-0.002,-0.3,-0.006,-0.125,-0.15,-0.5,0.500007,-0.020009,-0.002698,0.0,-0.111467,-0.097836,-0.029553,-0.028529,0.849924,-0.051809,-0.115856,-0.035817,-0.049063,1.720803,3.039449,-0.117587,-0.000461,-0.221274,6.625,0.014099,0.081247,0.111166
211,161.050766,1000.0,0.888875,0.871156,0.0,0.0,0.132138,71380.0,0.171642,0.496583,0.132006,0.308327,-0.039206,0.68523,5.405292,-0.002,-0.3,-0.006,-0.125,-0.15,-0.5,0.500007,-0.020861,-0.003253,0.0,-0.112438,-0.096396,-0.029118,-0.028445,0.842865,-0.050308,-0.108906,-0.035772,-0.051617,1.736844,3.063613,-0.115573,-0.000471,-0.27384,6.5,0.013758,0.081783,0.107012
212,162.198517,1000.0,0.892636,0.869625,0.0,0.0,0.131388,55533.0,0.168472,0.488763,0.128266,0.294031,-0.037095,0.646389,5.394738,-0.002,-0.3,-0.006,-0.125,-0.15,-0.5,0.500007,-0.02066,-0.002857,0.0,-0.105828,-0.094619,-0.028492,-0.028572,0.837385,-0.047983,-0.105875,-0.032481,-0.048181,1.749622,3.111593,-0.114321,-0.000498,-0.265006,7.166667,0.014656,0.081922,0.117572
213,162.678024,1000.0,0.88961,0.868509,0.083333,0.0,0.130358,71052.0,0.168985,0.486164,0.136902,0.29923,-0.038485,0.681349,5.395089,-0.002,-0.3,-0.006,-0.125,-0.15,-0.5,0.496914,-0.01984,-0.002361,-0.000347,-0.107829,-0.093254,-0.028301,-0.027975,0.849253,-0.048933,-0.112486,-0.03399,-0.047575,1.739073,3.07645,-0.112506,-0.000433,-0.296012,7.125,0.015209,0.09241,0.102468
214,163.606171,1000.0,0.890094,0.864966,0.0,0.0,0.129367,71494.0,0.16485,0.488776,0.130705,0.291298,-0.036488,0.66036,5.400599,-0.002,-0.3,-0.006,-0.125,-0.15,-0.5,0.500007,-0.02016,-0.001944,0.0,-0.10462,-0.092131,-0.027243,-0.027247,0.850193,-0.047129,-0.103448,-0.03187,-0.047592,1.759348,3.136466,-0.110237,-0.000506,-0.267154,6.708333,0.01607,0.080819,0.115491
215,164.390915,1000.0,0.88681,0.865653,0.0,0.0,0.128348,71891.0,0.173213,0.482672,0.143005,0.30957,-0.039646,0.697461,5.392009,-0.002,-0.3,-0.006,-0.125,-0.15,-0.5,0.500007,-0.019837,-0.002666,0.0,-0.110909,-0.092082,-0.029357,-0.028719,0.847751,-0.048517,-0.116576,-0.035434,-0.049675,1.738498,3.112989,-0.112727,-0.000435,-0.226343,6.958333,0.015157,0.077303,0.109636
216,162.836761,1000.0,0.889729,0.868758,0.0,0.0,0.12741,71997.0,0.167844,0.482219,0.139711,0.309468,-0.038502,0.704212,5.381704,-0.002,-0.3,-0.006,-0.125,-0.15,-0.5,0.500007,-0.020112,-0.002246,0.0,-0.109851,-0.090209,-0.027818,-0.027667,0.856577,-0.046728,-0.107078,-0.032391,-0.048404,1.751236,3.149162,-0.110183,-0.000515,-0.323809,6.041667,0.012487,0.088379,0.110842
217,164.106949,1000.0,0.892024,0.861657,0.0,0.0,0.12664,71872.0,0.169205,0.468851,0.14236,0.30239,-0.037754,0.687932,5.368612,-0.002,-0.3,-0.006,-0.125,-0.15,-0.5,0.500007,-0.019026,-0.003479,0.0,-0.106134,-0.089071,-0.027354,-0.027498,0.854758,-0.046138,-0.114174,-0.031474,-0.047701,1.743813,3.183158,-0.107948,-0.00054,-0.242245,5.75,0.015533,0.083043,0.106498
218,164.878571,1000.0,0.905362,0.863371,0.0,0.0,0.125941,59016.0,0.164609,0.467002,0.134474,0.288982,-0.036206,0.668253,5.392231,-0.002,-0.3,-0.006,-0.125,-0.15,-0.5,0.500007,-0.019176,-0.003599,0.0,-0.10161,-0.087296,-0.025955,-0.026211,0.845611,-0.044636,-0.104923,-0.029742,-0.045561,1.762827,3.211668,-0.105437,-0.001388,-0.294874,5.041667,0.015005,0.081578,0.113626
219,166.349197,1000.0,0.879966,0.862411,0.083333,0.0,0.125304,70557.0,0.168792,0.468951,0.140151,0.307541,-0.038406,0.693099,5.392919,-0.002,-0.3,-0.006,-0.125,-0.15,-0.5,0.497809,-0.019484,-0.001815,-0.000405,-0.107701,-0.087185,-0.027964,-0.027347,0.851895,-0.045783,-0.11087,-0.032915,-0.047439,1.730593,3.167245,-0.107309,-0.000548,-0.239122,5.75,0.015015,0.087283,0.129119
220,165.864746,1000.0,0.871919,0.862839,0.0,0.0,0.124373,71768.0,0.170059,0.475539,0.13948,0.317151,-0.039281,0.705689,5.391733,-0.002,-0.3,-0.006,-0.125,-0.15,-0.5,0.500007,-0.020206,-0.002115,0.0,-0.111176,-0.086846,-0.028606,-0.027962,0.853566,-0.045896,-0.106804,-0.034561,-0.049958,1.733325,3.175676,-0.109096,-0.000389,-0.245332,5.666667,0.015057,0.077882,0.116973
221,165.251785,1000.0,0.888057,0.865355,0.0,0.0,0.123571,70916.0,0.167939,0.470034,0.141574,0.30449,-0.038032,0.69201,5.377155,-0.002,-0.3,-0.006,-0.125,-0.15,-0.5,0.500007,-0.01927,-0.002486,0.0,-0.10675,-0.085043,-0.0269,-0.02691,0.855682,-0.04402,-0.11163,-0.031856,-0.047674,1.741338,3.22014,-0.104797,-0.000478,-0.290921,5.291667,0.014445,0.088926,0.101924
222,168.427963,1000.0,0.887723,0.866027,0.0,0.0,0.122661,71197.0,0.163404,0.463175,0.137483,0.301087,-0.037036,0.693799,5.419654,-0.002,-0.3,-0.006,-0.125,-0.15,-0.5,0.500007,-0.019725,-0.002341,0.0,-0.104852,-0.08313,-0.026092,-0.026412,0.857157,-0.042888,-0.098226,-0.030495,-0.047292,1.757995,3.252337,-0.102811,-0.000447,-0.257957,6.416667,0.014261,0.091237,0.104855
223,166.806854,1000.0,0.885985,0.86383,0.0,0.0,0.121763,60653.0,0.16403,0.46266,0.138851,0.307126,-0.038214,0.712837,5.392756,-0.002,-0.3,-0.006,-0.125,-0.15,-0.5,0.500007,-0.019681,-0.003356,0.0,-0.106548,-0.082781,-0.026441,-0.027079,0.852301,-0.042875,-0.106947,-0.031389,-0.047243,1.763581,3.259672,-0.103934,-0.000403,-0.286666,5.458333,0.013474,0.094511,0.117128
224,167.367203,1000.0,0.880672,0.869461,0.0,0.0,0.121122,71617.0,0.162259,0.467127,0.142934,0.307002,-0.038253,0.710132,5.427267,-0.002,-0.3,-0.006,-0.125,-0.15,-0.5,0.500007,-0.019248,-0.001538,0.0,-0.104442,-0.082336,-0.027364,-0.026848,0.858198,-0.042998,-0.105274,-0.02969,-0.045681,1.761299,3.250466,-0.103582,-0.000476,-0.251539,5.0,0.01641,0.088268,0.105669
225,166.993515,1000.0,0.906372,0.866321,0.0,0.0,0.120347,71357.0,0.160604,0.46278,0.13261,0.296579,-0.036514,0.680073,5.394694,-0.002,-0.3,-0.006,-0.125,-0.15,-0.5,0.500007,-0.020016,-0.002852,0.0,-0.100914,-0.080545,-0.026143,-0.026038,0.844542,-0.042309,-0.099335,-0.030186,-0.045845,1.764441,3.275488,-0.100322,-0.000378,-0.28458,5.166667,0.013892,0.086069,0.113742
226,166.390549,988.419983,0.871192,0.852095,0.083333,0.0,0.119414,71594.0,0.160256,0.444312,0.127669,0.286211,-0.034978,0.65688,5.38244,-0.002,-0.3,-0.006,-0.125,-0.15,-0.5,0.494408,-0.019727,-0.003316,-0.000694,-0.097893,-0.077776,-0.024813,-0.025137,0.825659,-0.040387,-0.093443,-0.02955,-0.04551,1.736604,3.277874,-0.096875,-0.000376,-0.180866,4.708333,0.014945,0.087807,0.134265
227,167.942398,1000.0,0.895914,0.869882,0.0,0.0,0.118655,70701.0,0.161932,0.453314,0.135101,0.296134,-0.037441,0.690482,5.375412,-0.002,-0.3,-0.006,-0.125,-0.15,-0.5,0.500007,-0.019741,-0.003152,0.0,-0.104065,-0.078105,-0.025836,-0.025707,0.860899,-0.041518,-0.100289,-0.03018,-0.047645,1.763975,3.297342,-0.097546,-0.00041,-0.248893,4.666667,0.015867,0.096702,0.104824
228,169.87468,1000.0,0.882793,0.850675,0.0,0.0,0.117898,70509.0,0.1571,0.452215,0.130513,0.288563,-0.03528,0.665835,5.318418,-0.002,-0.3,-0.006,-0.125,-0.15,-0.5,0.500007,-0.019636,-0.00354,0.0,-0.09869,-0.076868,-0.02487,-0.025489,0.832029,-0.039825,-0.095079,-0.030202,-0.045136,1.774971,3.329159,-0.095548,-0.000368,-0.143649,4.458333,0.015349,0.095655,0.110955
229,170.654984,1000.0,0.877804,0.860994,0.0,0.0,0.117278,63487.0,0.155783,0.43682,0.137146,0.292128,-0.035963,0.690331,5.353095,-0.002,-0.3,-0.006,-0.125,-0.15,-0.5,0.500007,-0.019008,-0.002464,0.0,-0.100538,-0.076371,-0.025659,-0.025964,0.850231,-0.039278,-0.103472,-0.027498,-0.043993,1.781942,3.354508,-0.096118,-0.000426,-0.198655,3.857143,0.01556,0.087652,0.12572
230,171.387665,1000.0,0.882799,0.864113,0.0,0.0,0.116386,71767.0,0.154465,0.444544,0.134286,0.280901,-0.034418,0.655427,5.367755,-0.002,-0.3,-0.006,-0.125,-0.15,-0.5,0.500007,-0.018889,-0.001775,0.0,-0.092393,-0.074791,-0.024408,-0.02475,0.842854,-0.038863,-0.097079,-0.027024,-0.041492,1.789984,3.36235,-0.093146,-0.000285,-0.163908,4.041667,0.015438,0.085595,0.113618
231,170.688431,1000.0,0.885164,0.862952,0.0,0.0,0.115578,74905.0,0.155223,0.44672,0.136573,0.30824,-0.038395,0.713099,5.321698,-0.002,-0.3,-0.006,-0.125,-0.15,-0.5,0.500007,-0.020216,-0.003529,0.0,-0.104453,-0.075926,-0.026811,-0.026222,0.858114,-0.040066,-0.095838,-0.032361,-0.04685,1.774377,3.332177,-0.097563,-0.000412,-0.257995,3.818182,0.013476,0.081661,0.108148
232,170.75,1000.0,0.884542,0.86699,0.0,0.0,0.114781,74788.0,0.158605,0.435024,0.141255,0.298359,-0.035957,0.692898,5.31337,-0.002,-0.3,-0.006,-0.125,-0.15,-0.5,0.500007,-0.019141,-0.00307,0.0,-0.098276,-0.073705,-0.024116,-0.02448,0.850772,-0.038353,-0.097287,-0.027288,-0.044639,1.764991,3.387078,-0.092138,-0.000513,-0.288888,4.2,0.015893,0.0882,0.108396
233,169.3311,1000.0,0.882463,0.855978,0.0,0.0,0.114065,71715.0,0.157868,0.435168,0.133,0.282609,-0.034027,0.672269,5.305638,-0.002,-0.3,-0.006,-0.125,-0.15,-0.5,0.500007,-0.019199,-0.003711,0.0,-0.097119,-0.071823,-0.023666,-0.023862,0.843975,-0.037832,-0.093287,-0.026802,-0.045758,1.768759,3.399149,-0.089117,-0.000389,-0.238538,3.833333,0.016275,0.103464,0.120507
234,170.102814,1000.0,0.868116,0.840199,0.0,0.0,0.113327,72963.0,0.158633,0.440084,0.137505,0.309019,-0.036325,0.719651,5.249872,-0.002,-0.3,-0.006,-0.125,-0.15,-0.5,0.500007,-0.020226,-0.004319,0.0,-0.101417,-0.072908,-0.025484,-0.025594,0.852446,-0.038883,-0.093086,-0.031159,-0.044703,1.765121,3.372096,-0.093739,-0.00042,-0.30441,3.26087,0.013643,0.098262,0.131662
235,172.728302,1000.0,0.880005,0.856435,0.0,0.0,0.112585,59800.0,0.155488,0.440144,0.137404,0.30674,-0.036796,0.730853,5.303681,-0.002,-0.3,-0.006,-0.125,-0.15,-0.5,0.500007,-0.019693,-0.001477,0.0,-0.100541,-0.071333,-0.024886,-0.024965,0.868195,-0.036515,-0.093717,-0.029335,-0.045423,1.77738,3.422946,-0.092058,-0.000476,-0.250262,3.583333,0.014013,0.092959,0.104459
236,171.479858,1000.0,0.890976,0.862493,0.0,0.0,0.111768,73428.0,0.153744,0.438516,0.133653,0.270727,-0.033194,0.639766,5.291132,-0.002,-0.3,-0.006,-0.125,-0.15,-0.5,0.500007,-0.018659,-0.001476,0.0,-0.092265,-0.069969,-0.023152,-0.02384,0.845607,-0.036641,-0.095831,-0.026879,-0.042029,1.787425,3.429574,-0.087298,-0.000365,-0.209507,3.826087,0.014827,0.090472,0.118881
237,173.113159,1000.0,0.895711,0.854483,0.0,0.0,0.111279,68416.0,0.151905,0.433775,0.128326,0.281631,-0.033195,0.655959,5.265731,-0.002,-0.3,-0.006,-0.125,-0.15,-0.5,0.500007,-0.019127,-0.003603,0.0,-0.09326,-0.069414,-0.023104,-0.023967,0.830262,-0.036878,-0.088985,-0.026977,-0.043524,1.774989,3.428997,-0.087983,-0.000608,-0.272049,3.5,0.014195,0.08738,0.109621
238,173.067932,991.48999,0.88868,0.862155,0.045455,0.0,0.110663,74820.0,0.148722,0.415451,0.129847,0.280275,-0.034368,0.666622,5.26008,-0.002,-0.3,-0.006,-0.125,-0.15,-0.5,0.496779,-0.018896,-0.001994,-0.000303,-0.092935,-0.06755,-0.023152,-0.023931,0.841047,-0.03498,-0.089426,-0.027034,-0.042702,1.778791,3.464278,-0.087456,-0.000364,-0.191227,3.454545,0.015848,0.100259,0.110659
239,171.691483,991.039978,0.865933,0.866679,0.045455,0.0,0.110241,75183.0,0.156044,0.426031,0.14805,0.306421,-0.036986,0.715738,5.271976,-0.002,-0.3,-0.006,-0.125,-0.15,-0.5,0.499658,-0.018629,-0.002789,-0.000606,-0.096852,-0.068751,-0.024759,-0.025198,0.852191,-0.036775,-0.100107,-0.026341,-0.041873,1.768066,3.445059,-0.090626,-0.000302,-0.280002,3.409091,0.016971,0.077632,0.120002
240,173.790314,1000.0,0.876772,0.861562,0.0,0.0,0.109577,71803.0,0.151395,0.424915,0.134667,0.295954,-0.035327,0.696491,5.220223,-0.002,-0.3,-0.006,-0.125,-0.15,-0.5,0.500007,-0.019323,-0.001513,0.0,-0.096165,-0.067399,-0.024173,-0.024132,0.856016,-0.035628,-0.089313,-0.027676,-0.043404,1.783621,3.465059,-0.088154,-0.000376,-0.222886,3.916667,0.016694,0.079723,0.101684
241,172.835236,983.859985,0.868186,0.842073,0.083333,0.0,0.109138,60240.0,0.150423,0.419652,0.14247,0.305073,-0.036863,0.723781,5.259812,-0.002,-0.3,-0.006,-0.125,-0.15,-0.5,0.493968,-0.018632,-0.001162,-0.000611,-0.098008,-0.066482,-0.024078,-0.024205,0.86075,-0.035312,-0.093415,-0.027042,-0.044084,1.761954,3.423888,-0.087823,-0.000363,-0.169748,3.791667,0.015071,0.116543,0.121363
242,174.005966,997.359985,0.865388,0.84781,0.045455,0.0,0.108642,75222.0,0.151904,0.414921,0.137735,0.290803,-0.034104,0.678121,5.217391,-0.002,-0.3,-0.006,-0.125,-0.15,-0.5,0.497999,-0.018744,-0.001409,-0.000606,-0.089887,-0.065744,-0.024492,-0.02442,0.844916,-0.034723,-0.091873,-0.025288,-0.038733,1.776082,3.475831,-0.087168,-0.000272,-0.161342,3.090909,0.016912,0.1082,0.144847
243,170.957565,988.440002,0.857383,0.861937,0.086957,0.0,0.10814,74037.0,0.152314,0.421496,0.140855,0.297126,-0.035623,0.702971,5.207997,-0.002,-0.3,-0.006,-0.125,-0.15,-0.5,0.494102,-0.018728,-0.002898,-0.000683,-0.094227,-0.064999,-0.023141,-0.023741,0.84367,-0.035752,-0.094407,-0.027134,-0.042051,1.752272,3.414468,-0.085049,-0.000335,-0.377778,2.869565,0.014353,0.075812,0.121044
244,176.031815,1000.0,0.88407,0.862504,0.0,0.0,0.10768,73981.0,0.149185,0.40391,0.140457,0.295423,-0.035161,0.707916,5.238936,-0.002,-0.3,-0.006,-0.125,-0.15,-0.5,0.500007,-0.019076,-0.00199,0.0,-0.092993,-0.063479,-0.023014,-0.023344,0.845338,-0.032937,-0.085037,-0.026848,-0.040533,1.786503,3.555348,-0.083727,-0.000289,-0.195275,3.347826,0.013508,0.078788,0.112294
245,175.966797,1000.0,0.893593,0.853794,0.0,0.0,0.107226,74493.0,0.150647,0.415763,0.142182,0.313229,-0.038016,0.734266,5.210845,-0.002,-0.3,-0.006,-0.125,-0.15,-0.5,0.500007,-0.019263,-0.000852,0.0,-0.099596,-0.065468,-0.025226,-0.024981,0.862006,-0.034741,-0.089595,-0.028473,-0.040355,1.774886,3.503067,-0.088821,-0.000298,-0.21935,3.26087,0.012598,0.092424,0.094636
246,176.201492,1000.0,0.873478,0.849186,0.0,0.0,0.106595,71317.0,0.150961,0.415727,0.143365,0.299613,-0.03662,0.714923,5.197486,-0.002,-0.3,-0.006,-0.125,-0.15,-0.5,0.500007,-0.018517,-0.002361,0.0,-0.093522,-0.064797,-0.024973,-0.024271,0.870071,-0.033996,-0.092955,-0.025094,-0.040844,1.773487,3.518062,-0.087476,-0.000429,-0.285043,3.434783,0.015435,0.078613,0.089356
247,175.913986,1000.0,0.883307,0.862368,0.0,0.0,0.106056,56944.0,0.147933,0.402646,0.144143,0.293521,-0.034442,0.714612,5.20654,-0.002,-0.3,-0.006,-0.125,-0.15,-0.5,0.500007,-0.018828,-0.002813,0.0,-0.093391,-0.062078,-0.022783,-0.022889,0.862868,-0.032047,-0.083091,-0.023464,-0.041715,1.792131,3.571321,-0.081926,-0.000331,-0.3048,3.5,0.014022,0.086922,0.120409
248,176.70697,1000.0,0.882735,0.864385,0.0,0.0,0.105741,62691.0,0.148426,0.417278,0.15275,0.294179,-0.033684,0.714794,5.205944,-0.002,-0.3,-0.006,-0.125,-0.15,-0.5,0.500007,-0.017979,-0.002369,0.0,-0.0921,-0.061741,-0.021831,-0.022841,0.873515,-0.032803,-0.09157,-0.022516,-0.042881,1.800832,3.544971,-0.080117,-0.000304,-0.291535,3.227273,0.015227,0.077364,0.110758
249,176.682526,1000.0,0.871712,0.85012,0.0,0.0,0.105053,63631.0,0.147639,0.406952,0.139985,0.300687,-0.035425,0.714853,5.203104,-0.002348,-0.313044,-0.006261,-0.130435,-0.15913,-0.530435,0.500007,-0.018625,-0.001122,0.0,-0.095121,-0.061339,-0.023385,-0.023606,0.869058,-0.032918,-0.091069,-0.026457,-0.044084,1.790975,3.551709,-0.082741,-0.00029,-0.168547,3.608696,0.015737,0.102363,0.111269
250,175.241684,1000.0,0.867226,0.872175,0.0,0.0,0.104465,68350.0,0.149059,0.402194,0.149114,0.309987,-0.036728,0.741489,5.185353,-0.01,-0.6,-0.012,-0.25,-0.36,-1.2,0.500007,-0.019598,-0.001806,0.0,-0.096416,-0.061451,-0.024057,-0.024929,0.872352,-0.03284,-0.092799,-0.025074,-0.041258,1.776681,3.575805,-0.085762,-0.000414,-0.437002,24.818182,0.013223,0.081914,0.097298
251,176.515945,1000.0,0.881729,0.860716,0.0,0.0,0.103956,63169.0,0.147009,0.405931,0.139866,0.284092,-0.034044,0.687934,5.222227,-0.01,-0.6,-0.012,-0.25,-0.36,-1.2,0.500007,-0.021183,-0.002246,0.0,-0.088538,-0.059632,-0.022205,-0.02335,0.84456,-0.033175,-0.090527,-0.024672,-0.040277,1.790043,3.580643,-0.081472,-0.000381,-0.237306,6.416667,0.015966,0.094593,0.118137
252,178.385498,1000.0,0.891345,0.861457,0.0,0.0,0.103296,67523.0,0.141159,0.395956,0.136861,0.284978,-0.03363,0.686859,5.230581,-0.01,-0.6,-0.012,-0.25,-0.36,-1.2,0.500007,-0.022953,-0.001532,0.0,-0.085616,-0.058579,-0.022127,-0.023371,0.853249,-0.032227,-0.084868,-0.022581,-0.037197,1.80281,3.630564,-0.083329,-0.000383,-0.259337,6.041667,0.014305,0.091081,0.100786
253,177.076126,1000.0,0.876614,0.852118,0.0,0.0,0.102728,50282.0,0.146544,0.40009,0.136007,0.286181,-0.034082,0.702775,5.19769,-0.01,-0.6,-0.012,-0.25,-0.36,-1.2,0.500007,-0.024798,-0.001717,0.0,-0.088886,-0.058333,-0.021946,-0.02413,0.858951,-0.034398,-0.088786,-0.024244,-0.039206,1.790279,3.603878,-0.084705,-0.00048,-0.228649,7.0,0.015237,0.100199,0.121445
254,176.910706,1000.0,0.882997,0.852059,0.0,0.0,0.102139,59939.0,0.144856,0.398843,0.148713,0.302433,-0.035966,0.735719,5.19567,-0.01,-0.6,-0.012,-0.25,-0.36,-1.2,0.500007,-0.025821,-0.00108,0.0,-0.092716,-0.058596,-0.022996,-0.025284,0.870875,-0.035219,-0.097396,-0.02417,-0.040068,1.792034,3.605837,-0.087577,-0.000495,-0.340457,6.75,0.015028,0.095148,0.115608
255,175.762543,1000.0,0.891572,0.862214,0.0,0.0,0.101497,64381.0,0.144874,0.393691,0.144737,0.295059,-0.03493,0.708521,5.204034,-0.01,-0.6,-0.012,-0.25,-0.36,-1.2,0.500007,-0.027344,-0.00178,0.0,-0.089099,-0.057746,-0.022528,-0.025468,0.861303,-0.035442,-0.098666,-0.023261,-0.039309,1.795666,3.626837,-0.087645,-0.000429,-0.269136,7.708333,0.015229,0.089265,0.11394
256,175.743042,1000.0,0.880737,0.858574,0.0,0.0,0.100829,62523.0,0.14492,0.393439,0.147137,0.299837,-0.035163,0.727409,5.228083,-0.01,-0.6,-0.012,-0.25,-0.36,-1.2,0.500007,-0.029642,-0.001625,0.0,-0.092477,-0.057126,-0.022314,-0.02617,0.868191,-0.036033,-0.096592,-0.023449,-0.041457,1.791218,3.634066,-0.089512,-0.00049,-0.309546,6.375,0.015086,0.094191,0.118127
257,176.052643,1000.0,0.871401,0.846624,0.0,0.0,0.100393,65387.0,0.143526,0.38675,0.145926,0.286659,-0.033939,0.694409,5.22907,-0.01,-0.6,-0.012,-0.25,-0.36,-1.2,0.500007,-0.030935,-0.003126,0.0,-0.086272,-0.05568,-0.021726,-0.025796,0.857752,-0.036799,-0.100182,-0.02292,-0.037767,1.796952,3.649458,-0.088133,-0.000411,-0.246375,6.166667,0.017364,0.092188,0.12083
258,178.528366,1000.0,0.890598,0.86889,0.0,0.0,0.099898,52317.0,0.144502,0.385973,0.142846,0.295235,-0.034374,0.725742,5.207116,-0.01,-0.6,-0.012,-0.25,-0.36,-1.2,0.500007,-0.0331,-0.002427,0.0,-0.089258,-0.055372,-0.022118,-0.026977,0.864783,-0.037073,-0.103021,-0.023561,-0.039099,1.793039,3.658646,-0.09049,-0.00042,-0.272218,5.833333,0.014764,0.086826,0.091901
259,178.422302,1000.0,0.87761,0.858685,0.0,0.0,0.099168,59325.0,0.143344,0.386321,0.15393,0.303417,-0.03591,0.750438,5.196765,-0.01,-0.6,-0.012,-0.25,-0.36,-1.2,0.500007,-0.033866,-0.001031,0.0,-0.092334,-0.055404,-0.0223,-0.027439,0.877088,-0.037953,-0.105186,-0.022679,-0.040839,1.793527,3.659845,-0.092347,-0.000495,-0.26542,6.166667,0.013833,0.086174,0.100709
260,177.047211,1000.0,0.864839,0.84587,0.0,0.0,0.098719,62782.0,0.145058,0.38863,0.150075,0.309215,-0.03646,0.746475,5.202806,-0.01,-0.6,-0.012,-0.25,-0.36,-1.2,0.500007,-0.036368,-0.000876,0.0,-0.09135,-0.055796,-0.023126,-0.028291,0.864264,-0.039291,-0.104834,-0.023663,-0.039288,1.784603,3.645224,-0.096093,-0.000471,-0.28005,5.041667,0.017684,0.115624,0.115311
261,179.102585,1000.0,0.888758,0.861639,0.0,0.0,0.098081,62100.0,0.144,0.377862,0.153877,0.29342,-0.034483,0.725688,5.211427,-0.01,-0.6,-0.012,-0.25,-0.36,-1.2,0.500007,-0.036564,-0.001084,0.0,-0.087645,-0.054013,-0.021826,-0.027931,0.86994,-0.038859,-0.114287,-0.02148,-0.037114,1.793753,3.695164,-0.093489,-0.000445,-0.263675,5.791667,0.013083,0.089421,0.095262
262,178.078079,1000.0,0.88129,0.865955,0.0,0.0,0.097661,66967.0,0.143363,0.377821,0.157097,0.307693,-0.036557,0.749837,5.17997,-0.01,-0.6,-0.012,-0.25,-0.36,-1.2,0.500007,-0.039019,-0.001436,0.0,-0.09237,-0.054215,-0.022718,-0.028844,0.877492,-0.040335,-0.110737,-0.023438,-0.039733,1.787226,3.676838,-0.096579,-0.000589,-0.27764,5.625,0.014115,0.099483,0.110847
263,176.556717,994.01001,0.871398,0.851465,0.041667,0.0,0.097355,58896.0,0.140985,0.373487,0.139953,0.280343,-0.03189,0.689978,5.146405,-0.01,-0.6,-0.012,-0.25,-0.36,-1.2,0.496882,-0.040886,-0.001787,-0.000417,-0.082865,-0.052171,-0.02039,-0.027689,0.849862,-0.038874,-0.102044,-0.020326,-0.036481,1.785994,3.699583,-0.092819,-0.00056,-0.288803,5.333333,0.014324,0.092932,0.11702
264,178.641556,1000.0,0.881502,0.843042,0.0,0.0,0.096957,68889.0,0.143748,0.378143,0.153049,0.301528,-0.035347,0.736299,5.164667,-0.01,-0.6,-0.012,-0.25,-0.36,-1.2,0.500007,-0.041791,-0.000874,0.0,-0.087465,-0.05293,-0.021772,-0.029424,0.860823,-0.040546,-0.113195,-0.022621,-0.036387,1.788795,3.707417,-0.098197,-0.000584,-0.321708,6.083333,0.015128,0.100399,0.107843
265,178.793106,1000.0,0.868185,0.849993,0.0,0.0,0.096435,72227.0,0.141347,0.375832,0.15,0.290673,-0.03358,0.716087,5.142257,-0.01,-0.6,-0.012,-0.25,-0.36,-1.2,0.500007,-0.042942,-0.000833,0.0,-0.086029,-0.051994,-0.021661,-0.030374,0.867741,-0.041719,-0.123354,-0.0217,-0.036269,1.802923,3.709934,-0.098091,-0.000582,-0.186285,5.541667,0.013818,0.097946,0.103375
266,179.567123,1000.0,0.870273,0.84386,0.0,0.0,0.095816,69355.0,0.140848,0.376036,0.149405,0.289956,-0.034157,0.720535,5.148873,-0.01,-0.6,-0.012,-0.25,-0.36,-1.2,0.500007,-0.044996,-0.0007,0.0,-0.084547,-0.051461,-0.020718,-0.029672,0.863423,-0.041808,-0.110611,-0.020529,-0.035571,1.796465,3.722362,-0.098889,-0.000493,-0.216154,4.541667,0.015885,0.094383,0.117239
267,178.673401,1000.0,0.863086,0.865066,0.0,0.0,0.095313,67010.0,0.138029,0.375269,0.144538,0.278927,-0.032743,0.699654,5.157022,-0.01,-0.6,-0.012,-0.25,-0.36,-1.2,0.500007,-0.047298,-0.000525,0.0,-0.082515,-0.05062,-0.020601,-0.030017,0.86364,-0.04159,-0.114004,-0.021053,-0.035791,1.804713,3.745423,-0.098228,-0.000649,-0.334352,5.5,0.017579,0.090809,0.106096
268,177.995316,1000.0,0.867995,0.842535,0.0,0.0,0.094882,71349.0,0.142051,0.373188,0.155819,0.313514,-0.036038,0.751273,5.13639,-0.01,-0.6,-0.012,-0.25,-0.36,-1.2,0.500007,-0.048354,-0.000901,0.0,-0.086695,-0.051574,-0.022317,-0.031622,0.866191,-0.044537,-0.121701,-0.021323,-0.03701,1.788102,3.712695,-0.105613,-0.000606,-0.283165,4.791667,0.014384,0.107615,0.114609
269,177.424881,1000.0,0.875918,0.843801,0.0,0.0,0.094472,57338.0,0.137592,0.371196,0.148993,0.302231,-0.03564,0.739564,5.142378,-0.01,-0.6,-0.012,-0.25,-0.36,-1.2,0.500007,-0.05068,-0.000575,0.0,-0.087657,-0.05141,-0.022093,-0.031793,0.871515,-0.043749,-0.112876,-0.022222,-0.037405,1.80059,3.728597,-0.105519,-0.000641,-0.305674,4.166667,0.016307,0.098032,0.116419
270,178.187729,1000.0,0.867398,0.854919,0.0,0.0,0.093777,74379.0,0.142424,0.36774,0.155708,0.299358,-0.034258,0.748325,5.131957,-0.01,-0.6,-0.012,-0.25,-0.36,-1.2,0.500007,-0.050771,-0.000949,0.0,-0.087231,-0.050058,-0.021266,-0.031742,0.875977,-0.044191,-0.132253,-0.021508,-0.037841,1.796304,3.746021,-0.102319,-0.00068,-0.293371,4.869565,0.017433,0.090725,0.114134
271,178.700485,1000.0,0.881623,0.851469,0.0,0.0,0.093187,69446.0,0.135707,0.365161,0.144999,0.281104,-0.0328,0.694919,5.136011,-0.01,-0.6,-0.012,-0.25,-0.36,-1.2,0.500007,-0.053535,-0.00063,0.0,-0.081708,-0.048795,-0.020583,-0.031309,0.860992,-0.044576,-0.114377,-0.020782,-0.035495,1.810117,3.771482,-0.102064,-0.000462,-0.19583,3.954545,0.015741,0.093482,0.106872
272,179.117889,1000.0,0.874182,0.844651,0.0,0.0,0.092871,69631.0,0.134237,0.355996,0.144403,0.283082,-0.032731,0.692667,5.106887,-0.01,-0.6,-0.012,-0.25,-0.36,-1.2,0.500007,-0.055411,-0.000762,0.0,-0.080619,-0.048128,-0.020563,-0.031925,0.852453,-0.04304,-0.118775,-0.02035,-0.034023,1.821587,3.802303,-0.104075,-0.000475,-0.218011,3.375,0.015028,0.097284,0.127856
273,181.408829,1000.0,0.882115,0.859354,0.0,0.0,0.092287,75331.0,0.135854,0.368213,0.146652,0.284717,-0.033039,0.715167,5.113503,-0.01,-0.6,-0.012,-0.25,-0.36,-1.2,0.500007,-0.057526,-0.000995,0.0,-0.082519,-0.047692,-0.020291,-0.032088,0.86472,-0.04433,-0.118412,-0.019953,-0.036968,1.812946,3.793239,-0.104469,-0.000648,-0.216309,4.571429,0.014667,0.090541,0.102426
274,180.275848,1000.0,0.88504,0.845481,0.0,0.0,0.091717,58788.0,0.138843,0.360311,0.145917,0.292756,-0.033839,0.712958,5.116225,-0.01,-0.6,-0.012,-0.25,-0.36,-1.2,0.500007,-0.059542,-0.001643,0.0,-0.083375,-0.047971,-0.020782,-0.03312,0.851643,-0.046485,-0.121713,-0.021662,-0.035692,1.802165,3.778581,-0.107171,-0.000661,-0.240271,4.0,0.012987,0.092201,0.109017
275,179.540207,1000.0,0.876079,0.854961,0.0,0.0,0.091096,70110.0,0.138703,0.361679,0.151712,0.300523,-0.034935,0.743188,5.088433,-0.01,-0.6,-0.012,-0.25,-0.36,-1.2,0.500007,-0.061732,-0.00151,0.0,-0.085606,-0.047586,-0.021276,-0.034226,0.866372,-0.046562,-0.120423,-0.020818,-0.035995,1.79094,3.790232,-0.111479,-0.000677,-0.310129,3.173913,0.013959,0.081592,0.102972
276,178.94342,1000.0,0.866656,0.852539,0.0,0.0,0.090447,71338.0,0.135604,0.351843,0.143081,0.273853,-0.031451,0.678268,5.049812,-0.01,-0.6,-0.012,-0.25,-0.36,-1.2,0.500007,-0.061789,-0.003045,0.0,-0.079443,-0.046099,-0.019347,-0.033036,0.841648,-0.04558,-0.128806,-0.020388,-0.035401,1.808836,3.831958,-0.105818,-0.000772,-0.325277,3.541667,0.017505,0.09026,0.106836
277,177.976288,1000.0,0.881663,0.846114,0.0,0.0,0.089759,71563.0,0.136771,0.363872,0.151721,0.291056,-0.034085,0.726447,5.074619,-0.01,-0.6,-0.012,-0.25,-0.36,-1.2,0.500007,-0.063368,-0.000991,0.0,-0.084776,-0.047188,-0.021043,-0.035477,0.862825,-0.048887,-0.135682,-0.020668,-0.03534,1.801556,3.788617,-0.11327,-0.000723,-0.305544,3.625,0.018675,0.10972,0.116877
278,178.458878,1000.0,0.874912,0.850313,0.0,0.0,0.089246,71213.0,0.135256,0.364281,0.144725,0.287683,-0.033515,0.710628,5.083359,-0.01,-0.6,-0.012,-0.25,-0.36,-1.2,0.500007,-0.064853,-0.000775,0.0,-0.081738,-0.046405,-0.020266,-0.034145,0.86997,-0.048016,-0.13038,-0.019744,-0.034781,1.80985,3.809301,-0.110954,-0.000565,-0.304577,3.478261,0.015471,0.099627,0.115902
279,180.316071,1000.0,0.882242,0.856517,0.0,0.0,0.088807,71254.0,0.135461,0.35246,0.152676,0.290327,-0.03327,0.736274,5.062068,-0.01,-0.6,-0.012,-0.25,-0.36,-1.2,0.500007,-0.066236,-0.000707,0.0,-0.082108,-0.045635,-0.02,-0.034721,0.869824,-0.047814,-0.123647,-0.019106,-0.034296,1.806853,3.837922,-0.112149,-0.0008,-0.229487,4.0,0.012511,0.099537,0.105114
280,179.644196,1000.0,0.888367,0.836771,0.0,0.0,0.088269,60778.0,0.138083,0.364356,0.142843,0.280124,-0.032227,0.692188,5.074333,-0.01,-0.6,-0.012,-0.25,-0.36,-1.2,0.500007,-0.069238,-0.000996,0.0,-0.080876,-0.044615,-0.019863,-0.035166,0.861548,-0.049334,-0.132426,-0.021462,-0.035937,1.8042,3.816678,-0.110776,-0.000497,-0.183707,3.434783,0.015288,0.100473,0.11555
281,180.156387,1000.0,0.878157,0.835373,0.0,0.0,0.087961,76417.0,0.13813,0.358318,0.149411,0.296977,-0.033771,0.741493,5.057662,-0.01,-0.6,-0.012,-0.25,-0.36,-1.2,0.500007,-0.07082,-0.002688,0.0,-0.083416,-0.044911,-0.020054,-0.036167,0.863641,-0.050325,-0.136138,-0.021534,-0.03892,1.807307,3.821464,-0.115472,-0.00065,-0.253688,3.363636,0.017572,0.099311,0.119609
282,182.107681,1000.0,0.87267,0.850905,0.0,0.0,0.087632,72299.0,0.133441,0.352844,0.152919,0.282215,-0.032284,0.721253,5.048457,-0.01,-0.6,-0.012,-0.25,-0.36,-1.2,0.500007,-0.069221,-0.000386,0.0,-0.080044,-0.044069,-0.019155,-0.035444,0.870822,-0.049079,-0.132954,-0.018195,-0.034504,1.817583,3.856465,-0.112797,-0.00062,-0.195262,4.208333,0.01662,0.102333,0.111391
283,181.66423,1000.0,0.896124,0.840053,0.0,0.0,0.087157,73279.0,0.134859,0.350968,0.157813,0.287734,-0.033137,0.740707,5.034017,-0.01,-0.6,-0.012,-0.25,-0.36,-1.2,0.500007,-0.073015,-0.001816,0.0,-0.082223,-0.043783,-0.019016,-0.035254,0.876807,-0.049289,-0.136037,-0.018637,-0.034003,1.812315,3.867469,-0.112513,-0.000988,-0.374646,3.166667,0.014626,0.088054,0.130025
284,179.500916,1000.0,0.879531,0.839525,0.0,0.0,0.086945,75247.0,0.134031,0.349464,0.145105,0.27536,-0.031134,0.700079,5.03842,-0.01,-0.6,-0.012,-0.25,-0.36,-1.2,0.500007,-0.075821,-0.00256,0.0,-0.078664,-0.043111,-0.019209,-0.036463,0.855783,-0.049991,-0.141488,-0.019005,-0.033328,1.816179,3.868824,-0.113645,-0.000715,-0.234575,3.590909,0.011366,0.096189,0.125123
285,180.109039,997.080017,0.864538,0.830918,0.043478,0.0,0.08657,71943.0,0.131942,0.343885,0.155738,0.279425,-0.032039,0.711442,5.026505,-0.01,-0.6,-0.012,-0.25,-0.36,-1.2,0.497883,-0.076099,-6.4e-05,-0.00058,-0.079006,-0.042588,-0.019083,-0.035973,0.869415,-0.049941,-0.139308,-0.017644,-0.031759,1.800115,3.877636,-0.114461,-0.000803,-0.318383,2.478261,0.017658,0.0975,0.144331
286,181.140625,1000.0,0.88011,0.843898,0.0,0.0,0.086448,60414.0,0.129907,0.342461,0.143379,0.286763,-0.032651,0.715521,5.023156,-0.01,-0.6,-0.012,-0.25,-0.36,-1.2,0.500007,-0.079351,-0.000674,0.0,-0.07781,-0.042483,-0.019163,-0.036947,0.851091,-0.049762,-0.125658,-0.018634,-0.034083,1.815986,3.904068,-0.118001,-0.000791,-0.270928,3.913043,0.016665,0.098688,0.127408
287,180.19072,1000.0,0.879725,0.865944,0.0,0.0,0.086055,76721.0,0.135019,0.352491,0.150061,0.292092,-0.031917,0.719993,5.019606,-0.01,-0.6,-0.012,-0.25,-0.36,-1.2,0.500007,-0.081887,-0.003633,0.0,-0.080072,-0.042071,-0.019365,-0.03767,0.867224,-0.051525,-0.141165,-0.019347,-0.035603,1.811968,3.876598,-0.117833,-0.000709,-0.215031,2.954545,0.01416,0.092017,0.101293
288,180.467224,1000.0,0.8744,0.834756,0.0,0.0,0.085639,72608.0,0.133429,0.345865,0.152526,0.284455,-0.033515,0.711115,5.020428,-0.01,-0.6,-0.012,-0.25,-0.36,-1.2,0.500007,-0.080639,-0.000209,0.0,-0.079303,-0.042185,-0.019388,-0.037835,0.86212,-0.053218,-0.141656,-0.020087,-0.03425,1.813953,3.87813,-0.120653,-0.000729,-0.216767,3.541667,0.015826,0.109515,0.128241
289,180.249191,1000.0,0.869002,0.834146,0.0,0.0,0.085335,70764.0,0.13272,0.345855,0.148553,0.292319,-0.033099,0.732582,4.984814,-0.01,-0.6,-0.012,-0.25,-0.36,-1.2,0.500007,-0.085193,-0.001631,0.0,-0.079494,-0.042236,-0.020121,-0.039369,0.858936,-0.053165,-0.144307,-0.019332,-0.033711,1.808684,3.892488,-0.124877,-0.000651,-0.272753,3.208333,0.016125,0.096324,0.12264
290,179.918503,996.109985,0.868536,0.830509,0.045455,0.0,0.08503,76935.0,0.127576,0.337074,0.1441,0.287717,-0.031497,0.721022,4.947306,-0.01,-0.6,-0.012,-0.25,-0.36,-1.2,0.495575,-0.086728,-0.001302,-0.000909,-0.075976,-0.040266,-0.018246,-0.036845,0.855475,-0.0524,-0.127238,-0.017811,-0.035145,1.800848,3.879373,-0.118834,-0.000983,-0.290774,3.545455,0.01594,0.105412,0.120337
291,180.370499,1000.0,0.881164,0.838311,0.0,0.0,0.084683,73405.0,0.133093,0.346343,0.154264,0.296726,-0.03406,0.74293,4.942481,-0.01,-0.6,-0.012,-0.25,-0.36,-1.2,0.500007,-0.086145,-0.000539,0.0,-0.080991,-0.042195,-0.020448,-0.040867,0.870997,-0.054743,-0.153542,-0.019668,-0.03353,1.810954,3.892088,-0.129441,-0.000721,-0.292478,24.0,0.0157,0.078319,0.105356
292,180.963211,1000.0,0.864496,0.835372,0.0,0.0,0.08431,60922.0,0.130556,0.340584,0.154568,0.296472,-0.034197,0.728586,4.951681,-0.01,-0.6,-0.012,-0.25,-0.36,-1.2,0.500007,-0.087352,-9.2e-05,0.0,-0.077599,-0.041347,-0.020273,-0.039818,0.867702,-0.055396,-0.141874,-0.018555,-0.032543,1.813709,3.896987,-0.126631,-0.0008,-0.26351,4.045455,0.015466,0.105258,0.107991
293,182.293442,1000.0,0.885417,0.853457,0.0,0.0,0.084031,71999.0,0.131828,0.340564,0.151297,0.290094,-0.033607,0.718513,4.998975,-0.01,-0.6,-0.012,-0.25,-0.36,-1.2,0.500007,-0.085923,-0.000329,0.0,-0.079624,-0.040726,-0.01965,-0.039989,0.865109,-0.053737,-0.145217,-0.018954,-0.03439,1.812547,3.916735,-0.125489,-0.000706,-0.198602,6.916667,0.013771,0.097353,0.116053
294,181.348526,1000.0,0.878598,0.845179,0.0,0.0,0.083657,73442.0,0.133418,0.342861,0.158383,0.303088,-0.034441,0.755901,4.947605,-0.01,-0.6,-0.012,-0.25,-0.36,-1.2,0.500007,-0.087219,-0.000274,0.0,-0.080787,-0.04077,-0.020243,-0.040239,0.873932,-0.053438,-0.147916,-0.019347,-0.032383,1.809402,3.917118,-0.126322,-0.000861,-0.296443,5.875,0.016575,0.09439,0.113882
295,182.744476,1000.0,0.880153,0.847043,0.0,0.0,0.083187,72724.0,0.127679,0.33697,0.148974,0.28011,-0.031589,0.713536,4.962656,-0.01,-0.6,-0.012,-0.25,-0.36,-1.2,0.500007,-0.0859,-0.000183,0.0,-0.075359,-0.039319,-0.018235,-0.038227,0.867367,-0.051542,-0.140494,-0.017455,-0.03266,1.829673,3.947399,-0.118739,-0.000997,-0.288443,6.958333,0.015187,0.092342,0.119013
296,181.255127,1000.0,0.876171,0.86223,0.0,0.0,0.082921,71493.0,0.129079,0.334198,0.149359,0.292,-0.032507,0.729625,4.985113,-0.01,-0.6,-0.012,-0.25,-0.36,-1.2,0.500007,-0.086857,-0.000806,0.0,-0.077039,-0.039543,-0.019306,-0.03931,0.86392,-0.052941,-0.139353,-0.018484,-0.033194,1.816709,3.932341,-0.122743,-0.0008,-0.266163,7.166667,0.015803,0.09083,0.119878
297,182.333023,1000.0,0.872652,0.846135,0.0,0.0,0.082594,71575.0,0.128728,0.33545,0.148066,0.281841,-0.031986,0.710693,4.966062,-0.01,-0.6,-0.012,-0.25,-0.36,-1.2,0.500007,-0.085254,-0.000625,0.0,-0.075489,-0.039163,-0.019143,-0.039172,0.860159,-0.051959,-0.145745,-0.018289,-0.031541,1.824803,3.947148,-0.120711,-0.000701,-0.242659,7.458333,0.014478,0.094665,0.105883
298,179.98674,997.049988,0.870398,0.84331,0.041667,0.0,0.082456,57669.0,0.131647,0.330444,0.159261,0.294187,-0.033613,0.734088,4.947546,-0.01,-0.6,-0.012,-0.25,-0.36,-1.2,0.499126,-0.083076,-0.000543,-0.000238,-0.078001,-0.039761,-0.019783,-0.039768,0.861536,-0.052891,-0.153448,-0.017959,-0.031008,1.807326,3.933457,-0.124524,-0.000774,-0.252145,6.25,0.015298,0.10305,0.109234
299,181.896393,1000.0,0.87225,0.839289,0.0,0.0,0.081919,71519.0,0.127998,0.336193,0.144939,0.285074,-0.031789,0.727239,4.96033,-0.01,-0.6,-0.012,-0.25,-0.36,-1.2,0.500007,-0.088052,-0.000835,0.0,-0.076201,-0.038256,-0.018471,-0.03834,0.866746,-0.050961,-0.131474,-0.018399,-0.034385,1.823906,3.955877,-0.117975,-0.000942,-0.306305,6.291667,0.015904,0.091263,0.116036
300,182.694717,1000.0,0.8644,0.841978,0.0,0.0,0.081497,66845.0,0.128728,0.33521,0.157815,0.293439,-0.032463,0.754587,4.931277,-0.01,-0.6,-0.012,-0.25,-0.36,-1.2,0.500007,-0.084186,-0.0001,0.0,-0.076386,-0.038375,-0.018613,-0.0386,0.873399,-0.050356,-0.14341,-0.018067,-0.032825,1.823259,3.963047,-0.119283,-0.00083,-0.26716,6.041667,0.016541,0.103645,0.103215
301,183.73143,1000.0,0.866314,0.85045,0.0,0.0,0.081095,66923.0,0.128532,0.329632,0.15459,0.277764,-0.031617,0.707744,4.935354,-0.01,-0.6,-0.012,-0.25,-0.36,-1.2,0.500007,-0.083958,-0.000656,0.0,-0.073061,-0.037616,-0.018274,-0.037515,0.861137,-0.050044,-0.141487,-0.016646,-0.030256,1.820392,3.977273,-0.115737,-0.000645,-0.230681,5.541667,0.013849,0.103169,0.107265
302,181.530548,1000.0,0.8805,0.839057,0.0,0.0,0.080848,68328.0,0.13405,0.32608,0.156731,0.283384,-0.0323,0.724071,4.957086,-0.01,-0.6,-0.012,-0.25,-0.36,-1.2,0.500007,-0.083351,-0.000762,0.0,-0.076635,-0.038078,-0.018988,-0.038911,0.869606,-0.052348,-0.147756,-0.017662,-0.031916,1.79246,3.95731,-0.117663,-0.00085,-0.300726,5.25,0.017509,0.108924,0.11831
303,182.907364,1000.0,0.880076,0.839234,0.0,0.0,0.080649,68780.0,0.130428,0.329369,0.156327,0.295143,-0.033414,0.735558,4.960968,-0.01,-0.6,-0.012,-0.25,-0.36,-1.2,0.500007,-0.084303,-0.000425,0.0,-0.076509,-0.037788,-0.019259,-0.038663,0.867806,-0.050598,-0.14564,-0.017749,-0.031547,1.807131,3.970378,-0.119898,-0.00075,-0.22324,5.708333,0.014981,0.09569,0.133618
304,183.206299,1000.0,0.87555,0.849276,0.0,0.0,0.080391,54941.0,0.12937,0.329906,0.155196,0.284501,-0.031922,0.72186,4.91261,-0.01,-0.6,-0.012,-0.25,-0.36,-1.2,0.500007,-0.084309,-0.000347,0.0,-0.074617,-0.03691,-0.018605,-0.037162,0.865347,-0.050607,-0.142047,-0.018152,-0.031176,1.814702,3.974136,-0.113969,-0.000666,-0.290465,5.583333,0.01337,0.088319,0.120111
305,183.10614,1000.0,0.879835,0.850947,0.0,0.0,0.079929,66986.0,0.131714,0.332447,0.161178,0.291368,-0.033026,0.733309,4.898211,-0.01,-0.6,-0.012,-0.25,-0.36,-1.2,0.500007,-0.082567,-0.000286,0.0,-0.077718,-0.037332,-0.019139,-0.038929,0.873804,-0.050501,-0.152575,-0.017258,-0.031554,1.811091,3.969889,-0.117324,-0.000677,-0.241834,5.75,0.01583,0.090986,0.114058
306,185.398529,1000.0,0.866858,0.83874,0.0,0.0,0.079676,68026.0,0.126367,0.323623,0.157506,0.285548,-0.031586,0.724902,4.90495,-0.01,-0.6,-0.012,-0.25,-0.36,-1.2,0.500007,-0.08356,-0.000922,0.0,-0.074717,-0.036887,-0.018917,-0.038843,0.867106,-0.049069,-0.142467,-0.01586,-0.029776,1.825266,3.998232,-0.11661,-0.000677,-0.179354,5.833333,0.014751,0.103368,0.118983
307,183.407837,1000.0,0.878987,0.851029,0.0,0.0,0.079405,68401.0,0.126376,0.32867,0.1508,0.282053,-0.032352,0.715063,4.943956,-0.01,-0.6,-0.012,-0.25,-0.36,-1.2,0.500007,-0.085135,-0.000565,0.0,-0.075646,-0.036581,-0.018692,-0.038226,0.864106,-0.04842,-0.137466,-0.017737,-0.031472,1.823942,3.99753,-0.115008,-0.000673,-0.273938,5.041667,0.015341,0.093427,0.096553
308,181.091644,982.570007,0.861009,0.823224,0.083333,0.0,0.079171,67683.0,0.125764,0.321265,0.152924,0.272266,-0.030856,0.692305,4.919432,-0.01,-0.6,-0.012,-0.25,-0.36,-1.2,0.492211,-0.08194,-0.000974,-0.000694,-0.070032,-0.035469,-0.017722,-0.036197,0.843617,-0.047432,-0.134918,-0.015899,-0.027731,1.791102,3.950078,-0.110749,-0.000691,-0.194489,4.75,0.015046,0.101549,0.123183
309,182.896088,1000.0,0.869438,0.833899,0.0,0.0,0.078739,68550.0,0.127223,0.326068,0.152098,0.288067,-0.033064,0.730875,4.912128,-0.01,-0.6,-0.012,-0.25,-0.36,-1.2,0.500007,-0.085727,-0.000721,0.0,-0.076373,-0.036239,-0.018803,-0.038032,0.864041,-0.048152,-0.130609,-0.018,-0.033644,1.812905,4.005543,-0.1165,-0.000687,-0.309301,5.625,0.014567,0.102347,0.116661
310,185.31839,1000.0,0.864832,0.849927,0.0,0.0,0.078494,51371.0,0.126833,0.324786,0.154805,0.281765,-0.032563,0.717317,4.910372,-0.01,-0.6,-0.012,-0.25,-0.36,-1.2,0.500007,-0.085706,-0.000126,0.0,-0.074743,-0.035382,-0.017885,-0.037146,0.874756,-0.048221,-0.128067,-0.01747,-0.034203,1.820176,4.004449,-0.11222,-0.000518,-0.221309,4.208333,0.016897,0.089486,0.119245
311,185.013489,1000.0,0.868555,0.849343,0.0,0.0,0.078318,72451.0,0.126735,0.326916,0.152683,0.283298,-0.031709,0.730094,4.888212,-0.01,-0.6,-0.012,-0.25,-0.36,-1.2,0.500007,-0.085701,-0.000224,0.0,-0.073454,-0.034953,-0.017484,-0.037106,0.869964,-0.047105,-0.132013,-0.01622,-0.032057,1.820496,4.017008,-0.110784,-0.000835,-0.229315,4.5,0.016179,0.097165,0.116315
312,184.630173,1000.0,0.882248,0.859996,0.0,0.0,0.078248,73922.0,0.12703,0.325689,0.153937,0.295144,-0.033117,0.743379,4.902208,-0.01,-0.6,-0.012,-0.25,-0.36,-1.2,0.500007,-0.085169,-0.000345,0.0,-0.076986,-0.035784,-0.019033,-0.038839,0.87086,-0.049356,-0.140076,-0.017104,-0.032551,1.813187,3.993073,-0.116796,-0.000628,-0.213148,4.304348,0.013978,0.089412,0.121847
313,185.347473,1000.0,0.875466,0.829078,0.0,0.0,0.07809,69285.0,0.12407,0.321462,0.151772,0.276334,-0.030819,0.720171,4.908715,-0.01,-0.6,-0.012,-0.25,-0.36,-1.2,0.500007,-0.084351,-0.000179,0.0,-0.070326,-0.034184,-0.01713,-0.035923,0.866678,-0.045148,-0.126803,-0.014885,-0.028963,1.832874,4.049609,-0.1084,-0.000613,-0.199909,4.090909,0.016711,0.096672,0.105836
314,183.900452,1000.0,0.86772,0.837916,0.0,0.0,0.077738,64003.0,0.121283,0.318761,0.145521,0.282402,-0.030673,0.721356,4.939222,-0.01,-0.6,-0.012,-0.25,-0.36,-1.2,0.500007,-0.087471,-0.000287,0.0,-0.070993,-0.034197,-0.017675,-0.036126,0.866099,-0.045647,-0.120854,-0.016093,-0.030478,1.832855,4.046591,-0.110477,-0.000687,-0.313311,3.5,0.016442,0.10525,0.110619
315,183.113983,1000.0,0.891579,0.834725,0.0,0.0,0.077354,52635.0,0.11947,0.316222,0.138572,0.260928,-0.029047,0.675589,4.888309,-0.01,-0.6,-0.012,-0.25,-0.36,-1.2,0.500007,-0.085666,-0.000483,0.0,-0.066462,-0.033121,-0.016363,-0.034958,0.860494,-0.0438,-0.120716,-0.015247,-0.030057,1.842119,4.070354,-0.103094,-0.000854,-0.527331,4.285714,0.012899,0.080585,0.131205
316,184.441269,1000.0,0.886421,0.830774,0.0,0.0,0.077245,62340.0,0.125654,0.310057,0.146789,0.273945,-0.029844,0.697049,4.856839,-0.01,-0.6,-0.012,-0.25,-0.36,-1.2,0.500007,-0.085418,-0.001251,0.0,-0.069641,-0.032926,-0.017082,-0.035824,0.866432,-0.045275,-0.126745,-0.01746,-0.030447,1.816704,4.058931,-0.104673,-0.000713,-0.257554,3.956522,0.013693,0.089543,0.112439
317,185.68718,1000.0,0.869704,0.858708,0.0,0.0,0.076862,66031.0,0.121935,0.313801,0.158764,0.287713,-0.031751,0.730518,4.897634,-0.01,-0.6,-0.012,-0.25,-0.36,-1.2,0.500007,-0.083985,-0.0008,0.0,-0.072771,-0.033709,-0.018614,-0.036987,0.867227,-0.043815,-0.126807,-0.016335,-0.027947,1.827209,4.069164,-0.112121,-0.000682,-0.302023,3.391304,0.013948,0.090798,0.110298
318,185.257599,1000.0,0.873425,0.839142,0.0,0.0,0.076496,66573.0,0.123117,0.311028,0.156536,0.276124,-0.030654,0.71788,4.910974,-0.01,-0.6,-0.012,-0.25,-0.36,-1.2,0.500007,-0.081416,-0.000418,0.0,-0.070261,-0.033275,-0.017278,-0.036512,0.87043,-0.045026,-0.133601,-0.015264,-0.028203,1.827986,4.063353,-0.106356,-0.000698,-0.285778,3.583333,0.018186,0.098825,0.124313
319,185.643097,1000.0,0.880404,0.834826,0.0,0.0,0.076249,67400.0,0.125279,0.314916,0.162572,0.285713,-0.031961,0.740274,4.895681,-0.01,-0.6,-0.012,-0.25,-0.36,-1.2,0.500007,-0.081159,-0.000197,0.0,-0.072902,-0.033221,-0.017546,-0.035958,0.878711,-0.044956,-0.143547,-0.016609,-0.030385,1.833507,4.054437,-0.10722,-0.000725,-0.31028,3.875,0.016583,0.098074,0.103581
320,186.348175,1000.0,0.882495,0.841869,0.0,0.0,0.076088,51769.0,0.125485,0.306861,0.157243,0.285802,-0.031152,0.732971,4.915286,-0.01,-0.6,-0.012,-0.25,-0.36,-1.2,0.500007,-0.084288,-0.001109,0.0,-0.075026,-0.032675,-0.017556,-0.037013,0.872047,-0.044932,-0.135265,-0.015562,-0.031078,1.821075,4.065409,-0.105538,-0.000726,-0.234845,2.869565,0.0156,0.091363,0.100053
321,185.143692,1000.0,0.868753,0.848377,0.0,0.0,0.07572,61294.0,0.123478,0.31063,0.158266,0.284659,-0.031015,0.723659,4.885017,-0.01,-0.6,-0.012,-0.25,-0.36,-1.2,0.500007,-0.082727,-7.6e-05,0.0,-0.069987,-0.032726,-0.017308,-0.03589,0.870812,-0.044096,-0.124804,-0.016292,-0.028901,1.822528,4.069484,-0.107046,-0.000605,-0.261258,4.272727,0.015608,0.091692,0.099533
322,186.810959,1000.0,0.889931,0.855862,0.0,0.0,0.075374,63752.0,0.123045,0.313097,0.1615,0.282271,-0.031624,0.72527,4.879727,-0.01,-0.6,-0.012,-0.25,-0.36,-1.2,0.500007,-0.082876,-0.000155,0.0,-0.071501,-0.032675,-0.01715,-0.035403,0.882261,-0.044445,-0.12615,-0.016059,-0.028771,1.823223,4.066804,-0.106925,-0.000728,-0.185643,3.272727,0.012219,0.070021,0.118097
323,185.74884,1000.0,0.877609,0.838826,0.0,0.0,0.075249,66382.0,0.12165,0.3032,0.149617,0.268761,-0.029139,0.689591,4.869494,-0.01,-0.6,-0.012,-0.25,-0.36,-1.2,0.500007,-0.081747,-0.000399,0.0,-0.067685,-0.031789,-0.016768,-0.035677,0.858203,-0.043328,-0.127538,-0.014994,-0.028499,1.831241,4.094244,-0.10272,-0.000542,-0.239782,3.375,0.014671,0.088173,0.134632
324,184.207565,1000.0,0.872571,0.838534,0.0,0.0,0.075062,59377.0,0.126016,0.309027,0.159848,0.281277,-0.030942,0.715309,4.859089,-0.01,-0.6,-0.012,-0.25,-0.36,-1.2,0.500007,-0.08321,-0.001916,0.0,-0.071697,-0.032407,-0.01768,-0.03633,0.86749,-0.044805,-0.134261,-0.016652,-0.03095,1.81222,4.070842,-0.105047,-0.000947,-0.262696,4.25,0.015405,0.08934,0.121085
325,186.262527,1000.0,0.878984,0.846537,0.0,0.0,0.074912,62743.0,0.127401,0.308233,0.160048,0.290401,-0.03158,0.727341,4.872885,-0.01,-0.6,-0.012,-0.25,-0.36,-1.2,0.500007,-0.082292,-9.3e-05,0.0,-0.072569,-0.032147,-0.017602,-0.036191,0.878006,-0.044883,-0.130681,-0.016996,-0.031642,1.806004,4.068234,-0.105679,-0.000669,-0.313826,3.391304,0.015341,0.096798,0.113849
326,186.894989,1000.0,0.8749,0.842018,0.0,0.0,0.074844,53848.0,0.121711,0.304072,0.160581,0.288022,-0.031567,0.736174,4.874341,-0.01,-0.6,-0.012,-0.25,-0.36,-1.2,0.500007,-0.084837,-0.000101,0.0,-0.071418,-0.031816,-0.017678,-0.035944,0.871698,-0.043972,-0.125291,-0.01582,-0.027576,1.827302,4.085522,-0.106208,-0.000641,-0.29551,3.086957,0.014499,0.097311,0.07885
327,186.263733,1000.0,0.865185,0.828444,0.0,0.0,0.074701,67823.0,0.12142,0.308002,0.165778,0.293469,-0.031694,0.75511,4.863688,-0.01,-0.6,-0.012,-0.25,-0.36,-1.2,0.500007,-0.080899,-8.8e-05,0.0,-0.072056,-0.032121,-0.017538,-0.035925,0.877397,-0.044069,-0.142984,-0.015264,-0.0293,1.830255,4.081259,-0.105639,-0.000877,-0.345363,2.869565,0.014696,0.081354,0.122164
328,186.84523,1000.0,0.876158,0.850115,0.0,0.0,0.07445,67791.0,0.121677,0.299681,0.158809,0.287385,-0.031069,0.711239,4.833674,-0.01,-0.6,-0.012,-0.25,-0.36,-1.2,0.500007,-0.082588,-8.1e-05,0.0,-0.070545,-0.031413,-0.017212,-0.034896,0.865336,-0.04236,-0.130692,-0.014427,-0.030173,1.823585,4.105344,-0.103002,-0.000621,-0.204636,3.391304,0.016488,0.108537,0.118609
329,187.113861,999.950012,0.877496,0.831868,0.045455,0.0,0.074013,60540.0,0.125199,0.299086,0.164795,0.289585,-0.031428,0.756514,4.829515,-0.01,-0.6,-0.012,-0.25,-0.36,-1.2,0.499987,-0.080822,-0.000156,-0.00026,-0.072108,-0.031059,-0.016603,-0.035276,0.886801,-0.042372,-0.134741,-0.016204,-0.031793,1.819514,4.115952,-0.102286,-0.001198,-0.262729,3.409091,0.015056,0.100745,0.148143
330,186.615799,1000.0,0.881182,0.839115,0.0,0.0,0.073862,55750.0,0.116662,0.301917,0.149016,0.264157,-0.028868,0.691525,4.87957,-0.01,-0.6,-0.012,-0.25,-0.36,-1.2,0.500007,-0.081735,-9.2e-05,0.0,-0.064725,-0.030254,-0.015869,-0.033688,0.865803,-0.040835,-0.119255,-0.015103,-0.02715,1.837363,4.13026,-0.098615,-0.000477,-0.246342,3.5,0.015619,0.094494,0.114484
331,186.349442,1000.0,0.872201,0.841088,0.0,0.0,0.073842,47983.0,0.123818,0.307656,0.159095,0.289451,-0.032315,0.746671,4.889114,-0.01,-0.6,-0.012,-0.25,-0.36,-1.2,0.500007,-0.084685,-7e-05,0.0,-0.072593,-0.031229,-0.017786,-0.036232,0.877717,-0.043798,-0.12508,-0.016723,-0.031092,1.823502,4.083862,-0.104659,-0.000715,-0.302084,3.130435,0.016841,0.096096,0.126479
332,186.182938,1000.0,0.865253,0.828786,0.0,0.0,0.073641,67897.0,0.122226,0.30469,0.161641,0.284729,-0.031578,0.725569,4.868487,-0.01,-0.6,-0.012,-0.25,-0.36,-1.2,0.500007,-0.080957,-3.7e-05,0.0,-0.068371,-0.031171,-0.017374,-0.035604,0.86894,-0.042933,-0.126125,-0.015286,-0.0271,1.827332,4.103311,-0.104762,-0.000627,-0.306995,3.818182,0.017042,0.115529,0.130047
333,187.02623,1000.0,0.87414,0.854454,0.0,0.0,0.0734,65718.0,0.119244,0.302669,0.159461,0.274169,-0.030087,0.705321,4.832817,-0.01,-0.6,-0.012,-0.25,-0.36,-1.2,0.500007,-0.081067,-5.3e-05,0.0,-0.069054,-0.030023,-0.016086,-0.034494,0.869479,-0.041401,-0.125369,-0.014562,-0.030562,1.83604,4.119979,-0.098057,-0.000605,-0.241274,24.545456,0.014872,0.101806,0.114298
334,187.29361,1000.0,0.867073,0.837887,0.0,0.0,0.073115,63353.0,0.121124,0.298775,0.161234,0.284612,-0.030781,0.746993,4.832061,-0.01,-0.6,-0.012,-0.25,-0.36,-1.2,0.500007,-0.082986,-0.000378,0.0,-0.069763,-0.029826,-0.016412,-0.034668,0.880894,-0.042031,-0.124052,-0.015055,-0.029534,1.837067,4.117971,-0.09848,-0.00078,-0.280288,4.916667,0.016375,0.098209,0.118886
335,187.157898,1000.0,0.885589,0.836211,0.0,0.0,0.073014,55116.0,0.120879,0.303075,0.15141,0.277786,-0.030101,0.707346,4.830089,-0.01,-0.6,-0.012,-0.25,-0.36,-1.2,0.500007,-0.083156,-0.000267,0.0,-0.067794,-0.029908,-0.01652,-0.034554,0.869592,-0.040682,-0.121229,-0.015254,-0.029505,1.829041,4.128201,-0.099402,-0.000645,-0.239155,6.625,0.013942,0.091455,0.117838
336,187.529144,1000.0,0.875855,0.839096,0.0,0.0,0.072837,46099.0,0.119623,0.297138,0.156632,0.279753,-0.029845,0.724502,4.823371,-0.01,-0.6,-0.012,-0.25,-0.36,-1.2,0.500007,-0.084337,-0.000277,0.0,-0.067657,-0.029373,-0.016325,-0.033825,0.873211,-0.039877,-0.119551,-0.015512,-0.028958,1.833173,4.144809,-0.097889,-0.000655,-0.231745,6.458333,0.015548,0.090659,0.110484
337,187.598206,1000.0,0.88589,0.848331,0.0,0.0,0.072655,57218.0,0.119444,0.296764,0.150737,0.277483,-0.030161,0.702526,4.832893,-0.01,-0.6,-0.012,-0.25,-0.36,-1.2,0.500007,-0.083759,-0.000132,0.0,-0.067071,-0.029767,-0.016706,-0.034819,0.865298,-0.040599,-0.117276,-0.015426,-0.028035,1.824394,4.138942,-0.100653,-0.000633,-0.318261,7.166667,0.01348,0.089335,0.102195
338,189.75,1000.0,0.878261,0.838075,0.0,0.0,0.07244,63925.0,0.119774,0.296597,0.153787,0.284197,-0.030218,0.723039,4.814244,-0.01,-0.6,-0.012,-0.25,-0.36,-1.2,0.500007,-0.084163,-0.000499,0.0,-0.067879,-0.029471,-0.016508,-0.034444,0.86843,-0.040019,-0.11696,-0.014961,-0.02994,1.829207,4.142576,-0.099502,-0.000624,-0.17347,7.208333,0.015805,0.114464,0.121699
339,187.427948,1000.0,0.873909,0.842848,0.0,0.0,0.072365,61350.0,0.122618,0.299088,0.159036,0.29359,-0.031537,0.756492,4.810747,-0.01,-0.6,-0.012,-0.25,-0.36,-1.2,0.500007,-0.084412,-8e-05,0.0,-0.071089,-0.029884,-0.017223,-0.035604,0.876973,-0.041135,-0.124381,-0.015805,-0.03094,1.821404,4.1255,-0.102074,-0.000507,-0.263413,6.625,0.015558,0.093434,0.126811
340,187.561249,1000.0,0.883416,0.850343,0.0,0.0,0.072303,59417.0,0.1208,0.29793,0.159148,0.291558,-0.031349,0.748483,4.818695,-0.01,-0.6,-0.012,-0.25,-0.36,-1.2,0.500007,-0.084964,-9.6e-05,0.0,-0.070223,-0.029358,-0.016833,-0.034758,0.874602,-0.040082,-0.115785,-0.015689,-0.029348,1.828035,4.141548,-0.101334,-0.000633,-0.272698,7.0,0.014182,0.100575,0.116475
341,189.003616,1000.0,0.882087,0.83718,0.0,0.0,0.072103,46503.0,0.116585,0.289225,0.157211,0.273027,-0.029605,0.71831,4.791433,-0.01,-0.6,-0.012,-0.25,-0.36,-1.2,0.500007,-0.080277,-3.1e-05,0.0,-0.066121,-0.028621,-0.015869,-0.033542,0.873664,-0.038537,-0.122408,-0.013629,-0.026633,1.837916,4.172523,-0.095931,-0.000568,-0.23116,6.041667,0.015728,0.09711,0.121771
342,190.063736,1000.0,0.877323,0.830265,0.0,0.0,0.071961,65442.0,0.121355,0.297742,0.15894,0.298619,-0.031821,0.754349,4.84965,-0.01,-0.6,-0.012,-0.25,-0.36,-1.2,0.500007,-0.085571,-0.000145,0.0,-0.07068,-0.029429,-0.017054,-0.035345,0.876013,-0.040722,-0.11702,-0.016206,-0.029927,1.822739,4.139266,-0.10338,-0.000564,-0.242945,5.75,0.014724,0.098682,0.126316
343,185.934311,998.02002,0.873889,0.836285,0.041667,0.0,0.071748,64576.0,0.122615,0.301873,0.163274,0.295031,-0.032382,0.751145,4.819731,-0.01,-0.6,-0.012,-0.25,-0.36,-1.2,0.499414,-0.082173,-0.000395,-0.000238,-0.071731,-0.029525,-0.018088,-0.036391,0.877989,-0.042174,-0.13396,-0.016442,-0.030299,1.823863,4.107968,-0.102498,-0.000573,-0.274763,5.0,0.017714,0.089132,0.129679
344,189.534454,1000.0,0.870182,0.845334,0.0,0.0,0.071573,63167.0,0.120012,0.29707,0.156947,0.282925,-0.030356,0.730444,4.818424,-0.01,-0.6,-0.012,-0.25,-0.36,-1.2,0.500007,-0.083333,-0.000136,0.0,-0.06795,-0.028467,-0.016189,-0.033955,0.875905,-0.039371,-0.113639,-0.015056,-0.029521,1.831244,4.155309,-0.097979,-0.000617,-0.209982,5.833333,0.016287,0.110519,0.131336
345,189.312897,1000.0,0.88437,0.833853,0.0,0.0,0.071566,59793.0,0.119628,0.29644,0.154216,0.277819,-0.030391,0.720648,4.822903,-0.01,-0.6,-0.012,-0.25,-0.36,-1.2,0.500007,-0.083311,-0.000509,0.0,-0.067669,-0.028511,-0.01617,-0.034027,0.869207,-0.039941,-0.118964,-0.015299,-0.029759,1.835119,4.145701,-0.096665,-0.000424,-0.224266,5.666667,0.014239,0.092766,0.106675
346,187.24437,1000.0,0.881593,0.839283,0.0,0.0,0.071219,47746.0,0.119539,0.295325,0.15951,0.285181,-0.031003,0.748349,4.815618,-0.01,-0.6,-0.012,-0.25,-0.36,-1.2,0.500007,-0.08335,-0.000142,0.0,-0.069692,-0.028532,-0.016783,-0.034901,0.879473,-0.039908,-0.126434,-0.016095,-0.029776,1.833399,4.147489,-0.098723,-0.00068,-0.286838,5.333333,0.015829,0.09219,0.119203
347,188.788971,1000.0,0.869106,0.845387,0.0,0.0,0.071181,66957.0,0.119988,0.290947,0.161403,0.286367,-0.030746,0.724264,4.810419,-0.01,-0.6,-0.012,-0.25,-0.36,-1.2,0.500007,-0.080986,-0.000213,0.0,-0.068095,-0.028393,-0.016699,-0.034276,0.872164,-0.039326,-0.124303,-0.014464,-0.028275,1.831027,4.161095,-0.098102,-0.000616,-0.250228,6.375,0.016646,0.095742,0.120428
348,188.889587,1000.0,0.870905,0.827266,0.0,0.0,0.071082,67017.0,0.118411,0.29312,0.153749,0.288514,-0.030333,0.736474,4.846286,-0.01,-0.6,-0.012,-0.25,-0.36,-1.2,0.500007,-0.08477,-0.000655,0.0,-0.067616,-0.02823,-0.016721,-0.034317,0.87408,-0.039256,-0.116879,-0.015504,-0.029197,1.831548,4.160303,-0.098371,-0.000596,-0.259047,5.416667,0.015491,0.104128,0.113047
349,189.341263,1000.0,0.873765,0.840963,0.0,0.0,0.070882,63109.0,0.119395,0.291325,0.160065,0.29431,-0.031146,0.747659,4.834312,-0.01,-0.6,-0.012,-0.25,-0.36,-1.2,0.500007,-0.081887,-0.000172,0.0,-0.068916,-0.028459,-0.017061,-0.035363,0.874566,-0.039488,-0.119364,-0.015107,-0.027681,1.829699,4.158168,-0.100414,-0.0006,-0.225463,5.0,0.0151,0.098238,0.125913
350,187.798004,1000.0,0.866079,0.825284,0.0,0.0,0.070725,65281.0,0.119789,0.29219,0.167682,0.291754,-0.031234,0.75948,4.83976,-0.01,-0.6,-0.012,-0.25,-0.36,-1.2,0.500007,-0.083007,-6e-05,0.0,-0.068603,-0.028139,-0.017001,-0.034925,0.886071,-0.040479,-0.123272,-0.015488,-0.027636,1.829925,4.145324,-0.097649,-0.000614,-0.326002,5.166667,0.016834,0.098254,0.122402
351,189.038635,1000.0,0.877812,0.832449,0.0,0.0,0.070521,50229.0,0.116423,0.288533,0.154428,0.275055,-0.029601,0.710773,4.873423,-0.01,-0.6,-0.012,-0.25,-0.36,-1.2,0.500007,-0.081439,-2.9e-05,0.0,-0.066675,-0.027783,-0.016147,-0.03407,0.873145,-0.038463,-0.120978,-0.014602,-0.027763,1.841261,4.177542,-0.096308,-0.000543,-0.246335,4.791667,0.016458,0.099642,0.111835
352,188.832138,1000.0,0.892988,0.844817,0.0,0.0,0.070481,65040.0,0.119575,0.287168,0.158539,0.281575,-0.030516,0.734374,4.828876,-0.01,-0.6,-0.012,-0.25,-0.36,-1.2,0.500007,-0.081762,-0.000201,0.0,-0.066642,-0.027506,-0.016341,-0.033329,0.881394,-0.03853,-0.119111,-0.014888,-0.028607,1.828153,4.172812,-0.095056,-0.000638,-0.280217,4.583333,0.014719,0.107035,0.121387
353,189.894867,1000.0,0.88594,0.856822,0.0,0.0,0.070305,68560.0,0.117001,0.285633,0.166629,0.281622,-0.029875,0.746645,4.859853,-0.01,-0.6,-0.012,-0.25,-0.36,-1.2,0.500007,-0.080111,-2.1e-05,0.0,-0.066804,-0.027585,-0.015941,-0.033292,0.879123,-0.038032,-0.117043,-0.014561,-0.028079,1.837777,4.182547,-0.094398,-0.0008,-0.364404,4.458333,0.01622,0.082275,0.110642
354,189.135422,1000.0,0.873304,0.8369,0.0,0.0,0.070121,72739.0,0.120537,0.300808,0.161167,0.305337,-0.032299,0.768414,4.882987,-0.01,-0.6,-0.012,-0.25,-0.36,-1.2,0.500007,-0.084686,-0.000125,0.0,-0.072303,-0.028367,-0.017468,-0.035832,0.88284,-0.039382,-0.120263,-0.016148,-0.032612,1.826713,4.145349,-0.101025,-0.000528,-0.258999,3.857143,0.014706,0.068484,0.123278
355,189.159653,1000.0,0.884919,0.83661,0.0,0.0,0.069933,61811.0,0.116343,0.282008,0.152693,0.279636,-0.029564,0.712175,4.865067,-0.01,-0.6,-0.012,-0.25,-0.36,-1.2,0.500007,-0.083076,-0.000173,0.0,-0.066148,-0.026554,-0.015397,-0.032966,0.872377,-0.036826,-0.109449,-0.014354,-0.02952,1.842459,4.200625,-0.091895,-0.000582,-0.309376,4.041667,0.015268,0.095108,0.107602
356,189.921982,1000.0,0.863413,0.827553,0.0,0.0,0.069855,65402.0,0.119976,0.289211,0.157211,0.28746,-0.030767,0.745153,4.855262,-0.01,-0.6,-0.012,-0.25,-0.36,-1.2,0.500007,-0.083873,-0.000132,0.0,-0.069038,-0.027655,-0.017101,-0.034701,0.884092,-0.038351,-0.121302,-0.015564,-0.030038,1.827823,4.178967,-0.098174,-0.000633,-0.175833,3.818182,0.014331,0.116591,0.107726
357,190.911133,1000.0,0.881176,0.843341,0.0,0.0,0.069765,55258.0,0.112675,0.28524,0.147179,0.263015,-0.028002,0.691967,4.854961,-0.01,-0.6,-0.012,-0.25,-0.36,-1.2,0.500007,-0.081141,-0.000105,0.0,-0.062386,-0.026518,-0.01487,-0.032123,0.870231,-0.036249,-0.10477,-0.013121,-0.028401,1.847666,4.213037,-0.090064,-0.000576,-0.239147,4.15,0.014515,0.087675,0.10661
358,189.744263,1000.0,0.846409,0.84169,0.0,0.0,0.069563,67295.0,0.114938,0.293193,0.155259,0.277902,-0.029286,0.725586,4.866341,-0.01,-0.6,-0.012,-0.25,-0.36,-1.2,0.500007,-0.084072,-0.000184,0.0,-0.065899,-0.02687,-0.015503,-0.03272,0.878088,-0.037114,-0.109351,-0.013846,-0.030726,1.845471,4.185422,-0.092705,-0.000608,-0.242498,3.833333,0.015628,0.096473,0.094816
359,188.393631,1000.0,0.868432,0.83768,0.0,0.0,0.069244,68908.0,0.118954,0.286365,0.160243,0.286551,-0.030506,0.735807,4.847762,-0.01,-0.6,-0.012,-0.25,-0.36,-1.2,0.500007,-0.081276,-4.6e-05,0.0,-0.067137,-0.027134,-0.016148,-0.03405,0.882094,-0.038324,-0.117407,-0.014273,-0.02791,1.828496,4.180361,-0.095157,-0.000585,-0.369798,3.26087,0.016747,0.093705,0.10793
360,188.829742,1000.0,0.87471,0.833627,0.0,0.0,0.069223,68808.0,0.117521,0.288424,0.156083,0.279803,-0.029923,0.715567,4.833431,-0.01,-0.6,-0.012,-0.25,-0.36,-1.2,0.500007,-0.081862,-7.1e-05,0.0,-0.065804,-0.02688,-0.016148,-0.033319,0.870783,-0.037914,-0.114832,-0.015084,-0.028886,1.834796,4.18753,-0.093535,-0.00056,-0.24469,3.583333,0.016428,0.097588,0.092516
361,192.048401,1000.0,0.861749,0.841754,0.0,0.0,0.068998,63721.0,0.11655,0.283732,0.160533,0.282476,-0.02993,0.728752,4.846389,-0.01,-0.6,-0.012,-0.25,-0.36,-1.2,0.500007,-0.082717,-7.3e-05,0.0,-0.064058,-0.026777,-0.01579,-0.033008,0.876145,-0.035794,-0.109525,-0.013556,-0.026272,1.834872,4.219125,-0.095567,-0.000449,-0.214888,3.826087,0.015976,0.106197,0.130417
362,187.538834,1000.0,0.889354,0.834125,0.0,0.0,0.068867,50253.0,0.114392,0.285581,0.160559,0.274707,-0.028444,0.740978,4.85972,-0.01,-0.6,-0.012,-0.25,-0.36,-1.2,0.500007,-0.080861,-9.1e-05,0.0,-0.063695,-0.026046,-0.01505,-0.031858,0.884856,-0.035409,-0.115024,-0.013879,-0.026934,1.848893,4.221015,-0.088344,-0.000781,-0.425333,3.5,0.015803,0.115789,0.117369
363,189.793015,1000.0,0.860943,0.844145,0.0,0.0,0.068737,65569.0,0.117009,0.287178,0.160299,0.293227,-0.03078,0.761852,4.83671,-0.01,-0.6,-0.012,-0.25,-0.36,-1.2,0.500007,-0.085658,-0.000143,0.0,-0.069589,-0.026385,-0.016183,-0.033426,0.889245,-0.037259,-0.110541,-0.015534,-0.032584,1.839701,4.188524,-0.094149,-0.000576,-0.240354,3.5,0.015667,0.099298,0.13758
364,190.584579,1000.0,0.886387,0.834633,0.0,0.0,0.068735,68612.0,0.112059,0.275955,0.155665,0.279995,-0.029721,0.750893,4.823113,-0.01,-0.6,-0.012,-0.25,-0.36,-1.2,0.500007,-0.083258,-3.2e-05,0.0,-0.064652,-0.025952,-0.015723,-0.032679,0.880488,-0.035539,-0.109027,-0.014477,-0.028902,1.85097,4.229548,-0.089782,-0.000586,-0.38175,3.454545,0.014346,0.084392,0.112276
365,191.093979,1000.0,0.874656,0.829621,0.0,0.0,0.068686,67481.0,0.114044,0.277114,0.162408,0.27456,-0.029141,0.715887,4.858364,-0.01,-0.6,-0.012,-0.25,-0.36,-1.2,0.500007,-0.079696,-2.9e-05,0.0,-0.062998,-0.025985,-0.0155,-0.032112,0.874716,-0.035746,-0.112527,-0.013482,-0.02578,1.845413,4.226796,-0.090188,-0.000693,-0.221601,3.916667,0.016379,0.097771,0.12848
366,190.244995,1000.0,0.882638,0.835506,0.0,0.0,0.068523,69560.0,0.114976,0.279415,0.165819,0.289743,-0.030452,0.747471,4.841359,-0.01,-0.6,-0.012,-0.25,-0.36,-1.2,0.500007,-0.081891,-3.2e-05,0.0,-0.06537,-0.026242,-0.016237,-0.033108,0.880189,-0.035486,-0.110107,-0.013945,-0.026708,1.839917,4.225849,-0.094218,-0.000492,-0.304277,3.833333,0.014704,0.098322,0.114009
367,189.657135,1000.0,0.863617,0.814154,0.0,0.0,0.068505,65830.0,0.117146,0.278839,0.159702,0.290959,-0.031425,0.743879,4.859831,-0.01,-0.6,-0.012,-0.25,-0.36,-1.2,0.500007,-0.083136,-0.000192,0.0,-0.067014,-0.026829,-0.017159,-0.034173,0.86975,-0.036447,-0.113776,-0.014141,-0.026955,1.835983,4.211629,-0.099469,-0.000512,-0.282887,3.136364,0.015137,0.105024,0.125616
368,190.485825,1000.0,0.867297,0.835835,0.0,0.0,0.068519,52413.0,0.120292,0.276749,0.163875,0.287272,-0.031823,0.725433,4.854729,-0.01,-0.6,-0.012,-0.25,-0.36,-1.2,0.500007,-0.078501,-3e-05,0.0,-0.067339,-0.026449,-0.016606,-0.033953,0.879709,-0.036121,-0.116376,-0.014208,-0.029261,1.833284,4.218697,-0.094901,-0.000624,-0.257861,2.956522,0.014093,0.070466,0.110506
369,189.441376,1000.0,0.877837,0.860162,0.0,0.0,0.068368,64972.0,0.116098,0.283267,0.157585,0.273249,-0.028663,0.728415,4.853919,-0.01,-0.6,-0.012,-0.25,-0.36,-1.2,0.500007,-0.082566,-0.000229,0.0,-0.064424,-0.025313,-0.014851,-0.031769,0.888492,-0.035591,-0.103624,-0.015026,-0.030296,1.837983,4.219725,-0.087194,-0.000799,-0.30255,3.347826,0.01569,0.086827,0.096607
370,190.273758,1000.0,0.868942,0.820457,0.0,0.0,0.068442,66549.0,0.11425,0.279883,0.152375,0.278586,-0.029755,0.73046,4.83835,-0.01,-0.6,-0.012,-0.25,-0.36,-1.2,0.500007,-0.083567,-0.000128,0.0,-0.066029,-0.025809,-0.015864,-0.033141,0.873571,-0.037547,-0.105712,-0.014597,-0.030565,1.847491,4.195753,-0.092289,-0.00057,-0.307161,3.26087,0.014375,0.117371,0.142271
371,191.156784,1000.0,0.880769,0.84065,0.0,0.0,0.068286,68668.0,0.110362,0.272188,0.15457,0.272889,-0.028549,0.714671,4.872913,-0.01,-0.6,-0.012,-0.25,-0.36,-1.2,0.500007,-0.082021,-1.9e-05,0.0,-0.062437,-0.025108,-0.014824,-0.031481,0.877198,-0.034191,-0.100769,-0.012775,-0.028573,1.852567,4.251249,-0.088799,-0.000576,-0.363331,3.391304,0.015162,0.092032,0.108147
372,191.037109,1000.0,0.863193,0.830002,0.0,0.0,0.068194,66762.0,0.114236,0.282545,0.169024,0.279263,-0.029733,0.732391,4.872038,-0.01,-0.6,-0.012,-0.25,-0.36,-1.2,0.500007,-0.081156,-9.3e-05,0.0,-0.065078,-0.025948,-0.015885,-0.032614,0.881559,-0.035706,-0.116612,-0.013883,-0.025506,1.841984,4.223183,-0.092453,-0.000677,-0.233854,3.5,0.016379,0.096832,0.117837
373,190.461761,1000.0,0.861862,0.826588,0.0,0.0,0.06801,50774.0,0.11135,0.274951,0.154888,0.276266,-0.029324,0.732653,4.884017,-0.01,-0.6,-0.012,-0.25,-0.36,-1.2,0.500007,-0.083565,-0.000733,0.0,-0.064823,-0.024979,-0.015446,-0.031934,0.873167,-0.033523,-0.106849,-0.016339,-0.030446,1.850923,4.255173,-0.089337,-0.000836,-0.270546,3.227273,0.016138,0.086889,0.138499
374,189.177643,1000.0,0.875562,0.849077,0.0,0.0,0.067925,66620.0,0.110635,0.277705,0.151214,0.270918,-0.02869,0.699147,4.861072,-0.01,-0.6,-0.012,-0.25,-0.36,-1.2,0.500007,-0.08365,-0.000371,0.0,-0.062819,-0.025349,-0.015451,-0.032395,0.867096,-0.035542,-0.097814,-0.012821,-0.025938,1.848712,4.228701,-0.091299,-0.000435,-0.306041,3.652174,0.016195,0.087982,0.125216
375,190.657333,1000.0,0.874854,0.827548,0.0,0.0,0.067902,66050.0,0.116104,0.278287,0.164482,0.290043,-0.030921,0.746132,4.840074,-0.01,-0.6,-0.012,-0.25,-0.36,-1.2,0.500007,-0.08218,-5.7e-05,0.0,-0.066662,-0.025793,-0.016154,-0.033472,0.878792,-0.036294,-0.113039,-0.014384,-0.027022,1.832741,4.218202,-0.093022,-0.000575,-0.264917,24.818182,0.017823,0.073033,0.132609
376,189.548599,1000.0,0.877126,0.850066,0.0,0.0,0.0679,70977.0,0.118995,0.277972,0.162849,0.287756,-0.030891,0.731848,4.81648,-0.01,-0.6,-0.012,-0.25,-0.36,-1.2,0.500007,-0.079831,-0.000211,0.0,-0.067411,-0.025965,-0.016647,-0.033803,0.875755,-0.036447,-0.122426,-0.014752,-0.029111,1.823676,4.213619,-0.094011,-0.000442,-0.282178,6.416667,0.015253,0.087752,0.112294
377,191.183167,1000.0,0.880154,0.846437,0.0,0.0,0.067939,72551.0,0.114461,0.278614,0.165877,0.289402,-0.029681,0.758454,4.805718,-0.01,-0.6,-0.012,-0.25,-0.36,-1.2,0.500007,-0.081633,-2e-05,0.0,-0.065307,-0.025308,-0.015469,-0.032321,0.884993,-0.03464,-0.106863,-0.013828,-0.028256,1.839423,4.239336,-0.090322,-0.000524,-0.292399,6.041667,0.016264,0.086003,0.129312
378,189.00531,990.090027,0.871567,0.845618,0.041667,0.0,0.067875,69227.0,0.115094,0.27665,0.165755,0.281553,-0.030002,0.748044,4.807997,-0.01,-0.6,-0.012,-0.25,-0.36,-1.2,0.49771,-0.080318,-0.000857,-0.000185,-0.064748,-0.024962,-0.01523,-0.032228,0.877413,-0.034678,-0.107908,-0.014058,-0.027713,1.83244,4.21663,-0.089,-0.000419,-0.245173,7.0,0.014574,0.098189,0.106964
379,191.204544,1000.0,0.882391,0.84023,0.0,0.0,0.0678,53876.0,0.11393,0.275722,0.159242,0.2783,-0.030362,0.726169,4.852105,-0.01,-0.6,-0.012,-0.25,-0.36,-1.2,0.500007,-0.081416,-0.000157,0.0,-0.06497,-0.025174,-0.015755,-0.0328,0.880718,-0.034702,-0.108973,-0.01457,-0.027678,1.840564,4.239026,-0.090866,-0.000444,-0.314938,6.75,0.015725,0.101521,0.133548
380,191.319077,1000.0,0.881065,0.849643,0.0,0.0,0.067632,62913.0,0.114749,0.279964,0.16577,0.297928,-0.031352,0.774795,4.819343,-0.01,-0.6,-0.012,-0.25,-0.36,-1.2,0.500007,-0.084367,-3.5e-05,0.0,-0.066506,-0.025588,-0.016309,-0.032952,0.883893,-0.034873,-0.103493,-0.014371,-0.029022,1.838682,4.233241,-0.09372,-0.000534,-0.278788,7.666667,0.0146,0.092339,0.110512
381,190.52887,1000.0,0.881399,0.832349,0.0,0.0,0.06737,62533.0,0.117034,0.273824,0.166428,0.292708,-0.031793,0.740376,4.84236,-0.01,-0.6,-0.012,-0.25,-0.36,-1.2,0.500007,-0.080914,-0.000221,0.0,-0.066506,-0.025878,-0.016898,-0.034538,0.872356,-0.03573,-0.115573,-0.014088,-0.027062,1.832592,4.231133,-0.096469,-0.000542,-0.244919,6.333333,0.015085,0.101268,0.119998
382,190.711044,1000.0,0.856788,0.848403,0.0,0.0,0.067117,68104.0,0.113216,0.270352,0.151713,0.265519,-0.027983,0.685628,4.828544,-0.01,-0.6,-0.012,-0.25,-0.36,-1.2,0.500007,-0.080279,-0.0002,0.0,-0.062246,-0.02458,-0.015128,-0.031994,0.861316,-0.034164,-0.111211,-0.013038,-0.026365,1.839486,4.253507,-0.087008,-0.00065,-0.285152,6.208333,0.016905,0.097111,0.113695
383,191.753601,1000.0,0.881821,0.839038,0.0,0.0,0.066908,71728.0,0.113987,0.273496,0.1661,0.286971,-0.030784,0.744987,4.820831,-0.01,-0.6,-0.012,-0.25,-0.36,-1.2,0.500007,-0.080278,-5.5e-05,0.0,-0.065777,-0.025202,-0.016433,-0.033424,0.882398,-0.035002,-0.117173,-0.014756,-0.027062,1.84514,4.237216,-0.092147,-0.00048,-0.288939,5.833333,0.015942,0.104846,0.1204
384,191.713989,1000.0,0.876528,0.84585,0.0,0.0,0.06668,54205.0,0.115695,0.279809,0.163425,0.292601,-0.031158,0.750843,4.833761,-0.01,-0.6,-0.012,-0.25,-0.36,-1.2,0.500007,-0.080899,-0.000145,0.0,-0.066621,-0.025852,-0.017041,-0.03375,0.875448,-0.035108,-0.116053,-0.014118,-0.027172,1.838809,4.228635,-0.095931,-0.000567,-0.291046,6.166667,0.015178,0.094626,0.121301
385,191.867035,1000.0,0.859874,0.835656,0.0,0.0,0.066675,71762.0,0.116742,0.278386,0.161717,0.287513,-0.030163,0.748358,4.799212,-0.01,-0.6,-0.012,-0.25,-0.36,-1.2,0.500007,-0.080685,-5.1e-05,0.0,-0.065561,-0.025387,-0.016337,-0.033523,0.877606,-0.035918,-0.116806,-0.014733,-0.026669,1.833744,4.218738,-0.093483,-0.000578,-0.219948,5.083333,0.017768,0.101531,0.127209
386,192.700928,1000.0,0.882197,0.84857,0.0,0.0,0.06665,69115.0,0.113106,0.271649,0.159698,0.288527,-0.030767,0.751208,4.825601,-0.01,-0.6,-0.012,-0.25,-0.36,-1.2,0.500007,-0.082881,-5.5e-05,0.0,-0.065121,-0.025118,-0.016159,-0.033169,0.882615,-0.034439,-0.103508,-0.015092,-0.028801,1.839702,4.25016,-0.092844,-0.000441,-0.272069,5.791667,0.01484,0.088923,0.115553
387,191.054123,1000.0,0.88237,0.848095,0.0,0.0,0.066364,71186.0,0.115429,0.273261,0.168445,0.28209,-0.029928,0.755758,4.817457,-0.01,-0.6,-0.012,-0.25,-0.36,-1.2,0.500007,-0.079374,-5e-05,0.0,-0.064225,-0.024642,-0.015482,-0.032476,0.884558,-0.035056,-0.114933,-0.014044,-0.026536,1.843534,4.241063,-0.08843,-0.000537,-0.268108,5.625,0.01219,0.096067,0.117508
388,189.107422,1000.0,0.871703,0.833209,0.0,0.0,0.066175,71860.0,0.116352,0.273788,0.169789,0.296341,-0.031004,0.754588,4.847869,-0.01,-0.6,-0.012,-0.25,-0.36,-1.2,0.500007,-0.079876,-0.000161,0.0,-0.066123,-0.025102,-0.015816,-0.03268,0.880506,-0.034163,-0.114857,-0.013522,-0.027183,1.835154,4.248269,-0.092882,-0.000574,-0.374525,5.375,0.014294,0.09728,0.112327
389,190.848206,1000.0,0.873739,0.84011,0.0,0.0,0.066047,69383.0,0.115582,0.270411,0.161338,0.286837,-0.030982,0.750654,4.817544,-0.01,-0.6,-0.012,-0.25,-0.36,-1.2,0.500007,-0.082023,-0.000262,0.0,-0.064706,-0.02476,-0.016007,-0.032562,0.879399,-0.03381,-0.101847,-0.014136,-0.027731,1.835849,4.259149,-0.092015,-0.000517,-0.276003,6.083333,0.013735,0.100528,0.130876
390,192.423309,1000.0,0.876649,0.839681,0.0,0.0,0.065754,53725.0,0.115219,0.278989,0.164096,0.285985,-0.030383,0.74736,4.838621,-0.01,-0.6,-0.012,-0.25,-0.36,-1.2,0.500007,-0.08231,-0.000115,0.0,-0.06495,-0.02505,-0.016343,-0.032859,0.878055,-0.03528,-0.110995,-0.015087,-0.027374,1.83759,4.2315,-0.090783,-0.000575,-0.238499,5.5,0.015764,0.100505,0.107703
391,191.392105,1000.0,0.877509,0.824902,0.0,0.0,0.065614,70713.0,0.122006,0.278233,0.174814,0.304187,-0.032424,0.778437,4.85193,-0.01,-0.6,-0.012,-0.25,-0.36,-1.2,0.500007,-0.080604,-0.000221,0.0,-0.068718,-0.025335,-0.01681,-0.033924,0.883735,-0.035779,-0.116531,-0.014466,-0.026974,1.813057,4.226516,-0.095783,-0.000555,-0.25608,4.583333,0.013536,0.093415,0.119622
392,193.222595,1000.0,0.87752,0.820069,0.0,0.0,0.065412,70110.0,0.120122,0.27333,0.172128,0.300079,-0.031701,0.786362,4.81061,-0.01,-0.6,-0.012,-0.25,-0.36,-1.2,0.500007,-0.081023,-7.5e-05,0.0,-0.068321,-0.025081,-0.016717,-0.033687,0.89184,-0.034142,-0.11502,-0.014716,-0.02844,1.823961,4.247498,-0.093988,-0.00049,-0.238295,5.5,0.015635,0.095179,0.114868
393,191.898315,1000.0,0.874084,0.817592,0.0,0.0,0.065381,68951.0,0.115258,0.269774,0.151389,0.279075,-0.029599,0.712926,4.847584,-0.01,-0.6,-0.012,-0.25,-0.36,-1.2,0.500007,-0.083851,-6.6e-05,0.0,-0.063255,-0.02461,-0.015738,-0.032825,0.870747,-0.033434,-0.099611,-0.015274,-0.026585,1.831166,4.259953,-0.09175,-0.000487,-0.222407,4.75,0.017455,0.083306,0.135711
394,191.955536,1000.0,0.874601,0.831419,0.0,0.0,0.065334,68087.0,0.114414,0.272603,0.167098,0.282219,-0.030018,0.730456,4.874016,-0.01,-0.6,-0.012,-0.25,-0.36,-1.2,0.500007,-0.077214,-0.000126,0.0,-0.06355,-0.024557,-0.015928,-0.032404,0.875276,-0.034419,-0.11807,-0.01369,-0.023814,1.839788,4.249853,-0.090162,-0.000328,-0.264682,4.125,0.016006,0.08703,0.089293
395,192.933777,1000.0,0.872975,0.858225,0.0,0.0,0.065161,72861.0,0.117978,0.271214,0.167108,0.292357,-0.031847,0.738867,4.838568,-0.01,-0.6,-0.012,-0.25,-0.36,-1.2,0.500007,-0.081619,-6.5e-05,0.0,-0.065978,-0.024912,-0.016889,-0.033399,0.87864,-0.034635,-0.109866,-0.01464,-0.026674,1.827201,4.246937,-0.094349,-0.000496,-0.181975,4.869565,0.01472,0.095667,0.11029
396,191.119156,1000.0,0.866997,0.812242,0.0,0.0,0.065162,55846.0,0.113047,0.270609,0.16347,0.286511,-0.029901,0.764675,4.858034,-0.01,-0.6,-0.012,-0.25,-0.36,-1.2,0.500007,-0.080327,-2.9e-05,0.0,-0.063803,-0.024192,-0.015414,-0.032264,0.882485,-0.033395,-0.106026,-0.014006,-0.027446,1.847912,4.264919,-0.088603,-0.000737,-0.336977,3.954545,0.016209,0.103923,0.137572
397,191.761169,1000.0,0.873696,0.833809,0.0,0.0,0.065166,69110.0,0.1135,0.275534,0.148934,0.269342,-0.028162,0.699628,4.864293,-0.01,-0.6,-0.012,-0.25,-0.36,-1.2,0.500007,-0.082441,-9.4e-05,0.0,-0.061526,-0.02357,-0.014755,-0.031229,0.87315,-0.032771,-0.101244,-0.013163,-0.026875,1.844535,4.269277,-0.08547,-0.000367,-0.262828,3.375,0.014628,0.110799,0.10599
398,191.839157,1000.0,0.876838,0.826757,0.0,0.0,0.064998,77340.0,0.116875,0.279729,0.173349,0.305396,-0.032798,0.786242,4.845591,-0.01,-0.6,-0.012,-0.25,-0.36,-1.2,0.500007,-0.080984,-0.000139,0.0,-0.068058,-0.025431,-0.017501,-0.03414,0.886821,-0.035151,-0.115381,-0.015751,-0.027204,1.822684,4.231919,-0.096217,-0.000596,-0.287743,4.571429,0.014815,0.084362,0.107055
399,191.758453,1000.0,0.86682,0.846389,0.0,0.0,0.064808,75636.0,0.116174,0.275665,0.160848,0.286907,-0.029566,0.735055,4.822235,-0.01,-0.6,-0.012,-0.25,-0.36,-1.2,0.500007,-0.078623,-0.000101,0.0,-0.064723,-0.024247,-0.015427,-0.032396,0.874452,-0.033486,-0.110719,-0.014042,-0.028426,1.833225,4.252295,-0.089795,-0.000486,-0.203454,4.0,0.016359,0.093753,0.131815
400,192.758789,1000.0,0.862136,0.83975,0.0,0.0,0.064732,69491.0,0.112982,0.269871,0.160371,0.287839,-0.030746,0.722928,4.840404,-0.01,-0.6,-0.012,-0.25,-0.36,-1.2,0.500007,-0.080176,-2.9e-05,0.0,-0.063114,-0.024559,-0.016622,-0.033036,0.867591,-0.033901,-0.109452,-0.012963,-0.023825,1.83635,4.264092,-0.093199,-0.000383,-0.162972,3.173913,0.016333,0.098089,0.103033
401,192.542404,1000.0,0.884625,0.837845,0.0,0.0,0.06452,68166.0,0.112171,0.271011,0.162469,0.280776,-0.029717,0.740029,4.825706,-0.01,-0.6,-0.012,-0.25,-0.36,-1.2,0.500007,-0.081283,-3.9e-05,0.0,-0.062091,-0.023528,-0.014861,-0.030966,0.884198,-0.032893,-0.095769,-0.013654,-0.027315,1.843264,4.271163,-0.08684,-0.000474,-0.297715,3.541667,0.014576,0.100492,0.117839
402,193.760773,1000.0,0.871627,0.816887,0.0,0.0,0.064281,52126.0,0.117454,0.274056,0.17214,0.297689,-0.031466,0.766813,4.840749,-0.01,-0.6,-0.012,-0.25,-0.36,-1.2,0.500007,-0.078741,-0.000105,0.0,-0.067599,-0.024453,-0.016682,-0.03387,0.8864,-0.033763,-0.11763,-0.014728,-0.026985,1.830374,4.257557,-0.092644,-0.000453,-0.233906,3.625,0.014057,0.091811,0.122703
403,192.649582,1000.0,0.897595,0.837088,0.0,0.0,0.064068,69210.0,0.118453,0.268225,0.169416,0.288243,-0.031947,0.736627,4.814384,-0.01,-0.6,-0.012,-0.25,-0.36,-1.2,0.500007,-0.076539,-7e-05,0.0,-0.065184,-0.024302,-0.016885,-0.032889,0.873108,-0.034215,-0.126164,-0.015425,-0.026478,1.824294,4.255595,-0.091115,-0.000395,-0.206549,3.478261,0.017461,0.087163,0.117339
404,194.7556,1000.0,0.898189,0.848335,0.0,0.0,0.064038,69574.0,0.107952,0.261214,0.167227,0.275446,-0.028412,0.746242,4.833063,-0.01,-0.6,-0.012,-0.25,-0.36,-1.2,0.500007,-0.079022,-2.4e-05,0.0,-0.059283,-0.023197,-0.014238,-0.030346,0.885435,-0.032026,-0.096648,-0.011855,-0.025268,1.858293,4.294832,-0.083479,-0.000561,-0.270239,4.0,0.013167,0.081862,0.117382
405,192.269592,1000.0,0.876927,0.823421,0.0,0.0,0.064024,69474.0,0.112386,0.264256,0.167264,0.286958,-0.030898,0.739506,4.804074,-0.01,-0.6,-0.012,-0.25,-0.36,-1.2,0.500007,-0.07862,-0.000105,0.0,-0.063987,-0.024233,-0.016157,-0.033016,0.87791,-0.033129,-0.109748,-0.01356,-0.025113,1.849593,4.279748,-0.092251,-0.000645,-0.261322,3.434783,0.016621,0.115436,0.131493
406,192.088165,1000.0,0.872302,0.829721,0.0,0.0,0.063855,68017.0,0.117623,0.266706,0.173815,0.309414,-0.033273,0.785439,4.818477,-0.01,-0.6,-0.012,-0.25,-0.36,-1.2,0.500007,-0.081955,-5.9e-05,0.0,-0.069552,-0.02496,-0.017472,-0.033893,0.885117,-0.033697,-0.110979,-0.014859,-0.02836,1.828726,4.26379,-0.097494,-0.00058,-0.335356,3.363636,0.015321,0.094839,0.116785
407,193.192078,1000.0,0.891285,0.836946,0.0,0.0,0.063818,51046.0,0.109472,0.260999,0.16097,0.270751,-0.02887,0.718931,4.833635,-0.01,-0.6,-0.012,-0.25,-0.36,-1.2,0.500007,-0.077632,-3.7e-05,0.0,-0.060774,-0.023203,-0.014828,-0.031083,0.8795,-0.031671,-0.103943,-0.013386,-0.025023,1.850969,4.300998,-0.085238,-0.000381,-0.272625,4.208333,0.012826,0.083436,0.112832
408,193.602921,1000.0,0.878492,0.843222,0.0,0.0,0.063628,68158.0,0.113746,0.264149,0.173685,0.293865,-0.031019,0.752522,4.841537,-0.01,-0.6,-0.012,-0.25,-0.36,-1.2,0.500007,-0.076565,-7.2e-05,0.0,-0.064386,-0.02392,-0.016423,-0.033084,0.883265,-0.03251,-0.114782,-0.013451,-0.025529,1.845171,4.285781,-0.091152,-0.00057,-0.183969,3.166667,0.015685,0.113841,0.116926
409,194.135529,1000.0,0.864895,0.869946,0.0,0.0,0.063443,70971.0,0.111341,0.270039,0.166473,0.292151,-0.030808,0.73692,4.828535,-0.01,-0.6,-0.012,-0.25,-0.36,-1.2,0.500007,-0.078656,-1.6e-05,0.0,-0.062544,-0.024115,-0.016622,-0.033017,0.874757,-0.032995,-0.104877,-0.013397,-0.025498,1.850097,4.272305,-0.091852,-0.000355,-0.20825,3.590909,0.013951,0.084257,0.085674
410,192.997864,1000.0,0.874118,0.812616,0.0,0.0,0.063478,61305.0,0.113271,0.265617,0.153881,0.283171,-0.030021,0.731977,4.763195,-0.01,-0.6,-0.012,-0.25,-0.36,-1.2,0.500007,-0.081818,-0.000116,0.0,-0.063359,-0.023425,-0.015819,-0.032835,0.872458,-0.032971,-0.102062,-0.015604,-0.027407,1.842789,4.275423,-0.088805,-0.000475,-0.312801,2.521739,0.014516,0.098268,0.143842
411,193.615799,1000.0,0.880285,0.83376,0.0,0.0,0.063478,72032.0,0.114226,0.271598,0.161798,0.296342,-0.030673,0.765926,4.787621,-0.01,-0.6,-0.012,-0.25,-0.36,-1.2,0.500007,-0.082512,-0.000139,0.0,-0.065043,-0.023678,-0.015767,-0.032734,0.883156,-0.033229,-0.104751,-0.014802,-0.028402,1.841585,4.266134,-0.090829,-0.000594,-0.212066,3.913043,0.015412,0.104274,0.123445
412,192.070282,1000.0,0.85965,0.829859,0.0,0.0,0.06354,74814.0,0.114676,0.266074,0.168241,0.2883,-0.030246,0.747148,4.792309,-0.01,-0.6,-0.012,-0.25,-0.36,-1.2,0.500007,-0.077121,-8.8e-05,0.0,-0.064128,-0.023682,-0.015997,-0.032902,0.880571,-0.032878,-0.120796,-0.013069,-0.026629,1.839941,4.277592,-0.088612,-0.000474,-0.274781,3.0,0.017329,0.084858,0.090286
413,190.737411,1000.0,0.883061,0.818518,0.0,0.0,0.063534,54449.0,0.114137,0.267682,0.161915,0.291238,-0.031258,0.753443,4.809597,-0.01,-0.6,-0.012,-0.25,-0.36,-1.2,0.500007,-0.082387,-7.4e-05,0.0,-0.065199,-0.023607,-0.015938,-0.032304,0.881183,-0.032553,-0.104219,-0.014457,-0.026929,1.826943,4.284438,-0.090657,-0.00047,-0.297371,3.5,0.014259,0.107574,0.115959
414,192.821793,1000.0,0.885414,0.823004,0.0,0.0,0.06338,71340.0,0.11715,0.271555,0.183158,0.305124,-0.033162,0.797805,4.791437,-0.01,-0.6,-0.012,-0.25,-0.36,-1.2,0.500007,-0.077935,-2e-05,0.0,-0.069002,-0.023999,-0.017264,-0.033832,0.896789,-0.033805,-0.119171,-0.015362,-0.027659,1.830341,4.259957,-0.091841,-0.000466,-0.277263,3.208333,0.015324,0.106214,0.132421
415,194.35907,1000.0,0.872765,0.845122,0.0,0.0,0.063329,73856.0,0.116747,0.267767,0.181075,0.314699,-0.033101,0.784279,4.769139,-0.01,-0.6,-0.012,-0.25,-0.36,-1.2,0.500007,-0.079304,-0.000513,0.0,-0.066763,-0.024503,-0.018097,-0.034436,0.881123,-0.033248,-0.111966,-0.014438,-0.025864,1.823811,4.270425,-0.097163,-0.00033,-0.203292,3.590909,0.013883,0.094422,0.120819
416,194.968277,1000.0,0.887037,0.841576,0.0,0.0,0.06345,73765.0,0.107127,0.264465,0.141038,0.257526,-0.027135,0.688645,4.783545,-0.01,-0.6,-0.012,-0.25,-0.36,-1.2,0.500007,-0.082446,-0.000113,0.0,-0.058805,-0.021993,-0.013993,-0.030044,0.871894,-0.030528,-0.090234,-0.01385,-0.026925,1.856062,4.311728,-0.080425,-0.000354,-0.228327,24.0,0.014972,0.110854,0.110075
417,194.856567,1000.0,0.879863,0.839764,0.0,0.0,0.063329,75248.0,0.110948,0.26768,0.151127,0.274757,-0.028471,0.726438,4.800691,-0.01,-0.6,-0.012,-0.25,-0.36,-1.2,0.500007,-0.083241,-0.000552,0.0,-0.059562,-0.02255,-0.014517,-0.030403,0.870841,-0.031709,-0.091931,-0.013162,-0.026918,1.842342,4.293855,-0.084307,-0.000452,-0.164027,4.045455,0.014164,0.095734,0.112626
418,190.932663,1000.0,0.868292,0.842829,0.041667,0.0,0.063341,70919.0,0.11479,0.262676,0.163252,0.291824,-0.030271,0.753675,4.795981,-0.01,-0.6,-0.012,-0.25,-0.36,-1.2,0.499946,-0.080895,-0.000464,-0.000167,-0.064743,-0.023451,-0.01642,-0.033042,0.876278,-0.032354,-0.108637,-0.013531,-0.026959,1.833143,4.288682,-0.090528,-0.000516,-0.407444,6.916667,0.013222,0.101971,0.109761
419,192.180542,1000.0,0.875549,0.846503,0.0,0.0,0.063347,47724.0,0.111281,0.266513,0.159913,0.279902,-0.029505,0.728967,4.803178,-0.01,-0.6,-0.012,-0.25,-0.36,-1.2,0.500007,-0.080027,-7.2e-05,0.0,-0.062148,-0.023025,-0.015327,-0.031816,0.878344,-0.03148,-0.102949,-0.013376,-0.02621,1.847268,4.299212,-0.086962,-0.00039,-0.309207,5.833333,0.015169,0.101623,0.11576
420,189.883789,990.27002,0.873614,0.837128,0.041667,0.0,0.063463,70657.0,0.111809,0.265892,0.159061,0.280411,-0.029022,0.739865,4.801749,-0.01,-0.6,-0.012,-0.25,-0.36,-1.2,0.49747,-0.08164,-0.000125,-0.000208,-0.061459,-0.022601,-0.014861,-0.030989,0.878182,-0.031806,-0.094388,-0.01325,-0.027666,1.83067,4.270631,-0.08495,-0.000397,-0.307795,6.958333,0.015561,0.101405,0.126119
421,192.829086,1000.0,0.88292,0.842604,0.0,0.0,0.063425,69493.0,0.10999,0.258971,0.156305,0.27654,-0.028905,0.727928,4.865511,-0.01,-0.6,-0.012,-0.25,-0.36,-1.2,0.500007,-0.081936,-9.8e-05,0.0,-0.060348,-0.022462,-0.014869,-0.03064,0.876399,-0.030768,-0.097514,-0.013329,-0.026457,1.848302,4.319387,-0.084079,-0.000448,-0.291527,7.166667,0.016147,0.110059,0.126766
422,194.037155,1000.0,0.873779,0.839466,0.0,0.0,0.063397,70645.0,0.11517,0.266584,0.166868,0.302019,-0.031604,0.773259,4.817454,-0.01,-0.6,-0.012,-0.25,-0.36,-1.2,0.500007,-0.080836,-7.1e-05,0.0,-0.065987,-0.023547,-0.016578,-0.033228,0.880409,-0.032342,-0.109167,-0.013871,-0.027581,1.833137,4.283742,-0.091902,-0.00047,-0.224387,7.416667,0.013875,0.100664,0.11966
423,192.248215,1000.0,0.87016,0.832216,0.0,0.0,0.063514,71622.0,0.112167,0.261834,0.170359,0.300555,-0.031746,0.7752,4.808356,-0.01,-0.6,-0.012,-0.25,-0.36,-1.2,0.500007,-0.080142,-7e-05,0.0,-0.06415,-0.023432,-0.016368,-0.032998,0.880826,-0.032662,-0.105957,-0.014262,-0.025732,1.843867,4.288627,-0.091208,-0.000451,-0.277244,6.291667,0.016154,0.10402,0.1195
424,192.196777,1000.0,0.887177,0.839938,0.0,0.0,0.063479,70729.0,0.109976,0.257762,0.162554,0.281822,-0.02926,0.744887,4.800157,-0.01,-0.6,-0.012,-0.25,-0.36,-1.2,0.500007,-0.081023,-6.6e-05,0.0,-0.060293,-0.022262,-0.014808,-0.031003,0.881857,-0.03042,-0.098154,-0.01311,-0.025089,1.846773,4.321974,-0.084009,-0.000427,-0.3458,6.291667,0.013758,0.089023,0.10834
425,193.93222,1000.0,0.886999,0.836021,0.0,0.0,0.063456,52643.0,0.112213,0.264167,0.166201,0.29044,-0.031142,0.74309,4.823745,-0.01,-0.6,-0.012,-0.25,-0.36,-1.2,0.500007,-0.080338,-5.6e-05,0.0,-0.063414,-0.022981,-0.016169,-0.032458,0.882974,-0.031683,-0.101715,-0.014107,-0.026084,1.837063,4.298559,-0.089184,-0.000463,-0.214745,6.041667,0.015139,0.086582,0.112651
426,193.743866,1000.0,0.874933,0.835736,0.0,0.0,0.063312,73424.0,0.109628,0.266408,0.155562,0.276256,-0.028596,0.719809,4.812106,-0.01,-0.6,-0.012,-0.25,-0.36,-1.2,0.500007,-0.080959,-9.6e-05,0.0,-0.060734,-0.022648,-0.015379,-0.031708,0.875296,-0.031151,-0.100612,-0.012328,-0.024567,1.849295,4.303725,-0.085648,-0.000513,-0.265452,5.541667,0.018071,0.105524,0.130848
427,194.408844,1000.0,0.875796,0.845016,0.0,0.0,0.063236,72314.0,0.11425,0.275609,0.168434,0.29722,-0.031099,0.762086,4.78303,-0.01,-0.6,-0.012,-0.25,-0.36,-1.2,0.500007,-0.081486,-8.3e-05,0.0,-0.063672,-0.023105,-0.016224,-0.032803,0.88617,-0.032527,-0.102216,-0.013962,-0.026785,1.837772,4.275428,-0.088408,-0.000403,-0.234534,5.291667,0.015881,0.091987,0.135696
428,192.096085,1000.0,0.874731,0.842509,0.0,0.0,0.06299,71780.0,0.110169,0.260303,0.1556,0.278588,-0.029274,0.71887,4.790001,-0.01,-0.6,-0.012,-0.25,-0.36,-1.2,0.500007,-0.080612,-0.000183,0.0,-0.061435,-0.022511,-0.015484,-0.031625,0.879173,-0.030824,-0.100627,-0.013237,-0.02566,1.845705,4.315281,-0.086416,-0.000416,-0.282436,5.708333,0.014148,0.096687,0.12332
429,192.506577,1000.0,0.876768,0.845872,0.0,0.0,0.06306,72135.0,0.110675,0.265027,0.158296,0.282955,-0.02971,0.734581,4.826014,-0.01,-0.6,-0.012,-0.25,-0.36,-1.2,0.500007,-0.080326,-0.000128,0.0,-0.062297,-0.022939,-0.016184,-0.032708,0.880387,-0.031724,-0.105656,-0.014204,-0.025287,1.845637,4.300093,-0.087974,-0.000446,-0.256658,5.583333,0.015578,0.11126,0.11702
430,191.742615,1000.0,0.87457,0.835429,0.0,0.0,0.062958,72431.0,0.111279,0.26182,0.160894,0.278087,-0.029281,0.736868,4.77757,-0.01,-0.6,-0.012,-0.25,-0.36,-1.2,0.500007,-0.080656,-0.000144,0.0,-0.061764,-0.022443,-0.015264,-0.031614,0.881454,-0.031147,-0.098688,-0.014872,-0.027054,1.841212,4.308982,-0.085357,-0.000427,-0.290565,5.75,0.01414,0.108624,0.136219
431,193.238434,1000.0,0.878013,0.84299,0.0,0.0,0.062928,53126.0,0.11312,0.264462,0.173616,0.292436,-0.03074,0.77514,4.783502,-0.01,-0.6,-0.012,-0.25,-0.36,-1.2,0.500007,-0.079122,-0.000115,0.0,-0.063321,-0.022735,-0.015726,-0.031934,0.890064,-0.031295,-0.105527,-0.013295,-0.025555,1.836636,4.303872,-0.086729,-0.00051,-0.286128,5.833333,0.013873,0.092209,0.107789
432,193.875671,1000.0,0.876222,0.830542,0.0,0.0,0.062857,70100.0,0.113645,0.262303,0.171429,0.304221,-0.031368,0.774858,4.806252,-0.01,-0.6,-0.012,-0.25,-0.36,-1.2,0.500007,-0.081637,-0.000294,0.0,-0.064224,-0.023133,-0.016509,-0.032749,0.8823,-0.031807,-0.100812,-0.013721,-0.025465,1.842026,4.299707,-0.091199,-0.000537,-0.268561,5.041667,0.013307,0.113252,0.119159
433,193.583969,1000.0,0.891046,0.837841,0.0,0.0,0.062861,72085.0,0.109336,0.258203,0.162563,0.285473,-0.029688,0.739684,4.77579,-0.01,-0.6,-0.012,-0.25,-0.36,-1.2,0.500007,-0.081972,-0.000499,0.0,-0.061088,-0.022305,-0.015223,-0.03102,0.878061,-0.030367,-0.097407,-0.013369,-0.02506,1.850975,4.322952,-0.086529,-0.000565,-0.270434,4.791667,0.014293,0.102475,0.109954
434,192.101837,993.090027,0.878175,0.840089,0.041667,0.0,0.062764,72016.0,0.108708,0.25946,0.159753,0.283995,-0.029507,0.740466,4.800167,-0.01,-0.6,-0.012,-0.25,-0.36,-1.2,0.497947,-0.081683,-9.8e-05,-0.000238,-0.061336,-0.022396,-0.015684,-0.031824,0.870143,-0.031333,-0.102634,-0.01351,-0.02585,1.837034,4.293539,-0.086408,-0.000409,-0.261034,5.625,0.015341,0.084214,0.126375
435,192.883286,1000.0,0.874081,0.837319,0.0,0.0,0.06263,72629.0,0.109922,0.263434,0.166066,0.292668,-0.030559,0.756178,4.772943,-0.01,-0.6,-0.012,-0.25,-0.36,-1.2,0.500007,-0.081311,-4.7e-05,0.0,-0.061331,-0.022777,-0.016115,-0.032166,0.880274,-0.030283,-0.096635,-0.012371,-0.023545,1.850369,4.317414,-0.08959,-0.000448,-0.338382,4.166667,0.014587,0.091009,0.116724
436,193.182922,1000.0,0.88397,0.833524,0.0,0.0,0.062461,53126.0,0.110919,0.262606,0.170184,0.29725,-0.030913,0.765636,4.822208,-0.01,-0.6,-0.012,-0.25,-0.36,-1.2,0.500007,-0.080496,-0.000157,0.0,-0.06217,-0.022727,-0.016376,-0.032201,0.877136,-0.03163,-0.098599,-0.013771,-0.025418,1.844692,4.301697,-0.088449,-0.000463,-0.326535,4.5,0.014379,0.082588,0.125626
437,193.087646,1000.0,0.887094,0.836187,0.0,0.0,0.06233,74830.0,0.111204,0.254253,0.163783,0.280369,-0.029652,0.736585,4.794292,-0.01,-0.6,-0.012,-0.25,-0.36,-1.2,0.500007,-0.076509,-0.000185,0.0,-0.060716,-0.022269,-0.015059,-0.03126,0.883193,-0.030488,-0.099953,-0.01216,-0.026192,1.841656,4.327633,-0.084792,-0.000355,-0.32649,4.304348,0.013358,0.099981,0.139776
438,193.670319,1000.0,0.871924,0.837434,0.0,0.0,0.062261,76320.0,0.108382,0.261673,0.160917,0.27911,-0.028935,0.725757,4.837907,-0.01,-0.6,-0.012,-0.25,-0.36,-1.2,0.500007,-0.08217,-3.7e-05,0.0,-0.061328,-0.022124,-0.015291,-0.031636,0.881825,-0.029505,-0.091857,-0.012793,-0.02596,1.85132,4.3324,-0.085534,-0.000256,-0.213359,4.090909,0.014656,0.10427,0.116105
439,193.55983,1000.0,0.877727,0.835324,0.0,0.0,0.062283,75902.0,0.113796,0.261577,0.170454,0.302363,-0.031617,0.782186,4.780023,-0.01,-0.6,-0.012,-0.25,-0.36,-1.2,0.500007,-0.083408,-0.000182,0.0,-0.065557,-0.022374,-0.016097,-0.032379,0.886486,-0.030857,-0.098509,-0.013666,-0.026936,1.838396,4.308106,-0.088331,-0.000517,-0.276593,3.5,0.014723,0.095412,0.136714
440,193.616959,1000.0,0.870932,0.855687,0.0,0.0,0.06217,77532.0,0.111402,0.262651,0.167444,0.286786,-0.030008,0.729707,4.784149,-0.01,-0.6,-0.012,-0.25,-0.36,-1.2,0.500007,-0.077118,-6e-05,0.0,-0.061018,-0.022466,-0.01548,-0.031832,0.877778,-0.030988,-0.104371,-0.013188,-0.0244,1.844008,4.31293,-0.08681,-0.000545,-0.281305,4.285714,0.016527,0.094794,0.117186
441,194.907288,1000.0,0.886524,0.837113,0.0,0.0,0.062103,74343.0,0.109623,0.255372,0.16686,0.2904,-0.030399,0.767671,4.779696,-0.01,-0.6,-0.012,-0.25,-0.36,-1.2,0.500007,-0.080913,-4.7e-05,0.0,-0.062124,-0.022366,-0.015445,-0.03136,0.8851,-0.030257,-0.096189,-0.012631,-0.027022,1.842428,4.329659,-0.086805,-0.000521,-0.263798,3.956522,0.01343,0.085296,0.121947
442,195.937592,1000.0,0.870986,0.829267,0.0,0.0,0.061968,73632.0,0.115776,0.271043,0.178088,0.294773,-0.032069,0.75358,4.757462,-0.01,-0.6,-0.012,-0.25,-0.36,-1.2,0.500007,-0.078333,-5.9e-05,0.0,-0.066207,-0.022988,-0.016496,-0.032634,0.884973,-0.032672,-0.111583,-0.014184,-0.027529,1.830145,4.282238,-0.089163,-0.000419,-0.216802,3.391304,0.015155,0.096905,0.120836
443,193.667328,1000.0,0.887824,0.827808,0.0,0.0,0.06185,53308.0,0.112475,0.261466,0.170954,0.294073,-0.030807,0.753371,4.766155,-0.01,-0.6,-0.012,-0.25,-0.36,-1.2,0.500007,-0.076945,-0.000121,0.0,-0.064002,-0.023099,-0.016785,-0.033154,0.882418,-0.032139,-0.112954,-0.014317,-0.024628,1.836588,4.294399,-0.090334,-0.000406,-0.263478,3.583333,0.015495,0.117672,0.131265
444,194.672028,1000.0,0.891573,0.823567,0.0,0.0,0.061771,72095.0,0.106026,0.259889,0.160334,0.274838,-0.028497,0.716173,4.787118,-0.01,-0.6,-0.012,-0.25,-0.36,-1.2,0.500007,-0.079501,-9.6e-05,0.0,-0.058473,-0.021757,-0.014876,-0.030529,0.873797,-0.029985,-0.099516,-0.013299,-0.023248,1.858198,4.328397,-0.082318,-0.000323,-0.242377,3.875,0.013268,0.08159,0.127118
445,192.755203,1000.0,0.872763,0.837134,0.0,0.0,0.061799,74311.0,0.106407,0.25499,0.157344,0.265027,-0.027193,0.699626,4.755252,-0.01,-0.6,-0.012,-0.25,-0.36,-1.2,0.500007,-0.077635,-5.2e-05,0.0,-0.056634,-0.021498,-0.01407,-0.029131,0.872209,-0.029645,-0.091845,-0.012332,-0.023547,1.855884,4.336607,-0.079099,-0.000277,-0.361402,2.869565,0.012434,0.091806,0.123223
446,191.637222,1000.0,0.872013,0.83365,0.0,0.0,0.061679,75035.0,0.110814,0.26657,0.159727,0.292364,-0.031044,0.762293,4.737799,-0.01,-0.6,-0.012,-0.25,-0.36,-1.2,0.500007,-0.083838,-0.000101,0.0,-0.063717,-0.022267,-0.015976,-0.032023,0.879975,-0.030342,-0.096177,-0.014683,-0.029164,1.846838,4.315299,-0.087863,-0.00033,-0.418461,4.272727,0.0134,0.098322,0.125018
447,194.989746,1000.0,0.873528,0.846,0.0,0.0,0.061727,75312.0,0.108284,0.258679,0.161583,0.270804,-0.027743,0.718665,4.758119,-0.01,-0.6,-0.012,-0.25,-0.36,-1.2,0.500007,-0.07863,-0.000253,0.0,-0.05861,-0.021891,-0.014839,-0.030463,0.875954,-0.030939,-0.098456,-0.012316,-0.023772,1.853709,4.321564,-0.08201,-0.00037,-0.221526,3.272727,0.016424,0.100965,0.100332
448,195.119186,1000.0,0.864058,0.828039,0.0,0.0,0.061694,71974.0,0.111412,0.258481,0.166538,0.2855,-0.029394,0.742587,4.751554,-0.01,-0.6,-0.012,-0.25,-0.36,-1.2,0.500007,-0.07874,-7.1e-05,0.0,-0.061583,-0.021887,-0.014918,-0.031012,0.878502,-0.029357,-0.097778,-0.012603,-0.025826,1.844371,4.338658,-0.084714,-0.000443,-0.197887,3.375,0.014432,0.10265,0.102118
449,194.997528,1000.0,0.885359,0.84213,0.0,0.0,0.061594,52713.0,0.113344,0.261824,0.176077,0.291781,-0.030096,0.773867,4.7676,-0.01,-0.6,-0.012,-0.25,-0.36,-1.2,0.500007,-0.078274,-6.5e-05,0.0,-0.063113,-0.022111,-0.015344,-0.031721,0.892192,-0.030677,-0.110899,-0.013624,-0.023151,1.837231,4.318,-0.08527,-0.000403,-0.257359,4.25,0.012732,0.106868,0.109818
450,193.517975,1000.0,0.865884,0.832239,0.0,0.0,0.061573,72887.0,0.105388,0.256723,0.151523,0.263337,-0.026881,0.696886,4.727581,-0.01,-0.6,-0.012,-0.25,-0.36,-1.2,0.500007,-0.079478,-0.000123,0.0,-0.056643,-0.020887,-0.013944,-0.02921,0.866588,-0.028874,-0.090218,-0.011785,-0.023267,1.857941,4.344954,-0.076938,-0.000348,-0.239446,3.391304,0.016248,0.108121,0.122257
451,195.226089,1000.0,0.884288,0.862001,0.0,0.0,0.061442,73983.0,0.110024,0.253817,0.175476,0.298568,-0.031,0.781621,4.75037,-0.01,-0.6,-0.012,-0.25,-0.36,-1.2,0.500007,-0.082647,-0.000133,0.0,-0.06248,-0.022033,-0.016117,-0.032075,0.885127,-0.028806,-0.093179,-0.013548,-0.024117,1.84134,4.349235,-0.087947,-0.000502,-0.289199,3.086957,0.014289,0.089082,0.094378
452,193.756668,1000.0,0.876594,0.840264,0.0,0.0,0.061463,73848.0,0.109374,0.251036,0.158931,0.267343,-0.028262,0.705406,4.787215,-0.01,-0.6,-0.012,-0.25,-0.36,-1.2,0.500007,-0.076564,-4.7e-05,0.0,-0.057013,-0.021805,-0.015104,-0.03102,0.87332,-0.02988,-0.103259,-0.012544,-0.02188,1.835483,4.341335,-0.082273,-0.000489,-0.315692,2.869565,0.014687,0.084224,0.121486
453,194.486374,1000.0,0.884817,0.83505,0.0,0.0,0.061467,73637.0,0.108362,0.267843,0.156772,0.285737,-0.029608,0.752022,4.757786,-0.01,-0.6,-0.012,-0.25,-0.36,-1.2,0.500007,-0.083254,-8.4e-05,0.0,-0.059946,-0.022235,-0.015437,-0.031408,0.876821,-0.030743,-0.090656,-0.012822,-0.026279,1.850267,4.313089,-0.086823,-0.000439,-0.24146,3.391304,0.013263,0.089723,0.104683
454,193.512909,1000.0,0.892844,0.823649,0.0,0.0,0.061401,74552.0,0.1134,0.259285,0.166922,0.286615,-0.030319,0.733209,4.777163,-0.01,-0.6,-0.012,-0.25,-0.36,-1.2,0.500007,-0.078825,-0.000131,0.0,-0.063047,-0.022095,-0.015765,-0.031612,0.874137,-0.030507,-0.102126,-0.01418,-0.025194,1.837857,4.321665,-0.085587,-0.000334,-0.239316,3.454545,0.0129,0.085716,0.124423
455,194.732285,1000.0,0.890397,0.839764,0.0,0.0,0.061305,50673.0,0.110976,0.256326,0.174961,0.28423,-0.029974,0.757819,4.749485,-0.01,-0.6,-0.012,-0.25,-0.36,-1.2,0.500007,-0.076585,-4e-05,0.0,-0.062193,-0.02197,-0.015281,-0.031316,0.889317,-0.030463,-0.105094,-0.014279,-0.026098,1.847658,4.326468,-0.084404,-0.00039,-0.282874,3.5,0.012325,0.102842,0.105625
456,194.554321,1000.0,0.876323,0.838909,0.0,0.0,0.061293,73783.0,0.110322,0.259222,0.170627,0.288333,-0.030794,0.755887,4.76063,-0.01,-0.6,-0.012,-0.25,-0.36,-1.2,0.500007,-0.077788,-0.000129,0.0,-0.061552,-0.022134,-0.015662,-0.031502,0.882107,-0.029533,-0.106048,-0.013668,-0.024832,1.844902,4.337337,-0.086443,-0.000357,-0.212075,3.130435,0.015528,0.108668,0.121649
457,195.788727,1000.0,0.865549,0.854237,0.0,0.0,0.061173,75620.0,0.109901,0.255279,0.16869,0.284401,-0.029728,0.761319,4.778194,-0.01,-0.6,-0.012,-0.25,-0.36,-1.2,0.500007,-0.079724,-5.9e-05,0.0,-0.061043,-0.021488,-0.014463,-0.030625,0.893434,-0.029382,-0.098026,-0.013835,-0.028301,1.849591,4.339075,-0.08216,-0.000704,-0.211,3.818182,0.016311,0.090682,0.10955
458,194.481613,1000.0,0.887216,0.821379,0.0,0.0,0.060979,74939.0,0.109069,0.257782,0.153294,0.285321,-0.029441,0.728429,4.789812,-0.01,-0.6,-0.012,-0.25,-0.36,-1.2,0.500007,-0.081684,-0.000238,0.0,-0.060795,-0.02179,-0.015028,-0.030948,0.868067,-0.029764,-0.095303,-0.014751,-0.02857,1.843178,4.3325,-0.086614,-0.000461,-0.240541,24.545456,0.013946,0.097006,0.127173
459,193.451309,1000.0,0.85786,0.834834,0.0,0.0,0.060906,72057.0,0.113518,0.268785,0.170183,0.29414,-0.029802,0.751255,4.756993,-0.01,-0.6,-0.012,-0.25,-0.36,-1.2,0.500007,-0.077862,-9.2e-05,0.0,-0.061599,-0.022393,-0.0163,-0.032372,0.878916,-0.031033,-0.106658,-0.01368,-0.023642,1.827268,4.295904,-0.087579,-0.000512,-0.232474,4.958333,0.013376,0.094856,0.118491
460,195.124435,1000.0,0.882747,0.845345,0.0,0.0,0.060949,70861.0,0.11372,0.260073,0.171286,0.292194,-0.03041,0.76097,4.745026,-0.01,-0.6,-0.012,-0.25,-0.36,-1.2,0.500007,-0.079815,-7e-05,0.0,-0.063449,-0.022096,-0.015813,-0.031905,0.887143,-0.030085,-0.103708,-0.013011,-0.025609,1.831989,4.327785,-0.087068,-0.000397,-0.221923,6.625,0.015204,0.097221,0.119397
461,195.415115,1000.0,0.88451,0.830566,0.0,0.0,0.060807,48529.0,0.109315,0.255131,0.161398,0.282443,-0.028526,0.724357,4.772649,-0.01,-0.6,-0.012,-0.25,-0.36,-1.2,0.500007,-0.081453,-3.4e-05,0.0,-0.058354,-0.021147,-0.014399,-0.030011,0.874897,-0.028978,-0.092717,-0.012727,-0.02398,1.843693,4.347829,-0.082106,-0.000465,-0.242459,6.333333,0.014069,0.086655,0.113296
462,191.833771,1000.0,0.883848,0.852166,0.0,0.0,0.060906,72053.0,0.110741,0.258287,0.167592,0.287588,-0.029959,0.742547,4.738338,-0.01,-0.6,-0.012,-0.25,-0.36,-1.2,0.500007,-0.079458,-6.6e-05,0.0,-0.062143,-0.022037,-0.015962,-0.031926,0.876582,-0.030008,-0.103258,-0.014327,-0.024288,1.838899,4.328986,-0.087164,-0.000408,-0.409362,7.25,0.01447,0.093289,0.120183
463,193.171814,1000.0,0.884877,0.836426,0.0,0.0,0.060828,72156.0,0.11474,0.261774,0.173517,0.304462,-0.032143,0.783472,4.761347,-0.01,-0.6,-0.012,-0.25,-0.36,-1.2,0.500007,-0.081216,-0.000141,0.0,-0.06506,-0.022344,-0.016455,-0.032374,0.885103,-0.031137,-0.102275,-0.015439,-0.026639,1.834496,4.310978,-0.088953,-0.000372,-0.303568,7.166667,0.013482,0.099764,0.124317
464,193.057526,1000.0,0.880541,0.835661,0.0,0.0,0.060714,71674.0,0.110839,0.256941,0.161718,0.284758,-0.029453,0.742979,4.739252,-0.01,-0.6,-0.012,-0.25,-0.36,-1.2,0.500007,-0.081442,-0.0003,0.0,-0.061072,-0.02165,-0.015398,-0.031263,0.8796,-0.029489,-0.092125,-0.013787,-0.025468,1.837044,4.337467,-0.085638,-0.000363,-0.255459,6.625,0.01517,0.099887,0.119878
465,193.292343,1000.0,0.863596,0.836713,0.0,0.0,0.060565,71959.0,0.112132,0.259485,0.172656,0.300574,-0.030622,0.779701,4.736282,-0.01,-0.6,-0.012,-0.25,-0.36,-1.2,0.500007,-0.081512,-0.000134,0.0,-0.062878,-0.021931,-0.015706,-0.031744,0.885327,-0.029775,-0.096386,-0.01337,-0.02662,1.836824,4.331211,-0.087883,-0.000351,-0.292432,7.0,0.015969,0.106839,0.111808
466,195.659958,1000.0,0.881569,0.851168,0.0,0.0,0.060518,71881.0,0.113553,0.258722,0.175106,0.301821,-0.031568,0.779439,4.745146,-0.01,-0.6,-0.012,-0.25,-0.36,-1.2,0.500007,-0.081998,-8e-05,0.0,-0.063023,-0.02207,-0.015897,-0.031728,0.886378,-0.030218,-0.098598,-0.013521,-0.025621,1.837111,4.329534,-0.088149,-0.000406,-0.235889,6.041667,0.015085,0.090717,0.112166
467,195.10289,1000.0,0.881569,0.843297,0.0,0.0,0.060446,52260.0,0.108878,0.256191,0.170425,0.292761,-0.030496,0.774444,4.746069,-0.01,-0.6,-0.012,-0.25,-0.36,-1.2,0.500007,-0.080658,-0.000115,0.0,-0.061795,-0.021422,-0.01531,-0.031401,0.885137,-0.028671,-0.094637,-0.013535,-0.026238,1.850983,4.347932,-0.084681,-0.000326,-0.301792,5.75,0.014462,0.118414,0.109048
468,193.624573,1000.0,0.87258,0.844312,0.0,0.0,0.060383,69003.0,0.110966,0.257598,0.167189,0.283269,-0.028889,0.749241,4.747671,-0.01,-0.6,-0.012,-0.25,-0.36,-1.2,0.500007,-0.079535,-6.5e-05,0.0,-0.060266,-0.021151,-0.014394,-0.030535,0.88311,-0.028596,-0.094717,-0.012906,-0.025417,1.840623,4.347832,-0.081733,-0.000424,-0.330942,5.041667,0.014043,0.088831,0.117625
469,195.358612,1000.0,0.872485,0.836147,0.0,0.0,0.060254,67626.0,0.112385,0.262289,0.171071,0.290441,-0.029787,0.770822,4.740819,-0.01,-0.6,-0.012,-0.25,-0.36,-1.2,0.500007,-0.080798,-8.9e-05,0.0,-0.062756,-0.021384,-0.015063,-0.030976,0.886024,-0.029462,-0.098495,-0.013313,-0.025665,1.837586,4.333759,-0.083142,-0.000423,-0.263617,5.833333,0.015965,0.105017,0.116981
470,196.27504,1000.0,0.880101,0.835537,0.0,0.0,0.060225,70609.0,0.110549,0.253339,0.170978,0.28298,-0.028985,0.746852,4.778079,-0.01,-0.6,-0.012,-0.25,-0.36,-1.2,0.500007,-0.078578,-8.7e-05,0.0,-0.059107,-0.021232,-0.014916,-0.03047,0.87824,-0.028854,-0.102509,-0.012761,-0.021875,1.837967,4.354348,-0.082676,-0.000376,-0.207878,5.666667,0.014479,0.093582,0.109908
471,195.650391,1000.0,0.891099,0.841583,0.0,0.0,0.06018,71647.0,0.109258,0.251974,0.169663,0.288847,-0.029739,0.757276,4.75302,-0.01,-0.6,-0.012,-0.25,-0.36,-1.2,0.500007,-0.08032,-4e-05,0.0,-0.059682,-0.021073,-0.01474,-0.029991,0.877722,-0.027639,-0.089853,-0.012334,-0.023829,1.849682,4.37082,-0.083008,-0.000469,-0.337909,5.333333,0.014719,0.103765,0.118196
472,197.280991,1000.0,0.880238,0.848254,0.0,0.0,0.060101,52268.0,0.109992,0.254106,0.173929,0.293697,-0.030204,0.766706,4.776008,-0.01,-0.6,-0.012,-0.25,-0.36,-1.2,0.500007,-0.079404,-9.8e-05,0.0,-0.060949,-0.021548,-0.015481,-0.030959,0.884258,-0.028885,-0.09493,-0.01323,-0.024918,1.84383,4.350579,-0.085785,-0.000338,-0.216455,6.375,0.015963,0.101279,0.11495
473,192.214233,1000.0,0.879484,0.819731,0.0,0.0,0.060043,73473.0,0.113885,0.25929,0.172603,0.29651,-0.031124,0.770005,4.777443,-0.01,-0.6,-0.012,-0.25,-0.36,-1.2,0.500007,-0.079593,-7.2e-05,0.0,-0.064432,-0.022208,-0.016209,-0.032896,0.881737,-0.03031,-0.104685,-0.013266,-0.025565,1.830007,4.324245,-0.088827,-0.000486,-0.378451,5.416667,0.013725,0.10438,0.115114
474,194.782333,1000.0,0.875389,0.83009,0.0,0.0,0.059843,72604.0,0.112566,0.256166,0.179399,0.318885,-0.032706,0.78969,4.767462,-0.01,-0.6,-0.012,-0.25,-0.36,-1.2,0.500007,-0.081372,-6e-05,0.0,-0.064733,-0.022418,-0.017122,-0.033254,0.881557,-0.030211,-0.103578,-0.013688,-0.025062,1.833407,4.328176,-0.092943,-0.00042,-0.342495,5.0,0.013911,0.090317,0.109187
475,193.036438,1000.0,0.878779,0.824851,0.0,0.0,0.059744,72842.0,0.112554,0.261958,0.170053,0.301198,-0.031122,0.776506,4.766031,-0.01,-0.6,-0.012,-0.25,-0.36,-1.2,0.500007,-0.081938,-0.000125,0.0,-0.063902,-0.021821,-0.016071,-0.032112,0.88258,-0.029999,-0.10162,-0.014852,-0.025621,1.836354,4.323743,-0.088197,-0.000432,-0.377862,5.166667,0.0149,0.097586,0.11828
476,195.909485,1000.0,0.872705,0.832664,0.0,0.0,0.059508,72201.0,0.106254,0.24869,0.166018,0.270153,-0.027137,0.728419,4.741308,-0.01,-0.6,-0.012,-0.25,-0.36,-1.2,0.500007,-0.079808,-5.5e-05,0.0,-0.055506,-0.020126,-0.013498,-0.028432,0.879013,-0.027199,-0.089675,-0.01241,-0.022607,1.85038,4.378802,-0.076539,-0.000375,-0.230511,4.833333,0.017412,0.09976,0.136486
477,195.701523,1000.0,0.875946,0.830289,0.0,0.0,0.059531,69917.0,0.108115,0.251936,0.170443,0.274381,-0.028125,0.738021,4.77144,-0.01,-0.6,-0.012,-0.25,-0.36,-1.2,0.500007,-0.07806,-4.2e-05,0.0,-0.057362,-0.02068,-0.014114,-0.029427,0.878999,-0.028012,-0.09693,-0.012395,-0.021964,1.849993,4.366367,-0.07874,-0.000321,-0.228595,4.583333,0.015229,0.101381,0.120569
478,194.437668,1000.0,0.886582,0.833559,0.0,0.0,0.059481,52233.0,0.107882,0.247933,0.167909,0.279132,-0.028106,0.729801,4.788566,-0.01,-0.6,-0.012,-0.25,-0.36,-1.2,0.500007,-0.078853,-5e-05,0.0,-0.057161,-0.020864,-0.01478,-0.029725,0.87859,-0.027757,-0.089293,-0.011575,-0.023379,1.846311,4.370092,-0.081099,-0.000505,-0.258558,4.458333,0.016389,0.095693,0.133859
479,196.490402,1000.0,0.880524,0.843653,0.0,0.0,0.059537,77175.0,0.112214,0.256245,0.181898,0.307522,-0.031754,0.797244,4.775971,-0.01,-0.6,-0.012,-0.25,-0.36,-1.2,0.500007,-0.079673,-4.8e-05,0.0,-0.061962,-0.021791,-0.016328,-0.03191,0.892241,-0.029532,-0.100659,-0.013276,-0.024512,1.839014,4.335829,-0.088007,-0.00036,-0.283171,3.857143,0.01465,0.107079,0.109774
480,194.682373,1000.0,0.872048,0.834676,0.0,0.0,0.059469,72744.0,0.108967,0.252058,0.167671,0.294036,-0.029565,0.739589,4.795814,-0.01,-0.6,-0.012,-0.25,-0.36,-1.2,0.500007,-0.080905,-3.9e-05,0.0,-0.059858,-0.021216,-0.015555,-0.030776,0.87231,-0.028162,-0.095162,-0.013742,-0.023321,1.839216,4.361184,-0.085977,-0.000425,-0.276371,4.041667,0.016492,0.105622,0.127525
481,194.450836,1000.0,0.885584,0.814043,0.0,0.0,0.059363,75064.0,0.111145,0.259629,0.166447,0.295134,-0.030944,0.766027,4.804841,-0.01,-0.6,-0.012,-0.25,-0.36,-1.2,0.500007,-0.082392,-0.000178,0.0,-0.063007,-0.021447,-0.015775,-0.031033,0.882215,-0.029586,-0.096044,-0.01463,-0.027012,1.839101,4.335048,-0.086905,-0.000469,-0.295961,3.818182,0.01256,0.105571,0.116285
482,195.573532,1000.0,0.885193,0.843829,0.0,0.0,0.059161,77419.0,0.110748,0.253436,0.170117,0.28499,-0.029804,0.730069,4.782373,-0.01,-0.6,-0.012,-0.25,-0.36,-1.2,0.500007,-0.077905,-8.5e-05,0.0,-0.057476,-0.021,-0.014887,-0.029795,0.876494,-0.028332,-0.089901,-0.012312,-0.022119,1.840158,4.358785,-0.082657,-0.000279,-0.209721,4.15,0.013723,0.082554,0.119738
483,195.236542,1000.0,0.890269,0.848384,0.0,0.0,0.059114,71689.0,0.110972,0.25521,0.169733,0.285341,-0.029121,0.764052,4.793295,-0.01,-0.6,-0.012,-0.25,-0.36,-1.2,0.500007,-0.078767,-5e-05,0.0,-0.061603,-0.020893,-0.015073,-0.030724,0.885795,-0.028534,-0.09726,-0.012264,-0.025787,1.838452,4.351204,-0.082467,-0.000476,-0.245352,3.833333,0.014716,0.080778,0.124158
484,194.223862,994.059998,0.885092,0.831669,0.043478,0.0,0.059016,52501.0,0.108762,0.247482,0.171402,0.28235,-0.028849,0.740394,4.786119,-0.01,-0.6,-0.012,-0.25,-0.36,-1.2,0.496773,-0.077328,-6.5e-05,-0.000435,-0.05907,-0.020734,-0.014894,-0.030003,0.876306,-0.028231,-0.099684,-0.012921,-0.022088,1.826743,4.342888,-0.081462,-0.000334,-0.293168,3.26087,0.012529,0.09444,0.120594
485,193.558182,1000.0,0.879299,0.829414,0.0,0.0,0.058895,73068.0,0.109125,0.255677,0.158587,0.284861,-0.030246,0.736163,4.747629,-0.01,-0.6,-0.012,-0.25,-0.36,-1.2,0.500007,-0.080926,-5.9e-05,0.0,-0.059178,-0.020991,-0.015591,-0.030688,0.879111,-0.028307,-0.094143,-0.013793,-0.025307,1.840698,4.356679,-0.084229,-0.00041,-0.293577,3.583333,0.014904,0.084532,0.124976
486,194.558289,1000.0,0.873018,0.823513,0.0,0.0,0.058827,71067.0,0.110606,0.254787,0.181553,0.302893,-0.030954,0.77604,4.762788,-0.01,-0.6,-0.012,-0.25,-0.36,-1.2,0.500007,-0.078057,-0.000184,0.0,-0.061855,-0.021442,-0.01584,-0.031779,0.88026,-0.028451,-0.103872,-0.011911,-0.023174,1.846595,4.355178,-0.086682,-0.0004,-0.232637,3.826087,0.015286,0.107644,0.11715
487,196.222336,1000.0,0.886562,0.823621,0.0,0.0,0.058695,72544.0,0.108218,0.247788,0.164259,0.276015,-0.028832,0.716949,4.766358,-0.01,-0.6,-0.012,-0.25,-0.36,-1.2,0.500007,-0.07593,-0.000105,0.0,-0.057569,-0.020938,-0.014702,-0.030153,0.872623,-0.02819,-0.101623,-0.013262,-0.022842,1.850582,4.367258,-0.081634,-0.000259,-0.163268,3.5,0.013899,0.090289,0.123225
488,195.702454,1000.0,0.893559,0.842579,0.0,0.0,0.058673,75391.0,0.108431,0.25279,0.176058,0.293511,-0.030615,0.776225,4.773034,-0.01,-0.6,-0.012,-0.25,-0.36,-1.2,0.500007,-0.080174,-0.000124,0.0,-0.059491,-0.020831,-0.014982,-0.030133,0.888863,-0.028103,-0.091113,-0.012618,-0.024966,1.847648,4.361694,-0.082605,-0.00037,-0.350249,3.5,0.015214,0.090887,0.120853
489,194.967072,1000.0,0.888352,0.821238,0.0,0.0,0.058608,75595.0,0.108061,0.255161,0.165034,0.29245,-0.029412,0.765824,4.758041,-0.01,-0.6,-0.012,-0.25,-0.36,-1.2,0.500007,-0.082297,-8e-05,0.0,-0.060626,-0.021061,-0.015382,-0.030701,0.882661,-0.02864,-0.091052,-0.01339,-0.026044,1.848704,4.350316,-0.083815,-0.000444,-0.307513,3.454545,0.016169,0.08602,0.120005
490,194.64859,1000.0,0.880126,0.831436,0.0,0.0,0.058599,52064.0,0.110286,0.256084,0.158114,0.289086,-0.029154,0.7489,4.719301,-0.01,-0.6,-0.012,-0.25,-0.36,-1.2,0.500007,-0.083438,-0.000131,0.0,-0.059809,-0.020774,-0.015156,-0.030507,0.874318,-0.028895,-0.094908,-0.013668,-0.025745,1.835365,4.348081,-0.082396,-0.00049,-0.25652,3.916667,0.014438,0.108913,0.126796
491,192.89238,1000.0,0.880035,0.826396,0.0,0.0,0.058538,73282.0,0.108729,0.24484,0.173559,0.279567,-0.028486,0.723863,4.691048,-0.01,-0.6,-0.012,-0.25,-0.36,-1.2,0.500007,-0.07437,-0.000116,0.0,-0.058138,-0.020462,-0.015014,-0.0302,0.874368,-0.027382,-0.10346,-0.012321,-0.022444,1.846878,4.382165,-0.08095,-0.000436,-0.344732,3.833333,0.017678,0.093844,0.125725
492,193.862015,1000.0,0.888275,0.827224,0.0,0.0,0.058397,76191.0,0.107267,0.248179,0.162712,0.270174,-0.028417,0.697063,4.756958,-0.01,-0.6,-0.012,-0.25,-0.36,-1.2,0.500007,-0.078896,-6.7e-05,0.0,-0.057476,-0.020896,-0.014896,-0.029598,0.868876,-0.028007,-0.097169,-0.01212,-0.022696,1.854662,4.372236,-0.082098,-0.000583,-0.212304,3.136364,0.013427,0.104096,0.109462
493,195.509644,1000.0,0.894746,0.857482,0.0,0.0,0.058436,70948.0,0.110546,0.24481,0.180758,0.293511,-0.029851,0.764013,4.735983,-0.01,-0.6,-0.012,-0.25,-0.36,-1.2,0.500007,-0.07444,-2.3e-05,0.0,-0.059956,-0.02085,-0.015407,-0.030533,0.886306,-0.028095,-0.1088,-0.011598,-0.02346,1.843279,4.374588,-0.082379,-0.000398,-0.249866,2.956522,0.014578,0.097969,0.112578
494,197.451599,1000.0,0.885333,0.823249,0.0,0.0,0.05843,74844.0,0.108891,0.246762,0.165476,0.281034,-0.02803,0.740839,4.694139,-0.01,-0.6,-0.012,-0.25,-0.36,-1.2,0.500007,-0.082014,-6.5e-05,0.0,-0.057433,-0.020248,-0.014292,-0.029546,0.875951,-0.028035,-0.088237,-0.013123,-0.023304,1.841845,4.372004,-0.079089,-0.00062,-0.203934,3.347826,0.012516,0.09991,0.131427
495,195.332428,1000.0,0.873563,0.814677,0.0,0.0,0.058367,75241.0,0.108361,0.250333,0.17506,0.297568,-0.031544,0.795793,4.711266,-0.01,-0.6,-0.012,-0.25,-0.36,-1.2,0.500007,-0.083862,-8.2e-05,0.0,-0.064061,-0.020933,-0.015882,-0.031093,0.89366,-0.028349,-0.087832,-0.014699,-0.02664,1.851747,4.359133,-0.085816,-0.000431,-0.307536,3.26087,0.015815,0.104889,0.12402
496,195.05304,1000.0,0.876562,0.822235,0.0,0.0,0.058299,52432.0,0.107748,0.24992,0.170255,0.288265,-0.028823,0.759706,4.724287,-0.01,-0.6,-0.012,-0.25,-0.36,-1.2,0.500007,-0.079552,-2.6e-05,0.0,-0.059564,-0.020305,-0.014541,-0.030035,0.885818,-0.027777,-0.092284,-0.011672,-0.025422,1.855096,4.36877,-0.079754,-0.000646,-0.343326,3.391304,0.014054,0.090335,0.137776
497,195.328018,1000.0,0.887095,0.820685,0.0,0.0,0.058238,73730.0,0.101669,0.246309,0.159285,0.270843,-0.027214,0.725733,4.73475,-0.01,-0.6,-0.012,-0.25,-0.36,-1.2,0.500007,-0.080308,-1.7e-05,0.0,-0.055504,-0.020001,-0.013836,-0.028988,0.876478,-0.027032,-0.083485,-0.011142,-0.023435,1.863037,4.388728,-0.077931,-0.000493,-0.278751,3.5,0.014984,0.105013,0.131801
498,195.465393,1000.0,0.874755,0.826127,0.0,0.0,0.0582,76625.0,0.106388,0.250471,0.16121,0.281773,-0.028238,0.741404,4.749269,-0.01,-0.6,-0.012,-0.25,-0.36,-1.2,0.500007,-0.081879,-1.8e-05,0.0,-0.057328,-0.020403,-0.014325,-0.029325,0.87426,-0.02705,-0.085286,-0.011996,-0.025014,1.855967,4.382205,-0.080537,-0.000448,-0.338741,3.227273,0.015584,0.104939,0.111943
499,196.249496,1000.0,0.853924,0.836913,0.0,0.0,0.058196,74088.0,0.110824,0.253635,0.171922,0.289645,-0.029506,0.758654,4.725167,-0.010435,-0.608696,-0.012348,-0.25,-0.370435,-1.234783,0.500007,-0.076584,-9.7e-05,0.0,-0.06055,-0.020691,-0.01523,-0.03071,0.887013,-0.027944,-0.10081,-0.013434,-0.025461,1.839635,4.360259,-0.081961,-0.000433,-0.205563,3.652174,0.017047,0.099038,0.11955
500,194.77652,1000.0,0.875271,0.822023,0.0,0.0,0.058139,71794.0,0.110663,0.250816,0.180504,0.293574,-0.029918,0.777531,4.704903,-0.02,-0.8,-0.02,-0.25,-0.6,-2.0,0.500007,-0.07828,-7.6e-05,0.0,-0.062356,-0.020687,-0.015033,-0.030714,0.891482,-0.027952,-0.101402,-0.012266,-0.024209,1.839003,4.370008,-0.082815,-0.000369,-0.279748,24.818182,0.013666,0.107402,0.118996
501,196.640503,1000.0,0.874175,0.82644,0.0,0.0,0.057963,68801.0,0.111054,0.257735,0.178693,0.299672,-0.031005,0.769844,4.705847,-0.02,-0.8,-0.02,-0.25,-0.6,-2.0,0.500007,-0.079432,-0.000111,0.0,-0.061722,-0.021247,-0.016023,-0.031644,0.883459,-0.030032,-0.107475,-0.013432,-0.023147,1.838862,4.342567,-0.086745,-0.000389,-0.261709,6.458333,0.0149,0.094296,0.115052
502,198.053177,1000.0,0.888026,0.841636,0.0,0.0,0.057933,48389.0,0.106377,0.248336,0.163842,0.275429,-0.028026,0.733439,4.7106,-0.02,-0.8,-0.02,-0.25,-0.6,-2.0,0.500007,-0.083951,-3.3e-05,0.0,-0.055659,-0.01991,-0.014069,-0.029156,0.87964,-0.027849,-0.089341,-0.011745,-0.022734,1.850397,4.389575,-0.078463,-0.000375,-0.213649,5.958333,0.014887,0.107336,0.116065
503,195.272598,1000.0,0.882403,0.829791,0.0,0.0,0.057823,69150.0,0.107014,0.249294,0.169143,0.286389,-0.029678,0.746849,4.706354,-0.02,-0.8,-0.02,-0.25,-0.6,-2.0,0.500007,-0.085313,-9.8e-05,0.0,-0.059783,-0.020642,-0.015205,-0.031445,0.875912,-0.029011,-0.100705,-0.011843,-0.023787,1.853215,4.37459,-0.082509,-0.000521,-0.273789,7.0,0.014553,0.101383,0.125518
504,195.413971,1000.0,0.881055,0.840182,0.0,0.0,0.057839,68467.0,0.109473,0.249888,0.17153,0.295903,-0.030968,0.765963,4.698478,-0.02,-0.8,-0.02,-0.25,-0.6,-2.0,0.500007,-0.087924,-0.000107,0.0,-0.06148,-0.020727,-0.015822,-0.032503,0.880262,-0.029693,-0.10309,-0.014067,-0.02436,1.841993,4.369933,-0.084692,-0.000441,-0.28044,6.75,0.014402,0.097387,0.114762
505,194.733444,1000.0,0.879915,0.836308,0.0,0.0,0.057692,68237.0,0.106485,0.249142,0.164805,0.282011,-0.028794,0.734386,4.711182,-0.02,-0.8,-0.02,-0.25,-0.6,-2.0,0.500007,-0.089274,-8.6e-05,0.0,-0.057681,-0.020045,-0.014449,-0.030958,0.874127,-0.029361,-0.098571,-0.012124,-0.023772,1.848234,4.380352,-0.079874,-0.000547,-0.265972,7.666667,0.013973,0.098544,0.110508
506,195.620209,1000.0,0.872851,0.833061,0.0,0.0,0.057603,64483.0,0.108365,0.251093,0.17071,0.291796,-0.030201,0.759054,4.69103,-0.02,-0.8,-0.02,-0.25,-0.6,-2.0,0.500007,-0.09047,-7.7e-05,0.0,-0.059743,-0.020562,-0.015234,-0.032459,0.885496,-0.030602,-0.106729,-0.012523,-0.02557,1.846102,4.371301,-0.082927,-0.000387,-0.25735,6.333333,0.015916,0.100532,0.119252
507,195.531128,1000.0,0.894491,0.837114,0.0,0.0,0.057524,55860.0,0.107851,0.245199,0.167829,0.279249,-0.028153,0.753638,4.686318,-0.02,-0.8,-0.02,-0.25,-0.6,-2.0,0.500007,-0.09267,-3.6e-05,0.0,-0.057368,-0.019748,-0.013845,-0.030778,0.885965,-0.029649,-0.098606,-0.012079,-0.023426,1.850806,4.393926,-0.07763,-0.000481,-0.325584,6.208333,0.013924,0.093745,0.112348
508,192.42807,990.369995,0.870552,0.824746,0.041667,0.0,0.057533,44545.0,0.108143,0.249874,0.167608,0.283658,-0.029207,0.75513,4.666545,-0.02,-0.8,-0.02,-0.25,-0.6,-2.0,0.497138,-0.094452,-7.6e-05,-0.000238,-0.059396,-0.019878,-0.014544,-0.031993,0.879173,-0.030889,-0.105839,-0.012988,-0.024571,1.836369,4.349629,-0.078962,-0.000535,-0.27267,5.833333,0.015331,0.103558,0.12549
509,196.875031,1000.0,0.889897,0.849028,0.0,0.0,0.057388,62793.0,0.103786,0.246369,0.161326,0.266471,-0.027201,0.710109,4.650465,-0.02,-0.8,-0.02,-0.25,-0.6,-2.0,0.500007,-0.095075,-5.9e-05,0.0,-0.054753,-0.019552,-0.013838,-0.030366,0.875873,-0.030564,-0.104341,-0.011613,-0.021567,1.858694,4.393846,-0.075401,-0.000324,-0.22242,6.125,0.012532,0.093736,0.109077
510,195.833725,1000.0,0.88901,0.829052,0.0,0.0,0.057155,54148.0,0.107894,0.249617,0.174031,0.292462,-0.030015,0.756376,4.669309,-0.02,-0.8,-0.02,-0.25,-0.6,-2.0,0.500007,-0.099201,-0.000144,0.0,-0.060145,-0.020318,-0.01515,-0.033213,0.884082,-0.03104,-0.106408,-0.012627,-0.023161,1.849826,4.38606,-0.083698,-0.000388,-0.224363,5.083333,0.013949,0.101311,0.120977
511,193.94693,1000.0,0.865925,0.831765,0.0,0.0,0.057005,63840.0,0.107864,0.251049,0.169965,0.277535,-0.028753,0.742941,4.665264,-0.02,-0.8,-0.02,-0.25,-0.6,-2.0,0.500007,-0.098181,-0.000133,0.0,-0.059356,-0.020056,-0.014393,-0.032983,0.886481,-0.0326,-0.118063,-0.011911,-0.025156,1.850747,4.371534,-0.0794,-0.000463,-0.281745,5.791667,0.015301,0.099814,0.12389
512,194.258713,1000.0,0.880717,0.829095,0.0,0.0,0.056973,65053.0,0.106357,0.252345,0.168721,0.288907,-0.029733,0.758393,4.657186,-0.02,-0.8,-0.02,-0.25,-0.6,-2.0,0.500007,-0.102273,-3.1e-05,0.0,-0.05953,-0.020216,-0.015081,-0.033182,0.878877,-0.033355,-0.111691,-0.013326,-0.024472,1.851302,4.365942,-0.081315,-0.00049,-0.267945,5.625,0.016313,0.105079,0.132638
513,194.447052,1000.0,0.886913,0.826764,0.0,0.0,0.056825,43104.0,0.108806,0.247375,0.167741,0.290962,-0.0302,0.755359,4.665293,-0.02,-0.8,-0.02,-0.25,-0.6,-2.0,0.500007,-0.10461,-0.000101,0.0,-0.059684,-0.019966,-0.014974,-0.033038,0.880044,-0.032734,-0.111352,-0.013596,-0.024323,1.842799,4.384855,-0.080955,-0.000374,-0.259641,5.375,0.015988,0.108477,0.127981
514,193.144745,1000.0,0.871953,0.827763,0.0,0.0,0.056873,60686.0,0.106701,0.249501,0.162623,0.280353,-0.028976,0.734036,4.65759,-0.02,-0.8,-0.02,-0.25,-0.6,-2.0,0.500007,-0.107344,-0.000105,0.0,-0.058956,-0.020115,-0.014785,-0.033747,0.878084,-0.033565,-0.114667,-0.012235,-0.024596,1.85007,4.374914,-0.080948,-0.00041,-0.296524,6.083333,0.016341,0.103645,0.140207
515,195.787537,1000.0,0.87632,0.839733,0.0,0.0,0.056933,61248.0,0.105684,0.246788,0.16704,0.281973,-0.029514,0.735581,4.684208,-0.02,-0.8,-0.02,-0.25,-0.6,-2.0,0.500007,-0.107114,-8.6e-05,0.0,-0.05789,-0.019855,-0.014614,-0.033265,0.88017,-0.032861,-0.110004,-0.012595,-0.024609,1.856056,4.393413,-0.080408,-0.000745,-0.277223,5.5,0.015631,0.094648,0.109398
516,196.169815,1000.0,0.872542,0.831091,0.0,0.0,0.056675,59637.0,0.106652,0.2418,0.16393,0.273615,-0.027985,0.74935,4.669634,-0.02,-0.8,-0.02,-0.25,-0.6,-2.0,0.500007,-0.111432,-9.7e-05,0.0,-0.056448,-0.019152,-0.013577,-0.032439,0.881237,-0.03274,-0.10333,-0.011394,-0.023253,1.845959,4.40634,-0.075615,-0.000605,-0.218887,4.583333,0.013856,0.117896,0.132214
517,196.229584,1000.0,0.884743,0.827769,0.0,0.0,0.056638,65348.0,0.108411,0.252097,0.174188,0.296036,-0.031034,0.778792,4.702709,-0.02,-0.8,-0.02,-0.25,-0.6,-2.0,0.500007,-0.11515,-0.000152,0.0,-0.060452,-0.020182,-0.015254,-0.035045,0.888944,-0.034573,-0.112637,-0.012154,-0.024487,1.8439,4.376572,-0.082502,-0.000478,-0.234968,5.541667,0.015264,0.092964,0.109224
518,192.388947,1000.0,0.879924,0.839092,0.0,0.0,0.056433,47083.0,0.104086,0.247536,0.164164,0.276459,-0.029143,0.740907,4.707041,-0.02,-0.8,-0.02,-0.25,-0.6,-2.0,0.500007,-0.115496,-8.5e-05,0.0,-0.056577,-0.019517,-0.014569,-0.033226,0.882313,-0.033337,-0.113385,-0.011993,-0.024766,1.851331,4.399021,-0.078378,-0.000536,-0.36425,4.75,0.014496,0.099419,0.12865
519,193.462997,1000.0,0.865035,0.838004,0.0,0.0,0.056323,65965.0,0.106955,0.251346,0.165708,0.283736,-0.029349,0.750991,4.665761,-0.02,-0.8,-0.02,-0.25,-0.6,-2.0,0.500007,-0.118155,-0.000278,0.0,-0.060482,-0.019976,-0.01486,-0.035657,0.878963,-0.035409,-0.124016,-0.012745,-0.025094,1.851281,4.376662,-0.080932,-0.000485,-0.282559,4.125,0.017853,0.100699,0.109742
520,193.921692,1000.0,0.878469,0.832741,0.0,0.0,0.056354,62967.0,0.108614,0.248875,0.164294,0.289668,-0.029984,0.751804,4.665881,-0.02,-0.8,-0.02,-0.25,-0.6,-2.0,0.500007,-0.121257,-0.000107,0.0,-0.059148,-0.020003,-0.015301,-0.03581,0.876187,-0.036168,-0.124248,-0.012631,-0.024025,1.846182,4.377249,-0.082419,-0.000493,-0.256765,4.869565,0.012935,0.091492,0.111591
521,195.111908,1000.0,0.88239,0.820374,0.0,0.0,0.056261,66942.0,0.108506,0.250598,0.168152,0.294199,-0.030655,0.741278,4.722982,-0.02,-0.8,-0.02,-0.25,-0.6,-2.0,0.500007,-0.119106,-4.1e-05,0.0,-0.060526,-0.020278,-0.015916,-0.036522,0.869669,-0.036739,-0.126682,-0.013005,-0.023841,1.83424,4.374656,-0.084887,-0.000624,-0.189713,3.954545,0.015222,0.108084,0.153682
522,193.836136,1000.0,0.886299,0.822218,0.0,0.0,0.05628,63092.0,0.104727,0.243541,0.165327,0.273929,-0.028736,0.740238,4.67767,-0.02,-0.8,-0.02,-0.25,-0.6,-2.0,0.500007,-0.118718,-0.000137,0.0,-0.057507,-0.019378,-0.014598,-0.034713,0.886669,-0.035349,-0.115031,-0.011654,-0.024255,1.853874,4.402491,-0.077281,-0.000469,-0.279269,3.375,0.01434,0.107343,0.133012
523,194.391541,1000.0,0.88651,0.838697,0.0,0.0,0.056184,44824.0,0.108617,0.24675,0.170755,0.286099,-0.030822,0.743838,4.732183,-0.02,-0.8,-0.02,-0.25,-0.6,-2.0,0.500007,-0.125164,-0.000122,0.0,-0.059454,-0.019849,-0.015052,-0.035245,0.880233,-0.035034,-0.118996,-0.011772,-0.023894,1.837146,4.40109,-0.082202,-0.000539,-0.283521,4.571429,0.012871,0.085001,0.124456
524,193.94017,1000.0,0.890421,0.81315,0.0,0.0,0.056078,64252.0,0.109489,0.249582,0.176107,0.298834,-0.031372,0.789555,4.710983,-0.02,-0.8,-0.02,-0.25,-0.6,-2.0,0.500007,-0.123086,-7.9e-05,0.0,-0.062389,-0.020203,-0.015878,-0.037252,0.891965,-0.038187,-0.142621,-0.013734,-0.024546,1.846793,4.375497,-0.083712,-0.000696,-0.321951,4.0,0.012433,0.098961,0.130492
525,192.62674,1000.0,0.89075,0.83354,0.0,0.0,0.056075,68752.0,0.105257,0.237812,0.160606,0.279421,-0.029025,0.729945,4.685864,-0.02,-0.8,-0.02,-0.25,-0.6,-2.0,0.500007,-0.129757,-8.4e-05,0.0,-0.056488,-0.019519,-0.014641,-0.035508,0.877976,-0.036518,-0.11968,-0.013371,-0.024392,1.849603,4.407274,-0.079467,-0.000542,-0.286919,3.173913,0.012818,0.096929,0.118681
526,193.628189,1000.0,0.878773,0.837407,0.0,0.0,0.056126,63279.0,0.10766,0.249393,0.175103,0.291244,-0.030233,0.770041,4.70109,-0.02,-0.8,-0.02,-0.25,-0.6,-2.0,0.500007,-0.126462,-5.9e-05,0.0,-0.059193,-0.019704,-0.01487,-0.036761,0.889428,-0.037686,-0.139255,-0.012817,-0.023347,1.849265,4.386109,-0.081147,-0.00059,-0.365192,3.583333,0.014106,0.085405,0.11678
527,194.650284,1000.0,0.875623,0.833791,0.0,0.0,0.056017,64148.0,0.104725,0.249808,0.169533,0.287613,-0.029709,0.772537,4.656232,-0.02,-0.8,-0.02,-0.25,-0.6,-2.0,0.500007,-0.133949,-8.8e-05,0.0,-0.059152,-0.019498,-0.01482,-0.036203,0.885512,-0.037938,-0.128203,-0.013319,-0.024103,1.852652,4.392901,-0.079888,-0.000726,-0.302123,3.625,0.013948,0.095644,0.094841
528,191.977356,1000.0,0.870139,0.818178,0.0,0.0,0.055898,44145.0,0.110632,0.244897,0.16919,0.29242,-0.030155,0.787316,4.681975,-0.02,-0.8,-0.02,-0.25,-0.6,-2.0,0.500007,-0.136128,-6.5e-05,0.0,-0.061604,-0.019655,-0.014982,-0.03859,0.892918,-0.038853,-0.136812,-0.012625,-0.025516,1.834049,4.389548,-0.081079,-0.000665,-0.297979,3.478261,0.013696,0.116442,0.130395
529,194.947098,1000.0,0.878812,0.841501,0.0,0.0,0.055931,62951.0,0.103014,0.242373,0.163414,0.284928,-0.029372,0.770646,4.668601,-0.02,-0.8,-0.02,-0.25,-0.6,-2.0,0.500007,-0.136962,-6e-05,0.0,-0.058373,-0.019323,-0.014708,-0.036642,0.886685,-0.037636,-0.13785,-0.011912,-0.026668,1.858982,4.406026,-0.079132,-0.000447,-0.293034,4.0,0.013437,0.097985,0.109903
530,194.902771,1000.0,0.886123,0.824427,0.0,0.0,0.055894,64008.0,0.102845,0.241409,0.161854,0.278593,-0.028594,0.756397,4.673365,-0.02,-0.8,-0.02,-0.25,-0.6,-2.0,0.500007,-0.136789,-4.5e-05,0.0,-0.057132,-0.018843,-0.013925,-0.035843,0.889177,-0.038027,-0.127957,-0.012136,-0.026333,1.865328,4.40963,-0.075501,-0.000654,-0.259449,3.434783,0.014523,0.103422,0.118242
531,193.428955,1000.0,0.867272,0.8276,0.0,0.0,0.055922,64529.0,0.108407,0.244335,0.177728,0.301515,-0.031844,0.797005,4.667606,-0.02,-0.8,-0.02,-0.25,-0.6,-2.0,0.500007,-0.136146,-3.7e-05,0.0,-0.060525,-0.019789,-0.015623,-0.037957,0.887459,-0.040983,-0.144292,-0.012242,-0.024912,1.846831,4.386662,-0.082285,-0.000804,-0.301711,3.363636,0.017547,0.097636,0.114741
532,194.640289,1000.0,0.876473,0.82869,0.0,0.0,0.055879,61600.0,0.106544,0.242142,0.168906,0.277936,-0.028785,0.72506,4.657958,-0.02,-0.8,-0.02,-0.25,-0.6,-2.0,0.500007,-0.137528,-1.8e-05,0.0,-0.057039,-0.019236,-0.014233,-0.03679,0.884218,-0.039153,-0.137467,-0.011283,-0.02401,1.847691,4.411003,-0.077999,-0.000493,-0.205123,4.208333,0.015289,0.094036,0.114935
533,193.177536,1000.0,0.877793,0.818789,0.0,0.0,0.05575,44409.0,0.105942,0.240326,0.165594,0.279535,-0.028805,0.740029,4.661255,-0.02,-0.8,-0.02,-0.25,-0.6,-2.0,0.500007,-0.140785,-0.00033,0.0,-0.056853,-0.019113,-0.014246,-0.037802,0.883598,-0.037999,-0.141162,-0.011307,-0.023957,1.847356,4.421998,-0.078685,-0.000618,-0.239195,3.166667,0.01253,0.085951,0.109596
534,194.170547,1000.0,0.874057,0.821272,0.0,0.0,0.055732,65851.0,0.108627,0.244607,0.170203,0.292064,-0.029956,0.760677,4.676035,-0.02,-0.8,-0.02,-0.25,-0.6,-2.0,0.500007,-0.145019,-0.000131,0.0,-0.059592,-0.019551,-0.015105,-0.03861,0.887221,-0.040457,-0.145132,-0.011609,-0.025093,1.843102,4.397366,-0.080909,-0.000589,-0.268237,3.590909,0.015623,0.110846,0.127591
535,193.13942,1000.0,0.884468,0.808189,0.0,0.0,0.055705,66839.0,0.106542,0.245447,0.170679,0.284553,-0.02975,0.754858,4.683864,-0.02,-0.8,-0.02,-0.25,-0.6,-2.0,0.500007,-0.149724,-0.000143,0.0,-0.058031,-0.019139,-0.014475,-0.037465,0.884336,-0.041651,-0.144242,-0.013065,-0.024389,1.84935,4.387916,-0.07722,-0.00048,-0.292374,2.521739,0.015399,0.119322,0.142311
536,191.176682,1000.0,0.865426,0.826883,0.0,0.0,0.055632,69155.0,0.107304,0.246093,0.171973,0.294945,-0.030257,0.780088,4.666787,-0.02,-0.8,-0.02,-0.25,-0.6,-2.0,0.500007,-0.146114,-7.7e-05,0.0,-0.06182,-0.019351,-0.014763,-0.039389,0.888803,-0.041983,-0.15574,-0.013699,-0.025978,1.848967,4.389696,-0.079613,-0.000796,-0.358182,3.913043,0.015496,0.100752,0.127925
537,191.989319,1000.0,0.864389,0.813452,0.0,0.0,0.055667,67371.0,0.105413,0.242504,0.166582,0.294782,-0.031838,0.749894,4.667459,-0.02,-0.8,-0.02,-0.25,-0.6,-2.0,0.500007,-0.156201,-1.8e-05,0.0,-0.059076,-0.019452,-0.015337,-0.039399,0.87409,-0.040792,-0.129588,-0.014442,-0.025781,1.846316,4.410274,-0.083739,-0.000666,-0.262421,3.0,0.015808,0.097596,0.135371
538,192.063568,1000.0,0.862544,0.807944,0.0,0.0,0.055595,60542.0,0.11077,0.256944,0.170393,0.300381,-0.031468,0.787191,4.647329,-0.02,-0.8,-0.02,-0.25,-0.6,-2.0,0.500007,-0.154035,-5.1e-05,0.0,-0.06281,-0.020223,-0.015469,-0.041305,0.882296,-0.045269,-0.151068,-0.014717,-0.027153,1.83191,4.356857,-0.084753,-0.000557,-0.300391,3.5,0.013561,0.099291,0.134539
539,191.276947,1000.0,0.867583,0.843911,0.0,0.0,0.055587,44487.0,0.110277,0.250183,0.176053,0.309649,-0.032053,0.80771,4.662653,-0.02,-0.8,-0.02,-0.25,-0.6,-2.0,0.500007,-0.156958,-0.000122,0.0,-0.06197,-0.019856,-0.015488,-0.040642,0.883312,-0.044828,-0.154288,-0.01309,-0.025724,1.836588,4.373897,-0.083795,-0.000707,-0.323932,3.208333,0.01429,0.123169,0.127887
540,191.404358,1000.0,0.880053,0.837954,0.0,0.0,0.055558,69882.0,0.108279,0.245006,0.163093,0.284372,-0.029039,0.748363,4.613667,-0.02,-0.8,-0.02,-0.25,-0.6,-2.0,0.500007,-0.155929,-0.000117,0.0,-0.05863,-0.019155,-0.014527,-0.039443,0.879589,-0.044169,-0.157414,-0.012883,-0.025333,1.840145,4.389117,-0.078391,-0.00063,-0.319438,3.590909,0.014097,0.089552,0.102265
541,192.592209,1000.0,0.869428,0.848917,0.0,0.0,0.055457,70514.0,0.102866,0.239668,0.159223,0.275544,-0.028774,0.716418,4.620421,-0.02,-0.8,-0.02,-0.25,-0.6,-2.0,0.500007,-0.154268,-6e-05,0.0,-0.057235,-0.019105,-0.014277,-0.039547,0.879196,-0.043236,-0.152406,-0.012432,-0.024827,1.85308,4.40767,-0.078442,-0.000542,-0.250375,24.0,0.013341,0.095914,0.105305
542,192.860886,1000.0,0.876105,0.824232,0.0,0.0,0.055299,71847.0,0.110236,0.247709,0.172367,0.299724,-0.031361,0.797516,4.648666,-0.02,-0.8,-0.02,-0.25,-0.6,-2.0,0.500007,-0.158418,-4.4e-05,0.0,-0.06256,-0.019827,-0.015554,-0.042035,0.892847,-0.046231,-0.159379,-0.014204,-0.026106,1.842219,4.373539,-0.082928,-0.000655,-0.316133,4.045455,0.017702,0.088734,0.136526
543,194.187088,1000.0,0.878392,0.842021,0.0,0.0,0.055281,65157.0,0.10581,0.241245,0.174284,0.283627,-0.029193,0.746343,4.623071,-0.02,-0.8,-0.02,-0.25,-0.6,-2.0,0.500007,-0.151531,-5.4e-05,0.0,-0.057028,-0.018948,-0.014289,-0.039433,0.879537,-0.042765,-0.156395,-0.012267,-0.022408,1.851178,4.414128,-0.077736,-0.000514,-0.261499,6.958333,0.015085,0.096266,0.113596
544,192.899033,1000.0,0.878298,0.81646,0.0,0.0,0.055259,44038.0,0.105378,0.247014,0.169862,0.279897,-0.02892,0.746368,4.631299,-0.02,-0.8,-0.02,-0.25,-0.6,-2.0,0.500007,-0.158278,-7.8e-05,0.0,-0.056718,-0.018815,-0.014188,-0.039302,0.884414,-0.043229,-0.146854,-0.012354,-0.02327,1.853063,4.400156,-0.077051,-0.000683,-0.269381,5.791667,0.014735,0.105543,0.129207
545,192.113205,1000.0,0.885336,0.831404,0.0,0.0,0.055221,59738.0,0.105639,0.241827,0.164359,0.27378,-0.028396,0.723092,4.609819,-0.02,-0.8,-0.02,-0.25,-0.6,-2.0,0.500007,-0.156025,-3.5e-05,0.0,-0.054908,-0.018607,-0.013954,-0.037985,0.883587,-0.042427,-0.141814,-0.011976,-0.023004,1.846224,4.416443,-0.0755,-0.000609,-0.262989,7.0,0.014173,0.098322,0.121656
546,193.25531,1000.0,0.885083,0.840574,0.0,0.0,0.055184,64147.0,0.10792,0.242552,0.175512,0.293598,-0.030342,0.751903,4.624118,-0.02,-0.8,-0.02,-0.25,-0.6,-2.0,0.500007,-0.154945,-9.2e-05,0.0,-0.058415,-0.019303,-0.015053,-0.040327,0.883215,-0.043211,-0.154678,-0.012424,-0.023485,1.844566,4.40694,-0.081501,-0.000698,-0.291143,7.125,0.014066,0.100995,0.105968
547,193.555588,1000.0,0.871652,0.838219,0.0,0.0,0.055002,66267.0,0.104136,0.242368,0.16627,0.279301,-0.028771,0.746858,4.631114,-0.02,-0.8,-0.02,-0.25,-0.6,-2.0,0.500007,-0.157678,-6.9e-05,0.0,-0.056995,-0.018685,-0.013895,-0.03842,0.888671,-0.042808,-0.147531,-0.01247,-0.025055,1.853044,4.409372,-0.076201,-0.000663,-0.26969,7.416667,0.014409,0.086861,0.111974
548,193.427963,1000.0,0.876875,0.833851,0.0,0.0,0.054981,68126.0,0.106935,0.243619,0.167159,0.28252,-0.02867,0.750061,4.627623,-0.02,-0.8,-0.02,-0.25,-0.6,-2.0,0.500007,-0.156743,-4.7e-05,0.0,-0.057196,-0.018643,-0.01398,-0.038902,0.883042,-0.0424,-0.14866,-0.011822,-0.024958,1.84786,4.412964,-0.076574,-0.000592,-0.260254,6.25,0.015913,0.089353,0.128601
549,194.297913,1000.0,0.889098,0.833833,0.0,0.0,0.054954,66100.0,0.104067,0.243606,0.161245,0.274091,-0.028808,0.726654,4.675183,-0.02,-0.8,-0.02,-0.25,-0.6,-2.0,0.500007,-0.157704,-1.7e-05,0.0,-0.055659,-0.018525,-0.014013,-0.038138,0.877479,-0.042943,-0.138754,-0.01239,-0.02321,1.854743,4.40846,-0.07562,-0.000519,-0.211145,6.291667,0.014973,0.084405,0.119298
