iteration,reward,episode_length,height_reward,upright_reward,tipped_over,collapsed,exploration,steps_per_second,speed_error,turn_error,stepping,leg_swing,dragging,ground_covered,landing_force,Curriculum/ease_in_effort/weight,Curriculum/ease_in_landing/weight,Curriculum/ease_in_shake/weight,Curriculum/ease_in_smoothness/weight,Curriculum/ease_in_steadiness/weight,Curriculum/ease_in_straightness/weight,Episode_Reward/alive,Episode_Reward/effort,Episode_Reward/end_stops,Episode_Reward/even_stance,Episode_Reward/fell_over,Episode_Reward/hard_landing,Episode_Reward/jitter,Episode_Reward/joint_shock,Episode_Reward/landing_speed,Episode_Reward/posture,Episode_Reward/rocking,Episode_Reward/shaking,Episode_Reward/skidding,Episode_Reward/swing_height,Episode_Reward/track_speed,Episode_Reward/track_turn,Episode_Reward/twitching,Episode_Reward/veering,Episode_Reward/wandering,Episode_Termination/nose_dived,Episode_Termination/time_out,Metrics/posture/error_height,Metrics/posture/error_pitch,Metrics/posture/error_roll
7497,1.458723,10.22,0.009652,0.009661,0.0,38.347828,0.061406,33361.0,0.005038,0.003417,0.000924,0.002512,-0.000571,0.004197,6.39532,-0.02,-0.8,-0.02,-0.25,-0.6,-4.0,0.006005,-0.001989,-7.3e-05,0.0,-0.006245,-0.002011,-0.000264,-0.00016,-0.000298,0.011113,-0.00125,-0.001695,-0.000369,-0.001123,0.015486,0.050563,-0.00077,-3e-06,0.0,37.913044,3.608696,0.044886,0.109782,0.158128
7498,6.998527,38.25,0.029926,0.031195,0.0,0.0,0.061405,48724.0,0.010226,0.010511,0.005404,0.012069,-0.002122,0.020592,6.989274,-0.02,-0.8,-0.02,-0.25,-0.6,-4.0,0.018348,-0.005354,-0.000334,0.0,0.0,-0.004107,-0.000786,-0.000537,-0.001022,0.031903,-0.001873,-0.004967,-0.0005,-0.001975,0.053459,0.155961,-0.00305,-2e-05,-2e-06,0.0,4.869565,0.020762,0.082066,0.118613
7499,11.052286,59.209999,0.05028,0.048455,0.0,0.0,0.06081,47332.0,0.015006,0.015681,0.009087,0.021985,-0.003755,0.038266,7.024632,-0.02,-0.8,-0.02,-0.25,-0.6,-4.0,0.03025,-0.009731,-0.000979,0.0,0.0,-0.006395,-0.001304,-0.001021,-0.001907,0.050685,-0.002792,-0.007981,-0.000642,-0.002697,0.095093,0.262154,-0.005496,-3.8e-05,-1.4e-05,0.0,3.666667,0.018974,0.090031,0.155001
7500,16.076223,85.040001,0.066539,0.071419,0.0,0.0,0.060238,49018.0,0.015102,0.020854,0.012498,0.027315,-0.004632,0.048755,7.126501,-0.02,-0.8,-0.02,-0.25,-0.6,-4.0,0.04225,-0.012531,-0.001198,0.0,0.0,-0.007591,-0.00173,-0.001282,-0.002592,0.070283,-0.003678,-0.009708,-0.000751,-0.002992,0.145784,0.36917,-0.00716,-6.2e-05,-4.2e-05,0.0,4.208333,0.022006,0.081068,0.126366
7501,21.075108,108.82,0.088098,0.091153,0.0,0.0,0.05988,48198.0,0.019227,0.028196,0.019971,0.038651,-0.006024,0.077354,7.068462,-0.02,-0.8,-0.02,-0.25,-0.6,-4.0,0.05425,-0.015116,-0.001268,0.0,0.0,-0.009478,-0.002144,-0.001543,-0.002939,0.091204,-0.00502,-0.013129,-0.000904,-0.003708,0.191926,0.471182,-0.008874,-0.000119,-0.000389,0.0,4.416667,0.020239,0.088537,0.130699
7502,24.598082,130.800003,0.107126,0.111513,0.0,0.0,0.059347,50309.0,0.027549,0.034162,0.020992,0.04488,-0.007939,0.074798,7.180612,-0.02,-0.8,-0.02,-0.25,-0.6,-4.0,0.066261,-0.01891,-0.001998,0.0,0.0,-0.012502,-0.002804,-0.002229,-0.004028,0.109321,-0.006026,-0.016851,-0.001226,-0.004968,0.225567,0.576913,-0.012512,-0.000101,-0.000556,0.0,4.0,0.020519,0.083464,0.12358
7503,30.233931,157.330002,0.126342,0.127927,0.0,0.0,0.058844,47723.0,0.025334,0.038636,0.02249,0.048133,-0.008171,0.090584,7.124028,-0.02,-0.8,-0.02,-0.25,-0.6,-4.0,0.07825,-0.024718,-0.001858,0.0,0.0,-0.012633,-0.00312,-0.002383,-0.004562,0.13152,-0.006506,-0.016089,-0.00118,-0.004731,0.2816,0.688863,-0.013362,-0.000162,-0.000903,0.0,4.25,0.020854,0.084332,0.148528
7504,34.398106,178.740005,0.139758,0.151851,0.0,0.0,0.058439,48995.0,0.030546,0.047681,0.03208,0.061464,-0.010566,0.116333,7.152226,-0.02,-0.8,-0.02,-0.25,-0.6,-4.0,0.090174,-0.027445,-0.002261,0.0,0.0,-0.016017,-0.003709,-0.002932,-0.00553,0.151648,-0.008064,-0.020617,-0.001604,-0.005745,0.324476,0.785327,-0.016302,-0.000196,-0.00391,0.0,4.217391,0.023145,0.085753,0.126654
7505,39.689384,205.110001,0.16446,0.170731,0.0,0.0,0.057896,48254.0,0.031892,0.049943,0.034836,0.064033,-0.010937,0.124901,7.132901,-0.02,-0.8,-0.02,-0.25,-0.6,-4.0,0.10225,-0.029804,-0.001808,0.0,0.0,-0.0163,-0.003878,-0.00291,-0.005471,0.172699,-0.008452,-0.02212,-0.001613,-0.005865,0.374181,0.90137,-0.016061,-0.000225,-0.004079,0.0,4.416667,0.021277,0.077452,0.131302
7506,44.034428,229.419998,0.181365,0.194754,0.0,0.0,0.057363,48105.0,0.039673,0.057963,0.041309,0.076459,-0.013657,0.143601,7.138769,-0.02,-0.8,-0.02,-0.25,-0.6,-4.0,0.114369,-0.034212,-0.002717,0.0,0.0,-0.01994,-0.004678,-0.003785,-0.006857,0.190054,-0.010017,-0.026051,-0.002212,-0.006612,0.410409,1.000529,-0.020993,-0.000257,-0.005038,0.0,4.608696,0.022134,0.071871,0.120433
7507,48.837608,253.369995,0.20171,0.210083,0.0,0.0,0.057192,47907.0,0.041298,0.062036,0.043822,0.081719,-0.013913,0.157575,7.159513,-0.02,-0.8,-0.02,-0.25,-0.6,-4.0,0.126413,-0.03594,-0.0027,0.0,0.0,-0.019734,-0.005025,-0.003842,-0.007125,0.20727,-0.010626,-0.027565,-0.002029,-0.007329,0.460659,1.11292,-0.021288,-0.000297,-0.00859,0.0,4.73913,0.021018,0.089376,0.131315
7508,53.88541,278.609985,0.222152,0.238246,0.0,0.0,0.057166,46930.0,0.0427,0.068128,0.047875,0.090799,-0.016017,0.175609,7.179811,-0.02,-0.8,-0.02,-0.25,-0.6,-4.0,0.13825,-0.041758,-0.003825,0.0,0.0,-0.022742,-0.005499,-0.004479,-0.007939,0.229878,-0.011831,-0.030186,-0.002354,-0.008226,0.507225,1.215362,-0.02452,-0.000489,-0.012474,0.0,4.541667,0.020425,0.073684,0.118939
7509,58.520481,301.059998,0.24057,0.25338,0.0,0.0,0.057063,47166.0,0.044089,0.071538,0.049681,0.095446,-0.015565,0.197801,7.171565,-0.02,-0.8,-0.02,-0.25,-0.6,-4.0,0.15025,-0.04405,-0.002716,0.0,0.0,-0.02296,-0.00553,-0.004074,-0.008033,0.256606,-0.012008,-0.031377,-0.002407,-0.008065,0.559142,1.330396,-0.02323,-0.000598,-0.012697,0.0,4.625,0.021664,0.080621,0.129823
7510,63.039791,326.799988,0.272679,0.277439,0.041667,0.0,0.057116,47857.0,0.054033,0.080177,0.058947,0.118431,-0.021059,0.212907,7.193769,-0.02,-0.8,-0.02,-0.25,-0.6,-4.0,0.162243,-0.049464,-0.005069,0.0,-0.000278,-0.027959,-0.006802,-0.005979,-0.010215,0.266793,-0.015035,-0.036247,-0.003005,-0.008878,0.58802,1.419699,-0.032154,-0.000389,-0.021012,0.0,4.75,0.017151,0.076028,0.131275
7511,65.724701,350.410004,0.248954,0.285919,0.0,0.0,0.057008,48456.0,0.069322,0.088274,0.066457,0.145555,-0.026498,0.243724,7.126179,-0.02,-0.8,-0.02,-0.25,-0.6,-4.0,0.174456,-0.053774,-0.007319,0.0,0.0,-0.038122,-0.008085,-0.007629,-0.013489,0.27478,-0.016581,-0.046729,-0.004192,-0.012705,0.603828,1.515657,-0.041924,-0.000536,-0.029239,0.0,4.565217,0.025705,0.102069,0.135778
7512,71.89827,373.079987,0.311277,0.311606,0.0,0.0,0.056859,47847.0,0.058318,0.091675,0.063494,0.119419,-0.021643,0.217601,7.147188,-0.02,-0.8,-0.02,-0.25,-0.6,-4.0,0.186391,-0.055969,-0.005643,0.0,0.0,-0.029083,-0.007431,-0.006057,-0.010692,0.306831,-0.015684,-0.040244,-0.003172,-0.009628,0.68171,1.642421,-0.033596,-0.00052,-0.020834,0.0,4.434783,0.018321,0.080409,0.12583
7513,76.404076,395.809998,0.315422,0.339814,0.0,0.0,0.05689,48949.0,0.065576,0.096174,0.066767,0.140508,-0.023366,0.25717,7.132499,-0.02,-0.8,-0.02,-0.25,-0.6,-4.0,0.19825,-0.058103,-0.005192,0.0,0.0,-0.033117,-0.008148,-0.006844,-0.01236,0.326078,-0.016911,-0.046531,-0.003341,-0.010721,0.715311,1.744137,-0.037734,-0.000427,-0.028119,0.0,4.041667,0.02329,0.082398,0.113823
7514,80.080551,420.980011,0.326673,0.356369,0.0,0.0,0.056717,50570.0,0.077119,0.103364,0.075296,0.141726,-0.025246,0.265031,7.126654,-0.02,-0.8,-0.02,-0.25,-0.6,-4.0,0.209886,-0.060982,-0.005898,0.0,0.0,-0.0357,-0.008519,-0.007006,-0.012979,0.345121,-0.017549,-0.04538,-0.003753,-0.012317,0.746753,1.847621,-0.038956,-0.000923,-0.039898,0.0,5.090909,0.024065,0.077653,0.134632
7515,85.191299,444.25,0.374393,0.381143,0.0,0.0,0.056746,48902.0,0.079692,0.107707,0.08393,0.172009,-0.031715,0.301224,7.177364,-0.02,-0.8,-0.02,-0.25,-0.6,-4.0,0.222218,-0.067799,-0.0093,0.0,0.0,-0.044217,-0.010067,-0.009671,-0.015924,0.356772,-0.019479,-0.051947,-0.004267,-0.013654,0.789729,1.950953,-0.050611,-0.000683,-0.041471,0.0,4.26087,0.020001,0.079509,0.127259
7516,89.282639,466.98999,0.381112,0.38517,0.0,0.0,0.056735,50255.0,0.082339,0.112295,0.081592,0.16317,-0.029068,0.304957,7.196285,-0.02,-0.8,-0.02,-0.25,-0.6,-4.0,0.234239,-0.074144,-0.005688,0.0,0.0,-0.039413,-0.009478,-0.007858,-0.01439,0.381616,-0.020361,-0.051656,-0.004508,-0.012472,0.836123,2.059568,-0.045272,-0.00057,-0.040453,0.0,4.190476,0.024918,0.074351,0.149313
7517,93.413948,491.359985,0.39821,0.410294,0.0,0.0,0.05681,46992.0,0.085596,0.121251,0.080212,0.178457,-0.033395,0.318357,7.213844,-0.02,-0.8,-0.02,-0.25,-0.6,-4.0,0.246251,-0.081292,-0.008639,0.0,0.0,-0.046328,-0.010654,-0.009504,-0.017158,0.399564,-0.021579,-0.05704,-0.004685,-0.015527,0.869951,2.161614,-0.052632,-0.000647,-0.059993,0.0,3.708333,0.022827,0.094553,0.125803
7518,99.411903,518.460022,0.400441,0.430533,0.0,0.0,0.056794,47822.0,0.086332,0.123848,0.095368,0.189253,-0.030756,0.352378,7.233797,-0.02,-0.8,-0.02,-0.25,-0.6,-4.0,0.258251,-0.07888,-0.006293,0.0,0.0,-0.04263,-0.00992,-0.008198,-0.014972,0.423692,-0.021237,-0.056611,-0.004493,-0.013768,0.933862,2.280665,-0.046767,-0.001104,-0.082282,0.0,4.708333,0.023999,0.089222,0.148632
7519,102.89978,541.530029,0.446203,0.462104,0.0,0.0,0.056731,47450.0,0.10263,0.135381,0.103622,0.213715,-0.038544,0.371187,7.230892,-0.02,-0.8,-0.02,-0.25,-0.6,-4.0,0.270251,-0.078051,-0.01079,0.0,0.0,-0.054243,-0.01161,-0.010606,-0.018711,0.435884,-0.024625,-0.07137,-0.005318,-0.019238,0.939148,2.361425,-0.057891,-0.000822,-0.089793,0.0,4.291667,0.020217,0.073596,0.126439
7520,107.988899,563.099976,0.475622,0.47092,0.0,0.0,0.056667,46796.0,0.091278,0.137795,0.100572,0.186591,-0.033329,0.362447,7.171693,-0.02,-0.8,-0.02,-0.25,-0.6,-4.0,0.282252,-0.080023,-0.007993,0.0,0.0,-0.046312,-0.010793,-0.008427,-0.016037,0.468618,-0.022874,-0.060552,-0.004774,-0.015856,1.024694,2.49492,-0.048825,-0.000972,-0.097935,0.0,4.0,0.01578,0.075191,0.139784
7521,112.814468,588.830017,0.471006,0.492245,0.0,0.0,0.056664,47444.0,0.092751,0.148169,0.10627,0.20383,-0.03446,0.390919,7.244695,-0.02,-0.8,-0.02,-0.25,-0.6,-4.0,0.294252,-0.08744,-0.006015,0.0,0.0,-0.046433,-0.011228,-0.009397,-0.01683,0.486723,-0.025979,-0.065879,-0.005239,-0.014523,1.077041,2.577115,-0.050057,-0.000829,-0.074039,0.0,4.583333,0.019018,0.079209,0.127015
7522,113.927795,610.609985,0.478996,0.501535,0.0,0.0,0.056601,46971.0,0.114556,0.152324,0.107761,0.229924,-0.041867,0.400393,7.21779,-0.02,-0.8,-0.02,-0.25,-0.6,-4.0,0.305368,-0.098051,-0.010626,0.0,-0.000238,-0.056872,-0.013038,-0.012297,-0.020368,0.489501,-0.027629,-0.073008,-0.006076,-0.018135,1.066105,2.671818,-0.065075,-0.001193,-0.147134,0.041667,4.458333,0.022397,0.090426,0.138061
7523,120.57531,635.679993,0.522754,0.561609,0.0,0.0,0.056621,47323.0,0.10109,0.150891,0.112831,0.212834,-0.036716,0.416074,7.173379,-0.02,-0.8,-0.02,-0.25,-0.6,-4.0,0.318253,-0.097591,-0.00698,0.0,0.0,-0.05111,-0.011895,-0.009485,-0.017574,0.533045,-0.025073,-0.06472,-0.005173,-0.017572,1.159073,2.823921,-0.054442,-0.001129,-0.179396,0.0,3.875,0.020007,0.082421,0.108242
7524,123.946693,660.030029,0.530631,0.555195,0.0,0.0,0.056574,48816.0,0.110662,0.160282,0.122992,0.232302,-0.042939,0.419448,7.205481,-0.02,-0.8,-0.02,-0.25,-0.6,-4.0,0.330307,-0.098022,-0.011079,0.0,0.0,-0.059702,-0.013751,-0.011937,-0.021285,0.536045,-0.02791,-0.075953,-0.005936,-0.019466,1.192318,2.911857,-0.065414,-0.001088,-0.157101,0.0,4.043478,0.024222,0.077294,0.136836
7525,130.296326,684.799988,0.560273,0.56946,0.0,0.0,0.056732,49057.0,0.111711,0.170875,0.117021,0.236378,-0.042715,0.431595,7.188713,-0.02,-0.8,-0.02,-0.25,-0.6,-4.0,0.342068,-0.106654,-0.010254,0.0,0.0,-0.059032,-0.013987,-0.012071,-0.021999,0.558571,-0.029171,-0.076535,-0.006099,-0.01936,1.239869,3.004544,-0.066002,-0.001083,-0.123214,0.0,5.043478,0.020097,0.083413,0.132205
7526,134.110565,709.679993,0.59026,0.60385,0.0,0.0,0.056804,47251.0,0.109947,0.171696,0.128338,0.250944,-0.045267,0.485454,7.20997,-0.02,-0.8,-0.02,-0.25,-0.6,-4.0,0.354253,-0.113514,-0.009384,0.0,0.0,-0.061191,-0.014095,-0.011916,-0.02188,0.586859,-0.029009,-0.074441,-0.006216,-0.019221,1.296228,3.129657,-0.066685,-0.001492,-0.194273,0.0,4.25,0.019543,0.072201,0.100889
7527,137.679642,734.630005,0.586461,0.623551,0.0,0.0,0.056888,46827.0,0.114676,0.178583,0.130951,0.262134,-0.045763,0.494395,7.12856,-0.02,-0.8,-0.02,-0.25,-0.6,-4.0,0.366286,-0.115919,-0.008766,0.0,0.0,-0.062076,-0.014652,-0.012613,-0.022512,0.601412,-0.030133,-0.07993,-0.006137,-0.019094,1.33869,3.233632,-0.070186,-0.001735,-0.198737,0.0,4.608696,0.021437,0.07042,0.119879
7528,140.973297,756.630005,0.588424,0.617962,0.0,0.0,0.057076,45633.0,0.134848,0.188189,0.145035,0.28902,-0.052532,0.512653,7.113306,-0.02,-0.8,-0.02,-0.25,-0.6,-4.0,0.378254,-0.112838,-0.013147,0.0,0.0,-0.071881,-0.016366,-0.014999,-0.02577,0.613016,-0.033324,-0.090845,-0.007096,-0.022971,1.342355,3.315907,-0.081924,-0.001295,-0.195594,0.0,4.208333,0.022447,0.083451,0.133274
7529,144.268372,778.640015,0.609435,0.643133,0.0,0.0,0.057103,48346.0,0.127874,0.189891,0.147436,0.289822,-0.052612,0.517136,7.115678,-0.02,-0.8,-0.02,-0.25,-0.6,-4.0,0.390265,-0.117287,-0.013925,0.0,0.0,-0.070827,-0.016321,-0.014844,-0.025593,0.634099,-0.033097,-0.08821,-0.006816,-0.021839,1.413043,3.439427,-0.080709,-0.001733,-0.323592,0.0,3.869565,0.02591,0.102218,0.153755
7530,148.733978,801.669983,0.65322,0.657202,0.0,0.0,0.057329,48724.0,0.135253,0.19953,0.150938,0.286827,-0.052442,0.537775,7.105156,-0.02,-0.8,-0.02,-0.25,-0.6,-4.0,0.398859,-0.119455,-0.011618,0.0,-0.000833,-0.073256,-0.016507,-0.014573,-0.025747,0.655021,-0.036284,-0.097339,-0.00793,-0.024378,1.434459,3.49181,-0.079558,-0.001519,-0.269078,0.041667,4.083333,0.017675,0.107672,0.143716
7531,156.003494,828.429993,0.6739,0.714166,0.0,0.0,0.057472,52666.0,0.133963,0.19636,0.144625,0.275154,-0.048328,0.513541,7.176321,-0.02,-0.8,-0.02,-0.25,-0.6,-4.0,0.414505,-0.125559,-0.011509,0.0,0.0,-0.066677,-0.015909,-0.013045,-0.024,0.678693,-0.033093,-0.086191,-0.006267,-0.021539,1.497856,3.673912,-0.074485,-0.001283,-0.230094,0.0,4.45,0.020453,0.096992,0.132282
7532,160.593933,854.460022,0.699954,0.721532,0.0,0.0,0.057584,47346.0,0.150437,0.210714,0.163512,0.306971,-0.054584,0.572738,7.169923,-0.02,-0.8,-0.02,-0.25,-0.6,-4.0,0.426255,-0.124762,-0.012983,0.0,0.0,-0.073521,-0.016981,-0.014396,-0.026119,0.699326,-0.036577,-0.095564,-0.007462,-0.024093,1.518881,3.747236,-0.079463,-0.001426,-0.210756,0.0,4.416667,0.018326,0.086456,0.143132
7533,166.540009,877.340027,0.704761,0.728148,0.0,0.0,0.057552,48192.0,0.135313,0.210911,0.16203,0.307171,-0.053217,0.582577,7.160954,-0.02,-0.8,-0.02,-0.25,-0.6,-4.0,0.438255,-0.126067,-0.012709,0.0,0.0,-0.072926,-0.01715,-0.014523,-0.026084,0.719924,-0.036681,-0.09703,-0.007469,-0.024425,1.606594,3.865313,-0.080579,-0.001392,-0.239556,0.0,4.541667,0.019558,0.082886,0.143896
7534,167.564774,901.960022,0.713204,0.771213,0.0,0.0,0.057615,46964.0,0.152559,0.216497,0.175768,0.328136,-0.055506,0.612233,7.112646,-0.02,-0.8,-0.02,-0.25,-0.6,-4.0,0.450332,-0.127568,-0.013383,0.0,0.0,-0.075713,-0.017659,-0.01534,-0.027149,0.743899,-0.036961,-0.102361,-0.007213,-0.024668,1.629642,3.979208,-0.082738,-0.001805,-0.446587,0.0,4.695652,0.021264,0.085138,0.126122
7535,170.065613,925.559998,0.72142,0.76245,0.0,0.0,0.057893,46765.0,0.170751,0.23021,0.183776,0.359909,-0.063502,0.632038,7.134114,-0.02,-0.8,-0.02,-0.25,-0.6,-4.0,0.462256,-0.136506,-0.013429,0.0,0.0,-0.089548,-0.019584,-0.018562,-0.030983,0.750384,-0.042041,-0.113121,-0.009046,-0.028254,1.630891,4.038995,-0.097063,-0.001381,-0.390031,0.0,4.25,0.022583,0.07418,0.137493
7536,175.932159,948.869995,0.759545,0.809357,0.0,0.0,0.05798,46000.0,0.156724,0.232154,0.171511,0.329077,-0.060046,0.603718,7.140462,-0.02,-0.8,-0.02,-0.25,-0.6,-4.0,0.474256,-0.146809,-0.015195,0.0,0.0,-0.083799,-0.019204,-0.017253,-0.030017,0.776158,-0.039187,-0.104796,-0.007979,-0.025278,1.719689,4.187896,-0.093089,-0.001679,-0.366135,0.0,4.583333,0.020393,0.072817,0.134323
7537,179.737396,974.210022,0.774794,0.801938,0.0,0.0,0.058053,46142.0,0.164441,0.240904,0.176732,0.346754,-0.063466,0.625528,7.0478,-0.02,-0.8,-0.02,-0.25,-0.6,-4.0,0.486256,-0.145434,-0.016254,0.0,0.0,-0.088161,-0.019992,-0.017269,-0.030964,0.785695,-0.041906,-0.11593,-0.008755,-0.028566,1.746069,4.271196,-0.096312,-0.001545,-0.372246,0.0,4.583333,0.019327,0.069322,0.130398
7538,182.994171,1000.0,0.802444,0.837023,0.0,0.0,0.058205,47286.0,0.16664,0.246602,0.185434,0.35402,-0.063498,0.652149,7.130887,-0.02,-0.8,-0.02,-0.25,-0.6,-4.0,0.497507,-0.147756,-0.014112,0.0,0.0,-0.086794,-0.020048,-0.017784,-0.031319,0.812926,-0.043422,-0.116538,-0.008402,-0.029058,1.791582,4.367105,-0.095956,-0.001837,-0.394171,0.0,35.0,0.018463,0.077614,0.11441
7539,186.013519,1000.0,0.804363,0.832937,0.0,0.0,0.058322,48312.0,0.170326,0.246649,0.182457,0.362861,-0.065207,0.66953,7.05577,-0.02,-0.8,-0.02,-0.25,-0.6,-4.0,0.500007,-0.154509,-0.016096,0.0,0.0,-0.088776,-0.020378,-0.018034,-0.031846,0.813279,-0.042641,-0.114513,-0.009928,-0.02826,1.795577,4.402054,-0.098013,-0.001784,-0.356869,0.0,3.954545,0.02102,0.093406,0.133799
7540,186.345978,1000.0,0.781729,0.836953,0.0,0.0,0.058265,48096.0,0.16988,0.246826,0.185764,0.354722,-0.061593,0.652783,7.118472,-0.02,-0.8,-0.02,-0.25,-0.6,-4.0,0.500007,-0.144177,-0.013487,0.0,0.0,-0.087201,-0.019734,-0.016268,-0.031206,0.812374,-0.045285,-0.120839,-0.008825,-0.030246,1.796073,4.383019,-0.092369,-0.001455,-0.340044,0.0,4.5,0.020967,0.092023,0.130883
7541,182.577606,1000.0,0.787445,0.834194,0.0,0.0,0.058384,47837.0,0.158041,0.247569,0.179879,0.323731,-0.059869,0.609839,7.155292,-0.02,-0.8,-0.02,-0.25,-0.6,-4.0,0.500007,-0.150835,-0.012186,0.0,0.0,-0.081634,-0.019343,-0.016099,-0.029121,0.83287,-0.04295,-0.11151,-0.008276,-0.027836,1.822064,4.402727,-0.08818,-0.001461,-0.527087,0.0,3.666667,0.022262,0.080863,0.133977
7542,185.327469,1000.0,0.804865,0.824132,0.0,0.0,0.058567,47344.0,0.151091,0.241952,0.172573,0.322357,-0.057779,0.620693,7.12333,-0.02,-0.8,-0.02,-0.25,-0.6,-4.0,0.500007,-0.154011,-0.011298,0.0,0.0,-0.079665,-0.018817,-0.015657,-0.028869,0.832403,-0.041854,-0.107455,-0.008707,-0.026389,1.835363,4.423889,-0.086431,-0.001507,-0.343066,0.0,4.666667,0.021962,0.081594,0.108872
7543,183.848907,996.309998,0.791864,0.833367,0.0,0.0,0.058539,46107.0,0.161285,0.239751,0.195899,0.346613,-0.060974,0.668991,7.154137,-0.02,-0.8,-0.02,-0.25,-0.6,-4.0,0.498722,-0.140267,-0.013734,0.0,-0.000278,-0.08623,-0.019744,-0.016524,-0.030614,0.82318,-0.044102,-0.115183,-0.008252,-0.028394,1.820137,4.389684,-0.089907,-0.001444,-0.337452,0.041667,4.25,0.021202,0.095158,0.145782
7544,183.425049,1000.0,0.792563,0.816612,0.0,0.0,0.058625,48034.0,0.167861,0.239874,0.189614,0.367276,-0.06536,0.691081,7.11726,-0.02,-0.8,-0.02,-0.25,-0.6,-4.0,0.500007,-0.158041,-0.01525,0.0,0.0,-0.088319,-0.020039,-0.017513,-0.031287,0.81585,-0.041792,-0.108793,-0.008682,-0.02744,1.798754,4.42051,-0.098554,-0.001538,-0.549752,0.0,3.782609,0.019834,0.094422,0.134349
7545,183.67131,995.030029,0.803879,0.828491,0.041667,0.0,0.058657,47172.0,0.169124,0.25099,0.17021,0.345018,-0.06213,0.639032,7.144808,-0.02,-0.8,-0.02,-0.25,-0.6,-4.0,0.497413,-0.154558,-0.014652,0.0,-0.000417,-0.083821,-0.019781,-0.016803,-0.030585,0.81083,-0.043656,-0.110535,-0.009077,-0.026497,1.783579,4.37289,-0.094228,-0.001741,-0.406342,0.0,4.625,0.023052,0.082731,0.144409
7546,185.155273,996.27002,0.785626,0.827945,0.043478,0.0,0.05876,48977.0,0.161968,0.246087,0.188286,0.365408,-0.062746,0.672168,7.116462,-0.02,-0.8,-0.02,-0.25,-0.6,-4.0,0.498652,-0.145114,-0.015366,0.0,-0.00029,-0.088669,-0.01989,-0.017971,-0.031628,0.814861,-0.043607,-0.117817,-0.008289,-0.028818,1.807532,4.389334,-0.095001,-0.001564,-0.433521,0.0,4.0,0.022592,0.08363,0.148973
7547,182.263321,1000.0,0.804083,0.83354,0.0,0.0,0.058948,47000.0,0.163778,0.23892,0.186003,0.349432,-0.061113,0.652233,7.128516,-0.02,-0.8,-0.02,-0.25,-0.6,-4.0,0.500007,-0.153275,-0.01253,0.0,0.0,-0.082916,-0.018937,-0.015655,-0.029086,0.824134,-0.040454,-0.105664,-0.007854,-0.026966,1.808573,4.430281,-0.089247,-0.001398,-0.566755,0.0,4.347826,0.018687,0.07289,0.151804
7548,184.610107,1000.0,0.800897,0.848595,0.0,0.0,0.059027,49290.0,0.171104,0.244377,0.18867,0.364872,-0.064621,0.667795,7.111609,-0.02,-0.8,-0.02,-0.25,-0.6,-4.0,0.500007,-0.144912,-0.014442,0.0,0.0,-0.08705,-0.019963,-0.016996,-0.031755,0.811533,-0.043904,-0.117668,-0.008837,-0.027829,1.79528,4.393524,-0.096406,-0.001503,-0.54211,0.0,5.043478,0.021384,0.085478,0.118202
7549,182.720795,1000.0,0.80377,0.834915,0.0,0.0,0.059205,48227.0,0.173269,0.244884,0.207806,0.386925,-0.069677,0.712907,7.134188,-0.02,-0.8,-0.02,-0.25,-0.6,-4.0,0.500007,-0.141107,-0.016029,0.0,0.0,-0.092736,-0.020786,-0.018978,-0.032894,0.808524,-0.045437,-0.122634,-0.010268,-0.028766,1.801614,4.383633,-0.102001,-0.002001,-0.490152,0.0,4.25,0.020533,0.077663,0.13915
7550,186.925415,1000.0,0.79385,0.842835,0.0,0.0,0.059219,46491.0,0.154358,0.243741,0.169428,0.327908,-0.062365,0.602693,7.099144,-0.02,-0.8,-0.02,-0.25,-0.6,-4.0,0.500007,-0.151682,-0.017061,0.0,0.0,-0.087575,-0.02052,-0.018377,-0.033045,0.818757,-0.044156,-0.112356,-0.009217,-0.029098,1.830708,4.396799,-0.097248,-0.001602,-0.390636,0.0,4.791667,0.019259,0.079677,0.131524
7551,183.219254,997.119995,0.778656,0.841804,0.041667,0.0,0.059198,45006.0,0.154826,0.240639,0.169701,0.339399,-0.059577,0.62458,7.100742,-0.02,-0.8,-0.02,-0.25,-0.6,-4.0,0.499254,-0.15427,-0.013983,0.0,-0.000208,-0.082601,-0.019404,-0.016667,-0.030173,0.819184,-0.042334,-0.108922,-0.008348,-0.027359,1.818336,4.408157,-0.09127,-0.001551,-0.464685,0.0,4.416667,0.018755,0.089016,0.115537
7552,185.758606,1000.0,0.758056,0.822034,0.0,0.0,0.059156,48544.0,0.161397,0.241971,0.17866,0.356431,-0.062616,0.654621,7.140283,-0.02,-0.8,-0.02,-0.25,-0.6,-4.0,0.500007,-0.152124,-0.013502,0.0,0.0,-0.0859,-0.019857,-0.017435,-0.030983,0.82252,-0.042286,-0.106995,-0.008771,-0.027923,1.808566,4.413487,-0.096373,-0.002133,-0.425028,0.0,4.73913,0.020797,0.093897,0.153166
7553,186.84613,1000.0,0.819807,0.837493,0.0,0.0,0.059288,47878.0,0.158325,0.241302,0.174793,0.335919,-0.057694,0.656402,7.11186,-0.02,-0.8,-0.02,-0.25,-0.6,-4.0,0.500007,-0.151357,-0.011857,0.0,0.0,-0.08092,-0.018837,-0.015261,-0.028828,0.834729,-0.041324,-0.105102,-0.008305,-0.027365,1.817019,4.423942,-0.086097,-0.001608,-0.443245,0.0,4.565217,0.020593,0.086187,0.146541
7554,183.19577,1000.0,0.785469,0.831074,0.0,0.0,0.05934,47798.0,0.163726,0.244237,0.174242,0.353956,-0.063547,0.645653,7.113922,-0.02,-0.8,-0.02,-0.25,-0.6,-4.0,0.500007,-0.159145,-0.015266,0.0,0.0,-0.086147,-0.0202,-0.018074,-0.031093,0.814128,-0.043569,-0.112438,-0.010032,-0.027837,1.804407,4.403132,-0.098006,-0.001731,-0.43217,0.0,4.458333,0.021632,0.096916,0.140492
7555,181.839157,983.450012,0.799013,0.818237,0.083333,0.0,0.059384,45600.0,0.159056,0.238202,0.185032,0.36202,-0.061399,0.68068,7.146705,-0.02,-0.8,-0.02,-0.25,-0.6,-4.0,0.492413,-0.148802,-0.013702,0.0,-0.00075,-0.085149,-0.019272,-0.016737,-0.029655,0.807084,-0.042201,-0.107971,-0.008232,-0.028047,1.787917,4.344433,-0.091575,-0.001861,-0.491744,0.0,4.333333,0.021254,0.077274,0.132581
7556,186.145874,1000.0,0.775676,0.826794,0.0,0.0,0.059508,49630.0,0.162359,0.245712,0.18592,0.364443,-0.063986,0.658394,7.128043,-0.02,-0.8,-0.02,-0.25,-0.6,-4.0,0.500007,-0.143396,-0.013649,0.0,0.0,-0.089622,-0.020145,-0.017968,-0.032666,0.815987,-0.04387,-0.114099,-0.009389,-0.030371,1.819919,4.393517,-0.09738,-0.001896,-0.356125,0.0,4.818182,0.026691,0.075411,0.17385
7557,185.26976,1000.0,0.793872,0.844717,0.0,0.0,0.059372,49086.0,0.160234,0.244575,0.180515,0.359194,-0.064441,0.668688,7.10321,-0.02,-0.8,-0.02,-0.25,-0.6,-4.0,0.500007,-0.157776,-0.013456,0.0,0.0,-0.086916,-0.020199,-0.018214,-0.031129,0.816007,-0.04185,-0.107952,-0.009715,-0.027244,1.809755,4.410704,-0.098772,-0.001929,-0.378887,0.0,4.227273,0.020068,0.091336,0.134952
7558,183.645615,1000.0,0.78759,0.83018,0.0,0.0,0.059314,48703.0,0.155501,0.244702,0.178279,0.332182,-0.061304,0.623193,7.108615,-0.02,-0.8,-0.02,-0.25,-0.6,-4.0,0.500007,-0.151754,-0.014746,0.0,0.0,-0.08524,-0.02001,-0.016777,-0.031259,0.828717,-0.043047,-0.112684,-0.009003,-0.028915,1.82987,4.405252,-0.094166,-0.001621,-0.361169,0.0,4.045455,0.019567,0.077736,0.133299
7559,185.411102,1000.0,0.779217,0.828919,0.0,0.0,0.059453,45693.0,0.172379,0.247386,0.174371,0.340346,-0.060941,0.609478,7.119246,-0.02,-0.8,-0.02,-0.25,-0.6,-4.0,0.500007,-0.15124,-0.015436,0.0,0.0,-0.085371,-0.020123,-0.016942,-0.031067,0.815151,-0.04252,-0.113012,-0.009321,-0.029176,1.794675,4.405975,-0.095068,-0.001214,-0.32067,0.0,3.875,0.022369,0.080902,0.140561
7560,178.979111,1000.0,0.779265,0.817829,0.0,0.0,0.059568,47149.0,0.180944,0.245308,0.185024,0.376068,-0.067335,0.665823,7.130979,-0.02,-0.8,-0.02,-0.25,-0.6,-4.0,0.500007,-0.1515,-0.01572,0.0,0.0,-0.094326,-0.021251,-0.019317,-0.03408,0.807407,-0.043822,-0.118314,-0.009872,-0.029803,1.765874,4.391819,-0.104728,-0.001646,-0.757775,0.0,4.416667,0.023818,0.078419,0.14114
7561,181.482437,994.650024,0.803942,0.82838,0.041667,0.0,0.059392,47388.0,0.157417,0.243408,0.172951,0.33409,-0.059604,0.609251,7.073265,-0.02,-0.8,-0.02,-0.25,-0.6,-4.0,0.498146,-0.150409,-0.012363,0.0,-0.000278,-0.082292,-0.019486,-0.015991,-0.029679,0.814893,-0.042269,-0.111277,-0.008081,-0.027794,1.807058,4.39547,-0.090073,-0.001313,-0.51214,0.0,4.666667,0.024086,0.076519,0.131797
7562,184.807983,1000.0,0.79464,0.848452,0.0,0.0,0.059451,46871.0,0.177588,0.254866,0.179964,0.351695,-0.061112,0.657098,7.105673,-0.02,-0.8,-0.02,-0.25,-0.6,-4.0,0.500007,-0.147879,-0.015098,0.0,0.0,-0.082744,-0.020096,-0.016798,-0.030613,0.819017,-0.04542,-0.114927,-0.008844,-0.028167,1.771097,4.370142,-0.092028,-0.002059,-0.345445,0.0,4.083333,0.02322,0.088819,0.13084
7563,186.708069,1000.0,0.816139,0.832991,0.0,0.0,0.059504,46186.0,0.157324,0.243331,0.187605,0.344573,-0.060622,0.651308,7.106998,-0.02,-0.8,-0.02,-0.25,-0.6,-4.0,0.500007,-0.14622,-0.014692,0.0,0.0,-0.08444,-0.019737,-0.016751,-0.030161,0.827855,-0.042992,-0.111653,-0.009048,-0.028001,1.825335,4.404002,-0.091439,-0.002107,-0.361256,0.0,4.166667,0.019658,0.100644,0.132904
7564,182.785339,990.23999,0.787446,0.814235,0.041667,0.0,0.059667,48216.0,0.170935,0.243816,0.191224,0.358458,-0.065373,0.637638,7.18474,-0.02,-0.8,-0.02,-0.25,-0.6,-4.0,0.495936,-0.148,-0.015598,0.0,-0.000333,-0.087674,-0.020375,-0.018408,-0.031812,0.807137,-0.045539,-0.118162,-0.009476,-0.028453,1.779807,4.349033,-0.097513,-0.001304,-0.377051,0.0,4.458333,0.022774,0.087376,0.129095
7565,183.337112,998.869995,0.795598,0.842734,0.041667,0.0,0.059666,48099.0,0.152487,0.24391,0.184715,0.331398,-0.056744,0.644859,7.153193,-0.02,-0.8,-0.02,-0.25,-0.6,-4.0,0.499532,-0.144388,-0.0116,0.0,-0.000333,-0.077947,-0.019034,-0.015395,-0.029077,0.832125,-0.042566,-0.106401,-0.007812,-0.026047,1.836333,4.409917,-0.085354,-0.001479,-0.46924,0.0,3.75,0.021838,0.075669,0.116992
7566,184.951721,1000.0,0.796548,0.848019,0.0,0.0,0.05968,46163.0,0.161741,0.243335,0.165462,0.34063,-0.060435,0.612259,7.124083,-0.02,-0.8,-0.02,-0.25,-0.6,-4.0,0.500007,-0.162134,-0.01445,0.0,0.0,-0.081711,-0.019971,-0.017575,-0.030545,0.819167,-0.041682,-0.10526,-0.008986,-0.025653,1.805674,4.414329,-0.095175,-0.001289,-0.363806,0.0,4.913043,0.022747,0.070598,0.122242
7567,184.249313,1000.0,0.794619,0.834191,0.0,0.0,0.059822,47986.0,0.192544,0.258921,0.178472,0.366638,-0.066821,0.660027,7.090625,-0.02,-0.8,-0.02,-0.25,-0.6,-4.0,0.500007,-0.165298,-0.018198,0.0,0.0,-0.094167,-0.021107,-0.018604,-0.033768,0.815902,-0.045817,-0.11219,-0.009486,-0.031309,1.748953,4.361473,-0.104187,-0.002095,-0.440548,0.0,4.304348,0.023677,0.087163,0.11622
7568,184.118591,991.390015,0.809325,0.815922,0.041667,0.0,0.059917,47072.0,0.162111,0.242782,0.176553,0.348881,-0.062118,0.657416,7.072281,-0.02,-0.8,-0.02,-0.25,-0.6,-4.0,0.49402,-0.155927,-0.01796,0.0,-0.000556,-0.084105,-0.020337,-0.017505,-0.030627,0.814001,-0.043062,-0.110192,-0.008487,-0.027701,1.788496,4.354013,-0.096606,-0.001664,-0.374198,0.0,4.125,0.019051,0.083167,0.134175
7569,182.020645,1000.0,0.777099,0.818469,0.0,0.0,0.060017,49250.0,0.170166,0.249453,0.182552,0.364256,-0.06566,0.651465,7.098976,-0.02,-0.8,-0.02,-0.25,-0.6,-4.0,0.500007,-0.150851,-0.017291,0.0,0.0,-0.088834,-0.020852,-0.017816,-0.033062,0.810862,-0.045082,-0.117345,-0.008827,-0.029041,1.795546,4.377931,-0.1003,-0.001485,-0.479343,0.0,4.869565,0.022484,0.086941,0.131773
7570,181.584335,1000.0,0.790879,0.844976,0.0,0.0,0.059984,47310.0,0.160901,0.24311,0.180845,0.3629,-0.062751,0.675109,7.095404,-0.02,-0.8,-0.02,-0.25,-0.6,-4.0,0.500007,-0.155894,-0.01398,0.0,0.0,-0.083165,-0.020484,-0.017936,-0.031382,0.817844,-0.043243,-0.107898,-0.008427,-0.026577,1.812996,4.403694,-0.096953,-0.001873,-0.587242,0.0,4.041667,0.021709,0.069086,0.127248
7571,186.204498,1000.0,0.815166,0.83147,0.0,0.0,0.06009,48695.0,0.152958,0.242831,0.17367,0.332278,-0.059724,0.622634,7.1333,-0.02,-0.8,-0.02,-0.25,-0.6,-4.0,0.500007,-0.160303,-0.013901,0.0,0.0,-0.078737,-0.019628,-0.01612,-0.028571,0.825261,-0.042347,-0.100495,-0.008217,-0.025911,1.82965,4.410011,-0.090669,-0.001853,-0.335399,0.0,3.73913,0.016736,0.073137,0.121126
7572,183.039658,1000.0,0.810382,0.826008,0.0,0.0,0.060198,48861.0,0.163542,0.244749,0.172091,0.345816,-0.063434,0.619476,7.148256,-0.02,-0.8,-0.02,-0.25,-0.6,-4.0,0.500007,-0.152077,-0.017507,0.0,0.0,-0.086885,-0.02102,-0.018878,-0.032175,0.811908,-0.042855,-0.114218,-0.009106,-0.028758,1.801127,4.406091,-0.100707,-0.0014,-0.50692,0.0,4.0,0.021332,0.090925,0.127975
7573,184.978577,999.22998,0.807967,0.823651,0.0,0.0,0.060304,50637.0,0.165038,0.247483,0.188344,0.362064,-0.065713,0.663061,7.156459,-0.02,-0.8,-0.02,-0.25,-0.6,-4.0,0.499635,-0.150028,-0.01729,0.0,-0.000381,-0.090379,-0.02066,-0.018073,-0.032362,0.818464,-0.045757,-0.114645,-0.008847,-0.029393,1.812897,4.376057,-0.098909,-0.001356,-0.404498,0.047619,4.809524,0.022537,0.08853,0.111315
7574,185.356232,1000.0,0.794392,0.814034,0.0,0.0,0.060304,47414.0,0.162556,0.254774,0.189509,0.363728,-0.065379,0.679641,7.139623,-0.02,-0.8,-0.02,-0.25,-0.6,-4.0,0.500007,-0.155171,-0.015835,0.0,0.0,-0.089104,-0.021345,-0.018536,-0.032493,0.820639,-0.045153,-0.113356,-0.008859,-0.029305,1.813035,4.378253,-0.100732,-0.001298,-0.434197,0.0,4.666667,0.019745,0.079705,0.124535
7575,184.032318,1000.0,0.818377,0.84811,0.0,0.0,0.060413,47810.0,0.164203,0.248201,0.177825,0.361437,-0.062516,0.674088,7.124473,-0.02,-0.8,-0.02,-0.25,-0.6,-4.0,0.500007,-0.151659,-0.015555,0.0,0.0,-0.083773,-0.020373,-0.017302,-0.031277,0.818322,-0.04337,-0.113348,-0.00915,-0.027862,1.811379,4.394281,-0.0958,-0.001601,-0.421682,0.0,4.25,0.024146,0.081522,0.118433
7576,185.907974,1000.0,0.803825,0.821542,0.0,0.0,0.06058,49143.0,0.165093,0.24953,0.173239,0.352901,-0.063028,0.638066,7.152971,-0.02,-0.8,-0.02,-0.25,-0.6,-4.0,0.500007,-0.153571,-0.013992,0.0,0.0,-0.085394,-0.0207,-0.017333,-0.031648,0.808806,-0.045734,-0.121444,-0.009751,-0.029381,1.807895,4.372823,-0.097952,-0.001259,-0.320682,0.0,4.521739,0.017075,0.079799,0.131631
7577,185.964218,1000.0,0.765661,0.829739,0.0,0.0,0.060617,46973.0,0.166702,0.24749,0.188655,0.359735,-0.064281,0.64639,7.13046,-0.02,-0.8,-0.02,-0.25,-0.6,-4.0,0.500007,-0.147119,-0.016397,0.0,0.0,-0.087277,-0.021006,-0.017955,-0.031646,0.815654,-0.044027,-0.119326,-0.008604,-0.028829,1.802829,4.38821,-0.099492,-0.001737,-0.38917,0.0,4.583333,0.023115,0.087895,0.125753
7578,185.884689,1000.0,0.802603,0.839438,0.0,0.0,0.060851,46161.0,0.156522,0.244467,0.180536,0.349613,-0.061767,0.656735,7.169346,-0.02,-0.8,-0.02,-0.25,-0.6,-4.0,0.500007,-0.151071,-0.015919,0.0,0.0,-0.085963,-0.020503,-0.017139,-0.031375,0.823146,-0.042406,-0.109532,-0.008949,-0.027701,1.826401,4.407382,-0.096095,-0.001783,-0.406854,0.0,4.375,0.021436,0.087661,0.136423
7579,183.574982,1000.0,0.788978,0.819823,0.0,0.0,0.061017,47977.0,0.169526,0.247758,0.188654,0.368883,-0.065437,0.675002,7.166757,-0.02,-0.8,-0.02,-0.25,-0.6,-4.0,0.500007,-0.149874,-0.014243,0.0,0.0,-0.091619,-0.021129,-0.018443,-0.033074,0.81453,-0.044747,-0.121371,-0.009552,-0.030442,1.796254,4.380575,-0.100076,-0.001495,-0.486094,0.0,4.666667,0.019651,0.091551,0.136095
7580,186.37294,1000.0,0.772262,0.846612,0.0,0.0,0.060994,48155.0,0.159853,0.248044,0.185919,0.36206,-0.063708,0.671465,7.10958,-0.02,-0.8,-0.02,-0.25,-0.6,-4.0,0.500007,-0.150446,-0.015171,0.0,0.0,-0.088157,-0.020667,-0.01719,-0.031751,0.816373,-0.044231,-0.112826,-0.008872,-0.028932,1.822546,4.389257,-0.097087,-0.001406,-0.314508,0.0,36.04348,0.024485,0.0961,0.11486
7581,182.949265,1000.0,0.782099,0.836542,0.0,0.0,0.061086,46704.0,0.166773,0.247654,0.189758,0.368819,-0.064399,0.670824,7.180427,-0.02,-0.8,-0.02,-0.25,-0.6,-4.0,0.500007,-0.13843,-0.018196,0.0,0.0,-0.090963,-0.021141,-0.017406,-0.0328,0.816052,-0.0451,-0.120738,-0.008896,-0.032161,1.807113,4.382169,-0.099155,-0.001447,-0.594652,0.0,4.347826,0.021527,0.078464,0.119287
7582,183.721451,1000.0,0.806886,0.837105,0.0,0.0,0.061013,45563.0,0.154495,0.25503,0.176555,0.358405,-0.065415,0.671351,7.198523,-0.02,-0.8,-0.02,-0.25,-0.6,-4.0,0.500007,-0.161415,-0.014615,0.0,0.0,-0.092657,-0.021372,-0.018652,-0.0328,0.823706,-0.044645,-0.117389,-0.009545,-0.03109,1.832103,4.376307,-0.100472,-0.001569,-0.471115,0.0,4.125,0.022552,0.083666,0.138744
7583,181.365524,1000.0,0.810697,0.836085,0.0,0.0,0.061107,48792.0,0.172074,0.245826,0.178635,0.345982,-0.063329,0.638284,7.175809,-0.02,-0.8,-0.02,-0.25,-0.6,-4.0,0.500007,-0.154091,-0.015953,0.0,0.0,-0.086541,-0.020896,-0.017563,-0.031992,0.818356,-0.043972,-0.114325,-0.008696,-0.028552,1.79741,4.400681,-0.098206,-0.002054,-0.57978,0.0,4.041667,0.021457,0.079999,0.106924
7584,183.734848,1000.0,0.798394,0.809918,0.0,0.0,0.061266,47628.0,0.172019,0.253492,0.177299,0.346049,-0.062205,0.625848,7.152812,-0.02,-0.8,-0.02,-0.25,-0.6,-4.0,0.500007,-0.158586,-0.015465,0.0,0.0,-0.088094,-0.021106,-0.017787,-0.031736,0.820405,-0.046453,-0.115349,-0.009593,-0.029272,1.793579,4.367933,-0.097652,-0.001534,-0.340836,0.0,4.25,0.02174,0.09857,0.132892
7585,184.141113,1000.0,0.809636,0.833453,0.0,0.0,0.061308,48724.0,0.177068,0.248254,0.189137,0.390534,-0.069844,0.688976,7.105049,-0.02,-0.8,-0.02,-0.25,-0.6,-4.0,0.500007,-0.155866,-0.018978,0.0,0.0,-0.094416,-0.021862,-0.020018,-0.034133,0.807662,-0.045095,-0.122202,-0.009265,-0.031051,1.773542,4.379273,-0.108203,-0.001664,-0.434627,0.0,4.434783,0.019473,0.089502,0.115294
7586,184.276535,1000.0,0.798473,0.830833,0.0,0.0,0.061393,45258.0,0.152434,0.247084,0.170705,0.345119,-0.06103,0.662603,7.187482,-0.02,-0.8,-0.02,-0.25,-0.6,-4.0,0.500007,-0.153307,-0.014951,0.0,0.0,-0.085803,-0.020974,-0.017968,-0.031571,0.826382,-0.044512,-0.119463,-0.009527,-0.029542,1.834459,4.386726,-0.096082,-0.001259,-0.453604,0.0,3.916667,0.021523,0.094951,0.134454
7587,183.711594,1000.0,0.790369,0.84278,0.0,0.0,0.061448,47737.0,0.164925,0.245446,0.176082,0.360381,-0.065209,0.655266,7.148876,-0.02,-0.8,-0.02,-0.25,-0.6,-4.0,0.500007,-0.151854,-0.017027,0.0,0.0,-0.090829,-0.021326,-0.018867,-0.0334,0.81518,-0.044754,-0.1211,-0.010311,-0.03073,1.804841,4.382998,-0.100358,-0.001598,-0.407041,0.0,4.608696,0.020735,0.086753,0.115647
7588,185.591934,996.419983,0.788436,0.819635,0.0,0.0,0.061627,47179.0,0.15856,0.249359,0.180539,0.349479,-0.063718,0.633688,7.092758,-0.02,-0.8,-0.02,-0.25,-0.6,-4.0,0.49876,-0.148696,-0.015507,0.0,-0.000278,-0.088442,-0.021043,-0.017615,-0.031856,0.818208,-0.044147,-0.119921,-0.009348,-0.030495,1.814791,4.378128,-0.098509,-0.001444,-0.317615,0.041667,4.333333,0.019845,0.089532,0.118692
7589,183.592377,1000.0,0.80299,0.828475,0.0,0.0,0.061523,49832.0,0.163165,0.245102,0.174983,0.350126,-0.063039,0.645746,7.18534,-0.02,-0.8,-0.02,-0.25,-0.6,-4.0,0.500007,-0.155218,-0.016835,0.0,0.0,-0.088799,-0.021446,-0.018069,-0.03291,0.823133,-0.046348,-0.123475,-0.009065,-0.030128,1.816154,4.372027,-0.098722,-0.001294,-0.500727,0.0,4.304348,0.021231,0.080187,0.143683
7590,182.450714,1000.0,0.800219,0.834997,0.0,0.0,0.061508,47426.0,0.161849,0.244622,0.174643,0.369732,-0.06479,0.677217,7.109945,-0.02,-0.8,-0.02,-0.25,-0.6,-4.0,0.500007,-0.159619,-0.017298,0.0,0.0,-0.090975,-0.021403,-0.01858,-0.033467,0.812186,-0.04369,-0.114811,-0.008971,-0.02869,1.819894,4.392553,-0.10171,-0.001983,-0.601549,0.0,4.73913,0.019152,0.0711,0.123948
7591,180.631332,1000.0,0.781045,0.820803,0.0,0.0,0.061624,47575.0,0.168352,0.253762,0.188246,0.380122,-0.0681,0.693637,7.079315,-0.02,-0.8,-0.02,-0.25,-0.6,-4.0,0.500007,-0.155671,-0.017383,0.0,0.0,-0.090623,-0.022147,-0.019387,-0.033377,0.815378,-0.046082,-0.120836,-0.010235,-0.030105,1.798331,4.368238,-0.107065,-0.001768,-0.466066,0.0,4.25,0.022755,0.085954,0.144879
7592,184.708313,1000.0,0.794122,0.856169,0.0,0.0,0.061655,46986.0,0.164469,0.250566,0.182215,0.361067,-0.065777,0.661954,7.107181,-0.02,-0.8,-0.02,-0.25,-0.6,-4.0,0.500007,-0.15081,-0.016433,0.0,0.0,-0.09026,-0.021657,-0.018742,-0.032861,0.819468,-0.046762,-0.121361,-0.010409,-0.030417,1.803226,4.365514,-0.102838,-0.001561,-0.344006,0.0,5.125,0.023097,0.08514,0.143529
7593,183.450485,1000.0,0.791756,0.838142,0.0,0.0,0.061812,47578.0,0.170754,0.247226,0.177621,0.360643,-0.062824,0.671713,7.082438,-0.02,-0.8,-0.02,-0.25,-0.6,-4.0,0.500007,-0.160789,-0.016734,0.0,0.0,-0.089525,-0.02103,-0.017257,-0.031488,0.816492,-0.044263,-0.113515,-0.008973,-0.02986,1.802759,4.392319,-0.098045,-0.001382,-0.515185,0.0,4.375,0.021511,0.087106,0.126661
7594,182.455765,996.02002,0.80367,0.830295,0.043478,0.0,0.061986,45813.0,0.169651,0.253452,0.190594,0.392499,-0.067823,0.710717,7.027229,-0.02,-0.8,-0.02,-0.25,-0.6,-4.0,0.498272,-0.151608,-0.016767,0.0,-0.000348,-0.092864,-0.022233,-0.019605,-0.033391,0.806071,-0.046959,-0.123743,-0.009915,-0.029772,1.794635,4.345029,-0.108148,-0.001603,-0.630518,0.0,4.608696,0.021488,0.088468,0.141186
7595,186.298462,1000.0,0.816193,0.832253,0.0,0.0,0.062064,49177.0,0.16121,0.249193,0.18594,0.354072,-0.063801,0.652936,7.069444,-0.02,-0.8,-0.02,-0.25,-0.6,-4.0,0.500007,-0.150046,-0.015546,0.0,0.0,-0.085435,-0.021359,-0.017358,-0.03143,0.821292,-0.044397,-0.114529,-0.008617,-0.027245,1.819542,4.384719,-0.098842,-0.001818,-0.385316,0.0,4.869565,0.020012,0.084225,0.122552
7596,181.769989,1000.0,0.785168,0.838243,0.0,0.0,0.062156,47836.0,0.169246,0.250077,0.178738,0.350514,-0.062877,0.614108,7.070041,-0.02,-0.8,-0.02,-0.25,-0.6,-4.0,0.500007,-0.150998,-0.016198,0.0,0.0,-0.087108,-0.021475,-0.017608,-0.031786,0.813761,-0.044446,-0.117792,-0.008824,-0.029968,1.799219,4.386079,-0.100234,-0.001302,-0.480758,0.0,4.208333,0.020583,0.090895,0.122178
7597,183.384903,1000.0,0.772506,0.825315,0.0,0.0,0.062309,47310.0,0.166429,0.250188,0.192434,0.369701,-0.064029,0.688178,7.063335,-0.02,-0.8,-0.02,-0.25,-0.6,-4.0,0.500007,-0.143129,-0.014737,0.0,0.0,-0.086934,-0.021417,-0.017808,-0.031333,0.817112,-0.045623,-0.123336,-0.009314,-0.029371,1.806215,4.373095,-0.098478,-0.001478,-0.514341,0.0,4.458333,0.021902,0.089136,0.111737
7598,183.263794,1000.0,0.784607,0.84228,0.0,0.0,0.06245,48390.0,0.168135,0.25052,0.19585,0.403873,-0.070776,0.720344,7.059379,-0.02,-0.8,-0.02,-0.25,-0.6,-4.0,0.500007,-0.151846,-0.019665,0.0,0.0,-0.098222,-0.022791,-0.02054,-0.03544,0.804881,-0.046325,-0.125087,-0.009379,-0.032615,1.801975,4.365132,-0.110465,-0.001855,-0.522441,0.0,4.523809,0.022989,0.089546,0.118261
7599,185.143509,1000.0,0.814575,0.828564,0.0,0.0,0.062645,49002.0,0.160901,0.245636,0.181973,0.35274,-0.061244,0.654917,7.06153,-0.02,-0.8,-0.02,-0.25,-0.6,-4.0,0.500007,-0.154813,-0.013996,0.0,0.0,-0.083182,-0.020772,-0.01616,-0.030252,0.825391,-0.043747,-0.112546,-0.008959,-0.027638,1.814899,4.396539,-0.094664,-0.001204,-0.465564,0.0,4.409091,0.023639,0.074545,0.136121
7600,182.008881,1000.0,0.792558,0.832503,0.0,0.0,0.062599,48648.0,0.160567,0.251994,0.18605,0.363435,-0.065765,0.675389,7.022803,-0.02,-0.8,-0.02,-0.25,-0.6,-4.0,0.500007,-0.152885,-0.019371,0.0,0.0,-0.090563,-0.02229,-0.01895,-0.033388,0.821683,-0.046184,-0.127438,-0.009096,-0.030527,1.820482,4.365417,-0.103322,-0.001555,-0.576353,0.0,3.608696,0.021921,0.092152,0.107112
7601,180.144928,995.02002,0.800944,0.820496,0.041667,0.0,0.062617,48072.0,0.174646,0.250647,0.174251,0.361752,-0.064601,0.65399,6.99163,-0.02,-0.8,-0.02,-0.25,-0.6,-4.0,0.498274,-0.163555,-0.01299,0.0,-0.000278,-0.085725,-0.021697,-0.018212,-0.031131,0.809119,-0.04698,-0.113503,-0.010132,-0.026942,1.778402,4.3489,-0.102478,-0.001671,-0.482799,0.0,4.25,0.019926,0.079512,0.13513
7602,181.670242,1000.0,0.798489,0.832937,0.0,0.0,0.06267,46801.0,0.164361,0.245029,0.182148,0.368921,-0.063387,0.65095,7.007959,-0.02,-0.8,-0.02,-0.25,-0.6,-4.0,0.500007,-0.151393,-0.015323,0.0,0.0,-0.087966,-0.021798,-0.018152,-0.032644,0.810448,-0.045149,-0.117415,-0.008667,-0.027099,1.804292,4.383627,-0.103308,-0.001305,-0.540172,0.0,4.416667,0.018684,0.083093,0.12283
7603,179.613205,1000.0,0.783804,0.835706,0.0,0.0,0.062851,48410.0,0.163302,0.249028,0.184118,0.359908,-0.063277,0.651996,6.956554,-0.02,-0.8,-0.02,-0.25,-0.6,-4.0,0.500007,-0.144924,-0.018515,0.0,0.0,-0.087998,-0.021693,-0.017962,-0.032587,0.817524,-0.045182,-0.124143,-0.009169,-0.029533,1.819,4.378099,-0.09903,-0.001466,-0.736966,0.0,4.416667,0.020311,0.072775,0.121967
7604,182.338562,1000.0,0.779076,0.828276,0.0,0.0,0.063127,46452.0,0.179809,0.254667,0.191345,0.393146,-0.070184,0.679024,6.967924,-0.02,-0.8,-0.02,-0.25,-0.6,-4.0,0.500007,-0.156399,-0.019499,0.0,0.0,-0.095068,-0.023245,-0.020562,-0.035263,0.805174,-0.048756,-0.125623,-0.00996,-0.029571,1.76944,4.344034,-0.114028,-0.001547,-0.49082,0.0,4.416667,0.019254,0.078163,0.13236
7605,184.568909,997.460022,0.787053,0.833393,0.0,0.0,0.063202,45901.0,0.164736,0.251058,0.171648,0.364557,-0.066041,0.644478,7.017436,-0.02,-0.8,-0.02,-0.25,-0.6,-4.0,0.498679,-0.154255,-0.016654,0.0,-0.000417,-0.089801,-0.022398,-0.018769,-0.033462,0.804964,-0.046489,-0.129727,-0.009972,-0.030035,1.79671,4.353805,-0.105673,-0.001491,-0.392996,0.041667,4.166667,0.01928,0.098186,0.123577
7606,185.279907,1000.0,0.789389,0.817462,0.0,0.0,0.063119,46545.0,0.165019,0.251854,0.187298,0.370789,-0.064641,0.66479,7.013292,-0.02,-0.8,-0.02,-0.25,-0.6,-4.0,0.500007,-0.149865,-0.016784,0.0,0.0,-0.089303,-0.022046,-0.018081,-0.032629,0.814308,-0.046219,-0.11738,-0.009455,-0.029553,1.807924,4.370876,-0.101948,-0.00124,-0.370828,0.0,4.208333,0.021545,0.085167,0.14177
7607,180.310471,993.650024,0.799404,0.824936,0.0,0.0,0.063143,47684.0,0.162597,0.250763,0.172056,0.344633,-0.064898,0.599922,7.0079,-0.02,-0.8,-0.02,-0.25,-0.6,-4.0,0.495398,-0.154258,-0.017423,0.0,-0.00058,-0.092389,-0.02252,-0.019432,-0.033242,0.810803,-0.046252,-0.116392,-0.010015,-0.03136,1.786926,4.33302,-0.106339,-0.001263,-0.628179,0.043478,3.869565,0.021523,0.097136,0.136565
7608,183.503677,1000.0,0.794533,0.826647,0.0,0.0,0.063286,48645.0,0.152198,0.246382,0.18233,0.337219,-0.05711,0.651,7.040868,-0.02,-0.8,-0.02,-0.25,-0.6,-4.0,0.500007,-0.142835,-0.014426,0.0,0.0,-0.076275,-0.020613,-0.014941,-0.02877,0.832865,-0.045817,-0.112263,-0.008569,-0.026657,1.841458,4.380454,-0.088218,-0.001702,-0.52989,0.0,5.166667,0.021641,0.08849,0.139696
7609,182.393951,1000.0,0.811556,0.828646,0.0,0.0,0.063298,46749.0,0.16173,0.247259,0.196658,0.374241,-0.063627,0.703689,7.018115,-0.02,-0.8,-0.02,-0.25,-0.6,-4.0,0.500007,-0.151643,-0.01581,0.0,0.0,-0.085533,-0.021605,-0.017554,-0.030784,0.820509,-0.044564,-0.119799,-0.008398,-0.027706,1.815477,4.383327,-0.09928,-0.001689,-0.634565,0.0,3.913043,0.021854,0.097895,0.129544
7610,186.146439,1000.0,0.811578,0.834706,0.0,0.0,0.063242,49360.0,0.152836,0.248835,0.181435,0.326256,-0.058481,0.6252,7.011044,-0.02,-0.8,-0.02,-0.25,-0.6,-4.0,0.500007,-0.153154,-0.010459,0.0,0.0,-0.07916,-0.020401,-0.015117,-0.02879,0.835791,-0.044049,-0.108475,-0.008833,-0.02791,1.831858,4.386343,-0.089264,-0.001481,-0.424584,0.0,4.521739,0.021469,0.087802,0.148341
7611,185.7034,1000.0,0.799743,0.844206,0.0,0.0,0.063294,47907.0,0.176428,0.24522,0.185904,0.362457,-0.064183,0.648531,7.025187,-0.02,-0.8,-0.02,-0.25,-0.6,-4.0,0.500007,-0.155371,-0.017551,0.0,0.0,-0.086908,-0.022049,-0.018777,-0.032002,0.816352,-0.045438,-0.115693,-0.009218,-0.030234,1.785264,4.378062,-0.102569,-0.00127,-0.313489,0.0,4.5,0.019857,0.087006,0.13179
7612,180.495605,989.47998,0.819979,0.83526,0.043478,0.0,0.063298,49245.0,0.151688,0.248518,0.177997,0.338009,-0.059069,0.653978,6.992259,-0.02,-0.8,-0.02,-0.25,-0.6,-4.0,0.496996,-0.149224,-0.015727,0.0,-0.000652,-0.083571,-0.021078,-0.0165,-0.030352,0.82334,-0.045332,-0.113643,-0.008318,-0.027995,1.82955,4.350346,-0.092484,-0.001723,-0.526157,0.086957,4.043478,0.020007,0.092593,0.137496
7613,183.561493,1000.0,0.797922,0.821642,0.0,0.0,0.063355,45442.0,0.153879,0.252348,0.186139,0.376585,-0.063052,0.699122,6.993867,-0.02,-0.8,-0.02,-0.25,-0.6,-4.0,0.500007,-0.144453,-0.015744,0.0,0.0,-0.086386,-0.021836,-0.018376,-0.03191,0.816035,-0.046302,-0.124768,-0.009203,-0.03002,1.840439,4.360472,-0.099872,-0.001244,-0.502502,0.0,3.875,0.022886,0.086467,0.130581
7614,180.839417,1000.0,0.814319,0.834313,0.0,0.0,0.063252,50209.0,0.165853,0.265065,0.180796,0.348995,-0.061394,0.643633,7.01105,-0.02,-0.8,-0.02,-0.25,-0.6,-4.0,0.500007,-0.156756,-0.014171,0.0,0.0,-0.08564,-0.02194,-0.017696,-0.030971,0.820672,-0.048085,-0.117187,-0.00902,-0.028065,1.808511,4.329817,-0.09753,-0.00129,-0.577332,0.0,4.047619,0.020529,0.078693,0.107335
7615,182.848373,1000.0,0.779631,0.814909,0.0,0.0,0.063389,47259.0,0.159081,0.254046,0.172367,0.358474,-0.062964,0.662622,6.997561,-0.02,-0.8,-0.02,-0.25,-0.6,-4.0,0.500007,-0.161892,-0.014522,0.0,0.0,-0.086511,-0.02176,-0.017941,-0.031415,0.819495,-0.046785,-0.11533,-0.008917,-0.029662,1.815363,4.356443,-0.098542,-0.001095,-0.329973,0.0,4.478261,0.019523,0.097054,0.121182
7616,180.407547,1000.0,0.802115,0.822748,0.0,0.0,0.063359,47164.0,0.173291,0.254897,0.183286,0.359496,-0.06601,0.648087,6.974218,-0.02,-0.8,-0.02,-0.25,-0.6,-4.0,0.500007,-0.148242,-0.015637,0.0,0.0,-0.092276,-0.022786,-0.018407,-0.033526,0.811613,-0.047636,-0.126945,-0.010124,-0.031546,1.795127,4.348989,-0.105223,-0.001271,-0.43765,0.0,4.625,0.020274,0.082841,0.131924
7617,184.108047,1000.0,0.808391,0.825745,0.0,0.0,0.063223,46351.0,0.165965,0.256208,0.185036,0.372326,-0.066423,0.688132,6.995171,-0.02,-0.8,-0.02,-0.25,-0.6,-4.0,0.500007,-0.155456,-0.016552,0.0,0.0,-0.0916,-0.02237,-0.018363,-0.032417,0.814467,-0.049072,-0.123134,-0.009977,-0.03028,1.814294,4.334776,-0.103519,-0.001539,-0.49726,0.0,4.73913,0.020972,0.088962,0.141045
7618,181.015823,1000.0,0.792223,0.832446,0.0,0.0,0.063313,47531.0,0.177175,0.261514,0.198751,0.381076,-0.067397,0.691051,7.041039,-0.02,-0.8,-0.02,-0.25,-0.6,-4.0,0.500007,-0.143158,-0.017233,0.0,0.0,-0.097009,-0.022561,-0.018367,-0.034438,0.813388,-0.048381,-0.130032,-0.009311,-0.034251,1.795066,4.3216,-0.105105,-0.001436,-0.566041,0.0,4.125,0.021083,0.07291,0.125988
7619,184.697327,1000.0,0.799637,0.845167,0.0,0.0,0.063614,47632.0,0.157372,0.247233,0.172879,0.347845,-0.061188,0.646948,7.025848,-0.02,-0.8,-0.02,-0.25,-0.6,-4.0,0.500007,-0.161158,-0.013638,0.0,0.0,-0.084947,-0.021637,-0.017112,-0.03084,0.82431,-0.043525,-0.109511,-0.008956,-0.027722,1.823014,4.393815,-0.098888,-0.00122,-0.383014,0.0,4.875,0.021559,0.073079,0.11953
7620,180.928513,990.559998,0.781516,0.804538,0.0,0.0,0.063791,46593.0,0.153434,0.256068,0.186629,0.336409,-0.059686,0.646403,7.008348,-0.02,-0.8,-0.02,-0.25,-0.6,-4.0,0.496069,-0.1451,-0.010826,0.0,-0.000333,-0.082475,-0.02147,-0.016481,-0.030263,0.819855,-0.047603,-0.117435,-0.008094,-0.027124,1.820633,4.309292,-0.093615,-0.001394,-0.480202,0.041667,4.333333,0.021882,0.090851,0.138196
7621,181.405563,1000.0,0.789703,0.819185,0.0,0.0,0.063825,46696.0,0.17404,0.256445,0.190752,0.373312,-0.067544,0.688668,6.981088,-0.02,-0.8,-0.02,-0.25,-0.6,-4.0,0.500007,-0.151714,-0.016077,0.0,0.0,-0.093141,-0.023105,-0.019784,-0.034183,0.817602,-0.046549,-0.120747,-0.00986,-0.030099,1.788175,4.3541,-0.107493,-0.0015,-0.540784,0.0,4.625,0.023598,0.09204,0.151113
7622,184.691162,993.299988,0.770019,0.823344,0.0,0.0,0.063948,48176.0,0.157549,0.254142,0.187932,0.369683,-0.063702,0.666694,7.000728,-0.02,-0.8,-0.02,-0.25,-0.6,-4.0,0.497575,-0.146939,-0.015576,0.0,-0.00029,-0.089676,-0.022444,-0.018735,-0.032223,0.810708,-0.047544,-0.126882,-0.009007,-0.029059,1.813345,4.327218,-0.103809,-0.001299,-0.344803,0.043478,35.695652,0.019332,0.086593,0.145786
7623,180.958084,1000.0,0.79913,0.84515,0.0,0.0,0.064108,45974.0,0.160816,0.255435,0.186809,0.363407,-0.063469,0.661122,7.052467,-0.02,-0.8,-0.02,-0.25,-0.6,-4.0,0.500007,-0.148491,-0.015708,0.0,0.0,-0.087144,-0.022326,-0.017506,-0.032837,0.817641,-0.046314,-0.12105,-0.009108,-0.028412,1.825529,4.360897,-0.101967,-0.001656,-0.556585,0.0,4.869565,0.019539,0.076002,0.11185
7624,181.579559,1000.0,0.775861,0.829704,0.0,0.0,0.064074,46992.0,0.155267,0.255993,0.175925,0.348952,-0.060243,0.638655,7.038074,-0.02,-0.8,-0.02,-0.25,-0.6,-4.0,0.500007,-0.154712,-0.015516,0.0,0.0,-0.081178,-0.022018,-0.017754,-0.030682,0.821875,-0.046337,-0.11617,-0.008929,-0.026537,1.831117,4.360347,-0.098273,-0.001537,-0.550842,0.0,3.625,0.020572,0.090382,0.115518
7625,182.772217,1000.0,0.786422,0.824262,0.0,0.0,0.063972,45185.0,0.156663,0.258715,0.174311,0.353356,-0.062193,0.651871,7.046322,-0.02,-0.8,-0.02,-0.25,-0.6,-4.0,0.500007,-0.147848,-0.017094,0.0,0.0,-0.083639,-0.022777,-0.018353,-0.032273,0.811587,-0.048052,-0.121244,-0.009095,-0.027159,1.8184,4.341613,-0.100675,-0.001503,-0.394574,0.0,4.166667,0.022024,0.083621,0.123168
7626,183.728851,1000.0,0.79778,0.82502,0.0,0.0,0.063986,46517.0,0.16266,0.256874,0.173777,0.367925,-0.064657,0.663188,7.081483,-0.02,-0.8,-0.02,-0.25,-0.6,-4.0,0.500007,-0.166976,-0.016846,0.0,0.0,-0.087734,-0.022697,-0.018229,-0.032475,0.81226,-0.045594,-0.114336,-0.008757,-0.02838,1.814384,4.366967,-0.105263,-0.001474,-0.686637,0.0,4.416667,0.021391,0.077389,0.132148
7627,185.445206,1000.0,0.799146,0.831326,0.0,0.0,0.064005,48105.0,0.161005,0.259617,0.174413,0.348782,-0.062343,0.634057,7.091184,-0.02,-0.8,-0.02,-0.25,-0.6,-4.0,0.500007,-0.156353,-0.014086,0.0,0.0,-0.089825,-0.022335,-0.017954,-0.032135,0.821172,-0.048987,-0.123103,-0.010193,-0.031037,1.816717,4.335214,-0.099783,-0.001363,-0.34139,0.0,4.043478,0.023591,0.090266,0.121122
7628,182.411499,1000.0,0.808305,0.830786,0.0,0.0,0.064139,47429.0,0.155664,0.254619,0.179329,0.33968,-0.062174,0.6121,7.041698,-0.02,-0.8,-0.02,-0.25,-0.6,-4.0,0.500007,-0.150252,-0.015549,0.0,0.0,-0.088232,-0.022371,-0.017676,-0.031578,0.821627,-0.04626,-0.117387,-0.009336,-0.029432,1.828591,4.363819,-0.101656,-0.001419,-0.497074,0.0,4.291667,0.01946,0.091583,0.134282
7629,182.097458,1000.0,0.784385,0.836846,0.0,0.0,0.064058,46947.0,0.153309,0.255113,0.180117,0.355105,-0.062424,0.671547,7.065623,-0.02,-0.8,-0.02,-0.25,-0.6,-4.0,0.500007,-0.149955,-0.015773,0.0,0.0,-0.087588,-0.023079,-0.018571,-0.032926,0.824337,-0.048566,-0.122934,-0.009102,-0.030199,1.839079,4.348324,-0.102448,-0.001593,-0.557786,0.0,4.26087,0.020641,0.087818,0.135349
7630,183.47052,1000.0,0.807391,0.823476,0.0,0.0,0.064023,47144.0,0.153316,0.256296,0.171608,0.325895,-0.057082,0.617274,7.04977,-0.02,-0.8,-0.02,-0.25,-0.6,-4.0,0.500007,-0.14527,-0.013848,0.0,0.0,-0.080167,-0.021268,-0.016052,-0.030163,0.829484,-0.045805,-0.118893,-0.008452,-0.028528,1.83443,4.364582,-0.091205,-0.001255,-0.362992,0.0,4.458333,0.020061,0.092484,0.128792
7631,186.913864,1000.0,0.798361,0.840808,0.0,0.0,0.063904,48507.0,0.154065,0.25606,0.195617,0.358391,-0.060815,0.664442,7.041572,-0.02,-0.8,-0.02,-0.25,-0.6,-4.0,0.500007,-0.146939,-0.013879,0.0,0.0,-0.083441,-0.021933,-0.017068,-0.03036,0.82323,-0.04767,-0.117401,-0.008032,-0.027962,1.836506,4.347466,-0.096072,-0.001119,-0.346471,0.0,4.608696,0.023016,0.096047,0.144875
7632,185.124283,1000.0,0.765529,0.824985,0.0,0.0,0.064134,47254.0,0.163171,0.255304,0.175139,0.371282,-0.062869,0.662768,7.070061,-0.02,-0.8,-0.02,-0.25,-0.6,-4.0,0.500007,-0.147782,-0.013569,0.0,0.0,-0.089471,-0.022714,-0.01873,-0.033526,0.811922,-0.047872,-0.125608,-0.009339,-0.0296,1.812337,4.346846,-0.104829,-0.001597,-0.321373,0.0,4.73913,0.022267,0.082455,0.124931
7633,184.991074,1000.0,0.781586,0.818111,0.0,0.0,0.064099,45892.0,0.156717,0.262266,0.185068,0.358969,-0.062812,0.652847,7.104271,-0.02,-0.8,-0.02,-0.25,-0.6,-4.0,0.500007,-0.141894,-0.015963,0.0,0.0,-0.087721,-0.02318,-0.018573,-0.033393,0.816346,-0.048225,-0.125747,-0.009478,-0.029163,1.831116,4.340214,-0.103531,-0.001383,-0.377803,0.0,4.541667,0.022639,0.081047,0.144542
7634,181.633026,1000.0,0.791897,0.838228,0.0,0.0,0.064165,47820.0,0.175061,0.252272,0.191956,0.368564,-0.063243,0.674552,7.047412,-0.02,-0.8,-0.02,-0.25,-0.6,-4.0,0.500007,-0.143767,-0.016749,0.0,0.0,-0.089159,-0.022485,-0.017918,-0.031853,0.815264,-0.048,-0.12069,-0.00864,-0.029092,1.804545,4.347555,-0.10068,-0.001987,-0.523468,0.0,4.583333,0.021737,0.093127,0.128004
7635,182.901382,1000.0,0.79097,0.845025,0.0,0.0,0.064143,46496.0,0.170725,0.259602,0.186799,0.369553,-0.064637,0.648069,7.043326,-0.02,-0.8,-0.02,-0.25,-0.6,-4.0,0.500007,-0.151246,-0.017201,0.0,0.0,-0.09268,-0.022973,-0.018835,-0.033484,0.813019,-0.049809,-0.125583,-0.00984,-0.031655,1.796761,4.326358,-0.104533,-0.001274,-0.452825,0.0,4.75,0.019043,0.071697,0.131193
7636,183.865799,1000.0,0.804485,0.807512,0.0,0.0,0.064277,47533.0,0.151806,0.254963,0.170215,0.325492,-0.057863,0.60499,7.054324,-0.02,-0.8,-0.02,-0.25,-0.6,-4.0,0.500007,-0.149572,-0.014436,0.0,0.0,-0.081093,-0.02169,-0.016361,-0.029795,0.82399,-0.044962,-0.112911,-0.008162,-0.027957,1.839774,4.372798,-0.093864,-0.000958,-0.403528,0.0,4.608696,0.02076,0.107916,0.145123
7637,181.284866,1000.0,0.771936,0.82869,0.0,0.0,0.064287,46303.0,0.167998,0.253639,0.188321,0.360964,-0.062259,0.624551,7.079643,-0.02,-0.8,-0.02,-0.25,-0.6,-4.0,0.500007,-0.132128,-0.014845,0.0,0.0,-0.088443,-0.022955,-0.018075,-0.03316,0.812364,-0.04835,-0.135744,-0.008766,-0.030484,1.801688,4.341867,-0.103847,-0.001395,-0.479136,0.0,4.434783,0.019572,0.081836,0.111681
7638,183.207077,1000.0,0.789336,0.834653,0.0,0.0,0.064192,46864.0,0.172117,0.256675,0.173456,0.356874,-0.062713,0.627434,7.071301,-0.02,-0.8,-0.02,-0.25,-0.6,-4.0,0.500007,-0.153615,-0.014573,0.0,0.0,-0.087116,-0.022724,-0.018551,-0.032507,0.815825,-0.047997,-0.125411,-0.009181,-0.029539,1.787413,4.343293,-0.103305,-0.001126,-0.293113,0.0,4.041667,0.020335,0.075764,0.15565
7639,180.880524,993.289978,0.781605,0.813786,0.045455,0.0,0.064301,50277.0,0.161727,0.258347,0.180004,0.356912,-0.062692,0.664203,7.060892,-0.02,-0.8,-0.02,-0.25,-0.6,-4.0,0.496952,-0.156987,-0.01626,0.0,-0.000364,-0.086399,-0.022576,-0.017899,-0.032107,0.812713,-0.04752,-0.117302,-0.008786,-0.029501,1.805707,4.320048,-0.101241,-0.00137,-0.42471,0.0,5.136364,0.022462,0.090868,0.154083
7640,182.000183,993.289978,0.819753,0.830918,0.0,0.0,0.064273,44967.0,0.153861,0.256468,0.174795,0.351664,-0.059889,0.66452,7.10679,-0.02,-0.8,-0.02,-0.25,-0.6,-4.0,0.500007,-0.152808,-0.013145,0.0,0.0,-0.082625,-0.02185,-0.01662,-0.030403,0.8313,-0.045961,-0.120126,-0.009705,-0.029544,1.831997,4.360333,-0.095801,-0.001363,-0.486743,0.0,4.26087,0.018782,0.094083,0.135534
7641,183.256027,1000.0,0.801657,0.819823,0.0,0.0,0.064207,49984.0,0.173137,0.261057,0.18265,0.353458,-0.064033,0.637111,7.098946,-0.02,-0.8,-0.02,-0.25,-0.6,-4.0,0.500007,-0.156916,-0.01711,0.0,0.0,-0.086056,-0.022879,-0.01838,-0.032121,0.819116,-0.047173,-0.122558,-0.008831,-0.029685,1.796803,4.34617,-0.102581,-0.002095,-0.341048,0.0,4.190476,0.019526,0.088435,0.141428
7642,185.065063,1000.0,0.810116,0.824005,0.0,0.0,0.064299,47585.0,0.15456,0.257065,0.183885,0.352524,-0.05899,0.650306,7.091205,-0.02,-0.8,-0.02,-0.25,-0.6,-4.0,0.500007,-0.149427,-0.013441,0.0,0.0,-0.083538,-0.022102,-0.017635,-0.030153,0.824001,-0.046859,-0.117288,-0.008577,-0.027227,1.836424,4.354442,-0.097526,-0.001503,-0.366122,0.0,3.708333,0.019045,0.076381,0.125344
7643,186.122665,1000.0,0.802991,0.840244,0.0,0.0,0.064236,48798.0,0.173107,0.253343,0.177815,0.346567,-0.060013,0.639303,7.043281,-0.02,-0.8,-0.02,-0.25,-0.6,-4.0,0.500007,-0.146719,-0.014434,0.0,0.0,-0.084618,-0.022283,-0.017141,-0.031479,0.818067,-0.047867,-0.121483,-0.008703,-0.029471,1.799232,4.357364,-0.098833,-0.001332,-0.40994,0.0,4.708333,0.020059,0.079147,0.115972
7644,182.938431,1000.0,0.797577,0.854094,0.0,0.0,0.064137,45371.0,0.168684,0.259164,0.183815,0.37402,-0.065617,0.649354,7.076204,-0.02,-0.8,-0.02,-0.25,-0.6,-4.0,0.500007,-0.149031,-0.017623,0.0,0.0,-0.090997,-0.023579,-0.019163,-0.032981,0.810095,-0.049248,-0.133461,-0.009254,-0.031165,1.799944,4.332226,-0.109162,-0.001307,-0.398181,0.0,4.291667,0.019455,0.080828,0.109528
7645,181.252106,1000.0,0.820223,0.817778,0.0,0.0,0.06415,46506.0,0.161399,0.259875,0.191822,0.372139,-0.064284,0.710594,7.032215,-0.02,-0.8,-0.02,-0.25,-0.6,-4.0,0.500007,-0.153927,-0.016069,0.0,0.0,-0.087637,-0.022862,-0.019072,-0.031304,0.820183,-0.04719,-0.118759,-0.008709,-0.028704,1.817397,4.344472,-0.101168,-0.001973,-0.538985,0.0,3.916667,0.019912,0.084011,0.130092
7646,183.392715,1000.0,0.782054,0.822178,0.0,0.0,0.064192,46065.0,0.158913,0.260634,0.174315,0.342586,-0.059565,0.626341,7.075747,-0.02,-0.8,-0.02,-0.25,-0.6,-4.0,0.500007,-0.154788,-0.013312,0.0,0.0,-0.082762,-0.022357,-0.01692,-0.030061,0.821989,-0.046878,-0.119413,-0.009133,-0.027457,1.82095,4.347517,-0.098554,-0.001267,-0.313725,0.0,4.541667,0.020183,0.083752,0.138457
7647,181.577744,1000.0,0.820238,0.833805,0.0,0.0,0.064201,47169.0,0.161177,0.254545,0.174994,0.360872,-0.060406,0.670106,7.012759,-0.02,-0.8,-0.02,-0.25,-0.6,-4.0,0.500007,-0.16,-0.014901,0.0,0.0,-0.086017,-0.022161,-0.0173,-0.030647,0.823613,-0.046371,-0.114274,-0.008872,-0.029283,1.816026,4.361354,-0.099819,-0.001448,-0.677205,0.0,4.5,0.019359,0.084354,0.13778
7648,183.212082,1000.0,0.810623,0.828548,0.0,0.0,0.064117,44873.0,0.169286,0.256176,0.184088,0.380034,-0.066914,0.657349,7.067649,-0.02,-0.8,-0.02,-0.25,-0.6,-4.0,0.500007,-0.151693,-0.019007,0.0,0.0,-0.093709,-0.023825,-0.020157,-0.034349,0.803769,-0.048322,-0.126311,-0.009682,-0.030455,1.796557,4.337722,-0.112063,-0.00162,-0.336492,0.0,3.916667,0.022377,0.087211,0.133021
7649,182.492188,995.820007,0.807947,0.83623,0.043478,0.0,0.064216,48878.0,0.158481,0.257673,0.184939,0.353003,-0.060933,0.652468,7.040171,-0.02,-0.8,-0.02,-0.25,-0.6,-4.0,0.497729,-0.144201,-0.014924,0.0,-0.000435,-0.085381,-0.022096,-0.017463,-0.030534,0.819107,-0.047736,-0.118678,-0.008927,-0.030222,1.818386,4.326766,-0.097348,-0.001737,-0.443766,0.0,4.086957,0.021975,0.088484,0.13111
7650,181.117615,1000.0,0.779276,0.835567,0.0,0.0,0.064228,48903.0,0.171398,0.259355,0.184995,0.376212,-0.065936,0.676021,7.024518,-0.02,-0.8,-0.02,-0.25,-0.6,-4.0,0.500007,-0.153754,-0.015632,0.0,0.0,-0.091364,-0.023272,-0.019494,-0.033919,0.815089,-0.048609,-0.127377,-0.009786,-0.029754,1.798954,4.332369,-0.107365,-0.001345,-0.537484,0.0,5.0,0.021653,0.081625,0.134039
7651,184.723557,1000.0,0.799752,0.825302,0.0,0.0,0.064196,46988.0,0.161311,0.263604,0.183291,0.351666,-0.062556,0.650577,7.056643,-0.02,-0.8,-0.02,-0.25,-0.6,-4.0,0.500007,-0.155543,-0.014737,0.0,0.0,-0.083462,-0.022258,-0.016786,-0.030559,0.822551,-0.048007,-0.113669,-0.008555,-0.027647,1.818359,4.339828,-0.099819,-0.001393,-0.416384,0.0,4.291667,0.021005,0.088948,0.129743
7652,184.706863,1000.0,0.818749,0.820553,0.0,0.0,0.064193,46811.0,0.174215,0.253545,0.176781,0.36248,-0.062545,0.66418,7.077619,-0.02,-0.8,-0.02,-0.25,-0.6,-4.0,0.500007,-0.164043,-0.014473,0.0,0.0,-0.083496,-0.022472,-0.01782,-0.030635,0.815346,-0.046263,-0.11039,-0.00824,-0.026539,1.780668,4.361289,-0.10163,-0.001271,-0.337786,0.0,4.608696,0.023241,0.081023,0.131283
7653,182.685883,1000.0,0.821993,0.818324,0.0,0.0,0.064239,47013.0,0.149735,0.253384,0.170829,0.344072,-0.060294,0.640066,7.07685,-0.02,-0.8,-0.02,-0.25,-0.6,-4.0,0.500007,-0.160691,-0.015513,0.0,0.0,-0.083472,-0.021919,-0.016707,-0.030761,0.822982,-0.044805,-0.10657,-0.008519,-0.028662,1.84033,4.374021,-0.096706,-0.001766,-0.564549,0.0,4.166667,0.020344,0.090065,0.134883
7654,182.892776,1000.0,0.800502,0.830525,0.0,0.0,0.064196,48059.0,0.164661,0.257456,0.177401,0.341883,-0.059496,0.635205,7.05948,-0.02,-0.8,-0.02,-0.25,-0.6,-4.0,0.500007,-0.152627,-0.014318,0.0,0.0,-0.084466,-0.021776,-0.016024,-0.030477,0.823734,-0.046137,-0.114608,-0.008724,-0.030049,1.802888,4.361291,-0.094527,-0.001375,-0.50335,0.0,3.869565,0.020495,0.079927,0.129012
7655,184.661942,1000.0,0.806279,0.827736,0.0,0.0,0.064423,46333.0,0.165666,0.251904,0.178686,0.363305,-0.065577,0.653913,7.031267,-0.02,-0.8,-0.02,-0.25,-0.6,-4.0,0.500007,-0.156001,-0.016704,0.0,0.0,-0.091567,-0.023054,-0.018914,-0.033352,0.816159,-0.046848,-0.113267,-0.009457,-0.030154,1.802794,4.361742,-0.106678,-0.001771,-0.370695,0.0,4.125,0.017993,0.07818,0.147774
7656,183.68071,1000.0,0.804279,0.829903,0.0,0.0,0.064672,47824.0,0.152847,0.25854,0.165878,0.333995,-0.058533,0.605262,7.02794,-0.02,-0.8,-0.02,-0.25,-0.6,-4.0,0.500007,-0.165845,-0.012048,0.0,0.0,-0.077957,-0.021776,-0.016192,-0.029021,0.815618,-0.046209,-0.108446,-0.009042,-0.025062,1.8288,4.358662,-0.095889,-0.002036,-0.317534,0.0,4.45,0.019722,0.079126,0.125237
7657,178.826538,1000.0,0.80688,0.825836,0.0,0.0,0.06477,46497.0,0.178033,0.251724,0.183426,0.378164,-0.065901,0.690007,7.02342,-0.02,-0.8,-0.02,-0.25,-0.6,-4.0,0.500007,-0.153483,-0.017532,0.0,0.0,-0.089725,-0.02336,-0.01878,-0.033684,0.804303,-0.047533,-0.121715,-0.009369,-0.028856,1.778723,4.350048,-0.107481,-0.002007,-0.643288,0.0,4.375,0.019584,0.075435,0.118588
7658,183.093948,1000.0,0.804767,0.82488,0.0,0.0,0.064804,47643.0,0.168837,0.265227,0.17644,0.358488,-0.064397,0.648338,7.040874,-0.02,-0.8,-0.02,-0.25,-0.6,-4.0,0.500007,-0.16409,-0.018273,0.0,0.0,-0.087933,-0.022937,-0.017825,-0.032295,0.819566,-0.04607,-0.11305,-0.009236,-0.029696,1.796901,4.348882,-0.104618,-0.001552,-0.37957,0.0,4.541667,0.019086,0.073927,0.146417
7659,186.37323,1000.0,0.816695,0.835002,0.0,0.0,0.064835,48770.0,0.169992,0.263998,0.189443,0.386958,-0.067918,0.676471,7.038357,-0.02,-0.8,-0.02,-0.25,-0.6,-4.0,0.500007,-0.151755,-0.017585,0.0,0.0,-0.092315,-0.024311,-0.020116,-0.034667,0.805654,-0.049695,-0.129801,-0.009662,-0.028964,1.805248,4.322896,-0.113294,-0.001304,-0.28612,0.0,4.652174,0.018857,0.078975,0.133478
7660,183.975632,1000.0,0.811599,0.830099,0.0,0.0,0.064788,43583.0,0.169959,0.261849,0.171457,0.351673,-0.062905,0.615991,7.075844,-0.02,-0.8,-0.02,-0.25,-0.6,-4.0,0.500007,-0.159765,-0.017221,0.0,0.0,-0.086068,-0.022855,-0.017623,-0.03255,0.815046,-0.048008,-0.115772,-0.008742,-0.028666,1.790833,4.347404,-0.103581,-0.001603,-0.294518,0.0,4.208333,0.017645,0.091385,0.132105
7661,183.084381,996.650024,0.817122,0.838149,0.0,0.0,0.064794,45986.0,0.157989,0.253734,0.178151,0.35044,-0.060141,0.65413,7.055479,-0.02,-0.8,-0.02,-0.25,-0.6,-4.0,0.497673,-0.15105,-0.013985,0.0,-0.000556,-0.082702,-0.022005,-0.017477,-0.030022,0.825711,-0.046147,-0.1169,-0.009454,-0.029217,1.815869,4.34404,-0.097215,-0.001553,-0.472985,0.041667,4.583333,0.019857,0.101675,0.12989
7662,181.769623,1000.0,0.801775,0.829115,0.0,0.0,0.064907,46821.0,0.169127,0.261858,0.193522,0.373855,-0.06752,0.666902,7.080306,-0.02,-0.8,-0.02,-0.25,-0.6,-4.0,0.500007,-0.152798,-0.018362,0.0,0.0,-0.089997,-0.023492,-0.018961,-0.032825,0.80893,-0.048625,-0.120047,-0.009392,-0.029642,1.806052,4.332385,-0.107225,-0.001717,-0.479182,0.0,4.625,0.02249,0.081689,0.121306
7663,182.017502,1000.0,0.788564,0.84556,0.0,0.0,0.064954,46121.0,0.170436,0.262092,0.188654,0.392895,-0.069683,0.701372,7.082588,-0.02,-0.8,-0.02,-0.25,-0.6,-4.0,0.500007,-0.155077,-0.017964,0.0,0.0,-0.095894,-0.023993,-0.02035,-0.03489,0.80099,-0.051152,-0.12948,-0.010199,-0.03295,1.805103,4.309423,-0.11371,-0.001501,-0.587785,0.0,34.958336,0.023336,0.084262,0.126381
7664,183.284805,1000.0,0.7964,0.828039,0.0,0.0,0.064852,46552.0,0.167199,0.265354,0.183869,0.367222,-0.061369,0.670999,7.020067,-0.02,-0.8,-0.02,-0.25,-0.6,-4.0,0.500007,-0.154874,-0.014527,0.0,0.0,-0.083614,-0.022512,-0.017672,-0.031121,0.812216,-0.048706,-0.116147,-0.009399,-0.029227,1.802743,4.332401,-0.101685,-0.001768,-0.430711,0.0,4.0,0.019136,0.084254,0.139034
7665,180.719894,1000.0,0.793882,0.839872,0.0,0.0,0.064761,46092.0,0.168901,0.257343,0.185393,0.362232,-0.064536,0.654249,7.058714,-0.02,-0.8,-0.02,-0.25,-0.6,-4.0,0.500007,-0.151252,-0.014864,0.0,0.0,-0.090437,-0.022844,-0.017498,-0.03292,0.821851,-0.046235,-0.118121,-0.008993,-0.030754,1.796663,4.3561,-0.103649,-0.00158,-0.644989,0.0,4.5,0.020657,0.082537,0.147868
7666,182.381119,1000.0,0.825722,0.829997,0.0,0.0,0.064818,47007.0,0.155397,0.26104,0.179232,0.359409,-0.061439,0.673954,7.08362,-0.02,-0.8,-0.02,-0.25,-0.6,-4.0,0.500007,-0.158388,-0.015676,0.0,0.0,-0.082874,-0.022483,-0.017694,-0.030734,0.819627,-0.046785,-0.117091,-0.008235,-0.027916,1.829183,4.345767,-0.09901,-0.001475,-0.507205,0.0,3.625,0.019983,0.072349,0.111909
7667,178.921234,1000.0,0.797943,0.837371,0.0,0.0,0.064907,47722.0,0.172954,0.262909,0.174382,0.360885,-0.063249,0.656589,7.084862,-0.02,-0.8,-0.02,-0.25,-0.6,-4.0,0.500007,-0.156463,-0.015524,0.0,0.0,-0.089937,-0.023223,-0.018602,-0.033617,0.812231,-0.048769,-0.120962,-0.009555,-0.029687,1.786575,4.332782,-0.105028,-0.001569,-0.623775,0.0,4.541667,0.018684,0.074427,0.103213
7668,183.253876,1000.0,0.797204,0.818156,0.0,0.0,0.064838,47411.0,0.165793,0.253263,0.159718,0.340144,-0.061121,0.606284,7.074532,-0.02,-0.8,-0.02,-0.25,-0.6,-4.0,0.500007,-0.16751,-0.014217,0.0,0.0,-0.08574,-0.022701,-0.018118,-0.032408,0.813779,-0.04637,-0.117966,-0.009174,-0.028453,1.794245,4.359445,-0.103493,-0.001568,-0.310077,0.0,4.291667,0.023297,0.085057,0.120509
7669,177.443039,1000.0,0.781678,0.840126,0.0,0.0,0.064842,46694.0,0.171934,0.267187,0.18295,0.366067,-0.062973,0.674421,7.09474,-0.02,-0.8,-0.02,-0.25,-0.6,-4.0,0.500007,-0.151544,-0.01641,0.0,0.0,-0.091212,-0.023183,-0.019023,-0.033014,0.822792,-0.04921,-0.125131,-0.010049,-0.03008,1.8055,4.318971,-0.103892,-0.001466,-0.661756,0.0,3.782609,0.021863,0.080677,0.112037
7670,183.961411,1000.0,0.800052,0.838141,0.0,0.0,0.064866,47743.0,0.183609,0.26614,0.184778,0.373311,-0.066008,0.65477,7.064893,-0.02,-0.8,-0.02,-0.25,-0.6,-4.0,0.500007,-0.158909,-0.017667,0.0,0.0,-0.093696,-0.023283,-0.01884,-0.033321,0.815888,-0.0483,-0.11983,-0.009378,-0.031765,1.760917,4.334396,-0.106996,-0.001642,-0.404089,0.0,4.666667,0.020332,0.078955,0.109543
7671,182.438019,1000.0,0.830189,0.827736,0.0,0.0,0.064865,45292.0,0.169461,0.261409,0.18029,0.339488,-0.059772,0.626533,7.06569,-0.02,-0.8,-0.02,-0.25,-0.6,-4.0,0.500007,-0.147774,-0.012704,0.0,0.0,-0.079933,-0.022213,-0.016612,-0.030412,0.811284,-0.049035,-0.116994,-0.008831,-0.026142,1.794816,4.332435,-0.097332,-0.001625,-0.466659,0.0,4.086957,0.018417,0.075264,0.140051
7672,185.540695,1000.0,0.803088,0.830105,0.0,0.0,0.064937,47012.0,0.167844,0.261698,0.185545,0.343521,-0.060661,0.617851,7.090683,-0.02,-0.8,-0.02,-0.25,-0.6,-4.0,0.500007,-0.146093,-0.013812,0.0,0.0,-0.082868,-0.022594,-0.01769,-0.031041,0.827078,-0.049263,-0.122247,-0.008511,-0.027746,1.809602,4.330671,-0.096964,-0.00136,-0.265694,0.0,4.347826,0.021077,0.082093,0.137596
7673,180.328827,1000.0,0.819329,0.83871,0.0,0.0,0.064954,47766.0,0.16393,0.259906,0.187142,0.352629,-0.064078,0.661149,7.065075,-0.02,-0.8,-0.02,-0.25,-0.6,-4.0,0.500007,-0.156614,-0.015128,0.0,0.0,-0.087573,-0.022746,-0.01783,-0.031944,0.822826,-0.047795,-0.119863,-0.008863,-0.028491,1.81639,4.341843,-0.102037,-0.001581,-0.638043,0.0,5.043478,0.020442,0.089692,0.12281
7674,184.019333,1000.0,0.778107,0.830972,0.0,0.0,0.064861,46648.0,0.172354,0.261899,0.177835,0.347606,-0.060593,0.635928,7.052436,-0.02,-0.8,-0.02,-0.25,-0.6,-4.0,0.500007,-0.159117,-0.014241,0.0,0.0,-0.083173,-0.022301,-0.016993,-0.030524,0.823547,-0.045731,-0.109893,-0.008755,-0.026659,1.798243,4.358861,-0.099977,-0.002342,-0.426653,0.0,4.25,0.022697,0.078155,0.138033
7675,182.530365,1000.0,0.80574,0.838688,0.0,0.0,0.064933,44140.0,0.16634,0.260449,0.190599,0.36074,-0.062917,0.666269,7.101242,-0.02,-0.8,-0.02,-0.25,-0.6,-4.0,0.500007,-0.150934,-0.014876,0.0,0.0,-0.08615,-0.022615,-0.017392,-0.031587,0.815329,-0.048117,-0.119106,-0.008243,-0.028409,1.812608,4.339018,-0.099153,-0.001859,-0.420471,0.0,4.708333,0.018882,0.090285,0.127462
7676,182.649933,1000.0,0.783215,0.832348,0.0,0.0,0.064861,46735.0,0.17866,0.269423,0.178338,0.372573,-0.067099,0.643289,7.071834,-0.02,-0.8,-0.02,-0.25,-0.6,-4.0,0.500007,-0.153458,-0.018076,0.0,0.0,-0.095715,-0.024262,-0.020301,-0.03517,0.803561,-0.051339,-0.128686,-0.011117,-0.032917,1.7736,4.297514,-0.112386,-0.001345,-0.330998,0.0,4.458333,0.023828,0.078863,0.126289
7677,182.744583,1000.0,0.800386,0.842152,0.0,0.0,0.064998,48499.0,0.166917,0.265244,0.179631,0.364448,-0.063177,0.6577,7.065953,-0.02,-0.8,-0.02,-0.25,-0.6,-4.0,0.500007,-0.157719,-0.016596,0.0,0.0,-0.090447,-0.022635,-0.01805,-0.032572,0.808987,-0.048146,-0.117579,-0.008872,-0.031235,1.804656,4.328064,-0.100399,-0.001678,-0.589246,0.0,4.73913,0.021451,0.100353,0.144129
7678,184.250992,1000.0,0.815683,0.824061,0.0,0.0,0.065117,48578.0,0.169177,0.259857,0.180797,0.359255,-0.063673,0.655678,7.079173,-0.02,-0.8,-0.02,-0.25,-0.6,-4.0,0.500007,-0.158277,-0.016186,0.0,0.0,-0.087615,-0.022409,-0.017601,-0.031609,0.817249,-0.047192,-0.115875,-0.009463,-0.02914,1.801336,4.344777,-0.10077,-0.001492,-0.348191,0.0,4.608696,0.019484,0.079919,0.124913
7679,179.667389,1000.0,0.804523,0.823804,0.0,0.0,0.065368,43594.0,0.167351,0.259859,0.194722,0.357992,-0.062251,0.673025,7.02872,-0.02,-0.8,-0.02,-0.25,-0.6,-4.0,0.500007,-0.144019,-0.014697,0.0,0.0,-0.087353,-0.022236,-0.01677,-0.031065,0.824838,-0.048148,-0.126225,-0.008604,-0.031196,1.819249,4.337474,-0.096151,-0.001739,-0.665713,0.0,4.458333,0.023331,0.076805,0.154048
7680,186.890518,1000.0,0.805634,0.819956,0.0,0.0,0.06535,47147.0,0.162194,0.263186,0.179269,0.36673,-0.061968,0.685342,7.089862,-0.02,-0.8,-0.02,-0.25,-0.6,-4.0,0.500007,-0.158207,-0.013612,0.0,0.0,-0.088501,-0.022711,-0.017927,-0.03166,0.818659,-0.046953,-0.115441,-0.008685,-0.029356,1.817458,4.343046,-0.102429,-0.001552,-0.290666,0.0,4.375,0.017972,0.083927,0.141017
7681,184.922699,1000.0,0.826134,0.839531,0.0,0.0,0.065316,49375.0,0.163394,0.268646,0.177184,0.346875,-0.06331,0.620684,7.089849,-0.02,-0.8,-0.02,-0.25,-0.6,-4.0,0.500007,-0.153751,-0.016192,0.0,0.0,-0.089396,-0.023244,-0.018918,-0.032584,0.818342,-0.049555,-0.118479,-0.009961,-0.029897,1.820143,4.320091,-0.104514,-0.001352,-0.323993,0.0,4.863636,0.017456,0.084565,0.11944
7682,182.439804,993.309998,0.806314,0.845483,0.0,0.0,0.065222,48816.0,0.164752,0.257281,0.177851,0.357987,-0.063959,0.659495,7.085457,-0.02,-0.8,-0.02,-0.25,-0.6,-4.0,0.497831,-0.154872,-0.017963,0.0,-0.00026,-0.088702,-0.023524,-0.019459,-0.034013,0.811918,-0.04908,-0.120312,-0.009123,-0.027828,1.805131,4.313497,-0.106185,-0.001696,-0.429217,0.045455,4.227273,0.023018,0.089286,0.118823
7683,182.741959,1000.0,0.822208,0.838221,0.0,0.0,0.065167,47140.0,0.162662,0.265431,0.185318,0.349164,-0.061004,0.654371,7.105493,-0.02,-0.8,-0.02,-0.25,-0.6,-4.0,0.500007,-0.14952,-0.014191,0.0,0.0,-0.085562,-0.022535,-0.017216,-0.031449,0.829294,-0.046913,-0.117415,-0.008548,-0.02993,1.819277,4.34011,-0.098052,-0.001881,-0.503277,0.0,4.045455,0.019566,0.09587,0.123076
7684,180.80072,1000.0,0.78593,0.826926,0.0,0.0,0.065364,47067.0,0.169989,0.257538,0.184288,0.34785,-0.061529,0.627316,7.085908,-0.02,-0.8,-0.02,-0.25,-0.6,-4.0,0.500007,-0.151455,-0.015094,0.0,0.0,-0.08551,-0.022621,-0.018146,-0.031713,0.814755,-0.047872,-0.119786,-0.008906,-0.027617,1.79414,4.342398,-0.099898,-0.001815,-0.413403,0.0,3.916667,0.020336,0.081455,0.115689
7685,181.893677,1000.0,0.819523,0.835917,0.0,0.0,0.065332,45631.0,0.15758,0.264188,0.177835,0.315384,-0.057907,0.601945,7.056663,-0.02,-0.8,-0.02,-0.25,-0.6,-4.0,0.500007,-0.149523,-0.014992,0.0,0.0,-0.082938,-0.022365,-0.016137,-0.030344,0.831384,-0.047788,-0.115394,-0.008329,-0.030504,1.832771,4.33981,-0.093092,-0.00181,-0.486905,0.0,4.416667,0.018724,0.073398,0.108601
7686,182.964294,1000.0,0.791464,0.820963,0.0,0.0,0.065377,47887.0,0.166352,0.259913,0.186121,0.37067,-0.066224,0.68806,7.058642,-0.02,-0.8,-0.02,-0.25,-0.6,-4.0,0.500007,-0.154749,-0.016609,0.0,0.0,-0.093539,-0.023223,-0.018462,-0.033889,0.814558,-0.048797,-0.120411,-0.009124,-0.031825,1.813524,4.333852,-0.10539,-0.00198,-0.460522,0.0,4.666667,0.022927,0.07837,0.126901
7687,182.216644,994.27002,0.795611,0.827705,0.041667,0.0,0.065358,44321.0,0.161588,0.259017,0.179433,0.350249,-0.062569,0.618007,7.090088,-0.02,-0.8,-0.02,-0.25,-0.6,-4.0,0.49602,-0.145753,-0.016924,0.0,-0.000556,-0.089146,-0.022921,-0.018109,-0.032908,0.810472,-0.049421,-0.123585,-0.008664,-0.030662,1.799799,4.294174,-0.102924,-0.001068,-0.30411,0.0,4.041667,0.019606,0.081062,0.131065
7688,185.026352,1000.0,0.792737,0.826939,0.0,0.0,0.065403,47216.0,0.170458,0.263359,0.185331,0.362438,-0.064889,0.643929,7.080207,-0.02,-0.8,-0.02,-0.25,-0.6,-4.0,0.500007,-0.146797,-0.016531,0.0,0.0,-0.090258,-0.023274,-0.018061,-0.033366,0.809262,-0.04889,-0.126606,-0.008925,-0.031098,1.808412,4.325109,-0.104756,-0.001838,-0.301696,0.0,4.166667,0.022856,0.091625,0.128095
7689,179.169388,1000.0,0.809377,0.835213,0.0,0.0,0.065447,46570.0,0.169402,0.263986,0.180866,0.362203,-0.063036,0.674652,7.084624,-0.02,-0.8,-0.02,-0.25,-0.6,-4.0,0.500007,-0.15598,-0.015217,0.0,0.0,-0.087147,-0.02274,-0.018035,-0.03135,0.82047,-0.049274,-0.121017,-0.009355,-0.029442,1.808555,4.323444,-0.10042,-0.001835,-0.655516,0.0,4.5,0.017004,0.077802,0.126056
7690,182.28624,1000.0,0.804429,0.826243,0.0,0.0,0.065422,48106.0,0.151885,0.266958,0.18553,0.338235,-0.058526,0.627619,7.099272,-0.02,-0.8,-0.02,-0.25,-0.6,-4.0,0.500007,-0.14075,-0.014241,0.0,0.0,-0.082109,-0.02194,-0.016103,-0.029384,0.811939,-0.049442,-0.121671,-0.008242,-0.028464,1.8445,4.320664,-0.091593,-0.001497,-0.526856,0.0,3.833333,0.018305,0.087606,0.144712
7691,182.723251,1000.0,0.79381,0.8143,0.0,0.0,0.065418,45166.0,0.160576,0.269321,0.179114,0.353054,-0.060999,0.655595,7.117517,-0.02,-0.8,-0.02,-0.25,-0.6,-4.0,0.500007,-0.153326,-0.014245,0.0,0.0,-0.087208,-0.022653,-0.017458,-0.031062,0.823849,-0.048945,-0.117598,-0.008999,-0.030525,1.82882,4.318502,-0.09829,-0.001537,-0.465226,0.0,4.913043,0.018872,0.077908,0.138812
7692,183.928894,1000.0,0.795861,0.818445,0.0,0.0,0.065594,44763.0,0.16988,0.26111,0.177205,0.362144,-0.065071,0.639525,7.119352,-0.02,-0.8,-0.02,-0.25,-0.6,-4.0,0.500007,-0.148816,-0.019517,0.0,0.0,-0.09262,-0.02409,-0.019788,-0.035076,0.809447,-0.048526,-0.125924,-0.009352,-0.030957,1.810636,4.332247,-0.109807,-0.001699,-0.323186,0.0,4.304348,0.021194,0.086165,0.13815
7693,176.846451,993.559998,0.796429,0.808872,0.083333,0.0,0.065529,44338.0,0.170799,0.260245,0.176533,0.369482,-0.064855,0.644278,7.064502,-0.02,-0.8,-0.02,-0.25,-0.6,-4.0,0.496494,-0.149624,-0.017577,0.0,-0.000972,-0.091526,-0.023905,-0.020167,-0.034308,0.798326,-0.051766,-0.12318,-0.009185,-0.029547,1.793522,4.286965,-0.109723,-0.001758,-0.558117,0.0,4.166667,0.017779,0.113166,0.150719
7694,184.750153,999.359985,0.804723,0.837049,0.0,0.0,0.065526,45384.0,0.161014,0.264133,0.186411,0.35619,-0.061278,0.660728,7.045757,-0.02,-0.8,-0.02,-0.25,-0.6,-4.0,0.499724,-0.150596,-0.014458,0.0,-0.000348,-0.083541,-0.022611,-0.017874,-0.03075,0.827757,-0.049212,-0.123992,-0.008421,-0.027709,1.826712,4.322156,-0.098274,-0.001651,-0.349791,0.043478,4.826087,0.018274,0.077614,0.136784
7695,180.527832,990.47998,0.792723,0.835615,0.041667,0.0,0.065698,47532.0,0.172258,0.25915,0.176582,0.372207,-0.068096,0.653,7.024356,-0.02,-0.8,-0.02,-0.25,-0.6,-4.0,0.496698,-0.155622,-0.019362,0.0,-0.000278,-0.098571,-0.023881,-0.019956,-0.036155,0.804962,-0.050167,-0.123395,-0.010362,-0.034742,1.778775,4.292116,-0.111987,-0.001905,-0.42229,0.0,4.083333,0.021577,0.082074,0.135647
7696,174.457474,980.900024,0.791047,0.827204,0.043478,0.0,0.065827,49185.0,0.171908,0.268982,0.180464,0.366602,-0.068223,0.636915,7.02529,-0.02,-0.8,-0.02,-0.25,-0.6,-4.0,0.495837,-0.14902,-0.014556,0.0,-0.000348,-0.09578,-0.024052,-0.019839,-0.03549,0.797843,-0.051863,-0.136156,-0.010007,-0.034304,1.778974,4.254872,-0.112339,-0.001326,-0.484509,0.0,3.73913,0.02307,0.075277,0.131309
7697,179.649551,1000.0,0.815276,0.832883,0.0,0.0,0.065986,48142.0,0.168772,0.260325,0.188228,0.348656,-0.063601,0.611318,7.022159,-0.02,-0.8,-0.02,-0.25,-0.6,-4.0,0.500007,-0.14362,-0.018952,0.0,0.0,-0.089716,-0.022971,-0.017267,-0.032177,0.811138,-0.048064,-0.120953,-0.008562,-0.031291,1.807882,4.340194,-0.102474,-0.001262,-0.405745,0.0,3.869565,0.019589,0.083022,0.114229
7698,181.20816,988.049988,0.77909,0.82047,0.047619,0.0,0.066078,46804.0,0.169994,0.262332,0.178928,0.340903,-0.059645,0.618127,7.019032,-0.02,-0.8,-0.02,-0.25,-0.6,-4.0,0.493661,-0.150502,-0.014331,0.0,-0.000857,-0.083924,-0.022271,-0.016852,-0.030085,0.812155,-0.050639,-0.115976,-0.008792,-0.028258,1.782645,4.265429,-0.09625,-0.001641,-0.327466,0.047619,4.857143,0.019369,0.084429,0.132795
7699,184.553452,994.97998,0.803616,0.827635,0.0,0.0,0.066259,46977.0,0.155034,0.261404,0.179793,0.345398,-0.060057,0.642273,7.036355,-0.02,-0.8,-0.02,-0.25,-0.6,-4.0,0.498697,-0.151422,-0.013207,0.0,-0.000208,-0.07975,-0.022272,-0.016814,-0.030251,0.820536,-0.048662,-0.11584,-0.008836,-0.026921,1.835022,4.315818,-0.097744,-0.001947,-0.32875,0.041667,4.625,0.020769,0.073649,0.126241
7700,182.420807,993.909973,0.8194,0.828601,0.0,0.0,0.066289,47211.0,0.160854,0.265384,0.168155,0.332229,-0.059411,0.629949,7.04034,-0.02,-0.8,-0.02,-0.25,-0.6,-4.0,0.498736,-0.158301,-0.013486,0.0,-0.000167,-0.084133,-0.021992,-0.01648,-0.029948,0.822641,-0.049928,-0.117036,-0.010283,-0.02987,1.819642,4.307776,-0.09321,-0.001934,-0.381095,0.041667,4.25,0.01802,0.079548,0.141229
7701,178.339417,992.97998,0.782328,0.810911,0.0,0.0,0.066342,48002.0,0.160877,0.259026,0.183034,0.370531,-0.064353,0.672627,7.0266,-0.02,-0.8,-0.02,-0.25,-0.6,-4.0,0.492365,-0.148578,-0.015839,0.0,-0.00087,-0.088569,-0.022904,-0.018688,-0.032277,0.80377,-0.050736,-0.123579,-0.010038,-0.030172,1.792723,4.244314,-0.10324,-0.001611,-0.579497,0.043478,4.478261,0.020998,0.106278,0.136865
7702,181.004425,1000.0,0.790318,0.841708,0.0,0.0,0.066277,43892.0,0.167594,0.265469,0.179895,0.37219,-0.065495,0.660911,6.975288,-0.02,-0.8,-0.02,-0.25,-0.6,-4.0,0.500007,-0.156306,-0.015826,0.0,0.0,-0.089863,-0.023266,-0.018797,-0.033487,0.818041,-0.048813,-0.124468,-0.009673,-0.030913,1.812291,4.321838,-0.105159,-0.002019,-0.553376,0.0,4.625,0.020948,0.088121,0.123622
7703,182.264038,1000.0,0.812655,0.825758,0.0,0.0,0.06642,47669.0,0.168735,0.264245,0.185446,0.370934,-0.065406,0.676389,7.015977,-0.02,-0.8,-0.02,-0.25,-0.6,-4.0,0.500007,-0.158153,-0.016957,0.0,0.0,-0.089641,-0.023247,-0.018484,-0.03222,0.819087,-0.049774,-0.120676,-0.009409,-0.029712,1.812682,4.318176,-0.104785,-0.002255,-0.479724,0.0,4.416667,0.020593,0.093263,0.153733
7704,178.357239,1000.0,0.814152,0.828921,0.0,0.0,0.066477,46950.0,0.158319,0.265218,0.174065,0.351252,-0.062805,0.665498,7.042863,-0.02,-0.8,-0.02,-0.25,-0.6,-4.0,0.500007,-0.152947,-0.01538,0.0,0.0,-0.088486,-0.023396,-0.018291,-0.033026,0.824597,-0.049706,-0.124084,-0.009198,-0.030037,1.835848,4.315784,-0.102212,-0.0022,-0.740589,0.0,4.666667,0.019426,0.079161,0.112247
7705,177.963959,1000.0,0.800933,0.83079,0.0,0.0,0.066398,47237.0,0.15904,0.256908,0.177937,0.357006,-0.060748,0.666341,7.034847,-0.02,-0.8,-0.02,-0.25,-0.6,-4.0,0.500007,-0.156619,-0.014406,0.0,0.0,-0.084541,-0.022521,-0.017052,-0.031103,0.829802,-0.048914,-0.120625,-0.008426,-0.028339,1.832191,4.335093,-0.098104,-0.001737,-0.465977,0.0,36.04348,0.022102,0.085025,0.126449
7706,181.377274,1000.0,0.803283,0.841045,0.0,0.0,0.06655,44913.0,0.16637,0.262135,0.181143,0.36458,-0.065935,0.674583,7.0516,-0.02,-0.8,-0.02,-0.25,-0.6,-4.0,0.500007,-0.160642,-0.016648,0.0,0.0,-0.091608,-0.023646,-0.018609,-0.033488,0.821326,-0.048401,-0.116301,-0.0089,-0.030657,1.801303,4.329462,-0.107748,-0.001989,-0.565412,0.0,4.347826,0.019995,0.075928,0.127123
7707,184.244919,1000.0,0.787223,0.834704,0.0,0.0,0.066574,47641.0,0.156051,0.265881,0.18655,0.339375,-0.061295,0.644151,7.071232,-0.02,-0.8,-0.02,-0.25,-0.6,-4.0,0.500007,-0.150318,-0.013612,0.0,0.0,-0.085914,-0.022673,-0.016857,-0.030706,0.832591,-0.048292,-0.115358,-0.008533,-0.030212,1.838893,4.333595,-0.097529,-0.001372,-0.375191,0.0,4.125,0.021892,0.089121,0.121966
7708,182.8759,1000.0,0.796382,0.831795,0.0,0.0,0.066469,46827.0,0.171815,0.266517,0.185506,0.374277,-0.06631,0.68187,7.054798,-0.02,-0.8,-0.02,-0.25,-0.6,-4.0,0.500007,-0.155268,-0.014952,0.0,0.0,-0.093533,-0.023725,-0.019282,-0.03367,0.817106,-0.049535,-0.121064,-0.009787,-0.031306,1.799989,4.315373,-0.107215,-0.001785,-0.496266,0.0,4.0,0.018262,0.076279,0.12426
7709,179.420319,1000.0,0.800027,0.820126,0.0,0.0,0.066397,46504.0,0.161629,0.272192,0.184416,0.379466,-0.064841,0.702398,7.032001,-0.02,-0.8,-0.02,-0.25,-0.6,-4.0,0.500007,-0.161619,-0.015571,0.0,0.0,-0.088484,-0.023337,-0.018621,-0.031804,0.820677,-0.051387,-0.116908,-0.010574,-0.028664,1.827033,4.295802,-0.103054,-0.001706,-0.622635,0.0,4.208333,0.022241,0.091302,0.131155
7710,181.688232,1000.0,0.819096,0.840595,0.0,0.0,0.066369,45004.0,0.167129,0.266043,0.182338,0.358822,-0.064414,0.695131,7.072482,-0.02,-0.8,-0.02,-0.25,-0.6,-4.0,0.500007,-0.158774,-0.013154,0.0,0.0,-0.092486,-0.0228,-0.017938,-0.032213,0.830062,-0.050447,-0.12242,-0.009788,-0.03074,1.808238,4.308189,-0.100631,-0.001786,-0.545952,0.0,4.391304,0.018408,0.073402,0.12388
7711,181.100311,999.390015,0.786172,0.824983,0.041667,0.0,0.066289,46200.0,0.156614,0.258019,0.170444,0.338496,-0.056989,0.628971,7.102159,-0.02,-0.8,-0.02,-0.25,-0.6,-4.0,0.499748,-0.152395,-0.011816,0.0,-0.000333,-0.079999,-0.022007,-0.01614,-0.029548,0.829985,-0.048958,-0.11559,-0.008217,-0.02683,1.827414,4.333303,-0.093349,-0.001781,-0.478813,0.0,3.875,0.018677,0.086988,0.106693
7712,176.952621,980.140015,0.791757,0.822632,0.130435,0.0,0.066141,47653.0,0.165667,0.262376,0.176387,0.34325,-0.064352,0.610614,7.077869,-0.02,-0.8,-0.02,-0.25,-0.6,-4.0,0.4928,-0.149243,-0.016952,0.0,-0.00087,-0.08937,-0.023462,-0.018253,-0.033029,0.801894,-0.050398,-0.11952,-0.00937,-0.031138,1.77864,4.248168,-0.105354,-0.001745,-0.468705,0.0,4.608696,0.020151,0.078528,0.133304
7713,183.214157,1000.0,0.805912,0.833885,0.0,0.0,0.066065,47174.0,0.164925,0.262114,0.168831,0.355816,-0.06555,0.643639,7.073478,-0.02,-0.8,-0.02,-0.25,-0.6,-4.0,0.500007,-0.162127,-0.016238,0.0,0.0,-0.090703,-0.023485,-0.018235,-0.033231,0.81454,-0.050451,-0.115225,-0.009604,-0.030224,1.805786,4.320113,-0.106495,-0.002205,-0.393616,0.0,4.375,0.021935,0.093029,0.12965
7714,181.423294,1000.0,0.80128,0.845526,0.0,0.0,0.066091,45002.0,0.162693,0.265625,0.179195,0.373603,-0.06537,0.689756,7.06427,-0.02,-0.8,-0.02,-0.25,-0.6,-4.0,0.500007,-0.15661,-0.018487,0.0,0.0,-0.090708,-0.024194,-0.019469,-0.033983,0.819824,-0.048953,-0.124443,-0.009649,-0.029881,1.826115,4.324824,-0.108666,-0.002259,-0.432954,0.0,4.26087,0.020063,0.081184,0.129726
7715,183.281845,1000.0,0.800616,0.839807,0.0,0.0,0.065889,48038.0,0.172125,0.261864,0.173255,0.339223,-0.062824,0.612235,7.030869,-0.02,-0.8,-0.02,-0.25,-0.6,-4.0,0.500007,-0.160177,-0.014015,0.0,0.0,-0.086454,-0.023247,-0.018318,-0.032184,0.821108,-0.05024,-0.118895,-0.009707,-0.029165,1.803117,4.317091,-0.101658,-0.001612,-0.315957,0.0,4.73913,0.024412,0.085342,0.134513
7716,181.779358,1000.0,0.825031,0.80783,0.0,0.0,0.065861,46273.0,0.15148,0.269463,0.167638,0.339085,-0.063615,0.64101,7.054593,-0.02,-0.8,-0.02,-0.25,-0.6,-4.0,0.500007,-0.159826,-0.01387,0.0,0.0,-0.086629,-0.023092,-0.017389,-0.032131,0.824447,-0.051041,-0.119028,-0.009445,-0.030574,1.843359,4.303021,-0.10043,-0.001926,-0.408101,0.0,4.166667,0.018576,0.089427,0.120942
7717,183.776642,1000.0,0.820377,0.829192,0.0,0.0,0.065699,46992.0,0.158873,0.260584,0.176386,0.350914,-0.064842,0.64633,7.061271,-0.02,-0.8,-0.02,-0.25,-0.6,-4.0,0.500007,-0.151849,-0.016273,0.0,0.0,-0.090695,-0.023849,-0.018843,-0.03383,0.81762,-0.049718,-0.124107,-0.008996,-0.030713,1.829154,4.324234,-0.105755,-0.002306,-0.400304,0.0,5.083333,0.020252,0.079834,0.119986
7718,184.505753,1000.0,0.812432,0.837809,0.0,0.0,0.065618,43705.0,0.165439,0.265209,0.178607,0.357882,-0.063056,0.64736,7.097364,-0.02,-0.8,-0.02,-0.25,-0.6,-4.0,0.500007,-0.147031,-0.017302,0.0,0.0,-0.08804,-0.02351,-0.018085,-0.03241,0.815595,-0.051709,-0.123694,-0.008819,-0.029762,1.812085,4.309894,-0.103584,-0.001643,-0.368285,0.0,4.375,0.022092,0.07884,0.127997
7719,183.237976,990.5,0.80351,0.826805,0.043478,0.0,0.065639,46590.0,0.162461,0.257716,0.191102,0.358039,-0.06452,0.664024,7.100297,-0.02,-0.8,-0.02,-0.25,-0.6,-4.0,0.493115,-0.142734,-0.015071,0.0,-0.00058,-0.087017,-0.022568,-0.017081,-0.030977,0.802304,-0.049152,-0.118535,-0.008349,-0.02886,1.792627,4.263851,-0.099177,-0.00144,-0.330423,0.0,4.652174,0.022777,0.086574,0.14115
7720,181.836929,990.72998,0.795558,0.818712,0.043478,0.0,0.065587,48463.0,0.160067,0.262215,0.176759,0.353686,-0.06342,0.648027,7.163712,-0.02,-0.8,-0.02,-0.25,-0.6,-4.0,0.495972,-0.150525,-0.016245,0.0,-0.000348,-0.08693,-0.022838,-0.017558,-0.031623,0.813192,-0.049431,-0.118974,-0.009221,-0.029544,1.811353,4.286099,-0.101291,-0.002501,-0.387814,0.0,4.826087,0.023696,0.083226,0.145354
7721,181.496155,1000.0,0.804428,0.846669,0.0,0.0,0.06571,43816.0,0.173895,0.262068,0.181598,0.376713,-0.069084,0.668214,7.099002,-0.02,-0.8,-0.02,-0.25,-0.6,-4.0,0.500007,-0.157226,-0.017229,0.0,0.0,-0.096486,-0.024351,-0.01947,-0.034574,0.805917,-0.05076,-0.126416,-0.010105,-0.032965,1.799639,4.308286,-0.110646,-0.001989,-0.45736,0.0,4.166667,0.021274,0.08261,0.106757
7722,184.120605,1000.0,0.807769,0.836119,0.0,0.0,0.065704,47297.0,0.161596,0.26719,0.178255,0.35485,-0.064908,0.64752,7.073283,-0.02,-0.8,-0.02,-0.25,-0.6,-4.0,0.500007,-0.156812,-0.014666,0.0,0.0,-0.087039,-0.023537,-0.017786,-0.03242,0.815572,-0.050377,-0.117647,-0.010084,-0.028992,1.824191,4.310598,-0.104435,-0.00165,-0.452088,0.0,4.458333,0.023725,0.081204,0.127373
7723,183.968384,1000.0,0.800723,0.834263,0.0,0.0,0.06566,48851.0,0.158853,0.264669,0.182187,0.364275,-0.064969,0.664483,7.101292,-0.02,-0.8,-0.02,-0.25,-0.6,-4.0,0.500007,-0.157638,-0.016465,0.0,0.0,-0.08844,-0.023636,-0.01834,-0.033035,0.816666,-0.049485,-0.122158,-0.008958,-0.029136,1.834108,4.318071,-0.105624,-0.001831,-0.405076,0.0,4.571429,0.020472,0.06838,0.128398
7724,182.508453,1000.0,0.800103,0.827037,0.0,0.0,0.065615,47654.0,0.163601,0.262458,0.17352,0.340871,-0.062909,0.643982,7.16784,-0.02,-0.8,-0.02,-0.25,-0.6,-4.0,0.500007,-0.157665,-0.01286,0.0,0.0,-0.089639,-0.022697,-0.01668,-0.031277,0.830898,-0.048317,-0.118418,-0.009701,-0.033251,1.821425,4.329225,-0.097891,-0.002058,-0.407379,0.0,4.454545,0.019873,0.088689,0.133307
7725,183.404633,1000.0,0.787507,0.836406,0.0,0.0,0.06574,45411.0,0.165534,0.262404,0.178842,0.366225,-0.065031,0.654851,7.082618,-0.02,-0.8,-0.02,-0.25,-0.6,-4.0,0.500007,-0.154652,-0.01536,0.0,0.0,-0.088349,-0.0237,-0.017814,-0.032593,0.807359,-0.051082,-0.120251,-0.009265,-0.02903,1.805552,4.321075,-0.107008,-0.001565,-0.378649,0.0,3.478261,0.019383,0.071527,0.093779
7726,177.020081,1000.0,0.825639,0.828133,0.0,0.0,0.065845,48337.0,0.161535,0.270497,0.173999,0.346426,-0.06401,0.646329,7.133214,-0.02,-0.8,-0.02,-0.25,-0.6,-4.0,0.500007,-0.154539,-0.016286,0.0,0.0,-0.090425,-0.023507,-0.018414,-0.032691,0.824042,-0.050428,-0.123262,-0.010104,-0.032738,1.825941,4.309635,-0.103141,-0.001943,-0.691419,0.0,4.291667,0.018588,0.069129,0.128566
7727,184.939743,1000.0,0.798329,0.839717,0.0,0.0,0.065748,47371.0,0.162543,0.264406,0.177407,0.345452,-0.061218,0.636564,7.096061,-0.02,-0.8,-0.02,-0.25,-0.6,-4.0,0.500007,-0.150542,-0.015272,0.0,0.0,-0.083602,-0.022724,-0.016482,-0.030906,0.821891,-0.048773,-0.113618,-0.008542,-0.029267,1.81194,4.324834,-0.097541,-0.001924,-0.404464,0.0,4.416667,0.023387,0.076758,0.120236
7728,185.044693,1000.0,0.831851,0.834968,0.0,0.0,0.065859,48078.0,0.174813,0.267767,0.1703,0.349941,-0.064801,0.629427,7.105693,-0.02,-0.8,-0.02,-0.25,-0.6,-4.0,0.500007,-0.161469,-0.016436,0.0,0.0,-0.08814,-0.023752,-0.019256,-0.033391,0.820244,-0.04936,-0.112117,-0.009435,-0.029765,1.790987,4.318779,-0.105872,-0.001856,-0.348821,0.0,4.458333,0.019672,0.077884,0.119334
7729,182.646454,1000.0,0.790194,0.838963,0.0,0.0,0.066002,41870.0,0.167445,0.269782,0.177952,0.360165,-0.064672,0.658204,7.136032,-0.02,-0.8,-0.02,-0.25,-0.6,-4.0,0.500007,-0.160185,-0.015664,0.0,0.0,-0.087115,-0.023818,-0.018824,-0.032667,0.812269,-0.05186,-0.118102,-0.009572,-0.028836,1.818861,4.294373,-0.104151,-0.001956,-0.472836,0.0,4.416667,0.021878,0.077436,0.125189
7730,179.346939,1000.0,0.807784,0.833311,0.0,0.0,0.066206,46354.0,0.175986,0.262482,0.181317,0.390437,-0.06862,0.681319,7.119183,-0.02,-0.8,-0.02,-0.25,-0.6,-4.0,0.500007,-0.158138,-0.020068,0.0,0.0,-0.095686,-0.024526,-0.020824,-0.034722,0.806166,-0.052988,-0.131363,-0.009549,-0.031087,1.796298,4.292092,-0.11288,-0.002144,-0.604022,0.0,4.166667,0.019755,0.096538,0.114248
7731,183.09549,1000.0,0.8095,0.843364,0.0,0.0,0.066402,46838.0,0.163855,0.266159,0.168436,0.36153,-0.063818,0.673382,7.119182,-0.02,-0.8,-0.02,-0.25,-0.6,-4.0,0.500007,-0.161953,-0.016155,0.0,0.0,-0.090601,-0.023027,-0.01757,-0.032669,0.824574,-0.049181,-0.115134,-0.009935,-0.031223,1.816127,4.324574,-0.103007,-0.001966,-0.432569,0.0,4.208333,0.018813,0.08903,0.128097
7732,182.611267,1000.0,0.805979,0.81149,0.0,0.0,0.066506,49565.0,0.160831,0.260475,0.174094,0.337327,-0.061491,0.634866,7.113432,-0.02,-0.8,-0.02,-0.25,-0.6,-4.0,0.500007,-0.154972,-0.014688,0.0,0.0,-0.085435,-0.022629,-0.016547,-0.030483,0.823784,-0.047371,-0.114637,-0.00813,-0.030465,1.819061,4.341708,-0.097265,-0.002475,-0.371523,0.0,3.956522,0.018444,0.10257,0.149139
7733,182.599182,1000.0,0.81764,0.838706,0.0,0.0,0.066559,43114.0,0.159346,0.26721,0.173531,0.34557,-0.061935,0.653963,7.148693,-0.02,-0.8,-0.02,-0.25,-0.6,-4.0,0.500007,-0.155405,-0.015436,0.0,0.0,-0.087114,-0.022838,-0.01739,-0.031465,0.82595,-0.051411,-0.122461,-0.009764,-0.031229,1.832257,4.300549,-0.096575,-0.002524,-0.428701,0.0,5.125,0.020254,0.090695,0.119996
7734,181.686066,991.97998,0.783508,0.812878,0.0,0.0,0.066604,46169.0,0.192988,0.269502,0.163987,0.336381,-0.061888,0.602216,7.066865,-0.02,-0.8,-0.02,-0.25,-0.6,-4.0,0.495642,-0.161764,-0.015155,0.0,-0.000435,-0.088005,-0.023529,-0.017734,-0.032132,0.805566,-0.05252,-0.12407,-0.009651,-0.030005,1.751221,4.254431,-0.101881,-0.002458,-0.338792,0.043478,3.913043,0.022334,0.092011,0.130591
7735,180.703262,1000.0,0.792406,0.835129,0.0,0.0,0.066619,48681.0,0.161553,0.262402,0.177594,0.354264,-0.062138,0.649688,7.077582,-0.02,-0.8,-0.02,-0.25,-0.6,-4.0,0.500007,-0.145069,-0.01672,0.0,0.0,-0.086008,-0.023302,-0.01699,-0.032454,0.812282,-0.050888,-0.128971,-0.008436,-0.03077,1.829181,4.314214,-0.100503,-0.00251,-0.46155,0.0,4.565217,0.024774,0.086495,0.145696
7736,183.519257,1000.0,0.80519,0.835646,0.0,0.0,0.066698,47949.0,0.157913,0.264875,0.170898,0.351842,-0.063747,0.648193,7.102259,-0.02,-0.8,-0.02,-0.25,-0.6,-4.0,0.500007,-0.162083,-0.015888,0.0,0.0,-0.086229,-0.02344,-0.017876,-0.031752,0.816997,-0.050091,-0.114355,-0.009038,-0.028758,1.83548,4.317703,-0.103362,-0.002012,-0.399458,0.0,4.5,0.018115,0.091845,0.122786
7737,182.807373,1000.0,0.832392,0.835941,0.0,0.0,0.066785,45706.0,0.161772,0.261342,0.18194,0.359491,-0.062342,0.685376,7.115777,-0.02,-0.8,-0.02,-0.25,-0.6,-4.0,0.500007,-0.149841,-0.013984,0.0,0.0,-0.084154,-0.022876,-0.017209,-0.031445,0.825889,-0.050008,-0.120982,-0.009486,-0.029137,1.826548,4.315993,-0.097749,-0.002069,-0.52609,0.0,4.173913,0.017029,0.079828,0.107046
7738,185.173569,1000.0,0.801201,0.830841,0.0,0.0,0.06704,47934.0,0.155242,0.25999,0.178229,0.353072,-0.062061,0.668864,7.081119,-0.02,-0.8,-0.02,-0.25,-0.6,-4.0,0.500007,-0.152876,-0.015022,0.0,0.0,-0.08369,-0.022652,-0.01669,-0.031202,0.826541,-0.048531,-0.114867,-0.008875,-0.02849,1.843582,4.331655,-0.098071,-0.001884,-0.346567,0.0,3.833333,0.017487,0.068786,0.130641
7739,180.517258,1000.0,0.787741,0.828298,0.0,0.0,0.067079,49806.0,0.167481,0.266474,0.175338,0.358659,-0.065917,0.621274,7.093168,-0.02,-0.8,-0.02,-0.25,-0.6,-4.0,0.500007,-0.147645,-0.017284,0.0,0.0,-0.090092,-0.024146,-0.018644,-0.033714,0.81008,-0.050448,-0.129231,-0.010255,-0.03181,1.810825,4.312957,-0.108282,-0.002362,-0.578911,0.0,4.047619,0.021534,0.073693,0.12052
7740,180.673584,1000.0,0.802347,0.836988,0.0,0.0,0.067164,46062.0,0.164457,0.267805,0.186558,0.380717,-0.066594,0.70004,7.07293,-0.02,-0.8,-0.02,-0.25,-0.6,-4.0,0.500007,-0.157214,-0.0158,0.0,0.0,-0.089677,-0.023566,-0.018725,-0.032034,0.81892,-0.050924,-0.118289,-0.009712,-0.029066,1.823498,4.304301,-0.105575,-0.001824,-0.589911,0.0,4.521739,0.017861,0.08656,0.13641
7741,177.551056,1000.0,0.795323,0.8247,0.0,0.0,0.067178,41775.0,0.169491,0.274662,0.179163,0.35722,-0.06425,0.664827,7.091665,-0.02,-0.8,-0.02,-0.25,-0.6,-4.0,0.500007,-0.152473,-0.014729,0.0,0.0,-0.088985,-0.023885,-0.018877,-0.03318,0.825256,-0.053699,-0.134742,-0.010619,-0.031931,1.816568,4.275104,-0.102664,-0.002125,-0.496352,0.0,4.625,0.019239,0.087185,0.134711
7742,179.601959,1000.0,0.805373,0.828578,0.0,0.0,0.067167,46785.0,0.170982,0.269525,0.18282,0.370254,-0.067957,0.671319,7.125878,-0.02,-0.8,-0.02,-0.25,-0.6,-4.0,0.500007,-0.154308,-0.019903,0.0,0.0,-0.094288,-0.024293,-0.019262,-0.034241,0.815917,-0.054102,-0.12886,-0.009828,-0.033526,1.801231,4.275305,-0.107473,-0.005558,-0.516287,0.0,4.782609,0.021304,0.083508,0.137907
7743,181.265793,1000.0,0.792015,0.821723,0.0,0.0,0.067163,47485.0,0.180065,0.269352,0.188881,0.385056,-0.068836,0.678708,7.080364,-0.02,-0.8,-0.02,-0.25,-0.6,-4.0,0.500007,-0.154213,-0.015787,0.0,0.0,-0.096389,-0.024605,-0.019957,-0.034696,0.806639,-0.054737,-0.126982,-0.009603,-0.031751,1.784651,4.270467,-0.111121,-0.002504,-0.425949,0.0,4.125,0.021102,0.095046,0.11011
7744,180.191772,1000.0,0.799376,0.825917,0.0,0.0,0.06703,46926.0,0.175282,0.265777,0.18801,0.380379,-0.067971,0.675265,7.09697,-0.02,-0.8,-0.02,-0.25,-0.6,-4.0,0.500007,-0.149435,-0.0192,0.0,0.0,-0.095332,-0.024533,-0.019667,-0.035113,0.807489,-0.051867,-0.128184,-0.009488,-0.032107,1.791777,4.298208,-0.111819,-0.002341,-0.571351,0.0,4.916667,0.021062,0.086042,0.127362
7745,182.13446,999.580017,0.791882,0.83726,0.0,0.0,0.067038,43760.0,0.166505,0.268606,0.174038,0.374603,-0.066794,0.68334,7.078876,-0.02,-0.8,-0.02,-0.25,-0.6,-4.0,0.499857,-0.165529,-0.016389,0.0,-0.000278,-0.093036,-0.024004,-0.01896,-0.033368,0.812185,-0.051948,-0.123319,-0.009573,-0.030325,1.812441,4.297386,-0.108153,-0.002165,-0.409943,0.041667,4.375,0.021554,0.102219,0.162926
7746,180.537918,1000.0,0.795106,0.844064,0.0,0.0,0.067088,47116.0,0.17163,0.266194,0.185674,0.374017,-0.067832,0.657806,7.077795,-0.02,-0.8,-0.02,-0.25,-0.6,-4.0,0.500007,-0.149582,-0.018753,0.0,0.0,-0.092719,-0.024098,-0.019084,-0.034351,0.809963,-0.052514,-0.125937,-0.009546,-0.031768,1.801136,4.291138,-0.107611,-0.002302,-0.549149,0.0,4.625,0.018106,0.082077,0.137847
7747,183.073685,1000.0,0.813636,0.825024,0.0,0.0,0.067,48126.0,0.160023,0.267993,0.180657,0.34437,-0.062381,0.653743,7.03771,-0.02,-0.8,-0.02,-0.25,-0.6,-4.0,0.500007,-0.150441,-0.013933,0.0,0.0,-0.083936,-0.023088,-0.016921,-0.031312,0.822011,-0.050453,-0.120807,-0.008738,-0.027963,1.824827,4.312774,-0.098579,-0.001704,-0.403014,0.0,35.695652,0.018739,0.077482,0.113849
7748,179.009537,997.070007,0.805347,0.838763,0.043478,0.0,0.066744,48082.0,0.168861,0.26871,0.18034,0.361425,-0.064539,0.679837,7.072263,-0.02,-0.8,-0.02,-0.25,-0.6,-4.0,0.498409,-0.151594,-0.015198,0.0,-0.000435,-0.089989,-0.023737,-0.018251,-0.032841,0.819187,-0.051806,-0.124534,-0.010486,-0.031831,1.80583,4.286674,-0.10342,-0.002443,-0.677155,0.0,4.869565,0.02458,0.077966,0.114317
7749,182.179825,1000.0,0.793996,0.839276,0.0,0.0,0.066565,47389.0,0.165245,0.265996,0.175657,0.355985,-0.063903,0.638917,7.04638,-0.02,-0.8,-0.02,-0.25,-0.6,-4.0,0.500007,-0.154376,-0.016125,0.0,0.0,-0.088793,-0.023425,-0.018255,-0.032581,0.803723,-0.049767,-0.122941,-0.009729,-0.030535,1.811269,4.31362,-0.102378,-0.002082,-0.402325,0.0,3.625,0.021386,0.097177,0.143
7750,182.130569,992.820007,0.806883,0.828059,0.0,0.0,0.066572,46440.0,0.164891,0.268455,0.180035,0.366812,-0.066587,0.677541,7.051832,-0.02,-0.8,-0.02,-0.25,-0.6,-4.0,0.49751,-0.154509,-0.017942,0.0,-0.000278,-0.087739,-0.024129,-0.019502,-0.033267,0.805461,-0.052313,-0.124591,-0.009485,-0.029013,1.80917,4.274341,-0.105606,-0.002372,-0.435084,0.041667,4.125,0.022481,0.094231,0.130964
7751,178.969315,1000.0,0.78125,0.825249,0.0,0.0,0.066488,45152.0,0.174682,0.271197,0.188069,0.372195,-0.065069,0.65944,7.089136,-0.02,-0.8,-0.02,-0.25,-0.6,-4.0,0.500007,-0.145212,-0.01852,0.0,0.0,-0.088489,-0.024144,-0.018966,-0.033397,0.810454,-0.052631,-0.127021,-0.010138,-0.0309,1.7993,4.28226,-0.106126,-0.00252,-0.596361,0.0,4.333333,0.026684,0.082667,0.153143
7752,184.168488,1000.0,0.797439,0.82308,0.0,0.0,0.066441,43310.0,0.156861,0.264835,0.174345,0.346842,-0.060431,0.651061,7.104904,-0.02,-0.8,-0.02,-0.25,-0.6,-4.0,0.500007,-0.159227,-0.011024,0.0,0.0,-0.082119,-0.02257,-0.017363,-0.030558,0.82836,-0.049238,-0.115428,-0.009927,-0.027587,1.838975,4.316329,-0.096518,-0.001832,-0.362525,0.0,4.0,0.017459,0.091618,0.141686
7753,181.260406,1000.0,0.825016,0.84485,0.0,0.0,0.066499,46745.0,0.168626,0.266637,0.185972,0.37963,-0.065645,0.700853,7.130644,-0.02,-0.8,-0.02,-0.25,-0.6,-4.0,0.500007,-0.150218,-0.014596,0.0,0.0,-0.089302,-0.023586,-0.018257,-0.032389,0.817318,-0.051933,-0.12522,-0.009734,-0.029337,1.811229,4.294484,-0.105331,-0.002686,-0.61945,0.0,4.333333,0.021889,0.072673,0.107452
7754,182.396194,1000.0,0.813255,0.839929,0.0,0.0,0.066512,47581.0,0.164792,0.267404,0.182222,0.356675,-0.0644,0.658561,7.126517,-0.02,-0.8,-0.02,-0.25,-0.6,-4.0,0.500007,-0.146302,-0.016665,0.0,0.0,-0.08786,-0.023549,-0.01806,-0.03342,0.814736,-0.051739,-0.126632,-0.009425,-0.031021,1.818498,4.299628,-0.100595,-0.002252,-0.590734,0.0,4.347826,0.019455,0.085224,0.124095
7755,183.655289,1000.0,0.785916,0.833538,0.0,0.0,0.066494,46480.0,0.169957,0.268531,0.178767,0.353713,-0.061883,0.642465,7.113907,-0.02,-0.8,-0.02,-0.25,-0.6,-4.0,0.500007,-0.15137,-0.015598,0.0,0.0,-0.089051,-0.023296,-0.017489,-0.032239,0.81497,-0.052804,-0.124182,-0.009325,-0.031978,1.81045,4.289441,-0.098315,-0.002387,-0.358835,0.0,4.458333,0.021929,0.07844,0.122109
7756,181.992554,1000.0,0.782163,0.833112,0.0,0.0,0.066526,44651.0,0.164809,0.265812,0.18958,0.385376,-0.066179,0.714192,7.111526,-0.02,-0.8,-0.02,-0.25,-0.6,-4.0,0.500007,-0.148294,-0.016404,0.0,0.0,-0.089747,-0.023952,-0.018543,-0.033492,0.813607,-0.052709,-0.128597,-0.00938,-0.030211,1.820897,4.292069,-0.105605,-0.002513,-0.513563,0.0,4.565217,0.022979,0.081573,0.13246
7757,181.011795,1000.0,0.808287,0.84168,0.0,0.0,0.066644,47726.0,0.163436,0.271048,0.18752,0.375582,-0.064903,0.678233,7.089147,-0.02,-0.8,-0.02,-0.25,-0.6,-4.0,0.500007,-0.146169,-0.015382,0.0,0.0,-0.089521,-0.024105,-0.018305,-0.032891,0.810864,-0.052054,-0.124438,-0.009036,-0.029006,1.823472,4.293394,-0.106156,-0.002338,-0.484045,0.0,4.73913,0.024491,0.096805,0.152109
7758,183.764359,1000.0,0.797886,0.831624,0.0,0.0,0.066579,46990.0,0.161513,0.258707,0.17316,0.343158,-0.060087,0.650246,7.103117,-0.02,-0.8,-0.02,-0.25,-0.6,-4.0,0.500007,-0.152348,-0.01357,0.0,0.0,-0.082934,-0.022558,-0.016136,-0.03103,0.833684,-0.047943,-0.11807,-0.008568,-0.027387,1.825346,4.338758,-0.095384,-0.001961,-0.355389,0.0,4.416667,0.0201,0.097831,0.135021
7759,185.365997,1000.0,0.821081,0.860072,0.0,0.0,0.066667,46310.0,0.166615,0.265561,0.17926,0.365792,-0.065952,0.677924,7.12457,-0.02,-0.8,-0.02,-0.25,-0.6,-4.0,0.500007,-0.154479,-0.016882,0.0,0.0,-0.090708,-0.024158,-0.018545,-0.034071,0.811256,-0.050479,-0.12148,-0.009751,-0.029833,1.803233,4.312305,-0.107451,-0.001897,-0.394993,0.0,4.541667,0.019622,0.073013,0.097836
7760,183.160431,1000.0,0.818907,0.82872,0.0,0.0,0.066779,43182.0,0.163574,0.269155,0.185265,0.364277,-0.065563,0.663992,7.097075,-0.02,-0.8,-0.02,-0.25,-0.6,-4.0,0.500007,-0.154365,-0.014069,0.0,0.0,-0.089519,-0.023495,-0.018281,-0.031994,0.81799,-0.052044,-0.119344,-0.009518,-0.029443,1.816051,4.292395,-0.103286,-0.002642,-0.401778,0.0,4.708333,0.017873,0.074871,0.112351
7761,180.92598,1000.0,0.802771,0.831276,0.0,0.0,0.066892,47993.0,0.16299,0.272834,0.180273,0.36555,-0.06632,0.666392,7.111043,-0.02,-0.8,-0.02,-0.25,-0.6,-4.0,0.500007,-0.153353,-0.016188,0.0,0.0,-0.090141,-0.024301,-0.019531,-0.034168,0.81079,-0.052297,-0.130273,-0.009737,-0.030226,1.822875,4.284533,-0.107806,-0.001852,-0.604492,0.0,4.652174,0.018875,0.089196,0.124987
7762,183.981354,1000.0,0.79607,0.841665,0.0,0.0,0.066969,47073.0,0.166872,0.268785,0.180482,0.366584,-0.064443,0.655977,7.127607,-0.02,-0.8,-0.02,-0.25,-0.6,-4.0,0.500007,-0.155513,-0.01556,0.0,0.0,-0.08967,-0.023926,-0.018659,-0.033046,0.80995,-0.05184,-0.128006,-0.008865,-0.029722,1.818593,4.295176,-0.105395,-0.002499,-0.345931,0.0,4.391304,0.02201,0.077026,0.120431
7763,183.261658,1000.0,0.80607,0.838805,0.0,0.0,0.066921,45364.0,0.160125,0.264235,0.165461,0.325032,-0.06061,0.587393,7.101093,-0.02,-0.8,-0.02,-0.25,-0.6,-4.0,0.500007,-0.156724,-0.014624,0.0,0.0,-0.082474,-0.023224,-0.017636,-0.031504,0.821643,-0.049874,-0.116565,-0.009582,-0.02765,1.818034,4.31998,-0.100647,-0.002095,-0.359084,0.0,4.041667,0.01973,0.080445,0.127867
7764,182.587143,1000.0,0.794828,0.81718,0.0,0.0,0.066813,44219.0,0.170756,0.262,0.180482,0.357007,-0.061976,0.658117,7.154962,-0.02,-0.8,-0.02,-0.25,-0.6,-4.0,0.500007,-0.14888,-0.016762,0.0,0.0,-0.08561,-0.023359,-0.017779,-0.031191,0.817429,-0.049848,-0.12146,-0.009121,-0.02878,1.815457,4.315424,-0.101793,-0.002118,-0.395772,0.0,5.181818,0.020464,0.097289,0.144855
7765,179.7323,995.380005,0.794757,0.825987,0.0,0.0,0.066817,48232.0,0.176909,0.274131,0.19452,0.382073,-0.06775,0.675139,7.161699,-0.02,-0.8,-0.02,-0.25,-0.6,-4.0,0.49749,-0.148973,-0.017237,0.0,-0.000435,-0.092415,-0.024235,-0.019586,-0.033786,0.811506,-0.052594,-0.129159,-0.010062,-0.03284,1.782919,4.260166,-0.107764,-0.00221,-0.483968,0.043478,4.304348,0.018994,0.091656,0.128991
7766,179.689224,1000.0,0.802292,0.837522,0.0,0.0,0.066816,50070.0,0.171955,0.272916,0.186989,0.352265,-0.063494,0.649657,7.121987,-0.02,-0.8,-0.02,-0.25,-0.6,-4.0,0.500007,-0.154425,-0.015766,0.0,0.0,-0.086878,-0.023443,-0.017334,-0.031553,0.822157,-0.052302,-0.122216,-0.009563,-0.029944,1.811359,4.290452,-0.099756,-0.002291,-0.612995,0.0,4.190476,0.019979,0.077692,0.122751
7767,180.134781,1000.0,0.805215,0.840603,0.0,0.0,0.066799,47087.0,0.163262,0.270282,0.188244,0.358258,-0.062894,0.669247,7.128116,-0.02,-0.8,-0.02,-0.25,-0.6,-4.0,0.500007,-0.148692,-0.014431,0.0,0.0,-0.083778,-0.023499,-0.017601,-0.032217,0.819499,-0.052316,-0.121446,-0.009525,-0.02829,1.817493,4.295683,-0.101012,-0.002333,-0.439899,0.0,3.541667,0.021491,0.085538,0.100093
7768,178.469788,1000.0,0.813898,0.818681,0.0,0.0,0.066687,43341.0,0.170073,0.270951,0.182645,0.368747,-0.067028,0.665931,7.08493,-0.02,-0.8,-0.02,-0.25,-0.6,-4.0,0.500007,-0.159077,-0.014537,0.0,0.0,-0.090643,-0.024152,-0.019164,-0.033133,0.816598,-0.051563,-0.123542,-0.009943,-0.029355,1.801381,4.297496,-0.106675,-0.002214,-0.716343,0.0,4.708333,0.018368,0.080256,0.146122
7769,179.685791,1000.0,0.791066,0.829325,0.0,0.0,0.066684,48360.0,0.177977,0.269247,0.183232,0.370467,-0.069122,0.645452,7.039616,-0.02,-0.8,-0.02,-0.25,-0.6,-4.0,0.500007,-0.153479,-0.016981,0.0,0.0,-0.095272,-0.025105,-0.020181,-0.035899,0.809506,-0.053645,-0.12775,-0.010283,-0.032139,1.783218,4.281144,-0.114858,-0.002357,-0.510917,0.0,4.291667,0.01898,0.089666,0.122284
7770,183.937393,1000.0,0.802471,0.836707,0.0,0.0,0.066684,46975.0,0.160737,0.266337,0.168578,0.363059,-0.062581,0.656776,7.055515,-0.02,-0.8,-0.02,-0.25,-0.6,-4.0,0.500007,-0.162553,-0.015348,0.0,0.0,-0.085055,-0.023367,-0.017865,-0.032367,0.815497,-0.05091,-0.114027,-0.00943,-0.027669,1.814505,4.308608,-0.101551,-0.001828,-0.420452,0.0,3.958333,0.022846,0.078761,0.140837
7771,179.145233,994.73999,0.793989,0.815753,0.0,0.0,0.066767,46473.0,0.163443,0.269923,0.192785,0.361791,-0.062508,0.670294,7.044537,-0.02,-0.8,-0.02,-0.25,-0.6,-4.0,0.498634,-0.150746,-0.012834,0.0,-0.000208,-0.086191,-0.023554,-0.017784,-0.031766,0.823018,-0.050251,-0.123533,-0.008564,-0.028361,1.815908,4.292773,-0.100914,-0.002522,-0.587135,0.041667,4.541667,0.020555,0.093284,0.119796
7772,181.24469,1000.0,0.806515,0.840666,0.0,0.0,0.066731,43033.0,0.170086,0.267101,0.189328,0.379167,-0.06634,0.712967,7.071774,-0.02,-0.8,-0.02,-0.25,-0.6,-4.0,0.500007,-0.149611,-0.015598,0.0,0.0,-0.090193,-0.024313,-0.019279,-0.033988,0.819986,-0.051268,-0.131436,-0.009688,-0.030979,1.806452,4.300753,-0.107939,-0.002186,-0.52995,0.0,4.458333,0.019556,0.080648,0.132596
7773,183.047714,1000.0,0.820664,0.815701,0.0,0.0,0.066745,46110.0,0.163487,0.26606,0.175486,0.345732,-0.062453,0.616311,7.034066,-0.02,-0.8,-0.02,-0.25,-0.6,-4.0,0.500007,-0.153133,-0.015166,0.0,0.0,-0.083806,-0.023348,-0.017214,-0.031882,0.811572,-0.049258,-0.117957,-0.008671,-0.028765,1.819417,4.318164,-0.09997,-0.002048,-0.37879,0.0,3.916667,0.020368,0.090175,0.151573
7774,180.514145,1000.0,0.804693,0.851975,0.0,0.0,0.066677,48560.0,0.161618,0.276763,0.17405,0.335763,-0.064735,0.602893,7.079834,-0.02,-0.8,-0.02,-0.25,-0.6,-4.0,0.500007,-0.164044,-0.015669,0.0,0.0,-0.08988,-0.024098,-0.018722,-0.03347,0.81599,-0.049784,-0.118299,-0.009434,-0.030265,1.812493,4.303721,-0.106149,-0.00184,-0.463357,0.0,4.130435,0.017473,0.069542,0.114355
7775,181.093094,1000.0,0.782416,0.842846,0.0,0.0,0.066688,42424.0,0.163821,0.265345,0.182538,0.363348,-0.064496,0.684221,7.051982,-0.02,-0.8,-0.02,-0.25,-0.6,-4.0,0.500007,-0.156096,-0.014636,0.0,0.0,-0.090881,-0.023752,-0.018397,-0.033598,0.822222,-0.051108,-0.120989,-0.009219,-0.030313,1.820449,4.300857,-0.103184,-0.002391,-0.523197,0.0,5.0,0.019727,0.074963,0.121419
7776,179.113998,990.559998,0.800211,0.807923,0.041667,0.0,0.066615,46431.0,0.154552,0.26099,0.171219,0.326033,-0.057052,0.622909,7.046764,-0.02,-0.8,-0.02,-0.25,-0.6,-4.0,0.493444,-0.147857,-0.013375,0.0,-0.000556,-0.080624,-0.022381,-0.016208,-0.029662,0.811077,-0.04989,-0.117435,-0.008436,-0.028807,1.811181,4.260937,-0.092062,-0.001574,-0.446994,0.0,4.416667,0.018247,0.10359,0.164964
7777,182.538956,1000.0,0.814372,0.825499,0.0,0.0,0.066782,47169.0,0.159062,0.262796,0.176396,0.335411,-0.060553,0.621975,7.064203,-0.02,-0.8,-0.02,-0.25,-0.6,-4.0,0.500007,-0.15256,-0.012186,0.0,0.0,-0.085961,-0.023158,-0.017651,-0.031646,0.828059,-0.05031,-0.119769,-0.008794,-0.029256,1.826533,4.316865,-0.098289,-0.001883,-0.4376,0.0,4.521739,0.022046,0.0905,0.136749
7778,180.270645,1000.0,0.823199,0.82623,0.0,0.0,0.066773,51304.0,0.170649,0.265028,0.19035,0.363928,-0.064709,0.658172,7.01251,-0.02,-0.8,-0.02,-0.25,-0.6,-4.0,0.500007,-0.150154,-0.021289,0.0,0.0,-0.088504,-0.023742,-0.018019,-0.031832,0.801767,-0.051106,-0.121406,-0.009178,-0.029359,1.798803,4.307363,-0.10369,-0.003429,-0.574399,0.0,4.208333,0.020879,0.081073,0.139274
7779,179.656509,1000.0,0.809529,0.839655,0.0,0.0,0.066702,76544.0,0.155238,0.26824,0.172352,0.321323,-0.060023,0.623066,7.061727,-0.02,-0.8,-0.02,-0.25,-0.6,-4.0,0.500007,-0.158338,-0.013943,0.0,0.0,-0.085149,-0.022894,-0.016102,-0.030441,0.84024,-0.047907,-0.112652,-0.008918,-0.031617,1.84105,4.332046,-0.09565,-0.001798,-0.564595,0.0,3.956522,0.019516,0.088996,0.138746
7780,181.538284,1000.0,0.807456,0.825059,0.0,0.0,0.066807,64670.0,0.168727,0.26703,0.178071,0.353172,-0.064191,0.627591,7.090261,-0.02,-0.8,-0.02,-0.25,-0.6,-4.0,0.500007,-0.152163,-0.016696,0.0,0.0,-0.090895,-0.024128,-0.018655,-0.033503,0.815611,-0.05142,-0.128712,-0.00992,-0.031711,1.805356,4.301281,-0.105268,-0.002176,-0.443514,0.0,4.0,0.020081,0.087008,0.134342
7781,180.829391,1000.0,0.815644,0.838163,0.0,0.0,0.066838,81405.0,0.160428,0.268661,0.176655,0.346777,-0.06303,0.634896,7.123137,-0.02,-0.8,-0.02,-0.25,-0.6,-4.0,0.500007,-0.15279,-0.014597,0.0,0.0,-0.085108,-0.023273,-0.017619,-0.032084,0.815727,-0.050873,-0.118758,-0.009141,-0.028813,1.821909,4.304063,-0.099139,-0.002268,-0.504901,0.0,4.55,0.021252,0.074138,0.127677
7782,185.039261,1000.0,0.815496,0.844717,0.0,0.0,0.066945,74027.0,0.154045,0.272071,0.172239,0.334667,-0.058644,0.631082,7.11001,-0.02,-0.8,-0.02,-0.25,-0.6,-4.0,0.500007,-0.157211,-0.012779,0.0,0.0,-0.080686,-0.02254,-0.016224,-0.029805,0.833874,-0.049526,-0.109644,-0.009211,-0.028382,1.837141,4.309278,-0.092851,-0.001751,-0.383908,0.0,4.416667,0.018453,0.080074,0.125431
7783,179.404556,1000.0,0.796232,0.828527,0.0,0.0,0.066866,74897.0,0.168961,0.267315,0.177777,0.349862,-0.062416,0.62415,7.092189,-0.02,-0.8,-0.02,-0.25,-0.6,-4.0,0.500007,-0.15917,-0.015996,0.0,0.0,-0.086716,-0.023524,-0.017302,-0.032288,0.814893,-0.050184,-0.118115,-0.008759,-0.029736,1.805669,4.310243,-0.10125,-0.002083,-0.505247,0.0,4.541667,0.020527,0.086441,0.140231
7784,182.461227,1000.0,0.807786,0.82869,0.0,0.0,0.067055,74567.0,0.16693,0.280309,0.188958,0.362966,-0.064579,0.662283,7.075805,-0.02,-0.8,-0.02,-0.25,-0.6,-4.0,0.500007,-0.144373,-0.014123,0.0,0.0,-0.089154,-0.024133,-0.018474,-0.032789,0.808825,-0.05437,-0.131888,-0.009356,-0.02963,1.818264,4.262735,-0.103565,-0.0022,-0.538085,0.0,4.695652,0.021745,0.08009,0.161546
7785,182.445007,1000.0,0.813196,0.831997,0.0,0.0,0.067078,73233.0,0.170688,0.272294,0.170673,0.345413,-0.063116,0.6167,7.152233,-0.02,-0.8,-0.02,-0.25,-0.6,-4.0,0.500007,-0.155179,-0.012757,0.0,0.0,-0.085139,-0.023719,-0.017778,-0.03237,0.817728,-0.052784,-0.120884,-0.00903,-0.02987,1.800909,4.287104,-0.103515,-0.002058,-0.388606,0.0,4.166667,0.023062,0.079424,0.124992
7786,186.425018,1000.0,0.823961,0.829661,0.0,0.0,0.067039,67412.0,0.152358,0.26684,0.181339,0.347115,-0.062682,0.643919,7.055184,-0.02,-0.8,-0.02,-0.25,-0.6,-4.0,0.500007,-0.151116,-0.013665,0.0,0.0,-0.084081,-0.023368,-0.01722,-0.031504,0.819473,-0.049652,-0.115622,-0.007898,-0.026887,1.842718,4.313162,-0.099246,-0.00195,-0.289949,0.0,4.666667,0.019015,0.068797,0.126898
7787,181.467834,1000.0,0.818813,0.820759,0.0,0.0,0.067164,74515.0,0.171532,0.270296,0.184174,0.370312,-0.066431,0.657278,7.060986,-0.02,-0.8,-0.02,-0.25,-0.6,-4.0,0.500007,-0.158089,-0.01469,0.0,0.0,-0.092358,-0.024165,-0.018747,-0.033191,0.812861,-0.051002,-0.123123,-0.010003,-0.029488,1.799134,4.298078,-0.107518,-0.002455,-0.482988,0.0,4.625,0.024332,0.09779,0.131939
7788,182.16066,1000.0,0.8032,0.845054,0.0,0.0,0.067271,72356.0,0.165214,0.266633,0.185131,0.357826,-0.064196,0.6662,7.069971,-0.02,-0.8,-0.02,-0.25,-0.6,-4.0,0.500007,-0.154306,-0.012742,0.0,0.0,-0.087859,-0.023648,-0.018493,-0.032401,0.822824,-0.051644,-0.120889,-0.008988,-0.028029,1.817443,4.296741,-0.102623,-0.00222,-0.454744,0.0,34.916668,0.023751,0.080527,0.138836
7789,179.733215,1000.0,0.805248,0.827413,0.0,0.0,0.067298,78589.0,0.162833,0.261396,0.175816,0.349106,-0.059476,0.675821,6.966304,-0.02,-0.8,-0.02,-0.25,-0.6,-4.0,0.500007,-0.152087,-0.013416,0.0,0.0,-0.086243,-0.022617,-0.016123,-0.031194,0.835792,-0.048715,-0.120072,-0.008313,-0.03181,1.817551,4.331111,-0.094557,-0.002427,-0.622719,0.0,4.0,0.018349,0.089572,0.125991
7790,183.486893,1000.0,0.807858,0.844857,0.0,0.0,0.067246,73970.0,0.169089,0.269152,0.185041,0.378279,-0.066596,0.667944,7.008226,-0.02,-0.8,-0.02,-0.25,-0.6,-4.0,0.500007,-0.155085,-0.016071,0.0,0.0,-0.091095,-0.024605,-0.019952,-0.034377,0.806395,-0.052493,-0.121898,-0.009123,-0.029142,1.797224,4.288782,-0.11044,-0.00247,-0.449513,0.0,4.541667,0.018956,0.081338,0.123506
7791,184.039459,1000.0,0.800296,0.830953,0.0,0.0,0.0672,73371.0,0.166285,0.267496,0.180071,0.363395,-0.062505,0.679441,7.053152,-0.02,-0.8,-0.02,-0.25,-0.6,-4.0,0.500007,-0.148645,-0.014747,0.0,0.0,-0.08903,-0.023286,-0.01751,-0.032869,0.825494,-0.051171,-0.126989,-0.00941,-0.030873,1.81842,4.299004,-0.099217,-0.002252,-0.388666,0.0,3.625,0.021542,0.09127,0.143204
7792,180.63176,1000.0,0.801884,0.816634,0.0,0.0,0.067126,62832.0,0.18002,0.269831,0.179984,0.367788,-0.068742,0.634396,7.018606,-0.02,-0.8,-0.02,-0.25,-0.6,-4.0,0.500007,-0.162233,-0.016542,0.0,0.0,-0.094114,-0.024798,-0.020615,-0.035164,0.803192,-0.051768,-0.123427,-0.010494,-0.028769,1.774729,4.293998,-0.112878,-0.002111,-0.410685,0.0,4.583333,0.021421,0.080399,0.119392
7793,181.430542,998.969971,0.802086,0.831051,0.0,0.0,0.067408,72400.0,0.160929,0.267297,0.18449,0.376865,-0.064803,0.670397,7.015769,-0.02,-0.8,-0.02,-0.25,-0.6,-4.0,0.499465,-0.152073,-0.015327,0.0,-0.000417,-0.088781,-0.023934,-0.019163,-0.033648,0.811659,-0.050666,-0.125856,-0.008429,-0.02794,1.824429,4.30099,-0.104962,-0.00214,-0.538158,0.041667,4.208333,0.02003,0.083455,0.13601
7794,182.590485,1000.0,0.816555,0.833768,0.0,0.0,0.067508,72957.0,0.176124,0.270077,0.191851,0.376569,-0.067032,0.690377,7.047718,-0.02,-0.8,-0.02,-0.25,-0.6,-4.0,0.500007,-0.157434,-0.014982,0.0,0.0,-0.091769,-0.024107,-0.018759,-0.033127,0.815861,-0.052123,-0.126161,-0.010225,-0.030408,1.794957,4.289386,-0.105794,-0.003171,-0.497171,0.0,3.73913,0.021753,0.078527,0.134042
7795,178.595505,994.909973,0.807944,0.835417,0.0,0.0,0.067472,73044.0,0.17492,0.265803,0.185477,0.371429,-0.066235,0.667729,7.032763,-0.02,-0.8,-0.02,-0.25,-0.6,-4.0,0.49735,-0.151207,-0.017105,0.0,-0.000417,-0.091226,-0.024187,-0.018742,-0.034065,0.804572,-0.05246,-0.125873,-0.008945,-0.03053,1.779942,4.276943,-0.106974,-0.002407,-0.562935,0.041667,4.708333,0.020656,0.088526,0.125475
7796,182.567307,1000.0,0.789187,0.833659,0.0,0.0,0.067354,76155.0,0.159122,0.265764,0.17099,0.350799,-0.062196,0.629383,6.993463,-0.02,-0.8,-0.02,-0.25,-0.6,-4.0,0.500007,-0.153746,-0.01628,0.0,0.0,-0.083627,-0.023785,-0.017996,-0.033107,0.81499,-0.049587,-0.119161,-0.009256,-0.029276,1.821362,4.315276,-0.102503,-0.001887,-0.391762,0.0,4.173913,0.019553,0.070029,0.139428
7797,178.075851,1000.0,0.816021,0.84114,0.0,0.0,0.067261,76677.0,0.162964,0.271624,0.18669,0.376418,-0.063525,0.710473,7.079689,-0.02,-0.8,-0.02,-0.25,-0.6,-4.0,0.500007,-0.151754,-0.013607,0.0,0.0,-0.088588,-0.02381,-0.01807,-0.032474,0.824075,-0.051438,-0.126954,-0.009108,-0.03029,1.823244,4.294268,-0.102181,-0.002907,-0.936179,0.0,4.26087,0.018555,0.079198,0.127403
7798,183.149521,1000.0,0.816023,0.83518,0.0,0.0,0.06725,66129.0,0.171657,0.261049,0.182571,0.346637,-0.062209,0.647879,7.052383,-0.02,-0.8,-0.02,-0.25,-0.6,-4.0,0.500007,-0.153005,-0.014057,0.0,0.0,-0.082903,-0.023221,-0.017039,-0.031672,0.826667,-0.04754,-0.111609,-0.008077,-0.027717,1.789805,4.341011,-0.100998,-0.002775,-0.455716,0.0,5.043478,0.018871,0.080953,0.118412
7799,182.201736,994.349976,0.797927,0.832444,0.0,0.0,0.067035,76874.0,0.175812,0.271716,0.192835,0.370106,-0.068089,0.657183,7.036005,-0.02,-0.8,-0.02,-0.25,-0.6,-4.0,0.498041,-0.147471,-0.016258,0.0,-0.000278,-0.09049,-0.024242,-0.018878,-0.034028,0.810092,-0.051848,-0.123846,-0.01019,-0.031282,1.789643,4.272967,-0.106816,-0.002502,-0.34976,0.041667,4.25,0.020583,0.082549,0.128216
7800,182.004501,1000.0,0.803173,0.830853,0.0,0.0,0.067089,76493.0,0.161946,0.269517,0.181289,0.366212,-0.063033,0.670776,7.020679,-0.02,-0.8,-0.02,-0.25,-0.6,-4.0,0.500007,-0.154871,-0.014018,0.0,0.0,-0.084767,-0.023549,-0.017861,-0.031594,0.817821,-0.051087,-0.118378,-0.009558,-0.027082,1.823289,4.297346,-0.102117,-0.002077,-0.548277,0.0,4.583333,0.020602,0.076122,0.129868
7801,183.083481,1000.0,0.82979,0.837505,0.0,0.0,0.06708,74137.0,0.159747,0.271349,0.171359,0.327751,-0.057574,0.628455,7.014332,-0.02,-0.8,-0.02,-0.25,-0.6,-4.0,0.500007,-0.15435,-0.012553,0.0,0.0,-0.077125,-0.022495,-0.015619,-0.029528,0.832891,-0.049831,-0.115804,-0.008595,-0.02683,1.828265,4.310333,-0.09165,-0.001929,-0.440051,0.0,4.458333,0.017014,0.087461,0.141647
7802,183.489029,1000.0,0.817995,0.842928,0.0,0.0,0.066944,70583.0,0.166267,0.26993,0.181668,0.357751,-0.063697,0.648888,7.037364,-0.02,-0.8,-0.02,-0.25,-0.6,-4.0,0.500007,-0.147255,-0.016285,0.0,0.0,-0.086111,-0.023632,-0.017523,-0.032683,0.817682,-0.051442,-0.125838,-0.009077,-0.03012,1.820084,4.297927,-0.102114,-0.002381,-0.404372,0.0,4.73913,0.02242,0.079856,0.14143
7803,178.044266,1000.0,0.806931,0.829553,0.0,0.0,0.067037,78734.0,0.17944,0.272801,0.175534,0.355898,-0.063679,0.646103,7.061801,-0.02,-0.8,-0.02,-0.25,-0.6,-4.0,0.500007,-0.157974,-0.015433,0.0,0.0,-0.086913,-0.023674,-0.017838,-0.031986,0.822089,-0.051367,-0.11918,-0.009484,-0.030312,1.777256,4.292179,-0.102513,-0.002588,-0.541398,0.0,4.608696,0.020705,0.082491,0.136501
7804,180.878296,1000.0,0.7967,0.83355,0.0,0.0,0.067226,65805.0,0.171874,0.263346,0.175664,0.357201,-0.060859,0.661817,7.050574,-0.02,-0.8,-0.02,-0.25,-0.6,-4.0,0.500007,-0.155085,-0.016821,0.0,0.0,-0.085024,-0.022938,-0.016494,-0.030592,0.815926,-0.048629,-0.116733,-0.008445,-0.028594,1.801954,4.325547,-0.097296,-0.002799,-0.561461,0.0,4.416667,0.019181,0.084065,0.124044
7805,183.983246,1000.0,0.787868,0.825828,0.0,0.0,0.067247,74780.0,0.162114,0.272621,0.185217,0.349123,-0.06173,0.64149,7.076233,-0.02,-0.8,-0.02,-0.25,-0.6,-4.0,0.500007,-0.142812,-0.012764,0.0,0.0,-0.084148,-0.02344,-0.016872,-0.031794,0.820514,-0.05115,-0.127789,-0.008676,-0.029535,1.825679,4.296369,-0.098127,-0.002653,-0.324036,0.0,4.375,0.022851,0.080539,0.12703
7806,183.226868,1000.0,0.772244,0.827212,0.0,0.0,0.067203,76672.0,0.166642,0.265202,0.187495,0.392629,-0.066463,0.705116,7.05999,-0.02,-0.8,-0.02,-0.25,-0.6,-4.0,0.500007,-0.156029,-0.016524,0.0,0.0,-0.089531,-0.024376,-0.019162,-0.034086,0.813136,-0.051338,-0.126793,-0.008939,-0.028653,1.812346,4.301235,-0.108704,-0.002416,-0.492998,0.0,4.863636,0.022301,0.081732,0.136316
7807,180.828659,1000.0,0.809474,0.830788,0.0,0.0,0.067208,80076.0,0.167725,0.270461,0.190246,0.369398,-0.068424,0.69013,7.076903,-0.02,-0.8,-0.02,-0.25,-0.6,-4.0,0.500007,-0.157312,-0.01455,0.0,0.0,-0.091346,-0.024569,-0.01919,-0.034708,0.820749,-0.051054,-0.125258,-0.00973,-0.030878,1.806762,4.293612,-0.108814,-0.003117,-0.576536,0.0,4.318182,0.020171,0.082115,0.146296
7808,178.1185,993.919983,0.774809,0.810022,0.0,0.0,0.06719,78535.0,0.160541,0.267451,0.17899,0.35435,-0.061813,0.6507,7.014849,-0.02,-0.8,-0.02,-0.25,-0.6,-4.0,0.486767,-0.142987,-0.015793,0.0,-0.001739,-0.085081,-0.023559,-0.017396,-0.032315,0.795175,-0.052645,-0.127737,-0.008128,-0.030275,1.777144,4.173279,-0.098348,-0.002649,-0.524492,0.043478,3.782609,0.021511,0.098095,0.164036
7809,182.882706,1000.0,0.818839,0.820152,0.0,0.0,0.067113,75215.0,0.154634,0.262222,0.165022,0.343387,-0.060108,0.640561,7.047023,-0.02,-0.8,-0.02,-0.25,-0.6,-4.0,0.500007,-0.161746,-0.012449,0.0,0.0,-0.080871,-0.022896,-0.016791,-0.03053,0.816614,-0.048464,-0.108955,-0.008589,-0.026966,1.825241,4.330397,-0.097957,-0.001824,-0.288949,0.0,3.833333,0.019955,0.091555,0.113803
7810,183.787735,997.76001,0.81832,0.823684,0.0,0.0,0.067179,67488.0,0.164694,0.26511,0.177909,0.334335,-0.060118,0.625518,7.024618,-0.02,-0.8,-0.02,-0.25,-0.6,-4.0,0.499486,-0.146839,-0.013205,0.0,-0.000185,-0.081936,-0.022906,-0.016473,-0.030699,0.822504,-0.050266,-0.122251,-0.008766,-0.028693,1.813661,4.305826,-0.093411,-0.002183,-0.308929,0.041667,4.416667,0.021227,0.092563,0.133827
7811,181.814194,1000.0,0.811062,0.837993,0.0,0.0,0.067223,76430.0,0.174824,0.267462,0.178429,0.361938,-0.063487,0.648105,7.040277,-0.02,-0.8,-0.02,-0.25,-0.6,-4.0,0.500007,-0.151713,-0.016435,0.0,0.0,-0.085673,-0.024087,-0.018524,-0.033432,0.809722,-0.050023,-0.12597,-0.009046,-0.028553,1.781413,4.310537,-0.106346,-0.002704,-0.468752,0.0,4.666667,0.020832,0.107999,0.147133
7812,183.187317,1000.0,0.79317,0.829275,0.0,0.0,0.067131,74099.0,0.175399,0.280899,0.182441,0.355609,-0.06567,0.61994,7.025826,-0.02,-0.8,-0.02,-0.25,-0.6,-4.0,0.500007,-0.144057,-0.015594,0.0,0.0,-0.090173,-0.023732,-0.017796,-0.033805,0.81531,-0.051876,-0.130367,-0.010807,-0.033126,1.795064,4.275753,-0.101351,-0.002146,-0.325124,0.0,4.083333,0.022302,0.079127,0.138109
7813,177.439087,1000.0,0.826039,0.835322,0.0,0.0,0.067147,74497.0,0.168057,0.266622,0.174846,0.361805,-0.06418,0.673295,7.008195,-0.02,-0.8,-0.02,-0.25,-0.6,-4.0,0.500007,-0.159621,-0.016533,0.0,0.0,-0.0898,-0.023785,-0.018717,-0.032774,0.818722,-0.050276,-0.115267,-0.009306,-0.0322,1.804306,4.305094,-0.103117,-0.00285,-0.700229,0.0,4.208333,0.021226,0.0774,0.130558
7814,181.485245,1000.0,0.803363,0.844327,0.0,0.0,0.067184,75513.0,0.169269,0.271908,0.177726,0.358667,-0.065123,0.638507,6.958713,-0.02,-0.8,-0.02,-0.25,-0.6,-4.0,0.500007,-0.161292,-0.012915,0.0,0.0,-0.090776,-0.024041,-0.018477,-0.033488,0.816396,-0.051081,-0.127033,-0.009159,-0.029773,1.802508,4.294237,-0.105285,-0.002073,-0.393607,0.0,4.458333,0.021873,0.09254,0.113112
7815,183.524765,1000.0,0.79024,0.83603,0.0,0.0,0.067283,78195.0,0.175305,0.272395,0.199016,0.384762,-0.068283,0.698037,6.937486,-0.02,-0.8,-0.02,-0.25,-0.6,-4.0,0.500007,-0.145087,-0.016376,0.0,0.0,-0.092911,-0.024406,-0.018665,-0.033839,0.80797,-0.051964,-0.127684,-0.009135,-0.032186,1.790628,4.285604,-0.107648,-0.003754,-0.439553,0.0,3.791667,0.022527,0.068482,0.125398
7816,181.970917,1000.0,0.797706,0.821333,0.0,0.0,0.06719,79071.0,0.167597,0.264579,0.180371,0.351097,-0.062934,0.620866,6.972037,-0.02,-0.8,-0.02,-0.25,-0.6,-4.0,0.500007,-0.142806,-0.015803,0.0,0.0,-0.083478,-0.023963,-0.01825,-0.033004,0.812761,-0.049259,-0.128877,-0.009215,-0.028647,1.805838,4.322038,-0.102829,-0.002413,-0.422668,0.0,4.869565,0.020505,0.078052,0.135944
7817,183.758163,1000.0,0.82476,0.843703,0.0,0.0,0.067142,68740.0,0.183531,0.273861,0.175063,0.337386,-0.062725,0.587336,7.022058,-0.02,-0.8,-0.02,-0.25,-0.6,-4.0,0.500007,-0.152706,-0.016783,0.0,0.0,-0.087113,-0.023782,-0.017316,-0.03286,0.812116,-0.051306,-0.122107,-0.009153,-0.030167,1.779688,4.298917,-0.100621,-0.002292,-0.278094,0.0,4.391304,0.022185,0.076569,0.119092
7818,183.483307,1000.0,0.835357,0.826793,0.0,0.0,0.06711,77769.0,0.156012,0.264236,0.166154,0.320254,-0.058322,0.600812,7.023589,-0.02,-0.8,-0.02,-0.25,-0.6,-4.0,0.500007,-0.148875,-0.012522,0.0,0.0,-0.079356,-0.022714,-0.015961,-0.030395,0.830128,-0.048153,-0.114816,-0.008621,-0.026995,1.833912,4.329443,-0.092996,-0.002139,-0.412553,0.0,4.208333,0.020862,0.087814,0.132499
7819,183.407471,1000.0,0.772761,0.820427,0.0,0.0,0.067107,79051.0,0.178078,0.267446,0.179819,0.36959,-0.065617,0.658062,6.999781,-0.02,-0.8,-0.02,-0.25,-0.6,-4.0,0.498818,-0.152974,-0.01579,0.0,-0.000174,-0.091672,-0.024532,-0.019677,-0.034266,0.805309,-0.0529,-0.128836,-0.009559,-0.02983,1.778302,4.272936,-0.1085,-0.002834,-0.444232,0.043478,4.782609,0.022399,0.080046,0.118584
7820,182.81543,1000.0,0.814888,0.823609,0.0,0.0,0.067225,77205.0,0.17365,0.27182,0.177398,0.368154,-0.066896,0.648682,7.065454,-0.02,-0.8,-0.02,-0.25,-0.6,-4.0,0.500007,-0.151238,-0.017223,0.0,0.0,-0.092552,-0.024934,-0.019428,-0.035273,0.808238,-0.051521,-0.126314,-0.009881,-0.03114,1.799454,4.295317,-0.110825,-0.002969,-0.504309,0.0,4.125,0.018475,0.095703,0.147032
7821,184.535736,1000.0,0.82927,0.831887,0.0,0.0,0.067148,80352.0,0.175915,0.265455,0.178687,0.376969,-0.069211,0.665658,7.060838,-0.02,-0.8,-0.02,-0.25,-0.6,-4.0,0.500007,-0.165631,-0.015331,0.0,0.0,-0.093161,-0.024127,-0.019282,-0.034179,0.812508,-0.049538,-0.116324,-0.010595,-0.029142,1.783492,4.313094,-0.110632,-0.001897,-0.406617,0.0,3.782609,0.018311,0.070704,0.137932
7822,177.88678,1000.0,0.81059,0.832706,0.0,0.0,0.067084,80122.0,0.172904,0.271302,0.185989,0.362772,-0.06478,0.666527,7.04911,-0.02,-0.8,-0.02,-0.25,-0.6,-4.0,0.500007,-0.147909,-0.015729,0.0,0.0,-0.086968,-0.023884,-0.017935,-0.032744,0.812477,-0.05084,-0.124036,-0.009034,-0.029523,1.795149,4.299452,-0.102719,-0.002796,-0.679347,0.0,3.826087,0.021783,0.083161,0.133104
7823,181.204163,1000.0,0.821202,0.847887,0.0,0.0,0.067144,71582.0,0.168437,0.269936,0.175418,0.34485,-0.060283,0.63869,6.995647,-0.02,-0.8,-0.02,-0.25,-0.6,-4.0,0.500007,-0.156906,-0.012914,0.0,0.0,-0.082859,-0.023265,-0.017133,-0.03138,0.831763,-0.051952,-0.117392,-0.008442,-0.028012,1.795038,4.291983,-0.09742,-0.002669,-0.642176,0.0,4.904762,0.020408,0.08232,0.132295
7824,183.226166,1000.0,0.808379,0.835127,0.0,0.0,0.067122,78181.0,0.163873,0.268425,0.18487,0.351266,-0.059507,0.660412,7.0407,-0.02,-0.8,-0.02,-0.25,-0.6,-4.0,0.500007,-0.151904,-0.013765,0.0,0.0,-0.079163,-0.023025,-0.017155,-0.029851,0.828344,-0.050186,-0.118784,-0.008247,-0.025772,1.822921,4.308018,-0.094261,-0.00191,-0.413992,0.0,4.625,0.021489,0.085676,0.131855
7825,182.68866,1000.0,0.834518,0.820158,0.0,0.0,0.066953,79139.0,0.169895,0.270683,0.165271,0.329081,-0.060679,0.623845,7.040434,-0.02,-0.8,-0.02,-0.25,-0.6,-4.0,0.500007,-0.161341,-0.011324,0.0,0.0,-0.082066,-0.022774,-0.016107,-0.030435,0.822701,-0.047877,-0.11377,-0.008921,-0.028124,1.804175,4.316969,-0.094739,-0.002478,-0.382698,0.0,4.291667,0.022407,0.094857,0.126338
7826,177.78595,1000.0,0.811201,0.825569,0.0,0.0,0.066973,78836.0,0.170345,0.271529,0.174792,0.348274,-0.066296,0.614021,7.067579,-0.02,-0.8,-0.02,-0.25,-0.6,-4.0,0.500007,-0.155572,-0.01758,0.0,0.0,-0.09349,-0.024332,-0.018727,-0.033306,0.819007,-0.050905,-0.1243,-0.00942,-0.034689,1.797923,4.303399,-0.1072,-0.002289,-0.591061,0.0,4.478261,0.018994,0.062922,0.139048
7827,185.304398,1000.0,0.785987,0.824503,0.0,0.0,0.066988,78867.0,0.169344,0.266794,0.17977,0.369589,-0.064328,0.669445,7.044139,-0.02,-0.8,-0.02,-0.25,-0.6,-4.0,0.500007,-0.155927,-0.014993,0.0,0.0,-0.086068,-0.023842,-0.017929,-0.032703,0.817967,-0.049714,-0.120405,-0.008689,-0.028,1.803341,4.310293,-0.104321,-0.002799,-0.288335,0.0,4.625,0.018606,0.084957,0.145322
7828,184.950699,1000.0,0.821452,0.833214,0.0,0.0,0.066907,75881.0,0.166789,0.26671,0.17709,0.345338,-0.061594,0.636456,6.991006,-0.02,-0.8,-0.02,-0.25,-0.6,-4.0,0.500007,-0.149367,-0.013078,0.0,0.0,-0.081169,-0.023454,-0.01755,-0.03124,0.814194,-0.049607,-0.11516,-0.009125,-0.026204,1.80213,4.313945,-0.099983,-0.002999,-0.355104,0.0,4.458333,0.019487,0.081287,0.135932
7829,183.678833,1000.0,0.794971,0.816213,0.0,0.0,0.066896,75900.0,0.179059,0.270062,0.183781,0.378919,-0.067037,0.662188,7.042956,-0.02,-0.8,-0.02,-0.25,-0.6,-4.0,0.500007,-0.153365,-0.015499,0.0,0.0,-0.091558,-0.024313,-0.018969,-0.033707,0.80794,-0.051552,-0.123027,-0.009529,-0.030171,1.770588,4.296233,-0.108654,-0.002922,-0.359007,0.0,4.666667,0.021668,0.088463,0.137452
7830,182.931183,1000.0,0.807738,0.829155,0.0,0.0,0.06696,68488.0,0.163349,0.26723,0.188574,0.364682,-0.062345,0.679459,6.949866,-0.02,-0.8,-0.02,-0.25,-0.6,-4.0,0.500007,-0.144284,-0.013207,0.0,0.0,-0.085937,-0.023396,-0.017282,-0.031289,0.821197,-0.049973,-0.1252,-0.008604,-0.029285,1.817915,4.312083,-0.099233,-0.002603,-0.597312,0.0,36.0,0.021958,0.081216,0.111984
7831,181.204926,1000.0,0.810941,0.842328,0.0,0.0,0.066953,79738.0,0.17338,0.26973,0.167555,0.347961,-0.062353,0.633543,6.995728,-0.02,-0.8,-0.02,-0.25,-0.6,-4.0,0.500007,-0.154604,-0.014503,0.0,0.0,-0.085173,-0.023701,-0.017826,-0.033099,0.823231,-0.050101,-0.122305,-0.009509,-0.029317,1.806851,4.303073,-0.101007,-0.002597,-0.413425,0.0,4.391304,0.018495,0.083445,0.109421
7832,182.075516,1000.0,0.797858,0.837633,0.0,0.0,0.066901,75405.0,0.171023,0.270606,0.191388,0.388395,-0.070318,0.688722,6.989173,-0.02,-0.8,-0.02,-0.25,-0.6,-4.0,0.500007,-0.153112,-0.016193,0.0,0.0,-0.092744,-0.024906,-0.020082,-0.035174,0.811658,-0.051787,-0.127105,-0.009536,-0.030062,1.806353,4.288434,-0.113144,-0.00367,-0.569052,0.0,4.125,0.023506,0.083266,0.148385
7833,182.145752,1000.0,0.824467,0.828319,0.0,0.0,0.066956,77617.0,0.169501,0.267665,0.183024,0.380151,-0.065689,0.669488,6.981419,-0.02,-0.8,-0.02,-0.25,-0.6,-4.0,0.500007,-0.155097,-0.013509,0.0,0.0,-0.089519,-0.023873,-0.019067,-0.032663,0.80879,-0.050727,-0.120547,-0.009694,-0.029555,1.80071,4.299789,-0.105193,-0.002394,-0.452495,0.0,3.958333,0.020222,0.0847,0.127934
7834,182.561371,1000.0,0.815103,0.833172,0.0,0.0,0.066936,75742.0,0.171117,0.26661,0.176579,0.351114,-0.060235,0.634168,7.011598,-0.02,-0.8,-0.02,-0.25,-0.6,-4.0,0.500007,-0.150706,-0.016483,0.0,0.0,-0.082765,-0.023275,-0.017333,-0.031595,0.814047,-0.050226,-0.122374,-0.008784,-0.028395,1.805505,4.307638,-0.098656,-0.003785,-0.296641,0.0,4.25,0.019385,0.078186,0.134909
7835,183.531555,1000.0,0.815776,0.820431,0.0,0.0,0.067015,78800.0,0.171419,0.269874,0.18469,0.367546,-0.065947,0.666063,6.988148,-0.02,-0.8,-0.02,-0.25,-0.6,-4.0,0.500007,-0.151861,-0.013835,0.0,0.0,-0.088545,-0.024143,-0.018428,-0.033586,0.822772,-0.051905,-0.126343,-0.008688,-0.029336,1.803534,4.290763,-0.105227,-0.00261,-0.345089,0.0,4.391304,0.021408,0.080296,0.14968
7836,182.224091,1000.0,0.822014,0.826003,0.0,0.0,0.066996,64074.0,0.157368,0.264623,0.182654,0.346187,-0.061788,0.654107,6.938972,-0.02,-0.8,-0.02,-0.25,-0.6,-4.0,0.500007,-0.155881,-0.012925,0.0,0.0,-0.083797,-0.023086,-0.016946,-0.030387,0.828183,-0.049788,-0.115594,-0.008573,-0.028996,1.833289,4.313221,-0.097148,-0.002309,-0.450136,0.0,3.916667,0.020847,0.087955,0.137066
7837,182.035065,1000.0,0.804253,0.835809,0.0,0.0,0.067008,78483.0,0.168702,0.267386,0.172632,0.348161,-0.063428,0.626516,6.978204,-0.02,-0.8,-0.02,-0.25,-0.6,-4.0,0.500007,-0.156694,-0.014136,0.0,0.0,-0.087492,-0.023143,-0.016832,-0.032323,0.822925,-0.049127,-0.113261,-0.008564,-0.030514,1.802237,4.316276,-0.100397,-0.002617,-0.432554,0.0,4.73913,0.02067,0.081936,0.13385
7838,184.090607,1000.0,0.810537,0.839698,0.0,0.0,0.06708,75860.0,0.158087,0.26469,0.184938,0.350281,-0.058684,0.67927,6.939121,-0.02,-0.8,-0.02,-0.25,-0.6,-4.0,0.500007,-0.151458,-0.012118,0.0,0.0,-0.076991,-0.022519,-0.015391,-0.029453,0.835855,-0.047757,-0.111457,-0.007438,-0.025988,1.835917,4.333583,-0.093273,-0.00261,-0.524284,0.0,4.375,0.020635,0.089702,0.12317
7839,179.852341,990.52002,0.798539,0.834411,0.043478,0.0,0.066966,77960.0,0.159744,0.264428,0.174053,0.336126,-0.059393,0.629467,7.007806,-0.02,-0.8,-0.02,-0.25,-0.6,-4.0,0.497059,-0.154185,-0.014698,0.0,-0.000248,-0.080408,-0.022694,-0.016384,-0.029857,0.817883,-0.049126,-0.110209,-0.009202,-0.027975,1.81874,4.290793,-0.094224,-0.002471,-0.413627,0.0,4.217391,0.020168,0.080418,0.137107
7840,184.092651,1000.0,0.801837,0.845937,0.0,0.0,0.066697,80116.0,0.175157,0.271805,0.180223,0.368057,-0.066498,0.648463,7.039348,-0.02,-0.8,-0.02,-0.25,-0.6,-4.0,0.500007,-0.154207,-0.015075,0.0,0.0,-0.089289,-0.023836,-0.018518,-0.033209,0.816118,-0.052494,-0.122593,-0.009843,-0.030201,1.79007,4.285028,-0.103628,-0.00254,-0.375912,0.0,4.73913,0.018761,0.094602,0.121755
7841,183.018509,997.380005,0.8138,0.834045,0.0,0.0,0.066695,77076.0,0.161673,0.267853,0.178282,0.355741,-0.061881,0.651905,7.051756,-0.02,-0.8,-0.02,-0.25,-0.6,-4.0,0.499224,-0.151318,-0.012544,0.0,-0.000238,-0.08783,-0.02345,-0.017617,-0.03129,0.824559,-0.049558,-0.11853,-0.008777,-0.030395,1.819263,4.305025,-0.101741,-0.002656,-0.555405,0.041667,4.166667,0.018329,0.077786,0.138455
7842,182.312408,1000.0,0.79297,0.838593,0.0,0.0,0.066668,65927.0,0.171216,0.274974,0.18025,0.363903,-0.063712,0.658287,7.018297,-0.02,-0.8,-0.02,-0.25,-0.6,-4.0,0.500007,-0.150244,-0.014574,0.0,0.0,-0.086396,-0.023886,-0.017843,-0.032851,0.817163,-0.051423,-0.122481,-0.008182,-0.029505,1.80267,4.291784,-0.102787,-0.002869,-0.411894,0.0,5.0,0.019106,0.072049,0.10355
7843,182.776321,1000.0,0.816973,0.839015,0.0,0.0,0.066447,74652.0,0.165962,0.270292,0.181658,0.359065,-0.061699,0.644311,7.019953,-0.02,-0.8,-0.02,-0.25,-0.6,-4.0,0.500007,-0.152387,-0.014317,0.0,0.0,-0.084101,-0.023228,-0.017168,-0.031061,0.814787,-0.050951,-0.115833,-0.008415,-0.027811,1.814018,4.296389,-0.099193,-0.002424,-0.443717,0.0,4.375,0.019866,0.085383,0.132003
7844,186.680862,1000.0,0.785859,0.847261,0.0,0.0,0.066534,79691.0,0.160527,0.261202,0.191239,0.366813,-0.060958,0.682471,7.023659,-0.02,-0.8,-0.02,-0.25,-0.6,-4.0,0.500007,-0.1504,-0.012872,0.0,0.0,-0.081005,-0.022953,-0.016945,-0.030224,0.828792,-0.048749,-0.111286,-0.007856,-0.026025,1.829597,4.325992,-0.097633,-0.003053,-0.293728,0.0,4.652174,0.019297,0.073643,0.120318
7845,182.751953,1000.0,0.78184,0.820987,0.086957,0.0,0.066522,81784.0,0.167625,0.26931,0.18397,0.347565,-0.061924,0.623221,7.046216,-0.02,-0.8,-0.02,-0.25,-0.6,-4.0,0.493724,-0.151312,-0.017893,0.0,-0.001014,-0.084921,-0.023332,-0.017807,-0.03146,0.807736,-0.052165,-0.117769,-0.008929,-0.028447,1.781157,4.233474,-0.099153,-0.002794,-0.371703,0.0,4.869565,0.022808,0.077602,0.13247
7846,182.401794,1000.0,0.806546,0.833837,0.0,0.0,0.066522,80253.0,0.167705,0.272407,0.190774,0.355427,-0.062841,0.656731,7.034418,-0.02,-0.8,-0.02,-0.25,-0.6,-4.0,0.500007,-0.146581,-0.014476,0.0,0.0,-0.084736,-0.023499,-0.017563,-0.03159,0.821452,-0.052001,-0.120713,-0.008864,-0.028833,1.812082,4.288049,-0.1,-0.002662,-0.442448,0.0,4.166667,0.023032,0.089179,0.158545
7847,179.93013,1000.0,0.800501,0.849121,0.0,0.0,0.066572,79577.0,0.173862,0.267766,0.196673,0.395773,-0.069195,0.703329,7.097005,-0.02,-0.8,-0.02,-0.25,-0.6,-4.0,0.500007,-0.146961,-0.017775,0.0,0.0,-0.094767,-0.024527,-0.019153,-0.034337,0.810157,-0.052116,-0.124683,-0.009202,-0.031815,1.796151,4.291222,-0.111258,-0.003231,-0.536908,0.0,4.458333,0.019704,0.078906,0.115587
7848,184.705978,1000.0,0.802929,0.829492,0.0,0.0,0.066586,82142.0,0.161707,0.256728,0.188657,0.357882,-0.061552,0.675056,7.137053,-0.02,-0.8,-0.02,-0.25,-0.6,-4.0,0.500007,-0.149517,-0.01269,0.0,0.0,-0.082225,-0.022696,-0.016387,-0.030339,0.830034,-0.047817,-0.109908,-0.007803,-0.02698,1.821116,4.341094,-0.097834,-0.002736,-0.420464,0.0,4.571429,0.022907,0.076107,0.118798
7849,183.132935,1000.0,0.785356,0.827489,0.0,0.0,0.066505,67432.0,0.171702,0.272647,0.184738,0.365308,-0.064242,0.647392,7.169466,-0.02,-0.8,-0.02,-0.25,-0.6,-4.0,0.500007,-0.153765,-0.01254,0.0,0.0,-0.088772,-0.023474,-0.017823,-0.03212,0.818359,-0.05118,-0.125215,-0.008931,-0.029585,1.800877,4.290433,-0.10208,-0.002745,-0.348604,0.0,4.454545,0.02193,0.092525,0.148276
7850,181.77179,1000.0,0.810993,0.838543,0.0,0.0,0.066487,76438.0,0.173527,0.264473,0.190951,0.373403,-0.06246,0.692035,7.09025,-0.02,-0.8,-0.02,-0.25,-0.6,-4.0,0.500007,-0.14971,-0.014473,0.0,0.0,-0.083982,-0.023114,-0.017387,-0.031032,0.820214,-0.050599,-0.120999,-0.008751,-0.027725,1.791612,4.306203,-0.098876,-0.002881,-0.464953,0.0,3.375,0.021254,0.085556,0.117026
7851,181.003143,1000.0,0.808757,0.833681,0.0,0.0,0.066512,77859.0,0.176976,0.263654,0.202259,0.392876,-0.068855,0.692124,7.133478,-0.02,-0.8,-0.02,-0.25,-0.6,-4.0,0.500007,-0.141368,-0.019172,0.0,0.0,-0.093012,-0.024292,-0.019077,-0.033373,0.807069,-0.051278,-0.123079,-0.008469,-0.03052,1.792739,4.299922,-0.108599,-0.003364,-0.625875,0.0,4.291667,0.02136,0.079814,0.128812
7852,184.61113,1000.0,0.799446,0.842199,0.0,0.0,0.066506,80639.0,0.164926,0.264022,0.178945,0.343929,-0.059012,0.631528,7.133621,-0.02,-0.8,-0.02,-0.25,-0.6,-4.0,0.500007,-0.145608,-0.0135,0.0,0.0,-0.081598,-0.022731,-0.016439,-0.030207,0.822991,-0.050981,-0.120355,-0.007967,-0.028784,1.817002,4.305713,-0.092861,-0.002457,-0.372848,0.0,4.375,0.020423,0.105167,0.143615
7853,180.369507,995.099976,0.782718,0.819521,0.0,0.0,0.066501,79954.0,0.173405,0.273232,0.1885,0.391897,-0.068065,0.700253,7.119659,-0.02,-0.8,-0.02,-0.25,-0.6,-4.0,0.498728,-0.153451,-0.016656,0.0,-0.000208,-0.092877,-0.024175,-0.018955,-0.033915,0.804566,-0.051467,-0.125675,-0.00904,-0.030362,1.795956,4.276668,-0.108575,-0.003016,-0.428669,0.041667,4.458333,0.020961,0.079728,0.133779
7854,183.233398,1000.0,0.812667,0.83471,0.0,0.0,0.066472,78241.0,0.171852,0.272913,0.186067,0.371404,-0.065625,0.683483,7.110805,-0.02,-0.8,-0.02,-0.25,-0.6,-4.0,0.500007,-0.152164,-0.013355,0.0,0.0,-0.091165,-0.024032,-0.018679,-0.033664,0.818215,-0.051676,-0.122836,-0.009548,-0.029686,1.798681,4.289027,-0.105385,-0.00211,-0.420135,0.0,4.458333,0.020064,0.089852,0.116894
7855,183.195145,1000.0,0.805136,0.808968,0.0,0.0,0.066374,67998.0,0.185239,0.267756,0.183706,0.380746,-0.066892,0.662493,7.147123,-0.02,-0.8,-0.02,-0.25,-0.6,-4.0,0.500007,-0.153904,-0.016001,0.0,0.0,-0.091021,-0.024229,-0.019207,-0.034212,0.811184,-0.052162,-0.125022,-0.008851,-0.029972,1.766557,4.288927,-0.108282,-0.002593,-0.362209,0.0,4.166667,0.021426,0.093736,0.128614
7856,181.734283,1000.0,0.808489,0.827828,0.0,0.0,0.066325,80171.0,0.163095,0.267503,0.174816,0.357855,-0.063849,0.645173,7.148083,-0.02,-0.8,-0.02,-0.25,-0.6,-4.0,0.500007,-0.14953,-0.0167,0.0,0.0,-0.088486,-0.02377,-0.017972,-0.033125,0.818008,-0.049947,-0.122515,-0.008696,-0.029253,1.818734,4.308182,-0.103221,-0.001898,-0.446111,0.0,4.208333,0.019815,0.084152,0.11404
7857,183.631927,1000.0,0.811204,0.839954,0.0,0.0,0.066485,79155.0,0.166575,0.264053,0.173749,0.356066,-0.062155,0.654913,7.160524,-0.02,-0.8,-0.02,-0.25,-0.6,-4.0,0.500007,-0.148877,-0.014727,0.0,0.0,-0.086286,-0.023628,-0.018125,-0.032159,0.808642,-0.049698,-0.120725,-0.009553,-0.028064,1.809114,4.315678,-0.102199,-0.001955,-0.387086,0.0,3.913043,0.017988,0.083841,0.118389
7858,185.505478,1000.0,0.804993,0.833229,0.0,0.0,0.06661,79849.0,0.15935,0.264826,0.179896,0.346646,-0.060688,0.656319,7.072211,-0.02,-0.8,-0.02,-0.25,-0.6,-4.0,0.500007,-0.150422,-0.01292,0.0,0.0,-0.083883,-0.022842,-0.016711,-0.030888,0.831782,-0.049022,-0.113993,-0.008517,-0.028421,1.831347,4.323147,-0.095304,-0.002797,-0.320625,0.0,5.083333,0.018947,0.072153,0.134183
7859,182.411102,1000.0,0.793513,0.823972,0.0,0.0,0.066702,80280.0,0.168208,0.265805,0.174864,0.369278,-0.066103,0.657985,7.104093,-0.02,-0.8,-0.02,-0.25,-0.6,-4.0,0.500007,-0.160151,-0.014596,0.0,0.0,-0.093282,-0.024006,-0.019254,-0.034549,0.810588,-0.049849,-0.116317,-0.009635,-0.029658,1.805502,4.30942,-0.107753,-0.002375,-0.403156,0.0,4.0,0.018705,0.095571,0.14718
7860,181.729492,1000.0,0.794515,0.818374,0.0,0.0,0.066722,77900.0,0.167066,0.265857,0.178611,0.346667,-0.062865,0.614615,7.08192,-0.02,-0.8,-0.02,-0.25,-0.6,-4.0,0.500007,-0.155278,-0.013836,0.0,0.0,-0.086556,-0.023679,-0.01812,-0.032434,0.817413,-0.051272,-0.117905,-0.009075,-0.029398,1.811063,4.299908,-0.101788,-0.00295,-0.362035,0.0,4.608696,0.019415,0.081743,0.138895
7861,181.056625,995.280029,0.806633,0.830963,0.041667,0.0,0.066874,77830.0,0.158376,0.267887,0.171899,0.349947,-0.061528,0.646818,7.096181,-0.02,-0.8,-0.02,-0.25,-0.6,-4.0,0.498036,-0.155164,-0.013501,0.0,-0.000333,-0.086153,-0.023165,-0.018043,-0.032138,0.823032,-0.050542,-0.120033,-0.009686,-0.02972,1.822664,4.292133,-0.099772,-0.003135,-0.469838,0.0,4.458333,0.024249,0.085742,0.149774
7862,178.621796,1000.0,0.801814,0.833549,0.0,0.0,0.066893,69365.0,0.168558,0.259568,0.184478,0.341417,-0.062652,0.633923,7.092095,-0.02,-0.8,-0.02,-0.25,-0.6,-4.0,0.500007,-0.146283,-0.016983,0.0,0.0,-0.089809,-0.023721,-0.017856,-0.0329,0.813881,-0.049427,-0.122932,-0.007981,-0.029906,1.811985,4.322294,-0.101515,-0.002674,-0.653938,0.0,4.173913,0.019556,0.098456,0.131973
7863,181.083511,1000.0,0.817393,0.833632,0.0,0.0,0.066842,78635.0,0.174549,0.264677,0.175418,0.337295,-0.060341,0.614387,7.044654,-0.02,-0.8,-0.02,-0.25,-0.6,-4.0,0.500007,-0.156411,-0.012835,0.0,0.0,-0.084464,-0.023073,-0.017394,-0.030972,0.818182,-0.049408,-0.117134,-0.008679,-0.029726,1.78806,4.320661,-0.098885,-0.003018,-0.610681,0.0,3.833333,0.021906,0.082194,0.127281
7864,181.262634,1000.0,0.799159,0.825393,0.0,0.0,0.066843,85369.0,0.159442,0.264178,0.183135,0.340971,-0.06051,0.653836,7.089298,-0.02,-0.8,-0.02,-0.25,-0.6,-4.0,0.500007,-0.152569,-0.010823,0.0,0.0,-0.083136,-0.02255,-0.016415,-0.030267,0.828001,-0.049157,-0.1161,-0.009133,-0.028,1.825304,4.320607,-0.094254,-0.002185,-0.544943,0.0,4.0,0.018827,0.091267,0.123257
7865,185.046371,1000.0,0.833036,0.832303,0.0,0.0,0.066881,79125.0,0.178948,0.271225,0.180411,0.344973,-0.063284,0.621147,7.073825,-0.02,-0.8,-0.02,-0.25,-0.6,-4.0,0.500007,-0.156637,-0.017418,0.0,0.0,-0.088054,-0.023552,-0.018085,-0.032159,0.811723,-0.04964,-0.1194,-0.008669,-0.029464,1.785106,4.308784,-0.10189,-0.001996,-0.283199,0.0,4.478261,0.017807,0.072856,0.139441
7866,182.991302,999.849976,0.813176,0.827694,0.0,0.0,0.067012,77564.0,0.165247,0.262972,0.179374,0.354084,-0.063457,0.631029,7.081347,-0.02,-0.8,-0.02,-0.25,-0.6,-4.0,0.499951,-0.150873,-0.0149,0.0,-0.000278,-0.090014,-0.0236,-0.018142,-0.032682,0.812276,-0.050861,-0.118963,-0.009299,-0.030053,1.80817,4.312244,-0.102632,-0.002346,-0.439107,0.041667,4.583333,0.021612,0.084655,0.132711
7867,181.183197,1000.0,0.82142,0.841747,0.0,0.0,0.067113,80525.0,0.160131,0.261162,0.179971,0.368786,-0.063314,0.680248,7.049676,-0.02,-0.8,-0.02,-0.25,-0.6,-4.0,0.500007,-0.156874,-0.014427,0.0,0.0,-0.086915,-0.023414,-0.017895,-0.031371,0.816418,-0.048778,-0.115827,-0.008131,-0.0289,1.824379,4.329292,-0.101376,-0.003364,-0.625675,0.0,4.782609,0.020323,0.081881,0.107148
7868,181.930298,999.219971,0.805054,0.831319,0.0,0.0,0.067093,65572.0,0.162408,0.266508,0.174257,0.350988,-0.063489,0.635364,7.082777,-0.02,-0.8,-0.02,-0.25,-0.6,-4.0,0.499458,-0.148245,-0.012774,0.0,-0.000556,-0.087811,-0.023303,-0.017622,-0.032789,0.812287,-0.051009,-0.123842,-0.010468,-0.030401,1.819308,4.302896,-0.099817,-0.002528,-0.37984,0.041667,4.083333,0.02186,0.087447,0.12782
7869,183.025665,1000.0,0.801451,0.826291,0.0,0.0,0.06719,77360.0,0.166338,0.263313,0.179461,0.331089,-0.056995,0.631366,7.049891,-0.02,-0.8,-0.02,-0.25,-0.6,-4.0,0.500007,-0.145655,-0.011552,0.0,0.0,-0.079938,-0.022146,-0.015042,-0.029673,0.828851,-0.049764,-0.1166,-0.008478,-0.02853,1.817415,4.317556,-0.089998,-0.002422,-0.504784,0.0,4.916667,0.020621,0.092302,0.127055
7870,182.758774,1000.0,0.809183,0.827894,0.0,0.0,0.067408,78988.0,0.153963,0.266495,0.174215,0.328444,-0.058931,0.615198,7.09901,-0.02,-0.8,-0.02,-0.25,-0.6,-4.0,0.500007,-0.142656,-0.011678,0.0,0.0,-0.081809,-0.022709,-0.015761,-0.030966,0.833052,-0.048484,-0.121248,-0.00786,-0.029652,1.841702,4.328707,-0.093982,-0.002312,-0.402868,0.0,4.416667,0.018444,0.082948,0.126786
7871,180.370972,1000.0,0.82037,0.830442,0.0,0.0,0.067633,78444.0,0.164794,0.267908,0.182311,0.37221,-0.0672,0.665599,7.054277,-0.02,-0.8,-0.02,-0.25,-0.6,-4.0,0.500007,-0.151562,-0.015411,0.0,0.0,-0.092981,-0.023965,-0.019287,-0.03386,0.806441,-0.051071,-0.127464,-0.008968,-0.031098,1.810687,4.30042,-0.106989,-0.002411,-0.631562,0.0,4.625,0.020577,0.089983,0.128766
7872,183.26651,1000.0,0.805309,0.839839,0.0,0.0,0.067816,81223.0,0.153179,0.261445,0.184358,0.34966,-0.0623,0.654095,7.055577,-0.02,-0.8,-0.02,-0.25,-0.6,-4.0,0.500007,-0.149493,-0.013133,0.0,0.0,-0.085127,-0.022912,-0.016786,-0.031361,0.822935,-0.047834,-0.122728,-0.007992,-0.028024,1.847277,4.33697,-0.098102,-0.002569,-0.508642,0.0,35.652176,0.019758,0.064895,0.133383
7873,178.588821,1000.0,0.818871,0.837628,0.0,0.0,0.067895,82245.0,0.153222,0.268343,0.182486,0.341451,-0.059553,0.653564,7.108475,-0.02,-0.8,-0.02,-0.25,-0.6,-4.0,0.500007,-0.147599,-0.011451,0.0,0.0,-0.081706,-0.022578,-0.016007,-0.030283,0.830567,-0.049904,-0.117634,-0.008148,-0.028029,1.847013,4.312951,-0.092418,-0.002347,-0.604169,0.0,4.869565,0.01759,0.082756,0.139242
7874,180.505051,1000.0,0.80396,0.810387,0.0,0.0,0.067931,81310.0,0.178367,0.262663,0.165529,0.350822,-0.062042,0.630903,7.13798,-0.02,-0.8,-0.02,-0.25,-0.6,-4.0,0.500007,-0.155439,-0.014906,0.0,0.0,-0.088901,-0.023576,-0.017444,-0.032739,0.812499,-0.049511,-0.125176,-0.009096,-0.029555,1.788713,4.321048,-0.102855,-0.002103,-0.466204,0.0,3.625,0.021688,0.081056,0.134779
7875,176.993271,999.080017,0.810473,0.832209,0.041667,0.0,0.067886,67835.0,0.163492,0.269848,0.177746,0.344668,-0.063563,0.635157,7.104553,-0.02,-0.8,-0.02,-0.25,-0.6,-4.0,0.499619,-0.149205,-0.014122,0.0,-0.000333,-0.08797,-0.023208,-0.016189,-0.031994,0.819962,-0.050767,-0.124005,-0.008894,-0.031092,1.812581,4.302028,-0.099007,-0.002434,-0.704829,0.0,4.125,0.021699,0.07042,0.129801
7876,182.553741,1000.0,0.810724,0.816847,0.0,0.0,0.067905,80369.0,0.150798,0.269103,0.177178,0.357343,-0.062825,0.668771,7.087403,-0.02,-0.8,-0.02,-0.25,-0.6,-4.0,0.500007,-0.154975,-0.013901,0.0,0.0,-0.085649,-0.023344,-0.017969,-0.032308,0.821254,-0.049525,-0.119732,-0.008552,-0.028358,1.846061,4.313963,-0.098918,-0.001966,-0.444764,0.0,4.333333,0.02007,0.079299,0.128585
7877,179.429398,988.330017,0.798378,0.822792,0.0,0.0,0.067756,80564.0,0.159503,0.26663,0.167558,0.34525,-0.063655,0.627642,7.123172,-0.02,-0.8,-0.02,-0.25,-0.6,-4.0,0.494047,-0.150223,-0.015459,0.0,-0.000683,-0.087339,-0.023747,-0.018034,-0.033774,0.80366,-0.050491,-0.118519,-0.009374,-0.02999,1.797978,4.251521,-0.103895,-0.002099,-0.840883,0.086957,4.0,0.020398,0.093165,0.134329
7878,178.694672,1000.0,0.796662,0.831659,0.0,0.0,0.067599,77662.0,0.162147,0.270233,0.175968,0.366517,-0.065982,0.671532,7.125936,-0.02,-0.8,-0.02,-0.25,-0.6,-4.0,0.500007,-0.157495,-0.014977,0.0,0.0,-0.092472,-0.023713,-0.018538,-0.033159,0.815716,-0.050992,-0.124299,-0.009712,-0.03259,1.81878,4.298444,-0.103294,-0.002615,-0.531537,0.0,4.333333,0.021067,0.082599,0.142616
7879,179.296524,1000.0,0.821023,0.828064,0.0,0.0,0.067615,81633.0,0.168495,0.263951,0.172061,0.348918,-0.063678,0.648751,7.114147,-0.02,-0.8,-0.02,-0.25,-0.6,-4.0,0.500007,-0.158377,-0.014231,0.0,0.0,-0.088208,-0.023665,-0.018318,-0.032297,0.814661,-0.04982,-0.118082,-0.008935,-0.029749,1.807937,4.31558,-0.103348,-0.002163,-0.556313,0.0,4.304348,0.019898,0.081531,0.126024
7880,182.421951,1000.0,0.834033,0.836498,0.0,0.0,0.067499,80767.0,0.151054,0.271424,0.176451,0.363453,-0.06441,0.696714,7.091888,-0.02,-0.8,-0.02,-0.25,-0.6,-4.0,0.500007,-0.15582,-0.012297,0.0,0.0,-0.088923,-0.023498,-0.017939,-0.032805,0.817571,-0.051332,-0.12204,-0.008878,-0.029513,1.843284,4.297626,-0.100358,-0.002067,-0.568213,0.0,4.416667,0.021485,0.094831,0.129575
7881,178.292847,1000.0,0.802842,0.821381,0.0,0.0,0.067313,69417.0,0.179934,0.273127,0.169705,0.35837,-0.066842,0.632644,7.124049,-0.02,-0.8,-0.02,-0.25,-0.6,-4.0,0.500007,-0.156337,-0.01666,0.0,0.0,-0.091136,-0.024441,-0.019085,-0.034513,0.806623,-0.052706,-0.126042,-0.010864,-0.030302,1.771307,4.280951,-0.107891,-0.002298,-0.458484,0.0,4.565217,0.024363,0.088643,0.127323
7882,184.177292,1000.0,0.794643,0.839584,0.0,0.0,0.067357,81386.0,0.153743,0.279001,0.178504,0.346701,-0.063551,0.666307,7.107229,-0.02,-0.8,-0.02,-0.25,-0.6,-4.0,0.500007,-0.150842,-0.013164,0.0,0.0,-0.086323,-0.023582,-0.017438,-0.032492,0.821763,-0.050162,-0.123459,-0.009465,-0.029718,1.84381,4.290819,-0.099076,-0.00243,-0.386558,0.0,4.73913,0.021553,0.079059,0.14038
7883,182.753815,1000.0,0.79678,0.837341,0.0,0.0,0.067392,81176.0,0.169717,0.271233,0.185125,0.351412,-0.063864,0.667551,7.17288,-0.02,-0.8,-0.02,-0.25,-0.6,-4.0,0.500007,-0.147168,-0.013749,0.0,0.0,-0.087505,-0.023506,-0.016998,-0.032364,0.820244,-0.051863,-0.130234,-0.008859,-0.029472,1.805344,4.289747,-0.099133,-0.002534,-0.478754,0.0,4.458333,0.019747,0.084686,0.131247
7884,182.588593,1000.0,0.815333,0.845698,0.0,0.0,0.06745,80764.0,0.165982,0.271179,0.176668,0.356159,-0.064301,0.657115,7.176561,-0.02,-0.8,-0.02,-0.25,-0.6,-4.0,0.500007,-0.153817,-0.015203,0.0,0.0,-0.08653,-0.024019,-0.017912,-0.033023,0.815015,-0.051565,-0.125605,-0.009441,-0.028863,1.818499,4.294662,-0.102965,-0.003264,-0.373759,0.0,4.5,0.018221,0.088683,0.123106
7885,184.561188,1000.0,0.820825,0.824419,0.0,0.0,0.067385,79891.0,0.154933,0.265452,0.178837,0.364743,-0.063501,0.690955,7.170955,-0.02,-0.8,-0.02,-0.25,-0.6,-4.0,0.500007,-0.153232,-0.01481,0.0,0.0,-0.089459,-0.023861,-0.018357,-0.033628,0.816317,-0.050177,-0.128574,-0.008957,-0.02964,1.834534,4.312821,-0.101945,-0.002038,-0.41975,0.0,4.708333,0.018972,0.080657,0.123156
7886,182.661774,1000.0,0.80771,0.820649,0.0,0.0,0.067519,80354.0,0.169228,0.270003,0.178299,0.350831,-0.065853,0.638946,7.14461,-0.02,-0.8,-0.02,-0.25,-0.6,-4.0,0.500007,-0.145368,-0.017857,0.0,0.0,-0.095734,-0.024326,-0.018381,-0.035519,0.808571,-0.051392,-0.127066,-0.00998,-0.033943,1.809036,4.293489,-0.104222,-0.002308,-0.48756,0.0,4.695652,0.020213,0.083695,0.148323
7887,184.953857,1000.0,0.815937,0.848677,0.0,0.0,0.067512,80072.0,0.152627,0.270011,0.181628,0.360985,-0.063113,0.670015,7.143828,-0.02,-0.8,-0.02,-0.25,-0.6,-4.0,0.500007,-0.151809,-0.013105,0.0,0.0,-0.086471,-0.023522,-0.017339,-0.032699,0.820604,-0.05143,-0.122905,-0.008479,-0.027528,1.848962,4.298963,-0.100049,-0.001707,-0.379574,0.0,4.391304,0.018734,0.083439,0.125849
7888,179.14299,1000.0,0.786155,0.833582,0.0,0.0,0.067374,67530.0,0.167419,0.272309,0.179167,0.367192,-0.068006,0.666573,7.169439,-0.02,-0.8,-0.02,-0.25,-0.6,-4.0,0.500007,-0.154819,-0.016119,0.0,0.0,-0.095838,-0.025081,-0.019909,-0.035518,0.806715,-0.052619,-0.126886,-0.009474,-0.031391,1.805722,4.285249,-0.110972,-0.002124,-0.566307,0.0,4.041667,0.018904,0.080765,0.125136
7889,181.591171,1000.0,0.790866,0.841416,0.0,0.0,0.067278,83999.0,0.150269,0.269134,0.180122,0.322904,-0.058567,0.610303,7.155143,-0.02,-0.8,-0.02,-0.25,-0.6,-4.0,0.500007,-0.147606,-0.010646,0.0,0.0,-0.084851,-0.023004,-0.01574,-0.030385,0.828148,-0.049327,-0.119247,-0.008105,-0.030031,1.852906,4.314707,-0.093265,-0.001825,-0.485655,0.0,5.181818,0.021646,0.075133,0.122737
7890,176.902695,996.900024,0.798092,0.829357,0.043478,0.0,0.067359,83290.0,0.166443,0.271831,0.177509,0.361573,-0.062947,0.683896,7.181381,-0.02,-0.8,-0.02,-0.25,-0.6,-4.0,0.497753,-0.156029,-0.014787,0.0,-0.00058,-0.085346,-0.023792,-0.018163,-0.031997,0.806795,-0.050937,-0.117349,-0.008737,-0.027778,1.809065,4.280748,-0.101366,-0.002471,-0.624197,0.0,4.347826,0.022231,0.082109,0.128451
7891,184.853394,1000.0,0.810192,0.841856,0.0,0.0,0.067393,83634.0,0.158054,0.253928,0.175328,0.362125,-0.062527,0.669734,7.143341,-0.02,-0.8,-0.02,-0.25,-0.6,-4.0,0.500007,-0.149636,-0.014985,0.0,0.0,-0.087821,-0.023172,-0.016769,-0.03242,0.823864,-0.047149,-0.125358,-0.008506,-0.030444,1.830858,4.346573,-0.099228,-0.002563,-0.426476,0.0,4.0,0.020083,0.093425,0.098484
7892,183.219482,998.25,0.791559,0.80439,0.0,0.0,0.067498,80478.0,0.153101,0.277999,0.170277,0.33215,-0.059082,0.636274,7.168394,-0.02,-0.8,-0.02,-0.25,-0.6,-4.0,0.498173,-0.158951,-0.012603,0.0,-0.000833,-0.084292,-0.02316,-0.016986,-0.030992,0.818689,-0.050673,-0.115305,-0.009035,-0.030444,1.835761,4.279273,-0.095244,-0.002226,-0.429033,0.041667,3.541667,0.018568,0.080954,0.143824
7893,178.593399,988.419983,0.800035,0.835812,0.0,0.0,0.067674,80225.0,0.168239,0.265888,0.184862,0.369787,-0.068916,0.685635,7.162517,-0.02,-0.8,-0.02,-0.25,-0.6,-4.0,0.495114,-0.147127,-0.016442,0.0,-0.000694,-0.096484,-0.024835,-0.018922,-0.035425,0.800627,-0.052253,-0.130616,-0.010138,-0.032317,1.795544,4.253136,-0.110036,-0.002601,-0.489723,0.083333,4.708333,0.02104,0.096612,0.13745
7894,182.012909,1000.0,0.802442,0.848532,0.0,0.0,0.067694,79724.0,0.152041,0.264266,0.164362,0.333097,-0.058889,0.633488,7.165612,-0.02,-0.8,-0.02,-0.25,-0.6,-4.0,0.500007,-0.154757,-0.011597,0.0,0.0,-0.082315,-0.022966,-0.016136,-0.031286,0.8278,-0.04823,-0.117608,-0.00882,-0.027759,1.839121,4.327579,-0.094904,-0.002125,-0.443321,0.0,4.291667,0.019993,0.087999,0.125665
7895,180.109512,1000.0,0.806358,0.826846,0.0,0.0,0.067776,66987.0,0.17523,0.265896,0.184361,0.359024,-0.064684,0.658526,7.183475,-0.02,-0.8,-0.02,-0.25,-0.6,-4.0,0.500007,-0.142875,-0.016603,0.0,0.0,-0.092181,-0.024029,-0.018309,-0.033275,0.812875,-0.051104,-0.131886,-0.010453,-0.033719,1.812307,4.305082,-0.102043,-0.002312,-0.684342,0.0,4.0,0.017873,0.086989,0.126362
7896,182.843399,1000.0,0.794949,0.813189,0.0,0.0,0.067777,79336.0,0.15353,0.267948,0.181463,0.350381,-0.062137,0.672496,7.206454,-0.02,-0.8,-0.02,-0.25,-0.6,-4.0,0.500007,-0.15309,-0.012952,0.0,0.0,-0.084087,-0.023482,-0.01718,-0.032008,0.824015,-0.050265,-0.119157,-0.008758,-0.0276,1.840401,4.30959,-0.097549,-0.002314,-0.481722,0.0,4.583333,0.019821,0.094671,0.129489
7897,181.526306,996.059998,0.805534,0.812158,0.0,0.0,0.06768,80248.0,0.159799,0.267619,0.179259,0.342251,-0.061304,0.649513,7.195123,-0.02,-0.8,-0.02,-0.25,-0.6,-4.0,0.498635,-0.146781,-0.010974,0.0,-0.000278,-0.08328,-0.02296,-0.016029,-0.031106,0.823372,-0.049656,-0.119078,-0.008761,-0.028707,1.827255,4.302039,-0.095874,-0.002043,-0.42469,0.041667,4.458333,0.024915,0.090431,0.13567
7898,183.138504,999.320007,0.818957,0.847076,0.0,0.0,0.067808,81090.0,0.15871,0.269245,0.174111,0.323157,-0.05904,0.611306,7.15808,-0.02,-0.8,-0.02,-0.25,-0.6,-4.0,0.499647,-0.149564,-0.014025,0.0,-0.000417,-0.081865,-0.023186,-0.016537,-0.030767,0.819453,-0.050437,-0.12374,-0.008462,-0.028259,1.824802,4.310738,-0.093438,-0.001775,-0.436557,0.041667,3.875,0.019663,0.081497,0.11477
7899,180.544724,1000.0,0.812133,0.831074,0.0,0.0,0.067843,82006.0,0.166446,0.266886,0.17907,0.352898,-0.061788,0.663898,7.162309,-0.02,-0.8,-0.02,-0.25,-0.6,-4.0,0.500007,-0.144061,-0.014474,0.0,0.0,-0.088273,-0.024044,-0.017671,-0.033135,0.822272,-0.051039,-0.128985,-0.008605,-0.029355,1.817492,4.304595,-0.100276,-0.001951,-0.554033,0.0,4.086957,0.021645,0.077976,0.118095
7900,181.725388,1000.0,0.80218,0.834351,0.0,0.0,0.067839,81714.0,0.164689,0.274847,0.185035,0.369069,-0.068681,0.675003,7.151314,-0.02,-0.8,-0.02,-0.25,-0.6,-4.0,0.500007,-0.152045,-0.015555,0.0,0.0,-0.093842,-0.025015,-0.01952,-0.034645,0.80441,-0.053543,-0.127293,-0.010431,-0.030655,1.818589,4.272198,-0.10818,-0.002076,-0.388772,0.0,4.956522,0.021009,0.07871,0.132936
7901,180.479904,1000.0,0.798912,0.848954,0.0,0.0,0.067843,67371.0,0.15565,0.271641,0.168221,0.327234,-0.060686,0.614203,7.152709,-0.02,-0.8,-0.02,-0.25,-0.6,-4.0,0.500007,-0.152841,-0.012942,0.0,0.0,-0.085682,-0.02371,-0.016823,-0.032502,0.824346,-0.050978,-0.1252,-0.008214,-0.029067,1.833882,4.302158,-0.097453,-0.001567,-0.418089,0.0,4.416667,0.019885,0.07753,0.118893
7902,182.95015,1000.0,0.796155,0.821338,0.0,0.0,0.067851,81155.0,0.157824,0.270195,0.159203,0.331796,-0.06296,0.594349,7.182015,-0.02,-0.8,-0.02,-0.25,-0.6,-4.0,0.500007,-0.168183,-0.015445,0.0,0.0,-0.085745,-0.023902,-0.017244,-0.032821,0.819247,-0.048744,-0.113669,-0.008919,-0.029368,1.82708,4.317618,-0.102656,-0.001691,-0.333521,0.0,4.565217,0.020377,0.094897,0.128044
7903,181.616821,1000.0,0.785738,0.834963,0.0,0.0,0.06769,80259.0,0.159749,0.270859,0.184707,0.365593,-0.066321,0.650387,7.187345,-0.02,-0.8,-0.02,-0.25,-0.6,-4.0,0.500007,-0.150951,-0.016183,0.0,0.0,-0.094058,-0.024633,-0.018959,-0.034743,0.806691,-0.051702,-0.1257,-0.009393,-0.03046,1.827737,4.292104,-0.106445,-0.00239,-0.408452,0.0,4.166667,0.021189,0.089229,0.131112
7904,180.381424,1000.0,0.789654,0.824108,0.0,0.0,0.067848,83038.0,0.162976,0.271503,0.183326,0.365702,-0.067061,0.659179,7.150333,-0.02,-0.8,-0.02,-0.25,-0.6,-4.0,0.500007,-0.150369,-0.016072,0.0,0.0,-0.093013,-0.024897,-0.018397,-0.034371,0.808469,-0.051331,-0.124661,-0.009498,-0.029944,1.821761,4.293605,-0.107183,-0.00159,-0.782316,0.0,3.956522,0.020127,0.085264,0.126459
7905,181.186737,1000.0,0.805026,0.821132,0.0,0.0,0.067817,80638.0,0.160339,0.274135,0.178889,0.362366,-0.067449,0.657419,7.198028,-0.02,-0.8,-0.02,-0.25,-0.6,-4.0,0.500007,-0.161489,-0.016845,0.0,0.0,-0.093365,-0.024975,-0.018872,-0.034488,0.813783,-0.051469,-0.120841,-0.009399,-0.031398,1.824151,4.293583,-0.107786,-0.00225,-0.502002,0.0,4.0,0.018479,0.083109,0.122682
7906,182.316376,1000.0,0.821521,0.849368,0.0,0.0,0.067915,87943.0,0.161901,0.27601,0.181449,0.362258,-0.066092,0.658345,7.164871,-0.02,-0.8,-0.02,-0.25,-0.6,-4.0,0.500007,-0.146573,-0.015875,0.0,0.0,-0.094549,-0.025057,-0.019254,-0.034688,0.811982,-0.052833,-0.130194,-0.010075,-0.031139,1.827423,4.278699,-0.106752,-0.001802,-0.421925,0.0,4.5,0.022035,0.076827,0.119078
7907,182.410385,1000.0,0.812835,0.821594,0.0,0.0,0.068065,79190.0,0.158419,0.276486,0.176111,0.360638,-0.068001,0.663009,7.175517,-0.02,-0.8,-0.02,-0.25,-0.6,-4.0,0.500007,-0.151194,-0.013388,0.0,0.0,-0.092791,-0.025014,-0.019093,-0.035051,0.802979,-0.053168,-0.124752,-0.009811,-0.03089,1.829883,4.273527,-0.108896,-0.00168,-0.509375,0.0,4.458333,0.022281,0.077159,0.140891
7908,181.402374,1000.0,0.811593,0.811729,0.0,0.0,0.068188,63782.0,0.157272,0.26652,0.176455,0.35047,-0.065082,0.650278,7.216708,-0.02,-0.8,-0.02,-0.25,-0.6,-4.0,0.500007,-0.155586,-0.015196,0.0,0.0,-0.090927,-0.024516,-0.018506,-0.033502,0.812312,-0.05097,-0.124557,-0.009481,-0.030138,1.832423,4.30676,-0.105624,-0.001874,-0.388232,0.0,4.5,0.020814,0.088401,0.132619
7909,184.051544,998.969971,0.826524,0.841852,0.0,0.0,0.068245,81822.0,0.151808,0.266972,0.174999,0.351266,-0.061745,0.665954,7.177871,-0.02,-0.8,-0.02,-0.25,-0.6,-4.0,0.499755,-0.146703,-0.014669,0.0,-0.000193,-0.084248,-0.023882,-0.0177,-0.032603,0.821577,-0.051318,-0.122711,-0.009185,-0.027909,1.844637,4.300103,-0.09971,-0.001984,-0.434983,0.043478,4.695652,0.01979,0.083476,0.121745
7910,183.496185,1000.0,0.804575,0.828312,0.0,0.0,0.068238,74816.0,0.154522,0.271405,0.181825,0.36448,-0.06368,0.697807,7.171178,-0.02,-0.8,-0.02,-0.25,-0.6,-4.0,0.500007,-0.149499,-0.013934,0.0,0.0,-0.087481,-0.024195,-0.017837,-0.032664,0.820369,-0.052322,-0.120973,-0.009307,-0.028945,1.841339,4.289225,-0.101674,-0.002383,-0.41588,0.0,4.208333,0.018961,0.074608,0.148626
7911,184.088699,1000.0,0.819711,0.828739,0.0,0.0,0.068262,77364.0,0.152039,0.26986,0.179947,0.33277,-0.061222,0.637448,7.193994,-0.02,-0.8,-0.02,-0.25,-0.6,-4.0,0.500007,-0.142277,-0.013485,0.0,0.0,-0.084016,-0.024055,-0.016885,-0.032652,0.819782,-0.049758,-0.12455,-0.008884,-0.027494,1.849908,4.310598,-0.0976,-0.001813,-0.386961,0.0,4.666667,0.021823,0.077567,0.137213
7912,181.00769,1000.0,0.769681,0.845851,0.0,0.0,0.068276,71583.0,0.167871,0.276736,0.186634,0.348562,-0.063631,0.637102,7.135541,-0.02,-0.8,-0.02,-0.25,-0.6,-4.0,0.500007,-0.146952,-0.014289,0.0,0.0,-0.092899,-0.024687,-0.0188,-0.034328,0.819854,-0.05251,-0.130108,-0.009269,-0.0315,1.817467,4.277483,-0.103299,-0.002164,-0.567722,0.0,4.625,0.022047,0.080979,0.122699
7913,183.610046,1000.0,0.79001,0.812061,0.083333,0.0,0.068335,73556.0,0.158757,0.259878,0.168318,0.346816,-0.061995,0.641986,7.237112,-0.02,-0.8,-0.02,-0.25,-0.6,-4.0,0.48719,-0.155354,-0.013388,0.0,-0.001167,-0.08997,-0.023573,-0.017019,-0.032363,0.796735,-0.051103,-0.118122,-0.00949,-0.031203,1.773982,4.194119,-0.099789,-0.001853,-0.476882,0.041667,34.791668,0.020908,0.102204,0.143965
7914,181.084442,1000.0,0.799015,0.843196,0.0,0.0,0.068318,66592.0,0.156627,0.264334,0.175458,0.364311,-0.066704,0.669045,7.157663,-0.02,-0.8,-0.02,-0.25,-0.6,-4.0,0.500007,-0.158021,-0.015835,0.0,0.0,-0.092895,-0.02519,-0.019553,-0.035209,0.81066,-0.050501,-0.123493,-0.009561,-0.029671,1.839309,4.30505,-0.108504,-0.002159,-0.625923,0.0,3.954545,0.023321,0.082634,0.116147
7915,185.759155,1000.0,0.817876,0.841802,0.0,0.0,0.068332,76247.0,0.151039,0.268931,0.174717,0.337165,-0.059129,0.653243,7.142248,-0.02,-0.8,-0.02,-0.25,-0.6,-4.0,0.500007,-0.152315,-0.012117,0.0,0.0,-0.085179,-0.023257,-0.016718,-0.031372,0.828366,-0.050865,-0.118988,-0.00936,-0.029271,1.84944,4.301118,-0.095493,-0.001908,-0.368971,0.0,4.5,0.018737,0.0757,0.129206
7916,182.352417,996.619995,0.788072,0.822708,0.0,0.0,0.068487,76920.0,0.16207,0.279588,0.180762,0.359323,-0.067335,0.660904,7.208983,-0.02,-0.8,-0.02,-0.25,-0.6,-4.0,0.498241,-0.148663,-0.017318,0.0,-0.000417,-0.09258,-0.025182,-0.019288,-0.034746,0.804981,-0.053872,-0.130251,-0.010321,-0.032922,1.824092,4.24554,-0.108468,-0.002519,-0.377966,0.041667,3.666667,0.021806,0.088565,0.155234
7917,181.343719,994.030029,0.808463,0.842413,0.0,0.0,0.068497,80375.0,0.159646,0.272461,0.182958,0.367687,-0.062753,0.697076,7.164966,-0.02,-0.8,-0.02,-0.25,-0.6,-4.0,0.49793,-0.15298,-0.01301,0.0,-0.000278,-0.089531,-0.024388,-0.018376,-0.033625,0.818527,-0.054845,-0.128109,-0.010241,-0.030105,1.830864,4.24848,-0.100893,-0.001844,-0.571204,0.041667,4.541667,0.021151,0.081362,0.144171
7918,179.961945,995.299988,0.804354,0.838441,0.0,0.0,0.068469,80231.0,0.157213,0.269363,0.175267,0.332192,-0.059188,0.599576,7.198774,-0.02,-0.8,-0.02,-0.25,-0.6,-4.0,0.49878,-0.152007,-0.012534,0.0,-0.000208,-0.082944,-0.023434,-0.017217,-0.030965,0.825659,-0.051151,-0.119983,-0.009468,-0.028198,1.829775,4.286179,-0.095544,-0.001529,-0.363886,0.041667,4.25,0.019024,0.076956,0.139654
7919,183.971695,1000.0,0.805441,0.833486,0.0,0.0,0.06848,80543.0,0.15009,0.267038,0.177498,0.34134,-0.059135,0.659343,7.210447,-0.02,-0.8,-0.02,-0.25,-0.6,-4.0,0.500007,-0.156278,-0.011704,0.0,0.0,-0.081485,-0.023238,-0.01583,-0.03045,0.831926,-0.050616,-0.114818,-0.008578,-0.027574,1.849048,4.307446,-0.094183,-0.001998,-0.438688,0.0,3.782609,0.017308,0.091217,0.138874
7920,177.641602,991.580017,0.777604,0.832196,0.0,0.0,0.068592,76793.0,0.158606,0.267518,0.179014,0.348633,-0.061322,0.661654,7.228471,-0.02,-0.8,-0.02,-0.25,-0.6,-4.0,0.49708,-0.148898,-0.014354,0.0,-0.000278,-0.08909,-0.023869,-0.017227,-0.03307,0.813301,-0.05031,-0.120014,-0.009157,-0.030858,1.822716,4.279572,-0.099781,-0.001871,-0.552675,0.041667,4.625,0.020602,0.086329,0.124691
7921,181.070358,1000.0,0.783837,0.848686,0.0,0.0,0.068497,64462.0,0.15587,0.273683,0.187533,0.352013,-0.062425,0.655307,7.114047,-0.02,-0.8,-0.02,-0.25,-0.6,-4.0,0.500007,-0.141874,-0.013253,0.0,0.0,-0.087229,-0.024199,-0.017618,-0.032941,0.815932,-0.054483,-0.131728,-0.009218,-0.029178,1.846115,4.270109,-0.099664,-0.001446,-0.586531,0.0,4.173913,0.020825,0.075808,0.133523
7922,184.67244,995.950012,0.800564,0.830485,0.043478,0.0,0.06837,75792.0,0.167819,0.264912,0.175933,0.358921,-0.06395,0.656545,7.187881,-0.02,-0.8,-0.02,-0.25,-0.6,-4.0,0.497065,-0.149449,-0.017031,0.0,-0.00058,-0.089233,-0.024578,-0.017675,-0.033916,0.801246,-0.05083,-0.12118,-0.009184,-0.028955,1.804058,4.28581,-0.106495,-0.003448,-0.290462,0.0,4.26087,0.022189,0.096504,0.16487
7923,184.257889,1000.0,0.798848,0.843,0.0,0.0,0.068238,74455.0,0.161105,0.273101,0.201605,0.377191,-0.068401,0.701636,7.190532,-0.02,-0.8,-0.02,-0.25,-0.6,-4.0,0.500007,-0.146051,-0.015899,0.0,0.0,-0.093205,-0.025118,-0.018738,-0.034334,0.813308,-0.053201,-0.124552,-0.009785,-0.030853,1.831023,4.277153,-0.107045,-0.00226,-0.423159,0.0,5.043478,0.020416,0.091264,0.132523
7924,179.049652,995.659973,0.783566,0.840189,0.041667,0.0,0.068319,76987.0,0.162064,0.272139,0.178271,0.381499,-0.069468,0.672571,7.171924,-0.02,-0.8,-0.02,-0.25,-0.6,-4.0,0.498496,-0.156372,-0.01975,0.0,-0.000278,-0.096514,-0.025891,-0.020306,-0.036848,0.79437,-0.051832,-0.124873,-0.009413,-0.03152,1.815029,4.276173,-0.115841,-0.001742,-0.598712,0.0,4.333333,0.022039,0.079367,0.112044
7925,180.841187,1000.0,0.793083,0.829862,0.0,0.0,0.068248,75599.0,0.160673,0.274376,0.185916,0.365449,-0.064758,0.661652,7.185293,-0.02,-0.8,-0.02,-0.25,-0.6,-4.0,0.496444,-0.150098,-0.014356,0.0,-0.000833,-0.091685,-0.024794,-0.019065,-0.034207,0.799213,-0.053663,-0.126012,-0.009005,-0.029257,1.815644,4.2424,-0.106053,-0.002186,-0.459714,0.041667,4.541667,0.021868,0.098842,0.119092
7926,180.035324,993.700012,0.77371,0.841056,0.041667,0.0,0.068029,81547.0,0.160679,0.268794,0.181842,0.367646,-0.065096,0.660853,7.183654,-0.02,-0.8,-0.02,-0.25,-0.6,-4.0,0.497816,-0.155496,-0.013672,0.0,-0.000278,-0.090484,-0.024796,-0.018705,-0.03393,0.804619,-0.052779,-0.125501,-0.009246,-0.030377,1.821769,4.267967,-0.106668,-0.001596,-0.413609,0.0,4.416667,0.022372,0.084414,0.12568
7927,182.920822,1000.0,0.813122,0.832276,0.0,0.0,0.067959,67644.0,0.157388,0.268372,0.179761,0.355561,-0.063017,0.639063,7.17188,-0.02,-0.8,-0.02,-0.25,-0.6,-4.0,0.500007,-0.151235,-0.015432,0.0,0.0,-0.089072,-0.02451,-0.017995,-0.033949,0.817867,-0.050944,-0.11964,-0.009029,-0.029788,1.833337,4.303596,-0.104647,-0.001728,-0.387977,0.0,4.73913,0.020309,0.080928,0.124928
7928,183.446915,1000.0,0.788548,0.843651,0.0,0.0,0.067809,82595.0,0.154582,0.27039,0.16906,0.331974,-0.062112,0.617538,7.134117,-0.02,-0.8,-0.02,-0.25,-0.6,-4.0,0.500007,-0.158165,-0.013116,0.0,0.0,-0.085074,-0.024218,-0.017384,-0.03319,0.821362,-0.051798,-0.121394,-0.009445,-0.029099,1.842937,4.29575,-0.100731,-0.001412,-0.338394,0.0,4.652174,0.023019,0.093762,0.137307
7929,180.280243,996.880005,0.818152,0.829141,0.0,0.0,0.068084,81642.0,0.169212,0.265674,0.181642,0.364153,-0.066338,0.648552,7.199064,-0.02,-0.8,-0.02,-0.25,-0.6,-4.0,0.497833,-0.149871,-0.016492,0.0,-0.000556,-0.09329,-0.025157,-0.019577,-0.035544,0.805667,-0.052229,-0.130128,-0.009417,-0.031283,1.797196,4.279501,-0.109355,-0.001732,-0.487371,0.041667,4.416667,0.022186,0.090542,0.139202
7930,183.933136,1000.0,0.806754,0.837759,0.0,0.0,0.068057,81357.0,0.162257,0.272528,0.18566,0.369423,-0.065466,0.672995,7.168113,-0.02,-0.8,-0.02,-0.25,-0.6,-4.0,0.500007,-0.155118,-0.013742,0.0,0.0,-0.090271,-0.024794,-0.018606,-0.034151,0.813765,-0.051623,-0.121261,-0.009401,-0.029213,1.826553,4.290265,-0.106117,-0.001985,-0.362918,0.0,4.375,0.020375,0.083431,0.123808
7931,183.443649,1000.0,0.815525,0.840146,0.0,0.0,0.068145,84146.0,0.164066,0.271107,0.184825,0.362256,-0.063924,0.670532,7.157506,-0.02,-0.8,-0.02,-0.25,-0.6,-4.0,0.500007,-0.150901,-0.014449,0.0,0.0,-0.091463,-0.024296,-0.017978,-0.033813,0.817747,-0.05258,-0.127317,-0.010022,-0.031117,1.81905,4.283872,-0.101749,-0.00162,-0.353019,0.0,4.818182,0.021761,0.087742,0.122809
7932,183.438843,1000.0,0.79705,0.844943,0.0,0.0,0.068009,85215.0,0.16484,0.272058,0.181634,0.363261,-0.066209,0.656843,7.141988,-0.02,-0.8,-0.02,-0.25,-0.6,-4.0,0.500007,-0.145336,-0.016868,0.0,0.0,-0.093175,-0.025116,-0.018629,-0.035758,0.809389,-0.052216,-0.131594,-0.009734,-0.031072,1.821502,4.289128,-0.108543,-0.001594,-0.401958,0.0,4.363636,0.02329,0.07856,0.12441
7933,178.927002,1000.0,0.809714,0.842846,0.0,0.0,0.06818,82609.0,0.170862,0.268904,0.175517,0.362674,-0.067575,0.64521,7.215075,-0.02,-0.8,-0.02,-0.25,-0.6,-4.0,0.500007,-0.157623,-0.014601,0.0,0.0,-0.094026,-0.025381,-0.019675,-0.034832,0.813841,-0.052031,-0.121537,-0.009636,-0.030506,1.805005,4.293501,-0.111559,-0.001947,-0.557851,0.0,3.782609,0.019968,0.084845,0.157326
7934,180.117432,1000.0,0.805378,0.845514,0.0,0.0,0.068087,65821.0,0.168365,0.268492,0.196517,0.386849,-0.071166,0.702457,7.161115,-0.02,-0.8,-0.02,-0.25,-0.6,-4.0,0.500007,-0.149291,-0.016564,0.0,0.0,-0.099845,-0.025775,-0.019745,-0.036641,0.807139,-0.052851,-0.127388,-0.009722,-0.033384,1.814897,4.28432,-0.114908,-0.001971,-0.622979,0.0,3.916667,0.018733,0.074277,0.117132
7935,181.740219,1000.0,0.816645,0.827153,0.0,0.0,0.068198,81072.0,0.164791,0.27449,0.196272,0.369599,-0.067814,0.664995,7.144814,-0.02,-0.8,-0.02,-0.25,-0.6,-4.0,0.500007,-0.140615,-0.016061,0.0,0.0,-0.097955,-0.025385,-0.019163,-0.03476,0.80776,-0.052589,-0.136238,-0.009247,-0.032985,1.817172,4.279222,-0.108926,-0.001773,-0.452266,0.0,4.458333,0.018848,0.080952,0.131812
7936,180.983017,1000.0,0.817772,0.834721,0.0,0.0,0.068266,81063.0,0.162277,0.274646,0.184286,0.368949,-0.06563,0.666547,7.152082,-0.02,-0.8,-0.02,-0.25,-0.6,-4.0,0.500007,-0.15334,-0.016877,0.0,0.0,-0.091716,-0.024976,-0.019342,-0.034563,0.806533,-0.052895,-0.125782,-0.009791,-0.030203,1.832792,4.278196,-0.107367,-0.001852,-0.459351,0.0,4.708333,0.017702,0.074751,0.107374
7937,181.96402,1000.0,0.786344,0.833814,0.0,0.0,0.06819,81632.0,0.169384,0.271801,0.17121,0.355809,-0.067428,0.636245,7.15802,-0.02,-0.8,-0.02,-0.25,-0.6,-4.0,0.500007,-0.165869,-0.016914,0.0,0.0,-0.093438,-0.025401,-0.019936,-0.035997,0.805741,-0.05266,-0.120965,-0.009736,-0.029913,1.805667,4.291075,-0.112142,-0.001926,-0.388991,0.0,4.041667,0.022733,0.087219,0.114805
7938,181.366623,1000.0,0.800907,0.84572,0.0,0.0,0.068198,80590.0,0.158785,0.26724,0.161346,0.320124,-0.056185,0.611665,7.179271,-0.02,-0.8,-0.02,-0.25,-0.6,-4.0,0.500007,-0.158058,-0.012255,0.0,0.0,-0.080679,-0.023012,-0.016081,-0.030785,0.820829,-0.049166,-0.114067,-0.009034,-0.027461,1.840405,4.324903,-0.093318,-0.001425,-0.418048,0.0,4.208333,0.018637,0.079163,0.127403
7939,182.961731,1000.0,0.796419,0.820989,0.0,0.0,0.068166,81258.0,0.151699,0.274267,0.186629,0.345382,-0.062372,0.665754,7.166224,-0.02,-0.8,-0.02,-0.25,-0.6,-4.0,0.500007,-0.149441,-0.012405,0.0,0.0,-0.087278,-0.024097,-0.017396,-0.031957,0.82676,-0.052135,-0.124506,-0.009419,-0.030584,1.859598,4.284641,-0.099334,-0.001367,-0.435483,0.0,4.375,0.020603,0.098648,0.144429
7940,181.758698,1000.0,0.81607,0.831369,0.0,0.0,0.068224,67292.0,0.162532,0.273456,0.173856,0.365813,-0.067157,0.642783,7.200754,-0.02,-0.8,-0.02,-0.25,-0.6,-4.0,0.500007,-0.153908,-0.015495,0.0,0.0,-0.093908,-0.025392,-0.019694,-0.035636,0.799437,-0.053677,-0.1268,-0.010135,-0.029258,1.819216,4.273315,-0.110588,-0.00162,-0.398334,0.0,3.833333,0.018245,0.080185,0.123878
7941,182.799576,1000.0,0.793086,0.847901,0.0,0.0,0.06814,83012.0,0.16691,0.272229,0.18694,0.374349,-0.067017,0.670655,7.183864,-0.02,-0.8,-0.02,-0.25,-0.6,-4.0,0.500007,-0.15282,-0.014191,0.0,0.0,-0.093636,-0.025192,-0.019322,-0.035459,0.812166,-0.052551,-0.127238,-0.009518,-0.030277,1.812576,4.28723,-0.108224,-0.001959,-0.502341,0.0,4.782609,0.017036,0.083581,0.14044
7942,180.655121,1000.0,0.826522,0.841688,0.0,0.0,0.06822,83085.0,0.16054,0.27713,0.191631,0.359472,-0.064904,0.661675,7.164215,-0.02,-0.8,-0.02,-0.25,-0.6,-4.0,0.500007,-0.147024,-0.014915,0.0,0.0,-0.090983,-0.024784,-0.018397,-0.033285,0.815231,-0.053169,-0.124285,-0.009372,-0.029861,1.835946,4.27031,-0.103369,-0.00194,-0.636441,0.0,4.26087,0.016764,0.077611,0.119918
7943,181.819427,1000.0,0.794473,0.832748,0.0,0.0,0.068416,82071.0,0.15834,0.268843,0.174822,0.344818,-0.061419,0.639216,7.214725,-0.02,-0.8,-0.02,-0.25,-0.6,-4.0,0.500007,-0.150121,-0.013772,0.0,0.0,-0.08671,-0.024518,-0.017993,-0.033486,0.81505,-0.05133,-0.116693,-0.008763,-0.026908,1.826391,4.301123,-0.103759,-0.001996,-0.423912,0.0,4.208333,0.017479,0.079201,0.125304
7944,181.67334,1000.0,0.808871,0.840743,0.0,0.0,0.068401,83035.0,0.172108,0.275889,0.179579,0.367572,-0.066376,0.648702,7.158741,-0.02,-0.8,-0.02,-0.25,-0.6,-4.0,0.500007,-0.154776,-0.015953,0.0,0.0,-0.094901,-0.025295,-0.019124,-0.034475,0.803288,-0.052203,-0.121791,-0.009826,-0.031205,1.801703,4.284152,-0.11138,-0.001698,-0.410273,0.0,4.826087,0.017654,0.087635,0.137863
7945,180.634842,1000.0,0.817986,0.833803,0.0,0.0,0.068463,80589.0,0.150724,0.266174,0.170126,0.324713,-0.058791,0.599178,7.164482,-0.02,-0.8,-0.02,-0.25,-0.6,-4.0,0.500007,-0.15399,-0.014064,0.0,0.0,-0.082242,-0.024037,-0.01723,-0.032127,0.819329,-0.049545,-0.11229,-0.008758,-0.027554,1.846556,4.320441,-0.099332,-0.001959,-0.692291,0.0,4.125,0.020366,0.08207,0.127272
7946,180.76416,1000.0,0.777703,0.821349,0.0,0.0,0.068458,83434.0,0.15843,0.276113,0.172727,0.349567,-0.063968,0.633083,7.14611,-0.02,-0.8,-0.02,-0.25,-0.6,-4.0,0.500007,-0.157345,-0.013706,0.0,0.0,-0.092326,-0.025151,-0.01855,-0.035617,0.812028,-0.054236,-0.124249,-0.009342,-0.031097,1.828005,4.269373,-0.107342,-0.0021,-0.521153,0.0,3.782609,0.020501,0.088612,0.1316
7947,179.025177,1000.0,0.806078,0.835368,0.0,0.0,0.068421,60981.0,0.157075,0.270234,0.188787,0.363681,-0.064972,0.6762,7.159137,-0.02,-0.8,-0.02,-0.25,-0.6,-4.0,0.500007,-0.145852,-0.014853,0.0,0.0,-0.090424,-0.025096,-0.018745,-0.03417,0.814149,-0.054435,-0.129349,-0.00942,-0.02927,1.839869,4.2724,-0.105015,-0.001816,-0.670219,0.0,3.826087,0.021166,0.087438,0.126684
7948,182.622772,1000.0,0.820961,0.842503,0.0,0.0,0.068213,85190.0,0.156744,0.268761,0.187728,0.365819,-0.065817,0.671264,7.144423,-0.02,-0.8,-0.02,-0.25,-0.6,-4.0,0.500007,-0.153197,-0.014362,0.0,0.0,-0.090997,-0.02471,-0.018534,-0.033297,0.817176,-0.051382,-0.118455,-0.009853,-0.029675,1.835382,4.295544,-0.106253,-0.001928,-0.52526,0.0,4.904762,0.021824,0.093912,0.138003
7949,183.259125,1000.0,0.786928,0.835626,0.0,0.0,0.068234,80717.0,0.158725,0.2736,0.18417,0.372128,-0.065873,0.702132,7.177736,-0.02,-0.8,-0.02,-0.25,-0.6,-4.0,0.500007,-0.161057,-0.015225,0.0,0.0,-0.093389,-0.025076,-0.018748,-0.034191,0.813827,-0.052506,-0.122837,-0.009017,-0.030922,1.827654,4.284154,-0.10726,-0.001555,-0.551654,0.0,4.666667,0.021551,0.091157,0.120955
7950,179.253983,1000.0,0.802583,0.841437,0.0,0.0,0.068262,79853.0,0.159214,0.279326,0.182387,0.357562,-0.06424,0.651206,7.13264,-0.02,-0.8,-0.02,-0.25,-0.6,-4.0,0.500007,-0.153169,-0.016292,0.0,0.0,-0.092679,-0.024996,-0.018308,-0.034444,0.811437,-0.053247,-0.126399,-0.009631,-0.031485,1.831047,4.276404,-0.1056,-0.002028,-0.539035,0.0,4.25,0.020429,0.091086,0.121084
7951,184.646729,1000.0,0.807356,0.825837,0.0,0.0,0.068236,83720.0,0.14952,0.270916,0.164081,0.322951,-0.058394,0.607638,7.115762,-0.02,-0.8,-0.02,-0.25,-0.6,-4.0,0.500007,-0.163205,-0.011567,0.0,0.0,-0.08117,-0.023408,-0.0159,-0.03058,0.823762,-0.050012,-0.108688,-0.008943,-0.028164,1.843557,4.308216,-0.09571,-0.00131,-0.31743,0.0,4.521739,0.021296,0.073415,0.13176
7952,180.373535,1000.0,0.813542,0.856194,0.0,0.0,0.068291,81291.0,0.157808,0.272938,0.183769,0.357499,-0.06221,0.671007,7.098905,-0.02,-0.8,-0.02,-0.25,-0.6,-4.0,0.500007,-0.152747,-0.014334,0.0,0.0,-0.086232,-0.024438,-0.017617,-0.032309,0.819835,-0.051237,-0.117913,-0.00947,-0.02882,1.832551,4.299579,-0.101868,-0.001828,-0.564467,0.0,4.625,0.02078,0.079372,0.12136
7953,181.243622,1000.0,0.816776,0.840831,0.0,0.0,0.068324,80535.0,0.159464,0.274965,0.167569,0.323081,-0.059772,0.609919,7.07988,-0.02,-0.8,-0.02,-0.25,-0.6,-4.0,0.500007,-0.159254,-0.013129,0.0,0.0,-0.08404,-0.024467,-0.017863,-0.032812,0.817775,-0.052801,-0.117499,-0.009507,-0.028884,1.825443,4.277367,-0.099504,-0.002143,-0.495385,0.0,4.458333,0.019464,0.085801,0.124252
7954,184.423355,1000.0,0.805981,0.845563,0.0,0.0,0.068256,62380.0,0.16337,0.268254,0.183832,0.353605,-0.061694,0.67568,7.09336,-0.02,-0.8,-0.02,-0.25,-0.6,-4.0,0.500007,-0.146448,-0.013335,0.0,0.0,-0.086484,-0.024444,-0.017459,-0.033136,0.825787,-0.05152,-0.125574,-0.008749,-0.030453,1.826585,4.298205,-0.100594,-0.002602,-0.527526,0.0,4.666667,0.019108,0.076961,0.121513
7955,182.136795,1000.0,0.827546,0.840711,0.0,0.0,0.068291,82130.0,0.149772,0.268649,0.158709,0.33632,-0.059445,0.640943,7.136702,-0.02,-0.8,-0.02,-0.25,-0.6,-4.0,0.500007,-0.167355,-0.010169,0.0,0.0,-0.082451,-0.02337,-0.0167,-0.031645,0.828352,-0.050294,-0.117176,-0.01102,-0.02754,1.847885,4.310838,-0.09616,-0.001661,-0.412004,0.0,35.869564,0.020748,0.088278,0.131812
7956,182.391953,1000.0,0.797008,0.824976,0.0,0.0,0.068219,81120.0,0.155468,0.268727,0.166489,0.327236,-0.06105,0.595698,7.067879,-0.02,-0.8,-0.02,-0.25,-0.6,-4.0,0.500007,-0.156183,-0.013648,0.0,0.0,-0.087329,-0.023959,-0.017188,-0.033002,0.818133,-0.050421,-0.116014,-0.009271,-0.02945,1.836568,4.310792,-0.099732,-0.001361,-0.312198,0.0,4.347826,0.020073,0.08757,0.117322
7957,184.365692,1000.0,0.805513,0.837604,0.0,0.0,0.068058,80990.0,0.148583,0.275101,0.170069,0.334262,-0.061893,0.630268,7.0661,-0.02,-0.8,-0.02,-0.25,-0.6,-4.0,0.500007,-0.162514,-0.012932,0.0,0.0,-0.087184,-0.024781,-0.01848,-0.03354,0.824343,-0.051521,-0.117571,-0.009928,-0.028643,1.852347,4.29495,-0.103233,-0.002275,-0.314156,0.0,4.083333,0.017264,0.08901,0.131718
7958,182.213486,1000.0,0.824399,0.838921,0.0,0.0,0.068019,81903.0,0.150762,0.274855,0.167036,0.347602,-0.061675,0.659244,7.078804,-0.02,-0.8,-0.02,-0.25,-0.6,-4.0,0.500007,-0.158344,-0.012605,0.0,0.0,-0.084111,-0.024503,-0.018151,-0.032458,0.82206,-0.053761,-0.123184,-0.010084,-0.027614,1.844222,4.280921,-0.101798,-0.001577,-0.450002,0.0,4.083333,0.019239,0.07499,0.126895
7959,181.590607,1000.0,0.792361,0.818145,0.0,0.0,0.068194,81062.0,0.157023,0.277825,0.192742,0.367764,-0.066513,0.684799,7.061657,-0.02,-0.8,-0.02,-0.25,-0.6,-4.0,0.500007,-0.1553,-0.015351,0.0,0.0,-0.092287,-0.025172,-0.018755,-0.033746,0.815273,-0.054017,-0.129216,-0.01126,-0.030227,1.835156,4.26958,-0.106231,-0.001758,-0.514863,0.0,4.25,0.022701,0.074416,0.1425
7960,181.069473,1000.0,0.791602,0.811196,0.0,0.0,0.068043,67391.0,0.177606,0.272061,0.170907,0.376372,-0.068338,0.665957,7.108449,-0.02,-0.8,-0.02,-0.25,-0.6,-4.0,0.500007,-0.162273,-0.017447,0.0,0.0,-0.096251,-0.025492,-0.020223,-0.036908,0.805739,-0.053769,-0.127483,-0.01146,-0.031497,1.792116,4.279344,-0.114911,-0.002169,-0.347579,0.0,4.434783,0.020238,0.087329,0.1468
7961,179.793503,1000.0,0.807746,0.845093,0.0,0.0,0.068214,81396.0,0.147895,0.277166,0.190115,0.35248,-0.0612,0.693964,7.058441,-0.02,-0.8,-0.02,-0.25,-0.6,-4.0,0.500007,-0.142384,-0.013001,0.0,0.0,-0.083064,-0.024716,-0.017807,-0.03225,0.830361,-0.053408,-0.122107,-0.008611,-0.028238,1.86171,4.271279,-0.099993,-0.002083,-0.642293,0.0,4.0,0.021868,0.080018,0.126241
7962,179.665573,1000.0,0.801116,0.839421,0.0,0.0,0.068259,82214.0,0.165058,0.26929,0.189582,0.384488,-0.070115,0.690154,7.116763,-0.02,-0.8,-0.02,-0.25,-0.6,-4.0,0.500007,-0.150709,-0.017342,0.0,0.0,-0.098484,-0.02614,-0.020629,-0.037236,0.805132,-0.05213,-0.132742,-0.010392,-0.032905,1.814353,4.289736,-0.116236,-0.00172,-0.49261,0.0,4.608696,0.018751,0.087062,0.113768
7963,182.859802,1000.0,0.802798,0.831289,0.0,0.0,0.06822,80817.0,0.158406,0.273882,0.174319,0.344565,-0.065905,0.631108,7.106383,-0.02,-0.8,-0.02,-0.25,-0.6,-4.0,0.500007,-0.159491,-0.014466,0.0,0.0,-0.091886,-0.025264,-0.018697,-0.034494,0.814635,-0.052708,-0.121248,-0.010746,-0.030461,1.830637,4.287163,-0.108194,-0.001291,-0.4035,0.0,4.375,0.02077,0.082263,0.114654
7964,183.308502,1000.0,0.820575,0.842309,0.0,0.0,0.068137,80754.0,0.16107,0.267293,0.174556,0.374368,-0.069729,0.665527,7.113816,-0.02,-0.8,-0.02,-0.25,-0.6,-4.0,0.500007,-0.162058,-0.018075,0.0,0.0,-0.09827,-0.026267,-0.02135,-0.037265,0.797742,-0.051904,-0.127189,-0.010152,-0.031436,1.818767,4.295601,-0.118497,-0.001626,-0.381623,0.0,4.26087,0.019155,0.07412,0.128731
7965,183.87645,1000.0,0.796874,0.832275,0.0,0.0,0.068078,80615.0,0.155283,0.2701,0.185714,0.355972,-0.064175,0.66169,7.120782,-0.02,-0.8,-0.02,-0.25,-0.6,-4.0,0.500007,-0.153746,-0.014791,0.0,0.0,-0.08878,-0.024666,-0.01818,-0.033742,0.817506,-0.051433,-0.12122,-0.008595,-0.029325,1.837362,4.295165,-0.103943,-0.002147,-0.380945,0.0,4.782609,0.020841,0.087538,0.135521
7966,182.201813,1000.0,0.815023,0.839412,0.0,0.0,0.06827,79479.0,0.161888,0.274166,0.177127,0.372034,-0.068891,0.663897,7.049711,-0.02,-0.8,-0.02,-0.25,-0.6,-4.0,0.500007,-0.15283,-0.016776,0.0,0.0,-0.097649,-0.02607,-0.021112,-0.037416,0.805367,-0.053706,-0.128807,-0.010023,-0.031264,1.822998,4.266962,-0.114755,-0.001756,-0.64741,0.0,4.25,0.017989,0.070715,0.131375
7967,178.671173,993.710022,0.811275,0.829613,0.0,0.0,0.068192,63637.0,0.158104,0.271803,0.170651,0.33004,-0.058641,0.615384,7.065725,-0.02,-0.8,-0.02,-0.25,-0.6,-4.0,0.496725,-0.152955,-0.012141,0.0,-0.000417,-0.083565,-0.023662,-0.016726,-0.03168,0.819908,-0.051042,-0.115603,-0.009149,-0.027488,1.816347,4.266187,-0.096078,-0.001645,-0.512805,0.041667,5.0,0.017271,0.086964,0.143526
7968,182.421478,1000.0,0.804123,0.832019,0.0,0.0,0.068238,76678.0,0.162957,0.276205,0.184276,0.356202,-0.064483,0.651744,7.068104,-0.02,-0.8,-0.02,-0.25,-0.6,-4.0,0.500007,-0.147929,-0.015043,0.0,0.0,-0.091485,-0.024922,-0.019126,-0.034446,0.814177,-0.052935,-0.125952,-0.00937,-0.030797,1.826297,4.2707,-0.105235,-0.001716,-0.39299,0.0,4.375,0.020428,0.089286,0.135568
7969,181.172287,1000.0,0.800648,0.841119,0.0,0.0,0.068238,80153.0,0.157408,0.272908,0.181259,0.342722,-0.060726,0.632722,7.076442,-0.02,-0.8,-0.02,-0.25,-0.6,-4.0,0.500007,-0.149593,-0.011025,0.0,0.0,-0.082248,-0.024057,-0.017223,-0.031381,0.824297,-0.05265,-0.120896,-0.010058,-0.027324,1.829337,4.287242,-0.09902,-0.001756,-0.412915,0.0,4.652174,0.018621,0.075779,0.123605
7970,185.021957,1000.0,0.828475,0.838069,0.0,0.0,0.068114,78912.0,0.155615,0.26749,0.177816,0.339678,-0.060141,0.647201,7.122491,-0.02,-0.8,-0.02,-0.25,-0.6,-4.0,0.500007,-0.154635,-0.013324,0.0,0.0,-0.08257,-0.023854,-0.016709,-0.031119,0.826608,-0.050341,-0.114156,-0.008518,-0.027623,1.835356,4.308027,-0.09824,-0.001652,-0.338665,0.0,4.913043,0.018665,0.08755,0.131826
7971,184.796295,1000.0,0.81445,0.837605,0.0,0.0,0.067999,77989.0,0.149361,0.274557,0.170886,0.315757,-0.05761,0.613707,7.128792,-0.02,-0.8,-0.02,-0.25,-0.6,-4.0,0.500007,-0.15769,-0.010608,0.0,0.0,-0.082849,-0.02311,-0.015531,-0.030515,0.839127,-0.048874,-0.112827,-0.009253,-0.02881,1.843635,4.313854,-0.09308,-0.001634,-0.31783,0.0,4.208333,0.017906,0.084919,0.123431
7972,181.244324,1000.0,0.825051,0.832681,0.0,0.0,0.068061,75346.0,0.148419,0.275859,0.172022,0.332019,-0.058511,0.638577,7.177668,-0.02,-0.8,-0.02,-0.25,-0.6,-4.0,0.500007,-0.155744,-0.011564,0.0,0.0,-0.084119,-0.023777,-0.016404,-0.030948,0.834483,-0.051047,-0.118164,-0.009007,-0.029253,1.847083,4.29308,-0.095523,-0.001817,-0.503553,0.0,4.416667,0.021991,0.075453,0.136449
7973,184.219498,1000.0,0.811224,0.834808,0.0,0.0,0.06792,66149.0,0.158494,0.281269,0.178406,0.346244,-0.064296,0.633967,7.077985,-0.02,-0.8,-0.02,-0.25,-0.6,-4.0,0.500007,-0.149349,-0.013145,0.0,0.0,-0.091161,-0.024759,-0.018702,-0.033928,0.822316,-0.053493,-0.125505,-0.010103,-0.031133,1.835063,4.263923,-0.103723,-0.002416,-0.290638,0.0,4.619048,0.022402,0.081658,0.124736
7974,180.772354,1000.0,0.794829,0.840295,0.0,0.0,0.067851,82190.0,0.158202,0.27619,0.178736,0.355266,-0.065423,0.654045,7.141762,-0.02,-0.8,-0.02,-0.25,-0.6,-4.0,0.500007,-0.156405,-0.014854,0.0,0.0,-0.090507,-0.02522,-0.019237,-0.035456,0.814936,-0.053898,-0.122527,-0.010025,-0.02989,1.829426,4.268156,-0.107709,-0.001834,-0.533986,0.0,4.454545,0.019127,0.097137,0.118422
7975,184.11734,1000.0,0.802013,0.838215,0.0,0.0,0.067955,80783.0,0.168895,0.283207,0.186667,0.356577,-0.066207,0.630795,7.147191,-0.02,-0.8,-0.02,-0.25,-0.6,-4.0,0.500007,-0.14753,-0.016268,0.0,0.0,-0.094916,-0.02532,-0.018939,-0.03471,0.810882,-0.053911,-0.130793,-0.009387,-0.032443,1.813995,4.257558,-0.10855,-0.00124,-0.375134,0.0,3.416667,0.020502,0.073854,0.140917
7976,184.550491,1000.0,0.819118,0.823459,0.0,0.0,0.067914,77464.0,0.156021,0.268967,0.19005,0.349627,-0.062333,0.67206,7.153129,-0.02,-0.8,-0.02,-0.25,-0.6,-4.0,0.500007,-0.146192,-0.012186,0.0,0.0,-0.086177,-0.023774,-0.016605,-0.031893,0.832205,-0.050508,-0.119885,-0.00928,-0.029112,1.836954,4.303035,-0.097791,-0.002059,-0.385955,0.0,4.333333,0.019939,0.08549,0.13652
7977,177.857193,995.369995,0.77943,0.834603,0.041667,0.0,0.067965,80635.0,0.167459,0.273055,0.17496,0.367333,-0.06425,0.669963,7.208366,-0.02,-0.8,-0.02,-0.25,-0.6,-4.0,0.496784,-0.161548,-0.015145,0.0,-0.000556,-0.091026,-0.024428,-0.018336,-0.033405,0.811636,-0.052926,-0.120708,-0.009998,-0.029679,1.787547,4.253263,-0.105573,-0.002411,-0.520374,0.0,4.416667,0.019746,0.081516,0.116896
7978,186.333771,1000.0,0.809292,0.85559,0.0,0.0,0.067948,77849.0,0.164559,0.266768,0.175355,0.345657,-0.059807,0.649883,7.129243,-0.02,-0.8,-0.02,-0.25,-0.6,-4.0,0.500007,-0.15517,-0.017012,0.0,0.0,-0.083253,-0.023912,-0.017414,-0.031617,0.807707,-0.049158,-0.11413,-0.008552,-0.029095,1.833205,4.318093,-0.09823,-0.002246,-0.251453,0.0,4.5,0.019225,0.070368,0.101513
7979,181.843063,1000.0,0.79959,0.844074,0.0,0.0,0.067842,75010.0,0.169596,0.274272,0.181424,0.362231,-0.065284,0.638468,7.12094,-0.02,-0.8,-0.02,-0.25,-0.6,-4.0,0.500007,-0.15306,-0.016048,0.0,0.0,-0.094633,-0.025132,-0.01874,-0.034102,0.809646,-0.052803,-0.124899,-0.009485,-0.031374,1.797742,4.279459,-0.10742,-0.001917,-0.422238,0.0,4.375,0.019356,0.074495,0.12125
7980,184.286407,1000.0,0.808826,0.848042,0.0,0.0,0.067826,64400.0,0.168526,0.272608,0.172247,0.343948,-0.061523,0.62055,7.163728,-0.02,-0.8,-0.02,-0.25,-0.6,-4.0,0.500007,-0.148355,-0.01421,0.0,0.0,-0.087853,-0.024697,-0.018113,-0.033635,0.822285,-0.051459,-0.120746,-0.008618,-0.028897,1.810019,4.295191,-0.104263,-0.002429,-0.247403,0.0,4.208333,0.016677,0.068814,0.122509
7981,184.979462,1000.0,0.800086,0.833628,0.0,0.0,0.067804,79716.0,0.154332,0.268942,0.19066,0.359596,-0.062561,0.685758,7.131385,-0.02,-0.8,-0.02,-0.25,-0.6,-4.0,0.500007,-0.153754,-0.012275,0.0,0.0,-0.087753,-0.024084,-0.01714,-0.031929,0.824314,-0.050847,-0.117022,-0.008798,-0.028002,1.84178,4.297272,-0.098339,-0.002138,-0.338473,0.0,4.166667,0.024353,0.085532,0.138064
7982,183.346725,1000.0,0.815369,0.836052,0.0,0.0,0.06783,78419.0,0.153448,0.269063,0.169152,0.345272,-0.061537,0.649163,7.159997,-0.02,-0.8,-0.02,-0.25,-0.6,-4.0,0.500007,-0.160627,-0.012917,0.0,0.0,-0.08367,-0.024471,-0.018066,-0.03285,0.821804,-0.05021,-0.11653,-0.009734,-0.028913,1.833714,4.305461,-0.102736,-0.002214,-0.463411,0.0,3.913043,0.018224,0.076441,0.123578
7983,181.636566,999.450012,0.813947,0.83592,0.0,0.0,0.067848,78387.0,0.164402,0.272042,0.181913,0.354844,-0.063213,0.662155,7.132238,-0.02,-0.8,-0.02,-0.25,-0.6,-4.0,0.499812,-0.152041,-0.014027,0.0,-0.000278,-0.090005,-0.024712,-0.018038,-0.032925,0.822332,-0.052012,-0.125277,-0.009304,-0.031349,1.818636,4.287563,-0.103052,-0.002041,-0.48712,0.041667,4.958333,0.019926,0.093721,0.117182
7984,181.463989,1000.0,0.84727,0.846633,0.0,0.0,0.067954,68466.0,0.148679,0.270771,0.164565,0.323982,-0.058846,0.608591,7.224231,-0.02,-0.8,-0.02,-0.25,-0.6,-4.0,0.500007,-0.158914,-0.012363,0.0,0.0,-0.081726,-0.023597,-0.016265,-0.031398,0.825714,-0.048848,-0.11733,-0.008071,-0.026392,1.849908,4.313554,-0.097112,-0.001508,-0.714398,0.0,3.913043,0.017523,0.077767,0.113568
7985,186.369171,1000.0,0.831586,0.825162,0.0,0.0,0.067992,71324.0,0.151198,0.270735,0.173288,0.331752,-0.059687,0.627426,7.196099,-0.02,-0.8,-0.02,-0.25,-0.6,-4.0,0.500007,-0.155871,-0.01285,0.0,0.0,-0.085092,-0.023779,-0.017141,-0.032268,0.830709,-0.049199,-0.114467,-0.009111,-0.028844,1.844774,4.310168,-0.098988,-0.002115,-0.317732,0.0,4.565217,0.019603,0.07286,0.127457
7986,177.353622,1000.0,0.782302,0.826234,0.0,0.0,0.067957,58963.0,0.169908,0.275997,0.187354,0.366432,-0.065892,0.647486,7.180279,-0.02,-0.8,-0.02,-0.25,-0.6,-4.0,0.500007,-0.14498,-0.015913,0.0,0.0,-0.094157,-0.025248,-0.019092,-0.035003,0.811992,-0.053523,-0.131812,-0.00951,-0.032466,1.80252,4.266988,-0.108135,-0.002975,-0.735278,0.0,4.458333,0.020352,0.078833,0.129225
7987,176.890854,1000.0,0.814946,0.842675,0.0,0.0,0.067981,75819.0,0.172313,0.271074,0.184414,0.372265,-0.063881,0.668095,7.212917,-0.02,-0.8,-0.02,-0.25,-0.6,-4.0,0.500007,-0.15192,-0.015545,0.0,0.0,-0.090459,-0.024608,-0.018181,-0.033593,0.818291,-0.05158,-0.120937,-0.009186,-0.029678,1.803062,4.290785,-0.10577,-0.00225,-0.730708,0.0,4.173913,0.020025,0.078731,0.104077
7988,182.072601,1000.0,0.833778,0.829405,0.0,0.0,0.067926,72378.0,0.159218,0.269596,0.156646,0.313674,-0.056139,0.603201,7.210986,-0.02,-0.8,-0.02,-0.25,-0.6,-4.0,0.500007,-0.157126,-0.011207,0.0,0.0,-0.082123,-0.023051,-0.016027,-0.030471,0.834092,-0.048006,-0.112255,-0.009295,-0.029989,1.828234,4.326378,-0.092081,-0.002582,-0.402812,0.0,3.833333,0.019602,0.086618,0.136276
7989,182.767426,1000.0,0.805848,0.820995,0.0,0.0,0.067838,73287.0,0.167951,0.270214,0.1677,0.343307,-0.06013,0.645303,7.217682,-0.02,-0.8,-0.02,-0.25,-0.6,-4.0,0.500007,-0.168389,-0.014574,0.0,0.0,-0.082822,-0.023594,-0.016314,-0.031016,0.814743,-0.048712,-0.109702,-0.009431,-0.027814,1.807661,4.320252,-0.098707,-0.002157,-0.442866,0.0,4.0,0.018928,0.088484,0.130902
7990,180.71875,1000.0,0.798281,0.834519,0.0,0.0,0.067915,66009.0,0.164781,0.27096,0.196182,0.365037,-0.064532,0.672132,7.189467,-0.02,-0.8,-0.02,-0.25,-0.6,-4.0,0.500007,-0.147711,-0.012993,0.0,0.0,-0.091711,-0.024525,-0.018094,-0.033972,0.821867,-0.053225,-0.124911,-0.009333,-0.029374,1.826031,4.2826,-0.105262,-0.002472,-0.557618,0.0,4.478261,0.022971,0.093594,0.141272
7991,184.245163,1000.0,0.797287,0.832129,0.0,0.0,0.067867,73664.0,0.159718,0.27619,0.188836,0.365488,-0.063239,0.679559,7.256162,-0.02,-0.8,-0.02,-0.25,-0.6,-4.0,0.500007,-0.143612,-0.012448,0.0,0.0,-0.088604,-0.024655,-0.017887,-0.032612,0.819312,-0.05276,-0.127806,-0.009707,-0.02943,1.830058,4.271625,-0.104201,-0.002191,-0.416095,0.0,4.625,0.018081,0.074722,0.130056
7992,179.74202,1000.0,0.797256,0.831053,0.0,0.0,0.067936,63151.0,0.161625,0.272689,0.190537,0.388385,-0.067671,0.696899,7.199793,-0.02,-0.8,-0.02,-0.25,-0.6,-4.0,0.500007,-0.158578,-0.0192,0.0,0.0,-0.092333,-0.025409,-0.019625,-0.03564,0.808963,-0.05235,-0.120764,-0.008756,-0.02786,1.827499,4.282836,-0.111704,-0.002281,-0.572358,0.0,4.826087,0.020106,0.079473,0.12698
7993,183.890518,1000.0,0.837365,0.844309,0.0,0.0,0.067842,73112.0,0.143395,0.271436,0.170295,0.324335,-0.056569,0.636452,7.224966,-0.02,-0.8,-0.02,-0.25,-0.6,-4.0,0.500007,-0.154111,-0.010737,0.0,0.0,-0.079968,-0.023115,-0.015266,-0.030109,0.838956,-0.049686,-0.110474,-0.007785,-0.02761,1.865988,4.309854,-0.091518,-0.001744,-0.456518,0.0,4.083333,0.01682,0.080012,0.112922
7994,183.163391,1000.0,0.802532,0.835549,0.0,0.0,0.067917,72945.0,0.154909,0.272162,0.184108,0.358314,-0.06323,0.65197,7.243043,-0.02,-0.8,-0.02,-0.25,-0.6,-4.0,0.500007,-0.149353,-0.014588,0.0,0.0,-0.086861,-0.024086,-0.017726,-0.032845,0.808716,-0.050536,-0.115279,-0.008838,-0.028266,1.836399,4.296771,-0.101341,-0.002164,-0.398717,0.0,4.875,0.023279,0.083693,0.144212
7995,183.130173,1000.0,0.822883,0.839616,0.0,0.0,0.068005,68563.0,0.166329,0.276584,0.191254,0.369932,-0.064754,0.687347,7.264893,-0.02,-0.8,-0.02,-0.25,-0.6,-4.0,0.500007,-0.147669,-0.014522,0.0,0.0,-0.089963,-0.024438,-0.017591,-0.033549,0.820732,-0.05122,-0.124323,-0.008854,-0.03059,1.811587,4.287952,-0.104421,-0.003021,-0.415253,0.0,4.416667,0.019102,0.077057,0.128362
7996,181.587448,997.75,0.810555,0.840971,0.041667,0.0,0.068066,63418.0,0.166441,0.270101,0.182584,0.371933,-0.064059,0.671489,7.24957,-0.02,-0.8,-0.02,-0.25,-0.6,-4.0,0.499065,-0.156407,-0.013784,0.0,-0.000333,-0.087828,-0.024547,-0.018083,-0.033133,0.81187,-0.051541,-0.121547,-0.009057,-0.027373,1.806434,4.285998,-0.106045,-0.0027,-0.642977,0.0,4.666667,0.022729,0.086754,0.138412
7997,180.46257,1000.0,0.807861,0.827532,0.0,0.0,0.067896,70457.0,0.159295,0.273309,0.196086,0.371109,-0.065459,0.683182,7.18128,-0.02,-0.8,-0.02,-0.25,-0.6,-4.0,0.500007,-0.150911,-0.015135,0.0,0.0,-0.091109,-0.024589,-0.01866,-0.033829,0.818169,-0.052011,-0.120805,-0.009506,-0.029493,1.832393,4.283308,-0.104207,-0.001788,-0.48313,0.0,35.434784,0.020396,0.084463,0.119117
7998,181.289673,1000.0,0.804637,0.820697,0.0,0.0,0.06783,59205.0,0.16492,0.277328,0.189416,0.361623,-0.062704,0.671205,7.261119,-0.02,-0.8,-0.02,-0.25,-0.6,-4.0,0.500007,-0.147648,-0.012269,0.0,0.0,-0.089704,-0.024544,-0.018001,-0.033786,0.823742,-0.051838,-0.125927,-0.008896,-0.030033,1.815903,4.281858,-0.103143,-0.002131,-0.456669,0.0,4.869565,0.021534,0.081751,0.1544
7999,180.486008,1000.0,0.79402,0.815731,0.0,0.0,0.06774,69592.0,0.169539,0.272684,0.183475,0.365649,-0.062961,0.652765,7.294974,-0.02,-0.8,-0.02,-0.25,-0.6,-4.0,0.500007,-0.148039,-0.013158,0.0,0.0,-0.086816,-0.024584,-0.018572,-0.033629,0.81552,-0.05266,-0.122641,-0.009863,-0.028481,1.80521,4.281605,-0.104142,-0.002238,-0.414974,0.0,3.625,0.020847,0.078367,0.123111
8000,182.49118,1000.0,0.813115,0.821678,0.0,0.0,0.067775,69690.0,0.167775,0.268031,0.17971,0.350684,-0.061537,0.633431,7.309349,-0.02,-0.8,-0.02,-0.25,-0.6,-4.0,0.500007,-0.152242,-0.014984,0.0,0.0,-0.085676,-0.024761,-0.017888,-0.033618,0.810452,-0.051398,-0.118435,-0.008887,-0.027492,1.80655,4.297163,-0.103851,-0.002367,-0.547475,0.0,4.25,0.019849,0.089213,0.119094
8001,181.327713,1000.0,0.821314,0.834662,0.0,0.0,0.067631,71251.0,0.165231,0.273546,0.184691,0.374193,-0.064298,0.687046,7.26392,-0.02,-0.8,-0.02,-0.25,-0.6,-4.0,0.500007,-0.150836,-0.015753,0.0,0.0,-0.091732,-0.024954,-0.019052,-0.034443,0.812918,-0.052275,-0.121502,-0.008867,-0.031137,1.807241,4.285216,-0.107967,-0.002057,-0.499874,0.0,4.375,0.019787,0.066413,0.110729
8002,182.638214,1000.0,0.802087,0.830908,0.0,0.0,0.067674,76580.0,0.162219,0.272606,0.186504,0.361309,-0.062108,0.651091,7.30189,-0.02,-0.8,-0.02,-0.25,-0.6,-4.0,0.500007,-0.140459,-0.014959,0.0,0.0,-0.0867,-0.024417,-0.017291,-0.033311,0.817193,-0.050743,-0.124602,-0.009009,-0.027963,1.820829,4.2952,-0.103164,-0.002079,-0.432831,0.0,4.043478,0.021849,0.089654,0.127558
8003,181.61058,1000.0,0.797341,0.848724,0.0,0.0,0.067465,58752.0,0.161239,0.268736,0.180759,0.342422,-0.057315,0.640365,7.312145,-0.02,-0.8,-0.02,-0.25,-0.6,-4.0,0.500007,-0.156165,-0.013729,0.0,0.0,-0.083618,-0.023067,-0.015811,-0.030372,0.828904,-0.049915,-0.113844,-0.009045,-0.027928,1.821378,4.309597,-0.093158,-0.002521,-0.632012,0.0,4.375,0.022792,0.076245,0.13394
8004,184.291626,1000.0,0.812659,0.831499,0.0,0.0,0.0673,75483.0,0.173153,0.278023,0.184961,0.380552,-0.067268,0.692829,7.259096,-0.02,-0.8,-0.02,-0.25,-0.6,-4.0,0.500007,-0.159945,-0.014159,0.0,0.0,-0.091271,-0.024919,-0.018813,-0.034786,0.809268,-0.052069,-0.119903,-0.010755,-0.028422,1.790979,4.277989,-0.10897,-0.001619,-0.339646,0.0,4.26087,0.019547,0.067444,0.116075
8005,186.155609,1000.0,0.803451,0.837626,0.0,0.0,0.067294,69895.0,0.162525,0.27646,0.194753,0.381833,-0.06798,0.682396,7.306333,-0.02,-0.8,-0.02,-0.25,-0.6,-4.0,0.500007,-0.152445,-0.016091,0.0,0.0,-0.09277,-0.02531,-0.019968,-0.034806,0.808672,-0.053226,-0.122327,-0.00968,-0.029035,1.819545,4.268671,-0.111226,-0.001856,-0.262007,0.0,4.416667,0.022883,0.078488,0.125624
8006,183.884018,1000.0,0.824098,0.829175,0.0,0.0,0.067265,69467.0,0.151747,0.266267,0.181028,0.320226,-0.055142,0.636431,7.284931,-0.02,-0.8,-0.02,-0.25,-0.6,-4.0,0.500007,-0.148643,-0.01131,0.0,0.0,-0.080288,-0.022612,-0.014456,-0.028819,0.842326,-0.049024,-0.109575,-0.007433,-0.027627,1.844177,4.320299,-0.087566,-0.002334,-0.400389,0.0,4.565217,0.020265,0.081966,0.10286
8007,180.516678,1000.0,0.824406,0.837057,0.0,0.0,0.067094,68845.0,0.157779,0.276296,0.176046,0.348635,-0.062825,0.623692,7.311508,-0.02,-0.8,-0.02,-0.25,-0.6,-4.0,0.500007,-0.154767,-0.014345,0.0,0.0,-0.08711,-0.024496,-0.017789,-0.033359,0.810739,-0.052045,-0.11679,-0.009688,-0.028171,1.82756,4.283103,-0.103283,-0.00233,-0.469163,0.0,4.782609,0.020785,0.100575,0.134545
8008,184.282227,1000.0,0.802559,0.816489,0.0,0.0,0.067196,76125.0,0.171795,0.268777,0.181364,0.351042,-0.060265,0.64311,7.29695,-0.02,-0.8,-0.02,-0.25,-0.6,-4.0,0.500007,-0.149562,-0.014224,0.0,0.0,-0.086853,-0.023591,-0.016755,-0.032059,0.82224,-0.050348,-0.122694,-0.009733,-0.03136,1.805173,4.307605,-0.099032,-0.002228,-0.391535,0.0,4.541667,0.017526,0.076045,0.131391
8009,183.068314,1000.0,0.816309,0.836528,0.0,0.0,0.06722,60487.0,0.160816,0.278325,0.183045,0.358417,-0.061594,0.682158,7.282867,-0.02,-0.8,-0.02,-0.25,-0.6,-4.0,0.500007,-0.153565,-0.01245,0.0,0.0,-0.085306,-0.024012,-0.016683,-0.031623,0.819409,-0.050573,-0.112285,-0.008755,-0.02825,1.819364,4.293746,-0.099834,-0.002201,-0.386132,0.0,4.5,0.018461,0.089188,0.140561
8010,180.028976,993.039978,0.796924,0.841917,0.0,0.0,0.067236,73785.0,0.160885,0.278,0.170029,0.355178,-0.063228,0.649283,7.269527,-0.02,-0.8,-0.02,-0.25,-0.6,-4.0,0.495166,-0.157442,-0.014902,0.0,-0.000556,-0.090455,-0.024561,-0.01909,-0.034389,0.8071,-0.052079,-0.123142,-0.010963,-0.031283,1.796745,4.230894,-0.105464,-0.001991,-0.407925,0.041667,4.75,0.02071,0.08331,0.134753
8011,182.118423,1000.0,0.814708,0.825616,0.0,0.0,0.067244,76765.0,0.172618,0.28307,0.182227,0.372079,-0.065391,0.670046,7.29127,-0.02,-0.8,-0.02,-0.25,-0.6,-4.0,0.500007,-0.15927,-0.015383,0.0,0.0,-0.091004,-0.024676,-0.018906,-0.034054,0.81233,-0.051763,-0.118408,-0.009617,-0.029995,1.797376,4.277343,-0.107164,-0.002382,-0.391858,0.0,4.695652,0.019665,0.086967,0.134601
8012,182.501282,1000.0,0.791926,0.831328,0.0,0.0,0.067148,70870.0,0.167064,0.27241,0.189405,0.381182,-0.06631,0.687228,7.267346,-0.02,-0.8,-0.02,-0.25,-0.6,-4.0,0.500007,-0.156695,-0.01839,0.0,0.0,-0.095546,-0.02501,-0.019896,-0.035129,0.808293,-0.051311,-0.123283,-0.009947,-0.031006,1.809391,4.288646,-0.110011,-0.002454,-0.433686,0.0,4.434783,0.020523,0.073811,0.114141
8013,180.703674,1000.0,0.815881,0.847908,0.0,0.0,0.067219,67104.0,0.176777,0.27225,0.194033,0.394288,-0.066326,0.698462,7.266186,-0.02,-0.8,-0.02,-0.25,-0.6,-4.0,0.500007,-0.152845,-0.015865,0.0,0.0,-0.094448,-0.024767,-0.019489,-0.034732,0.806417,-0.052937,-0.123753,-0.010403,-0.030573,1.791407,4.277687,-0.109046,-0.002472,-0.561225,0.0,4.041667,0.019913,0.090661,0.116093
8014,182.421509,1000.0,0.778391,0.829893,0.0,0.0,0.067132,73943.0,0.171178,0.275747,0.186711,0.364403,-0.064575,0.650526,7.305505,-0.02,-0.8,-0.02,-0.25,-0.6,-4.0,0.500007,-0.147588,-0.015704,0.0,0.0,-0.094792,-0.025096,-0.019335,-0.035284,0.814653,-0.053783,-0.131936,-0.009707,-0.032383,1.800897,4.267276,-0.108143,-0.002076,-0.44681,0.0,5.136364,0.021586,0.078004,0.130036
8015,182.313736,993.679993,0.796342,0.823462,0.0,0.0,0.066905,60181.0,0.155717,0.267331,0.17368,0.351809,-0.061271,0.646367,7.25842,-0.02,-0.8,-0.02,-0.25,-0.6,-4.0,0.486819,-0.152446,-0.013259,0.0,-0.001667,-0.08504,-0.023868,-0.018226,-0.032722,0.792875,-0.053255,-0.119555,-0.008454,-0.027545,1.77517,4.158702,-0.101324,-0.001767,-0.39136,0.041667,4.208333,0.018094,0.093386,0.134409
8016,183.839417,1000.0,0.833624,0.830004,0.0,0.0,0.066933,77183.0,0.16305,0.271684,0.175611,0.354712,-0.062458,0.627684,7.257669,-0.02,-0.8,-0.02,-0.25,-0.6,-4.0,0.500007,-0.157402,-0.013989,0.0,0.0,-0.087339,-0.02472,-0.018377,-0.033724,0.811094,-0.050242,-0.11679,-0.00917,-0.026879,1.80843,4.30366,-0.107888,-0.002686,-0.337839,0.0,4.0,0.020005,0.073055,0.120472
8017,179.573822,993.140015,0.818574,0.835436,0.041667,0.0,0.066974,75164.0,0.15591,0.269463,0.177813,0.34285,-0.058506,0.659299,7.264389,-0.02,-0.8,-0.02,-0.25,-0.6,-4.0,0.49285,-0.15414,-0.01624,0.0,-0.000833,-0.082706,-0.023229,-0.01665,-0.030869,0.818265,-0.051028,-0.110823,-0.008182,-0.027687,1.804257,4.233953,-0.094879,-0.002419,-0.580079,0.0,3.583333,0.015608,0.085193,0.113134
8018,182.945023,1000.0,0.813043,0.82787,0.0,0.0,0.066987,76064.0,0.166784,0.272014,0.175862,0.35433,-0.063346,0.664027,7.212879,-0.02,-0.8,-0.02,-0.25,-0.6,-4.0,0.500007,-0.162996,-0.013696,0.0,0.0,-0.088921,-0.023896,-0.01773,-0.032928,0.820137,-0.049266,-0.114132,-0.009558,-0.029142,1.808001,4.308531,-0.101807,-0.00195,-0.444845,0.0,4.791667,0.016067,0.084044,0.123027
8019,183.749283,1000.0,0.794592,0.835948,0.0,0.0,0.067029,76269.0,0.165803,0.276177,0.1933,0.355216,-0.062353,0.657567,7.221181,-0.02,-0.8,-0.02,-0.25,-0.6,-4.0,0.500007,-0.143293,-0.013472,0.0,0.0,-0.088134,-0.024779,-0.018128,-0.034154,0.81459,-0.052935,-0.125251,-0.008999,-0.02845,1.815112,4.271869,-0.104366,-0.002714,-0.33988,0.0,4.333333,0.02104,0.072177,0.120963
8020,181.756317,1000.0,0.845867,0.826096,0.0,0.0,0.067067,72588.0,0.149226,0.268246,0.177124,0.332211,-0.059267,0.642458,7.216404,-0.02,-0.8,-0.02,-0.25,-0.6,-4.0,0.500007,-0.163432,-0.011937,0.0,0.0,-0.082598,-0.023081,-0.015898,-0.030874,0.832399,-0.04843,-0.107653,-0.009081,-0.027853,1.843767,4.326837,-0.095326,-0.002127,-0.710929,0.0,3.958333,0.019075,0.08792,0.126391
8021,183.300186,1000.0,0.837808,0.8347,0.0,0.0,0.067098,59016.0,0.143998,0.267387,0.176188,0.351871,-0.057182,0.672267,7.231136,-0.02,-0.8,-0.02,-0.25,-0.6,-4.0,0.500007,-0.156344,-0.010309,0.0,0.0,-0.078559,-0.02276,-0.015893,-0.029558,0.82567,-0.048711,-0.111476,-0.008716,-0.025103,1.858289,4.322758,-0.092866,-0.001818,-0.497191,0.0,4.541667,0.019821,0.088243,0.110315
8022,183.179153,1000.0,0.82501,0.841595,0.0,0.0,0.06718,75837.0,0.168268,0.272251,0.177997,0.360166,-0.064523,0.648102,7.252954,-0.02,-0.8,-0.02,-0.25,-0.6,-4.0,0.500007,-0.16624,-0.015544,0.0,0.0,-0.092776,-0.024775,-0.018952,-0.034847,0.805989,-0.0514,-0.118204,-0.009892,-0.03013,1.796329,4.296033,-0.108395,-0.002435,-0.436221,0.0,4.458333,0.019861,0.085399,0.125581
8023,180.227524,996.380005,0.804449,0.848626,0.0,0.0,0.067194,78028.0,0.164909,0.273551,0.199774,0.374181,-0.065735,0.680394,7.211257,-0.02,-0.8,-0.02,-0.25,-0.6,-4.0,0.498494,-0.149291,-0.014253,0.0,-0.000333,-0.091989,-0.024557,-0.018581,-0.03435,0.81609,-0.052646,-0.124198,-0.009107,-0.030117,1.812252,4.265944,-0.10583,-0.00256,-0.500664,0.041667,3.875,0.018327,0.084349,0.131703
8024,182.706055,1000.0,0.828111,0.819276,0.0,0.0,0.067293,74671.0,0.160865,0.274818,0.188719,0.36646,-0.061317,0.691538,7.222405,-0.02,-0.8,-0.02,-0.25,-0.6,-4.0,0.500007,-0.151509,-0.013567,0.0,0.0,-0.087602,-0.024097,-0.017972,-0.032383,0.825092,-0.051545,-0.117192,-0.008638,-0.027696,1.820929,4.288023,-0.101995,-0.002063,-0.418322,0.0,4.086957,0.0183,0.091349,0.115575
8025,179.011749,1000.0,0.797115,0.823449,0.0,0.0,0.067272,76911.0,0.176052,0.281027,0.189306,0.386706,-0.067725,0.660265,7.231246,-0.02,-0.8,-0.02,-0.25,-0.6,-4.0,0.500007,-0.147075,-0.016907,0.0,0.0,-0.096659,-0.025593,-0.020342,-0.036766,0.804152,-0.054417,-0.13089,-0.010463,-0.031524,1.785911,4.257333,-0.114268,-0.002001,-0.460044,0.0,4.869565,0.019877,0.085592,0.119766
8026,182.390533,1000.0,0.816256,0.82406,0.0,0.0,0.067348,75707.0,0.163784,0.269271,0.203633,0.391748,-0.06604,0.724397,7.267834,-0.02,-0.8,-0.02,-0.25,-0.6,-4.0,0.500007,-0.146533,-0.015092,0.0,0.0,-0.094728,-0.024632,-0.018844,-0.034588,0.815174,-0.05173,-0.129004,-0.009083,-0.030526,1.822671,4.288584,-0.107103,-0.002276,-0.455484,0.0,4.416667,0.022103,0.084349,0.131705
8027,183.252777,1000.0,0.80112,0.828641,0.0,0.0,0.067367,77914.0,0.168697,0.275839,0.181361,0.368234,-0.06715,0.645965,7.257659,-0.02,-0.8,-0.02,-0.25,-0.6,-4.0,0.500007,-0.156016,-0.017084,0.0,0.0,-0.095753,-0.025461,-0.020387,-0.036257,0.807137,-0.05407,-0.124761,-0.010072,-0.032521,1.804667,4.268122,-0.113059,-0.002361,-0.278017,0.0,4.521739,0.020081,0.073605,0.133845
8028,182.431335,1000.0,0.817479,0.846975,0.0,0.0,0.067545,61331.0,0.161079,0.270643,0.178471,0.351715,-0.059051,0.666502,7.244903,-0.02,-0.8,-0.02,-0.25,-0.6,-4.0,0.500007,-0.159595,-0.012993,0.0,0.0,-0.084497,-0.023272,-0.016831,-0.031602,0.824365,-0.050115,-0.114213,-0.009404,-0.028439,1.826846,4.302745,-0.096377,-0.001889,-0.53231,0.0,4.166667,0.019285,0.083164,0.127685
8029,179.076324,1000.0,0.802267,0.836954,0.0,0.0,0.067671,76270.0,0.160823,0.27214,0.183429,0.362961,-0.061598,0.659903,7.261452,-0.02,-0.8,-0.02,-0.25,-0.6,-4.0,0.500007,-0.152957,-0.015957,0.0,0.0,-0.087169,-0.023969,-0.018073,-0.033057,0.815007,-0.049293,-0.119926,-0.009614,-0.028583,1.820805,4.308327,-0.102838,-0.001901,-0.636138,0.0,3.956522,0.019161,0.068972,0.099629
8030,182.134979,1000.0,0.821784,0.84109,0.0,0.0,0.067772,77627.0,0.159033,0.272495,0.17834,0.362655,-0.061723,0.656913,7.272454,-0.02,-0.8,-0.02,-0.25,-0.6,-4.0,0.500007,-0.158062,-0.011722,0.0,0.0,-0.084719,-0.023965,-0.018576,-0.03282,0.81945,-0.050874,-0.114752,-0.010101,-0.026616,1.819358,4.296394,-0.103148,-0.002048,-0.409678,0.0,4.0,0.017155,0.079052,0.10193
8031,176.557022,1000.0,0.822123,0.837055,0.0,0.0,0.067798,83892.0,0.172798,0.279163,0.171244,0.367158,-0.065781,0.662393,7.234779,-0.02,-0.8,-0.02,-0.25,-0.6,-4.0,0.500007,-0.163153,-0.017374,0.0,0.0,-0.095362,-0.0253,-0.020005,-0.036541,0.812289,-0.051721,-0.121052,-0.009947,-0.030903,1.790452,4.273525,-0.111587,-0.002035,-0.672231,0.0,4.5,0.018641,0.085794,0.123415
8032,181.824615,993.640015,0.809148,0.833132,0.0,0.0,0.067765,78505.0,0.157475,0.273026,0.186529,0.362017,-0.062383,0.663674,7.268101,-0.02,-0.8,-0.02,-0.25,-0.6,-4.0,0.4988,-0.156436,-0.014014,0.0,-0.000152,-0.087351,-0.023796,-0.017902,-0.032661,0.812361,-0.051779,-0.113592,-0.009742,-0.028207,1.81979,4.280255,-0.101292,-0.002007,-0.38081,0.041667,4.458333,0.017623,0.081418,0.137779
8033,180.453613,1000.0,0.819992,0.825626,0.0,0.0,0.067574,70609.0,0.159194,0.272232,0.178045,0.34269,-0.060583,0.627214,7.298823,-0.02,-0.8,-0.02,-0.25,-0.6,-4.0,0.500007,-0.152464,-0.012856,0.0,0.0,-0.083569,-0.023783,-0.017401,-0.031925,0.822852,-0.050231,-0.117458,-0.009067,-0.026578,1.819589,4.299265,-0.098783,-0.00149,-0.458176,0.0,4.5,0.01944,0.104095,0.139355
8034,183.755096,1000.0,0.822457,0.843264,0.0,0.0,0.067518,60397.0,0.166013,0.271967,0.185198,0.358509,-0.064476,0.656364,7.268392,-0.02,-0.8,-0.02,-0.25,-0.6,-4.0,0.500007,-0.160433,-0.014006,0.0,0.0,-0.091643,-0.024541,-0.018647,-0.034474,0.814457,-0.051357,-0.120236,-0.009725,-0.029774,1.809869,4.289544,-0.106047,-0.002196,-0.581403,0.0,4.73913,0.021693,0.070675,0.11678
8035,184.876022,999.280029,0.815185,0.844981,0.0,0.0,0.067458,76491.0,0.155164,0.271291,0.17406,0.326425,-0.057912,0.627301,7.265092,-0.02,-0.8,-0.02,-0.25,-0.6,-4.0,0.499703,-0.157602,-0.011402,0.0,-0.000333,-0.08468,-0.023311,-0.016422,-0.031819,0.833783,-0.051636,-0.117013,-0.009876,-0.028938,1.829451,4.295538,-0.094767,-0.001312,-0.30211,0.041667,4.166667,0.019872,0.092055,0.116742
8036,185.723831,1000.0,0.810439,0.844864,0.0,0.0,0.067494,78213.0,0.151383,0.2757,0.181228,0.335891,-0.059594,0.642912,7.273197,-0.02,-0.8,-0.02,-0.25,-0.6,-4.0,0.500007,-0.147993,-0.011612,0.0,0.0,-0.083566,-0.023739,-0.016576,-0.032117,0.828574,-0.052034,-0.117355,-0.009397,-0.028831,1.843238,4.284738,-0.097733,-0.001731,-0.30089,0.0,4.625,0.022177,0.078712,0.137895
8037,181.177185,1000.0,0.821102,0.849289,0.0,0.0,0.06749,77171.0,0.164318,0.273757,0.177911,0.355958,-0.062762,0.637011,7.261124,-0.02,-0.8,-0.02,-0.25,-0.6,-4.0,0.500007,-0.154237,-0.015413,0.0,0.0,-0.086633,-0.024309,-0.018097,-0.034067,0.813478,-0.052228,-0.119115,-0.010077,-0.027323,1.809677,4.282876,-0.10443,-0.001318,-0.536173,0.0,4.625,0.01971,0.078318,0.13914
8038,179.7948,1000.0,0.81951,0.841958,0.0,0.0,0.067499,78974.0,0.176161,0.269623,0.188017,0.363589,-0.06138,0.662613,7.34465,-0.02,-0.8,-0.02,-0.25,-0.6,-4.0,0.500007,-0.148877,-0.015978,0.0,0.0,-0.089417,-0.023947,-0.017685,-0.032878,0.805567,-0.051356,-0.123522,-0.009357,-0.030294,1.790535,4.298807,-0.101535,-0.002028,-0.504614,0.0,34.708336,0.019132,0.087849,0.13412
8039,181.251968,1000.0,0.796561,0.830851,0.0,0.0,0.067316,83061.0,0.166066,0.270963,0.19198,0.373813,-0.061436,0.66471,7.162529,-0.02,-0.8,-0.02,-0.25,-0.6,-4.0,0.500007,-0.154439,-0.013645,0.0,0.0,-0.086484,-0.023773,-0.017786,-0.032508,0.816487,-0.05158,-0.117547,-0.009205,-0.028536,1.801281,4.28756,-0.101795,-0.002071,-0.496931,0.0,3.909091,0.019374,0.078032,0.143088
8040,180.991272,1000.0,0.814274,0.83048,0.0,0.0,0.067292,54819.0,0.160207,0.275851,0.18201,0.342366,-0.060387,0.647994,7.29409,-0.02,-0.8,-0.02,-0.25,-0.6,-4.0,0.500007,-0.156967,-0.013429,0.0,0.0,-0.085741,-0.023704,-0.016741,-0.0323,0.825073,-0.050874,-0.122076,-0.009443,-0.02965,1.826261,4.292873,-0.097626,-0.001328,-0.418042,0.0,4.5,0.019368,0.092377,0.127876
8041,182.375854,1000.0,0.806205,0.838364,0.0,0.0,0.067124,78173.0,0.180198,0.273271,0.185717,0.37883,-0.068482,0.655701,7.287977,-0.02,-0.8,-0.02,-0.25,-0.6,-4.0,0.500007,-0.155244,-0.018872,0.0,0.0,-0.097704,-0.026028,-0.020641,-0.038242,0.796477,-0.052815,-0.128666,-0.009915,-0.030246,1.773432,4.27809,-0.117935,-0.001939,-0.268455,0.0,3.666667,0.01996,0.07426,0.129858
8042,184.380432,1000.0,0.810733,0.841771,0.0,0.0,0.06709,75984.0,0.171636,0.267235,0.183766,0.354818,-0.059745,0.626629,7.28728,-0.02,-0.8,-0.02,-0.25,-0.6,-4.0,0.500007,-0.146869,-0.012285,0.0,0.0,-0.086159,-0.023598,-0.017205,-0.032206,0.812842,-0.050186,-0.119271,-0.009043,-0.027753,1.792311,4.309261,-0.099691,-0.001566,-0.34092,0.0,4.583333,0.023171,0.084757,0.122607
8043,183.584717,1000.0,0.818342,0.847485,0.0,0.0,0.067146,77681.0,0.178022,0.269542,0.185059,0.383358,-0.067445,0.687319,7.243616,-0.02,-0.8,-0.02,-0.25,-0.6,-4.0,0.500007,-0.156757,-0.015487,0.0,0.0,-0.095687,-0.024707,-0.019555,-0.036434,0.808188,-0.052219,-0.122554,-0.01075,-0.030601,1.779716,4.28289,-0.111257,-0.001877,-0.406686,0.0,4.291667,0.020271,0.08753,0.131918
8044,180.390366,995.25,0.815714,0.828932,0.0,0.0,0.067002,79140.0,0.164188,0.266063,0.182437,0.365899,-0.065263,0.664351,7.307372,-0.02,-0.8,-0.02,-0.25,-0.6,-4.0,0.494833,-0.154888,-0.016851,0.0,-0.00087,-0.095399,-0.024603,-0.020043,-0.035824,0.801311,-0.051857,-0.12167,-0.009823,-0.030722,1.796641,4.247263,-0.109057,-0.00216,-0.479619,0.043478,3.782609,0.020118,0.104115,0.132788
8045,184.349335,1000.0,0.82313,0.838188,0.0,0.0,0.066989,78189.0,0.15604,0.273736,0.17422,0.344385,-0.060089,0.653335,7.281467,-0.02,-0.8,-0.02,-0.25,-0.6,-4.0,0.500007,-0.15546,-0.013821,0.0,0.0,-0.085253,-0.023681,-0.016947,-0.032039,0.8265,-0.049311,-0.114591,-0.00929,-0.029078,1.826294,4.306806,-0.099325,-0.001698,-0.346172,0.0,4.666667,0.019921,0.083245,0.131699
8046,185.160904,1000.0,0.829702,0.832928,0.0,0.0,0.06694,79554.0,0.15466,0.271609,0.182519,0.355627,-0.060021,0.675182,7.386518,-0.02,-0.8,-0.02,-0.25,-0.6,-4.0,0.500007,-0.158014,-0.013935,0.0,0.0,-0.085442,-0.023594,-0.017249,-0.032007,0.824962,-0.051158,-0.115136,-0.009174,-0.028876,1.836159,4.297846,-0.098022,-0.001705,-0.38929,0.0,4.130435,0.018526,0.083039,0.12348
8047,179.62973,1000.0,0.819033,0.82501,0.0,0.0,0.066833,63171.0,0.157864,0.272262,0.181484,0.34472,-0.059811,0.652115,7.371487,-0.02,-0.8,-0.02,-0.25,-0.6,-4.0,0.500007,-0.161157,-0.011906,0.0,0.0,-0.085592,-0.02351,-0.016895,-0.032127,0.824561,-0.049252,-0.115863,-0.009192,-0.027284,1.823318,4.314633,-0.098928,-0.002023,-0.585766,0.0,4.26087,0.021594,0.077027,0.133862
8048,182.317383,1000.0,0.802247,0.843505,0.0,0.0,0.066867,81660.0,0.173967,0.279354,0.184257,0.359404,-0.063473,0.638266,7.366626,-0.02,-0.8,-0.02,-0.25,-0.6,-4.0,0.500007,-0.151758,-0.017089,0.0,0.0,-0.093258,-0.02482,-0.019287,-0.035246,0.805936,-0.054145,-0.125932,-0.009559,-0.030653,1.792009,4.257456,-0.10659,-0.001797,-0.370199,0.0,5.043478,0.019424,0.094384,0.131653
8049,183.630096,1000.0,0.814821,0.821759,0.0,0.0,0.066905,74922.0,0.172572,0.271979,0.183169,0.362334,-0.062643,0.662885,7.405872,-0.02,-0.8,-0.02,-0.25,-0.6,-4.0,0.500007,-0.157943,-0.014365,0.0,0.0,-0.088977,-0.024501,-0.018116,-0.033706,0.814644,-0.052218,-0.122478,-0.009813,-0.028694,1.795749,4.287328,-0.104971,-0.002356,-0.341459,0.0,4.375,0.016706,0.081716,0.120826
8050,182.96048,1000.0,0.824711,0.830646,0.0,0.0,0.066934,75409.0,0.15353,0.267211,0.178703,0.355908,-0.062031,0.68227,7.341605,-0.02,-0.8,-0.02,-0.25,-0.6,-4.0,0.500007,-0.157411,-0.011921,0.0,0.0,-0.08553,-0.023789,-0.017968,-0.033365,0.822514,-0.049407,-0.121296,-0.010083,-0.027508,1.831741,4.31367,-0.101272,-0.00166,-0.42755,0.0,4.625,0.020214,0.095869,0.130178
8051,179.52034,1000.0,0.826983,0.846067,0.0,0.0,0.066699,78307.0,0.160583,0.272495,0.181557,0.369347,-0.066876,0.656363,7.303012,-0.02,-0.8,-0.02,-0.25,-0.6,-4.0,0.500007,-0.155823,-0.01857,0.0,0.0,-0.09578,-0.025413,-0.020136,-0.036445,0.810956,-0.052583,-0.120483,-0.010222,-0.031265,1.823551,4.280316,-0.112159,-0.00207,-0.527135,0.0,4.458333,0.020962,0.076318,0.104735
8052,184.294022,1000.0,0.824139,0.833302,0.0,0.0,0.066506,76970.0,0.156353,0.267014,0.184713,0.345375,-0.059449,0.663649,7.316963,-0.02,-0.8,-0.02,-0.25,-0.6,-4.0,0.500007,-0.157926,-0.010767,0.0,0.0,-0.084493,-0.023422,-0.016956,-0.031807,0.828452,-0.051525,-0.11499,-0.009495,-0.027524,1.828915,4.299334,-0.097176,-0.001628,-0.421455,0.0,4.782609,0.021511,0.09694,0.133725
8053,183.099533,1000.0,0.802259,0.847866,0.0,0.0,0.06642,61487.0,0.163662,0.268208,0.187839,0.389143,-0.066882,0.702402,7.284261,-0.02,-0.8,-0.02,-0.25,-0.6,-4.0,0.500007,-0.156708,-0.01722,0.0,0.0,-0.097946,-0.024612,-0.01909,-0.035647,0.810442,-0.051036,-0.120415,-0.009756,-0.031597,1.806365,4.299262,-0.109374,-0.002104,-0.394372,0.0,4.652174,0.023365,0.080346,0.114616
8054,182.787689,1000.0,0.784926,0.824367,0.0,0.0,0.066516,77746.0,0.175057,0.272373,0.194969,0.37128,-0.065382,0.66867,7.351142,-0.02,-0.8,-0.02,-0.25,-0.6,-4.0,0.500007,-0.148038,-0.017171,0.0,0.0,-0.09273,-0.02444,-0.018635,-0.034922,0.804985,-0.051738,-0.126503,-0.009058,-0.029609,1.800591,4.287252,-0.105519,-0.002211,-0.381548,0.0,4.458333,0.021601,0.094577,0.134235
8055,182.102707,1000.0,0.818919,0.830896,0.0,0.0,0.066513,74597.0,0.153996,0.26764,0.169064,0.321886,-0.058076,0.608186,7.345506,-0.02,-0.8,-0.02,-0.25,-0.6,-4.0,0.498022,-0.157295,-0.01287,0.0,-0.000417,-0.081711,-0.023066,-0.016223,-0.03161,0.820693,-0.0487,-0.113787,-0.008944,-0.02686,1.823214,4.301908,-0.095244,-0.00152,-0.469891,0.041667,4.375,0.019711,0.09588,0.129042
8056,184.724915,1000.0,0.807998,0.83229,0.0,0.0,0.066527,81968.0,0.174639,0.276406,0.188435,0.384595,-0.067114,0.695756,7.312893,-0.02,-0.8,-0.02,-0.25,-0.6,-4.0,0.500007,-0.154861,-0.014704,0.0,0.0,-0.097306,-0.024775,-0.019402,-0.036042,0.81157,-0.05314,-0.119369,-0.01027,-0.031834,1.782081,4.27435,-0.109993,-0.00145,-0.332155,0.0,4.818182,0.020498,0.084093,0.128804
8057,184.401489,1000.0,0.819143,0.842027,0.0,0.0,0.066403,80720.0,0.174309,0.272935,0.186744,0.387207,-0.067335,0.69086,7.278303,-0.02,-0.8,-0.02,-0.25,-0.6,-4.0,0.500007,-0.163518,-0.018988,0.0,0.0,-0.09726,-0.025282,-0.020495,-0.036649,0.801994,-0.053552,-0.123086,-0.010139,-0.029275,1.804397,4.271113,-0.113256,-0.001718,-0.412602,0.0,4.217391,0.022455,0.075742,0.129108
8058,181.225647,991.299988,0.804274,0.833796,0.0,0.0,0.066424,77475.0,0.159084,0.267554,0.187153,0.363471,-0.062389,0.680223,7.267721,-0.02,-0.8,-0.02,-0.25,-0.6,-4.0,0.495267,-0.150258,-0.014175,0.0,-0.00087,-0.093738,-0.024416,-0.018292,-0.034631,0.804838,-0.052257,-0.127304,-0.008871,-0.029757,1.816559,4.249681,-0.10366,-0.002083,-0.536928,0.086957,3.782609,0.017922,0.087525,0.128833
8059,185.814194,1000.0,0.804152,0.836783,0.0,0.0,0.066413,60613.0,0.153784,0.267243,0.169813,0.320808,-0.055845,0.62784,7.291142,-0.02,-0.8,-0.02,-0.25,-0.6,-4.0,0.500007,-0.160001,-0.010987,0.0,0.0,-0.081796,-0.022854,-0.015588,-0.030772,0.82754,-0.049573,-0.110851,-0.008766,-0.027163,1.834677,4.327799,-0.09238,-0.001635,-0.353136,0.0,3.916667,0.019799,0.082163,0.139624
8060,180.49498,1000.0,0.814094,0.8317,0.0,0.0,0.066227,75434.0,0.163475,0.269522,0.177381,0.336647,-0.05801,0.628483,7.272878,-0.02,-0.8,-0.02,-0.25,-0.6,-4.0,0.500007,-0.152901,-0.012421,0.0,0.0,-0.083247,-0.0236,-0.01702,-0.032228,0.828243,-0.051619,-0.118485,-0.009608,-0.027847,1.805709,4.293667,-0.097527,-0.001545,-0.649779,0.0,4.458333,0.0182,0.075712,0.144758
8061,182.887802,1000.0,0.8125,0.848448,0.0,0.0,0.066075,76741.0,0.170761,0.276152,0.186339,0.374254,-0.066302,0.675821,7.257658,-0.02,-0.8,-0.02,-0.25,-0.6,-4.0,0.500007,-0.157045,-0.013786,0.0,0.0,-0.095855,-0.024955,-0.020437,-0.036062,0.807174,-0.053101,-0.124777,-0.011528,-0.029779,1.808039,4.274379,-0.109725,-0.001475,-0.354567,0.0,4.75,0.021442,0.083605,0.140323
8062,183.645538,1000.0,0.82707,0.847498,0.0,0.0,0.065989,77426.0,0.163972,0.270363,0.19314,0.386451,-0.064658,0.720906,7.239924,-0.02,-0.8,-0.02,-0.25,-0.6,-4.0,0.500007,-0.15346,-0.013677,0.0,0.0,-0.088743,-0.024398,-0.019116,-0.034004,0.813376,-0.051123,-0.125415,-0.009983,-0.028332,1.815746,4.296465,-0.106826,-0.001911,-0.502419,0.0,4.041667,0.02034,0.078359,0.12774
8063,182.721893,1000.0,0.849218,0.848861,0.0,0.0,0.06604,77661.0,0.166889,0.268283,0.189242,0.371395,-0.063489,0.678053,7.261212,-0.02,-0.8,-0.02,-0.25,-0.6,-4.0,0.500007,-0.155733,-0.014862,0.0,0.0,-0.092064,-0.024397,-0.019221,-0.033863,0.823076,-0.052466,-0.123685,-0.009436,-0.029922,1.80635,4.288609,-0.106232,-0.001424,-0.489774,0.0,4.166667,0.018869,0.080457,0.124783
8064,183.408249,1000.0,0.800626,0.835583,0.0,0.0,0.065859,76216.0,0.172509,0.274888,0.18994,0.376343,-0.06775,0.680215,7.278268,-0.02,-0.8,-0.02,-0.25,-0.6,-4.0,0.500007,-0.162578,-0.016569,0.0,0.0,-0.099419,-0.025125,-0.020272,-0.037214,0.808038,-0.052226,-0.125706,-0.009921,-0.031964,1.803018,4.27928,-0.112241,-0.002185,-0.347238,0.0,4.375,0.017779,0.100343,0.136007
8065,184.137558,1000.0,0.829796,0.818007,0.0,0.0,0.065975,76380.0,0.162734,0.265283,0.175565,0.329647,-0.060324,0.609224,7.225439,-0.02,-0.8,-0.02,-0.25,-0.6,-4.0,0.500007,-0.15684,-0.014832,0.0,0.0,-0.086815,-0.023736,-0.017261,-0.033428,0.823246,-0.050226,-0.11881,-0.008803,-0.028841,1.810718,4.307722,-0.099786,-0.00209,-0.323429,0.0,3.875,0.019768,0.078765,0.111995
8066,181.343079,1000.0,0.813281,0.839652,0.0,0.0,0.065944,61171.0,0.156252,0.274329,0.176786,0.328788,-0.057299,0.607186,7.287753,-0.02,-0.8,-0.02,-0.25,-0.6,-4.0,0.500007,-0.143545,-0.0144,0.0,0.0,-0.079825,-0.023501,-0.016479,-0.032217,0.819303,-0.05121,-0.123203,-0.009424,-0.027755,1.831315,4.294498,-0.094874,-0.001777,-0.448176,0.0,4.826087,0.022005,0.082611,0.161914
8067,182.851685,1000.0,0.813368,0.83506,0.0,0.0,0.065986,77570.0,0.153543,0.267944,0.182148,0.329422,-0.057405,0.614938,7.281132,-0.02,-0.8,-0.02,-0.25,-0.6,-4.0,0.500007,-0.147379,-0.011976,0.0,0.0,-0.08159,-0.022493,-0.015761,-0.030207,0.821502,-0.047413,-0.111376,-0.008438,-0.02852,1.838732,4.329943,-0.091753,-0.001606,-0.456996,0.0,4.26087,0.01859,0.085779,0.129905
8068,182.142822,1000.0,0.802158,0.807961,0.0,0.0,0.065856,76484.0,0.171299,0.271726,0.175246,0.336458,-0.059873,0.606783,7.292721,-0.02,-0.8,-0.02,-0.25,-0.6,-4.0,0.500007,-0.15214,-0.013182,0.0,0.0,-0.088746,-0.023523,-0.017587,-0.033298,0.816825,-0.051784,-0.124674,-0.009328,-0.029923,1.803161,4.29087,-0.098805,-0.001896,-0.301991,0.0,4.208333,0.021918,0.07467,0.153568
8069,181.931717,1000.0,0.833777,0.831414,0.0,0.0,0.066047,81333.0,0.155041,0.266422,0.184006,0.354075,-0.05759,0.677592,7.260077,-0.02,-0.8,-0.02,-0.25,-0.6,-4.0,0.500007,-0.154377,-0.011607,0.0,0.0,-0.083633,-0.022628,-0.016184,-0.030353,0.826536,-0.049504,-0.113855,-0.009284,-0.027983,1.829673,4.318118,-0.093007,-0.001506,-0.491223,0.0,4.782609,0.018503,0.085621,0.111979
8070,180.904907,1000.0,0.80499,0.83416,0.0,0.0,0.066232,78558.0,0.160785,0.271408,0.179023,0.3564,-0.061077,0.652086,7.300338,-0.02,-0.8,-0.02,-0.25,-0.6,-4.0,0.500007,-0.156313,-0.013223,0.0,0.0,-0.088535,-0.023929,-0.017626,-0.033271,0.815275,-0.05209,-0.119238,-0.009032,-0.02971,1.814743,4.288358,-0.10271,-0.001967,-0.518074,0.0,4.083333,0.01715,0.078279,0.144101
8071,180.868484,1000.0,0.816429,0.845371,0.0,0.0,0.066345,79087.0,0.181169,0.259966,0.184484,0.384313,-0.066706,0.646211,7.259511,-0.02,-0.8,-0.02,-0.25,-0.6,-4.0,0.500007,-0.153119,-0.017481,0.0,0.0,-0.094805,-0.024681,-0.019287,-0.035586,0.793607,-0.049905,-0.118478,-0.008544,-0.028898,1.766023,4.321242,-0.113524,-0.001438,-0.36343,0.0,3.782609,0.023256,0.070063,0.115652
8072,177.73616,1000.0,0.814698,0.836242,0.0,0.0,0.066479,64565.0,0.169101,0.274137,0.189451,0.355793,-0.061076,0.656024,7.293422,-0.02,-0.8,-0.02,-0.25,-0.6,-4.0,0.500007,-0.146595,-0.015479,0.0,0.0,-0.090657,-0.023947,-0.01804,-0.033701,0.818408,-0.052585,-0.128675,-0.009063,-0.029664,1.804092,4.280179,-0.100371,-0.001885,-0.531886,0.0,3.782609,0.018757,0.081418,0.107687
8073,184.275818,1000.0,0.812535,0.841041,0.0,0.0,0.066497,87410.0,0.155506,0.269357,0.189966,0.353214,-0.058833,0.656839,7.284073,-0.02,-0.8,-0.02,-0.25,-0.6,-4.0,0.500007,-0.152248,-0.012076,0.0,0.0,-0.08475,-0.023151,-0.016775,-0.031373,0.827649,-0.050732,-0.118734,-0.008297,-0.027641,1.840041,4.300483,-0.09613,-0.001496,-0.457921,0.0,4.904762,0.021178,0.085885,0.126488
8074,182.076233,1000.0,0.816893,0.832435,0.0,0.0,0.06659,74299.0,0.158927,0.263414,0.176737,0.357714,-0.061231,0.646154,7.265092,-0.02,-0.8,-0.02,-0.25,-0.6,-4.0,0.500007,-0.154186,-0.014468,0.0,0.0,-0.088434,-0.0237,-0.017838,-0.033876,0.817707,-0.048484,-0.117596,-0.008315,-0.028267,1.824443,4.326339,-0.102883,-0.002236,-0.446842,0.0,4.708333,0.018513,0.061758,0.134909
8075,181.986298,1000.0,0.833558,0.837506,0.0,0.0,0.066601,78640.0,0.156533,0.264088,0.170528,0.328843,-0.058848,0.636627,7.252422,-0.02,-0.8,-0.02,-0.25,-0.6,-4.0,0.500007,-0.160423,-0.013253,0.0,0.0,-0.086265,-0.02302,-0.017117,-0.032688,0.831518,-0.050634,-0.115971,-0.009151,-0.029464,1.827721,4.310808,-0.096885,-0.001689,-0.427285,0.0,4.25,0.01979,0.095978,0.131434
8076,182.553665,1000.0,0.796764,0.833124,0.0,0.0,0.066613,81205.0,0.163291,0.26638,0.186561,0.369854,-0.063213,0.677627,7.265172,-0.02,-0.8,-0.02,-0.25,-0.6,-4.0,0.500007,-0.155472,-0.014376,0.0,0.0,-0.090874,-0.023827,-0.018411,-0.034193,0.812656,-0.05101,-0.119977,-0.009581,-0.029053,1.809669,4.299681,-0.104673,-0.001523,-0.401254,0.0,4.478261,0.024121,0.095707,0.154179
8077,181.572021,1000.0,0.800241,0.824568,0.0,0.0,0.066545,78327.0,0.157327,0.267569,0.183199,0.347605,-0.060238,0.643274,7.225084,-0.02,-0.8,-0.02,-0.25,-0.6,-4.0,0.500007,-0.147138,-0.01451,0.0,0.0,-0.088454,-0.023441,-0.017647,-0.033501,0.822199,-0.049933,-0.123385,-0.00871,-0.02872,1.833826,4.312597,-0.099837,-0.001576,-0.45351,0.0,4.666667,0.024013,0.085499,0.154452
8078,180.909531,1000.0,0.82499,0.836775,0.0,0.0,0.066639,78822.0,0.158766,0.267362,0.182857,0.352854,-0.061043,0.664541,7.25317,-0.02,-0.8,-0.02,-0.25,-0.6,-4.0,0.500007,-0.15056,-0.015792,0.0,0.0,-0.090333,-0.023683,-0.018011,-0.03343,0.818374,-0.050039,-0.124347,-0.009143,-0.030327,1.829121,4.311611,-0.10019,-0.001567,-0.539094,0.0,4.458333,0.020594,0.082247,0.125065
8079,181.634674,1000.0,0.822138,0.828406,0.0,0.0,0.066585,61741.0,0.164029,0.265783,0.172753,0.333789,-0.057401,0.607163,7.26526,-0.02,-0.8,-0.02,-0.25,-0.6,-4.0,0.500007,-0.151864,-0.015189,0.0,0.0,-0.082177,-0.023322,-0.017097,-0.031838,0.820317,-0.050409,-0.116446,-0.008541,-0.026962,1.813842,4.311877,-0.097617,-0.001648,-0.417202,0.0,4.666667,0.019577,0.080313,0.124937
8080,184.182724,1000.0,0.815803,0.835134,0.0,0.0,0.066664,77289.0,0.164769,0.266737,0.185471,0.372255,-0.064544,0.66892,7.243797,-0.02,-0.8,-0.02,-0.25,-0.6,-4.0,0.500007,-0.152204,-0.016292,0.0,0.0,-0.092481,-0.024405,-0.019257,-0.035648,0.806485,-0.050424,-0.127336,-0.009989,-0.03025,1.810821,4.304332,-0.107363,-0.002092,-0.307329,0.0,35.739132,0.016462,0.089962,0.11833
8081,181.754898,1000.0,0.809561,0.828704,0.0,0.0,0.066746,81136.0,0.164486,0.265493,0.171958,0.347302,-0.059241,0.61988,7.150203,-0.02,-0.8,-0.02,-0.25,-0.6,-4.0,0.500007,-0.151013,-0.012474,0.0,0.0,-0.086169,-0.023104,-0.017584,-0.033176,0.815392,-0.048779,-0.124251,-0.007937,-0.027845,1.808279,4.319731,-0.098998,-0.001423,-0.478978,0.0,4.304348,0.017903,0.078823,0.126921
8082,179.986832,1000.0,0.834033,0.82533,0.0,0.0,0.06672,79372.0,0.175012,0.267059,0.197965,0.379502,-0.066082,0.65548,7.231348,-0.02,-0.8,-0.02,-0.25,-0.6,-4.0,0.500007,-0.144004,-0.017661,0.0,0.0,-0.098689,-0.024373,-0.019388,-0.03545,0.807983,-0.051327,-0.129556,-0.008961,-0.031375,1.789471,4.297206,-0.109576,-0.002114,-0.556836,0.0,4.083333,0.017103,0.088518,0.13858
8083,182.707275,1000.0,0.824787,0.831553,0.0,0.0,0.066652,75637.0,0.157046,0.264599,0.173211,0.347633,-0.059672,0.638428,7.215074,-0.02,-0.8,-0.02,-0.25,-0.6,-4.0,0.500007,-0.158895,-0.014032,0.0,0.0,-0.085521,-0.023012,-0.017062,-0.032027,0.812634,-0.04911,-0.111657,-0.00948,-0.029617,1.82493,4.317483,-0.097372,-0.001459,-0.512605,0.0,4.041667,0.020642,0.086853,0.142135
8084,182.102539,1000.0,0.816818,0.819128,0.0,0.0,0.066492,79065.0,0.16211,0.267729,0.182038,0.361209,-0.062418,0.673337,7.226541,-0.02,-0.8,-0.02,-0.25,-0.6,-4.0,0.500007,-0.155314,-0.012895,0.0,0.0,-0.091563,-0.023378,-0.01753,-0.033813,0.820441,-0.051846,-0.118752,-0.009157,-0.029207,1.825079,4.297687,-0.100198,-0.001514,-0.45252,0.0,4.25,0.019198,0.07646,0.135335
8085,181.258667,1000.0,0.796939,0.827064,0.0,0.0,0.066363,62789.0,0.172395,0.268087,0.188249,0.371677,-0.065135,0.656603,7.230259,-0.02,-0.8,-0.02,-0.25,-0.6,-4.0,0.500007,-0.155307,-0.016058,0.0,0.0,-0.098328,-0.024387,-0.019985,-0.035553,0.807497,-0.051286,-0.127991,-0.009351,-0.032008,1.797122,4.296415,-0.108962,-0.001821,-0.420284,0.0,4.478261,0.023587,0.076722,0.144885
8086,182.167953,1000.0,0.830537,0.825768,0.0,0.0,0.066214,78322.0,0.161168,0.269154,0.192486,0.372557,-0.063696,0.671159,7.222668,-0.02,-0.8,-0.02,-0.25,-0.6,-4.0,0.500007,-0.144976,-0.016709,0.0,0.0,-0.090617,-0.023734,-0.018218,-0.03402,0.810908,-0.050536,-0.134448,-0.00869,-0.029373,1.820553,4.308148,-0.104895,-0.001662,-0.447915,0.0,4.0,0.018764,0.09499,0.129513
8087,184.243683,1000.0,0.819211,0.838256,0.0,0.0,0.066231,82083.0,0.164459,0.265216,0.174661,0.360323,-0.061904,0.654458,7.199534,-0.02,-0.8,-0.02,-0.25,-0.6,-4.0,0.500007,-0.159504,-0.014655,0.0,0.0,-0.090215,-0.023507,-0.018118,-0.034002,0.814563,-0.049642,-0.120153,-0.009175,-0.028772,1.803527,4.314821,-0.10396,-0.001825,-0.417709,0.0,4.608696,0.018537,0.099716,0.125393
8088,182.52066,1000.0,0.817856,0.834429,0.0,0.0,0.066301,78608.0,0.162209,0.268836,0.175152,0.3373,-0.060052,0.622238,7.227029,-0.02,-0.8,-0.02,-0.25,-0.6,-4.0,0.500007,-0.156628,-0.016439,0.0,0.0,-0.086629,-0.023701,-0.017914,-0.033459,0.812651,-0.048403,-0.114811,-0.008383,-0.028125,1.802643,4.320802,-0.103032,-0.002335,-0.420203,0.0,4.333333,0.019088,0.096698,0.120037
8089,185.188309,1000.0,0.807561,0.837003,0.0,0.0,0.066099,80740.0,0.165083,0.265816,0.178537,0.365965,-0.062826,0.646957,7.140053,-0.02,-0.8,-0.02,-0.25,-0.6,-4.0,0.500007,-0.157219,-0.015649,0.0,0.0,-0.091346,-0.023877,-0.0191,-0.03442,0.808424,-0.050777,-0.117614,-0.009699,-0.029423,1.801253,4.314324,-0.10667,-0.001566,-0.219847,0.0,4.217391,0.016632,0.083847,0.124332
8090,182.426727,1000.0,0.827475,0.820322,0.0,0.0,0.066147,80085.0,0.160758,0.268525,0.187843,0.357511,-0.060882,0.65912,7.175066,-0.02,-0.8,-0.02,-0.25,-0.6,-4.0,0.500007,-0.153303,-0.013481,0.0,0.0,-0.088032,-0.023215,-0.017222,-0.032067,0.815159,-0.050366,-0.117253,-0.008929,-0.0284,1.821228,4.308996,-0.099345,-0.001499,-0.572648,0.0,4.782609,0.017843,0.096881,0.139017
8091,181.813858,1000.0,0.815583,0.843193,0.0,0.0,0.066088,79180.0,0.171389,0.26691,0.189169,0.386389,-0.068798,0.668344,7.160636,-0.02,-0.8,-0.02,-0.25,-0.6,-4.0,0.500007,-0.1549,-0.019135,0.0,0.0,-0.097345,-0.025098,-0.020721,-0.036936,0.794645,-0.050817,-0.125679,-0.010089,-0.03044,1.790512,4.305378,-0.116346,-0.001854,-0.405272,0.0,4.25,0.017164,0.081135,0.115849
8092,182.83403,1000.0,0.821439,0.853654,0.0,0.0,0.065997,61227.0,0.154355,0.264244,0.175597,0.345103,-0.058109,0.633459,7.189785,-0.02,-0.8,-0.02,-0.25,-0.6,-4.0,0.500007,-0.158414,-0.013835,0.0,0.0,-0.08351,-0.022589,-0.016665,-0.031749,0.81824,-0.047587,-0.112391,-0.008665,-0.027683,1.830284,4.331932,-0.096375,-0.001848,-0.383792,0.0,5.041667,0.019876,0.085745,0.119423
8093,183.674606,1000.0,0.805984,0.830642,0.0,0.0,0.066173,79345.0,0.166241,0.267766,0.178482,0.357182,-0.060164,0.649054,7.166539,-0.02,-0.8,-0.02,-0.25,-0.6,-4.0,0.500007,-0.153411,-0.015439,0.0,0.0,-0.084401,-0.023156,-0.017692,-0.03276,0.811853,-0.049844,-0.115987,-0.009172,-0.026722,1.811211,4.309654,-0.100295,-0.001768,-0.511163,0.0,4.416667,0.02051,0.078841,0.119185
8094,182.086349,1000.0,0.821555,0.839076,0.0,0.0,0.066136,80741.0,0.162733,0.270833,0.192064,0.375795,-0.062754,0.677989,7.189417,-0.02,-0.8,-0.02,-0.25,-0.6,-4.0,0.500007,-0.150006,-0.015786,0.0,0.0,-0.089573,-0.023697,-0.018334,-0.033499,0.811923,-0.051971,-0.124792,-0.008804,-0.028286,1.818457,4.289966,-0.101951,-0.002158,-0.537619,0.0,4.652174,0.018591,0.087861,0.126595
8095,184.677017,998.280029,0.821299,0.84734,0.0,0.0,0.06611,81316.0,0.161035,0.264381,0.180848,0.380272,-0.064781,0.687475,7.17196,-0.02,-0.8,-0.02,-0.25,-0.6,-4.0,0.499254,-0.159326,-0.018158,0.0,-0.000348,-0.09429,-0.024013,-0.018996,-0.035063,0.808187,-0.049515,-0.119841,-0.009433,-0.031071,1.813165,4.30977,-0.108768,-0.001532,-0.354322,0.043478,4.913043,0.022024,0.101598,0.129032
8096,181.246475,1000.0,0.798428,0.824618,0.0,0.0,0.066165,79127.0,0.174775,0.274018,0.190328,0.395202,-0.068537,0.679562,7.209632,-0.02,-0.8,-0.02,-0.25,-0.6,-4.0,0.500007,-0.155246,-0.017531,0.0,0.0,-0.09841,-0.025059,-0.020903,-0.036671,0.798907,-0.051713,-0.126475,-0.010118,-0.030694,1.785537,4.286605,-0.115529,-0.001908,-0.474042,0.0,4.25,0.02079,0.07286,0.115643
8097,185.28804,1000.0,0.804792,0.836388,0.0,0.0,0.066054,78728.0,0.152372,0.266976,0.177994,0.332665,-0.055694,0.624251,7.216323,-0.02,-0.8,-0.02,-0.25,-0.6,-4.0,0.500007,-0.146168,-0.012811,0.0,0.0,-0.082558,-0.02237,-0.016372,-0.030786,0.83184,-0.049602,-0.118936,-0.00843,-0.028396,1.84031,4.314062,-0.091655,-0.001588,-0.318606,0.0,4.416667,0.020609,0.089877,0.130621
8098,183.424469,1000.0,0.8264,0.840715,0.0,0.0,0.065948,64425.0,0.166974,0.26922,0.174089,0.368792,-0.063974,0.658923,7.146303,-0.02,-0.8,-0.02,-0.25,-0.6,-4.0,0.500007,-0.164933,-0.014917,0.0,0.0,-0.092626,-0.023745,-0.019266,-0.034739,0.811734,-0.049829,-0.121367,-0.009452,-0.029872,1.798374,4.308751,-0.10653,-0.001818,-0.367575,0.0,4.454545,0.019422,0.086924,0.120665
8099,184.733017,1000.0,0.821297,0.828336,0.0,0.0,0.065857,82540.0,0.166166,0.267479,0.186141,0.360486,-0.063212,0.636148,7.212765,-0.02,-0.8,-0.02,-0.25,-0.6,-4.0,0.500007,-0.155695,-0.015234,0.0,0.0,-0.090959,-0.023381,-0.018566,-0.033764,0.81056,-0.049005,-0.121313,-0.009205,-0.02881,1.802958,4.316652,-0.10432,-0.001897,-0.32385,0.0,4.545455,0.018803,0.086211,0.12719
8100,184.073135,1000.0,0.79559,0.839716,0.0,0.0,0.065833,78198.0,0.165812,0.266392,0.186488,0.373815,-0.066728,0.682826,7.22158,-0.02,-0.8,-0.02,-0.25,-0.6,-4.0,0.500007,-0.16095,-0.016184,0.0,0.0,-0.09367,-0.024143,-0.019968,-0.035077,0.814673,-0.051841,-0.124549,-0.01032,-0.031365,1.812814,4.29844,-0.108628,-0.002588,-0.436431,0.0,3.375,0.023355,0.083839,0.152342
8101,183.932861,1000.0,0.817412,0.833137,0.0,0.0,0.065724,79554.0,0.158325,0.26463,0.178925,0.371494,-0.060596,0.691929,7.210878,-0.02,-0.8,-0.02,-0.25,-0.6,-4.0,0.500007,-0.159352,-0.013576,0.0,0.0,-0.086268,-0.022849,-0.018417,-0.032652,0.820808,-0.049898,-0.119761,-0.009833,-0.028702,1.823885,4.31038,-0.100138,-0.002442,-0.445979,0.0,4.375,0.018754,0.092353,0.123587
8102,182.037537,1000.0,0.82125,0.836947,0.0,0.0,0.065634,77053.0,0.147386,0.267971,0.179931,0.316708,-0.053032,0.60491,7.216476,-0.02,-0.8,-0.02,-0.25,-0.6,-4.0,0.500007,-0.144332,-0.011228,0.0,0.0,-0.075373,-0.021714,-0.0147,-0.028388,0.837309,-0.048653,-0.114262,-0.008324,-0.026796,1.849149,4.323685,-0.086503,-0.001481,-0.411596,0.0,4.416667,0.018388,0.088206,0.147789
8103,185.192703,1000.0,0.805716,0.848901,0.0,0.0,0.065639,75717.0,0.157281,0.263205,0.178861,0.366164,-0.060289,0.647712,7.14733,-0.02,-0.8,-0.02,-0.25,-0.6,-4.0,0.500007,-0.15893,-0.015277,0.0,0.0,-0.082838,-0.022927,-0.018338,-0.032173,0.812217,-0.048484,-0.116763,-0.00986,-0.02485,1.822458,4.331217,-0.10125,-0.001726,-0.374695,0.0,4.5,0.021434,0.082118,0.126056
8104,183.649628,1000.0,0.822592,0.836757,0.0,0.0,0.065624,78110.0,0.160072,0.259923,0.181108,0.359041,-0.059652,0.64979,7.162264,-0.02,-0.8,-0.02,-0.25,-0.6,-4.0,0.500007,-0.152074,-0.016613,0.0,0.0,-0.084554,-0.02262,-0.017087,-0.031774,0.80701,-0.047949,-0.114854,-0.00827,-0.02634,1.820172,4.341346,-0.097874,-0.001941,-0.50792,0.0,4.375,0.01868,0.080514,0.137021
8105,183.21106,996.130005,0.817939,0.821784,0.0,0.0,0.065615,59467.0,0.161391,0.262094,0.180407,0.360512,-0.059834,0.675119,7.11775,-0.02,-0.8,-0.02,-0.25,-0.6,-4.0,0.497986,-0.159826,-0.012451,0.0,-0.000417,-0.082701,-0.022574,-0.016967,-0.030473,0.818813,-0.049544,-0.114325,-0.009223,-0.026489,1.802259,4.305896,-0.096296,-0.001728,-0.432652,0.041667,4.166667,0.020197,0.087657,0.149356
8106,179.948547,1000.0,0.787343,0.813654,0.0,0.0,0.065622,78102.0,0.165761,0.271972,0.19135,0.365854,-0.062059,0.656861,7.135868,-0.02,-0.8,-0.02,-0.25,-0.6,-4.0,0.500007,-0.146697,-0.015551,0.0,0.0,-0.090406,-0.023599,-0.017678,-0.033215,0.815339,-0.050369,-0.124632,-0.008644,-0.030348,1.809049,4.299961,-0.102593,-0.001793,-0.56385,0.0,4.208333,0.019732,0.089465,0.143881
8107,183.203415,1000.0,0.813024,0.823516,0.0,0.0,0.06557,78139.0,0.166136,0.272862,0.187393,0.393742,-0.065432,0.703679,7.162865,-0.02,-0.8,-0.02,-0.25,-0.6,-4.0,0.500007,-0.157632,-0.015,0.0,0.0,-0.092457,-0.023743,-0.019243,-0.034402,0.805108,-0.051782,-0.126342,-0.010148,-0.029954,1.808757,4.292524,-0.107202,-0.002114,-0.515129,0.0,3.913043,0.023616,0.091202,0.137031
8108,183.566406,1000.0,0.816966,0.839015,0.0,0.0,0.065513,74380.0,0.153877,0.267146,0.184706,0.362287,-0.062229,0.669826,7.158371,-0.02,-0.8,-0.02,-0.25,-0.6,-4.0,0.500007,-0.154238,-0.016656,0.0,0.0,-0.088482,-0.023377,-0.01776,-0.033058,0.816525,-0.049121,-0.115121,-0.008468,-0.029731,1.83573,4.319755,-0.102022,-0.002057,-0.410746,0.0,5.0,0.021523,0.066019,0.116971
8109,183.845825,1000.0,0.81604,0.832692,0.0,0.0,0.065511,78832.0,0.160936,0.27299,0.174245,0.34448,-0.060684,0.634893,7.138888,-0.02,-0.8,-0.02,-0.25,-0.6,-4.0,0.500007,-0.155068,-0.014289,0.0,0.0,-0.086948,-0.023169,-0.017498,-0.03277,0.824963,-0.050559,-0.118429,-0.009704,-0.030547,1.818072,4.299455,-0.100861,-0.001573,-0.418705,0.0,3.913043,0.015429,0.074406,0.120677
8110,187.045944,1000.0,0.82365,0.831057,0.0,0.0,0.065374,78627.0,0.154358,0.262442,0.180711,0.350342,-0.059665,0.659376,7.127804,-0.02,-0.8,-0.02,-0.25,-0.6,-4.0,0.500007,-0.15929,-0.01301,0.0,0.0,-0.085254,-0.022528,-0.016904,-0.031402,0.82128,-0.049046,-0.116885,-0.008889,-0.027878,1.82927,4.325513,-0.096052,-0.001734,-0.288791,0.0,4.565217,0.022773,0.09199,0.146873
8111,185.13353,1000.0,0.842879,0.828538,0.0,0.0,0.065447,58501.0,0.160055,0.2639,0.179725,0.351373,-0.060749,0.622166,7.133968,-0.02,-0.8,-0.02,-0.25,-0.6,-4.0,0.500007,-0.15363,-0.012978,0.0,0.0,-0.084029,-0.02286,-0.017264,-0.031424,0.821621,-0.048112,-0.111325,-0.008541,-0.02669,1.814884,4.331315,-0.100054,-0.001744,-0.370906,0.0,4.458333,0.015035,0.089208,0.131438
8112,183.320358,1000.0,0.808927,0.839609,0.0,0.0,0.065656,76151.0,0.163343,0.269487,0.187588,0.361685,-0.062865,0.650366,7.094786,-0.02,-0.8,-0.02,-0.25,-0.6,-4.0,0.500007,-0.1473,-0.015393,0.0,0.0,-0.092872,-0.023649,-0.018764,-0.033722,0.817718,-0.051989,-0.123012,-0.009084,-0.030642,1.810952,4.295467,-0.104334,-0.001606,-0.441313,0.0,4.130435,0.022354,0.08542,0.129657
8113,180.859604,1000.0,0.800387,0.841299,0.0,0.0,0.065688,76112.0,0.15923,0.266571,0.177171,0.356177,-0.0648,0.632957,7.137765,-0.02,-0.8,-0.02,-0.25,-0.6,-4.0,0.500007,-0.152,-0.018699,0.0,0.0,-0.092464,-0.023954,-0.019208,-0.03512,0.809669,-0.047985,-0.121176,-0.009365,-0.031974,1.81923,4.32755,-0.108786,-0.002975,-0.534818,0.0,3.791667,0.020997,0.077243,0.134497
8114,183.395538,1000.0,0.803783,0.849263,0.0,0.0,0.06584,80634.0,0.152587,0.269457,0.179819,0.364908,-0.061855,0.65212,7.120803,-0.02,-0.8,-0.02,-0.25,-0.6,-4.0,0.500007,-0.157795,-0.014914,0.0,0.0,-0.084822,-0.023241,-0.01839,-0.032109,0.811396,-0.048887,-0.115579,-0.009852,-0.027944,1.832151,4.318038,-0.103012,-0.001833,-0.427432,0.0,4.0,0.017558,0.089816,0.122896
8115,178.697021,1000.0,0.807516,0.829277,0.0,0.0,0.065966,77203.0,0.160467,0.275511,0.19252,0.364902,-0.06328,0.662815,7.112264,-0.02,-0.8,-0.02,-0.25,-0.6,-4.0,0.500007,-0.146398,-0.013982,0.0,0.0,-0.090421,-0.023319,-0.017708,-0.033311,0.815704,-0.051659,-0.124142,-0.009067,-0.02951,1.815029,4.289783,-0.102013,-0.001932,-0.531221,0.0,4.521739,0.019443,0.062842,0.124634
8116,182.882217,1000.0,0.814693,0.814445,0.0,0.0,0.066053,74597.0,0.160502,0.275799,0.185818,0.363808,-0.064818,0.654009,7.164094,-0.02,-0.8,-0.02,-0.25,-0.6,-4.0,0.500007,-0.15649,-0.01572,0.0,0.0,-0.089399,-0.023846,-0.018819,-0.033677,0.810114,-0.050532,-0.118347,-0.01001,-0.029475,1.813725,4.300755,-0.104512,-0.002496,-0.461142,0.0,4.625,0.018573,0.092583,0.147934
8117,180.322388,1000.0,0.818132,0.833318,0.0,0.0,0.0662,53883.0,0.17416,0.270159,0.190235,0.382467,-0.065832,0.667942,7.092697,-0.02,-0.8,-0.02,-0.25,-0.6,-4.0,0.500007,-0.151626,-0.017899,0.0,0.0,-0.096662,-0.024053,-0.019166,-0.035416,0.80748,-0.051275,-0.123929,-0.008912,-0.03098,1.785423,4.29513,-0.109518,-0.002077,-0.533231,0.0,4.826087,0.022034,0.083441,0.154808
8118,181.122208,998.719971,0.79939,0.81723,0.0,0.0,0.066263,76786.0,0.156734,0.267826,0.185263,0.355849,-0.060982,0.651308,7.133133,-0.02,-0.8,-0.02,-0.25,-0.6,-4.0,0.499469,-0.150506,-0.014888,0.0,-0.000333,-0.084512,-0.022999,-0.016935,-0.032008,0.813216,-0.049337,-0.11393,-0.007975,-0.027839,1.827682,4.314456,-0.09927,-0.001473,-0.447559,0.041667,4.083333,0.021604,0.087109,0.142554
8119,185.610947,1000.0,0.826656,0.837842,0.0,0.0,0.066271,77863.0,0.156163,0.266452,0.190716,0.349644,-0.060985,0.618795,7.133902,-0.02,-0.8,-0.02,-0.25,-0.6,-4.0,0.500007,-0.151798,-0.014706,0.0,0.0,-0.083876,-0.022817,-0.01742,-0.031334,0.818712,-0.04866,-0.112678,-0.008493,-0.027256,1.829435,4.324243,-0.098403,-0.001765,-0.332459,0.0,4.916667,0.018443,0.082775,0.125955
8120,183.448105,1000.0,0.81816,0.839602,0.0,0.0,0.066372,77419.0,0.161466,0.266694,0.168394,0.348662,-0.06118,0.617266,7.116962,-0.02,-0.8,-0.02,-0.25,-0.6,-4.0,0.500007,-0.159833,-0.015384,0.0,0.0,-0.089687,-0.023081,-0.018131,-0.032945,0.818754,-0.048525,-0.117479,-0.00939,-0.031213,1.814051,4.323164,-0.102466,-0.002504,-0.382244,0.0,4.416667,0.020474,0.084447,0.152144
8121,183.094223,990.340027,0.801293,0.823269,0.041667,0.0,0.066465,79071.0,0.157914,0.266111,0.178086,0.349194,-0.06063,0.652766,7.135166,-0.02,-0.8,-0.02,-0.25,-0.6,-4.0,0.497129,-0.15068,-0.012735,0.0,-0.000238,-0.085704,-0.022774,-0.017167,-0.032588,0.821796,-0.050943,-0.120869,-0.009,-0.028037,1.81302,4.280116,-0.097346,-0.001759,-0.440639,0.0,4.708333,0.021011,0.082925,0.135091
8122,185.328873,1000.0,0.806458,0.834179,0.0,0.0,0.066478,82115.0,0.160791,0.271406,0.1852,0.373975,-0.064279,0.658167,7.1655,-0.02,-0.8,-0.02,-0.25,-0.6,-4.0,0.500007,-0.150863,-0.016821,0.0,0.0,-0.093007,-0.023576,-0.018827,-0.034148,0.816527,-0.051575,-0.124317,-0.010447,-0.030866,1.825219,4.294361,-0.104604,-0.001673,-0.29322,0.0,35.217392,0.019904,0.074504,0.120096
8123,184.103867,1000.0,0.817959,0.828904,0.0,0.0,0.066581,79922.0,0.150923,0.265775,0.170305,0.33752,-0.058362,0.607093,7.169015,-0.02,-0.8,-0.02,-0.25,-0.6,-4.0,0.500007,-0.151325,-0.014651,0.0,0.0,-0.083704,-0.022747,-0.017092,-0.031791,0.819096,-0.048959,-0.118464,-0.009117,-0.028307,1.840176,4.324554,-0.097534,-0.001965,-0.416461,0.0,4.869565,0.019584,0.088887,0.135104
8124,180.971939,991.210022,0.806918,0.839276,0.0,0.0,0.066578,60242.0,0.168547,0.269912,0.189252,0.357335,-0.061334,0.632192,7.154648,-0.02,-0.8,-0.02,-0.25,-0.6,-4.0,0.496951,-0.143094,-0.013896,0.0,-0.000278,-0.090712,-0.023152,-0.017366,-0.032581,0.820599,-0.050272,-0.12693,-0.008535,-0.030243,1.788206,4.282112,-0.101601,-0.001843,-0.425228,0.041667,3.583333,0.020562,0.089972,0.12134
8125,182.152939,1000.0,0.805361,0.830301,0.0,0.0,0.066576,78725.0,0.171421,0.269989,0.190477,0.383852,-0.063167,0.684854,7.165905,-0.02,-0.8,-0.02,-0.25,-0.6,-4.0,0.500007,-0.14928,-0.014679,0.0,0.0,-0.09231,-0.023442,-0.018074,-0.033781,0.822344,-0.051098,-0.121525,-0.008895,-0.031365,1.788033,4.297478,-0.103357,-0.002838,-0.463439,0.0,4.208333,0.018713,0.089998,0.133009
8126,184.381439,1000.0,0.801906,0.838228,0.0,0.0,0.066594,77567.0,0.159798,0.262287,0.181519,0.337699,-0.059362,0.624672,7.116153,-0.02,-0.8,-0.02,-0.25,-0.6,-4.0,0.500007,-0.153351,-0.013143,0.0,0.0,-0.083622,-0.022799,-0.017206,-0.031541,0.822286,-0.048166,-0.11187,-0.007944,-0.027747,1.820373,4.330733,-0.097673,-0.001833,-0.274372,0.0,4.375,0.018692,0.078447,0.126784
8127,183.365601,1000.0,0.824351,0.84852,0.0,0.0,0.066538,80882.0,0.159148,0.271865,0.1825,0.36929,-0.063141,0.661251,7.140262,-0.02,-0.8,-0.02,-0.25,-0.6,-4.0,0.500007,-0.155022,-0.01562,0.0,0.0,-0.088911,-0.023749,-0.019009,-0.033791,0.815179,-0.050213,-0.116061,-0.009695,-0.028672,1.821883,4.30161,-0.105041,-0.001725,-0.452615,0.0,4.086957,0.021388,0.091402,0.135835
8128,181.5867,1000.0,0.808171,0.830568,0.0,0.0,0.066398,79947.0,0.151543,0.261172,0.177591,0.347022,-0.059242,0.626965,7.16539,-0.02,-0.8,-0.02,-0.25,-0.6,-4.0,0.500007,-0.14588,-0.014338,0.0,0.0,-0.082098,-0.022872,-0.017121,-0.032439,0.816335,-0.04859,-0.116792,-0.008851,-0.028089,1.839015,4.331211,-0.097414,-0.002146,-0.456441,0.0,4.375,0.020138,0.084324,0.131325
8129,186.498444,1000.0,0.810744,0.828399,0.0,0.0,0.066297,79354.0,0.155625,0.264057,0.184199,0.351372,-0.057481,0.649431,7.208444,-0.02,-0.8,-0.02,-0.25,-0.6,-4.0,0.500007,-0.147271,-0.013394,0.0,0.0,-0.081734,-0.022116,-0.016506,-0.0303,0.826422,-0.048483,-0.113563,-0.00863,-0.028743,1.827171,4.324068,-0.093237,-0.001874,-0.322739,0.0,4.217391,0.019349,0.077942,0.123183
8130,183.36792,1000.0,0.793944,0.829917,0.0,0.0,0.066216,59536.0,0.149038,0.263422,0.18212,0.339813,-0.0568,0.645507,7.146175,-0.02,-0.8,-0.02,-0.25,-0.6,-4.0,0.500007,-0.152627,-0.013391,0.0,0.0,-0.082499,-0.022046,-0.016117,-0.030087,0.829826,-0.049217,-0.115765,-0.007978,-0.027365,1.848573,4.322505,-0.092043,-0.00193,-0.48598,0.0,4.416667,0.021114,0.084017,0.126511
8131,179.116928,1000.0,0.79486,0.829323,0.0,0.0,0.066165,80487.0,0.167998,0.266064,0.188394,0.398347,-0.064144,0.695753,7.109205,-0.02,-0.8,-0.02,-0.25,-0.6,-4.0,0.500007,-0.156001,-0.015507,0.0,0.0,-0.088406,-0.02335,-0.018962,-0.033656,0.807913,-0.049354,-0.116508,-0.009334,-0.028093,1.794348,4.314792,-0.105386,-0.002838,-0.641287,0.0,4.565217,0.021231,0.08189,0.141916
8132,181.068161,993.169983,0.813434,0.835021,0.043478,0.0,0.066119,80917.0,0.161619,0.267718,0.167713,0.337063,-0.057287,0.617548,7.118614,-0.02,-0.8,-0.02,-0.25,-0.6,-4.0,0.497882,-0.152513,-0.013921,0.0,-0.000248,-0.081414,-0.022215,-0.016223,-0.030922,0.817647,-0.050185,-0.118946,-0.009441,-0.027681,1.815393,4.289701,-0.092607,-0.001495,-0.36536,0.043478,4.782609,0.022805,0.098183,0.125022
8133,185.234406,1000.0,0.797131,0.822562,0.0,0.0,0.066137,75287.0,0.169291,0.275076,0.182962,0.35926,-0.062467,0.638163,7.113321,-0.02,-0.8,-0.02,-0.25,-0.6,-4.0,0.500007,-0.144749,-0.015619,0.0,0.0,-0.08946,-0.023724,-0.017935,-0.033993,0.815775,-0.051771,-0.126879,-0.009592,-0.031064,1.801158,4.288024,-0.100914,-0.001946,-0.278626,0.0,4.541667,0.01884,0.086433,0.153171
8134,185.850708,1000.0,0.806307,0.828293,0.0,0.0,0.066075,79162.0,0.159968,0.267295,0.192459,0.361457,-0.063339,0.649686,7.112579,-0.02,-0.8,-0.02,-0.25,-0.6,-4.0,0.500007,-0.14601,-0.015484,0.0,0.0,-0.092183,-0.023303,-0.017582,-0.033231,0.823686,-0.04925,-0.119699,-0.008301,-0.030723,1.826101,4.315779,-0.101514,-0.003424,-0.309324,0.0,4.5,0.017598,0.077362,0.123573
8135,183.751083,1000.0,0.807284,0.831636,0.0,0.0,0.066086,78350.0,0.158034,0.263636,0.181034,0.363815,-0.061872,0.666517,7.121113,-0.02,-0.8,-0.02,-0.25,-0.6,-4.0,0.500007,-0.155411,-0.013474,0.0,0.0,-0.088096,-0.022853,-0.017542,-0.032519,0.823432,-0.049834,-0.118061,-0.009106,-0.029503,1.81971,4.314912,-0.099837,-0.00174,-0.45559,0.0,4.791667,0.018562,0.075943,0.131996
8136,186.404221,1000.0,0.814703,0.840247,0.0,0.0,0.066084,77529.0,0.161998,0.267379,0.190796,0.387213,-0.069959,0.671057,7.139705,-0.02,-0.8,-0.02,-0.25,-0.6,-4.0,0.500007,-0.154462,-0.018731,0.0,0.0,-0.096619,-0.024896,-0.021733,-0.036504,0.800463,-0.051784,-0.125462,-0.009917,-0.031987,1.820339,4.296834,-0.114684,-0.001944,-0.303345,0.0,4.695652,0.019627,0.076742,0.121366
8137,180.739197,1000.0,0.824375,0.83114,0.0,0.0,0.066064,59714.0,0.161859,0.265988,0.182053,0.369783,-0.065139,0.671562,7.18263,-0.02,-0.8,-0.02,-0.25,-0.6,-4.0,0.500007,-0.15921,-0.015525,0.0,0.0,-0.088524,-0.02332,-0.018192,-0.03326,0.812829,-0.049354,-0.111929,-0.009079,-0.027776,1.814156,4.318383,-0.104074,-0.002039,-0.53604,0.0,4.478261,0.017896,0.083112,0.139611
8138,184.336197,1000.0,0.853748,0.838701,0.0,0.0,0.066039,77535.0,0.153067,0.262539,0.168932,0.320198,-0.056552,0.600194,7.178596,-0.02,-0.8,-0.02,-0.25,-0.6,-4.0,0.500007,-0.156847,-0.011814,0.0,0.0,-0.07866,-0.022069,-0.015412,-0.029543,0.823378,-0.047516,-0.10754,-0.008484,-0.025494,1.836889,4.338274,-0.090958,-0.00153,-0.398469,0.0,4.083333,0.01702,0.086379,0.119464
8139,183.833206,1000.0,0.814342,0.826913,0.0,0.0,0.065998,76277.0,0.149167,0.260827,0.176824,0.3462,-0.057737,0.641711,7.204509,-0.02,-0.8,-0.02,-0.25,-0.6,-4.0,0.500007,-0.148372,-0.013135,0.0,0.0,-0.081179,-0.022152,-0.01595,-0.030618,0.824694,-0.04559,-0.11178,-0.00831,-0.027412,1.842304,4.358216,-0.094259,-0.002169,-0.51076,0.0,5.136364,0.021527,0.091833,0.137994
8140,183.887146,1000.0,0.784528,0.828311,0.0,0.0,0.065987,80269.0,0.162186,0.262996,0.189549,0.382542,-0.062647,0.686163,7.205482,-0.02,-0.8,-0.02,-0.25,-0.6,-4.0,0.500007,-0.157084,-0.015343,0.0,0.0,-0.087527,-0.022829,-0.017917,-0.031666,0.818373,-0.050075,-0.118135,-0.009415,-0.029196,1.816368,4.316313,-0.10083,-0.001804,-0.387464,0.0,4.25,0.019929,0.087719,0.132398
8141,179.199402,1000.0,0.830257,0.841621,0.0,0.0,0.06608,77877.0,0.156123,0.264961,0.175126,0.349063,-0.060463,0.640042,7.170436,-0.02,-0.8,-0.02,-0.25,-0.6,-4.0,0.500007,-0.162549,-0.012842,0.0,0.0,-0.085308,-0.022514,-0.016901,-0.031659,0.825714,-0.048988,-0.109113,-0.008569,-0.028166,1.825437,4.322258,-0.096701,-0.001727,-0.785017,0.0,4.090909,0.020376,0.078958,0.141377
8142,179.644379,1000.0,0.826362,0.843886,0.0,0.0,0.066077,79299.0,0.155895,0.266814,0.175051,0.340533,-0.059342,0.624008,7.218303,-0.02,-0.8,-0.02,-0.25,-0.6,-4.0,0.500007,-0.150146,-0.013138,0.0,0.0,-0.081755,-0.022612,-0.01697,-0.031802,0.821229,-0.048598,-0.117757,-0.008594,-0.027902,1.818099,4.327827,-0.095685,-0.001572,-0.517958,0.0,3.583333,0.021933,0.079141,0.13891
8143,180.157913,1000.0,0.813303,0.834736,0.0,0.0,0.0663,58471.0,0.156424,0.270256,0.180492,0.359172,-0.062906,0.665605,7.212669,-0.02,-0.8,-0.02,-0.25,-0.6,-4.0,0.500007,-0.1576,-0.014164,0.0,0.0,-0.086622,-0.023204,-0.017508,-0.032531,0.819615,-0.049602,-0.115697,-0.009183,-0.029419,1.82917,4.315297,-0.10074,-0.002003,-0.546037,0.0,4.791667,0.019013,0.079304,0.120166
8144,183.153763,1000.0,0.804731,0.83326,0.0,0.0,0.066158,76760.0,0.158528,0.268823,0.182724,0.362947,-0.063731,0.658291,7.216024,-0.02,-0.8,-0.02,-0.25,-0.6,-4.0,0.500007,-0.153017,-0.017081,0.0,0.0,-0.091644,-0.023596,-0.018343,-0.033663,0.818673,-0.04954,-0.117794,-0.009584,-0.030998,1.828233,4.311958,-0.103001,-0.002203,-0.429918,0.0,4.291667,0.020631,0.078065,0.133305
8145,183.398529,1000.0,0.830739,0.840764,0.0,0.0,0.066108,77224.0,0.163183,0.261651,0.179831,0.360577,-0.063866,0.66259,7.178375,-0.02,-0.8,-0.02,-0.25,-0.6,-4.0,0.500007,-0.14992,-0.01519,0.0,0.0,-0.092665,-0.023132,-0.017823,-0.034229,0.825682,-0.047749,-0.117181,-0.009076,-0.032171,1.812373,4.339211,-0.101698,-0.002353,-0.450207,0.0,3.958333,0.020348,0.084833,0.119685
8146,186.412476,1000.0,0.824979,0.827663,0.0,0.0,0.066018,78498.0,0.153051,0.264783,0.19576,0.359956,-0.062008,0.677594,7.259304,-0.02,-0.8,-0.02,-0.25,-0.6,-4.0,0.500007,-0.148951,-0.012191,0.0,0.0,-0.082237,-0.022513,-0.016288,-0.030507,0.828681,-0.049514,-0.112531,-0.008435,-0.02729,1.839488,4.320754,-0.095219,-0.001738,-0.40034,0.0,4.541667,0.0179,0.077364,0.125034
8147,182.3004,1000.0,0.821162,0.827584,0.0,0.0,0.065956,77372.0,0.162961,0.267309,0.182719,0.360386,-0.062969,0.654463,7.227342,-0.02,-0.8,-0.02,-0.25,-0.6,-4.0,0.500007,-0.158366,-0.015079,0.0,0.0,-0.088685,-0.023193,-0.017496,-0.032845,0.817586,-0.049248,-0.115467,-0.009338,-0.029557,1.810202,4.320868,-0.101482,-0.002053,-0.458354,0.0,4.458333,0.016768,0.071686,0.131172
8148,178.117294,1000.0,0.806361,0.840626,0.0,0.0,0.065781,77830.0,0.174859,0.266502,0.167145,0.360965,-0.062605,0.60512,7.202493,-0.02,-0.8,-0.02,-0.25,-0.6,-4.0,0.500007,-0.163455,-0.014881,0.0,0.0,-0.089939,-0.023572,-0.018901,-0.033707,0.804928,-0.049577,-0.112839,-0.010261,-0.029803,1.768996,4.317419,-0.10501,-0.001773,-0.392818,0.0,3.916667,0.021203,0.086622,0.128057
8149,184.208984,1000.0,0.839718,0.833883,0.0,0.0,0.065773,59628.0,0.152363,0.267165,0.186657,0.353939,-0.060858,0.659159,7.170368,-0.02,-0.8,-0.02,-0.25,-0.6,-4.0,0.500007,-0.153527,-0.013552,0.0,0.0,-0.084401,-0.022605,-0.016679,-0.030614,0.813258,-0.048802,-0.115218,-0.008819,-0.027943,1.842372,4.321709,-0.094445,-0.001421,-0.452806,0.0,4.086957,0.019499,0.085405,0.133196
8150,185.959641,997.409973,0.819666,0.822507,0.0,0.0,0.065877,80551.0,0.154953,0.262407,0.173397,0.346821,-0.060847,0.624987,7.148162,-0.02,-0.8,-0.02,-0.25,-0.6,-4.0,0.497181,-0.152709,-0.013168,0.0,-0.00087,-0.086076,-0.022957,-0.017688,-0.032314,0.81314,-0.049671,-0.114398,-0.008679,-0.028587,1.815484,4.298203,-0.099745,-0.001771,-0.266162,0.043478,4.869565,0.018413,0.093464,0.137248
8151,180.196915,1000.0,0.815385,0.837032,0.0,0.0,0.065835,79327.0,0.161989,0.283507,0.160208,0.342011,-0.060791,0.609355,7.214444,-0.02,-0.8,-0.02,-0.25,-0.6,-4.0,0.500007,-0.163786,-0.015202,0.0,0.0,-0.084312,-0.023348,-0.018168,-0.032417,0.804703,-0.0498,-0.114126,-0.010099,-0.029382,1.804832,4.285875,-0.102449,-0.001845,-0.502335,0.0,4.416667,0.019635,0.075081,0.13852
8152,180.875092,1000.0,0.819821,0.833311,0.0,0.0,0.065965,81026.0,0.152143,0.263527,0.165923,0.357496,-0.061239,0.633074,7.191822,-0.02,-0.8,-0.02,-0.25,-0.6,-4.0,0.500007,-0.162805,-0.014262,0.0,0.0,-0.088915,-0.022932,-0.017376,-0.032127,0.812681,-0.047792,-0.113469,-0.008804,-0.029867,1.829073,4.33263,-0.100621,-0.002114,-0.483692,0.0,4.521739,0.021299,0.075089,0.127857
8153,181.076019,1000.0,0.814985,0.825564,0.0,0.0,0.066085,76727.0,0.172035,0.269657,0.183906,0.368646,-0.064438,0.655837,7.224505,-0.02,-0.8,-0.02,-0.25,-0.6,-4.0,0.500007,-0.151876,-0.01614,0.0,0.0,-0.092987,-0.023609,-0.018407,-0.033839,0.811098,-0.05136,-0.118367,-0.009542,-0.031505,1.803434,4.300252,-0.104036,-0.002311,-0.473499,0.0,4.166667,0.022811,0.102038,0.132153
8154,185.13269,1000.0,0.82482,0.828759,0.0,0.0,0.066027,79196.0,0.149731,0.258644,0.168184,0.319859,-0.057206,0.582762,7.18505,-0.02,-0.8,-0.02,-0.25,-0.6,-4.0,0.500007,-0.147704,-0.013789,0.0,0.0,-0.081209,-0.022356,-0.016424,-0.031324,0.819995,-0.047443,-0.11353,-0.008862,-0.027887,1.836935,4.342689,-0.093831,-0.001212,-0.273651,0.0,3.913043,0.018558,0.086015,0.123799
8155,183.356232,1000.0,0.826702,0.845746,0.0,0.0,0.066082,78879.0,0.164993,0.268725,0.179207,0.365204,-0.063303,0.662668,7.188046,-0.02,-0.8,-0.02,-0.25,-0.6,-4.0,0.500007,-0.157346,-0.013734,0.0,0.0,-0.090136,-0.023444,-0.018325,-0.032907,0.81464,-0.050348,-0.119889,-0.009197,-0.029808,1.808043,4.309767,-0.102617,-0.001734,-0.393248,0.0,3.958333,0.019421,0.076384,0.129454
8156,184.100616,1000.0,0.84397,0.833882,0.0,0.0,0.066045,64005.0,0.153831,0.26187,0.190338,0.365401,-0.063045,0.658599,7.193067,-0.02,-0.8,-0.02,-0.25,-0.6,-4.0,0.500007,-0.147111,-0.014391,0.0,0.0,-0.086649,-0.022728,-0.017236,-0.031717,0.813855,-0.049084,-0.116161,-0.008684,-0.028159,1.834666,4.325407,-0.098596,-0.001718,-0.318756,0.0,4.5,0.017517,0.082278,0.136124
8157,184.110535,1000.0,0.828302,0.835783,0.0,0.0,0.066127,78706.0,0.172359,0.264802,0.184404,0.367504,-0.068895,0.634309,7.208079,-0.02,-0.8,-0.02,-0.25,-0.6,-4.0,0.500007,-0.151164,-0.016416,0.0,0.0,-0.092363,-0.024313,-0.01885,-0.035431,0.804043,-0.050929,-0.120129,-0.009103,-0.031056,1.789178,4.308521,-0.110504,-0.001449,-0.348995,0.0,4.5,0.020791,0.088515,0.123431
8158,185.483994,1000.0,0.809957,0.830598,0.0,0.0,0.06623,76010.0,0.156087,0.271818,0.184557,0.359896,-0.064381,0.645085,7.180152,-0.02,-0.8,-0.02,-0.25,-0.6,-4.0,0.500007,-0.157543,-0.015416,0.0,0.0,-0.089124,-0.023085,-0.017717,-0.03304,0.817445,-0.051346,-0.113491,-0.009332,-0.029372,1.8304,4.297375,-0.100146,-0.001266,-0.293553,0.0,4.5,0.020514,0.076233,0.138407
8159,185.503159,1000.0,0.826847,0.821871,0.0,0.0,0.066465,80039.0,0.151305,0.265958,0.187728,0.35463,-0.060959,0.659333,7.18364,-0.02,-0.8,-0.02,-0.25,-0.6,-4.0,0.500007,-0.150658,-0.012628,0.0,0.0,-0.085394,-0.022469,-0.016482,-0.031565,0.819813,-0.048586,-0.117335,-0.008787,-0.028852,1.845319,4.325957,-0.095009,-0.001559,-0.41302,0.0,4.73913,0.018244,0.091482,0.152023
8160,184.031342,1000.0,0.830432,0.845143,0.0,0.0,0.066571,77099.0,0.155985,0.265931,0.185067,0.374272,-0.064221,0.68296,7.156041,-0.02,-0.8,-0.02,-0.25,-0.6,-4.0,0.500007,-0.150519,-0.018358,0.0,0.0,-0.085532,-0.023333,-0.01814,-0.032939,0.816254,-0.049782,-0.120691,-0.008454,-0.028737,1.834105,4.313259,-0.101463,-0.001537,-0.517346,0.0,4.25,0.020609,0.09661,0.129976
8161,184.632431,994.150024,0.815974,0.827814,0.0,0.0,0.066648,77628.0,0.153796,0.262079,0.181992,0.361427,-0.06102,0.649487,7.151117,-0.02,-0.8,-0.02,-0.25,-0.6,-4.0,0.498263,-0.148855,-0.014852,0.0,-0.000238,-0.086967,-0.022745,-0.017366,-0.032441,0.815162,-0.048452,-0.114229,-0.009592,-0.030412,1.825625,4.314124,-0.0986,-0.001961,-0.292401,0.041667,4.5,0.022498,0.083007,0.151362
8162,180.326813,1000.0,0.812783,0.831209,0.0,0.0,0.066512,59661.0,0.157619,0.267292,0.180151,0.333281,-0.059407,0.615465,7.172927,-0.02,-0.8,-0.02,-0.25,-0.6,-4.0,0.500007,-0.146137,-0.014072,0.0,0.0,-0.08408,-0.022826,-0.01695,-0.032164,0.825464,-0.05037,-0.120635,-0.008518,-0.028594,1.834924,4.311374,-0.095274,-0.001265,-0.438032,0.0,4.583333,0.019668,0.087472,0.153914
8163,182.675217,1000.0,0.833807,0.848898,0.0,0.0,0.066547,78645.0,0.166638,0.271664,0.18052,0.363084,-0.063341,0.644122,7.201856,-0.02,-0.8,-0.02,-0.25,-0.6,-4.0,0.500007,-0.153554,-0.015049,0.0,0.0,-0.085961,-0.023475,-0.01807,-0.03293,0.812323,-0.052059,-0.117244,-0.009315,-0.029132,1.800059,4.290692,-0.101502,-0.00168,-0.476301,0.0,34.666668,0.017792,0.088642,0.136146
8164,182.439667,1000.0,0.825279,0.852073,0.0,0.0,0.066446,78885.0,0.164123,0.271118,0.178684,0.377414,-0.067554,0.675751,7.127541,-0.02,-0.8,-0.02,-0.25,-0.6,-4.0,0.500007,-0.1623,-0.014639,0.0,0.0,-0.09596,-0.023791,-0.018884,-0.035088,0.809501,-0.051396,-0.118715,-0.010575,-0.032591,1.807156,4.293504,-0.106047,-0.002043,-0.443798,0.0,3.909091,0.017191,0.07667,0.128982
8165,183.874191,1000.0,0.834815,0.821008,0.0,0.0,0.066362,79853.0,0.160815,0.258226,0.182531,0.354209,-0.063219,0.634991,7.186233,-0.02,-0.8,-0.02,-0.25,-0.6,-4.0,0.500007,-0.147962,-0.015385,0.0,0.0,-0.090306,-0.023738,-0.018214,-0.033723,0.821535,-0.048451,-0.115327,-0.008573,-0.030406,1.819192,4.331531,-0.102599,-0.001871,-0.517973,0.0,4.458333,0.019353,0.082317,0.134388
8166,182.480698,1000.0,0.834267,0.84792,0.0,0.0,0.066243,77735.0,0.157149,0.259823,0.184087,0.376273,-0.063825,0.687118,7.174953,-0.02,-0.8,-0.02,-0.25,-0.6,-4.0,0.500007,-0.154899,-0.014511,0.0,0.0,-0.090825,-0.023297,-0.018133,-0.033739,0.817197,-0.050128,-0.121352,-0.009221,-0.029736,1.822672,4.322608,-0.102923,-0.001734,-0.477993,0.0,3.708333,0.018042,0.083529,0.132818
8167,184.55069,1000.0,0.82851,0.830249,0.0,0.0,0.066168,77956.0,0.163256,0.265195,0.190108,0.359127,-0.06208,0.673489,7.21364,-0.02,-0.8,-0.02,-0.25,-0.6,-4.0,0.500007,-0.14869,-0.013115,0.0,0.0,-0.087396,-0.022513,-0.016684,-0.031108,0.828486,-0.049439,-0.117421,-0.009662,-0.031209,1.810565,4.315834,-0.094919,-0.00166,-0.358291,0.0,4.583333,0.018025,0.087788,0.140115
8168,184.006912,1000.0,0.803205,0.834299,0.0,0.0,0.065949,78564.0,0.159766,0.265673,0.192955,0.390667,-0.065479,0.726397,7.166198,-0.02,-0.8,-0.02,-0.25,-0.6,-4.0,0.500007,-0.154332,-0.013874,0.0,0.0,-0.088598,-0.023365,-0.018444,-0.033317,0.816828,-0.049603,-0.117816,-0.009924,-0.029123,1.826757,4.314306,-0.102975,-0.001545,-0.447723,0.0,4.291667,0.018843,0.082579,0.136436
8169,184.463715,1000.0,0.848204,0.835058,0.0,0.0,0.066033,59494.0,0.160484,0.261897,0.187125,0.37026,-0.062872,0.670183,7.179762,-0.02,-0.8,-0.02,-0.25,-0.6,-4.0,0.500007,-0.152554,-0.012201,0.0,0.0,-0.086567,-0.022881,-0.018133,-0.032125,0.820395,-0.050041,-0.120614,-0.010497,-0.027643,1.826162,4.314282,-0.100406,-0.001574,-0.543037,0.0,3.826087,0.017948,0.077714,0.122051
8170,181.636551,1000.0,0.829445,0.844983,0.0,0.0,0.066027,77723.0,0.187934,0.266682,0.195815,0.39027,-0.067004,0.68103,7.163457,-0.02,-0.8,-0.02,-0.25,-0.6,-4.0,0.500007,-0.149856,-0.015154,0.0,0.0,-0.091874,-0.023672,-0.018754,-0.033971,0.806155,-0.049642,-0.117817,-0.008259,-0.028611,1.778867,4.314241,-0.106174,-0.001975,-0.5668,0.0,4.666667,0.017588,0.080352,0.135666
8171,186.945877,1000.0,0.810345,0.826151,0.0,0.0,0.065867,80466.0,0.155027,0.265391,0.182101,0.356911,-0.059581,0.637071,7.208753,-0.02,-0.8,-0.02,-0.25,-0.6,-4.0,0.500007,-0.153644,-0.014371,0.0,0.0,-0.083338,-0.022376,-0.016465,-0.031062,0.815899,-0.048766,-0.113435,-0.008184,-0.028048,1.83108,4.32486,-0.095017,-0.00154,-0.244767,0.0,4.130435,0.02066,0.082571,0.168548
8172,185.132675,990.650024,0.824913,0.82752,0.0,0.0,0.065953,78409.0,0.14908,0.263009,0.181696,0.354222,-0.059794,0.636578,7.157331,-0.02,-0.8,-0.02,-0.25,-0.6,-4.0,0.49492,-0.156551,-0.012701,0.0,-0.000435,-0.082585,-0.021916,-0.01646,-0.03033,0.810256,-0.050576,-0.109787,-0.008993,-0.027929,1.821002,4.265478,-0.093211,-0.001678,-0.26945,0.043478,4.26087,0.018006,0.087478,0.13646
8173,181.334137,1000.0,0.83579,0.82849,0.0,0.0,0.065927,81624.0,0.150377,0.265723,0.176894,0.35611,-0.059968,0.670284,7.166405,-0.02,-0.8,-0.02,-0.25,-0.6,-4.0,0.500007,-0.15578,-0.013365,0.0,0.0,-0.083106,-0.02248,-0.016481,-0.03167,0.828919,-0.047661,-0.111828,-0.009329,-0.028197,1.840007,4.330576,-0.094804,-0.001613,-0.600259,0.0,5.043478,0.018222,0.080504,0.125414
8174,184.007797,1000.0,0.823002,0.832078,0.0,0.0,0.06573,78040.0,0.154335,0.265062,0.188006,0.366458,-0.063393,0.664781,7.169361,-0.02,-0.8,-0.02,-0.25,-0.6,-4.0,0.498994,-0.149256,-0.01418,0.0,-0.000333,-0.089376,-0.023072,-0.017553,-0.033092,0.818427,-0.049043,-0.118436,-0.00922,-0.030555,1.830582,4.31414,-0.100574,-0.001363,-0.513863,0.041667,4.416667,0.017514,0.074505,0.121658
8175,181.004089,1000.0,0.822413,0.837703,0.0,0.0,0.065708,59401.0,0.152577,0.266768,0.173841,0.349903,-0.060045,0.658127,7.193679,-0.02,-0.8,-0.02,-0.25,-0.6,-4.0,0.500007,-0.156712,-0.012832,0.0,0.0,-0.085368,-0.022655,-0.017491,-0.032522,0.828349,-0.049586,-0.118805,-0.010202,-0.02919,1.840784,4.313906,-0.096245,-0.001188,-0.510357,0.0,4.625,0.01698,0.069105,0.121715
8176,186.02739,1000.0,0.840068,0.834287,0.0,0.0,0.065767,79457.0,0.161277,0.26421,0.188999,0.375171,-0.064148,0.667745,7.204357,-0.02,-0.8,-0.02,-0.25,-0.6,-4.0,0.500007,-0.156908,-0.01522,0.0,0.0,-0.08671,-0.022825,-0.017768,-0.032529,0.809471,-0.049161,-0.112244,-0.009153,-0.027387,1.814358,4.320967,-0.100085,-0.001632,-0.368319,0.0,4.458333,0.019129,0.099262,0.120962
8177,182.154312,1000.0,0.819486,0.837953,0.0,0.0,0.065857,81322.0,0.170528,0.256673,0.190717,0.383332,-0.064181,0.695185,7.199926,-0.02,-0.8,-0.02,-0.25,-0.6,-4.0,0.496306,-0.14391,-0.015609,0.0,-0.000435,-0.090323,-0.023176,-0.017932,-0.034101,0.807507,-0.049781,-0.12639,-0.00863,-0.030955,1.783672,4.289883,-0.102411,-0.001453,-0.551046,0.043478,4.782609,0.02057,0.096683,0.14189
8178,185.143311,1000.0,0.836012,0.839195,0.0,0.0,0.065852,79157.0,0.161972,0.264112,0.187408,0.357788,-0.062749,0.645468,7.207193,-0.02,-0.8,-0.02,-0.25,-0.6,-4.0,0.500007,-0.148805,-0.013708,0.0,0.0,-0.085581,-0.02306,-0.017554,-0.032701,0.820534,-0.049279,-0.1139,-0.00913,-0.028324,1.813598,4.322304,-0.100058,-0.001551,-0.357845,0.0,4.652174,0.019805,0.091164,0.119425
8179,184.034561,1000.0,0.80291,0.838314,0.0,0.0,0.065936,76081.0,0.162404,0.267769,0.185004,0.359205,-0.061811,0.624397,7.221521,-0.02,-0.8,-0.02,-0.25,-0.6,-4.0,0.500007,-0.152261,-0.013171,0.0,0.0,-0.08997,-0.022756,-0.017858,-0.032255,0.822099,-0.048798,-0.118251,-0.009501,-0.029475,1.817796,4.321848,-0.100013,-0.001408,-0.344538,0.0,4.5,0.018255,0.091707,0.134431
8180,183.241257,1000.0,0.803311,0.858031,0.0,0.0,0.065919,75119.0,0.173287,0.259011,0.197976,0.38181,-0.06454,0.692508,7.192667,-0.02,-0.8,-0.02,-0.25,-0.6,-4.0,0.500007,-0.148109,-0.014725,0.0,0.0,-0.090802,-0.023399,-0.018868,-0.03359,0.812145,-0.049812,-0.117613,-0.009125,-0.029588,1.80454,4.323555,-0.103119,-0.002245,-0.50202,0.0,4.416667,0.018804,0.064894,0.116172
8181,185.158112,1000.0,0.816241,0.826757,0.0,0.0,0.065936,79612.0,0.154006,0.263484,0.189764,0.371625,-0.061349,0.678719,7.207419,-0.02,-0.8,-0.02,-0.25,-0.6,-4.0,0.500007,-0.146968,-0.014198,0.0,0.0,-0.085943,-0.022442,-0.016891,-0.031756,0.821383,-0.049511,-0.119906,-0.008212,-0.028838,1.84299,4.320899,-0.096267,-0.001772,-0.418155,0.0,4.818182,0.017995,0.089902,0.133084
8182,184.182236,1000.0,0.805303,0.85087,0.0,0.0,0.065984,78675.0,0.169938,0.272364,0.18512,0.375293,-0.064857,0.672905,7.215391,-0.02,-0.8,-0.02,-0.25,-0.6,-4.0,0.500007,-0.150572,-0.015925,0.0,0.0,-0.095422,-0.023334,-0.018441,-0.034577,0.811056,-0.052537,-0.12448,-0.010287,-0.03293,1.812188,4.285345,-0.101033,-0.001537,-0.422856,0.0,4.217391,0.021668,0.072692,0.128968
8183,179.319458,999.090027,0.819034,0.824216,0.0,0.0,0.065976,78129.0,0.160958,0.26587,0.18691,0.364729,-0.061465,0.653965,7.235509,-0.02,-0.8,-0.02,-0.25,-0.6,-4.0,0.499607,-0.151726,-0.014266,0.0,-0.000348,-0.087191,-0.022817,-0.017408,-0.032178,0.814521,-0.05038,-0.113931,-0.009903,-0.02885,1.810097,4.314458,-0.097961,-0.001465,-0.622425,0.043478,3.869565,0.020498,0.085163,0.135949
8184,186.642944,1000.0,0.820627,0.842665,0.0,0.0,0.065979,77615.0,0.159676,0.268082,0.180078,0.380893,-0.063182,0.662554,7.226337,-0.02,-0.8,-0.02,-0.25,-0.6,-4.0,0.500007,-0.160875,-0.015883,0.0,0.0,-0.086324,-0.023205,-0.018722,-0.032536,0.802336,-0.04958,-0.112028,-0.009298,-0.027401,1.819853,4.313106,-0.101322,-0.001208,-0.302287,0.0,3.875,0.024008,0.065168,0.136268
8185,183.822067,1000.0,0.823193,0.832465,0.0,0.0,0.065973,75734.0,0.164544,0.26569,0.18296,0.366622,-0.064706,0.634263,7.206588,-0.02,-0.8,-0.02,-0.25,-0.6,-4.0,0.500007,-0.151938,-0.014731,0.0,0.0,-0.090489,-0.02345,-0.018862,-0.033797,0.812131,-0.051435,-0.123978,-0.009299,-0.029298,1.811548,4.302777,-0.103516,-0.00105,-0.303001,0.0,4.416667,0.019175,0.091169,0.139555
8186,183.525757,1000.0,0.825204,0.830941,0.0,0.0,0.066072,78403.0,0.16115,0.256764,0.176406,0.357658,-0.059431,0.637991,7.23109,-0.02,-0.8,-0.02,-0.25,-0.6,-4.0,0.500007,-0.159049,-0.013692,0.0,0.0,-0.084366,-0.021868,-0.016374,-0.030839,0.820909,-0.046467,-0.111046,-0.008902,-0.028232,1.821549,4.350688,-0.094179,-0.001666,-0.488941,0.0,4.708333,0.019724,0.095164,0.14795
8187,183.870148,1000.0,0.829687,0.828859,0.0,0.0,0.06622,76219.0,0.154892,0.263443,0.202463,0.390201,-0.063893,0.721613,7.275763,-0.02,-0.8,-0.02,-0.25,-0.6,-4.0,0.500007,-0.1523,-0.015144,0.0,0.0,-0.083823,-0.022978,-0.01746,-0.031694,0.816863,-0.049294,-0.113844,-0.009475,-0.026088,1.840261,4.320967,-0.099427,-0.001545,-0.457675,0.0,4.0,0.021509,0.090221,0.130428
8188,184.02327,1000.0,0.814593,0.847225,0.0,0.0,0.066241,53991.0,0.154058,0.261702,0.186502,0.347072,-0.059078,0.654168,7.286186,-0.02,-0.8,-0.02,-0.25,-0.6,-4.0,0.500007,-0.152188,-0.011802,0.0,0.0,-0.082627,-0.022075,-0.015896,-0.030721,0.824559,-0.047707,-0.108882,-0.008986,-0.029322,1.843243,4.334024,-0.093054,-0.001537,-0.385227,0.0,4.166667,0.01542,0.083282,0.124292
8189,180.438416,992.969971,0.809158,0.83505,0.0,0.0,0.066323,77256.0,0.168296,0.268334,0.190935,0.39427,-0.064135,0.688803,7.257635,-0.02,-0.8,-0.02,-0.25,-0.6,-4.0,0.497911,-0.153814,-0.015501,0.0,-0.000238,-0.088375,-0.023322,-0.018776,-0.032773,0.805879,-0.051076,-0.119388,-0.009992,-0.028551,1.794071,4.281923,-0.104081,-0.001727,-0.486032,0.041667,4.416667,0.02177,0.089454,0.127606
8190,182.756927,996.280029,0.814519,0.823569,0.0,0.0,0.066142,76562.0,0.151353,0.261108,0.192852,0.322318,-0.056894,0.607507,7.275643,-0.02,-0.8,-0.02,-0.25,-0.6,-4.0,0.498897,-0.13999,-0.012528,0.0,-0.000238,-0.079334,-0.021756,-0.015196,-0.02949,0.835839,-0.049014,-0.111626,-0.007447,-0.025345,1.83997,4.320217,-0.08829,-0.001444,-0.434917,0.041667,3.875,0.020696,0.076606,0.123109
8191,186.020477,1000.0,0.830102,0.852248,0.0,0.0,0.066166,79172.0,0.15793,0.26777,0.18926,0.361949,-0.063678,0.66301,7.251346,-0.02,-0.8,-0.02,-0.25,-0.6,-4.0,0.500007,-0.152105,-0.014576,0.0,0.0,-0.088959,-0.023057,-0.017952,-0.033402,0.822276,-0.050226,-0.117866,-0.00988,-0.030001,1.831833,4.304996,-0.099485,-0.001379,-0.404761,0.0,4.826087,0.020258,0.083936,0.122348
8192,184.130341,1000.0,0.795234,0.814963,0.0,0.0,0.066267,80752.0,0.154844,0.268361,0.188485,0.370658,-0.062779,0.660282,7.236602,-0.02,-0.8,-0.02,-0.25,-0.6,-4.0,0.500007,-0.153104,-0.014504,0.0,0.0,-0.085181,-0.023027,-0.018115,-0.032393,0.811797,-0.049316,-0.117757,-0.009526,-0.028937,1.837913,4.315755,-0.101476,-0.001555,-0.411414,0.0,4.304348,0.018988,0.088953,0.14287
8193,185.935181,1000.0,0.826786,0.838305,0.0,0.0,0.066259,76472.0,0.150957,0.260292,0.17775,0.32492,-0.058247,0.592497,7.266908,-0.02,-0.8,-0.02,-0.25,-0.6,-4.0,0.500007,-0.149187,-0.012916,0.0,0.0,-0.081638,-0.022107,-0.016022,-0.031294,0.826792,-0.04695,-0.11035,-0.009185,-0.027959,1.845098,4.342837,-0.092837,-0.001346,-0.321426,0.0,4.208333,0.019385,0.083701,0.14342
8194,185.164917,1000.0,0.828131,0.827586,0.0,0.0,0.066199,60381.0,0.156712,0.265578,0.199279,0.375089,-0.062898,0.67852,7.239068,-0.02,-0.8,-0.02,-0.25,-0.6,-4.0,0.500007,-0.144073,-0.013602,0.0,0.0,-0.086379,-0.023003,-0.017887,-0.032202,0.817571,-0.050685,-0.123293,-0.008992,-0.027626,1.838824,4.306959,-0.099123,-0.001405,-0.506748,0.0,4.782609,0.019192,0.077532,0.12637
8195,183.968628,1000.0,0.817048,0.839211,0.0,0.0,0.066418,77912.0,0.163005,0.263636,0.19172,0.373784,-0.064476,0.673026,7.245139,-0.02,-0.8,-0.02,-0.25,-0.6,-4.0,0.500007,-0.14355,-0.014585,0.0,0.0,-0.089136,-0.02332,-0.017941,-0.034188,0.811271,-0.050225,-0.123182,-0.009605,-0.029131,1.818624,4.312887,-0.103147,-0.001436,-0.434661,0.0,4.083333,0.020656,0.083717,0.118244
8196,183.099457,1000.0,0.82414,0.819653,0.0,0.0,0.066513,77736.0,0.158988,0.262077,0.178125,0.345553,-0.062228,0.622721,7.245135,-0.02,-0.8,-0.02,-0.25,-0.6,-4.0,0.500007,-0.153406,-0.015521,0.0,0.0,-0.087377,-0.023176,-0.017708,-0.033369,0.813287,-0.047369,-0.114163,-0.008641,-0.029192,1.832488,4.338609,-0.10062,-0.001312,-0.414905,0.0,3.782609,0.020464,0.072608,0.125703
8197,183.611465,998.02002,0.813882,0.840486,0.0,0.0,0.066327,79972.0,0.152631,0.266237,0.193772,0.360955,-0.061771,0.674325,7.251345,-0.02,-0.8,-0.02,-0.25,-0.6,-4.0,0.498925,-0.149196,-0.012566,0.0,-0.000435,-0.084942,-0.022954,-0.016971,-0.031473,0.819282,-0.049788,-0.113614,-0.008257,-0.02665,1.843992,4.309282,-0.097803,-0.00131,-0.505154,0.043478,3.782609,0.022441,0.074466,0.151531
8198,184.072311,1000.0,0.822239,0.826148,0.0,0.0,0.066452,82296.0,0.164229,0.26661,0.184872,0.356259,-0.062697,0.646992,7.29025,-0.02,-0.8,-0.02,-0.25,-0.6,-4.0,0.500007,-0.145588,-0.016273,0.0,0.0,-0.090244,-0.02331,-0.018576,-0.033517,0.810713,-0.048706,-0.115854,-0.008995,-0.030548,1.823542,4.319355,-0.10215,-0.00164,-0.436809,0.0,4.904762,0.018042,0.080343,0.128119
8199,183.884781,1000.0,0.803824,0.840588,0.0,0.0,0.066406,77780.0,0.163118,0.272388,0.187232,0.36812,-0.063618,0.687507,7.264725,-0.02,-0.8,-0.02,-0.25,-0.6,-4.0,0.500007,-0.156248,-0.014319,0.0,0.0,-0.087472,-0.023485,-0.018382,-0.033663,0.812774,-0.051764,-0.115295,-0.009352,-0.027727,1.817478,4.292033,-0.101585,-0.001892,-0.74296,0.0,4.708333,0.018909,0.077225,0.119379
8200,183.592163,991.059998,0.818882,0.819359,0.0,0.0,0.066541,77564.0,0.144329,0.262319,0.160355,0.318802,-0.055105,0.611573,7.239921,-0.02,-0.8,-0.02,-0.25,-0.6,-4.0,0.493791,-0.158124,-0.010707,0.0,-0.000556,-0.077603,-0.021577,-0.015313,-0.029987,0.824589,-0.048675,-0.111937,-0.008932,-0.025379,1.827534,4.270423,-0.088099,-0.001275,-0.348396,0.041667,4.25,0.018296,0.087601,0.126324
8201,183.350433,1000.0,0.822555,0.83477,0.0,0.0,0.066667,54328.0,0.154164,0.266706,0.171528,0.337939,-0.061336,0.600992,7.268227,-0.02,-0.8,-0.02,-0.25,-0.6,-4.0,0.500007,-0.154466,-0.014294,0.0,0.0,-0.087239,-0.023008,-0.017795,-0.032731,0.815508,-0.047929,-0.116409,-0.009223,-0.029549,1.834888,4.329077,-0.099663,-0.001282,-0.355881,0.0,4.478261,0.017869,0.079191,0.126826
8202,180.89888,995.700012,0.829018,0.824794,0.0,0.0,0.066975,71479.0,0.155981,0.267489,0.177981,0.355298,-0.061341,0.643616,7.262559,-0.02,-0.8,-0.02,-0.25,-0.6,-4.0,0.497762,-0.1483,-0.013887,0.0,-0.000417,-0.08889,-0.022828,-0.01766,-0.032766,0.8155,-0.049729,-0.122731,-0.009156,-0.030194,1.824114,4.291458,-0.098541,-0.001463,-0.466837,0.041667,4.708333,0.017652,0.068342,0.113349
8203,183.374603,999.789978,0.832106,0.827405,0.0,0.0,0.067247,67895.0,0.156227,0.269166,0.183516,0.345055,-0.060486,0.651233,7.250827,-0.02,-0.8,-0.02,-0.25,-0.6,-4.0,0.49993,-0.159054,-0.013385,0.0,-0.000278,-0.08599,-0.022475,-0.016691,-0.031527,0.829485,-0.048638,-0.112249,-0.008769,-0.028043,1.83573,4.323619,-0.095014,-0.00182,-0.430212,0.041667,4.333333,0.016027,0.085726,0.125538
8204,183.87764,1000.0,0.803489,0.823534,0.0,0.0,0.067381,69501.0,0.154683,0.262921,0.186703,0.364009,-0.060533,0.656666,7.22614,-0.02,-0.8,-0.02,-0.25,-0.6,-4.0,0.500007,-0.147055,-0.013907,0.0,0.0,-0.08534,-0.022946,-0.017658,-0.03222,0.817552,-0.049778,-0.120415,-0.007976,-0.027828,1.840659,4.320238,-0.098266,-0.001245,-0.408762,0.0,4.625,0.020228,0.072602,0.120579
8205,183.042648,992.390015,0.834863,0.819148,0.0,0.0,0.067298,74249.0,0.166408,0.264693,0.188356,0.371889,-0.065592,0.66598,7.197536,-0.02,-0.8,-0.02,-0.25,-0.6,-4.0,0.495954,-0.153881,-0.014995,0.0,-0.001046,-0.093198,-0.023291,-0.018494,-0.034021,0.806219,-0.050569,-0.118317,-0.010032,-0.030269,1.793012,4.273518,-0.103766,-0.001516,-0.363928,0.130435,35.608696,0.019873,0.100326,0.152685
8206,182.083725,997.349976,0.834325,0.844212,0.0,0.0,0.067243,75781.0,0.162907,0.267348,0.193522,0.375712,-0.061025,0.684604,7.21038,-0.02,-0.8,-0.02,-0.25,-0.6,-4.0,0.500007,-0.148152,-0.014222,0.0,0.0,-0.088943,-0.022763,-0.016657,-0.032086,0.81799,-0.048949,-0.121634,-0.00814,-0.030306,1.819595,4.318301,-0.097156,-0.00172,-0.501593,0.0,4.304348,0.017184,0.070944,0.105388
8207,183.280319,1000.0,0.804288,0.817585,0.0,0.0,0.067165,53873.0,0.16758,0.264888,0.180246,0.365057,-0.064494,0.621089,7.262931,-0.02,-0.8,-0.02,-0.25,-0.6,-4.0,0.500007,-0.156179,-0.016927,0.0,0.0,-0.089943,-0.023686,-0.018581,-0.033599,0.801463,-0.049875,-0.121922,-0.009764,-0.030805,1.802529,4.314091,-0.105162,-0.00154,-0.323155,0.0,4.083333,0.020019,0.081029,0.119103
8208,180.998306,1000.0,0.821676,0.823678,0.0,0.0,0.067269,71731.0,0.157984,0.264662,0.18477,0.363543,-0.062756,0.658691,7.2653,-0.02,-0.8,-0.02,-0.25,-0.6,-4.0,0.500007,-0.149189,-0.015153,0.0,0.0,-0.08552,-0.022911,-0.017211,-0.03242,0.814512,-0.049629,-0.117222,-0.009428,-0.0284,1.829803,4.317866,-0.100023,-0.001773,-0.529261,0.0,4.041667,0.018875,0.097633,0.147062
8209,183.036179,1000.0,0.798757,0.837569,0.0,0.0,0.067195,68641.0,0.163897,0.268758,0.191473,0.367345,-0.066485,0.645123,7.263608,-0.02,-0.8,-0.02,-0.25,-0.6,-4.0,0.500007,-0.148529,-0.017442,0.0,0.0,-0.094062,-0.024072,-0.019516,-0.03526,0.803532,-0.05161,-0.128172,-0.009729,-0.031231,1.815733,4.295623,-0.106086,-0.001148,-0.372579,0.0,4.25,0.021226,0.097327,0.118916
8210,180.357864,1000.0,0.796171,0.821892,0.0,0.0,0.067159,70387.0,0.150992,0.266975,0.171433,0.353415,-0.062836,0.643395,7.242239,-0.02,-0.8,-0.02,-0.25,-0.6,-4.0,0.500007,-0.155672,-0.01315,0.0,0.0,-0.090493,-0.02338,-0.018733,-0.034633,0.814153,-0.049343,-0.123173,-0.009396,-0.030793,1.847007,4.316786,-0.102102,-0.001452,-0.494008,0.0,4.478261,0.020148,0.076846,0.141479
8211,182.258896,996.530029,0.839771,0.836934,0.0,0.0,0.067273,70494.0,0.165068,0.267489,0.180671,0.368173,-0.066796,0.655909,7.275223,-0.02,-0.8,-0.02,-0.25,-0.6,-4.0,0.498557,-0.161147,-0.01632,0.0,-0.000333,-0.093342,-0.023436,-0.018862,-0.034671,0.806121,-0.050244,-0.119957,-0.009869,-0.031397,1.806055,4.296443,-0.105407,-0.001378,-0.429677,0.041667,3.958333,0.018984,0.091223,0.129761
8212,181.783691,1000.0,0.816196,0.834027,0.0,0.0,0.067384,54669.0,0.175871,0.263987,0.19547,0.39652,-0.069128,0.685764,7.255121,-0.02,-0.8,-0.02,-0.25,-0.6,-4.0,0.500007,-0.147873,-0.017473,0.0,0.0,-0.096674,-0.023828,-0.018926,-0.035449,0.801097,-0.051363,-0.125495,-0.010922,-0.031863,1.787923,4.30072,-0.10962,-0.001474,-0.482448,0.0,4.608696,0.021999,0.07479,0.123558
8213,184.857895,1000.0,0.848317,0.826263,0.0,0.0,0.067327,73478.0,0.155095,0.262475,0.179597,0.354881,-0.062463,0.639108,7.242271,-0.02,-0.8,-0.02,-0.25,-0.6,-4.0,0.500007,-0.154104,-0.014787,0.0,0.0,-0.088462,-0.023145,-0.018287,-0.033366,0.818807,-0.048772,-0.117787,-0.009141,-0.029372,1.834601,4.324459,-0.100391,-0.001223,-0.389106,0.0,4.333333,0.017837,0.084247,0.134585
8214,183.915268,1000.0,0.824732,0.819163,0.0,0.0,0.067252,69670.0,0.167195,0.270761,0.190775,0.378755,-0.065938,0.683749,7.230085,-0.02,-0.8,-0.02,-0.25,-0.6,-4.0,0.500007,-0.153637,-0.014601,0.0,0.0,-0.092266,-0.023302,-0.018111,-0.032851,0.820139,-0.051718,-0.122557,-0.009484,-0.031546,1.803365,4.298329,-0.103607,-0.001443,-0.432045,0.0,4.217391,0.019717,0.082885,0.149042
8215,181.644928,1000.0,0.802544,0.836917,0.0,0.0,0.067251,73274.0,0.163462,0.26523,0.181046,0.375694,-0.063018,0.668583,7.243073,-0.02,-0.8,-0.02,-0.25,-0.6,-4.0,0.500007,-0.157875,-0.013479,0.0,0.0,-0.090992,-0.023275,-0.018195,-0.033472,0.818858,-0.049225,-0.11421,-0.009813,-0.029159,1.820669,4.318603,-0.101824,-0.001489,-0.515845,0.0,4.826087,0.017729,0.090716,0.118672
8216,181.294418,1000.0,0.818515,0.828033,0.0,0.0,0.067353,73066.0,0.175446,0.261405,0.186608,0.384117,-0.06846,0.665335,7.175387,-0.02,-0.8,-0.02,-0.25,-0.6,-4.0,0.500007,-0.150376,-0.019745,0.0,0.0,-0.096046,-0.024559,-0.020572,-0.035981,0.792161,-0.051511,-0.122574,-0.009482,-0.032048,1.78915,4.304689,-0.110948,-0.00171,-0.603519,0.0,4.291667,0.021285,0.0887,0.127195
8217,185.344727,1000.0,0.827259,0.815393,0.0,0.0,0.06732,70593.0,0.155492,0.269229,0.181623,0.340917,-0.059734,0.640476,7.198068,-0.02,-0.8,-0.02,-0.25,-0.6,-4.0,0.500007,-0.149042,-0.012208,0.0,0.0,-0.081568,-0.022613,-0.0164,-0.031036,0.825957,-0.048572,-0.11514,-0.008024,-0.026711,1.834822,4.323657,-0.093728,-0.001424,-0.320994,0.0,5.0,0.01932,0.08956,0.139063
8218,180.217224,1000.0,0.791918,0.8242,0.0,0.0,0.067413,54532.0,0.175875,0.270511,0.186749,0.404106,-0.070211,0.679499,7.206285,-0.02,-0.8,-0.02,-0.25,-0.6,-4.0,0.500007,-0.157948,-0.020472,0.0,0.0,-0.09994,-0.024817,-0.020584,-0.036429,0.796128,-0.050882,-0.127158,-0.009857,-0.032605,1.795525,4.297899,-0.116321,-0.001799,-0.594394,0.0,4.458333,0.019977,0.085563,0.144078
8219,184.095047,1000.0,0.82056,0.833072,0.0,0.0,0.067439,74220.0,0.154659,0.268315,0.179903,0.350851,-0.06303,0.625829,7.189249,-0.02,-0.8,-0.02,-0.25,-0.6,-4.0,0.500007,-0.150991,-0.014993,0.0,0.0,-0.085152,-0.023758,-0.01844,-0.034253,0.814513,-0.050081,-0.124206,-0.008745,-0.027501,1.832018,4.310509,-0.104204,-0.001402,-0.322277,0.0,4.608696,0.018016,0.079625,0.120668
8220,182.472122,1000.0,0.813245,0.836817,0.0,0.0,0.067467,74793.0,0.158698,0.265752,0.177608,0.349034,-0.06087,0.622378,7.257186,-0.02,-0.8,-0.02,-0.25,-0.6,-4.0,0.500007,-0.154007,-0.016498,0.0,0.0,-0.08612,-0.023137,-0.017437,-0.032481,0.818142,-0.048452,-0.114723,-0.008409,-0.028124,1.835044,4.321998,-0.099425,-0.000997,-0.499636,0.0,4.913043,0.022499,0.087983,0.134455
8221,185.213867,993.940002,0.822766,0.842245,0.0,0.0,0.067287,72498.0,0.155566,0.261471,0.188814,0.363687,-0.060695,0.664589,7.219184,-0.02,-0.8,-0.02,-0.25,-0.6,-4.0,0.497477,-0.1512,-0.014228,0.0,-0.000333,-0.085002,-0.022894,-0.017391,-0.031438,0.815194,-0.047598,-0.116765,-0.007863,-0.027535,1.821234,4.315532,-0.09775,-0.001299,-0.372379,0.041667,4.25,0.019813,0.082932,0.126307
8222,184.171967,1000.0,0.847375,0.832005,0.0,0.0,0.067302,74977.0,0.165057,0.268335,0.183001,0.370107,-0.06451,0.651357,7.166504,-0.02,-0.8,-0.02,-0.25,-0.6,-4.0,0.500007,-0.151067,-0.015244,0.0,0.0,-0.091389,-0.023638,-0.018025,-0.033661,0.80354,-0.049509,-0.119331,-0.009127,-0.030325,1.808085,4.317198,-0.104276,-0.001306,-0.372422,0.0,4.416667,0.017704,0.088806,0.135652
8223,180.817719,1000.0,0.781185,0.826415,0.0,0.0,0.067222,76509.0,0.15857,0.270469,0.187591,0.366826,-0.064287,0.651227,7.240695,-0.02,-0.8,-0.02,-0.25,-0.6,-4.0,0.500007,-0.153819,-0.014337,0.0,0.0,-0.090907,-0.023914,-0.019104,-0.034171,0.811981,-0.051148,-0.122921,-0.008946,-0.029556,1.828676,4.300224,-0.104479,-0.001578,-0.449471,0.0,4.454545,0.020897,0.089523,0.126439
8224,186.760239,1000.0,0.821822,0.842638,0.0,0.0,0.067126,57214.0,0.149342,0.2698,0.176134,0.33795,-0.058411,0.617416,7.17332,-0.02,-0.8,-0.02,-0.25,-0.6,-4.0,0.500007,-0.146215,-0.014097,0.0,0.0,-0.083951,-0.022635,-0.016369,-0.03122,0.825124,-0.048486,-0.11957,-0.008606,-0.029655,1.849342,4.323869,-0.093456,-0.000988,-0.27229,0.0,4.545455,0.018395,0.074867,0.10827
8225,183.083252,998.809998,0.818343,0.852275,0.0,0.0,0.067235,73320.0,0.155376,0.266537,0.178216,0.32595,-0.054748,0.606116,7.191547,-0.02,-0.8,-0.02,-0.25,-0.6,-4.0,0.499507,-0.14466,-0.011226,0.0,-0.000333,-0.080098,-0.022306,-0.015851,-0.030273,0.829463,-0.048802,-0.118607,-0.007806,-0.027133,1.841925,4.323597,-0.088676,-0.001409,-0.523073,0.041667,3.375,0.016822,0.082264,0.113604
8226,178.857391,1000.0,0.840482,0.840572,0.0,0.0,0.067334,72741.0,0.168573,0.259783,0.199917,0.404998,-0.070184,0.701874,7.194225,-0.02,-0.8,-0.02,-0.25,-0.6,-4.0,0.500007,-0.148192,-0.019973,0.0,0.0,-0.098221,-0.024502,-0.019872,-0.035788,0.801047,-0.050447,-0.127309,-0.009321,-0.032156,1.808043,4.312776,-0.112043,-0.001947,-0.673509,0.0,4.291667,0.017535,0.075752,0.13148
8227,187.263977,1000.0,0.834388,0.823598,0.0,0.0,0.067223,76201.0,0.161372,0.267862,0.187957,0.352333,-0.061718,0.652936,7.167613,-0.02,-0.8,-0.02,-0.25,-0.6,-4.0,0.500007,-0.153817,-0.014314,0.0,0.0,-0.086703,-0.023066,-0.017265,-0.031762,0.822264,-0.049203,-0.116513,-0.010011,-0.028469,1.828171,4.315928,-0.097841,-0.001332,-0.295591,0.0,4.375,0.016474,0.074792,0.127843
8228,180.358368,994.570007,0.798739,0.834851,0.0,0.0,0.067308,76515.0,0.152034,0.265166,0.179143,0.351431,-0.060618,0.637991,7.211345,-0.02,-0.8,-0.02,-0.25,-0.6,-4.0,0.498873,-0.161084,-0.011809,0.0,-0.000167,-0.086766,-0.023113,-0.017398,-0.032099,0.81674,-0.050013,-0.115132,-0.009008,-0.02866,1.829327,4.302758,-0.098238,-0.001627,-0.526987,0.041667,4.458333,0.017795,0.080868,0.136304
8229,181.107224,1000.0,0.788905,0.815892,0.0,0.0,0.067313,73227.0,0.158278,0.265877,0.176517,0.345312,-0.058948,0.604716,7.19754,-0.02,-0.8,-0.02,-0.25,-0.6,-4.0,0.500007,-0.151966,-0.013412,0.0,0.0,-0.083699,-0.02324,-0.017148,-0.032106,0.813828,-0.047367,-0.117284,-0.008666,-0.027395,1.819474,4.336013,-0.100107,-0.001264,-0.486438,0.0,4.375,0.018699,0.086871,0.122202
8230,184.761047,1000.0,0.815172,0.833964,0.0,0.0,0.067362,55448.0,0.178148,0.268695,0.186459,0.368719,-0.064106,0.651698,7.206194,-0.02,-0.8,-0.02,-0.25,-0.6,-4.0,0.500007,-0.153214,-0.016297,0.0,0.0,-0.092979,-0.023839,-0.01894,-0.033053,0.812281,-0.049624,-0.123805,-0.009539,-0.030838,1.802792,4.312442,-0.104051,-0.001311,-0.362041,0.0,4.166667,0.019665,0.081673,0.123321
8231,181.558975,1000.0,0.806766,0.841433,0.0,0.0,0.067377,71112.0,0.162232,0.277681,0.18157,0.35169,-0.064601,0.634733,7.231279,-0.02,-0.8,-0.02,-0.25,-0.6,-4.0,0.500007,-0.153836,-0.014932,0.0,0.0,-0.092827,-0.024334,-0.018884,-0.034907,0.816782,-0.052131,-0.127052,-0.010014,-0.031523,1.821742,4.28455,-0.104136,-0.001356,-0.42617,0.0,4.25,0.017457,0.094078,0.126761
8232,185.103882,1000.0,0.813475,0.8376,0.0,0.0,0.067437,74272.0,0.166937,0.270052,0.195494,0.381635,-0.063652,0.668248,7.252819,-0.02,-0.8,-0.02,-0.25,-0.6,-4.0,0.500007,-0.145711,-0.015017,0.0,0.0,-0.092053,-0.023378,-0.01781,-0.033354,0.811511,-0.051872,-0.120759,-0.008832,-0.029666,1.802847,4.289909,-0.100855,-0.001165,-0.286012,0.0,3.956522,0.017563,0.088762,0.132331
8233,185.709274,1000.0,0.803097,0.823042,0.0,0.0,0.067523,72561.0,0.162835,0.270394,0.181637,0.360632,-0.065223,0.638998,7.216728,-0.02,-0.8,-0.02,-0.25,-0.6,-4.0,0.500007,-0.152956,-0.015447,0.0,0.0,-0.092941,-0.023943,-0.018254,-0.034715,0.80861,-0.051017,-0.124716,-0.009287,-0.03176,1.813837,4.302331,-0.10512,-0.001358,-0.301411,0.0,5.0,0.019425,0.093313,0.13995
8234,183.03389,1000.0,0.810305,0.828209,0.0,0.0,0.067572,75212.0,0.149165,0.263858,0.173336,0.344639,-0.059103,0.617952,7.305878,-0.02,-0.8,-0.02,-0.25,-0.6,-4.0,0.500007,-0.147528,-0.013682,0.0,0.0,-0.083666,-0.022985,-0.016817,-0.031374,0.816406,-0.047397,-0.116178,-0.008824,-0.028579,1.838072,4.338532,-0.098294,-0.001169,-0.50286,0.0,3.956522,0.015682,0.087452,0.134544
8235,184.388611,1000.0,0.821023,0.839673,0.0,0.0,0.067556,76239.0,0.176453,0.27898,0.19267,0.39117,-0.07113,0.675292,7.332778,-0.02,-0.8,-0.02,-0.25,-0.6,-4.0,0.500007,-0.155771,-0.018348,0.0,0.0,-0.101521,-0.025492,-0.020807,-0.037068,0.80435,-0.052697,-0.127822,-0.010757,-0.033072,1.792014,4.271966,-0.115289,-0.001444,-0.27529,0.0,4.565217,0.018808,0.097026,0.130424
8236,185.059052,995.73999,0.819157,0.833779,0.0,0.0,0.067648,55859.0,0.155274,0.267276,0.175399,0.364199,-0.063889,0.625574,7.268915,-0.02,-0.8,-0.02,-0.25,-0.6,-4.0,0.498016,-0.155235,-0.016003,0.0,-0.00075,-0.089628,-0.024162,-0.019047,-0.033611,0.803609,-0.050101,-0.120784,-0.009367,-0.029299,1.823711,4.292528,-0.105579,-0.001356,-0.313647,0.083333,4.458333,0.019162,0.107496,0.144158
8237,184.697144,1000.0,0.819321,0.825586,0.0,0.0,0.067861,77070.0,0.16091,0.271746,0.191054,0.373216,-0.064813,0.674278,7.307336,-0.02,-0.8,-0.02,-0.25,-0.6,-4.0,0.500007,-0.149768,-0.014792,0.0,0.0,-0.088714,-0.023798,-0.0179,-0.033504,0.812157,-0.050726,-0.123003,-0.009232,-0.029421,1.821509,4.30081,-0.103127,-0.001106,-0.416237,0.0,4.086957,0.021265,0.078506,0.135516
8238,180.503662,995.090027,0.81496,0.842213,0.0,0.0,0.067934,71060.0,0.171542,0.263946,0.182707,0.38756,-0.069071,0.669645,7.311127,-0.02,-0.8,-0.02,-0.25,-0.6,-4.0,0.497444,-0.156079,-0.017026,0.0,-0.000417,-0.101347,-0.024976,-0.020443,-0.036706,0.797889,-0.052021,-0.131356,-0.00962,-0.033482,1.784637,4.274018,-0.114993,-0.001255,-0.798567,0.041667,3.833333,0.019026,0.085643,0.138411
8239,179.456055,995.340027,0.815254,0.809257,0.0,0.0,0.068096,80633.0,0.152339,0.264854,0.176438,0.358904,-0.05861,0.659207,7.302692,-0.02,-0.8,-0.02,-0.25,-0.6,-4.0,0.497783,-0.1547,-0.012728,0.0,-0.000381,-0.083463,-0.022771,-0.016687,-0.031788,0.810671,-0.048812,-0.122977,-0.00928,-0.027795,1.830757,4.303103,-0.096563,-0.00166,-0.535106,0.047619,4.0,0.022399,0.090614,0.141325
8240,181.573074,1000.0,0.814549,0.838396,0.0,0.0,0.06809,71819.0,0.164467,0.272463,0.197206,0.380725,-0.066086,0.670631,7.354995,-0.02,-0.8,-0.02,-0.25,-0.6,-4.0,0.500007,-0.146884,-0.015552,0.0,0.0,-0.094694,-0.024279,-0.019179,-0.034095,0.808861,-0.050316,-0.124206,-0.009564,-0.030478,1.81824,4.303212,-0.106494,-0.001877,-0.572299,0.0,4.521739,0.017171,0.069196,0.117468
8241,181.92981,1000.0,0.809658,0.84195,0.0,0.0,0.068132,74088.0,0.160003,0.269015,0.188356,0.369387,-0.0625,0.658924,7.391018,-0.02,-0.8,-0.02,-0.25,-0.6,-4.0,0.500007,-0.149448,-0.015392,0.0,0.0,-0.090423,-0.023575,-0.017915,-0.032904,0.819615,-0.050525,-0.126264,-0.009355,-0.030359,1.835566,4.301798,-0.101338,-0.001313,-0.507722,0.0,4.625,0.021393,0.08116,0.143543
8242,183.130829,1000.0,0.826404,0.842818,0.0,0.0,0.068114,76496.0,0.152979,0.268707,0.183021,0.341859,-0.05902,0.621275,7.330868,-0.02,-0.8,-0.02,-0.25,-0.6,-4.0,0.500007,-0.144316,-0.014901,0.0,0.0,-0.086386,-0.023415,-0.017115,-0.032302,0.824762,-0.050173,-0.120455,-0.008155,-0.029817,1.847683,4.308914,-0.097137,-0.000948,-0.36088,0.0,4.869565,0.018193,0.080737,0.116704
8243,180.992874,1000.0,0.831937,0.833953,0.0,0.0,0.068287,49615.0,0.161147,0.264306,0.189249,0.374822,-0.062776,0.682433,7.347383,-0.02,-0.8,-0.02,-0.25,-0.6,-4.0,0.500007,-0.159853,-0.014392,0.0,0.0,-0.087557,-0.023335,-0.017953,-0.031608,0.818174,-0.048097,-0.11357,-0.009211,-0.028883,1.830903,4.324257,-0.100753,-0.002061,-0.684193,0.0,4.166667,0.018268,0.097915,0.145104
8244,184.304291,1000.0,0.832063,0.842377,0.0,0.0,0.068289,70351.0,0.154356,0.270831,0.165436,0.347223,-0.060428,0.634368,7.319688,-0.02,-0.8,-0.02,-0.25,-0.6,-4.0,0.500007,-0.163206,-0.015055,0.0,0.0,-0.086861,-0.023445,-0.017968,-0.033,0.822904,-0.048319,-0.114198,-0.009705,-0.0297,1.830696,4.324857,-0.100857,-0.001701,-0.356073,0.0,4.875,0.017892,0.076345,0.123726
8245,181.687546,1000.0,0.810383,0.850619,0.0,0.0,0.068333,73102.0,0.159806,0.271147,0.194156,0.393818,-0.067277,0.678104,7.296983,-0.02,-0.8,-0.02,-0.25,-0.6,-4.0,0.500007,-0.153025,-0.017983,0.0,0.0,-0.093909,-0.024778,-0.019967,-0.034415,0.802072,-0.050935,-0.126116,-0.008844,-0.030456,1.823649,4.298339,-0.111407,-0.001728,-0.564347,0.0,4.291667,0.01822,0.078784,0.128433
8246,184.437607,1000.0,0.795567,0.813234,0.0,0.0,0.068467,72107.0,0.1615,0.264255,0.183508,0.366139,-0.064516,0.65243,7.292036,-0.02,-0.8,-0.02,-0.25,-0.6,-4.0,0.497345,-0.151303,-0.016489,0.0,-0.000417,-0.092004,-0.024264,-0.018552,-0.034876,0.801621,-0.05038,-0.125398,-0.008867,-0.029085,1.80778,4.287939,-0.106108,-0.001352,-0.365618,0.041667,4.75,0.020575,0.087002,0.118411
