iteration,reward,episode_length,height_reward,upright_reward,tipped_over,collapsed,exploration,steps_per_second,speed_error,turn_error,stepping,leg_swing,dragging,ground_covered,landing_force,Curriculum/ease_in_effort/weight,Curriculum/ease_in_landing/weight,Curriculum/ease_in_shake/weight,Curriculum/ease_in_smoothness/weight,Curriculum/ease_in_steadiness/weight,Curriculum/ease_in_straightness/weight,Episode_Reward/alive,Episode_Reward/effort,Episode_Reward/end_stops,Episode_Reward/fell_over,Episode_Reward/hard_landing,Episode_Reward/jitter,Episode_Reward/joint_shock,Episode_Reward/landing_speed,Episode_Reward/posture,Episode_Reward/rocking,Episode_Reward/shaking,Episode_Reward/skidding,Episode_Reward/swing_height,Episode_Reward/track_speed,Episode_Reward/track_turn,Episode_Reward/twitching,Episode_Reward/veering,Episode_Reward/wandering,Episode_Termination/nose_dived,Episode_Termination/out_of_bounds,Episode_Termination/time_out,Metrics/posture/error_height,Metrics/posture/error_pitch,Metrics/posture/error_roll
1499,0.888248,16.440001,0.009962,0.00947,1.086957,37.56522,0.048474,32878.0,0.004148,0.008723,0.001258,0.003613,-0.004086,0.006836,28.573395,-0.02,-0.8,-0.02,-0.25,-0.6,-2.0,0.005988,-0.002234,-0.000179,-0.010782,-0.032118,-0.000626,-0.001943,-0.000421,0.010992,-0.029995,-0.015827,-0.012552,-0.001188,0.013411,0.045895,-0.002433,-0.000133,-6.1e-05,37.56522,0.0,4.304348,0.121177,0.106905,0.246536
1500,4.981728,35.959999,0.027691,0.026826,1.041667,0.0,0.048788,6199.0,0.007427,0.017021,0.004782,0.009997,-0.001878,0.017628,10.348286,-0.02,-0.8,-0.02,-0.25,-0.6,-2.0,0.016995,-0.005666,-0.000419,-0.008845,-0.009065,-0.001116,-0.000976,-0.001133,0.030147,-0.024947,-0.022415,-0.001568,-0.001717,0.04892,0.135965,-0.004193,-0.000119,-5.5e-05,0.125,0.0,3.833333,0.024812,0.117628,0.266085
1501,9.189908,61.669998,0.049469,0.048404,0.666667,0.0,0.049078,5056.0,0.011514,0.026001,0.007848,0.018148,-0.003217,0.034946,10.270712,-0.02,-0.8,-0.02,-0.25,-0.6,-2.0,0.029677,-0.010578,-0.00088,-0.006893,-0.011382,-0.001637,-0.001553,-0.002004,0.052297,-0.029847,-0.037471,-0.002055,-0.002274,0.092757,0.242557,-0.006149,-9.9e-05,-8.5e-05,0.5,0.0,3.958333,0.024532,0.138055,0.206725
1502,14.845543,83.599998,0.072596,0.070019,0.375,0.0,0.049587,5010.0,0.013226,0.02879,0.011395,0.022299,-0.003868,0.044433,10.102797,-0.02,-0.8,-0.02,-0.25,-0.6,-2.0,0.04177,-0.013601,-0.000612,-0.003889,-0.012027,-0.001635,-0.001494,-0.00249,0.073588,-0.022494,-0.022954,-0.001789,-0.00249,0.139945,0.35519,-0.006489,-0.000107,-0.000155,0.125,0.0,4.125,0.019283,0.090182,0.190814
1503,20.4652,109.089996,0.093205,0.088317,0.291667,0.0,0.049936,4984.0,0.014838,0.032143,0.015414,0.029967,-0.004848,0.067953,10.088715,-0.02,-0.8,-0.02,-0.25,-0.6,-2.0,0.053166,-0.017448,-0.000375,-0.003716,-0.012242,-0.001938,-0.001626,-0.003187,0.096379,-0.017774,-0.022861,-0.002207,-0.003169,0.185927,0.459928,-0.007743,-0.000233,-0.000288,0.25,0.0,4.791667,0.018982,0.112593,0.175944
1504,23.807247,132.979996,0.111138,0.105481,0.541667,0.041667,0.050162,4990.0,0.020186,0.044124,0.018079,0.037607,-0.006333,0.07529,9.865874,-0.02,-0.8,-0.02,-0.25,-0.6,-2.0,0.064743,-0.021338,-0.000807,-0.006296,-0.01683,-0.002635,-0.002393,-0.004029,0.114568,-0.02833,-0.035627,-0.003115,-0.003859,0.219793,0.54912,-0.010394,-0.000173,-0.000468,0.25,0.0,4.291667,0.019154,0.141715,0.197166
1505,28.338747,154.300003,0.131491,0.125749,0.458333,0.0,0.050549,4995.0,0.023543,0.050262,0.02129,0.043637,-0.007163,0.092343,9.995924,-0.02,-0.8,-0.02,-0.25,-0.6,-2.0,0.074813,-0.024828,-0.001063,-0.005325,-0.01982,-0.003133,-0.002765,-0.004734,0.131692,-0.027417,-0.037247,-0.003358,-0.004181,0.256733,0.635752,-0.012186,-0.000319,-0.000882,0.208333,0.0,4.708333,0.017435,0.121889,0.186706
1506,31.989344,175.229996,0.149669,0.141162,0.541667,0.0,0.051078,5124.0,0.02628,0.059236,0.024391,0.053117,-0.008759,0.108665,9.811977,-0.02,-0.8,-0.02,-0.25,-0.6,-2.0,0.086577,-0.029648,-0.000996,-0.006593,-0.021319,-0.003616,-0.00324,-0.00579,0.152565,-0.030163,-0.047908,-0.003644,-0.004412,0.298042,0.730924,-0.014871,-0.000254,-0.00068,0.375,0.0,4.125,0.021767,0.141491,0.206513
1507,37.020645,197.75,0.165427,0.158828,0.25,0.0,0.051488,5014.0,0.026262,0.057874,0.027519,0.056355,-0.009354,0.126366,9.945597,-0.02,-0.8,-0.02,-0.25,-0.6,-2.0,0.096878,-0.03111,-0.000879,-0.006873,-0.022811,-0.003422,-0.003129,-0.006159,0.1719,-0.026194,-0.033829,-0.003629,-0.005008,0.344497,0.835251,-0.014458,-0.000169,-0.001474,0.625,0.0,3.958333,0.021697,0.147697,0.210765
1508,40.020237,222.0,0.187141,0.183627,0.5,0.041667,0.052042,4930.0,0.034372,0.074807,0.035265,0.07059,-0.011731,0.149902,9.72028,-0.02,-0.8,-0.02,-0.25,-0.6,-2.0,0.110605,-0.034509,-0.001552,-0.008019,-0.027321,-0.004615,-0.004192,-0.007433,0.195184,-0.040503,-0.064833,-0.00443,-0.005495,0.385463,0.933248,-0.019267,-0.000564,-0.00202,0.708333,0.0,4.291667,0.025506,0.164843,0.196701
1509,44.578411,245.949997,0.202006,0.194932,0.666667,0.0,0.052343,6596.0,0.03977,0.076902,0.038254,0.083622,-0.013552,0.171736,9.889343,-0.02,-0.8,-0.02,-0.25,-0.6,-2.0,0.12,-0.038431,-0.00239,-0.013597,-0.029748,-0.005197,-0.004831,-0.009072,0.207073,-0.043512,-0.055357,-0.004822,-0.00601,0.404989,0.999083,-0.022566,-0.000864,-0.005056,1.5,0.0,3.958333,0.040395,0.255227,0.256596
1510,46.177906,258.470001,0.218258,0.20781,0.916667,0.0,0.052833,48425.0,0.04133,0.08608,0.038109,0.083898,-0.014205,0.174145,10.125889,-0.02,-0.8,-0.02,-0.25,-0.6,-2.0,0.125773,-0.043581,-0.001622,-0.014569,-0.035732,-0.005543,-0.005064,-0.009666,0.219826,-0.049536,-0.067696,-0.005951,-0.007118,0.429035,1.036474,-0.023911,-0.000717,-0.005698,2.0,0.0,4.25,0.042324,0.257763,0.278092
1511,49.988506,280.079987,0.238913,0.230786,0.875,0.0,0.053157,48838.0,0.045784,0.089644,0.040739,0.095913,-0.016084,0.197621,9.901606,-0.02,-0.8,-0.02,-0.25,-0.6,-2.0,0.140968,-0.04739,-0.001845,-0.019148,-0.040567,-0.006103,-0.005694,-0.011187,0.243099,-0.053018,-0.067375,-0.00573,-0.007268,0.482581,1.164326,-0.027137,-0.00082,-0.011641,2.833333,0.0,3.708333,0.055453,0.324115,0.265729
1512,55.207359,305.480011,0.252056,0.242283,0.833333,0.0,0.053469,48810.0,0.04841,0.098959,0.045233,0.103366,-0.017302,0.216506,9.431568,-0.02,-0.8,-0.02,-0.25,-0.6,-2.0,0.151026,-0.050239,-0.001769,-0.016227,-0.040301,-0.006491,-0.006086,-0.011811,0.263803,-0.057589,-0.072988,-0.007141,-0.008371,0.517325,1.243377,-0.027901,-0.000785,-0.010735,2.291667,0.0,4.416667,0.050309,0.294655,0.257402
1513,57.993855,322.329987,0.261282,0.257452,0.541667,0.0,0.053868,47814.0,0.050696,0.101188,0.049632,0.108024,-0.017104,0.226409,9.71237,-0.02,-0.8,-0.02,-0.25,-0.6,-2.0,0.157984,-0.051286,-0.002272,-0.015992,-0.040152,-0.006444,-0.005598,-0.011553,0.272857,-0.050412,-0.065731,-0.006309,-0.008196,0.540783,1.308855,-0.027793,-0.000947,-0.010981,2.25,0.0,3.958333,0.049748,0.30234,0.255622
1514,61.768559,348.540009,0.294802,0.28107,0.75,0.0,0.054211,48492.0,0.056823,0.114466,0.050546,0.112315,-0.018318,0.232767,9.395499,-0.02,-0.8,-0.02,-0.25,-0.6,-2.0,0.17257,-0.05605,-0.002978,-0.015834,-0.043196,-0.006926,-0.006216,-0.012477,0.296619,-0.052162,-0.07279,-0.006397,-0.009289,0.582349,1.418011,-0.029235,-0.001582,-0.013514,2.375,0.0,4.583333,0.050542,0.295154,0.271369
1515,66.641411,363.820007,0.299686,0.281926,0.75,0.0,0.05463,48475.0,0.051139,0.10913,0.049745,0.097607,-0.015799,0.221266,9.591144,-0.02,-0.8,-0.02,-0.25,-0.6,-2.0,0.180129,-0.056862,-0.001934,-0.013808,-0.037766,-0.006432,-0.004996,-0.010753,0.315694,-0.048256,-0.066209,-0.006245,-0.009014,0.637352,1.529929,-0.025492,-0.000792,-0.015049,1.458333,0.0,3.875,0.039116,0.272599,0.246748
1516,69.569206,384.730011,0.32395,0.315242,0.541667,0.0,0.054876,47578.0,0.058105,0.117871,0.051999,0.107105,-0.017176,0.227154,9.523767,-0.02,-0.8,-0.02,-0.25,-0.6,-2.0,0.191401,-0.059984,-0.002974,-0.01184,-0.041714,-0.006909,-0.005493,-0.01203,0.33094,-0.044969,-0.065109,-0.00636,-0.009788,0.657002,1.603894,-0.027459,-0.001281,-0.023186,1.625,0.0,4.875,0.050033,0.250435,0.235284
1517,67.799591,387.160004,0.314408,0.31335,1.0,0.0,0.055114,48879.0,0.057369,0.117919,0.056087,0.109876,-0.017364,0.238751,9.098118,-0.02,-0.8,-0.02,-0.25,-0.6,-2.0,0.191795,-0.058965,-0.002958,-0.016428,-0.041706,-0.007417,-0.00561,-0.012144,0.333417,-0.061095,-0.093758,-0.00722,-0.008957,0.67091,1.611298,-0.028711,-0.000945,-0.021941,1.666667,0.0,3.375,0.051644,0.304234,0.29973
1518,79.229759,432.440002,0.362167,0.349806,0.666667,0.0,0.055404,46859.0,0.063941,0.131125,0.06018,0.121116,-0.019085,0.267396,9.33965,-0.02,-0.8,-0.02,-0.25,-0.6,-2.0,0.206162,-0.068936,-0.003944,-0.0166,-0.045379,-0.007831,-0.006308,-0.013053,0.360458,-0.062863,-0.083078,-0.007643,-0.010694,0.70868,1.731293,-0.030506,-0.000909,-0.025699,1.333333,0.0,3.125,0.052708,0.264653,0.295973
1519,82.197243,458.839996,0.3682,0.355354,0.791667,0.166667,0.055817,46330.0,0.070413,0.131847,0.053184,0.113687,-0.017833,0.239074,9.160035,-0.02,-0.8,-0.02,-0.25,-0.6,-2.0,0.217461,-0.07132,-0.007427,-0.012721,-0.046407,-0.008211,-0.006213,-0.012625,0.369356,-0.067514,-0.092195,-0.007525,-0.010828,0.728887,1.83392,-0.030481,-0.001591,-0.026057,1.041667,0.0,4.375,0.047765,0.217053,0.270459
1520,81.127502,459.910004,0.373763,0.363273,0.916667,0.041667,0.056112,48823.0,0.079004,0.154629,0.064013,0.119713,-0.019275,0.260104,9.135013,-0.02,-0.8,-0.02,-0.25,-0.6,-2.0,0.229759,-0.070099,-0.008078,-0.012929,-0.046484,-0.008242,-0.0063,-0.013447,0.384974,-0.05843,-0.085205,-0.008031,-0.012252,0.754928,1.91516,-0.031209,-0.001602,-0.017396,1.041667,0.0,3.416667,0.0424,0.240531,0.278038
1521,89.671112,503.910004,0.416041,0.408096,0.416667,0.125,0.056663,48255.0,0.076763,0.155143,0.062904,0.133461,-0.020929,0.287878,9.208616,-0.02,-0.8,-0.02,-0.25,-0.6,-2.0,0.248471,-0.084131,-0.00559,-0.013203,-0.055807,-0.008821,-0.006733,-0.015402,0.434192,-0.061147,-0.087516,-0.009094,-0.014512,0.846632,2.079555,-0.03408,-0.001322,-0.073002,1.416667,0.0,3.291667,0.046289,0.243641,0.220783
1522,93.250732,515.549988,0.443537,0.436102,0.375,0.0,0.057254,47426.0,0.078128,0.150755,0.068856,0.140799,-0.021802,0.30808,9.215944,-0.02,-0.8,-0.02,-0.25,-0.6,-2.0,0.256276,-0.078092,-0.005736,-0.012839,-0.050374,-0.009209,-0.006644,-0.015796,0.440672,-0.05717,-0.081443,-0.007847,-0.012819,0.87497,2.152449,-0.035611,-0.001206,-0.062419,1.291667,0.0,3.0,0.050881,0.27676,0.226777
1523,89.909004,496.380005,0.409817,0.394572,1.0,0.0,0.05749,46862.0,0.071096,0.158907,0.065083,0.128727,-0.020743,0.278017,9.187931,-0.02,-0.8,-0.02,-0.25,-0.6,-2.0,0.241095,-0.078751,-0.003794,-0.018933,-0.051253,-0.008897,-0.00658,-0.014222,0.418528,-0.058823,-0.079109,-0.007914,-0.012527,0.829038,2.014149,-0.033414,-0.000647,-0.062977,1.666667,0.0,3.458333,0.056441,0.30485,0.332355
1524,96.013878,534.780029,0.461109,0.437556,0.75,0.041667,0.057976,54416.0,0.081754,0.165225,0.073684,0.148547,-0.022712,0.325388,9.070755,-0.02,-0.8,-0.02,-0.25,-0.6,-2.0,0.268203,-0.084253,-0.00577,-0.014298,-0.053313,-0.009547,-0.006978,-0.015625,0.466675,-0.063157,-0.089719,-0.008228,-0.013514,0.910896,2.265957,-0.036657,-0.001351,-0.064671,1.75,0.0,3.75,0.049937,0.289676,0.285549
1525,95.451347,536.700012,0.440977,0.422463,0.833333,0.041667,0.058265,54127.0,0.085951,0.173255,0.072802,0.149528,-0.023699,0.330285,8.966703,-0.02,-0.8,-0.02,-0.25,-0.6,-2.0,0.262829,-0.083791,-0.008653,-0.015795,-0.05895,-0.010218,-0.007683,-0.016747,0.448568,-0.073482,-0.098818,-0.009334,-0.014289,0.884892,2.176533,-0.039206,-0.001344,-0.057146,1.25,0.0,3.5,0.057554,0.263096,0.325304
1526,101.469894,570.51001,0.469388,0.448665,0.5,0.041667,0.058566,54488.0,0.090238,0.175773,0.072311,0.147804,-0.024337,0.313363,8.968655,-0.02,-0.8,-0.02,-0.25,-0.6,-2.0,0.274874,-0.085108,-0.007029,-0.013203,-0.057352,-0.010278,-0.007804,-0.016343,0.47063,-0.066589,-0.097792,-0.010048,-0.015384,0.917066,2.280541,-0.03805,-0.001057,-0.066138,1.458333,0.0,3.708333,0.057723,0.267752,0.22147
1527,99.831497,564.72998,0.487361,0.455363,0.791667,0.041667,0.05891,53935.0,0.093359,0.186164,0.073959,0.148219,-0.024211,0.312914,8.973068,-0.02,-0.8,-0.02,-0.25,-0.6,-2.0,0.286755,-0.088137,-0.008883,-0.016331,-0.056485,-0.010784,-0.007608,-0.017182,0.484968,-0.065863,-0.099686,-0.008896,-0.014506,0.956566,2.381445,-0.040542,-0.001775,-0.069722,2.25,0.0,3.375,0.056272,0.340872,0.271155
1528,110.948898,618.950012,0.541522,0.519662,0.416667,0.0,0.059186,54598.0,0.096567,0.19492,0.08375,0.151425,-0.02413,0.346713,9.030998,-0.02,-0.8,-0.02,-0.25,-0.6,-2.0,0.316708,-0.096264,-0.009383,-0.010714,-0.060683,-0.01086,-0.007286,-0.018002,0.54992,-0.064274,-0.097668,-0.009386,-0.016806,1.083195,2.685422,-0.03884,-0.001572,-0.076317,1.083333,0.0,3.125,0.045948,0.243335,0.251191
1529,117.226242,649.059998,0.542689,0.518219,0.625,0.041667,0.059321,53628.0,0.094409,0.211197,0.082081,0.164519,-0.026319,0.356231,8.84034,-0.02,-0.8,-0.02,-0.25,-0.6,-2.0,0.319655,-0.10211,-0.009134,-0.015932,-0.062555,-0.011539,-0.008183,-0.018408,0.550882,-0.073478,-0.101316,-0.010568,-0.017109,1.09731,2.662674,-0.042778,-0.001617,-0.118106,1.458333,0.0,3.125,0.0619,0.292989,0.298116
1530,111.626312,638.919983,0.554252,0.515959,0.833333,0.0,0.059617,54441.0,0.11021,0.210515,0.080404,0.16403,-0.025453,0.346224,8.841633,-0.02,-0.8,-0.02,-0.25,-0.6,-2.0,0.329226,-0.103365,-0.011892,-0.014341,-0.060224,-0.011885,-0.007966,-0.017611,0.553528,-0.070371,-0.100734,-0.009725,-0.016874,1.072265,2.753663,-0.042143,-0.002477,-0.076213,1.416667,0.0,3.333333,0.05124,0.286049,0.276619
1531,107.944984,617.75,0.506632,0.47029,0.826087,0.043478,0.05992,54446.0,0.098159,0.210582,0.082643,0.156428,-0.02549,0.346397,8.971809,-0.02,-0.8,-0.02,-0.25,-0.6,-2.0,0.307679,-0.095552,-0.012756,-0.016827,-0.05993,-0.011644,-0.008069,-0.017649,0.514195,-0.081454,-0.114962,-0.009377,-0.016231,1.031758,2.53982,-0.041572,-0.001922,-0.114095,1.521739,0.0,2.869565,0.060435,0.298797,0.330708
1532,111.322868,648.369995,0.537303,0.52291,0.791667,0.083333,0.060273,53699.0,0.111529,0.220097,0.081054,0.159024,-0.026213,0.331234,8.851208,-0.02,-0.8,-0.02,-0.25,-0.6,-2.0,0.32592,-0.099861,-0.012745,-0.016697,-0.063112,-0.012417,-0.008596,-0.018033,0.53531,-0.080246,-0.128864,-0.010781,-0.01708,1.069727,2.701049,-0.04373,-0.001248,-0.076612,1.375,0.0,2.708333,0.060799,0.294999,0.303879
1533,131.918823,740.679993,0.607505,0.559296,0.625,0.0,0.060486,52793.0,0.105515,0.220614,0.090881,0.161689,-0.026676,0.368994,9.082349,-0.02,-0.8,-0.02,-0.25,-0.6,-2.0,0.350412,-0.108601,-0.015013,-0.013856,-0.065039,-0.012197,-0.007919,-0.019069,0.595253,-0.068576,-0.108577,-0.009909,-0.017902,1.196289,2.934922,-0.042205,-0.001859,-0.11682,1.25,0.0,3.541667,0.058894,0.289635,0.240404
1534,120.388664,685.349976,0.565224,0.526728,0.75,0.0,0.060824,52848.0,0.113838,0.22436,0.083868,0.161231,-0.026828,0.337625,9.104891,-0.02,-0.8,-0.02,-0.25,-0.6,-2.0,0.334802,-0.102292,-0.012736,-0.017644,-0.065083,-0.012741,-0.008708,-0.018698,0.557314,-0.09137,-0.12544,-0.010569,-0.018171,1.090362,2.773635,-0.04466,-0.002863,-0.104991,1.375,0.0,2.833333,0.061729,0.325833,0.324414
1535,122.023796,691.919983,0.63131,0.613338,0.416667,0.041667,0.060907,52896.0,0.117386,0.233941,0.099983,0.179858,-0.027604,0.390343,8.894745,-0.02,-0.8,-0.02,-0.25,-0.6,-2.0,0.374118,-0.102643,-0.011497,-0.010335,-0.061758,-0.012911,-0.008002,-0.018764,0.637792,-0.067217,-0.108835,-0.010305,-0.018881,1.265573,3.145629,-0.044027,-0.003647,-0.086671,0.916667,0.0,2.5,0.058905,0.243822,0.203422
1536,137.423676,788.679993,0.638356,0.615062,0.73913,0.086957,0.061172,54686.0,0.13126,0.255622,0.096952,0.187548,-0.03043,0.407956,8.929839,-0.02,-0.8,-0.02,-0.25,-0.6,-2.0,0.391501,-0.119218,-0.015328,-0.015001,-0.075311,-0.014,-0.009174,-0.021457,0.653375,-0.09424,-0.118498,-0.011648,-0.021004,1.276588,3.258709,-0.049063,-0.00238,-0.11648,1.173913,0.0,3.304348,0.066446,0.281242,0.319181
1537,119.323357,688.859985,0.606808,0.568708,1.086957,0.0,0.06147,54306.0,0.113201,0.236081,0.091996,0.180951,-0.028565,0.407616,8.973876,-0.02,-0.8,-0.02,-0.25,-0.6,-2.0,0.356413,-0.110578,-0.009646,-0.020681,-0.068434,-0.013262,-0.008679,-0.019671,0.613913,-0.091767,-0.122648,-0.010652,-0.018105,1.193964,2.963575,-0.046981,-0.002359,-0.152753,1.521739,0.0,2.130435,0.067705,0.352698,0.350215
1538,145.493362,841.719971,0.720928,0.664137,0.5,0.041667,0.061576,53474.0,0.139434,0.282719,0.098546,0.200594,-0.031866,0.421794,8.83323,-0.02,-0.8,-0.02,-0.25,-0.6,-2.0,0.423995,-0.137088,-0.019273,-0.010896,-0.079413,-0.015447,-0.00986,-0.023463,0.713336,-0.080876,-0.120034,-0.01272,-0.022192,1.37607,3.523876,-0.054056,-0.002705,-0.141906,1.041667,0.0,3.666667,0.063938,0.263205,0.280779
1539,136.934708,795.76001,0.645774,0.627528,0.416667,0.0,0.061933,54004.0,0.137813,0.254219,0.100896,0.184926,-0.029499,0.390185,8.873425,-0.02,-0.8,-0.02,-0.25,-0.6,-2.0,0.401915,-0.115206,-0.014858,-0.015284,-0.071221,-0.014381,-0.008641,-0.02187,0.672718,-0.079343,-0.117653,-0.010358,-0.022067,1.291679,3.3531,-0.048603,-0.002352,-0.16233,1.541667,0.0,2.583333,0.073219,0.323361,0.265141
1540,143.500549,848.159973,0.60292,0.56548,0.958333,0.0,0.06234,53566.0,0.151529,0.275952,0.086494,0.178771,-0.028263,0.363705,9.349177,-0.02,-0.8,-0.02,-0.25,-0.6,-2.0,0.378815,-0.115871,-0.029408,-0.016532,-0.073869,-0.014385,-0.008981,-0.021171,0.604331,-0.092028,-0.133004,-0.01291,-0.022684,1.148266,3.095807,-0.049163,-0.005322,-0.159276,1.375,0.0,23.833334,0.068288,0.319169,0.320973
1541,135.794235,778.380005,0.643558,0.606645,0.958333,0.0,0.062795,54151.0,0.129319,0.251305,0.094617,0.188634,-0.029007,0.395545,9.43048,-0.02,-0.8,-0.02,-0.25,-0.6,-2.0,0.389491,-0.120786,-0.019445,-0.0142,-0.072507,-0.014671,-0.009198,-0.021588,0.63687,-0.084676,-0.119301,-0.010956,-0.018894,1.273446,3.247388,-0.050518,-0.002745,-0.153611,1.291667,0.0,3.916667,0.060646,0.29706,0.267015
1542,142.108337,838.299988,0.668272,0.633429,0.666667,0.083333,0.062908,54614.0,0.150084,0.270683,0.101615,0.195388,-0.030341,0.400678,8.928131,-0.02,-0.8,-0.02,-0.25,-0.6,-2.0,0.40943,-0.122745,-0.022527,-0.013435,-0.075645,-0.015367,-0.009577,-0.021731,0.678817,-0.086216,-0.131436,-0.011833,-0.022744,1.287339,3.38933,-0.050863,-0.004211,-0.195013,1.083333,0.0,3.666667,0.059523,0.264358,0.277602
1543,143.248642,820.789978,0.654232,0.613617,0.541667,0.041667,0.063235,54756.0,0.125867,0.24107,0.094309,0.19011,-0.029218,0.408313,9.260143,-0.02,-0.8,-0.02,-0.25,-0.6,-2.0,0.390834,-0.12262,-0.016451,-0.014423,-0.073761,-0.014519,-0.008994,-0.022303,0.648349,-0.07795,-0.113617,-0.012321,-0.021547,1.296885,3.267044,-0.049347,-0.002182,-0.138111,1.833333,0.0,3.416667,0.084679,0.313647,0.232861
1544,128.000168,756.23999,0.639631,0.604211,0.833333,0.0,0.063414,55088.0,0.130782,0.267535,0.097084,0.179443,-0.03022,0.370969,8.880366,-0.02,-0.8,-0.02,-0.25,-0.6,-2.0,0.381527,-0.119455,-0.012641,-0.014793,-0.077335,-0.014829,-0.009607,-0.021928,0.637253,-0.096742,-0.13226,-0.01261,-0.020842,1.250328,3.118375,-0.05031,-0.003437,-0.162204,1.333333,0.0,3.375,0.073667,0.29775,0.287688
1545,139.277023,805.919983,0.687804,0.646567,0.5,0.041667,0.063668,53939.0,0.133089,0.264088,0.095095,0.18298,-0.029395,0.387243,9.010051,-0.02,-0.8,-0.02,-0.25,-0.6,-2.0,0.409712,-0.124182,-0.01385,-0.012046,-0.070238,-0.01525,-0.008735,-0.020857,0.679361,-0.081563,-0.11645,-0.011157,-0.021231,1.34284,3.436777,-0.050149,-0.00297,-0.188323,1.083333,0.0,3.833333,0.056476,0.254604,0.262277
1546,132.017593,800.140015,0.653602,0.613563,0.75,0.125,0.063956,53703.0,0.157699,0.311545,0.093942,0.199315,-0.032062,0.383518,9.217394,-0.02,-0.8,-0.02,-0.25,-0.6,-2.0,0.402195,-0.130498,-0.023754,-0.013628,-0.08387,-0.016025,-0.010388,-0.024447,0.646719,-0.095207,-0.129547,-0.015502,-0.024746,1.222537,3.207434,-0.054933,-0.005996,-0.21031,1.083333,0.0,3.416667,0.087975,0.296236,0.30115
1547,140.903183,840.599976,0.694777,0.640121,0.458333,0.0,0.064328,55003.0,0.155873,0.304188,0.101624,0.20516,-0.032097,0.414283,8.947055,-0.02,-0.8,-0.02,-0.25,-0.6,-2.0,0.417887,-0.127903,-0.02999,-0.012464,-0.082857,-0.016612,-0.010272,-0.023552,0.672682,-0.093665,-0.135888,-0.013727,-0.024154,1.301227,3.372308,-0.054797,-0.003601,-0.187033,1.25,0.0,3.916667,0.07765,0.293075,0.282881
1548,155.087723,900.76001,0.761641,0.72184,0.291667,0.0,0.0644,55147.0,0.15085,0.297549,0.10446,0.189695,-0.029589,0.398262,8.891914,-0.02,-0.8,-0.02,-0.25,-0.6,-2.0,0.457872,-0.140032,-0.02142,-0.007131,-0.074509,-0.016665,-0.008992,-0.022747,0.745582,-0.084293,-0.127295,-0.011302,-0.023186,1.487458,3.827559,-0.05245,-0.001903,-0.130736,0.625,0.0,3.583333,0.052703,0.217003,0.234819
1549,141.429901,842.710022,0.687138,0.634015,0.625,0.041667,0.064488,55139.0,0.15123,0.267866,0.095693,0.188823,-0.030538,0.397483,8.741469,-0.02,-0.8,-0.02,-0.25,-0.6,-2.0,0.411667,-0.128536,-0.021636,-0.012127,-0.076896,-0.016121,-0.009328,-0.023276,0.67702,-0.08779,-0.127218,-0.012817,-0.023863,1.292407,3.388761,-0.052325,-0.003143,-0.270738,0.916667,0.0,3.583333,0.071941,0.244433,0.292259
1550,146.890945,853.27002,0.69923,0.649945,0.583333,0.0,0.064843,52132.0,0.140624,0.275846,0.107467,0.207048,-0.033075,0.436324,8.894236,-0.02,-0.8,-0.02,-0.25,-0.6,-2.0,0.415802,-0.126689,-0.022353,-0.013399,-0.08198,-0.016721,-0.010243,-0.024133,0.689468,-0.087881,-0.132382,-0.013002,-0.023413,1.360567,3.419355,-0.05599,-0.002898,-0.171236,1.333333,0.0,3.625,0.069749,0.311534,0.250112
1551,149.148575,868.75,0.689425,0.652852,0.75,0.041667,0.065165,48937.0,0.138401,0.282517,0.102284,0.188159,-0.030776,0.396947,9.026009,-0.02,-0.8,-0.02,-0.25,-0.6,-2.0,0.415618,-0.120413,-0.015318,-0.013147,-0.073975,-0.016265,-0.009278,-0.022111,0.670964,-0.083359,-0.131111,-0.011835,-0.022039,1.362418,3.430465,-0.052887,-0.002032,-0.147369,1.708333,0.0,4.25,0.066275,0.303076,0.270706
1552,147.756332,853.47998,0.690053,0.646842,0.958333,0.0,0.065364,48814.0,0.14736,0.269729,0.099305,0.207444,-0.031595,0.4355,9.080184,-0.02,-0.8,-0.02,-0.25,-0.6,-2.0,0.41686,-0.135885,-0.023794,-0.011445,-0.080315,-0.016804,-0.010189,-0.023343,0.69008,-0.093137,-0.135071,-0.014482,-0.02378,1.330312,3.446341,-0.054431,-0.003363,-0.215149,1.083333,0.0,4.791667,0.07379,0.257518,0.279688
1553,151.680328,886.349976,0.73795,0.689621,0.5,0.083333,0.065561,46118.0,0.158268,0.297998,0.107119,0.205212,-0.033178,0.431246,9.040005,-0.02,-0.8,-0.02,-0.25,-0.6,-2.0,0.444906,-0.131872,-0.025465,-0.006971,-0.08119,-0.017719,-0.009814,-0.024231,0.732568,-0.090557,-0.140037,-0.012786,-0.025426,1.415706,3.661187,-0.056937,-0.00259,-0.168923,0.708333,0.0,5.708333,0.062999,0.200244,0.246027
1554,144.409164,851.400024,0.715306,0.666045,0.583333,0.0,0.065792,54374.0,0.154297,0.28806,0.104892,0.199496,-0.031639,0.407992,9.097424,-0.02,-0.8,-0.02,-0.25,-0.6,-2.0,0.43136,-0.126843,-0.027313,-0.009974,-0.077717,-0.017187,-0.009565,-0.023279,0.712023,-0.08495,-0.133704,-0.012486,-0.024089,1.360659,3.561588,-0.055184,-0.002558,-0.156664,1.166667,0.0,4.833333,0.067386,0.239124,0.238905
1555,141.415833,839.320007,0.698898,0.64852,0.458333,0.0,0.065969,52660.0,0.150202,0.275322,0.103452,0.198293,-0.030933,0.408631,8.952025,-0.02,-0.8,-0.02,-0.25,-0.6,-2.0,0.421384,-0.123443,-0.024114,-0.011724,-0.076328,-0.016879,-0.009349,-0.022469,0.699375,-0.081893,-0.125392,-0.01182,-0.024181,1.33864,3.480103,-0.053216,-0.001992,-0.202029,1.541667,0.0,4.375,0.066459,0.276738,0.258254
1556,151.812851,863.789978,0.738009,0.700681,0.541667,0.0,0.06603,53774.0,0.137318,0.287176,0.109402,0.202604,-0.032654,0.43775,8.932841,-0.02,-0.8,-0.02,-0.25,-0.6,-2.0,0.433445,-0.133284,-0.013086,-0.00886,-0.07882,-0.017464,-0.009805,-0.024249,0.726511,-0.083551,-0.132385,-0.012533,-0.024191,1.450967,3.582683,-0.056049,-0.001516,-0.156134,1.041667,0.0,5.25,0.059952,0.228124,0.223388
1557,153.585739,887.330017,0.705057,0.666784,0.625,0.0,0.066068,53988.0,0.153834,0.313333,0.103568,0.200898,-0.031731,0.423728,8.947752,-0.02,-0.8,-0.02,-0.25,-0.6,-2.0,0.426248,-0.128354,-0.0203,-0.011642,-0.078797,-0.018084,-0.009867,-0.022745,0.705297,-0.097646,-0.147724,-0.012933,-0.024396,1.355014,3.462893,-0.056407,-0.00353,-0.171177,1.041667,0.0,4.375,0.060505,0.257663,0.272604
1558,140.20108,830.099976,0.698102,0.644242,0.458333,0.0,0.066345,54264.0,0.163363,0.29901,0.093522,0.199534,-0.030633,0.397667,9.039828,-0.02,-0.8,-0.02,-0.25,-0.6,-2.0,0.423984,-0.135664,-0.03118,-0.01026,-0.07952,-0.017045,-0.00925,-0.02274,0.698194,-0.081709,-0.124151,-0.012458,-0.024999,1.292657,3.45562,-0.05457,-0.005472,-0.146325,1.291667,0.0,4.5,0.076522,0.267545,0.262353
1559,127.585976,753.97998,0.675244,0.637939,0.833333,0.0,0.066685,53703.0,0.140742,0.27905,0.100901,0.197954,-0.030667,0.41965,8.805885,-0.02,-0.8,-0.02,-0.25,-0.6,-2.0,0.403889,-0.122122,-0.017293,-0.015536,-0.078231,-0.016769,-0.009366,-0.022149,0.672098,-0.088199,-0.136057,-0.012604,-0.023484,1.30407,3.295019,-0.053376,-0.002778,-0.171768,1.75,0.0,3.458333,0.071087,0.322572,0.285011
1560,148.264389,878.179993,0.716388,0.673251,0.416667,0.0,0.066971,53721.0,0.150534,0.287223,0.103076,0.19752,-0.030213,0.399988,8.921778,-0.02,-0.8,-0.02,-0.25,-0.6,-2.0,0.435994,-0.131009,-0.028042,-0.008632,-0.0771,-0.017824,-0.009322,-0.022857,0.70705,-0.089425,-0.134673,-0.01276,-0.024448,1.391882,3.60423,-0.054773,-0.004068,-0.230151,0.833333,0.0,3.916667,0.061774,0.229304,0.249204
1561,147.164383,846.419983,0.688811,0.66231,0.708333,0.0,0.067298,54539.0,0.135491,0.268624,0.099504,0.195943,-0.029556,0.413858,9.249187,-0.02,-0.8,-0.02,-0.25,-0.6,-2.0,0.411683,-0.128006,-0.019293,-0.011365,-0.074769,-0.017007,-0.009182,-0.02264,0.688855,-0.081586,-0.126702,-0.011679,-0.022714,1.362059,3.403629,-0.053064,-0.001841,-0.147411,1.208333,0.0,4.833333,0.06261,0.267719,0.227043
1562,137.99086,817.140015,0.659721,0.635969,0.833333,0.041667,0.067529,53712.0,0.144085,0.284339,0.092119,0.186651,-0.029172,0.381467,9.034706,-0.02,-0.8,-0.02,-0.25,-0.6,-2.0,0.398751,-0.127002,-0.020508,-0.01259,-0.077438,-0.016725,-0.009231,-0.021918,0.649769,-0.089914,-0.121866,-0.013117,-0.023822,1.254301,3.251817,-0.052695,-0.003815,-0.155075,1.041667,0.0,3.666667,0.061233,0.245338,0.279831
1563,130.115799,784.419983,0.65914,0.608311,0.583333,0.041667,0.06788,51306.0,0.14892,0.290559,0.098058,0.19087,-0.031051,0.385016,9.003459,-0.02,-0.8,-0.02,-0.25,-0.6,-2.0,0.398887,-0.133524,-0.018986,-0.013764,-0.082634,-0.01715,-0.009996,-0.023014,0.660189,-0.094335,-0.139618,-0.013208,-0.025389,1.243615,3.208746,-0.053806,-0.002256,-0.176847,1.333333,0.0,3.375,0.070628,0.292236,0.256084
1564,141.028519,861.049988,0.695405,0.651826,0.5,0.0,0.068184,49132.0,0.179329,0.327515,0.102548,0.206296,-0.032876,0.398598,8.958661,-0.02,-0.8,-0.02,-0.25,-0.6,-2.0,0.42666,-0.131321,-0.02339,-0.010231,-0.083488,-0.018754,-0.010226,-0.023348,0.669375,-0.095046,-0.150363,-0.012738,-0.02605,1.26001,3.389852,-0.058267,-0.003844,-0.157464,1.041667,0.0,4.125,0.076429,0.245532,0.266178
1565,134.772995,798.039978,0.644766,0.614149,0.791667,0.0,0.068485,48465.0,0.152481,0.284685,0.096535,0.205331,-0.03184,0.405266,8.83176,-0.02,-0.8,-0.02,-0.25,-0.6,-2.0,0.392458,-0.127429,-0.019146,-0.013724,-0.078732,-0.018165,-0.009964,-0.023176,0.644777,-0.093335,-0.133541,-0.01326,-0.023375,1.210516,3.167423,-0.058104,-0.003128,-0.154785,1.083333,0.0,3.541667,0.067921,0.270768,0.276543
1566,144.580429,870.409973,0.710265,0.668896,0.666667,0.0,0.068768,47358.0,0.178524,0.301889,0.100356,0.20238,-0.030972,0.391422,8.881421,-0.02,-0.8,-0.02,-0.25,-0.6,-2.0,0.434479,-0.145725,-0.037534,-0.008959,-0.082082,-0.018546,-0.00962,-0.023944,0.70938,-0.089897,-0.128848,-0.014136,-0.025579,1.290651,3.534846,-0.056619,-0.004526,-0.145434,0.75,0.0,4.208333,0.072282,0.225342,0.252059
1567,139.904846,846.169983,0.69479,0.633033,0.583333,0.083333,0.068971,49214.0,0.157564,0.317888,0.098047,0.198358,-0.031421,0.398644,8.836068,-0.02,-0.8,-0.02,-0.25,-0.6,-2.0,0.417008,-0.130005,-0.025579,-0.012135,-0.082435,-0.018683,-0.010208,-0.02355,0.674268,-0.101579,-0.152419,-0.013514,-0.025482,1.296309,3.347842,-0.057651,-0.002516,-0.172007,1.0,0.0,4.333333,0.064932,0.256964,0.290009
1568,140.814346,826.710022,0.676424,0.627022,0.541667,0.083333,0.069383,49925.0,0.140922,0.270123,0.100053,0.192742,-0.030324,0.402682,8.81261,-0.02,-0.8,-0.02,-0.25,-0.6,-2.0,0.401587,-0.114944,-0.019683,-0.011357,-0.076362,-0.01737,-0.009301,-0.022255,0.67374,-0.084283,-0.133039,-0.011673,-0.024428,1.287667,3.289799,-0.053921,-0.003032,-0.141704,1.0,0.0,3.958333,0.069558,0.24523,0.248771
1569,133.328079,811.469971,0.675492,0.626747,0.75,0.041667,0.069502,49021.0,0.155742,0.288399,0.095646,0.191058,-0.030131,0.376949,8.804683,-0.02,-0.8,-0.02,-0.25,-0.6,-2.0,0.412734,-0.122123,-0.018474,-0.011536,-0.07759,-0.017991,-0.00906,-0.022304,0.661048,-0.086267,-0.133098,-0.011867,-0.025565,1.264645,3.356545,-0.054538,-0.002685,-0.174266,0.833333,0.0,3.583333,0.066697,0.243731,0.277724
1570,149.576813,893.309998,0.736777,0.720824,0.291667,0.0,0.069738,48716.0,0.15554,0.319671,0.11621,0.219559,-0.032706,0.447567,8.564047,-0.02,-0.8,-0.02,-0.25,-0.6,-2.0,0.450415,-0.138023,-0.025752,-0.006668,-0.080235,-0.019501,-0.010207,-0.02395,0.731455,-0.091611,-0.15228,-0.013313,-0.023902,1.45577,3.669063,-0.060225,-0.002653,-0.183497,0.583333,0.0,3.833333,0.065327,0.189989,0.223254
1571,137.851517,830.75,0.700889,0.636897,0.541667,0.041667,0.069954,47853.0,0.154253,0.310707,0.098879,0.198831,-0.033059,0.396812,8.793086,-0.02,-0.8,-0.02,-0.25,-0.6,-2.0,0.427665,-0.136196,-0.040029,-0.011796,-0.079803,-0.019757,-0.012424,-0.023892,0.680306,-0.116102,-0.169746,-0.014775,-0.023687,1.357542,3.448529,-0.060093,-0.001972,-0.160926,1.125,0.0,3.791667,0.077453,0.283159,0.264116
1572,148.330704,863.280029,0.702447,0.660814,0.625,0.0,0.070001,47410.0,0.14728,0.298359,0.110147,0.209252,-0.032704,0.446275,8.90351,-0.02,-0.8,-0.02,-0.25,-0.6,-2.0,0.428991,-0.130361,-0.018354,-0.010393,-0.082573,-0.019016,-0.009599,-0.023949,0.708107,-0.096745,-0.145126,-0.012598,-0.025607,1.401296,3.501788,-0.058736,-0.002451,-0.120777,0.75,0.0,3.416667,0.067667,0.237466,0.254305
1573,149.323898,889.059998,0.731101,0.691951,0.545455,0.0,0.070316,50836.0,0.165134,0.32469,0.10228,0.212662,-0.030926,0.428958,8.492999,-0.02,-0.8,-0.02,-0.25,-0.6,-2.0,0.443013,-0.137143,-0.032188,-0.008143,-0.079375,-0.018989,-0.009611,-0.023508,0.723966,-0.085854,-0.135486,-0.012071,-0.026172,1.378062,3.581046,-0.057768,-0.008531,-0.191456,0.545455,0.0,4.090909,0.059342,0.229125,0.258831
1574,138.347137,828.349976,0.665818,0.627571,0.708333,0.0,0.070386,48748.0,0.150992,0.289489,0.106866,0.214046,-0.032931,0.411609,8.561285,-0.02,-0.8,-0.02,-0.25,-0.6,-2.0,0.405239,-0.130836,-0.029917,-0.012379,-0.08585,-0.018709,-0.010342,-0.024324,0.675312,-0.095667,-0.149196,-0.013488,-0.023481,1.274106,3.22881,-0.059176,-0.002911,-0.160592,0.708333,0.0,3.041667,0.074679,0.257558,0.271192
1575,142.773575,879.359985,0.722924,0.655086,0.666667,0.0,0.070653,52713.0,0.169754,0.311507,0.099744,0.209056,-0.03386,0.399572,8.696606,-0.02,-0.8,-0.02,-0.25,-0.6,-2.0,0.441002,-0.144819,-0.033396,-0.010513,-0.089092,-0.020686,-0.010751,-0.025849,0.698606,-0.10475,-0.149976,-0.015102,-0.027832,1.349017,3.548158,-0.063739,-0.003655,-0.204316,0.958333,0.0,3.583333,0.075379,0.245333,0.286276
1576,146.523575,873.23999,0.733815,0.670364,0.521739,0.0,0.070838,54172.0,0.149301,0.31686,0.102631,0.190242,-0.030601,0.374498,8.725437,-0.02,-0.8,-0.02,-0.25,-0.6,-2.0,0.437683,-0.138709,-0.025346,-0.009373,-0.075173,-0.019137,-0.009233,-0.02211,0.709573,-0.085478,-0.123458,-0.011899,-0.023194,1.412565,3.557812,-0.056648,-0.002036,-0.138394,0.521739,0.0,3.130435,0.062333,0.22129,0.279589
1577,140.322281,830.26001,0.646386,0.630525,0.708333,0.041667,0.07109,54819.0,0.157407,0.288753,0.103179,0.177302,-0.029865,0.348654,8.657297,-0.02,-0.8,-0.02,-0.25,-0.6,-2.0,0.417363,-0.126118,-0.023992,-0.010726,-0.076425,-0.019154,-0.009293,-0.021726,0.667297,-0.093159,-0.131092,-0.011519,-0.024371,1.304855,3.404911,-0.055651,-0.003257,-0.151504,0.791667,0.0,2.958333,0.06618,0.236226,0.275418
1578,148.969101,892.450012,0.719029,0.656796,0.434783,0.043478,0.071157,55734.0,0.157486,0.32254,0.100001,0.199788,-0.032287,0.397266,8.627882,-0.02,-0.8,-0.02,-0.25,-0.6,-2.0,0.440728,-0.141455,-0.02017,-0.010161,-0.083944,-0.020677,-0.010687,-0.023167,0.715575,-0.104575,-0.152843,-0.013299,-0.026715,1.401513,3.546049,-0.060805,-0.003818,-0.195128,0.782609,0.0,3.782609,0.060794,0.221809,0.28208
1579,136.604279,806.01001,0.633647,0.590954,0.541667,0.0,0.071375,55263.0,0.137093,0.278547,0.103291,0.205024,-0.031325,0.408836,8.844845,-0.02,-0.8,-0.02,-0.25,-0.6,-2.0,0.380708,-0.119298,-0.015569,-0.015653,-0.076594,-0.018013,-0.00987,-0.022361,0.632419,-0.090084,-0.135724,-0.012077,-0.021282,1.21759,3.061637,-0.057389,-0.002013,-0.111201,1.25,0.0,2.958333,0.064824,0.330586,0.29418
1580,149.868057,906.75,0.738936,0.691442,0.478261,0.086957,0.071442,54277.0,0.171485,0.329965,0.117941,0.224382,-0.035204,0.434518,8.560241,-0.02,-0.8,-0.02,-0.25,-0.6,-2.0,0.45785,-0.133603,-0.030169,-0.006676,-0.090675,-0.021751,-0.010629,-0.02611,0.755794,-0.092276,-0.15085,-0.012358,-0.02868,1.427214,3.674312,-0.065194,-0.003538,-0.257084,0.304348,0.0,4.173913,0.05943,0.216238,0.258483
1581,132.301331,786.5,0.670852,0.632363,1.083333,0.0,0.071646,54887.0,0.136313,0.283063,0.094811,0.178216,-0.029702,0.351393,8.769671,-0.02,-0.8,-0.02,-0.25,-0.6,-2.0,0.3985,-0.129761,-0.01692,-0.014514,-0.073961,-0.018081,-0.009054,-0.021616,0.662937,-0.091123,-0.126897,-0.01215,-0.021588,1.299188,3.230648,-0.0557,-0.002271,-0.12424,0.958333,0.0,3.208333,0.07501,0.263577,0.318806
1582,159.445236,949.710022,0.741549,0.707146,0.541667,0.083333,0.071691,54747.0,0.160717,0.324678,0.112365,0.212165,-0.033134,0.420015,8.826766,-0.02,-0.8,-0.02,-0.25,-0.6,-2.0,0.447015,-0.13325,-0.023544,-0.007734,-0.082875,-0.020677,-0.010618,-0.025096,0.731799,-0.092289,-0.149688,-0.01272,-0.025249,1.426094,3.607037,-0.062209,-0.002858,-0.150447,0.791667,0.0,20.333334,0.057153,0.193203,0.223668
1583,148.896088,869.650024,0.738467,0.696391,0.583333,0.041667,0.072073,54302.0,0.148821,0.303029,0.101166,0.199244,-0.030486,0.405139,8.987814,-0.02,-0.8,-0.02,-0.25,-0.6,-2.0,0.436129,-0.142875,-0.020431,-0.008276,-0.077958,-0.019582,-0.009485,-0.023187,0.724727,-0.090967,-0.1356,-0.013083,-0.024081,1.415748,3.560726,-0.05821,-0.001801,-0.161907,0.791667,0.0,4.208333,0.063719,0.22092,0.231006
1584,136.323761,815.369995,0.695516,0.661581,0.75,0.0,0.072279,54925.0,0.166533,0.317382,0.103184,0.206439,-0.030581,0.400657,8.819023,-0.02,-0.8,-0.02,-0.25,-0.6,-2.0,0.428662,-0.130682,-0.025559,-0.009108,-0.077978,-0.019496,-0.009067,-0.022255,0.691085,-0.089211,-0.129603,-0.011633,-0.026005,1.305163,3.44798,-0.057491,-0.00259,-0.129466,0.833333,0.0,4.0,0.066571,0.212839,0.270555
1585,142.314957,862.340027,0.744641,0.686859,0.625,0.083333,0.072286,53802.0,0.173893,0.330295,0.111049,0.221674,-0.034204,0.423922,8.745165,-0.02,-0.8,-0.02,-0.25,-0.6,-2.0,0.451901,-0.136424,-0.030756,-0.008113,-0.089913,-0.022271,-0.011868,-0.026716,0.733852,-0.107178,-0.178187,-0.015549,-0.028148,1.401759,3.584398,-0.066018,-0.003228,-0.213807,0.541667,0.0,4.5,0.069458,0.218834,0.252017
1586,144.532181,858.669983,0.702778,0.666093,0.75,0.0,0.072425,55484.0,0.153462,0.313675,0.102041,0.203699,-0.030024,0.402808,9.024261,-0.02,-0.8,-0.02,-0.25,-0.6,-2.0,0.4283,-0.130219,-0.022819,-0.00893,-0.081395,-0.020276,-0.009438,-0.023457,0.703998,-0.099336,-0.149577,-0.012257,-0.025892,1.365477,3.441741,-0.058476,-0.002376,-0.16529,0.333333,0.0,4.041667,0.058203,0.196332,0.271193
1587,144.030106,868.099976,0.680394,0.646461,0.791667,0.0,0.072653,54969.0,0.154251,0.307695,0.100453,0.207723,-0.031993,0.39877,9.112114,-0.02,-0.8,-0.02,-0.25,-0.6,-2.0,0.418322,-0.138594,-0.021528,-0.011228,-0.084546,-0.02057,-0.010656,-0.024304,0.683263,-0.106248,-0.156134,-0.013776,-0.025002,1.324015,3.335353,-0.061815,-0.003249,-0.138016,0.75,0.0,4.208333,0.057933,0.235112,0.269165
1588,145.587799,856.330017,0.706124,0.654448,0.625,0.0,0.072975,53398.0,0.149563,0.307705,0.103538,0.198476,-0.030561,0.390516,9.129344,-0.02,-0.8,-0.02,-0.25,-0.6,-2.0,0.421447,-0.134298,-0.028268,-0.009376,-0.076631,-0.019726,-0.009502,-0.023088,0.683528,-0.089992,-0.136116,-0.012378,-0.02266,1.347123,3.388404,-0.058754,-0.002146,-0.14743,0.708333,0.0,3.833333,0.066399,0.220416,0.271081
1589,145.290558,879.570007,0.731643,0.695336,0.666667,0.0,0.073148,53013.0,0.170094,0.31357,0.106834,0.21604,-0.032199,0.421305,8.691521,-0.02,-0.8,-0.02,-0.25,-0.6,-2.0,0.447836,-0.142665,-0.039299,-0.008153,-0.082806,-0.02092,-0.009837,-0.024673,0.721803,-0.091995,-0.137613,-0.013429,-0.026355,1.377845,3.622105,-0.061533,-0.002744,-0.15901,0.5,0.0,3.916667,0.07478,0.20796,0.253506
1590,150.352524,901.700012,0.774596,0.692632,0.458333,0.0,0.073479,54382.0,0.161072,0.331774,0.118387,0.223432,-0.033361,0.44325,8.869709,-0.02,-0.8,-0.02,-0.25,-0.6,-2.0,0.454283,-0.134121,-0.021489,-0.008101,-0.081848,-0.021529,-0.010069,-0.024468,0.764254,-0.089518,-0.143997,-0.011645,-0.02616,1.448941,3.64308,-0.06326,-0.00229,-0.202583,0.625,0.0,3.625,0.060218,0.231587,0.216161
1591,150.567108,896.609985,0.75155,0.7195,0.375,0.0,0.073805,53768.0,0.162631,0.330682,0.114547,0.225884,-0.03507,0.442726,8.851475,-0.02,-0.8,-0.02,-0.25,-0.6,-2.0,0.454743,-0.144105,-0.017833,-0.007278,-0.082389,-0.022249,-0.010824,-0.02501,0.742037,-0.095377,-0.153933,-0.013272,-0.025926,1.446612,3.631984,-0.066399,-0.00183,-0.185391,0.791667,0.0,4.291667,0.056063,0.195007,0.226839
1592,126.953941,777.409973,0.68175,0.629853,0.708333,0.0,0.073995,53966.0,0.158769,0.314807,0.092143,0.178382,-0.029487,0.349256,9.008677,-0.02,-0.8,-0.02,-0.25,-0.6,-2.0,0.409326,-0.126311,-0.026008,-0.009818,-0.076947,-0.019808,-0.009093,-0.022793,0.651911,-0.094086,-0.136088,-0.011509,-0.024494,1.272219,3.255539,-0.057471,-0.002448,-0.142017,0.916667,0.0,3.875,0.066757,0.239533,0.259905
1593,151.061615,907.099976,0.70353,0.666453,0.708333,0.041667,0.0743,53559.0,0.159281,0.323798,0.105161,0.209732,-0.032782,0.412548,8.97283,-0.02,-0.8,-0.02,-0.25,-0.6,-2.0,0.429842,-0.138568,-0.031213,-0.008705,-0.085949,-0.021321,-0.010409,-0.024472,0.704049,-0.100947,-0.149758,-0.01447,-0.026893,1.346916,3.417743,-0.063098,-0.005884,-0.216147,0.875,0.0,5.25,0.078915,0.207714,0.246247
1594,144.389999,874.76001,0.747065,0.695301,0.541667,0.0,0.074545,52565.0,0.162554,0.325267,0.113041,0.208295,-0.033116,0.411895,9.155737,-0.02,-0.8,-0.02,-0.25,-0.6,-2.0,0.450509,-0.138504,-0.020549,-0.007066,-0.083181,-0.021635,-0.009834,-0.024324,0.73199,-0.087065,-0.131549,-0.012934,-0.026169,1.418195,3.619561,-0.063318,-0.00249,-0.127818,0.708333,0.0,5.0,0.059366,0.200717,0.249584
1595,150.789703,900.890015,0.749921,0.705572,0.666667,0.0,0.074656,53931.0,0.161107,0.307672,0.113195,0.220618,-0.032728,0.432529,8.800197,-0.02,-0.8,-0.02,-0.25,-0.6,-2.0,0.453417,-0.144643,-0.025671,-0.007367,-0.082645,-0.022028,-0.010289,-0.024729,0.735875,-0.092938,-0.148552,-0.013067,-0.025797,1.455127,3.66937,-0.064394,-0.002585,-0.276229,0.583333,0.0,5.583333,0.060484,0.208286,0.215693
1596,149.310181,874.950012,0.726359,0.696853,0.458333,0.041667,0.074926,54667.0,0.1567,0.34699,0.104856,0.192737,-0.033602,0.390758,8.909756,-0.02,-0.8,-0.02,-0.25,-0.6,-2.0,0.442302,-0.135837,-0.022407,-0.007988,-0.082196,-0.02207,-0.011072,-0.023895,0.722991,-0.093436,-0.160347,-0.012852,-0.02613,1.423109,3.496521,-0.062139,-0.002238,-0.13089,0.541667,0.0,4.125,0.056702,0.216351,0.232059
1597,146.405228,864.570007,0.714151,0.673219,0.583333,0.125,0.075152,54306.0,0.147714,0.296929,0.099784,0.206855,-0.031541,0.420911,9.125267,-0.02,-0.8,-0.02,-0.25,-0.6,-2.0,0.426981,-0.140707,-0.024873,-0.008652,-0.081478,-0.020849,-0.009756,-0.02351,0.714,-0.088553,-0.131309,-0.012576,-0.025784,1.377193,3.461476,-0.060312,-0.001725,-0.165284,0.75,0.0,5.0,0.057039,0.19334,0.238045
1598,145.648254,879.530029,0.726069,0.696609,0.5,0.0,0.075463,52746.0,0.152822,0.324445,0.1066,0.201415,-0.031396,0.407111,8.85647,-0.02,-0.8,-0.02,-0.25,-0.6,-2.0,0.441606,-0.136622,-0.019585,-0.007397,-0.076239,-0.021718,-0.009662,-0.02347,0.720679,-0.094856,-0.146918,-0.013011,-0.025153,1.423727,3.548017,-0.062026,-0.002603,-0.17125,0.666667,0.0,4.833333,0.058264,0.210622,0.216709
1599,149.919434,921.23999,0.735663,0.660636,0.791667,0.0,0.075635,5323.0,0.188294,0.343887,0.102373,0.21458,-0.033759,0.393485,8.940781,-0.02,-0.8,-0.02,-0.25,-0.6,-2.0,0.449658,-0.134308,-0.040683,-0.006702,-0.091522,-0.023497,-0.011183,-0.025814,0.705326,-0.107621,-0.162083,-0.013988,-0.030428,1.323344,3.543742,-0.067251,-0.003484,-0.199857,0.375,0.0,4.625,0.076075,0.1894,0.270928
1600,154.839249,941.330017,0.768316,0.719985,0.5,0.0,0.075884,5106.0,0.178909,0.332846,0.11359,0.215273,-0.033834,0.4118,8.73435,-0.02,-0.8,-0.02,-0.25,-0.6,-2.0,0.464822,-0.144126,-0.030698,-0.005935,-0.08558,-0.022524,-0.009898,-0.025032,0.757438,-0.088638,-0.138073,-0.012508,-0.028112,1.421008,3.727252,-0.065193,-0.002615,-0.205346,0.333333,0.0,4.708333,0.067056,0.200541,0.239781
1601,151.825363,911.419983,0.758887,0.713526,0.375,0.0,0.076019,5082.0,0.163261,0.342967,0.113721,0.21,-0.03291,0.401704,8.893143,-0.02,-0.8,-0.02,-0.25,-0.6,-2.0,0.458961,-0.138282,-0.029161,-0.005853,-0.083385,-0.023012,-0.010209,-0.025046,0.745614,-0.095773,-0.14315,-0.01287,-0.027392,1.465338,3.639694,-0.065492,-0.002587,-0.212532,0.416667,0.0,4.166667,0.069213,0.199817,0.243247
1602,156.52066,923.98999,0.777389,0.723902,0.375,0.0,0.076316,5047.0,0.162433,0.357691,0.115463,0.211438,-0.032402,0.426939,8.821738,-0.02,-0.8,-0.02,-0.25,-0.6,-2.0,0.465679,-0.146647,-0.023429,-0.005545,-0.082267,-0.022842,-0.009898,-0.024902,0.761835,-0.08861,-0.137168,-0.012606,-0.0272,1.502973,3.700622,-0.063973,-0.002352,-0.133496,0.458333,0.0,3.75,0.054518,0.18238,0.223561
1603,140.63475,838.179993,0.737499,0.689053,0.666667,0.041667,0.076412,4989.0,0.15988,0.31536,0.119387,0.217043,-0.033484,0.421826,9.057135,-0.02,-0.8,-0.02,-0.25,-0.6,-2.0,0.439306,-0.132426,-0.019529,-0.007003,-0.081392,-0.022313,-0.010328,-0.024749,0.738856,-0.097091,-0.142232,-0.012645,-0.025999,1.394554,3.50997,-0.064582,-0.002988,-0.180261,0.5,0.0,5.041667,0.060091,0.183027,0.248856
1604,153.308167,908.400024,0.75621,0.692196,0.541667,0.0,0.076609,5036.0,0.157835,0.313566,0.106021,0.20417,-0.030878,0.41087,8.824392,-0.02,-0.8,-0.02,-0.25,-0.6,-2.0,0.450357,-0.138893,-0.030261,-0.006923,-0.078629,-0.022162,-0.009677,-0.023531,0.738203,-0.088003,-0.141488,-0.011426,-0.025395,1.43998,3.647168,-0.062832,-0.003657,-0.146189,0.458333,0.0,3.708333,0.055384,0.205658,0.233985
1605,153.94101,919.440002,0.761557,0.726442,0.375,0.0,0.076834,4989.0,0.160923,0.355463,0.117185,0.231575,-0.035397,0.455859,8.84216,-0.02,-0.8,-0.02,-0.25,-0.6,-2.0,0.457317,-0.145846,-0.017242,-0.006716,-0.087861,-0.023381,-0.010676,-0.025488,0.767109,-0.091225,-0.139716,-0.013437,-0.028475,1.468924,3.600637,-0.067597,-0.001897,-0.216365,0.708333,0.0,4.416667,0.06694,0.210243,0.205132
1606,145.835129,884.51001,0.722699,0.689928,0.416667,0.041667,0.076947,5017.0,0.178754,0.332968,0.116403,0.221382,-0.033842,0.421424,8.937963,-0.02,-0.8,-0.02,-0.25,-0.6,-2.0,0.456565,-0.135737,-0.032831,-0.005825,-0.085467,-0.023224,-0.010313,-0.025354,0.717192,-0.101028,-0.148568,-0.013312,-0.028909,1.383538,3.632326,-0.065965,-0.002647,-0.184203,0.5,0.0,4.5,0.072943,0.177268,0.237508
1607,149.527512,898.119995,0.740169,0.714623,0.625,0.0,0.077175,4996.0,0.155735,0.334293,0.12137,0.212679,-0.032818,0.40853,8.882572,-0.02,-0.8,-0.02,-0.25,-0.6,-2.0,0.437679,-0.140572,-0.019943,-0.007799,-0.07973,-0.022854,-0.010563,-0.023672,0.715711,-0.102012,-0.146753,-0.012858,-0.022982,1.407854,3.466979,-0.065649,-0.002527,-0.162847,0.416667,0.0,4.25,0.051092,0.16449,0.235174
1608,142.347794,850.51001,0.732026,0.674889,0.875,0.083333,0.077407,4965.0,0.163754,0.325787,0.111015,0.217869,-0.035255,0.432269,8.991803,-0.02,-0.8,-0.02,-0.25,-0.6,-2.0,0.431609,-0.140491,-0.017668,-0.009793,-0.086391,-0.022635,-0.010198,-0.024858,0.722117,-0.100953,-0.148026,-0.013873,-0.028126,1.338148,3.399799,-0.065749,-0.002044,-0.16802,0.5,0.0,4.5,0.084498,0.206699,0.295873
1609,151.794449,907.789978,0.776312,0.734298,0.625,0.041667,0.077615,5936.0,0.163449,0.348773,0.126026,0.229215,-0.035362,0.454167,9.133572,-0.02,-0.8,-0.02,-0.25,-0.6,-2.0,0.460866,-0.138988,-0.024086,-0.006373,-0.087363,-0.023727,-0.01071,-0.025164,0.776022,-0.105346,-0.159368,-0.014369,-0.02715,1.47547,3.658288,-0.068023,-0.002128,-0.183915,0.208333,0.0,3.916667,0.063786,0.161676,0.211525
1610,156.412781,918.650024,0.770555,0.715196,0.5,0.0,0.077738,13891.0,0.173765,0.351963,0.118963,0.232752,-0.035824,0.454313,8.758974,-0.02,-0.8,-0.02,-0.25,-0.6,-2.0,0.459868,-0.143975,-0.023228,-0.005474,-0.092172,-0.024274,-0.01097,-0.02596,0.768652,-0.105181,-0.15488,-0.014752,-0.030071,1.433489,3.622061,-0.069166,-0.002335,-0.157232,0.416667,0.0,5.083333,0.073639,0.186327,0.229716
1611,146.749207,893.380005,0.737505,0.70327,0.5,0.0,0.078114,14109.0,0.16941,0.357888,0.106011,0.213753,-0.033689,0.401436,8.89258,-0.02,-0.8,-0.02,-0.25,-0.6,-2.0,0.441438,-0.148938,-0.024759,-0.008224,-0.087813,-0.023357,-0.010491,-0.025133,0.737998,-0.102869,-0.148681,-0.013392,-0.027765,1.3537,3.436231,-0.066676,-0.002132,-0.212211,0.416667,0.0,3.666667,0.057297,0.180873,0.23526
1612,133.93428,829.340027,0.677711,0.653082,0.583333,0.083333,0.078443,13920.0,0.165141,0.319073,0.106362,0.221864,-0.034854,0.406211,8.95136,-0.02,-0.8,-0.02,-0.25,-0.6,-2.0,0.415504,-0.13633,-0.024259,-0.010026,-0.092693,-0.023625,-0.011722,-0.026415,0.670157,-0.110566,-0.173346,-0.015314,-0.027749,1.269648,3.197496,-0.068275,-0.00174,-0.255723,0.791667,0.0,3.958333,0.067369,0.226065,0.240769
1613,156.816315,931.72998,0.783832,0.745121,0.478261,0.0,0.078502,13847.0,0.157332,0.327164,0.117238,0.219925,-0.033541,0.429932,8.90588,-0.02,-0.8,-0.02,-0.25,-0.6,-2.0,0.463527,-0.137638,-0.018285,-0.005489,-0.084444,-0.024053,-0.010295,-0.024963,0.7669,-0.093373,-0.156766,-0.013452,-0.027202,1.503065,3.731008,-0.068129,-0.00174,-0.208823,0.304348,0.0,4.347826,0.054713,0.169342,0.214032
1614,147.149155,882.099976,0.70818,0.664881,0.416667,0.0,0.078681,14139.0,0.152298,0.338863,0.115118,0.212771,-0.033534,0.417944,9.059467,-0.02,-0.8,-0.02,-0.25,-0.6,-2.0,0.427585,-0.134353,-0.018234,-0.010861,-0.084894,-0.023947,-0.010687,-0.024286,0.712966,-0.10596,-0.15842,-0.01345,-0.025541,1.379469,3.350503,-0.06768,-0.001917,-0.179483,0.375,0.0,2.833333,0.06476,0.221668,0.252234
1615,154.318954,909.390015,0.771689,0.728567,0.666667,0.0,0.078833,14097.0,0.157631,0.323032,0.123324,0.230818,-0.034224,0.450729,9.07515,-0.02,-0.8,-0.02,-0.25,-0.6,-2.0,0.464608,-0.139004,-0.021381,-0.006101,-0.083678,-0.024663,-0.011022,-0.025709,0.769086,-0.104324,-0.169997,-0.01302,-0.024545,1.521504,3.719817,-0.069958,-0.002803,-0.226046,0.333333,0.0,4.416667,0.057593,0.173391,0.227034
1616,142.610214,867.359985,0.728754,0.699753,0.875,0.041667,0.079144,14330.0,0.169399,0.33959,0.104003,0.205984,-0.032467,0.388634,9.122765,-0.02,-0.8,-0.02,-0.25,-0.6,-2.0,0.443417,-0.138392,-0.025025,-0.007742,-0.090125,-0.024158,-0.010616,-0.025889,0.724335,-0.106165,-0.165142,-0.013718,-0.029868,1.370439,3.48411,-0.06716,-0.004233,-0.170516,0.291667,0.0,3.833333,0.063508,0.177214,0.234552
1617,153.855286,925.51001,0.744969,0.718508,0.5,0.0,0.079193,14606.0,0.169591,0.347896,0.119344,0.229823,-0.035224,0.453459,9.04878,-0.02,-0.8,-0.02,-0.25,-0.6,-2.0,0.463546,-0.146526,-0.027414,-0.006255,-0.087159,-0.02519,-0.011196,-0.026636,0.745931,-0.100611,-0.158311,-0.014093,-0.027987,1.475497,3.647022,-0.070511,-0.001845,-0.228101,0.291667,0.0,4.041667,0.057572,0.180339,0.236341
1618,152.571106,914.929993,0.773746,0.71524,0.26087,0.043478,0.079328,14806.0,0.168482,0.327756,0.119842,0.23439,-0.036409,0.453282,8.843535,-0.02,-0.8,-0.02,-0.25,-0.6,-2.0,0.460517,-0.145471,-0.023987,-0.006567,-0.092425,-0.025308,-0.011585,-0.026839,0.753163,-0.105793,-0.162841,-0.014416,-0.028211,1.460287,3.63776,-0.072224,-0.004001,-0.202534,0.391304,0.0,3.043478,0.063373,0.188739,0.2096
1619,157.578674,952.289978,0.786781,0.745501,0.291667,0.0,0.079533,14824.0,0.175384,0.370479,0.118564,0.217143,-0.036424,0.416255,8.985157,-0.02,-0.8,-0.02,-0.25,-0.6,-2.0,0.474282,-0.145344,-0.024121,-0.004694,-0.093067,-0.025619,-0.011002,-0.027187,0.777916,-0.098871,-0.157774,-0.014333,-0.030325,1.500267,3.706476,-0.072579,-0.003149,-0.198636,0.333333,0.0,3.708333,0.066187,0.182652,0.203087
1620,147.566025,903.919983,0.786106,0.73554,0.541667,0.0,0.079601,14469.0,0.175738,0.360155,0.124899,0.2414,-0.038112,0.452129,8.919313,-0.02,-0.8,-0.02,-0.25,-0.6,-2.0,0.461906,-0.15224,-0.014142,-0.006606,-0.091088,-0.026283,-0.012286,-0.026984,0.767441,-0.108404,-0.167305,-0.01538,-0.026556,1.440442,3.5899,-0.075602,-0.002131,-0.200824,0.333333,0.0,3.75,0.060644,0.186573,0.243419
1621,143.290176,872.780029,0.733212,0.700376,0.75,0.0,0.079744,15290.0,0.146829,0.337835,0.108321,0.202562,-0.032518,0.393527,9.083276,-0.02,-0.8,-0.02,-0.25,-0.6,-2.0,0.441799,-0.144273,-0.024274,-0.0074,-0.079398,-0.023887,-0.010486,-0.024222,0.703413,-0.101491,-0.149605,-0.013262,-0.024048,1.460073,3.487325,-0.067958,-0.001433,-0.227621,0.375,0.0,3.583333,0.062205,0.177507,0.247927
1622,148.225433,898.929993,0.750385,0.679047,0.875,0.0,0.079983,15399.0,0.160372,0.342828,0.110851,0.207778,-0.034987,0.408728,9.018215,-0.02,-0.8,-0.02,-0.25,-0.6,-2.0,0.440431,-0.144707,-0.02311,-0.010099,-0.085838,-0.024788,-0.011892,-0.024818,0.732969,-0.107545,-0.182176,-0.014868,-0.026673,1.411977,3.447446,-0.069749,-0.002225,-0.137139,0.375,0.0,3.583333,0.064869,0.228774,0.300186
1623,144.420288,884.73999,0.753883,0.705514,0.625,0.041667,0.080103,15194.0,0.17905,0.33313,0.121089,0.224231,-0.034554,0.416028,9.095126,-0.02,-0.8,-0.02,-0.25,-0.6,-2.0,0.449407,-0.134489,-0.024818,-0.005635,-0.085874,-0.025029,-0.010794,-0.025393,0.738562,-0.10644,-0.17,-0.013814,-0.026903,1.362415,3.532068,-0.070495,-0.003245,-0.2004,0.25,0.0,4.208333,0.076833,0.166323,0.211937
1624,158.619202,951.75,0.805945,0.754765,0.458333,0.0,0.080252,14485.0,0.178848,0.357847,0.118918,0.227289,-0.036106,0.445321,9.455132,-0.02,-0.8,-0.02,-0.25,-0.6,-2.0,0.475611,-0.156139,-0.025129,-0.004247,-0.091776,-0.026552,-0.011905,-0.026767,0.78156,-0.109042,-0.178858,-0.015574,-0.028775,1.496547,3.755965,-0.073255,-0.006277,-0.171569,0.166667,0.0,18.958334,0.055503,0.152152,0.209066
1625,150.1922,922.380005,0.78508,0.713879,0.291667,0.0,0.080413,14312.0,0.176475,0.349516,0.117315,0.222366,-0.035935,0.415997,9.299603,-0.02,-0.8,-0.02,-0.25,-0.6,-2.0,0.456974,-0.146645,-0.020788,-0.007121,-0.092917,-0.025798,-0.011679,-0.026458,0.748528,-0.110983,-0.168173,-0.013806,-0.02831,1.405912,3.557173,-0.072756,-0.003252,-0.187691,0.625,0.0,4.625,0.065041,0.188401,0.231741
1626,150.10054,918.900024,0.71808,0.66906,0.521739,0.0,0.080776,14756.0,0.17019,0.345048,0.112048,0.222786,-0.034849,0.428136,9.328214,-0.02,-0.8,-0.02,-0.25,-0.6,-2.0,0.434431,-0.139092,-0.024757,-0.009952,-0.09252,-0.025548,-0.011377,-0.026172,0.707366,-0.117291,-0.18857,-0.013924,-0.02711,1.333322,3.351214,-0.072355,-0.002602,-0.158553,0.434783,0.0,3.956522,0.071996,0.213893,0.296157
1627,149.986725,896.320007,0.758238,0.71115,0.583333,0.0,0.080772,14338.0,0.180528,0.357913,0.117679,0.21843,-0.034391,0.410412,8.93988,-0.02,-0.8,-0.02,-0.25,-0.6,-2.0,0.459168,-0.145527,-0.029786,-0.004595,-0.087573,-0.025545,-0.010611,-0.025764,0.751861,-0.101652,-0.157604,-0.014076,-0.027875,1.406872,3.576843,-0.07138,-0.001836,-0.140229,0.166667,0.0,4.416667,0.063347,0.162828,0.20609
1628,137.443329,849.159973,0.7181,0.670614,0.75,0.0,0.080818,14436.0,0.164776,0.32824,0.11002,0.208376,-0.033887,0.397431,9.103536,-0.02,-0.8,-0.02,-0.25,-0.6,-2.0,0.43451,-0.139394,-0.035568,-0.008171,-0.084849,-0.024631,-0.010824,-0.025512,0.701566,-0.11169,-0.177154,-0.014505,-0.025703,1.36584,3.39466,-0.069079,-0.002291,-0.177197,0.708333,0.0,4.333333,0.070469,0.222433,0.26387
1629,146.507843,890.590027,0.735854,0.698329,0.695652,0.0,0.081126,14153.0,0.158663,0.344986,0.118247,0.226485,-0.035226,0.429943,9.03178,-0.02,-0.8,-0.02,-0.25,-0.6,-2.0,0.444237,-0.143744,-0.020971,-0.007206,-0.08749,-0.024961,-0.010643,-0.025574,0.723784,-0.101778,-0.158451,-0.01329,-0.025921,1.431597,3.473339,-0.071233,-0.001314,-0.218815,0.434783,0.0,4.391304,0.051315,0.190988,0.234199
1630,136.638733,841.75,0.712025,0.672495,1.166667,0.0,0.081194,14603.0,0.160483,0.339158,0.115022,0.214624,-0.034238,0.403178,9.170157,-0.02,-0.8,-0.02,-0.25,-0.6,-2.0,0.428711,-0.13393,-0.024266,-0.009346,-0.085316,-0.025376,-0.010966,-0.025337,0.705036,-0.118549,-0.160377,-0.013582,-0.026438,1.342715,3.305298,-0.07048,-0.001991,-0.176946,0.291667,0.0,4.333333,0.068583,0.17595,0.279192
1631,156.603638,948.390015,0.778249,0.741703,0.291667,0.0,0.081312,14613.0,0.171648,0.35113,0.123613,0.232103,-0.036185,0.455866,8.972376,-0.02,-0.8,-0.02,-0.25,-0.6,-2.0,0.473934,-0.1537,-0.021069,-0.005482,-0.092126,-0.026677,-0.011317,-0.026954,0.778963,-0.109392,-0.159064,-0.013494,-0.028961,1.510968,3.729957,-0.074606,-0.003256,-0.189501,0.458333,0.0,3.958333,0.059008,0.187538,0.212313
1632,142.062302,870.590027,0.745267,0.698469,0.75,0.041667,0.08135,14785.0,0.176357,0.356901,0.113994,0.223166,-0.034987,0.421707,8.862854,-0.02,-0.8,-0.02,-0.25,-0.6,-2.0,0.447126,-0.144533,-0.029191,-0.007131,-0.091767,-0.025943,-0.011153,-0.026406,0.725854,-0.111979,-0.159965,-0.0142,-0.027584,1.380471,3.457422,-0.072403,-0.002304,-0.179288,0.291667,0.0,3.916667,0.063911,0.186935,0.252201
1633,152.942734,932.150024,0.767581,0.742507,0.291667,0.041667,0.081282,14501.0,0.177726,0.337254,0.112472,0.215005,-0.033565,0.408651,8.907159,-0.02,-0.8,-0.02,-0.25,-0.6,-2.0,0.469719,-0.149055,-0.027972,-0.003103,-0.085964,-0.026887,-0.011101,-0.02593,0.755146,-0.104797,-0.164457,-0.013882,-0.025454,1.458089,3.710159,-0.073146,-0.003029,-0.247178,0.125,0.0,4.583333,0.061366,0.122874,0.196031
1634,149.65184,927.820007,0.758353,0.712609,0.708333,0.041667,0.081549,14191.0,0.174747,0.382861,0.113128,0.226837,-0.036437,0.426161,8.970715,-0.02,-0.8,-0.02,-0.25,-0.6,-2.0,0.456108,-0.145015,-0.02252,-0.006054,-0.095567,-0.027047,-0.011905,-0.027065,0.748369,-0.112066,-0.167603,-0.014742,-0.031494,1.413749,3.479411,-0.074943,-0.002462,-0.185787,0.208333,0.0,4.5,0.057047,0.170312,0.274862
1635,160.16687,975.210022,0.794085,0.741471,0.208333,0.0,0.081565,14153.0,0.181953,0.360205,0.122726,0.216202,-0.034493,0.397322,8.750248,-0.02,-0.8,-0.02,-0.25,-0.6,-2.0,0.480421,-0.143877,-0.034672,-0.002466,-0.091293,-0.027185,-0.010493,-0.027013,0.777391,-0.100392,-0.158407,-0.013315,-0.029524,1.490183,3.758116,-0.073504,-0.002336,-0.160907,0.166667,0.0,5.625,0.065657,0.157695,0.204204
1636,152.115417,933.51001,0.750726,0.701989,0.666667,0.041667,0.08166,14254.0,0.173235,0.35863,0.111657,0.219076,-0.034606,0.407678,9.122438,-0.02,-0.8,-0.02,-0.25,-0.6,-2.0,0.446385,-0.140347,-0.021642,-0.007286,-0.087569,-0.025906,-0.010708,-0.025659,0.721463,-0.105469,-0.15435,-0.013416,-0.028413,1.366531,3.456687,-0.072093,-0.001677,-0.141523,0.583333,0.0,5.0,0.073282,0.195145,0.230418
1637,153.315781,927.900024,0.78519,0.746974,0.375,0.041667,0.081647,14342.0,0.166926,0.359233,0.114419,0.20849,-0.034382,0.404366,8.946101,-0.02,-0.8,-0.02,-0.25,-0.6,-2.0,0.469468,-0.147222,-0.019621,-0.004608,-0.086265,-0.027003,-0.010412,-0.025779,0.775867,-0.10177,-0.152822,-0.013642,-0.027901,1.504877,3.666774,-0.071854,-0.001935,-0.16759,0.291667,0.0,5.0,0.060027,0.157905,0.200341
1638,148.272736,887.909973,0.759723,0.704296,0.541667,0.041667,0.081763,14197.0,0.164821,0.355257,0.1288,0.228445,-0.03743,0.450322,8.985151,-0.02,-0.8,-0.02,-0.25,-0.6,-2.0,0.451203,-0.137831,-0.01518,-0.00546,-0.091836,-0.026727,-0.011149,-0.026389,0.745576,-0.105077,-0.158088,-0.014769,-0.028317,1.448071,3.487461,-0.073994,-0.001672,-0.172609,0.25,0.0,4.625,0.06422,0.167893,0.25877
1639,151.993561,925.77002,0.77026,0.734779,0.333333,0.041667,0.081815,14503.0,0.161018,0.336575,0.120638,0.226928,-0.036891,0.429775,8.94809,-0.02,-0.8,-0.02,-0.25,-0.6,-2.0,0.461377,-0.142692,-0.023534,-0.005148,-0.090094,-0.026869,-0.011493,-0.026561,0.751542,-0.103469,-0.156111,-0.014953,-0.027515,1.486413,3.618618,-0.07546,-0.002288,-0.255331,0.583333,0.0,5.25,0.064605,0.189227,0.190146
1640,150.325043,912.390015,0.764561,0.727094,0.375,0.0,0.081759,15027.0,0.158409,0.34181,0.107381,0.206467,-0.032001,0.412583,9.013512,-0.02,-0.8,-0.02,-0.25,-0.6,-2.0,0.465636,-0.148634,-0.027683,-0.004198,-0.085356,-0.026358,-0.010219,-0.025319,0.747843,-0.104396,-0.158039,-0.014,-0.026879,1.508604,3.668149,-0.070356,-0.003256,-0.169361,0.291667,0.0,4.583333,0.063726,0.164069,0.220822
1641,149.763779,902.960022,0.751089,0.705341,0.666667,0.0,0.0821,14331.0,0.165381,0.362964,0.113625,0.218816,-0.034953,0.414201,9.03548,-0.02,-0.8,-0.02,-0.25,-0.6,-2.0,0.452921,-0.141518,-0.019801,-0.006832,-0.089253,-0.026719,-0.011202,-0.026086,0.739552,-0.105571,-0.153289,-0.014089,-0.028713,1.427589,3.502511,-0.073479,-0.001422,-0.177691,0.25,0.0,4.583333,0.060984,0.187875,0.250317
1642,141.400589,870.179993,0.737705,0.703637,0.583333,0.0,0.082377,14161.0,0.165654,0.351284,0.111891,0.222854,-0.035717,0.42311,9.005006,-0.02,-0.8,-0.02,-0.25,-0.6,-2.0,0.438538,-0.144295,-0.021563,-0.007897,-0.08963,-0.026632,-0.01174,-0.025495,0.712085,-0.121182,-0.175489,-0.015399,-0.026836,1.371548,3.367485,-0.073747,-0.004203,-0.166319,0.5,0.0,4.375,0.058363,0.187547,0.218316
1643,146.831985,910.73999,0.749908,0.714716,0.583333,0.0,0.082555,14124.0,0.168511,0.349403,0.121327,0.227874,-0.036063,0.442509,9.137043,-0.02,-0.8,-0.02,-0.25,-0.6,-2.0,0.458232,-0.140358,-0.033601,-0.005613,-0.093138,-0.026994,-0.011022,-0.026366,0.757709,-0.108494,-0.160793,-0.014899,-0.029299,1.44141,3.568654,-0.073083,-0.003446,-0.302469,0.125,0.0,4.416667,0.066398,0.155729,0.238129
1644,157.105591,951.289978,0.78845,0.73136,0.5,0.0,0.082677,14451.0,0.167723,0.363041,0.125779,0.223316,-0.03482,0.43524,9.215049,-0.02,-0.8,-0.02,-0.25,-0.6,-2.0,0.466219,-0.133901,-0.022193,-0.003704,-0.084905,-0.026992,-0.010122,-0.025013,0.773333,-0.09626,-0.144583,-0.011549,-0.027808,1.484762,3.610612,-0.072221,-0.002297,-0.212889,0.208333,0.0,4.416667,0.055683,0.170398,0.201422
1645,158.184723,956.539978,0.775631,0.754159,0.347826,0.043478,0.082691,14999.0,0.168968,0.359803,0.124386,0.232169,-0.036458,0.444145,9.172295,-0.02,-0.8,-0.02,-0.25,-0.6,-2.0,0.478441,-0.149214,-0.025813,-0.004126,-0.091376,-0.028056,-0.011556,-0.02736,0.781867,-0.101941,-0.155179,-0.013874,-0.027288,1.534526,3.728391,-0.076366,-0.001877,-0.195693,0.347826,0.0,5.043478,0.061972,0.179609,0.193815
1646,152.874329,943.0,0.77382,0.729052,0.291667,0.083333,0.082838,14808.0,0.175274,0.358238,0.122435,0.230264,-0.035884,0.435984,9.148421,-0.02,-0.8,-0.02,-0.25,-0.6,-2.0,0.471228,-0.142134,-0.029648,-0.003869,-0.093162,-0.028315,-0.011414,-0.027061,0.755031,-0.107895,-0.171608,-0.013665,-0.02938,1.486484,3.661114,-0.076526,-0.002369,-0.253951,0.208333,0.0,4.333333,0.070467,0.163425,0.210343
1647,149.70105,905.659973,0.762972,0.712449,0.541667,0.041667,0.082947,14906.0,0.166771,0.347097,0.112731,0.211711,-0.034499,0.401297,9.187822,-0.02,-0.8,-0.02,-0.25,-0.6,-2.0,0.455993,-0.14749,-0.023834,-0.005688,-0.090352,-0.026907,-0.010776,-0.025599,0.752336,-0.106123,-0.163821,-0.014845,-0.027281,1.442116,3.555428,-0.073329,-0.002336,-0.21906,0.25,0.0,4.166667,0.065215,0.166314,0.211067
1648,155.536026,934.219971,0.749578,0.705446,0.625,0.0,0.083092,14967.0,0.157134,0.32591,0.115375,0.224101,-0.034286,0.429338,9.382442,-0.02,-0.8,-0.02,-0.25,-0.6,-2.0,0.452148,-0.143884,-0.022795,-0.005421,-0.087644,-0.026875,-0.010418,-0.026045,0.718441,-0.105846,-0.148088,-0.014341,-0.026559,1.459634,3.533897,-0.072805,-0.001399,-0.204533,0.375,0.0,5.208333,0.067268,0.17554,0.241749
1649,149.26474,925.25,0.770201,0.751969,0.416667,0.0,0.083413,14909.0,0.173578,0.373845,0.125553,0.24384,-0.038652,0.468482,9.288821,-0.02,-0.8,-0.02,-0.25,-0.6,-2.0,0.464388,-0.158928,-0.015415,-0.004257,-0.100037,-0.028724,-0.012086,-0.028527,0.779986,-0.111607,-0.168744,-0.01614,-0.030243,1.463984,3.553376,-0.080242,-0.002618,-0.232564,0.125,0.0,4.416667,0.063873,0.150591,0.212435
1650,146.931946,905.090027,0.758592,0.724395,0.708333,0.0,0.083476,14911.0,0.174345,0.360399,0.119883,0.229248,-0.037314,0.421933,9.062825,-0.02,-0.8,-0.02,-0.25,-0.6,-2.0,0.460078,-0.143407,-0.024619,-0.006598,-0.095092,-0.028681,-0.012511,-0.027415,0.752429,-0.126015,-0.181358,-0.01536,-0.028664,1.437543,3.532876,-0.078637,-0.001737,-0.145501,0.333333,0.0,4.458333,0.065984,0.17409,0.254118
1651,141.803619,883.880005,0.762253,0.715338,0.666667,0.0,0.083863,15142.0,0.16187,0.353022,0.110428,0.201586,-0.033074,0.38166,9.277648,-0.02,-0.8,-0.02,-0.25,-0.6,-2.0,0.453819,-0.147893,-0.022701,-0.006306,-0.087863,-0.026808,-0.010365,-0.025326,0.737238,-0.105264,-0.149117,-0.01413,-0.027592,1.448611,3.51733,-0.071399,-0.002311,-0.191399,0.208333,0.0,4.416667,0.06902,0.186163,0.258737
1652,148.337646,893.859985,0.753253,0.711213,0.791667,0.0,0.083999,15035.0,0.161275,0.343753,0.110243,0.213155,-0.033729,0.411295,9.431134,-0.02,-0.8,-0.02,-0.25,-0.6,-2.0,0.445078,-0.14195,-0.014619,-0.006889,-0.083259,-0.026889,-0.010767,-0.025327,0.727482,-0.11163,-0.16164,-0.013642,-0.024908,1.42023,3.443974,-0.072153,-0.001486,-0.148213,0.541667,0.0,4.75,0.064501,0.194834,0.241734
1653,135.775772,869.419983,0.654937,0.630436,0.583333,0.041667,0.084143,15411.0,0.181392,0.345341,0.097887,0.206073,-0.033488,0.365822,9.114032,-0.02,-0.8,-0.02,-0.25,-0.6,-2.0,0.411922,-0.141215,-0.027425,-0.009641,-0.094563,-0.026304,-0.011569,-0.025972,0.6524,-0.114453,-0.163299,-0.017055,-0.028475,1.192426,3.106836,-0.072434,-0.00249,-0.164984,0.375,0.0,3.625,0.07986,0.184275,0.310616
1654,157.613419,963.320007,0.791169,0.743722,0.347826,0.0,0.084211,15135.0,0.184763,0.369443,0.123563,0.235699,-0.037227,0.448085,9.06838,-0.02,-0.8,-0.02,-0.25,-0.6,-2.0,0.481221,-0.154149,-0.02711,-0.002741,-0.097574,-0.029176,-0.011014,-0.026914,0.787985,-0.107626,-0.172166,-0.014139,-0.030563,1.487428,3.732761,-0.078054,-0.00197,-0.226987,0.086957,0.0,4.956522,0.059522,0.150904,0.214732
1655,149.436676,912.700012,0.746698,0.713904,0.75,0.041667,0.084289,14944.0,0.168617,0.358405,0.116638,0.221207,-0.036136,0.409793,9.271382,-0.02,-0.8,-0.02,-0.25,-0.6,-2.0,0.451374,-0.139527,-0.019922,-0.006798,-0.089483,-0.027674,-0.011408,-0.026123,0.731771,-0.11015,-0.16008,-0.013721,-0.027154,1.409877,3.468265,-0.076088,-0.001761,-0.143443,0.166667,0.0,4.208333,0.056313,0.165839,0.224642
1656,149.632065,918.890015,0.735943,0.71151,0.333333,0.0,0.084356,14469.0,0.193748,0.369179,0.124965,0.244509,-0.038852,0.435932,8.998225,-0.02,-0.8,-0.02,-0.25,-0.6,-2.0,0.455794,-0.141927,-0.021182,-0.006208,-0.096216,-0.028709,-0.011847,-0.02711,0.752422,-0.117742,-0.181271,-0.015645,-0.030576,1.359944,3.480065,-0.079716,-0.003745,-0.198087,0.375,0.0,3.333333,0.066806,0.202931,0.212935
1657,153.018997,944.0,0.792205,0.73334,0.347826,0.0,0.084328,14778.0,0.172152,0.385374,0.112511,0.21696,-0.033731,0.424102,9.041029,-0.02,-0.8,-0.02,-0.25,-0.6,-2.0,0.474945,-0.149739,-0.028453,-0.003667,-0.090758,-0.028649,-0.010453,-0.027531,0.765849,-0.10318,-0.154823,-0.015078,-0.029982,1.516494,3.643378,-0.074375,-0.001454,-0.255379,0.130435,0.0,4.434783,0.063213,0.172064,0.214267
1658,144.959305,896.869995,0.753955,0.721088,0.416667,0.0,0.084554,14178.0,0.179103,0.370341,0.113849,0.217554,-0.036749,0.403054,9.262136,-0.02,-0.8,-0.02,-0.25,-0.6,-2.0,0.462022,-0.155022,-0.021692,-0.004937,-0.091206,-0.028565,-0.011941,-0.026272,0.759601,-0.110429,-0.177808,-0.014982,-0.0283,1.428945,3.544647,-0.077041,-0.003063,-0.170219,0.291667,0.0,4.083333,0.065677,0.163322,0.222432
1659,135.809769,838.599976,0.711431,0.676702,0.791667,0.166667,0.084676,15139.0,0.160885,0.346802,0.118148,0.234804,-0.036995,0.439947,9.127884,-0.02,-0.8,-0.02,-0.25,-0.6,-2.0,0.43375,-0.139851,-0.022335,-0.007939,-0.090065,-0.027452,-0.011788,-0.026212,0.713267,-0.113558,-0.159468,-0.014422,-0.026271,1.368761,3.306921,-0.076115,-0.001519,-0.18006,0.25,0.0,4.208333,0.065964,0.166058,0.225933
1660,140.846268,880.539978,0.728205,0.662118,0.434783,0.043478,0.084981,15411.0,0.178322,0.359409,0.109235,0.221089,-0.034705,0.403586,9.195873,-0.02,-0.8,-0.02,-0.25,-0.6,-2.0,0.430232,-0.141733,-0.030454,-0.008181,-0.092497,-0.027055,-0.011035,-0.026127,0.699471,-0.107936,-0.159595,-0.015495,-0.029806,1.278387,3.247226,-0.073895,-0.002202,-0.217988,0.26087,0.0,3.043478,0.092579,0.207359,0.298408
1661,144.184311,904.039978,0.726911,0.706441,0.75,0.041667,0.085232,15306.0,0.189002,0.368271,0.115085,0.227969,-0.034875,0.425046,9.139889,-0.02,-0.8,-0.02,-0.25,-0.6,-2.0,0.446758,-0.144673,-0.025504,-0.008752,-0.096412,-0.028062,-0.010982,-0.026049,0.729785,-0.119261,-0.162682,-0.014867,-0.03082,1.307557,3.390953,-0.074623,-0.002454,-0.224701,0.25,0.0,3.958333,0.076067,0.189229,0.270308
1662,149.265991,917.02002,0.726426,0.715174,0.583333,0.0,0.085159,15324.0,0.16241,0.361502,0.116479,0.209012,-0.034854,0.406464,8.971385,-0.02,-0.8,-0.02,-0.25,-0.6,-2.0,0.4449,-0.137137,-0.014225,-0.006728,-0.088196,-0.028215,-0.010905,-0.025948,0.736489,-0.115729,-0.17177,-0.014314,-0.028762,1.416663,3.389312,-0.074187,-0.001581,-0.119001,0.25,0.0,3.916667,0.059886,0.180091,0.254128
1663,149.789246,923.309998,0.748847,0.706165,0.5,0.0,0.085428,15414.0,0.175309,0.360592,0.133825,0.249364,-0.039931,0.469528,9.342227,-0.02,-0.8,-0.02,-0.25,-0.6,-2.0,0.454148,-0.140204,-0.020945,-0.007079,-0.097392,-0.029387,-0.012476,-0.027506,0.758266,-0.125788,-0.187565,-0.015092,-0.028824,1.408495,3.462706,-0.081755,-0.001748,-0.220907,0.375,0.0,3.708333,0.056027,0.176458,0.269022
1664,144.712433,896.440002,0.762089,0.711866,0.541667,0.041667,0.085508,15275.0,0.16707,0.361093,0.113219,0.227747,-0.03754,0.439394,9.187717,-0.02,-0.8,-0.02,-0.25,-0.6,-2.0,0.447399,-0.153656,-0.019576,-0.007798,-0.0958,-0.028215,-0.011012,-0.027209,0.74276,-0.116466,-0.162187,-0.016085,-0.029977,1.412139,3.405593,-0.077685,-0.00134,-0.236706,0.458333,0.0,3.625,0.074477,0.191315,0.20645
1665,160.329941,978.75,0.768482,0.734415,0.583333,0.0,0.085534,15156.0,0.191869,0.404082,0.12388,0.234357,-0.037967,0.425225,9.141319,-0.02,-0.8,-0.02,-0.25,-0.6,-2.0,0.472752,-0.149222,-0.022801,-0.004479,-0.101144,-0.029982,-0.012014,-0.028331,0.769445,-0.122874,-0.185735,-0.016111,-0.031252,1.426546,3.544474,-0.080393,-0.00152,-0.201027,0.208333,0.0,17.458334,0.077751,0.140825,0.222157
1666,153.103622,938.47998,0.782723,0.73961,0.291667,0.041667,0.085625,14302.0,0.166388,0.380345,0.121954,0.231609,-0.035878,0.440853,9.233711,-0.02,-0.8,-0.02,-0.25,-0.6,-2.0,0.473013,-0.146689,-0.020799,-0.003814,-0.092506,-0.029459,-0.011553,-0.027624,0.772026,-0.117451,-0.176403,-0.015989,-0.02981,1.531535,3.610381,-0.077913,-0.001377,-0.163115,0.125,0.0,4.333333,0.067517,0.139708,0.21526
1667,147.24617,939.5,0.807742,0.759101,0.291667,0.041667,0.085781,14140.0,0.189759,0.395289,0.125647,0.237131,-0.0384,0.435369,9.211239,-0.02,-0.8,-0.02,-0.25,-0.6,-2.0,0.480805,-0.154476,-0.029735,-0.002284,-0.105045,-0.030709,-0.012089,-0.029437,0.791272,-0.118349,-0.188166,-0.017059,-0.034466,1.457714,3.642677,-0.081137,-0.002436,-0.296255,0.125,0.0,5.166667,0.075315,0.142246,0.172517
1668,149.022903,918.27002,0.752056,0.71436,0.5,0.0,0.085937,14187.0,0.182524,0.367638,0.11788,0.225268,-0.036241,0.418643,9.322851,-0.02,-0.8,-0.02,-0.25,-0.6,-2.0,0.457102,-0.158881,-0.02371,-0.006048,-0.094197,-0.028462,-0.011567,-0.02673,0.742347,-0.112759,-0.173103,-0.015548,-0.028283,1.404355,3.50718,-0.077706,-0.002053,-0.164077,0.208333,0.0,3.833333,0.05609,0.175067,0.235978
1669,140.22699,860.690002,0.75898,0.701176,0.791667,0.0,0.086337,14378.0,0.161871,0.366485,0.11601,0.225475,-0.036648,0.417445,9.346764,-0.02,-0.8,-0.02,-0.25,-0.6,-2.0,0.445093,-0.144073,-0.014906,-0.007345,-0.09126,-0.028906,-0.011971,-0.026266,0.734049,-0.113526,-0.160424,-0.014524,-0.027087,1.420025,3.367445,-0.077719,-0.001717,-0.202615,0.291667,0.0,4.583333,0.063323,0.171269,0.248426
1670,149.368317,922.289978,0.794067,0.765945,0.416667,0.041667,0.086429,14434.0,0.172059,0.366979,0.13403,0.25138,-0.03941,0.476114,9.090508,-0.02,-0.8,-0.02,-0.25,-0.6,-2.0,0.476847,-0.145999,-0.018662,-0.004409,-0.092489,-0.030555,-0.012189,-0.02766,0.78212,-0.119285,-0.177705,-0.013773,-0.027589,1.530964,3.653303,-0.082952,-0.001456,-0.25821,0.125,0.0,4.416667,0.05378,0.158391,0.205567
1671,152.878174,925.640015,0.774438,0.738185,0.583333,0.0,0.086695,14693.0,0.166147,0.368738,0.119246,0.23462,-0.036845,0.44583,9.101466,-0.02,-0.8,-0.02,-0.25,-0.6,-2.0,0.46574,-0.146701,-0.016525,-0.004946,-0.092319,-0.029639,-0.011366,-0.02696,0.759463,-0.108564,-0.161316,-0.014645,-0.027745,1.489306,3.563647,-0.079495,-0.001396,-0.149772,0.25,0.0,4.791667,0.060502,0.167589,0.189495
1672,153.931442,936.039978,0.75681,0.733228,0.583333,0.0,0.08681,14836.0,0.179848,0.378178,0.131924,0.235119,-0.037269,0.437524,9.045596,-0.02,-0.8,-0.02,-0.25,-0.6,-2.0,0.460674,-0.14303,-0.02369,-0.005452,-0.090038,-0.029187,-0.010852,-0.025466,0.760605,-0.105289,-0.168572,-0.013976,-0.029229,1.42058,3.515861,-0.077698,-0.001386,-0.125414,0.166667,0.0,4.208333,0.052464,0.167871,0.244565
1673,148.380157,915.119995,0.747041,0.727837,0.583333,0.125,0.086882,14807.0,0.155744,0.349373,0.106108,0.211811,-0.034877,0.403112,9.259212,-0.02,-0.8,-0.02,-0.25,-0.6,-2.0,0.450895,-0.150814,-0.0123,-0.006302,-0.088872,-0.028468,-0.011058,-0.02589,0.727546,-0.106436,-0.158468,-0.014199,-0.027931,1.463457,3.484816,-0.076804,-0.001862,-0.164679,0.333333,0.0,3.958333,0.064361,0.16672,0.218561
1674,144.879898,896.159973,0.715825,0.686466,0.583333,0.041667,0.086986,14454.0,0.163254,0.350113,0.118998,0.232367,-0.036785,0.421968,9.28538,-0.02,-0.8,-0.02,-0.25,-0.6,-2.0,0.430535,-0.134715,-0.020202,-0.007197,-0.092902,-0.028243,-0.011752,-0.026699,0.705048,-0.119358,-0.169619,-0.014984,-0.027606,1.349056,3.253199,-0.076857,-0.003268,-0.210835,0.333333,0.0,4.25,0.057523,0.153142,0.229328
1675,142.048279,883.659973,0.750647,0.705574,0.583333,0.041667,0.087272,14708.0,0.182451,0.374458,0.111376,0.219718,-0.035077,0.395135,9.27051,-0.02,-0.8,-0.02,-0.25,-0.6,-2.0,0.457646,-0.146744,-0.020289,-0.006202,-0.097244,-0.029601,-0.011089,-0.027206,0.753933,-0.114175,-0.16035,-0.014841,-0.031075,1.387404,3.470847,-0.077262,-0.003011,-0.193762,0.166667,0.0,4.25,0.062252,0.161331,0.209911
1676,141.865524,888.669983,0.757926,0.708978,0.625,0.0,0.087455,14694.0,0.18095,0.36374,0.121694,0.231566,-0.037754,0.426063,9.225828,-0.02,-0.8,-0.02,-0.25,-0.6,-2.0,0.451765,-0.141511,-0.021998,-0.005203,-0.098224,-0.029837,-0.011632,-0.027649,0.738989,-0.117994,-0.173455,-0.01641,-0.031798,1.370431,3.41752,-0.078723,-0.001826,-0.189897,0.208333,0.0,5.125,0.071173,0.157372,0.213351
1677,154.295959,931.539978,0.779614,0.729994,0.625,0.0,0.087618,14692.0,0.1681,0.371189,0.130546,0.249239,-0.038932,0.477679,9.382466,-0.02,-0.8,-0.02,-0.25,-0.6,-2.0,0.464137,-0.149092,-0.017871,-0.004771,-0.09643,-0.030093,-0.012238,-0.027936,0.763605,-0.11809,-0.169008,-0.015588,-0.029107,1.496918,3.535084,-0.081922,-0.002446,-0.160755,0.125,0.0,5.375,0.057503,0.129841,0.212802
1678,156.48114,957.919983,0.797525,0.758832,0.291667,0.0,0.087819,14385.0,0.171118,0.370245,0.121846,0.246923,-0.038221,0.47587,9.229982,-0.02,-0.8,-0.02,-0.25,-0.6,-2.0,0.477496,-0.163056,-0.018867,-0.002931,-0.095395,-0.030579,-0.011838,-0.028222,0.786142,-0.10932,-0.16037,-0.015723,-0.028675,1.524446,3.659373,-0.081918,-0.002259,-0.228933,0.083333,0.0,5.375,0.066339,0.13551,0.191781
1679,147.203537,921.080017,0.775473,0.74023,0.291667,0.0,0.087885,14278.0,0.176224,0.369091,0.123914,0.245679,-0.037095,0.4575,9.106538,-0.02,-0.8,-0.02,-0.25,-0.6,-2.0,0.468021,-0.153242,-0.020156,-0.004258,-0.094818,-0.030195,-0.012041,-0.027343,0.758595,-0.109749,-0.175872,-0.015199,-0.028578,1.467603,3.586393,-0.080825,-0.001546,-0.241368,0.291667,0.0,3.916667,0.058937,0.169458,0.204441
1680,149.27742,917.76001,0.784293,0.760703,0.291667,0.041667,0.087908,14431.0,0.1823,0.370705,0.128142,0.254509,-0.039483,0.464513,9.123861,-0.02,-0.8,-0.02,-0.25,-0.6,-2.0,0.469118,-0.159891,-0.016867,-0.003669,-0.100753,-0.030929,-0.012765,-0.029126,0.772183,-0.120169,-0.170166,-0.016813,-0.03032,1.458132,3.54554,-0.084377,-0.004319,-0.19002,0.333333,0.0,5.041667,0.064823,0.161544,0.193554
1681,146.724747,925.22998,0.764046,0.724339,0.458333,0.0,0.087949,14538.0,0.168886,0.382026,0.118632,0.219956,-0.036465,0.418064,9.140919,-0.02,-0.8,-0.02,-0.25,-0.6,-2.0,0.463849,-0.152377,-0.01813,-0.005417,-0.092568,-0.030601,-0.011737,-0.027313,0.761632,-0.120743,-0.167326,-0.015597,-0.029031,1.474823,3.505955,-0.080033,-0.001379,-0.224028,0.166667,0.0,4.708333,0.063726,0.158524,0.219275
1682,150.44577,917.919983,0.74389,0.710312,0.791667,0.0,0.088115,14381.0,0.156056,0.370078,0.121812,0.228263,-0.037349,0.449805,9.012631,-0.02,-0.8,-0.02,-0.25,-0.6,-2.0,0.449421,-0.14494,-0.013023,-0.007452,-0.092654,-0.029755,-0.01177,-0.027011,0.747746,-0.118778,-0.16599,-0.014315,-0.027731,1.467582,3.396755,-0.079613,-0.001629,-0.181275,0.333333,0.0,4.625,0.061141,0.163401,0.237633
1683,149.184311,929.159973,0.76988,0.753845,0.625,0.041667,0.088344,14812.0,0.175355,0.374453,0.1345,0.258338,-0.040127,0.484296,9.203544,-0.02,-0.8,-0.02,-0.25,-0.6,-2.0,0.466137,-0.146593,-0.013604,-0.004872,-0.094943,-0.031677,-0.012997,-0.028662,0.767763,-0.124734,-0.187342,-0.014758,-0.026917,1.47065,3.506599,-0.086662,-0.001825,-0.199547,0.291667,0.0,4.875,0.063174,0.143356,0.205062
1684,152.809097,950.23999,0.783037,0.753091,0.25,0.041667,0.08835,14856.0,0.183316,0.39029,0.131094,0.248607,-0.038874,0.476372,9.149338,-0.02,-0.8,-0.02,-0.25,-0.6,-2.0,0.47658,-0.148856,-0.021147,-0.002661,-0.096786,-0.031379,-0.011767,-0.027949,0.785135,-0.109605,-0.170816,-0.013761,-0.03042,1.483649,3.60317,-0.082993,-0.002633,-0.266373,0.208333,0.0,4.833333,0.071268,0.160343,0.186337
1685,148.959091,940.809998,0.752866,0.72583,0.458333,0.083333,0.08831,15270.0,0.189637,0.375942,0.125292,0.240072,-0.037841,0.434667,9.317982,-0.02,-0.8,-0.02,-0.25,-0.6,-2.0,0.464413,-0.145452,-0.029932,-0.005007,-0.095635,-0.03163,-0.011943,-0.028039,0.747931,-0.122175,-0.173046,-0.015317,-0.030549,1.396672,3.498851,-0.083343,-0.002912,-0.253968,0.083333,0.0,4.125,0.075966,0.161378,0.238775
1686,154.085419,951.150024,0.765831,0.739004,0.347826,0.0,0.088386,15188.0,0.161691,0.370158,0.122036,0.240942,-0.03596,0.456392,9.109518,-0.02,-0.8,-0.02,-0.25,-0.6,-2.0,0.461931,-0.149794,-0.021803,-0.004383,-0.088827,-0.030242,-0.011569,-0.026982,0.749306,-0.106566,-0.157295,-0.014023,-0.026639,1.49376,3.521414,-0.080728,-0.001852,-0.213299,0.26087,0.0,5.0,0.055909,0.156088,0.179104
1687,147.382797,910.919983,0.753556,0.732505,0.666667,0.0,0.088653,15118.0,0.184425,0.368942,0.126507,0.238201,-0.038977,0.445756,9.192816,-0.02,-0.8,-0.02,-0.25,-0.6,-2.0,0.455405,-0.139822,-0.014958,-0.006452,-0.099433,-0.030765,-0.011712,-0.027157,0.76116,-0.12037,-0.18354,-0.014962,-0.032682,1.380685,3.434971,-0.081013,-0.001281,-0.300139,0.166667,0.0,4.75,0.070085,0.158682,0.196435
1688,146.165985,911.849976,0.741513,0.718257,0.5,0.0,0.088757,15119.0,0.178883,0.363249,0.12389,0.247043,-0.039373,0.446733,9.158741,-0.02,-0.8,-0.02,-0.25,-0.6,-2.0,0.454937,-0.158988,-0.018815,-0.006643,-0.100299,-0.030373,-0.01241,-0.028229,0.751347,-0.113269,-0.1567,-0.015538,-0.02943,1.390289,3.432388,-0.083039,-0.001429,-0.233701,0.333333,0.0,4.0,0.070235,0.164553,0.230617
1689,141.329498,901.719971,0.750916,0.70526,0.5,0.0,0.088749,15389.0,0.175361,0.366851,0.123012,0.237802,-0.037636,0.441091,9.192197,-0.02,-0.8,-0.02,-0.25,-0.6,-2.0,0.451159,-0.145559,-0.020973,-0.005817,-0.092761,-0.031145,-0.012509,-0.027135,0.735196,-0.121748,-0.186811,-0.015084,-0.028467,1.402784,3.393906,-0.08161,-0.003665,-0.204693,0.458333,0.0,5.0,0.063401,0.165805,0.230655
1690,150.430939,927.98999,0.754047,0.716416,0.375,0.083333,0.088726,15082.0,0.165599,0.378399,0.125713,0.235046,-0.03978,0.446558,9.024611,-0.02,-0.8,-0.02,-0.25,-0.6,-2.0,0.452991,-0.151074,-0.019581,-0.006796,-0.104516,-0.031399,-0.013258,-0.028572,0.741969,-0.130281,-0.17194,-0.016438,-0.029225,1.446775,3.396771,-0.084892,-0.001331,-0.194173,0.5,0.0,4.541667,0.069265,0.172387,0.230041
1691,152.738464,949.98999,0.791482,0.752237,0.291667,0.0,0.088708,15192.0,0.181702,0.383125,0.130544,0.260705,-0.040537,0.491529,9.187635,-0.02,-0.8,-0.02,-0.25,-0.6,-2.0,0.480783,-0.152312,-0.018538,-0.002855,-0.103148,-0.032498,-0.012704,-0.029839,0.793268,-0.116672,-0.171928,-0.016264,-0.032314,1.504404,3.629375,-0.086341,-0.001508,-0.285201,0.125,0.0,4.875,0.07415,0.156856,0.184831
1692,154.804031,957.809998,0.794652,0.752581,0.333333,0.0,0.088825,15221.0,0.179986,0.391253,0.122551,0.235878,-0.038468,0.442903,8.920079,-0.02,-0.8,-0.02,-0.25,-0.6,-2.0,0.478181,-0.154478,-0.021187,-0.003432,-0.094775,-0.032331,-0.012061,-0.028258,0.770925,-0.117239,-0.173646,-0.015504,-0.030113,1.506001,3.611481,-0.084686,-0.002085,-0.203809,0.125,0.0,4.791667,0.061138,0.155328,0.198171
1693,153.409836,937.890015,0.77704,0.724918,0.458333,0.0,0.088738,15092.0,0.176641,0.374192,0.122473,0.235319,-0.037902,0.44119,8.969179,-0.02,-0.8,-0.02,-0.25,-0.6,-2.0,0.465967,-0.14959,-0.022554,-0.005046,-0.098204,-0.0318,-0.011738,-0.028119,0.769435,-0.122593,-0.166639,-0.015596,-0.031432,1.452636,3.512866,-0.082356,-0.001574,-0.186027,0.291667,0.0,4.583333,0.07156,0.156634,0.218065
1694,134.619095,843.840027,0.729592,0.680931,0.75,0.041667,0.088845,15287.0,0.158471,0.348821,0.11083,0.221117,-0.036063,0.406468,9.103712,-0.02,-0.8,-0.02,-0.25,-0.6,-2.0,0.432736,-0.138157,-0.020021,-0.007272,-0.08994,-0.029686,-0.0114,-0.026761,0.699546,-0.113903,-0.159544,-0.015197,-0.028348,1.376331,3.262191,-0.078615,-0.001688,-0.232892,0.291667,0.0,4.208333,0.073026,0.182613,0.226901
1695,147.173447,918.609985,0.793194,0.740975,0.521739,0.043478,0.08885,15240.0,0.178483,0.382367,0.123819,0.240628,-0.038684,0.44687,9.106333,-0.02,-0.8,-0.02,-0.25,-0.6,-2.0,0.470013,-0.154122,-0.020074,-0.004805,-0.097256,-0.032406,-0.012521,-0.028064,0.760449,-0.125827,-0.19009,-0.015349,-0.029843,1.466046,3.555979,-0.084738,-0.001866,-0.17997,0.26087,0.0,4.086957,0.057906,0.151115,0.203748
1696,151.788956,943.98999,0.77926,0.744252,0.391304,0.0,0.088887,15851.0,0.184097,0.383026,0.125519,0.229811,-0.037157,0.438383,8.844559,-0.02,-0.8,-0.02,-0.25,-0.6,-2.0,0.470109,-0.14162,-0.021207,-0.003714,-0.091928,-0.032029,-0.011961,-0.027106,0.754832,-0.113489,-0.179267,-0.0148,-0.030547,1.446684,3.541302,-0.081054,-0.003954,-0.236222,0.26087,0.0,4.521739,0.064574,0.160495,0.187125
1697,145.950592,913.940002,0.770977,0.729362,0.583333,0.041667,0.089228,15725.0,0.18327,0.373154,0.128415,0.240294,-0.040819,0.451808,9.006428,-0.02,-0.8,-0.02,-0.25,-0.6,-2.0,0.458572,-0.151266,-0.020805,-0.007293,-0.10341,-0.03183,-0.012692,-0.029257,0.756824,-0.127543,-0.176763,-0.016649,-0.031471,1.39862,3.448147,-0.085459,-0.001522,-0.221103,0.333333,0.0,4.041667,0.06351,0.163844,0.240879
1698,149.20285,933.320007,0.776237,0.744934,0.458333,0.0,0.089369,16072.0,0.181599,0.401617,0.122161,0.24488,-0.039965,0.452091,8.898973,-0.02,-0.8,-0.02,-0.25,-0.6,-2.0,0.464293,-0.152517,-0.013826,-0.004049,-0.100088,-0.032497,-0.012851,-0.029112,0.763827,-0.11874,-0.176969,-0.01685,-0.031071,1.435379,3.446039,-0.08567,-0.001445,-0.17963,0.166667,0.0,4.458333,0.057542,0.170932,0.206532
1699,145.952515,914.049988,0.77209,0.72251,0.363636,0.090909,0.089591,5151.0,0.18073,0.382435,0.125018,0.23425,-0.03811,0.443276,9.337912,-0.02,-0.8,-0.02,-0.25,-0.6,-2.0,0.460896,-0.151368,-0.026445,-0.005032,-0.09741,-0.031752,-0.011507,-0.027842,0.766268,-0.1126,-0.160385,-0.015273,-0.030407,1.416094,3.460361,-0.081453,-0.001981,-0.207484,0.227273,0.0,4.318182,0.072889,0.152933,0.230086
1700,146.158966,926.590027,0.738901,0.69507,0.608696,0.043478,0.089435,4990.0,0.172196,0.392826,0.121711,0.243751,-0.040694,0.448904,9.12389,-0.02,-0.8,-0.02,-0.25,-0.6,-2.0,0.447898,-0.146362,-0.01684,-0.007168,-0.103896,-0.031723,-0.013015,-0.029629,0.735636,-0.128835,-0.182614,-0.01646,-0.032072,1.407231,3.281431,-0.085385,-0.002155,-0.212025,0.434783,0.0,4.478261,0.092616,0.145466,0.245645
1701,144.795914,907.820007,0.739474,0.715814,0.583333,0.0,0.089414,5011.0,0.173783,0.373857,0.12502,0.240592,-0.040091,0.45377,8.968734,-0.02,-0.8,-0.02,-0.25,-0.6,-2.0,0.452982,-0.149629,-0.027929,-0.006687,-0.105274,-0.032082,-0.012935,-0.029165,0.746037,-0.132648,-0.186917,-0.016918,-0.032006,1.425967,3.376288,-0.084796,-0.002632,-0.18302,0.25,0.0,3.958333,0.065432,0.181475,0.215048
1702,143.33728,908.539978,0.733142,0.693178,0.541667,0.125,0.089638,4940.0,0.17076,0.391727,0.111926,0.232526,-0.038645,0.433253,9.216625,-0.02,-0.8,-0.02,-0.25,-0.6,-2.0,0.44716,-0.161212,-0.021508,-0.008565,-0.102781,-0.031183,-0.012555,-0.028842,0.721026,-0.125028,-0.164631,-0.017211,-0.030405,1.389987,3.304357,-0.082857,-0.002036,-0.195196,0.25,0.0,3.666667,0.074269,0.179487,0.24507
1703,149.281631,927.780029,0.749741,0.717449,0.583333,0.0,0.089836,4993.0,0.172904,0.374091,0.129457,0.233351,-0.038078,0.441741,9.002413,-0.02,-0.8,-0.02,-0.25,-0.6,-2.0,0.465847,-0.142195,-0.019572,-0.005786,-0.095613,-0.031843,-0.011528,-0.026709,0.741172,-0.125707,-0.184467,-0.01461,-0.030538,1.474139,3.516882,-0.082004,-0.021099,-0.206147,0.25,0.0,3.916667,0.057516,0.162453,0.20786
1704,145.108154,892.409973,0.761735,0.726901,0.541667,0.041667,0.089825,5073.0,0.167933,0.370544,0.123179,0.224162,-0.037065,0.43482,9.154537,-0.02,-0.8,-0.02,-0.25,-0.6,-2.0,0.453704,-0.145321,-0.014604,-0.006166,-0.091246,-0.031385,-0.011372,-0.026447,0.759663,-0.121829,-0.169797,-0.01403,-0.028547,1.434568,3.420523,-0.080331,-0.001599,-0.175261,0.208333,0.0,4.041667,0.051388,0.138716,0.213363
1705,145.826447,893.349976,0.750755,0.717739,0.666667,0.0,0.089978,5083.0,0.157027,0.356827,0.120315,0.23287,-0.03731,0.45345,9.265144,-0.02,-0.8,-0.02,-0.25,-0.6,-2.0,0.452215,-0.147411,-0.012976,-0.006812,-0.092576,-0.030868,-0.012144,-0.027384,0.747835,-0.122181,-0.16687,-0.016185,-0.027563,1.480375,3.439803,-0.081964,-0.001845,-0.223214,0.333333,0.0,4.083333,0.064895,0.151499,0.221817
1706,150.367264,940.960022,0.767054,0.743085,0.5,0.041667,0.089766,5006.0,0.174978,0.414396,0.122702,0.231186,-0.038736,0.43119,9.073203,-0.02,-0.8,-0.02,-0.25,-0.6,-2.0,0.465006,-0.149908,-0.010564,-0.00521,-0.097852,-0.032915,-0.012321,-0.02906,0.764963,-0.125611,-0.181991,-0.015927,-0.030695,1.474097,3.403447,-0.084921,-0.0012,-0.219819,0.083333,0.0,4.083333,0.080544,0.152685,0.212988
1707,159.942993,978.179993,0.802028,0.756098,0.208333,0.0,0.08973,5005.0,0.175196,0.390152,0.118894,0.227939,-0.03725,0.434229,9.173833,-0.02,-0.8,-0.02,-0.25,-0.6,-2.0,0.479217,-0.161641,-0.016201,-0.002366,-0.096797,-0.033124,-0.012128,-0.029252,0.779211,-0.11724,-0.181392,-0.017094,-0.029313,1.522899,3.610235,-0.085062,-0.001437,-0.188592,0.208333,0.0,15.958334,0.060636,0.142985,0.170176
1708,155.317566,946.700012,0.78043,0.74712,0.333333,0.0,0.08977,5029.0,0.161003,0.371641,0.10801,0.203064,-0.034226,0.402767,9.105923,-0.02,-0.8,-0.02,-0.25,-0.6,-2.0,0.464912,-0.154737,-0.016559,-0.004044,-0.088179,-0.0315,-0.010546,-0.02702,0.746047,-0.106019,-0.1646,-0.014127,-0.028009,1.522058,3.543281,-0.079082,-0.00166,-0.150492,0.208333,0.0,4.166667,0.062168,0.15426,0.17296
1709,148.138626,906.049988,0.725211,0.711626,0.625,0.0,0.089752,6126.0,0.163721,0.343442,0.127468,0.243953,-0.039847,0.471437,9.116012,-0.02,-0.8,-0.02,-0.25,-0.6,-2.0,0.441758,-0.139588,-0.018191,-0.006992,-0.095029,-0.030797,-0.011799,-0.02719,0.736916,-0.117709,-0.167175,-0.015126,-0.029263,1.403893,3.341396,-0.082022,-0.001769,-0.271629,0.166667,0.0,4.416667,0.065534,0.158259,0.245068
1710,152.685379,942.77002,0.790125,0.75219,0.375,0.041667,0.089813,15101.0,0.171635,0.391474,0.118928,0.237735,-0.039943,0.461746,9.236454,-0.02,-0.8,-0.02,-0.25,-0.6,-2.0,0.474061,-0.158968,-0.014143,-0.00386,-0.101621,-0.032701,-0.012191,-0.027909,0.785166,-0.121469,-0.162575,-0.016097,-0.032626,1.514317,3.544425,-0.085153,-0.001401,-0.149854,0.083333,0.0,4.708333,0.074528,0.154217,0.209429
1711,143.143387,885.549988,0.730226,0.700212,0.666667,0.0,0.089711,15048.0,0.161048,0.365542,0.126093,0.231393,-0.038716,0.453851,9.21699,-0.02,-0.8,-0.02,-0.25,-0.6,-2.0,0.44465,-0.146425,-0.013706,-0.007455,-0.098723,-0.03135,-0.012167,-0.027484,0.737543,-0.127588,-0.183641,-0.016935,-0.029715,1.442794,3.328078,-0.082561,-0.002502,-0.166345,0.375,0.0,4.208333,0.067416,0.158329,0.222752
1712,151.714386,943.48999,0.774985,0.737428,0.375,0.0,0.089706,15148.0,0.171622,0.380469,0.126659,0.235197,-0.038375,0.442924,8.938827,-0.02,-0.8,-0.02,-0.25,-0.6,-2.0,0.464519,-0.14538,-0.013811,-0.004386,-0.095954,-0.032603,-0.011721,-0.027455,0.772378,-0.119403,-0.174826,-0.015089,-0.029928,1.471599,3.473804,-0.083772,-0.001628,-0.219069,0.083333,0.0,4.625,0.064249,0.146361,0.213644
1713,144.329575,914.169983,0.750856,0.718621,0.333333,0.0,0.089782,15235.0,0.175136,0.374184,0.139148,0.245068,-0.040736,0.46428,9.103349,-0.02,-0.8,-0.02,-0.25,-0.6,-2.0,0.461264,-0.142918,-0.013937,-0.005033,-0.100298,-0.032776,-0.012324,-0.028301,0.774678,-0.130453,-0.196868,-0.015949,-0.029991,1.457434,3.455738,-0.086078,-0.002079,-0.27522,0.458333,0.0,4.583333,0.063993,0.175122,0.190134
1714,148.448334,925.940002,0.749603,0.735374,0.458333,0.0,0.089809,15186.0,0.171796,0.412409,0.137666,0.253391,-0.040677,0.482862,9.175045,-0.02,-0.8,-0.02,-0.25,-0.6,-2.0,0.465301,-0.147258,-0.018949,-0.005306,-0.09938,-0.03293,-0.012441,-0.028374,0.774057,-0.126899,-0.175043,-0.015248,-0.029579,1.486176,3.414178,-0.086864,-0.003015,-0.207719,0.25,0.0,4.125,0.073441,0.159237,0.223784
1715,151.695587,925.429993,0.785965,0.735294,0.541667,0.0,0.089946,14887.0,0.176527,0.366758,0.121805,0.236797,-0.036799,0.453889,9.119838,-0.02,-0.8,-0.02,-0.25,-0.6,-2.0,0.463078,-0.146929,-0.021931,-0.004403,-0.093396,-0.032377,-0.011366,-0.026621,0.745399,-0.121687,-0.186655,-0.014945,-0.028156,1.442507,3.505707,-0.082977,-0.001412,-0.112852,0.0,0.0,4.291667,0.066435,0.151776,0.19269
1716,148.346741,920.940002,0.737735,0.716063,0.458333,0.041667,0.09022,14984.0,0.173605,0.369189,0.118164,0.223116,-0.036082,0.429796,9.1436,-0.02,-0.8,-0.02,-0.25,-0.6,-2.0,0.449937,-0.141361,-0.024076,-0.005683,-0.100869,-0.032061,-0.011648,-0.027339,0.736363,-0.126911,-0.198866,-0.015655,-0.031123,1.400436,3.384746,-0.081253,-0.002546,-0.176775,0.166667,0.0,4.625,0.066505,0.146963,0.211234
1717,142.358109,892.390015,0.713761,0.701497,0.583333,0.041667,0.090297,14853.0,0.166956,0.374222,0.121823,0.237934,-0.038608,0.435925,9.17458,-0.02,-0.8,-0.02,-0.25,-0.6,-2.0,0.442848,-0.147573,-0.014287,-0.007639,-0.100543,-0.032357,-0.013155,-0.028976,0.726981,-0.137356,-0.19172,-0.016497,-0.029685,1.413855,3.2635,-0.085073,-0.001693,-0.148874,0.333333,0.0,4.291667,0.068211,0.150291,0.246295
1718,151.887283,948.48999,0.773523,0.736071,0.5,0.0,0.090298,14946.0,0.176137,0.386621,0.122172,0.23759,-0.03807,0.442215,9.171574,-0.02,-0.8,-0.02,-0.25,-0.6,-2.0,0.464543,-0.148194,-0.020313,-0.004586,-0.096409,-0.03269,-0.012137,-0.028262,0.757057,-0.118455,-0.19136,-0.0153,-0.02921,1.456138,3.476845,-0.085583,-0.001185,-0.199289,0.291667,0.0,5.75,0.061502,0.152518,0.202831
1719,141.11525,893.690002,0.746038,0.741555,0.833333,0.0,0.090355,14876.0,0.175469,0.385175,0.117141,0.228061,-0.037628,0.420891,9.031567,-0.02,-0.8,-0.02,-0.25,-0.6,-2.0,0.459998,-0.154752,-0.017013,-0.005296,-0.096779,-0.032234,-0.011902,-0.027928,0.741395,-0.12109,-0.166915,-0.015738,-0.029901,1.430585,3.427726,-0.083385,-0.00234,-0.146229,0.083333,0.0,5.083333,0.078468,0.152,0.227943
1720,150.128952,931.809998,0.754082,0.72679,0.541667,0.0,0.090419,14553.0,0.169047,0.378862,0.129734,0.23868,-0.040258,0.458779,9.239078,-0.02,-0.8,-0.02,-0.25,-0.6,-2.0,0.457314,-0.153823,-0.010494,-0.005404,-0.100614,-0.032661,-0.012434,-0.028182,0.768117,-0.126724,-0.174505,-0.016448,-0.029961,1.461471,3.411192,-0.084768,-0.001832,-0.216353,0.25,0.0,5.0,0.064805,0.185285,0.18829
1721,154.565018,958.460022,0.775347,0.754333,0.375,0.041667,0.090497,14657.0,0.166264,0.388827,0.127293,0.238033,-0.039235,0.463433,9.111217,-0.02,-0.8,-0.02,-0.25,-0.6,-2.0,0.476815,-0.152855,-0.013559,-0.003997,-0.094798,-0.033244,-0.011815,-0.028714,0.785002,-0.121331,-0.175579,-0.015426,-0.030066,1.560335,3.579248,-0.085914,-0.001277,-0.285469,0.0,0.0,3.833333,0.065617,0.14152,0.217554
1722,141.855927,887.76001,0.738804,0.700179,0.958333,0.0,0.09052,14761.0,0.17344,0.382519,0.116634,0.226968,-0.038384,0.418729,9.163329,-0.02,-0.8,-0.02,-0.25,-0.6,-2.0,0.443169,-0.150017,-0.019793,-0.007165,-0.096031,-0.031943,-0.012665,-0.02654,0.727259,-0.118732,-0.162982,-0.01556,-0.029609,1.371705,3.287183,-0.082933,-0.001389,-0.176911,0.291667,0.0,4.916667,0.067115,0.17391,0.244934
1723,154.808243,955.309998,0.750592,0.727816,0.458333,0.0,0.090704,14379.0,0.178618,0.368954,0.130687,0.244444,-0.040109,0.452677,9.12385,-0.02,-0.8,-0.02,-0.25,-0.6,-2.0,0.461575,-0.154827,-0.015134,-0.00458,-0.09509,-0.032215,-0.012066,-0.027853,0.76721,-0.117727,-0.166991,-0.015568,-0.028473,1.43452,3.47267,-0.085721,-0.001952,-0.197693,0.083333,0.0,4.625,0.077963,0.145511,0.19734
1724,151.778687,944.570007,0.781359,0.750791,0.708333,0.0,0.090609,14806.0,0.172819,0.384236,0.118462,0.239124,-0.039031,0.467547,9.138535,-0.02,-0.8,-0.02,-0.25,-0.6,-2.0,0.469031,-0.159152,-0.014107,-0.004684,-0.097637,-0.032929,-0.012727,-0.0283,0.766476,-0.127584,-0.187024,-0.016742,-0.030596,1.499643,3.502007,-0.084703,-0.003518,-0.233317,0.208333,0.0,4.875,0.073848,0.157978,0.20778
1725,140.856598,891.26001,0.777924,0.728326,0.625,0.0,0.090641,14603.0,0.180167,0.374921,0.125756,0.242503,-0.039795,0.457159,9.151703,-0.02,-0.8,-0.02,-0.25,-0.6,-2.0,0.461447,-0.148284,-0.018564,-0.00419,-0.105543,-0.032836,-0.012201,-0.028987,0.762309,-0.123476,-0.177763,-0.016792,-0.033875,1.418885,3.444377,-0.084718,-0.001907,-0.209221,0.083333,0.0,5.291667,0.079745,0.13525,0.215472
1726,148.664917,926.049988,0.758713,0.753684,0.5,0.0,0.090594,14807.0,0.176531,0.372795,0.13052,0.248472,-0.040577,0.463242,9.106117,-0.02,-0.8,-0.02,-0.25,-0.6,-2.0,0.46978,-0.153111,-0.015154,-0.00402,-0.100502,-0.033764,-0.012792,-0.029165,0.777268,-0.12751,-0.17695,-0.016371,-0.029731,1.485608,3.522947,-0.088895,-0.004871,-0.191406,0.083333,0.0,4.291667,0.071072,0.168007,0.207407
1727,149.011337,936.039978,0.771789,0.731182,0.333333,0.0,0.090733,14754.0,0.192635,0.404385,0.127369,0.245117,-0.039279,0.454696,9.101152,-0.02,-0.8,-0.02,-0.25,-0.6,-2.0,0.471643,-0.156635,-0.026388,-0.003581,-0.101414,-0.033034,-0.011623,-0.029021,0.771263,-0.114594,-0.171652,-0.016267,-0.033685,1.406249,3.508497,-0.084459,-0.001786,-0.168367,0.291667,0.0,4.041667,0.074284,0.147584,0.194843
1728,148.469788,919.590027,0.753873,0.737567,0.458333,0.0,0.091011,14848.0,0.176556,0.372739,0.124355,0.246723,-0.038731,0.480339,9.2698,-0.02,-0.8,-0.02,-0.25,-0.6,-2.0,0.463409,-0.156989,-0.013875,-0.006689,-0.096785,-0.032473,-0.0118,-0.027489,0.753587,-0.118759,-0.200421,-0.015301,-0.029712,1.448624,3.487549,-0.083383,-0.002273,-0.202304,0.333333,0.0,4.791667,0.064556,0.174234,0.208343
1729,142.327744,903.900024,0.735834,0.715652,0.583333,0.0,0.090894,15087.0,0.174447,0.379097,0.117966,0.223951,-0.038273,0.410346,9.401873,-0.02,-0.8,-0.02,-0.25,-0.6,-2.0,0.448581,-0.151572,-0.022423,-0.006925,-0.098161,-0.032182,-0.012433,-0.027995,0.731243,-0.124289,-0.175715,-0.015551,-0.02946,1.397807,3.316787,-0.0837,-0.001437,-0.217364,0.333333,0.0,4.541667,0.071632,0.171913,0.248923
1730,154.767136,960.440002,0.789499,0.759623,0.291667,0.041667,0.090782,14995.0,0.17828,0.39164,0.130557,0.242242,-0.039096,0.453284,9.143649,-0.02,-0.8,-0.02,-0.25,-0.6,-2.0,0.47595,-0.156124,-0.015645,-0.003185,-0.096639,-0.03406,-0.012408,-0.028575,0.773825,-0.127691,-0.185844,-0.015135,-0.030365,1.52244,3.550736,-0.087492,-0.002051,-0.194831,0.083333,0.0,4.958333,0.07338,0.140618,0.199183
1731,150.535004,936.140015,0.7693,0.737998,0.5,0.041667,0.090951,14991.0,0.170548,0.373475,0.12562,0.231502,-0.038308,0.449281,9.300367,-0.02,-0.8,-0.02,-0.25,-0.6,-2.0,0.459105,-0.153573,-0.020723,-0.004971,-0.095947,-0.03229,-0.011714,-0.027502,0.766302,-0.121765,-0.176787,-0.015752,-0.029137,1.459751,3.454592,-0.083588,-0.001419,-0.189336,0.125,0.0,4.916667,0.06514,0.152004,0.188353
1732,147.684372,918.619995,0.767824,0.744415,0.375,0.0,0.09099,14848.0,0.170742,0.375956,0.129088,0.237911,-0.038745,0.46611,9.29829,-0.02,-0.8,-0.02,-0.25,-0.6,-2.0,0.460915,-0.146928,-0.011624,-0.005238,-0.094931,-0.032413,-0.011635,-0.027782,0.761659,-0.124208,-0.167535,-0.015797,-0.029055,1.471225,3.454822,-0.083443,-0.001625,-0.245101,0.291667,0.0,4.666667,0.065518,0.158266,0.197601
1733,148.29657,927.219971,0.743996,0.728082,0.666667,0.0,0.091041,15096.0,0.173966,0.3721,0.118696,0.238906,-0.039746,0.441282,9.247057,-0.02,-0.8,-0.02,-0.25,-0.6,-2.0,0.464301,-0.164387,-0.021554,-0.004625,-0.101871,-0.032413,-0.012111,-0.028669,0.766976,-0.117763,-0.155425,-0.016532,-0.032588,1.442185,3.48682,-0.084713,-0.001626,-0.203832,0.125,0.0,4.333333,0.079922,0.160049,0.212372
1734,149.49791,927.51001,0.809618,0.759601,0.375,0.041667,0.090951,14967.0,0.184754,0.397154,0.134896,0.251223,-0.040896,0.480196,9.189068,-0.02,-0.8,-0.02,-0.25,-0.6,-2.0,0.47638,-0.151465,-0.014514,-0.003661,-0.102627,-0.034405,-0.012501,-0.029466,0.788039,-0.124679,-0.186977,-0.016321,-0.03117,1.489172,3.532158,-0.089473,-0.002168,-0.269614,0.25,0.0,3.958333,0.091448,0.164676,0.174257
1735,150.815323,936.679993,0.796235,0.753811,0.458333,0.0,0.090954,14282.0,0.172305,0.383979,0.126624,0.237028,-0.039554,0.447735,9.140005,-0.02,-0.8,-0.02,-0.25,-0.6,-2.0,0.471576,-0.144523,-0.016563,-0.004005,-0.099954,-0.033886,-0.012501,-0.028308,0.772229,-0.120355,-0.182237,-0.015285,-0.031383,1.507332,3.547284,-0.086892,-0.00159,-0.240897,0.208333,0.0,5.25,0.067418,0.142482,0.204925
1736,152.529694,939.880005,0.779259,0.73507,0.363636,0.045455,0.091182,14799.0,0.176822,0.387709,0.129419,0.254472,-0.040842,0.475044,9.486628,-0.02,-0.8,-0.02,-0.25,-0.6,-2.0,0.46593,-0.151975,-0.016069,-0.004866,-0.101979,-0.033334,-0.012402,-0.028361,0.765749,-0.126376,-0.169552,-0.015882,-0.031454,1.462668,3.454021,-0.087252,-0.001317,-0.223276,0.227273,0.0,4.545455,0.06303,0.170649,0.201603
1737,155.896164,954.030029,0.799186,0.771709,0.291667,0.0,0.091045,14626.0,0.174257,0.391964,0.14209,0.265879,-0.042713,0.504909,9.154716,-0.02,-0.8,-0.02,-0.25,-0.6,-2.0,0.481379,-0.160158,-0.020221,-0.003084,-0.103931,-0.034664,-0.012855,-0.029034,0.812534,-0.129147,-0.185512,-0.017083,-0.031173,1.556794,3.591845,-0.091278,-0.002265,-0.191135,0.125,0.0,4.25,0.062766,0.144297,0.183002
1738,145.444778,904.669983,0.781664,0.753827,0.521739,0.0,0.091157,14863.0,0.167858,0.394383,0.130534,0.227638,-0.038675,0.45676,9.47893,-0.02,-0.8,-0.02,-0.25,-0.6,-2.0,0.468663,-0.150399,-0.015586,-0.003473,-0.100422,-0.033259,-0.01118,-0.028248,0.788382,-0.118522,-0.172394,-0.01526,-0.032407,1.518955,3.483019,-0.083686,-0.001186,-0.265343,0.130435,0.0,4.826087,0.065071,0.135055,0.186102
1739,148.617661,931.090027,0.733018,0.700928,0.25,0.041667,0.091384,14634.0,0.18052,0.378943,0.118646,0.234985,-0.038627,0.449521,9.303382,-0.02,-0.8,-0.02,-0.25,-0.6,-2.0,0.455234,-0.150461,-0.016954,-0.00606,-0.099078,-0.033197,-0.0123,-0.028171,0.753062,-0.126819,-0.184574,-0.015301,-0.030434,1.39856,3.390528,-0.085501,-0.001707,-0.131805,0.333333,0.0,3.708333,0.065773,0.16101,0.218372
1740,145.003662,905.200012,0.735888,0.710586,0.791667,0.0,0.091548,14758.0,0.175571,0.380662,0.126589,0.235942,-0.037782,0.443253,9.372654,-0.02,-0.8,-0.02,-0.25,-0.6,-2.0,0.448009,-0.138328,-0.023884,-0.006712,-0.096072,-0.032046,-0.011395,-0.026406,0.745994,-0.125417,-0.178934,-0.014478,-0.029566,1.381753,3.335777,-0.082379,-0.002316,-0.234888,0.208333,0.0,4.666667,0.06768,0.172379,0.22904
1741,148.425217,929.330017,0.772448,0.732045,0.454545,0.090909,0.091659,15016.0,0.170012,0.386244,0.128389,0.25017,-0.040603,0.469229,9.437286,-0.02,-0.8,-0.02,-0.25,-0.6,-2.0,0.457338,-0.151949,-0.018427,-0.005133,-0.10405,-0.033295,-0.012994,-0.028998,0.75358,-0.129526,-0.181096,-0.017692,-0.030651,1.460971,3.377576,-0.087641,-0.001475,-0.322308,0.181818,0.0,4.454545,0.079712,0.136305,0.18714
1742,148.500534,923.669983,0.765284,0.74931,0.416667,0.041667,0.091829,15029.0,0.170241,0.385257,0.130902,0.245039,-0.042411,0.464086,9.195406,-0.02,-0.8,-0.02,-0.25,-0.6,-2.0,0.469137,-0.158173,-0.016635,-0.005185,-0.106004,-0.034134,-0.013266,-0.030204,0.784183,-0.128571,-0.186507,-0.017277,-0.032285,1.522335,3.4932,-0.090141,-0.002127,-0.227776,0.166667,0.0,4.5,0.071223,0.174476,0.222888
1743,145.998871,915.25,0.758153,0.735933,0.458333,0.0,0.091903,15559.0,0.169119,0.378935,0.118557,0.22173,-0.036571,0.429702,9.322968,-0.02,-0.8,-0.02,-0.25,-0.6,-2.0,0.45901,-0.150162,-0.020741,-0.005976,-0.093532,-0.032469,-0.011268,-0.027441,0.756821,-0.122369,-0.171763,-0.01454,-0.030562,1.472066,3.450013,-0.082315,-0.001597,-0.244566,0.166667,0.0,3.583333,0.06455,0.148851,0.223673
1744,139.064957,864.119995,0.707512,0.693459,0.541667,0.041667,0.091742,15624.0,0.159683,0.354068,0.117476,0.230483,-0.036977,0.439229,9.267519,-0.02,-0.8,-0.02,-0.25,-0.6,-2.0,0.438934,-0.146292,-0.013126,-0.007335,-0.091114,-0.031279,-0.011326,-0.025531,0.728905,-0.11752,-0.163997,-0.014536,-0.028816,1.408356,3.305347,-0.080871,-0.001523,-0.221622,0.375,0.0,4.333333,0.06608,0.15009,0.233157
1745,151.420807,918.5,0.780318,0.757645,0.416667,0.0,0.091877,15713.0,0.162665,0.366571,0.128303,0.239808,-0.039505,0.470885,9.123191,-0.02,-0.8,-0.02,-0.25,-0.6,-2.0,0.465868,-0.157949,-0.008236,-0.004212,-0.097194,-0.032635,-0.011565,-0.027686,0.783691,-0.117088,-0.169896,-0.016067,-0.02992,1.524784,3.525432,-0.084612,-0.002087,-0.166319,0.166667,0.0,4.666667,0.064051,0.151641,0.197692
1746,148.659958,907.690002,0.75297,0.73091,0.458333,0.083333,0.091842,15563.0,0.161284,0.36513,0.12565,0.23956,-0.038697,0.464539,9.188568,-0.02,-0.8,-0.02,-0.25,-0.6,-2.0,0.451743,-0.149976,-0.014759,-0.006476,-0.093734,-0.032419,-0.011878,-0.026824,0.751067,-0.126694,-0.170044,-0.014783,-0.027654,1.468363,3.395597,-0.084493,-0.001093,-0.195511,0.291667,0.0,4.166667,0.06612,0.153615,0.22859
1747,144.566055,913.650024,0.767432,0.731337,0.541667,0.041667,0.09193,15559.0,0.177423,0.379385,0.123856,0.24117,-0.040686,0.457731,9.188534,-0.02,-0.8,-0.02,-0.25,-0.6,-2.0,0.462404,-0.15441,-0.021912,-0.00634,-0.103043,-0.033689,-0.012549,-0.028881,0.766995,-0.137384,-0.194109,-0.017127,-0.032616,1.449506,3.442057,-0.086874,-0.002207,-0.241904,0.25,0.0,4.25,0.080228,0.184465,0.22613
1748,158.657288,963.299988,0.7894,0.79043,0.25,0.0,0.091911,15445.0,0.172076,0.392998,0.132849,0.258952,-0.04117,0.492884,9.308306,-0.02,-0.8,-0.02,-0.25,-0.6,-2.0,0.480203,-0.152546,-0.012791,-0.003062,-0.100326,-0.034708,-0.012734,-0.028923,0.803185,-0.118926,-0.187356,-0.015519,-0.02947,1.556427,3.591462,-0.090142,-0.001643,-0.207795,0.083333,0.0,4.5,0.057909,0.149093,0.177572
1749,150.155579,939.200012,0.78851,0.755982,0.583333,0.041667,0.092043,14552.0,0.17128,0.373216,0.134823,0.250791,-0.040575,0.481755,9.288605,-0.02,-0.8,-0.02,-0.25,-0.6,-2.0,0.474485,-0.152449,-0.014964,-0.004167,-0.098849,-0.034154,-0.012544,-0.028219,0.791757,-0.124498,-0.174774,-0.015865,-0.029097,1.5307,3.570813,-0.088047,-0.001904,-0.321749,0.083333,0.0,14.125,0.06235,0.140281,0.193849
1750,152.597702,941.830017,0.776222,0.744519,0.478261,0.043478,0.092118,14589.0,0.167405,0.376023,0.123738,0.236642,-0.038286,0.459043,9.252731,-0.02,-0.8,-0.02,-0.25,-0.6,-2.0,0.46494,-0.153704,-0.012383,-0.004465,-0.091751,-0.032991,-0.011722,-0.028056,0.767801,-0.120104,-0.170919,-0.015204,-0.029164,1.493698,3.49487,-0.084116,-0.001876,-0.18558,0.173913,0.0,5.043478,0.073526,0.143078,0.19332
1751,145.32692,911.159973,0.753114,0.742061,0.666667,0.083333,0.092314,15228.0,0.165607,0.383591,0.121222,0.237396,-0.03732,0.44996,9.24653,-0.02,-0.8,-0.02,-0.25,-0.6,-2.0,0.454714,-0.149798,-0.016261,-0.006843,-0.095355,-0.032636,-0.011403,-0.027324,0.744285,-0.131584,-0.185485,-0.015027,-0.029683,1.469855,3.387321,-0.08379,-0.001989,-0.184359,0.25,0.0,3.583333,0.079295,0.14979,0.214301
1752,146.586136,897.409973,0.774231,0.739175,0.666667,0.0,0.092287,15185.0,0.165983,0.382557,0.127708,0.239365,-0.039401,0.463802,9.175238,-0.02,-0.8,-0.02,-0.25,-0.6,-2.0,0.45793,-0.148366,-0.011305,-0.005325,-0.096678,-0.032962,-0.011731,-0.027658,0.770069,-0.125617,-0.177521,-0.015044,-0.030518,1.4749,3.418589,-0.084903,-0.001526,-0.229759,0.125,0.0,4.583333,0.070285,0.136466,0.209
1753,154.269516,948.940002,0.805851,0.758688,0.434783,0.0,0.092222,14871.0,0.167275,0.371897,0.12715,0.24531,-0.039701,0.489992,9.169746,-0.02,-0.8,-0.02,-0.25,-0.6,-2.0,0.47659,-0.157922,-0.011605,-0.003384,-0.097535,-0.03393,-0.01159,-0.027686,0.794769,-0.118277,-0.169541,-0.014309,-0.031536,1.550125,3.600148,-0.086141,-0.001827,-0.303273,0.130435,0.0,4.782609,0.064586,0.143855,0.210434
1754,145.776917,908.419983,0.740128,0.725743,0.565217,0.0,0.092535,14607.0,0.170618,0.374109,0.135369,0.254154,-0.039723,0.467162,9.293995,-0.02,-0.8,-0.02,-0.25,-0.6,-2.0,0.462164,-0.147549,-0.013485,-0.004083,-0.099377,-0.03383,-0.012381,-0.028219,0.763407,-0.127799,-0.198044,-0.015943,-0.028871,1.485899,3.442503,-0.087865,-0.001828,-0.214459,0.086957,0.0,4.521739,0.061366,0.138925,0.204142
1755,143.211349,885.01001,0.731537,0.71668,0.958333,0.0,0.092689,14809.0,0.160801,0.370924,0.128787,0.241214,-0.038968,0.462591,9.239968,-0.02,-0.8,-0.02,-0.25,-0.6,-2.0,0.44484,-0.145379,-0.012363,-0.006961,-0.097837,-0.032273,-0.011705,-0.026635,0.736984,-0.123914,-0.168375,-0.015341,-0.02951,1.437199,3.31455,-0.083586,-0.001866,-0.230397,0.083333,0.0,5.0,0.063658,0.134795,0.244816
1756,149.876877,936.960022,0.763601,0.739164,0.583333,0.0,0.092709,14915.0,0.168275,0.374164,0.128283,0.244441,-0.038547,0.46744,9.30455,-0.02,-0.8,-0.02,-0.25,-0.6,-2.0,0.464124,-0.152066,-0.018134,-0.005109,-0.09844,-0.033383,-0.011701,-0.027983,0.768127,-0.11809,-0.168746,-0.014912,-0.030814,1.484409,3.478981,-0.084829,-0.00241,-0.281896,0.208333,0.0,4.166667,0.067706,0.173713,0.220869
1757,154.261841,945.030029,0.80146,0.767672,0.458333,0.041667,0.092898,15574.0,0.168804,0.377467,0.138379,0.256966,-0.041424,0.481466,9.136944,-0.02,-0.8,-0.02,-0.25,-0.6,-2.0,0.476507,-0.159135,-0.007943,-0.004022,-0.100851,-0.034349,-0.01252,-0.028902,0.806247,-0.118736,-0.179565,-0.015616,-0.029419,1.556186,3.572268,-0.089719,-0.001436,-0.279809,0.125,0.0,4.541667,0.07895,0.143941,0.199121
1758,153.278427,954.950012,0.781669,0.756079,0.375,0.083333,0.092836,15453.0,0.183933,0.394531,0.128363,0.260586,-0.04219,0.480658,9.253069,-0.02,-0.8,-0.02,-0.25,-0.6,-2.0,0.477822,-0.164977,-0.017125,-0.003062,-0.106208,-0.035059,-0.013078,-0.029823,0.775612,-0.12474,-0.173654,-0.017056,-0.032327,1.482376,3.549644,-0.091746,-0.002778,-0.196117,0.083333,0.0,4.541667,0.074038,0.131078,0.175854
1759,152.85199,949.98999,0.770514,0.757715,0.333333,0.083333,0.092733,14975.0,0.171576,0.395714,0.134159,0.248456,-0.040245,0.4721,9.335757,-0.02,-0.8,-0.02,-0.25,-0.6,-2.0,0.476758,-0.165074,-0.010516,-0.004085,-0.099011,-0.034738,-0.012337,-0.028922,0.782484,-0.129696,-0.177688,-0.016202,-0.028551,1.543798,3.540639,-0.088901,-0.001882,-0.242475,0.041667,0.0,4.5,0.069968,0.120331,0.210224
1760,150.114014,924.169983,0.775324,0.742243,0.375,0.041667,0.092537,15151.0,0.168538,0.366616,0.130323,0.240841,-0.038601,0.46129,9.241736,-0.02,-0.8,-0.02,-0.25,-0.6,-2.0,0.463122,-0.149716,-0.017337,-0.004149,-0.095327,-0.033331,-0.011548,-0.027416,0.764136,-0.114985,-0.169275,-0.0153,-0.028754,1.481608,3.485106,-0.08455,-0.001852,-0.206158,0.208333,0.0,5.25,0.063556,0.147757,0.211017
1761,150.657288,932.419983,0.758176,0.742696,0.5,0.0,0.092436,15123.0,0.170174,0.393634,0.117123,0.231484,-0.037721,0.44836,9.413403,-0.02,-0.8,-0.02,-0.25,-0.6,-2.0,0.469754,-0.16347,-0.02407,-0.004229,-0.09299,-0.033429,-0.011289,-0.026746,0.75845,-0.110567,-0.158372,-0.014627,-0.028821,1.50417,3.516331,-0.083983,-0.001318,-0.199228,0.166667,0.0,4.958333,0.056276,0.155093,0.210702
1762,151.830826,926.580017,0.770397,0.744648,0.416667,0.0,0.092534,14680.0,0.174062,0.372172,0.135047,0.252561,-0.040967,0.476988,9.194641,-0.02,-0.8,-0.02,-0.25,-0.6,-2.0,0.463641,-0.147242,-0.019167,-0.004316,-0.100528,-0.034643,-0.012782,-0.028442,0.772629,-0.123146,-0.179142,-0.015024,-0.028694,1.481858,3.47335,-0.090403,-0.001561,-0.187648,0.125,0.0,4.416667,0.077378,0.144356,0.183189
1763,152.157166,949.75,0.764256,0.741334,0.458333,0.0,0.092644,14825.0,0.172404,0.375699,0.1276,0.24833,-0.041359,0.472517,9.251235,-0.02,-0.8,-0.02,-0.25,-0.6,-2.0,0.462835,-0.158116,-0.012568,-0.005615,-0.105891,-0.034156,-0.01249,-0.028634,0.769147,-0.128208,-0.181994,-0.015932,-0.032796,1.46884,3.447636,-0.087758,-0.001672,-0.284891,0.125,0.0,4.416667,0.069262,0.151018,0.23186
1764,157.097702,966.48999,0.789725,0.754821,0.416667,0.0,0.092628,14934.0,0.175554,0.389597,0.127289,0.245731,-0.040932,0.460074,8.937256,-0.02,-0.8,-0.02,-0.25,-0.6,-2.0,0.472675,-0.156567,-0.015761,-0.003988,-0.099061,-0.034391,-0.012305,-0.028596,0.791323,-0.12079,-0.170288,-0.015845,-0.030811,1.499794,3.513126,-0.089092,-0.001892,-0.198381,0.125,0.0,4.958333,0.074691,0.140255,0.194601
1765,145.947998,915.630005,0.76262,0.729556,0.478261,0.0,0.092638,15219.0,0.170562,0.379075,0.131509,0.256393,-0.041165,0.477166,9.126324,-0.02,-0.8,-0.02,-0.25,-0.6,-2.0,0.46792,-0.157922,-0.016379,-0.005346,-0.104437,-0.034681,-0.012786,-0.029865,0.779793,-0.122893,-0.180032,-0.017431,-0.031848,1.505134,3.498168,-0.089809,-0.001946,-0.272141,0.304348,0.0,4.521739,0.078629,0.155779,0.245846
1766,152.938965,958.960022,0.788078,0.761102,0.291667,0.0,0.092633,15303.0,0.179446,0.393203,0.1227,0.235641,-0.039684,0.447339,9.242018,-0.02,-0.8,-0.02,-0.25,-0.6,-2.0,0.470582,-0.150623,-0.017115,-0.003298,-0.103818,-0.035641,-0.012867,-0.029366,0.775213,-0.12752,-0.217063,-0.016941,-0.032258,1.491398,3.496877,-0.089293,-0.001733,-0.18654,0.083333,0.0,4.916667,0.069156,0.13991,0.209405
1767,149.015717,917.380005,0.748311,0.729533,0.666667,0.0,0.092737,15393.0,0.17158,0.380337,0.131609,0.251115,-0.03937,0.486921,9.207853,-0.02,-0.8,-0.02,-0.25,-0.6,-2.0,0.459556,-0.150004,-0.012491,-0.00544,-0.094218,-0.033352,-0.011369,-0.027092,0.77926,-0.114506,-0.165123,-0.014144,-0.028877,1.460881,3.442199,-0.084967,-0.001425,-0.194633,0.125,0.0,4.791667,0.06182,0.166004,0.196558
1768,147.479736,910.169983,0.773016,0.746533,0.416667,0.083333,0.092824,15434.0,0.166198,0.368771,0.124782,0.232345,-0.038971,0.441773,9.256042,-0.02,-0.8,-0.02,-0.25,-0.6,-2.0,0.457523,-0.152235,-0.015678,-0.004746,-0.092697,-0.033474,-0.012013,-0.026395,0.767009,-0.116963,-0.171387,-0.01501,-0.027627,1.470891,3.460269,-0.086069,-0.001212,-0.183303,0.125,0.0,4.375,0.059828,0.139643,0.216327
1769,150.665359,942.530029,0.801589,0.767292,0.5,0.0,0.092918,15713.0,0.17833,0.380722,0.122047,0.241383,-0.039451,0.44461,9.135676,-0.02,-0.8,-0.02,-0.25,-0.6,-2.0,0.479929,-0.162441,-0.019959,-0.004072,-0.098262,-0.035389,-0.012551,-0.029083,0.783083,-0.128243,-0.17937,-0.016152,-0.030118,1.517418,3.60301,-0.089225,-0.002391,-0.265348,0.208333,0.0,4.416667,0.070659,0.162284,0.200032
1770,156.979523,972.25,0.789755,0.762319,0.291667,0.041667,0.093061,16017.0,0.175827,0.396361,0.134976,0.264926,-0.042733,0.495085,9.053272,-0.02,-0.8,-0.02,-0.25,-0.6,-2.0,0.481091,-0.167737,-0.019037,-0.00325,-0.106303,-0.035846,-0.013147,-0.030155,0.792948,-0.12474,-0.181148,-0.0172,-0.030726,1.546617,3.564823,-0.093342,-0.001144,-0.215866,0.083333,0.0,4.875,0.067407,0.134661,0.196341
1771,147.852753,915.320007,0.768345,0.737375,0.625,0.0,0.093193,15965.0,0.167068,0.380863,0.123921,0.233544,-0.039687,0.454621,8.99752,-0.02,-0.8,-0.02,-0.25,-0.6,-2.0,0.4611,-0.157811,-0.014155,-0.004712,-0.101165,-0.034436,-0.012751,-0.028301,0.770549,-0.125385,-0.173349,-0.017019,-0.031773,1.486996,3.429726,-0.086239,-0.001517,-0.257003,0.166667,0.0,4.708333,0.070827,0.159419,0.197729
1772,149.054123,915.640015,0.788283,0.763433,0.458333,0.041667,0.093422,15728.0,0.158354,0.384861,0.121701,0.2327,-0.038645,0.44842,8.915504,-0.02,-0.8,-0.02,-0.25,-0.6,-2.0,0.468672,-0.153629,-0.008303,-0.003921,-0.096281,-0.034267,-0.011595,-0.027254,0.77784,-0.115934,-0.173122,-0.015346,-0.0303,1.550109,3.518147,-0.086032,-0.001175,-0.162111,0.083333,0.0,4.25,0.060865,0.153147,0.175447
1773,152.006165,948.630005,0.785989,0.741543,0.5,0.041667,0.093421,16062.0,0.169304,0.375229,0.130679,0.243033,-0.039721,0.467926,9.112614,-0.02,-0.8,-0.02,-0.25,-0.6,-2.0,0.465146,-0.150015,-0.011108,-0.004286,-0.099339,-0.034549,-0.011839,-0.028479,0.782609,-0.124343,-0.186083,-0.015648,-0.030267,1.49458,3.477635,-0.087427,-0.00142,-0.25124,0.125,0.0,5.375,0.078699,0.143015,0.206791
1774,147.989014,903.039978,0.755182,0.734698,0.583333,0.041667,0.093469,16423.0,0.16358,0.363895,0.126433,0.241533,-0.039634,0.46454,9.11719,-0.02,-0.8,-0.02,-0.25,-0.6,-2.0,0.453372,-0.150836,-0.008204,-0.005583,-0.094836,-0.033282,-0.011821,-0.02752,0.759779,-0.117779,-0.166793,-0.014859,-0.028597,1.461104,3.401094,-0.086773,-0.001158,-0.212095,0.166667,0.0,4.333333,0.066783,0.162994,0.198408
1775,148.505829,918.169983,0.757283,0.723239,0.434783,0.043478,0.093482,16667.0,0.163357,0.361553,0.121594,0.23387,-0.037523,0.455621,9.134931,-0.02,-0.8,-0.02,-0.25,-0.6,-2.0,0.453049,-0.14978,-0.01876,-0.004511,-0.096647,-0.032788,-0.011167,-0.026561,0.749229,-0.106231,-0.15738,-0.014457,-0.029197,1.460598,3.423469,-0.083117,-0.001382,-0.209478,0.086957,0.0,4.826087,0.070977,0.168273,0.197485
1776,154.003586,956.210022,0.792047,0.752546,0.583333,0.0,0.093435,16182.0,0.172142,0.387177,0.126015,0.24458,-0.039802,0.458074,8.962709,-0.02,-0.8,-0.02,-0.25,-0.6,-2.0,0.469121,-0.159452,-0.013549,-0.004824,-0.095835,-0.03443,-0.011868,-0.027854,0.775488,-0.117835,-0.163773,-0.014989,-0.028849,1.510287,3.499563,-0.087833,-0.001663,-0.269069,0.083333,0.0,4.708333,0.075012,0.164628,0.189226
1777,150.949356,948.900024,0.736226,0.71037,0.416667,0.0,0.093416,15510.0,0.171344,0.376052,0.12573,0.240108,-0.039845,0.446409,9.067406,-0.02,-0.8,-0.02,-0.25,-0.6,-2.0,0.451142,-0.150515,-0.014005,-0.00553,-0.100096,-0.034136,-0.012071,-0.028447,0.740884,-0.112171,-0.165709,-0.015376,-0.030466,1.417994,3.340928,-0.087483,-0.002287,-0.229495,0.208333,0.0,4.875,0.083774,0.151852,0.22734
1778,155.459381,948.51001,0.769917,0.744771,0.521739,0.0,0.093409,15714.0,0.155964,0.369053,0.122554,0.221569,-0.036796,0.435929,9.029841,-0.02,-0.8,-0.02,-0.25,-0.6,-2.0,0.460141,-0.147387,-0.017296,-0.005043,-0.093193,-0.033866,-0.011215,-0.027679,0.753523,-0.121722,-0.172837,-0.014596,-0.02879,1.534792,3.462236,-0.084228,-0.001448,-0.251494,0.043478,0.0,4.347826,0.064627,0.143676,0.21905
1779,148.20369,926.700012,0.747576,0.714022,0.416667,0.041667,0.093481,15378.0,0.167524,0.378965,0.11979,0.225217,-0.038832,0.421782,8.941456,-0.02,-0.8,-0.02,-0.25,-0.6,-2.0,0.448216,-0.149646,-0.015615,-0.006618,-0.096706,-0.033743,-0.011815,-0.027251,0.743046,-0.122034,-0.182853,-0.015326,-0.029741,1.428762,3.328446,-0.08559,-0.003857,-0.186285,0.208333,0.0,4.25,0.071334,0.148949,0.225466
1780,153.144501,949.780029,0.770916,0.743634,0.5,0.0,0.093453,15615.0,0.168241,0.385543,0.133567,0.228924,-0.039691,0.439571,9.143545,-0.02,-0.8,-0.02,-0.25,-0.6,-2.0,0.462763,-0.141879,-0.012042,-0.005238,-0.098173,-0.034883,-0.011901,-0.027849,0.771225,-0.121853,-0.192504,-0.014495,-0.030475,1.495905,3.439935,-0.087201,-0.002385,-0.150616,0.125,0.0,4.666667,0.061315,0.131823,0.229915
1781,152.919617,960.450012,0.788581,0.764645,0.291667,0.0,0.093526,15569.0,0.193518,0.401818,0.138149,0.259576,-0.042587,0.491476,8.930372,-0.02,-0.8,-0.02,-0.25,-0.6,-2.0,0.482388,-0.155261,-0.018402,-0.003196,-0.106539,-0.03656,-0.012747,-0.030419,0.803478,-0.129756,-0.192637,-0.01658,-0.033026,1.503104,3.55713,-0.092578,-0.001737,-0.223676,0.083333,0.0,4.125,0.076017,0.158214,0.182644
1782,150.440216,925.190002,0.781652,0.749146,0.375,0.0,0.093532,15632.0,0.172392,0.383305,0.131921,0.248999,-0.040845,0.473399,9.075966,-0.02,-0.8,-0.02,-0.25,-0.6,-2.0,0.468113,-0.154886,-0.014697,-0.005011,-0.100266,-0.03531,-0.011973,-0.027747,0.781082,-0.123406,-0.183692,-0.015294,-0.03012,1.496333,3.495966,-0.08951,-0.002149,-0.194355,0.291667,0.0,4.208333,0.06736,0.160037,0.212892
1783,153.02948,934.530029,0.769544,0.736767,0.409091,0.0,0.093497,16425.0,0.163451,0.370492,0.126553,0.250586,-0.040821,0.483168,9.292521,-0.02,-0.8,-0.02,-0.25,-0.6,-2.0,0.459317,-0.150573,-0.014072,-0.005729,-0.100691,-0.03462,-0.012505,-0.028668,0.768948,-0.126402,-0.17464,-0.016291,-0.031206,1.487732,3.415983,-0.088375,-0.002111,-0.246506,0.136364,0.0,4.727273,0.091757,0.134675,0.204103
1784,157.030197,965.72998,0.791671,0.775989,0.375,0.0,0.093506,16379.0,0.1771,0.39447,0.130864,0.262795,-0.043236,0.500261,9.107888,-0.02,-0.8,-0.02,-0.25,-0.6,-2.0,0.47891,-0.164623,-0.011307,-0.003687,-0.109882,-0.036217,-0.012534,-0.029443,0.808191,-0.125518,-0.179258,-0.016688,-0.033796,1.524487,3.572901,-0.093106,-0.001702,-0.247535,0.083333,0.0,5.083333,0.066084,0.127764,0.186123
1785,152.412003,940.130005,0.777001,0.757425,0.5,0.0,0.093506,17063.0,0.170271,0.385123,0.134784,0.252408,-0.040105,0.483362,9.21207,-0.02,-0.8,-0.02,-0.25,-0.6,-2.0,0.467638,-0.152148,-0.022136,-0.005389,-0.095689,-0.03482,-0.011954,-0.027655,0.772227,-0.132447,-0.177799,-0.016155,-0.02889,1.500026,3.501231,-0.087642,-0.001262,-0.21217,0.0,0.0,3.583333,0.056514,0.100346,0.226762
1786,150.893936,935.859985,0.799019,0.763853,0.291667,0.0,0.093517,16785.0,0.1701,0.389778,0.139661,0.25086,-0.042168,0.492073,9.104107,-0.02,-0.8,-0.02,-0.25,-0.6,-2.0,0.4727,-0.149786,-0.008248,-0.003716,-0.100438,-0.03543,-0.01176,-0.028023,0.79301,-0.114795,-0.166843,-0.01491,-0.029849,1.532882,3.513981,-0.089755,-0.00168,-0.224285,0.291667,0.0,4.791667,0.078393,0.150514,0.181589
1787,148.94072,928.309998,0.768085,0.729433,0.666667,0.041667,0.093447,16527.0,0.161689,0.39331,0.120249,0.22065,-0.038708,0.421676,9.102057,-0.02,-0.8,-0.02,-0.25,-0.6,-2.0,0.463298,-0.153051,-0.015593,-0.006015,-0.098827,-0.035164,-0.012389,-0.027899,0.76172,-0.126698,-0.193692,-0.016592,-0.030001,1.516834,3.424826,-0.087388,-0.00145,-0.239376,0.208333,0.0,4.458333,0.070095,0.155339,0.200232
1788,149.849533,942.900024,0.762927,0.744994,0.291667,0.041667,0.09352,16233.0,0.184303,0.398476,0.136642,0.239321,-0.041016,0.448809,9.035645,-0.02,-0.8,-0.02,-0.25,-0.6,-2.0,0.469315,-0.149643,-0.022175,-0.003556,-0.103226,-0.035626,-0.01254,-0.028317,0.783167,-0.129512,-0.198,-0.016566,-0.031792,1.446984,3.480987,-0.088873,-0.002809,-0.214273,0.125,0.0,3.875,0.077277,0.147047,0.173347
1789,146.08638,904.340027,0.764275,0.730479,0.708333,0.0,0.093882,16845.0,0.159808,0.370634,0.119011,0.240024,-0.03801,0.464489,9.341969,-0.02,-0.8,-0.02,-0.25,-0.6,-2.0,0.460473,-0.15757,-0.018764,-0.005522,-0.096483,-0.033894,-0.011565,-0.02743,0.756192,-0.116641,-0.158576,-0.015153,-0.030175,1.499629,3.480393,-0.084712,-0.00217,-0.248719,0.125,0.0,4.333333,0.073691,0.129879,0.234755
1790,156.105988,964.210022,0.743128,0.719502,0.75,0.083333,0.093983,16054.0,0.164409,0.372918,0.124942,0.245491,-0.040434,0.467065,9.218989,-0.02,-0.8,-0.02,-0.25,-0.6,-2.0,0.446872,-0.153304,-0.013341,-0.00703,-0.102882,-0.034069,-0.012176,-0.027651,0.742174,-0.132382,-0.178492,-0.016629,-0.03088,1.422193,3.312276,-0.087165,-0.001542,-0.220707,0.333333,0.0,13.625,0.078879,0.156769,0.20861
1791,153.693405,942.75,0.762352,0.751574,0.375,0.0,0.094047,15602.0,0.167774,0.374966,0.132169,0.244903,-0.04103,0.466145,9.131142,-0.02,-0.8,-0.02,-0.25,-0.6,-2.0,0.465342,-0.147238,-0.009771,-0.005488,-0.100102,-0.035061,-0.01187,-0.02787,0.769666,-0.129918,-0.180262,-0.01457,-0.030567,1.504158,3.479224,-0.088602,-0.001176,-0.189403,0.041667,0.0,4.291667,0.067107,0.123174,0.227513
1792,154.423874,945.26001,0.801072,0.769306,0.434783,0.0,0.09409,15614.0,0.171753,0.393088,0.12858,0.242043,-0.040857,0.470466,8.968687,-0.02,-0.8,-0.02,-0.25,-0.6,-2.0,0.480616,-0.156716,-0.021333,-0.002729,-0.099408,-0.036121,-0.011846,-0.028458,0.802085,-0.112566,-0.164498,-0.015273,-0.031915,1.544471,3.594414,-0.089668,-0.003503,-0.219293,0.043478,0.0,4.73913,0.061758,0.128448,0.197541
1793,147.545731,919.580017,0.762134,0.750723,0.375,0.041667,0.09417,16221.0,0.171561,0.380894,0.129477,0.228543,-0.039941,0.451505,9.258476,-0.02,-0.8,-0.02,-0.25,-0.6,-2.0,0.468548,-0.153913,-0.017278,-0.005097,-0.101386,-0.035231,-0.011901,-0.027675,0.776169,-0.123029,-0.179154,-0.015239,-0.031532,1.50169,3.499332,-0.087105,-0.005869,-0.250968,0.25,0.0,4.375,0.072703,0.154979,0.197089
1794,147.802094,920.799988,0.773464,0.747847,0.5,0.041667,0.094257,15609.0,0.176841,0.395549,0.125364,0.235855,-0.040289,0.441098,8.952803,-0.02,-0.8,-0.02,-0.25,-0.6,-2.0,0.471595,-0.156705,-0.01799,-0.004589,-0.104788,-0.035719,-0.012333,-0.029436,0.776925,-0.130449,-0.183346,-0.016979,-0.032435,1.492978,3.502395,-0.089,-0.001763,-0.174259,0.166667,0.0,5.375,0.063185,0.143958,0.206449
1795,142.807587,878.109985,0.75714,0.73497,0.695652,0.043478,0.094632,16222.0,0.157191,0.383787,0.135367,0.253708,-0.041858,0.493732,9.232866,-0.02,-0.8,-0.02,-0.25,-0.6,-2.0,0.457146,-0.156122,-0.010262,-0.005675,-0.100975,-0.034949,-0.012655,-0.028507,0.773319,-0.126238,-0.179692,-0.016117,-0.028518,1.517284,3.372901,-0.089761,-0.001337,-0.204503,0.173913,0.0,4.086957,0.079436,0.140337,0.216439
1796,146.320465,897.890015,0.758064,0.706771,0.666667,0.0,0.094704,15960.0,0.16129,0.350986,0.124923,0.232636,-0.038353,0.456152,9.300114,-0.02,-0.8,-0.02,-0.25,-0.6,-2.0,0.44868,-0.147056,-0.006805,-0.006722,-0.092791,-0.033456,-0.010673,-0.026203,0.751798,-0.121841,-0.166384,-0.013492,-0.027335,1.449057,3.389024,-0.083723,-0.001364,-0.258397,0.208333,0.0,4.75,0.070947,0.163527,0.226197
1797,149.01384,918.640015,0.776451,0.75721,0.625,0.0,0.094889,16331.0,0.17173,0.37971,0.121818,0.226081,-0.037507,0.43646,9.061974,-0.02,-0.8,-0.02,-0.25,-0.6,-2.0,0.468032,-0.151983,-0.019575,-0.005244,-0.095518,-0.034764,-0.011275,-0.026853,0.771551,-0.120316,-0.175611,-0.014526,-0.030152,1.499354,3.529255,-0.085194,-0.001443,-0.185297,0.208333,0.0,4.541667,0.077851,0.158296,0.180882
1798,146.210953,910.900024,0.751017,0.744816,0.416667,0.041667,0.094833,15946.0,0.176404,0.365281,0.126855,0.239044,-0.039151,0.450206,9.095276,-0.02,-0.8,-0.02,-0.25,-0.6,-2.0,0.465821,-0.158577,-0.011702,-0.004256,-0.099013,-0.034978,-0.011629,-0.027868,0.762623,-0.119141,-0.178654,-0.015298,-0.031153,1.470494,3.518102,-0.086393,-0.002464,-0.271295,0.25,0.0,4.458333,0.068156,0.141386,0.197205
1799,149.953781,926.909973,0.774587,0.769559,0.375,0.0,0.094847,5189.0,0.170296,0.393833,0.12927,0.242376,-0.042357,0.477177,8.967936,-0.02,-0.8,-0.02,-0.25,-0.6,-2.0,0.470257,-0.159595,-0.008674,-0.003472,-0.109703,-0.036341,-0.012578,-0.029884,0.795298,-0.129443,-0.185093,-0.017558,-0.033161,1.518766,3.476242,-0.090927,-0.001613,-0.21043,0.125,0.0,4.416667,0.071585,0.130604,0.182832
1800,153.581985,941.059998,0.7681,0.755356,0.375,0.083333,0.094598,5012.0,0.166512,0.399474,0.128657,0.247185,-0.041808,0.485688,9.076794,-0.02,-0.8,-0.02,-0.25,-0.6,-2.0,0.47051,-0.159149,-0.014913,-0.004242,-0.100067,-0.03557,-0.011938,-0.029301,0.7938,-0.122668,-0.167128,-0.016349,-0.030809,1.525694,3.495294,-0.089255,-0.001811,-0.159417,0.083333,0.0,4.25,0.073227,0.159781,0.169859
1801,149.078201,924.099976,0.749498,0.733011,0.458333,0.041667,0.094812,4987.0,0.170887,0.390684,0.126562,0.236423,-0.038833,0.444098,9.24127,-0.02,-0.8,-0.02,-0.25,-0.6,-2.0,0.460979,-0.151177,-0.016834,-0.005213,-0.096712,-0.035235,-0.011951,-0.028102,0.762077,-0.121458,-0.176226,-0.015276,-0.028236,1.464276,3.398962,-0.087772,-0.001515,-0.206766,0.208333,0.0,4.791667,0.074711,0.137758,0.220063
1802,148.957687,906.320007,0.756581,0.747845,0.375,0.041667,0.094747,4980.0,0.163279,0.375724,0.129945,0.239792,-0.040465,0.471612,9.26199,-0.02,-0.8,-0.02,-0.25,-0.6,-2.0,0.456585,-0.147976,-0.01065,-0.005347,-0.098365,-0.035255,-0.012183,-0.027628,0.766996,-0.129245,-0.191886,-0.015694,-0.029238,1.496764,3.401182,-0.087727,-0.00156,-0.166215,0.333333,0.0,5.041667,0.075785,0.161724,0.193649
1803,151.506378,946.469971,0.758784,0.748844,0.5,0.041667,0.094955,4954.0,0.171816,0.38405,0.130575,0.237914,-0.040232,0.462003,8.964798,-0.02,-0.8,-0.02,-0.25,-0.6,-2.0,0.471287,-0.152122,-0.011784,-0.003988,-0.09683,-0.03581,-0.012284,-0.027496,0.782032,-0.122354,-0.181847,-0.01462,-0.028083,1.517162,3.514534,-0.089264,-0.00186,-0.210237,0.041667,0.0,5.125,0.057987,0.150717,0.177667
1804,148.947235,919.780029,0.770419,0.759305,0.375,0.041667,0.095009,5037.0,0.168544,0.385253,0.117474,0.244525,-0.040883,0.472395,9.128043,-0.02,-0.8,-0.02,-0.25,-0.6,-2.0,0.472069,-0.170667,-0.014508,-0.003591,-0.102334,-0.035412,-0.011956,-0.029178,0.781225,-0.116317,-0.165084,-0.016584,-0.030693,1.518202,3.535368,-0.08972,-0.001251,-0.207261,0.166667,0.0,3.833333,0.073054,0.168545,0.181604
1805,148.97731,929.390015,0.766204,0.727362,0.375,0.0,0.095049,5093.0,0.167193,0.370341,0.125454,0.225874,-0.038867,0.431928,9.052261,-0.02,-0.8,-0.02,-0.25,-0.6,-2.0,0.464035,-0.147746,-0.015532,-0.003881,-0.094628,-0.035404,-0.011744,-0.028556,0.749357,-0.114885,-0.17619,-0.014939,-0.028662,1.50214,3.472829,-0.087285,-0.001121,-0.154751,0.125,0.0,4.708333,0.08267,0.144219,0.219829
1806,151.591599,950.679993,0.763564,0.746566,0.5,0.0,0.095049,4986.0,0.17309,0.388637,0.130091,0.237308,-0.039399,0.451402,9.22248,-0.02,-0.8,-0.02,-0.25,-0.6,-2.0,0.468798,-0.153344,-0.012889,-0.004579,-0.099629,-0.035876,-0.012128,-0.028244,0.766036,-0.12447,-0.190832,-0.015416,-0.030129,1.499021,3.479049,-0.088277,-0.001478,-0.209101,0.083333,0.0,4.708333,0.080298,0.123041,0.188873
1807,152.885391,950.030029,0.75937,0.744407,0.347826,0.0,0.094909,5012.0,0.178459,0.378881,0.128085,0.240099,-0.04024,0.457687,8.916985,-0.02,-0.8,-0.02,-0.25,-0.6,-2.0,0.471454,-0.149991,-0.01885,-0.003685,-0.098463,-0.035551,-0.011416,-0.028059,0.780613,-0.116861,-0.176809,-0.016009,-0.030849,1.482484,3.545587,-0.087781,-0.001824,-0.188758,0.130435,0.0,4.565217,0.080293,0.13855,0.1957
1808,147.998611,925.580017,0.760903,0.74091,0.375,0.0,0.094697,4946.0,0.179987,0.404988,0.134002,0.250934,-0.041854,0.468234,9.145416,-0.02,-0.8,-0.02,-0.25,-0.6,-2.0,0.471172,-0.156124,-0.019596,-0.003528,-0.106981,-0.036635,-0.012681,-0.02938,0.765327,-0.125894,-0.182146,-0.015845,-0.030921,1.473165,3.458304,-0.092166,-0.003005,-0.252933,0.166667,0.0,4.916667,0.072865,0.157832,0.20031
1809,156.809204,965.359985,0.767082,0.767665,0.333333,0.0,0.094858,6981.0,0.170854,0.387742,0.132922,0.242328,-0.040479,0.461713,9.127995,-0.02,-0.8,-0.02,-0.25,-0.6,-2.0,0.474282,-0.150091,-0.01205,-0.004431,-0.097641,-0.036075,-0.011932,-0.028336,0.794536,-0.117926,-0.175669,-0.014384,-0.029656,1.529173,3.556123,-0.089228,-0.00176,-0.215904,0.166667,0.0,4.583333,0.073313,0.145964,0.219124
1810,148.186035,910.150024,0.744094,0.73558,0.666667,0.0,0.09495,47804.0,0.170942,0.381942,0.124291,0.234921,-0.039524,0.452296,9.167545,-0.02,-0.8,-0.02,-0.25,-0.6,-2.0,0.46349,-0.153659,-0.024022,-0.004511,-0.096135,-0.035137,-0.011463,-0.027727,0.760111,-0.120528,-0.168926,-0.014794,-0.029498,1.482002,3.472784,-0.087696,-0.001147,-0.139772,0.041667,0.0,4.166667,0.070061,0.144052,0.223256
1811,151.998962,937.01001,0.764615,0.766733,0.391304,0.043478,0.095122,47321.0,0.166064,0.379481,0.133521,0.254727,-0.041422,0.496548,9.105226,-0.02,-0.8,-0.02,-0.25,-0.6,-2.0,0.469821,-0.157753,-0.008923,-0.003942,-0.101233,-0.036037,-0.012071,-0.028821,0.779871,-0.125549,-0.186008,-0.015826,-0.030076,1.53342,3.502996,-0.090235,-0.00163,-0.248486,0.173913,0.0,5.086957,0.055983,0.137915,0.189041
1812,153.595306,948.390015,0.769394,0.759798,0.458333,0.0,0.095039,55360.0,0.180604,0.395627,0.129545,0.235802,-0.039678,0.457108,9.16232,-0.02,-0.8,-0.02,-0.25,-0.6,-2.0,0.471378,-0.1546,-0.015769,-0.004573,-0.099056,-0.036557,-0.011931,-0.028403,0.784957,-0.125413,-0.20065,-0.015653,-0.030733,1.487478,3.504339,-0.08898,-0.00148,-0.185711,0.25,0.0,5.0,0.061387,0.163695,0.193458
1813,152.323151,943.409973,0.770775,0.743994,0.416667,0.041667,0.095075,55554.0,0.170183,0.379731,0.141301,0.254487,-0.042199,0.50767,9.127975,-0.02,-0.8,-0.02,-0.25,-0.6,-2.0,0.464416,-0.152306,-0.011603,-0.004405,-0.105784,-0.035288,-0.011798,-0.028149,0.796427,-0.12624,-0.177956,-0.016095,-0.031584,1.487496,3.462665,-0.087866,-0.001715,-0.290614,0.083333,0.0,3.958333,0.073224,0.131032,0.207056
1814,152.629807,952.97998,0.792062,0.762236,0.416667,0.041667,0.094822,55131.0,0.166287,0.387794,0.132785,0.249612,-0.042089,0.50175,9.188944,-0.02,-0.8,-0.02,-0.25,-0.6,-2.0,0.475061,-0.155208,-0.010053,-0.003921,-0.103467,-0.036902,-0.012545,-0.029161,0.79642,-0.132027,-0.196394,-0.016524,-0.031386,1.560836,3.543567,-0.091233,-0.001938,-0.283419,0.166667,0.0,5.166667,0.071958,0.124281,0.168092
1815,150.384094,933.26001,0.779797,0.760108,0.416667,0.041667,0.094792,55328.0,0.178145,0.396167,0.134042,0.241746,-0.041033,0.463433,9.133627,-0.02,-0.8,-0.02,-0.25,-0.6,-2.0,0.476724,-0.151366,-0.014993,-0.003685,-0.10065,-0.036415,-0.011856,-0.029151,0.793471,-0.120915,-0.185762,-0.016333,-0.031683,1.526908,3.539928,-0.089935,-0.001339,-0.230578,0.083333,0.0,4.625,0.089371,0.138295,0.211522
1816,153.930801,938.210022,0.795351,0.763859,0.416667,0.0,0.094838,50219.0,0.155877,0.374986,0.125322,0.224548,-0.03827,0.461572,9.078794,-0.02,-0.8,-0.02,-0.25,-0.6,-2.0,0.475329,-0.156212,-0.009466,-0.00378,-0.092086,-0.035168,-0.011037,-0.027179,0.796133,-0.113893,-0.168265,-0.014769,-0.028859,1.593262,3.606199,-0.085767,-0.001379,-0.186209,0.166667,0.0,4.916667,0.064897,0.123296,0.195117
1817,152.014252,937.349976,0.720239,0.71458,0.416667,0.083333,0.094719,54684.0,0.165349,0.379909,0.121003,0.237005,-0.039995,0.457884,8.931086,-0.02,-0.8,-0.02,-0.25,-0.6,-2.0,0.44277,-0.151268,-0.010418,-0.006973,-0.098466,-0.033734,-0.011463,-0.027246,0.744602,-0.116173,-0.173372,-0.015306,-0.030059,1.400133,3.276295,-0.085076,-0.001821,-0.208822,0.208333,0.0,4.833333,0.074759,0.144512,0.20359
1818,156.81517,967.599976,0.761869,0.75022,0.666667,0.041667,0.094742,55828.0,0.158906,0.377185,0.128964,0.226088,-0.039151,0.454006,9.134188,-0.02,-0.8,-0.02,-0.25,-0.6,-2.0,0.460922,-0.146493,-0.015602,-0.005873,-0.098846,-0.035274,-0.011649,-0.027484,0.772094,-0.124032,-0.173446,-0.014545,-0.031423,1.519282,3.439796,-0.086113,-0.001356,-0.252631,0.083333,0.0,5.0,0.077304,0.146039,0.213248
1819,148.844864,916.789978,0.736148,0.737968,0.416667,0.0,0.094554,54807.0,0.16899,0.384161,0.127658,0.232509,-0.039135,0.446048,8.924521,-0.02,-0.8,-0.02,-0.25,-0.6,-2.0,0.460623,-0.148851,-0.014246,-0.005786,-0.096776,-0.035318,-0.011508,-0.027348,0.758569,-0.115674,-0.168151,-0.014934,-0.029634,1.484859,3.424447,-0.086803,-0.001557,-0.161861,0.375,0.0,4.291667,0.076705,0.162081,0.219047
1820,158.618408,983.150024,0.787779,0.769528,0.291667,0.0,0.094623,48166.0,0.176378,0.415371,0.131792,0.255156,-0.042546,0.49699,9.156315,-0.02,-0.8,-0.02,-0.25,-0.6,-2.0,0.482474,-0.15834,-0.014779,-0.00396,-0.10958,-0.03763,-0.012697,-0.029883,0.801657,-0.137372,-0.188454,-0.016929,-0.033551,1.548962,3.541605,-0.093599,-0.001898,-0.197788,0.041667,0.0,4.291667,0.076286,0.153371,0.212565
1821,153.771637,932.159973,0.785634,0.751563,0.541667,0.041667,0.094527,52926.0,0.152482,0.378449,0.120446,0.227261,-0.038016,0.473997,8.967752,-0.02,-0.8,-0.02,-0.25,-0.6,-2.0,0.468568,-0.155301,-0.007722,-0.005558,-0.091399,-0.034953,-0.010937,-0.026609,0.784783,-0.120172,-0.163257,-0.014343,-0.02927,1.574713,3.536708,-0.084777,-0.001442,-0.232273,0.083333,0.0,4.083333,0.061398,0.138493,0.197067
1822,151.110229,925.349976,0.781747,0.761453,0.208333,0.125,0.094749,53143.0,0.165996,0.384649,0.131987,0.245398,-0.041545,0.475668,9.06706,-0.02,-0.8,-0.02,-0.25,-0.6,-2.0,0.465053,-0.152628,-0.010534,-0.004639,-0.099866,-0.035778,-0.01194,-0.027704,0.788426,-0.119975,-0.170012,-0.015755,-0.029317,1.503594,3.457688,-0.089549,-0.001863,-0.245448,0.208333,0.0,4.416667,0.066851,0.141487,0.164997
1823,142.069534,885.390015,0.735443,0.708397,0.625,0.0,0.094838,51866.0,0.165437,0.36845,0.125265,0.239737,-0.04077,0.470947,9.382501,-0.02,-0.8,-0.02,-0.25,-0.6,-2.0,0.443297,-0.146018,-0.010054,-0.007013,-0.099538,-0.034356,-0.011732,-0.02732,0.744411,-0.126992,-0.172921,-0.0156,-0.030734,1.415586,3.272294,-0.085672,-0.001291,-0.221156,0.208333,0.0,4.166667,0.075938,0.137222,0.226364
1824,155.202896,946.140015,0.792323,0.765765,0.391304,0.0,0.094912,51746.0,0.165885,0.384697,0.131088,0.251062,-0.041735,0.498954,9.232645,-0.02,-0.8,-0.02,-0.25,-0.6,-2.0,0.473491,-0.15489,-0.009491,-0.004398,-0.103305,-0.035983,-0.011943,-0.029135,0.79677,-0.115017,-0.171986,-0.016037,-0.03135,1.534875,3.533989,-0.089871,-0.001224,-0.223952,0.130435,0.0,4.565217,0.075455,0.141903,0.189914
1825,148.759064,935.859985,0.728811,0.699467,0.695652,0.0,0.094668,47580.0,0.184051,0.38189,0.113101,0.216917,-0.037775,0.401924,9.069006,-0.02,-0.8,-0.02,-0.25,-0.6,-2.0,0.456461,-0.149305,-0.021261,-0.005633,-0.100052,-0.035533,-0.011545,-0.028372,0.748904,-0.124483,-0.190483,-0.015133,-0.033735,1.388859,3.380806,-0.085607,-0.001954,-0.162855,0.26087,0.0,4.956522,0.083229,0.191157,0.235288
1826,153.870255,954.119995,0.754555,0.74276,0.375,0.0,0.094526,53576.0,0.167483,0.378812,0.130833,0.24577,-0.040642,0.470265,8.970284,-0.02,-0.8,-0.02,-0.25,-0.6,-2.0,0.4658,-0.152733,-0.017714,-0.004871,-0.094244,-0.035792,-0.011536,-0.027548,0.76775,-0.120276,-0.1681,-0.01489,-0.02869,1.498944,3.47332,-0.08935,-0.00168,-0.200296,0.125,0.0,4.333333,0.076603,0.149378,0.190652
1827,156.757401,959.73999,0.798126,0.799735,0.208333,0.0,0.094426,53307.0,0.166031,0.392593,0.135398,0.255336,-0.042352,0.501235,8.979242,-0.02,-0.8,-0.02,-0.25,-0.6,-2.0,0.48162,-0.159248,-0.007301,-0.002,-0.099225,-0.036956,-0.012175,-0.028868,0.809182,-0.115049,-0.163898,-0.015248,-0.029123,1.584242,3.588692,-0.092686,-0.001362,-0.24874,0.0,0.0,3.916667,0.06738,0.107723,0.168083
1828,153.332474,944.609985,0.769301,0.766275,0.5,0.0,0.094233,50884.0,0.165401,0.384707,0.128402,0.245927,-0.040726,0.495385,9.049456,-0.02,-0.8,-0.02,-0.25,-0.6,-2.0,0.476025,-0.161406,-0.011786,-0.003198,-0.102212,-0.036582,-0.011968,-0.028615,0.794116,-0.126608,-0.184053,-0.016824,-0.030192,1.561978,3.557203,-0.090997,-0.001154,-0.220697,0.041667,0.0,4.416667,0.06663,0.136946,0.166302
1829,144.577332,919.02002,0.746228,0.726473,0.666667,0.0,0.094226,46390.0,0.172087,0.379652,0.126853,0.23269,-0.039957,0.440334,9.033043,-0.02,-0.8,-0.02,-0.25,-0.6,-2.0,0.457293,-0.147614,-0.01711,-0.006034,-0.10002,-0.036232,-0.012012,-0.02841,0.745749,-0.130351,-0.195582,-0.015777,-0.030282,1.448598,3.369687,-0.089314,-0.001874,-0.268851,0.208333,0.0,4.708333,0.08386,0.141103,0.233597
1830,150.731888,923.419983,0.768696,0.744694,0.5,0.041667,0.094603,52542.0,0.161753,0.366857,0.122516,0.231286,-0.038418,0.474436,9.22933,-0.02,-0.8,-0.02,-0.25,-0.6,-2.0,0.463395,-0.155327,-0.012902,-0.004893,-0.096469,-0.034869,-0.010904,-0.026952,0.776421,-0.112948,-0.157694,-0.014354,-0.029355,1.519528,3.500869,-0.085779,-0.002128,-0.219094,0.083333,0.0,4.5,0.068987,0.164622,0.216711
1831,149.343704,928.169983,0.764685,0.744343,0.583333,0.0,0.094837,53956.0,0.172009,0.398458,0.128193,0.251503,-0.042496,0.492479,8.938895,-0.02,-0.8,-0.02,-0.25,-0.6,-2.0,0.465426,-0.158101,-0.015307,-0.005402,-0.1034,-0.036233,-0.012352,-0.028981,0.780465,-0.131692,-0.184545,-0.016508,-0.032274,1.490016,3.425813,-0.090434,-0.001591,-0.209849,0.125,0.0,4.458333,0.067084,0.137078,0.208562
1832,154.61734,948.859985,0.772963,0.747483,0.416667,0.041667,0.095022,53169.0,0.150383,0.383395,0.119822,0.222554,-0.036771,0.466863,9.192658,-0.02,-0.8,-0.02,-0.25,-0.6,-2.0,0.471001,-0.158911,-0.010358,-0.003014,-0.092107,-0.035082,-0.010509,-0.026277,0.778797,-0.111299,-0.165213,-0.014615,-0.02847,1.591527,3.550196,-0.084498,-0.0011,-0.214427,0.166667,0.0,12.875,0.056672,0.137324,0.161756
1833,146.426453,907.700012,0.714727,0.677512,1.0,0.083333,0.095322,44699.0,0.164159,0.363904,0.126127,0.226571,-0.038798,0.434316,9.124031,-0.02,-0.8,-0.02,-0.25,-0.6,-2.0,0.436367,-0.146861,-0.017264,-0.009262,-0.100169,-0.033801,-0.011483,-0.027023,0.735969,-0.128402,-0.172218,-0.015128,-0.029224,1.389449,3.223242,-0.08396,-0.001693,-0.194069,0.041667,0.0,4.0,0.08474,0.1715,0.285208
1834,147.856888,918.859985,0.778393,0.776863,0.416667,0.0,0.095293,47119.0,0.166411,0.403486,0.124741,0.235429,-0.039693,0.455792,9.263498,-0.02,-0.8,-0.02,-0.25,-0.6,-2.0,0.472596,-0.155944,-0.011724,-0.004201,-0.097931,-0.036425,-0.011922,-0.027447,0.787353,-0.128502,-0.184255,-0.015511,-0.030952,1.539246,3.490143,-0.088708,-0.001538,-0.164475,0.166667,0.0,4.5,0.063584,0.144525,0.199098
1835,148.796616,929.299988,0.779761,0.744565,0.375,0.083333,0.095232,53208.0,0.173936,0.370535,0.118936,0.233581,-0.038717,0.448676,9.20837,-0.02,-0.8,-0.02,-0.25,-0.6,-2.0,0.466341,-0.15932,-0.017489,-0.005047,-0.09992,-0.035507,-0.011514,-0.027704,0.763282,-0.119339,-0.172075,-0.016234,-0.031065,1.470298,3.511104,-0.087439,-0.002108,-0.222755,0.166667,0.0,5.125,0.083263,0.156014,0.224969
1836,156.345459,960.72998,0.796814,0.764158,0.333333,0.041667,0.095133,48713.0,0.170924,0.392129,0.129712,0.259694,-0.042497,0.503286,8.989478,-0.02,-0.8,-0.02,-0.25,-0.6,-2.0,0.476376,-0.167959,-0.006373,-0.004063,-0.103093,-0.036552,-0.012303,-0.029122,0.803488,-0.125132,-0.191672,-0.016418,-0.030687,1.541527,3.531832,-0.091864,-0.001166,-0.283922,0.083333,0.0,4.5,0.075496,0.140703,0.18699
1837,158.391083,981.039978,0.790102,0.780829,0.208333,0.0,0.095241,46838.0,0.169156,0.389014,0.139098,0.261895,-0.042832,0.517573,8.956486,-0.02,-0.8,-0.02,-0.25,-0.6,-2.0,0.488326,-0.163055,-0.01343,-0.001769,-0.107546,-0.037801,-0.012906,-0.030284,0.814503,-0.123095,-0.186238,-0.015786,-0.031983,1.611772,3.648029,-0.095422,-0.002562,-0.392667,0.083333,0.0,4.625,0.084333,0.132122,0.182304
1838,157.207092,953.570007,0.799582,0.756904,0.416667,0.0,0.095334,49730.0,0.16326,0.383512,0.139022,0.248374,-0.042462,0.498278,8.96473,-0.02,-0.8,-0.02,-0.25,-0.6,-2.0,0.474434,-0.150398,-0.009847,-0.002877,-0.099391,-0.036435,-0.011738,-0.028299,0.801954,-0.126141,-0.182455,-0.014604,-0.03021,1.568791,3.516968,-0.089871,-0.001491,-0.231394,0.083333,0.0,5.0,0.087169,0.141755,0.170024
1839,156.151505,963.02002,0.823019,0.784304,0.208333,0.041667,0.095125,52747.0,0.17494,0.390137,0.134703,0.249758,-0.040254,0.497042,8.959959,-0.02,-0.8,-0.02,-0.25,-0.6,-2.0,0.487352,-0.156483,-0.011318,-0.001778,-0.097562,-0.036524,-0.010973,-0.027851,0.819622,-0.110061,-0.15986,-0.014967,-0.031997,1.580011,3.664651,-0.0879,-0.003279,-0.373408,0.0,0.0,4.458333,0.075628,0.113776,0.157146
1840,156.58342,962.900024,0.757079,0.742749,0.208333,0.0,0.095053,53852.0,0.157943,0.373235,0.127755,0.234462,-0.039567,0.458948,9.145101,-0.02,-0.8,-0.02,-0.25,-0.6,-2.0,0.460815,-0.149542,-0.014408,-0.003972,-0.090476,-0.035735,-0.011937,-0.026541,0.756775,-0.123297,-0.193583,-0.015389,-0.026872,1.518046,3.447407,-0.088463,-0.001679,-0.235256,0.083333,0.0,4.416667,0.067996,0.134297,0.165351
1841,144.585434,890.559998,0.747302,0.72028,0.541667,0.0,0.095138,52766.0,0.165813,0.362949,0.131748,0.243564,-0.03993,0.481234,9.185011,-0.02,-0.8,-0.02,-0.25,-0.6,-2.0,0.450501,-0.148274,-0.009457,-0.005395,-0.099227,-0.034828,-0.011734,-0.027842,0.75683,-0.12408,-0.175706,-0.0162,-0.028556,1.444719,3.352294,-0.08699,-0.001552,-0.211056,0.125,0.0,4.375,0.075704,0.159776,0.211776
1842,150.406052,935.929993,0.76124,0.743349,0.416667,0.0,0.0955,45803.0,0.17129,0.385241,0.125507,0.243193,-0.040603,0.470202,9.169158,-0.02,-0.8,-0.02,-0.25,-0.6,-2.0,0.467601,-0.157031,-0.010462,-0.004405,-0.098501,-0.03567,-0.011737,-0.028783,0.776341,-0.126485,-0.174219,-0.015754,-0.02964,1.499324,3.478719,-0.089616,-0.001275,-0.266022,0.125,0.0,3.916667,0.071351,0.16021,0.201241
1843,154.945999,953.440002,0.804772,0.757173,0.5,0.083333,0.095328,51325.0,0.165828,0.38301,0.127999,0.24029,-0.040379,0.482509,9.232214,-0.02,-0.8,-0.02,-0.25,-0.6,-2.0,0.472009,-0.154841,-0.011818,-0.004702,-0.099626,-0.036045,-0.011464,-0.027952,0.795935,-0.121584,-0.177681,-0.015647,-0.030978,1.539748,3.524412,-0.088328,-0.001609,-0.204523,0.125,0.0,5.375,0.07337,0.140586,0.175833
1844,150.678207,930.429993,0.770526,0.763255,0.541667,0.0,0.095261,52872.0,0.163371,0.382716,0.120505,0.217145,-0.038007,0.430263,9.100552,-0.02,-0.8,-0.02,-0.25,-0.6,-2.0,0.466626,-0.154987,-0.011684,-0.004216,-0.098365,-0.035101,-0.010818,-0.027281,0.780102,-0.119639,-0.171738,-0.016059,-0.03121,1.52669,3.494274,-0.084525,-0.001137,-0.208366,0.041667,0.0,5.208333,0.079155,0.128625,0.196714
1845,152.77713,935.280029,0.766657,0.737674,0.458333,0.083333,0.095355,48815.0,0.167794,0.37721,0.125233,0.230315,-0.040474,0.469519,9.140665,-0.02,-0.8,-0.02,-0.25,-0.6,-2.0,0.461064,-0.154044,-0.013344,-0.004119,-0.096574,-0.035452,-0.011749,-0.027105,0.765087,-0.128738,-0.199714,-0.015987,-0.030263,1.493276,3.432388,-0.086067,-0.009185,-0.206038,0.083333,0.0,4.916667,0.081429,0.143591,0.210539
1846,147.452652,911.940002,0.733472,0.709344,0.416667,0.0,0.095419,42151.0,0.154414,0.370889,0.121765,0.230106,-0.039015,0.452597,9.09584,-0.02,-0.8,-0.02,-0.25,-0.6,-2.0,0.446479,-0.150556,-0.009933,-0.005933,-0.096408,-0.033902,-0.011611,-0.027612,0.743923,-0.12207,-0.168389,-0.015227,-0.028382,1.473669,3.314004,-0.085041,-0.001407,-0.204258,0.125,0.0,3.541667,0.081368,0.157902,0.221917
1847,144.485168,904.549988,0.742705,0.718,0.708333,0.0,0.095433,46662.0,0.165581,0.377663,0.133057,0.238065,-0.041301,0.462829,9.212945,-0.02,-0.8,-0.02,-0.25,-0.6,-2.0,0.450038,-0.144884,-0.009776,-0.006396,-0.100354,-0.035428,-0.01238,-0.028151,0.749656,-0.127847,-0.180917,-0.015998,-0.030168,1.463191,3.311779,-0.088595,-0.001499,-0.204927,0.416667,0.0,5.25,0.085667,0.151479,0.21416
1848,150.444077,932.969971,0.749008,0.729181,0.458333,0.0,0.095527,45021.0,0.181292,0.397928,0.12384,0.241657,-0.041801,0.462161,8.996137,-0.02,-0.8,-0.02,-0.25,-0.6,-2.0,0.462825,-0.149252,-0.016756,-0.004284,-0.103057,-0.036941,-0.012357,-0.028638,0.770836,-0.133633,-0.223504,-0.016469,-0.031511,1.435634,3.378854,-0.090491,-0.005063,-0.196949,0.083333,0.0,4.583333,0.082427,0.13387,0.189882
1849,159.867859,969.090027,0.796378,0.762671,0.333333,0.0,0.095423,42786.0,0.1593,0.37613,0.138553,0.244955,-0.04103,0.505974,9.090569,-0.02,-0.8,-0.02,-0.25,-0.6,-2.0,0.474418,-0.152087,-0.011452,-0.004106,-0.097206,-0.036417,-0.011426,-0.02787,0.805675,-0.118246,-0.167715,-0.015041,-0.029758,1.579031,3.558463,-0.08863,-0.001586,-0.18861,0.083333,0.0,4.75,0.067621,0.128412,0.190667
1850,154.01506,935.929993,0.780791,0.77727,0.333333,0.0,0.095398,42409.0,0.171616,0.372183,0.138588,0.261435,-0.042953,0.518012,8.856634,-0.02,-0.8,-0.02,-0.25,-0.6,-2.0,0.478092,-0.160018,-0.010731,-0.002592,-0.101152,-0.036475,-0.011996,-0.028907,0.803876,-0.111583,-0.167687,-0.015656,-0.031089,1.547896,3.592528,-0.091064,-0.001348,-0.213272,0.125,0.0,5.083333,0.085896,0.131253,0.177409
1851,148.151443,913.77002,0.770752,0.724727,0.541667,0.0,0.095325,47880.0,0.155133,0.365134,0.122457,0.237032,-0.039414,0.456486,9.279702,-0.02,-0.8,-0.02,-0.25,-0.6,-2.0,0.457823,-0.154191,-0.011666,-0.005426,-0.089392,-0.035002,-0.011764,-0.026767,0.753202,-0.123061,-0.17344,-0.015054,-0.025668,1.508017,3.437878,-0.088075,-0.001421,-0.200234,0.166667,0.0,4.166667,0.062,0.162009,0.196702
1852,152.292114,943.099976,0.771218,0.73654,0.608696,0.0,0.095302,47319.0,0.172385,0.375141,0.130391,0.243506,-0.040352,0.471514,9.192698,-0.02,-0.8,-0.02,-0.25,-0.6,-2.0,0.469021,-0.155427,-0.010644,-0.004848,-0.09727,-0.036034,-0.011688,-0.028116,0.77716,-0.130053,-0.174321,-0.015716,-0.029447,1.495685,3.49637,-0.089477,-0.003948,-0.19552,0.043478,0.0,4.26087,0.077365,0.140391,0.203265
1853,143.170517,879.099976,0.741718,0.696809,0.833333,0.0,0.09551,40139.0,0.150183,0.356764,0.116764,0.223319,-0.037751,0.43857,9.190479,-0.02,-0.8,-0.02,-0.25,-0.6,-2.0,0.435545,-0.149556,-0.00983,-0.007323,-0.092586,-0.033608,-0.011059,-0.025695,0.729909,-0.123425,-0.164814,-0.015097,-0.027577,1.428216,3.244045,-0.083618,-0.001258,-0.226427,0.25,0.0,5.166667,0.065159,0.145901,0.240533
1854,141.388977,880.77002,0.747028,0.708941,0.875,0.125,0.095638,45976.0,0.157955,0.364882,0.123351,0.232462,-0.039402,0.453535,9.123313,-0.02,-0.8,-0.02,-0.25,-0.6,-2.0,0.442877,-0.145355,-0.007905,-0.006666,-0.095766,-0.034495,-0.011944,-0.026708,0.739222,-0.127551,-0.177971,-0.015428,-0.028281,1.445229,3.271126,-0.085231,-0.001604,-0.215748,0.208333,0.0,4.833333,0.081824,0.150785,0.250135
1855,148.51915,909.580017,0.728723,0.721375,0.583333,0.0,0.095698,46309.0,0.160627,0.367872,0.124899,0.230438,-0.038396,0.442729,9.272145,-0.02,-0.8,-0.02,-0.25,-0.6,-2.0,0.44793,-0.142786,-0.0126,-0.005731,-0.091987,-0.034504,-0.011253,-0.025492,0.729658,-0.120499,-0.176609,-0.014547,-0.027072,1.450297,3.337404,-0.085329,-0.001408,-0.180638,0.25,0.0,4.458333,0.063833,0.142462,0.218558
1856,154.8965,953.119995,0.76323,0.722571,0.708333,0.0,0.095509,50624.0,0.165197,0.39112,0.123218,0.237497,-0.040142,0.458635,9.264217,-0.02,-0.8,-0.02,-0.25,-0.6,-2.0,0.457073,-0.153785,-0.011247,-0.005604,-0.097602,-0.035315,-0.011603,-0.027253,0.758506,-0.12793,-0.176879,-0.016279,-0.030133,1.475178,3.369525,-0.087675,-0.001189,-0.111018,0.125,0.0,5.0,0.080079,0.156047,0.243304
1857,147.246094,902.340027,0.761022,0.739649,0.583333,0.0,0.095761,46222.0,0.149753,0.366025,0.128281,0.241721,-0.040636,0.50128,9.187403,-0.02,-0.8,-0.02,-0.25,-0.6,-2.0,0.45665,-0.154055,-0.005067,-0.005673,-0.101634,-0.035051,-0.011736,-0.027326,0.773197,-0.124444,-0.176086,-0.016148,-0.030108,1.547393,3.407916,-0.086885,-0.001193,-0.231863,0.25,0.0,4.75,0.079875,0.142204,0.196692
1858,142.278687,871.73999,0.719478,0.698199,0.708333,0.166667,0.095434,51788.0,0.158415,0.357957,0.129228,0.236649,-0.039083,0.469089,9.398009,-0.02,-0.8,-0.02,-0.25,-0.6,-2.0,0.431905,-0.137966,-0.011081,-0.007161,-0.099689,-0.033423,-0.010995,-0.026227,0.734244,-0.115711,-0.171196,-0.01455,-0.029801,1.385011,3.19961,-0.082793,-0.001264,-0.279963,0.333333,0.0,4.541667,0.073067,0.146451,0.219906
1859,155.075363,947.969971,0.792025,0.760738,0.291667,0.0,0.095732,50168.0,0.166969,0.389263,0.137266,0.252708,-0.042128,0.489339,9.262047,-0.02,-0.8,-0.02,-0.25,-0.6,-2.0,0.47706,-0.154642,-0.015629,-0.002407,-0.101096,-0.037219,-0.012348,-0.028255,0.79417,-0.120581,-0.181853,-0.015864,-0.030599,1.557685,3.554186,-0.092544,-0.002478,-0.221176,0.083333,0.0,4.625,0.063699,0.132022,0.169906
1860,151.305252,937.599976,0.775087,0.773543,0.541667,0.0,0.095611,50595.0,0.168351,0.391536,0.142424,0.261133,-0.043282,0.503436,9.137549,-0.02,-0.8,-0.02,-0.25,-0.6,-2.0,0.472552,-0.14821,-0.006598,-0.00364,-0.103942,-0.037219,-0.012556,-0.029501,0.798107,-0.12439,-0.184711,-0.016477,-0.031642,1.540402,3.474752,-0.092316,-0.001905,-0.262109,0.041667,0.0,5.375,0.090016,0.138135,0.190804
1861,150.881454,924.97998,0.767076,0.738168,0.583333,0.0,0.095836,50638.0,0.153228,0.373162,0.128316,0.244062,-0.040725,0.480705,9.163572,-0.02,-0.8,-0.02,-0.25,-0.6,-2.0,0.459607,-0.154729,-0.007314,-0.005435,-0.094043,-0.035844,-0.012343,-0.027231,0.765275,-0.13239,-0.171258,-0.015722,-0.027099,1.531193,3.435229,-0.09048,-0.001881,-0.186001,0.041667,0.0,4.333333,0.075613,0.142703,0.225876
1862,155.874435,957.48999,0.770862,0.761459,0.541667,0.0,0.095603,47043.0,0.157987,0.385106,0.1276,0.225074,-0.038427,0.450955,9.296128,-0.02,-0.8,-0.02,-0.25,-0.6,-2.0,0.470428,-0.144907,-0.008805,-0.004758,-0.09596,-0.036249,-0.011642,-0.028478,0.778809,-0.130614,-0.19337,-0.016377,-0.029592,1.584034,3.499888,-0.087473,-0.001375,-0.192685,0.083333,0.0,4.166667,0.075319,0.141001,0.219218
1863,160.712738,983.690002,0.827414,0.802557,0.217391,0.0,0.095541,52759.0,0.166652,0.397643,0.138653,0.260202,-0.042948,0.516134,9.055189,-0.02,-0.8,-0.02,-0.25,-0.6,-2.0,0.491903,-0.169931,-0.010747,-0.001891,-0.100089,-0.037716,-0.012527,-0.029371,0.82431,-0.115822,-0.172592,-0.016774,-0.030244,1.626833,3.667074,-0.093069,-0.001167,-0.313993,0.0,0.0,4.608696,0.075559,0.114333,0.165651
1864,148.987671,910.440002,0.747069,0.726902,0.458333,0.0,0.095681,51474.0,0.151253,0.377826,0.128633,0.235818,-0.040926,0.466463,9.29792,-0.02,-0.8,-0.02,-0.25,-0.6,-2.0,0.453359,-0.153221,-0.004016,-0.005306,-0.097373,-0.035039,-0.011795,-0.027081,0.764897,-0.119422,-0.169335,-0.016047,-0.02926,1.525026,3.367744,-0.087794,-0.001135,-0.174636,0.125,0.0,4.0,0.058853,0.148099,0.218843
1865,148.800964,902.940002,0.751095,0.744738,0.75,0.0,0.095898,50594.0,0.149381,0.368659,0.124567,0.231437,-0.039946,0.465844,9.11521,-0.02,-0.8,-0.02,-0.25,-0.6,-2.0,0.452616,-0.156067,-0.009212,-0.006463,-0.091816,-0.03479,-0.011116,-0.026577,0.760357,-0.116551,-0.164027,-0.014127,-0.026741,1.52019,3.397616,-0.08734,-0.001323,-0.173609,0.333333,0.0,4.875,0.071983,0.148139,0.213513
1866,152.012344,934.820007,0.768832,0.761099,0.454545,0.045455,0.095916,47663.0,0.167339,0.384556,0.131329,0.250066,-0.041925,0.493513,9.138271,-0.02,-0.8,-0.02,-0.25,-0.6,-2.0,0.477934,-0.163846,-0.012365,-0.003126,-0.102073,-0.036998,-0.012463,-0.028444,0.785688,-0.124981,-0.173347,-0.016183,-0.030125,1.573799,3.579817,-0.092696,-0.00176,-0.174449,0.181818,0.0,4.681818,0.07452,0.151951,0.179093
1867,155.549042,950.830017,0.800664,0.77428,0.416667,0.0,0.096023,51819.0,0.170648,0.387862,0.136494,0.241111,-0.039924,0.479038,9.041049,-0.02,-0.8,-0.02,-0.25,-0.6,-2.0,0.485223,-0.148936,-0.01491,-0.002786,-0.099379,-0.036911,-0.01098,-0.027812,0.808066,-0.123885,-0.184667,-0.014286,-0.03191,1.587603,3.64836,-0.090163,-0.00135,-0.196118,0.208333,0.0,5.083333,0.066386,0.149282,0.179258
1868,146.915482,919.059998,0.760291,0.72812,0.333333,0.041667,0.095959,52291.0,0.164369,0.365576,0.124344,0.240234,-0.03978,0.479869,9.112057,-0.02,-0.8,-0.02,-0.25,-0.6,-2.0,0.45859,-0.149297,-0.014604,-0.005016,-0.102914,-0.035249,-0.011481,-0.027886,0.756583,-0.119479,-0.177492,-0.016013,-0.032462,1.482345,3.429216,-0.086125,-0.001806,-0.291041,0.25,0.0,3.75,0.083987,0.16763,0.186172
1869,155.571457,956.140015,0.797706,0.756603,0.25,0.0,0.095841,53148.0,0.167762,0.384752,0.137937,0.261923,-0.041399,0.508621,9.035541,-0.02,-0.8,-0.02,-0.25,-0.6,-2.0,0.482396,-0.152248,-0.016833,-0.002294,-0.096437,-0.037159,-0.011891,-0.028421,0.791382,-0.117369,-0.170905,-0.014704,-0.0289,1.584399,3.62375,-0.09305,-0.00149,-0.305921,0.083333,0.0,3.875,0.073547,0.136948,0.173583
1870,156.494217,960.52002,0.79079,0.769314,0.375,0.041667,0.095761,48026.0,0.165349,0.390729,0.132528,0.245642,-0.040516,0.489686,8.972876,-0.02,-0.8,-0.02,-0.25,-0.6,-2.0,0.48363,-0.157463,-0.009812,-0.003375,-0.100322,-0.037202,-0.011693,-0.028472,0.813062,-0.120805,-0.185502,-0.015325,-0.030571,1.6038,3.620217,-0.0905,-0.001787,-0.21026,0.083333,0.0,4.833333,0.077752,0.14648,0.192604
1871,153.543915,949.320007,0.805049,0.770012,0.291667,0.041667,0.09582,54248.0,0.167079,0.399556,0.138006,0.256791,-0.042878,0.511189,9.069667,-0.02,-0.8,-0.02,-0.25,-0.6,-2.0,0.478102,-0.152225,-0.007745,-0.002919,-0.10197,-0.037375,-0.011962,-0.027482,0.806341,-0.125239,-0.185821,-0.015932,-0.031425,1.569297,3.539034,-0.091293,-0.002857,-0.305737,0.041667,0.0,4.291667,0.068278,0.12021,0.18106
1872,151.818756,940.059998,0.761268,0.757104,0.416667,0.041667,0.095932,48900.0,0.172746,0.379367,0.128611,0.242587,-0.039945,0.460559,9.1372,-0.02,-0.8,-0.02,-0.25,-0.6,-2.0,0.470886,-0.153365,-0.014615,-0.004309,-0.096646,-0.036087,-0.011399,-0.027628,0.77513,-0.121171,-0.176072,-0.014994,-0.029582,1.521714,3.517881,-0.089641,-0.005928,-0.216831,0.125,0.0,4.416667,0.084645,0.135547,0.203525
1873,153.922974,957.039978,0.790528,0.788028,0.375,0.041667,0.095824,54047.0,0.174261,0.3997,0.136853,0.249003,-0.042334,0.495395,9.258455,-0.02,-0.8,-0.02,-0.25,-0.6,-2.0,0.485421,-0.157006,-0.015606,-0.002727,-0.106867,-0.037609,-0.012211,-0.029194,0.806412,-0.126802,-0.192083,-0.016797,-0.033704,1.584602,3.613791,-0.091872,-0.001699,-0.293334,0.041667,0.0,5.0,0.090016,0.144346,0.181801
1874,139.575638,865.26001,0.73549,0.718273,0.625,0.125,0.095921,46579.0,0.151976,0.360197,0.122489,0.234179,-0.038586,0.462864,9.391352,-0.02,-0.8,-0.02,-0.25,-0.6,-2.0,0.447122,-0.149684,-0.012525,-0.006094,-0.093229,-0.034442,-0.011444,-0.026399,0.73882,-0.121564,-0.169816,-0.015992,-0.027401,1.481768,3.364,-0.085673,-0.001905,-0.253259,0.166667,0.0,12.25,0.077055,0.14079,0.229399
1875,155.170349,952.700012,0.803846,0.772994,0.458333,0.0,0.09579,52663.0,0.172138,0.388802,0.147036,0.275453,-0.044484,0.522686,9.14113,-0.02,-0.8,-0.02,-0.25,-0.6,-2.0,0.482904,-0.1574,-0.010519,-0.002579,-0.106506,-0.037733,-0.012935,-0.029861,0.800345,-0.128272,-0.188264,-0.01688,-0.031417,1.576212,3.591505,-0.095505,-0.001908,-0.343795,0.0,0.0,4.333333,0.082207,0.135532,0.202276
1876,149.887527,919.5,0.76323,0.73184,0.5,0.041667,0.095894,54453.0,0.156392,0.366313,0.126637,0.235402,-0.039422,0.472688,9.141227,-0.02,-0.8,-0.02,-0.25,-0.6,-2.0,0.448425,-0.148171,-0.012912,-0.005949,-0.092637,-0.034291,-0.010731,-0.026221,0.755899,-0.117645,-0.161088,-0.014686,-0.028436,1.469206,3.352412,-0.084731,-0.001381,-0.248698,0.041667,0.0,4.125,0.075742,0.140805,0.204184
1877,155.349045,945.710022,0.783373,0.759251,0.333333,0.0,0.095971,55456.0,0.167317,0.381031,0.141973,0.25828,-0.043196,0.512554,9.210438,-0.02,-0.8,-0.02,-0.25,-0.6,-2.0,0.472734,-0.151547,-0.007609,-0.003177,-0.104098,-0.03685,-0.012082,-0.028601,0.803429,-0.124527,-0.177761,-0.016388,-0.031672,1.544355,3.525672,-0.091524,-0.001444,-0.252982,0.041667,0.0,5.333333,0.06894,0.123464,0.196325
1878,134.299637,837.01001,0.719579,0.684219,0.791667,0.083333,0.095965,54382.0,0.153416,0.344872,0.11507,0.217132,-0.035985,0.431925,9.051649,-0.02,-0.8,-0.02,-0.25,-0.6,-2.0,0.433055,-0.145722,-0.015829,-0.007572,-0.087059,-0.033278,-0.01066,-0.025258,0.720321,-0.109556,-0.158294,-0.013447,-0.026048,1.404264,3.254294,-0.080953,-0.001982,-0.243181,0.25,0.0,4.5,0.071353,0.173209,0.228898
1879,157.750778,979.049988,0.804762,0.797198,0.208333,0.0,0.09595,48802.0,0.169973,0.387467,0.127909,0.254405,-0.042321,0.492842,9.113976,-0.02,-0.8,-0.02,-0.25,-0.6,-2.0,0.488754,-0.168456,-0.011154,-0.002153,-0.104394,-0.037687,-0.012382,-0.028535,0.810912,-0.116503,-0.179369,-0.01614,-0.031897,1.601578,3.682243,-0.093709,-0.001614,-0.27718,0.041667,0.0,4.291667,0.059917,0.126019,0.1615
1880,154.192047,947.549988,0.794443,0.784848,0.375,0.041667,0.095916,55034.0,0.165654,0.396478,0.137411,0.245999,-0.041927,0.491562,9.300877,-0.02,-0.8,-0.02,-0.25,-0.6,-2.0,0.474605,-0.155483,-0.009051,-0.00319,-0.093949,-0.037347,-0.011988,-0.027433,0.801668,-0.122098,-0.181673,-0.014867,-0.02814,1.565347,3.515696,-0.091397,-0.001775,-0.279884,0.083333,0.0,5.333333,0.071279,0.135656,0.166653
1881,145.76651,898.330017,0.712003,0.696305,0.625,0.041667,0.095964,53267.0,0.165257,0.36523,0.12329,0.235298,-0.040682,0.449862,9.092387,-0.02,-0.8,-0.02,-0.25,-0.6,-2.0,0.439367,-0.145431,-0.014117,-0.007211,-0.100039,-0.034852,-0.012297,-0.027134,0.732935,-0.131003,-0.186164,-0.016054,-0.031006,1.393509,3.251114,-0.08707,-0.001785,-0.190824,0.25,0.0,4.166667,0.098079,0.141769,0.234924
1882,153.974487,955.109985,0.798392,0.774802,0.166667,0.041667,0.095724,49570.0,0.17091,0.384307,0.13793,0.258962,-0.042936,0.50422,8.979102,-0.02,-0.8,-0.02,-0.25,-0.6,-2.0,0.473645,-0.158478,-0.011054,-0.00284,-0.104869,-0.037131,-0.012761,-0.028788,0.793641,-0.126664,-0.183021,-0.01665,-0.030971,1.541032,3.526254,-0.092887,-0.001443,-0.322447,0.083333,0.0,4.166667,0.099753,0.135687,0.172039
1883,156.868164,959.679993,0.776904,0.758537,0.208333,0.041667,0.095686,45350.0,0.161292,0.369633,0.125807,0.239172,-0.040446,0.472525,9.05654,-0.02,-0.8,-0.02,-0.25,-0.6,-2.0,0.469485,-0.157501,-0.008163,-0.003925,-0.095542,-0.035968,-0.011276,-0.027508,0.787112,-0.114971,-0.177395,-0.015012,-0.02969,1.547597,3.535462,-0.088662,-0.0018,-0.23286,0.25,0.0,4.5,0.081091,0.134663,0.186069
1884,154.127243,945.72998,0.797867,0.772165,0.5,0.0,0.095843,49158.0,0.167118,0.385388,0.144728,0.272043,-0.044174,0.525881,9.186209,-0.02,-0.8,-0.02,-0.25,-0.6,-2.0,0.474748,-0.150583,-0.008044,-0.004256,-0.104575,-0.037564,-0.012492,-0.028857,0.799799,-0.127772,-0.188616,-0.016606,-0.031167,1.55608,3.514637,-0.093991,-0.001629,-0.264623,0.125,0.0,4.333333,0.081651,0.138462,0.200523
1885,160.513382,977.169983,0.803829,0.788613,0.416667,0.0,0.095533,50313.0,0.165804,0.395859,0.137547,0.264191,-0.043777,0.524247,9.107131,-0.02,-0.8,-0.02,-0.25,-0.6,-2.0,0.483893,-0.160988,-0.00847,-0.003278,-0.10898,-0.038018,-0.012678,-0.030185,0.818871,-0.126573,-0.182837,-0.017477,-0.032063,1.611524,3.587207,-0.095072,-0.001235,-0.219035,0.041667,0.0,5.333333,0.064378,0.131511,0.177682
1886,162.481506,990.619995,0.78404,0.776354,0.375,0.0,0.095732,51721.0,0.158269,0.384628,0.137776,0.249651,-0.042174,0.492196,9.125754,-0.02,-0.8,-0.02,-0.25,-0.6,-2.0,0.473774,-0.153321,-0.009316,-0.002892,-0.099161,-0.037158,-0.012117,-0.028631,0.786763,-0.11656,-0.169999,-0.014707,-0.029999,1.582095,3.525846,-0.092383,-0.001941,-0.220557,0.041667,0.0,4.875,0.08606,0.118844,0.189508
1887,151.530762,921.119995,0.78166,0.761646,0.625,0.0,0.095893,48535.0,0.157667,0.375243,0.132161,0.243527,-0.041083,0.496597,9.16991,-0.02,-0.8,-0.02,-0.25,-0.6,-2.0,0.460733,-0.148992,-0.009768,-0.006429,-0.096519,-0.036165,-0.011909,-0.026838,0.772745,-0.126356,-0.181274,-0.015773,-0.029426,1.536377,3.439908,-0.088987,-0.001277,-0.18229,0.125,0.0,3.875,0.082037,0.143054,0.236585
1888,150.997269,932.27002,0.766498,0.714302,0.416667,0.041667,0.095737,50802.0,0.162739,0.388642,0.132715,0.245346,-0.041531,0.490396,9.142879,-0.02,-0.8,-0.02,-0.25,-0.6,-2.0,0.462984,-0.159004,-0.012222,-0.00494,-0.100026,-0.036479,-0.012059,-0.027532,0.772388,-0.122868,-0.167796,-0.016066,-0.030249,1.516599,3.417074,-0.089396,-0.001868,-0.253179,0.125,0.0,4.583333,0.077147,0.141882,0.220055
1889,157.095261,976.830017,0.80139,0.787701,0.25,0.041667,0.095631,52614.0,0.180249,0.40071,0.13814,0.269763,-0.045758,0.516039,8.833899,-0.02,-0.8,-0.02,-0.25,-0.6,-2.0,0.483922,-0.159366,-0.011097,-0.003627,-0.106548,-0.039121,-0.013187,-0.030429,0.798976,-0.13453,-0.206309,-0.016819,-0.031773,1.558697,3.564291,-0.098012,-0.003409,-0.26892,0.291667,0.0,4.916667,0.098221,0.142189,0.187979
1890,154.944839,948.369995,0.77791,0.753747,0.478261,0.0,0.095614,50944.0,0.156667,0.370435,0.138068,0.247888,-0.040512,0.501369,9.261602,-0.02,-0.8,-0.02,-0.25,-0.6,-2.0,0.471659,-0.150036,-0.012785,-0.004282,-0.095161,-0.036414,-0.011531,-0.027885,0.796633,-0.121294,-0.180441,-0.014618,-0.029077,1.590648,3.55275,-0.089833,-0.001157,-0.284175,0.0,0.0,4.304348,0.082444,0.125294,0.1976
1891,152.78096,940.580017,0.777723,0.779524,0.416667,0.0,0.095809,54212.0,0.174128,0.403314,0.13894,0.265517,-0.043271,0.523343,9.203673,-0.02,-0.8,-0.02,-0.25,-0.6,-2.0,0.481565,-0.156427,-0.010343,-0.002821,-0.101004,-0.038663,-0.012838,-0.029835,0.804536,-0.125266,-0.189793,-0.0156,-0.029176,1.5681,3.554136,-0.096538,-0.001056,-0.210849,0.0,0.0,4.416667,0.073344,0.150911,0.188504
1892,151.517319,937.809998,0.768924,0.750599,0.541667,0.041667,0.095693,48576.0,0.167577,0.388607,0.132523,0.251174,-0.042144,0.475483,8.96204,-0.02,-0.8,-0.02,-0.25,-0.6,-2.0,0.46238,-0.155325,-0.009481,-0.005199,-0.104036,-0.036823,-0.012467,-0.028356,0.766771,-0.125809,-0.178009,-0.017292,-0.029623,1.496987,3.417666,-0.09181,-0.001953,-0.272333,0.25,0.0,4.875,0.078238,0.136579,0.213562
1893,154.419357,936.780029,0.759218,0.757764,0.375,0.083333,0.095857,50873.0,0.159646,0.376392,0.1304,0.248191,-0.042151,0.488105,9.168788,-0.02,-0.8,-0.02,-0.25,-0.6,-2.0,0.462437,-0.157235,-0.007088,-0.004555,-0.099161,-0.03612,-0.012027,-0.027426,0.783805,-0.118384,-0.178206,-0.016892,-0.030101,1.530407,3.467749,-0.089564,-0.001427,-0.20541,0.25,0.0,5.125,0.072208,0.133137,0.195964
1894,151.690994,931.890015,0.732634,0.720054,0.583333,0.0,0.095837,46244.0,0.149413,0.371265,0.120384,0.222338,-0.038965,0.442118,9.164637,-0.02,-0.8,-0.02,-0.25,-0.6,-2.0,0.446425,-0.148345,-0.010308,-0.006735,-0.097443,-0.035448,-0.011554,-0.026992,0.731779,-0.128569,-0.185247,-0.015771,-0.028343,1.508071,3.311911,-0.087345,-0.001355,-0.189802,0.083333,0.0,4.375,0.074848,0.189604,0.228423
1895,153.073547,941.690002,0.784577,0.773362,0.25,0.041667,0.095778,47278.0,0.167311,0.391897,0.147253,0.271272,-0.04615,0.518463,9.060393,-0.02,-0.8,-0.02,-0.25,-0.6,-2.0,0.477298,-0.15539,-0.008323,-0.002237,-0.108271,-0.038306,-0.013661,-0.030206,0.804741,-0.122713,-0.191803,-0.016016,-0.030759,1.571642,3.530365,-0.097912,-0.001399,-0.234776,0.125,0.0,5.208333,0.082272,0.129843,0.145904
1896,154.108978,925.570007,0.781593,0.766102,0.5,0.0,0.095948,42780.0,0.153565,0.364185,0.12923,0.238167,-0.040028,0.483237,9.141921,-0.02,-0.8,-0.02,-0.25,-0.6,-2.0,0.466736,-0.153533,-0.00684,-0.003708,-0.091234,-0.036419,-0.01125,-0.02679,0.777753,-0.116025,-0.164029,-0.0143,-0.027734,1.567827,3.51839,-0.088985,-0.001352,-0.219401,0.083333,0.0,4.916667,0.069461,0.13316,0.193969
1897,155.085831,958.630005,0.773825,0.745579,0.333333,0.041667,0.095857,47024.0,0.165017,0.380173,0.131605,0.254993,-0.043198,0.511895,9.046902,-0.02,-0.8,-0.02,-0.25,-0.6,-2.0,0.466566,-0.156147,-0.00841,-0.005128,-0.100446,-0.037056,-0.012537,-0.027841,0.790064,-0.129758,-0.19942,-0.016627,-0.031474,1.539489,3.468259,-0.091614,-0.002154,-0.236049,0.291667,0.0,4.458333,0.084584,0.162929,0.180356
1898,151.877167,939.090027,0.774455,0.747994,0.5,0.0,0.095965,46523.0,0.164558,0.374017,0.133684,0.233506,-0.041408,0.454011,9.028238,-0.02,-0.8,-0.02,-0.25,-0.6,-2.0,0.462608,-0.145826,-0.011359,-0.003916,-0.101954,-0.036696,-0.011935,-0.028241,0.769853,-0.119608,-0.180985,-0.015808,-0.030569,1.514749,3.43422,-0.089694,-0.001911,-0.243509,0.083333,0.0,5.375,0.075187,0.139376,0.187739
1899,155.060699,948.289978,0.760496,0.750173,0.5,0.0,0.095754,5412.0,0.156609,0.371628,0.125543,0.234374,-0.039686,0.45817,9.150984,-0.02,-0.8,-0.02,-0.25,-0.6,-2.0,0.45752,-0.14886,-0.006093,-0.005724,-0.093077,-0.03562,-0.011406,-0.027227,0.76673,-0.11805,-0.173694,-0.014629,-0.027233,1.521585,3.422438,-0.088044,-0.001588,-0.217595,0.208333,0.0,4.75,0.08008,0.143318,0.201192
1900,157.213562,947.809998,0.792782,0.764673,0.333333,0.0,0.095759,5006.0,0.159238,0.382889,0.144027,0.259465,-0.042495,0.528384,9.353249,-0.02,-0.8,-0.02,-0.25,-0.6,-2.0,0.476389,-0.153941,-0.007814,-0.003233,-0.094812,-0.037341,-0.011824,-0.02762,0.809299,-0.117382,-0.178063,-0.014588,-0.02726,1.60657,3.573474,-0.09212,-0.00118,-0.199053,0.166667,0.0,4.958333,0.054942,0.136294,0.179162
1901,151.573929,934.210022,0.734727,0.743252,0.541667,0.041667,0.095644,5011.0,0.164317,0.385916,0.133161,0.245099,-0.04187,0.483881,9.222354,-0.02,-0.8,-0.02,-0.25,-0.6,-2.0,0.460164,-0.153754,-0.009234,-0.005164,-0.102103,-0.036644,-0.011816,-0.027685,0.769519,-0.123243,-0.176104,-0.015026,-0.031084,1.513619,3.39443,-0.089935,-0.001642,-0.159281,0.125,0.0,4.5,0.070023,0.164028,0.208161
1902,161.732147,984.719971,0.83547,0.785953,0.125,0.0,0.095716,5024.0,0.166821,0.390173,0.136963,0.253433,-0.04168,0.502631,8.986557,-0.02,-0.8,-0.02,-0.25,-0.6,-2.0,0.49019,-0.161183,-0.008075,-0.001755,-0.099564,-0.038068,-0.011707,-0.028942,0.8274,-0.113855,-0.173508,-0.015521,-0.030766,1.625463,3.675251,-0.091554,-0.001855,-0.260326,0.166667,0.0,5.291667,0.072589,0.125613,0.163728
1903,149.218872,908.390015,0.759307,0.748837,0.583333,0.041667,0.095799,5007.0,0.148546,0.368548,0.109687,0.220567,-0.037204,0.445023,9.100584,-0.02,-0.8,-0.02,-0.25,-0.6,-2.0,0.455389,-0.158648,-0.007303,-0.006155,-0.090842,-0.035243,-0.01084,-0.026017,0.754332,-0.116315,-0.15969,-0.014896,-0.027585,1.531433,3.428181,-0.084727,-0.001064,-0.169795,0.333333,0.0,4.166667,0.06382,0.161802,0.199959
1904,155.656906,956.169983,0.777213,0.772273,0.375,0.041667,0.095833,5020.0,0.167601,0.396899,0.123713,0.232458,-0.040088,0.467062,9.070679,-0.02,-0.8,-0.02,-0.25,-0.6,-2.0,0.480138,-0.161662,-0.012784,-0.003558,-0.100686,-0.037394,-0.011657,-0.028382,0.800801,-0.125827,-0.178058,-0.015331,-0.031491,1.582302,3.589936,-0.090329,-0.001687,-0.190862,0.041667,0.0,4.5,0.072523,0.129827,0.191109
1905,154.087448,931.960022,0.788486,0.77194,0.478261,0.130435,0.096154,7377.0,0.161808,0.38232,0.141863,0.258991,-0.042175,0.529914,9.07836,-0.02,-0.8,-0.02,-0.25,-0.6,-2.0,0.469142,-0.151214,-0.005774,-0.003827,-0.098761,-0.036633,-0.011338,-0.027575,0.799132,-0.121058,-0.182738,-0.015609,-0.030885,1.565644,3.505561,-0.089486,-0.001335,-0.228941,0.086957,0.0,4.782609,0.076257,0.118134,0.173752
1906,149.284561,915.52002,0.740521,0.724791,0.541667,0.041667,0.096008,7088.0,0.152893,0.365023,0.112898,0.227418,-0.038244,0.444292,9.089527,-0.02,-0.8,-0.02,-0.25,-0.6,-2.0,0.443654,-0.149941,-0.00787,-0.007062,-0.093672,-0.034507,-0.011147,-0.026587,0.741762,-0.125496,-0.173294,-0.015685,-0.027122,1.469801,3.317084,-0.085518,-0.001279,-0.163365,0.125,0.0,4.25,0.080888,0.159836,0.222999
1907,152.38504,921.52002,0.762283,0.755719,0.541667,0.041667,0.095971,6256.0,0.150938,0.366832,0.13299,0.235345,-0.03818,0.482447,9.068439,-0.02,-0.8,-0.02,-0.25,-0.6,-2.0,0.467618,-0.146299,-0.008831,-0.004497,-0.091899,-0.036212,-0.011095,-0.026496,0.781936,-0.126686,-0.177104,-0.014508,-0.027548,1.592637,3.539395,-0.087069,-0.001932,-0.194341,0.083333,0.0,4.291667,0.075267,0.138631,0.194139
1908,146.266891,905.809998,0.746467,0.718963,0.75,0.0,0.096394,6894.0,0.15295,0.367846,0.119935,0.227901,-0.038314,0.442535,9.408573,-0.02,-0.8,-0.02,-0.25,-0.6,-2.0,0.444256,-0.14951,-0.011856,-0.008769,-0.095102,-0.035171,-0.011438,-0.026362,0.739536,-0.134485,-0.176491,-0.015749,-0.027715,1.470011,3.300661,-0.085621,-0.001622,-0.205402,0.125,0.0,4.333333,0.075299,0.144914,0.290909
1909,152.9021,933.76001,0.763657,0.751266,0.5,0.0,0.096569,12981.0,0.165541,0.377092,0.128377,0.242122,-0.041058,0.487355,9.172134,-0.02,-0.8,-0.02,-0.25,-0.6,-2.0,0.469901,-0.155644,-0.010849,-0.004231,-0.101242,-0.036787,-0.011807,-0.028072,0.791049,-0.119797,-0.171278,-0.015552,-0.031198,1.541278,3.520913,-0.089662,-0.001685,-0.179344,0.166667,0.0,4.958333,0.066899,0.16115,0.196944
1910,152.293457,937.530029,0.77167,0.743006,0.416667,0.041667,0.096669,52014.0,0.157596,0.378457,0.134569,0.243962,-0.04257,0.488086,8.883825,-0.02,-0.8,-0.02,-0.25,-0.6,-2.0,0.468248,-0.150225,-0.00877,-0.005766,-0.099113,-0.037278,-0.01218,-0.028502,0.796528,-0.122892,-0.174363,-0.014543,-0.02915,1.559548,3.493052,-0.091956,-0.001316,-0.258456,0.166667,0.0,3.375,0.086001,0.142916,0.235054
1911,161.601456,974.150024,0.81192,0.798131,0.416667,0.0,0.096742,51169.0,0.160991,0.393127,0.142007,0.243568,-0.043289,0.495337,8.973923,-0.02,-0.8,-0.02,-0.25,-0.6,-2.0,0.486409,-0.154669,-0.007035,-0.003048,-0.100579,-0.038373,-0.012251,-0.028885,0.82917,-0.127007,-0.183032,-0.01492,-0.029387,1.644671,3.638102,-0.093734,-0.00163,-0.214811,0.083333,0.0,4.458333,0.074586,0.144733,0.192453
1912,155.319687,935.799988,0.762544,0.745494,0.625,0.041667,0.096967,54255.0,0.164625,0.377157,0.125871,0.24788,-0.040385,0.490005,9.00799,-0.02,-0.8,-0.02,-0.25,-0.6,-2.0,0.463283,-0.155894,-0.009476,-0.004773,-0.096474,-0.036169,-0.011623,-0.026721,0.764516,-0.112531,-0.159672,-0.014064,-0.028566,1.499853,3.46794,-0.089721,-0.001214,-0.190938,0.166667,0.0,5.125,0.066286,0.150886,0.206792
1913,150.016602,913.099976,0.749331,0.723907,0.652174,0.0,0.097093,49555.0,0.156954,0.360159,0.127195,0.234158,-0.037766,0.459101,9.07935,-0.02,-0.8,-0.02,-0.25,-0.6,-2.0,0.459068,-0.148118,-0.013344,-0.006224,-0.090547,-0.035725,-0.011026,-0.02645,0.751329,-0.118801,-0.171798,-0.01491,-0.027062,1.521525,3.466072,-0.08628,-0.001291,-0.194232,0.043478,0.0,3.73913,0.061684,0.153045,0.22331
1914,158.093338,969.47998,0.805135,0.791108,0.291667,0.0,0.097069,55225.0,0.159976,0.415011,0.124584,0.224539,-0.03931,0.444324,9.135132,-0.02,-0.8,-0.02,-0.25,-0.6,-2.0,0.48545,-0.156789,-0.008646,-0.003518,-0.094946,-0.038176,-0.011965,-0.028404,0.80081,-0.125693,-0.187942,-0.015494,-0.0284,1.64827,3.612258,-0.09213,-0.001171,-0.172338,0.125,0.0,4.458333,0.071206,0.124477,0.164092
1915,153.411758,942.830017,0.806805,0.772496,0.608696,0.0,0.097087,53382.0,0.1597,0.381515,0.13056,0.240546,-0.041184,0.493442,9.255943,-0.02,-0.8,-0.02,-0.25,-0.6,-2.0,0.476368,-0.154383,-0.012457,-0.003489,-0.097194,-0.037537,-0.011454,-0.027906,0.79709,-0.117018,-0.172616,-0.015161,-0.030202,1.588093,3.577837,-0.090786,-0.001495,-0.237193,0.086957,0.0,12.26087,0.074395,0.131643,0.194935
1916,150.071655,934.909973,0.757964,0.731665,0.583333,0.0,0.096991,55689.0,0.162534,0.378812,0.128704,0.232075,-0.039824,0.441254,9.088513,-0.02,-0.8,-0.02,-0.25,-0.6,-2.0,0.454145,-0.149193,-0.013579,-0.006856,-0.097572,-0.036397,-0.011744,-0.027328,0.764814,-0.128064,-0.177146,-0.015183,-0.028917,1.47752,3.354568,-0.088853,-0.007331,-0.176787,0.125,0.0,4.5,0.080522,0.135464,0.218718
1917,144.227402,888.52002,0.729888,0.717617,0.833333,0.0,0.097125,55213.0,0.157692,0.36624,0.134992,0.246081,-0.042719,0.480618,9.073994,-0.02,-0.8,-0.02,-0.25,-0.6,-2.0,0.442333,-0.14724,-0.006432,-0.006836,-0.101126,-0.035614,-0.012347,-0.027066,0.744835,-0.129145,-0.18097,-0.017058,-0.02896,1.440145,3.267869,-0.088939,-0.001546,-0.193213,0.166667,0.0,4.5,0.082234,0.150105,0.243559
1918,149.412216,928.289978,0.730994,0.735316,0.458333,0.0,0.097026,45052.0,0.174204,0.371988,0.130357,0.241902,-0.040744,0.452924,9.03855,-0.02,-0.8,-0.02,-0.25,-0.6,-2.0,0.45771,-0.148795,-0.014317,-0.004948,-0.096659,-0.036211,-0.01141,-0.027415,0.754193,-0.121209,-0.183255,-0.015377,-0.029102,1.441727,3.415648,-0.08919,-0.001707,-0.171361,0.291667,0.0,4.666667,0.070914,0.154184,0.212116
1919,155.944214,953.77002,0.830257,0.798215,0.304348,0.043478,0.096958,56403.0,0.165836,0.391724,0.129989,0.24239,-0.041931,0.484338,9.077839,-0.02,-0.8,-0.02,-0.25,-0.6,-2.0,0.487772,-0.167199,-0.010565,-0.002111,-0.09786,-0.037717,-0.012387,-0.029023,0.814612,-0.117067,-0.172269,-0.016017,-0.028633,1.622563,3.662175,-0.093434,-0.001755,-0.194615,0.086957,0.0,5.521739,0.093088,0.129686,0.153902
1920,145.48378,904.070007,0.767856,0.747621,0.541667,0.0,0.096759,55168.0,0.163456,0.392131,0.141046,0.265466,-0.045244,0.52511,8.939624,-0.02,-0.8,-0.02,-0.25,-0.6,-2.0,0.464449,-0.150168,-0.007848,-0.004981,-0.104935,-0.037648,-0.012571,-0.029092,0.783395,-0.128913,-0.194784,-0.016391,-0.030211,1.544929,3.423761,-0.094487,-0.001334,-0.270632,0.166667,0.0,4.375,0.091823,0.129218,0.205375
1921,153.931549,939.650024,0.772349,0.753283,0.166667,0.041667,0.096586,55246.0,0.15069,0.379246,0.124144,0.222057,-0.039655,0.45107,9.042735,-0.02,-0.8,-0.02,-0.25,-0.6,-2.0,0.464458,-0.148104,-0.007665,-0.003944,-0.098126,-0.03668,-0.011238,-0.028055,0.77501,-0.118281,-0.174982,-0.014808,-0.030104,1.576916,3.459287,-0.087783,-0.001505,-0.172464,0.166667,0.0,4.166667,0.072804,0.140313,0.184356
1922,145.437897,885.840027,0.733471,0.711116,0.666667,0.0,0.096788,48851.0,0.154541,0.354336,0.126741,0.231367,-0.039508,0.456611,9.071791,-0.02,-0.8,-0.02,-0.25,-0.6,-2.0,0.444604,-0.141539,-0.008779,-0.005585,-0.094061,-0.034772,-0.010932,-0.026343,0.747364,-0.116716,-0.161561,-0.013574,-0.02847,1.45976,3.331591,-0.085411,-0.002219,-0.217172,0.0,0.0,4.708333,0.095026,0.14437,0.233337
1923,154.572037,948.580017,0.778983,0.769296,0.333333,0.0,0.096896,55751.0,0.163434,0.394527,0.124955,0.235233,-0.042732,0.465465,9.098656,-0.02,-0.8,-0.02,-0.25,-0.6,-2.0,0.471967,-0.162386,-0.003967,-0.004335,-0.103704,-0.03771,-0.012302,-0.028613,0.80085,-0.118705,-0.177755,-0.01598,-0.031425,1.559256,3.498473,-0.092833,-0.001505,-0.182551,0.333333,0.0,4.583333,0.087555,0.14703,0.176603
1924,148.179413,904.419983,0.750853,0.735353,0.5,0.0,0.096839,55219.0,0.157392,0.365819,0.126869,0.233047,-0.039909,0.463548,9.118837,-0.02,-0.8,-0.02,-0.25,-0.6,-2.0,0.455639,-0.146448,-0.01111,-0.005323,-0.095661,-0.035942,-0.011473,-0.027176,0.758084,-0.124112,-0.175764,-0.014784,-0.029038,1.506115,3.415517,-0.088371,-0.001401,-0.244015,0.083333,0.0,4.166667,0.071508,0.14534,0.221146
1925,144.28067,900.039978,0.725895,0.719592,0.791667,0.0,0.096837,51769.0,0.163952,0.37227,0.121882,0.233765,-0.039483,0.467811,9.004768,-0.02,-0.8,-0.02,-0.25,-0.6,-2.0,0.442341,-0.146454,-0.010285,-0.006873,-0.0995,-0.03544,-0.011459,-0.0262,0.734304,-0.12702,-0.171954,-0.015166,-0.029619,1.414474,3.280087,-0.085695,-0.001633,-0.265508,0.041667,0.0,4.041667,0.08853,0.153713,0.229975
1926,153.055099,914.830017,0.758615,0.740131,0.833333,0.0,0.096956,46216.0,0.149137,0.371669,0.126013,0.235554,-0.039762,0.48308,9.269151,-0.02,-0.8,-0.02,-0.25,-0.6,-2.0,0.452509,-0.141106,-0.007178,-0.006228,-0.087447,-0.035545,-0.011131,-0.025911,0.752796,-0.115889,-0.160057,-0.013406,-0.026191,1.525662,3.390842,-0.087083,-0.001735,-0.1888,0.083333,0.0,5.208333,0.059649,0.14412,0.219346
1927,153.668625,935.97998,0.774939,0.734307,0.583333,0.041667,0.097162,41860.0,0.156418,0.375636,0.131786,0.24238,-0.040806,0.479223,9.286932,-0.02,-0.8,-0.02,-0.25,-0.6,-2.0,0.462519,-0.150004,-0.009531,-0.005239,-0.09946,-0.036528,-0.011525,-0.02767,0.779098,-0.123449,-0.168158,-0.014794,-0.028937,1.536208,3.453391,-0.090128,-0.00158,-0.20318,0.166667,0.0,4.5,0.080158,0.141892,0.22556
1928,153.639572,924.559998,0.767837,0.741813,0.5,0.041667,0.09742,46546.0,0.152841,0.360011,0.139042,0.257666,-0.043303,0.541683,9.202286,-0.02,-0.8,-0.02,-0.25,-0.6,-2.0,0.456503,-0.150007,-0.006254,-0.004854,-0.097912,-0.036105,-0.011217,-0.02682,0.780577,-0.115423,-0.171003,-0.014634,-0.030156,1.528064,3.419489,-0.088454,-0.001959,-0.221591,0.083333,0.0,4.708333,0.078035,0.134919,0.191348
1929,143.596954,890.440002,0.74618,0.726339,0.791667,0.0,0.097593,47384.0,0.153829,0.369715,0.128266,0.238992,-0.04094,0.487642,9.110842,-0.02,-0.8,-0.02,-0.25,-0.6,-2.0,0.447522,-0.148838,-0.009546,-0.006638,-0.09659,-0.035773,-0.011559,-0.027146,0.753471,-0.122756,-0.169238,-0.015739,-0.028109,1.488873,3.33591,-0.088126,-0.001431,-0.258902,0.166667,0.0,4.041667,0.099609,0.141859,0.207667
1930,154.901443,951.890015,0.781101,0.757985,0.458333,0.041667,0.097654,41070.0,0.148101,0.369951,0.124087,0.23697,-0.040649,0.491033,9.376636,-0.02,-0.8,-0.02,-0.25,-0.6,-2.0,0.469394,-0.162279,-0.010263,-0.004705,-0.097154,-0.036489,-0.011166,-0.026873,0.780382,-0.113043,-0.161865,-0.014508,-0.030094,1.593197,3.555636,-0.089183,-0.001536,-0.240701,0.166667,0.0,4.75,0.081452,0.136874,0.200497
1931,146.026535,898.590027,0.717139,0.709137,0.833333,0.0,0.097682,46965.0,0.15243,0.350505,0.128741,0.235789,-0.040746,0.471558,9.182798,-0.02,-0.8,-0.02,-0.25,-0.6,-2.0,0.436238,-0.141144,-0.012264,-0.00748,-0.100375,-0.034867,-0.011339,-0.027212,0.730618,-0.1169,-0.16483,-0.015294,-0.030575,1.440447,3.248687,-0.086133,-0.001419,-0.22367,0.125,0.0,4.833333,0.089466,0.168168,0.243132
1932,147.644806,902.140015,0.775631,0.743931,0.625,0.0,0.097509,47915.0,0.163493,0.369289,0.13309,0.240461,-0.042222,0.474447,9.078872,-0.02,-0.8,-0.02,-0.25,-0.6,-2.0,0.461879,-0.146624,-0.010311,-0.005645,-0.098292,-0.037374,-0.011887,-0.027493,0.773197,-0.127243,-0.181862,-0.014908,-0.02878,1.517022,3.450428,-0.092295,-0.001872,-0.153426,0.25,0.0,4.041667,0.071545,0.172696,0.207425
1933,161.916428,977.059998,0.809935,0.805815,0.166667,0.0,0.097342,48517.0,0.155633,0.389085,0.129422,0.253573,-0.042501,0.534001,9.025607,-0.02,-0.8,-0.02,-0.25,-0.6,-2.0,0.490231,-0.165202,-0.00615,-0.002212,-0.101194,-0.038519,-0.011733,-0.028512,0.831067,-0.117507,-0.172707,-0.015727,-0.030971,1.675474,3.688662,-0.093263,-0.001284,-0.213372,0.083333,0.0,5.041667,0.058162,0.125469,0.149143
1934,145.680435,895.52002,0.755402,0.732614,0.416667,0.125,0.097354,41520.0,0.153561,0.379689,0.129358,0.243517,-0.042499,0.486925,9.021628,-0.02,-0.8,-0.02,-0.25,-0.6,-2.0,0.450514,-0.14962,-0.006016,-0.005421,-0.097264,-0.036531,-0.011826,-0.026881,0.759397,-0.129297,-0.182152,-0.014978,-0.028926,1.500472,3.3235,-0.090488,-0.001526,-0.16809,0.25,0.0,4.666667,0.071755,0.134646,0.183113
1935,151.612396,925.190002,0.776057,0.753989,0.583333,0.0,0.097602,43679.0,0.162829,0.377213,0.141161,0.258929,-0.043558,0.512984,9.199455,-0.02,-0.8,-0.02,-0.25,-0.6,-2.0,0.465152,-0.145333,-0.008026,-0.005024,-0.100895,-0.037813,-0.012352,-0.028495,0.767684,-0.128037,-0.190738,-0.01582,-0.030006,1.540904,3.441011,-0.093112,-0.001765,-0.217477,0.166667,0.0,4.958333,0.078447,0.148467,0.198898
1936,151.992706,953.22998,0.761152,0.761217,0.541667,0.0,0.097527,48807.0,0.167419,0.396273,0.131171,0.256935,-0.044,0.522519,8.964615,-0.02,-0.8,-0.02,-0.25,-0.6,-2.0,0.474051,-0.161012,-0.006991,-0.004228,-0.106458,-0.038691,-0.01238,-0.029143,0.808918,-0.12867,-0.189305,-0.016797,-0.033136,1.560645,3.488169,-0.095149,-0.001799,-0.38634,0.083333,0.0,5.0,0.087205,0.132206,0.176497
1937,153.37648,944.460022,0.774719,0.774732,0.375,0.0,0.097481,53358.0,0.163399,0.381028,0.126688,0.226404,-0.039342,0.452942,8.953003,-0.02,-0.8,-0.02,-0.25,-0.6,-2.0,0.476189,-0.152173,-0.014178,-0.004224,-0.099444,-0.037338,-0.011186,-0.027615,0.793779,-0.119614,-0.174073,-0.014857,-0.030293,1.57562,3.594964,-0.089719,-0.001139,-0.218335,0.208333,0.0,4.791667,0.08252,0.143909,0.189232
1938,158.215973,962.679993,0.8004,0.767669,0.25,0.0,0.097837,48119.0,0.163621,0.381161,0.129708,0.242646,-0.039744,0.481144,9.045303,-0.02,-0.8,-0.02,-0.25,-0.6,-2.0,0.481481,-0.157814,-0.007863,-0.002502,-0.092557,-0.037642,-0.011186,-0.026844,0.806585,-0.11285,-0.16113,-0.013895,-0.028071,1.580216,3.632737,-0.091183,-0.001515,-0.264026,0.125,0.0,4.375,0.080389,0.125178,0.186434
1939,153.684326,951.659973,0.77856,0.773044,0.416667,0.0,0.097848,55589.0,0.166366,0.37822,0.130533,0.24613,-0.041255,0.487481,9.238989,-0.02,-0.8,-0.02,-0.25,-0.6,-2.0,0.476675,-0.160814,-0.014217,-0.00303,-0.098067,-0.037371,-0.011272,-0.028313,0.792285,-0.116493,-0.170575,-0.014493,-0.030439,1.558044,3.578924,-0.0922,-0.001401,-0.298398,0.125,0.0,5.166667,0.079028,0.131453,0.186731
1940,156.628677,961.640015,0.782763,0.772279,0.416667,0.0,0.097679,53715.0,0.162734,0.377248,0.126906,0.247138,-0.04113,0.498384,9.032935,-0.02,-0.8,-0.02,-0.25,-0.6,-2.0,0.474941,-0.156286,-0.010964,-0.003377,-0.098233,-0.037791,-0.011767,-0.027397,0.781848,-0.122326,-0.179212,-0.015583,-0.029709,1.5647,3.555949,-0.09222,-0.001558,-0.211827,0.041667,0.0,4.958333,0.073459,0.128743,0.185229
1941,149.18602,907.349976,0.766215,0.757918,0.708333,0.0,0.09748,55778.0,0.151552,0.376005,0.124686,0.230803,-0.041037,0.484855,9.039291,-0.02,-0.8,-0.02,-0.25,-0.6,-2.0,0.460019,-0.152636,-0.005156,-0.005346,-0.098177,-0.036834,-0.011598,-0.027215,0.778892,-0.126166,-0.185816,-0.015839,-0.030684,1.55749,3.430154,-0.08883,-0.001487,-0.223655,0.083333,0.0,4.875,0.070889,0.155787,0.212248
1942,153.851776,934.280029,0.766982,0.747512,0.291667,0.041667,0.097454,54900.0,0.159663,0.370412,0.128461,0.245215,-0.041736,0.503057,9.174759,-0.02,-0.8,-0.02,-0.25,-0.6,-2.0,0.460865,-0.150021,-0.011363,-0.003958,-0.101768,-0.037138,-0.011887,-0.028086,0.776147,-0.121569,-0.185289,-0.015921,-0.032731,1.519431,3.437211,-0.089856,-0.001703,-0.263156,0.041667,0.0,5.0,0.089389,0.130183,0.191216
1943,148.887573,913.909973,0.749292,0.720599,0.5,0.0,0.097191,48293.0,0.161951,0.375414,0.130549,0.25354,-0.043847,0.506389,9.21533,-0.02,-0.8,-0.02,-0.25,-0.6,-2.0,0.455339,-0.153602,-0.007244,-0.005788,-0.107816,-0.036856,-0.012217,-0.028431,0.779288,-0.122802,-0.175764,-0.016422,-0.033069,1.490049,3.376956,-0.091414,-0.001656,-0.220051,0.25,0.0,4.833333,0.076495,0.163119,0.19768
1944,155.695389,943.450012,0.775216,0.755135,0.304348,0.0,0.097255,55907.0,0.164995,0.378278,0.138997,0.269617,-0.045378,0.531834,9.246817,-0.02,-0.8,-0.02,-0.25,-0.6,-2.0,0.468441,-0.15387,-0.00692,-0.005029,-0.104183,-0.03796,-0.012548,-0.028717,0.776898,-0.12536,-0.182136,-0.016162,-0.030025,1.533901,3.477434,-0.09597,-0.001929,-0.220806,0.304348,0.0,4.478261,0.087029,0.15183,0.190267
1945,159.309601,965.169983,0.794893,0.775243,0.333333,0.0,0.097176,54213.0,0.164992,0.390365,0.138076,0.255321,-0.043883,0.51842,9.211105,-0.02,-0.8,-0.02,-0.25,-0.6,-2.0,0.482588,-0.153963,-0.006461,-0.002815,-0.105666,-0.038443,-0.011852,-0.028928,0.810334,-0.125839,-0.182958,-0.016751,-0.033297,1.605505,3.613198,-0.09311,-0.001409,-0.208819,0.083333,0.0,4.666667,0.07859,0.144012,0.187479
1946,154.366348,942.590027,0.784212,0.760318,0.25,0.083333,0.097234,53923.0,0.156081,0.368189,0.133604,0.254502,-0.043453,0.519934,9.095869,-0.02,-0.8,-0.02,-0.25,-0.6,-2.0,0.469782,-0.161556,-0.007502,-0.003491,-0.105286,-0.037536,-0.012309,-0.028427,0.790198,-0.116612,-0.178663,-0.015807,-0.028688,1.58168,3.523748,-0.094314,-0.001613,-0.305399,0.041667,0.0,4.083333,0.082131,0.127195,0.171794
1947,149.997101,935.440002,0.784543,0.745353,0.434783,0.0,0.097118,48328.0,0.168666,0.37898,0.119534,0.235593,-0.039621,0.450726,8.995581,-0.02,-0.8,-0.02,-0.25,-0.6,-2.0,0.467947,-0.151286,-0.016424,-0.004131,-0.098831,-0.037357,-0.011449,-0.028354,0.770464,-0.123279,-0.190792,-0.015788,-0.031745,1.502995,3.499875,-0.089956,-0.002473,-0.187179,0.086957,0.0,4.478261,0.079665,0.166783,0.188095
1948,157.581802,973.080017,0.791505,0.775392,0.208333,0.0,0.096971,54472.0,0.168501,0.392644,0.136684,0.273889,-0.044834,0.538142,9.012178,-0.02,-0.8,-0.02,-0.25,-0.6,-2.0,0.483979,-0.167878,-0.00909,-0.002175,-0.106382,-0.039495,-0.013122,-0.029493,0.805885,-0.123594,-0.177781,-0.016381,-0.030096,1.577921,3.599038,-0.098204,-0.002087,-0.294876,0.125,0.0,5.125,0.095869,0.130991,0.193346
1949,154.896072,960.070007,0.786307,0.758269,0.25,0.0,0.09677,54799.0,0.166907,0.39139,0.126455,0.245239,-0.042679,0.491445,8.96511,-0.02,-0.8,-0.02,-0.25,-0.6,-2.0,0.471866,-0.165159,-0.014048,-0.004016,-0.103485,-0.03788,-0.011874,-0.028299,0.792929,-0.120438,-0.165075,-0.016939,-0.032164,1.542073,3.505227,-0.092643,-0.00292,-0.234198,0.208333,0.0,4.166667,0.080895,0.150689,0.176603
1950,145.245834,898.51001,0.763631,0.738666,0.541667,0.041667,0.096714,50213.0,0.154135,0.382786,0.123468,0.230592,-0.041893,0.475452,9.122986,-0.02,-0.8,-0.02,-0.25,-0.6,-2.0,0.457088,-0.150838,-0.008719,-0.005351,-0.100343,-0.037522,-0.012192,-0.028764,0.767022,-0.126798,-0.193724,-0.018093,-0.030315,1.53437,3.371064,-0.091131,-0.001736,-0.228005,0.25,0.0,5.041667,0.088472,0.1827,0.241761
1951,149.610992,926.130005,0.759221,0.736024,0.625,0.0,0.09659,53988.0,0.157893,0.368269,0.125655,0.236549,-0.041999,0.485317,9.021613,-0.02,-0.8,-0.02,-0.25,-0.6,-2.0,0.457092,-0.152402,-0.007051,-0.004728,-0.104299,-0.036959,-0.011705,-0.02832,0.777774,-0.119918,-0.180091,-0.016282,-0.031655,1.513347,3.393885,-0.089948,-0.001713,-0.286436,0.166667,0.0,4.583333,0.077732,0.140569,0.210339
1952,151.511642,926.080017,0.780052,0.753348,0.5,0.0,0.096455,46748.0,0.148922,0.38195,0.127722,0.219593,-0.039796,0.470739,9.060124,-0.02,-0.8,-0.02,-0.25,-0.6,-2.0,0.466196,-0.155436,-0.010685,-0.005155,-0.098364,-0.037311,-0.011134,-0.027135,0.785516,-0.124989,-0.167612,-0.015641,-0.03175,1.592631,3.478198,-0.088278,-0.001711,-0.177253,0.083333,0.0,3.625,0.069306,0.140926,0.206003
1953,148.527328,912.539978,0.788015,0.757642,0.583333,0.0,0.096148,54424.0,0.164428,0.388997,0.139997,0.270751,-0.045395,0.52214,8.978807,-0.02,-0.8,-0.02,-0.25,-0.6,-2.0,0.469757,-0.152439,-0.007201,-0.00532,-0.106254,-0.038208,-0.012707,-0.028781,0.786024,-0.136918,-0.195892,-0.017301,-0.030218,1.540677,3.469106,-0.096899,-0.001765,-0.199636,0.166667,0.0,4.166667,0.087057,0.144503,0.208274
1954,157.29863,956.039978,0.799242,0.793308,0.166667,0.041667,0.096077,54447.0,0.163727,0.394374,0.151764,0.276335,-0.046227,0.565641,9.079265,-0.02,-0.8,-0.02,-0.25,-0.6,-2.0,0.485384,-0.154123,-0.010854,-0.002125,-0.105795,-0.039616,-0.012951,-0.029978,0.822003,-0.124187,-0.18462,-0.016623,-0.032122,1.624777,3.603739,-0.09778,-0.001371,-0.280737,0.125,0.0,4.875,0.080886,0.134518,0.141513
1955,154.736435,944.469971,0.782884,0.780094,0.391304,0.043478,0.096061,51393.0,0.157501,0.369938,0.133493,0.236319,-0.041993,0.500278,9.090082,-0.02,-0.8,-0.02,-0.25,-0.6,-2.0,0.471644,-0.152808,-0.01079,-0.004002,-0.099926,-0.037478,-0.011579,-0.027909,0.797327,-0.121434,-0.174098,-0.015641,-0.030796,1.582908,3.548702,-0.089411,-0.001265,-0.223419,0.130435,0.0,4.217391,0.07938,0.117557,0.174534
1956,158.810944,972.349976,0.792272,0.773198,0.173913,0.0,0.096186,46669.0,0.163759,0.389621,0.142217,0.258745,-0.043614,0.528457,9.082553,-0.02,-0.8,-0.02,-0.25,-0.6,-2.0,0.481953,-0.150246,-0.012916,-0.002005,-0.103806,-0.039083,-0.012292,-0.029044,0.805329,-0.123238,-0.188425,-0.016158,-0.032916,1.599777,3.572389,-0.094377,-0.013413,-0.227901,0.086957,0.0,4.73913,0.079497,0.107271,0.151232
1957,151.237427,926.640015,0.76167,0.737725,0.458333,0.083333,0.096014,51852.0,0.162432,0.377057,0.127052,0.234143,-0.041118,0.479333,9.301485,-0.02,-0.8,-0.02,-0.25,-0.6,-2.0,0.46684,-0.153106,-0.010849,-0.004045,-0.105879,-0.037694,-0.011462,-0.028013,0.786367,-0.124951,-0.175945,-0.015554,-0.033152,1.532042,3.47923,-0.090545,-0.00159,-0.271502,0.375,0.0,11.0,0.073183,0.137453,0.178056
1958,155.682144,953.030029,0.791603,0.760988,0.291667,0.041667,0.096295,50250.0,0.159634,0.37488,0.11876,0.224303,-0.039302,0.442583,9.077904,-0.02,-0.8,-0.02,-0.25,-0.6,-2.0,0.476516,-0.160687,-0.014663,-0.003214,-0.093551,-0.037063,-0.01094,-0.028011,0.79131,-0.114849,-0.165527,-0.015747,-0.029778,1.583785,3.605127,-0.090323,-0.001168,-0.237103,0.041667,0.0,4.458333,0.08396,0.116072,0.181426
1959,150.430435,922.359985,0.746802,0.757423,0.583333,0.0,0.096363,53124.0,0.1643,0.366795,0.121811,0.22465,-0.038445,0.435117,9.200788,-0.02,-0.8,-0.02,-0.25,-0.6,-2.0,0.466273,-0.151927,-0.022729,-0.004116,-0.095228,-0.036777,-0.011054,-0.026589,0.747671,-0.117264,-0.175995,-0.014938,-0.029565,1.515248,3.537203,-0.088437,-0.001492,-0.157684,0.083333,0.0,4.666667,0.063281,0.155317,0.188898
1960,153.533676,949.530029,0.752743,0.733257,0.333333,0.208333,0.096114,44470.0,0.166522,0.378773,0.136891,0.253293,-0.043544,0.506338,9.228148,-0.02,-0.8,-0.02,-0.25,-0.6,-2.0,0.46312,-0.149322,-0.011201,-0.004897,-0.10607,-0.038549,-0.012697,-0.028813,0.777295,-0.126313,-0.197468,-0.015807,-0.030145,1.49974,3.421399,-0.094486,-0.001744,-0.262114,0.208333,0.0,4.583333,0.071467,0.144794,0.171818
1961,153.04332,932.549988,0.751598,0.719597,0.565217,0.043478,0.096153,51564.0,0.158437,0.37043,0.134429,0.254102,-0.042936,0.530567,9.069312,-0.02,-0.8,-0.02,-0.25,-0.6,-2.0,0.458642,-0.146329,-0.006965,-0.005634,-0.101102,-0.036989,-0.011507,-0.027898,0.773932,-0.120759,-0.172529,-0.014974,-0.030874,1.516406,3.412464,-0.091474,-0.001672,-0.223779,0.173913,0.0,4.826087,0.097417,0.1668,0.202681
1962,152.444672,931.27002,0.772438,0.749572,0.416667,0.0,0.096055,55029.0,0.153857,0.373406,0.124133,0.248327,-0.042263,0.505349,8.989677,-0.02,-0.8,-0.02,-0.25,-0.6,-2.0,0.462154,-0.157852,-0.009022,-0.004838,-0.099628,-0.037174,-0.011834,-0.027482,0.772965,-0.118941,-0.172063,-0.01703,-0.030467,1.539286,3.451783,-0.090806,-0.001727,-0.208133,0.166667,0.0,4.666667,0.069861,0.130333,0.200393
1963,159.15239,970.309998,0.807369,0.801139,0.125,0.0,0.095876,56099.0,0.168871,0.39513,0.139127,0.264568,-0.04618,0.542238,9.060817,-0.02,-0.8,-0.02,-0.25,-0.6,-2.0,0.490759,-0.162373,-0.0121,-0.002014,-0.106665,-0.039464,-0.012432,-0.029669,0.825777,-0.127135,-0.189028,-0.017583,-0.033401,1.625696,3.655078,-0.096134,-0.001673,-0.207035,0.125,0.0,4.625,0.106845,0.139449,0.15487
1964,152.478714,941.330017,0.793595,0.788387,0.291667,0.083333,0.095837,55546.0,0.160266,0.383469,0.121427,0.248009,-0.041679,0.508935,9.057043,-0.02,-0.8,-0.02,-0.25,-0.6,-2.0,0.479775,-0.173522,-0.009337,-0.002701,-0.104155,-0.037957,-0.011728,-0.028686,0.802642,-0.114786,-0.15993,-0.017607,-0.032106,1.586617,3.615226,-0.09274,-0.001632,-0.304556,0.125,0.0,4.625,0.088631,0.135139,0.15792
1965,158.870728,957.570007,0.793753,0.76605,0.217391,0.043478,0.095642,48665.0,0.160718,0.372179,0.128313,0.248632,-0.041306,0.520397,9.091632,-0.02,-0.8,-0.02,-0.25,-0.6,-2.0,0.481885,-0.162327,-0.010915,-0.002925,-0.097804,-0.037495,-0.010617,-0.027068,0.816182,-0.110508,-0.156401,-0.014948,-0.031689,1.600291,3.658508,-0.089362,-0.001578,-0.207194,0.130435,0.0,4.130435,0.084816,0.115621,0.161447
1966,152.076981,917.419983,0.79195,0.761716,0.416667,0.041667,0.095449,55583.0,0.148815,0.372071,0.129052,0.224916,-0.039213,0.464996,9.27507,-0.02,-0.8,-0.02,-0.25,-0.6,-2.0,0.466066,-0.151414,-0.008272,-0.003791,-0.093036,-0.037109,-0.01108,-0.026567,0.794584,-0.116103,-0.169153,-0.014405,-0.028763,1.580902,3.497437,-0.088203,-0.001322,-0.16091,0.083333,0.0,4.75,0.073466,0.130214,0.178293
1967,156.459717,951.109985,0.784972,0.763507,0.416667,0.0,0.095561,55518.0,0.159465,0.375737,0.125612,0.24107,-0.041609,0.50476,9.095801,-0.02,-0.8,-0.02,-0.25,-0.6,-2.0,0.475326,-0.158794,-0.005895,-0.004384,-0.102481,-0.037986,-0.011978,-0.029233,0.7958,-0.129584,-0.192793,-0.015762,-0.030915,1.586918,3.564418,-0.093145,-0.001349,-0.214436,0.041667,0.0,4.0,0.079602,0.143698,0.194321
1968,158.190903,974.619995,0.802413,0.781115,0.291667,0.041667,0.095708,55242.0,0.174623,0.39528,0.128439,0.25224,-0.043477,0.493677,8.909821,-0.02,-0.8,-0.02,-0.25,-0.6,-2.0,0.485177,-0.165802,-0.012225,-0.002558,-0.103915,-0.039199,-0.012307,-0.028421,0.809214,-0.124486,-0.187355,-0.016398,-0.031549,1.559304,3.61512,-0.096295,-0.001741,-0.228226,0.041667,0.0,5.958333,0.074136,0.124516,0.18842
1969,150.794632,913.140015,0.780099,0.734546,0.5,0.041667,0.095873,55399.0,0.153326,0.361737,0.128471,0.233901,-0.039605,0.479789,8.92483,-0.02,-0.8,-0.02,-0.25,-0.6,-2.0,0.461627,-0.149007,-0.01072,-0.004291,-0.09239,-0.036896,-0.011016,-0.025543,0.774594,-0.119352,-0.1763,-0.015031,-0.028172,1.54346,3.492952,-0.088053,-0.001905,-0.220446,0.0,0.0,4.541667,0.075724,0.148762,0.187631
1970,152.370667,943.150024,0.793292,0.761088,0.5,0.0,0.095633,48636.0,0.171471,0.382305,0.136098,0.260473,-0.043534,0.511105,9.066732,-0.02,-0.8,-0.02,-0.25,-0.6,-2.0,0.47405,-0.157701,-0.015848,-0.00406,-0.106066,-0.037619,-0.011938,-0.028483,0.7946,-0.119827,-0.171581,-0.01676,-0.032085,1.519903,3.538632,-0.092472,-0.002915,-0.287848,0.041667,0.0,4.541667,0.067535,0.134197,0.225748
1971,162.564499,982.97998,0.802482,0.801791,0.208333,0.0,0.095755,55562.0,0.161584,0.394953,0.1453,0.256942,-0.045633,0.527826,9.083938,-0.02,-0.8,-0.02,-0.25,-0.6,-2.0,0.493284,-0.15599,-0.007605,-0.001921,-0.106563,-0.039539,-0.01183,-0.029406,0.838434,-0.118492,-0.16829,-0.016241,-0.033777,1.656394,3.691795,-0.095861,-0.001316,-0.245317,0.0,0.0,4.5,0.086249,0.114612,0.165274
1972,155.604691,958.77002,0.784157,0.743135,0.708333,0.0,0.095606,55206.0,0.162578,0.38457,0.134081,0.244155,-0.041905,0.48914,9.108065,-0.02,-0.8,-0.02,-0.25,-0.6,-2.0,0.467771,-0.152201,-0.012078,-0.004058,-0.102302,-0.037433,-0.01138,-0.027865,0.785269,-0.123163,-0.171805,-0.016113,-0.031617,1.531103,3.485615,-0.090866,-0.001174,-0.226231,0.166667,0.0,5.5,0.085031,0.14819,0.210788
1973,155.713959,950.780029,0.784528,0.782664,0.26087,0.086957,0.095649,56365.0,0.170267,0.383527,0.13248,0.256002,-0.04276,0.495666,8.917944,-0.02,-0.8,-0.02,-0.25,-0.6,-2.0,0.474491,-0.153179,-0.008645,-0.00319,-0.101406,-0.037862,-0.011734,-0.027342,0.802445,-0.120237,-0.178663,-0.016244,-0.03172,1.520444,3.544033,-0.092635,-0.001321,-0.178524,0.086957,0.0,5.0,0.075073,0.13334,0.177599
1974,153.985168,944.77002,0.755522,0.741333,0.5,0.0,0.095589,48111.0,0.161532,0.375145,0.130933,0.252941,-0.043441,0.490589,8.914497,-0.02,-0.8,-0.02,-0.25,-0.6,-2.0,0.455116,-0.152706,-0.009133,-0.005837,-0.102274,-0.036651,-0.01211,-0.027883,0.756357,-0.126838,-0.176944,-0.016723,-0.030131,1.487818,3.363828,-0.091537,-0.001696,-0.193345,0.208333,0.0,4.291667,0.094208,0.132466,0.203335
1975,154.529556,938.390015,0.791648,0.786921,0.375,0.0,0.095446,54948.0,0.158665,0.388711,0.131859,0.24717,-0.043311,0.501998,9.050082,-0.02,-0.8,-0.02,-0.25,-0.6,-2.0,0.473187,-0.162492,-0.007612,-0.00307,-0.101413,-0.038121,-0.01221,-0.028135,0.803672,-0.115418,-0.170604,-0.015912,-0.030618,1.574378,3.537724,-0.093584,-0.002029,-0.247187,0.083333,0.0,5.208333,0.074123,0.122792,0.179113
1976,157.827164,966.650024,0.814573,0.774731,0.333333,0.0,0.095398,55299.0,0.162672,0.384764,0.135474,0.243528,-0.04173,0.498076,8.83884,-0.02,-0.8,-0.02,-0.25,-0.6,-2.0,0.486783,-0.15451,-0.011359,-0.002661,-0.100088,-0.038509,-0.011364,-0.028714,0.811937,-0.115621,-0.169929,-0.014966,-0.030861,1.624744,3.650533,-0.091594,-0.001583,-0.219743,0.0,0.0,4.708333,0.07808,0.130601,0.172574
1977,157.721085,960.080017,0.813743,0.802139,0.25,0.0,0.095285,55762.0,0.158016,0.385757,0.135255,0.240792,-0.0427,0.494409,8.808119,-0.02,-0.8,-0.02,-0.25,-0.6,-2.0,0.486093,-0.162767,-0.007316,-0.001877,-0.101387,-0.038271,-0.011922,-0.02854,0.825241,-0.111189,-0.163089,-0.015396,-0.031315,1.635726,3.658398,-0.093021,-0.002159,-0.232461,0.125,0.0,4.708333,0.079017,0.130572,0.167724
1978,153.69635,936.440002,0.766144,0.739003,0.333333,0.083333,0.095212,55046.0,0.161703,0.377183,0.130364,0.249881,-0.04261,0.500232,8.786348,-0.02,-0.8,-0.02,-0.25,-0.6,-2.0,0.464844,-0.155668,-0.012968,-0.004898,-0.107061,-0.037343,-0.012045,-0.028965,0.779163,-0.125268,-0.172547,-0.016388,-0.033528,1.528635,3.45801,-0.090793,-0.001979,-0.202651,0.125,0.0,5.041667,0.089649,0.146556,0.203524
1979,148.535583,913.200012,0.761376,0.742273,0.541667,0.0,0.095334,48530.0,0.164371,0.377185,0.131187,0.254401,-0.041937,0.504078,8.96539,-0.02,-0.8,-0.02,-0.25,-0.6,-2.0,0.466841,-0.15196,-0.013067,-0.004239,-0.102999,-0.037317,-0.011752,-0.02819,0.774637,-0.119286,-0.180986,-0.01558,-0.032066,1.51812,3.485849,-0.090377,-0.001563,-0.214323,0.083333,0.0,4.916667,0.076163,0.142989,0.206533
1980,162.942551,983.090027,0.805155,0.793573,0.25,0.0,0.09502,55350.0,0.161947,0.402918,0.133378,0.23626,-0.041335,0.485445,8.815482,-0.02,-0.8,-0.02,-0.25,-0.6,-2.0,0.486841,-0.158036,-0.009513,-0.002407,-0.096865,-0.038609,-0.011486,-0.027372,0.80895,-0.121473,-0.182323,-0.015872,-0.029938,1.637657,3.636538,-0.091903,-0.001317,-0.180075,0.125,0.0,5.041667,0.069528,0.119822,0.174274
1981,148.49942,908.190002,0.758788,0.739633,0.5,0.041667,0.094873,54712.0,0.159843,0.37138,0.13248,0.246133,-0.042952,0.495829,8.80791,-0.02,-0.8,-0.02,-0.25,-0.6,-2.0,0.460618,-0.154225,-0.012982,-0.004086,-0.104082,-0.036919,-0.012276,-0.02839,0.767005,-0.117875,-0.178799,-0.01662,-0.031326,1.515322,3.439102,-0.090677,-0.001603,-0.204445,0.083333,0.0,4.833333,0.087456,0.127621,0.191338
1982,157.859375,968.929993,0.793809,0.799336,0.291667,0.0,0.094898,55399.0,0.174546,0.377617,0.140024,0.262877,-0.044139,0.500529,8.755979,-0.02,-0.8,-0.02,-0.25,-0.6,-2.0,0.484462,-0.154527,-0.016405,-0.002298,-0.10577,-0.038475,-0.012341,-0.029393,0.81352,-0.127391,-0.190366,-0.017328,-0.031919,1.561219,3.641619,-0.094196,-0.001684,-0.314674,0.041667,0.0,4.958333,0.093882,0.120001,0.171611
1983,156.084381,954.630005,0.797339,0.760328,0.416667,0.0,0.094795,47852.0,0.159504,0.39106,0.134131,0.256238,-0.04335,0.522789,8.71411,-0.02,-0.8,-0.02,-0.25,-0.6,-2.0,0.478125,-0.16039,-0.008712,-0.003146,-0.102245,-0.037851,-0.01173,-0.028042,0.796994,-0.127937,-0.180037,-0.01645,-0.032681,1.595606,3.56739,-0.091853,-0.001716,-0.223514,0.083333,0.0,4.541667,0.078023,0.142741,0.19453
1984,154.482712,958.109985,0.768364,0.766811,0.333333,0.0,0.094745,55631.0,0.158036,0.380947,0.125026,0.242587,-0.041385,0.496039,8.855777,-0.02,-0.8,-0.02,-0.25,-0.6,-2.0,0.471361,-0.162369,-0.008178,-0.00313,-0.099644,-0.037086,-0.011813,-0.027922,0.778648,-0.121257,-0.183031,-0.017066,-0.030872,1.580171,3.530623,-0.089424,-0.00149,-0.280035,0.083333,0.0,4.541667,0.085381,0.11631,0.191843
1985,161.415222,974.580017,0.797077,0.776035,0.333333,0.0,0.094752,55223.0,0.16038,0.386261,0.142586,0.253221,-0.042923,0.518767,8.738566,-0.02,-0.8,-0.02,-0.25,-0.6,-2.0,0.483115,-0.141294,-0.011548,-0.00296,-0.098566,-0.038644,-0.011624,-0.028327,0.800702,-0.124151,-0.190701,-0.014549,-0.029737,1.62265,3.630291,-0.093404,-0.001468,-0.22683,0.041667,0.0,4.833333,0.074641,0.139473,0.156624
1986,154.578125,947.090027,0.767552,0.759241,0.541667,0.0,0.094584,55911.0,0.157721,0.371107,0.120739,0.236546,-0.039462,0.470597,8.79728,-0.02,-0.8,-0.02,-0.25,-0.6,-2.0,0.46415,-0.159829,-0.012955,-0.004992,-0.09363,-0.036824,-0.011151,-0.026974,0.767472,-0.116682,-0.167643,-0.015037,-0.028598,1.530183,3.475378,-0.089123,-0.001116,-0.187148,0.083333,0.0,4.625,0.076754,0.158779,0.213897
1987,156.044098,939.169983,0.77332,0.767912,0.416667,0.0,0.094496,55227.0,0.15207,0.362288,0.132507,0.251738,-0.042092,0.522831,8.876336,-0.02,-0.8,-0.02,-0.25,-0.6,-2.0,0.471044,-0.151477,-0.010271,-0.003942,-0.09742,-0.036681,-0.011283,-0.027535,0.790359,-0.116426,-0.17123,-0.015062,-0.030592,1.593285,3.562556,-0.089599,-0.001653,-0.231379,0.041667,0.0,4.25,0.089846,0.135786,0.197157
1988,154.570023,942.830017,0.756594,0.759819,0.416667,0.0,0.094471,47864.0,0.159303,0.374402,0.128066,0.240839,-0.04014,0.468937,8.87491,-0.02,-0.8,-0.02,-0.25,-0.6,-2.0,0.463819,-0.148878,-0.012045,-0.004764,-0.09272,-0.036289,-0.011498,-0.026906,0.760056,-0.120314,-0.168676,-0.015199,-0.02976,1.51796,3.476188,-0.087562,-0.00129,-0.219039,0.041667,0.0,4.166667,0.083369,0.146252,0.204116
1989,152.21492,915.650024,0.761951,0.733116,0.5,0.041667,0.094388,55441.0,0.145812,0.357013,0.122622,0.223358,-0.038748,0.460818,8.838326,-0.02,-0.8,-0.02,-0.25,-0.6,-2.0,0.448709,-0.145767,-0.011923,-0.006319,-0.086703,-0.034926,-0.010233,-0.02577,0.751908,-0.110634,-0.154768,-0.014046,-0.027325,1.516344,3.400606,-0.084708,-0.000996,-0.263388,0.166667,0.0,4.666667,0.07918,0.130919,0.204608
1990,157.321533,946.349976,0.800515,0.77948,0.416667,0.083333,0.094368,54979.0,0.153356,0.380977,0.137138,0.251548,-0.043319,0.525805,8.82666,-0.02,-0.8,-0.02,-0.25,-0.6,-2.0,0.47483,-0.15908,-0.005885,-0.004011,-0.099867,-0.037358,-0.012004,-0.027191,0.800546,-0.116388,-0.169636,-0.015568,-0.029548,1.619513,3.568269,-0.091123,-0.001335,-0.21177,0.208333,0.0,4.875,0.073227,0.137809,0.192457
1991,148.038971,909.98999,0.753526,0.733629,0.5,0.0,0.094415,54189.0,0.15048,0.376955,0.120811,0.212202,-0.03873,0.406644,8.928381,-0.02,-0.8,-0.02,-0.25,-0.6,-2.0,0.449493,-0.151504,-0.010904,-0.006069,-0.089451,-0.035364,-0.011235,-0.026162,0.746131,-0.118421,-0.172229,-0.014475,-0.026371,1.496041,3.342015,-0.086419,-0.001541,-0.19713,0.291667,0.041667,4.125,0.089096,0.140877,0.217787
1992,158.309494,965.159973,0.792637,0.787473,0.291667,0.0,0.094531,47020.0,0.159866,0.378559,0.138749,0.253956,-0.043107,0.508022,8.972832,-0.02,-0.8,-0.02,-0.25,-0.6,-2.0,0.481301,-0.153907,-0.012615,-0.002553,-0.098968,-0.037976,-0.012148,-0.028848,0.797267,-0.123495,-0.182638,-0.016092,-0.030226,1.606139,3.619817,-0.092783,-0.001781,-0.236044,0.041667,0.0,5.125,0.092707,0.130694,0.166107
1993,152.365631,928.320007,0.757904,0.754012,0.625,0.0,0.094821,55177.0,0.156546,0.374577,0.131163,0.247254,-0.041966,0.476522,8.880458,-0.02,-0.8,-0.02,-0.25,-0.6,-2.0,0.459614,-0.150822,-0.009083,-0.00519,-0.096584,-0.036323,-0.011364,-0.026487,0.764759,-0.126951,-0.169812,-0.014754,-0.02851,1.519939,3.438251,-0.089264,-0.001477,-0.223589,0.083333,0.0,3.958333,0.075098,0.131581,0.209566
1994,157.405594,952.23999,0.783595,0.775734,0.347826,0.0,0.095116,55517.0,0.150184,0.369105,0.13491,0.260991,-0.042053,0.528008,8.881679,-0.02,-0.8,-0.02,-0.25,-0.6,-2.0,0.471923,-0.154265,-0.005985,-0.003694,-0.096939,-0.036525,-0.01151,-0.027681,0.79052,-0.115489,-0.157881,-0.016119,-0.029523,1.602761,3.563388,-0.089342,-0.002313,-0.280325,0.043478,0.0,4.26087,0.058347,0.121121,0.210044
1995,150.568649,917.22998,0.770531,0.76441,0.5,0.0,0.094949,55062.0,0.163978,0.374367,0.128753,0.252432,-0.042194,0.499442,8.972736,-0.02,-0.8,-0.02,-0.25,-0.6,-2.0,0.46835,-0.159598,-0.007816,-0.003676,-0.102177,-0.036302,-0.011298,-0.027826,0.787173,-0.11723,-0.17897,-0.016756,-0.032183,1.540435,3.534991,-0.08869,-0.001584,-0.200478,0.0,0.0,4.958333,0.081331,0.12983,0.197304
1996,153.755035,941.809998,0.769306,0.760698,0.478261,0.043478,0.094794,56585.0,0.160498,0.379432,0.12889,0.251232,-0.042858,0.509974,9.062716,-0.02,-0.8,-0.02,-0.25,-0.6,-2.0,0.472248,-0.156759,-0.010117,-0.004322,-0.100493,-0.036745,-0.011883,-0.027562,0.793951,-0.11869,-0.168443,-0.016709,-0.031982,1.5574,3.553262,-0.089425,-0.001815,-0.238999,0.217391,0.0,4.652174,0.080655,0.146439,0.170402
1997,153.190659,950.5,0.771087,0.777265,0.375,0.0,0.094861,47767.0,0.172915,0.39291,0.128411,0.255315,-0.041553,0.487112,8.892382,-0.02,-0.8,-0.02,-0.25,-0.6,-2.0,0.476151,-0.170429,-0.014677,-0.003365,-0.103678,-0.036719,-0.01188,-0.027852,0.780399,-0.117875,-0.169145,-0.01719,-0.031736,1.517325,3.567172,-0.089945,-0.001903,-0.197734,0.083333,0.0,4.083333,0.081141,0.107454,0.171038
1998,149.838806,906.159973,0.735464,0.729557,0.583333,0.041667,0.094974,54734.0,0.153047,0.357375,0.132366,0.246608,-0.041569,0.490234,8.963203,-0.02,-0.8,-0.02,-0.25,-0.6,-2.0,0.449672,-0.14833,-0.01085,-0.006393,-0.098071,-0.03572,-0.011771,-0.026329,0.752005,-0.120401,-0.178152,-0.015312,-0.028849,1.488181,3.380985,-0.087379,-0.001621,-0.208295,0.125,0.0,4.708333,0.08471,0.157042,0.208109
1999,150.424408,923.51001,0.783821,0.767216,0.375,0.0,0.09492,5626.0,0.162649,0.379543,0.133245,0.254222,-0.042763,0.499633,8.90981,-0.02,-0.8,-0.02,-0.25,-0.6,-2.0,0.473875,-0.161104,-0.007941,-0.003357,-0.096765,-0.037436,-0.011825,-0.027102,0.789476,-0.119117,-0.168408,-0.015745,-0.028366,1.550426,3.542662,-0.092114,-0.001621,-0.17758,0.125,0.0,11.041667,0.070315,0.125375,0.161089
2000,154.44223,958.650024,0.79046,0.761008,0.291667,0.0,0.094825,4818.0,0.176277,0.38607,0.134735,0.265385,-0.044288,0.524536,8.880322,-0.02,-0.8,-0.02,-0.25,-0.6,-2.0,0.482487,-0.161897,-0.016499,-0.002394,-0.107718,-0.037615,-0.011904,-0.029185,0.804263,-0.115004,-0.167571,-0.017434,-0.03474,1.537451,3.600312,-0.091276,-0.001676,-0.280852,0.041667,0.0,4.583333,0.09089,0.151457,0.16917
2001,154.136063,933.690002,0.7707,0.746512,0.695652,0.043478,0.094931,4964.0,0.155479,0.370246,0.133822,0.253758,-0.042749,0.510075,8.991347,-0.02,-0.8,-0.02,-0.25,-0.6,-2.0,0.466255,-0.155421,-0.006189,-0.004717,-0.099188,-0.03653,-0.011837,-0.026757,0.785056,-0.1207,-0.174629,-0.015164,-0.029669,1.55584,3.521687,-0.089957,-0.001775,-0.267193,0.043478,0.0,4.913043,0.078171,0.142442,0.195767
2002,149.396545,930.700012,0.751468,0.766456,0.416667,0.083333,0.095137,4930.0,0.161053,0.382855,0.142006,0.258757,-0.044035,0.509511,8.760362,-0.02,-0.8,-0.02,-0.25,-0.6,-2.0,0.469793,-0.149131,-0.012393,-0.004024,-0.102349,-0.037637,-0.012903,-0.027889,0.787121,-0.124939,-0.189948,-0.015971,-0.031366,1.55101,3.495906,-0.091734,-0.001529,-0.340281,0.208333,0.0,5.125,0.076883,0.12954,0.165528
2003,152.615189,926.359985,0.759879,0.759847,0.434783,0.0,0.09542,5035.0,0.153294,0.369685,0.126714,0.244224,-0.040287,0.491183,8.91151,-0.02,-0.8,-0.02,-0.25,-0.6,-2.0,0.466235,-0.15186,-0.013131,-0.004303,-0.093121,-0.036132,-0.01156,-0.026507,0.773957,-0.118008,-0.171258,-0.015074,-0.029666,1.555125,3.534925,-0.087659,-0.001871,-0.249981,0.130435,0.0,4.913043,0.074175,0.133398,0.196837
2004,150.582565,921.909973,0.770267,0.737651,0.541667,0.083333,0.095432,4947.0,0.163771,0.362609,0.124227,0.250211,-0.041735,0.491836,8.904505,-0.02,-0.8,-0.02,-0.25,-0.6,-2.0,0.456191,-0.156681,-0.012068,-0.006611,-0.094015,-0.035474,-0.011375,-0.02658,0.755082,-0.131489,-0.17858,-0.016682,-0.028292,1.475854,3.448509,-0.087625,-0.00269,-0.233065,0.125,0.0,3.958333,0.090485,0.166918,0.21217
2005,153.181412,929.309998,0.766293,0.754678,0.416667,0.041667,0.095642,4972.0,0.159841,0.363799,0.138204,0.255755,-0.042337,0.518146,8.976513,-0.02,-0.8,-0.02,-0.25,-0.6,-2.0,0.463958,-0.148571,-0.012281,-0.004272,-0.098,-0.036376,-0.011747,-0.027482,0.770372,-0.118681,-0.184669,-0.015904,-0.030159,1.538682,3.507303,-0.088708,-0.001698,-0.217258,0.125,0.0,4.833333,0.084647,0.133393,0.191467
2006,156.634079,961.900024,0.781336,0.769903,0.521739,0.043478,0.095623,5041.0,0.159881,0.381517,0.125864,0.23561,-0.040971,0.473644,9.075178,-0.02,-0.8,-0.02,-0.25,-0.6,-2.0,0.471303,-0.14777,-0.00889,-0.00497,-0.097756,-0.037075,-0.011592,-0.02712,0.778976,-0.122652,-0.179811,-0.015119,-0.029599,1.553463,3.539789,-0.089363,-0.001338,-0.23399,0.217391,0.0,5.26087,0.086787,0.141376,0.182245
2007,147.017487,901.549988,0.753406,0.737046,0.541667,0.041667,0.095599,4800.0,0.160665,0.36424,0.137762,0.257713,-0.043897,0.513813,9.052383,-0.02,-0.8,-0.02,-0.25,-0.6,-2.0,0.457511,-0.152789,-0.008639,-0.005802,-0.098037,-0.035584,-0.01143,-0.026859,0.767876,-0.11742,-0.178185,-0.015529,-0.029282,1.504317,3.437609,-0.088934,-0.001751,-0.289811,0.25,0.0,3.625,0.081505,0.15967,0.203682
2008,155.459,948.940002,0.764791,0.75354,0.5,0.0,0.095471,5052.0,0.156679,0.359422,0.127905,0.248143,-0.041171,0.494665,8.917362,-0.02,-0.8,-0.02,-0.25,-0.6,-2.0,0.463145,-0.154331,-0.013662,-0.004733,-0.092492,-0.035756,-0.011298,-0.02623,0.769483,-0.116591,-0.17328,-0.015924,-0.029199,1.534672,3.504619,-0.087401,-0.002686,-0.244421,0.125,0.0,4.416667,0.091063,0.125499,0.208107
2009,160.139099,964.049988,0.814971,0.795517,0.25,0.041667,0.095521,6276.0,0.161864,0.380143,0.138338,0.243977,-0.041454,0.491029,9.102053,-0.02,-0.8,-0.02,-0.25,-0.6,-2.0,0.48749,-0.154897,-0.016466,-0.002004,-0.097499,-0.037037,-0.011165,-0.027624,0.814095,-0.110632,-0.169769,-0.015233,-0.032151,1.621278,3.705292,-0.088225,-0.001436,-0.20873,0.0,0.0,4.875,0.070036,0.122469,0.17007
2010,148.490936,924.799988,0.770292,0.748137,0.416667,0.041667,0.095752,55065.0,0.160074,0.37095,0.133896,0.247215,-0.04167,0.492641,9.012042,-0.02,-0.8,-0.02,-0.25,-0.6,-2.0,0.470661,-0.153279,-0.01448,-0.003356,-0.098074,-0.036212,-0.011255,-0.027322,0.772382,-0.110736,-0.174181,-0.015995,-0.030412,1.555586,3.556719,-0.088019,-0.001689,-0.335578,0.041667,0.0,4.75,0.084067,0.131296,0.184128
2011,152.6436,930.820007,0.767446,0.764493,0.291667,0.0,0.095635,54910.0,0.16039,0.369713,0.130179,0.237848,-0.041171,0.478108,9.029468,-0.02,-0.8,-0.02,-0.25,-0.6,-2.0,0.459972,-0.151019,-0.008049,-0.004417,-0.092065,-0.035526,-0.01086,-0.026205,0.766751,-0.110197,-0.16782,-0.014315,-0.028571,1.512047,3.455942,-0.08701,-0.002153,-0.243084,0.25,0.0,4.791667,0.085945,0.149857,0.175306
2012,152.412125,948.700012,0.775357,0.744501,0.375,0.041667,0.095815,53637.0,0.171614,0.387257,0.136094,0.261275,-0.044474,0.503945,9.202136,-0.02,-0.8,-0.02,-0.25,-0.6,-2.0,0.471827,-0.156598,-0.010797,-0.004761,-0.100381,-0.036898,-0.01195,-0.027762,0.769143,-0.120988,-0.175691,-0.016263,-0.029381,1.511396,3.522846,-0.091649,-0.001428,-0.297994,0.333333,0.0,4.375,0.09363,0.167765,0.179923
2013,154.452286,930.23999,0.764437,0.76499,0.541667,0.0,0.095861,47020.0,0.156066,0.36846,0.136889,0.246944,-0.042588,0.503442,8.926186,-0.02,-0.8,-0.02,-0.25,-0.6,-2.0,0.464603,-0.150643,-0.008919,-0.004246,-0.098537,-0.036082,-0.011553,-0.027206,0.772752,-0.117116,-0.176095,-0.015556,-0.029561,1.554152,3.492628,-0.088276,-0.001353,-0.265042,0.125,0.0,5.125,0.069819,0.136621,0.19138
2014,163.279297,986.530029,0.802272,0.800776,0.458333,0.0,0.095876,53116.0,0.16543,0.376257,0.132336,0.256002,-0.04299,0.515308,8.75623,-0.02,-0.8,-0.02,-0.25,-0.6,-2.0,0.489052,-0.165231,-0.013168,-0.002758,-0.101728,-0.037347,-0.011532,-0.028702,0.813219,-0.121506,-0.180676,-0.016019,-0.032433,1.615067,3.71652,-0.091278,-0.001777,-0.229705,0.083333,0.0,5.0,0.089241,0.116225,0.17177
2015,146.724899,897.890015,0.742931,0.721875,0.391304,0.086957,0.095907,54579.0,0.155012,0.354692,0.135016,0.237279,-0.041719,0.467001,8.982206,-0.02,-0.8,-0.02,-0.25,-0.6,-2.0,0.4498,-0.143235,-0.010968,-0.005325,-0.09493,-0.035726,-0.011317,-0.026425,0.746235,-0.114745,-0.164185,-0.015254,-0.028796,1.485008,3.371051,-0.087068,-0.002152,-0.228955,0.130435,0.0,4.434783,0.091256,0.152469,0.206142
2016,149.033478,916.880005,0.7649,0.741076,0.541667,0.0,0.095978,54732.0,0.157261,0.375403,0.131434,0.235753,-0.042611,0.474369,8.900609,-0.02,-0.8,-0.02,-0.25,-0.6,-2.0,0.458354,-0.148218,-0.007682,-0.005964,-0.098814,-0.036312,-0.011833,-0.027471,0.770087,-0.127096,-0.181547,-0.016011,-0.031299,1.52769,3.411338,-0.088959,-0.002841,-0.236302,0.125,0.0,4.0,0.06269,0.154368,0.212882
2017,147.289978,896.789978,0.737207,0.719181,0.833333,0.041667,0.095947,45734.0,0.15383,0.346887,0.125374,0.233259,-0.038895,0.464427,9.035969,-0.02,-0.8,-0.02,-0.25,-0.6,-2.0,0.45221,-0.145612,-0.009538,-0.006325,-0.090467,-0.034886,-0.01088,-0.025747,0.741815,-0.119392,-0.16992,-0.014259,-0.028038,1.500605,3.431173,-0.084351,-0.002282,-0.221858,0.166667,0.0,5.416667,0.08596,0.158977,0.232808
2018,161.141617,986.22998,0.814667,0.78615,0.208333,0.0,0.095997,50674.0,0.163164,0.396045,0.136311,0.248557,-0.043951,0.508286,8.889005,-0.02,-0.8,-0.02,-0.25,-0.6,-2.0,0.484928,-0.158375,-0.013794,-0.002516,-0.104245,-0.037726,-0.012076,-0.029041,0.811724,-0.122443,-0.184017,-0.017501,-0.033675,1.618429,3.624653,-0.09112,-0.001906,-0.234271,0.041667,0.0,5.041667,0.080184,0.12663,0.183197
2019,161.575974,969.440002,0.800068,0.790236,0.333333,0.0,0.096248,50532.0,0.164237,0.38443,0.129431,0.244853,-0.041395,0.49059,9.061034,-0.02,-0.8,-0.02,-0.25,-0.6,-2.0,0.482807,-0.159165,-0.011956,-0.002937,-0.102339,-0.037004,-0.011295,-0.02772,0.802517,-0.118723,-0.169978,-0.016159,-0.033703,1.59012,3.63776,-0.088243,-0.002384,-0.186,0.041667,0.0,4.666667,0.083134,0.124815,0.166766
2020,156.571854,943.859985,0.794043,0.787609,0.375,0.041667,0.096393,48588.0,0.164781,0.374822,0.131849,0.255202,-0.041895,0.50546,9.076916,-0.02,-0.8,-0.02,-0.25,-0.6,-2.0,0.480751,-0.161659,-0.008232,-0.00327,-0.100232,-0.037314,-0.011888,-0.02859,0.788079,-0.12255,-0.179779,-0.017432,-0.031032,1.57896,3.610413,-0.089916,-0.001323,-0.205441,0.083333,0.0,4.666667,0.088877,0.112921,0.185991
2021,151.778778,933.98999,0.732746,0.747442,0.791667,0.041667,0.096608,43180.0,0.161631,0.368033,0.129529,0.237927,-0.040941,0.456594,9.052771,-0.02,-0.8,-0.02,-0.25,-0.6,-2.0,0.456341,-0.148101,-0.012559,-0.006006,-0.096893,-0.035644,-0.0117,-0.026366,0.747722,-0.129204,-0.184086,-0.016204,-0.030787,1.491861,3.417231,-0.087451,-0.001501,-0.210196,0.041667,0.0,4.916667,0.08967,0.142669,0.213235
2022,142.330734,881.539978,0.698488,0.70023,0.75,0.125,0.09657,50655.0,0.145702,0.346765,0.115568,0.223608,-0.038117,0.440133,9.194965,-0.02,-0.8,-0.02,-0.25,-0.6,-2.0,0.432066,-0.143358,-0.014016,-0.007785,-0.089192,-0.033608,-0.010915,-0.025,0.700971,-0.12137,-0.172251,-0.014528,-0.028046,1.438132,3.255281,-0.081941,-0.011464,-0.195735,0.208333,0.0,4.5,0.080434,0.163323,0.236645
2023,164.868561,986.780029,0.82417,0.80127,0.083333,0.0,0.096264,51022.0,0.163003,0.376665,0.142037,0.265159,-0.044188,0.528658,9.110643,-0.02,-0.8,-0.02,-0.25,-0.6,-2.0,0.49129,-0.159308,-0.00689,-0.001097,-0.097915,-0.037752,-0.011962,-0.028001,0.819525,-0.113652,-0.170048,-0.015604,-0.030047,1.63554,3.710847,-0.092832,-0.001486,-0.202599,0.041667,0.0,4.75,0.060225,0.130759,0.137888
2024,150.622894,933.349976,0.70752,0.692348,0.666667,0.041667,0.096339,49746.0,0.159253,0.355596,0.117501,0.232284,-0.039411,0.443778,8.95027,-0.02,-0.8,-0.02,-0.25,-0.6,-2.0,0.433686,-0.151255,-0.013853,-0.007354,-0.093364,-0.033869,-0.011484,-0.025309,0.710955,-0.124436,-0.170544,-0.016194,-0.027864,1.384471,3.23851,-0.083564,-0.001789,-0.233648,0.041667,0.0,5.041667,0.093157,0.170771,0.243025
2025,153.001663,927.929993,0.780437,0.751566,0.666667,0.041667,0.096466,44397.0,0.153605,0.364563,0.127797,0.232636,-0.038879,0.470116,9.042466,-0.02,-0.8,-0.02,-0.25,-0.6,-2.0,0.466659,-0.151584,-0.011291,-0.004953,-0.090597,-0.035753,-0.010908,-0.025902,0.785485,-0.116369,-0.174524,-0.014244,-0.02905,1.559724,3.54233,-0.085319,-0.001728,-0.215365,0.083333,0.0,4.416667,0.074685,0.152965,0.210593
2026,160.661209,972.76001,0.806028,0.7919,0.291667,0.0,0.096198,52045.0,0.161442,0.390846,0.135883,0.252501,-0.043385,0.520019,9.061312,-0.02,-0.8,-0.02,-0.25,-0.6,-2.0,0.486614,-0.159709,-0.007928,-0.002657,-0.102221,-0.037461,-0.011638,-0.028083,0.810016,-0.119538,-0.184391,-0.016756,-0.032188,1.632437,3.662774,-0.090966,-0.001827,-0.215511,0.0,0.0,4.666667,0.090003,0.128608,0.149475
2027,158.362335,967.76001,0.796683,0.777387,0.25,0.0,0.096184,51672.0,0.169369,0.381382,0.140522,0.283592,-0.045823,0.572955,9.049545,-0.02,-0.8,-0.02,-0.25,-0.6,-2.0,0.479095,-0.162053,-0.008917,-0.003032,-0.108265,-0.03743,-0.012471,-0.029006,0.800663,-0.123059,-0.170239,-0.017935,-0.034874,1.561272,3.582966,-0.091689,-0.002937,-0.371716,0.083333,0.0,4.791667,0.087435,0.11826,0.169323
2028,159.694138,965.349976,0.802861,0.800161,0.375,0.041667,0.096114,52038.0,0.169584,0.403983,0.139099,0.260966,-0.044715,0.511952,8.965618,-0.02,-0.8,-0.02,-0.25,-0.6,-2.0,0.488283,-0.159952,-0.00956,-0.002628,-0.105961,-0.038372,-0.011851,-0.028416,0.815715,-0.121618,-0.178059,-0.01682,-0.033326,1.604364,3.628357,-0.093355,-0.002052,-0.163479,0.041667,0.0,4.416667,0.081633,0.121292,0.156554
2029,157.181015,961.859985,0.776018,0.768231,0.26087,0.0,0.095804,52653.0,0.162804,0.397627,0.128373,0.245913,-0.040913,0.48214,9.166167,-0.02,-0.8,-0.02,-0.25,-0.6,-2.0,0.475275,-0.159856,-0.012,-0.003029,-0.099674,-0.036441,-0.011049,-0.027172,0.78353,-0.118982,-0.168427,-0.015994,-0.032496,1.562115,3.5336,-0.087424,-0.003082,-0.204113,0.043478,0.0,4.086957,0.078126,0.120227,0.174151
2030,160.499741,973.280029,0.801358,0.770917,0.291667,0.0,0.095815,43672.0,0.158242,0.379305,0.138528,0.255917,-0.043069,0.513739,9.016489,-0.02,-0.8,-0.02,-0.25,-0.6,-2.0,0.483996,-0.152321,-0.008534,-0.002596,-0.097923,-0.038025,-0.01225,-0.028302,0.806473,-0.119975,-0.182951,-0.015322,-0.029122,1.633531,3.630117,-0.092554,-0.001784,-0.260702,0.041667,0.0,4.666667,0.075468,0.138134,0.157295
2031,159.455078,954.5,0.811544,0.782747,0.458333,0.0,0.095951,51812.0,0.151175,0.385981,0.134725,0.255197,-0.043591,0.535048,9.079454,-0.02,-0.8,-0.02,-0.25,-0.6,-2.0,0.481823,-0.161959,-0.005962,-0.004092,-0.097138,-0.037561,-0.012232,-0.027854,0.81327,-0.121488,-0.168211,-0.016721,-0.030218,1.652043,3.614656,-0.090583,-0.001857,-0.231592,0.125,0.0,4.75,0.072908,0.128126,0.202755
2032,149.828644,918.849976,0.773421,0.760387,0.5,0.0,0.095863,50281.0,0.158094,0.366593,0.12693,0.237665,-0.040336,0.482299,9.275447,-0.02,-0.8,-0.02,-0.25,-0.6,-2.0,0.46535,-0.155658,-0.009346,-0.004166,-0.097446,-0.036282,-0.011243,-0.026692,0.780226,-0.114927,-0.16498,-0.015023,-0.030254,1.541132,3.498773,-0.087339,-0.001895,-0.260143,0.125,0.0,4.541667,0.083209,0.144363,0.204343
2033,156.155884,952.580017,0.788976,0.776069,0.416667,0.0,0.095796,50415.0,0.157946,0.374483,0.141852,0.264266,-0.043801,0.52494,8.985693,-0.02,-0.8,-0.02,-0.25,-0.6,-2.0,0.474211,-0.151431,-0.005983,-0.004141,-0.100977,-0.03704,-0.011651,-0.027384,0.785859,-0.123493,-0.17937,-0.015801,-0.028855,1.60157,3.547284,-0.090822,-0.001574,-0.303937,0.041667,0.0,4.0,0.094881,0.135868,0.187856
2034,155.288086,941.549988,0.779628,0.779861,0.416667,0.0,0.095847,43904.0,0.159048,0.383592,0.131581,0.243789,-0.041606,0.496826,9.140025,-0.02,-0.8,-0.02,-0.25,-0.6,-2.0,0.47935,-0.155159,-0.008598,-0.003407,-0.100093,-0.03705,-0.01154,-0.027876,0.801704,-0.122617,-0.18117,-0.016331,-0.031784,1.609524,3.612048,-0.089163,-0.002196,-0.177936,0.083333,0.0,5.291667,0.076642,0.150464,0.192101
2035,152.343582,929.780029,0.774437,0.765203,0.416667,0.0,0.096027,49972.0,0.156645,0.369919,0.138783,0.260822,-0.043468,0.528183,9.335991,-0.02,-0.8,-0.02,-0.25,-0.6,-2.0,0.473077,-0.157695,-0.010756,-0.003607,-0.097857,-0.03714,-0.012312,-0.02782,0.78656,-0.120647,-0.171882,-0.015706,-0.028201,1.602137,3.553709,-0.092647,-0.001582,-0.284716,0.166667,0.0,3.958333,0.09991,0.147519,0.18371
2036,146.199875,894.880005,0.744662,0.720557,0.681818,0.0,0.096176,52096.0,0.15731,0.359999,0.125114,0.239156,-0.04033,0.464021,9.046608,-0.02,-0.8,-0.02,-0.25,-0.6,-2.0,0.44541,-0.144234,-0.007628,-0.007715,-0.098745,-0.03538,-0.011681,-0.026337,0.734649,-0.12872,-0.191644,-0.015561,-0.029537,1.4642,3.326745,-0.086337,-0.00228,-0.221326,0.227273,0.0,4.909091,0.080665,0.156354,0.244308
2037,152.05101,923.98999,0.79128,0.76108,0.375,0.083333,0.096249,49620.0,0.15146,0.374232,0.126258,0.237653,-0.040337,0.475559,8.988317,-0.02,-0.8,-0.02,-0.25,-0.6,-2.0,0.465358,-0.149072,-0.005691,-0.004909,-0.095393,-0.036347,-0.011405,-0.027137,0.775185,-0.125238,-0.184782,-0.01577,-0.028601,1.573947,3.483192,-0.087501,-0.001519,-0.186197,0.25,0.0,5.0,0.076918,0.138699,0.168591
2038,155.811417,941.169983,0.781214,0.769267,0.391304,0.0,0.096488,43932.0,0.150474,0.381891,0.129801,0.247545,-0.041278,0.512759,8.960826,-0.02,-0.8,-0.02,-0.25,-0.6,-2.0,0.478768,-0.158862,-0.00688,-0.003104,-0.100162,-0.036967,-0.011343,-0.027553,0.809914,-0.113476,-0.167577,-0.015834,-0.030479,1.641007,3.587741,-0.090003,-0.0011,-0.20605,0.086957,0.0,4.086957,0.068722,0.115903,0.172684
2039,154.45369,920.780029,0.75515,0.757202,0.5,0.0,0.096392,50655.0,0.14887,0.36786,0.130227,0.246491,-0.040434,0.494871,9.012766,-0.02,-0.8,-0.02,-0.25,-0.6,-2.0,0.463149,-0.151491,-0.005062,-0.003538,-0.091083,-0.035944,-0.011351,-0.026153,0.76775,-0.110777,-0.163064,-0.014404,-0.026858,1.572952,3.484294,-0.087541,-0.001309,-0.186286,0.083333,0.083333,4.583333,0.085045,0.14567,0.192984
2040,159.977921,972.200012,0.791752,0.795469,0.25,0.041667,0.09644,51089.0,0.173545,0.396266,0.140451,0.281811,-0.04621,0.539012,9.093592,-0.02,-0.8,-0.02,-0.25,-0.6,-2.0,0.486227,-0.166285,-0.010788,-0.002597,-0.110256,-0.037758,-0.012302,-0.028519,0.810089,-0.124767,-0.17629,-0.018829,-0.033838,1.565644,3.618187,-0.094119,-0.001568,-0.243669,0.125,0.0,10.041667,0.081496,0.139187,0.15791
2041,153.796219,931.099976,0.766784,0.755224,0.458333,0.041667,0.096532,52926.0,0.154,0.365539,0.131724,0.240822,-0.040118,0.47625,8.916065,-0.02,-0.8,-0.02,-0.25,-0.6,-2.0,0.466189,-0.143276,-0.007301,-0.004726,-0.094395,-0.036224,-0.011327,-0.027006,0.774283,-0.1291,-0.183199,-0.01501,-0.029165,1.571435,3.504209,-0.086459,-0.00138,-0.154702,0.166667,0.0,4.5,0.081997,0.153442,0.196221
2042,149.734711,925.880005,0.786909,0.770867,0.458333,0.041667,0.096467,43458.0,0.151008,0.383362,0.125523,0.234074,-0.04136,0.469791,9.132929,-0.02,-0.8,-0.02,-0.25,-0.6,-2.0,0.473801,-0.16484,-0.006161,-0.004036,-0.094253,-0.036888,-0.011443,-0.026836,0.79312,-0.115764,-0.162877,-0.015901,-0.030039,1.605249,3.555365,-0.088143,-0.001177,-0.186399,0.166667,0.0,4.666667,0.061151,0.143208,0.166919
2043,150.509933,915.039978,0.784658,0.763828,0.541667,0.083333,0.096609,54869.0,0.15511,0.382488,0.134404,0.249133,-0.04157,0.500696,8.993136,-0.02,-0.8,-0.02,-0.25,-0.6,-2.0,0.470557,-0.154672,-0.006251,-0.00558,-0.097459,-0.037068,-0.011637,-0.026441,0.792757,-0.137837,-0.200605,-0.016074,-0.029751,1.591032,3.524141,-0.089716,-0.001618,-0.214352,0.125,0.0,5.041667,0.073047,0.152839,0.204858
2044,159.837814,966.159973,0.792836,0.772835,0.166667,0.0,0.096636,54406.0,0.156214,0.380961,0.135082,0.2557,-0.043007,0.498338,9.188961,-0.02,-0.8,-0.02,-0.25,-0.6,-2.0,0.473329,-0.153066,-0.006721,-0.003394,-0.098756,-0.037788,-0.012316,-0.028254,0.783359,-0.124056,-0.186837,-0.015691,-0.028749,1.591156,3.521807,-0.092469,-0.001121,-0.244194,0.125,0.0,5.041667,0.068668,0.148605,0.168325
2045,159.162628,955.530029,0.781449,0.765875,0.583333,0.0,0.096636,53467.0,0.150746,0.363416,0.135201,0.26074,-0.042557,0.534988,9.286179,-0.02,-0.8,-0.02,-0.25,-0.6,-2.0,0.471703,-0.161225,-0.007216,-0.004757,-0.096448,-0.036482,-0.011347,-0.027133,0.791602,-0.121434,-0.164606,-0.015697,-0.029009,1.601059,3.567709,-0.090084,-0.001682,-0.219697,0.041667,0.0,4.541667,0.081726,0.133498,0.218218
2046,151.189819,921.400024,0.775007,0.764982,0.583333,0.0,0.096849,53859.0,0.159226,0.381355,0.138129,0.255615,-0.043919,0.502883,9.185019,-0.02,-0.8,-0.02,-0.25,-0.6,-2.0,0.469696,-0.152254,-0.006392,-0.005089,-0.100804,-0.036866,-0.011865,-0.02743,0.780334,-0.121428,-0.177168,-0.016652,-0.030886,1.559911,3.502995,-0.08998,-0.001621,-0.244372,0.166667,0.0,4.5,0.083107,0.136343,0.193083
2047,152.362625,930.169983,0.779414,0.77286,0.5,0.0,0.096827,44960.0,0.158113,0.368162,0.132181,0.246004,-0.040381,0.492768,9.075271,-0.02,-0.8,-0.02,-0.25,-0.6,-2.0,0.471804,-0.152977,-0.013117,-0.003585,-0.093498,-0.03645,-0.01126,-0.026506,0.78459,-0.116497,-0.175461,-0.015715,-0.029702,1.565242,3.55513,-0.0879,-0.001593,-0.20273,0.125,0.0,4.666667,0.075174,0.139565,0.171782
2048,155.992859,948.22998,0.801776,0.76987,0.434783,0.0,0.0968,54734.0,0.156425,0.380008,0.121046,0.241919,-0.040911,0.481334,9.049543,-0.02,-0.8,-0.02,-0.25,-0.6,-2.0,0.475734,-0.165616,-0.007668,-0.003184,-0.102461,-0.036865,-0.011784,-0.027588,0.792456,-0.118539,-0.177785,-0.017292,-0.033016,1.597123,3.577078,-0.089035,-0.001348,-0.254109,0.0,0.0,4.956522,0.083428,0.120694,0.192331
