iteration,reward,episode_length,height_reward,upright_reward,tipped_over,collapsed,exploration,steps_per_second,speed_error,turn_error,stepping,leg_swing,dragging,ground_covered,landing_force,Curriculum/ease_in_effort/weight,Curriculum/ease_in_landing/weight,Curriculum/ease_in_shake/weight,Curriculum/ease_in_smoothness/weight,Curriculum/ease_in_steadiness/weight,Curriculum/ease_in_straightness/weight,Episode_Reward/alive,Episode_Reward/effort,Episode_Reward/end_stops,Episode_Reward/even_stance,Episode_Reward/fell_over,Episode_Reward/hard_landing,Episode_Reward/jitter,Episode_Reward/joint_shock,Episode_Reward/landing_speed,Episode_Reward/posture,Episode_Reward/rocking,Episode_Reward/shaking,Episode_Reward/skidding,Episode_Reward/swing_height,Episode_Reward/track_speed,Episode_Reward/track_turn,Episode_Reward/twitching,Episode_Reward/veering,Episode_Reward/wandering,Episode_Termination/nose_dived,Episode_Termination/out_of_bounds,Episode_Termination/time_out,Metrics/posture/error_height,Metrics/posture/error_pitch,Metrics/posture/error_roll
7497,1.393803,11.69,0.009365,0.009876,0.0,38.909092,0.060821,38321.0,0.005983,0.004995,0.000951,0.002876,-0.001111,0.004374,11.500319,-0.02,-0.8,-0.02,-0.25,-0.6,-4.0,0.00602,-0.002181,-0.000131,0.0,-0.006564,-0.006893,-0.000329,-0.001058,-0.000335,0.01073,-0.0086,-0.003798,-0.003315,-0.00109,0.012843,0.046984,-0.000939,-4e-06,-0.0,38.954548,0.0,4.545455,0.096245,0.101757,0.156056
7498,5.595824,36.880001,0.029136,0.029684,0.291667,0.0,0.061246,52750.0,0.012806,0.014138,0.005235,0.012161,-0.002342,0.017401,10.368828,-0.02,-0.8,-0.02,-0.25,-0.6,-4.0,0.018033,-0.00581,-0.000724,0.0,-0.003013,-0.006507,-0.001116,-0.000847,-0.001082,0.03022,-0.014966,-0.015679,-0.001185,-0.001837,0.048678,0.143275,-0.004211,-0.000135,-1e-05,0.041667,0.0,4.125,0.022957,0.104044,0.161992
7499,9.672462,61.07,0.048173,0.050289,0.347826,0.086957,0.061549,54378.0,0.019203,0.022825,0.009289,0.020839,-0.003872,0.032044,10.715157,-0.02,-0.8,-0.02,-0.25,-0.6,-4.0,0.030392,-0.009593,-0.001488,0.0,-0.004296,-0.010057,-0.001583,-0.001228,-0.001842,0.049723,-0.018159,-0.022396,-0.001623,-0.002437,0.090851,0.241241,-0.006114,-0.001314,-0.000358,0.173913,0.0,3.913043,0.025047,0.109822,0.187009
7500,13.937263,85.580002,0.067669,0.06677,0.5,0.0,0.061803,49796.0,0.020961,0.030678,0.011522,0.026409,-0.005102,0.042289,10.843519,-0.02,-0.8,-0.02,-0.25,-0.6,-4.0,0.041792,-0.013679,-0.001873,0.0,-0.00455,-0.012548,-0.002032,-0.001597,-0.002656,0.067885,-0.020483,-0.029539,-0.002028,-0.002933,0.135391,0.337694,-0.008086,-0.000517,-0.000799,0.166667,0.0,4.5,0.025173,0.125444,0.199759
7501,18.594292,107.459999,0.089076,0.09233,0.086957,0.0,0.06215,51095.0,0.028298,0.034696,0.016321,0.038628,-0.007191,0.062265,10.754539,-0.02,-0.8,-0.02,-0.25,-0.6,-4.0,0.053976,-0.016671,-0.001935,0.0,-0.002005,-0.018611,-0.002582,-0.002166,-0.003725,0.08781,-0.016266,-0.024068,-0.001906,-0.004633,0.173261,0.446047,-0.010913,-0.000288,-0.000812,0.173913,0.0,4.652174,0.022181,0.076404,0.141964
7502,23.070972,130.470001,0.10131,0.104958,0.391304,0.0,0.06249,52195.0,0.032136,0.040427,0.023578,0.052266,-0.008826,0.08382,10.810658,-0.02,-0.8,-0.02,-0.25,-0.6,-4.0,0.064879,-0.019541,-0.002167,0.0,-0.003155,-0.019469,-0.003074,-0.002579,-0.004223,0.10253,-0.020618,-0.024369,-0.002158,-0.004487,0.210274,0.540444,-0.013934,-0.000379,-0.003264,0.043478,0.0,4.521739,0.025336,0.090341,0.198222
7503,26.757286,155.369995,0.121475,0.129021,0.333333,0.0,0.062859,49999.0,0.045682,0.047155,0.022656,0.05576,-0.010734,0.089349,10.777804,-0.02,-0.8,-0.02,-0.25,-0.6,-4.0,0.076943,-0.025639,-0.004485,0.0,-0.004862,-0.025094,-0.003863,-0.003421,-0.005575,0.122263,-0.026124,-0.029983,-0.00337,-0.005619,0.240912,0.63904,-0.017617,-0.001149,-0.001657,0.416667,0.0,4.625,0.034859,0.137398,0.17416
7504,31.497616,177.559998,0.144238,0.144768,0.458333,0.0,0.063002,48909.0,0.048763,0.054196,0.028659,0.064323,-0.012134,0.109386,11.012286,-0.02,-0.8,-0.02,-0.25,-0.6,-4.0,0.087175,-0.027156,-0.003788,0.0,-0.005382,-0.027941,-0.004253,-0.003487,-0.005982,0.140381,-0.02493,-0.040047,-0.003187,-0.006889,0.280988,0.727518,-0.01837,-0.001419,-0.005028,0.208333,0.0,3.958333,0.03603,0.142369,0.198275
7505,34.398056,197.660004,0.156681,0.164488,0.791667,0.041667,0.063342,49927.0,0.045601,0.061403,0.030805,0.072551,-0.014041,0.11924,11.250938,-0.02,-0.8,-0.02,-0.25,-0.6,-4.0,0.097886,-0.030942,-0.004309,0.0,-0.007121,-0.032674,-0.005314,-0.004655,-0.00777,0.150844,-0.035536,-0.043747,-0.004607,-0.007161,0.326283,0.806166,-0.024004,-0.000335,-0.006502,0.291667,0.0,4.583333,0.065733,0.169969,0.201317
7506,40.197666,226.190002,0.183223,0.186137,0.541667,0.0,0.063512,51758.0,0.05351,0.067472,0.038776,0.0828,-0.015768,0.145327,11.034407,-0.02,-0.8,-0.02,-0.25,-0.6,-4.0,0.113241,-0.034763,-0.004815,0.0,-0.006571,-0.034256,-0.005773,-0.004887,-0.00824,0.181465,-0.03981,-0.044912,-0.004157,-0.007393,0.380103,0.948283,-0.025471,-0.00072,-0.011467,0.208333,0.0,3.416667,0.061992,0.159171,0.201916
7507,43.619339,244.589996,0.186168,0.19099,0.375,0.041667,0.063999,46507.0,0.055416,0.071482,0.040073,0.087057,-0.016266,0.14924,10.968498,-0.02,-0.8,-0.02,-0.25,-0.6,-4.0,0.118923,-0.038058,-0.004318,0.0,-0.006333,-0.035213,-0.006091,-0.00512,-0.008886,0.187191,-0.031964,-0.04442,-0.004313,-0.006813,0.400671,0.987514,-0.02739,-0.000935,-0.012761,0.208333,0.0,4.0,0.069048,0.166092,0.19971
7508,48.867348,272.609985,0.209853,0.225117,0.541667,0.041667,0.064322,42579.0,0.059925,0.080536,0.042479,0.097707,-0.017953,0.161505,10.966122,-0.02,-0.8,-0.02,-0.25,-0.6,-4.0,0.133401,-0.043968,-0.005171,0.0,-0.005726,-0.039443,-0.006708,-0.005867,-0.009253,0.210253,-0.037703,-0.057868,-0.005262,-0.008502,0.458889,1.109835,-0.029345,-0.000694,-0.010859,0.166667,0.0,4.625,0.048523,0.146181,0.181748
7509,51.746098,293.589996,0.228222,0.23896,0.5,0.0,0.064427,41820.0,0.062466,0.08953,0.046882,0.099349,-0.01977,0.170601,11.015791,-0.02,-0.8,-0.02,-0.25,-0.6,-4.0,0.147911,-0.047309,-0.007468,0.0,-0.006673,-0.041912,-0.007627,-0.006291,-0.010896,0.2208,-0.040217,-0.058633,-0.005012,-0.008261,0.510846,1.228245,-0.033337,-0.000546,-0.020629,0.333333,0.0,4.041667,0.076202,0.171535,0.215186
7510,57.953049,317.040009,0.261897,0.261187,0.391304,0.086957,0.064477,42586.0,0.063031,0.086825,0.050366,0.101125,-0.018318,0.186411,10.960395,-0.02,-0.8,-0.02,-0.25,-0.6,-4.0,0.157196,-0.045024,-0.004918,0.0,-0.003227,-0.044808,-0.006957,-0.005434,-0.010657,0.256425,-0.028163,-0.046791,-0.00439,-0.012208,0.555351,1.331903,-0.028465,-0.000604,-0.022478,0.217391,0.0,4.652174,0.065131,0.118117,0.156182
7511,62.343262,344.779999,0.280743,0.294751,0.333333,0.0,0.064663,38992.0,0.066052,0.098943,0.054109,0.116879,-0.021162,0.217211,10.973589,-0.02,-0.8,-0.02,-0.25,-0.6,-4.0,0.17154,-0.052382,-0.00699,0.0,-0.003254,-0.050893,-0.008086,-0.00661,-0.012275,0.278738,-0.034567,-0.056978,-0.004799,-0.01132,0.605472,1.444206,-0.034639,-0.000776,-0.024474,0.208333,0.0,4.166667,0.057736,0.121756,0.137846
7512,64.423149,366.089996,0.288689,0.302527,0.375,0.0,0.064951,42856.0,0.102992,0.113377,0.061531,0.138845,-0.026112,0.232432,10.673011,-0.02,-0.8,-0.02,-0.25,-0.6,-4.0,0.183147,-0.057563,-0.011331,0.0,-0.004282,-0.059483,-0.009902,-0.008338,-0.014267,0.284119,-0.040553,-0.075197,-0.005736,-0.01158,0.60588,1.509793,-0.044934,-0.001449,-0.035097,0.208333,0.0,3.916667,0.093542,0.124186,0.169667
7513,68.521645,386.75,0.318938,0.314618,0.391304,0.0,0.065234,42093.0,0.083274,0.118396,0.065981,0.113964,-0.022247,0.224709,10.728305,-0.02,-0.8,-0.02,-0.25,-0.6,-4.0,0.194052,-0.057994,-0.008602,0.0,-0.005002,-0.045811,-0.008775,-0.006237,-0.011514,0.318327,-0.047474,-0.07429,-0.00508,-0.01202,0.678688,1.623132,-0.032956,-0.011515,-0.036305,0.217391,0.0,3.652174,0.072637,0.133017,0.192372
7514,68.175583,393.920013,0.309306,0.317283,0.666667,0.0,0.065581,37827.0,0.097914,0.122676,0.063048,0.140391,-0.027852,0.230619,10.742249,-0.02,-0.8,-0.02,-0.25,-0.6,-4.0,0.196193,-0.064193,-0.00944,0.0,-0.007341,-0.056439,-0.010355,-0.008448,-0.014434,0.310239,-0.05781,-0.079065,-0.00639,-0.010896,0.652703,1.624268,-0.045897,-0.0012,-0.035821,0.541667,0.0,4.5,0.089392,0.162285,0.214683
7515,77.232544,430.899994,0.342007,0.356156,0.416667,0.0,0.065697,36263.0,0.095813,0.124899,0.071239,0.150839,-0.026856,0.267091,10.801744,-0.02,-0.8,-0.02,-0.25,-0.6,-4.0,0.215304,-0.061224,-0.011303,0.0,-0.003634,-0.05527,-0.010025,-0.007851,-0.014266,0.335223,-0.039296,-0.068473,-0.005616,-0.011899,0.738932,1.805176,-0.042352,-0.001187,-0.042162,0.166667,0.0,4.208333,0.068869,0.126163,0.181936
7516,80.684464,461.290009,0.367485,0.377474,0.166667,0.041667,0.065976,37054.0,0.093592,0.138877,0.070289,0.159232,-0.02987,0.270669,10.852641,-0.02,-0.8,-0.02,-0.25,-0.6,-4.0,0.231127,-0.071488,-0.009175,0.0,-0.004897,-0.067437,-0.011566,-0.00924,-0.016946,0.362914,-0.051151,-0.086132,-0.007026,-0.015069,0.802072,1.919511,-0.050554,-0.007602,-0.05274,0.458333,0.0,4.0,0.084302,0.130364,0.190596
7517,85.392799,481.079987,0.37364,0.391548,0.333333,0.0,0.06649,42591.0,0.101946,0.133422,0.069718,0.135837,-0.026149,0.244055,10.943142,-0.02,-0.8,-0.02,-0.25,-0.6,-4.0,0.235589,-0.069564,-0.009227,0.0,-0.00379,-0.062568,-0.010903,-0.007917,-0.015591,0.37073,-0.044201,-0.071463,-0.005802,-0.016063,0.815533,1.99596,-0.04379,-0.002031,-0.052721,0.208333,0.0,4.291667,0.064049,0.145152,0.175303
7518,90.826584,505.040009,0.402332,0.425024,0.458333,0.0,0.066829,55800.0,0.105602,0.145498,0.080349,0.168832,-0.029669,0.294827,10.807699,-0.02,-0.8,-0.02,-0.25,-0.6,-4.0,0.251478,-0.07265,-0.010279,0.0,-0.00478,-0.065339,-0.011881,-0.008888,-0.01645,0.402865,-0.051136,-0.085107,-0.006884,-0.013933,0.866927,2.10597,-0.049015,-0.002403,-0.057334,0.25,0.0,3.916667,0.075782,0.138848,0.173095
7519,90.54081,512.580017,0.413318,0.42693,0.291667,0.0,0.067025,54958.0,0.110329,0.153142,0.078481,0.175945,-0.03241,0.310134,10.924826,-0.02,-0.8,-0.02,-0.25,-0.6,-4.0,0.255828,-0.083148,-0.010335,0.0,-0.006742,-0.074904,-0.012853,-0.010185,-0.01849,0.404354,-0.064896,-0.087173,-0.00741,-0.015325,0.878297,2.137421,-0.056006,-0.001851,-0.06449,0.416667,0.0,3.75,0.093539,0.179852,0.22192
7520,95.892494,541.809998,0.43452,0.447688,0.375,0.0,0.067151,55621.0,0.121096,0.162741,0.088339,0.195423,-0.036945,0.345317,10.853893,-0.02,-0.8,-0.02,-0.25,-0.6,-4.0,0.26674,-0.0826,-0.011734,0.0,-0.005661,-0.078036,-0.013588,-0.011189,-0.020129,0.422071,-0.057679,-0.091404,-0.008025,-0.016567,0.901043,2.218432,-0.060478,-0.002208,-0.091976,0.333333,0.0,4.458333,0.079664,0.124367,0.193689
7521,101.604324,568.799988,0.446549,0.467036,0.291667,0.0,0.067472,55192.0,0.108084,0.166622,0.085406,0.180361,-0.033613,0.322302,10.899631,-0.02,-0.8,-0.02,-0.25,-0.6,-4.0,0.283691,-0.085689,-0.011584,0.0,-0.003463,-0.077811,-0.013147,-0.009914,-0.018792,0.448394,-0.051493,-0.083565,-0.00725,-0.019441,1.004348,2.395524,-0.053831,-0.002028,-0.066042,0.25,0.0,4.166667,0.060055,0.125672,0.151365
7522,107.123268,596.460022,0.477947,0.498219,0.625,0.0,0.067848,55408.0,0.118749,0.171295,0.101881,0.198026,-0.036485,0.362691,10.783659,-0.02,-0.8,-0.02,-0.25,-0.6,-4.0,0.296089,-0.087097,-0.009989,0.0,-0.005198,-0.07757,-0.01436,-0.010616,-0.019587,0.483665,-0.058698,-0.105366,-0.007753,-0.017503,1.041796,2.486094,-0.058807,-0.002235,-0.094546,0.166667,0.0,4.166667,0.087466,0.139959,0.1904
7523,104.970985,595.52002,0.489647,0.491897,0.583333,0.0,0.068132,54913.0,0.115753,0.174843,0.097118,0.200135,-0.038773,0.36802,11.023631,-0.02,-0.8,-0.02,-0.25,-0.6,-4.0,0.301055,-0.093523,-0.011655,0.0,-0.005606,-0.082643,-0.014685,-0.011486,-0.0213,0.47459,-0.054197,-0.091163,-0.008106,-0.017898,1.067924,2.531554,-0.062264,-0.001409,-0.13081,0.375,0.0,4.041667,0.07516,0.140541,0.192957
7524,113.209312,643.929993,0.537885,0.530885,0.333333,0.0,0.068447,55383.0,0.131669,0.194688,0.103789,0.21609,-0.039742,0.386394,11.02212,-0.02,-0.8,-0.02,-0.25,-0.6,-4.0,0.324757,-0.099612,-0.02187,0.0,-0.003132,-0.083123,-0.015702,-0.011411,-0.021156,0.504029,-0.064546,-0.105438,-0.008727,-0.01848,1.133317,2.716061,-0.064394,-0.004077,-0.119961,0.25,0.041667,3.708333,0.085245,0.144837,0.170111
7525,106.700089,623.23999,0.496308,0.514312,0.695652,0.0,0.068638,56256.0,0.149993,0.20571,0.099825,0.223397,-0.03997,0.381668,10.908407,-0.02,-0.8,-0.02,-0.25,-0.6,-4.0,0.312509,-0.09699,-0.017077,0.0,-0.006938,-0.086736,-0.015707,-0.012349,-0.02136,0.486932,-0.065875,-0.098801,-0.008562,-0.018184,1.050456,2.576909,-0.067898,-0.001684,-0.188219,0.347826,0.043478,4.0,0.105519,0.161576,0.204164
7526,122.291313,691.840027,0.553899,0.564667,0.291667,0.041667,0.068856,55163.0,0.124177,0.203351,0.100877,0.214149,-0.039079,0.393755,10.909266,-0.02,-0.8,-0.02,-0.25,-0.6,-4.0,0.343188,-0.107461,-0.011946,0.0,-0.004655,-0.086996,-0.015815,-0.011246,-0.021596,0.556312,-0.06104,-0.100195,-0.008693,-0.01966,1.220467,2.893972,-0.063277,-0.002329,-0.222307,0.166667,0.0,4.125,0.076027,0.142038,0.174926
7527,118.387115,679.140015,0.53748,0.559674,0.583333,0.041667,0.069215,54738.0,0.151183,0.202248,0.113032,0.246952,-0.045658,0.43356,10.83238,-0.02,-0.8,-0.02,-0.25,-0.6,-4.0,0.338303,-0.106206,-0.013671,0.0,-0.006428,-0.09819,-0.01744,-0.013902,-0.025043,0.54155,-0.075303,-0.120318,-0.010849,-0.021406,1.15465,2.802254,-0.074889,-0.002532,-0.170097,0.333333,0.0,4.541667,0.131207,0.160604,0.186812
7528,123.12883,707.169983,0.547751,0.558697,0.541667,0.0,0.069484,54020.0,0.178645,0.205497,0.106482,0.231707,-0.043086,0.401799,10.888191,-0.02,-0.8,-0.02,-0.25,-0.6,-4.0,0.349881,-0.111248,-0.0162,0.0,-0.006681,-0.102455,-0.017174,-0.013306,-0.025173,0.557587,-0.068566,-0.104446,-0.009634,-0.022284,1.176215,2.92518,-0.073103,-0.002782,-0.194042,0.291667,0.041667,3.625,0.102428,0.163201,0.23674
7529,130.87944,736.200012,0.597939,0.629996,0.458333,0.0,0.069697,54691.0,0.144474,0.221162,0.117541,0.238186,-0.044913,0.432652,11.05899,-0.02,-0.8,-0.02,-0.25,-0.6,-4.0,0.372628,-0.110988,-0.013152,0.0,-0.003873,-0.100249,-0.017603,-0.012716,-0.024549,0.599508,-0.062599,-0.110104,-0.009146,-0.02547,1.318212,3.12939,-0.071826,-0.002536,-0.173581,0.125,0.083333,3.958333,0.107703,0.128823,0.163478
7530,129.514008,744.929993,0.601223,0.610561,0.583333,0.041667,0.069809,54991.0,0.153351,0.226,0.122271,0.274548,-0.050565,0.477434,10.937357,-0.02,-0.8,-0.02,-0.25,-0.6,-4.0,0.36991,-0.115219,-0.018018,0.0,-0.007125,-0.111786,-0.019483,-0.015679,-0.027831,0.582207,-0.077847,-0.129561,-0.011077,-0.023703,1.289647,3.045496,-0.083228,-0.002461,-0.255968,0.291667,0.041667,4.0,0.127303,0.159493,0.225627
7531,132.088562,772.609985,0.612823,0.628295,0.583333,0.0,0.070083,46842.0,0.169654,0.242408,0.127731,0.272271,-0.050038,0.47759,11.005848,-0.02,-0.8,-0.02,-0.25,-0.6,-4.0,0.387208,-0.119575,-0.015163,0.0,-0.004822,-0.120249,-0.019488,-0.015408,-0.028642,0.617839,-0.075514,-0.128908,-0.012024,-0.029075,1.328301,3.181332,-0.080663,-0.006162,-0.249116,0.125,0.0,4.208333,0.115656,0.135622,0.21067
7532,131.700089,782.030029,0.595072,0.61069,0.565217,0.0,0.070349,37184.0,0.173292,0.240707,0.108634,0.259958,-0.050058,0.42073,10.975977,-0.02,-0.8,-0.02,-0.25,-0.6,-4.0,0.375885,-0.120675,-0.019856,0.0,-0.009203,-0.11043,-0.020402,-0.01543,-0.029173,0.578577,-0.093126,-0.136676,-0.013253,-0.022581,1.257249,3.072855,-0.088308,-0.007724,-0.201058,0.347826,0.0,3.608696,0.156418,0.216822,0.234421
7533,141.305817,828.169983,0.662837,0.682614,0.25,0.0,0.070793,37244.0,0.189357,0.253547,0.136528,0.287496,-0.053991,0.490995,10.826205,-0.02,-0.8,-0.02,-0.25,-0.6,-4.0,0.409551,-0.120328,-0.014662,0.0,-0.003877,-0.126406,-0.021347,-0.016634,-0.0307,0.649502,-0.084883,-0.151659,-0.013315,-0.029213,1.386429,3.381566,-0.09018,-0.012362,-0.649513,0.125,0.041667,4.125,0.114593,0.15577,0.178401
7534,142.090836,818.280029,0.668283,0.679947,0.416667,0.041667,0.071068,39321.0,0.160438,0.253186,0.125304,0.270826,-0.050434,0.479036,11.064938,-0.02,-0.8,-0.02,-0.25,-0.6,-4.0,0.419615,-0.127384,-0.018302,0.0,-0.005266,-0.110308,-0.020429,-0.015064,-0.028657,0.665355,-0.076019,-0.133097,-0.011591,-0.025155,1.474978,3.511206,-0.082907,-0.007282,-0.313764,0.291667,0.0,4.041667,0.097456,0.140837,0.193574
7535,145.722549,847.98999,0.667743,0.681885,0.583333,0.083333,0.071251,45471.0,0.175951,0.254888,0.124333,0.275226,-0.050751,0.487911,10.80514,-0.02,-0.8,-0.02,-0.25,-0.6,-4.0,0.414056,-0.130081,-0.014257,0.0,-0.008034,-0.11977,-0.021082,-0.01554,-0.029272,0.66134,-0.100348,-0.148738,-0.013265,-0.026314,1.414199,3.416113,-0.084651,-0.007745,-0.330441,0.25,0.083333,3.791667,0.137056,0.149144,0.264032
7536,155.072159,893.51001,0.74032,0.745608,0.333333,0.0,0.07136,45198.0,0.171579,0.280423,0.153376,0.320222,-0.059061,0.565072,10.911572,-0.02,-0.8,-0.02,-0.25,-0.6,-4.0,0.453554,-0.13662,-0.01662,0.0,-0.004042,-0.11746,-0.022481,-0.016211,-0.030524,0.715958,-0.079275,-0.148219,-0.012109,-0.02541,1.605114,3.758813,-0.094339,-0.002726,-0.334923,0.291667,0.0,3.708333,0.090226,0.126681,0.16545
7537,159.211731,925.75,0.761404,0.76744,0.291667,0.0,0.071753,43185.0,0.185747,0.272997,0.147726,0.299621,-0.055723,0.543723,10.90385,-0.02,-0.8,-0.02,-0.25,-0.6,-4.0,0.467871,-0.135837,-0.016602,0.0,-0.003419,-0.12102,-0.022594,-0.016261,-0.031118,0.747906,-0.070813,-0.127034,-0.010699,-0.029412,1.644834,3.932903,-0.090887,-0.002688,-0.473173,0.208333,0.083333,4.0,0.106624,0.142703,0.173108
7538,159.504913,932.5,0.713587,0.734348,0.666667,0.0,0.072182,46800.0,0.182494,0.266185,0.144609,0.297508,-0.054481,0.535268,11.045063,-0.02,-0.8,-0.02,-0.25,-0.6,-4.0,0.445587,-0.136732,-0.019142,0.0,-0.006847,-0.115349,-0.021695,-0.015522,-0.029304,0.703601,-0.080619,-0.137057,-0.011652,-0.027384,1.553608,3.726333,-0.087905,-0.003221,-0.407111,0.083333,0.0,30.375,0.110316,0.179133,0.228101
7539,153.771713,890.26001,0.657516,0.71221,0.5,0.083333,0.072263,45388.0,0.171194,0.262819,0.133804,0.279789,-0.052529,0.486711,10.87294,-0.02,-0.8,-0.02,-0.25,-0.6,-4.0,0.430349,-0.128656,-0.013914,0.0,-0.007777,-0.117632,-0.021643,-0.01522,-0.029622,0.678793,-0.084287,-0.136997,-0.010776,-0.026654,1.508422,3.586065,-0.087384,-0.005926,-0.305926,0.166667,0.0,3.75,0.111761,0.132436,0.237083
7540,164.253632,956.609985,0.724824,0.757411,0.25,0.0,0.072352,44922.0,0.223521,0.277441,0.148922,0.290999,-0.05386,0.517152,10.835316,-0.02,-0.8,-0.02,-0.25,-0.6,-4.0,0.463853,-0.133783,-0.025532,0.0,-0.004018,-0.105873,-0.022772,-0.015068,-0.028393,0.7314,-0.077512,-0.131005,-0.010969,-0.025635,1.560838,3.891628,-0.088526,-0.047144,-0.329669,0.083333,0.0,3.875,0.098337,0.147212,0.162028
7541,157.223907,915.5,0.742025,0.761718,0.375,0.0,0.072588,45713.0,0.194974,0.277091,0.158587,0.327746,-0.059474,0.572994,10.871905,-0.02,-0.8,-0.02,-0.25,-0.6,-4.0,0.466266,-0.13746,-0.01496,0.0,-0.004018,-0.122336,-0.023959,-0.017159,-0.032358,0.741237,-0.086804,-0.149265,-0.011843,-0.026822,1.610636,3.876861,-0.097548,-0.009918,-0.380114,0.333333,0.041667,4.541667,0.111673,0.123688,0.173185
7542,157.931168,912.679993,0.704869,0.724874,0.541667,0.0,0.072719,51568.0,0.190755,0.273666,0.132692,0.274939,-0.052025,0.497487,10.852167,-0.02,-0.8,-0.02,-0.25,-0.6,-4.0,0.448342,-0.142011,-0.018472,0.0,-0.005712,-0.114316,-0.022055,-0.015227,-0.029288,0.709867,-0.082289,-0.130876,-0.012463,-0.027502,1.546287,3.741236,-0.085944,-0.00507,-0.299816,0.375,0.041667,4.875,0.093958,0.154999,0.196851
7543,156.835739,919.190002,0.721442,0.734465,0.347826,0.0,0.072977,53531.0,0.187126,0.299279,0.1509,0.293557,-0.056445,0.514021,10.692108,-0.02,-0.8,-0.02,-0.25,-0.6,-4.0,0.458164,-0.132397,-0.020965,0.0,-0.004265,-0.13453,-0.023522,-0.016737,-0.033663,0.723013,-0.083912,-0.147854,-0.012503,-0.032314,1.591774,3.749247,-0.092796,-0.002823,-0.329343,0.086957,0.043478,4.26087,0.122334,0.138523,0.212745
7544,171.867523,982.929993,0.769776,0.809006,0.130435,0.0,0.073222,53479.0,0.194345,0.290754,0.141565,0.305034,-0.056674,0.540916,10.810173,-0.02,-0.8,-0.02,-0.25,-0.6,-4.0,0.484871,-0.15384,-0.018194,0.0,-0.001652,-0.134178,-0.024231,-0.017039,-0.033262,0.767653,-0.08143,-0.148307,-0.014457,-0.033045,1.689403,4.041064,-0.094631,-0.004176,-0.28841,0.086957,0.0,4.347826,0.102698,0.131508,0.164636
7545,152.351334,889.669983,0.721635,0.715878,0.5,0.0,0.073216,52964.0,0.190075,0.262287,0.132984,0.293388,-0.054439,0.536834,10.833027,-0.02,-0.8,-0.02,-0.25,-0.6,-4.0,0.441155,-0.142881,-0.017756,0.0,-0.006546,-0.130849,-0.022836,-0.016432,-0.032329,0.700962,-0.08456,-0.136864,-0.012015,-0.029744,1.517413,3.660711,-0.091789,-0.004548,-0.368341,0.333333,0.0,4.25,0.119837,0.180981,0.195449
7546,157.988617,916.940002,0.696018,0.753127,0.458333,0.0,0.073322,52117.0,0.188088,0.286282,0.144004,0.294454,-0.05459,0.536163,10.843826,-0.02,-0.8,-0.02,-0.25,-0.6,-4.0,0.461532,-0.147303,-0.021173,0.0,-0.004362,-0.12567,-0.023454,-0.016074,-0.031397,0.741925,-0.078616,-0.134485,-0.011975,-0.029175,1.601532,3.829419,-0.091578,-0.003815,-0.451021,0.208333,0.083333,4.333333,0.115141,0.136384,0.191589
7547,155.226822,930.039978,0.751081,0.744893,0.416667,0.0,0.073532,51065.0,0.224959,0.297278,0.138225,0.304549,-0.057886,0.534051,10.76325,-0.02,-0.8,-0.02,-0.25,-0.6,-4.0,0.463914,-0.149751,-0.022252,0.0,-0.00465,-0.136725,-0.024809,-0.017037,-0.033642,0.729663,-0.102142,-0.150916,-0.014176,-0.032045,1.539023,3.800455,-0.097996,-0.012361,-0.550136,0.125,0.041667,4.208333,0.183673,0.160249,0.190849
7548,151.448441,887.099976,0.722132,0.749313,0.541667,0.0,0.073781,51440.0,0.169439,0.27952,0.136195,0.276561,-0.050431,0.52047,10.855951,-0.02,-0.8,-0.02,-0.25,-0.6,-4.0,0.453824,-0.13834,-0.01602,0.0,-0.006982,-0.113522,-0.022928,-0.015142,-0.029252,0.72485,-0.086099,-0.132427,-0.012265,-0.02732,1.610875,3.766768,-0.085613,-0.003499,-0.315549,0.458333,0.041667,3.916667,0.120011,0.158299,0.198663
7549,159.501282,950.650024,0.741356,0.763458,0.416667,0.0,0.073857,51408.0,0.207237,0.310194,0.150449,0.313989,-0.057427,0.559239,10.897346,-0.02,-0.8,-0.02,-0.25,-0.6,-4.0,0.473817,-0.145036,-0.024604,0.0,-0.004504,-0.132916,-0.025464,-0.017249,-0.032619,0.759108,-0.095811,-0.157875,-0.01297,-0.030874,1.626208,3.882914,-0.099684,-0.007542,-0.390259,0.125,0.041667,3.75,0.15897,0.163964,0.194066
7550,163.78009,948.75,0.745341,0.77541,0.416667,0.0,0.073856,51725.0,0.199256,0.300629,0.151839,0.320683,-0.059744,0.568094,10.796478,-0.02,-0.8,-0.02,-0.25,-0.6,-4.0,0.473242,-0.145099,-0.022962,0.0,-0.00348,-0.133521,-0.024802,-0.017125,-0.033382,0.751149,-0.085889,-0.154478,-0.013789,-0.032721,1.6262,3.887059,-0.096903,-0.003726,-0.393936,0.083333,0.0,5.166667,0.087453,0.13077,0.201509
7551,165.003494,954.469971,0.766388,0.778061,0.291667,0.041667,0.074134,49266.0,0.196203,0.29594,0.149432,0.312738,-0.056239,0.559979,10.817688,-0.02,-0.8,-0.02,-0.25,-0.6,-4.0,0.475082,-0.147356,-0.021417,0.0,-0.003198,-0.125849,-0.02429,-0.016294,-0.031917,0.753492,-0.090348,-0.148298,-0.012789,-0.031683,1.649085,3.924631,-0.091956,-0.005994,-0.425581,0.083333,0.0,4.25,0.104934,0.114645,0.202738
7552,153.067551,876.419983,0.673612,0.673855,0.583333,0.0,0.07428,48795.0,0.173638,0.261229,0.126796,0.263522,-0.048653,0.490005,10.785556,-0.02,-0.8,-0.02,-0.25,-0.6,-4.0,0.417649,-0.131752,-0.018724,0.0,-0.009117,-0.114375,-0.021655,-0.014673,-0.028204,0.678409,-0.080503,-0.131785,-0.010948,-0.026563,1.451571,3.457699,-0.080754,-0.009265,-0.277516,0.333333,0.0,3.958333,0.128547,0.143256,0.275208
7553,159.011627,917.409973,0.723311,0.749906,0.291667,0.0,0.074327,50566.0,0.176663,0.2689,0.13278,0.282021,-0.050778,0.510125,10.950214,-0.02,-0.8,-0.02,-0.25,-0.6,-4.0,0.457722,-0.146126,-0.016502,0.0,-0.004817,-0.122203,-0.023211,-0.015812,-0.030293,0.733931,-0.075641,-0.127609,-0.011676,-0.031766,1.609133,3.824848,-0.086634,-0.006873,-0.306076,0.208333,0.0,3.916667,0.091076,0.151207,0.189841
7554,155.397202,914.619995,0.758146,0.766371,0.333333,0.0,0.074707,51795.0,0.205519,0.289607,0.139022,0.313535,-0.058195,0.559224,10.936775,-0.02,-0.8,-0.02,-0.25,-0.6,-4.0,0.469933,-0.152833,-0.023041,0.0,-0.00321,-0.128887,-0.02547,-0.017575,-0.033502,0.742049,-0.089152,-0.146734,-0.013502,-0.029491,1.59367,3.859706,-0.099391,-0.004348,-0.500695,0.208333,0.041667,3.791667,0.123264,0.146238,0.164853
7555,152.769638,897.179993,0.690675,0.707565,0.5,0.083333,0.075083,51051.0,0.210307,0.309729,0.126612,0.276496,-0.054316,0.50841,10.832248,-0.02,-0.8,-0.02,-0.25,-0.6,-4.0,0.442969,-0.1519,-0.019411,0.0,-0.006247,-0.121656,-0.025227,-0.017306,-0.030574,0.697714,-0.106809,-0.167499,-0.014239,-0.02859,1.508681,3.569649,-0.092057,-0.00721,-0.271986,0.166667,0.125,3.833333,0.153782,0.150981,0.198988
7556,155.52005,911.400024,0.750631,0.761806,0.333333,0.0,0.075201,48902.0,0.20767,0.307593,0.141533,0.297754,-0.056935,0.530197,10.831855,-0.02,-0.8,-0.02,-0.25,-0.6,-4.0,0.463373,-0.143227,-0.017857,0.0,-0.003673,-0.129267,-0.025431,-0.016569,-0.032379,0.740969,-0.091213,-0.162313,-0.013418,-0.03221,1.591639,3.754385,-0.093807,-0.002616,-0.369931,0.125,0.041667,4.291667,0.09147,0.142343,0.170282
7557,167.26384,963.570007,0.775802,0.796064,0.217391,0.043478,0.07539,51636.0,0.210779,0.310437,0.16298,0.33767,-0.062231,0.602543,10.77389,-0.02,-0.8,-0.02,-0.25,-0.6,-4.0,0.486484,-0.143683,-0.018736,0.0,-0.002246,-0.14487,-0.026566,-0.017842,-0.035155,0.781743,-0.088875,-0.165748,-0.013532,-0.033464,1.679399,3.979037,-0.102036,-0.005755,-0.355169,0.130435,0.0,4.391304,0.11278,0.135048,0.167654
7558,158.845184,944.27002,0.741314,0.759504,0.375,0.041667,0.075547,49426.0,0.208757,0.294729,0.143715,0.311549,-0.060321,0.527131,10.776125,-0.02,-0.8,-0.02,-0.25,-0.6,-4.0,0.464524,-0.145493,-0.023039,0.0,-0.004962,-0.134783,-0.025765,-0.01748,-0.033743,0.725139,-0.09288,-0.143352,-0.014148,-0.031967,1.572481,3.801814,-0.101681,-0.011269,-0.385887,0.208333,0.041667,4.291667,0.150227,0.147082,0.211818
7559,149.702316,881.880005,0.729467,0.74362,0.625,0.0,0.075682,49575.0,0.185659,0.287375,0.147959,0.305045,-0.057024,0.553973,10.745044,-0.02,-0.8,-0.02,-0.25,-0.6,-4.0,0.455196,-0.139739,-0.016714,0.0,-0.005947,-0.141413,-0.024905,-0.016853,-0.032961,0.728463,-0.086793,-0.138074,-0.012945,-0.035193,1.588009,3.736377,-0.095286,-0.002151,-0.366482,0.333333,0.0,4.458333,0.122995,0.13577,0.177496
7560,159.147247,934.119995,0.748247,0.756487,0.208333,0.0,0.075996,49638.0,0.204309,0.315592,0.13727,0.278036,-0.051894,0.493048,10.963596,-0.02,-0.8,-0.02,-0.25,-0.6,-4.0,0.462132,-0.136056,-0.018799,0.0,-0.003889,-0.115056,-0.024555,-0.014703,-0.030434,0.731966,-0.086566,-0.150181,-0.011919,-0.028225,1.56787,3.753034,-0.088762,-0.002551,-0.282315,0.208333,0.041667,3.791667,0.126624,0.133634,0.149572
7561,165.934235,947.169983,0.750264,0.768551,0.25,0.0,0.076101,49082.0,0.173353,0.280099,0.149812,0.285174,-0.053056,0.534277,10.791571,-0.02,-0.8,-0.02,-0.25,-0.6,-4.0,0.465649,-0.136679,-0.01619,0.0,-0.004337,-0.11459,-0.024379,-0.014745,-0.029983,0.745187,-0.076176,-0.138548,-0.01039,-0.027719,1.658969,3.866518,-0.088062,-0.003669,-0.282655,0.208333,0.041667,4.166667,0.099581,0.127594,0.18426
7562,152.697662,903.869995,0.735971,0.752525,0.416667,0.0,0.076156,50756.0,0.190982,0.302555,0.144279,0.300926,-0.057853,0.545545,10.870818,-0.02,-0.8,-0.02,-0.25,-0.6,-4.0,0.461069,-0.143393,-0.018103,0.0,-0.004254,-0.134819,-0.025424,-0.016726,-0.033114,0.742974,-0.08197,-0.141141,-0.013801,-0.0331,1.580888,3.767757,-0.095392,-0.003846,-0.441946,0.166667,0.041667,3.875,0.104622,0.131373,0.188496
7563,161.144409,959.650024,0.756035,0.77509,0.416667,0.0,0.076311,49156.0,0.217832,0.307538,0.156531,0.331416,-0.062672,0.575781,10.923012,-0.02,-0.8,-0.02,-0.25,-0.6,-4.0,0.4814,-0.14359,-0.024543,0.0,-0.003516,-0.140166,-0.027888,-0.018384,-0.036999,0.751982,-0.092944,-0.155354,-0.013062,-0.032125,1.629701,3.918744,-0.108624,-0.009114,-0.583105,0.083333,0.041667,4.5,0.145769,0.132686,0.161344
7564,158.665176,929.26001,0.759822,0.767534,0.416667,0.041667,0.076498,48367.0,0.200036,0.298742,0.146513,0.308386,-0.057727,0.563127,10.889015,-0.02,-0.8,-0.02,-0.25,-0.6,-4.0,0.473384,-0.147315,-0.019672,0.0,-0.003861,-0.132025,-0.025802,-0.016717,-0.032672,0.768888,-0.088475,-0.151588,-0.013803,-0.031123,1.639956,3.89091,-0.095578,-0.004154,-0.289814,0.25,0.0,4.375,0.132191,0.144364,0.191377
7565,159.503448,948.809998,0.768889,0.785729,0.333333,0.0,0.076727,50113.0,0.20225,0.304365,0.154142,0.325498,-0.061401,0.575751,10.894814,-0.02,-0.8,-0.02,-0.25,-0.6,-4.0,0.47611,-0.151841,-0.016394,0.0,-0.003111,-0.132272,-0.027061,-0.018052,-0.033724,0.765191,-0.0959,-0.154715,-0.014225,-0.03039,1.649222,3.874516,-0.104056,-0.003356,-0.455842,0.083333,0.041667,4.25,0.131372,0.112318,0.174478
7566,147.648621,862.02002,0.691445,0.676432,0.416667,0.125,0.076902,49622.0,0.190346,0.270229,0.128303,0.275878,-0.049305,0.502035,10.851199,-0.02,-0.8,-0.02,-0.25,-0.6,-4.0,0.428255,-0.137547,-0.01678,0.0,-0.008452,-0.108999,-0.023873,-0.014725,-0.028578,0.677221,-0.091846,-0.142337,-0.01287,-0.024974,1.47344,3.511576,-0.086966,-0.003473,-0.372394,0.541667,0.041667,3.708333,0.159586,0.198021,0.223883
7567,154.922455,919.369995,0.733522,0.732207,0.708333,0.083333,0.077199,47227.0,0.194472,0.296646,0.149906,0.306193,-0.057042,0.546339,10.844109,-0.02,-0.8,-0.02,-0.25,-0.6,-4.0,0.456862,-0.135556,-0.018123,0.0,-0.008115,-0.125789,-0.026172,-0.016871,-0.032426,0.718609,-0.105317,-0.164383,-0.01328,-0.02882,1.57636,3.711377,-0.0977,-0.006819,-0.440758,0.166667,0.041667,4.083333,0.143503,0.142889,0.229259
7568,154.566422,906.200012,0.747032,0.762047,0.291667,0.0,0.077578,46240.0,0.188052,0.294517,0.155556,0.315611,-0.059574,0.558406,10.747619,-0.02,-0.8,-0.02,-0.25,-0.6,-4.0,0.460309,-0.134551,-0.017718,0.0,-0.00206,-0.128451,-0.026093,-0.01664,-0.032662,0.738053,-0.083945,-0.141926,-0.012025,-0.029881,1.606305,3.749277,-0.098883,-0.003086,-0.437563,0.0,0.208333,3.75,0.159501,0.135316,0.169158
7569,165.13092,966.549988,0.75933,0.772564,0.333333,0.0,0.077706,47974.0,0.192947,0.30724,0.150957,0.309886,-0.056265,0.569688,10.837489,-0.02,-0.8,-0.02,-0.25,-0.6,-4.0,0.475619,-0.141506,-0.018271,0.0,-0.003389,-0.120278,-0.026705,-0.016515,-0.031944,0.75055,-0.094507,-0.160821,-0.012845,-0.028267,1.667266,3.857123,-0.096837,-0.02964,-0.412279,0.208333,0.0,4.916667,0.137561,0.116472,0.19419
7570,152.331955,919.909973,0.725399,0.747776,0.458333,0.083333,0.077798,47833.0,0.207257,0.300822,0.146118,0.315725,-0.058502,0.533701,10.814957,-0.02,-0.8,-0.02,-0.25,-0.6,-4.0,0.463275,-0.139564,-0.017719,0.0,-0.005173,-0.127544,-0.026705,-0.017406,-0.033479,0.725313,-0.096447,-0.157016,-0.013006,-0.030108,1.570749,3.751549,-0.102106,-0.007072,-0.429325,0.25,0.041667,3.958333,0.124932,0.145624,0.203774
7571,160.476089,964.210022,0.758292,0.792747,0.416667,0.041667,0.078001,47115.0,0.230165,0.322409,0.154396,0.324774,-0.060446,0.565452,10.74687,-0.02,-0.8,-0.02,-0.25,-0.6,-4.0,0.483901,-0.146025,-0.019693,0.0,-0.003266,-0.138066,-0.028028,-0.018066,-0.034804,0.774708,-0.100484,-0.160739,-0.01325,-0.032858,1.63133,3.924631,-0.104703,-0.03439,-0.377785,0.041667,0.125,4.208333,0.131881,0.12162,0.181386
7572,163.725403,971.030029,0.765807,0.803121,0.208333,0.0,0.078152,47063.0,0.206184,0.312084,0.151301,0.31881,-0.058302,0.550488,10.674708,-0.02,-0.8,-0.02,-0.25,-0.6,-4.0,0.489634,-0.146348,-0.020659,0.0,-0.003347,-0.125843,-0.027592,-0.017241,-0.032312,0.781628,-0.095386,-0.162971,-0.014648,-0.029454,1.705545,3.99979,-0.101465,-0.006358,-0.472715,0.208333,0.0,4.125,0.116801,0.128241,0.167047
7573,156.291824,941.830017,0.720579,0.777766,0.272727,0.0,0.078109,48978.0,0.203359,0.302445,0.174917,0.371709,-0.069073,0.626315,10.719522,-0.02,-0.8,-0.02,-0.25,-0.6,-4.0,0.479177,-0.144099,-0.022362,0.0,-0.001752,-0.15022,-0.028573,-0.020085,-0.037219,0.759018,-0.095507,-0.158158,-0.014368,-0.033601,1.660574,3.870606,-0.114436,-0.038894,-0.628545,0.0,0.181818,4.454545,0.161883,0.124267,0.180356
7574,154.267792,915.859985,0.723827,0.754259,0.375,0.0,0.078239,48094.0,0.202062,0.308386,0.157552,0.310366,-0.056182,0.539197,10.850115,-0.02,-0.8,-0.02,-0.25,-0.6,-4.0,0.460769,-0.135677,-0.023481,0.0,-0.005167,-0.121705,-0.025882,-0.01548,-0.029879,0.731231,-0.089991,-0.145611,-0.012664,-0.029499,1.557627,3.72474,-0.094209,-0.019912,-0.328882,0.25,0.041667,3.75,0.125705,0.142102,0.215742
7575,160.384705,939.640015,0.749923,0.778793,0.391304,0.0,0.078311,48289.0,0.211235,0.299971,0.151826,0.30182,-0.056742,0.534922,10.682297,-0.02,-0.8,-0.02,-0.25,-0.6,-4.0,0.473025,-0.140642,-0.016746,0.0,-0.004524,-0.137732,-0.026528,-0.016028,-0.032904,0.75493,-0.091601,-0.151569,-0.012813,-0.036644,1.622056,3.871906,-0.094504,-0.004267,-0.327443,0.26087,0.0,4.391304,0.113611,0.130511,0.183069
7576,154.507965,933.419983,0.748746,0.750481,0.416667,0.0,0.07844,46143.0,0.195192,0.308861,0.14496,0.304632,-0.059225,0.533165,10.752079,-0.02,-0.8,-0.02,-0.25,-0.6,-4.0,0.466345,-0.14088,-0.020564,0.0,-0.004599,-0.13594,-0.027169,-0.017058,-0.034248,0.740862,-0.095331,-0.150223,-0.012834,-0.032753,1.603181,3.765887,-0.101877,-0.003406,-0.424924,0.083333,0.041667,4.5,0.122745,0.128755,0.180996
7577,163.829727,966.070007,0.774066,0.787946,0.25,0.0,0.07863,46253.0,0.21873,0.316351,0.155649,0.308672,-0.057734,0.533768,10.689535,-0.02,-0.8,-0.02,-0.25,-0.6,-4.0,0.4836,-0.142548,-0.01525,0.0,-0.00256,-0.128057,-0.027186,-0.015983,-0.031905,0.774268,-0.090052,-0.149944,-0.01328,-0.030955,1.64653,3.914915,-0.097128,-0.003015,-0.366355,0.0,0.041667,3.666667,0.130971,0.112566,0.181478
7578,161.902969,966.51001,0.784574,0.798057,0.166667,0.0,0.078878,47097.0,0.22853,0.325205,0.160959,0.33521,-0.061568,0.60674,10.69802,-0.02,-0.8,-0.02,-0.25,-0.6,-4.0,0.483028,-0.144402,-0.019001,0.0,-0.002986,-0.143968,-0.028946,-0.017771,-0.034179,0.770277,-0.098818,-0.170832,-0.014354,-0.034645,1.64969,3.897923,-0.105987,-0.004536,-0.407979,0.125,0.083333,4.041667,0.093076,0.123134,0.206699
7579,148.365189,889.900024,0.716974,0.736536,0.666667,0.0,0.07916,42369.0,0.181731,0.304621,0.148184,0.302967,-0.056877,0.54478,11.117069,-0.02,-0.8,-0.02,-0.25,-0.6,-4.0,0.449887,-0.141263,-0.016194,0.0,-0.005784,-0.129246,-0.026811,-0.017132,-0.032711,0.725146,-0.099197,-0.159244,-0.01368,-0.02945,1.582264,3.62694,-0.096799,-0.003224,-0.425509,0.125,0.083333,4.083333,0.110634,0.146899,0.20201
7580,166.508987,979.049988,0.747649,0.782427,0.291667,0.0,0.079353,42908.0,0.21452,0.316741,0.170056,0.355568,-0.065976,0.62084,10.8237,-0.02,-0.8,-0.02,-0.25,-0.6,-4.0,0.487118,-0.150387,-0.019811,0.0,-0.003237,-0.15504,-0.029645,-0.019617,-0.037535,0.768705,-0.112106,-0.161621,-0.014196,-0.035955,1.677283,3.899635,-0.111848,-0.003602,-0.425869,0.083333,0.041667,28.333334,0.137011,0.129226,0.181483
7581,160.285568,942.960022,0.780698,0.776638,0.375,0.0,0.079544,46015.0,0.193179,0.304356,0.154667,0.302877,-0.058423,0.554107,10.562626,-0.02,-0.8,-0.02,-0.25,-0.6,-4.0,0.470531,-0.143196,-0.012964,0.0,-0.004157,-0.123687,-0.027505,-0.016239,-0.031727,0.753859,-0.099748,-0.169765,-0.014152,-0.029015,1.656171,3.804477,-0.097268,-0.004295,-0.393011,0.083333,0.0,3.583333,0.149417,0.112116,0.182783
7582,148.730484,899.210022,0.71058,0.739623,0.458333,0.0,0.079905,46890.0,0.212525,0.310383,0.14502,0.31471,-0.057262,0.550414,10.612309,-0.02,-0.8,-0.02,-0.25,-0.6,-4.0,0.455129,-0.143078,-0.018959,0.0,-0.006523,-0.125296,-0.02719,-0.01692,-0.031879,0.717375,-0.101266,-0.159196,-0.013569,-0.029161,1.548637,3.658146,-0.099746,-0.04092,-0.397364,0.25,0.0,4.083333,0.155596,0.167463,0.203926
7583,157.667389,932.919983,0.752734,0.758954,0.375,0.0,0.080102,45092.0,0.199596,0.307729,0.141254,0.289041,-0.05259,0.533586,10.750786,-0.02,-0.8,-0.02,-0.25,-0.6,-4.0,0.470672,-0.14126,-0.015395,0.0,-0.003231,-0.11391,-0.026327,-0.014515,-0.029283,0.757346,-0.083768,-0.145675,-0.012029,-0.029188,1.616878,3.847044,-0.090914,-0.006663,-0.368596,0.125,0.083333,4.5,0.078461,0.145574,0.175153
7584,160.523087,938.590027,0.754423,0.781208,0.173913,0.043478,0.079942,46941.0,0.205236,0.300537,0.157471,0.318836,-0.059276,0.577344,10.590885,-0.02,-0.8,-0.02,-0.25,-0.6,-4.0,0.475271,-0.134645,-0.016396,0.0,-0.002994,-0.133815,-0.027801,-0.016132,-0.033385,0.771695,-0.085258,-0.153251,-0.012802,-0.033642,1.642856,3.858639,-0.099477,-0.003082,-0.371217,0.26087,0.0,5.0,0.104078,0.118999,0.144034
7585,154.671951,916.429993,0.736021,0.747534,0.583333,0.0,0.080131,46683.0,0.176414,0.293148,0.148508,0.290371,-0.053934,0.548103,10.514217,-0.02,-0.8,-0.02,-0.25,-0.6,-4.0,0.461321,-0.138598,-0.016738,0.0,-0.004907,-0.130927,-0.026584,-0.015546,-0.031678,0.742619,-0.093598,-0.162088,-0.012101,-0.031564,1.624394,3.750297,-0.091788,-0.006056,-0.417636,0.0,0.041667,4.125,0.118705,0.149105,0.196515
7586,156.16951,926.150024,0.753362,0.786818,0.26087,0.0,0.080112,47714.0,0.20905,0.313139,0.151534,0.337049,-0.064384,0.579576,10.622896,-0.02,-0.8,-0.02,-0.25,-0.6,-4.0,0.472036,-0.151633,-0.018106,0.0,-0.003375,-0.140835,-0.028724,-0.018436,-0.035561,0.749398,-0.093022,-0.15484,-0.01513,-0.032818,1.614631,3.800708,-0.109378,-0.002727,-0.432485,0.217391,0.043478,4.565217,0.10374,0.11138,0.190292
7587,161.937119,952.960022,0.752776,0.767314,0.208333,0.0,0.08021,46704.0,0.212755,0.323447,0.145817,0.316089,-0.058995,0.563432,10.676666,-0.02,-0.8,-0.02,-0.25,-0.6,-4.0,0.480301,-0.1499,-0.020417,0.0,-0.001714,-0.141701,-0.028482,-0.017562,-0.034919,0.755516,-0.087186,-0.160635,-0.0139,-0.036418,1.647508,3.887304,-0.10293,-0.003756,-0.272128,0.083333,0.125,4.291667,0.084004,0.111044,0.16045
7588,162.608032,967.929993,0.774602,0.781576,0.25,0.0,0.080342,48073.0,0.219229,0.323278,0.138021,0.30435,-0.057018,0.521852,10.516991,-0.02,-0.8,-0.02,-0.25,-0.6,-4.0,0.483065,-0.150732,-0.019353,0.0,-0.002801,-0.133813,-0.029336,-0.017533,-0.034755,0.759834,-0.096551,-0.162151,-0.013223,-0.03245,1.648861,3.877663,-0.103387,-0.004582,-0.371697,0.208333,0.041667,4.458333,0.138035,0.130007,0.158334
7589,163.513458,963.900024,0.76165,0.758624,0.125,0.0,0.080546,49189.0,0.199881,0.317423,0.137857,0.29438,-0.054119,0.520811,10.487851,-0.02,-0.8,-0.02,-0.25,-0.6,-4.0,0.482605,-0.150376,-0.022192,0.0,-0.002347,-0.115263,-0.02876,-0.016343,-0.031815,0.746741,-0.094427,-0.156385,-0.011977,-0.02615,1.675715,3.900931,-0.100642,-0.003517,-0.254357,0.166667,0.041667,4.083333,0.136408,0.120042,0.168119
7590,157.519638,947.559998,0.770283,0.759739,0.272727,0.0,0.080479,53634.0,0.214635,0.323715,0.149404,0.323131,-0.059747,0.568635,10.467239,-0.02,-0.8,-0.02,-0.25,-0.6,-4.0,0.476225,-0.148298,-0.019368,0.0,-0.002894,-0.130846,-0.028835,-0.01743,-0.032489,0.760674,-0.096344,-0.150876,-0.013685,-0.029726,1.617338,3.822477,-0.105594,-0.00839,-0.452323,0.090909,0.0,4.409091,0.141092,0.123397,0.150353
7591,154.398651,919.409973,0.724169,0.75966,0.391304,0.0,0.080666,51333.0,0.199269,0.309349,0.153307,0.321312,-0.05883,0.573052,10.505543,-0.02,-0.8,-0.02,-0.25,-0.6,-4.0,0.464849,-0.137349,-0.017959,0.0,-0.003836,-0.134259,-0.028445,-0.017329,-0.033299,0.733589,-0.094155,-0.15958,-0.013087,-0.031018,1.613814,3.732774,-0.101747,-0.005505,-0.345028,0.130435,0.043478,4.043478,0.150884,0.120128,0.191001
7592,161.101517,941.450012,0.734375,0.76646,0.416667,0.0,0.080939,50626.0,0.190607,0.300681,0.146179,0.304961,-0.056882,0.566121,10.508091,-0.02,-0.8,-0.02,-0.25,-0.6,-4.0,0.462577,-0.147072,-0.015421,0.0,-0.004626,-0.121823,-0.027266,-0.015586,-0.031245,0.756403,-0.080891,-0.142638,-0.011322,-0.029449,1.604304,3.782101,-0.097289,-0.004159,-0.374764,0.25,0.041667,4.666667,0.093253,0.129939,0.169994
7593,164.586075,988.77002,0.777712,0.792551,0.125,0.0,0.080893,49968.0,0.228263,0.323819,0.157048,0.336689,-0.062561,0.593352,10.499414,-0.02,-0.8,-0.02,-0.25,-0.6,-4.0,0.483605,-0.140412,-0.02539,0.0,-0.0025,-0.146774,-0.030048,-0.017988,-0.036315,0.77043,-0.101906,-0.171566,-0.01372,-0.035924,1.624854,3.860878,-0.107631,-0.006459,-0.475585,0.125,0.041667,4.541667,0.129725,0.113732,0.137327
7594,143.670898,869.609985,0.716415,0.731529,0.708333,0.0,0.080907,49895.0,0.185649,0.287924,0.143923,0.297381,-0.058461,0.527185,10.462899,-0.02,-0.8,-0.02,-0.25,-0.6,-4.0,0.439939,-0.130092,-0.020155,0.0,-0.005342,-0.142344,-0.027662,-0.017612,-0.033938,0.709964,-0.090044,-0.150029,-0.012804,-0.034216,1.512664,3.534431,-0.100366,-0.009322,-0.434654,0.041667,0.166667,4.25,0.148428,0.120027,0.206993
7595,160.230408,945.039978,0.793178,0.785527,0.333333,0.041667,0.081029,49758.0,0.225848,0.318022,0.157459,0.320844,-0.059226,0.592957,10.642207,-0.02,-0.8,-0.02,-0.25,-0.6,-4.0,0.480101,-0.146153,-0.021547,0.0,-0.002798,-0.126616,-0.029057,-0.016491,-0.032507,0.772924,-0.103759,-0.174697,-0.012831,-0.030061,1.637184,3.885668,-0.101806,-0.005799,-0.390428,0.166667,0.0,4.25,0.160412,0.133915,0.162767
7596,163.682465,963.76001,0.776735,0.784577,0.173913,0.0,0.081186,49158.0,0.218892,0.330354,0.149745,0.30812,-0.059927,0.525492,10.540629,-0.02,-0.8,-0.02,-0.25,-0.6,-4.0,0.483099,-0.147943,-0.018259,0.0,-0.00187,-0.134979,-0.029723,-0.017034,-0.032863,0.774613,-0.093838,-0.151639,-0.012675,-0.032675,1.637473,3.875523,-0.106498,-0.002683,-0.224304,0.086957,0.0,3.782609,0.135421,0.144336,0.168827
7597,156.972992,926.909973,0.746068,0.757583,0.291667,0.0,0.081524,50791.0,0.18476,0.308251,0.152853,0.319625,-0.059889,0.586825,10.459506,-0.02,-0.8,-0.02,-0.25,-0.6,-4.0,0.469914,-0.146059,-0.016401,0.0,-0.003508,-0.127803,-0.028989,-0.017065,-0.033436,0.758587,-0.086764,-0.143185,-0.01197,-0.029298,1.66467,3.794024,-0.104935,-0.002583,-0.440124,0.208333,0.0,3.791667,0.143932,0.113514,0.180542
7598,153.329971,929.090027,0.754608,0.754021,0.291667,0.0,0.081932,50425.0,0.241332,0.319384,0.137061,0.303777,-0.058124,0.5231,10.612903,-0.02,-0.8,-0.02,-0.25,-0.6,-4.0,0.471717,-0.153992,-0.025324,0.0,-0.004708,-0.12967,-0.029875,-0.017741,-0.033774,0.734805,-0.095958,-0.155668,-0.01448,-0.030462,1.554178,3.764467,-0.105133,-0.005303,-0.340737,0.333333,0.0,4.375,0.135894,0.140677,0.20237
7599,153.692825,905.340027,0.726129,0.749047,0.695652,0.0,0.08226,54362.0,0.19598,0.307839,0.138962,0.300549,-0.054807,0.543227,10.68388,-0.02,-0.8,-0.02,-0.25,-0.6,-4.0,0.452705,-0.140699,-0.018815,0.0,-0.005643,-0.128311,-0.027604,-0.015989,-0.031427,0.719237,-0.095046,-0.150032,-0.01297,-0.031721,1.566066,3.631995,-0.096758,-0.002543,-0.340434,0.217391,0.043478,4.391304,0.120686,0.150186,0.221132
7600,157.534714,933.549988,0.758488,0.776432,0.333333,0.0,0.082432,51637.0,0.196861,0.304806,0.14912,0.301875,-0.05685,0.549482,10.636793,-0.02,-0.8,-0.02,-0.25,-0.6,-4.0,0.47193,-0.141867,-0.018691,0.0,-0.00337,-0.125384,-0.028906,-0.01641,-0.032888,0.756505,-0.090949,-0.157432,-0.013234,-0.031499,1.630994,3.817783,-0.09899,-0.053539,-0.507364,0.083333,0.041667,4.5,0.110927,0.120169,0.172735
7601,155.471008,941.450012,0.743546,0.773853,0.375,0.0,0.082431,53778.0,0.222457,0.316923,0.145605,0.301743,-0.059004,0.517529,10.536854,-0.02,-0.8,-0.02,-0.25,-0.6,-4.0,0.475063,-0.144546,-0.018742,0.0,-0.003377,-0.130455,-0.0292,-0.017027,-0.033292,0.752898,-0.096759,-0.158842,-0.013873,-0.031052,1.60628,3.821684,-0.1032,-0.005079,-0.600112,0.125,0.0,4.833333,0.120967,0.134102,0.195991
7602,158.770599,965.820007,0.776801,0.76948,0.125,0.083333,0.082474,51243.0,0.23503,0.329934,0.146511,0.301367,-0.05708,0.523418,10.666309,-0.02,-0.8,-0.02,-0.25,-0.6,-4.0,0.480192,-0.145864,-0.020004,0.0,-0.003141,-0.129894,-0.029714,-0.017048,-0.033477,0.762866,-0.098891,-0.168916,-0.013029,-0.030228,1.610359,3.842749,-0.103786,-0.022306,-0.40316,0.083333,0.0,3.625,0.153318,0.138998,0.193737
7603,168.268265,985.0,0.783924,0.819443,0.125,0.0,0.082416,50049.0,0.189861,0.330108,0.140183,0.312499,-0.059031,0.546299,10.655872,-0.02,-0.8,-0.02,-0.25,-0.6,-4.0,0.491935,-0.162927,-0.016379,0.0,-0.000972,-0.136281,-0.029832,-0.017741,-0.035129,0.773818,-0.083573,-0.151658,-0.015494,-0.032907,1.725215,3.965541,-0.105409,-0.001906,-0.299797,0.0,0.041667,4.375,0.065356,0.097737,0.138658
7604,163.487839,971.650024,0.769772,0.790521,0.416667,0.0,0.082747,51055.0,0.209885,0.327052,0.158544,0.304624,-0.058297,0.553023,10.702586,-0.02,-0.8,-0.02,-0.25,-0.6,-4.0,0.47849,-0.140521,-0.018689,0.0,-0.00353,-0.134715,-0.029088,-0.016234,-0.032932,0.754979,-0.096963,-0.160849,-0.013984,-0.035733,1.641263,3.837493,-0.098821,-0.017003,-0.402505,0.041667,0.041667,4.666667,0.081723,0.108184,0.189693
7605,151.583023,911.280029,0.740269,0.755763,0.541667,0.0,0.083144,38921.0,0.21078,0.326649,0.142235,0.286271,-0.054293,0.500941,10.753951,-0.02,-0.8,-0.02,-0.25,-0.6,-4.0,0.462406,-0.136538,-0.015433,0.0,-0.00527,-0.131035,-0.028355,-0.015039,-0.03229,0.743423,-0.089597,-0.143524,-0.011958,-0.034858,1.567038,3.691034,-0.095156,-0.003682,-0.341119,0.125,0.0,3.916667,0.1063,0.122568,0.23272
7606,163.353073,964.369995,0.773738,0.787701,0.125,0.0,0.083158,37911.0,0.196237,0.319868,0.143482,0.306648,-0.057951,0.548182,10.687368,-0.02,-0.8,-0.02,-0.25,-0.6,-4.0,0.481744,-0.150075,-0.020277,0.0,-0.002439,-0.127944,-0.029527,-0.01661,-0.033055,0.771204,-0.08901,-0.150784,-0.013251,-0.031537,1.681161,3.871051,-0.101729,-0.007609,-0.42046,0.208333,0.041667,4.916667,0.122663,0.122211,0.169875
7607,154.697372,937.75,0.732311,0.749035,0.434783,0.0,0.083296,39759.0,0.229575,0.309775,0.138702,0.296476,-0.055534,0.506903,10.796768,-0.02,-0.8,-0.02,-0.25,-0.6,-4.0,0.462235,-0.144683,-0.019455,0.0,-0.005284,-0.119014,-0.028854,-0.016103,-0.031604,0.736984,-0.09912,-0.154964,-0.01357,-0.029433,1.536054,3.69916,-0.099506,-0.004525,-0.404864,0.173913,0.0,4.434783,0.120154,0.128892,0.214716
7608,161.633133,959.23999,0.790474,0.794325,0.217391,0.043478,0.083284,37950.0,0.231461,0.332482,0.146389,0.3085,-0.05818,0.53906,10.697246,-0.02,-0.8,-0.02,-0.25,-0.6,-4.0,0.483511,-0.154172,-0.02077,0.0,-0.002941,-0.138449,-0.030492,-0.016897,-0.034483,0.768756,-0.102059,-0.162839,-0.013828,-0.033462,1.631819,3.851159,-0.104863,-0.005156,-0.340352,0.086957,0.086957,4.26087,0.15861,0.124531,0.174087
7609,155.564697,926.359985,0.750531,0.778882,0.375,0.0,0.083408,39053.0,0.195159,0.313721,0.141679,0.286334,-0.053884,0.517089,10.675955,-0.02,-0.8,-0.02,-0.25,-0.6,-4.0,0.471229,-0.149588,-0.01451,0.0,-0.004551,-0.123749,-0.028621,-0.015965,-0.031551,0.770234,-0.088938,-0.146426,-0.013551,-0.030422,1.630599,3.8151,-0.0966,-0.002647,-0.384616,0.375,0.0,4.0,0.111509,0.161166,0.159684
7610,153.853806,933.820007,0.757226,0.790388,0.375,0.0,0.083719,38344.0,0.225995,0.323723,0.153221,0.320521,-0.06062,0.559275,10.697281,-0.02,-0.8,-0.02,-0.25,-0.6,-4.0,0.479946,-0.150003,-0.020788,0.0,-0.002832,-0.131576,-0.029585,-0.016464,-0.032851,0.753473,-0.097104,-0.156811,-0.014184,-0.032094,1.596019,3.851776,-0.103968,-0.044058,-0.413462,0.166667,0.0,4.208333,0.122974,0.12045,0.176733
7611,150.035568,908.590027,0.704299,0.736622,0.25,0.041667,0.083679,37547.0,0.200893,0.303806,0.14897,0.304928,-0.05805,0.537817,10.667274,-0.02,-0.8,-0.02,-0.25,-0.6,-4.0,0.451861,-0.142632,-0.016035,0.0,-0.004948,-0.126347,-0.028929,-0.01712,-0.032123,0.724248,-0.097877,-0.147621,-0.013775,-0.028983,1.537842,3.609176,-0.101092,-0.010411,-0.459724,0.25,0.0,4.625,0.123045,0.124634,0.197209
7612,160.904556,977.030029,0.757775,0.789923,0.375,0.0,0.083773,38326.0,0.223483,0.342109,0.148528,0.319736,-0.062444,0.562532,10.670683,-0.02,-0.8,-0.02,-0.25,-0.6,-4.0,0.483181,-0.146981,-0.020832,0.0,-0.003135,-0.141509,-0.031457,-0.017886,-0.035152,0.77418,-0.10715,-0.174713,-0.015079,-0.035071,1.62374,3.815329,-0.109024,-0.003681,-0.401358,0.041667,0.041667,4.458333,0.125897,0.107928,0.185859
7613,158.999405,933.659973,0.757064,0.758644,0.291667,0.0,0.083932,37316.0,0.19132,0.323681,0.149913,0.298825,-0.056852,0.544148,10.663778,-0.02,-0.8,-0.02,-0.25,-0.6,-4.0,0.472028,-0.143471,-0.015484,0.0,-0.003129,-0.130391,-0.029465,-0.015923,-0.032816,0.763434,-0.096802,-0.151485,-0.013541,-0.033081,1.646156,3.751639,-0.09789,-0.005036,-0.257632,0.166667,0.083333,4.375,0.134126,0.127573,0.182338
7614,160.965256,949.030029,0.755652,0.796343,0.333333,0.041667,0.084026,38329.0,0.200282,0.334643,0.153992,0.30926,-0.057927,0.552804,10.577387,-0.02,-0.8,-0.02,-0.25,-0.6,-4.0,0.479578,-0.14212,-0.013965,0.0,-0.004116,-0.128518,-0.030063,-0.016399,-0.033219,0.773529,-0.106833,-0.167159,-0.013665,-0.033192,1.661408,3.795834,-0.100562,-0.004038,-0.317724,0.208333,0.041667,4.333333,0.123133,0.126471,0.158846
7615,159.345612,947.440002,0.727207,0.74567,0.409091,0.0,0.0841,39631.0,0.204943,0.311258,0.148672,0.311058,-0.056983,0.574631,10.544347,-0.02,-0.8,-0.02,-0.25,-0.6,-4.0,0.460046,-0.13802,-0.022131,0.0,-0.006035,-0.127105,-0.029246,-0.016128,-0.031716,0.729896,-0.101706,-0.159909,-0.013698,-0.031644,1.574823,3.683713,-0.098674,-0.006498,-0.379667,0.272727,0.0,4.0,0.141561,0.178548,0.17288
7616,156.618576,929.73999,0.7616,0.760583,0.304348,0.0,0.084349,36983.0,0.196494,0.312552,0.150983,0.309926,-0.056433,0.570918,10.441839,-0.02,-0.8,-0.02,-0.25,-0.6,-4.0,0.469667,-0.147729,-0.018402,0.0,-0.003209,-0.140087,-0.029639,-0.016581,-0.03356,0.762175,-0.095207,-0.146878,-0.013254,-0.034692,1.632251,3.745929,-0.102512,-0.002716,-0.446417,0.173913,0.043478,3.956522,0.181239,0.123122,0.179129
7617,167.721207,991.030029,0.783817,0.809815,0.125,0.041667,0.084518,34863.0,0.210953,0.359816,0.153234,0.31762,-0.060721,0.574572,10.606824,-0.02,-0.8,-0.02,-0.25,-0.6,-4.0,0.496026,-0.154778,-0.021646,0.0,-0.001278,-0.149276,-0.030967,-0.017423,-0.036129,0.795548,-0.088219,-0.151621,-0.014152,-0.038108,1.703399,3.927554,-0.105893,-0.00632,-0.365703,0.0,0.041667,4.75,0.101844,0.106046,0.145203
7618,151.865768,932.929993,0.744303,0.74538,0.458333,0.0,0.084574,37583.0,0.228896,0.320255,0.134306,0.293822,-0.056947,0.506503,10.532638,-0.02,-0.8,-0.02,-0.25,-0.6,-4.0,0.463941,-0.149254,-0.021792,0.0,-0.00408,-0.124553,-0.029523,-0.016362,-0.032118,0.738133,-0.094337,-0.152152,-0.014429,-0.031779,1.543087,3.686588,-0.100227,-0.003082,-0.461004,0.166667,0.0,4.125,0.14167,0.14087,0.197097
7619,156.473755,945.799988,0.79047,0.772338,0.208333,0.0,0.084914,37384.0,0.201695,0.332404,0.145204,0.312636,-0.059712,0.563775,10.499876,-0.02,-0.8,-0.02,-0.25,-0.6,-4.0,0.477577,-0.155806,-0.020336,0.0,-0.002278,-0.129932,-0.030224,-0.017077,-0.033262,0.768622,-0.092802,-0.148,-0.014822,-0.031816,1.651837,3.814847,-0.102794,-0.035128,-0.338889,0.041667,0.208333,4.0,0.097515,0.094562,0.188179
7620,156.981781,940.469971,0.746898,0.769621,0.333333,0.0,0.08501,38062.0,0.211409,0.329661,0.14952,0.310392,-0.061331,0.527196,10.681898,-0.02,-0.8,-0.02,-0.25,-0.6,-4.0,0.465996,-0.144511,-0.01817,0.0,-0.005056,-0.134889,-0.030718,-0.017549,-0.033816,0.742627,-0.104357,-0.177784,-0.015542,-0.033601,1.583813,3.666994,-0.105668,-0.00343,-0.291799,0.208333,0.041667,3.833333,0.139988,0.150872,0.176369
7621,158.350952,935.77002,0.7265,0.759271,0.208333,0.0,0.085107,38367.0,0.225116,0.320078,0.139222,0.274427,-0.053241,0.504689,10.492785,-0.02,-0.8,-0.02,-0.25,-0.6,-4.0,0.475618,-0.14637,-0.032864,0.0,-0.002777,-0.123369,-0.02962,-0.014985,-0.03053,0.738894,-0.090096,-0.160771,-0.013681,-0.033725,1.598845,3.830175,-0.092556,-0.038725,-0.302653,0.333333,0.0,4.5,0.095931,0.152686,0.159824
7622,158.224716,952.280029,0.767247,0.771284,0.333333,0.0,0.085293,37754.0,0.243644,0.324489,0.148695,0.327258,-0.060573,0.544139,10.643526,-0.02,-0.8,-0.02,-0.25,-0.6,-4.0,0.474595,-0.149318,-0.023842,0.0,-0.003405,-0.145736,-0.031699,-0.018478,-0.034379,0.743062,-0.110382,-0.169083,-0.014349,-0.033833,1.568336,3.756064,-0.110388,-0.005865,-0.308621,0.0,0.0,27.083334,0.174324,0.120552,0.190603
7623,149.515167,905.98999,0.706239,0.725993,0.291667,0.0,0.085171,34939.0,0.220302,0.323301,0.139309,0.27164,-0.05318,0.465582,10.627205,-0.02,-0.8,-0.02,-0.25,-0.6,-4.0,0.447278,-0.136669,-0.017805,0.0,-0.003752,-0.119873,-0.028986,-0.015659,-0.030706,0.71735,-0.10072,-0.156353,-0.011949,-0.030405,1.516879,3.525197,-0.094199,-0.00753,-0.311332,0.125,0.125,4.0,0.067562,0.105745,0.168039
7624,157.53273,967.190002,0.73768,0.773969,0.291667,0.0,0.085358,34256.0,0.22316,0.33647,0.140858,0.328472,-0.061733,0.553888,10.686042,-0.02,-0.8,-0.02,-0.25,-0.6,-4.0,0.476559,-0.15695,-0.021943,0.0,-0.003241,-0.151786,-0.032213,-0.019445,-0.037012,0.754377,-0.108752,-0.173817,-0.014524,-0.03628,1.606238,3.740363,-0.114333,-0.005912,-0.419621,0.166667,0.083333,4.083333,0.18084,0.142982,0.142518
7625,154.643951,923.840027,0.729183,0.748902,0.458333,0.0,0.085425,35430.0,0.207617,0.309451,0.149974,0.303076,-0.05745,0.53869,10.709277,-0.02,-0.8,-0.02,-0.25,-0.6,-4.0,0.461927,-0.140813,-0.019407,0.0,-0.004828,-0.113821,-0.030073,-0.016266,-0.030958,0.728211,-0.095657,-0.149744,-0.012647,-0.025644,1.585075,3.684023,-0.10249,-0.004169,-0.405309,0.125,0.041667,4.833333,0.134226,0.138924,0.198797
7626,161.22374,976.890015,0.787601,0.807826,0.173913,0.0,0.085511,37386.0,0.235177,0.33574,0.141784,0.307271,-0.057326,0.537016,10.62753,-0.02,-0.8,-0.02,-0.25,-0.6,-4.0,0.492727,-0.154704,-0.023401,0.0,-0.001362,-0.13507,-0.031067,-0.016369,-0.035021,0.781394,-0.089703,-0.145807,-0.012298,-0.034537,1.659265,3.937981,-0.103062,-0.004991,-0.46298,0.043478,0.0,4.608696,0.152672,0.108086,0.182081
7627,163.794556,969.710022,0.754415,0.803518,0.208333,0.0,0.085425,37236.0,0.21098,0.326313,0.15166,0.326611,-0.060745,0.567391,10.704165,-0.02,-0.8,-0.02,-0.25,-0.6,-4.0,0.482603,-0.149718,-0.01905,0.0,-0.003448,-0.143194,-0.031639,-0.018211,-0.035776,0.767218,-0.095268,-0.158462,-0.014246,-0.033749,1.653405,3.823221,-0.109399,-0.003505,-0.311562,0.083333,0.041667,4.375,0.164153,0.120294,0.157988
7628,159.666092,947.27002,0.73747,0.76838,0.375,0.041667,0.085413,36188.0,0.206883,0.323434,0.148493,0.318715,-0.059087,0.559092,10.589873,-0.02,-0.8,-0.02,-0.25,-0.6,-4.0,0.469305,-0.146002,-0.015317,0.0,-0.004172,-0.129871,-0.031036,-0.017246,-0.034035,0.748776,-0.099945,-0.163896,-0.013688,-0.03177,1.609611,3.724653,-0.105802,-0.003613,-0.398105,0.125,0.041667,4.708333,0.117927,0.119169,0.189144
7629,160.322739,938.530029,0.736856,0.762615,0.208333,0.083333,0.085397,34704.0,0.175331,0.314555,0.143633,0.306421,-0.054939,0.556833,10.742256,-0.02,-0.8,-0.02,-0.25,-0.6,-4.0,0.466621,-0.147619,-0.014786,0.0,-0.004,-0.12144,-0.029881,-0.015597,-0.031102,0.755406,-0.092212,-0.147036,-0.011755,-0.029997,1.66222,3.754323,-0.099733,-0.013484,-0.37632,0.166667,0.0,3.875,0.096959,0.11267,0.185396
7630,159.822845,969.72998,0.783768,0.7876,0.166667,0.041667,0.085442,40030.0,0.229898,0.330604,0.159933,0.333547,-0.061654,0.596079,10.544486,-0.02,-0.8,-0.02,-0.25,-0.6,-4.0,0.488495,-0.152424,-0.020123,0.0,-0.001701,-0.138166,-0.031626,-0.017324,-0.033956,0.779352,-0.09157,-0.152984,-0.013383,-0.033764,1.646949,3.896513,-0.107032,-0.004098,-0.516095,0.041667,0.0,4.583333,0.10967,0.107316,0.131525
7631,157.630493,954.349976,0.778375,0.774396,0.25,0.0,0.085577,51659.0,0.219424,0.336062,0.153172,0.313255,-0.059087,0.548875,10.536332,-0.02,-0.8,-0.02,-0.25,-0.6,-4.0,0.479431,-0.142559,-0.018295,0.0,-0.002893,-0.125122,-0.032113,-0.017049,-0.033119,0.766512,-0.103904,-0.162457,-0.013883,-0.029767,1.625682,3.764266,-0.105501,-0.020026,-0.344217,0.083333,0.0,3.583333,0.143974,0.141378,0.164638
7632,156.041016,948.549988,0.744166,0.746695,0.347826,0.0,0.085709,54446.0,0.224533,0.320202,0.13845,0.314828,-0.059986,0.555752,10.576236,-0.02,-0.8,-0.02,-0.25,-0.6,-4.0,0.458112,-0.149968,-0.021398,0.0,-0.004836,-0.136608,-0.031434,-0.017642,-0.03443,0.735339,-0.107001,-0.159853,-0.015821,-0.03232,1.52316,3.610531,-0.108662,-0.003298,-0.620374,0.173913,0.0,4.0,0.167797,0.140004,0.206596
7633,162.54715,983.73999,0.799999,0.785023,0.217391,0.0,0.085832,50999.0,0.229383,0.335012,0.156809,0.333976,-0.061733,0.588501,10.523589,-0.02,-0.8,-0.02,-0.25,-0.6,-4.0,0.486106,-0.151369,-0.021386,0.0,-0.002973,-0.136718,-0.032434,-0.017059,-0.033696,0.776902,-0.099212,-0.15753,-0.013604,-0.034656,1.620332,3.853427,-0.110019,-0.011189,-0.396913,0.0,0.0,4.826087,0.118518,0.111621,0.172397
7634,164.212357,969.070007,0.747869,0.793515,0.166667,0.0,0.085762,49140.0,0.236772,0.330876,0.159824,0.336387,-0.064425,0.580385,10.507224,-0.02,-0.8,-0.02,-0.25,-0.6,-4.0,0.479356,-0.141041,-0.019802,0.0,-0.002315,-0.136195,-0.032604,-0.018115,-0.035487,0.764755,-0.100043,-0.163481,-0.01422,-0.032744,1.60283,3.76112,-0.112839,-0.002764,-0.294524,0.166667,0.125,4.375,0.136865,0.127299,0.132987
7635,160.372299,953.200012,0.714581,0.757724,0.208333,0.0,0.086052,50528.0,0.189016,0.317058,0.1433,0.294442,-0.05565,0.510727,10.533993,-0.02,-0.8,-0.02,-0.25,-0.6,-4.0,0.459158,-0.144093,-0.014655,0.0,-0.003294,-0.133865,-0.030643,-0.01694,-0.034518,0.729147,-0.090616,-0.147111,-0.012874,-0.035781,1.596974,3.640298,-0.102855,-0.003673,-0.356053,0.041667,0.083333,4.875,0.126676,0.140679,0.181942
7636,157.277313,937.719971,0.747622,0.793029,0.333333,0.0,0.086395,53568.0,0.222633,0.330699,0.143156,0.314826,-0.058436,0.556277,10.519524,-0.02,-0.8,-0.02,-0.25,-0.6,-4.0,0.473317,-0.153077,-0.014497,0.0,-0.003902,-0.138205,-0.031646,-0.017484,-0.035491,0.749953,-0.102475,-0.162318,-0.014502,-0.033996,1.61334,3.728632,-0.10525,-0.003618,-0.311589,0.166667,0.0,4.208333,0.11515,0.115833,0.164955
7637,156.056152,932.320007,0.74732,0.772557,0.333333,0.0,0.086477,51032.0,0.190392,0.319167,0.149115,0.29347,-0.05399,0.523791,10.537948,-0.02,-0.8,-0.02,-0.25,-0.6,-4.0,0.463509,-0.137388,-0.01318,0.0,-0.004685,-0.116683,-0.030291,-0.01515,-0.030391,0.750528,-0.097322,-0.155961,-0.013242,-0.029274,1.614062,3.67009,-0.095517,-0.003058,-0.406164,0.166667,0.0,3.916667,0.092616,0.143777,0.179401
7638,148.643448,921.900024,0.752773,0.764417,0.217391,0.0,0.086608,49822.0,0.213786,0.323306,0.149855,0.304604,-0.059543,0.540218,10.428556,-0.02,-0.8,-0.02,-0.25,-0.6,-4.0,0.46586,-0.141087,-0.021508,0.0,-0.003261,-0.142822,-0.031923,-0.017254,-0.0351,0.744888,-0.097318,-0.16058,-0.013976,-0.034387,1.584276,3.665543,-0.105851,-0.002648,-0.561478,0.173913,0.130435,3.73913,0.11539,0.113197,0.182879
7639,152.203232,920.27002,0.763362,0.764388,0.375,0.041667,0.086797,48794.0,0.228226,0.337614,0.148824,0.326813,-0.06439,0.560831,10.682625,-0.02,-0.8,-0.02,-0.25,-0.6,-4.0,0.472153,-0.150805,-0.017049,0.0,-0.003378,-0.131783,-0.033133,-0.018353,-0.035211,0.753545,-0.10074,-0.169763,-0.014311,-0.030617,1.571349,3.697577,-0.113917,-0.003555,-0.415523,0.166667,0.041667,4.375,0.131643,0.124745,0.192482
7640,157.496307,955.440002,0.775452,0.782099,0.208333,0.0,0.086804,52608.0,0.210689,0.350768,0.139054,0.310785,-0.059782,0.535489,10.471461,-0.02,-0.8,-0.02,-0.25,-0.6,-4.0,0.479961,-0.152931,-0.018646,0.0,-0.003213,-0.140755,-0.032862,-0.018078,-0.035393,0.758821,-0.109102,-0.176614,-0.01538,-0.034407,1.633061,3.741761,-0.10875,-0.006115,-0.336487,0.166667,0.0,4.166667,0.129021,0.129933,0.171692
7641,159.031189,981.299988,0.749063,0.772195,0.083333,0.041667,0.086929,50880.0,0.254262,0.339024,0.153657,0.322275,-0.060515,0.540692,10.404689,-0.02,-0.8,-0.02,-0.25,-0.6,-4.0,0.486061,-0.14467,-0.025637,0.0,-0.002708,-0.136331,-0.032391,-0.017619,-0.034571,0.760638,-0.10446,-0.165868,-0.014458,-0.034126,1.596021,3.826377,-0.108021,-0.003385,-0.382233,0.125,0.041667,4.708333,0.140211,0.134747,0.167508
7642,157.277176,936.48999,0.769526,0.779639,0.291667,0.0,0.087131,50007.0,0.206439,0.33939,0.154616,0.309482,-0.058108,0.573578,10.540325,-0.02,-0.8,-0.02,-0.25,-0.6,-4.0,0.477804,-0.142926,-0.021188,0.0,-0.00218,-0.135204,-0.031293,-0.015456,-0.032871,0.766563,-0.105482,-0.172269,-0.013302,-0.035851,1.638384,3.778179,-0.100396,-0.11762,-0.359638,0.041667,0.0,4.583333,0.099831,0.118127,0.157804
7643,155.571793,942.169983,0.71758,0.765585,0.208333,0.041667,0.087169,49151.0,0.215101,0.340089,0.146413,0.32636,-0.060021,0.546128,10.540901,-0.02,-0.8,-0.02,-0.25,-0.6,-4.0,0.464249,-0.151671,-0.020187,0.0,-0.004569,-0.140095,-0.032449,-0.018596,-0.035128,0.727635,-0.122653,-0.181878,-0.016321,-0.032129,1.572186,3.611687,-0.109903,-0.004302,-0.33968,0.166667,0.0,3.916667,0.144638,0.118675,0.164928
7644,160.586823,972.780029,0.792767,0.799024,0.166667,0.0,0.087377,51852.0,0.218252,0.332877,0.15531,0.321655,-0.06085,0.586715,10.574081,-0.02,-0.8,-0.02,-0.25,-0.6,-4.0,0.48682,-0.156322,-0.016398,0.0,-0.001683,-0.136018,-0.031999,-0.017145,-0.033432,0.790024,-0.099262,-0.159292,-0.01526,-0.034844,1.668889,3.870655,-0.105532,-0.003055,-0.430784,0.0,0.083333,4.25,0.092774,0.104433,0.159597
7645,153.502945,946.309998,0.739714,0.742358,0.5,0.0,0.087511,52289.0,0.224389,0.336212,0.151269,0.31484,-0.060774,0.535732,10.472066,-0.02,-0.8,-0.02,-0.25,-0.6,-4.0,0.460812,-0.142697,-0.022236,0.0,-0.005144,-0.143644,-0.032477,-0.018062,-0.034938,0.725691,-0.117843,-0.191189,-0.016132,-0.035395,1.543473,3.578064,-0.107588,-0.008549,-0.348147,0.041667,0.083333,4.458333,0.134537,0.122938,0.194515
7646,150.323441,918.22998,0.724829,0.754751,0.583333,0.0,0.087529,48204.0,0.23684,0.330733,0.139474,0.303557,-0.056421,0.533311,10.580884,-0.02,-0.8,-0.02,-0.25,-0.6,-4.0,0.461052,-0.147012,-0.02056,0.0,-0.005127,-0.131671,-0.031597,-0.016883,-0.033722,0.737097,-0.109151,-0.170149,-0.01461,-0.033622,1.535281,3.612149,-0.103189,-0.006093,-0.359874,0.125,0.041667,4.625,0.114026,0.121063,0.1946
7647,154.358734,946.609985,0.738893,0.761063,0.333333,0.0,0.087496,46950.0,0.224454,0.346565,0.156272,0.331503,-0.063716,0.570548,10.413946,-0.02,-0.8,-0.02,-0.25,-0.6,-4.0,0.472476,-0.142387,-0.02496,0.0,-0.003002,-0.144305,-0.034,-0.019338,-0.035884,0.740149,-0.10432,-0.167233,-0.014092,-0.035661,1.607514,3.688072,-0.116838,-0.009389,-0.39934,0.041667,0.125,4.166667,0.142541,0.121454,0.176251
7648,153.056625,941.72998,0.767416,0.802579,0.291667,0.041667,0.087416,50571.0,0.224175,0.333426,0.152049,0.310811,-0.06145,0.537473,10.590406,-0.02,-0.8,-0.02,-0.25,-0.6,-4.0,0.480009,-0.147932,-0.018689,0.0,-0.003022,-0.131425,-0.033002,-0.017525,-0.034526,0.768452,-0.101493,-0.173952,-0.014138,-0.031361,1.62956,3.780609,-0.109634,-0.009092,-0.504112,0.083333,0.041667,4.833333,0.097688,0.106744,0.181985
7649,160.494461,961.210022,0.744061,0.772933,0.217391,0.0,0.087333,54309.0,0.215592,0.337018,0.148296,0.315908,-0.058834,0.559677,10.520192,-0.02,-0.8,-0.02,-0.25,-0.6,-4.0,0.480401,-0.149385,-0.017469,0.0,-0.002841,-0.126796,-0.032972,-0.017157,-0.03311,0.768277,-0.105781,-0.164459,-0.013739,-0.030833,1.657261,3.781588,-0.108731,-0.003211,-0.276838,0.173913,0.043478,4.0,0.134677,0.151515,0.156455
7650,159.770615,957.419983,0.760938,0.782786,0.217391,0.0,0.087303,51340.0,0.24244,0.344823,0.139895,0.286554,-0.054126,0.505618,10.564955,-0.02,-0.8,-0.02,-0.25,-0.6,-4.0,0.48143,-0.14905,-0.020338,0.0,-0.002673,-0.128694,-0.032018,-0.015402,-0.033766,0.766101,-0.096351,-0.156164,-0.011941,-0.035152,1.603857,3.787436,-0.101139,-0.005644,-0.258451,0.173913,0.043478,4.608696,0.170243,0.126438,0.144493
7651,152.793518,928.200012,0.724575,0.719598,0.208333,0.0,0.087578,49345.0,0.227015,0.324179,0.15391,0.305745,-0.056398,0.528806,10.607393,-0.02,-0.8,-0.02,-0.25,-0.6,-4.0,0.450615,-0.132331,-0.017942,0.0,-0.004692,-0.12619,-0.03139,-0.016118,-0.032352,0.710393,-0.107664,-0.174614,-0.013769,-0.032301,1.507976,3.508638,-0.101433,-0.004608,-0.383124,0.208333,0.041667,4.25,0.135913,0.124105,0.163667
7652,160.976959,982.619995,0.760282,0.790772,0.166667,0.0,0.087555,49181.0,0.226862,0.347455,0.141698,0.297378,-0.055147,0.534001,10.634314,-0.02,-0.8,-0.02,-0.25,-0.6,-4.0,0.491184,-0.154209,-0.03031,0.0,-0.001625,-0.131867,-0.032544,-0.015821,-0.033139,0.783092,-0.093118,-0.154377,-0.013009,-0.033838,1.650558,3.895981,-0.10402,-0.009024,-0.399284,0.041667,0.041667,4.666667,0.113935,0.100435,0.144892
7653,166.389267,992.369995,0.799548,0.820455,0.083333,0.0,0.087948,53332.0,0.225599,0.358492,0.152981,0.32669,-0.061182,0.577165,10.577708,-0.02,-0.8,-0.02,-0.25,-0.6,-4.0,0.496153,-0.155758,-0.021713,0.0,-0.000764,-0.13298,-0.03373,-0.01677,-0.033804,0.802114,-0.09958,-0.162348,-0.014526,-0.032534,1.683579,3.911502,-0.110962,-0.006703,-0.38109,0.0,0.125,4.416667,0.105985,0.082556,0.145861
7654,161.401932,972.25,0.764685,0.788101,0.166667,0.0,0.087943,50300.0,0.205589,0.33222,0.164489,0.337408,-0.062869,0.604695,10.560553,-0.02,-0.8,-0.02,-0.25,-0.6,-4.0,0.47974,-0.143883,-0.01698,0.0,-0.00225,-0.14048,-0.033642,-0.01803,-0.035744,0.770662,-0.096031,-0.163613,-0.013453,-0.034705,1.651501,3.774943,-0.113457,-0.005154,-0.492184,0.083333,0.125,4.291667,0.102903,0.113484,0.152332
7655,158.058121,955.359985,0.77661,0.795259,0.333333,0.0,0.088002,48893.0,0.215011,0.341384,0.147359,0.295875,-0.057229,0.525051,10.538111,-0.02,-0.8,-0.02,-0.25,-0.6,-4.0,0.481084,-0.147836,-0.023912,0.0,-0.002363,-0.129927,-0.033072,-0.016518,-0.033526,0.773011,-0.097787,-0.160882,-0.012557,-0.03286,1.655641,3.788694,-0.105387,-0.072441,-0.289495,0.0,0.0,4.458333,0.115192,0.114761,0.163442
7656,161.844467,973.419983,0.781519,0.801138,0.166667,0.0,0.087969,49563.0,0.234902,0.336641,0.14799,0.290571,-0.057206,0.514928,10.690357,-0.02,-0.8,-0.02,-0.25,-0.6,-4.0,0.480843,-0.14707,-0.021927,0.0,-0.001902,-0.137345,-0.032601,-0.016565,-0.033425,0.778069,-0.097161,-0.153765,-0.013605,-0.036878,1.625958,3.800529,-0.103069,-0.004088,-0.387186,0.125,0.041667,4.458333,0.07557,0.122431,0.151274
7657,154.645126,943.650024,0.713139,0.715131,0.478261,0.0,0.087954,51750.0,0.225272,0.320664,0.130535,0.286873,-0.053136,0.490283,10.509361,-0.02,-0.8,-0.02,-0.25,-0.6,-4.0,0.445145,-0.138451,-0.028415,0.0,-0.006087,-0.124712,-0.030845,-0.015984,-0.031711,0.687889,-0.106782,-0.161072,-0.013086,-0.031004,1.471206,3.478803,-0.100294,-0.004908,-0.397705,0.130435,0.086957,3.695652,0.18715,0.142269,0.207229
7658,161.322632,983.099976,0.790903,0.802693,0.130435,0.0,0.087971,51645.0,0.250395,0.356527,0.153597,0.33279,-0.062768,0.555306,10.583865,-0.02,-0.8,-0.02,-0.25,-0.6,-4.0,0.4927,-0.159435,-0.024575,0.0,-0.000941,-0.142538,-0.035037,-0.018821,-0.035957,0.774736,-0.108015,-0.176455,-0.015776,-0.033608,1.625654,3.848317,-0.117767,-0.026332,-0.416148,0.0,0.086957,4.521739,0.127754,0.116963,0.155292
7659,163.145462,964.789978,0.768466,0.799949,0.208333,0.0,0.088122,51834.0,0.23251,0.330582,0.153934,0.298548,-0.054478,0.532305,10.60816,-0.02,-0.8,-0.02,-0.25,-0.6,-4.0,0.482941,-0.142374,-0.023251,0.0,-0.001729,-0.128934,-0.032097,-0.015715,-0.032723,0.76908,-0.093996,-0.166608,-0.013185,-0.034072,1.647432,3.832763,-0.100846,-0.015524,-0.353702,0.0,0.041667,4.541667,0.110017,0.144179,0.149906
7660,149.727921,930.359985,0.729531,0.756299,0.333333,0.0,0.088359,49457.0,0.222226,0.337766,0.142031,0.311469,-0.060214,0.526929,10.556581,-0.02,-0.8,-0.02,-0.25,-0.6,-4.0,0.465718,-0.151988,-0.023544,0.0,-0.004823,-0.13191,-0.033415,-0.017707,-0.033703,0.737233,-0.109829,-0.164502,-0.014132,-0.032375,1.560391,3.626366,-0.110727,-0.013602,-0.572066,0.291667,0.083333,4.0,0.13562,0.14553,0.179382
7661,154.81308,932.330017,0.723289,0.768289,0.25,0.0,0.08868,50851.0,0.233254,0.341899,0.149883,0.315318,-0.057453,0.531383,10.672598,-0.02,-0.8,-0.02,-0.25,-0.6,-4.0,0.465327,-0.144506,-0.021369,0.0,-0.003597,-0.124048,-0.032699,-0.016583,-0.031618,0.736248,-0.101618,-0.176078,-0.01341,-0.028994,1.551454,3.6373,-0.10596,-0.006446,-0.353347,0.125,0.0,4.083333,0.080592,0.12632,0.146414
7662,158.299759,942.169983,0.765369,0.774636,0.25,0.041667,0.08917,50347.0,0.204819,0.330638,0.153163,0.308025,-0.058046,0.550452,10.744178,-0.02,-0.8,-0.02,-0.25,-0.6,-4.0,0.473291,-0.141925,-0.013663,0.0,-0.003704,-0.134811,-0.032679,-0.017211,-0.034099,0.757822,-0.097051,-0.162556,-0.01382,-0.034593,1.645741,3.720451,-0.104394,-0.002285,-0.338381,0.166667,0.0,4.166667,0.090458,0.135337,0.181691
7663,161.736649,972.27002,0.747374,0.77965,0.416667,0.0,0.089264,50730.0,0.228617,0.343415,0.137513,0.281474,-0.054327,0.494049,10.682811,-0.02,-0.8,-0.02,-0.25,-0.6,-4.0,0.479434,-0.149772,-0.021654,0.0,-0.0036,-0.120218,-0.032237,-0.015131,-0.03264,0.767171,-0.096583,-0.165292,-0.012883,-0.03275,1.631911,3.784716,-0.101117,-0.004979,-0.32206,0.166667,0.0,25.916668,0.101386,0.129134,0.142225
7664,159.012726,953.51001,0.763799,0.777856,0.125,0.125,0.08929,49648.0,0.212639,0.33727,0.14299,0.301259,-0.056048,0.546035,10.67211,-0.02,-0.8,-0.02,-0.25,-0.6,-4.0,0.476678,-0.154391,-0.017646,0.0,-0.002516,-0.137692,-0.032572,-0.016269,-0.034335,0.765517,-0.090611,-0.155701,-0.012936,-0.034929,1.639198,3.754504,-0.10332,-0.002294,-0.364535,0.041667,0.041667,4.083333,0.115622,0.114738,0.141899
7665,156.252411,936.059998,0.764751,0.784219,0.333333,0.0,0.089344,49341.0,0.221003,0.339725,0.15385,0.329979,-0.062995,0.5601,10.683186,-0.02,-0.8,-0.02,-0.25,-0.6,-4.0,0.4735,-0.151066,-0.017328,0.0,-0.003294,-0.121631,-0.034197,-0.018279,-0.033385,0.757805,-0.113471,-0.177013,-0.014401,-0.026678,1.606503,3.685771,-0.115417,-0.003797,-0.393479,0.083333,0.083333,4.291667,0.125377,0.121974,0.17421
7666,157.363968,974.23999,0.782882,0.816153,0.208333,0.0,0.089421,53292.0,0.254539,0.367137,0.160314,0.344802,-0.062681,0.583235,10.640827,-0.02,-0.8,-0.02,-0.25,-0.6,-4.0,0.49059,-0.156594,-0.022957,0.0,-0.001914,-0.140111,-0.035278,-0.019101,-0.036238,0.777567,-0.106836,-0.178712,-0.014505,-0.032652,1.632704,3.790268,-0.116685,-0.003751,-0.421062,0.083333,0.0,4.75,0.123603,0.108367,0.138238
7667,157.083328,941.580017,0.772686,0.794904,0.333333,0.0,0.089533,50608.0,0.226636,0.341695,0.166391,0.334628,-0.061169,0.591951,10.704948,-0.02,-0.8,-0.02,-0.25,-0.6,-4.0,0.483076,-0.149849,-0.017567,0.0,-0.002197,-0.14491,-0.034101,-0.01796,-0.035193,0.767554,-0.103243,-0.172115,-0.013835,-0.034487,1.641967,3.778573,-0.111164,-0.005642,-0.517263,0.083333,0.041667,5.083333,0.116138,0.114602,0.156666
7668,154.839722,938.219971,0.73742,0.776374,0.391304,0.043478,0.089775,45572.0,0.249064,0.339148,0.151864,0.312885,-0.058478,0.53394,10.718483,-0.02,-0.8,-0.02,-0.25,-0.6,-4.0,0.469878,-0.138391,-0.018329,0.0,-0.004251,-0.142705,-0.032973,-0.01703,-0.034659,0.749421,-0.107714,-0.174672,-0.015283,-0.037343,1.573357,3.665866,-0.106444,-0.00406,-0.355069,0.26087,0.0,4.217391,0.116612,0.128886,0.184972
7669,154.992035,930.799988,0.758318,0.761356,0.416667,0.0,0.089659,38309.0,0.222592,0.336345,0.159484,0.347794,-0.063325,0.588451,10.578043,-0.02,-0.8,-0.02,-0.25,-0.6,-4.0,0.469796,-0.151161,-0.019579,0.0,-0.004623,-0.153764,-0.034574,-0.019844,-0.036933,0.745891,-0.112943,-0.164935,-0.014947,-0.035873,1.577467,3.628454,-0.11824,-0.009988,-0.334259,0.208333,0.041667,4.125,0.214617,0.15027,0.168069
7670,153.409256,927.900024,0.773638,0.762978,0.208333,0.0,0.089832,35187.0,0.211456,0.331374,0.144642,0.293873,-0.054486,0.516223,10.621109,-0.02,-0.8,-0.02,-0.25,-0.6,-4.0,0.470702,-0.150589,-0.016554,0.0,-0.001914,-0.115806,-0.032495,-0.015459,-0.03106,0.766779,-0.099193,-0.157278,-0.012444,-0.028373,1.617141,3.702389,-0.102267,-0.003772,-0.351645,0.083333,0.125,4.541667,0.137584,0.111019,0.150199
7671,158.437393,970.200012,0.769533,0.798612,0.25,0.0,0.089954,37333.0,0.22989,0.339631,0.161165,0.332087,-0.060595,0.571054,10.508548,-0.02,-0.8,-0.02,-0.25,-0.6,-4.0,0.477765,-0.150782,-0.019785,0.0,-0.003369,-0.138838,-0.034314,-0.017768,-0.034964,0.767092,-0.104077,-0.172483,-0.01449,-0.034773,1.623365,3.716385,-0.110967,-0.012726,-0.492648,0.208333,0.0,4.625,0.138124,0.136639,0.16446
7672,151.968307,925.98999,0.719898,0.758764,0.333333,0.041667,0.090092,37113.0,0.22291,0.356103,0.1476,0.315899,-0.056779,0.538087,10.539046,-0.02,-0.8,-0.02,-0.25,-0.6,-4.0,0.46547,-0.140159,-0.023008,0.0,-0.004042,-0.131852,-0.0336,-0.017214,-0.033786,0.724487,-0.100356,-0.158059,-0.013601,-0.033615,1.575973,3.588813,-0.10839,-0.004191,-0.397978,0.166667,0.0,3.666667,0.156222,0.149672,0.19333
7673,156.782623,953.080017,0.781802,0.7916,0.208333,0.0,0.089834,35412.0,0.213365,0.339124,0.149604,0.297495,-0.055989,0.528491,10.49459,-0.02,-0.8,-0.02,-0.25,-0.6,-4.0,0.481215,-0.147732,-0.018973,0.0,-0.002446,-0.116975,-0.033454,-0.015184,-0.031554,0.775357,-0.097771,-0.163727,-0.012522,-0.029972,1.655415,3.779661,-0.103476,-0.014465,-0.462115,0.083333,0.0,3.958333,0.122347,0.108559,0.114682
7674,156.469528,950.409973,0.733327,0.740447,0.043478,0.0,0.089776,38602.0,0.217292,0.330162,0.146403,0.292939,-0.05505,0.509579,10.517739,-0.02,-0.8,-0.02,-0.25,-0.6,-4.0,0.46768,-0.137097,-0.024577,0.0,-0.003333,-0.123825,-0.033136,-0.015752,-0.032575,0.734644,-0.104026,-0.162886,-0.013149,-0.032359,1.593118,3.669443,-0.104566,-0.004566,-0.340185,0.217391,0.0,3.826087,0.147792,0.144173,0.166641
7675,160.670837,965.710022,0.771428,0.790933,0.375,0.041667,0.089802,35799.0,0.215026,0.340231,0.15546,0.317999,-0.05833,0.570978,10.480751,-0.02,-0.8,-0.02,-0.25,-0.6,-4.0,0.47809,-0.152618,-0.015159,0.0,-0.003105,-0.135642,-0.033732,-0.016541,-0.034122,0.776469,-0.102698,-0.169814,-0.014178,-0.033925,1.644674,3.739547,-0.107535,-0.002502,-0.375063,0.083333,0.0,5.333333,0.102706,0.123539,0.172317
7676,156.775772,954.549988,0.769289,0.797995,0.375,0.0,0.089954,36599.0,0.226964,0.349448,0.157544,0.324672,-0.062038,0.556034,10.495615,-0.02,-0.8,-0.02,-0.25,-0.6,-4.0,0.478264,-0.148563,-0.018556,0.0,-0.003687,-0.145984,-0.034842,-0.018409,-0.037075,0.765539,-0.111223,-0.175899,-0.015429,-0.037466,1.62254,3.698688,-0.113043,-0.003247,-0.385409,0.083333,0.0,4.416667,0.158142,0.117196,0.171326
7677,154.742386,932.280029,0.744211,0.770195,0.416667,0.083333,0.090119,42964.0,0.218446,0.3316,0.14909,0.310058,-0.056278,0.55321,10.466294,-0.02,-0.8,-0.02,-0.25,-0.6,-4.0,0.466089,-0.143643,-0.015661,0.0,-0.00509,-0.13396,-0.032737,-0.016379,-0.033085,0.744115,-0.108974,-0.16301,-0.014043,-0.036269,1.582948,3.659214,-0.105198,-0.002438,-0.383966,0.125,0.0,4.0,0.1254,0.146793,0.148455
7678,151.610001,920.47998,0.745029,0.765218,0.333333,0.0,0.090357,50174.0,0.221112,0.341757,0.146695,0.331843,-0.060252,0.567446,10.740616,-0.02,-0.8,-0.02,-0.25,-0.6,-4.0,0.461898,-0.155653,-0.016965,0.0,-0.005052,-0.134768,-0.033729,-0.018231,-0.033496,0.735324,-0.117188,-0.174008,-0.015213,-0.031795,1.569284,3.559541,-0.11184,-0.004797,-0.346218,0.25,0.0,4.458333,0.134873,0.142343,0.152983
7679,150.60202,923.640015,0.735415,0.76255,0.458333,0.041667,0.090493,51242.0,0.207623,0.32771,0.139592,0.302973,-0.056379,0.527135,10.514281,-0.02,-0.8,-0.02,-0.25,-0.6,-4.0,0.46243,-0.152467,-0.013771,0.0,-0.004464,-0.125434,-0.032819,-0.016241,-0.03294,0.749504,-0.100412,-0.160429,-0.013562,-0.030609,1.585051,3.628042,-0.106342,-0.005519,-0.37115,0.083333,0.041667,3.875,0.10774,0.113026,0.187105
7680,161.034454,984.580017,0.814493,0.810575,0.086957,0.0,0.090263,48572.0,0.234097,0.36069,0.139989,0.298367,-0.056257,0.530122,10.446276,-0.02,-0.8,-0.02,-0.25,-0.6,-4.0,0.494621,-0.161571,-0.027231,0.0,-0.001266,-0.127102,-0.034399,-0.016235,-0.034028,0.782974,-0.098855,-0.162056,-0.014121,-0.032739,1.671378,3.857065,-0.106224,-0.008204,-0.424002,0.086957,0.0,4.217391,0.156364,0.107012,0.141541
7681,161.420853,974.830017,0.802472,0.793532,0.083333,0.041667,0.090338,49402.0,0.23879,0.340762,0.141223,0.294055,-0.052639,0.527449,10.64102,-0.02,-0.8,-0.02,-0.25,-0.6,-4.0,0.487683,-0.161506,-0.020645,0.0,-0.001639,-0.114137,-0.034196,-0.015727,-0.031294,0.781825,-0.103024,-0.171518,-0.013637,-0.028413,1.66341,3.851099,-0.102142,-0.051398,-0.352149,0.083333,0.0,4.125,0.095585,0.120132,0.169931
7682,162.539825,973.469971,0.76281,0.80441,0.208333,0.0,0.090958,50287.0,0.242989,0.342837,0.150903,0.310209,-0.057561,0.532736,10.526396,-0.02,-0.8,-0.02,-0.25,-0.6,-4.0,0.486492,-0.146484,-0.021896,0.0,-0.001974,-0.139684,-0.034519,-0.016758,-0.035314,0.769491,-0.101794,-0.175062,-0.014759,-0.037075,1.62584,3.805794,-0.108106,-0.004892,-0.301079,0.083333,0.0,4.5,0.108469,0.120116,0.139709
7683,158.414047,956.179993,0.78228,0.788034,0.208333,0.041667,0.091076,50048.0,0.223974,0.329954,0.135104,0.287606,-0.050389,0.491184,10.516131,-0.02,-0.8,-0.02,-0.25,-0.6,-4.0,0.476516,-0.155885,-0.015331,0.0,-0.003266,-0.115452,-0.032894,-0.015328,-0.03147,0.77176,-0.102755,-0.161205,-0.013302,-0.029078,1.618174,3.770392,-0.101003,-0.007767,-0.364766,0.208333,0.0,4.458333,0.122355,0.102238,0.149237
7684,154.691422,934.640015,0.749501,0.766374,0.291667,0.0,0.091081,48014.0,0.230104,0.33949,0.150091,0.311971,-0.05668,0.542675,10.566103,-0.02,-0.8,-0.02,-0.25,-0.6,-4.0,0.475839,-0.151337,-0.020893,0.0,-0.002673,-0.137753,-0.033933,-0.016889,-0.03375,0.757955,-0.107303,-0.163636,-0.014139,-0.03377,1.601808,3.720467,-0.107504,-0.004808,-0.306568,0.166667,0.0,4.5,0.096506,0.133286,0.174318
7685,150.064072,916.580017,0.73109,0.738655,0.416667,0.041667,0.0914,49803.0,0.229856,0.342531,0.141219,0.303431,-0.054125,0.533506,10.594304,-0.02,-0.8,-0.02,-0.25,-0.6,-4.0,0.459174,-0.146072,-0.017641,0.0,-0.004155,-0.12534,-0.032531,-0.015189,-0.031336,0.734877,-0.105163,-0.174023,-0.013559,-0.032752,1.527728,3.560581,-0.101065,-0.003813,-0.330594,0.125,0.0,4.0,0.123452,0.134576,0.191926
7686,157.110855,934.47998,0.712322,0.747572,0.541667,0.0,0.09137,49908.0,0.231115,0.332493,0.154124,0.308614,-0.054442,0.549892,10.535389,-0.02,-0.8,-0.02,-0.25,-0.6,-4.0,0.461943,-0.142871,-0.02143,0.0,-0.005488,-0.120032,-0.032998,-0.015933,-0.031291,0.739877,-0.10599,-0.16476,-0.01218,-0.030568,1.56449,3.616527,-0.102641,-0.002531,-0.276196,0.041667,0.0,4.458333,0.114357,0.127342,0.182021
7687,158.174774,976.27002,0.785799,0.816463,0.086957,0.043478,0.091407,51146.0,0.252597,0.354167,0.150626,0.327814,-0.060084,0.548659,10.488823,-0.02,-0.8,-0.02,-0.25,-0.6,-4.0,0.486517,-0.14461,-0.024801,0.0,-0.001696,-0.142263,-0.036083,-0.018005,-0.037064,0.763131,-0.10445,-0.186162,-0.014201,-0.035765,1.611019,3.766066,-0.116581,-0.005812,-0.341699,0.130435,0.043478,4.652174,0.132056,0.08572,0.129223
7688,167.448425,988.690002,0.806299,0.811205,0.041667,0.0,0.091484,48018.0,0.227415,0.351578,0.14645,0.296899,-0.055527,0.508281,10.621607,-0.02,-0.8,-0.02,-0.25,-0.6,-4.0,0.496409,-0.15272,-0.019916,0.0,-0.000602,-0.122236,-0.035159,-0.016697,-0.03342,0.794272,-0.10091,-0.168399,-0.013973,-0.031628,1.701233,3.897769,-0.108572,-0.003586,-0.199493,0.041667,0.0,4.75,0.088457,0.095303,0.145279
7689,152.158661,941.960022,0.747703,0.79424,0.25,0.0,0.09164,50383.0,0.274287,0.344794,0.145853,0.312348,-0.056728,0.524752,10.548878,-0.02,-0.8,-0.02,-0.25,-0.6,-4.0,0.477398,-0.154779,-0.024454,0.0,-0.002655,-0.127431,-0.034181,-0.017731,-0.033281,0.757825,-0.099924,-0.15898,-0.014091,-0.031986,1.547262,3.715311,-0.108157,-0.005462,-0.454972,0.083333,0.041667,4.375,0.116253,0.112436,0.177584
7690,158.47406,954.590027,0.781311,0.781476,0.208333,0.0,0.091765,38142.0,0.237571,0.353038,0.151561,0.308151,-0.056978,0.543135,10.573947,-0.02,-0.8,-0.02,-0.25,-0.6,-4.0,0.481604,-0.151409,-0.019139,0.0,-0.002189,-0.135108,-0.034345,-0.016595,-0.033753,0.766335,-0.097865,-0.162387,-0.014151,-0.035031,1.62004,3.733761,-0.106917,-0.004541,-0.39258,0.125,0.083333,4.791667,0.145321,0.139342,0.153584
7691,157.902344,962.97998,0.783708,0.785603,0.318182,0.0,0.091591,38097.0,0.24226,0.35927,0.141019,0.276657,-0.050038,0.481196,10.564421,-0.02,-0.8,-0.02,-0.25,-0.6,-4.0,0.484087,-0.142586,-0.019668,0.0,-0.002164,-0.112967,-0.034241,-0.01464,-0.031031,0.778585,-0.113494,-0.184236,-0.013694,-0.029624,1.636712,3.769758,-0.099853,-0.012926,-0.30596,0.090909,0.0,4.227273,0.116233,0.125606,0.162372
7692,163.117371,983.909973,0.789081,0.805997,0.083333,0.0,0.091577,41145.0,0.225157,0.358924,0.153373,0.317674,-0.057601,0.557092,10.497153,-0.02,-0.8,-0.02,-0.25,-0.6,-4.0,0.488075,-0.156752,-0.018712,0.0,-0.001,-0.137106,-0.035359,-0.01733,-0.03444,0.782804,-0.108836,-0.164101,-0.014423,-0.034015,1.673208,3.790043,-0.111211,-0.005829,-0.300736,0.0,0.041667,4.875,0.167201,0.102592,0.147194
7693,161.761841,971.150024,0.78872,0.789454,0.125,0.041667,0.09174,37227.0,0.21006,0.345878,0.136088,0.28385,-0.050446,0.503497,10.47473,-0.02,-0.8,-0.02,-0.25,-0.6,-4.0,0.482659,-0.148751,-0.018155,0.0,-0.002139,-0.114054,-0.033452,-0.014747,-0.031721,0.758335,-0.097482,-0.175163,-0.013536,-0.031257,1.677745,3.792416,-0.099047,-0.003003,-0.322287,0.041667,0.0,3.958333,0.079358,0.118575,0.16514
7694,162.017258,984.190002,0.795492,0.805909,0.217391,0.0,0.091473,38636.0,0.244018,0.355347,0.159454,0.331244,-0.059815,0.584706,10.483854,-0.02,-0.8,-0.02,-0.25,-0.6,-4.0,0.49348,-0.153457,-0.021052,0.0,-0.001971,-0.125907,-0.035972,-0.016755,-0.033192,0.78893,-0.108304,-0.178981,-0.014368,-0.03012,1.666906,3.855674,-0.11388,-0.004664,-0.410641,0.0,0.043478,4.695652,0.105934,0.116321,0.151622
7695,153.847427,960.48999,0.764428,0.754427,0.291667,0.0,0.09176,36298.0,0.23535,0.365505,0.151722,0.342723,-0.066541,0.563643,10.516775,-0.02,-0.8,-0.02,-0.25,-0.6,-4.0,0.471303,-0.152161,-0.024114,0.0,-0.003849,-0.146723,-0.036264,-0.019774,-0.037141,0.741297,-0.116536,-0.178897,-0.016445,-0.034055,1.565822,3.594141,-0.122864,-0.007371,-0.433825,0.083333,0.0,4.375,0.102353,0.107639,0.18226
7696,157.599258,963.679993,0.774808,0.800033,0.25,0.0,0.091862,38018.0,0.227599,0.345697,0.152792,0.340029,-0.062523,0.57207,10.479742,-0.02,-0.8,-0.02,-0.25,-0.6,-4.0,0.482735,-0.156466,-0.018719,0.0,-0.002294,-0.148842,-0.035865,-0.018644,-0.037075,0.754585,-0.10061,-0.164095,-0.014325,-0.035754,1.632038,3.752988,-0.118534,-0.003247,-0.448909,0.083333,0.041667,4.416667,0.128111,0.112256,0.173001
7697,155.981262,952.97998,0.763607,0.806743,0.25,0.0,0.091798,38215.0,0.226766,0.34255,0.151997,0.311832,-0.055803,0.537734,10.642424,-0.02,-0.8,-0.02,-0.25,-0.6,-4.0,0.479964,-0.15594,-0.021174,0.0,-0.003196,-0.134893,-0.034999,-0.016614,-0.033181,0.76876,-0.101702,-0.168628,-0.013317,-0.033681,1.649161,3.766401,-0.109365,-0.003703,-0.44479,0.125,0.0,4.166667,0.09696,0.113186,0.149752
7698,153.245728,950.380005,0.761763,0.770907,0.375,0.0,0.091984,36915.0,0.243873,0.351081,0.148194,0.327731,-0.061319,0.558626,10.506145,-0.02,-0.8,-0.02,-0.25,-0.6,-4.0,0.476769,-0.157321,-0.020004,0.0,-0.003726,-0.149192,-0.035345,-0.01825,-0.035244,0.759438,-0.103922,-0.164817,-0.014684,-0.038878,1.600146,3.706589,-0.114422,-0.004883,-0.371862,0.125,0.0,4.375,0.12142,0.127118,0.180317
7699,150.948288,925.409973,0.70744,0.719121,0.458333,0.0,0.091977,36403.0,0.230607,0.335134,0.144299,0.302552,-0.056529,0.512758,10.576527,-0.02,-0.8,-0.02,-0.25,-0.6,-4.0,0.448979,-0.140103,-0.023823,0.0,-0.006097,-0.133525,-0.033893,-0.016817,-0.034113,0.701675,-0.115347,-0.164824,-0.014098,-0.032482,1.501616,3.458549,-0.109881,-0.004942,-0.349813,0.208333,0.0,3.791667,0.174919,0.148962,0.228262
7700,155.284073,941.960022,0.754365,0.781795,0.304348,0.0,0.092331,39203.0,0.240197,0.342861,0.145625,0.298048,-0.05523,0.519104,10.55206,-0.02,-0.8,-0.02,-0.25,-0.6,-4.0,0.476486,-0.158831,-0.024198,0.0,-0.002768,-0.134317,-0.034508,-0.016433,-0.033745,0.754465,-0.096268,-0.15865,-0.012857,-0.034889,1.60845,3.742045,-0.107062,-0.003959,-0.333173,0.130435,0.0,4.521739,0.124072,0.113897,0.159131
7701,159.530685,968.090027,0.790372,0.805324,0.375,0.083333,0.092203,36990.0,0.233597,0.363956,0.155089,0.296541,-0.054145,0.519212,10.497036,-0.02,-0.8,-0.02,-0.25,-0.6,-4.0,0.485026,-0.143559,-0.018275,0.0,-0.003957,-0.126899,-0.035179,-0.016005,-0.033454,0.788014,-0.106291,-0.175884,-0.012044,-0.032754,1.659053,3.76032,-0.105345,-0.002979,-0.392762,0.25,0.0,4.625,0.088109,0.123933,0.171909
7702,153.832245,948.450012,0.757311,0.768884,0.291667,0.0,0.092306,38141.0,0.212457,0.367921,0.149348,0.313942,-0.058862,0.532363,10.512975,-0.02,-0.8,-0.02,-0.25,-0.6,-4.0,0.473531,-0.150658,-0.01636,0.0,-0.003639,-0.129391,-0.035467,-0.017823,-0.033899,0.760533,-0.106898,-0.177013,-0.014558,-0.031004,1.631994,3.633064,-0.114598,-0.005401,-0.481633,0.083333,0.0,3.75,0.116315,0.122609,0.173135
7703,158.533173,949.320007,0.76575,0.782292,0.458333,0.041667,0.092454,36193.0,0.214363,0.341538,0.160907,0.349133,-0.062604,0.610146,10.493052,-0.02,-0.8,-0.02,-0.25,-0.6,-4.0,0.475191,-0.158043,-0.018321,0.0,-0.004115,-0.135535,-0.035701,-0.018266,-0.033891,0.753836,-0.109236,-0.172283,-0.013276,-0.030867,1.634163,3.699317,-0.117064,-0.014435,-0.249523,0.166667,0.0,3.916667,0.111052,0.118297,0.205628
7704,153.968567,939.01001,0.748796,0.774134,0.375,0.0,0.092513,34556.0,0.272405,0.337841,0.153114,0.315073,-0.057589,0.530645,10.395124,-0.02,-0.8,-0.02,-0.25,-0.6,-4.0,0.467991,-0.147146,-0.021205,0.0,-0.004214,-0.131886,-0.035126,-0.017296,-0.033677,0.74521,-0.107731,-0.170198,-0.013523,-0.032464,1.522632,3.629126,-0.110716,-0.006616,-0.306021,0.166667,0.041667,4.583333,0.15035,0.130081,0.170696
7705,160.997681,956.859985,0.785694,0.789896,0.434783,0.0,0.092555,38336.0,0.247137,0.35097,0.155858,0.323379,-0.059058,0.559529,10.581957,-0.02,-0.8,-0.02,-0.25,-0.6,-4.0,0.480702,-0.145516,-0.01759,0.0,-0.001845,-0.130479,-0.03559,-0.017265,-0.033762,0.760569,-0.105053,-0.164829,-0.014112,-0.033459,1.618671,3.730167,-0.111989,-0.008215,-0.343389,0.0,0.086957,26.52174,0.110484,0.102293,0.154968
7706,153.741867,956.669983,0.760919,0.804259,0.125,0.0,0.09299,38666.0,0.234363,0.353564,0.163193,0.329115,-0.058645,0.581743,10.36619,-0.02,-0.8,-0.02,-0.25,-0.6,-4.0,0.479174,-0.148598,-0.017949,0.0,-0.001861,-0.13043,-0.035632,-0.016455,-0.033219,0.767662,-0.121511,-0.183086,-0.014634,-0.034178,1.617109,3.662823,-0.108569,-0.005734,-0.718194,0.083333,0.083333,3.666667,0.115443,0.110818,0.117632
7707,156.597824,956.219971,0.784728,0.779787,0.25,0.0,0.092935,36888.0,0.23902,0.353569,0.155834,0.30942,-0.056994,0.534318,10.578866,-0.02,-0.8,-0.02,-0.25,-0.6,-4.0,0.483465,-0.14331,-0.015095,0.0,-0.003389,-0.130092,-0.036135,-0.016841,-0.034756,0.77665,-0.116599,-0.18488,-0.013147,-0.032067,1.633804,3.721488,-0.112095,-0.003906,-0.298515,0.208333,0.0,4.541667,0.162272,0.135385,0.177757
7708,152.451385,925.22998,0.760799,0.769821,0.416667,0.0,0.092662,38883.0,0.221433,0.3411,0.143419,0.298765,-0.055445,0.510524,10.542641,-0.02,-0.8,-0.02,-0.25,-0.6,-4.0,0.474506,-0.149231,-0.022826,0.0,-0.002715,-0.124313,-0.034977,-0.01629,-0.0327,0.746338,-0.101147,-0.160889,-0.013543,-0.03018,1.626818,3.689635,-0.109169,-0.003404,-0.361307,0.041667,0.0,4.75,0.123813,0.117379,0.172622
7709,161.395508,980.909973,0.776637,0.803929,0.217391,0.0,0.092719,38562.0,0.251595,0.349369,0.156465,0.321042,-0.059203,0.542291,10.527872,-0.02,-0.8,-0.02,-0.25,-0.6,-4.0,0.486549,-0.147519,-0.01696,0.0,-0.002061,-0.13423,-0.036487,-0.017467,-0.035036,0.784916,-0.100849,-0.168565,-0.013333,-0.033993,1.641468,3.775226,-0.114249,-0.003901,-0.427502,0.130435,0.0,5.347826,0.092733,0.098909,0.154057
7710,159.014511,963.640015,0.755691,0.769052,0.208333,0.0,0.092755,37405.0,0.247313,0.351485,0.148582,0.314031,-0.057193,0.535054,10.462697,-0.02,-0.8,-0.02,-0.25,-0.6,-4.0,0.472765,-0.146689,-0.025062,0.0,-0.003673,-0.135963,-0.035673,-0.017105,-0.034254,0.746845,-0.105054,-0.174133,-0.014468,-0.034415,1.573866,3.638329,-0.111217,-0.004843,-0.290686,0.166667,0.041667,4.416667,0.148106,0.113254,0.181633
7711,158.042435,971.219971,0.79058,0.793099,0.25,0.0,0.092626,36376.0,0.265592,0.3624,0.150942,0.294306,-0.054616,0.506307,10.588448,-0.02,-0.8,-0.02,-0.25,-0.6,-4.0,0.48579,-0.143487,-0.020385,0.0,-0.001944,-0.128863,-0.035737,-0.016147,-0.034531,0.774688,-0.106925,-0.176405,-0.013685,-0.034811,1.601989,3.745613,-0.106985,-0.003146,-0.281905,0.0,0.0,4.583333,0.092915,0.106554,0.163881
7712,152.850586,916.119995,0.730399,0.739605,0.375,0.0,0.092579,38582.0,0.224795,0.328278,0.140154,0.288389,-0.053709,0.509014,10.67115,-0.02,-0.8,-0.02,-0.25,-0.6,-4.0,0.451662,-0.141421,-0.017295,0.0,-0.004014,-0.123184,-0.033249,-0.015336,-0.031569,0.727377,-0.097342,-0.15888,-0.012931,-0.031357,1.52628,3.513947,-0.10327,-0.005384,-0.270504,0.041667,0.083333,4.166667,0.097557,0.127796,0.204857
7713,150.749298,927.059998,0.737446,0.775969,0.375,0.0,0.09256,38672.0,0.261863,0.33779,0.143907,0.300729,-0.053759,0.515244,10.56303,-0.02,-0.8,-0.02,-0.25,-0.6,-4.0,0.466714,-0.147894,-0.020844,0.0,-0.004242,-0.125299,-0.034276,-0.015763,-0.03118,0.742852,-0.097252,-0.15781,-0.012173,-0.031846,1.534166,3.65934,-0.104934,-0.015609,-0.405267,0.166667,0.0,4.625,0.107141,0.123897,0.156961
7714,155.697189,934.01001,0.756332,0.761653,0.208333,0.0,0.092399,36460.0,0.2158,0.349093,0.154709,0.301856,-0.055636,0.545779,10.432264,-0.02,-0.8,-0.02,-0.25,-0.6,-4.0,0.467087,-0.143722,-0.017706,0.0,-0.003333,-0.124661,-0.03473,-0.015717,-0.032087,0.742981,-0.106162,-0.178945,-0.013798,-0.031276,1.608926,3.603998,-0.105237,-0.006886,-0.314181,0.166667,0.041667,3.75,0.106446,0.120979,0.19897
7715,147.70578,905.48999,0.735654,0.735994,0.541667,0.0,0.092426,36697.0,0.273029,0.33124,0.141889,0.308673,-0.054605,0.523906,10.558479,-0.02,-0.8,-0.02,-0.25,-0.6,-4.0,0.455185,-0.142152,-0.02122,0.0,-0.006073,-0.128206,-0.034842,-0.016769,-0.031719,0.722757,-0.113897,-0.183051,-0.013553,-0.032044,1.480325,3.534503,-0.108311,-0.006133,-0.349184,0.25,0.0,4.083333,0.167403,0.148423,0.204101
7716,151.804108,948.609985,0.764098,0.767616,0.217391,0.043478,0.092372,36685.0,0.322078,0.354124,0.125424,0.270826,-0.05041,0.443283,10.48895,-0.02,-0.8,-0.02,-0.25,-0.6,-4.0,0.475895,-0.152478,-0.028586,0.0,-0.002847,-0.126317,-0.034597,-0.01552,-0.033197,0.739852,-0.103465,-0.155913,-0.013989,-0.034832,1.486315,3.704096,-0.102319,-0.00496,-0.268912,0.130435,0.043478,4.217391,0.169931,0.130401,0.16307
7717,153.985062,932.700012,0.758026,0.778856,0.458333,0.0,0.0924,40716.0,0.217052,0.336638,0.142323,0.29663,-0.056026,0.519159,10.559813,-0.02,-0.8,-0.02,-0.25,-0.6,-4.0,0.468857,-0.149563,-0.017168,0.0,-0.00342,-0.131664,-0.034945,-0.016638,-0.033299,0.760349,-0.099735,-0.155592,-0.013937,-0.033517,1.614581,3.669717,-0.109551,-0.003031,-0.379084,0.166667,0.0,5.125,0.117746,0.120709,0.168462
7718,149.000137,938.190002,0.781866,0.771557,0.208333,0.041667,0.092308,51748.0,0.225046,0.344656,0.150659,0.310719,-0.055695,0.572221,10.549404,-0.02,-0.8,-0.02,-0.25,-0.6,-4.0,0.475518,-0.149959,-0.016266,0.0,-0.002833,-0.137113,-0.035517,-0.01673,-0.034234,0.774193,-0.106414,-0.16684,-0.014133,-0.035552,1.63962,3.684715,-0.107983,-0.003415,-0.526315,0.166667,0.041667,4.583333,0.145204,0.116352,0.156657
7719,156.328323,952.219971,0.795704,0.789439,0.333333,0.0,0.092378,50239.0,0.271307,0.35599,0.149736,0.305913,-0.054896,0.565409,10.485671,-0.02,-0.8,-0.02,-0.25,-0.6,-4.0,0.484329,-0.157574,-0.016109,0.0,-0.002294,-0.146243,-0.034898,-0.015608,-0.034046,0.792734,-0.098282,-0.159184,-0.014367,-0.040081,1.600403,3.768215,-0.102664,-0.004173,-0.384186,0.125,0.0,4.583333,0.104243,0.12653,0.152708
7720,160.99881,962.179993,0.77236,0.772675,0.125,0.083333,0.092522,49548.0,0.245889,0.345742,0.137795,0.290075,-0.053008,0.497861,10.49613,-0.02,-0.8,-0.02,-0.25,-0.6,-4.0,0.476919,-0.157217,-0.023482,0.0,-0.00371,-0.118972,-0.035275,-0.01589,-0.032952,0.756841,-0.105477,-0.166999,-0.014038,-0.029429,1.594556,3.725137,-0.106945,-0.004391,-0.265045,0.208333,0.0,4.25,0.148006,0.125133,0.180094
7721,147.145554,892.820007,0.719059,0.714603,0.583333,0.0,0.092809,47137.0,0.234102,0.335106,0.133776,0.281393,-0.054488,0.47535,10.424048,-0.02,-0.8,-0.02,-0.25,-0.6,-4.0,0.437809,-0.139157,-0.020807,0.0,-0.006972,-0.130306,-0.034201,-0.017823,-0.032319,0.695451,-0.115713,-0.185486,-0.014685,-0.033313,1.449695,3.364954,-0.104643,-0.007022,-0.232235,0.125,0.041667,3.5,0.149602,0.155766,0.229576
7722,156.605774,955.210022,0.758547,0.801953,0.25,0.0,0.09262,50345.0,0.244082,0.346015,0.168922,0.355056,-0.062871,0.614391,10.441427,-0.02,-0.8,-0.02,-0.25,-0.6,-4.0,0.482346,-0.147467,-0.015689,0.0,-0.001909,-0.127868,-0.037199,-0.017801,-0.034358,0.77102,-0.107435,-0.186444,-0.014611,-0.030688,1.630759,3.721643,-0.118549,-0.004116,-0.476051,0.041667,0.0,4.083333,0.096793,0.120368,0.160531
7723,162.411804,985.299988,0.809325,0.808567,0.083333,0.0,0.092783,50359.0,0.256603,0.35895,0.150999,0.3202,-0.059255,0.538414,10.46372,-0.02,-0.8,-0.02,-0.25,-0.6,-4.0,0.489456,-0.158859,-0.018738,0.0,-0.002264,-0.137132,-0.036798,-0.017735,-0.034736,0.781903,-0.10999,-0.179072,-0.01555,-0.033224,1.618477,3.783844,-0.114679,-0.002964,-0.329402,0.166667,0.0,4.416667,0.112374,0.086773,0.16561
7724,157.401169,948.890015,0.761193,0.796839,0.291667,0.0,0.092893,50737.0,0.25383,0.344353,0.14748,0.31992,-0.058222,0.537095,10.507952,-0.02,-0.8,-0.02,-0.25,-0.6,-4.0,0.47879,-0.148104,-0.018619,0.0,-0.003657,-0.131038,-0.036337,-0.018117,-0.034254,0.765365,-0.106041,-0.17226,-0.014083,-0.031093,1.595913,3.712646,-0.115282,-0.002498,-0.321322,0.125,0.041667,4.375,0.103697,0.12203,0.192903
7725,160.089615,963.099976,0.805895,0.813983,0.166667,0.0,0.092585,46789.0,0.226948,0.350026,0.157561,0.321617,-0.059393,0.58177,10.462146,-0.02,-0.8,-0.02,-0.25,-0.6,-4.0,0.484832,-0.150404,-0.01198,0.0,-0.001689,-0.146379,-0.036283,-0.016772,-0.034578,0.789953,-0.09874,-0.159778,-0.013804,-0.039372,1.657743,3.760214,-0.112215,-0.003068,-0.451323,0.125,0.041667,4.25,0.085028,0.092774,0.159732
7726,158.209793,957.919983,0.789271,0.808771,0.25,0.0,0.092824,49835.0,0.231686,0.359287,0.147397,0.304666,-0.058196,0.525242,10.546093,-0.02,-0.8,-0.02,-0.25,-0.6,-4.0,0.482998,-0.154901,-0.019088,0.0,-0.0025,-0.13613,-0.036149,-0.016668,-0.034836,0.779334,-0.097357,-0.159916,-0.013168,-0.034398,1.635845,3.731105,-0.112035,-0.003096,-0.414631,0.041667,0.0,4.333333,0.110816,0.100354,0.150993
7727,153.05481,951.090027,0.774992,0.803055,0.130435,0.0,0.092569,52071.0,0.229442,0.368515,0.148271,0.305284,-0.054771,0.538965,10.426533,-0.02,-0.8,-0.02,-0.25,-0.6,-4.0,0.483853,-0.145597,-0.018585,0.0,-0.001756,-0.121315,-0.036355,-0.015651,-0.0336,0.775307,-0.108054,-0.17403,-0.013214,-0.030715,1.657067,3.698452,-0.107995,-0.003592,-0.550563,0.086957,0.0,3.695652,0.134225,0.121556,0.13687
7728,159.570602,978.590027,0.807237,0.81842,0.130435,0.0,0.092664,51766.0,0.276,0.357103,0.152836,0.330235,-0.062478,0.54804,10.614865,-0.02,-0.8,-0.02,-0.25,-0.6,-4.0,0.491416,-0.157081,-0.022295,0.0,-0.002169,-0.134801,-0.03723,-0.017712,-0.035375,0.771579,-0.101883,-0.167106,-0.015127,-0.032567,1.603933,3.819597,-0.118731,-0.004165,-0.445966,0.130435,0.0,4.913043,0.080301,0.121171,0.160036
7729,146.030548,907.5,0.746053,0.754015,0.5,0.0,0.092727,50363.0,0.239813,0.341215,0.156165,0.31955,-0.058891,0.540124,10.531603,-0.02,-0.8,-0.02,-0.25,-0.6,-4.0,0.463235,-0.139882,-0.025063,0.0,-0.005069,-0.138151,-0.036043,-0.017664,-0.034192,0.740444,-0.110014,-0.193913,-0.014139,-0.034159,1.546793,3.559851,-0.113583,-0.007587,-0.324011,0.208333,0.041667,4.666667,0.140428,0.123013,0.197475
7730,154.23143,961.47998,0.75417,0.793131,0.25,0.041667,0.092772,39340.0,0.258956,0.356407,0.15291,0.316382,-0.05995,0.533347,10.350886,-0.02,-0.8,-0.02,-0.25,-0.6,-4.0,0.483627,-0.151235,-0.017729,0.0,-0.00313,-0.143944,-0.037745,-0.017956,-0.036409,0.770919,-0.11287,-0.178904,-0.013612,-0.036325,1.618438,3.725591,-0.117072,-0.004119,-0.391315,0.083333,0.041667,3.958333,0.106523,0.126758,0.153915
7731,165.846619,992.190002,0.815846,0.823702,0.166667,0.0,0.092752,37857.0,0.236209,0.358319,0.138997,0.286199,-0.053367,0.506506,10.467624,-0.02,-0.8,-0.02,-0.25,-0.6,-4.0,0.494515,-0.159776,-0.015375,0.0,-0.001419,-0.130019,-0.036317,-0.015695,-0.033448,0.794062,-0.101169,-0.167306,-0.014404,-0.035093,1.694062,3.84824,-0.106175,-0.003754,-0.273923,0.041667,0.0,4.875,0.125106,0.112439,0.139375
7732,156.984772,966.049988,0.775103,0.79703,0.173913,0.0,0.092474,38163.0,0.257286,0.356987,0.154215,0.32943,-0.060402,0.565352,10.58068,-0.02,-0.8,-0.02,-0.25,-0.6,-4.0,0.487491,-0.152398,-0.023222,0.0,-0.001383,-0.133333,-0.037298,-0.017561,-0.03507,0.76837,-0.11447,-0.186171,-0.015052,-0.032358,1.613367,3.767295,-0.11613,-0.006681,-0.372135,0.086957,0.043478,4.869565,0.103848,0.126067,0.143023
7733,153.432571,956.5,0.774354,0.795706,0.391304,0.0,0.09254,36638.0,0.242296,0.347436,0.144695,0.30261,-0.054058,0.535026,10.535729,-0.02,-0.8,-0.02,-0.25,-0.6,-4.0,0.479695,-0.154076,-0.012859,0.0,-0.003498,-0.121451,-0.035497,-0.01612,-0.03228,0.778627,-0.105828,-0.169948,-0.014574,-0.032372,1.623309,3.723,-0.106398,-0.003714,-0.487843,0.043478,0.0,4.0,0.125507,0.107323,0.158181
7734,151.694565,924.190002,0.74011,0.749671,0.458333,0.0,0.092567,37031.0,0.241551,0.320417,0.124853,0.260649,-0.048385,0.461119,10.58462,-0.02,-0.8,-0.02,-0.25,-0.6,-4.0,0.459142,-0.145273,-0.018093,0.0,-0.004405,-0.113192,-0.033422,-0.013815,-0.030585,0.741445,-0.097448,-0.153831,-0.012048,-0.029637,1.544056,3.61582,-0.096861,-0.003114,-0.343948,0.041667,0.0,4.208333,0.107464,0.111003,0.193014
7735,158.830032,961.76001,0.792665,0.779673,0.217391,0.086957,0.092668,36904.0,0.262371,0.361508,0.162569,0.333293,-0.061648,0.577953,10.519321,-0.02,-0.8,-0.02,-0.25,-0.6,-4.0,0.484372,-0.14591,-0.017514,0.0,-0.002712,-0.145144,-0.038533,-0.019315,-0.036736,0.783125,-0.120537,-0.19058,-0.015315,-0.037375,1.615645,3.686723,-0.117755,-0.002995,-0.327329,0.086957,0.0,4.521739,0.150416,0.113143,0.172294
7736,162.891586,979.530029,0.789165,0.800347,0.208333,0.0,0.092684,35820.0,0.26417,0.360423,0.156115,0.320657,-0.058587,0.567526,10.430891,-0.02,-0.8,-0.02,-0.25,-0.6,-4.0,0.491434,-0.153541,-0.016478,0.0,-0.001917,-0.13295,-0.03692,-0.016337,-0.03405,0.791247,-0.101481,-0.169339,-0.013663,-0.034311,1.635117,3.811,-0.11128,-0.005399,-0.328616,0.041667,0.041667,4.333333,0.111453,0.121664,0.141321
7737,150.362823,919.119995,0.750324,0.774856,0.416667,0.0,0.092888,38792.0,0.240468,0.352675,0.145282,0.29288,-0.055488,0.521143,10.441456,-0.02,-0.8,-0.02,-0.25,-0.6,-4.0,0.467572,-0.146018,-0.017533,0.0,-0.003254,-0.129992,-0.035512,-0.016249,-0.032823,0.754808,-0.110125,-0.174474,-0.013848,-0.034678,1.571055,3.607566,-0.10577,-0.002758,-0.304832,0.0,0.083333,4.791667,0.084309,0.109266,0.195171
7738,155.016556,947.26001,0.752198,0.766352,0.333333,0.0,0.092895,38428.0,0.230792,0.363077,0.142221,0.303809,-0.058307,0.532234,10.410445,-0.02,-0.8,-0.02,-0.25,-0.6,-4.0,0.474824,-0.154533,-0.02645,0.0,-0.003353,-0.134217,-0.035767,-0.016739,-0.034014,0.744479,-0.107268,-0.171602,-0.013886,-0.035398,1.603053,3.663732,-0.109491,-0.00403,-0.302607,0.166667,0.041667,4.083333,0.109108,0.135997,0.185449
7739,154.690109,947.059998,0.817511,0.79491,0.25,0.041667,0.093177,47964.0,0.299468,0.34999,0.150048,0.31438,-0.060771,0.537938,10.44718,-0.02,-0.8,-0.02,-0.25,-0.6,-4.0,0.480706,-0.157462,-0.019253,0.0,-0.002442,-0.13508,-0.036362,-0.01746,-0.03361,0.764903,-0.109582,-0.17615,-0.014132,-0.033138,1.54659,3.74413,-0.113941,-0.005173,-0.32352,0.083333,0.041667,4.375,0.082014,0.108526,0.188093
7740,154.684982,950.159973,0.759417,0.766016,0.363636,0.0,0.093181,56006.0,0.258111,0.3564,0.146545,0.301612,-0.054858,0.514204,10.51961,-0.02,-0.8,-0.02,-0.25,-0.6,-4.0,0.471563,-0.142262,-0.02286,0.0,-0.0036,-0.132945,-0.035435,-0.016217,-0.035005,0.738139,-0.103459,-0.171874,-0.014366,-0.035782,1.560238,3.620656,-0.106455,-0.007075,-0.310855,0.090909,0.0,4.409091,0.119373,0.127718,0.215842
7741,154.926849,933.26001,0.767519,0.781194,0.391304,0.0,0.093402,54784.0,0.255451,0.352732,0.144975,0.310413,-0.059216,0.53239,10.56566,-0.02,-0.8,-0.02,-0.25,-0.6,-4.0,0.471571,-0.150182,-0.019196,0.0,-0.0033,-0.151689,-0.036683,-0.017981,-0.03694,0.752592,-0.107309,-0.178873,-0.01502,-0.039946,1.566139,3.612552,-0.111199,-0.003292,-0.253531,0.130435,0.043478,4.173913,0.136293,0.139784,0.171124
7742,159.477753,957.820007,0.772302,0.788176,0.291667,0.0,0.09353,54663.0,0.23849,0.345615,0.166312,0.3366,-0.062836,0.587571,10.53174,-0.02,-0.8,-0.02,-0.25,-0.6,-4.0,0.482362,-0.143844,-0.015783,0.0,-0.002437,-0.149104,-0.037786,-0.018879,-0.037282,0.773382,-0.112991,-0.179824,-0.014184,-0.03698,1.642704,3.716464,-0.1188,-0.00425,-0.370827,0.083333,0.041667,4.583333,0.123558,0.103612,0.150941
7743,164.056534,980.659973,0.775327,0.788965,0.166667,0.0,0.093374,53799.0,0.231059,0.350488,0.153869,0.31461,-0.057971,0.577948,10.523581,-0.02,-0.8,-0.02,-0.25,-0.6,-4.0,0.481314,-0.153074,-0.020601,0.0,-0.002361,-0.131035,-0.036176,-0.01637,-0.032926,0.76429,-0.098028,-0.151384,-0.014158,-0.032272,1.637362,3.741447,-0.109977,-0.007893,-0.297868,0.125,0.0,4.541667,0.146666,0.107982,0.149919
7744,163.24704,981.01001,0.813482,0.82114,0.125,0.0,0.093511,49935.0,0.227282,0.357043,0.152759,0.320209,-0.058793,0.564279,10.481542,-0.02,-0.8,-0.02,-0.25,-0.6,-4.0,0.490929,-0.155539,-0.015749,0.0,-0.002153,-0.136298,-0.037309,-0.017447,-0.034139,0.795573,-0.106257,-0.180307,-0.014453,-0.034202,1.687801,3.819168,-0.114496,-0.002759,-0.271951,0.083333,0.083333,4.125,0.084744,0.095679,0.167489
7745,155.087082,947.349976,0.775429,0.766486,0.25,0.0,0.093693,54411.0,0.235685,0.358269,0.146386,0.306228,-0.059699,0.531953,10.521349,-0.02,-0.8,-0.02,-0.25,-0.6,-4.0,0.474522,-0.153596,-0.01562,0.0,-0.002268,-0.136966,-0.036602,-0.017315,-0.034923,0.758255,-0.108289,-0.180558,-0.015962,-0.03511,1.609662,3.635181,-0.112652,-0.00236,-0.28192,0.083333,0.0,3.916667,0.10085,0.137453,0.162935
7746,161.390823,963.369995,0.785261,0.781609,0.347826,0.043478,0.093722,54694.0,0.211345,0.355678,0.148114,0.315659,-0.058636,0.569106,10.507473,-0.02,-0.8,-0.02,-0.25,-0.6,-4.0,0.48177,-0.16253,-0.015812,0.0,-0.002565,-0.141582,-0.035914,-0.016966,-0.034197,0.776044,-0.100534,-0.161443,-0.014461,-0.034608,1.67902,3.746889,-0.110006,-0.003018,-0.433445,0.043478,0.086957,5.173913,0.107657,0.119451,0.169251
7747,159.557892,963.960022,0.777428,0.804251,0.125,0.041667,0.093877,53763.0,0.248331,0.356071,0.159422,0.315477,-0.059211,0.56624,10.517716,-0.02,-0.8,-0.02,-0.25,-0.6,-4.0,0.48358,-0.151759,-0.012369,0.0,-0.002714,-0.135066,-0.036804,-0.017264,-0.034497,0.780979,-0.112688,-0.186267,-0.014602,-0.033734,1.629817,3.737994,-0.112442,-0.003025,-0.361318,0.125,0.041667,24.0,0.118661,0.10023,0.141612
7748,155.073517,927.460022,0.736687,0.771893,0.375,0.0,0.093851,50639.0,0.254323,0.329124,0.151466,0.307453,-0.054903,0.547574,10.478024,-0.02,-0.8,-0.02,-0.25,-0.6,-4.0,0.463635,-0.142622,-0.011077,0.0,-0.003946,-0.123688,-0.034807,-0.015737,-0.031575,0.744574,-0.100601,-0.165665,-0.012438,-0.030294,1.546528,3.632423,-0.105803,-0.002746,-0.345865,0.083333,0.041667,3.958333,0.079192,0.114438,0.189694
7749,153.65329,951.159973,0.770904,0.775316,0.291667,0.0,0.093727,54375.0,0.274934,0.357766,0.150638,0.306232,-0.057122,0.521885,10.521734,-0.02,-0.8,-0.02,-0.25,-0.6,-4.0,0.475306,-0.145077,-0.020592,0.0,-0.002893,-0.135974,-0.036603,-0.016821,-0.034778,0.752449,-0.113764,-0.183117,-0.014983,-0.033895,1.545623,3.630732,-0.109367,-0.004121,-0.307652,0.041667,0.041667,4.583333,0.167449,0.125619,0.202282
7750,158.195007,971.780029,0.799396,0.808795,0.083333,0.0,0.093724,54969.0,0.268965,0.348212,0.151962,0.325847,-0.059489,0.559705,10.552527,-0.02,-0.8,-0.02,-0.25,-0.6,-4.0,0.486688,-0.157491,-0.017892,0.0,-0.002032,-0.142889,-0.03725,-0.018087,-0.034461,0.766838,-0.103144,-0.167168,-0.014995,-0.034513,1.619472,3.77018,-0.113801,-0.003868,-0.43361,0.166667,0.0,5.208333,0.123011,0.109049,0.157788
7751,147.982666,924.409973,0.745391,0.765846,0.217391,0.0,0.09382,55159.0,0.270599,0.351269,0.145322,0.311136,-0.059514,0.512532,10.634306,-0.02,-0.8,-0.02,-0.25,-0.6,-4.0,0.473064,-0.154812,-0.019958,0.0,-0.003049,-0.141066,-0.03659,-0.017532,-0.034784,0.746169,-0.108741,-0.176947,-0.015338,-0.034189,1.533131,3.63859,-0.113931,-0.005536,-0.307772,0.26087,0.0,4.652174,0.117379,0.123663,0.169977
7752,160.05658,953.119995,0.776413,0.789491,0.25,0.0,0.093731,42235.0,0.23469,0.34784,0.150725,0.293393,-0.053662,0.534916,10.624702,-0.02,-0.8,-0.02,-0.25,-0.6,-4.0,0.477714,-0.144422,-0.019262,0.0,-0.001833,-0.127291,-0.035623,-0.015759,-0.032502,0.769141,-0.103114,-0.167098,-0.013492,-0.034923,1.626223,3.718212,-0.104117,-0.004239,-0.300424,0.0,0.083333,4.625,0.091007,0.122118,0.156018
7753,158.072861,974.599976,0.799916,0.803199,0.125,0.0,0.094014,37164.0,0.282542,0.362922,0.153426,0.325911,-0.060952,0.544947,10.531234,-0.02,-0.8,-0.02,-0.25,-0.6,-4.0,0.489977,-0.154271,-0.021263,0.0,-0.001173,-0.14363,-0.037972,-0.018037,-0.036247,0.777802,-0.113927,-0.181754,-0.015669,-0.036467,1.599791,3.753704,-0.117482,-0.004866,-0.330043,0.041667,0.0,4.916667,0.157564,0.111079,0.140441
7754,160.924637,960.700012,0.763911,0.798638,0.208333,0.0,0.093891,36284.0,0.230632,0.339299,0.146211,0.298685,-0.056456,0.545689,10.535767,-0.02,-0.8,-0.02,-0.25,-0.6,-4.0,0.47901,-0.150017,-0.009769,0.0,-0.002738,-0.134548,-0.03563,-0.015315,-0.03284,0.784302,-0.094252,-0.153608,-0.012382,-0.035682,1.655837,3.755064,-0.107069,-0.003449,-0.374709,0.041667,0.0,3.958333,0.065976,0.11274,0.161738
7755,161.460098,975.280029,0.812095,0.808156,0.125,0.041667,0.093756,37063.0,0.216897,0.35128,0.14894,0.313968,-0.056977,0.569975,10.619022,-0.02,-0.8,-0.02,-0.25,-0.6,-4.0,0.489426,-0.15975,-0.013116,0.0,-0.001556,-0.129672,-0.036392,-0.016163,-0.033429,0.799731,-0.108978,-0.167532,-0.01521,-0.033365,1.70298,3.803131,-0.109251,-0.00301,-0.382028,0.041667,0.0,5.041667,0.083934,0.102466,0.144825
7756,155.119934,944.849976,0.78395,0.772766,0.083333,0.083333,0.093541,37338.0,0.305593,0.356462,0.151349,0.30976,-0.057174,0.540007,10.662627,-0.02,-0.8,-0.02,-0.25,-0.6,-4.0,0.477297,-0.151561,-0.021097,0.0,-0.002,-0.151638,-0.036848,-0.01682,-0.035047,0.761752,-0.108695,-0.175807,-0.014962,-0.040515,1.536513,3.666666,-0.111254,-0.005369,-0.228414,0.0,0.041667,3.458333,0.148642,0.123325,0.172137
7757,148.955826,925.73999,0.741401,0.754658,0.416667,0.0,0.093355,35536.0,0.268867,0.36012,0.128289,0.274714,-0.052011,0.485066,10.689807,-0.02,-0.8,-0.02,-0.25,-0.6,-4.0,0.473187,-0.157144,-0.024164,0.0,-0.003321,-0.131932,-0.0353,-0.015593,-0.034868,0.738134,-0.111432,-0.17454,-0.015594,-0.037304,1.530602,3.644067,-0.102714,-0.0096,-0.38423,0.041667,0.041667,4.041667,0.121,0.116541,0.190277
7758,159.747055,961.390015,0.784252,0.791815,0.173913,0.0,0.093475,37299.0,0.238964,0.341506,0.147587,0.312801,-0.05608,0.554461,10.481826,-0.02,-0.8,-0.02,-0.25,-0.6,-4.0,0.481257,-0.150875,-0.020843,0.0,-0.001988,-0.140301,-0.036238,-0.016874,-0.035266,0.766359,-0.096824,-0.164911,-0.0136,-0.035504,1.6319,3.739983,-0.109751,-0.002299,-0.372664,0.173913,0.043478,4.956522,0.111757,0.1154,0.162694
7759,160.489395,967.700012,0.803681,0.801266,0.25,0.0,0.093346,39242.0,0.260473,0.351329,0.144052,0.298411,-0.055013,0.510218,10.50119,-0.02,-0.8,-0.02,-0.25,-0.6,-4.0,0.486971,-0.156326,-0.016363,0.0,-0.002155,-0.124322,-0.036738,-0.016216,-0.034299,0.777221,-0.10516,-0.159148,-0.013296,-0.030014,1.625995,3.769928,-0.109067,-0.00402,-0.26404,0.083333,0.0,4.5,0.14724,0.111757,0.167262
7760,162.484253,976.190002,0.804558,0.813568,0.25,0.0,0.093243,37334.0,0.237325,0.355692,0.149502,0.302842,-0.057285,0.549822,10.473792,-0.02,-0.8,-0.02,-0.25,-0.6,-4.0,0.49024,-0.159678,-0.013265,0.0,-0.001895,-0.135482,-0.036876,-0.01624,-0.034539,0.796698,-0.102364,-0.163703,-0.014379,-0.036855,1.678707,3.806853,-0.109823,-0.004733,-0.374469,0.041667,0.0,5.083333,0.105835,0.108457,0.138537
7761,157.147034,946.580017,0.760535,0.763678,0.416667,0.0,0.093411,44188.0,0.262572,0.358487,0.141775,0.305751,-0.057502,0.522892,10.484158,-0.02,-0.8,-0.02,-0.25,-0.6,-4.0,0.478627,-0.154907,-0.018116,0.0,-0.003479,-0.142174,-0.036569,-0.017238,-0.03541,0.759495,-0.104761,-0.162554,-0.014537,-0.037325,1.592474,3.687027,-0.110936,-0.002971,-0.186171,0.0,0.041667,4.541667,0.128641,0.127888,0.201961
7762,160.222031,975.710022,0.799545,0.817692,0.083333,0.0,0.093443,48124.0,0.2653,0.371379,0.1495,0.314928,-0.056778,0.531359,10.432135,-0.02,-0.8,-0.02,-0.25,-0.6,-4.0,0.489839,-0.15306,-0.018531,0.0,-0.00075,-0.127916,-0.037329,-0.01682,-0.034276,0.766501,-0.108771,-0.182691,-0.014241,-0.032123,1.62581,3.743133,-0.113237,-0.003029,-0.275363,0.0,0.125,4.291667,0.119763,0.096143,0.128744
7763,150.159531,937.099976,0.775459,0.778193,0.416667,0.0,0.093449,48796.0,0.316426,0.361515,0.139742,0.290762,-0.056123,0.498062,10.553801,-0.02,-0.8,-0.02,-0.25,-0.6,-4.0,0.474078,-0.153097,-0.026312,0.0,-0.003595,-0.134502,-0.036526,-0.016704,-0.034739,0.754542,-0.113199,-0.17479,-0.014601,-0.036644,1.488828,3.626472,-0.109454,-0.005663,-0.325382,0.125,0.0,4.041667,0.184112,0.127757,0.156346
7764,160.85228,988.320007,0.791316,0.803985,0.208333,0.0,0.093271,50487.0,0.256629,0.359457,0.157288,0.33071,-0.060167,0.573885,10.514243,-0.02,-0.8,-0.02,-0.25,-0.6,-4.0,0.493425,-0.157881,-0.017526,0.0,-0.001491,-0.145188,-0.037854,-0.017963,-0.035691,0.782643,-0.114852,-0.184839,-0.015304,-0.037367,1.651765,3.804208,-0.114745,-0.009153,-0.381535,0.083333,0.0,4.458333,0.104697,0.124794,0.158497
7765,160.692642,981.390015,0.813472,0.819898,0.083333,0.041667,0.093358,54324.0,0.286102,0.356691,0.149431,0.302188,-0.054824,0.521261,10.445289,-0.02,-0.8,-0.02,-0.25,-0.6,-4.0,0.493669,-0.154108,-0.018513,0.0,-0.001118,-0.134573,-0.037208,-0.015985,-0.034365,0.78535,-0.10751,-0.163391,-0.013032,-0.036043,1.629568,3.805253,-0.108267,-0.002777,-0.345067,0.041667,0.0,4.083333,0.136958,0.110281,0.145774
7766,156.704926,964.289978,0.766395,0.79265,0.125,0.083333,0.093489,49438.0,0.249057,0.35239,0.159974,0.333637,-0.060007,0.584706,10.454372,-0.02,-0.8,-0.02,-0.25,-0.6,-4.0,0.481162,-0.150713,-0.014796,0.0,-0.002625,-0.13992,-0.037545,-0.018448,-0.034825,0.767518,-0.113294,-0.185948,-0.014853,-0.033904,1.625743,3.686763,-0.116027,-0.004825,-0.423949,0.125,0.041667,4.291667,0.118866,0.103206,0.164036
7767,162.010315,970.090027,0.788051,0.814103,0.166667,0.0,0.093459,48183.0,0.22177,0.35782,0.158952,0.318318,-0.059657,0.580465,10.569189,-0.02,-0.8,-0.02,-0.25,-0.6,-4.0,0.489119,-0.15307,-0.014399,0.0,-0.001516,-0.138062,-0.037239,-0.017115,-0.035842,0.786496,-0.102429,-0.16421,-0.014097,-0.03592,1.698903,3.776964,-0.111709,-0.003459,-0.319411,0.041667,0.0,4.291667,0.089257,0.122839,0.151813
7768,165.374481,988.599976,0.808224,0.82833,0.041667,0.0,0.093338,50364.0,0.234786,0.360957,0.153298,0.308211,-0.058695,0.544994,10.422636,-0.02,-0.8,-0.02,-0.25,-0.6,-4.0,0.494007,-0.1527,-0.012608,0.0,-0.000972,-0.134205,-0.03765,-0.016031,-0.034065,0.805974,-0.103151,-0.170196,-0.014187,-0.03449,1.69534,3.835825,-0.113445,-0.004834,-0.317512,0.083333,0.083333,3.958333,0.10164,0.106498,0.139648
7769,157.594589,944.320007,0.773519,0.785922,0.304348,0.0,0.093402,52319.0,0.202866,0.354789,0.158524,0.308384,-0.056217,0.551062,10.492469,-0.02,-0.8,-0.02,-0.25,-0.6,-4.0,0.481368,-0.150859,-0.011822,0.0,-0.002774,-0.118757,-0.037011,-0.016318,-0.032039,0.776469,-0.104714,-0.175085,-0.013243,-0.02868,1.687283,3.704901,-0.109388,-0.00369,-0.270136,0.217391,0.0,4.217391,0.0852,0.123071,0.16137
7770,155.940628,953.929993,0.767609,0.761478,0.208333,0.0,0.093294,48905.0,0.223759,0.341124,0.14196,0.292548,-0.05545,0.523428,10.403093,-0.02,-0.8,-0.02,-0.25,-0.6,-4.0,0.46827,-0.149485,-0.016151,0.0,-0.002361,-0.12627,-0.035878,-0.016183,-0.032588,0.745159,-0.108151,-0.169076,-0.013124,-0.032254,1.601837,3.617769,-0.108084,-0.019726,-0.412225,0.083333,0.166667,4.708333,0.114145,0.146143,0.159756
7771,151.238052,945.960022,0.769977,0.780904,0.416667,0.0,0.09316,49832.0,0.274729,0.348545,0.143802,0.301945,-0.057285,0.508991,10.556156,-0.02,-0.8,-0.02,-0.25,-0.6,-4.0,0.475677,-0.146238,-0.027958,0.0,-0.002903,-0.129055,-0.036836,-0.016786,-0.03293,0.744504,-0.107744,-0.170209,-0.014447,-0.032948,1.546536,3.70086,-0.113558,-0.035761,-0.401175,0.041667,0.083333,4.958333,0.101963,0.111874,0.159471
7772,159.535492,961.130005,0.783791,0.794148,0.25,0.0,0.093019,49376.0,0.235466,0.354683,0.16367,0.345167,-0.064585,0.596581,10.335368,-0.02,-0.8,-0.02,-0.25,-0.6,-4.0,0.482203,-0.153241,-0.018427,0.0,-0.002097,-0.144333,-0.038493,-0.019522,-0.0364,0.767735,-0.114721,-0.188259,-0.014912,-0.033976,1.636554,3.692569,-0.122751,-0.003301,-0.323363,0.083333,0.041667,4.208333,0.129854,0.118612,0.1659
7773,161.791,980.619995,0.807228,0.819567,0.083333,0.041667,0.092916,49540.0,0.236403,0.360459,0.153613,0.322409,-0.060608,0.552337,10.429461,-0.02,-0.8,-0.02,-0.25,-0.6,-4.0,0.493571,-0.160596,-0.014474,0.0,-0.001058,-0.142842,-0.03808,-0.018454,-0.036117,0.792424,-0.108108,-0.169292,-0.015736,-0.036027,1.68125,3.792484,-0.118317,-0.003901,-0.36129,0.083333,0.0,4.875,0.121589,0.104021,0.143729
7774,154.793686,966.119995,0.763362,0.764856,0.217391,0.0,0.092935,34866.0,0.255734,0.368099,0.139457,0.294974,-0.05527,0.51256,10.443758,-0.02,-0.8,-0.02,-0.25,-0.6,-4.0,0.483217,-0.158937,-0.023269,0.0,-0.0027,-0.131083,-0.036858,-0.016647,-0.033893,0.751073,-0.105853,-0.176324,-0.015562,-0.035194,1.607797,3.709494,-0.110067,-0.006238,-0.361082,0.130435,0.043478,4.217391,0.127171,0.146257,0.178487
7775,156.122772,952.330017,0.747562,0.770759,0.166667,0.0,0.092786,35864.0,0.243859,0.348706,0.15851,0.307034,-0.056418,0.527553,10.475699,-0.02,-0.8,-0.02,-0.25,-0.6,-4.0,0.464214,-0.14264,-0.015178,0.0,-0.00381,-0.133251,-0.036456,-0.016158,-0.032666,0.743372,-0.113919,-0.171266,-0.015249,-0.033855,1.565102,3.545528,-0.110459,-0.006582,-0.536873,0.125,0.0,3.958333,0.143022,0.119174,0.179703
7776,153.295105,937.02002,0.782994,0.781407,0.333333,0.0,0.092909,38108.0,0.282976,0.338456,0.138859,0.292941,-0.055464,0.493394,10.504295,-0.02,-0.8,-0.02,-0.25,-0.6,-4.0,0.471514,-0.15531,-0.023963,0.0,-0.002754,-0.127932,-0.035776,-0.01605,-0.03263,0.734626,-0.10642,-0.166729,-0.01409,-0.033924,1.510594,3.658564,-0.108964,-0.005457,-0.341604,0.125,0.083333,4.166667,0.163108,0.121231,0.156811
7777,157.690186,964.299988,0.772233,0.813499,0.208333,0.0,0.092967,35085.0,0.257919,0.352989,0.145643,0.308728,-0.058391,0.516804,10.561115,-0.02,-0.8,-0.02,-0.25,-0.6,-4.0,0.485817,-0.14986,-0.020458,0.0,-0.001556,-0.134283,-0.038345,-0.018821,-0.036379,0.771981,-0.108425,-0.187351,-0.014346,-0.033345,1.628908,3.745444,-0.119598,-0.007867,-0.277126,0.125,0.041667,4.5,0.141435,0.120698,0.13007
7778,163.665344,965.570007,0.803556,0.812955,0.291667,0.0,0.092889,36058.0,0.220129,0.349468,0.155882,0.320078,-0.057472,0.594726,10.604954,-0.02,-0.8,-0.02,-0.25,-0.6,-4.0,0.488436,-0.15396,-0.014636,0.0,-0.001986,-0.127427,-0.03703,-0.016439,-0.032632,0.79114,-0.097744,-0.162915,-0.013869,-0.032343,1.682485,3.815648,-0.111895,-0.00281,-0.318898,0.041667,0.041667,4.375,0.086195,0.110749,0.175416
7779,155.317444,927.580017,0.762443,0.769664,0.25,0.125,0.092819,37920.0,0.23771,0.331443,0.144908,0.305446,-0.055889,0.547422,10.540058,-0.02,-0.8,-0.02,-0.25,-0.6,-4.0,0.465954,-0.154617,-0.013605,0.0,-0.00428,-0.1288,-0.035391,-0.016041,-0.03184,0.750658,-0.101981,-0.167074,-0.013598,-0.032524,1.579673,3.651428,-0.107515,-0.004424,-0.31719,0.208333,0.0,4.5,0.087859,0.128785,0.176878
7780,157.011246,976.179993,0.784626,0.798441,0.166667,0.0,0.09261,35553.0,0.292839,0.366797,0.156526,0.319436,-0.059867,0.542414,10.695518,-0.02,-0.8,-0.02,-0.25,-0.6,-4.0,0.488207,-0.150492,-0.023275,0.0,-0.001627,-0.143938,-0.038458,-0.017992,-0.035192,0.778669,-0.108398,-0.175968,-0.014773,-0.037169,1.578781,3.734683,-0.116167,-0.004011,-0.42541,0.0,0.041667,4.0,0.116416,0.102417,0.173522
7781,161.227341,990.109985,0.792536,0.796682,0.125,0.0,0.092574,39191.0,0.262698,0.366601,0.159029,0.330129,-0.059738,0.559643,10.492083,-0.02,-0.8,-0.02,-0.25,-0.6,-4.0,0.496019,-0.163815,-0.013138,0.0,-0.001226,-0.143488,-0.038178,-0.01751,-0.034948,0.801331,-0.101847,-0.162129,-0.014426,-0.035724,1.655177,3.824297,-0.116867,-0.003172,-0.493227,0.041667,0.041667,4.583333,0.112086,0.090418,0.149802
7782,157.079193,965.119995,0.774042,0.768877,0.26087,0.0,0.092649,37958.0,0.241584,0.351148,0.136142,0.295734,-0.055746,0.503829,10.53688,-0.02,-0.8,-0.02,-0.25,-0.6,-4.0,0.468452,-0.153256,-0.02532,0.0,-0.003553,-0.147523,-0.035999,-0.016487,-0.033826,0.732002,-0.104647,-0.158232,-0.014272,-0.038442,1.548775,3.609874,-0.10995,-0.008247,-0.337837,0.043478,0.0,4.130435,0.151564,0.13679,0.175608
7783,156.917297,952.73999,0.762105,0.778098,0.217391,0.086957,0.092699,55628.0,0.243934,0.356872,0.142773,0.304511,-0.055611,0.51702,10.652538,-0.02,-0.8,-0.02,-0.25,-0.6,-4.0,0.476688,-0.155296,-0.016164,0.0,-0.003385,-0.145367,-0.036856,-0.016588,-0.034374,0.766816,-0.113704,-0.167084,-0.014315,-0.038761,1.601289,3.658282,-0.109666,-0.003944,-0.358757,0.217391,0.043478,4.695652,0.11711,0.121733,0.17116
7784,157.090179,946.02002,0.761473,0.770993,0.458333,0.0,0.092611,50210.0,0.198257,0.325275,0.145333,0.301893,-0.055197,0.549671,10.687437,-0.02,-0.8,-0.02,-0.25,-0.6,-4.0,0.469117,-0.148301,-0.014415,0.0,-0.003687,-0.132692,-0.035424,-0.0159,-0.032588,0.752263,-0.100937,-0.157588,-0.012806,-0.035021,1.653045,3.668957,-0.107435,-0.003083,-0.39115,0.166667,0.041667,4.375,0.084966,0.147508,0.190009
7785,155.733704,956.659973,0.773001,0.783119,0.208333,0.0,0.09233,54479.0,0.275111,0.356297,0.142376,0.310748,-0.054943,0.530937,10.559306,-0.02,-0.8,-0.02,-0.25,-0.6,-4.0,0.482116,-0.15297,-0.019633,0.0,-0.00238,-0.13181,-0.036517,-0.016387,-0.033737,0.768712,-0.105958,-0.171486,-0.014524,-0.034445,1.575769,3.727601,-0.108958,-0.004175,-0.361522,0.083333,0.041667,4.291667,0.114512,0.107305,0.175729
7786,158.518112,970.940002,0.812168,0.816483,0.208333,0.0,0.092298,53814.0,0.250063,0.358673,0.148556,0.319429,-0.062258,0.535782,10.528431,-0.02,-0.8,-0.02,-0.25,-0.6,-4.0,0.488636,-0.161761,-0.018037,0.0,-0.001653,-0.13335,-0.038094,-0.018487,-0.034372,0.776319,-0.109483,-0.167929,-0.014192,-0.033018,1.648895,3.774675,-0.118774,-0.003521,-0.357934,0.041667,0.0,4.333333,0.091638,0.095456,0.16445
7787,166.972626,995.330017,0.815424,0.82887,0.041667,0.041667,0.092334,54532.0,0.234061,0.361984,0.156434,0.330976,-0.062824,0.570209,10.560246,-0.02,-0.8,-0.02,-0.25,-0.6,-4.0,0.498755,-0.160521,-0.018281,0.0,-0.00075,-0.135689,-0.038518,-0.018251,-0.034529,0.79761,-0.098991,-0.166651,-0.014331,-0.033416,1.707161,3.875507,-0.121265,-0.003034,-0.244311,0.083333,0.0,4.291667,0.072146,0.109502,0.130272
7788,162.710785,967.890015,0.78798,0.804307,0.391304,0.043478,0.092841,49667.0,0.235747,0.35189,0.143371,0.297838,-0.054543,0.520079,10.743164,-0.02,-0.8,-0.02,-0.25,-0.6,-4.0,0.478906,-0.144943,-0.011132,0.0,-0.002615,-0.126856,-0.03691,-0.016503,-0.033812,0.764736,-0.10963,-0.174941,-0.013996,-0.032536,1.642273,3.672538,-0.110113,-0.00516,-0.238882,0.043478,0.0,25.086958,0.130234,0.10948,0.167119
7789,153.146851,920.27002,0.739677,0.735307,0.541667,0.0,0.092934,54649.0,0.233593,0.337625,0.147932,0.297929,-0.05523,0.523986,10.423646,-0.02,-0.8,-0.02,-0.25,-0.6,-4.0,0.456546,-0.147837,-0.015764,0.0,-0.005683,-0.135444,-0.034974,-0.016049,-0.031956,0.743097,-0.109199,-0.169742,-0.01409,-0.034203,1.554842,3.521807,-0.105554,-0.002997,-0.469998,0.208333,0.041667,4.333333,0.110657,0.136691,0.212436
7790,158.262985,955.73999,0.80523,0.797064,0.291667,0.0,0.092905,54449.0,0.262187,0.362016,0.143033,0.307763,-0.057258,0.539593,10.63765,-0.02,-0.8,-0.02,-0.25,-0.6,-4.0,0.483538,-0.164067,-0.017004,0.0,-0.001729,-0.136358,-0.036727,-0.016646,-0.033323,0.770843,-0.106538,-0.165635,-0.016378,-0.035614,1.600649,3.710982,-0.110508,-0.005666,-0.263391,0.041667,0.0,4.5,0.104417,0.130238,0.146826
7791,148.941925,927.409973,0.774026,0.775716,0.333333,0.041667,0.092818,54560.0,0.248907,0.344111,0.137274,0.301299,-0.05317,0.514106,10.443491,-0.02,-0.8,-0.02,-0.25,-0.6,-4.0,0.471965,-0.153393,-0.01878,0.0,-0.002955,-0.129736,-0.035878,-0.016436,-0.032981,0.738776,-0.101677,-0.158744,-0.013662,-0.033314,1.582273,3.664566,-0.10849,-0.003432,-0.348746,0.041667,0.041667,5.0,0.130493,0.131496,0.190355
7792,158.304642,963.469971,0.774915,0.804738,0.125,0.041667,0.092826,54728.0,0.282799,0.358599,0.157783,0.311543,-0.059127,0.527521,10.491798,-0.02,-0.8,-0.02,-0.25,-0.6,-4.0,0.488729,-0.150125,-0.021356,0.0,-0.001169,-0.134181,-0.037646,-0.017019,-0.033528,0.774568,-0.107782,-0.17173,-0.013665,-0.034911,1.598779,3.77654,-0.114753,-0.010337,-0.35905,0.083333,0.0,5.041667,0.103976,0.104584,0.130009
7793,156.885468,964.650024,0.779427,0.795425,0.130435,0.0,0.092742,50624.0,0.248333,0.3589,0.140067,0.305908,-0.056964,0.535217,10.538707,-0.02,-0.8,-0.02,-0.25,-0.6,-4.0,0.483254,-0.161774,-0.021634,0.0,-0.001922,-0.139216,-0.03697,-0.017128,-0.034023,0.757126,-0.107346,-0.172764,-0.016592,-0.035921,1.615325,3.737581,-0.111891,-0.009158,-0.30807,0.130435,0.043478,4.434783,0.1168,0.105705,0.165485
7794,154.567566,941.77002,0.780972,0.790681,0.291667,0.0,0.092509,55120.0,0.228042,0.364213,0.144749,0.289647,-0.054306,0.49938,10.550398,-0.02,-0.8,-0.02,-0.25,-0.6,-4.0,0.475875,-0.146134,-0.017643,0.0,-0.002808,-0.121418,-0.036493,-0.015847,-0.032323,0.756669,-0.107936,-0.170976,-0.013367,-0.031718,1.634579,3.647863,-0.109501,-0.037529,-0.369182,0.041667,0.0,4.458333,0.127648,0.137828,0.165425
7795,159.543869,957.289978,0.801663,0.812595,0.333333,0.0,0.092433,54768.0,0.237314,0.347425,0.144648,0.316409,-0.055211,0.561759,10.627977,-0.02,-0.8,-0.02,-0.25,-0.6,-4.0,0.486134,-0.158363,-0.01428,0.0,-0.001914,-0.133181,-0.036295,-0.016247,-0.03277,0.780391,-0.102476,-0.167004,-0.013809,-0.03655,1.653967,3.793311,-0.108467,-0.0041,-0.28765,0.0,0.0,4.291667,0.070783,0.111778,0.150955
7796,159.335236,971.400024,0.787819,0.804116,0.208333,0.0,0.092471,40712.0,0.25272,0.358946,0.163981,0.363524,-0.065941,0.623205,10.65863,-0.02,-0.8,-0.02,-0.25,-0.6,-4.0,0.488011,-0.157369,-0.013918,0.0,-0.002069,-0.150727,-0.038426,-0.019287,-0.03705,0.778987,-0.10691,-0.180743,-0.015474,-0.037025,1.642666,3.768051,-0.124946,-0.003528,-0.435959,0.041667,0.0,4.625,0.105801,0.1038,0.160083
7797,154.841736,942.25,0.763738,0.779908,0.375,0.0,0.09242,35139.0,0.258533,0.343741,0.165649,0.327837,-0.058829,0.564356,10.508619,-0.02,-0.8,-0.02,-0.25,-0.6,-4.0,0.472105,-0.137345,-0.014376,0.0,-0.003226,-0.125342,-0.036748,-0.016806,-0.032863,0.75549,-0.108687,-0.173106,-0.013966,-0.031188,1.597918,3.635329,-0.112634,-0.003351,-0.507728,0.083333,0.0,4.125,0.136561,0.115967,0.175627
7798,156.04306,945.619995,0.765682,0.788178,0.25,0.0,0.0924,37560.0,0.232472,0.342713,0.169285,0.353138,-0.06394,0.597436,10.432938,-0.02,-0.8,-0.02,-0.25,-0.6,-4.0,0.473206,-0.142496,-0.014672,0.0,-0.002979,-0.135843,-0.037687,-0.018229,-0.034234,0.74823,-0.109977,-0.181355,-0.015052,-0.033056,1.6129,3.625393,-0.119865,-0.004126,-0.42445,0.125,0.041667,4.083333,0.157077,0.120326,0.159544
7799,157.372803,947.059998,0.762341,0.762997,0.26087,0.0,0.092474,38018.0,0.221694,0.335393,0.162718,0.324758,-0.057234,0.585312,10.413232,-0.02,-0.8,-0.02,-0.25,-0.6,-4.0,0.461263,-0.142956,-0.012235,0.0,-0.004667,-0.133118,-0.035147,-0.016033,-0.031957,0.743255,-0.110379,-0.166108,-0.013975,-0.034489,1.581278,3.556978,-0.106604,-0.003636,-0.367397,0.043478,0.043478,3.73913,0.130463,0.122512,0.180987
7800,149.524078,917.01001,0.749011,0.782453,0.333333,0.0,0.092312,35294.0,0.247809,0.347921,0.148492,0.317823,-0.060354,0.537491,10.45722,-0.02,-0.8,-0.02,-0.25,-0.6,-4.0,0.475344,-0.156511,-0.016627,0.0,-0.002424,-0.142973,-0.037055,-0.018213,-0.035498,0.754162,-0.102679,-0.165787,-0.014385,-0.034869,1.587038,3.678318,-0.117701,-0.002731,-0.353363,0.125,0.083333,5.583333,0.100829,0.117898,0.167208
7801,159.40419,963.059998,0.768093,0.787233,0.083333,0.0,0.092314,36619.0,0.267154,0.357125,0.146142,0.295217,-0.056228,0.499634,10.318787,-0.02,-0.8,-0.02,-0.25,-0.6,-4.0,0.479214,-0.156791,-0.019443,0.0,-0.002278,-0.135418,-0.036009,-0.016848,-0.033072,0.75973,-0.10743,-0.182404,-0.015403,-0.035472,1.580158,3.692771,-0.108147,-0.00257,-0.239317,0.125,0.0,4.666667,0.108436,0.101133,0.153479
7802,159.290192,964.700012,0.78975,0.780414,0.208333,0.0,0.09224,36351.0,0.244886,0.356946,0.149145,0.30768,-0.058202,0.530704,10.541124,-0.02,-0.8,-0.02,-0.25,-0.6,-4.0,0.487433,-0.151653,-0.01899,0.0,-0.00154,-0.148087,-0.037202,-0.017553,-0.035299,0.774224,-0.108719,-0.177442,-0.014637,-0.039453,1.641825,3.775746,-0.114011,-0.002453,-0.334776,0.041667,0.0,4.333333,0.106652,0.113386,0.141827
7803,158.452133,966.51001,0.788846,0.806978,0.166667,0.041667,0.092225,35104.0,0.275198,0.349028,0.14113,0.299169,-0.054713,0.501128,10.338329,-0.02,-0.8,-0.02,-0.25,-0.6,-4.0,0.486624,-0.157665,-0.018326,0.0,-0.001193,-0.130855,-0.036585,-0.016004,-0.032811,0.773992,-0.102643,-0.167908,-0.013591,-0.034429,1.591729,3.797613,-0.108348,-0.013295,-0.263186,0.083333,0.0,5.0,0.094451,0.102935,0.151825
7804,162.241516,982.23999,0.820312,0.813575,0.083333,0.0,0.092348,40814.0,0.271938,0.365063,0.147696,0.291531,-0.056749,0.498136,10.387558,-0.02,-0.8,-0.02,-0.25,-0.6,-4.0,0.493434,-0.156579,-0.018483,0.0,-0.000819,-0.131795,-0.036722,-0.01568,-0.033336,0.791774,-0.096682,-0.160449,-0.013145,-0.035766,1.645941,3.833667,-0.10791,-0.011942,-0.403238,0.083333,0.041667,4.208333,0.082229,0.084745,0.157826
7805,153.956955,969.669983,0.802793,0.804525,0.166667,0.0,0.092369,46662.0,0.311049,0.374707,0.156503,0.352408,-0.061981,0.572054,10.495441,-0.02,-0.8,-0.02,-0.25,-0.6,-4.0,0.489783,-0.163155,-0.022189,0.0,-0.0015,-0.134097,-0.038456,-0.019395,-0.035239,0.758187,-0.10921,-0.175105,-0.015285,-0.031506,1.550757,3.734101,-0.123163,-0.003456,-0.616534,0.041667,0.041667,4.0,0.187794,0.117018,0.16318
7806,142.028915,868.549988,0.721512,0.715656,0.5,0.083333,0.092382,49780.0,0.22118,0.312402,0.127554,0.270604,-0.049475,0.457904,10.487242,-0.02,-0.8,-0.02,-0.25,-0.6,-4.0,0.433967,-0.142826,-0.01869,0.0,-0.007075,-0.113649,-0.033073,-0.014862,-0.028449,0.689005,-0.099796,-0.156269,-0.01231,-0.027856,1.468561,3.391623,-0.100873,-0.003264,-0.312305,0.333333,0.0,4.0,0.114401,0.140672,0.222059
7807,156.640564,953.679993,0.767517,0.795357,0.375,0.0,0.092388,46252.0,0.244458,0.343173,0.144073,0.295371,-0.053898,0.515916,10.480692,-0.02,-0.8,-0.02,-0.25,-0.6,-4.0,0.469751,-0.152282,-0.017427,0.0,-0.003683,-0.131833,-0.035439,-0.016583,-0.033162,0.754234,-0.108051,-0.160829,-0.013969,-0.034493,1.580886,3.654525,-0.106268,-0.005138,-0.320068,0.041667,0.041667,4.541667,0.093343,0.112344,0.176186
7808,160.935638,964.109985,0.786955,0.78461,0.083333,0.041667,0.092554,49772.0,0.202671,0.344687,0.140607,0.283357,-0.05318,0.499416,10.524402,-0.02,-0.8,-0.02,-0.25,-0.6,-4.0,0.473124,-0.145476,-0.014332,0.0,-0.002431,-0.137535,-0.035927,-0.016709,-0.034742,0.758797,-0.10475,-0.171293,-0.014178,-0.036808,1.657179,3.662945,-0.106372,-0.003207,-0.316462,0.041667,0.0,4.041667,0.093175,0.097389,0.161931
7809,148.113617,907.5,0.749456,0.762785,0.375,0.0,0.092775,49795.0,0.2562,0.333029,0.141146,0.30805,-0.057388,0.513911,10.447767,-0.02,-0.8,-0.02,-0.25,-0.6,-4.0,0.461006,-0.145239,-0.015533,0.0,-0.002964,-0.136816,-0.035517,-0.017078,-0.0338,0.727877,-0.101374,-0.167294,-0.013988,-0.035018,1.520516,3.576322,-0.110977,-0.003678,-0.347324,0.083333,0.208333,4.25,0.078019,0.134613,0.171927
7810,154.687973,944.320007,0.780172,0.770985,0.208333,0.0,0.092661,49887.0,0.23112,0.332301,0.133422,0.280137,-0.051623,0.480109,10.343405,-0.02,-0.8,-0.02,-0.25,-0.6,-4.0,0.466114,-0.154944,-0.010753,0.0,-0.003611,-0.120964,-0.034514,-0.015841,-0.031975,0.751246,-0.09667,-0.157776,-0.013647,-0.030277,1.598623,3.641926,-0.104079,-0.002797,-0.426813,0.125,0.0,3.583333,0.122596,0.121462,0.191555
7811,161.556107,976.559998,0.789544,0.807654,0.217391,0.0,0.092524,46955.0,0.262268,0.356906,0.14968,0.331614,-0.060017,0.560418,10.532152,-0.02,-0.8,-0.02,-0.25,-0.6,-4.0,0.489283,-0.156767,-0.016834,0.0,-0.001427,-0.133417,-0.037251,-0.017255,-0.033931,0.781186,-0.103324,-0.171341,-0.014725,-0.033314,1.631582,3.779089,-0.1169,-0.003025,-0.289193,0.043478,0.043478,5.0,0.133269,0.106471,0.143395
7812,148.800934,939.119995,0.744987,0.765767,0.25,0.041667,0.092519,50445.0,0.243214,0.353372,0.147975,0.278257,-0.053684,0.475798,10.44101,-0.02,-0.8,-0.02,-0.25,-0.6,-4.0,0.46466,-0.138662,-0.015857,0.0,-0.004198,-0.141565,-0.035345,-0.015939,-0.033153,0.744941,-0.111573,-0.176628,-0.013708,-0.039772,1.567223,3.575904,-0.105302,-0.008841,-0.370852,0.25,0.041667,4.583333,0.119285,0.131073,0.171819
7813,157.117798,963.599976,0.794453,0.817085,0.208333,0.0,0.092348,49709.0,0.229228,0.355735,0.166653,0.331705,-0.061382,0.586552,10.469545,-0.02,-0.8,-0.02,-0.25,-0.6,-4.0,0.485347,-0.147795,-0.013644,0.0,-0.002934,-0.135099,-0.037706,-0.018182,-0.03424,0.786459,-0.109492,-0.18502,-0.01406,-0.032846,1.679584,3.741817,-0.117412,-0.00349,-0.532697,0.208333,0.0,4.916667,0.109133,0.126782,0.153377
7814,161.093643,971.140015,0.77948,0.783646,0.125,0.0,0.09224,49397.0,0.224795,0.358331,0.153599,0.328037,-0.060536,0.570006,10.452473,-0.02,-0.8,-0.02,-0.25,-0.6,-4.0,0.482458,-0.157584,-0.016328,0.0,-0.001875,-0.140015,-0.037084,-0.017974,-0.034239,0.770677,-0.103576,-0.168048,-0.015066,-0.034181,1.655373,3.726572,-0.115968,-0.003013,-0.43439,0.083333,0.041667,4.291667,0.120342,0.122523,0.179827
7815,158.872513,965.590027,0.792037,0.817796,0.166667,0.041667,0.092258,45157.0,0.257179,0.365691,0.161157,0.322041,-0.058015,0.55284,10.767994,-0.02,-0.8,-0.02,-0.25,-0.6,-4.0,0.488977,-0.149398,-0.015703,0.0,-0.001464,-0.130203,-0.037096,-0.016485,-0.032499,0.78551,-0.103601,-0.172274,-0.013841,-0.034277,1.639854,3.761038,-0.112095,-0.002934,-0.37109,0.083333,0.083333,4.875,0.101918,0.101595,0.137444
7816,155.473328,956.460022,0.762995,0.774184,0.333333,0.0,0.092387,49450.0,0.277231,0.355482,0.133704,0.27106,-0.048723,0.457129,10.506294,-0.02,-0.8,-0.02,-0.25,-0.6,-4.0,0.469007,-0.142534,-0.019567,0.0,-0.004681,-0.112788,-0.034976,-0.014825,-0.03055,0.733798,-0.111156,-0.178391,-0.013467,-0.030124,1.543417,3.610931,-0.101026,-0.004359,-0.323106,0.083333,0.0,3.958333,0.144007,0.155325,0.158694
7817,158.62059,952.140015,0.787946,0.795156,0.208333,0.0,0.092288,42529.0,0.229132,0.3406,0.14941,0.29515,-0.052393,0.522554,10.485933,-0.02,-0.8,-0.02,-0.25,-0.6,-4.0,0.476174,-0.14688,-0.015667,0.0,-0.00249,-0.116034,-0.035239,-0.015285,-0.03061,0.756896,-0.096981,-0.160689,-0.011287,-0.029863,1.642307,3.72546,-0.104677,-0.013687,-0.287855,0.083333,0.0,4.625,0.087424,0.117114,0.159881
7818,153.148453,943.200012,0.743743,0.773969,0.208333,0.041667,0.092377,39197.0,0.291312,0.341386,0.156226,0.325328,-0.059897,0.545744,10.435877,-0.02,-0.8,-0.02,-0.25,-0.6,-4.0,0.476683,-0.143979,-0.025707,0.0,-0.002492,-0.141359,-0.036742,-0.017814,-0.034747,0.751441,-0.108117,-0.164215,-0.014051,-0.033604,1.527175,3.705263,-0.115973,-0.018119,-0.583013,0.166667,0.125,3.666667,0.128097,0.114064,0.164735
7819,158.877792,955.869995,0.791784,0.782054,0.333333,0.0,0.092509,36019.0,0.249059,0.347894,0.155034,0.305753,-0.054232,0.535548,10.400329,-0.02,-0.8,-0.02,-0.25,-0.6,-4.0,0.474782,-0.136283,-0.019812,0.0,-0.004548,-0.11815,-0.035585,-0.015602,-0.031258,0.763667,-0.114038,-0.200459,-0.013397,-0.031233,1.614515,3.665384,-0.105812,-0.004409,-0.28789,0.208333,0.0,4.541667,0.111274,0.121349,0.155198
7820,157.258148,953.369995,0.764484,0.772082,0.583333,0.041667,0.092544,37436.0,0.239198,0.345866,0.146021,0.310812,-0.058359,0.530823,10.549166,-0.02,-0.8,-0.02,-0.25,-0.6,-4.0,0.473878,-0.152728,-0.017959,0.0,-0.004865,-0.124831,-0.036348,-0.01729,-0.032528,0.744387,-0.11352,-0.170063,-0.014768,-0.030862,1.612549,3.687997,-0.114815,-0.008099,-0.275294,0.041667,0.041667,4.5,0.094788,0.135016,0.198956
7821,155.025665,963.309998,0.788942,0.794907,0.291667,0.041667,0.092469,38578.0,0.279821,0.353563,0.150703,0.308035,-0.056359,0.527249,10.494747,-0.02,-0.8,-0.02,-0.25,-0.6,-4.0,0.48234,-0.154538,-0.018437,0.0,-0.002528,-0.141793,-0.036539,-0.0167,-0.034768,0.763194,-0.105326,-0.164823,-0.013402,-0.036828,1.580388,3.740039,-0.110995,-0.004167,-0.413806,0.125,0.0,4.708333,0.12867,0.13398,0.169668
7822,155.064804,929.659973,0.769391,0.773355,0.333333,0.041667,0.092435,35174.0,0.233357,0.332706,0.138226,0.29169,-0.052339,0.516995,10.50712,-0.02,-0.8,-0.02,-0.25,-0.6,-4.0,0.469376,-0.157396,-0.012301,0.0,-0.003062,-0.11975,-0.034489,-0.015279,-0.030498,0.753308,-0.093688,-0.150374,-0.013293,-0.031031,1.595671,3.677213,-0.103793,-0.003424,-0.314087,0.083333,0.0,4.083333,0.089846,0.116953,0.16963
7823,154.376511,956.01001,0.751059,0.765253,0.217391,0.0,0.092302,37433.0,0.251074,0.347204,0.15472,0.319253,-0.058356,0.528937,10.55537,-0.02,-0.8,-0.02,-0.25,-0.6,-4.0,0.46836,-0.146655,-0.017673,0.0,-0.003319,-0.139341,-0.036102,-0.017652,-0.033514,0.738802,-0.110271,-0.184021,-0.013934,-0.036158,1.551188,3.624491,-0.113406,-0.005978,-0.424625,0.043478,0.086957,4.434783,0.116148,0.113895,0.173922
7824,154.602859,964.859985,0.767468,0.797637,0.173913,0.0,0.092107,38053.0,0.270015,0.356904,0.148685,0.312652,-0.058276,0.535734,10.491403,-0.02,-0.8,-0.02,-0.25,-0.6,-4.0,0.484122,-0.158682,-0.021238,0.0,-0.001507,-0.145058,-0.037008,-0.017603,-0.035814,0.755604,-0.106549,-0.170173,-0.015872,-0.036618,1.603963,3.740209,-0.112343,-0.006522,-0.435286,0.0,0.043478,4.434783,0.141805,0.115359,0.178637
7825,159.955917,966.119995,0.77931,0.807159,0.173913,0.043478,0.092235,36126.0,0.246418,0.356864,0.153625,0.317821,-0.059107,0.544578,10.546545,-0.02,-0.8,-0.02,-0.25,-0.6,-4.0,0.485295,-0.153848,-0.018059,0.0,-0.001845,-0.143341,-0.037572,-0.017986,-0.035953,0.778815,-0.105878,-0.178313,-0.014005,-0.03709,1.636564,3.73431,-0.115091,-0.002513,-0.288645,0.086957,0.0,4.956522,0.128494,0.100567,0.144314
7826,151.211868,895.830017,0.73717,0.766009,0.541667,0.0,0.092249,45705.0,0.241647,0.33151,0.156575,0.308347,-0.054867,0.534982,10.427637,-0.02,-0.8,-0.02,-0.25,-0.6,-4.0,0.461071,-0.142581,-0.015318,0.0,-0.005025,-0.132625,-0.034481,-0.015874,-0.032365,0.735706,-0.101626,-0.162309,-0.013434,-0.034377,1.565959,3.593164,-0.107021,-0.00372,-0.231082,0.125,0.125,4.708333,0.148767,0.120407,0.198371
7827,143.736588,892.780029,0.700288,0.72085,0.625,0.0,0.092266,53797.0,0.239418,0.322352,0.132142,0.277267,-0.05002,0.470005,10.455269,-0.02,-0.8,-0.02,-0.25,-0.6,-4.0,0.437917,-0.142305,-0.019547,0.0,-0.006847,-0.115957,-0.032912,-0.015153,-0.029757,0.689404,-0.105899,-0.159379,-0.012266,-0.029675,1.46157,3.405098,-0.099927,-0.00432,-0.404313,0.208333,0.041667,3.833333,0.122854,0.155216,0.217127
7828,162.893555,968.359985,0.806108,0.802186,0.086957,0.0,0.092337,54598.0,0.238477,0.349133,0.157707,0.342871,-0.06231,0.60378,10.445543,-0.02,-0.8,-0.02,-0.25,-0.6,-4.0,0.48184,-0.16353,-0.013374,0.0,-0.001507,-0.138817,-0.03694,-0.018389,-0.034094,0.780252,-0.106944,-0.170276,-0.014321,-0.032689,1.651405,3.727047,-0.116575,-0.002702,-0.355171,0.043478,0.043478,4.086957,0.078062,0.108921,0.148328
7829,161.835938,974.200012,0.803249,0.80012,0.125,0.0,0.092377,49016.0,0.236611,0.350943,0.159682,0.313916,-0.057439,0.547555,10.348984,-0.02,-0.8,-0.02,-0.25,-0.6,-4.0,0.491226,-0.152625,-0.018943,0.0,-0.001153,-0.129968,-0.036605,-0.016645,-0.033432,0.783424,-0.09942,-0.165481,-0.013448,-0.032343,1.69481,3.827741,-0.109918,-0.009018,-0.372656,0.041667,0.041667,4.75,0.097109,0.101899,0.14772
7830,160.612152,959.869995,0.771716,0.776649,0.217391,0.086957,0.092273,54255.0,0.237988,0.330713,0.143739,0.281752,-0.053197,0.478261,10.561662,-0.02,-0.8,-0.02,-0.25,-0.6,-4.0,0.472331,-0.148888,-0.013524,0.0,-0.003484,-0.123933,-0.034735,-0.015745,-0.031767,0.757001,-0.097499,-0.163285,-0.012474,-0.031249,1.610686,3.707139,-0.105667,-0.003663,-0.322833,0.043478,0.043478,24.652174,0.130076,0.13441,0.174517
7831,160.771912,971.960022,0.80637,0.808511,0.125,0.0,0.092287,53430.0,0.260916,0.366769,0.143314,0.30833,-0.05874,0.51634,10.347373,-0.02,-0.8,-0.02,-0.25,-0.6,-4.0,0.483477,-0.169179,-0.0165,0.0,-0.001405,-0.140985,-0.036813,-0.018046,-0.034475,0.759873,-0.105467,-0.167046,-0.015022,-0.034125,1.592034,3.722458,-0.116414,-0.00542,-0.281211,0.0,0.041667,4.0,0.110527,0.104204,0.154727
7832,157.971207,959.219971,0.768539,0.775341,0.333333,0.083333,0.092054,54119.0,0.214611,0.349541,0.143463,0.292108,-0.054094,0.499744,10.322556,-0.02,-0.8,-0.02,-0.25,-0.6,-4.0,0.470629,-0.151075,-0.01431,0.0,-0.003062,-0.123598,-0.035465,-0.016176,-0.032092,0.751682,-0.100486,-0.16142,-0.013328,-0.030416,1.630762,3.63017,-0.10901,-0.002811,-0.350908,0.25,0.041667,4.75,0.15116,0.137096,0.164883
7833,162.297058,980.559998,0.800434,0.817479,0.125,0.0,0.092087,49034.0,0.221578,0.34918,0.155553,0.330659,-0.062057,0.571833,10.40371,-0.02,-0.8,-0.02,-0.25,-0.6,-4.0,0.49309,-0.163762,-0.014963,0.0,-0.001136,-0.134478,-0.037876,-0.018477,-0.035823,0.788128,-0.100501,-0.165509,-0.014508,-0.032931,1.716527,3.828009,-0.120714,-0.002854,-0.450641,0.041667,0.0,4.708333,0.100695,0.10031,0.142183
7834,154.496826,930.349976,0.75428,0.781067,0.333333,0.0,0.092128,54486.0,0.262125,0.345062,0.162265,0.308529,-0.057047,0.536197,10.448158,-0.02,-0.8,-0.02,-0.25,-0.6,-4.0,0.462735,-0.134749,-0.01428,0.0,-0.003857,-0.133092,-0.035052,-0.015967,-0.031736,0.75073,-0.104878,-0.168301,-0.012911,-0.035291,1.546513,3.55938,-0.107319,-0.005314,-0.319433,0.125,0.0,5.083333,0.109205,0.117985,0.179502
7835,161.006454,961.369995,0.788081,0.793922,0.25,0.0,0.092124,54328.0,0.24199,0.342178,0.150723,0.303593,-0.0553,0.528544,10.410193,-0.02,-0.8,-0.02,-0.25,-0.6,-4.0,0.475959,-0.15039,-0.011731,0.0,-0.002139,-0.12938,-0.035682,-0.016058,-0.033265,0.766129,-0.099379,-0.163628,-0.012779,-0.032452,1.617566,3.6998,-0.109069,-0.00284,-0.214475,0.0,0.0,4.333333,0.113724,0.112058,0.162307
7836,155.696487,960.940002,0.811341,0.80865,0.166667,0.0,0.092094,54434.0,0.274642,0.351774,0.142062,0.295073,-0.053768,0.512539,10.370545,-0.02,-0.8,-0.02,-0.25,-0.6,-4.0,0.488915,-0.157079,-0.019637,0.0,-0.001563,-0.128757,-0.035801,-0.016011,-0.0333,0.776434,-0.105986,-0.170935,-0.013824,-0.034016,1.629545,3.81423,-0.106537,-0.003392,-0.377264,0.125,0.0,4.5,0.119273,0.106779,0.15388
7837,163.273254,977.150024,0.81443,0.787095,0.125,0.0,0.091977,54595.0,0.220516,0.350124,0.149971,0.317046,-0.058926,0.543456,10.524444,-0.02,-0.8,-0.02,-0.25,-0.6,-4.0,0.489466,-0.159489,-0.01717,0.0,-0.001127,-0.131097,-0.036434,-0.017152,-0.034111,0.773717,-0.100219,-0.156808,-0.014149,-0.032909,1.692692,3.828317,-0.114316,-0.008967,-0.246606,0.041667,0.041667,4.083333,0.084729,0.102209,0.159484
7838,162.856445,979.539978,0.816497,0.805109,0.125,0.0,0.092132,49435.0,0.243763,0.354527,0.160543,0.315511,-0.059135,0.536052,10.551939,-0.02,-0.8,-0.02,-0.25,-0.6,-4.0,0.491721,-0.157192,-0.019151,0.0,-0.000905,-0.126933,-0.036862,-0.016995,-0.032729,0.783972,-0.10479,-0.170635,-0.013661,-0.031881,1.667339,3.829386,-0.113951,-0.004723,-0.323163,0.0,0.0,4.458333,0.10073,0.099324,0.143657
7839,146.716858,902.72998,0.731008,0.732929,0.458333,0.0,0.092047,51575.0,0.278276,0.340682,0.138943,0.26224,-0.048447,0.438381,10.567754,-0.02,-0.8,-0.02,-0.25,-0.6,-4.0,0.453617,-0.13209,-0.028759,0.0,-0.004433,-0.110989,-0.033749,-0.013834,-0.028195,0.709145,-0.110203,-0.17096,-0.012536,-0.029703,1.468804,3.507154,-0.097457,-0.00404,-0.275991,0.083333,0.0,3.958333,0.111362,0.13685,0.195704
7840,160.27356,975.669983,0.794726,0.807967,0.130435,0.0,0.091881,37526.0,0.236306,0.3599,0.154319,0.310925,-0.056617,0.544069,10.43484,-0.02,-0.8,-0.02,-0.25,-0.6,-4.0,0.487992,-0.154483,-0.016488,0.0,-0.001572,-0.129521,-0.036444,-0.016998,-0.033396,0.778287,-0.101407,-0.176835,-0.014296,-0.032199,1.670389,3.772277,-0.110307,-0.004159,-0.328047,0.086957,0.0,4.391304,0.104236,0.115858,0.163679
7841,157.912415,967.26001,0.778422,0.795346,0.391304,0.0,0.091843,34448.0,0.270662,0.360674,0.143723,0.29034,-0.05524,0.478174,10.501584,-0.02,-0.8,-0.02,-0.25,-0.6,-4.0,0.481518,-0.149514,-0.017884,0.0,-0.003319,-0.135825,-0.035971,-0.016643,-0.034514,0.758349,-0.10849,-0.174013,-0.01567,-0.03705,1.58662,3.726658,-0.109389,-0.003209,-0.323249,0.086957,0.0,4.086957,0.106103,0.128659,0.177151
7842,151.53775,927.710022,0.750733,0.761263,0.375,0.0,0.0918,38588.0,0.2417,0.337311,0.150865,0.301188,-0.055969,0.522346,10.637997,-0.02,-0.8,-0.02,-0.25,-0.6,-4.0,0.464383,-0.139742,-0.016518,0.0,-0.004039,-0.1303,-0.035467,-0.016705,-0.03333,0.740289,-0.104324,-0.173007,-0.013324,-0.033669,1.574225,3.595811,-0.108522,-0.003581,-0.432079,0.291667,0.0,5.625,0.149079,0.155929,0.169044
7843,155.93132,955.109985,0.780152,0.783103,0.125,0.0,0.091637,36232.0,0.28411,0.357444,0.160742,0.338154,-0.061317,0.553779,10.617409,-0.02,-0.8,-0.02,-0.25,-0.6,-4.0,0.482315,-0.146515,-0.020256,0.0,-0.001847,-0.153958,-0.037629,-0.018778,-0.036159,0.756197,-0.114124,-0.186291,-0.014682,-0.039884,1.555874,3.679989,-0.117331,-0.004901,-0.322273,0.125,0.0,4.75,0.160462,0.109658,0.165892
7844,155.609756,960.840027,0.78384,0.787894,0.375,0.0,0.091637,34698.0,0.251087,0.350608,0.146447,0.310901,-0.05543,0.525845,10.535616,-0.02,-0.8,-0.02,-0.25,-0.6,-4.0,0.478614,-0.15601,-0.015155,0.0,-0.003935,-0.134843,-0.03552,-0.015752,-0.032653,0.757624,-0.103512,-0.169127,-0.013075,-0.034721,1.601851,3.729752,-0.107368,-0.004319,-0.42506,0.041667,0.0,4.541667,0.118508,0.11687,0.173885
7845,161.944687,978.619995,0.809702,0.786285,0.041667,0.0,0.091426,37204.0,0.234217,0.357588,0.157078,0.318004,-0.058844,0.545339,10.397738,-0.02,-0.8,-0.02,-0.25,-0.6,-4.0,0.487671,-0.154295,-0.013946,0.0,-0.001349,-0.132827,-0.036534,-0.017038,-0.034292,0.773126,-0.104506,-0.175742,-0.014833,-0.033974,1.676058,3.750286,-0.111695,-0.003836,-0.350562,0.083333,0.041667,4.375,0.15029,0.110887,0.16304
7846,157.252396,947.840027,0.788978,0.78649,0.217391,0.043478,0.091359,36963.0,0.270432,0.345891,0.140162,0.295407,-0.052565,0.492365,10.446055,-0.02,-0.8,-0.02,-0.25,-0.6,-4.0,0.477562,-0.148866,-0.017038,0.0,-0.002787,-0.122575,-0.034772,-0.015214,-0.031689,0.73953,-0.100571,-0.161771,-0.012928,-0.033612,1.565631,3.736656,-0.10367,-0.003451,-0.272881,0.130435,0.0,3.913043,0.09283,0.124525,0.170539
7847,160.785934,976.880005,0.801253,0.775246,0.166667,0.0,0.091293,36511.0,0.229082,0.395008,0.135554,0.26558,-0.048819,0.465762,10.481313,-0.02,-0.8,-0.02,-0.25,-0.6,-4.0,0.484083,-0.156244,-0.018505,0.0,-0.003574,-0.113726,-0.034495,-0.013864,-0.029963,0.770846,-0.110043,-0.179248,-0.013051,-0.030708,1.663008,3.707377,-0.097618,-0.069307,-0.306231,0.125,0.0,4.333333,0.123892,0.130369,0.180477
7848,157.808456,963.210022,0.782845,0.801654,0.173913,0.043478,0.091266,38122.0,0.243197,0.343289,0.141375,0.29263,-0.051864,0.504763,10.481498,-0.02,-0.8,-0.02,-0.25,-0.6,-4.0,0.481964,-0.154441,-0.016922,0.0,-0.002043,-0.118245,-0.035488,-0.015489,-0.031514,0.750479,-0.100228,-0.165354,-0.01232,-0.03007,1.63682,3.762679,-0.104833,-0.003099,-0.329619,0.086957,0.043478,4.652174,0.098702,0.105584,0.143397
7849,158.861847,965.5,0.763787,0.776255,0.291667,0.0,0.091329,49758.0,0.267611,0.336656,0.153823,0.311165,-0.055653,0.524008,10.574162,-0.02,-0.8,-0.02,-0.25,-0.6,-4.0,0.475321,-0.146315,-0.015451,0.0,-0.003266,-0.132044,-0.035171,-0.016231,-0.032509,0.759384,-0.098644,-0.164832,-0.013069,-0.035231,1.557149,3.711929,-0.106587,-0.006462,-0.289038,0.083333,0.041667,4.458333,0.117054,0.123601,0.16345
7850,158.191833,960.26001,0.78985,0.793483,0.208333,0.0,0.091269,50011.0,0.21836,0.344281,0.156385,0.326834,-0.059344,0.571608,10.59885,-0.02,-0.8,-0.02,-0.25,-0.6,-4.0,0.481341,-0.156373,-0.014677,0.0,-0.00275,-0.145176,-0.035785,-0.017295,-0.034151,0.761612,-0.103816,-0.160731,-0.014115,-0.036854,1.668037,3.759554,-0.112058,-0.003494,-0.447536,0.166667,0.0,3.916667,0.075419,0.132134,0.14088
7851,162.955231,978.799988,0.825963,0.818658,0.166667,0.0,0.091595,45560.0,0.273822,0.353192,0.1462,0.291814,-0.053321,0.503175,10.604086,-0.02,-0.8,-0.02,-0.25,-0.6,-4.0,0.492234,-0.151175,-0.01964,0.0,-0.001451,-0.128821,-0.035748,-0.01543,-0.033245,0.76811,-0.099502,-0.161376,-0.01319,-0.035131,1.647107,3.853757,-0.105557,-0.004817,-0.328669,0.041667,0.0,4.75,0.098722,0.104486,0.142971
7852,154.518066,945.840027,0.766855,0.763697,0.304348,0.0,0.091548,51007.0,0.222802,0.352522,0.141206,0.296285,-0.052784,0.523717,10.45591,-0.02,-0.8,-0.02,-0.25,-0.6,-4.0,0.471043,-0.152955,-0.016524,0.0,-0.00364,-0.118008,-0.034908,-0.015223,-0.031728,0.75291,-0.101796,-0.161041,-0.013426,-0.031356,1.613432,3.631948,-0.103436,-0.00439,-0.408415,0.043478,0.0,3.608696,0.144344,0.127917,0.189976
7853,158.40271,955.460022,0.792607,0.803631,0.375,0.0,0.09148,49955.0,0.272334,0.352917,0.153505,0.327813,-0.05982,0.546633,10.438579,-0.02,-0.8,-0.02,-0.25,-0.6,-4.0,0.484621,-0.152858,-0.017175,0.0,-0.001891,-0.143133,-0.036987,-0.017767,-0.034788,0.766529,-0.116548,-0.184407,-0.014438,-0.037066,1.608506,3.75057,-0.115476,-0.004037,-0.309553,0.041667,0.0,4.916667,0.102388,0.103654,0.167586
7854,160.320587,969.320007,0.794095,0.776464,0.166667,0.041667,0.09134,49291.0,0.215351,0.345964,0.148175,0.309342,-0.055909,0.540012,10.489372,-0.02,-0.8,-0.02,-0.25,-0.6,-4.0,0.478371,-0.156233,-0.020014,0.0,-0.002284,-0.128986,-0.035383,-0.016659,-0.033148,0.75396,-0.099509,-0.161261,-0.013443,-0.031098,1.665929,3.727103,-0.109866,-0.005091,-0.360738,0.166667,0.0,5.375,0.139504,0.109618,0.168147
7855,158.573669,957.359985,0.802005,0.819806,0.25,0.0,0.091198,48496.0,0.253235,0.353141,0.152453,0.313859,-0.056669,0.539112,10.390783,-0.02,-0.8,-0.02,-0.25,-0.6,-4.0,0.483521,-0.152542,-0.016996,0.0,-0.002397,-0.129996,-0.036434,-0.017623,-0.032762,0.768973,-0.108915,-0.173313,-0.014619,-0.032743,1.614711,3.736438,-0.111654,-0.005025,-0.331066,0.083333,0.0,4.291667,0.119697,0.107755,0.151252
7856,160.133301,968.22998,0.766173,0.791666,0.25,0.041667,0.091314,45199.0,0.279432,0.341057,0.153125,0.309312,-0.055049,0.542652,10.391386,-0.02,-0.8,-0.02,-0.25,-0.6,-4.0,0.477742,-0.147065,-0.017172,0.0,-0.003056,-0.125747,-0.035012,-0.015512,-0.031417,0.771672,-0.099295,-0.16841,-0.013134,-0.033854,1.561964,3.729682,-0.103855,-0.009275,-0.34824,0.041667,0.0,4.375,0.090573,0.105732,0.161619
7857,155.408722,942.789978,0.797382,0.795281,0.291667,0.0,0.091534,49700.0,0.2717,0.342644,0.148518,0.313982,-0.055638,0.513104,10.447828,-0.02,-0.8,-0.02,-0.25,-0.6,-4.0,0.480505,-0.150128,-0.018604,0.0,-0.002585,-0.118337,-0.035801,-0.016408,-0.031582,0.758192,-0.103021,-0.172734,-0.013939,-0.028519,1.585851,3.759771,-0.1114,-0.004271,-0.563686,0.125,0.0,5.083333,0.11219,0.091261,0.177613
7858,163.955856,983.799988,0.828814,0.810846,0.043478,0.0,0.091379,49622.0,0.257398,0.365015,0.150581,0.317442,-0.058722,0.52971,10.353595,-0.02,-0.8,-0.02,-0.25,-0.6,-4.0,0.495096,-0.156227,-0.017138,0.0,-0.001652,-0.135475,-0.036924,-0.017322,-0.034471,0.773274,-0.109531,-0.184104,-0.014876,-0.03464,1.666421,3.852085,-0.115049,-0.016618,-0.192221,0.086957,0.0,3.782609,0.12186,0.102608,0.154627
7859,162.08931,972.869995,0.791434,0.807258,0.208333,0.041667,0.091437,50177.0,0.260482,0.356182,0.150334,0.315942,-0.058506,0.5212,10.52001,-0.02,-0.8,-0.02,-0.25,-0.6,-4.0,0.489145,-0.152418,-0.024023,0.0,-0.002111,-0.133499,-0.037162,-0.01733,-0.033875,0.763411,-0.10515,-0.179537,-0.012774,-0.032863,1.62841,3.793698,-0.115712,-0.011285,-0.251103,0.041667,0.083333,4.25,0.127293,0.103749,0.126145
7860,156.83287,969.150024,0.785046,0.785196,0.25,0.041667,0.091432,42491.0,0.248682,0.355156,0.145695,0.321654,-0.056934,0.541333,10.366796,-0.02,-0.8,-0.02,-0.25,-0.6,-4.0,0.472559,-0.159616,-0.01529,0.0,-0.003339,-0.138248,-0.035929,-0.017186,-0.032994,0.754633,-0.10712,-0.162035,-0.013956,-0.035212,1.576458,3.628957,-0.110678,-0.009196,-0.355926,0.041667,0.083333,4.458333,0.122007,0.118656,0.181837
7861,154.497528,947.469971,0.774112,0.766219,0.166667,0.041667,0.091361,50361.0,0.251676,0.344159,0.15809,0.29854,-0.055803,0.501759,10.376411,-0.02,-0.8,-0.02,-0.25,-0.6,-4.0,0.472942,-0.147421,-0.017633,0.0,-0.001958,-0.124885,-0.035177,-0.015837,-0.03043,0.741944,-0.099256,-0.162092,-0.012998,-0.032357,1.58807,3.687927,-0.105809,-0.004351,-0.273571,0.083333,0.166667,4.458333,0.092702,0.101332,0.164329
7862,160.095016,961.849976,0.806015,0.810005,0.166667,0.041667,0.091379,50780.0,0.278703,0.34684,0.151014,0.314495,-0.056548,0.550041,10.468572,-0.02,-0.8,-0.02,-0.25,-0.6,-4.0,0.484532,-0.153427,-0.012946,0.0,-0.001563,-0.127715,-0.035754,-0.016494,-0.032373,0.782286,-0.096479,-0.161245,-0.01307,-0.032843,1.612527,3.778339,-0.108597,-0.005869,-0.33924,0.125,0.0,5.041667,0.085757,0.107755,0.136687
7863,154.667984,938.02002,0.758053,0.775618,0.25,0.0,0.09146,51004.0,0.247849,0.361493,0.156341,0.333289,-0.06165,0.559288,10.408278,-0.02,-0.8,-0.02,-0.25,-0.6,-4.0,0.472271,-0.15255,-0.018035,0.0,-0.003044,-0.144967,-0.036079,-0.017899,-0.035194,0.746127,-0.105418,-0.175264,-0.015133,-0.035727,1.577309,3.615833,-0.114703,-0.003212,-0.385698,0.125,0.083333,4.125,0.118119,0.116798,0.17828
7864,157.504959,961.049988,0.760756,0.788861,0.291667,0.0,0.091416,44933.0,0.258263,0.357128,0.154096,0.318591,-0.058751,0.527888,10.453465,-0.02,-0.8,-0.02,-0.25,-0.6,-4.0,0.472356,-0.150512,-0.013671,0.0,-0.004334,-0.135996,-0.035422,-0.017027,-0.032635,0.759473,-0.113888,-0.174872,-0.014224,-0.035275,1.56294,3.643867,-0.111804,-0.004131,-0.353995,0.208333,0.041667,4.416667,0.094466,0.113452,0.174727
7865,156.488953,941.51001,0.77614,0.768991,0.318182,0.0,0.091453,50216.0,0.245639,0.337731,0.148606,0.305652,-0.055656,0.509529,10.413759,-0.02,-0.8,-0.02,-0.25,-0.6,-4.0,0.470148,-0.152551,-0.014521,0.0,-0.003519,-0.12496,-0.034824,-0.016649,-0.031519,0.738508,-0.102863,-0.15965,-0.014717,-0.030573,1.579917,3.656271,-0.107224,-0.007844,-0.244832,0.227273,0.090909,4.181818,0.111106,0.139355,0.176005
7866,157.136414,953.409973,0.783014,0.799526,0.304348,0.0,0.091227,50083.0,0.258693,0.34641,0.145113,0.302969,-0.054319,0.521391,10.478323,-0.02,-0.8,-0.02,-0.25,-0.6,-4.0,0.480633,-0.164383,-0.014434,0.0,-0.003031,-0.143946,-0.035032,-0.01678,-0.03356,0.770939,-0.102837,-0.154335,-0.014108,-0.039117,1.611575,3.742355,-0.106006,-0.005316,-0.411793,0.130435,0.0,4.043478,0.127681,0.121891,0.161471
7867,162.144028,964.289978,0.769259,0.811169,0.166667,0.0,0.091215,49986.0,0.224936,0.335554,0.150591,0.31119,-0.055612,0.555386,10.378136,-0.02,-0.8,-0.02,-0.25,-0.6,-4.0,0.480663,-0.153421,-0.01328,0.0,-0.002074,-0.131165,-0.035339,-0.01643,-0.034283,0.774639,-0.102545,-0.168969,-0.015025,-0.034419,1.668495,3.775733,-0.107448,-0.004072,-0.337735,0.125,0.0,4.833333,0.090608,0.119894,0.152554
7868,159.70961,956.820007,0.796921,0.784724,0.25,0.0,0.091125,44896.0,0.265229,0.354968,0.156973,0.329893,-0.058715,0.563545,10.40436,-0.02,-0.8,-0.02,-0.25,-0.6,-4.0,0.474841,-0.153111,-0.014559,0.0,-0.001641,-0.133117,-0.035969,-0.01727,-0.034073,0.760029,-0.105882,-0.163921,-0.014071,-0.033812,1.577588,3.649037,-0.112767,-0.003786,-0.278832,0.083333,0.125,4.75,0.136391,0.107844,0.143615
7869,165.739334,982.890015,0.805859,0.798056,0.083333,0.0,0.091283,50227.0,0.197935,0.354295,0.148997,0.302453,-0.053298,0.525521,10.364889,-0.02,-0.8,-0.02,-0.25,-0.6,-4.0,0.49033,-0.15107,-0.019749,0.0,-0.001417,-0.122162,-0.035838,-0.015915,-0.031829,0.78127,-0.098132,-0.157669,-0.012378,-0.030734,1.739039,3.827425,-0.106654,-0.003225,-0.279896,0.083333,0.125,4.416667,0.077442,0.105372,0.147889
7870,156.107254,961.570007,0.777966,0.768519,0.363636,0.045455,0.091446,51524.0,0.25051,0.357781,0.147571,0.316901,-0.057205,0.540639,10.464533,-0.02,-0.8,-0.02,-0.25,-0.6,-4.0,0.481458,-0.156555,-0.01965,0.0,-0.004727,-0.135196,-0.036113,-0.017497,-0.034332,0.746221,-0.109448,-0.176836,-0.014344,-0.033358,1.617154,3.719195,-0.109144,-0.004662,-0.387881,0.136364,0.0,4.045455,0.09234,0.131815,0.182091
7871,154.762436,950.650024,0.755332,0.778648,0.521739,0.0,0.09174,51549.0,0.282701,0.348264,0.150309,0.310337,-0.057701,0.517827,10.520455,-0.02,-0.8,-0.02,-0.25,-0.6,-4.0,0.473472,-0.145722,-0.018742,0.0,-0.003537,-0.138175,-0.036138,-0.017471,-0.034531,0.742513,-0.103606,-0.187036,-0.014817,-0.035799,1.540735,3.654253,-0.111101,-0.005208,-0.336104,0.043478,0.0,5.043478,0.143261,0.117552,0.168359
7872,160.076569,963.22998,0.79913,0.806109,0.291667,0.0,0.09167,45717.0,0.260841,0.355389,0.161946,0.34221,-0.060239,0.588708,10.589199,-0.02,-0.8,-0.02,-0.25,-0.6,-4.0,0.489863,-0.159991,-0.018406,0.0,-0.002371,-0.143229,-0.036532,-0.017347,-0.034728,0.776726,-0.102642,-0.167699,-0.014869,-0.036812,1.624878,3.802588,-0.113439,-0.003901,-0.319333,0.041667,0.083333,22.5,0.122031,0.104962,0.150089
7873,155.910965,943.059998,0.807499,0.787671,0.291667,0.0,0.091566,48668.0,0.26599,0.333376,0.144445,0.299798,-0.051822,0.513114,10.359645,-0.02,-0.8,-0.02,-0.25,-0.6,-4.0,0.478069,-0.150472,-0.019988,0.0,-0.002099,-0.115791,-0.034327,-0.014652,-0.02938,0.761614,-0.096248,-0.151473,-0.012858,-0.029948,1.576653,3.775143,-0.102049,-0.006731,-0.374262,0.0,0.0,4.208333,0.105547,0.084643,0.150415
7874,154.960464,948.210022,0.795676,0.804713,0.333333,0.0,0.091736,48876.0,0.257087,0.353574,0.165321,0.331494,-0.060775,0.563042,10.332938,-0.02,-0.8,-0.02,-0.25,-0.6,-4.0,0.483246,-0.139164,-0.014207,0.0,-0.002655,-0.137828,-0.036573,-0.017133,-0.035082,0.771905,-0.109523,-0.18431,-0.015198,-0.035995,1.617934,3.717282,-0.113069,-0.003156,-0.396244,0.083333,0.041667,4.625,0.141678,0.12412,0.172464
7875,163.808456,985.119995,0.826841,0.803821,0.083333,0.0,0.091572,48700.0,0.258748,0.36125,0.145202,0.32336,-0.059911,0.5589,10.346292,-0.02,-0.8,-0.02,-0.25,-0.6,-4.0,0.492078,-0.168128,-0.01616,0.0,-0.001713,-0.129447,-0.036336,-0.017316,-0.033136,0.788572,-0.095166,-0.159188,-0.01434,-0.032733,1.644683,3.83141,-0.113604,-0.00394,-0.308783,0.083333,0.0,4.708333,0.099486,0.122493,0.162536
7876,154.351013,922.349976,0.773304,0.773337,0.375,0.0,0.091618,43352.0,0.234243,0.338096,0.151381,0.314761,-0.055588,0.55149,10.546477,-0.02,-0.8,-0.02,-0.25,-0.6,-4.0,0.467679,-0.147809,-0.012491,0.0,-0.00331,-0.129802,-0.034772,-0.016279,-0.031671,0.741497,-0.098411,-0.161774,-0.014278,-0.033044,1.597675,3.642747,-0.107024,-0.00377,-0.296032,0.125,0.125,4.458333,0.10062,0.126074,0.185195
7877,158.103989,970.669983,0.805809,0.812129,0.083333,0.0,0.091547,48076.0,0.279336,0.359398,0.147188,0.308883,-0.056585,0.531816,10.395991,-0.02,-0.8,-0.02,-0.25,-0.6,-4.0,0.488345,-0.162432,-0.015965,0.0,-0.001655,-0.144989,-0.036252,-0.016844,-0.035633,0.785762,-0.104761,-0.160756,-0.015259,-0.040117,1.605809,3.776824,-0.108042,-0.004242,-0.487548,0.125,0.041667,4.541667,0.103543,0.099667,0.151381
7878,160.22908,978.820007,0.802048,0.828321,0.125,0.041667,0.091638,47805.0,0.262928,0.366033,0.15562,0.341667,-0.062119,0.575338,10.302267,-0.02,-0.8,-0.02,-0.25,-0.6,-4.0,0.492128,-0.160576,-0.013729,0.0,-0.001016,-0.13123,-0.037438,-0.018677,-0.035249,0.781847,-0.108522,-0.17813,-0.01609,-0.032563,1.649504,3.772774,-0.118068,-0.003007,-0.484283,0.0,0.041667,4.75,0.106282,0.098586,0.116393
7879,155.087875,938.969971,0.783508,0.788384,0.333333,0.0,0.091638,49859.0,0.259053,0.342847,0.155669,0.321165,-0.057301,0.563026,10.379058,-0.02,-0.8,-0.02,-0.25,-0.6,-4.0,0.47975,-0.149059,-0.015027,0.0,-0.003266,-0.135925,-0.036025,-0.016346,-0.033739,0.777904,-0.105095,-0.166958,-0.013246,-0.035161,1.612338,3.733489,-0.110746,-0.003603,-0.366178,0.208333,0.0,3.708333,0.110775,0.121892,0.172551
7880,161.264465,962.289978,0.759819,0.793606,0.208333,0.041667,0.091511,43688.0,0.233213,0.345456,0.146197,0.314995,-0.055742,0.526156,10.335201,-0.02,-0.8,-0.02,-0.25,-0.6,-4.0,0.480718,-0.154751,-0.016585,0.0,-0.002014,-0.130115,-0.035778,-0.016816,-0.033242,0.749916,-0.101431,-0.163623,-0.013496,-0.032258,1.637246,3.742844,-0.110546,-0.003567,-0.228933,0.083333,0.0,4.75,0.092802,0.107807,0.144793
7881,160.363571,968.169983,0.776197,0.800182,0.166667,0.0,0.091343,47663.0,0.267174,0.355633,0.150857,0.326965,-0.061333,0.542171,10.320628,-0.02,-0.8,-0.02,-0.25,-0.6,-4.0,0.486336,-0.150262,-0.021504,0.0,-0.001921,-0.139539,-0.037146,-0.017413,-0.035086,0.760959,-0.102128,-0.165173,-0.013918,-0.03569,1.603731,3.763654,-0.117423,-0.004703,-0.289735,0.083333,0.0,3.5,0.14426,0.123231,0.148892
7882,159.729568,957.640015,0.79748,0.792228,0.043478,0.043478,0.091227,47003.0,0.237462,0.339009,0.15524,0.326581,-0.057624,0.587616,10.366495,-0.02,-0.8,-0.02,-0.25,-0.6,-4.0,0.481958,-0.1535,-0.015646,0.0,-0.002791,-0.122512,-0.035796,-0.01629,-0.032116,0.774617,-0.09498,-0.153932,-0.012902,-0.031001,1.659209,3.776681,-0.109646,-0.002486,-0.496857,0.26087,0.043478,4.304348,0.116288,0.110468,0.145797
7883,163.326385,981.340027,0.821451,0.807635,0.043478,0.0,0.091115,49108.0,0.26359,0.342842,0.148142,0.31924,-0.059105,0.545483,10.308744,-0.02,-0.8,-0.02,-0.25,-0.6,-4.0,0.493973,-0.159915,-0.017168,0.0,-0.000348,-0.142185,-0.036499,-0.017332,-0.034871,0.779715,-0.095185,-0.16054,-0.013577,-0.036769,1.650928,3.872776,-0.114317,-0.003792,-0.344234,0.0,0.086957,5.173913,0.121501,0.085177,0.11189
7884,160.219589,982.150024,0.812919,0.808452,0.208333,0.0,0.091005,38090.0,0.276293,0.360289,0.144298,0.315174,-0.057456,0.525498,10.314751,-0.02,-0.8,-0.02,-0.25,-0.6,-4.0,0.491946,-0.162675,-0.016446,0.0,-0.001683,-0.136413,-0.036443,-0.017071,-0.033645,0.788828,-0.105427,-0.169341,-0.015108,-0.036619,1.629843,3.824588,-0.111189,-0.002961,-0.434624,0.041667,0.0,4.666667,0.106548,0.108612,0.152481
7885,159.594391,961.52002,0.802902,0.813595,0.208333,0.041667,0.090806,36035.0,0.277065,0.347604,0.15967,0.325953,-0.058105,0.552808,10.309731,-0.02,-0.8,-0.02,-0.25,-0.6,-4.0,0.487679,-0.148152,-0.015039,0.0,-0.00197,-0.148919,-0.036277,-0.017039,-0.035427,0.781054,-0.103516,-0.179635,-0.014806,-0.040452,1.602783,3.797943,-0.110282,-0.004491,-0.372489,0.125,0.041667,5.083333,0.124744,0.123147,0.153497
7886,166.198975,990.849976,0.817601,0.824313,0.041667,0.0,0.090812,37070.0,0.270716,0.348272,0.143323,0.310874,-0.058187,0.540329,10.294018,-0.02,-0.8,-0.02,-0.25,-0.6,-4.0,0.492319,-0.168401,-0.016741,0.0,-0.000238,-0.138371,-0.036152,-0.01629,-0.033963,0.781649,-0.090634,-0.150629,-0.013952,-0.035007,1.65003,3.87118,-0.111033,-0.003236,-0.295842,0.0,0.083333,4.458333,0.086085,0.091847,0.12541
7887,158.286804,954.609985,0.77863,0.781538,0.166667,0.0,0.090573,32450.0,0.250911,0.343645,0.151292,0.308149,-0.05388,0.530603,10.208259,-0.02,-0.8,-0.02,-0.25,-0.6,-4.0,0.481764,-0.144387,-0.016161,0.0,-0.002287,-0.122255,-0.035545,-0.016182,-0.032439,0.762853,-0.104115,-0.173625,-0.013015,-0.031251,1.635494,3.762191,-0.105064,-0.002362,-0.289285,0.166667,0.0,4.041667,0.126775,0.104911,0.173646
7888,152.813293,932.299988,0.777966,0.784427,0.304348,0.043478,0.090573,37115.0,0.259928,0.357389,0.147598,0.295473,-0.054255,0.504002,10.222643,-0.02,-0.8,-0.02,-0.25,-0.6,-4.0,0.469253,-0.149951,-0.0165,0.0,-0.004246,-0.135088,-0.035489,-0.016651,-0.032479,0.750847,-0.109693,-0.170167,-0.01394,-0.036731,1.562603,3.600913,-0.103419,-0.003837,-0.373139,0.086957,0.0,4.434783,0.160113,0.118143,0.165749
7889,158.378067,957.650024,0.78534,0.780799,0.25,0.0,0.09044,39319.0,0.248531,0.339355,0.135953,0.287872,-0.054609,0.474053,10.280766,-0.02,-0.8,-0.02,-0.25,-0.6,-4.0,0.475131,-0.149713,-0.016187,0.0,-0.003544,-0.120986,-0.034998,-0.01624,-0.032545,0.743207,-0.097301,-0.157358,-0.013093,-0.029519,1.579882,3.719741,-0.105957,-0.006841,-0.32738,0.083333,0.0,4.416667,0.127304,0.132437,0.167441
7890,157.889633,963.669983,0.802428,0.800762,0.217391,0.0,0.090422,34737.0,0.29855,0.366832,0.147681,0.311807,-0.05692,0.527854,10.133675,-0.02,-0.8,-0.02,-0.25,-0.6,-4.0,0.480172,-0.15639,-0.017641,0.0,-0.002961,-0.13377,-0.035816,-0.016554,-0.032743,0.765986,-0.109102,-0.1738,-0.014372,-0.035789,1.558979,3.706733,-0.108262,-0.005923,-0.336951,0.173913,0.0,4.217391,0.102863,0.113156,0.167189
7891,163.103104,975.099976,0.815182,0.798674,0.208333,0.0,0.090389,35223.0,0.282121,0.360079,0.150673,0.324207,-0.058515,0.563162,10.320532,-0.02,-0.8,-0.02,-0.25,-0.6,-4.0,0.488523,-0.154239,-0.019337,0.0,-0.002556,-0.126765,-0.036493,-0.01718,-0.031843,0.75958,-0.100731,-0.163215,-0.014352,-0.031392,1.614832,3.801455,-0.111939,-0.004289,-0.286452,0.083333,0.0,4.208333,0.107337,0.110211,0.141093
7892,158.719437,964.869995,0.795258,0.797833,0.166667,0.0,0.090232,34201.0,0.249079,0.354466,0.157717,0.31151,-0.058204,0.536872,10.076788,-0.02,-0.8,-0.02,-0.25,-0.6,-4.0,0.486989,-0.150479,-0.017534,0.0,-0.001722,-0.140825,-0.035605,-0.016321,-0.033525,0.773124,-0.104848,-0.168522,-0.015739,-0.037945,1.643022,3.780312,-0.106381,-0.007849,-0.301654,0.041667,0.041667,4.333333,0.088683,0.127941,0.158977
7893,158.356522,962.320007,0.796757,0.781007,0.166667,0.0,0.09029,44329.0,0.283617,0.343285,0.145726,0.29268,-0.05175,0.506331,10.120224,-0.02,-0.8,-0.02,-0.25,-0.6,-4.0,0.482688,-0.146458,-0.020428,0.0,-0.002222,-0.124463,-0.034575,-0.014238,-0.031433,0.753465,-0.097083,-0.162517,-0.012762,-0.034352,1.5637,3.784946,-0.101273,-0.003587,-0.252987,0.083333,0.0,4.125,0.091101,0.125404,0.150325
7894,153.069122,949.679993,0.787405,0.794278,0.26087,0.0,0.090242,52401.0,0.267428,0.36858,0.166409,0.342872,-0.061106,0.577339,10.256924,-0.02,-0.8,-0.02,-0.25,-0.6,-4.0,0.48738,-0.152562,-0.017096,0.0,-0.001645,-0.137365,-0.037225,-0.017694,-0.034274,0.776395,-0.112417,-0.179431,-0.014143,-0.035199,1.61444,3.756606,-0.115695,-0.005293,-0.405061,0.086957,0.0,4.391304,0.106618,0.103091,0.161944
7895,164.387527,988.969971,0.809979,0.807544,0.086957,0.0,0.090323,54668.0,0.270604,0.359824,0.139279,0.295347,-0.054362,0.495115,10.127785,-0.02,-0.8,-0.02,-0.25,-0.6,-4.0,0.495433,-0.158476,-0.020091,0.0,-0.000638,-0.129905,-0.036118,-0.016195,-0.034318,0.785967,-0.097422,-0.165379,-0.014242,-0.035129,1.648374,3.870312,-0.107245,-0.005262,-0.306928,0.0,0.0,5.086957,0.125397,0.100559,0.161187
7896,164.434982,991.0,0.799881,0.818737,0.083333,0.0,0.090337,53581.0,0.275864,0.355301,0.151434,0.32069,-0.05721,0.54343,10.171255,-0.02,-0.8,-0.02,-0.25,-0.6,-4.0,0.495374,-0.156653,-0.020363,0.0,-0.001361,-0.137423,-0.036749,-0.01725,-0.034667,0.783024,-0.097844,-0.166133,-0.013918,-0.036984,1.628431,3.862721,-0.111757,-0.004395,-0.27056,0.083333,0.0,5.208333,0.132167,0.115676,0.141942
7897,160.916367,962.52002,0.802744,0.807776,0.041667,0.166667,0.090174,51774.0,0.227733,0.34385,0.154857,0.324879,-0.059025,0.548087,10.303596,-0.02,-0.8,-0.02,-0.25,-0.6,-4.0,0.484424,-0.157103,-0.015346,0.0,-0.00237,-0.137994,-0.03619,-0.01715,-0.034679,0.771908,-0.09547,-0.158686,-0.013242,-0.034773,1.657927,3.79189,-0.111965,-0.002198,-0.398576,0.083333,0.0,4.041667,0.123601,0.096555,0.163585
7898,164.391876,983.039978,0.822034,0.824133,0.166667,0.0,0.090339,45800.0,0.311322,0.357315,0.150432,0.308927,-0.056117,0.515492,10.227964,-0.02,-0.8,-0.02,-0.25,-0.6,-4.0,0.492948,-0.154301,-0.018711,0.0,-0.001423,-0.1317,-0.036552,-0.016186,-0.033389,0.790799,-0.105025,-0.178631,-0.013436,-0.035863,1.590072,3.836775,-0.108177,-0.010073,-0.262869,0.041667,0.0,5.125,0.115449,0.109562,0.150278
7899,160.881195,974.349976,0.828539,0.798286,0.166667,0.0,0.090395,53592.0,0.273777,0.366142,0.152014,0.320985,-0.060875,0.54703,10.361021,-0.02,-0.8,-0.02,-0.25,-0.6,-4.0,0.488715,-0.157719,-0.016558,0.0,-0.002681,-0.141021,-0.036884,-0.017533,-0.035234,0.779789,-0.106282,-0.169983,-0.015029,-0.036657,1.611301,3.770818,-0.114111,-0.004165,-0.328226,0.125,0.0,4.125,0.138163,0.122186,0.162505
7900,156.269989,952.52002,0.795055,0.782526,0.26087,0.043478,0.090602,54779.0,0.263646,0.336895,0.15216,0.310146,-0.058173,0.545922,10.339848,-0.02,-0.8,-0.02,-0.25,-0.6,-4.0,0.478991,-0.148429,-0.015937,0.0,-0.003598,-0.133598,-0.035121,-0.016124,-0.031963,0.764369,-0.10046,-0.163306,-0.013294,-0.033992,1.594382,3.760395,-0.107581,-0.002989,-0.360481,0.130435,0.0,3.869565,0.088506,0.112853,0.183447
7901,165.984924,987.219971,0.793763,0.790858,0.166667,0.0,0.090599,50921.0,0.235742,0.349649,0.140713,0.294668,-0.054689,0.504987,10.295176,-0.02,-0.8,-0.02,-0.25,-0.6,-4.0,0.487997,-0.162261,-0.014327,0.0,-0.001778,-0.126138,-0.034919,-0.015618,-0.032066,0.782735,-0.087545,-0.147094,-0.013372,-0.032685,1.682535,3.860405,-0.106367,-0.001995,-0.33824,0.0,0.0,4.416667,0.099357,0.121503,0.171156
7902,161.412109,970.900024,0.806106,0.81968,0.083333,0.0,0.090363,44161.0,0.292509,0.359817,0.158573,0.32698,-0.061085,0.56395,10.236858,-0.02,-0.8,-0.02,-0.25,-0.6,-4.0,0.489746,-0.154963,-0.013953,0.0,-0.001405,-0.141018,-0.036529,-0.017352,-0.033776,0.784325,-0.102016,-0.169721,-0.015332,-0.038209,1.595847,3.794321,-0.111593,-0.003004,-0.322796,0.125,0.0,4.875,0.101176,0.086492,0.156027
7903,158.798401,951.530029,0.781768,0.790426,0.166667,0.0,0.090286,52273.0,0.218492,0.351488,0.149412,0.298838,-0.05769,0.537972,10.375546,-0.02,-0.8,-0.02,-0.25,-0.6,-4.0,0.476366,-0.15565,-0.013298,0.0,-0.002252,-0.136839,-0.035312,-0.016033,-0.032875,0.774105,-0.101644,-0.160122,-0.013722,-0.037235,1.648521,3.696021,-0.107238,-0.005716,-0.316649,0.083333,0.041667,4.5,0.082431,0.09399,0.171838
7904,161.515259,968.109985,0.790344,0.79971,0.25,0.041667,0.09007,54304.0,0.261105,0.341641,0.145107,0.28915,-0.054813,0.5106,10.252174,-0.02,-0.8,-0.02,-0.25,-0.6,-4.0,0.483207,-0.154354,-0.014441,0.0,-0.002127,-0.133505,-0.034893,-0.015798,-0.032368,0.778927,-0.095901,-0.161761,-0.0138,-0.036784,1.624356,3.806952,-0.104646,-0.003884,-0.291883,0.041667,0.041667,4.833333,0.089683,0.109038,0.171672
7905,165.350845,989.5,0.822108,0.810575,0.083333,0.0,0.09024,53140.0,0.249349,0.356157,0.172717,0.331781,-0.059609,0.585115,10.346849,-0.02,-0.8,-0.02,-0.25,-0.6,-4.0,0.494834,-0.145478,-0.014181,0.0,-0.001167,-0.137205,-0.036349,-0.016814,-0.033372,0.796322,-0.100105,-0.172681,-0.014207,-0.037296,1.680444,3.851769,-0.109641,-0.005021,-0.400046,0.041667,0.0,4.333333,0.089466,0.090307,0.15149
7906,163.934616,978.429993,0.788611,0.809055,0.166667,0.0,0.090113,44545.0,0.228408,0.351157,0.153227,0.312504,-0.056059,0.561153,10.434097,-0.02,-0.8,-0.02,-0.25,-0.6,-4.0,0.48545,-0.159542,-0.013726,0.0,-0.002,-0.131181,-0.035274,-0.015657,-0.032031,0.774727,-0.100586,-0.158478,-0.013303,-0.03411,1.680988,3.791241,-0.105745,-0.002803,-0.296543,0.041667,0.0,4.541667,0.092378,0.094523,0.147808
7907,156.155075,957.900024,0.751787,0.764428,0.166667,0.0,0.0901,49949.0,0.24075,0.346539,0.141448,0.297623,-0.054992,0.515083,10.295043,-0.02,-0.8,-0.02,-0.25,-0.6,-4.0,0.459416,-0.14989,-0.014066,0.0,-0.002917,-0.146922,-0.033928,-0.015751,-0.033481,0.749155,-0.101349,-0.149428,-0.015459,-0.040272,1.53705,3.56497,-0.102857,-0.003022,-0.418999,0.041667,0.083333,3.75,0.109413,0.100787,0.177836
7908,165.776443,974.840027,0.820677,0.81486,0.086957,0.0,0.090177,55034.0,0.232117,0.341514,0.149303,0.312851,-0.056262,0.545997,10.266142,-0.02,-0.8,-0.02,-0.25,-0.6,-4.0,0.487734,-0.158477,-0.018716,0.0,-0.000541,-0.126298,-0.035329,-0.015906,-0.032384,0.776812,-0.091392,-0.146534,-0.012098,-0.032747,1.680419,3.840215,-0.108764,-0.002906,-0.30419,0.0,0.086957,4.73913,0.109437,0.106633,0.142367
7909,161.020691,971.280029,0.800257,0.789766,0.208333,0.0,0.090154,53613.0,0.269486,0.343245,0.147654,0.307832,-0.055412,0.523581,10.286887,-0.02,-0.8,-0.02,-0.25,-0.6,-4.0,0.482315,-0.151272,-0.012962,0.0,-0.002224,-0.131703,-0.035501,-0.01632,-0.0333,0.765895,-0.096232,-0.163495,-0.012885,-0.033684,1.605292,3.774747,-0.108019,-0.002675,-0.307505,0.083333,0.0,4.833333,0.106397,0.117284,0.173938
7910,163.029434,990.440002,0.818616,0.800094,0.25,0.0,0.090081,43577.0,0.280438,0.346793,0.151456,0.316392,-0.055236,0.539303,10.436602,-0.02,-0.8,-0.02,-0.25,-0.6,-4.0,0.488614,-0.156459,-0.016689,0.0,-0.002292,-0.130492,-0.035457,-0.016348,-0.032524,0.777201,-0.112106,-0.176957,-0.015021,-0.033297,1.607923,3.828035,-0.10635,-0.004991,-0.396626,0.0,0.0,4.75,0.105527,0.117891,0.172422
7911,154.465408,946.590027,0.756515,0.773389,0.291667,0.0,0.090045,48635.0,0.261517,0.338392,0.148061,0.300068,-0.057493,0.505658,10.361066,-0.02,-0.8,-0.02,-0.25,-0.6,-4.0,0.462793,-0.141393,-0.017516,0.0,-0.004394,-0.12905,-0.035191,-0.016562,-0.032129,0.738406,-0.10866,-0.167615,-0.013647,-0.0323,1.521109,3.610296,-0.110056,-0.002946,-0.401703,0.208333,0.083333,4.333333,0.114096,0.147111,0.152298
7912,161.165344,957.789978,0.789249,0.795557,0.086957,0.086957,0.08996,52752.0,0.229538,0.341533,0.149466,0.3141,-0.059587,0.520688,10.352633,-0.02,-0.8,-0.02,-0.25,-0.6,-4.0,0.477573,-0.152262,-0.0175,0.0,-0.002248,-0.137352,-0.035606,-0.017851,-0.03457,0.752087,-0.10067,-0.164577,-0.015137,-0.033239,1.610331,3.721203,-0.112591,-0.002485,-0.299286,0.130435,0.043478,4.521739,0.073609,0.107371,0.12746
7913,170.502243,1000.0,0.809216,0.807756,0.173913,0.0,0.089861,54583.0,0.269446,0.34436,0.147866,0.300125,-0.054197,0.513201,10.478646,-0.02,-0.8,-0.02,-0.25,-0.6,-4.0,0.487293,-0.148438,-0.021627,0.0,-0.001466,-0.123186,-0.035365,-0.015397,-0.030829,0.76414,-0.096001,-0.160797,-0.012027,-0.033133,1.622211,3.834867,-0.105424,-0.002646,-0.305451,0.043478,0.0,23.391304,0.120418,0.118879,0.18235
7914,156.560333,963.049988,0.787984,0.783785,0.083333,0.0,0.09017,51324.0,0.291143,0.349025,0.148168,0.317623,-0.058484,0.51682,10.208815,-0.02,-0.8,-0.02,-0.25,-0.6,-4.0,0.482291,-0.154701,-0.020456,0.0,-0.002417,-0.132329,-0.036315,-0.017509,-0.033691,0.753691,-0.109955,-0.174716,-0.014472,-0.032947,1.558811,3.731247,-0.112671,-0.006429,-0.43263,0.25,0.0,4.791667,0.159029,0.127849,0.154145
7915,153.87529,932.820007,0.76462,0.779757,0.333333,0.0,0.090072,44647.0,0.275635,0.336298,0.134895,0.286981,-0.052694,0.481298,10.280403,-0.02,-0.8,-0.02,-0.25,-0.6,-4.0,0.469973,-0.146215,-0.019897,0.0,-0.00362,-0.11853,-0.033761,-0.015129,-0.030961,0.740419,-0.099629,-0.167072,-0.014575,-0.03252,1.539649,3.685587,-0.10185,-0.005729,-0.213704,0.083333,0.083333,4.333333,0.106147,0.11949,0.177483
7916,163.497513,972.150024,0.816125,0.813704,0.208333,0.0,0.089852,50810.0,0.243648,0.344561,0.151569,0.313408,-0.056329,0.556401,10.276167,-0.02,-0.8,-0.02,-0.25,-0.6,-4.0,0.487322,-0.155813,-0.013576,0.0,-0.001738,-0.138529,-0.035178,-0.01636,-0.033049,0.778211,-0.099013,-0.164711,-0.014948,-0.037723,1.664378,3.823286,-0.105893,-0.003185,-0.297881,0.041667,0.0,4.916667,0.123848,0.101048,0.153045
7917,160.943283,946.669983,0.791239,0.773833,0.208333,0.041667,0.089564,54322.0,0.246824,0.332642,0.143965,0.285643,-0.051296,0.517504,10.310028,-0.02,-0.8,-0.02,-0.25,-0.6,-4.0,0.476237,-0.146078,-0.017574,0.0,-0.002822,-0.115002,-0.033828,-0.014628,-0.03026,0.758404,-0.089905,-0.151688,-0.01173,-0.030062,1.624959,3.784169,-0.099349,-0.00335,-0.297656,0.125,0.0,4.833333,0.078301,0.109843,0.16853
7918,155.231827,943.469971,0.7796,0.776247,0.208333,0.0,0.089692,53709.0,0.291996,0.340184,0.131004,0.295262,-0.052464,0.487312,10.291512,-0.02,-0.8,-0.02,-0.25,-0.6,-4.0,0.474951,-0.153903,-0.018928,0.0,-0.002331,-0.120432,-0.034325,-0.015564,-0.030772,0.75674,-0.100894,-0.164554,-0.015217,-0.030512,1.536345,3.719959,-0.103244,-0.004819,-0.311256,0.125,0.0,4.375,0.106818,0.115737,0.147057
7919,155.80928,940.919983,0.783612,0.786916,0.291667,0.0,0.089873,44608.0,0.247455,0.33804,0.127612,0.273483,-0.050423,0.457739,10.302042,-0.02,-0.8,-0.02,-0.25,-0.6,-4.0,0.473831,-0.161171,-0.014085,0.0,-0.003008,-0.123956,-0.033914,-0.014861,-0.032151,0.7611,-0.098357,-0.156349,-0.012502,-0.033059,1.587695,3.720435,-0.100429,-0.00343,-0.278841,0.166667,0.083333,4.0,0.141026,0.124896,0.145681
7920,157.72757,956.450012,0.796062,0.785125,0.25,0.0,0.089909,50073.0,0.299989,0.34902,0.137133,0.282547,-0.053678,0.487781,10.327431,-0.02,-0.8,-0.02,-0.25,-0.6,-4.0,0.481131,-0.15572,-0.021591,0.0,-0.001989,-0.138229,-0.034639,-0.016014,-0.032896,0.761772,-0.100731,-0.162332,-0.014331,-0.04015,1.552873,3.757356,-0.102148,-0.012832,-0.214265,0.041667,0.041667,4.375,0.090924,0.095329,0.162983
7921,157.323669,959.52002,0.779095,0.773732,0.375,0.0,0.089974,53229.0,0.292056,0.337237,0.141816,0.291665,-0.05364,0.490878,10.170359,-0.02,-0.8,-0.02,-0.25,-0.6,-4.0,0.464291,-0.145439,-0.01536,0.0,-0.003014,-0.131038,-0.034203,-0.016135,-0.031967,0.749708,-0.102826,-0.169597,-0.012709,-0.037238,1.475169,3.623058,-0.103493,-0.006774,-0.309581,0.041667,0.166667,4.458333,0.094489,0.102163,0.174022
7922,157.334457,954.909973,0.80309,0.800061,0.304348,0.0,0.090049,53525.0,0.238775,0.350292,0.155121,0.31695,-0.059534,0.535805,10.243458,-0.02,-0.8,-0.02,-0.25,-0.6,-4.0,0.482741,-0.153808,-0.01509,0.0,-0.002174,-0.138069,-0.035744,-0.017256,-0.033705,0.769049,-0.107319,-0.169373,-0.014296,-0.034281,1.643367,3.754602,-0.112122,-0.002415,-0.351929,0.043478,0.173913,4.086957,0.099904,0.109935,0.168457
7923,159.727066,983.210022,0.809462,0.808531,0.130435,0.0,0.089792,45792.0,0.344501,0.352944,0.130237,0.282064,-0.052031,0.456248,10.225967,-0.02,-0.8,-0.02,-0.25,-0.6,-4.0,0.493026,-0.153702,-0.020641,0.0,-0.000944,-0.120753,-0.036026,-0.01585,-0.032968,0.772311,-0.096656,-0.160517,-0.012632,-0.032748,1.542516,3.866268,-0.106049,-0.003456,-0.356062,0.0,0.043478,4.434783,0.128795,0.102144,0.155109
7924,165.70755,980.909973,0.811408,0.81198,0.086957,0.0,0.090159,50284.0,0.234201,0.349519,0.153353,0.308521,-0.054856,0.56045,10.500779,-0.02,-0.8,-0.02,-0.25,-0.6,-4.0,0.492793,-0.153703,-0.011178,0.0,-0.001031,-0.1237,-0.034959,-0.015241,-0.031226,0.804157,-0.09459,-0.163137,-0.013188,-0.03376,1.694482,3.869078,-0.103435,-0.002342,-0.292734,0.043478,0.0,3.869565,0.075327,0.114451,0.152679
7925,157.886658,954.840027,0.802787,0.79928,0.304348,0.0,0.090215,51488.0,0.248312,0.351574,0.136337,0.293308,-0.0538,0.514524,10.316364,-0.02,-0.8,-0.02,-0.25,-0.6,-4.0,0.484678,-0.15819,-0.015188,0.0,-0.002275,-0.124599,-0.034366,-0.015348,-0.032281,0.760138,-0.098534,-0.166978,-0.013761,-0.033767,1.633817,3.805129,-0.102702,-0.003648,-0.30905,0.130435,0.0,5.73913,0.088475,0.109244,0.162513
7926,160.365768,971.159973,0.807465,0.8069,0.25,0.0,0.090376,53602.0,0.267049,0.340057,0.138493,0.293453,-0.052301,0.494737,10.496184,-0.02,-0.8,-0.02,-0.25,-0.6,-4.0,0.489598,-0.155626,-0.018706,0.0,-0.002479,-0.125625,-0.034684,-0.015128,-0.031527,0.764544,-0.095168,-0.15354,-0.012651,-0.034549,1.627918,3.871937,-0.102296,-0.004535,-0.331113,0.083333,0.0,4.833333,0.1362,0.131595,0.156592
7927,154.293701,950.150024,0.791536,0.78704,0.375,0.0,0.090555,52950.0,0.306609,0.342074,0.13718,0.302834,-0.053936,0.507497,10.569514,-0.02,-0.8,-0.02,-0.25,-0.6,-4.0,0.475999,-0.142469,-0.018525,0.0,-0.003681,-0.131889,-0.034772,-0.016059,-0.034466,0.751729,-0.113051,-0.173696,-0.013988,-0.035867,1.514571,3.717131,-0.105153,-0.006017,-0.389843,0.083333,0.0,4.583333,0.125351,0.123373,0.184968
7928,159.811646,961.460022,0.793845,0.805106,0.208333,0.0,0.090495,44211.0,0.244162,0.342954,0.157731,0.304004,-0.055507,0.542242,10.274239,-0.02,-0.8,-0.02,-0.25,-0.6,-4.0,0.482516,-0.150036,-0.01246,0.0,-0.001907,-0.126138,-0.034541,-0.015406,-0.031421,0.778614,-0.095457,-0.152387,-0.01244,-0.033954,1.639087,3.782813,-0.10402,-0.002863,-0.38726,0.041667,0.041667,4.583333,0.08857,0.10716,0.165609
7929,153.957031,950.169983,0.778928,0.777153,0.291667,0.041667,0.090636,50864.0,0.243093,0.343267,0.147458,0.307376,-0.057699,0.522193,10.391317,-0.02,-0.8,-0.02,-0.25,-0.6,-4.0,0.471998,-0.153116,-0.017699,0.0,-0.003643,-0.133656,-0.034527,-0.016454,-0.032562,0.751006,-0.108647,-0.167016,-0.014929,-0.033487,1.587852,3.679563,-0.107317,-0.003026,-0.406267,0.208333,0.041667,4.083333,0.115519,0.134913,0.194604
7930,154.860321,961.119995,0.773178,0.791991,0.217391,0.0,0.090668,51428.0,0.272469,0.361959,0.1462,0.304674,-0.055254,0.494499,10.317322,-0.02,-0.8,-0.02,-0.25,-0.6,-4.0,0.482357,-0.152689,-0.018871,0.0,-0.001942,-0.122481,-0.035034,-0.015687,-0.031047,0.761911,-0.104299,-0.176256,-0.014362,-0.031609,1.571145,3.745285,-0.10578,-0.009377,-0.431961,0.130435,0.043478,4.217391,0.150672,0.107673,0.153063
7931,166.538895,979.650024,0.81318,0.800258,0.043478,0.0,0.090426,51624.0,0.248081,0.341751,0.143579,0.280823,-0.052126,0.494745,10.313933,-0.02,-0.8,-0.02,-0.25,-0.6,-4.0,0.489554,-0.155959,-0.015528,0.0,-0.002,-0.122534,-0.033645,-0.01451,-0.030756,0.769207,-0.092193,-0.153477,-0.01255,-0.0338,1.648541,3.901694,-0.099843,-0.002747,-0.225183,0.173913,0.0,4.130435,0.065847,0.123954,0.152685
7932,159.060928,963.26001,0.802978,0.791023,0.375,0.0,0.090468,44304.0,0.236461,0.366037,0.149862,0.323692,-0.059727,0.546917,10.469205,-0.02,-0.8,-0.02,-0.25,-0.6,-4.0,0.4829,-0.162811,-0.018336,0.0,-0.003009,-0.131401,-0.035468,-0.017833,-0.033124,0.763972,-0.105135,-0.174607,-0.014014,-0.032574,1.625925,3.752482,-0.111158,-0.003624,-0.348227,0.125,0.0,4.75,0.105043,0.121817,0.168648
7933,161.459442,975.909973,0.820504,0.794289,0.166667,0.0,0.09063,50639.0,0.275924,0.343468,0.143756,0.274151,-0.051966,0.486577,10.437873,-0.02,-0.8,-0.02,-0.25,-0.6,-4.0,0.486297,-0.146826,-0.016728,0.0,-0.001643,-0.126608,-0.033826,-0.014611,-0.031127,0.783199,-0.088554,-0.152346,-0.013171,-0.036966,1.594453,3.852402,-0.098418,-0.00309,-0.381622,0.125,0.041667,4.083333,0.081512,0.114491,0.160562
7934,164.714233,984.849976,0.817923,0.813989,0.166667,0.0,0.090688,51376.0,0.246747,0.353644,0.164923,0.31602,-0.056118,0.558679,10.367,-0.02,-0.8,-0.02,-0.25,-0.6,-4.0,0.496304,-0.153135,-0.014401,0.0,-0.001001,-0.13106,-0.035204,-0.015603,-0.032442,0.811012,-0.095071,-0.15782,-0.012731,-0.035922,1.683104,3.898422,-0.102947,-0.012386,-0.327944,0.0,0.0,4.291667,0.065977,0.099234,0.156391
7935,162.130127,971.22998,0.79197,0.799142,0.25,0.0,0.090456,51406.0,0.234546,0.358772,0.150594,0.321708,-0.055959,0.563738,10.308872,-0.02,-0.8,-0.02,-0.25,-0.6,-4.0,0.486569,-0.157744,-0.016586,0.0,-0.002648,-0.120398,-0.034896,-0.01586,-0.031393,0.773961,-0.095673,-0.153435,-0.012832,-0.030057,1.65686,3.802228,-0.105656,-0.003651,-0.316885,0.041667,0.0,3.791667,0.102701,0.091489,0.188469
7936,159.841431,973.070007,0.779666,0.769754,0.347826,0.0,0.090395,45113.0,0.277175,0.336227,0.150692,0.319105,-0.056875,0.521283,10.380713,-0.02,-0.8,-0.02,-0.25,-0.6,-4.0,0.471718,-0.149381,-0.016567,0.0,-0.003595,-0.112306,-0.034588,-0.016231,-0.029745,0.736952,-0.104635,-0.160869,-0.013246,-0.027277,1.532318,3.685675,-0.107805,-0.003869,-0.416888,0.043478,0.0,5.043478,0.097921,0.135055,0.178868
7937,158.714767,966.460022,0.788368,0.801059,0.083333,0.0,0.090442,49484.0,0.253072,0.356485,0.152873,0.307591,-0.057767,0.525557,10.48614,-0.02,-0.8,-0.02,-0.25,-0.6,-4.0,0.477955,-0.148401,-0.015076,0.0,-0.002377,-0.138835,-0.035247,-0.016518,-0.034256,0.765805,-0.09049,-0.156991,-0.012808,-0.036833,1.594894,3.718127,-0.108811,-0.003128,-0.416328,0.125,0.0,4.5,0.119322,0.121171,0.147466
7938,159.297562,969.76001,0.788129,0.811039,0.208333,0.0,0.090222,50724.0,0.277555,0.363615,0.144793,0.299916,-0.055872,0.493282,10.543106,-0.02,-0.8,-0.02,-0.25,-0.6,-4.0,0.489364,-0.160374,-0.022994,0.0,-0.002225,-0.130824,-0.035721,-0.016883,-0.033171,0.76279,-0.105908,-0.169079,-0.014909,-0.033644,1.6002,3.80764,-0.10885,-0.005822,-0.364583,0.125,0.0,5.041667,0.14796,0.11278,0.151034
7939,160.35614,951.419983,0.77501,0.783885,0.25,0.041667,0.090422,51036.0,0.228392,0.342421,0.146303,0.32516,-0.058344,0.56771,10.561995,-0.02,-0.8,-0.02,-0.25,-0.6,-4.0,0.475551,-0.156451,-0.013324,0.0,-0.003183,-0.129898,-0.034776,-0.016528,-0.032573,0.761228,-0.097968,-0.15896,-0.013852,-0.031751,1.617609,3.721486,-0.108476,-0.003016,-0.330565,0.083333,0.041667,4.041667,0.079213,0.10506,0.188253
7940,164.112869,995.960022,0.82063,0.83032,0.041667,0.041667,0.090464,44914.0,0.309462,0.355332,0.148939,0.315743,-0.057483,0.524718,10.47285,-0.02,-0.8,-0.02,-0.25,-0.6,-4.0,0.498675,-0.154692,-0.018909,0.0,-0.000571,-0.133444,-0.036028,-0.01613,-0.033536,0.780424,-0.098815,-0.159915,-0.013043,-0.035124,1.605894,3.918647,-0.109033,-0.003607,-0.363278,0.041667,0.0,4.791667,0.132193,0.09697,0.139789
7941,157.068573,953.919983,0.793677,0.797409,0.26087,0.0,0.090429,51917.0,0.227834,0.340977,0.144751,0.298426,-0.056035,0.519655,10.362912,-0.02,-0.8,-0.02,-0.25,-0.6,-4.0,0.481248,-0.157975,-0.014472,0.0,-0.002522,-0.137123,-0.034778,-0.01584,-0.033048,0.777504,-0.103123,-0.164743,-0.013673,-0.036737,1.649716,3.769969,-0.103227,-0.002836,-0.38581,0.043478,0.043478,3.956522,0.09188,0.103942,0.183832
7942,162.371384,989.650024,0.82546,0.823435,0.0,0.0,0.090509,50491.0,0.256626,0.3591,0.152095,0.317721,-0.057701,0.547911,10.446121,-0.02,-0.8,-0.02,-0.25,-0.6,-4.0,0.49681,-0.156728,-0.013279,0.0,-0.000764,-0.128771,-0.036161,-0.016431,-0.032436,0.802096,-0.100792,-0.168846,-0.013178,-0.033791,1.678575,3.877101,-0.109403,-0.003595,-0.41007,0.125,0.0,4.458333,0.095918,0.094779,0.131279
7943,161.656326,968.5,0.780857,0.798778,0.166667,0.0,0.090131,51353.0,0.25328,0.333673,0.145664,0.316206,-0.053547,0.540886,10.359397,-0.02,-0.8,-0.02,-0.25,-0.6,-4.0,0.479352,-0.151526,-0.013087,0.0,-0.003111,-0.11972,-0.034928,-0.01561,-0.031127,0.758811,-0.101607,-0.16217,-0.012313,-0.031194,1.620252,3.784823,-0.104858,-0.004066,-0.301183,0.083333,0.0,3.875,0.114341,0.109147,0.174551
7944,167.255447,989.909973,0.822194,0.828941,0.041667,0.041667,0.089905,45212.0,0.210823,0.347503,0.15344,0.328777,-0.057785,0.590837,10.340518,-0.02,-0.8,-0.02,-0.25,-0.6,-4.0,0.497641,-0.159338,-0.014525,0.0,-0.000423,-0.133372,-0.035411,-0.015929,-0.031735,0.802728,-0.091982,-0.160949,-0.012801,-0.03451,1.74323,3.928743,-0.106921,-0.007136,-0.472301,0.041667,0.0,4.958333,0.090186,0.107693,0.131196
7945,168.288177,995.539978,0.830917,0.832179,0.041667,0.0,0.090072,50962.0,0.251102,0.346301,0.152184,0.344559,-0.060566,0.584682,10.442927,-0.02,-0.8,-0.02,-0.25,-0.6,-4.0,0.496902,-0.16522,-0.01563,0.0,-0.000556,-0.132784,-0.036107,-0.01712,-0.0333,0.781833,-0.094645,-0.161134,-0.013955,-0.032314,1.660152,3.918474,-0.113583,-0.005025,-0.262019,0.0,0.0,4.625,0.096435,0.100126,0.132507
7946,156.681229,941.059998,0.778828,0.795485,0.5,0.0,0.090087,50726.0,0.235485,0.342704,0.155688,0.318303,-0.056312,0.546243,10.611835,-0.02,-0.8,-0.02,-0.25,-0.6,-4.0,0.475361,-0.151803,-0.015351,0.0,-0.003323,-0.133045,-0.034695,-0.016432,-0.031862,0.755787,-0.10377,-0.157471,-0.013132,-0.034214,1.619422,3.719535,-0.106205,-0.003897,-0.320733,0.041667,0.0,4.75,0.118787,0.104935,0.182733
7947,161.064972,957.849976,0.803022,0.786025,0.208333,0.0,0.089937,50268.0,0.267334,0.329536,0.135841,0.278814,-0.051263,0.493191,10.386896,-0.02,-0.8,-0.02,-0.25,-0.6,-4.0,0.481761,-0.160813,-0.013137,0.0,-0.001722,-0.116195,-0.033427,-0.014123,-0.029645,0.782587,-0.087665,-0.146798,-0.013285,-0.03391,1.588876,3.823343,-0.096152,-0.00274,-0.285828,0.0,0.041667,4.416667,0.082776,0.111998,0.152319
7948,164.494461,983.619995,0.827826,0.823606,0.041667,0.0,0.089941,44745.0,0.222834,0.347296,0.15501,0.336258,-0.062908,0.575,10.538046,-0.02,-0.8,-0.02,-0.25,-0.6,-4.0,0.494493,-0.159859,-0.017299,0.0,-0.000583,-0.143512,-0.036684,-0.01822,-0.035831,0.778958,-0.102657,-0.167603,-0.014931,-0.03482,1.696266,3.863805,-0.116053,-0.004576,-0.347061,0.041667,0.041667,4.291667,0.135239,0.09842,0.144653
7949,154.823044,953.72998,0.782338,0.783758,0.25,0.0,0.090154,49882.0,0.304007,0.34467,0.149619,0.295073,-0.056096,0.480826,10.644986,-0.02,-0.8,-0.02,-0.25,-0.6,-4.0,0.479432,-0.145083,-0.017454,0.0,-0.00319,-0.133033,-0.035169,-0.015842,-0.032805,0.759189,-0.102533,-0.168767,-0.013417,-0.034323,1.538314,3.745606,-0.10509,-0.003699,-0.30387,0.166667,0.0,4.25,0.130194,0.13337,0.173029
7950,159.334808,956.849976,0.783372,0.78516,0.391304,0.0,0.090189,51565.0,0.241639,0.335296,0.161638,0.3254,-0.05761,0.551383,10.475658,-0.02,-0.8,-0.02,-0.25,-0.6,-4.0,0.473282,-0.13996,-0.012116,0.0,-0.002951,-0.126994,-0.034343,-0.01613,-0.03164,0.752707,-0.096955,-0.159583,-0.013174,-0.032738,1.594945,3.700498,-0.105124,-0.003598,-0.358409,0.0,0.043478,4.652174,0.113395,0.127128,0.172717
7951,159.834702,960.440002,0.791274,0.813255,0.166667,0.041667,0.090083,50223.0,0.290606,0.348422,0.151958,0.321674,-0.057199,0.54061,10.498676,-0.02,-0.8,-0.02,-0.25,-0.6,-4.0,0.484354,-0.151809,-0.016346,0.0,-0.00237,-0.131394,-0.034872,-0.016033,-0.031792,0.771212,-0.108065,-0.160444,-0.0137,-0.034944,1.574089,3.796086,-0.105479,-0.003609,-0.269526,0.125,0.041667,5.375,0.093502,0.096781,0.144345
7952,162.492477,980.179993,0.80326,0.824528,0.125,0.0,0.090221,50667.0,0.27332,0.351783,0.160181,0.319559,-0.056292,0.562897,10.541416,-0.02,-0.8,-0.02,-0.25,-0.6,-4.0,0.492644,-0.1513,-0.017209,0.0,-0.000944,-0.124848,-0.035686,-0.015608,-0.030988,0.785255,-0.104736,-0.175705,-0.013357,-0.033393,1.639968,3.850009,-0.104816,-0.011652,-0.386147,0.0,0.041667,4.291667,0.110753,0.108099,0.146254
7953,151.438019,931.630005,0.76104,0.765837,0.5,0.0,0.090346,45705.0,0.235371,0.321028,0.140351,0.294402,-0.055384,0.510673,10.5061,-0.02,-0.8,-0.02,-0.25,-0.6,-4.0,0.45712,-0.150826,-0.012634,0.0,-0.007424,-0.121397,-0.033568,-0.015734,-0.030942,0.732886,-0.106944,-0.160125,-0.013202,-0.031006,1.545973,3.585999,-0.103885,-0.003907,-0.402449,0.409091,0.0,4.409091,0.130759,0.150982,0.192018
7954,153.464783,924.539978,0.774582,0.773637,0.416667,0.0,0.090191,50785.0,0.257609,0.33752,0.15023,0.304407,-0.056731,0.514542,10.439738,-0.02,-0.8,-0.02,-0.25,-0.6,-4.0,0.466818,-0.148171,-0.014779,0.0,-0.003084,-0.134496,-0.034394,-0.016377,-0.03213,0.748859,-0.102196,-0.159885,-0.013196,-0.036022,1.553223,3.635527,-0.105413,-0.003157,-0.369211,0.125,0.208333,5.083333,0.118957,0.109992,0.194515
7955,166.027115,996.890015,0.837395,0.826884,0.086957,0.0,0.090185,50578.0,0.231931,0.351283,0.153536,0.315292,-0.056924,0.547881,10.420811,-0.02,-0.8,-0.02,-0.25,-0.6,-4.0,0.498724,-0.159096,-0.012056,0.0,-0.000399,-0.133456,-0.03601,-0.016518,-0.034264,0.798464,-0.101035,-0.168553,-0.01382,-0.034939,1.719927,3.899882,-0.107522,-0.003329,-0.387217,0.0,0.043478,22.913044,0.135945,0.082507,0.141148
7956,161.332489,964.440002,0.787922,0.78586,0.208333,0.0,0.090155,51139.0,0.249166,0.334434,0.156306,0.316732,-0.056833,0.565885,10.434496,-0.02,-0.8,-0.02,-0.25,-0.6,-4.0,0.483737,-0.146903,-0.015366,0.0,-0.002361,-0.12349,-0.034511,-0.015584,-0.032096,0.774633,-0.100585,-0.165871,-0.013436,-0.032724,1.636136,3.813365,-0.104406,-0.00421,-0.383451,0.041667,0.0,4.0,0.144299,0.103248,0.139974
7957,162.962234,987.669983,0.798544,0.798967,0.25,0.0,0.090138,44930.0,0.260874,0.339895,0.149936,0.313372,-0.057205,0.540594,10.267701,-0.02,-0.8,-0.02,-0.25,-0.6,-4.0,0.486557,-0.152054,-0.018067,0.0,-0.002635,-0.127741,-0.035512,-0.01627,-0.033065,0.764896,-0.109671,-0.176407,-0.013647,-0.033201,1.627778,3.814982,-0.108106,-0.003315,-0.341572,0.125,0.0,4.916667,0.149564,0.113647,0.13885
7958,160.553528,967.799988,0.792791,0.796689,0.166667,0.0,0.090086,51193.0,0.281628,0.345027,0.141711,0.316299,-0.057602,0.53245,10.316357,-0.02,-0.8,-0.02,-0.25,-0.6,-4.0,0.47971,-0.161046,-0.021056,0.0,-0.002707,-0.134944,-0.034448,-0.016439,-0.03201,0.754765,-0.096905,-0.154938,-0.01406,-0.033906,1.549931,3.770801,-0.10788,-0.003384,-0.325965,0.083333,0.041667,4.333333,0.105862,0.118704,0.166514
7959,160.492615,962.200012,0.772902,0.801502,0.272727,0.0,0.08996,53059.0,0.236963,0.343748,0.156931,0.333167,-0.060521,0.557356,10.399057,-0.02,-0.8,-0.02,-0.25,-0.6,-4.0,0.484613,-0.150361,-0.013803,0.0,-0.001896,-0.135568,-0.035888,-0.017132,-0.033908,0.772896,-0.100692,-0.166819,-0.013666,-0.034423,1.649509,3.784288,-0.113071,-0.003786,-0.313995,0.045455,0.0,5.181818,0.084318,0.116799,0.152695
7960,163.372986,982.030029,0.816588,0.804247,0.083333,0.0,0.089817,50452.0,0.274089,0.355752,0.161865,0.330327,-0.059823,0.553803,10.246205,-0.02,-0.8,-0.02,-0.25,-0.6,-4.0,0.484505,-0.147629,-0.016488,0.0,-0.001444,-0.143727,-0.036141,-0.017189,-0.034219,0.770331,-0.103892,-0.177207,-0.015218,-0.038394,1.597747,3.744042,-0.111272,-0.004307,-0.328488,0.041667,0.0,4.541667,0.132746,0.092022,0.132866
7961,163.900299,975.469971,0.776534,0.786864,0.125,0.0,0.090029,44961.0,0.229809,0.355009,0.150258,0.316814,-0.056914,0.54783,10.376259,-0.02,-0.8,-0.02,-0.25,-0.6,-4.0,0.483968,-0.1577,-0.017194,0.0,-0.0025,-0.134206,-0.035447,-0.016603,-0.032541,0.7583,-0.109933,-0.164139,-0.015406,-0.035096,1.658531,3.776001,-0.106951,-0.005797,-0.349385,0.083333,0.041667,4.375,0.10235,0.095592,0.1341
7962,161.92128,961.539978,0.810963,0.803307,0.208333,0.0,0.090055,51201.0,0.262037,0.349567,0.161135,0.341813,-0.062682,0.5778,10.422651,-0.02,-0.8,-0.02,-0.25,-0.6,-4.0,0.481908,-0.145407,-0.014269,0.0,-0.002278,-0.134421,-0.035833,-0.0175,-0.032874,0.751806,-0.105591,-0.173528,-0.014472,-0.033658,1.611233,3.754962,-0.114899,-0.003304,-0.296505,0.083333,0.0,4.291667,0.087056,0.095448,0.136107
7963,163.105118,980.580017,0.819569,0.813101,0.166667,0.0,0.090275,51103.0,0.255273,0.342249,0.152618,0.324281,-0.058726,0.552949,10.464793,-0.02,-0.8,-0.02,-0.25,-0.6,-4.0,0.489956,-0.152617,-0.016305,0.0,-0.001729,-0.129204,-0.035984,-0.017334,-0.033596,0.767823,-0.101928,-0.169727,-0.015162,-0.033941,1.646425,3.835142,-0.110203,-0.00301,-0.343284,0.125,0.041667,4.458333,0.102546,0.096558,0.153771
7964,159.48645,951.950012,0.782986,0.780747,0.217391,0.0,0.090429,50426.0,0.242497,0.332758,0.155839,0.321238,-0.057801,0.553714,10.415825,-0.02,-0.8,-0.02,-0.25,-0.6,-4.0,0.4677,-0.149903,-0.015245,0.0,-0.004039,-0.124082,-0.034647,-0.016241,-0.031213,0.743525,-0.103116,-0.163555,-0.013788,-0.030216,1.566169,3.657986,-0.107416,-0.003336,-0.276396,0.217391,0.043478,4.26087,0.147208,0.118561,0.196909
7965,161.007065,966.72998,0.778854,0.787171,0.26087,0.0,0.090455,42287.0,0.237549,0.336201,0.148371,0.31965,-0.057928,0.534922,10.32072,-0.02,-0.8,-0.02,-0.25,-0.6,-4.0,0.473174,-0.152533,-0.014809,0.0,-0.003101,-0.129294,-0.034534,-0.016416,-0.031983,0.745857,-0.100301,-0.159294,-0.013223,-0.032643,1.61417,3.727273,-0.1081,-0.00716,-0.359121,0.0,0.086957,4.304348,0.111251,0.100037,0.166125
7966,159.659637,959.549988,0.770182,0.76603,0.217391,0.0,0.09032,53350.0,0.229543,0.334237,0.153306,0.307404,-0.056211,0.526944,10.25629,-0.02,-0.8,-0.02,-0.25,-0.6,-4.0,0.462524,-0.144687,-0.010778,0.0,-0.004043,-0.127643,-0.034213,-0.016578,-0.030703,0.735479,-0.109629,-0.165877,-0.014439,-0.032751,1.583874,3.602032,-0.104485,-0.002754,-0.356834,0.043478,0.043478,4.043478,0.081171,0.12474,0.201337
7967,164.936844,979.659973,0.822391,0.817512,0.043478,0.0,0.090296,56238.0,0.257846,0.346663,0.153836,0.327145,-0.058652,0.556793,10.301419,-0.02,-0.8,-0.02,-0.25,-0.6,-4.0,0.495032,-0.158784,-0.017239,0.0,-0.000828,-0.124506,-0.035982,-0.016941,-0.032462,0.769493,-0.094794,-0.160879,-0.013305,-0.030465,1.663689,3.898161,-0.111904,-0.003942,-0.398952,0.130435,0.0,5.73913,0.118549,0.109407,0.144888
7968,165.718338,990.619995,0.820305,0.804625,0.125,0.0,0.090127,54672.0,0.275812,0.370223,0.149027,0.302067,-0.055247,0.513871,10.188284,-0.02,-0.8,-0.02,-0.25,-0.6,-4.0,0.495293,-0.15102,-0.015789,0.0,-0.000972,-0.130626,-0.035554,-0.01566,-0.032857,0.784833,-0.101314,-0.162014,-0.014174,-0.03752,1.643927,3.855376,-0.105212,-0.004623,-0.299735,0.0,0.0,4.75,0.159121,0.098009,0.160248
7969,155.268387,944.799988,0.762314,0.794228,0.25,0.0,0.090141,55419.0,0.234574,0.340953,0.148851,0.317726,-0.0578,0.551534,10.354892,-0.02,-0.8,-0.02,-0.25,-0.6,-4.0,0.475064,-0.146273,-0.017794,0.0,-0.002957,-0.135888,-0.034926,-0.016803,-0.032692,0.749483,-0.099425,-0.163725,-0.0148,-0.035378,1.614341,3.715597,-0.107788,-0.004208,-0.488215,0.125,0.041667,4.75,0.093192,0.122104,0.152418
7970,158.061722,947.23999,0.774006,0.773328,0.25,0.0,0.090388,47658.0,0.242525,0.320808,0.144829,0.300983,-0.054203,0.520327,10.268421,-0.02,-0.8,-0.02,-0.25,-0.6,-4.0,0.465545,-0.147688,-0.015207,0.0,-0.003,-0.114238,-0.033799,-0.015615,-0.029798,0.730455,-0.09671,-0.155107,-0.012016,-0.029081,1.556455,3.674846,-0.103694,-0.003404,-0.399229,0.083333,0.083333,4.083333,0.123264,0.118247,0.186527
7971,153.013077,942.890015,0.788564,0.787276,0.304348,0.086957,0.090222,55112.0,0.263334,0.339428,0.158059,0.324204,-0.058321,0.559877,10.398504,-0.02,-0.8,-0.02,-0.25,-0.6,-4.0,0.47343,-0.15142,-0.013392,0.0,-0.003601,-0.12202,-0.034871,-0.016232,-0.031052,0.755894,-0.106877,-0.176075,-0.014316,-0.03091,1.576602,3.690065,-0.106257,-0.004315,-0.482326,0.043478,0.0,4.434783,0.12956,0.116062,0.185846
7972,162.938385,988.330017,0.838032,0.81766,0.041667,0.0,0.09004,55112.0,0.246571,0.355481,0.164622,0.34982,-0.065864,0.588947,10.249454,-0.02,-0.8,-0.02,-0.25,-0.6,-4.0,0.49465,-0.161344,-0.01172,0.0,-0.000655,-0.145827,-0.037478,-0.019037,-0.035536,0.791859,-0.099959,-0.169859,-0.0155,-0.035119,1.683007,3.831494,-0.120679,-0.002748,-0.50858,0.041667,0.0,4.125,0.13227,0.09774,0.131816
7973,159.388123,943.690002,0.766594,0.76283,0.125,0.0,0.08999,55414.0,0.224711,0.326813,0.143495,0.30915,-0.056103,0.555441,10.271244,-0.02,-0.8,-0.02,-0.25,-0.6,-4.0,0.457484,-0.146761,-0.016535,0.0,-0.000979,-0.124132,-0.03339,-0.015959,-0.030762,0.729418,-0.095423,-0.157892,-0.01377,-0.031443,1.57285,3.572592,-0.102846,-0.00313,-0.336027,0.041667,0.166667,4.375,0.071177,0.097352,0.147032
7974,160.002502,972.190002,0.815244,0.795532,0.125,0.0,0.090103,48330.0,0.318789,0.348729,0.149929,0.305659,-0.059376,0.512691,10.350916,-0.02,-0.8,-0.02,-0.25,-0.6,-4.0,0.486925,-0.155648,-0.019243,0.0,-0.00169,-0.138399,-0.035472,-0.016969,-0.033925,0.756941,-0.097755,-0.15493,-0.015074,-0.037821,1.549526,3.804701,-0.109112,-0.004164,-0.309773,0.125,0.0,4.541667,0.122652,0.110557,0.162348
7975,157.095612,947.030029,0.793776,0.801945,0.166667,0.083333,0.089899,55220.0,0.248917,0.333919,0.137023,0.297672,-0.056245,0.511296,10.276284,-0.02,-0.8,-0.02,-0.25,-0.6,-4.0,0.475663,-0.152239,-0.013806,0.0,-0.003377,-0.12985,-0.034244,-0.016211,-0.032732,0.752279,-0.095212,-0.152025,-0.014007,-0.03469,1.603506,3.750697,-0.104807,-0.002943,-0.396727,0.125,0.041667,4.083333,0.065767,0.108001,0.14892
7976,159.144302,964.380005,0.786356,0.795143,0.208333,0.0,0.089817,55101.0,0.22013,0.356004,0.158192,0.324281,-0.059563,0.567459,10.321518,-0.02,-0.8,-0.02,-0.25,-0.6,-4.0,0.482903,-0.14985,-0.01295,0.0,-0.00187,-0.140449,-0.035886,-0.017226,-0.034594,0.763992,-0.102018,-0.163594,-0.014382,-0.035993,1.663752,3.729774,-0.109809,-0.004198,-0.377343,0.041667,0.0,4.875,0.12748,0.108531,0.168626
7977,160.016098,969.619995,0.804324,0.79279,0.291667,0.0,0.08981,54717.0,0.279937,0.350294,0.15401,0.312849,-0.05691,0.543561,10.364305,-0.02,-0.8,-0.02,-0.25,-0.6,-4.0,0.485073,-0.143096,-0.019766,0.0,-0.002548,-0.115389,-0.035076,-0.015528,-0.03129,0.767601,-0.102007,-0.166278,-0.013745,-0.031787,1.570821,3.768983,-0.103376,-0.004391,-0.32703,0.0,0.041667,3.666667,0.120623,0.113637,0.168559
7978,164.267654,983.679993,0.791754,0.798641,0.26087,0.0,0.089977,55404.0,0.257845,0.351324,0.164816,0.328326,-0.061945,0.553622,10.272636,-0.02,-0.8,-0.02,-0.25,-0.6,-4.0,0.483909,-0.143686,-0.019417,0.0,-0.003536,-0.139617,-0.035577,-0.01733,-0.032853,0.759709,-0.112535,-0.162305,-0.013504,-0.037442,1.616918,3.759902,-0.111682,-0.002729,-0.35222,0.086957,0.043478,4.956522,0.129403,0.12383,0.184135
7979,158.993469,956.609985,0.807265,0.79077,0.416667,0.0,0.089946,47258.0,0.273366,0.349692,0.154154,0.315224,-0.058002,0.521342,10.489708,-0.02,-0.8,-0.02,-0.25,-0.6,-4.0,0.484391,-0.146434,-0.019968,0.0,-0.0037,-0.13463,-0.035262,-0.01643,-0.033298,0.760385,-0.102862,-0.162158,-0.013904,-0.036611,1.590122,3.780931,-0.107242,-0.003593,-0.413973,0.125,0.0,4.833333,0.160754,0.127117,0.176371
7980,154.913101,930.700012,0.798458,0.792188,0.291667,0.0,0.089843,43139.0,0.242217,0.339949,0.157566,0.30505,-0.056402,0.528598,10.401974,-0.02,-0.8,-0.02,-0.25,-0.6,-4.0,0.47834,-0.153957,-0.01385,0.0,-0.002569,-0.119675,-0.034599,-0.01572,-0.030095,0.753779,-0.099732,-0.167908,-0.013291,-0.031261,1.623779,3.768666,-0.104208,-0.003361,-0.315291,0.166667,0.0,4.208333,0.120363,0.111412,0.145615
7981,160.493454,957.809998,0.800183,0.795549,0.25,0.0,0.089855,37263.0,0.228563,0.351877,0.157848,0.314703,-0.058668,0.536807,10.384337,-0.02,-0.8,-0.02,-0.25,-0.6,-4.0,0.480787,-0.148583,-0.010827,0.0,-0.002321,-0.137199,-0.034767,-0.016295,-0.033593,0.771983,-0.103441,-0.168394,-0.014298,-0.036852,1.648496,3.736117,-0.107685,-0.002345,-0.327251,0.0,0.041667,4.291667,0.107021,0.097323,0.161663
7982,158.800629,943.830017,0.77613,0.777049,0.375,0.0,0.089646,34426.0,0.245985,0.342695,0.143399,0.3136,-0.057173,0.524286,10.439917,-0.02,-0.8,-0.02,-0.25,-0.6,-4.0,0.4727,-0.155469,-0.017784,0.0,-0.0032,-0.122156,-0.034746,-0.01658,-0.031611,0.740853,-0.102191,-0.160336,-0.01433,-0.030097,1.585545,3.673183,-0.108242,-0.003686,-0.264123,0.083333,0.041667,4.791667,0.143554,0.119156,0.176323
7983,163.859634,967.309998,0.800249,0.791739,0.086957,0.0,0.089498,42463.0,0.242336,0.344042,0.158202,0.29204,-0.055931,0.490797,10.397943,-0.02,-0.8,-0.02,-0.25,-0.6,-4.0,0.484729,-0.145581,-0.012633,0.0,-0.001725,-0.124192,-0.034793,-0.015667,-0.030718,0.770797,-0.097861,-0.164239,-0.013459,-0.033097,1.640178,3.794598,-0.104693,-0.002326,-0.384366,0.130435,0.043478,3.782609,0.089904,0.123032,0.135473
7984,162.37384,971.099976,0.787517,0.797943,0.125,0.0,0.089705,39146.0,0.268677,0.339742,0.156053,0.314655,-0.056594,0.529834,10.369552,-0.02,-0.8,-0.02,-0.25,-0.6,-4.0,0.483365,-0.149368,-0.015601,0.0,-0.002159,-0.125403,-0.034185,-0.015685,-0.031729,0.764268,-0.097292,-0.166537,-0.013561,-0.032139,1.595251,3.817679,-0.104984,-0.002304,-0.340249,0.125,0.0,4.333333,0.084616,0.099989,0.149993
7985,157.727798,942.51001,0.795046,0.796472,0.26087,0.0,0.089659,39124.0,0.297589,0.341268,0.151395,0.325141,-0.059867,0.537952,10.407591,-0.02,-0.8,-0.02,-0.25,-0.6,-4.0,0.478006,-0.147882,-0.017079,0.0,-0.002468,-0.127364,-0.035195,-0.016984,-0.031993,0.750076,-0.097543,-0.163182,-0.014393,-0.03267,1.53382,3.717859,-0.109141,-0.00482,-0.248563,0.173913,0.0,4.391304,0.119578,0.129622,0.168585
7986,160.972717,975.070007,0.840557,0.831875,0.25,0.0,0.089398,34656.0,0.257088,0.353757,0.154386,0.32704,-0.059868,0.554445,10.349592,-0.02,-0.8,-0.02,-0.25,-0.6,-4.0,0.492507,-0.153602,-0.013123,0.0,-0.001636,-0.131619,-0.035834,-0.016953,-0.032742,0.789173,-0.096566,-0.161012,-0.014231,-0.034281,1.656836,3.840809,-0.110899,-0.002368,-0.496111,0.0,0.041667,4.25,0.084165,0.092013,0.151229
7987,157.904861,944.47998,0.79308,0.786584,0.25,0.041667,0.089373,37113.0,0.256642,0.345953,0.146419,0.289259,-0.053501,0.505021,10.294964,-0.02,-0.8,-0.02,-0.25,-0.6,-4.0,0.477671,-0.15045,-0.012183,0.0,-0.002673,-0.119579,-0.033726,-0.014473,-0.03004,0.766563,-0.099961,-0.153702,-0.012414,-0.033187,1.605963,3.741938,-0.099757,-0.003644,-0.298549,0.166667,0.125,5.0,0.111209,0.11353,0.162402
7988,153.831192,915.859985,0.767919,0.775573,0.416667,0.0,0.089334,37048.0,0.230845,0.338168,0.140802,0.276224,-0.050243,0.489209,10.350594,-0.02,-0.8,-0.02,-0.25,-0.6,-4.0,0.467577,-0.15053,-0.011203,0.0,-0.004075,-0.119498,-0.033119,-0.014841,-0.030229,0.754039,-0.092028,-0.151602,-0.012826,-0.03349,1.599898,3.668887,-0.096465,-0.002629,-0.308832,0.125,0.0,4.541667,0.10425,0.112786,0.182514
7989,162.64827,978.52002,0.824885,0.807424,0.083333,0.0,0.089251,41475.0,0.241089,0.358308,0.154747,0.325459,-0.063442,0.536804,10.370401,-0.02,-0.8,-0.02,-0.25,-0.6,-4.0,0.491702,-0.156781,-0.011186,0.0,-0.000602,-0.144733,-0.036383,-0.018251,-0.035093,0.786587,-0.101827,-0.163854,-0.01555,-0.037094,1.669686,3.818736,-0.116419,-0.0028,-0.322894,0.0,0.041667,4.666667,0.109449,0.096717,0.126528
7990,157.604218,970.580017,0.797601,0.796135,0.166667,0.041667,0.089318,49711.0,0.268295,0.341148,0.139398,0.284992,-0.050939,0.47845,10.276243,-0.02,-0.8,-0.02,-0.25,-0.6,-4.0,0.480656,-0.152847,-0.016879,0.0,-0.003889,-0.118421,-0.033931,-0.014701,-0.030055,0.746661,-0.097802,-0.157997,-0.012692,-0.031539,1.56972,3.791302,-0.09992,-0.002023,-0.514825,0.083333,0.083333,3.75,0.102932,0.108878,0.163051
7991,163.480759,974.26001,0.785951,0.79564,0.130435,0.0,0.089251,51648.0,0.268203,0.353965,0.166068,0.344791,-0.063356,0.58644,10.455019,-0.02,-0.8,-0.02,-0.25,-0.6,-4.0,0.486084,-0.144024,-0.018492,0.0,-0.001973,-0.150094,-0.036562,-0.01888,-0.035815,0.755894,-0.105838,-0.178926,-0.014481,-0.038936,1.619716,3.775931,-0.116523,-0.004857,-0.264496,0.130435,0.086957,4.173913,0.108847,0.112891,0.153055
7992,161.613373,977.919983,0.798068,0.808199,0.208333,0.0,0.089452,49405.0,0.287477,0.347352,0.163763,0.334951,-0.059779,0.552755,10.257109,-0.02,-0.8,-0.02,-0.25,-0.6,-4.0,0.485149,-0.14661,-0.015389,0.0,-0.002028,-0.133764,-0.035463,-0.017269,-0.032841,0.766724,-0.099037,-0.171984,-0.013601,-0.034211,1.594657,3.79496,-0.11093,-0.007902,-0.365605,0.041667,0.083333,5.083333,0.076003,0.119213,0.153433
7993,160.970108,976.859985,0.815774,0.817444,0.083333,0.0,0.089393,42668.0,0.266332,0.358672,0.164394,0.338418,-0.061685,0.569514,10.378344,-0.02,-0.8,-0.02,-0.25,-0.6,-4.0,0.491489,-0.153081,-0.017181,0.0,-0.001346,-0.133021,-0.035866,-0.017289,-0.033223,0.767452,-0.111348,-0.18371,-0.015034,-0.034295,1.637347,3.824311,-0.111509,-0.003818,-0.384881,0.125,0.0,5.166667,0.125097,0.106747,0.165761
7994,161.722092,965.150024,0.818796,0.814453,0.125,0.0,0.089376,49743.0,0.265344,0.346184,0.157057,0.323714,-0.060089,0.53853,10.463275,-0.02,-0.8,-0.02,-0.25,-0.6,-4.0,0.489106,-0.152237,-0.0147,0.0,-0.000992,-0.130477,-0.035628,-0.016771,-0.032469,0.76774,-0.099094,-0.171362,-0.014218,-0.03401,1.631929,3.832165,-0.1117,-0.002836,-0.267954,0.041667,0.041667,4.708333,0.096451,0.088858,0.137846
7995,160.092758,953.77002,0.757674,0.789549,0.363636,0.0,0.089318,51586.0,0.253698,0.351948,0.154514,0.320691,-0.056369,0.538838,10.310999,-0.02,-0.8,-0.02,-0.25,-0.6,-4.0,0.476276,-0.14661,-0.016084,0.0,-0.003532,-0.123987,-0.034823,-0.016193,-0.031591,0.751097,-0.108799,-0.175069,-0.013341,-0.031129,1.589127,3.698505,-0.106664,-0.004457,-0.268608,0.045455,0.045455,4.818182,0.128402,0.117579,0.164566
7996,152.156647,920.039978,0.784736,0.778495,0.217391,0.0,0.089342,49465.0,0.233389,0.331741,0.145897,0.307346,-0.055893,0.532431,10.400463,-0.02,-0.8,-0.02,-0.25,-0.6,-4.0,0.471939,-0.147684,-0.016959,0.0,-0.002513,-0.124325,-0.033677,-0.015727,-0.030629,0.738811,-0.094954,-0.155321,-0.01316,-0.033928,1.602554,3.712511,-0.10325,-0.003626,-0.408785,0.173913,0.043478,5.521739,0.120675,0.113769,0.137228
7997,165.947754,983.75,0.808712,0.818404,0.166667,0.0,0.089343,43951.0,0.254513,0.343528,0.162416,0.324457,-0.059499,0.551167,10.412271,-0.02,-0.8,-0.02,-0.25,-0.6,-4.0,0.493085,-0.149786,-0.016387,0.0,-0.001269,-0.129038,-0.035107,-0.016256,-0.032042,0.787033,-0.094202,-0.155555,-0.012653,-0.033405,1.675536,3.889474,-0.109407,-0.00316,-0.332098,0.0,0.0,21.125,0.106472,0.091148,0.142209
7998,160.306107,966.73999,0.772981,0.787556,0.333333,0.041667,0.089251,48940.0,0.259164,0.334289,0.160865,0.328647,-0.059114,0.548408,10.204086,-0.02,-0.8,-0.02,-0.25,-0.6,-4.0,0.472201,-0.150837,-0.014206,0.0,-0.003282,-0.121204,-0.034071,-0.016372,-0.029974,0.753511,-0.101654,-0.166579,-0.013395,-0.030441,1.563964,3.703552,-0.105926,-0.002896,-0.444527,0.041667,0.0,4.541667,0.10227,0.111508,0.185329
7999,158.876846,962.580017,0.783844,0.765605,0.25,0.0,0.089266,50381.0,0.266405,0.343881,0.159873,0.329996,-0.062324,0.542108,10.337066,-0.02,-0.8,-0.02,-0.25,-0.6,-4.0,0.474244,-0.143352,-0.021523,0.0,-0.003181,-0.142199,-0.035459,-0.018211,-0.033852,0.735816,-0.106863,-0.175933,-0.014238,-0.034906,1.539564,3.68197,-0.112877,-0.003292,-0.360878,0.083333,0.0,4.291667,0.124862,0.129103,0.188632
8000,156.454361,950.219971,0.791734,0.793085,0.291667,0.0,0.089131,50044.0,0.280364,0.335203,0.1508,0.308889,-0.055625,0.527294,10.299881,-0.02,-0.8,-0.02,-0.25,-0.6,-4.0,0.47593,-0.148728,-0.013882,0.0,-0.002683,-0.116582,-0.03408,-0.015641,-0.0313,0.753937,-0.094426,-0.159499,-0.011882,-0.030139,1.56698,3.746714,-0.105107,-0.002289,-0.473663,0.0,0.0,4.666667,0.102996,0.108501,0.163579
8001,151.826279,958.0,0.803052,0.816379,0.227273,0.0,0.089135,40236.0,0.2452,0.344013,0.149936,0.329155,-0.05762,0.567471,10.242825,-0.02,-0.8,-0.02,-0.25,-0.6,-4.0,0.483222,-0.156653,-0.015581,0.0,-0.002561,-0.133411,-0.034652,-0.016699,-0.03255,0.754325,-0.105566,-0.173345,-0.015284,-0.035859,1.634051,3.783597,-0.107345,-0.024599,-0.585751,0.227273,0.0,4.727273,0.098541,0.122861,0.149644
8002,156.35231,949.25,0.771336,0.77179,0.291667,0.0,0.089134,37563.0,0.261283,0.327243,0.145354,0.30631,-0.055945,0.499001,10.36037,-0.02,-0.8,-0.02,-0.25,-0.6,-4.0,0.462017,-0.147649,-0.016934,0.0,-0.003849,-0.131676,-0.033344,-0.016123,-0.032069,0.715518,-0.101612,-0.157316,-0.013834,-0.034093,1.519541,3.616102,-0.105307,-0.002715,-0.335678,0.041667,0.0,4.416667,0.111754,0.115764,0.179119
8003,159.614197,976.340027,0.810606,0.806983,0.125,0.0,0.088976,37241.0,0.308853,0.346865,0.156529,0.318421,-0.056287,0.511443,10.34307,-0.02,-0.8,-0.02,-0.25,-0.6,-4.0,0.490005,-0.148637,-0.016876,0.0,-0.001139,-0.128217,-0.034961,-0.01624,-0.032233,0.771512,-0.100785,-0.176643,-0.013057,-0.032855,1.569771,3.828898,-0.106883,-0.006647,-0.397047,0.041667,0.0,4.416667,0.126056,0.112496,0.176426
8004,160.998306,985.840027,0.810168,0.808064,0.125,0.0,0.08876,34251.0,0.234995,0.346472,0.15508,0.347976,-0.063466,0.566051,10.376497,-0.02,-0.8,-0.02,-0.25,-0.6,-4.0,0.492409,-0.160902,-0.015623,0.0,-0.001673,-0.128158,-0.036725,-0.019114,-0.034254,0.769725,-0.107403,-0.160981,-0.014707,-0.029633,1.686275,3.850714,-0.120641,-0.003413,-0.484822,0.125,0.0,4.083333,0.120164,0.11206,0.144
8005,151.421906,911.690002,0.787242,0.774895,0.416667,0.0,0.08878,40263.0,0.261749,0.338351,0.154402,0.316871,-0.056655,0.524397,10.237608,-0.02,-0.8,-0.02,-0.25,-0.6,-4.0,0.471703,-0.144536,-0.013623,0.0,-0.003402,-0.129575,-0.034231,-0.016101,-0.031546,0.754567,-0.103211,-0.173464,-0.014236,-0.034879,1.559815,3.680747,-0.105857,-0.004781,-0.41016,0.083333,0.083333,5.0,0.1364,0.120962,0.171907
8006,154.461792,939.940002,0.804751,0.799095,0.173913,0.0,0.088634,38573.0,0.251949,0.341804,0.163545,0.327719,-0.057744,0.553412,10.234803,-0.02,-0.8,-0.02,-0.25,-0.6,-4.0,0.481557,-0.150956,-0.012993,0.0,-0.002232,-0.124023,-0.034528,-0.015658,-0.032031,0.758933,-0.099658,-0.167842,-0.012429,-0.030328,1.615359,3.770776,-0.107137,-0.002612,-0.462146,0.130435,0.043478,3.869565,0.164764,0.105737,0.133055
8007,163.453964,979.400024,0.79239,0.82205,0.086957,0.0,0.088735,35957.0,0.235524,0.340964,0.15623,0.346594,-0.062285,0.56811,10.2304,-0.02,-0.8,-0.02,-0.25,-0.6,-4.0,0.490866,-0.165343,-0.013618,0.0,-0.001208,-0.134179,-0.036076,-0.018825,-0.034653,0.768618,-0.104699,-0.155981,-0.015061,-0.033499,1.672935,3.847372,-0.117504,-0.005942,-0.439159,0.043478,0.043478,4.434783,0.127975,0.110155,0.151716
8008,161.004089,967.22998,0.77314,0.770033,0.208333,0.0,0.088983,38750.0,0.236938,0.330907,0.151071,0.316615,-0.0569,0.54669,10.214446,-0.02,-0.8,-0.02,-0.25,-0.6,-4.0,0.459568,-0.149414,-0.009827,0.0,-0.004728,-0.127106,-0.033241,-0.01624,-0.031445,0.739369,-0.101201,-0.163424,-0.013898,-0.032889,1.560704,3.57723,-0.103876,-0.002845,-0.413114,0.208333,0.041667,4.666667,0.137771,0.138568,0.17031
8009,156.20784,949.22998,0.810536,0.798005,0.130435,0.043478,0.088835,39130.0,0.265605,0.340437,0.156758,0.337186,-0.060279,0.549703,10.075572,-0.02,-0.8,-0.02,-0.25,-0.6,-4.0,0.484192,-0.150337,-0.014542,0.0,-0.000964,-0.12353,-0.034862,-0.016786,-0.031666,0.764541,-0.100132,-0.165648,-0.013488,-0.030985,1.610874,3.785634,-0.11097,-0.002417,-0.460593,0.043478,0.173913,4.695652,0.113452,0.080661,0.149303
8010,162.37767,986.190002,0.799683,0.820798,0.083333,0.041667,0.088825,43817.0,0.261528,0.354233,0.150467,0.304679,-0.053279,0.526865,10.157322,-0.02,-0.8,-0.02,-0.25,-0.6,-4.0,0.492286,-0.148226,-0.019279,0.0,-0.001222,-0.132559,-0.034629,-0.015855,-0.033254,0.783266,-0.09589,-0.168038,-0.013316,-0.037328,1.648451,3.84077,-0.102792,-0.002751,-0.441667,0.083333,0.083333,4.916667,0.134761,0.087542,0.158689
8011,159.580734,961.460022,0.772077,0.785533,0.25,0.0,0.088691,46930.0,0.267386,0.339937,0.157365,0.313122,-0.05576,0.536433,10.168281,-0.02,-0.8,-0.02,-0.25,-0.6,-4.0,0.477847,-0.14688,-0.017637,0.0,-0.002708,-0.127612,-0.03359,-0.016151,-0.031161,0.755832,-0.098824,-0.165811,-0.014064,-0.034841,1.596672,3.759196,-0.101057,-0.00335,-0.368364,0.0,0.0,4.666667,0.093428,0.112204,0.161174
8012,165.862625,980.419983,0.811244,0.814062,0.166667,0.0,0.088538,54504.0,0.279016,0.353364,0.153591,0.303098,-0.054034,0.521332,10.28131,-0.02,-0.8,-0.02,-0.25,-0.6,-4.0,0.489387,-0.155876,-0.01115,0.0,-0.00371,-0.121197,-0.033928,-0.015313,-0.030482,0.78124,-0.10518,-0.173026,-0.013654,-0.0325,1.629175,3.849987,-0.100719,-0.00399,-0.265685,0.166667,0.0,3.875,0.060912,0.11673,0.160917
8013,161.713821,978.200012,0.796177,0.800607,0.125,0.0,0.088454,54935.0,0.293324,0.373681,0.149172,0.307925,-0.054323,0.501078,10.211359,-0.02,-0.8,-0.02,-0.25,-0.6,-4.0,0.492365,-0.15505,-0.029048,0.0,-0.002421,-0.125758,-0.034542,-0.015848,-0.031493,0.758101,-0.093922,-0.167156,-0.012773,-0.032304,1.589928,3.837537,-0.104468,-0.004496,-0.313954,0.041667,0.083333,4.375,0.142508,0.111196,0.1244
8014,162.764511,974.900024,0.814047,0.814292,0.083333,0.0,0.088602,53456.0,0.220376,0.332277,0.154542,0.301718,-0.052284,0.535465,10.181742,-0.02,-0.8,-0.02,-0.25,-0.6,-4.0,0.489788,-0.152908,-0.013044,0.0,-0.000568,-0.116384,-0.033477,-0.014669,-0.030285,0.786877,-0.091298,-0.154194,-0.012476,-0.031003,1.692534,3.89553,-0.098799,-0.004602,-0.520118,0.0,0.083333,4.208333,0.096144,0.103132,0.162995
8015,163.243469,981.76001,0.807446,0.79343,0.166667,0.0,0.088426,43519.0,0.300483,0.35598,0.144948,0.291551,-0.050404,0.486865,10.098207,-0.02,-0.8,-0.02,-0.25,-0.6,-4.0,0.491345,-0.150398,-0.025479,0.0,-0.001518,-0.127197,-0.033211,-0.014056,-0.031364,0.777908,-0.095508,-0.160553,-0.011835,-0.036445,1.589864,3.864936,-0.09627,-0.002717,-0.285492,0.0,0.0,4.208333,0.070308,0.095176,0.145801
8016,160.089661,957.530029,0.803108,0.786675,0.208333,0.125,0.088494,54207.0,0.247173,0.341584,0.155759,0.328796,-0.057079,0.553048,10.251402,-0.02,-0.8,-0.02,-0.25,-0.6,-4.0,0.477771,-0.150099,-0.015353,0.0,-0.002923,-0.132317,-0.034067,-0.016831,-0.032255,0.756474,-0.102552,-0.168437,-0.014156,-0.035109,1.598326,3.732117,-0.105992,-0.007225,-0.245679,0.041667,0.0,4.333333,0.133422,0.104461,0.151006
8017,163.726669,981.080017,0.821702,0.818143,0.208333,0.0,0.088427,55072.0,0.262741,0.34046,0.164334,0.346459,-0.06045,0.583556,10.186642,-0.02,-0.8,-0.02,-0.25,-0.6,-4.0,0.492832,-0.156529,-0.013125,0.0,-0.002109,-0.134305,-0.035002,-0.017387,-0.032583,0.781327,-0.099358,-0.15834,-0.013174,-0.034326,1.66181,3.877594,-0.11021,-0.002157,-0.381433,0.0,0.0,4.666667,0.108529,0.101964,0.173821
8018,155.795059,943.299988,0.783767,0.797284,0.333333,0.0,0.088533,55593.0,0.257177,0.335923,0.164696,0.308542,-0.054593,0.534436,10.207584,-0.02,-0.8,-0.02,-0.25,-0.6,-4.0,0.483307,-0.142844,-0.011141,0.0,-0.001933,-0.11942,-0.032968,-0.013767,-0.029649,0.775485,-0.092691,-0.154212,-0.012446,-0.03408,1.614677,3.822674,-0.097129,-0.003588,-0.455868,0.041667,0.041667,4.083333,0.093861,0.123306,0.150613
8019,158.333115,946.059998,0.771653,0.78304,0.125,0.0,0.0886,55460.0,0.254295,0.340585,0.164293,0.363299,-0.063416,0.582063,10.071861,-0.02,-0.8,-0.02,-0.25,-0.6,-4.0,0.476905,-0.156874,-0.021136,0.0,-0.002752,-0.143656,-0.035274,-0.0195,-0.034605,0.731457,-0.101354,-0.166187,-0.01408,-0.033668,1.576504,3.697552,-0.117437,-0.00411,-0.335764,0.25,0.166667,4.583333,0.203894,0.13579,0.16638
8020,157.433731,941.349976,0.771424,0.785151,0.291667,0.0,0.088615,47545.0,0.266512,0.33468,0.156288,0.328671,-0.057897,0.541797,10.049688,-0.02,-0.8,-0.02,-0.25,-0.6,-4.0,0.467271,-0.143484,-0.018044,0.0,-0.003503,-0.132445,-0.033977,-0.016815,-0.032166,0.72971,-0.100979,-0.163788,-0.012625,-0.034659,1.537788,3.646696,-0.108369,-0.002644,-0.341064,0.083333,0.083333,4.791667,0.142322,0.114871,0.167521
8021,162.974945,967.52002,0.817525,0.816879,0.208333,0.0,0.088618,52806.0,0.271005,0.343648,0.143843,0.299893,-0.052217,0.495019,10.102264,-0.02,-0.8,-0.02,-0.25,-0.6,-4.0,0.485594,-0.154325,-0.012756,0.0,-0.002044,-0.126768,-0.033804,-0.015804,-0.031539,0.75777,-0.10091,-0.15757,-0.012873,-0.033616,1.618777,3.822285,-0.101885,-0.002108,-0.224815,0.208333,0.0,4.791667,0.125449,0.121544,0.162965
8022,163.843338,981.0,0.813811,0.82633,0.083333,0.041667,0.088664,55368.0,0.249724,0.343504,0.165036,0.338316,-0.060452,0.564088,10.157605,-0.02,-0.8,-0.02,-0.25,-0.6,-4.0,0.489458,-0.149858,-0.013575,0.0,-0.001806,-0.131864,-0.035386,-0.017362,-0.033737,0.781947,-0.098378,-0.165183,-0.012922,-0.032628,1.656486,3.835937,-0.112514,-0.002261,-0.456039,0.083333,0.0,4.166667,0.092961,0.079439,0.139048
8023,162.714188,973.320007,0.824692,0.808739,0.166667,0.0,0.088378,48650.0,0.253285,0.357012,0.153548,0.308254,-0.053725,0.515072,10.14711,-0.02,-0.8,-0.02,-0.25,-0.6,-4.0,0.489277,-0.149824,-0.017666,0.0,-0.001306,-0.123389,-0.034248,-0.015661,-0.031887,0.766999,-0.10074,-0.166201,-0.013364,-0.032112,1.650319,3.829952,-0.101596,-0.003553,-0.322101,0.0,0.0,4.875,0.125808,0.127018,0.146201
8024,163.455811,982.140015,0.794806,0.803897,0.041667,0.0,0.08838,33019.0,0.266532,0.347877,0.15832,0.319359,-0.056228,0.528815,10.098869,-0.02,-0.8,-0.02,-0.25,-0.6,-4.0,0.493066,-0.151595,-0.021105,0.0,-0.001375,-0.124507,-0.034834,-0.016164,-0.031943,0.772551,-0.097922,-0.162757,-0.013416,-0.032904,1.629375,3.860307,-0.106144,-0.002385,-0.409833,0.083333,0.0,4.125,0.143174,0.10949,0.129064
8025,156.705353,941.090027,0.732471,0.764911,0.125,0.083333,0.088419,34534.0,0.240843,0.329766,0.14485,0.314842,-0.055496,0.4944,10.139033,-0.02,-0.8,-0.02,-0.25,-0.6,-4.0,0.455115,-0.144791,-0.017382,0.0,-0.005319,-0.125338,-0.033229,-0.01664,-0.031933,0.682504,-0.103805,-0.158764,-0.013373,-0.030597,1.501602,3.55853,-0.106637,-0.003783,-0.268712,0.291667,0.0,3.875,0.113136,0.121389,0.17335
8026,163.038712,972.640015,0.807812,0.791581,0.166667,0.041667,0.088349,35038.0,0.259343,0.332496,0.146295,0.28524,-0.05199,0.478224,10.090401,-0.02,-0.8,-0.02,-0.25,-0.6,-4.0,0.483938,-0.154364,-0.018795,0.0,-0.00155,-0.119146,-0.0333,-0.015364,-0.031431,0.756575,-0.089086,-0.1474,-0.012014,-0.030942,1.611013,3.838021,-0.100704,-0.002714,-0.314235,0.0,0.0,4.083333,0.146162,0.106097,0.154262
8027,164.946533,979.789978,0.798547,0.808379,0.130435,0.043478,0.088428,35747.0,0.237019,0.341446,0.173518,0.333798,-0.060203,0.556108,10.22099,-0.02,-0.8,-0.02,-0.25,-0.6,-4.0,0.485514,-0.141976,-0.012204,0.0,-0.002029,-0.137021,-0.034999,-0.016831,-0.033317,0.776463,-0.102568,-0.177536,-0.012933,-0.035623,1.654868,3.795422,-0.110121,-0.002745,-0.39482,0.130435,0.086957,4.73913,0.106545,0.107055,0.154444
8028,157.170731,940.039978,0.786919,0.784017,0.166667,0.125,0.088436,36881.0,0.244441,0.335002,0.15055,0.316022,-0.055801,0.533646,10.114853,-0.02,-0.8,-0.02,-0.25,-0.6,-4.0,0.474979,-0.154148,-0.01315,0.0,-0.003108,-0.123254,-0.03327,-0.016109,-0.031279,0.749299,-0.093342,-0.15533,-0.013254,-0.030865,1.610489,3.747709,-0.104426,-0.002722,-0.340815,0.125,0.041667,4.333333,0.081114,0.125107,0.157338
8029,165.9785,990.950012,0.820714,0.812707,0.166667,0.0,0.088456,34652.0,0.281147,0.342843,0.151687,0.296957,-0.051363,0.497411,10.227352,-0.02,-0.8,-0.02,-0.25,-0.6,-4.0,0.497587,-0.15426,-0.017243,0.0,-0.001393,-0.1194,-0.033755,-0.014936,-0.031555,0.789029,-0.094058,-0.157954,-0.012507,-0.031928,1.642455,3.951688,-0.099441,-0.002985,-0.299839,0.041667,0.0,5.416667,0.125221,0.128821,0.147916
8030,160.01564,964.76001,0.792297,0.790271,0.166667,0.0,0.088348,31985.0,0.283127,0.342248,0.151365,0.321631,-0.055303,0.527031,10.091156,-0.02,-0.8,-0.02,-0.25,-0.6,-4.0,0.485809,-0.152024,-0.016512,0.0,-0.001861,-0.132274,-0.034295,-0.016836,-0.032089,0.762536,-0.100033,-0.165778,-0.013479,-0.034652,1.601172,3.82028,-0.107579,-0.002791,-0.337474,0.083333,0.0,4.416667,0.141082,0.112112,0.173115
8031,163.949677,978.159973,0.794978,0.804392,0.166667,0.041667,0.08846,39254.0,0.265817,0.341019,0.168121,0.338967,-0.060396,0.559265,10.101489,-0.02,-0.8,-0.02,-0.25,-0.6,-4.0,0.492542,-0.152103,-0.014028,0.0,-0.001516,-0.13877,-0.034804,-0.016823,-0.033484,0.783837,-0.097324,-0.16053,-0.013876,-0.037207,1.640665,3.865244,-0.108054,-0.001995,-0.344739,0.041667,0.0,4.375,0.108145,0.103168,0.14045
8032,166.336395,965.880005,0.812887,0.799598,0.166667,0.0,0.088559,48303.0,0.245639,0.334701,0.156132,0.338556,-0.058581,0.569794,10.187407,-0.02,-0.8,-0.02,-0.25,-0.6,-4.0,0.484001,-0.15816,-0.010538,0.0,-0.002139,-0.123328,-0.033758,-0.015418,-0.030482,0.779451,-0.097865,-0.154824,-0.013072,-0.030897,1.617943,3.814903,-0.106194,-0.002549,-0.226263,0.083333,0.0,3.791667,0.075911,0.089189,0.166126
8033,163.906555,983.780029,0.830095,0.824149,0.173913,0.0,0.088414,55922.0,0.227479,0.349241,0.161598,0.317758,-0.054947,0.530409,10.196732,-0.02,-0.8,-0.02,-0.25,-0.6,-4.0,0.495461,-0.153333,-0.014297,0.0,-0.000876,-0.132983,-0.034155,-0.015753,-0.032867,0.788533,-0.09752,-0.165917,-0.012859,-0.03537,1.715078,3.890579,-0.104543,-0.004308,-0.376638,0.0,0.0,4.913043,0.116878,0.102384,0.152614
8034,165.571884,984.400024,0.822915,0.82602,0.208333,0.041667,0.088342,43938.0,0.218973,0.339652,0.161706,0.31578,-0.054672,0.57202,10.166746,-0.02,-0.8,-0.02,-0.25,-0.6,-4.0,0.492507,-0.152503,-0.011083,0.0,-0.002,-0.130351,-0.033797,-0.015414,-0.031764,0.795692,-0.09633,-0.165253,-0.012174,-0.035681,1.724719,3.904076,-0.100526,-0.003808,-0.444618,0.0,0.0,5.166667,0.074244,0.108341,0.163092
8035,164.081924,979.109985,0.811437,0.822345,0.166667,0.0,0.0884,49216.0,0.249841,0.337702,0.152379,0.31292,-0.052168,0.538242,10.251699,-0.02,-0.8,-0.02,-0.25,-0.6,-4.0,0.492981,-0.154568,-0.013857,0.0,-0.001143,-0.114093,-0.033603,-0.014649,-0.029813,0.780976,-0.090848,-0.159054,-0.011636,-0.030681,1.666554,3.908383,-0.100738,-0.002608,-0.395825,0.0,0.0,4.958333,0.13309,0.110021,0.147128
8036,161.518112,967.23999,0.804425,0.789445,0.125,0.0,0.088516,51040.0,0.264215,0.338128,0.156442,0.324032,-0.057102,0.528738,10.241717,-0.02,-0.8,-0.02,-0.25,-0.6,-4.0,0.483095,-0.150604,-0.014285,0.0,-0.00281,-0.127268,-0.034582,-0.01606,-0.031693,0.760871,-0.096299,-0.169684,-0.012268,-0.032551,1.607288,3.796098,-0.108735,-0.002914,-0.334913,0.083333,0.083333,4.375,0.140866,0.130441,0.151606
8037,163.457611,968.75,0.808366,0.816888,0.26087,0.0,0.088328,54974.0,0.25299,0.34307,0.167305,0.328108,-0.057601,0.568887,10.265409,-0.02,-0.8,-0.02,-0.25,-0.6,-4.0,0.487049,-0.153704,-0.014802,0.0,-0.003033,-0.133808,-0.034485,-0.016427,-0.032602,0.788105,-0.103642,-0.167944,-0.013195,-0.035153,1.643153,3.830368,-0.106852,-0.003286,-0.347208,0.173913,0.0,4.956522,0.120283,0.107682,0.134509
8038,171.932785,1000.0,0.806584,0.815153,0.173913,0.0,0.088265,47082.0,0.242224,0.346895,0.164203,0.318975,-0.055731,0.531383,10.280253,-0.02,-0.8,-0.02,-0.25,-0.6,-4.0,0.492032,-0.147407,-0.015536,0.0,-0.000761,-0.118865,-0.034586,-0.015782,-0.031185,0.782648,-0.096957,-0.17006,-0.012604,-0.03064,1.677586,3.873318,-0.106431,-0.002412,-0.330444,0.0,0.130435,21.913044,0.090334,0.106777,0.150509
8039,161.87178,976.349976,0.823544,0.81121,0.166667,0.0,0.08841,50039.0,0.268395,0.336527,0.147448,0.320882,-0.054983,0.537772,10.267407,-0.02,-0.8,-0.02,-0.25,-0.6,-4.0,0.490862,-0.159675,-0.011873,0.0,-0.001058,-0.126792,-0.033942,-0.016133,-0.032757,0.776017,-0.095924,-0.16592,-0.013538,-0.032838,1.645918,3.881673,-0.103446,-0.002221,-0.332753,0.0,0.041667,4.625,0.098097,0.084566,0.118916
8040,164.894028,991.179993,0.834668,0.82849,0.125,0.083333,0.088404,51231.0,0.251633,0.362195,0.150765,0.302405,-0.054303,0.507042,10.21913,-0.02,-0.8,-0.02,-0.25,-0.6,-4.0,0.495928,-0.158443,-0.024576,0.0,-0.001792,-0.115247,-0.034422,-0.015484,-0.030626,0.758214,-0.108921,-0.187835,-0.014998,-0.030707,1.666445,3.897421,-0.103654,-0.060107,-0.326778,0.0,0.0,4.541667,0.107695,0.090681,0.152009
8041,162.832458,969.429993,0.805241,0.796628,0.291667,0.041667,0.088461,54232.0,0.247936,0.341408,0.156267,0.326221,-0.055092,0.547414,10.318773,-0.02,-0.8,-0.02,-0.25,-0.6,-4.0,0.482853,-0.151899,-0.013585,0.0,-0.002796,-0.139093,-0.03428,-0.017186,-0.034834,0.760282,-0.106582,-0.171546,-0.014752,-0.036748,1.637118,3.762509,-0.10556,-0.003221,-0.311023,0.0,0.0,4.666667,0.126589,0.12533,0.166879
8042,164.108978,979.200012,0.821324,0.813519,0.166667,0.041667,0.088565,46498.0,0.275673,0.343338,0.156351,0.315656,-0.05551,0.516746,10.256595,-0.02,-0.8,-0.02,-0.25,-0.6,-4.0,0.487739,-0.150363,-0.01391,0.0,-0.001421,-0.125724,-0.034179,-0.01631,-0.032699,0.776542,-0.094952,-0.161019,-0.012755,-0.03388,1.579859,3.845064,-0.105905,-0.002916,-0.328647,0.041667,0.0,5.0,0.103597,0.10081,0.160094
8043,164.30394,983.599976,0.824131,0.810701,0.130435,0.0,0.088556,52131.0,0.258005,0.349453,0.161629,0.328345,-0.058205,0.551843,10.236667,-0.02,-0.8,-0.02,-0.25,-0.6,-4.0,0.488718,-0.149637,-0.013418,0.0,-0.002522,-0.13665,-0.034586,-0.016912,-0.033539,0.766585,-0.107913,-0.175573,-0.013284,-0.035341,1.633374,3.824387,-0.10847,-0.0024,-0.323227,0.043478,0.0,4.347826,0.116027,0.110604,0.161054
8044,158.142319,961.409973,0.79299,0.798048,0.291667,0.0,0.088483,49107.0,0.253975,0.339081,0.161391,0.323375,-0.055853,0.542396,10.293449,-0.02,-0.8,-0.02,-0.25,-0.6,-4.0,0.485132,-0.149928,-0.012696,0.0,-0.002629,-0.129547,-0.033789,-0.01569,-0.032128,0.774282,-0.093163,-0.156212,-0.012442,-0.034203,1.637402,3.825028,-0.105211,-0.003396,-0.522435,0.041667,0.0,3.833333,0.124339,0.104141,0.159696
8045,165.852905,967.090027,0.784767,0.800066,0.125,0.0,0.088338,37652.0,0.268511,0.334418,0.14012,0.296564,-0.051207,0.492153,10.239803,-0.02,-0.8,-0.02,-0.25,-0.6,-4.0,0.483929,-0.157911,-0.013309,0.0,-0.002446,-0.111537,-0.032876,-0.014753,-0.030154,0.772808,-0.090726,-0.142103,-0.011526,-0.029099,1.604832,3.869838,-0.099991,-0.003609,-0.168383,0.125,0.0,4.0,0.077001,0.120247,0.158627
8046,163.740051,987.52002,0.797601,0.80266,0.208333,0.0,0.088302,32658.0,0.271184,0.34719,0.152072,0.327269,-0.058317,0.533485,10.265724,-0.02,-0.8,-0.02,-0.25,-0.6,-4.0,0.485371,-0.158521,-0.016884,0.0,-0.002224,-0.133944,-0.035597,-0.018317,-0.034145,0.764301,-0.113448,-0.184713,-0.01459,-0.033697,1.601866,3.818286,-0.114566,-0.004238,-0.360534,0.083333,0.041667,4.625,0.116791,0.118552,0.161724
8047,165.215515,986.890015,0.824012,0.791488,0.173913,0.0,0.088323,37964.0,0.27243,0.34043,0.155708,0.311534,-0.053438,0.51479,10.338564,-0.02,-0.8,-0.02,-0.25,-0.6,-4.0,0.487955,-0.15856,-0.016376,0.0,-0.001652,-0.121289,-0.034023,-0.015974,-0.031226,0.761651,-0.097305,-0.158226,-0.013471,-0.031268,1.610204,3.841367,-0.102606,-0.002932,-0.295923,0.0,0.0,4.565217,0.10894,0.105122,0.153343
8048,159.581573,943.700012,0.774932,0.765216,0.173913,0.0,0.088271,38250.0,0.240288,0.321047,0.151634,0.313103,-0.052908,0.525902,10.19899,-0.02,-0.8,-0.02,-0.25,-0.6,-4.0,0.461414,-0.144848,-0.014238,0.0,-0.003754,-0.126834,-0.032748,-0.015866,-0.032024,0.720991,-0.105982,-0.171621,-0.012839,-0.033168,1.548573,3.637198,-0.101936,-0.003859,-0.240049,0.173913,0.0,4.434783,0.113668,0.139882,0.161148
8049,156.41423,931.580017,0.793519,0.782432,0.375,0.0,0.088283,34419.0,0.223355,0.327281,0.159859,0.339609,-0.058375,0.559713,10.421608,-0.02,-0.8,-0.02,-0.25,-0.6,-4.0,0.470518,-0.146296,-0.017968,0.0,-0.003528,-0.132853,-0.033615,-0.017533,-0.032502,0.731173,-0.0997,-0.166472,-0.013044,-0.032492,1.60955,3.712914,-0.109383,-0.003401,-0.409512,0.083333,0.0,3.833333,0.126553,0.12151,0.176116
8050,158.926224,947.640015,0.801121,0.793607,0.434783,0.130435,0.088474,35747.0,0.243972,0.331382,0.150057,0.301556,-0.052982,0.496956,10.358191,-0.02,-0.8,-0.02,-0.25,-0.6,-4.0,0.473752,-0.149034,-0.012082,0.0,-0.003767,-0.127674,-0.033308,-0.01552,-0.031496,0.764141,-0.099052,-0.159671,-0.012304,-0.033345,1.596804,3.734052,-0.101956,-0.002073,-0.327425,0.173913,0.0,6.0,0.118111,0.117273,0.184165
8051,162.243652,975.059998,0.803683,0.810852,0.208333,0.0,0.088246,36067.0,0.264894,0.343716,0.160405,0.308188,-0.055031,0.508752,10.374516,-0.02,-0.8,-0.02,-0.25,-0.6,-4.0,0.486231,-0.144852,-0.014601,0.0,-0.00206,-0.130973,-0.03421,-0.016057,-0.032932,0.773026,-0.096934,-0.164236,-0.013382,-0.035806,1.616455,3.826085,-0.10412,-0.002722,-0.310886,0.083333,0.0,4.541667,0.111399,0.107038,0.134968
8052,160.780624,966.539978,0.794285,0.792261,0.208333,0.041667,0.088207,32290.0,0.251936,0.334992,0.158809,0.301105,-0.052026,0.519966,10.414858,-0.02,-0.8,-0.02,-0.25,-0.6,-4.0,0.484563,-0.147705,-0.015654,0.0,-0.002321,-0.129893,-0.033589,-0.0154,-0.032304,0.764737,-0.092037,-0.156102,-0.012468,-0.035674,1.63599,3.837833,-0.099752,-0.002343,-0.401146,0.041667,0.0,4.375,0.100945,0.131279,0.179329
8053,160.800552,949.27002,0.801658,0.794501,0.291667,0.0,0.088121,42295.0,0.274341,0.329706,0.153213,0.300712,-0.050187,0.504778,10.351798,-0.02,-0.8,-0.02,-0.25,-0.6,-4.0,0.479584,-0.144053,-0.020745,0.0,-0.00284,-0.118911,-0.033111,-0.014859,-0.030333,0.75518,-0.103614,-0.16571,-0.011797,-0.03345,1.592837,3.813435,-0.098171,-0.002531,-0.232491,0.125,0.0,4.625,0.091174,0.120458,0.169774
8054,157.962311,934.47998,0.773075,0.764508,0.125,0.041667,0.088018,55376.0,0.252413,0.343121,0.162184,0.324687,-0.053837,0.541418,10.346977,-0.02,-0.8,-0.02,-0.25,-0.6,-4.0,0.472307,-0.143602,-0.013,0.0,-0.002629,-0.121885,-0.033406,-0.016093,-0.030218,0.753429,-0.104756,-0.18107,-0.012904,-0.031234,1.584893,3.679364,-0.10139,-0.002341,-0.234245,0.166667,0.0,4.291667,0.10561,0.121124,0.169064
8055,163.215317,961.72998,0.798007,0.798709,0.333333,0.0,0.088177,55588.0,0.271367,0.338491,0.160261,0.328806,-0.058045,0.525411,10.674988,-0.02,-0.8,-0.02,-0.25,-0.6,-4.0,0.478534,-0.141691,-0.013261,0.0,-0.003058,-0.129571,-0.034079,-0.016319,-0.03259,0.762988,-0.107066,-0.182209,-0.013816,-0.033156,1.569875,3.727291,-0.107234,-0.005053,-0.216729,0.041667,0.0,4.0,0.132854,0.139967,0.177178
8056,162.089691,966.830017,0.80591,0.807908,0.125,0.0,0.087946,46842.0,0.347537,0.335019,0.159533,0.307084,-0.052583,0.505582,10.373604,-0.02,-0.8,-0.02,-0.25,-0.6,-4.0,0.484807,-0.1491,-0.012094,0.0,-0.001405,-0.129372,-0.033795,-0.015555,-0.031794,0.776124,-0.092368,-0.163943,-0.012372,-0.03536,1.50419,3.840606,-0.101613,-0.002121,-0.297726,0.0,0.0,3.833333,0.118358,0.100694,0.139304
8057,158.537598,938.460022,0.801396,0.781999,0.25,0.0,0.087771,55597.0,0.269122,0.328497,0.159899,0.306474,-0.053089,0.514459,10.386219,-0.02,-0.8,-0.02,-0.25,-0.6,-4.0,0.47824,-0.13703,-0.012319,0.0,-0.002328,-0.121517,-0.033299,-0.015671,-0.030851,0.764599,-0.091133,-0.167179,-0.011647,-0.031542,1.597466,3.773049,-0.100621,-0.002632,-0.209354,0.125,0.0,5.083333,0.079693,0.114135,0.163461
8058,164.949844,977.859985,0.814919,0.807591,0.125,0.0,0.087681,54790.0,0.277514,0.337938,0.150066,0.322672,-0.054098,0.543168,10.323284,-0.02,-0.8,-0.02,-0.25,-0.6,-4.0,0.48806,-0.164487,-0.018882,0.0,-0.001431,-0.124657,-0.033542,-0.016126,-0.031088,0.771042,-0.089942,-0.15373,-0.011731,-0.032145,1.603895,3.87904,-0.104545,-0.004088,-0.30946,0.041667,0.0,4.208333,0.081181,0.115555,0.157113
8059,156.164886,921.25,0.797158,0.775464,0.333333,0.0,0.087593,54837.0,0.261607,0.325995,0.158439,0.307631,-0.05458,0.523188,10.31481,-0.02,-0.8,-0.02,-0.25,-0.6,-4.0,0.469473,-0.145031,-0.011456,0.0,-0.003183,-0.132568,-0.033109,-0.015689,-0.032054,0.755452,-0.094547,-0.154746,-0.011503,-0.03607,1.566262,3.710018,-0.102775,-0.002329,-0.278301,0.208333,0.0,4.583333,0.074523,0.116208,0.156042
8060,166.561935,986.309998,0.828717,0.809112,0.083333,0.0,0.087382,54587.0,0.286655,0.341322,0.1669,0.333037,-0.057671,0.560577,10.306854,-0.02,-0.8,-0.02,-0.25,-0.6,-4.0,0.491769,-0.154412,-0.013779,0.0,-0.001167,-0.122918,-0.034528,-0.016308,-0.030795,0.784014,-0.096399,-0.16052,-0.01204,-0.03139,1.607409,3.894699,-0.108925,-0.006988,-0.374306,0.0,0.0,4.041667,0.107487,0.127396,0.141425
8061,166.783997,979.960022,0.794147,0.802466,0.083333,0.0,0.087451,46158.0,0.282565,0.3478,0.161436,0.334793,-0.05634,0.564542,10.449461,-0.02,-0.8,-0.02,-0.25,-0.6,-4.0,0.488452,-0.156212,-0.014577,0.0,-0.001683,-0.135518,-0.034113,-0.016315,-0.032734,0.776811,-0.09772,-0.162776,-0.012982,-0.036894,1.592409,3.832189,-0.104895,-0.002475,-0.198995,0.083333,0.0,5.333333,0.133513,0.119473,0.1523
8062,160.675629,974.789978,0.780747,0.787957,0.125,0.0,0.087663,55089.0,0.276013,0.342321,0.151438,0.312174,-0.05386,0.519025,10.401115,-0.02,-0.8,-0.02,-0.25,-0.6,-4.0,0.474052,-0.152436,-0.016777,0.0,-0.003016,-0.126347,-0.033186,-0.015887,-0.031467,0.748691,-0.097317,-0.156237,-0.012102,-0.032642,1.538043,3.72532,-0.102535,-0.003865,-0.35183,0.041667,0.0,4.541667,0.100792,0.119106,0.166553
8063,160.529205,982.51001,0.829697,0.805578,0.125,0.0,0.08768,55732.0,0.282049,0.342673,0.149808,0.321436,-0.056647,0.524274,10.371451,-0.02,-0.8,-0.02,-0.25,-0.6,-4.0,0.495566,-0.160386,-0.014554,0.0,-0.000613,-0.130167,-0.034717,-0.016661,-0.033126,0.780509,-0.096282,-0.160982,-0.014731,-0.033852,1.622649,3.922644,-0.108646,-0.00354,-0.469847,0.0,0.041667,4.916667,0.100808,0.104445,0.145414
8064,161.581665,974.47998,0.801854,0.810944,0.208333,0.0,0.087966,54997.0,0.26746,0.346893,0.169733,0.341258,-0.058989,0.562851,10.439746,-0.02,-0.8,-0.02,-0.25,-0.6,-4.0,0.486736,-0.155253,-0.017051,0.0,-0.001787,-0.141108,-0.034675,-0.018282,-0.034215,0.760627,-0.10041,-0.163271,-0.013744,-0.036382,1.613907,3.816045,-0.110616,-0.003912,-0.454273,0.041667,0.125,4.25,0.124617,0.10793,0.131614
8065,157.280609,956.280029,0.821229,0.796907,0.208333,0.0,0.088077,47079.0,0.294286,0.343861,0.15944,0.337894,-0.058156,0.549421,10.368365,-0.02,-0.8,-0.02,-0.25,-0.6,-4.0,0.485132,-0.149536,-0.017309,0.0,-0.002313,-0.133844,-0.034784,-0.017151,-0.033439,0.767012,-0.104524,-0.178201,-0.014652,-0.034029,1.567114,3.787059,-0.11014,-0.003739,-0.44934,0.166667,0.0,4.5,0.139841,0.151533,0.150327
8066,161.413498,964.200012,0.804534,0.800185,0.166667,0.041667,0.0883,52220.0,0.238646,0.332566,0.146487,0.291493,-0.052093,0.502253,10.315356,-0.02,-0.8,-0.02,-0.25,-0.6,-4.0,0.48128,-0.160479,-0.010015,0.0,-0.002194,-0.123214,-0.032818,-0.015219,-0.030752,0.773954,-0.098766,-0.156116,-0.013684,-0.032752,1.640713,3.832418,-0.09826,-0.002592,-0.335825,0.041667,0.0,3.958333,0.107529,0.108777,0.137851
8067,161.832291,946.98999,0.786794,0.7829,0.166667,0.125,0.088317,36625.0,0.25736,0.330795,0.153584,0.309798,-0.056075,0.519688,10.517614,-0.02,-0.8,-0.02,-0.25,-0.6,-4.0,0.473318,-0.147887,-0.016079,0.0,-0.003888,-0.118183,-0.032917,-0.0155,-0.030694,0.75129,-0.09109,-0.153318,-0.0111,-0.029454,1.568795,3.756881,-0.10501,-0.001864,-0.192849,0.208333,0.0,4.375,0.099992,0.123917,0.184047
8068,166.379532,978.849976,0.81829,0.791931,0.166667,0.0,0.088346,37037.0,0.230884,0.330196,0.155465,0.319048,-0.056703,0.541993,10.43603,-0.02,-0.8,-0.02,-0.25,-0.6,-4.0,0.481607,-0.150339,-0.012067,0.0,-0.003333,-0.122997,-0.033939,-0.016254,-0.031939,0.756185,-0.104481,-0.163808,-0.012539,-0.031384,1.651036,3.796698,-0.108365,-0.00191,-0.353516,0.041667,0.0,3.75,0.128004,0.108672,0.193174
8069,166.50618,994.039978,0.837335,0.828428,0.125,0.0,0.088342,31196.0,0.27224,0.34689,0.161709,0.329394,-0.057807,0.545584,10.543626,-0.02,-0.8,-0.02,-0.25,-0.6,-4.0,0.498411,-0.158487,-0.015213,0.0,-0.001257,-0.126518,-0.034772,-0.01689,-0.031783,0.796844,-0.102731,-0.175633,-0.013428,-0.032612,1.651665,3.926967,-0.108591,-0.003635,-0.367203,0.0,0.0,4.333333,0.090515,0.103957,0.140003
8070,165.480927,980.280029,0.804083,0.810749,0.25,0.0,0.088292,39001.0,0.260917,0.336939,0.160342,0.327249,-0.056865,0.536371,10.356607,-0.02,-0.8,-0.02,-0.25,-0.6,-4.0,0.488728,-0.153145,-0.013804,0.0,-0.002093,-0.115342,-0.033834,-0.015674,-0.029928,0.769491,-0.096909,-0.166332,-0.012499,-0.028923,1.619617,3.894801,-0.106735,-0.0037,-0.313053,0.041667,0.0,5.041667,0.065022,0.103504,0.156959
8071,166.370819,986.070007,0.820504,0.843264,0.125,0.041667,0.088356,36930.0,0.248967,0.341156,0.167565,0.345226,-0.059477,0.569166,10.324678,-0.02,-0.8,-0.02,-0.25,-0.6,-4.0,0.494221,-0.155173,-0.011761,0.0,-0.001196,-0.132428,-0.034823,-0.017542,-0.033375,0.786146,-0.099022,-0.16877,-0.01309,-0.032948,1.671102,3.901924,-0.111748,-0.003366,-0.325514,0.041667,0.041667,4.916667,0.101445,0.09413,0.140762
8072,161.987259,991.73999,0.820319,0.808093,0.125,0.0,0.088486,33985.0,0.259497,0.345752,0.162814,0.319621,-0.058636,0.521615,10.428348,-0.02,-0.8,-0.02,-0.25,-0.6,-4.0,0.493495,-0.159994,-0.013677,0.0,-0.001556,-0.132148,-0.03474,-0.017317,-0.03224,0.777225,-0.099436,-0.165471,-0.01351,-0.032372,1.650103,3.885056,-0.109469,-0.002149,-0.435585,0.083333,0.0,4.416667,0.107125,0.096128,0.151329
8073,159.167404,943.919983,0.782067,0.813074,0.25,0.0,0.088675,37763.0,0.276257,0.331428,0.155044,0.303921,-0.05339,0.501311,10.337317,-0.02,-0.8,-0.02,-0.25,-0.6,-4.0,0.476957,-0.147233,-0.020385,0.0,-0.001907,-0.12047,-0.03295,-0.01563,-0.030218,0.747632,-0.091746,-0.155825,-0.012032,-0.032511,1.55171,3.78364,-0.101256,-0.00247,-0.299215,0.0,0.083333,4.083333,0.112897,0.119899,0.142388
8074,160.363892,939.929993,0.765999,0.762976,0.5,0.0,0.088654,36341.0,0.241392,0.317647,0.140311,0.298919,-0.05161,0.489651,10.381104,-0.02,-0.8,-0.02,-0.25,-0.6,-4.0,0.465654,-0.149085,-0.015979,0.0,-0.004819,-0.111544,-0.032063,-0.015377,-0.029783,0.721673,-0.09907,-0.162058,-0.011463,-0.027333,1.564473,3.709627,-0.100365,-0.004441,-0.280344,0.166667,0.0,4.75,0.119456,0.154709,0.186772
8075,162.213409,961.75,0.818187,0.823802,0.217391,0.043478,0.088896,38065.0,0.257239,0.322519,0.15407,0.313136,-0.052541,0.530622,10.384602,-0.02,-0.8,-0.02,-0.25,-0.6,-4.0,0.482426,-0.148418,-0.009085,0.0,-0.002551,-0.123596,-0.032921,-0.015362,-0.030434,0.769046,-0.09513,-0.16208,-0.011778,-0.032818,1.628601,3.840175,-0.100697,-0.002981,-0.329896,0.086957,0.0,4.695652,0.087577,0.10684,0.17078
8076,167.614685,983.950012,0.808006,0.800853,0.291667,0.0,0.088814,50612.0,0.278681,0.330953,0.159807,0.331878,-0.058461,0.555802,10.373934,-0.02,-0.8,-0.02,-0.25,-0.6,-4.0,0.486096,-0.154586,-0.013217,0.0,-0.002245,-0.123017,-0.034037,-0.017058,-0.031699,0.775238,-0.095028,-0.158092,-0.012687,-0.031683,1.598124,3.857473,-0.108983,-0.003171,-0.35096,0.083333,0.0,5.458333,0.085385,0.107308,0.165185
8077,161.363968,957.679993,0.832799,0.809487,0.166667,0.041667,0.088658,50386.0,0.249325,0.333043,0.156126,0.300674,-0.053805,0.508614,10.348946,-0.02,-0.8,-0.02,-0.25,-0.6,-4.0,0.485524,-0.14509,-0.013949,0.0,-0.0022,-0.114592,-0.0332,-0.015157,-0.029941,0.77339,-0.092915,-0.167314,-0.013371,-0.030529,1.63598,3.858618,-0.101821,-0.004299,-0.303693,0.166667,0.0,4.125,0.092887,0.10358,0.133064
8078,160.984177,978.22998,0.819154,0.812291,0.045455,0.0,0.088601,52313.0,0.272393,0.330792,0.15679,0.331106,-0.057955,0.52549,10.391087,-0.02,-0.8,-0.02,-0.25,-0.6,-4.0,0.491984,-0.159352,-0.014055,0.0,-0.000623,-0.135483,-0.034846,-0.017541,-0.034165,0.762892,-0.097789,-0.156859,-0.01303,-0.034454,1.590117,3.898778,-0.111033,-0.007634,-0.358932,0.045455,0.090909,4.772727,0.106065,0.098428,0.131816
8079,153.903137,925.359985,0.772126,0.778124,0.416667,0.0,0.08846,42590.0,0.246495,0.329295,0.161317,0.325084,-0.055452,0.544089,10.426937,-0.02,-0.8,-0.02,-0.25,-0.6,-4.0,0.466403,-0.1425,-0.016243,0.0,-0.003914,-0.122474,-0.033065,-0.017467,-0.030101,0.732574,-0.097702,-0.163215,-0.012298,-0.030303,1.554722,3.664838,-0.103602,-0.039793,-0.342676,0.125,0.041667,5.083333,0.112103,0.138104,0.173445
8080,162.345627,955.780029,0.814034,0.796761,0.304348,0.0,0.088262,51782.0,0.250017,0.337949,0.156026,0.324453,-0.056643,0.538246,10.44491,-0.02,-0.8,-0.02,-0.25,-0.6,-4.0,0.483873,-0.151465,-0.011947,0.0,-0.002026,-0.12869,-0.034145,-0.016734,-0.03241,0.76902,-0.100982,-0.161922,-0.013221,-0.032355,1.630202,3.809414,-0.106777,-0.003114,-0.285042,0.0,0.043478,21.608696,0.109381,0.110556,0.1567
8081,162.679077,971.320007,0.793775,0.797801,0.083333,0.0,0.088276,49710.0,0.267849,0.339856,0.162758,0.349517,-0.061005,0.558407,10.296882,-0.02,-0.8,-0.02,-0.25,-0.6,-4.0,0.482502,-0.157026,-0.013349,0.0,-0.002139,-0.125824,-0.034732,-0.018401,-0.032787,0.741372,-0.097962,-0.173186,-0.012913,-0.028116,1.585029,3.797755,-0.114368,-0.001987,-0.305266,0.083333,0.0,4.041667,0.121779,0.091326,0.149984
8082,158.292816,965.200012,0.798174,0.813957,0.166667,0.0,0.088351,50756.0,0.266256,0.338084,0.157427,0.325621,-0.057105,0.543618,10.261682,-0.02,-0.8,-0.02,-0.25,-0.6,-4.0,0.487415,-0.153628,-0.017975,0.0,-0.001766,-0.131462,-0.034314,-0.017025,-0.03239,0.772013,-0.104012,-0.176422,-0.014037,-0.034434,1.625285,3.836191,-0.10805,-0.005997,-0.422278,0.083333,0.0,4.791667,0.13315,0.109758,0.147436
8083,164.155609,980.359985,0.832011,0.797197,0.166667,0.0,0.088427,43621.0,0.252959,0.331212,0.164101,0.33246,-0.05697,0.569686,10.25738,-0.02,-0.8,-0.02,-0.25,-0.6,-4.0,0.487419,-0.148449,-0.013004,0.0,-0.001266,-0.141561,-0.033706,-0.016715,-0.033189,0.77925,-0.096115,-0.16556,-0.012829,-0.036877,1.636642,3.858864,-0.105381,-0.004695,-0.417967,0.0,0.0,4.5,0.122342,0.08954,0.161902
8084,162.118179,975.150024,0.816251,0.815822,0.166667,0.0,0.088357,51131.0,0.251612,0.339902,0.161798,0.324175,-0.05853,0.537329,10.278998,-0.02,-0.8,-0.02,-0.25,-0.6,-4.0,0.486926,-0.148301,-0.012858,0.0,-0.002851,-0.13487,-0.034322,-0.016918,-0.033109,0.76152,-0.100899,-0.168142,-0.012789,-0.035643,1.629689,3.838298,-0.108842,-0.004213,-0.393465,0.083333,0.0,4.916667,0.069505,0.094473,0.173945
8085,163.467285,974.840027,0.813781,0.803858,0.125,0.0,0.088497,49493.0,0.264238,0.347504,0.156563,0.327428,-0.057546,0.546007,10.346927,-0.02,-0.8,-0.02,-0.25,-0.6,-4.0,0.485888,-0.156748,-0.01779,0.0,-0.002333,-0.136296,-0.034223,-0.017354,-0.033425,0.765564,-0.100118,-0.164115,-0.014589,-0.035824,1.608844,3.79951,-0.107977,-0.003493,-0.291837,0.083333,0.0,4.083333,0.148205,0.097491,0.156488
8086,158.399277,956.710022,0.803849,0.773428,0.375,0.0,0.08843,50510.0,0.251181,0.33622,0.152881,0.306558,-0.055116,0.512169,10.353391,-0.02,-0.8,-0.02,-0.25,-0.6,-4.0,0.473494,-0.147529,-0.014375,0.0,-0.004375,-0.132453,-0.033045,-0.01631,-0.033118,0.746707,-0.107037,-0.176568,-0.013824,-0.03476,1.581983,3.705458,-0.101652,-0.002764,-0.340563,0.083333,0.0,4.166667,0.165588,0.133405,0.180989
8087,157.090851,930.01001,0.798428,0.784511,0.291667,0.0,0.088399,39895.0,0.252697,0.325204,0.158129,0.285306,-0.051249,0.480347,10.412079,-0.02,-0.8,-0.02,-0.25,-0.6,-4.0,0.47494,-0.139974,-0.012251,0.0,-0.002261,-0.111625,-0.032163,-0.014359,-0.028609,0.761212,-0.090894,-0.161511,-0.011202,-0.030531,1.59578,3.781155,-0.096638,-0.003186,-0.307946,0.041667,0.0,4.416667,0.064227,0.11615,0.162062
8088,159.528305,954.969971,0.795284,0.812723,0.208333,0.041667,0.088145,37665.0,0.257364,0.339875,0.160836,0.335268,-0.058647,0.566761,10.488864,-0.02,-0.8,-0.02,-0.25,-0.6,-4.0,0.480497,-0.15224,-0.013313,0.0,-0.002377,-0.131728,-0.034094,-0.016477,-0.032383,0.760506,-0.104753,-0.170361,-0.015029,-0.034146,1.590457,3.781323,-0.108938,-0.003394,-0.415033,0.041667,0.0,4.208333,0.100444,0.111605,0.168405
8089,165.208054,984.820007,0.793347,0.799724,0.125,0.041667,0.087856,36317.0,0.291144,0.347351,0.15168,0.320768,-0.057151,0.509708,10.229478,-0.02,-0.8,-0.02,-0.25,-0.6,-4.0,0.483103,-0.154231,-0.019661,0.0,-0.003016,-0.118075,-0.034118,-0.016511,-0.031293,0.750004,-0.101866,-0.161797,-0.013288,-0.030616,1.550032,3.783378,-0.10823,-0.001827,-0.223659,0.166667,0.0,4.125,0.136794,0.115897,0.165179
8090,161.158096,966.330017,0.788942,0.808335,0.086957,0.0,0.087867,32812.0,0.25614,0.348441,0.157669,0.332674,-0.058081,0.558068,10.35515,-0.02,-0.8,-0.02,-0.25,-0.6,-4.0,0.488142,-0.158443,-0.014344,0.0,-0.001569,-0.137823,-0.034567,-0.01788,-0.034127,0.768968,-0.099304,-0.164502,-0.01449,-0.035762,1.627742,3.83049,-0.10866,-0.004435,-0.298756,0.173913,0.0,4.565217,0.113206,0.114682,0.146305
8091,155.313339,934.900024,0.787108,0.784115,0.25,0.125,0.08807,36313.0,0.275296,0.359915,0.149253,0.325336,-0.057284,0.509702,10.42093,-0.02,-0.8,-0.02,-0.25,-0.6,-4.0,0.469437,-0.151864,-0.016871,0.0,-0.004394,-0.133153,-0.034432,-0.017911,-0.033304,0.733575,-0.11959,-0.183634,-0.014653,-0.033407,1.50425,3.6196,-0.108113,-0.003016,-0.265582,0.083333,0.0,4.041667,0.147002,0.124384,0.154958
8092,167.426224,990.25,0.817217,0.797458,0.217391,0.0,0.08812,40662.0,0.260667,0.332294,0.148718,0.305964,-0.054664,0.515257,10.427347,-0.02,-0.8,-0.02,-0.25,-0.6,-4.0,0.486637,-0.15678,-0.011311,0.0,-0.001502,-0.125479,-0.033542,-0.015932,-0.032719,0.765959,-0.094487,-0.157965,-0.012929,-0.032445,1.633692,3.861091,-0.103694,-0.002162,-0.283058,0.043478,0.0,6.043478,0.111348,0.112306,0.150886
8093,157.525589,935.700012,0.780753,0.772643,0.291667,0.0,0.088102,32192.0,0.236483,0.334617,0.149153,0.319363,-0.054476,0.537971,10.418995,-0.02,-0.8,-0.02,-0.25,-0.6,-4.0,0.473157,-0.153369,-0.018477,0.0,-0.002536,-0.12742,-0.032856,-0.016449,-0.031449,0.745846,-0.099356,-0.159453,-0.015046,-0.032905,1.574617,3.720329,-0.10219,-0.018193,-0.282172,0.083333,0.0,4.791667,0.110869,0.118659,0.166738
8094,162.391449,975.27002,0.813162,0.800092,0.208333,0.041667,0.087866,38320.0,0.25935,0.336808,0.159846,0.319626,-0.057349,0.531649,10.295924,-0.02,-0.8,-0.02,-0.25,-0.6,-4.0,0.489192,-0.147436,-0.01415,0.0,-0.002439,-0.132946,-0.034043,-0.016579,-0.032623,0.766901,-0.095874,-0.170572,-0.012429,-0.033498,1.645442,3.879941,-0.107045,-0.004212,-0.367806,0.083333,0.041667,4.666667,0.10362,0.115943,0.140221
8095,161.429688,971.330017,0.803959,0.777943,0.125,0.0,0.087834,37609.0,0.262205,0.33687,0.155906,0.308868,-0.053288,0.531515,10.283382,-0.02,-0.8,-0.02,-0.25,-0.6,-4.0,0.482861,-0.148786,-0.015108,0.0,-0.001824,-0.115381,-0.033237,-0.014966,-0.029865,0.765451,-0.098112,-0.164423,-0.011247,-0.027953,1.615665,3.821838,-0.102203,-0.002775,-0.453787,0.083333,0.0,4.416667,0.104235,0.112031,0.13977
8096,164.813797,992.679993,0.83759,0.81109,0.086957,0.0,0.087861,38985.0,0.258505,0.345973,0.160153,0.316343,-0.055867,0.547539,10.236465,-0.02,-0.8,-0.02,-0.25,-0.6,-4.0,0.497459,-0.159057,-0.013421,0.0,-0.000538,-0.12265,-0.034424,-0.01605,-0.031455,0.790963,-0.096051,-0.164273,-0.013212,-0.030568,1.690297,3.938041,-0.105119,-0.00374,-0.413303,0.043478,0.0,4.478261,0.101852,0.113798,0.144457
8097,161.659241,964.969971,0.798874,0.797147,0.208333,0.0,0.08755,39156.0,0.237901,0.341461,0.153049,0.309729,-0.055344,0.505527,10.413259,-0.02,-0.8,-0.02,-0.25,-0.6,-4.0,0.481656,-0.148802,-0.012762,0.0,-0.002486,-0.120237,-0.034041,-0.016452,-0.031403,0.750651,-0.107463,-0.172399,-0.013356,-0.030242,1.641019,3.775114,-0.10659,-0.003061,-0.26741,0.083333,0.0,4.041667,0.125545,0.109941,0.179672
8098,165.178406,991.109985,0.805302,0.804349,0.041667,0.0,0.087375,55001.0,0.224103,0.327016,0.155805,0.314932,-0.054184,0.54077,10.308625,-0.02,-0.8,-0.02,-0.25,-0.6,-4.0,0.490736,-0.148958,-0.015443,0.0,-0.000833,-0.122482,-0.033233,-0.015164,-0.030648,0.767143,-0.091188,-0.159564,-0.012882,-0.031218,1.690374,3.915716,-0.102325,-0.003898,-0.415997,0.0,0.0,4.25,0.072334,0.105467,0.137934
8099,165.850113,989.440002,0.818359,0.805384,0.166667,0.0,0.087451,53756.0,0.296081,0.332953,0.145556,0.298358,-0.051094,0.493924,10.425621,-0.02,-0.8,-0.02,-0.25,-0.6,-4.0,0.49265,-0.15355,-0.015791,0.0,-0.001213,-0.119631,-0.033218,-0.014979,-0.030987,0.771158,-0.093784,-0.162796,-0.014447,-0.033673,1.574232,3.946863,-0.098062,-0.002671,-0.300452,0.083333,0.0,4.541667,0.080839,0.113742,0.149187
8100,168.967209,976.72998,0.832318,0.811022,0.208333,0.0,0.087718,54820.0,0.236194,0.333315,0.166881,0.315803,-0.05655,0.56284,10.471434,-0.02,-0.8,-0.02,-0.25,-0.6,-4.0,0.488261,-0.148361,-0.010095,0.0,-0.002194,-0.126985,-0.033455,-0.015838,-0.031329,0.79261,-0.096116,-0.161492,-0.012096,-0.034884,1.67687,3.875008,-0.10188,-0.002521,-0.231295,0.083333,0.041667,4.083333,0.079395,0.104127,0.158125
8101,165.860397,980.409973,0.837825,0.812302,0.25,0.0,0.087698,45662.0,0.253907,0.340693,0.157488,0.326344,-0.058095,0.549103,10.315854,-0.02,-0.8,-0.02,-0.25,-0.6,-4.0,0.494132,-0.154941,-0.015372,0.0,-0.001624,-0.131858,-0.035023,-0.017242,-0.033353,0.777368,-0.099225,-0.155325,-0.012854,-0.034326,1.668212,3.895703,-0.109833,-0.003756,-0.259329,0.083333,0.0,5.125,0.118287,0.105207,0.144601
8102,155.052399,951.900024,0.771238,0.790557,0.208333,0.041667,0.087693,54388.0,0.291627,0.353659,0.152162,0.305632,-0.054686,0.489689,10.434137,-0.02,-0.8,-0.02,-0.25,-0.6,-4.0,0.476506,-0.148353,-0.023647,0.0,-0.002738,-0.125642,-0.034139,-0.016629,-0.031979,0.726083,-0.111077,-0.196124,-0.015038,-0.032309,1.523722,3.685274,-0.102739,-0.004028,-0.36506,0.166667,0.041667,3.708333,0.180336,0.139859,0.143783
8103,160.315704,960.700012,0.792493,0.792901,0.208333,0.0,0.087633,54043.0,0.229856,0.326274,0.155245,0.319118,-0.057359,0.549592,10.355274,-0.02,-0.8,-0.02,-0.25,-0.6,-4.0,0.477968,-0.153894,-0.010152,0.0,-0.002294,-0.129053,-0.033211,-0.016542,-0.032042,0.755428,-0.098374,-0.154996,-0.013133,-0.032795,1.646353,3.791119,-0.10489,-0.00245,-0.449796,0.166667,0.083333,4.958333,0.076524,0.100536,0.144218
8104,166.856522,982.25,0.816574,0.826385,0.083333,0.0,0.087743,54734.0,0.238285,0.341825,0.165672,0.327158,-0.056708,0.576678,10.228291,-0.02,-0.8,-0.02,-0.25,-0.6,-4.0,0.492071,-0.14959,-0.013312,0.0,-0.000905,-0.129501,-0.034453,-0.01651,-0.032735,0.789063,-0.097663,-0.167965,-0.013184,-0.035011,1.694469,3.867943,-0.103825,-0.002848,-0.314498,0.041667,0.041667,4.791667,0.117793,0.100404,0.131758
8105,158.412796,955.309998,0.800439,0.799357,0.25,0.041667,0.08786,45908.0,0.307395,0.338073,0.163273,0.330795,-0.062092,0.540503,10.215377,-0.02,-0.8,-0.02,-0.25,-0.6,-4.0,0.480087,-0.145259,-0.016383,0.0,-0.00289,-0.134461,-0.034198,-0.017222,-0.033355,0.75188,-0.110177,-0.169476,-0.013767,-0.035322,1.528331,3.799815,-0.111215,-0.009076,-0.272436,0.125,0.041667,4.25,0.084787,0.118557,0.156687
8106,163.894485,984.950012,0.812658,0.804524,0.083333,0.0,0.087878,55260.0,0.257919,0.332223,0.153991,0.314891,-0.053214,0.55391,10.390102,-0.02,-0.8,-0.02,-0.25,-0.6,-4.0,0.494173,-0.157579,-0.019072,0.0,-0.000944,-0.125249,-0.033582,-0.015545,-0.031187,0.785957,-0.094949,-0.151042,-0.012952,-0.032649,1.661751,3.955644,-0.101581,-0.003321,-0.365839,0.041667,0.0,4.666667,0.117316,0.14303,0.129527
8107,164.020035,991.599976,0.806891,0.806105,0.125,0.0,0.087846,54507.0,0.275427,0.345045,0.161421,0.337725,-0.060165,0.546146,10.395872,-0.02,-0.8,-0.02,-0.25,-0.6,-4.0,0.488361,-0.149033,-0.018445,0.0,-0.001087,-0.138031,-0.034798,-0.017983,-0.034326,0.754571,-0.102943,-0.170654,-0.013905,-0.035639,1.601637,3.820938,-0.111743,-0.003888,-0.377775,0.041667,0.041667,5.083333,0.133677,0.101885,0.173252
8108,163.58194,973.460022,0.81014,0.811617,0.083333,0.0,0.087921,55286.0,0.240145,0.329525,0.163919,0.31989,-0.057359,0.555382,10.290606,-0.02,-0.8,-0.02,-0.25,-0.6,-4.0,0.488349,-0.150991,-0.016063,0.0,-0.001032,-0.122969,-0.034124,-0.016102,-0.03106,0.769438,-0.09372,-0.176625,-0.011865,-0.030232,1.67227,3.884626,-0.106967,-0.004866,-0.323898,0.041667,0.0,3.541667,0.10488,0.107328,0.141652
8109,161.772827,966.070007,0.811779,0.786778,0.208333,0.041667,0.087868,40475.0,0.271594,0.330912,0.165019,0.314948,-0.054191,0.555484,10.332979,-0.02,-0.8,-0.02,-0.25,-0.6,-4.0,0.484183,-0.146107,-0.012328,0.0,-0.002673,-0.11928,-0.032998,-0.014793,-0.029099,0.779133,-0.093232,-0.166222,-0.011614,-0.031074,1.626958,3.861097,-0.099401,-0.002856,-0.398792,0.083333,0.041667,4.291667,0.074922,0.094191,0.142342
8110,160.788132,966.809998,0.798482,0.80825,0.25,0.0,0.087936,32107.0,0.23464,0.344553,0.160343,0.343429,-0.061119,0.5937,10.350947,-0.02,-0.8,-0.02,-0.25,-0.6,-4.0,0.487409,-0.158092,-0.013748,0.0,-0.00203,-0.133374,-0.034866,-0.017535,-0.033481,0.769675,-0.110938,-0.182312,-0.015484,-0.033799,1.662338,3.807463,-0.109985,-0.015621,-0.339769,0.083333,0.041667,4.166667,0.120404,0.096356,0.15156
8111,161.399277,968.929993,0.793152,0.806782,0.166667,0.0,0.088082,38616.0,0.244305,0.324037,0.144836,0.303576,-0.054142,0.49197,10.430307,-0.02,-0.8,-0.02,-0.25,-0.6,-4.0,0.47967,-0.155085,-0.016515,0.0,-0.0025,-0.116817,-0.032923,-0.015528,-0.030212,0.740925,-0.096337,-0.156507,-0.012349,-0.030292,1.606364,3.845536,-0.103953,-0.002865,-0.369071,0.041667,0.0,4.583333,0.110898,0.100797,0.165653
8112,160.958542,955.460022,0.794632,0.803287,0.291667,0.0,0.088281,36885.0,0.248095,0.327743,0.16023,0.312319,-0.052884,0.541017,10.424788,-0.02,-0.8,-0.02,-0.25,-0.6,-4.0,0.483262,-0.144117,-0.015479,0.0,-0.002054,-0.120457,-0.033011,-0.014848,-0.030067,0.777814,-0.097907,-0.166234,-0.012383,-0.032227,1.635931,3.844549,-0.099119,-0.004203,-0.378887,0.041667,0.0,5.125,0.086896,0.08829,0.16104
8113,167.164963,984.77002,0.82927,0.818443,0.083333,0.0,0.088421,32062.0,0.271002,0.337486,0.158969,0.345324,-0.060479,0.57669,10.436327,-0.02,-0.8,-0.02,-0.25,-0.6,-4.0,0.493467,-0.156083,-0.018266,0.0,-0.001127,-0.130158,-0.034518,-0.017282,-0.033176,0.769232,-0.095579,-0.157054,-0.012848,-0.032866,1.628824,3.909128,-0.111936,-0.003328,-0.310789,0.083333,0.041667,4.708333,0.12073,0.098753,0.143608
8114,161.371506,967.090027,0.807846,0.787068,0.25,0.041667,0.088321,36750.0,0.285452,0.337095,0.15165,0.320254,-0.056353,0.530268,10.34017,-0.02,-0.8,-0.02,-0.25,-0.6,-4.0,0.486398,-0.149806,-0.014442,0.0,-0.002139,-0.1201,-0.033975,-0.01613,-0.032033,0.772022,-0.095139,-0.161728,-0.012142,-0.031048,1.586706,3.866338,-0.106478,-0.002959,-0.322925,0.083333,0.0,4.416667,0.069872,0.106602,0.156588
8115,162.547379,973.590027,0.823371,0.802968,0.208333,0.0,0.088536,37484.0,0.254551,0.355169,0.1437,0.306096,-0.053951,0.520723,10.401886,-0.02,-0.8,-0.02,-0.25,-0.6,-4.0,0.486658,-0.157463,-0.012077,0.0,-0.002486,-0.117801,-0.033207,-0.014849,-0.030507,0.755806,-0.095739,-0.155838,-0.013311,-0.031202,1.640135,3.817782,-0.101632,-0.009009,-0.252556,0.083333,0.041667,4.041667,0.152762,0.104796,0.158291
8116,167.609467,989.26001,0.836926,0.812719,0.083333,0.0,0.088537,32589.0,0.239149,0.334639,0.161416,0.325483,-0.06119,0.552967,10.463358,-0.02,-0.8,-0.02,-0.25,-0.6,-4.0,0.493215,-0.156169,-0.010936,0.0,-0.002083,-0.14022,-0.034681,-0.017345,-0.034728,0.787517,-0.099154,-0.156358,-0.013963,-0.035198,1.667761,3.922221,-0.112098,-0.002469,-0.355496,0.041667,0.0,4.375,0.108871,0.105112,0.155346
8117,162.529465,979.440002,0.813057,0.809185,0.166667,0.0,0.088587,38880.0,0.277917,0.346906,0.152172,0.313885,-0.058844,0.524764,10.346586,-0.02,-0.8,-0.02,-0.25,-0.6,-4.0,0.488443,-0.157611,-0.015327,0.0,-0.001544,-0.139035,-0.034867,-0.017619,-0.034618,0.768726,-0.108643,-0.171148,-0.013572,-0.035502,1.603186,3.831666,-0.111024,-0.004214,-0.367128,0.041667,0.041667,5.583333,0.124928,0.104729,0.155508
8118,165.913712,990.599976,0.828381,0.825704,0.083333,0.0,0.088682,50695.0,0.263332,0.340821,0.158162,0.315284,-0.056709,0.54406,10.34117,-0.02,-0.8,-0.02,-0.25,-0.6,-4.0,0.493061,-0.154501,-0.017026,0.0,-0.000794,-0.123088,-0.034308,-0.016418,-0.031214,0.779257,-0.093554,-0.164685,-0.012514,-0.031904,1.646842,3.908912,-0.105304,-0.007407,-0.332632,0.041667,0.0,4.791667,0.101238,0.089198,0.140415
8119,163.008011,954.190002,0.793094,0.793091,0.375,0.041667,0.088531,42906.0,0.223723,0.34392,0.158336,0.332777,-0.057558,0.566394,10.361119,-0.02,-0.8,-0.02,-0.25,-0.6,-4.0,0.479216,-0.150254,-0.010211,0.0,-0.003135,-0.128232,-0.033615,-0.016684,-0.033837,0.757849,-0.098666,-0.156878,-0.012868,-0.032406,1.648519,3.761217,-0.104585,-0.002532,-0.293745,0.125,0.041667,4.458333,0.089715,0.101361,0.172685
8120,164.685257,994.909973,0.821825,0.803993,0.173913,0.0,0.088622,51144.0,0.257107,0.35305,0.149254,0.311894,-0.057796,0.532258,10.30608,-0.02,-0.8,-0.02,-0.25,-0.6,-4.0,0.488802,-0.156538,-0.0151,0.0,-0.001594,-0.139814,-0.03454,-0.017571,-0.034381,0.770541,-0.09718,-0.166513,-0.013495,-0.035629,1.640565,3.835508,-0.107432,-0.032442,-0.415871,0.043478,0.086957,4.521739,0.117293,0.114233,0.167565
8121,158.383148,961.429993,0.788296,0.78001,0.26087,0.0,0.088863,50108.0,0.250554,0.340169,0.159255,0.330245,-0.058275,0.562801,10.317677,-0.02,-0.8,-0.02,-0.25,-0.6,-4.0,0.479164,-0.15255,-0.014538,0.0,-0.003518,-0.131616,-0.033693,-0.01655,-0.032426,0.759753,-0.105088,-0.166407,-0.013921,-0.033733,1.605813,3.761694,-0.106139,-0.00511,-0.390677,0.304348,0.043478,5.434783,0.140583,0.130691,0.173486
8122,158.89621,956.330017,0.818875,0.808501,0.208333,0.041667,0.089028,49963.0,0.228232,0.332712,0.155443,0.326448,-0.058344,0.552588,10.348785,-0.02,-0.8,-0.02,-0.25,-0.6,-4.0,0.484801,-0.158331,-0.013343,0.0,-0.002185,-0.132651,-0.033817,-0.01697,-0.032759,0.763574,-0.095759,-0.156698,-0.013242,-0.034367,1.658906,3.849243,-0.107608,-0.004792,-0.454783,0.083333,0.0,19.833334,0.117915,0.111522,0.152569
8123,156.411911,931.73999,0.782707,0.785509,0.291667,0.0,0.089027,42842.0,0.248268,0.328319,0.150685,0.316797,-0.05622,0.5301,10.30646,-0.02,-0.8,-0.02,-0.25,-0.6,-4.0,0.473897,-0.150207,-0.010606,0.0,-0.003393,-0.109735,-0.032869,-0.015724,-0.029081,0.758074,-0.091444,-0.155338,-0.012184,-0.027199,1.591111,3.771607,-0.103554,-0.003239,-0.299586,0.208333,0.0,4.5,0.083487,0.121166,0.156397
8124,166.861145,991.380005,0.811268,0.823013,0.083333,0.0,0.088856,50661.0,0.251905,0.346908,0.170015,0.346594,-0.059482,0.585924,10.179982,-0.02,-0.8,-0.02,-0.25,-0.6,-4.0,0.497503,-0.146279,-0.01649,0.0,-0.000444,-0.126887,-0.034825,-0.017043,-0.033495,0.777798,-0.098334,-0.174824,-0.012862,-0.031329,1.684768,3.915196,-0.109802,-0.002954,-0.344144,0.0,0.0,4.666667,0.118583,0.098204,0.130098
8125,164.559631,987.640015,0.825276,0.839784,0.083333,0.0,0.089023,49957.0,0.232573,0.348305,0.162448,0.356883,-0.062089,0.590243,10.189088,-0.02,-0.8,-0.02,-0.25,-0.6,-4.0,0.496027,-0.157906,-0.012548,0.0,-0.000738,-0.130131,-0.035086,-0.017966,-0.033171,0.777205,-0.093029,-0.163419,-0.014126,-0.031652,1.688397,3.895422,-0.113129,-0.002535,-0.410667,0.041667,0.0,4.666667,0.094749,0.106485,0.137822
8126,162.87114,976.890015,0.780939,0.80144,0.083333,0.0,0.088765,50096.0,0.259363,0.342826,0.158594,0.332269,-0.058522,0.546735,10.37009,-0.02,-0.8,-0.02,-0.25,-0.6,-4.0,0.485539,-0.146866,-0.021101,0.0,-0.001074,-0.136763,-0.034652,-0.017525,-0.033668,0.747214,-0.103443,-0.16948,-0.013678,-0.034865,1.608568,3.806837,-0.110315,-0.003015,-0.296526,0.083333,0.083333,4.416667,0.159392,0.103623,0.151241
8127,164.555786,986.369995,0.833307,0.817815,0.086957,0.043478,0.088721,51066.0,0.227688,0.350386,0.151543,0.314804,-0.057083,0.548961,10.234649,-0.02,-0.8,-0.02,-0.25,-0.6,-4.0,0.495148,-0.160304,-0.014265,0.0,-0.000913,-0.128571,-0.034452,-0.016215,-0.032315,0.789057,-0.089378,-0.14998,-0.012821,-0.034536,1.703664,3.907755,-0.106089,-0.002823,-0.517769,0.0,0.0,4.391304,0.084788,0.091595,0.129401
8128,168.013062,995.919983,0.83611,0.830163,0.041667,0.0,0.088656,42502.0,0.226041,0.344995,0.14606,0.296796,-0.050364,0.526439,10.306902,-0.02,-0.8,-0.02,-0.25,-0.6,-4.0,0.497876,-0.160856,-0.009943,0.0,-0.000417,-0.11413,-0.033673,-0.014669,-0.03094,0.795774,-0.09385,-0.1562,-0.013273,-0.030485,1.728904,3.953138,-0.098366,-0.002845,-0.417956,0.0,0.0,4.083333,0.126266,0.091502,0.140329
8129,161.193207,965.299988,0.786305,0.793372,0.25,0.041667,0.088724,51276.0,0.246933,0.33583,0.156999,0.316996,-0.056673,0.530569,10.222614,-0.02,-0.8,-0.02,-0.25,-0.6,-4.0,0.481608,-0.153126,-0.010832,0.0,-0.002946,-0.13722,-0.033688,-0.016918,-0.033313,0.76739,-0.092775,-0.155761,-0.013927,-0.035027,1.624934,3.79885,-0.10538,-0.002229,-0.379106,0.125,0.0,4.25,0.148367,0.11664,0.154063
8130,158.52446,935.859985,0.769503,0.781914,0.25,0.0,0.089016,51352.0,0.247116,0.320689,0.158062,0.3206,-0.057115,0.534937,10.300287,-0.02,-0.8,-0.02,-0.25,-0.6,-4.0,0.464045,-0.142327,-0.010822,0.0,-0.003108,-0.121515,-0.033165,-0.016722,-0.030936,0.734392,-0.090095,-0.163558,-0.012182,-0.029466,1.562795,3.65706,-0.104686,-0.005048,-0.267969,0.125,0.083333,4.666667,0.093112,0.130936,0.172408
8131,154.924957,936.169983,0.745171,0.742932,0.208333,0.0,0.089192,50426.0,0.253064,0.315426,0.14574,0.294431,-0.054498,0.470489,10.195356,-0.02,-0.8,-0.02,-0.25,-0.6,-4.0,0.455232,-0.145578,-0.015747,0.0,-0.004278,-0.115855,-0.03236,-0.01642,-0.030441,0.708338,-0.114059,-0.178411,-0.013075,-0.028039,1.504142,3.582438,-0.102791,-0.002544,-0.300685,0.166667,0.083333,3.708333,0.161858,0.117753,0.175442
8132,159.352554,962.940002,0.766892,0.748504,0.166667,0.0,0.08912,42091.0,0.278843,0.324039,0.145833,0.300876,-0.052756,0.513283,10.242868,-0.02,-0.8,-0.02,-0.25,-0.6,-4.0,0.46675,-0.149215,-0.018287,0.0,-0.004127,-0.122959,-0.031992,-0.014876,-0.029198,0.735608,-0.093934,-0.152907,-0.01252,-0.035219,1.507844,3.721799,-0.096934,-0.003731,-0.486895,0.083333,0.0,4.041667,0.108301,0.120188,0.176308
8133,165.604187,986.73999,0.827114,0.809435,0.166667,0.0,0.089159,50041.0,0.261884,0.344079,0.149629,0.301866,-0.053086,0.524489,10.309099,-0.02,-0.8,-0.02,-0.25,-0.6,-4.0,0.487212,-0.152228,-0.016133,0.0,-0.00163,-0.122442,-0.033681,-0.015373,-0.031308,0.772919,-0.096473,-0.158849,-0.013101,-0.03355,1.630148,3.858268,-0.101165,-0.003324,-0.309228,0.041667,0.0,5.208333,0.123238,0.108284,0.138053
8134,157.327927,941.159973,0.794187,0.781548,0.217391,0.0,0.089081,51084.0,0.241855,0.3454,0.15512,0.296269,-0.05292,0.512532,10.165758,-0.02,-0.8,-0.02,-0.25,-0.6,-4.0,0.478066,-0.145327,-0.015093,0.0,-0.001981,-0.121133,-0.033078,-0.015447,-0.030759,0.754149,-0.097326,-0.159523,-0.012676,-0.031425,1.585552,3.767586,-0.099137,-0.004153,-0.294032,0.086957,0.086957,4.782609,0.133869,0.109812,0.151463
8135,166.256943,983.450012,0.833328,0.819963,0.083333,0.0,0.088822,50653.0,0.275134,0.346755,0.161307,0.329294,-0.058774,0.55824,10.203772,-0.02,-0.8,-0.02,-0.25,-0.6,-4.0,0.493598,-0.152849,-0.014007,0.0,-0.000611,-0.132031,-0.034969,-0.016585,-0.033408,0.778447,-0.095217,-0.16097,-0.012844,-0.033579,1.629553,3.883175,-0.108117,-0.003977,-0.317894,0.0,0.0,5.416667,0.147857,0.103417,0.141162
8136,163.54245,973.659973,0.809572,0.799875,0.208333,0.041667,0.088928,42864.0,0.236476,0.336372,0.160341,0.321908,-0.056571,0.565542,10.192642,-0.02,-0.8,-0.02,-0.25,-0.6,-4.0,0.482491,-0.140614,-0.013701,0.0,-0.001915,-0.122462,-0.034161,-0.016299,-0.03142,0.763354,-0.102374,-0.167278,-0.011741,-0.031474,1.652868,3.810686,-0.10503,-0.004796,-0.337952,0.041667,0.0,5.0,0.114002,0.125799,0.170135
8137,166.8629,989.880005,0.831548,0.829165,0.0,0.041667,0.088826,49851.0,0.238248,0.346501,0.158148,0.319863,-0.054938,0.553349,10.369685,-0.02,-0.8,-0.02,-0.25,-0.6,-4.0,0.496077,-0.154245,-0.011832,0.0,-0.000611,-0.121234,-0.034396,-0.015808,-0.031251,0.786135,-0.093812,-0.169103,-0.012412,-0.029437,1.688991,3.935954,-0.104673,-0.002564,-0.324862,0.041667,0.0,4.166667,0.110401,0.091184,0.123065
8138,156.878601,960.25,0.817056,0.798793,0.086957,0.043478,0.088866,51617.0,0.285246,0.36296,0.147248,0.302698,-0.056341,0.49901,10.337471,-0.02,-0.8,-0.02,-0.25,-0.6,-4.0,0.484497,-0.151694,-0.021812,0.0,-0.001014,-0.130482,-0.034154,-0.015985,-0.031255,0.740721,-0.101075,-0.157776,-0.013514,-0.034746,1.564041,3.785837,-0.104548,-0.011977,-0.366998,0.043478,0.130435,4.521739,0.136854,0.095586,0.146791
8139,163.655807,992.830017,0.822846,0.82288,0.041667,0.0,0.088846,50546.0,0.24468,0.351222,0.145607,0.321372,-0.055302,0.561615,10.270144,-0.02,-0.8,-0.02,-0.25,-0.6,-4.0,0.49683,-0.159661,-0.015862,0.0,-0.00075,-0.139874,-0.034549,-0.016273,-0.033755,0.773441,-0.099461,-0.17516,-0.015291,-0.038345,1.680659,3.911725,-0.103628,-0.008821,-0.39167,0.041667,0.0,4.125,0.12848,0.102343,0.132217
8140,156.742111,923.090027,0.785791,0.754513,0.291667,0.083333,0.089022,42645.0,0.212742,0.321359,0.149842,0.309785,-0.054565,0.554366,10.467503,-0.02,-0.8,-0.02,-0.25,-0.6,-4.0,0.466395,-0.151598,-0.009455,0.0,-0.003891,-0.125605,-0.032644,-0.015551,-0.03108,0.752276,-0.097785,-0.156001,-0.01274,-0.032609,1.606951,3.686875,-0.10025,-0.00519,-0.362232,0.083333,0.041667,4.083333,0.078588,0.115206,0.176385
8141,157.350937,926.190002,0.776498,0.764905,0.291667,0.0,0.089273,50704.0,0.245613,0.321234,0.150838,0.29951,-0.054983,0.509962,10.325915,-0.02,-0.8,-0.02,-0.25,-0.6,-4.0,0.463568,-0.14483,-0.010973,0.0,-0.00409,-0.126765,-0.03281,-0.01627,-0.031368,0.737992,-0.094938,-0.152749,-0.011907,-0.032435,1.551598,3.653124,-0.101816,-0.002103,-0.254054,0.25,0.0,4.458333,0.140369,0.136278,0.172554
8142,168.068192,998.049988,0.830899,0.821806,0.125,0.041667,0.08936,54796.0,0.292735,0.341304,0.15315,0.32079,-0.057831,0.554941,10.340845,-0.02,-0.8,-0.02,-0.25,-0.6,-4.0,0.496539,-0.162176,-0.011781,0.0,-0.000985,-0.142176,-0.034609,-0.016857,-0.033899,0.789583,-0.098119,-0.157857,-0.013147,-0.03803,1.632846,3.934982,-0.107666,-0.002907,-0.287089,0.0,0.0,4.583333,0.08339,0.105803,0.160623
8143,153.909622,927.119995,0.80296,0.759016,0.416667,0.0,0.0894,54808.0,0.253765,0.334393,0.159383,0.313676,-0.056403,0.529317,10.43275,-0.02,-0.8,-0.02,-0.25,-0.6,-4.0,0.469491,-0.137901,-0.019516,0.0,-0.004046,-0.12044,-0.033744,-0.015864,-0.030633,0.734031,-0.100524,-0.172468,-0.012287,-0.030098,1.556513,3.674784,-0.104447,-0.002739,-0.369322,0.125,0.0,4.125,0.133153,0.118694,0.199968
8144,160.143509,959.969971,0.81631,0.795452,0.208333,0.0,0.089535,45377.0,0.266558,0.336737,0.15324,0.31925,-0.05796,0.536361,10.425072,-0.02,-0.8,-0.02,-0.25,-0.6,-4.0,0.479776,-0.149959,-0.0171,0.0,-0.003671,-0.129599,-0.034484,-0.017239,-0.032528,0.751547,-0.101112,-0.180488,-0.013507,-0.033542,1.579125,3.778048,-0.108446,-0.007522,-0.323823,0.166667,0.0,4.583333,0.130963,0.127507,0.170993
8145,160.264908,960.549988,0.818315,0.801673,0.208333,0.0,0.089533,54518.0,0.245889,0.341407,0.158675,0.312729,-0.058298,0.541763,10.266769,-0.02,-0.8,-0.02,-0.25,-0.6,-4.0,0.48671,-0.152053,-0.014696,0.0,-0.001497,-0.132645,-0.034452,-0.016302,-0.032468,0.772248,-0.09517,-0.16159,-0.014432,-0.034327,1.637624,3.832117,-0.105841,-0.002137,-0.308662,0.041667,0.0,5.083333,0.117611,0.109104,0.142032
8146,162.193253,961.52002,0.785925,0.790227,0.333333,0.0,0.089537,55118.0,0.237924,0.342772,0.149996,0.30143,-0.055329,0.531558,10.311934,-0.02,-0.8,-0.02,-0.25,-0.6,-4.0,0.480707,-0.157294,-0.017778,0.0,-0.002392,-0.132803,-0.033471,-0.015761,-0.031756,0.752357,-0.097653,-0.155056,-0.013579,-0.035253,1.636862,3.782297,-0.102357,-0.00294,-0.265274,0.041667,0.0,4.416667,0.099178,0.118061,0.158151
8147,156.369675,932.140015,0.801256,0.781946,0.416667,0.0,0.089717,54434.0,0.229126,0.32547,0.15811,0.327343,-0.057037,0.570072,10.353127,-0.02,-0.8,-0.02,-0.25,-0.6,-4.0,0.473574,-0.150971,-0.010968,0.0,-0.003167,-0.128494,-0.03349,-0.015909,-0.031266,0.75534,-0.100619,-0.156477,-0.012755,-0.034117,1.609568,3.743874,-0.103839,-0.002803,-0.380612,0.083333,0.0,4.416667,0.108495,0.120743,0.183115
8148,159.474701,981.75,0.799109,0.809629,0.083333,0.0,0.08959,54579.0,0.262662,0.354528,0.150489,0.307171,-0.056729,0.524096,10.284991,-0.02,-0.8,-0.02,-0.25,-0.6,-4.0,0.485298,-0.149932,-0.014829,0.0,-0.001722,-0.12937,-0.03444,-0.01582,-0.033002,0.757783,-0.100319,-0.172178,-0.013446,-0.03492,1.612878,3.790237,-0.105485,-0.002754,-0.396672,0.083333,0.041667,4.916667,0.132634,0.102227,0.149499
8149,164.884201,982.469971,0.811171,0.799047,0.083333,0.041667,0.089622,45435.0,0.262658,0.336472,0.15695,0.307767,-0.054099,0.540947,10.432848,-0.02,-0.8,-0.02,-0.25,-0.6,-4.0,0.492416,-0.15159,-0.013306,0.0,-0.001181,-0.122575,-0.034048,-0.01529,-0.030647,0.795646,-0.094786,-0.161959,-0.013311,-0.033268,1.650998,3.897468,-0.100097,-0.002927,-0.305894,0.0,0.0,4.083333,0.066984,0.101426,0.138433
8150,162.744522,970.859985,0.823675,0.793028,0.26087,0.0,0.089782,54937.0,0.240843,0.335156,0.143749,0.296197,-0.054744,0.516462,10.345614,-0.02,-0.8,-0.02,-0.25,-0.6,-4.0,0.486,-0.157651,-0.011001,0.0,-0.002594,-0.123447,-0.033725,-0.01575,-0.031311,0.774643,-0.099167,-0.154776,-0.013031,-0.032595,1.64672,3.862503,-0.103082,-0.00224,-0.364648,0.043478,0.0,4.26087,0.126811,0.107637,0.186334
8151,165.415924,989.340027,0.819075,0.817213,0.083333,0.0,0.089817,54801.0,0.268422,0.346955,0.165579,0.337576,-0.06066,0.572039,10.302805,-0.02,-0.8,-0.02,-0.25,-0.6,-4.0,0.494444,-0.15731,-0.010215,0.0,-0.000833,-0.133645,-0.03531,-0.016614,-0.033525,0.791645,-0.097243,-0.170795,-0.013796,-0.034262,1.642649,3.890195,-0.109259,-0.003704,-0.349556,0.041667,0.0,4.5,0.097516,0.099953,0.148943
8152,161.027878,971.48999,0.817224,0.818163,0.166667,0.0,0.089921,54446.0,0.246983,0.345599,0.155982,0.312317,-0.0565,0.539467,10.383864,-0.02,-0.8,-0.02,-0.25,-0.6,-4.0,0.487842,-0.148001,-0.009835,0.0,-0.001769,-0.126376,-0.034908,-0.015971,-0.032647,0.772922,-0.098588,-0.164635,-0.012211,-0.032888,1.661964,3.841959,-0.106561,-0.004271,-0.397501,0.041667,0.083333,4.416667,0.08161,0.09444,0.153976
8153,165.970306,982.559998,0.824511,0.807927,0.041667,0.0,0.089678,44204.0,0.238313,0.342427,0.163652,0.325445,-0.058154,0.56856,10.471529,-0.02,-0.8,-0.02,-0.25,-0.6,-4.0,0.488551,-0.149704,-0.018126,0.0,-0.000889,-0.121442,-0.034745,-0.015793,-0.03093,0.774136,-0.089066,-0.159399,-0.011629,-0.031273,1.670412,3.862186,-0.106236,-0.063867,-0.401375,0.041667,0.041667,4.916667,0.116399,0.108247,0.154797
8154,165.752045,983.47998,0.838545,0.827373,0.125,0.0,0.089763,47777.0,0.269177,0.342345,0.151052,0.311066,-0.056205,0.536185,10.355201,-0.02,-0.8,-0.02,-0.25,-0.6,-4.0,0.492653,-0.153714,-0.014881,0.0,-0.001352,-0.121342,-0.034843,-0.015973,-0.031852,0.774532,-0.102206,-0.178865,-0.012736,-0.031169,1.658378,3.906652,-0.105357,-0.011312,-0.342329,0.041667,0.0,5.125,0.088677,0.098192,0.141937
8155,152.053391,921.559998,0.763419,0.747346,0.5,0.0,0.089824,35595.0,0.243998,0.330991,0.148215,0.303306,-0.052059,0.505778,10.574327,-0.02,-0.8,-0.02,-0.25,-0.6,-4.0,0.460655,-0.138973,-0.015036,0.0,-0.004893,-0.110037,-0.032501,-0.014827,-0.029073,0.713843,-0.10359,-0.164202,-0.012604,-0.028483,1.530429,3.608516,-0.097537,-0.002312,-0.306872,0.125,0.0,4.416667,0.130964,0.125299,0.18219
8156,163.604782,981.619995,0.819092,0.814814,0.125,0.0,0.089761,34258.0,0.281257,0.333378,0.141878,0.293835,-0.050785,0.502489,10.356678,-0.02,-0.8,-0.02,-0.25,-0.6,-4.0,0.492757,-0.151288,-0.013624,0.0,-0.00084,-0.121496,-0.033563,-0.014646,-0.030732,0.772061,-0.087753,-0.149953,-0.01283,-0.03278,1.628759,3.940535,-0.098506,-0.003053,-0.321351,0.0,0.041667,4.541667,0.092797,0.095073,0.140775
8157,154.88475,921.369995,0.789227,0.756196,0.416667,0.0,0.089865,30571.0,0.262961,0.321279,0.144678,0.303077,-0.054422,0.526138,10.328444,-0.02,-0.8,-0.02,-0.25,-0.6,-4.0,0.470455,-0.146929,-0.026096,0.0,-0.003329,-0.131122,-0.033582,-0.015962,-0.031652,0.728973,-0.100156,-0.157148,-0.012851,-0.036806,1.549994,3.719556,-0.10126,-0.068638,-0.268081,0.083333,0.083333,3.958333,0.127652,0.128467,0.157886
8158,160.008011,953.469971,0.78314,0.774157,0.217391,0.086957,0.089754,37073.0,0.243345,0.323405,0.147578,0.321258,-0.057898,0.546493,10.439287,-0.02,-0.8,-0.02,-0.25,-0.6,-4.0,0.47104,-0.156736,-0.010467,0.0,-0.003239,-0.129229,-0.034067,-0.01674,-0.032422,0.738397,-0.101815,-0.165771,-0.014381,-0.031893,1.584557,3.715544,-0.108865,-0.007067,-0.394139,0.130435,0.043478,4.956522,0.075168,0.116091,0.17646
8159,166.48526,998.599976,0.83727,0.830602,0.043478,0.0,0.089779,35335.0,0.228096,0.3574,0.155107,0.321732,-0.057762,0.556182,10.374958,-0.02,-0.8,-0.02,-0.25,-0.6,-4.0,0.499569,-0.160729,-0.011167,0.0,-0.000248,-0.134856,-0.035443,-0.016665,-0.033822,0.785748,-0.090832,-0.155603,-0.012848,-0.035606,1.724775,3.935475,-0.109022,-0.002193,-0.458376,0.043478,0.0,5.478261,0.094447,0.104178,0.138476
8160,159.674698,972.460022,0.805855,0.803916,0.166667,0.0,0.089768,30236.0,0.280423,0.332459,0.151799,0.310137,-0.055765,0.52102,10.442306,-0.02,-0.8,-0.02,-0.25,-0.6,-4.0,0.485675,-0.152736,-0.010808,0.0,-0.002183,-0.121546,-0.034122,-0.015236,-0.030701,0.767368,-0.091901,-0.155014,-0.012648,-0.032398,1.581665,3.839214,-0.104332,-0.003327,-0.448112,0.083333,0.041667,4.75,0.111738,0.101015,0.14865
8161,165.257782,982.330017,0.849851,0.816546,0.125,0.0,0.089632,37880.0,0.296078,0.351459,0.1512,0.316945,-0.058277,0.554565,10.382194,-0.02,-0.8,-0.02,-0.25,-0.6,-4.0,0.492771,-0.162622,-0.009565,0.0,-0.001766,-0.133759,-0.035287,-0.016548,-0.033379,0.790924,-0.096827,-0.160791,-0.013694,-0.036964,1.625644,3.872566,-0.10722,-0.002749,-0.358483,0.041667,0.083333,4.416667,0.109658,0.090247,0.139565
8162,160.853745,969.609985,0.814695,0.803458,0.173913,0.043478,0.089722,38084.0,0.250412,0.349598,0.139693,0.302482,-0.055033,0.501456,10.447912,-0.02,-0.8,-0.02,-0.25,-0.6,-4.0,0.484555,-0.154733,-0.014822,0.0,-0.001673,-0.125029,-0.034534,-0.016594,-0.032461,0.742399,-0.101569,-0.159872,-0.013656,-0.031705,1.611462,3.806416,-0.106436,-0.003104,-0.347495,0.217391,0.043478,5.086957,0.176283,0.133744,0.143394
8163,167.111206,987.659973,0.824214,0.808386,0.347826,0.0,0.089768,42892.0,0.240682,0.344046,0.155654,0.324551,-0.059453,0.555448,10.467941,-0.02,-0.8,-0.02,-0.25,-0.6,-4.0,0.485699,-0.152659,-0.009349,0.0,-0.002249,-0.130251,-0.035236,-0.017081,-0.033047,0.774887,-0.099115,-0.163077,-0.013064,-0.032992,1.654548,3.811011,-0.110002,-0.00272,-0.3439,0.130435,0.086957,20.826088,0.107799,0.103405,0.174255
8164,158.391708,944.059998,0.783798,0.7758,0.333333,0.041667,0.089829,53752.0,0.261587,0.330195,0.151489,0.320849,-0.056091,0.557699,10.332294,-0.02,-0.8,-0.02,-0.25,-0.6,-4.0,0.470713,-0.152478,-0.012803,0.0,-0.004167,-0.129135,-0.033705,-0.016217,-0.030835,0.746283,-0.105334,-0.164699,-0.013407,-0.032602,1.573152,3.7089,-0.10374,-0.003778,-0.442503,0.125,0.083333,4.416667,0.124019,0.12422,0.198895
8165,151.598541,914.789978,0.784821,0.778759,0.458333,0.0,0.089524,51776.0,0.259986,0.327128,0.137391,0.283167,-0.053578,0.480401,10.204543,-0.02,-0.8,-0.02,-0.25,-0.6,-4.0,0.466868,-0.150414,-0.00995,0.0,-0.003871,-0.103429,-0.033083,-0.014487,-0.02822,0.744578,-0.096631,-0.152182,-0.011578,-0.026437,1.556068,3.695673,-0.101059,-0.005393,-0.371876,0.0,0.0,4.416667,0.107702,0.140617,0.197979
8166,159.400726,947.609985,0.816097,0.808817,0.208333,0.0,0.08954,49590.0,0.216832,0.341031,0.144447,0.30329,-0.055693,0.541039,10.372306,-0.02,-0.8,-0.02,-0.25,-0.6,-4.0,0.483645,-0.156269,-0.010152,0.0,-0.001743,-0.141348,-0.034234,-0.016339,-0.034227,0.778792,-0.094814,-0.160457,-0.014373,-0.038462,1.683482,3.812574,-0.102643,-0.002572,-0.355579,0.083333,0.041667,4.833333,0.135567,0.09806,0.164684
8167,160.050354,963.48999,0.797286,0.802462,0.25,0.0,0.089623,42971.0,0.25261,0.338088,0.148539,0.311027,-0.057769,0.543075,10.305813,-0.02,-0.8,-0.02,-0.25,-0.6,-4.0,0.477312,-0.149138,-0.013369,0.0,-0.003097,-0.130193,-0.03457,-0.016328,-0.03245,0.749797,-0.10491,-0.152649,-0.013173,-0.034167,1.60034,3.756661,-0.106959,-0.009847,-0.385064,0.041667,0.0,4.875,0.105066,0.102621,0.161827
8168,161.30864,989.23999,0.809217,0.82334,0.041667,0.0,0.089544,54140.0,0.289648,0.353696,0.174904,0.350868,-0.065062,0.580996,10.226459,-0.02,-0.8,-0.02,-0.25,-0.6,-4.0,0.495754,-0.146434,-0.013526,0.0,-0.000571,-0.141196,-0.037307,-0.019188,-0.035126,0.777887,-0.105625,-0.186131,-0.01438,-0.035301,1.633987,3.859497,-0.119878,-0.002821,-0.530738,0.041667,0.0,4.041667,0.099818,0.107783,0.135143
8169,159.043503,952.659973,0.80258,0.769049,0.208333,0.0,0.089404,53073.0,0.268331,0.341593,0.13596,0.296602,-0.052675,0.523576,10.181856,-0.02,-0.8,-0.02,-0.25,-0.6,-4.0,0.47419,-0.156757,-0.011828,0.0,-0.00321,-0.132804,-0.033325,-0.015528,-0.031283,0.758076,-0.0992,-0.161224,-0.014383,-0.038447,1.558069,3.738471,-0.098408,-0.003202,-0.364031,0.166667,0.0,3.791667,0.114974,0.143431,0.184708
8170,160.343979,957.700012,0.793353,0.790915,0.227273,0.0,0.089483,51568.0,0.23997,0.342493,0.151695,0.315809,-0.061685,0.538249,10.24785,-0.02,-0.8,-0.02,-0.25,-0.6,-4.0,0.480604,-0.150598,-0.012051,0.0,-0.002758,-0.141304,-0.034825,-0.016565,-0.034456,0.754899,-0.096854,-0.166736,-0.013978,-0.038029,1.625872,3.771358,-0.110881,-0.00177,-0.275067,0.090909,0.045455,4.181818,0.114792,0.126966,0.166248
8171,156.441101,960.849976,0.810949,0.793375,0.166667,0.0,0.089627,41612.0,0.255701,0.332376,0.161159,0.340605,-0.060529,0.583376,10.316233,-0.02,-0.8,-0.02,-0.25,-0.6,-4.0,0.482133,-0.148378,-0.011546,0.0,-0.002146,-0.129823,-0.034732,-0.016365,-0.032791,0.763877,-0.093927,-0.158325,-0.013211,-0.033101,1.610103,3.803078,-0.108829,-0.004508,-0.571609,0.166667,0.041667,4.708333,0.133393,0.103403,0.147711
8172,154.816391,950.630005,0.794595,0.791023,0.208333,0.041667,0.08968,54473.0,0.215125,0.342818,0.156482,0.304914,-0.054321,0.534884,10.524784,-0.02,-0.8,-0.02,-0.25,-0.6,-4.0,0.478555,-0.14502,-0.00844,0.0,-0.003016,-0.113026,-0.034271,-0.014751,-0.029681,0.762381,-0.100839,-0.173712,-0.012667,-0.02971,1.669632,3.749415,-0.101482,-0.00408,-0.632537,0.125,0.0,4.125,0.114482,0.109091,0.151119
8173,153.948944,926.609985,0.78049,0.772743,0.458333,0.0,0.089667,54707.0,0.237383,0.32719,0.151957,0.310239,-0.057208,0.514127,10.551983,-0.02,-0.8,-0.02,-0.25,-0.6,-4.0,0.467177,-0.141201,-0.018775,0.0,-0.003802,-0.133465,-0.03411,-0.016709,-0.032925,0.728518,-0.104517,-0.172627,-0.013835,-0.033485,1.573759,3.669069,-0.107165,-0.005027,-0.300728,0.083333,0.083333,4.25,0.149341,0.123888,0.173966
8174,151.021347,916.72998,0.76401,0.73689,0.375,0.0,0.089793,49507.0,0.212917,0.321271,0.132054,0.294889,-0.056436,0.51832,10.422975,-0.02,-0.8,-0.02,-0.25,-0.6,-4.0,0.451935,-0.153527,-0.012218,0.0,-0.005405,-0.127622,-0.032459,-0.016125,-0.030798,0.719117,-0.098401,-0.149374,-0.01393,-0.03292,1.548671,3.570861,-0.102653,-0.005498,-0.423475,0.208333,0.0,3.666667,0.09382,0.144468,0.18689
8175,159.384064,950.200012,0.80641,0.787685,0.391304,0.0,0.0899,40563.0,0.24219,0.345889,0.151375,0.303552,-0.055045,0.538152,10.238022,-0.02,-0.8,-0.02,-0.25,-0.6,-4.0,0.480479,-0.144138,-0.010894,0.0,-0.002362,-0.124714,-0.034143,-0.014711,-0.030988,0.761448,-0.099511,-0.157539,-0.012515,-0.034376,1.627269,3.779888,-0.101628,-0.003436,-0.345984,0.043478,0.0,5.869565,0.099582,0.104218,0.170974
8176,157.581207,940.710022,0.809988,0.789016,0.291667,0.0,0.090024,53007.0,0.222864,0.345306,0.153846,0.339174,-0.063927,0.576417,10.439261,-0.02,-0.8,-0.02,-0.25,-0.6,-4.0,0.476565,-0.154157,-0.014493,0.0,-0.003308,-0.157957,-0.035388,-0.018445,-0.035869,0.744863,-0.108401,-0.170551,-0.015852,-0.040362,1.611032,3.712358,-0.114028,-0.003315,-0.333345,0.25,0.083333,4.541667,0.136725,0.144375,0.1739
8177,158.942017,969.650024,0.82296,0.81048,0.166667,0.041667,0.090295,54751.0,0.269511,0.343903,0.150703,0.309862,-0.056761,0.522229,10.423728,-0.02,-0.8,-0.02,-0.25,-0.6,-4.0,0.486806,-0.154921,-0.012838,0.0,-0.001972,-0.136822,-0.034399,-0.015997,-0.03337,0.765598,-0.096852,-0.156645,-0.013433,-0.038206,1.605106,3.843728,-0.104363,-0.002541,-0.48836,0.041667,0.0,4.75,0.125701,0.109832,0.142441
8178,165.209076,983.539978,0.796029,0.778964,0.166667,0.041667,0.090094,49699.0,0.216679,0.331935,0.151075,0.307957,-0.05813,0.541675,10.232227,-0.02,-0.8,-0.02,-0.25,-0.6,-4.0,0.47919,-0.149459,-0.010277,0.0,-0.001655,-0.128514,-0.034619,-0.016991,-0.032619,0.755826,-0.100371,-0.169817,-0.014139,-0.031924,1.660659,3.768221,-0.106854,-0.003657,-0.357949,0.041667,0.041667,4.916667,0.11557,0.100666,0.140628
8179,166.628235,987.840027,0.836673,0.822141,0.125,0.0,0.090091,48856.0,0.245383,0.343633,0.146265,0.309192,-0.056572,0.534301,10.253812,-0.02,-0.8,-0.02,-0.25,-0.6,-4.0,0.492871,-0.160019,-0.011869,0.0,-0.001167,-0.124325,-0.034916,-0.016303,-0.03236,0.777364,-0.095426,-0.159009,-0.013593,-0.033392,1.664577,3.904237,-0.106541,-0.003192,-0.392808,0.041667,0.0,4.458333,0.123661,0.106128,0.148386
8180,160.265976,953.01001,0.805574,0.783391,0.347826,0.0,0.090274,42896.0,0.230131,0.340346,0.146619,0.318021,-0.060887,0.517,10.264674,-0.02,-0.8,-0.02,-0.25,-0.6,-4.0,0.481517,-0.147671,-0.012543,0.0,-0.003342,-0.131684,-0.035845,-0.01785,-0.035072,0.762657,-0.098956,-0.166019,-0.012437,-0.033764,1.6474,3.78644,-0.114904,-0.002447,-0.302957,0.086957,0.043478,3.608696,0.104782,0.139538,0.168591
8181,148.84613,890.77002,0.733206,0.715731,0.416667,0.041667,0.090236,54438.0,0.217131,0.310003,0.123857,0.281589,-0.051582,0.482356,10.276367,-0.02,-0.8,-0.02,-0.25,-0.6,-4.0,0.43931,-0.148079,-0.011191,0.0,-0.005056,-0.119271,-0.031387,-0.015227,-0.030945,0.689744,-0.096397,-0.147779,-0.012896,-0.030728,1.494316,3.459586,-0.096105,-0.002922,-0.259298,0.166667,0.083333,3.791667,0.119875,0.12143,0.19839
8182,161.450089,966.390015,0.806264,0.78704,0.166667,0.0,0.090181,53613.0,0.238984,0.343302,0.149887,0.302505,-0.054686,0.517602,10.307219,-0.02,-0.8,-0.02,-0.25,-0.6,-4.0,0.482037,-0.1465,-0.013686,0.0,-0.001841,-0.126514,-0.034812,-0.015798,-0.032096,0.764431,-0.102645,-0.16672,-0.013316,-0.033399,1.628732,3.787032,-0.10336,-0.003284,-0.383124,0.083333,0.0,5.25,0.126928,0.10716,0.142679
8183,162.213547,973.5,0.809389,0.805932,0.125,0.041667,0.090055,49210.0,0.250923,0.333975,0.157694,0.319534,-0.057826,0.539917,10.284263,-0.02,-0.8,-0.02,-0.25,-0.6,-4.0,0.486501,-0.143768,-0.01752,0.0,-0.001204,-0.123534,-0.035585,-0.016983,-0.032699,0.763884,-0.093837,-0.163098,-0.012033,-0.0301,1.640907,3.850198,-0.110265,-0.002373,-0.463735,0.0,0.041667,4.25,0.118693,0.089124,0.161379
8184,166.120209,977.340027,0.814643,0.807975,0.041667,0.0,0.089887,41439.0,0.240957,0.338488,0.158521,0.324464,-0.059022,0.57196,10.181979,-0.02,-0.8,-0.02,-0.25,-0.6,-4.0,0.488557,-0.154097,-0.014026,0.0,-0.001127,-0.133165,-0.034939,-0.016355,-0.032117,0.77979,-0.090523,-0.153293,-0.013334,-0.035133,1.653291,3.878263,-0.107227,-0.004506,-0.344942,0.083333,0.0,4.708333,0.081815,0.095761,0.130705
8185,159.082581,956.119995,0.775958,0.768921,0.166667,0.0,0.08969,52977.0,0.220516,0.338313,0.149619,0.309904,-0.057125,0.520326,10.140764,-0.02,-0.8,-0.02,-0.25,-0.6,-4.0,0.471197,-0.14362,-0.018313,0.0,-0.003667,-0.122359,-0.034001,-0.016132,-0.031084,0.734694,-0.100089,-0.16189,-0.012442,-0.031895,1.609892,3.697788,-0.104789,-0.002705,-0.395234,0.041667,0.041667,3.75,0.121375,0.117028,0.197426
8186,155.478104,950.929993,0.793939,0.787788,0.166667,0.0,0.089576,53070.0,0.259646,0.347139,0.150895,0.30578,-0.056455,0.532987,10.234718,-0.02,-0.8,-0.02,-0.25,-0.6,-4.0,0.481231,-0.153543,-0.013949,0.0,-0.002039,-0.136828,-0.034627,-0.016073,-0.033043,0.767372,-0.096298,-0.156598,-0.01321,-0.036645,1.596588,3.758055,-0.104217,-0.003941,-0.475297,0.125,0.041667,4.875,0.086362,0.118086,0.158609
8187,163.991455,975.320007,0.821615,0.798287,0.208333,0.0,0.089654,50160.0,0.236531,0.357556,0.156491,0.323974,-0.059011,0.558798,10.291968,-0.02,-0.8,-0.02,-0.25,-0.6,-4.0,0.490642,-0.157237,-0.013868,0.0,-0.001602,-0.13169,-0.034955,-0.016329,-0.031342,0.778232,-0.101256,-0.168048,-0.014348,-0.035759,1.66292,3.839945,-0.105485,-0.003092,-0.267921,0.0,0.0,4.583333,0.104577,0.107152,0.16174
8188,162.117508,976.01001,0.833066,0.799921,0.208333,0.0,0.089567,41661.0,0.240643,0.340743,0.14755,0.296025,-0.054449,0.537696,10.201502,-0.02,-0.8,-0.02,-0.25,-0.6,-4.0,0.492165,-0.158793,-0.020498,0.0,-0.002014,-0.120032,-0.034814,-0.015553,-0.032019,0.763993,-0.109248,-0.169306,-0.013566,-0.0318,1.675567,3.902603,-0.10238,-0.038602,-0.353364,0.166667,0.0,5.0,0.083462,0.107409,0.144341
8189,162.027603,973.549988,0.803858,0.800334,0.166667,0.0,0.089618,51054.0,0.272233,0.349286,0.151403,0.336514,-0.061905,0.557414,10.165977,-0.02,-0.8,-0.02,-0.25,-0.6,-4.0,0.490562,-0.160138,-0.013231,0.0,-0.001143,-0.142981,-0.035972,-0.017818,-0.035482,0.775418,-0.102269,-0.169374,-0.015414,-0.039137,1.609289,3.843883,-0.115024,-0.002639,-0.30025,0.041667,0.0,4.583333,0.126804,0.11309,0.152991
8190,165.819839,979.909973,0.802181,0.78534,0.25,0.0,0.089481,53746.0,0.23332,0.344732,0.152897,0.319622,-0.057819,0.549778,10.28602,-0.02,-0.8,-0.02,-0.25,-0.6,-4.0,0.479236,-0.14876,-0.011135,0.0,-0.001837,-0.123835,-0.034548,-0.01595,-0.031116,0.747301,-0.0966,-0.16573,-0.013553,-0.032382,1.623325,3.755259,-0.105684,-0.002383,-0.327272,0.166667,0.083333,4.666667,0.114013,0.129043,0.13403
8191,160.897644,957.359985,0.799426,0.796914,0.083333,0.083333,0.089546,52625.0,0.218044,0.340266,0.143135,0.306145,-0.05549,0.530043,10.199308,-0.02,-0.8,-0.02,-0.25,-0.6,-4.0,0.484229,-0.158238,-0.013691,0.0,-0.002426,-0.126184,-0.03501,-0.016849,-0.032378,0.746003,-0.100738,-0.158427,-0.013602,-0.032548,1.665794,3.807205,-0.105727,-0.003857,-0.298905,0.208333,0.041667,4.25,0.113365,0.123577,0.159181
8192,155.474121,919.669983,0.787946,0.772097,0.434783,0.043478,0.08947,41428.0,0.215123,0.321854,0.134239,0.271311,-0.050334,0.484499,10.14509,-0.02,-0.8,-0.02,-0.25,-0.6,-4.0,0.468585,-0.151466,-0.008294,0.0,-0.003418,-0.110819,-0.032499,-0.014436,-0.0289,0.750392,-0.088442,-0.145601,-0.012009,-0.028717,1.636666,3.741241,-0.096452,-0.002219,-0.238704,0.043478,0.043478,4.73913,0.080509,0.114025,0.196886
8193,162.639496,974.059998,0.82423,0.819077,0.208333,0.0,0.089315,50349.0,0.22215,0.353495,0.158597,0.333467,-0.06043,0.585606,10.172708,-0.02,-0.8,-0.02,-0.25,-0.6,-4.0,0.491181,-0.15371,-0.011928,0.0,-0.001956,-0.142196,-0.036396,-0.018064,-0.035323,0.788922,-0.106167,-0.174799,-0.013899,-0.037317,1.707068,3.813644,-0.111744,-0.002319,-0.410005,0.083333,0.0,4.0,0.144419,0.09599,0.143688
8194,161.646149,978.440002,0.810537,0.822556,0.083333,0.0,0.08924,53282.0,0.252248,0.352941,0.166088,0.346961,-0.063408,0.579506,10.271575,-0.02,-0.8,-0.02,-0.25,-0.6,-4.0,0.490135,-0.152252,-0.011642,0.0,-0.001167,-0.137821,-0.036077,-0.017701,-0.034214,0.77598,-0.099514,-0.169641,-0.014873,-0.03614,1.639175,3.831303,-0.113664,-0.004452,-0.481345,0.041667,0.041667,4.208333,0.117564,0.104822,0.155896
8195,165.943848,970.140015,0.829571,0.810109,0.208333,0.0,0.089271,53777.0,0.224566,0.343758,0.163005,0.335565,-0.061845,0.583626,10.27262,-0.02,-0.8,-0.02,-0.25,-0.6,-4.0,0.485428,-0.150821,-0.009152,0.0,-0.001644,-0.128931,-0.035271,-0.016715,-0.032275,0.774012,-0.097739,-0.163929,-0.013372,-0.032778,1.675976,3.821824,-0.11073,-0.002125,-0.391643,0.083333,0.041667,4.916667,0.088308,0.10074,0.13736
8196,159.830246,951.700012,0.804226,0.801089,0.25,0.0,0.089279,50601.0,0.247294,0.330429,0.150539,0.330167,-0.060939,0.557873,10.279018,-0.02,-0.8,-0.02,-0.25,-0.6,-4.0,0.479652,-0.162505,-0.01283,0.0,-0.00183,-0.130543,-0.034751,-0.017306,-0.032286,0.7547,-0.089943,-0.145342,-0.013699,-0.032033,1.612255,3.8014,-0.111639,-0.002377,-0.340542,0.041667,0.041667,4.708333,0.102014,0.106163,0.160443
8197,155.295547,938.210022,0.76076,0.793049,0.333333,0.0,0.089258,37699.0,0.234464,0.338678,0.154108,0.314283,-0.055752,0.527943,10.37381,-0.02,-0.8,-0.02,-0.25,-0.6,-4.0,0.474937,-0.145553,-0.014602,0.0,-0.003556,-0.12132,-0.034147,-0.015947,-0.031356,0.736782,-0.1031,-0.169541,-0.013515,-0.031492,1.596153,3.719276,-0.104208,-0.002967,-0.378982,0.125,0.0,4.583333,0.108505,0.135782,0.189643
8198,161.975098,962.289978,0.793518,0.785116,0.173913,0.0,0.088933,54421.0,0.235664,0.344311,0.157589,0.315417,-0.059476,0.553216,10.284985,-0.02,-0.8,-0.02,-0.25,-0.6,-4.0,0.480816,-0.150305,-0.011189,0.0,-0.002287,-0.134674,-0.034964,-0.016827,-0.033167,0.769138,-0.101783,-0.176802,-0.014169,-0.037005,1.633619,3.779532,-0.107104,-0.001428,-0.295758,0.086957,0.0,4.521739,0.078559,0.101045,0.170863
8199,164.233292,998.099976,0.831398,0.82304,0.166667,0.0,0.088954,50246.0,0.24622,0.353729,0.153498,0.314288,-0.058882,0.532252,10.343199,-0.02,-0.8,-0.02,-0.25,-0.6,-4.0,0.498165,-0.156041,-0.017123,0.0,-0.001266,-0.126806,-0.035749,-0.016225,-0.032963,0.773779,-0.103689,-0.16466,-0.013747,-0.035357,1.675729,3.914073,-0.107922,-0.005843,-0.412738,0.0,0.0,4.708333,0.12175,0.097208,0.136591
8200,165.584335,986.599976,0.834613,0.818813,0.125,0.041667,0.088851,51242.0,0.24032,0.346114,0.148504,0.309934,-0.057307,0.531854,10.341804,-0.02,-0.8,-0.02,-0.25,-0.6,-4.0,0.49014,-0.154221,-0.011732,0.0,-0.00163,-0.136608,-0.035654,-0.017115,-0.03421,0.779705,-0.101407,-0.16435,-0.013443,-0.035115,1.664758,3.859206,-0.109706,-0.002457,-0.293286,0.0,0.041667,4.625,0.142767,0.110697,0.152491
8201,166.629242,980.409973,0.820152,0.805552,0.217391,0.0,0.089011,42203.0,0.238512,0.341277,0.148991,0.313619,-0.057977,0.541324,10.34572,-0.02,-0.8,-0.02,-0.25,-0.6,-4.0,0.487318,-0.153809,-0.011836,0.0,-0.002311,-0.133519,-0.034797,-0.016401,-0.032868,0.765578,-0.093383,-0.162199,-0.013083,-0.036179,1.654429,3.846715,-0.106724,-0.002316,-0.28683,0.130435,0.0,5.26087,0.08716,0.105374,0.143807
8202,165.83638,982.820007,0.817354,0.80643,0.125,0.0,0.089122,51253.0,0.255074,0.341163,0.150048,0.308149,-0.05731,0.512055,10.274022,-0.02,-0.8,-0.02,-0.25,-0.6,-4.0,0.490836,-0.150829,-0.014008,0.0,-0.001226,-0.11926,-0.035161,-0.016737,-0.032486,0.766609,-0.095468,-0.159205,-0.012731,-0.0313,1.645102,3.871305,-0.107098,-0.002383,-0.317904,0.083333,0.041667,4.708333,0.121408,0.100411,0.157638
8203,166.805542,984.52002,0.812472,0.82179,0.086957,0.0,0.089068,51876.0,0.260332,0.348696,0.160542,0.33361,-0.060726,0.555168,10.351933,-0.02,-0.8,-0.02,-0.25,-0.6,-4.0,0.493246,-0.151542,-0.013198,0.0,-0.001348,-0.137373,-0.035722,-0.017338,-0.034317,0.771278,-0.100002,-0.179469,-0.014133,-0.037287,1.647038,3.863195,-0.110699,-0.002439,-0.266667,0.086957,0.043478,4.478261,0.119187,0.101976,0.122037
8204,162.931839,965.51001,0.80006,0.789225,0.291667,0.0,0.089165,50045.0,0.259066,0.348121,0.149181,0.304567,-0.053876,0.528127,10.359373,-0.02,-0.8,-0.02,-0.25,-0.6,-4.0,0.487645,-0.146408,-0.015534,0.0,-0.002247,-0.124484,-0.034081,-0.01483,-0.031018,0.772293,-0.101393,-0.163713,-0.013025,-0.034741,1.62127,3.842868,-0.100752,-0.002516,-0.331448,0.166667,0.0,5.0,0.120535,0.13107,0.164473
8205,159.751144,964.51001,0.797715,0.788498,0.434783,0.043478,0.089121,42526.0,0.253345,0.334418,0.154939,0.323691,-0.060533,0.540526,10.409673,-0.02,-0.8,-0.02,-0.25,-0.6,-4.0,0.478922,-0.146276,-0.013445,0.0,-0.002795,-0.133901,-0.034895,-0.016666,-0.033902,0.755489,-0.101962,-0.167606,-0.013527,-0.035121,1.584734,3.768434,-0.109451,-0.002292,-0.315642,0.086957,0.0,21.0,0.135026,0.1151,0.178861
8206,159.989136,978.070007,0.80542,0.809255,0.083333,0.041667,0.089208,51438.0,0.293586,0.358567,0.166551,0.336624,-0.0608,0.543657,10.290484,-0.02,-0.8,-0.02,-0.25,-0.6,-4.0,0.4866,-0.148279,-0.014804,0.0,-0.002222,-0.124654,-0.035616,-0.016931,-0.031666,0.757216,-0.107933,-0.182746,-0.012934,-0.03029,1.577724,3.791361,-0.111308,-0.004135,-0.417468,0.083333,0.0,3.916667,0.103121,0.100029,0.15442
8207,147.980148,897.109985,0.746012,0.759326,0.416667,0.041667,0.089301,50747.0,0.247713,0.316208,0.143456,0.300131,-0.055382,0.488499,10.193149,-0.02,-0.8,-0.02,-0.25,-0.6,-4.0,0.456147,-0.140205,-0.016773,0.0,-0.004342,-0.12736,-0.033399,-0.01603,-0.032244,0.706976,-0.096502,-0.160036,-0.012658,-0.033085,1.519044,3.594685,-0.105257,-0.002262,-0.308165,0.125,0.083333,4.75,0.122998,0.134388,0.189692
8208,163.72583,977.580017,0.814281,0.805993,0.125,0.0,0.089192,50832.0,0.247186,0.336983,0.154616,0.326159,-0.059963,0.567076,10.239383,-0.02,-0.8,-0.02,-0.25,-0.6,-4.0,0.4919,-0.154226,-0.015123,0.0,-0.00084,-0.125688,-0.034912,-0.016047,-0.032814,0.775131,-0.090134,-0.156539,-0.013495,-0.034782,1.66757,3.899036,-0.106551,-0.027016,-0.408489,0.0,0.0,4.541667,0.112371,0.103314,0.131485
8209,163.136795,959.330017,0.787588,0.780418,0.166667,0.0,0.089069,41703.0,0.201439,0.319816,0.159497,0.321923,-0.059067,0.55998,10.231556,-0.02,-0.8,-0.02,-0.25,-0.6,-4.0,0.471363,-0.140957,-0.0081,0.0,-0.003016,-0.136888,-0.033915,-0.016405,-0.032651,0.754531,-0.089256,-0.160307,-0.012141,-0.035931,1.646982,3.731955,-0.106317,-0.002392,-0.369743,0.25,0.0,4.583333,0.085006,0.143045,0.16428
8210,164.123779,961.169983,0.80456,0.787588,0.291667,0.0,0.088969,48948.0,0.212209,0.338824,0.162175,0.33371,-0.058979,0.584496,10.216067,-0.02,-0.8,-0.02,-0.25,-0.6,-4.0,0.479711,-0.151188,-0.010216,0.0,-0.002849,-0.135411,-0.034358,-0.016363,-0.032188,0.755945,-0.093297,-0.150407,-0.013005,-0.035201,1.664919,3.782008,-0.105902,-0.001954,-0.348109,0.0,0.0,3.666667,0.125004,0.116613,0.187007
8211,162.692978,976.280029,0.816732,0.813254,0.125,0.0,0.088969,50866.0,0.292294,0.337885,0.154562,0.313655,-0.05919,0.515713,10.219809,-0.02,-0.8,-0.02,-0.25,-0.6,-4.0,0.488967,-0.1482,-0.012652,0.0,-0.002476,-0.139685,-0.03512,-0.01734,-0.034762,0.776733,-0.09668,-0.161525,-0.013798,-0.038447,1.578479,3.858105,-0.107546,-0.003535,-0.302349,0.041667,0.0,4.083333,0.117605,0.112417,0.144459
8212,160.337112,965.210022,0.80463,0.779469,0.166667,0.083333,0.088779,50029.0,0.249922,0.341602,0.152472,0.333474,-0.061783,0.559666,10.260062,-0.02,-0.8,-0.02,-0.25,-0.6,-4.0,0.482651,-0.153512,-0.01496,0.0,-0.003213,-0.133895,-0.034797,-0.016793,-0.033201,0.75639,-0.096094,-0.163349,-0.013917,-0.035362,1.611647,3.805765,-0.109864,-0.002528,-0.399203,0.0,0.0,4.583333,0.086943,0.133742,0.189252
8213,160.448715,964.570007,0.773858,0.780105,0.166667,0.0,0.0889,42444.0,0.253858,0.338441,0.150698,0.306888,-0.054585,0.528146,10.468443,-0.02,-0.8,-0.02,-0.25,-0.6,-4.0,0.476369,-0.145874,-0.012493,0.0,-0.002847,-0.120319,-0.034103,-0.015925,-0.03123,0.756645,-0.095897,-0.156715,-0.012642,-0.031909,1.596262,3.745888,-0.102986,-0.00201,-0.362597,0.083333,0.041667,4.208333,0.087633,0.110852,0.167048
8214,162.491852,980.070007,0.827793,0.817007,0.166667,0.0,0.088838,51177.0,0.245304,0.34203,0.157189,0.305542,-0.053485,0.538606,10.286367,-0.02,-0.8,-0.02,-0.25,-0.6,-4.0,0.486268,-0.143713,-0.016367,0.0,-0.002919,-0.113392,-0.033965,-0.014481,-0.029621,0.770055,-0.096043,-0.166991,-0.012143,-0.030938,1.659197,3.848577,-0.098909,-0.002706,-0.455464,0.125,0.0,4.125,0.133784,0.105535,0.155569
8215,159.894363,944.359985,0.782621,0.766247,0.375,0.0,0.088952,50858.0,0.205358,0.324862,0.154214,0.313283,-0.055994,0.559093,10.341462,-0.02,-0.8,-0.02,-0.25,-0.6,-4.0,0.469076,-0.146612,-0.00865,0.0,-0.0048,-0.126387,-0.0333,-0.015766,-0.031558,0.752756,-0.105689,-0.166289,-0.013282,-0.033117,1.638107,3.705221,-0.102046,-0.003003,-0.41984,0.333333,0.041667,4.458333,0.125463,0.126553,0.200354
8216,149.320938,920.429993,0.766096,0.774507,0.25,0.0,0.08893,49443.0,0.242866,0.326795,0.151738,0.309217,-0.056665,0.519689,10.423537,-0.02,-0.8,-0.02,-0.25,-0.6,-4.0,0.466727,-0.138634,-0.014614,0.0,-0.002613,-0.117422,-0.033619,-0.015159,-0.030971,0.736182,-0.098428,-0.166767,-0.01164,-0.030185,1.540198,3.673446,-0.104429,-0.002218,-0.5435,0.083333,0.083333,4.083333,0.132092,0.114961,0.159256
8217,165.250031,990.130005,0.819266,0.821136,0.086957,0.0,0.088739,50956.0,0.266296,0.343783,0.154399,0.330996,-0.060755,0.543466,10.509861,-0.02,-0.8,-0.02,-0.25,-0.6,-4.0,0.496405,-0.152766,-0.021057,0.0,-0.000507,-0.129844,-0.035405,-0.016352,-0.032696,0.771332,-0.091755,-0.157648,-0.013517,-0.03467,1.625492,3.938721,-0.111367,-0.002367,-0.287468,0.0,0.0,5.652174,0.113879,0.098655,0.141702
8218,164.697189,974.409973,0.796456,0.805901,0.125,0.0,0.088514,40839.0,0.236376,0.32958,0.157158,0.315756,-0.055739,0.54649,10.284821,-0.02,-0.8,-0.02,-0.25,-0.6,-4.0,0.489247,-0.148941,-0.013715,0.0,-0.001181,-0.132937,-0.034176,-0.015842,-0.032596,0.765891,-0.090029,-0.151348,-0.013044,-0.03873,1.661668,3.886153,-0.102542,-0.002467,-0.380399,0.083333,0.0,4.916667,0.077272,0.081922,0.142405
8219,158.046387,946.150024,0.805587,0.804989,0.208333,0.041667,0.088642,50681.0,0.221874,0.339879,0.158561,0.33061,-0.058879,0.565362,10.415323,-0.02,-0.8,-0.02,-0.25,-0.6,-4.0,0.480206,-0.146731,-0.013296,0.0,-0.002516,-0.136979,-0.034791,-0.016562,-0.033629,0.758616,-0.095129,-0.16448,-0.013779,-0.0363,1.651177,3.762779,-0.107903,-0.001982,-0.41929,0.125,0.083333,4.958333,0.14034,0.106009,0.157095
8220,156.403641,952.710022,0.807589,0.792811,0.208333,0.041667,0.08859,52029.0,0.252769,0.332228,0.14485,0.305994,-0.056836,0.517633,10.392073,-0.02,-0.8,-0.02,-0.25,-0.6,-4.0,0.479857,-0.15243,-0.012491,0.0,-0.002419,-0.122159,-0.033992,-0.016011,-0.032619,0.761763,-0.093118,-0.162548,-0.013239,-0.032522,1.602139,3.777215,-0.103095,-0.00309,-0.346229,0.125,0.083333,4.416667,0.122997,0.097127,0.161496
8221,165.21373,969.570007,0.839377,0.799543,0.26087,0.043478,0.08853,52340.0,0.221189,0.338648,0.147714,0.302445,-0.055288,0.544663,10.338556,-0.02,-0.8,-0.02,-0.25,-0.6,-4.0,0.486115,-0.160481,-0.012107,0.0,-0.002754,-0.119459,-0.033846,-0.01496,-0.029836,0.779464,-0.094764,-0.149521,-0.012842,-0.033322,1.68521,3.865896,-0.100636,-0.002818,-0.34276,0.043478,0.0,4.130435,0.108564,0.098708,0.161478
8222,162.444992,976.090027,0.805346,0.801384,0.208333,0.0,0.08854,40769.0,0.231509,0.344032,0.152962,0.313916,-0.058306,0.537402,10.450985,-0.02,-0.8,-0.02,-0.25,-0.6,-4.0,0.486976,-0.153853,-0.013912,0.0,-0.002,-0.117081,-0.03534,-0.016962,-0.031504,0.772375,-0.097852,-0.168359,-0.013064,-0.030719,1.679531,3.819836,-0.109088,-0.003008,-0.445107,0.041667,0.0,3.916667,0.098985,0.111232,0.164944
8223,160.59169,967.039978,0.812315,0.795294,0.166667,0.0,0.088378,44845.0,0.240349,0.353875,0.152397,0.301264,-0.055122,0.523574,10.463781,-0.02,-0.8,-0.02,-0.25,-0.6,-4.0,0.483395,-0.146818,-0.013471,0.0,-0.002409,-0.124145,-0.03464,-0.015265,-0.03197,0.761833,-0.108229,-0.171287,-0.013466,-0.035287,1.645688,3.770126,-0.101715,-0.004775,-0.390882,0.166667,0.041667,4.708333,0.115932,0.111115,0.149513
8224,165.089325,993.630005,0.83718,0.807104,0.041667,0.0,0.088574,39241.0,0.24773,0.356053,0.160986,0.321269,-0.059021,0.540259,10.458087,-0.02,-0.8,-0.02,-0.25,-0.6,-4.0,0.496641,-0.154953,-0.009666,0.0,-0.000821,-0.137521,-0.035387,-0.016533,-0.034318,0.793206,-0.09638,-0.162527,-0.014568,-0.037351,1.670114,3.885939,-0.107372,-0.002689,-0.347995,0.083333,0.0,4.791667,0.13346,0.108713,0.138568
8225,162.250763,982.23999,0.822461,0.809501,0.083333,0.0,0.088693,33164.0,0.270988,0.337211,0.148976,0.308989,-0.054862,0.515559,10.3895,-0.02,-0.8,-0.02,-0.25,-0.6,-4.0,0.492594,-0.151407,-0.016895,0.0,-0.001,-0.129964,-0.034755,-0.016529,-0.033255,0.769233,-0.091936,-0.157105,-0.013795,-0.036457,1.638039,3.903654,-0.103109,-0.008003,-0.393652,0.041667,0.0,4.083333,0.073558,0.103044,0.142782
8226,160.349655,948.210022,0.803983,0.797036,0.25,0.0,0.08882,38831.0,0.239534,0.331231,0.154662,0.332782,-0.058845,0.570443,10.405757,-0.02,-0.8,-0.02,-0.25,-0.6,-4.0,0.479477,-0.159185,-0.011771,0.0,-0.002397,-0.135441,-0.033788,-0.01636,-0.031953,0.760016,-0.089683,-0.142136,-0.013791,-0.03586,1.608804,3.797621,-0.105869,-0.001702,-0.320909,0.125,0.041667,4.833333,0.084203,0.118604,0.149959
8227,159.788147,974.840027,0.81779,0.802357,0.166667,0.0,0.0889,40760.0,0.23491,0.346693,0.141324,0.323331,-0.060658,0.533971,10.457709,-0.02,-0.8,-0.02,-0.25,-0.6,-4.0,0.486385,-0.157577,-0.016126,0.0,-0.001905,-0.138391,-0.03498,-0.01708,-0.034357,0.74769,-0.092832,-0.158427,-0.015134,-0.036619,1.638664,3.829049,-0.111143,-0.002128,-0.386907,0.0,0.041667,3.5,0.186972,0.125094,0.145798
8228,165.227081,981.01001,0.780527,0.794838,0.291667,0.0,0.088793,37148.0,0.233732,0.333088,0.164141,0.333489,-0.058992,0.57723,10.338443,-0.02,-0.8,-0.02,-0.25,-0.6,-4.0,0.476884,-0.13962,-0.013496,0.0,-0.003465,-0.123175,-0.034588,-0.016868,-0.032067,0.748679,-0.101893,-0.168167,-0.014108,-0.03155,1.626573,3.752156,-0.108148,-0.003203,-0.372365,0.0,0.0,4.958333,0.082834,0.130339,0.175485
8229,161.492447,981.299988,0.7961,0.802532,0.125,0.0,0.088884,31951.0,0.271388,0.362057,0.157068,0.323064,-0.061641,0.539526,10.36661,-0.02,-0.8,-0.02,-0.25,-0.6,-4.0,0.493233,-0.153424,-0.017925,0.0,-0.000834,-0.135087,-0.035289,-0.017166,-0.033282,0.768147,-0.097388,-0.160312,-0.014785,-0.03627,1.615183,3.85912,-0.110714,-0.003503,-0.323897,0.041667,0.0,4.708333,0.077164,0.101021,0.164217
8230,162.758713,971.380005,0.822121,0.800269,0.166667,0.041667,0.088861,39057.0,0.247562,0.334029,0.150021,0.3181,-0.057084,0.548603,10.512266,-0.02,-0.8,-0.02,-0.25,-0.6,-4.0,0.481485,-0.153637,-0.012828,0.0,-0.003284,-0.126732,-0.033941,-0.016021,-0.031693,0.76054,-0.094747,-0.156172,-0.013068,-0.033219,1.623669,3.820188,-0.103691,-0.002593,-0.465906,0.166667,0.0,4.625,0.138774,0.122772,0.171065
8231,157.617203,950.47998,0.797205,0.792172,0.166667,0.041667,0.088978,38682.0,0.251705,0.333563,0.148326,0.315261,-0.056533,0.534241,10.357662,-0.02,-0.8,-0.02,-0.25,-0.6,-4.0,0.48068,-0.152857,-0.015389,0.0,-0.001729,-0.134691,-0.033907,-0.015924,-0.03199,0.751174,-0.096249,-0.160439,-0.013538,-0.036553,1.597091,3.793446,-0.103657,-0.004376,-0.453104,0.041667,0.166667,4.583333,0.174438,0.095909,0.14947
8232,155.126541,938.280029,0.769563,0.782772,0.291667,0.041667,0.089057,38156.0,0.246551,0.329868,0.152679,0.319204,-0.056172,0.533437,10.589863,-0.02,-0.8,-0.02,-0.25,-0.6,-4.0,0.475021,-0.147246,-0.011268,0.0,-0.002252,-0.117501,-0.033833,-0.015514,-0.030755,0.74602,-0.096208,-0.161739,-0.013028,-0.029438,1.59152,3.755234,-0.103429,-0.004124,-0.41564,0.0,0.083333,4.833333,0.101428,0.107574,0.152839
8233,160.027786,962.309998,0.786559,0.764624,0.130435,0.0,0.089146,56161.0,0.203422,0.329616,0.152907,0.308588,-0.058173,0.537753,10.507528,-0.02,-0.8,-0.02,-0.25,-0.6,-4.0,0.470733,-0.150169,-0.010914,0.0,-0.003333,-0.126058,-0.033516,-0.016142,-0.032597,0.749126,-0.096563,-0.158349,-0.012628,-0.033525,1.634708,3.707382,-0.103758,-0.002831,-0.462806,0.130435,0.0,3.913043,0.117655,0.120985,0.179575
8234,162.189651,951.109985,0.789316,0.808561,0.25,0.0,0.089178,55478.0,0.206889,0.334987,0.146423,0.313528,-0.05674,0.542134,10.399267,-0.02,-0.8,-0.02,-0.25,-0.6,-4.0,0.47902,-0.155034,-0.009962,0.0,-0.002516,-0.118537,-0.033187,-0.015302,-0.030617,0.758102,-0.088255,-0.146635,-0.012604,-0.03105,1.667124,3.815178,-0.1032,-0.005675,-0.301347,0.166667,0.041667,4.666667,0.09534,0.100378,0.132384
8235,160.383652,949.880005,0.751632,0.778929,0.125,0.041667,0.089174,55700.0,0.250233,0.335417,0.157538,0.322192,-0.061002,0.524033,10.505862,-0.02,-0.8,-0.02,-0.25,-0.6,-4.0,0.474378,-0.146626,-0.015836,0.0,-0.003772,-0.118869,-0.034473,-0.020216,-0.031356,0.735655,-0.099432,-0.169917,-0.016414,-0.028838,1.579413,3.710932,-0.105789,-0.002593,-0.249732,0.333333,0.0,4.458333,0.13086,0.126077,0.158794
8236,160.811829,955.799988,0.789476,0.788084,0.208333,0.041667,0.089033,44729.0,0.196497,0.33009,0.153924,0.323029,-0.058266,0.564094,10.539477,-0.02,-0.8,-0.02,-0.25,-0.6,-4.0,0.475124,-0.150871,-0.010918,0.0,-0.002083,-0.128349,-0.033763,-0.01617,-0.032648,0.749096,-0.088442,-0.15504,-0.012703,-0.033962,1.661951,3.749186,-0.104865,-0.00204,-0.346434,0.041667,0.041667,4.583333,0.102109,0.113235,0.151972
8237,161.94841,964.169983,0.805963,0.794148,0.333333,0.0,0.089105,55344.0,0.217298,0.327693,0.159209,0.333214,-0.057938,0.5645,10.53581,-0.02,-0.8,-0.02,-0.25,-0.6,-4.0,0.480027,-0.147817,-0.012038,0.0,-0.003,-0.123452,-0.033845,-0.016682,-0.031833,0.763518,-0.099586,-0.154373,-0.014095,-0.031321,1.661507,3.798229,-0.105152,-0.002226,-0.381786,0.125,0.0,4.916667,0.112605,0.137885,0.164865
8238,161.238632,968.409973,0.816633,0.794187,0.166667,0.0,0.088966,55174.0,0.266625,0.346784,0.160205,0.340621,-0.06199,0.566457,10.507607,-0.02,-0.8,-0.02,-0.25,-0.6,-4.0,0.485869,-0.153975,-0.014336,0.0,-0.001391,-0.132987,-0.035046,-0.016911,-0.033756,0.760018,-0.103666,-0.169853,-0.014935,-0.033816,1.604586,3.810525,-0.11147,-0.00415,-0.351701,0.041667,0.083333,4.375,0.115688,0.105492,0.151071
8239,157.00412,933.0,0.806228,0.78096,0.375,0.0,0.088926,55182.0,0.205258,0.327879,0.144727,0.30089,-0.055486,0.513065,10.546227,-0.02,-0.8,-0.02,-0.25,-0.6,-4.0,0.471708,-0.15037,-0.011417,0.0,-0.003352,-0.11525,-0.033292,-0.015373,-0.02932,0.747077,-0.096306,-0.15339,-0.013718,-0.028869,1.642971,3.743655,-0.101713,-0.002318,-0.318931,0.083333,0.041667,4.75,0.071805,0.112519,0.199092
8240,162.956497,963.75,0.802727,0.790326,0.043478,0.043478,0.089079,53573.0,0.21845,0.336037,0.152411,0.30242,-0.054442,0.533626,10.46147,-0.02,-0.8,-0.02,-0.25,-0.6,-4.0,0.478312,-0.150474,-0.009458,0.0,-0.002439,-0.112519,-0.033399,-0.014564,-0.02958,0.762412,-0.091976,-0.167354,-0.01268,-0.030455,1.65984,3.787814,-0.099102,-0.002266,-0.419447,0.217391,0.086957,4.173913,0.114793,0.125854,0.168519
8241,161.217255,956.549988,0.801529,0.79679,0.208333,0.0,0.089068,44624.0,0.203959,0.342751,0.156921,0.298814,-0.053629,0.534623,10.503527,-0.02,-0.8,-0.02,-0.25,-0.6,-4.0,0.478011,-0.145956,-0.010407,0.0,-0.003071,-0.122253,-0.033859,-0.015357,-0.031213,0.762191,-0.097753,-0.15927,-0.013586,-0.033436,1.675718,3.745818,-0.099072,-0.002513,-0.275467,0.125,0.0,4.5,0.129482,0.12551,0.18228
8242,163.923004,979.880005,0.819234,0.810046,0.043478,0.043478,0.088925,55199.0,0.263877,0.338868,0.162702,0.3494,-0.062502,0.574879,10.428276,-0.02,-0.8,-0.02,-0.25,-0.6,-4.0,0.492388,-0.155433,-0.014296,0.0,-0.00107,-0.147366,-0.035083,-0.017265,-0.033962,0.772939,-0.092402,-0.161446,-0.014967,-0.038501,1.633775,3.906533,-0.111231,-0.003004,-0.39058,0.086957,0.043478,5.391304,0.090457,0.108729,0.146917
8243,168.513901,989.659973,0.839334,0.821809,0.041667,0.0,0.089094,54401.0,0.21736,0.342,0.15486,0.318117,-0.057243,0.554021,10.494486,-0.02,-0.8,-0.02,-0.25,-0.6,-4.0,0.493285,-0.153773,-0.011809,0.0,-0.001528,-0.12346,-0.034502,-0.016368,-0.031496,0.777736,-0.093342,-0.156581,-0.013108,-0.030397,1.717529,3.91319,-0.106801,-0.00226,-0.416484,0.083333,0.041667,4.583333,0.110141,0.123362,0.135626
8244,159.350601,950.929993,0.805551,0.798115,0.291667,0.0,0.089136,53943.0,0.248387,0.337084,0.155922,0.322865,-0.058321,0.549598,10.486814,-0.02,-0.8,-0.02,-0.25,-0.6,-4.0,0.476924,-0.144916,-0.01399,0.0,-0.002423,-0.13171,-0.033691,-0.016151,-0.032237,0.756758,-0.093713,-0.166296,-0.013016,-0.035268,1.601243,3.75353,-0.104245,-0.005598,-0.381666,0.0,0.0,4.875,0.091068,0.109706,0.179302
8245,159.928406,965.109985,0.8052,0.786046,0.173913,0.086957,0.089091,39544.0,0.238198,0.354435,0.165607,0.351452,-0.064805,0.551788,10.338974,-0.02,-0.8,-0.02,-0.25,-0.6,-4.0,0.48232,-0.148438,-0.014649,0.0,-0.002379,-0.141111,-0.03603,-0.018581,-0.034887,0.743751,-0.110705,-0.180623,-0.017052,-0.035515,1.600723,3.731192,-0.116085,-0.00523,-0.372418,0.0,0.086957,4.434783,0.157267,0.109562,0.140052
8246,160.904129,964.02002,0.833121,0.799069,0.166667,0.041667,0.089117,37637.0,0.234771,0.343403,0.147912,0.308275,-0.055328,0.524338,10.400203,-0.02,-0.8,-0.02,-0.25,-0.6,-4.0,0.487035,-0.154897,-0.012197,0.0,-0.002646,-0.121329,-0.034017,-0.01532,-0.030916,0.759384,-0.096612,-0.157771,-0.014179,-0.031816,1.657297,3.848753,-0.102478,-0.003239,-0.356623,0.125,0.083333,5.5,0.118626,0.12667,0.160133
8247,159.802444,957.469971,0.811297,0.797176,0.347826,0.086957,0.088875,38612.0,0.230759,0.337809,0.158232,0.337726,-0.061856,0.563873,10.561416,-0.02,-0.8,-0.02,-0.25,-0.6,-4.0,0.481677,-0.153469,-0.010392,0.0,-0.002022,-0.136925,-0.034448,-0.017389,-0.03286,0.758078,-0.099985,-0.165659,-0.013915,-0.034946,1.637577,3.789391,-0.110102,-0.00226,-0.358357,0.043478,0.173913,20.26087,0.132811,0.098081,0.146142
8248,157.865753,946.23999,0.764313,0.790175,0.291667,0.125,0.088899,32354.0,0.261505,0.34675,0.160647,0.339682,-0.061624,0.550701,10.374698,-0.02,-0.8,-0.02,-0.25,-0.6,-4.0,0.474443,-0.148975,-0.015333,0.0,-0.003113,-0.12842,-0.034753,-0.017336,-0.033265,0.743252,-0.110893,-0.166806,-0.013986,-0.031008,1.545288,3.700828,-0.11182,-0.006329,-0.283915,0.0,0.041667,4.291667,0.106345,0.106286,0.195087
8249,157.999832,956.950012,0.785177,0.767618,0.291667,0.0,0.088894,37017.0,0.254296,0.347665,0.170167,0.3524,-0.062929,0.578471,10.449745,-0.02,-0.8,-0.02,-0.25,-0.6,-4.0,0.477288,-0.146342,-0.015229,0.0,-0.003238,-0.14899,-0.035409,-0.018485,-0.035541,0.745776,-0.103755,-0.170334,-0.01539,-0.038399,1.581647,3.697582,-0.114506,-0.002291,-0.32365,0.166667,0.0,4.541667,0.156103,0.132544,0.160878
8250,163.40947,965.219971,0.838137,0.795815,0.125,0.0,0.088823,37524.0,0.243066,0.336786,0.150957,0.327599,-0.059642,0.562564,10.358803,-0.02,-0.8,-0.02,-0.25,-0.6,-4.0,0.487762,-0.158623,-0.010816,0.0,-0.001599,-0.131683,-0.034546,-0.016707,-0.032531,0.771927,-0.092668,-0.149458,-0.012946,-0.033761,1.65707,3.868341,-0.107682,-0.00559,-0.286795,0.125,0.0,4.375,0.076062,0.112035,0.154739
8251,159.519974,947.47998,0.791629,0.777783,0.166667,0.041667,0.088632,32628.0,0.226381,0.326575,0.162761,0.337112,-0.0626,0.561412,10.375049,-0.02,-0.8,-0.02,-0.25,-0.6,-4.0,0.474273,-0.15061,-0.01667,0.0,-0.002778,-0.139833,-0.034409,-0.017632,-0.03393,0.741013,-0.097144,-0.160479,-0.014987,-0.035833,1.606456,3.739514,-0.110271,-0.002751,-0.340778,0.166667,0.041667,4.0,0.135918,0.110614,0.185125
8252,162.922485,969.840027,0.796968,0.802001,0.166667,0.0,0.088746,38205.0,0.24471,0.337132,0.161223,0.330677,-0.058432,0.555007,10.467766,-0.02,-0.8,-0.02,-0.25,-0.6,-4.0,0.486161,-0.146151,-0.015805,0.0,-0.002139,-0.128638,-0.034505,-0.016248,-0.031893,0.766047,-0.100744,-0.165308,-0.013673,-0.034557,1.637257,3.837147,-0.106438,-0.004448,-0.330653,0.083333,0.083333,3.958333,0.132562,0.127025,0.163409
8253,161.28978,957.190002,0.811168,0.799449,0.086957,0.0,0.088579,38472.0,0.230649,0.331897,0.150826,0.318565,-0.058251,0.542925,10.319174,-0.02,-0.8,-0.02,-0.25,-0.6,-4.0,0.480352,-0.151793,-0.021757,0.0,-0.001304,-0.134651,-0.033639,-0.01629,-0.032803,0.740713,-0.090613,-0.158455,-0.01337,-0.035782,1.624727,3.809018,-0.104605,-0.003334,-0.29115,0.086957,0.086957,4.347826,0.118004,0.103868,0.160522
8254,163.852905,975.609985,0.818635,0.807851,0.125,0.0,0.088457,44350.0,0.267259,0.329476,0.149435,0.292668,-0.050075,0.521919,10.516417,-0.02,-0.8,-0.02,-0.25,-0.6,-4.0,0.490482,-0.145148,-0.01118,0.0,-0.001375,-0.120752,-0.033347,-0.013966,-0.031396,0.786593,-0.091854,-0.163926,-0.012169,-0.033995,1.656673,3.910443,-0.095086,-0.003019,-0.427948,0.041667,0.041667,4.458333,0.078103,0.121832,0.15172
8255,156.850174,944.809998,0.812915,0.798083,0.25,0.0,0.088429,40572.0,0.231673,0.330369,0.140734,0.315657,-0.056736,0.541882,10.442739,-0.02,-0.8,-0.02,-0.25,-0.6,-4.0,0.481967,-0.16506,-0.01339,0.0,-0.002259,-0.117081,-0.033462,-0.015738,-0.030737,0.752498,-0.090444,-0.1431,-0.012986,-0.030273,1.643948,3.840359,-0.104349,-0.003449,-0.417716,0.083333,0.125,4.416667,0.107139,0.108592,0.158849
8256,162.095184,982.219971,0.823832,0.824595,0.041667,0.0,0.088182,48900.0,0.250948,0.354438,0.163609,0.36611,-0.064907,0.589251,10.378866,-0.02,-0.8,-0.02,-0.25,-0.6,-4.0,0.492408,-0.16243,-0.018445,0.0,-0.000988,-0.135922,-0.035538,-0.01858,-0.034487,0.761985,-0.099243,-0.172156,-0.016518,-0.033533,1.635985,3.856953,-0.116663,-0.002062,-0.501346,0.083333,0.0,4.125,0.183834,0.09999,0.143589
8257,153.358536,931.690002,0.778283,0.783767,0.25,0.083333,0.088317,48572.0,0.223542,0.331365,0.148841,0.315714,-0.05778,0.531977,10.513136,-0.02,-0.8,-0.02,-0.25,-0.6,-4.0,0.473818,-0.15721,-0.012743,0.0,-0.003278,-0.128459,-0.033107,-0.015845,-0.031949,0.738028,-0.093959,-0.14836,-0.013378,-0.034064,1.610037,3.757514,-0.103734,-0.002286,-0.471634,0.041667,0.041667,4.333333,0.108759,0.117433,0.169058
8258,161.241318,968.900024,0.810327,0.808651,0.0,0.041667,0.08831,49898.0,0.244153,0.338549,0.162797,0.339025,-0.060368,0.559059,10.321404,-0.02,-0.8,-0.02,-0.25,-0.6,-4.0,0.484594,-0.144207,-0.017833,0.0,-0.001431,-0.132759,-0.034894,-0.016714,-0.032394,0.749599,-0.097981,-0.16678,-0.013809,-0.034534,1.622271,3.819096,-0.109169,-0.009534,-0.485118,0.125,0.0,5.0,0.131544,0.093976,0.132382
8259,160.737473,970.820007,0.797157,0.809858,0.173913,0.0,0.088579,41337.0,0.205753,0.336003,0.170206,0.345436,-0.061108,0.605758,10.410202,-0.02,-0.8,-0.02,-0.25,-0.6,-4.0,0.482557,-0.14882,-0.009321,0.0,-0.002048,-0.133575,-0.034121,-0.016679,-0.032678,0.768311,-0.09674,-0.169381,-0.01467,-0.034048,1.684225,3.797562,-0.107512,-0.002724,-0.497769,0.043478,0.0,4.652174,0.093247,0.10062,0.162173
8260,152.517273,916.289978,0.770375,0.770283,0.5,0.0,0.088739,49346.0,0.239898,0.336697,0.14872,0.316163,-0.057443,0.517136,10.494922,-0.02,-0.8,-0.02,-0.25,-0.6,-4.0,0.465326,-0.143641,-0.017513,0.0,-0.003679,-0.138398,-0.033461,-0.016648,-0.033142,0.708986,-0.102545,-0.166581,-0.015107,-0.037407,1.553945,3.634998,-0.103922,-0.007568,-0.320675,0.0,0.083333,5.0,0.104293,0.116122,0.18437
8261,163.342514,965.390015,0.806477,0.791847,0.25,0.041667,0.088961,49654.0,0.23562,0.343595,0.149475,0.311969,-0.0579,0.532206,10.341154,-0.02,-0.8,-0.02,-0.25,-0.6,-4.0,0.482519,-0.153446,-0.013255,0.0,-0.002113,-0.130296,-0.033823,-0.015805,-0.032013,0.758633,-0.098711,-0.153486,-0.013825,-0.036231,1.647705,3.805259,-0.103207,-0.006101,-0.263799,0.0,0.041667,5.208333,0.127003,0.114474,0.17848
8262,153.747971,927.630005,0.768169,0.758422,0.291667,0.041667,0.089024,50384.0,0.251949,0.328725,0.156641,0.329284,-0.061157,0.524009,10.52275,-0.02,-0.8,-0.02,-0.25,-0.6,-4.0,0.464183,-0.153662,-0.019204,0.0,-0.004905,-0.134066,-0.033498,-0.017113,-0.032903,0.71252,-0.103289,-0.164991,-0.014728,-0.033678,1.536136,3.650783,-0.108265,-0.027894,-0.324864,0.208333,0.041667,4.041667,0.126876,0.114115,0.176193
8263,158.715866,943.26001,0.7751,0.753651,0.304348,0.0,0.089053,38365.0,0.237126,0.332883,0.147566,0.317755,-0.058061,0.516788,10.519876,-0.02,-0.8,-0.02,-0.25,-0.6,-4.0,0.472043,-0.146383,-0.016728,0.0,-0.00318,-0.117641,-0.033631,-0.016317,-0.031995,0.726718,-0.106151,-0.165606,-0.013784,-0.030399,1.594123,3.713171,-0.106997,-0.008771,-0.256193,0.043478,0.0,4.26087,0.138197,0.14085,0.174184
8264,161.858841,975.289978,0.786669,0.77929,0.208333,0.0,0.088966,49754.0,0.222649,0.335298,0.148475,0.317478,-0.057503,0.543163,10.458716,-0.02,-0.8,-0.02,-0.25,-0.6,-4.0,0.473835,-0.157409,-0.017332,0.0,-0.003278,-0.140556,-0.033196,-0.016166,-0.032993,0.740719,-0.091468,-0.153268,-0.014015,-0.037025,1.611467,3.733727,-0.102945,-0.003758,-0.398247,0.125,0.041667,4.458333,0.131637,0.143672,0.180943
8265,161.628693,964.030029,0.822581,0.820561,0.208333,0.0,0.088831,49044.0,0.278568,0.338637,0.138342,0.307443,-0.056057,0.504094,10.493456,-0.02,-0.8,-0.02,-0.25,-0.6,-4.0,0.486796,-0.162035,-0.011916,0.0,-0.001821,-0.125485,-0.033813,-0.015894,-0.031556,0.758661,-0.089777,-0.15344,-0.015186,-0.033119,1.590515,3.875082,-0.10543,-0.00421,-0.27066,0.041667,0.083333,4.416667,0.071363,0.105065,0.146247
8266,167.525085,985.700012,0.829093,0.808482,0.166667,0.0,0.088974,51870.0,0.237303,0.342028,0.160148,0.331215,-0.060285,0.567329,10.474596,-0.02,-0.8,-0.02,-0.25,-0.6,-4.0,0.489837,-0.153898,-0.011947,0.0,-0.001917,-0.128879,-0.034438,-0.016595,-0.03189,0.769019,-0.102343,-0.16764,-0.016005,-0.0343,1.673537,3.859251,-0.106377,-0.005336,-0.309061,0.041667,0.0,4.291667,0.127565,0.110811,0.163146
8267,152.926178,904.150024,0.744806,0.751948,0.541667,0.0,0.088938,40633.0,0.196385,0.316246,0.144912,0.300065,-0.055093,0.511328,10.491747,-0.02,-0.8,-0.02,-0.25,-0.6,-4.0,0.452046,-0.142165,-0.012938,0.0,-0.005072,-0.128265,-0.031816,-0.015198,-0.031276,0.702449,-0.09473,-0.145197,-0.013289,-0.034337,1.564781,3.572485,-0.099052,-0.002423,-0.326147,0.25,0.083333,4.333333,0.082895,0.14461,0.197596
8268,163.042252,965.190002,0.78862,0.795787,0.166667,0.041667,0.088819,51435.0,0.244132,0.352622,0.151354,0.321637,-0.059974,0.530994,10.302135,-0.02,-0.8,-0.02,-0.25,-0.6,-4.0,0.482565,-0.153469,-0.021536,0.0,-0.002129,-0.127052,-0.034692,-0.016924,-0.032621,0.738963,-0.103503,-0.165633,-0.01488,-0.031272,1.619898,3.76049,-0.108803,-0.004898,-0.188316,0.083333,0.0,4.083333,0.179329,0.110529,0.185887
8269,162.322205,972.02002,0.818395,0.794278,0.083333,0.0,0.088883,50927.0,0.247687,0.347483,0.152737,0.302476,-0.055492,0.522629,10.461138,-0.02,-0.8,-0.02,-0.25,-0.6,-4.0,0.49356,-0.151705,-0.017675,0.0,-0.00085,-0.122243,-0.034198,-0.016012,-0.03254,0.781352,-0.089477,-0.150029,-0.013441,-0.032708,1.667378,3.904935,-0.101884,-0.006376,-0.302322,0.041667,0.083333,4.625,0.11242,0.112766,0.14408
8270,155.720718,946.590027,0.785942,0.777191,0.333333,0.0,0.088741,49739.0,0.244535,0.335713,0.159647,0.328762,-0.060703,0.550145,10.325366,-0.02,-0.8,-0.02,-0.25,-0.6,-4.0,0.471363,-0.144274,-0.013841,0.0,-0.003458,-0.130358,-0.034092,-0.01711,-0.033082,0.742828,-0.102429,-0.172731,-0.014172,-0.032274,1.585285,3.696122,-0.108418,-0.003479,-0.444423,0.083333,0.083333,4.708333,0.08886,0.115679,0.176796
8271,166.022125,990.179993,0.806023,0.790044,0.083333,0.0,0.088712,40927.0,0.222516,0.344751,0.141421,0.291335,-0.055007,0.482543,10.44561,-0.02,-0.8,-0.02,-0.25,-0.6,-4.0,0.488541,-0.157162,-0.016125,0.0,-0.001444,-0.133459,-0.03411,-0.01632,-0.033771,0.750263,-0.098354,-0.158401,-0.014636,-0.036836,1.667047,3.846983,-0.102899,-0.004475,-0.297652,0.041667,0.0,4.708333,0.119277,0.112908,0.170563
8272,163.66188,973.409973,0.798546,0.812287,0.083333,0.041667,0.088908,50568.0,0.248912,0.340568,0.155703,0.311033,-0.054709,0.525389,10.52186,-0.02,-0.8,-0.02,-0.25,-0.6,-4.0,0.489706,-0.150331,-0.014901,0.0,-0.001893,-0.125507,-0.034133,-0.015529,-0.032168,0.76694,-0.097321,-0.16171,-0.013231,-0.033399,1.65201,3.887289,-0.102501,-0.00483,-0.285919,0.125,0.0,4.916667,0.115911,0.114868,0.135511
8273,163.936249,972.950012,0.819745,0.802841,0.166667,0.041667,0.088919,50459.0,0.216145,0.33942,0.16092,0.34261,-0.061997,0.578581,10.580002,-0.02,-0.8,-0.02,-0.25,-0.6,-4.0,0.482306,-0.154414,-0.009559,0.0,-0.00221,-0.131053,-0.034654,-0.017238,-0.033766,0.756145,-0.102121,-0.171017,-0.015691,-0.034024,1.652425,3.776686,-0.109103,-0.003523,-0.359505,0.083333,0.041667,4.666667,0.163592,0.120844,0.147888
8274,155.366547,939.72998,0.79865,0.789022,0.291667,0.0,0.089072,51095.0,0.229767,0.337326,0.154162,0.327221,-0.061821,0.542345,10.5403,-0.02,-0.8,-0.02,-0.25,-0.6,-4.0,0.470517,-0.144175,-0.01238,0.0,-0.004391,-0.147833,-0.0342,-0.017867,-0.034884,0.735907,-0.10909,-0.176269,-0.015905,-0.039025,1.58744,3.667279,-0.110591,-0.002932,-0.367204,0.208333,0.0,3.833333,0.13105,0.108703,0.180785
8275,164.513245,984.590027,0.842409,0.813881,0.086957,0.0,0.089243,41783.0,0.272615,0.332055,0.14709,0.319118,-0.057773,0.537468,10.518838,-0.02,-0.8,-0.02,-0.25,-0.6,-4.0,0.494021,-0.160054,-0.01513,0.0,-0.000683,-0.130163,-0.034445,-0.01656,-0.033043,0.781202,-0.096115,-0.172843,-0.015363,-0.035083,1.618196,3.933287,-0.106043,-0.00311,-0.409215,0.0,0.043478,4.565217,0.095358,0.098012,0.162188
8276,158.532135,952.820007,0.800864,0.788137,0.291667,0.0,0.089325,50810.0,0.24847,0.332908,0.153583,0.326589,-0.058504,0.558353,10.453911,-0.02,-0.8,-0.02,-0.25,-0.6,-4.0,0.478089,-0.147924,-0.016499,0.0,-0.002671,-0.124481,-0.033803,-0.016155,-0.032194,0.735066,-0.098801,-0.161386,-0.013887,-0.033446,1.592112,3.786,-0.105813,-0.004201,-0.402961,0.041667,0.083333,4.75,0.112625,0.121151,0.13685
8277,161.047607,965.98999,0.799995,0.788157,0.043478,0.043478,0.089041,52770.0,0.241487,0.347131,0.148195,0.335951,-0.059062,0.565881,10.458694,-0.02,-0.8,-0.02,-0.25,-0.6,-4.0,0.481693,-0.15669,-0.019701,0.0,-0.001137,-0.134514,-0.034468,-0.017714,-0.033004,0.738141,-0.09604,-0.162068,-0.015419,-0.035036,1.615777,3.772413,-0.108199,-0.004765,-0.359295,0.086957,0.304348,4.826087,0.120726,0.102389,0.136873
8278,165.928848,974.429993,0.811354,0.804427,0.125,0.0,0.089113,54371.0,0.224615,0.335159,0.160329,0.338535,-0.061062,0.58454,10.518394,-0.02,-0.8,-0.02,-0.25,-0.6,-4.0,0.490577,-0.154039,-0.015645,0.0,-0.001167,-0.130322,-0.034639,-0.016769,-0.033047,0.765587,-0.09185,-0.156723,-0.013872,-0.034389,1.689796,3.88168,-0.109346,-0.002321,-0.336662,0.083333,0.0,4.833333,0.102518,0.088803,0.15363
8279,159.994141,963.400024,0.806568,0.790048,0.125,0.0,0.089009,53779.0,0.249661,0.336257,0.140407,0.319742,-0.054713,0.543893,10.528872,-0.02,-0.8,-0.02,-0.25,-0.6,-4.0,0.477887,-0.157894,-0.011246,0.0,-0.001766,-0.14072,-0.033169,-0.015815,-0.0325,0.74643,-0.099305,-0.157776,-0.015596,-0.039091,1.592419,3.764867,-0.100881,-0.006175,-0.404553,0.041667,0.083333,4.541667,0.118406,0.094517,0.155687
8280,158.647736,955.47998,0.809441,0.774588,0.166667,0.083333,0.089056,43646.0,0.250523,0.337944,0.144193,0.308652,-0.054806,0.517111,10.478344,-0.02,-0.8,-0.02,-0.25,-0.6,-4.0,0.477607,-0.152918,-0.015582,0.0,-0.002444,-0.117032,-0.033432,-0.015605,-0.029728,0.746561,-0.094826,-0.167032,-0.013324,-0.03116,1.585965,3.779716,-0.101252,-0.003822,-0.373633,0.208333,0.083333,4.625,0.106261,0.099768,0.160495
8281,160.768738,965.580017,0.809615,0.787314,0.217391,0.0,0.089083,54395.0,0.222506,0.33721,0.167003,0.344351,-0.063301,0.592685,10.555644,-0.02,-0.8,-0.02,-0.25,-0.6,-4.0,0.481023,-0.14823,-0.015632,0.0,-0.003075,-0.140602,-0.034731,-0.017585,-0.033341,0.759612,-0.106769,-0.17771,-0.015748,-0.036241,1.653137,3.779059,-0.10991,-0.003491,-0.447035,0.086957,0.0,5.0,0.095124,0.115778,0.169646
8282,155.5224,951.789978,0.789865,0.792847,0.208333,0.083333,0.089241,54418.0,0.230339,0.351629,0.175217,0.344146,-0.061723,0.58717,10.562215,-0.02,-0.8,-0.02,-0.25,-0.6,-4.0,0.479606,-0.142231,-0.014573,0.0,-0.002571,-0.134631,-0.03513,-0.0171,-0.033247,0.751262,-0.115479,-0.19028,-0.015698,-0.033837,1.630775,3.706452,-0.109072,-0.003919,-0.440075,0.083333,0.041667,4.208333,0.141376,0.104459,0.163071
8283,161.646179,972.580017,0.820299,0.808168,0.125,0.0,0.089143,54260.0,0.231111,0.337639,0.156761,0.314831,-0.055588,0.53443,10.378611,-0.02,-0.8,-0.02,-0.25,-0.6,-4.0,0.48944,-0.149801,-0.02191,0.0,-0.00128,-0.118758,-0.034071,-0.015446,-0.031111,0.754269,-0.089868,-0.15048,-0.011503,-0.029357,1.676367,3.903135,-0.104703,-0.002657,-0.447391,0.041667,0.083333,4.666667,0.092917,0.095291,0.155051
8284,163.843979,992.780029,0.844914,0.837023,0.0,0.0,0.089177,43668.0,0.228665,0.343805,0.157865,0.356118,-0.064635,0.587435,10.534019,-0.02,-0.8,-0.02,-0.25,-0.6,-4.0,0.497567,-0.168278,-0.013351,0.0,-0.000565,-0.14456,-0.035732,-0.018635,-0.036172,0.763324,-0.095208,-0.162512,-0.015029,-0.036159,1.700104,3.912587,-0.116793,-0.016964,-0.546648,0.086957,0.043478,5.130435,0.111665,0.092528,0.13307
8285,159.594559,974.280029,0.82431,0.813339,0.208333,0.041667,0.088886,53633.0,0.246831,0.354384,0.148362,0.311833,-0.055473,0.510298,10.400893,-0.02,-0.8,-0.02,-0.25,-0.6,-4.0,0.488652,-0.152023,-0.018864,0.0,-0.00203,-0.119594,-0.034889,-0.017663,-0.031918,0.751395,-0.115214,-0.202845,-0.014702,-0.031795,1.636936,3.823075,-0.104511,-0.002592,-0.400497,0.041667,0.0,4.708333,0.103144,0.109079,0.145514
8286,158.693649,954.409973,0.8097,0.799762,0.166667,0.041667,0.088852,54026.0,0.220105,0.336329,0.157493,0.32905,-0.058006,0.550019,10.547964,-0.02,-0.8,-0.02,-0.25,-0.6,-4.0,0.482759,-0.148487,-0.013591,0.0,-0.002703,-0.123094,-0.034114,-0.016373,-0.031548,0.750516,-0.101504,-0.172126,-0.015034,-0.032439,1.65211,3.803703,-0.104558,-0.002977,-0.367681,0.166667,0.0,4.583333,0.107056,0.116091,0.142688
8287,162.461716,969.02002,0.82108,0.813275,0.217391,0.043478,0.089101,54033.0,0.225207,0.343577,0.154885,0.338188,-0.061219,0.585136,10.435041,-0.02,-0.8,-0.02,-0.25,-0.6,-4.0,0.488819,-0.159769,-0.0164,0.0,-0.002311,-0.149002,-0.034733,-0.017772,-0.034919,0.762862,-0.100403,-0.1641,-0.015682,-0.040241,1.671796,3.846033,-0.108563,-0.003066,-0.354448,0.086957,0.0,4.913043,0.127243,0.115068,0.160319
8288,165.473984,972.409973,0.80555,0.798988,0.25,0.083333,0.088859,53867.0,0.237713,0.343343,0.157362,0.334316,-0.060151,0.532,10.422537,-0.02,-0.8,-0.02,-0.25,-0.6,-4.0,0.48093,-0.15091,-0.016423,0.0,-0.002323,-0.132268,-0.034439,-0.017238,-0.033046,0.731209,-0.100242,-0.163456,-0.013886,-0.032581,1.613546,3.775356,-0.109212,-0.003596,-0.347422,0.041667,0.0,19.0,0.170234,0.118994,0.160727
8289,160.88295,949.830017,0.799288,0.787298,0.217391,0.0,0.088722,44121.0,0.226932,0.328248,0.163428,0.34026,-0.060004,0.559212,10.466873,-0.02,-0.8,-0.02,-0.25,-0.6,-4.0,0.471893,-0.142366,-0.014042,0.0,-0.00255,-0.128265,-0.03395,-0.017115,-0.032121,0.734409,-0.09407,-0.159665,-0.013786,-0.031219,1.607157,3.700455,-0.108987,-0.002513,-0.357327,0.130435,0.0,5.173913,0.12732,0.109637,0.15311
8290,160.700989,965.5,0.798628,0.794983,0.125,0.041667,0.088763,42109.0,0.236547,0.334712,0.149092,0.298163,-0.052858,0.513203,10.423527,-0.02,-0.8,-0.02,-0.25,-0.6,-4.0,0.475763,-0.147161,-0.012388,0.0,-0.002611,-0.116853,-0.03292,-0.014929,-0.0296,0.745463,-0.098077,-0.159471,-0.013363,-0.032618,1.613333,3.756667,-0.099104,-0.003211,-0.467873,0.041667,0.0,4.541667,0.111756,0.116936,0.145944
8291,165.17775,986.099976,0.83666,0.810577,0.208333,0.041667,0.088823,38237.0,0.23534,0.339349,0.167404,0.33553,-0.059013,0.574603,10.397105,-0.02,-0.8,-0.02,-0.25,-0.6,-4.0,0.491639,-0.145256,-0.012989,0.0,-0.001754,-0.137452,-0.034559,-0.016225,-0.033403,0.76611,-0.095309,-0.163852,-0.013303,-0.037533,1.673182,3.881535,-0.104643,-0.010081,-0.443081,0.041667,0.041667,4.916667,0.084738,0.103715,0.14718
8292,165.053207,968.789978,0.790313,0.789774,0.208333,0.0,0.08875,31483.0,0.238362,0.32661,0.163906,0.329017,-0.059028,0.569024,10.391123,-0.02,-0.8,-0.02,-0.25,-0.6,-4.0,0.482628,-0.144304,-0.018485,0.0,-0.00203,-0.142514,-0.034157,-0.017089,-0.033484,0.756341,-0.091939,-0.153134,-0.013209,-0.037642,1.637454,3.834196,-0.106757,-0.002535,-0.434171,0.083333,0.041667,4.458333,0.118868,0.103554,0.154031
8293,158.106171,962.210022,0.810907,0.783179,0.208333,0.0,0.088821,35306.0,0.221384,0.344261,0.164177,0.343624,-0.062703,0.569973,10.458542,-0.02,-0.8,-0.02,-0.25,-0.6,-4.0,0.484051,-0.148885,-0.014214,0.0,-0.002806,-0.144142,-0.035301,-0.018675,-0.036094,0.735067,-0.105206,-0.169983,-0.015192,-0.035932,1.66031,3.782835,-0.11392,-0.007022,-0.444686,0.125,0.041667,3.75,0.113415,0.126922,0.16456
8294,163.793945,985.359985,0.816665,0.822523,0.086957,0.0,0.088816,38255.0,0.209519,0.347615,0.143626,0.29102,-0.052886,0.51495,10.386672,-0.02,-0.8,-0.02,-0.25,-0.6,-4.0,0.491018,-0.162273,-0.012706,0.0,-0.000683,-0.131171,-0.033866,-0.015716,-0.033633,0.774946,-0.092971,-0.1542,-0.01425,-0.036353,1.70689,3.884299,-0.099888,-0.001907,-0.417964,0.0,0.043478,4.086957,0.079672,0.085578,0.137149
8295,160.748962,948.169983,0.810305,0.806972,0.26087,0.0,0.08898,31540.0,0.204526,0.33166,0.152236,0.319382,-0.055639,0.544039,10.488469,-0.02,-0.8,-0.02,-0.25,-0.6,-4.0,0.477304,-0.148902,-0.010691,0.0,-0.002619,-0.127555,-0.033571,-0.016072,-0.03195,0.750005,-0.09734,-0.165669,-0.014372,-0.031445,1.654353,3.770076,-0.104404,-0.031458,-0.24243,0.086957,0.0,4.130435,0.104016,0.100641,0.1475
8296,155.012741,928.659973,0.793859,0.760556,0.291667,0.0,0.088935,35953.0,0.225911,0.339197,0.148562,0.316666,-0.057733,0.523247,10.411665,-0.02,-0.8,-0.02,-0.25,-0.6,-4.0,0.469161,-0.146575,-0.012143,0.0,-0.003554,-0.12894,-0.033726,-0.016749,-0.033384,0.729057,-0.099715,-0.155967,-0.014303,-0.033519,1.595793,3.671245,-0.1068,-0.002759,-0.319212,0.25,0.0,4.541667,0.103318,0.12778,0.165353
8297,157.756943,938.679993,0.811744,0.783222,0.291667,0.083333,0.089059,35596.0,0.206108,0.334858,0.165027,0.337897,-0.060828,0.588551,10.483232,-0.02,-0.8,-0.02,-0.25,-0.6,-4.0,0.47863,-0.146693,-0.012593,0.0,-0.003784,-0.121125,-0.034085,-0.016391,-0.031279,0.760213,-0.09895,-0.157621,-0.012964,-0.030838,1.669237,3.770972,-0.107976,-0.002553,-0.502989,0.125,0.041667,4.208333,0.103876,0.128744,0.17692
8298,163.787186,968.099976,0.813006,0.79497,0.291667,0.0,0.089183,31825.0,0.221884,0.339354,0.161446,0.34083,-0.059624,0.566861,10.411948,-0.02,-0.8,-0.02,-0.25,-0.6,-4.0,0.481816,-0.151243,-0.015478,0.0,-0.002931,-0.126437,-0.034704,-0.017331,-0.032415,0.741199,-0.108854,-0.172964,-0.015209,-0.032033,1.657197,3.782505,-0.110822,-0.009948,-0.350458,0.041667,0.0,4.416667,0.134137,0.112408,0.161016
8299,165.980759,975.97998,0.807084,0.807029,0.125,0.0,0.089486,48717.0,0.215924,0.345983,0.160132,0.327069,-0.058914,0.556326,10.494456,-0.02,-0.8,-0.02,-0.25,-0.6,-4.0,0.489463,-0.155639,-0.015092,0.0,-0.001778,-0.133421,-0.034275,-0.016656,-0.032962,0.761536,-0.092438,-0.153169,-0.013629,-0.034861,1.693866,3.874604,-0.107086,-0.00384,-0.284672,0.083333,0.041667,4.0,0.10603,0.112396,0.154073
8300,162.020035,979.049988,0.797152,0.793754,0.291667,0.041667,0.089449,52862.0,0.260408,0.341747,0.160611,0.357402,-0.063897,0.566024,10.487202,-0.02,-0.8,-0.02,-0.25,-0.6,-4.0,0.477912,-0.155083,-0.021343,0.0,-0.005173,-0.136691,-0.034714,-0.017866,-0.033313,0.733747,-0.102342,-0.164985,-0.01561,-0.032997,1.555683,3.764036,-0.115847,-0.003152,-0.339718,0.125,0.041667,5.083333,0.14749,0.153936,0.176077
8301,160.444412,960.039978,0.819615,0.811986,0.166667,0.0,0.089441,54312.0,0.238204,0.333291,0.150949,0.316315,-0.059127,0.523938,10.383879,-0.02,-0.8,-0.02,-0.25,-0.6,-4.0,0.480858,-0.144829,-0.0131,0.0,-0.002044,-0.141125,-0.034282,-0.017545,-0.034643,0.751189,-0.091027,-0.157449,-0.01361,-0.040725,1.616878,3.784663,-0.107008,-0.002707,-0.428724,0.083333,0.041667,4.125,0.090354,0.095259,0.142996
8302,160.05043,953.02002,0.819847,0.788857,0.291667,0.0,0.089314,40961.0,0.218261,0.326977,0.145774,0.298904,-0.053804,0.513688,10.395719,-0.02,-0.8,-0.02,-0.25,-0.6,-4.0,0.478652,-0.147787,-0.020191,0.0,-0.003335,-0.124168,-0.033098,-0.015326,-0.031078,0.745714,-0.093295,-0.145827,-0.013381,-0.033285,1.643278,3.809458,-0.099511,-0.003135,-0.407953,0.25,0.041667,5.041667,0.131069,0.122119,0.156205
8303,162.794815,980.159973,0.833194,0.798181,0.125,0.0,0.089271,49956.0,0.24297,0.332876,0.162801,0.336811,-0.060363,0.56818,10.287496,-0.02,-0.8,-0.02,-0.25,-0.6,-4.0,0.488159,-0.152167,-0.023529,0.0,-0.001374,-0.126699,-0.034573,-0.017099,-0.03304,0.759952,-0.09708,-0.160911,-0.013587,-0.03278,1.650867,3.851342,-0.107938,-0.010269,-0.441904,0.166667,0.0,5.333333,0.100087,0.119802,0.141636
8304,163.856888,974.969971,0.802668,0.795703,0.208333,0.0,0.089133,50412.0,0.245428,0.34192,0.154869,0.330952,-0.058375,0.530519,10.221914,-0.02,-0.8,-0.02,-0.25,-0.6,-4.0,0.490096,-0.155199,-0.015574,0.0,-0.001625,-0.123755,-0.034383,-0.017054,-0.033021,0.755317,-0.091729,-0.158725,-0.014449,-0.031132,1.65764,3.869605,-0.108845,-0.001671,-0.277015,0.0,0.041667,4.083333,0.105329,0.128769,0.182271
8305,159.028351,964.150024,0.799675,0.795334,0.166667,0.0,0.089207,54501.0,0.287862,0.345262,0.142566,0.310753,-0.05665,0.490433,10.331888,-0.02,-0.8,-0.02,-0.25,-0.6,-4.0,0.482797,-0.153571,-0.021725,0.0,-0.003379,-0.125905,-0.03393,-0.016271,-0.031646,0.722218,-0.103113,-0.17174,-0.014691,-0.033458,1.533575,3.802272,-0.104948,-0.004193,-0.286587,0.125,0.0,3.791667,0.1168,0.123107,0.161695
8306,162.606842,973.48999,0.811862,0.807655,0.125,0.0,0.089549,53283.0,0.274258,0.339536,0.166709,0.335202,-0.058876,0.559268,10.357343,-0.02,-0.8,-0.02,-0.25,-0.6,-4.0,0.488969,-0.149687,-0.013636,0.0,-0.00146,-0.131377,-0.034662,-0.016507,-0.033411,0.771877,-0.098677,-0.172671,-0.013506,-0.034578,1.630609,3.841656,-0.106627,-0.002981,-0.360535,0.041667,0.0,4.041667,0.11579,0.121611,0.150722
8307,161.451279,963.289978,0.797409,0.776874,0.416667,0.041667,0.089377,39961.0,0.255806,0.350186,0.159841,0.343793,-0.061104,0.543373,10.351427,-0.02,-0.8,-0.02,-0.25,-0.6,-4.0,0.476637,-0.150692,-0.012436,0.0,-0.00373,-0.134891,-0.034391,-0.017735,-0.033629,0.733275,-0.102068,-0.173496,-0.014285,-0.032907,1.579828,3.702459,-0.110962,-0.002717,-0.27613,0.166667,0.083333,4.916667,0.135876,0.134871,0.180487
8308,163.471603,953.619995,0.812551,0.784456,0.333333,0.041667,0.08969,49919.0,0.210978,0.328088,0.14789,0.302302,-0.053211,0.538959,10.348352,-0.02,-0.8,-0.02,-0.25,-0.6,-4.0,0.474777,-0.154093,-0.010272,0.0,-0.003304,-0.126219,-0.032478,-0.014983,-0.031344,0.751514,-0.097834,-0.156692,-0.013118,-0.034135,1.650918,3.76971,-0.096787,-0.001742,-0.270407,0.041667,0.0,4.083333,0.084338,0.120256,0.187628
8309,163.483002,974.469971,0.85121,0.832472,0.0,0.0,0.089886,54040.0,0.206657,0.350539,0.164652,0.341664,-0.062534,0.583445,10.420115,-0.02,-0.8,-0.02,-0.25,-0.6,-4.0,0.493878,-0.153571,-0.011059,0.0,-0.000764,-0.145313,-0.034875,-0.017482,-0.034653,0.781836,-0.09764,-0.166698,-0.016344,-0.039186,1.717296,3.875066,-0.109612,-0.005027,-0.541455,0.166667,0.041667,4.958333,0.123342,0.093152,0.137418
8310,159.415909,968.48999,0.803728,0.785157,0.125,0.041667,0.089619,54536.0,0.26767,0.343947,0.143628,0.318611,-0.058187,0.530192,10.253529,-0.02,-0.8,-0.02,-0.25,-0.6,-4.0,0.482558,-0.162749,-0.013743,0.0,-0.002183,-0.141644,-0.034145,-0.017054,-0.035351,0.756086,-0.094299,-0.155459,-0.015734,-0.038965,1.578994,3.789152,-0.10675,-0.00312,-0.38745,0.041667,0.083333,3.541667,0.14674,0.116624,0.135785
8311,164.809753,977.429993,0.814441,0.80427,0.125,0.0,0.089667,34734.0,0.232367,0.337697,0.165858,0.345731,-0.059729,0.602402,10.370243,-0.02,-0.8,-0.02,-0.25,-0.6,-4.0,0.481674,-0.153264,-0.011299,0.0,-0.00175,-0.137933,-0.034742,-0.017538,-0.034058,0.758201,-0.103562,-0.176308,-0.015108,-0.03565,1.642199,3.766901,-0.108287,-0.002689,-0.381167,0.083333,0.0,5.125,0.118017,0.098252,0.142182
8312,164.64769,986.919983,0.827554,0.81079,0.083333,0.041667,0.089624,37438.0,0.2357,0.34044,0.164517,0.342092,-0.062343,0.57131,10.362286,-0.02,-0.8,-0.02,-0.25,-0.6,-4.0,0.493678,-0.160024,-0.015146,0.0,-0.002389,-0.139197,-0.035259,-0.017718,-0.034292,0.752606,-0.098412,-0.164596,-0.015583,-0.036544,1.676873,3.89668,-0.11226,-0.005606,-0.3631,0.125,0.0,4.291667,0.149844,0.111075,0.146883
8313,153.057266,925.22998,0.747931,0.756244,0.333333,0.083333,0.089652,35593.0,0.239827,0.336286,0.154966,0.326624,-0.059982,0.529205,10.290152,-0.02,-0.8,-0.02,-0.25,-0.6,-4.0,0.459161,-0.144856,-0.016872,0.0,-0.004349,-0.130164,-0.033521,-0.018026,-0.03243,0.704166,-0.104873,-0.175846,-0.014105,-0.031763,1.523723,3.571844,-0.10751,-0.002803,-0.383525,0.083333,0.0,4.833333,0.113718,0.12574,0.170917
8314,162.071533,963.52002,0.8066,0.797372,0.083333,0.041667,0.089618,31126.0,0.246775,0.329009,0.149839,0.319484,-0.056878,0.562386,10.238705,-0.02,-0.8,-0.02,-0.25,-0.6,-4.0,0.481935,-0.15905,-0.013382,0.0,-0.001715,-0.136934,-0.033781,-0.016288,-0.032353,0.755823,-0.091831,-0.155405,-0.013866,-0.036652,1.628798,3.830456,-0.10431,-0.007173,-0.378192,0.125,0.041667,4.708333,0.10334,0.114139,0.174825
8315,162.587189,958.599976,0.806924,0.793274,0.291667,0.0,0.089494,37854.0,0.218215,0.330591,0.14565,0.31711,-0.056758,0.535124,10.307208,-0.02,-0.8,-0.02,-0.25,-0.6,-4.0,0.480969,-0.156716,-0.015,0.0,-0.00224,-0.119708,-0.033933,-0.016012,-0.031899,0.745297,-0.097105,-0.156922,-0.013615,-0.029986,1.657741,3.817051,-0.106141,-0.018932,-0.312676,0.083333,0.0,4.625,0.119778,0.110257,0.149045
8316,163.546387,984.559998,0.818935,0.798022,0.208333,0.0,0.089484,36700.0,0.293169,0.35029,0.160432,0.319698,-0.058057,0.548591,10.284834,-0.02,-0.8,-0.02,-0.25,-0.6,-4.0,0.493342,-0.152813,-0.016437,0.0,-0.001847,-0.141748,-0.035073,-0.01619,-0.033578,0.775949,-0.104241,-0.167594,-0.014932,-0.040844,1.585351,3.863895,-0.10683,-0.005697,-0.415492,0.041667,0.0,4.083333,0.132312,0.109958,0.158353
8317,153.379898,936.710022,0.789866,0.786161,0.304348,0.043478,0.089664,31392.0,0.233792,0.336631,0.164271,0.340063,-0.059792,0.558601,10.355064,-0.02,-0.8,-0.02,-0.25,-0.6,-4.0,0.470322,-0.143833,-0.014137,0.0,-0.003757,-0.132155,-0.033907,-0.017194,-0.032305,0.726238,-0.09985,-0.167835,-0.0144,-0.032997,1.574888,3.681448,-0.108997,-0.002707,-0.433226,0.26087,0.0,5.086957,0.12195,0.110054,0.187827
8318,160.142212,972.840027,0.82202,0.800405,0.173913,0.043478,0.089659,38076.0,0.244024,0.340513,0.152032,0.338735,-0.059691,0.569667,10.26462,-0.02,-0.8,-0.02,-0.25,-0.6,-4.0,0.485577,-0.154726,-0.018366,0.0,-0.002258,-0.130881,-0.03467,-0.017025,-0.032496,0.743281,-0.098845,-0.161353,-0.015413,-0.033481,1.613909,3.831498,-0.109603,-0.003225,-0.444349,0.130435,0.0,4.652174,0.13773,0.1041,0.150424
8319,162.380905,975.859985,0.823352,0.811055,0.041667,0.0,0.089782,39455.0,0.221744,0.334678,0.143174,0.302095,-0.054294,0.503393,10.158537,-0.02,-0.8,-0.02,-0.25,-0.6,-4.0,0.489871,-0.156939,-0.014898,0.0,-0.000694,-0.126327,-0.034133,-0.015872,-0.031802,0.761611,-0.094258,-0.162866,-0.01446,-0.033186,1.69309,3.889412,-0.103251,-0.003172,-0.344505,0.083333,0.083333,4.208333,0.127167,0.108505,0.16258
8320,164.545792,959.320007,0.817436,0.801996,0.086957,0.043478,0.089703,55805.0,0.215313,0.331989,0.156631,0.327711,-0.058044,0.55469,10.203937,-0.02,-0.8,-0.02,-0.25,-0.6,-4.0,0.484042,-0.149751,-0.010143,0.0,-0.002014,-0.121222,-0.034184,-0.016152,-0.031337,0.752669,-0.096895,-0.163748,-0.014098,-0.030852,1.666666,3.841321,-0.107005,-0.001889,-0.312186,0.217391,0.0,5.043478,0.081868,0.115863,0.137485
8321,153.571976,926.080017,0.782164,0.760269,0.125,0.041667,0.089603,43126.0,0.225506,0.324164,0.150199,0.323057,-0.058275,0.541817,10.412514,-0.02,-0.8,-0.02,-0.25,-0.6,-4.0,0.466921,-0.146507,-0.017057,0.0,-0.003611,-0.132301,-0.033582,-0.016951,-0.033475,0.715109,-0.096639,-0.153863,-0.013568,-0.033363,1.586447,3.678467,-0.105442,-0.007032,-0.352788,0.333333,0.041667,4.541667,0.123176,0.122978,0.156655
8322,157.127411,927.400024,0.781543,0.770371,0.375,0.041667,0.089463,54951.0,0.235139,0.329302,0.153184,0.325411,-0.055989,0.542301,10.248837,-0.02,-0.8,-0.02,-0.25,-0.6,-4.0,0.467279,-0.147362,-0.013765,0.0,-0.003842,-0.116002,-0.033334,-0.016002,-0.03036,0.727746,-0.096791,-0.167692,-0.013503,-0.028501,1.562306,3.690338,-0.104761,-0.002572,-0.352468,0.125,0.083333,4.875,0.124807,0.123697,0.183133
8323,156.080261,953.369995,0.784214,0.785672,0.043478,0.130435,0.089496,55343.0,0.261765,0.332696,0.150628,0.301814,-0.055069,0.505595,10.225519,-0.02,-0.8,-0.02,-0.25,-0.6,-4.0,0.47178,-0.145276,-0.015024,0.0,-0.002567,-0.130287,-0.034096,-0.015975,-0.033295,0.729209,-0.101314,-0.172002,-0.015194,-0.034955,1.556314,3.70147,-0.103215,-0.003495,-0.38104,0.086957,0.086957,4.652174,0.110502,0.111038,0.128729
8324,162.019241,982.02002,0.828781,0.79526,0.041667,0.041667,0.089718,52980.0,0.248854,0.340027,0.16505,0.340311,-0.060006,0.596749,10.380438,-0.02,-0.8,-0.02,-0.25,-0.6,-4.0,0.488446,-0.153316,-0.018234,0.0,-0.001167,-0.133171,-0.034732,-0.016636,-0.033547,0.769618,-0.098763,-0.167409,-0.014385,-0.035841,1.639304,3.844003,-0.106404,-0.012832,-0.54732,0.041667,0.041667,4.833333,0.117214,0.108115,0.133066
8325,158.923615,944.460022,0.812073,0.797148,0.291667,0.083333,0.089593,40931.0,0.221256,0.329583,0.158866,0.334367,-0.06049,0.579973,10.290812,-0.02,-0.8,-0.02,-0.25,-0.6,-4.0,0.479992,-0.153659,-0.013053,0.0,-0.002712,-0.129307,-0.034053,-0.016606,-0.032133,0.748147,-0.099182,-0.172794,-0.014395,-0.033204,1.649728,3.799499,-0.107695,-0.004807,-0.444621,0.083333,0.083333,4.5,0.0884,0.114325,0.162807
8326,161.989517,963.940002,0.821496,0.800003,0.25,0.041667,0.089598,55103.0,0.236775,0.33699,0.147488,0.323076,-0.057449,0.54433,10.366095,-0.02,-0.8,-0.02,-0.25,-0.6,-4.0,0.484783,-0.15107,-0.016791,0.0,-0.004237,-0.137695,-0.034632,-0.016948,-0.034497,0.744016,-0.098647,-0.172075,-0.013591,-0.036716,1.646856,3.834901,-0.1073,-0.003014,-0.361299,0.083333,0.083333,5.041667,0.153784,0.129682,0.169943
8327,157.29863,941.77002,0.771665,0.765206,0.208333,0.0,0.089522,54628.0,0.237408,0.338526,0.15523,0.329498,-0.057745,0.550766,10.262913,-0.02,-0.8,-0.02,-0.25,-0.6,-4.0,0.470494,-0.148335,-0.012404,0.0,-0.003478,-0.124835,-0.034271,-0.017984,-0.032067,0.730135,-0.098311,-0.162735,-0.013122,-0.03224,1.579751,3.679937,-0.106669,-0.005572,-0.307688,0.25,0.083333,4.541667,0.141706,0.122052,0.156127
8328,152.93219,927.630005,0.80021,0.77534,0.391304,0.0,0.089422,56048.0,0.232833,0.327848,0.141921,0.308107,-0.056901,0.525607,10.259791,-0.02,-0.8,-0.02,-0.25,-0.6,-4.0,0.471231,-0.155947,-0.014596,0.0,-0.003656,-0.134248,-0.033789,-0.016352,-0.032331,0.734581,-0.102214,-0.158968,-0.015192,-0.034844,1.589849,3.706753,-0.104702,-0.004868,-0.334108,0.173913,0.086957,4.434783,0.123974,0.145583,0.181419
8329,155.61615,938.359985,0.788385,0.768759,0.333333,0.0,0.089434,54837.0,0.253832,0.323625,0.144872,0.29408,-0.05195,0.505733,10.334751,-0.02,-0.8,-0.02,-0.25,-0.6,-4.0,0.466023,-0.144117,-0.018825,0.0,-0.003683,-0.119191,-0.032844,-0.014778,-0.029818,0.711038,-0.097348,-0.145821,-0.012842,-0.032234,1.545028,3.694026,-0.098781,-0.003915,-0.336233,0.208333,0.083333,4.958333,0.102461,0.140269,0.192602
8330,163.95546,981.97998,0.829442,0.808415,0.208333,0.041667,0.089544,43536.0,0.260649,0.354198,0.151189,0.3161,-0.059328,0.512505,10.392241,-0.02,-0.8,-0.02,-0.25,-0.6,-4.0,0.490464,-0.157877,-0.013161,0.0,-0.001555,-0.134804,-0.035213,-0.01723,-0.033621,0.758882,-0.100057,-0.165136,-0.014306,-0.034662,1.618375,3.846218,-0.110198,-0.003117,-0.260466,0.125,0.0,19.041668,0.141339,0.120501,0.143016
8331,158.73317,949.880005,0.777558,0.782894,0.291667,0.041667,0.089544,55027.0,0.241173,0.323403,0.140034,0.289752,-0.050907,0.502876,10.128086,-0.02,-0.8,-0.02,-0.25,-0.6,-4.0,0.461601,-0.149503,-0.010088,0.0,-0.004117,-0.10975,-0.032257,-0.014432,-0.029059,0.72551,-0.093743,-0.150507,-0.012212,-0.028791,1.560893,3.656971,-0.095501,-0.003892,-0.360195,0.041667,0.0,4.291667,0.145156,0.124488,0.188994
8332,161.13765,968.73999,0.836773,0.813221,0.208333,0.0,0.089544,49711.0,0.257868,0.331322,0.152784,0.322669,-0.058485,0.549527,10.103924,-0.02,-0.8,-0.02,-0.25,-0.6,-4.0,0.487412,-0.154988,-0.015892,0.0,-0.001643,-0.129616,-0.03461,-0.016419,-0.032395,0.766528,-0.093574,-0.156082,-0.014031,-0.034559,1.62387,3.876743,-0.108527,-0.003,-0.404636,0.041667,0.0,4.875,0.125918,0.095405,0.150325
8333,165.651337,996.630005,0.834073,0.819099,0.125,0.0,0.089707,37179.0,0.272348,0.36038,0.152394,0.299639,-0.055441,0.494863,10.101887,-0.02,-0.8,-0.02,-0.25,-0.6,-4.0,0.498836,-0.156625,-0.017904,0.0,-0.000794,-0.125101,-0.035114,-0.015736,-0.031811,0.769527,-0.096943,-0.15786,-0.013459,-0.03451,1.657977,3.930019,-0.104783,-0.003,-0.293375,0.041667,0.0,4.458333,0.105278,0.107174,0.141705
8334,165.193253,975.090027,0.790142,0.795025,0.208333,0.0,0.089644,37058.0,0.238539,0.327256,0.15169,0.308139,-0.054374,0.526263,10.39662,-0.02,-0.8,-0.02,-0.25,-0.6,-4.0,0.479628,-0.153005,-0.011896,0.0,-0.002736,-0.127648,-0.033724,-0.015337,-0.032144,0.759727,-0.095259,-0.149211,-0.01251,-0.033937,1.635398,3.823551,-0.102318,-0.003099,-0.30213,0.125,0.041667,4.25,0.071103,0.116475,0.165663
8335,166.89476,992.01001,0.841365,0.826944,0.166667,0.0,0.089614,37282.0,0.219737,0.349503,0.166739,0.350372,-0.062332,0.598272,10.274242,-0.02,-0.8,-0.02,-0.25,-0.6,-4.0,0.496545,-0.156036,-0.015162,0.0,-0.001417,-0.136304,-0.036,-0.017263,-0.034432,0.771351,-0.103893,-0.177771,-0.012884,-0.033674,1.717672,3.901833,-0.113847,-0.002742,-0.395137,0.041667,0.0,3.916667,0.10847,0.100309,0.161333
8336,161.110611,949.609985,0.820392,0.79827,0.318182,0.0,0.089473,39019.0,0.235303,0.345464,0.162486,0.323038,-0.058009,0.563745,10.259201,-0.02,-0.8,-0.02,-0.25,-0.6,-4.0,0.482589,-0.151477,-0.01242,0.0,-0.003029,-0.133404,-0.034206,-0.0164,-0.031977,0.762694,-0.099723,-0.158651,-0.013191,-0.034431,1.635288,3.799181,-0.105503,-0.002705,-0.305992,0.136364,0.0,4.181818,0.095505,0.110777,0.172348
8337,163.752823,973.950012,0.805324,0.790748,0.166667,0.0,0.089456,32120.0,0.261797,0.338992,0.145136,0.311561,-0.055288,0.523399,10.184196,-0.02,-0.8,-0.02,-0.25,-0.6,-4.0,0.485134,-0.155026,-0.011657,0.0,-0.003127,-0.133488,-0.034505,-0.016418,-0.032885,0.757359,-0.101481,-0.185781,-0.014549,-0.037381,1.61026,3.841259,-0.104811,-0.002951,-0.233499,0.166667,0.0,4.791667,0.087018,0.117771,0.157146
8338,162.815018,973.77002,0.821812,0.786363,0.136364,0.0,0.089345,38618.0,0.234408,0.337458,0.156303,0.315289,-0.056014,0.559112,10.249069,-0.02,-0.8,-0.02,-0.25,-0.6,-4.0,0.482516,-0.151351,-0.009125,0.0,-0.002139,-0.126501,-0.033829,-0.015236,-0.030275,0.757305,-0.105705,-0.164355,-0.014568,-0.033533,1.647432,3.792568,-0.100913,-0.003124,-0.472376,0.181818,0.0,4.590909,0.078021,0.137571,0.157393
8339,160.713196,977.280029,0.813245,0.811465,0.125,0.041667,0.089693,36467.0,0.269763,0.355516,0.156632,0.329997,-0.057771,0.518676,10.401278,-0.02,-0.8,-0.02,-0.25,-0.6,-4.0,0.492278,-0.146137,-0.018133,0.0,-0.001071,-0.119446,-0.036092,-0.017388,-0.031844,0.74779,-0.107538,-0.183968,-0.013952,-0.029911,1.614585,3.836888,-0.110932,-0.004628,-0.316069,0.041667,0.041667,4.291667,0.16774,0.115891,0.15425
8340,165.082565,971.210022,0.838506,0.80412,0.291667,0.0,0.089787,31644.0,0.223792,0.338462,0.157307,0.316752,-0.056239,0.551284,10.118967,-0.02,-0.8,-0.02,-0.25,-0.6,-4.0,0.484155,-0.147052,-0.00835,0.0,-0.002575,-0.130391,-0.034048,-0.015969,-0.032344,0.768162,-0.099645,-0.165306,-0.013711,-0.036436,1.673793,3.832445,-0.103225,-0.001789,-0.30464,0.083333,0.0,4.333333,0.089142,0.101845,0.155301
8341,161.503662,970.0,0.811647,0.805354,0.041667,0.041667,0.090131,44289.0,0.263682,0.341392,0.157483,0.332579,-0.061155,0.560729,10.265139,-0.02,-0.8,-0.02,-0.25,-0.6,-4.0,0.486333,-0.156838,-0.018996,0.0,-0.00127,-0.135278,-0.035984,-0.018688,-0.033987,0.739698,-0.101319,-0.167038,-0.014986,-0.034579,1.625024,3.79753,-0.11305,-0.002787,-0.358335,0.125,0.125,4.166667,0.125485,0.100401,0.164985
8342,157.61586,947.900024,0.806401,0.780132,0.458333,0.0,0.090035,50229.0,0.232597,0.333506,0.155623,0.303268,-0.052955,0.519509,10.380342,-0.02,-0.8,-0.02,-0.25,-0.6,-4.0,0.479415,-0.143934,-0.010453,0.0,-0.003024,-0.114984,-0.033534,-0.0145,-0.030073,0.75754,-0.0958,-0.166816,-0.012597,-0.030924,1.641024,3.795527,-0.099026,-0.005503,-0.452462,0.125,0.0,5.166667,0.089434,0.123746,0.187663
8343,165.308762,976.72998,0.806663,0.791277,0.375,0.041667,0.08989,51041.0,0.240322,0.331672,0.155388,0.323521,-0.061438,0.546579,10.207404,-0.02,-0.8,-0.02,-0.25,-0.6,-4.0,0.480229,-0.152627,-0.015866,0.0,-0.003724,-0.148912,-0.034583,-0.017378,-0.034553,0.74988,-0.102276,-0.15931,-0.014402,-0.039265,1.623174,3.787474,-0.109944,-0.003135,-0.269743,0.041667,0.041667,4.541667,0.14528,0.134142,0.199384
8344,158.824356,955.219971,0.81039,0.804018,0.208333,0.041667,0.089799,49565.0,0.268062,0.32842,0.14245,0.290973,-0.05368,0.489046,10.33651,-0.02,-0.8,-0.02,-0.25,-0.6,-4.0,0.478182,-0.152623,-0.010393,0.0,-0.001377,-0.136736,-0.033368,-0.015559,-0.032001,0.750502,-0.088203,-0.145652,-0.013122,-0.039678,1.597596,3.791979,-0.099586,-0.00184,-0.337366,0.0,0.25,5.0,0.084511,0.104495,0.153989
8345,163.982147,963.049988,0.825663,0.801615,0.25,0.0,0.089819,50015.0,0.232265,0.34427,0.159828,0.324473,-0.057949,0.56169,10.122256,-0.02,-0.8,-0.02,-0.25,-0.6,-4.0,0.482798,-0.150805,-0.010979,0.0,-0.002195,-0.131773,-0.034684,-0.016502,-0.03236,0.770165,-0.102993,-0.171859,-0.013771,-0.035483,1.643983,3.78403,-0.106665,-0.002317,-0.24149,0.125,0.0,4.541667,0.113871,0.102617,0.160884
8346,158.769897,958.780029,0.802224,0.786325,0.166667,0.0,0.089724,50121.0,0.275877,0.338847,0.149883,0.312618,-0.057623,0.50972,10.225173,-0.02,-0.8,-0.02,-0.25,-0.6,-4.0,0.479593,-0.151634,-0.013171,0.0,-0.002778,-0.113565,-0.03465,-0.016772,-0.03146,0.754384,-0.102492,-0.174579,-0.013665,-0.030379,1.580524,3.765789,-0.106887,-0.009658,-0.287523,0.166667,0.0,3.791667,0.117013,0.111822,0.1827
8347,156.525909,949.390015,0.814682,0.78708,0.208333,0.0,0.089897,50368.0,0.241535,0.336456,0.153723,0.317162,-0.057668,0.541714,10.097504,-0.02,-0.8,-0.02,-0.25,-0.6,-4.0,0.47367,-0.148727,-0.015031,0.0,-0.003806,-0.127178,-0.034367,-0.016208,-0.031635,0.747584,-0.106292,-0.158754,-0.0134,-0.033075,1.598081,3.732839,-0.106055,-0.006244,-0.413196,0.125,0.041667,4.125,0.097129,0.123422,0.152324
8348,156.307648,948.710022,0.783782,0.785219,0.291667,0.0,0.09003,40488.0,0.247807,0.354905,0.15407,0.319587,-0.057039,0.520726,10.066599,-0.02,-0.8,-0.02,-0.25,-0.6,-4.0,0.469604,-0.141639,-0.019412,0.0,-0.003907,-0.127937,-0.034646,-0.016937,-0.033039,0.723585,-0.108335,-0.172115,-0.013973,-0.034091,1.560469,3.643394,-0.108033,-0.003296,-0.373708,0.083333,0.0,4.291667,0.122788,0.107991,0.177695
8349,160.207794,966.02002,0.814239,0.78885,0.208333,0.0,0.089871,49346.0,0.248211,0.359179,0.139416,0.290142,-0.049533,0.511978,10.187327,-0.02,-0.8,-0.02,-0.25,-0.6,-4.0,0.486403,-0.154732,-0.021755,0.0,-0.002444,-0.124752,-0.033458,-0.014661,-0.031484,0.754604,-0.096448,-0.1485,-0.012626,-0.036235,1.624585,3.837707,-0.095233,-0.011291,-0.374075,0.125,0.0,4.5,0.097013,0.123375,0.179793
8350,165.310211,977.169983,0.824564,0.80584,0.125,0.0,0.09,49180.0,0.257811,0.333571,0.146502,0.30034,-0.052775,0.511811,10.212163,-0.02,-0.8,-0.02,-0.25,-0.6,-4.0,0.489737,-0.158056,-0.016805,0.0,-0.002032,-0.120364,-0.034031,-0.01517,-0.031408,0.766911,-0.093644,-0.160129,-0.013031,-0.031468,1.643177,3.903813,-0.101312,-0.003487,-0.302476,0.125,0.0,4.208333,0.077349,0.101239,0.156667
8351,164.767593,986.72998,0.839114,0.805644,0.083333,0.0,0.089822,50746.0,0.254084,0.356101,0.162433,0.330725,-0.061188,0.557041,10.118395,-0.02,-0.8,-0.02,-0.25,-0.6,-4.0,0.494467,-0.156204,-0.012145,0.0,-0.001581,-0.140913,-0.035571,-0.017279,-0.034133,0.77973,-0.097112,-0.169433,-0.014813,-0.037547,1.648009,3.875934,-0.110149,-0.003673,-0.265737,0.125,0.041667,5.041667,0.105571,0.120045,0.141678
8352,159.701233,978.059998,0.817979,0.793117,0.166667,0.0,0.090133,40353.0,0.244746,0.340083,0.164453,0.350927,-0.061937,0.609541,10.345415,-0.02,-0.8,-0.02,-0.25,-0.6,-4.0,0.484695,-0.155916,-0.012221,0.0,-0.001905,-0.139896,-0.03579,-0.017918,-0.035197,0.763321,-0.10719,-0.173647,-0.015626,-0.036851,1.652629,3.754163,-0.112926,-0.002477,-0.664561,0.0,0.0,3.5,0.198657,0.122553,0.175552
8353,151.703018,916.159973,0.792849,0.803512,0.458333,0.0,0.090279,51911.0,0.273194,0.34428,0.151847,0.318871,-0.057682,0.513146,10.139956,-0.02,-0.8,-0.02,-0.25,-0.6,-4.0,0.474221,-0.151203,-0.013652,0.0,-0.003447,-0.123735,-0.034498,-0.017115,-0.031943,0.7335,-0.10605,-0.166929,-0.013207,-0.031387,1.555705,3.703226,-0.108121,-0.001753,-0.267307,0.25,0.0,4.833333,0.127313,0.13233,0.168122
8354,160.042496,965.669983,0.819078,0.795551,0.208333,0.0,0.090483,50325.0,0.269407,0.337724,0.143659,0.299385,-0.053252,0.501759,10.076681,-0.02,-0.8,-0.02,-0.25,-0.6,-4.0,0.481724,-0.146997,-0.019122,0.0,-0.0028,-0.132617,-0.034418,-0.015754,-0.032908,0.750411,-0.105168,-0.163654,-0.013943,-0.038425,1.585825,3.796841,-0.101127,-0.003848,-0.307643,0.083333,0.0,4.541667,0.138895,0.106256,0.170033
8355,164.076279,973.76001,0.826935,0.806718,0.125,0.0,0.090523,51140.0,0.256457,0.343127,0.155855,0.310599,-0.055727,0.538799,10.133161,-0.02,-0.8,-0.02,-0.25,-0.6,-4.0,0.488595,-0.148305,-0.016202,0.0,-0.001306,-0.128537,-0.034432,-0.015587,-0.032113,0.767344,-0.091525,-0.150915,-0.012445,-0.03533,1.647508,3.87282,-0.103864,-0.002757,-0.335082,0.041667,0.0,4.708333,0.099873,0.108485,0.14748
8356,168.989716,992.72998,0.833145,0.833506,0.125,0.0,0.090471,37399.0,0.262196,0.341755,0.16015,0.321021,-0.058092,0.552691,10.054932,-0.02,-0.8,-0.02,-0.25,-0.6,-4.0,0.495219,-0.153186,-0.012484,0.0,-0.000944,-0.131882,-0.035163,-0.016424,-0.033059,0.776941,-0.094771,-0.155196,-0.013183,-0.035675,1.666286,3.905249,-0.107711,-0.002153,-0.266303,0.041667,0.0,4.791667,0.102217,0.09596,0.139775
8357,160.604462,966.390015,0.827556,0.810641,0.304348,0.0,0.090527,51089.0,0.273711,0.342574,0.145981,0.317511,-0.056642,0.532163,10.118561,-0.02,-0.8,-0.02,-0.25,-0.6,-4.0,0.485955,-0.154064,-0.017229,0.0,-0.001917,-0.12861,-0.035016,-0.016853,-0.033346,0.756805,-0.101479,-0.168958,-0.014296,-0.034117,1.597073,3.816717,-0.107642,-0.003329,-0.325353,0.0,0.0,5.130435,0.123611,0.092943,0.150589
8358,164.123764,972.27002,0.811164,0.791767,0.217391,0.0,0.090356,51089.0,0.261178,0.341349,0.162312,0.32175,-0.056407,0.543331,10.043089,-0.02,-0.8,-0.02,-0.25,-0.6,-4.0,0.480827,-0.140496,-0.019662,0.0,-0.002915,-0.124621,-0.034218,-0.015298,-0.031745,0.743156,-0.096445,-0.163515,-0.012129,-0.032924,1.596186,3.797427,-0.104067,-0.020426,-0.330647,0.043478,0.043478,3.826087,0.11371,0.13764,0.178041
8359,161.465302,965.530029,0.830325,0.794838,0.25,0.0,0.090434,49991.0,0.253476,0.343545,0.15059,0.316192,-0.057279,0.536819,10.139778,-0.02,-0.8,-0.02,-0.25,-0.6,-4.0,0.48821,-0.153469,-0.018166,0.0,-0.001187,-0.129365,-0.034964,-0.016842,-0.033398,0.752136,-0.09474,-0.155011,-0.014188,-0.0348,1.638667,3.843795,-0.106859,-0.002748,-0.330812,0.0,0.041667,5.333333,0.125436,0.106372,0.162843
8360,169.060303,997.780029,0.84635,0.819517,0.086957,0.0,0.090055,39982.0,0.253971,0.353392,0.157212,0.310157,-0.054256,0.539354,10.038227,-0.02,-0.8,-0.02,-0.25,-0.6,-4.0,0.495789,-0.152966,-0.012746,0.0,-0.000725,-0.128163,-0.034885,-0.015673,-0.030851,0.794615,-0.10132,-0.178428,-0.013834,-0.036412,1.666085,3.912169,-0.101412,-0.003286,-0.339173,0.043478,0.0,4.73913,0.093691,0.099312,0.154093
8361,157.632538,947.869995,0.786301,0.765483,0.25,0.083333,0.090354,49735.0,0.249912,0.337149,0.149462,0.297616,-0.053672,0.504744,10.193184,-0.02,-0.8,-0.02,-0.25,-0.6,-4.0,0.465478,-0.143052,-0.015291,0.0,-0.004208,-0.118172,-0.033891,-0.01558,-0.029849,0.740472,-0.109997,-0.178952,-0.014464,-0.032531,1.555173,3.645576,-0.101192,-0.005543,-0.305707,0.125,0.041667,4.333333,0.126729,0.131376,0.156286
8362,163.430115,965.659973,0.831774,0.809817,0.217391,0.086957,0.090158,50581.0,0.216314,0.345841,0.14306,0.30302,-0.052468,0.530323,10.15889,-0.02,-0.8,-0.02,-0.25,-0.6,-4.0,0.486785,-0.157415,-0.011131,0.0,-0.001981,-0.126513,-0.03403,-0.015232,-0.03127,0.768268,-0.094467,-0.160243,-0.014197,-0.034909,1.684107,3.835498,-0.099209,-0.002553,-0.293436,0.0,0.0,5.043478,0.088726,0.114708,0.162175
8363,168.246368,999.799988,0.836706,0.83067,0.041667,0.0,0.090158,49113.0,0.278224,0.352006,0.160286,0.316426,-0.056271,0.543104,10.111345,-0.02,-0.8,-0.02,-0.25,-0.6,-4.0,0.499934,-0.152245,-0.015662,0.0,-0.000278,-0.123437,-0.035825,-0.016129,-0.032414,0.782951,-0.09403,-0.164974,-0.013062,-0.033134,1.663615,3.942875,-0.106652,-0.003302,-0.307932,0.0,0.0,4.583333,0.093099,0.099477,0.149586
8364,161.269485,975.450012,0.804763,0.798864,0.125,0.0,0.090336,40972.0,0.267086,0.340732,0.153056,0.297565,-0.053549,0.511818,10.159142,-0.02,-0.8,-0.02,-0.25,-0.6,-4.0,0.480032,-0.144847,-0.018072,0.0,-0.002153,-0.120208,-0.034062,-0.014837,-0.030554,0.747882,-0.093875,-0.155884,-0.012091,-0.032122,1.598721,3.806059,-0.101472,-0.005581,-0.443619,0.125,0.041667,5.125,0.126558,0.113301,0.118729
8365,164.530853,980.72998,0.81067,0.791969,0.083333,0.041667,0.0902,54511.0,0.241632,0.334444,0.156813,0.32557,-0.055558,0.547455,10.076012,-0.02,-0.8,-0.02,-0.25,-0.6,-4.0,0.483506,-0.15188,-0.013875,0.0,-0.003019,-0.118911,-0.034579,-0.015873,-0.031208,0.756172,-0.095991,-0.16213,-0.011641,-0.030025,1.632941,3.843464,-0.106865,-0.00305,-0.340467,0.083333,0.0,4.166667,0.114155,0.133178,0.151519
8366,166.32814,983.359985,0.826952,0.817026,0.166667,0.0,0.090168,53622.0,0.247174,0.359924,0.155766,0.322021,-0.058525,0.550755,9.990271,-0.02,-0.8,-0.02,-0.25,-0.6,-4.0,0.494672,-0.16326,-0.010327,0.0,-0.001187,-0.130714,-0.035233,-0.017008,-0.033624,0.780142,-0.104325,-0.177689,-0.0144,-0.034675,1.661826,3.872011,-0.106227,-0.003002,-0.304957,0.041667,0.0,4.458333,0.069511,0.091992,0.152851
8367,165.474731,970.609985,0.816607,0.795272,0.166667,0.0,0.089951,54353.0,0.221147,0.329849,0.153327,0.315268,-0.054809,0.530766,10.202887,-0.02,-0.8,-0.02,-0.25,-0.6,-4.0,0.483187,-0.151174,-0.00846,0.0,-0.001544,-0.116967,-0.033722,-0.015085,-0.031381,0.767964,-0.087269,-0.148609,-0.011865,-0.030865,1.65891,3.848025,-0.103175,-0.002785,-0.345393,0.041667,0.0,5.125,0.063806,0.097112,0.162648
8368,161.304794,972.099976,0.813328,0.80492,0.208333,0.0,0.089918,53415.0,0.223368,0.350752,0.150573,0.306253,-0.054003,0.534421,10.089126,-0.02,-0.8,-0.02,-0.25,-0.6,-4.0,0.489749,-0.157052,-0.018285,0.0,-0.001782,-0.121819,-0.034931,-0.015912,-0.03155,0.756738,-0.103952,-0.165603,-0.013706,-0.03145,1.687418,3.855813,-0.10379,-0.002796,-0.309807,0.041667,0.0,5.083333,0.095898,0.099279,0.157955
8369,161.480804,967.789978,0.803428,0.798432,0.125,0.041667,0.089875,42200.0,0.276133,0.359509,0.157222,0.334104,-0.058531,0.540404,10.228512,-0.02,-0.8,-0.02,-0.25,-0.6,-4.0,0.485604,-0.153945,-0.019675,0.0,-0.002333,-0.132548,-0.035827,-0.01783,-0.033702,0.754049,-0.113514,-0.18386,-0.015944,-0.033089,1.59596,3.772576,-0.110919,-0.00417,-0.354006,0.083333,0.0,4.75,0.121653,0.106284,0.175271
8370,162.313354,964.76001,0.766387,0.754576,0.166667,0.0,0.090006,54113.0,0.274547,0.32422,0.136435,0.283712,-0.04923,0.463427,10.169196,-0.02,-0.8,-0.02,-0.25,-0.6,-4.0,0.457863,-0.146959,-0.021838,0.0,-0.004877,-0.109907,-0.032178,-0.014425,-0.02875,0.715113,-0.095356,-0.150449,-0.01204,-0.030545,1.482106,3.631591,-0.094868,-0.002416,-0.278778,0.166667,0.083333,4.5,0.109401,0.157163,0.178953
8371,159.94696,951.539978,0.825726,0.800932,0.208333,0.041667,0.089969,54050.0,0.274959,0.33507,0.155409,0.305029,-0.052685,0.52552,10.106188,-0.02,-0.8,-0.02,-0.25,-0.6,-4.0,0.483776,-0.150626,-0.0131,0.0,-0.001919,-0.121472,-0.033651,-0.014647,-0.029602,0.767215,-0.096659,-0.15477,-0.012656,-0.03306,1.595675,3.853386,-0.099808,-0.002832,-0.304105,0.083333,0.041667,5.208333,0.093125,0.112703,0.141297
8372,159.388855,961.75,0.803295,0.797437,0.208333,0.0,0.090002,53956.0,0.257271,0.337157,0.159002,0.321861,-0.056528,0.550216,10.135918,-0.02,-0.8,-0.02,-0.25,-0.6,-4.0,0.486411,-0.148586,-0.016077,0.0,-0.001476,-0.130836,-0.034774,-0.015835,-0.03264,0.763261,-0.094649,-0.165875,-0.013741,-0.036222,1.622244,3.854031,-0.103666,-0.002573,-0.395174,0.0,0.0,18.041668,0.095783,0.109645,0.151891
8373,160.465027,952.369995,0.828428,0.808111,0.25,0.083333,0.090049,42315.0,0.262833,0.340957,0.150324,0.314166,-0.055474,0.536792,10.302703,-0.02,-0.8,-0.02,-0.25,-0.6,-4.0,0.481126,-0.154265,-0.015869,0.0,-0.002962,-0.115342,-0.034377,-0.015551,-0.03082,0.754763,-0.101882,-0.155616,-0.012644,-0.030112,1.586538,3.810128,-0.104811,-0.002577,-0.315547,0.041667,0.0,4.833333,0.108581,0.108287,0.169641
8374,162.571259,962.789978,0.814435,0.801936,0.125,0.0,0.089896,54939.0,0.276026,0.360857,0.142875,0.30347,-0.053801,0.494659,10.252295,-0.02,-0.8,-0.02,-0.25,-0.6,-4.0,0.482384,-0.15673,-0.022292,0.0,-0.001458,-0.141138,-0.034485,-0.016538,-0.032863,0.745094,-0.093972,-0.154925,-0.014517,-0.039426,1.570982,3.772644,-0.103325,-0.003364,-0.242651,0.041667,0.083333,4.541667,0.144158,0.107088,0.157644
8375,152.783752,923.02002,0.798147,0.791067,0.458333,0.0,0.089992,51884.0,0.269786,0.339095,0.142198,0.311613,-0.057958,0.521357,10.337036,-0.02,-0.8,-0.02,-0.25,-0.6,-4.0,0.469668,-0.152876,-0.018906,0.0,-0.003562,-0.134058,-0.034164,-0.016821,-0.032477,0.719195,-0.099023,-0.161045,-0.014793,-0.036466,1.540911,3.69179,-0.106456,-0.002904,-0.374294,0.083333,0.125,4.166667,0.09343,0.117189,0.178338
8376,152.645599,928.849976,0.798141,0.771936,0.333333,0.083333,0.089998,54451.0,0.246776,0.332763,0.148066,0.316657,-0.057661,0.540301,10.298899,-0.02,-0.8,-0.02,-0.25,-0.6,-4.0,0.466015,-0.144258,-0.015308,0.0,-0.004901,-0.135669,-0.034397,-0.0169,-0.033569,0.738916,-0.09847,-0.162185,-0.013136,-0.035223,1.569592,3.648083,-0.105304,-0.002656,-0.336171,0.25,0.0,4.041667,0.090989,0.110591,0.195444
8377,160.32132,970.820007,0.7936,0.805666,0.130435,0.0,0.089988,36648.0,0.283384,0.337151,0.154456,0.318573,-0.055587,0.527675,10.261499,-0.02,-0.8,-0.02,-0.25,-0.6,-4.0,0.48748,-0.151161,-0.020876,0.0,-0.001217,-0.128506,-0.035267,-0.01675,-0.033195,0.755011,-0.101032,-0.169182,-0.01283,-0.03512,1.590964,3.845496,-0.106936,-0.002647,-0.330395,0.086957,0.086957,4.347826,0.131292,0.098912,0.157844
8378,154.752701,961.200012,0.796954,0.785708,0.217391,0.043478,0.090128,36850.0,0.268734,0.34908,0.145313,0.292962,-0.054487,0.470259,10.348627,-0.02,-0.8,-0.02,-0.25,-0.6,-4.0,0.481103,-0.144343,-0.024515,0.0,-0.003014,-0.132775,-0.034998,-0.016826,-0.033203,0.740183,-0.105285,-0.175446,-0.012897,-0.037048,1.576658,3.77687,-0.105173,-0.003249,-0.478963,0.130435,0.0,4.347826,0.125892,0.110372,0.155857
8379,158.258301,949.789978,0.805994,0.786609,0.347826,0.043478,0.090231,37098.0,0.282806,0.335706,0.161855,0.334667,-0.061203,0.531197,10.215258,-0.02,-0.8,-0.02,-0.25,-0.6,-4.0,0.475798,-0.142422,-0.021523,0.0,-0.002811,-0.131013,-0.035249,-0.017108,-0.033055,0.727823,-0.099941,-0.167023,-0.014233,-0.034247,1.518553,3.743379,-0.111582,-0.019867,-0.341305,0.086957,0.130435,4.73913,0.122607,0.109856,0.154452
8380,158.290344,928.900024,0.805542,0.768383,0.304348,0.043478,0.090392,31190.0,0.219393,0.327617,0.144498,0.299026,-0.052949,0.514154,10.431277,-0.02,-0.8,-0.02,-0.25,-0.6,-4.0,0.478008,-0.158676,-0.017285,0.0,-0.002568,-0.110147,-0.033311,-0.01453,-0.029077,0.749357,-0.090447,-0.144139,-0.013412,-0.029218,1.642867,3.815077,-0.099522,-0.001939,-0.273415,0.130435,0.043478,4.73913,0.067626,0.120245,0.135767
8381,161.067642,976.109985,0.801468,0.795406,0.125,0.0,0.090268,37700.0,0.29587,0.354162,0.157015,0.341075,-0.059695,0.557381,10.194061,-0.02,-0.8,-0.02,-0.25,-0.6,-4.0,0.488591,-0.155575,-0.028744,0.0,-0.001905,-0.122887,-0.036634,-0.017901,-0.032141,0.74423,-0.110314,-0.191578,-0.014627,-0.031226,1.573399,3.803632,-0.112942,-0.003967,-0.239109,0.083333,0.0,4.125,0.169406,0.111141,0.158635
8382,166.826797,984.640015,0.845189,0.82236,0.083333,0.0,0.090349,35788.0,0.250103,0.340531,0.165892,0.323797,-0.057957,0.567389,10.19477,-0.02,-0.8,-0.02,-0.25,-0.6,-4.0,0.495884,-0.150552,-0.012456,0.0,-0.000655,-0.137628,-0.035247,-0.016446,-0.033445,0.786354,-0.092106,-0.15887,-0.014122,-0.037776,1.676671,3.914956,-0.104544,-0.003181,-0.32916,0.041667,0.0,4.208333,0.094751,0.110016,0.123605
8383,163.604263,961.630005,0.801408,0.773493,0.375,0.0,0.090245,38020.0,0.221859,0.32268,0.138498,0.294952,-0.053303,0.505773,10.1765,-0.02,-0.8,-0.02,-0.25,-0.6,-4.0,0.471726,-0.15524,-0.013957,0.0,-0.004099,-0.119607,-0.033331,-0.015095,-0.030578,0.738594,-0.09107,-0.145096,-0.01371,-0.032945,1.603257,3.751009,-0.101336,-0.002263,-0.244098,0.166667,0.0,4.833333,0.100333,0.12553,0.154894
8384,155.886871,935.960022,0.786955,0.782364,0.166667,0.0,0.090102,31302.0,0.253875,0.328467,0.146575,0.291855,-0.050513,0.493845,10.154648,-0.02,-0.8,-0.02,-0.25,-0.6,-4.0,0.471971,-0.145364,-0.021254,0.0,-0.002341,-0.113638,-0.033654,-0.014601,-0.0291,0.730666,-0.097294,-0.156384,-0.01206,-0.030482,1.570763,3.74403,-0.098895,-0.003323,-0.371038,0.125,0.083333,4.458333,0.168079,0.118344,0.148414
8385,170.157486,994.090027,0.844909,0.821757,0.041667,0.041667,0.090207,38007.0,0.217629,0.350341,0.147851,0.312622,-0.056812,0.531027,10.127241,-0.02,-0.8,-0.02,-0.25,-0.6,-4.0,0.492252,-0.157682,-0.009727,0.0,-0.001071,-0.132988,-0.035548,-0.017359,-0.034626,0.778025,-0.097358,-0.161858,-0.01359,-0.035348,1.712238,3.870367,-0.10897,-0.002097,-0.197922,0.083333,0.0,5.208333,0.087897,0.094041,0.119649
8386,162.482727,953.619995,0.792875,0.795673,0.291667,0.041667,0.090392,50176.0,0.258203,0.329215,0.150488,0.315912,-0.05494,0.524695,9.980314,-0.02,-0.8,-0.02,-0.25,-0.6,-4.0,0.474981,-0.149952,-0.017215,0.0,-0.003194,-0.118044,-0.034338,-0.015803,-0.031219,0.743008,-0.102871,-0.15828,-0.013069,-0.030802,1.583184,3.763233,-0.104974,-0.003234,-0.30319,0.125,0.083333,4.916667,0.110979,0.133947,0.174104
8387,165.11467,980.809998,0.821896,0.816311,0.166667,0.0,0.090591,39287.0,0.273742,0.351721,0.154287,0.310875,-0.055664,0.53507,10.147944,-0.02,-0.8,-0.02,-0.25,-0.6,-4.0,0.490953,-0.15602,-0.015925,0.0,-0.002198,-0.125104,-0.034873,-0.015454,-0.031918,0.780599,-0.093844,-0.157465,-0.013077,-0.034712,1.626133,3.869054,-0.103947,-0.001971,-0.240023,0.208333,0.0,4.208333,0.108055,0.110587,0.163526
8388,166.648071,988.380005,0.818113,0.817439,0.125,0.0,0.090695,50668.0,0.243029,0.347724,0.166,0.345667,-0.058834,0.597166,10.050661,-0.02,-0.8,-0.02,-0.25,-0.6,-4.0,0.495913,-0.154862,-0.014302,0.0,-0.001597,-0.124653,-0.035836,-0.016492,-0.032326,0.795754,-0.101252,-0.179623,-0.014028,-0.032795,1.686043,3.89739,-0.107469,-0.008949,-0.351264,0.041667,0.0,4.166667,0.126378,0.101513,0.145985
8389,160.015701,945.52002,0.795259,0.765026,0.291667,0.0,0.09066,50224.0,0.242757,0.328919,0.137686,0.278859,-0.049806,0.473719,10.151538,-0.02,-0.8,-0.02,-0.25,-0.6,-4.0,0.472092,-0.144742,-0.018705,0.0,-0.003214,-0.120463,-0.033036,-0.014294,-0.03006,0.739581,-0.094991,-0.149925,-0.012274,-0.035624,1.603025,3.750673,-0.096615,-0.00205,-0.215907,0.041667,0.0,4.083333,0.103498,0.137726,0.180133
8390,163.564178,996.119995,0.836066,0.817055,0.041667,0.041667,0.090703,49276.0,0.268047,0.347877,0.157126,0.334381,-0.058069,0.557499,10.14343,-0.02,-0.8,-0.02,-0.25,-0.6,-4.0,0.498382,-0.153354,-0.016625,0.0,-0.000667,-0.141371,-0.036258,-0.016744,-0.034814,0.781276,-0.093511,-0.16353,-0.01322,-0.038761,1.657205,3.924333,-0.110635,-0.003305,-0.490041,0.0,0.0,4.416667,0.131609,0.11108,0.140831
8391,166.765778,992.119995,0.841988,0.808169,0.086957,0.0,0.090594,37392.0,0.274268,0.341788,0.143515,0.302707,-0.052314,0.510131,10.17177,-0.02,-0.8,-0.02,-0.25,-0.6,-4.0,0.493536,-0.155631,-0.019056,0.0,-0.001014,-0.126365,-0.034626,-0.015266,-0.031633,0.774596,-0.090549,-0.1505,-0.012439,-0.03412,1.643305,3.918149,-0.101851,-0.004903,-0.29703,0.0,0.043478,4.347826,0.100791,0.088437,0.12893
8392,164.666367,977.599976,0.812977,0.793455,0.208333,0.0,0.090642,49637.0,0.228381,0.338218,0.15591,0.304012,-0.054305,0.524111,10.251098,-0.02,-0.8,-0.02,-0.25,-0.6,-4.0,0.485031,-0.152816,-0.014103,0.0,-0.001935,-0.127569,-0.034455,-0.016121,-0.031657,0.774611,-0.09983,-0.174731,-0.013331,-0.033412,1.668451,3.827749,-0.101396,-0.002628,-0.290696,0.041667,0.041667,4.666667,0.10042,0.110457,0.152919
8393,162.578964,983.799988,0.830347,0.79523,0.125,0.0,0.090649,49674.0,0.260847,0.356782,0.160368,0.324069,-0.056929,0.538653,10.307472,-0.02,-0.8,-0.02,-0.25,-0.6,-4.0,0.493477,-0.154985,-0.014136,0.0,-0.00084,-0.125079,-0.035901,-0.016108,-0.031516,0.776647,-0.098161,-0.175313,-0.014004,-0.033008,1.628674,3.882609,-0.107987,-0.003861,-0.455447,0.083333,0.0,4.208333,0.099003,0.117647,0.159362
8394,161.914612,961.679993,0.811081,0.80253,0.291667,0.0,0.090587,50373.0,0.257383,0.337466,0.15162,0.318398,-0.054786,0.52187,10.209295,-0.02,-0.8,-0.02,-0.25,-0.6,-4.0,0.479318,-0.151281,-0.012144,0.0,-0.003758,-0.121584,-0.034638,-0.016008,-0.031268,0.750264,-0.098728,-0.159622,-0.012802,-0.032693,1.608123,3.776127,-0.10492,-0.00309,-0.310285,0.208333,0.0,4.583333,0.118991,0.112184,0.159212
8395,157.624557,943.780029,0.812506,0.79709,0.25,0.0,0.090572,39627.0,0.252607,0.3419,0.163862,0.320178,-0.057299,0.544667,10.335417,-0.02,-0.8,-0.02,-0.25,-0.6,-4.0,0.483009,-0.141397,-0.011832,0.0,-0.002542,-0.128137,-0.034712,-0.015879,-0.031361,0.762516,-0.095795,-0.162983,-0.012366,-0.034617,1.624622,3.817691,-0.105289,-0.013228,-0.316024,0.166667,0.0,4.625,0.077992,0.117282,0.165994
8396,160.889969,967.02002,0.817981,0.795927,0.208333,0.0,0.090757,49725.0,0.263651,0.357739,0.157299,0.318144,-0.056071,0.535552,10.166093,-0.02,-0.8,-0.02,-0.25,-0.6,-4.0,0.487387,-0.149188,-0.020348,0.0,-0.001976,-0.13568,-0.035313,-0.01606,-0.033128,0.75664,-0.10197,-0.160524,-0.014949,-0.037974,1.617188,3.792185,-0.10479,-0.001983,-0.277419,0.166667,0.0,4.75,0.119605,0.128131,0.162024
8397,158.952713,962.77002,0.822316,0.795108,0.208333,0.041667,0.090723,45857.0,0.270632,0.336286,0.15017,0.318064,-0.056056,0.531366,10.100204,-0.02,-0.8,-0.02,-0.25,-0.6,-4.0,0.486157,-0.155909,-0.020582,0.0,-0.002328,-0.123498,-0.034798,-0.015753,-0.031142,0.752243,-0.092104,-0.151365,-0.012869,-0.032414,1.601755,3.867479,-0.105484,-0.003553,-0.354213,0.125,0.0,4.875,0.100623,0.100549,0.156881
8398,166.757446,983.710022,0.84208,0.805583,0.083333,0.0,0.090878,38346.0,0.257556,0.337617,0.162687,0.326947,-0.05677,0.575785,10.16931,-0.02,-0.8,-0.02,-0.25,-0.6,-4.0,0.493452,-0.157311,-0.013493,0.0,-0.000905,-0.122815,-0.035126,-0.015683,-0.030978,0.779405,-0.094909,-0.16232,-0.01335,-0.032042,1.664236,3.904881,-0.105759,-0.005408,-0.373935,0.041667,0.041667,4.666667,0.095069,0.108682,0.138643
8399,163.223114,982.539978,0.83382,0.799648,0.173913,0.0,0.091009,34079.0,0.259316,0.338691,0.149478,0.298887,-0.052962,0.517152,10.415776,-0.02,-0.8,-0.02,-0.25,-0.6,-4.0,0.489742,-0.149409,-0.014564,0.0,-0.001449,-0.134094,-0.034756,-0.015295,-0.032391,0.782283,-0.091544,-0.15219,-0.013231,-0.038619,1.644589,3.872695,-0.10252,-0.005493,-0.384211,0.043478,0.043478,4.391304,0.101269,0.111836,0.154941
8400,160.477585,969.130005,0.774087,0.759174,0.208333,0.041667,0.090866,38324.0,0.266381,0.337854,0.143969,0.293398,-0.051384,0.496715,10.094367,-0.02,-0.8,-0.02,-0.25,-0.6,-4.0,0.468268,-0.145955,-0.028446,0.0,-0.004157,-0.120652,-0.033844,-0.015113,-0.031227,0.729619,-0.102619,-0.158549,-0.012767,-0.03326,1.5323,3.679638,-0.100408,-0.0029,-0.383364,0.125,0.041667,4.208333,0.130619,0.122761,0.162076
8401,159.655045,965.090027,0.812911,0.781074,0.25,0.0,0.090925,37770.0,0.255334,0.347003,0.132489,0.271587,-0.04895,0.45794,10.301208,-0.02,-0.8,-0.02,-0.25,-0.6,-4.0,0.472729,-0.153866,-0.015652,0.0,-0.002824,-0.116477,-0.033372,-0.014123,-0.029093,0.748496,-0.091001,-0.149066,-0.012898,-0.033318,1.582809,3.723093,-0.096278,-0.003101,-0.251081,0.0,0.041667,4.958333,0.124955,0.124463,0.186914
8402,162.684021,960.919983,0.814262,0.795854,0.173913,0.0,0.090858,31854.0,0.233307,0.340509,0.15754,0.307385,-0.055708,0.516002,10.205093,-0.02,-0.8,-0.02,-0.25,-0.6,-4.0,0.483333,-0.148631,-0.014932,0.0,-0.002048,-0.124211,-0.034883,-0.016062,-0.031099,0.752824,-0.098179,-0.169276,-0.01385,-0.03327,1.645717,3.813002,-0.104689,-0.010258,-0.248737,0.130435,0.043478,4.73913,0.090201,0.115167,0.137391
8403,164.617264,974.73999,0.801043,0.810098,0.208333,0.041667,0.090874,38341.0,0.239969,0.34906,0.154381,0.333771,-0.057407,0.553678,10.333797,-0.02,-0.8,-0.02,-0.25,-0.6,-4.0,0.488174,-0.156089,-0.016568,0.0,-0.002224,-0.126727,-0.035621,-0.016959,-0.032594,0.74956,-0.103071,-0.171002,-0.013712,-0.033616,1.651663,3.831256,-0.110044,-0.005087,-0.277303,0.083333,0.0,4.625,0.102752,0.104195,0.144077
8404,159.953552,964.450012,0.816189,0.808496,0.086957,0.0,0.090745,38099.0,0.236351,0.352694,0.162427,0.329747,-0.056727,0.558487,10.2457,-0.02,-0.8,-0.02,-0.25,-0.6,-4.0,0.487451,-0.150844,-0.013141,0.0,-0.001601,-0.129777,-0.035499,-0.016308,-0.032367,0.763945,-0.101714,-0.16813,-0.014612,-0.036091,1.65539,3.804616,-0.106459,-0.00412,-0.447288,0.217391,0.0,4.695652,0.090464,0.096535,0.139606
8405,155.585464,935.75,0.823265,0.788129,0.291667,0.0,0.090775,31012.0,0.244323,0.331101,0.151028,0.305509,-0.055233,0.518458,10.337593,-0.02,-0.8,-0.02,-0.25,-0.6,-4.0,0.47535,-0.147375,-0.017378,0.0,-0.002605,-0.120363,-0.034237,-0.015232,-0.030735,0.746615,-0.097896,-0.162938,-0.013451,-0.032197,1.600763,3.758654,-0.103304,-0.002739,-0.396566,0.166667,0.041667,4.916667,0.100346,0.111248,0.155232
8406,161.971985,964.539978,0.825204,0.80906,0.208333,0.0,0.09068,48276.0,0.26203,0.340782,0.145125,0.309885,-0.053674,0.514188,10.425464,-0.02,-0.8,-0.02,-0.25,-0.6,-4.0,0.486548,-0.155873,-0.020687,0.0,-0.002071,-0.120951,-0.034998,-0.015706,-0.031927,0.750355,-0.09764,-0.160314,-0.012975,-0.032328,1.607021,3.843495,-0.10442,-0.004193,-0.212011,0.083333,0.0,5.041667,0.106827,0.116526,0.167427
8407,157.462646,970.390015,0.830581,0.809521,0.166667,0.0,0.09078,55133.0,0.230302,0.340946,0.174404,0.360101,-0.05996,0.620907,10.299501,-0.02,-0.8,-0.02,-0.25,-0.6,-4.0,0.489752,-0.149281,-0.015504,0.0,-0.001435,-0.127271,-0.035747,-0.016855,-0.031401,0.782644,-0.090737,-0.156868,-0.013097,-0.032652,1.682102,3.865972,-0.109887,-0.00222,-0.644188,0.041667,0.0,3.958333,0.087755,0.113315,0.145716
8408,161.691757,967.539978,0.832302,0.811381,0.25,0.0,0.09058,54684.0,0.250185,0.338189,0.144209,0.314394,-0.055345,0.515626,10.309687,-0.02,-0.8,-0.02,-0.25,-0.6,-4.0,0.479671,-0.157232,-0.014933,0.0,-0.002664,-0.124711,-0.034685,-0.016188,-0.031996,0.744443,-0.099081,-0.154962,-0.013054,-0.034157,1.601868,3.778149,-0.106375,-0.002619,-0.383272,0.083333,0.0,4.75,0.133716,0.10809,0.149174
8409,167.794769,988.659973,0.827868,0.822724,0.083333,0.0,0.090341,40025.0,0.224867,0.340871,0.156423,0.311103,-0.053137,0.568111,10.208743,-0.02,-0.8,-0.02,-0.25,-0.6,-4.0,0.495309,-0.154382,-0.009917,0.0,-0.001042,-0.13135,-0.034733,-0.014765,-0.032339,0.802102,-0.091354,-0.155133,-0.01326,-0.038804,1.721114,3.92059,-0.099307,-0.005035,-0.479136,0.083333,0.0,4.708333,0.06617,0.115573,0.142052
8410,161.263809,968.440002,0.821017,0.806446,0.083333,0.0,0.090291,53392.0,0.296598,0.35403,0.152457,0.32216,-0.053574,0.514238,10.313398,-0.02,-0.8,-0.02,-0.25,-0.6,-4.0,0.487293,-0.147538,-0.022396,0.0,-0.001494,-0.119714,-0.035031,-0.015194,-0.030722,0.750857,-0.098301,-0.156863,-0.012666,-0.032122,1.575186,3.822146,-0.105094,-0.002549,-0.318813,0.166667,0.0,5.166667,0.142221,0.106351,0.140282
8411,158.147583,950.890015,0.802188,0.791862,0.291667,0.041667,0.090315,54466.0,0.260018,0.338624,0.153446,0.341632,-0.060277,0.54915,10.474033,-0.02,-0.8,-0.02,-0.25,-0.6,-4.0,0.473494,-0.150339,-0.02051,0.0,-0.003321,-0.1451,-0.035541,-0.018535,-0.034591,0.72441,-0.103971,-0.16699,-0.015589,-0.037049,1.565709,3.702558,-0.113234,-0.003213,-0.32739,0.125,0.083333,4.625,0.137043,0.13386,0.16014
8412,156.990494,941.299988,0.810131,0.804106,0.291667,0.0,0.090294,54815.0,0.246132,0.350761,0.153123,0.324019,-0.055751,0.552384,10.210308,-0.02,-0.8,-0.02,-0.25,-0.6,-4.0,0.477219,-0.155599,-0.014145,0.0,-0.002661,-0.13491,-0.034643,-0.016237,-0.032826,0.755397,-0.102907,-0.167237,-0.014045,-0.035487,1.581599,3.738708,-0.105046,-0.003463,-0.41847,0.125,0.083333,5.0,0.122538,0.107622,0.13668
8413,169.802658,996.349976,0.817191,0.81073,0.166667,0.0,0.090343,54349.0,0.298614,0.336448,0.143033,0.302422,-0.052591,0.508042,10.444971,-0.02,-0.8,-0.02,-0.25,-0.6,-4.0,0.484719,-0.153498,-0.018766,0.0,-0.002006,-0.126257,-0.034201,-0.014861,-0.03132,0.759275,-0.09109,-0.152674,-0.013826,-0.036265,1.559441,3.854943,-0.100479,-0.005039,-0.299303,0.125,0.041667,17.416668,0.102818,0.130227,0.147132
8414,171.481079,999.659973,0.84251,0.827503,0.083333,0.0,0.090264,42412.0,0.257833,0.356001,0.161624,0.340705,-0.060058,0.577532,10.260622,-0.02,-0.8,-0.02,-0.25,-0.6,-4.0,0.497309,-0.160712,-0.014662,0.0,-0.000972,-0.13811,-0.036253,-0.01729,-0.033611,0.79173,-0.096256,-0.166627,-0.015338,-0.035827,1.666754,3.909185,-0.111997,-0.002962,-0.263688,0.041667,0.041667,4.75,0.065911,0.088304,0.126888
8415,157.304504,942.619995,0.806109,0.795877,0.25,0.0,0.090276,54621.0,0.259431,0.349597,0.154753,0.332234,-0.059364,0.525765,10.149359,-0.02,-0.8,-0.02,-0.25,-0.6,-4.0,0.478742,-0.159813,-0.016413,0.0,-0.002007,-0.133993,-0.034947,-0.017016,-0.033051,0.732114,-0.097745,-0.157843,-0.015597,-0.035209,1.563266,3.736005,-0.109585,-0.003043,-0.277618,0.041667,0.041667,4.791667,0.16753,0.114113,0.126286
8416,159.409485,965.210022,0.808696,0.79905,0.166667,0.041667,0.090116,55157.0,0.251211,0.342799,0.155027,0.315968,-0.056789,0.530603,10.300053,-0.02,-0.8,-0.02,-0.25,-0.6,-4.0,0.481808,-0.152855,-0.018038,0.0,-0.003102,-0.129439,-0.034744,-0.015594,-0.031657,0.749685,-0.100322,-0.152139,-0.013413,-0.036308,1.603545,3.792782,-0.106307,-0.002151,-0.320423,0.083333,0.0,4.75,0.116597,0.117669,0.167688
8417,163.428314,965.400024,0.814765,0.799688,0.333333,0.0,0.0903,54525.0,0.216718,0.345907,0.151129,0.307319,-0.054216,0.538665,10.280365,-0.02,-0.8,-0.02,-0.25,-0.6,-4.0,0.486596,-0.147779,-0.011307,0.0,-0.002532,-0.133228,-0.034961,-0.015275,-0.031889,0.771158,-0.099468,-0.164626,-0.015189,-0.040026,1.678424,3.81687,-0.102417,-0.003692,-0.250794,0.041667,0.0,4.708333,0.078504,0.099666,0.173218
8418,162.676376,988.609985,0.823039,0.8038,0.166667,0.0,0.090164,41687.0,0.285658,0.339991,0.148312,0.304061,-0.053098,0.50556,10.435575,-0.02,-0.8,-0.02,-0.25,-0.6,-4.0,0.492096,-0.161974,-0.021476,0.0,-0.002877,-0.129441,-0.034749,-0.015552,-0.031777,0.769457,-0.096513,-0.15615,-0.013061,-0.037299,1.613316,3.929921,-0.102429,-0.011482,-0.426893,0.125,0.0,3.916667,0.080349,0.113352,0.158208
8419,162.555588,974.440002,0.822308,0.805504,0.130435,0.0,0.090225,38771.0,0.244924,0.350216,0.159274,0.339246,-0.057085,0.562164,10.298514,-0.02,-0.8,-0.02,-0.25,-0.6,-4.0,0.488643,-0.147723,-0.014278,0.0,-0.001971,-0.13358,-0.035903,-0.016761,-0.032725,0.763284,-0.106456,-0.175299,-0.015249,-0.03597,1.651067,3.799441,-0.107613,-0.003698,-0.416655,0.086957,0.0,3.869565,0.141533,0.1109,0.150361
8420,157.439728,951.429993,0.806952,0.796039,0.217391,0.0,0.090162,36999.0,0.231562,0.335825,0.159107,0.331773,-0.058932,0.563535,10.25411,-0.02,-0.8,-0.02,-0.25,-0.6,-4.0,0.480053,-0.149552,-0.016552,0.0,-0.002261,-0.140278,-0.035872,-0.017531,-0.034713,0.75416,-0.102705,-0.161599,-0.013756,-0.036245,1.63179,3.750902,-0.111195,-0.005078,-0.493763,0.173913,0.043478,4.217391,0.144311,0.110874,0.16148
8421,164.273682,984.72998,0.830022,0.825798,0.130435,0.0,0.0902,40330.0,0.288299,0.351458,0.157727,0.323803,-0.057234,0.538197,10.296422,-0.02,-0.8,-0.02,-0.25,-0.6,-4.0,0.49329,-0.153,-0.023944,0.0,-0.001656,-0.127342,-0.035423,-0.015956,-0.031542,0.771199,-0.093414,-0.162971,-0.013052,-0.035618,1.605041,3.887604,-0.107542,-0.003901,-0.319488,0.086957,0.0,5.043478,0.091472,0.101222,0.152046
8422,162.901596,966.200012,0.81821,0.804604,0.130435,0.0,0.090207,30711.0,0.22737,0.349613,0.156441,0.318673,-0.055439,0.528366,10.29693,-0.02,-0.8,-0.02,-0.25,-0.6,-4.0,0.487436,-0.155192,-0.015079,0.0,-0.001459,-0.112316,-0.035577,-0.015462,-0.030664,0.756404,-0.096261,-0.158486,-0.013031,-0.028743,1.663957,3.822326,-0.107269,-0.002539,-0.316834,0.086957,0.086957,4.782609,0.144863,0.119359,0.147194
8423,155.239288,936.23999,0.796713,0.790137,0.25,0.083333,0.090583,36946.0,0.255093,0.337466,0.144057,0.308465,-0.053505,0.50247,10.398458,-0.02,-0.8,-0.02,-0.25,-0.6,-4.0,0.469384,-0.150533,-0.013626,0.0,-0.003479,-0.12604,-0.033921,-0.016299,-0.031116,0.736047,-0.105849,-0.165874,-0.014749,-0.034592,1.543882,3.681756,-0.103219,-0.00244,-0.343487,0.166667,0.0,4.458333,0.141435,0.10996,0.173929
8424,154.475494,921.630005,0.798822,0.787525,0.25,0.0,0.090617,35766.0,0.228389,0.335385,0.149471,0.320625,-0.054512,0.526689,10.403084,-0.02,-0.8,-0.02,-0.25,-0.6,-4.0,0.473079,-0.157268,-0.009722,0.0,-0.002271,-0.121734,-0.033941,-0.015611,-0.030008,0.745353,-0.096636,-0.154697,-0.013224,-0.032115,1.607056,3.735778,-0.104091,-0.002142,-0.402952,0.166667,0.125,3.916667,0.105439,0.114082,0.181412
8425,164.824982,993.840027,0.791272,0.800735,0.25,0.041667,0.090497,30784.0,0.243854,0.335414,0.149358,0.312974,-0.054947,0.533293,10.446577,-0.02,-0.8,-0.02,-0.25,-0.6,-4.0,0.479703,-0.149703,-0.012253,0.0,-0.002347,-0.12512,-0.034726,-0.015595,-0.03245,0.757006,-0.098431,-0.158917,-0.013497,-0.03493,1.635113,3.773702,-0.104729,-0.002005,-0.393673,0.041667,0.041667,5.25,0.097845,0.108578,0.166558
8426,158.750839,939.309998,0.778929,0.770393,0.333333,0.0,0.090536,39089.0,0.23293,0.333677,0.145771,0.303448,-0.051657,0.516454,10.441946,-0.02,-0.8,-0.02,-0.25,-0.6,-4.0,0.466128,-0.147378,-0.012098,0.0,-0.003641,-0.13352,-0.033342,-0.015831,-0.032029,0.734883,-0.097524,-0.160345,-0.013538,-0.037001,1.581248,3.650297,-0.098729,-0.006693,-0.22183,0.125,0.0,4.5,0.115133,0.115585,0.174818
8427,156.708969,946.039978,0.798479,0.796035,0.375,0.0,0.09049,37598.0,0.243463,0.336332,0.150306,0.324115,-0.056887,0.537267,10.426036,-0.02,-0.8,-0.02,-0.25,-0.6,-4.0,0.480942,-0.15332,-0.016932,0.0,-0.002522,-0.131988,-0.035104,-0.016833,-0.033084,0.736975,-0.092998,-0.153195,-0.013607,-0.036111,1.604102,3.791142,-0.107097,-0.002206,-0.394267,0.041667,0.0,4.791667,0.102075,0.104874,0.176381
8428,160.392365,976.460022,0.83304,0.800504,0.166667,0.0,0.090768,39202.0,0.273635,0.344769,0.158224,0.325604,-0.058492,0.534518,10.502372,-0.02,-0.8,-0.02,-0.25,-0.6,-4.0,0.490101,-0.148965,-0.025481,0.0,-0.001907,-0.120437,-0.035544,-0.016168,-0.031129,0.755576,-0.097208,-0.162344,-0.013439,-0.030901,1.613459,3.874197,-0.10943,-0.003386,-0.338027,0.083333,0.0,5.291667,0.124862,0.103318,0.153651
8429,164.646698,986.809998,0.835497,0.830342,0.083333,0.0,0.090878,50281.0,0.246757,0.350754,0.160467,0.358694,-0.063887,0.595518,10.409302,-0.02,-0.8,-0.02,-0.25,-0.6,-4.0,0.493694,-0.158861,-0.012821,0.0,-0.001111,-0.131972,-0.036989,-0.018494,-0.034773,0.761503,-0.097958,-0.162864,-0.014919,-0.033122,1.660615,3.858532,-0.119007,-0.002582,-0.431148,0.041667,0.041667,4.125,0.107811,0.088507,0.126738
8430,158.617294,958.380005,0.789834,0.789576,0.375,0.0,0.09094,50108.0,0.265721,0.339087,0.143371,0.303267,-0.054731,0.485977,10.358356,-0.02,-0.8,-0.02,-0.25,-0.6,-4.0,0.477158,-0.154279,-0.019588,0.0,-0.004383,-0.121543,-0.035113,-0.017014,-0.031743,0.730145,-0.101153,-0.17161,-0.013988,-0.031638,1.570171,3.749229,-0.106641,-0.002807,-0.266676,0.083333,0.0,4.083333,0.130077,0.13431,0.196952
8431,160.845657,973.219971,0.793454,0.800979,0.208333,0.0,0.09081,54409.0,0.264864,0.354787,0.158473,0.353348,-0.062854,0.55023,10.415783,-0.02,-0.8,-0.02,-0.25,-0.6,-4.0,0.48828,-0.155543,-0.028236,0.0,-0.002525,-0.139525,-0.036835,-0.019142,-0.035057,0.736845,-0.111301,-0.18533,-0.015741,-0.03509,1.584631,3.805144,-0.119169,-0.003501,-0.31169,0.125,0.0,3.875,0.12567,0.121818,0.146057
8432,156.06926,960.080017,0.791812,0.802751,0.26087,0.0,0.090825,41989.0,0.272022,0.354469,0.151797,0.328089,-0.0575,0.52569,10.321486,-0.02,-0.8,-0.02,-0.25,-0.6,-4.0,0.481571,-0.155892,-0.019045,0.0,-0.002625,-0.152687,-0.035837,-0.017922,-0.036134,0.743148,-0.109837,-0.173315,-0.016106,-0.040593,1.570246,3.723728,-0.109206,-0.003909,-0.409744,0.130435,0.0,4.652174,0.153605,0.142078,0.154878
8433,156.586029,945.75,0.796429,0.775277,0.375,0.0,0.091033,50091.0,0.243285,0.333924,0.157943,0.340694,-0.060345,0.556064,10.266479,-0.02,-0.8,-0.02,-0.25,-0.6,-4.0,0.468782,-0.145236,-0.013189,0.0,-0.003294,-0.133882,-0.035217,-0.017965,-0.03345,0.72159,-0.103601,-0.168118,-0.013416,-0.034744,1.573927,3.641572,-0.113255,-0.002592,-0.320444,0.041667,0.125,4.166667,0.130935,0.118313,0.189751
8434,162.215317,961.320007,0.824544,0.799487,0.166667,0.0,0.090928,47600.0,0.234253,0.334287,0.159304,0.323213,-0.057703,0.551731,10.368566,-0.02,-0.8,-0.02,-0.25,-0.6,-4.0,0.483152,-0.150527,-0.015118,0.0,-0.002028,-0.136088,-0.034683,-0.016186,-0.032146,0.764278,-0.091929,-0.150277,-0.013582,-0.037406,1.64507,3.83778,-0.107646,-0.002316,-0.326837,0.125,0.041667,5.0,0.085275,0.113298,0.148768
8435,169.168747,988.02002,0.835329,0.83143,0.041667,0.0,0.090709,53748.0,0.234017,0.337074,0.143133,0.28212,-0.049923,0.497423,10.221762,-0.02,-0.8,-0.02,-0.25,-0.6,-4.0,0.492959,-0.154903,-0.015666,0.0,-0.001405,-0.116,-0.033997,-0.014165,-0.031328,0.783235,-0.092994,-0.137577,-0.013547,-0.032963,1.682702,3.923795,-0.095938,-0.002061,-0.191841,0.083333,0.0,3.583333,0.089321,0.099183,0.149588
8436,157.904373,965.140015,0.80869,0.808488,0.083333,0.0,0.090654,39339.0,0.304587,0.341981,0.154427,0.326068,-0.056665,0.530726,10.349863,-0.02,-0.8,-0.02,-0.25,-0.6,-4.0,0.486711,-0.151011,-0.019294,0.0,-0.001614,-0.128435,-0.035067,-0.016072,-0.032087,0.754755,-0.098704,-0.163971,-0.013614,-0.035267,1.554364,3.827462,-0.107068,-0.01068,-0.416877,0.166667,0.0,5.041667,0.12464,0.116275,0.135811
8437,158.21434,943.219971,0.807929,0.788301,0.208333,0.083333,0.090694,50899.0,0.242136,0.335655,0.156881,0.327331,-0.058498,0.546878,10.311862,-0.02,-0.8,-0.02,-0.25,-0.6,-4.0,0.478053,-0.151045,-0.015484,0.0,-0.002321,-0.135757,-0.035195,-0.017528,-0.033486,0.748737,-0.100539,-0.166482,-0.01497,-0.035478,1.615187,3.754377,-0.108893,-0.004443,-0.36365,0.125,0.083333,4.458333,0.110905,0.113606,0.145583
8438,162.338181,949.929993,0.812107,0.801915,0.375,0.041667,0.090699,49224.0,0.244049,0.342055,0.147628,0.317576,-0.054785,0.537108,10.392108,-0.02,-0.8,-0.02,-0.25,-0.6,-4.0,0.482264,-0.151509,-0.013957,0.0,-0.002715,-0.121034,-0.034794,-0.01571,-0.031135,0.75902,-0.098606,-0.157379,-0.013065,-0.032647,1.622777,3.798397,-0.104845,-0.002205,-0.31065,0.208333,0.041667,4.875,0.093846,0.11986,0.151718
8439,155.055679,946.719971,0.808115,0.793518,0.291667,0.0,0.090633,43232.0,0.286938,0.343048,0.148172,0.301337,-0.057366,0.498064,10.41431,-0.02,-0.8,-0.02,-0.25,-0.6,-4.0,0.478035,-0.150108,-0.024156,0.0,-0.00255,-0.135054,-0.035049,-0.016613,-0.033244,0.740182,-0.103505,-0.170899,-0.015324,-0.037807,1.524563,3.742399,-0.106321,-0.010392,-0.369867,0.166667,0.0,4.583333,0.099103,0.126352,0.134026
8440,161.265259,969.960022,0.808534,0.813949,0.041667,0.0,0.0906,29446.0,0.229197,0.35175,0.159942,0.344635,-0.060553,0.571731,10.29779,-0.02,-0.8,-0.02,-0.25,-0.6,-4.0,0.486205,-0.159505,-0.01109,0.0,-0.000556,-0.126725,-0.035666,-0.017179,-0.032462,0.759048,-0.096276,-0.158637,-0.014235,-0.032324,1.659332,3.791127,-0.111278,-0.002992,-0.37921,0.0,0.125,4.75,0.115117,0.098173,0.137393
8441,162.54306,979.700012,0.824698,0.818913,0.130435,0.043478,0.090513,39876.0,0.263901,0.352854,0.15545,0.322271,-0.057739,0.521424,10.325686,-0.02,-0.8,-0.02,-0.25,-0.6,-4.0,0.488025,-0.1588,-0.015781,0.0,-0.003174,-0.131078,-0.035849,-0.016961,-0.032606,0.756879,-0.107339,-0.166809,-0.014147,-0.034396,1.619111,3.848434,-0.111513,-0.003752,-0.367406,0.130435,0.0,3.869565,0.120244,0.116998,0.144262
8442,161.341736,987.030029,0.822636,0.81651,0.208333,0.0,0.090519,38113.0,0.264201,0.357218,0.157152,0.310718,-0.053952,0.525975,10.256422,-0.02,-0.8,-0.02,-0.25,-0.6,-4.0,0.492798,-0.148077,-0.020453,0.0,-0.001152,-0.127205,-0.03593,-0.016153,-0.031696,0.764477,-0.105374,-0.183112,-0.014027,-0.035694,1.637372,3.848186,-0.105007,-0.003572,-0.412755,0.0,0.0,5.0,0.1279,0.114821,0.132872
8443,158.625,976.359985,0.819272,0.794165,0.173913,0.0,0.090608,30498.0,0.306289,0.346106,0.149335,0.308775,-0.056384,0.497118,10.363456,-0.02,-0.8,-0.02,-0.25,-0.6,-4.0,0.487758,-0.148085,-0.017479,0.0,-0.001237,-0.134513,-0.035071,-0.016602,-0.033286,0.751531,-0.104836,-0.17254,-0.015384,-0.037343,1.557411,3.821928,-0.106995,-0.0042,-0.353698,0.043478,0.086957,4.391304,0.123781,0.10837,0.137494
8444,160.729904,959.51001,0.791585,0.792436,0.166667,0.041667,0.090543,36168.0,0.228022,0.334056,0.151221,0.308974,-0.052797,0.531067,10.28308,-0.02,-0.8,-0.02,-0.25,-0.6,-4.0,0.481724,-0.150783,-0.015056,0.0,-0.002106,-0.116752,-0.034071,-0.014912,-0.029817,0.760131,-0.092998,-0.155985,-0.012783,-0.031976,1.643055,3.810811,-0.102033,-0.002916,-0.363267,0.125,0.0,4.5,0.074223,0.104819,0.164509
8445,162.022919,965.849976,0.812052,0.793651,0.26087,0.0,0.090481,36374.0,0.231338,0.329859,0.162402,0.340243,-0.058167,0.565362,10.242828,-0.02,-0.8,-0.02,-0.25,-0.6,-4.0,0.481408,-0.147241,-0.013644,0.0,-0.002667,-0.120649,-0.035083,-0.016472,-0.031902,0.750819,-0.094095,-0.158512,-0.012756,-0.03024,1.636498,3.803489,-0.109592,-0.002569,-0.507819,0.086957,0.043478,5.173913,0.100532,0.103973,0.160212
8446,163.342758,980.679993,0.817779,0.83234,0.041667,0.041667,0.090315,31748.0,0.248852,0.340812,0.161084,0.335156,-0.058428,0.553545,10.167353,-0.02,-0.8,-0.02,-0.25,-0.6,-4.0,0.492291,-0.155074,-0.013765,0.0,-0.00112,-0.130986,-0.035951,-0.016877,-0.033824,0.763142,-0.093022,-0.157694,-0.013033,-0.03413,1.66271,3.884215,-0.111693,-0.002537,-0.343573,0.125,0.083333,4.416667,0.121083,0.10926,0.135981
8447,166.982117,983.25,0.82489,0.830657,0.125,0.041667,0.090223,37037.0,0.259398,0.341643,0.164346,0.344087,-0.060014,0.561704,10.195991,-0.02,-0.8,-0.02,-0.25,-0.6,-4.0,0.491411,-0.152409,-0.014272,0.0,-0.001167,-0.124903,-0.036249,-0.017306,-0.033282,0.761529,-0.098152,-0.16783,-0.013588,-0.031029,1.636369,3.838079,-0.113432,-0.002406,-0.341647,0.0,0.0,5.0,0.171809,0.10051,0.136725
8448,158.556625,941.390015,0.785166,0.77995,0.217391,0.043478,0.090124,35401.0,0.253459,0.333902,0.159553,0.328734,-0.058813,0.527749,10.140385,-0.02,-0.8,-0.02,-0.25,-0.6,-4.0,0.472191,-0.147371,-0.0129,0.0,-0.003483,-0.129839,-0.03482,-0.016805,-0.032809,0.741849,-0.103199,-0.164516,-0.012213,-0.03337,1.568392,3.70557,-0.109826,-0.002502,-0.293738,0.173913,0.043478,4.782609,0.103592,0.123748,0.150676
8449,160.742035,972.390015,0.827536,0.802681,0.166667,0.0,0.090202,30306.0,0.24565,0.34658,0.163176,0.330741,-0.058421,0.563649,10.11593,-0.02,-0.8,-0.02,-0.25,-0.6,-4.0,0.491606,-0.151815,-0.014889,0.0,-0.0012,-0.13291,-0.036098,-0.016583,-0.03384,0.763342,-0.097461,-0.160777,-0.012537,-0.03507,1.674161,3.846316,-0.110799,-0.002698,-0.51602,0.041667,0.0,4.625,0.127138,0.106439,0.155345
8450,164.629028,965.409973,0.830177,0.817535,0.166667,0.0,0.09025,37515.0,0.209759,0.334915,0.162987,0.337051,-0.058823,0.565876,10.239283,-0.02,-0.8,-0.02,-0.25,-0.6,-4.0,0.48698,-0.157752,-0.012025,0.0,-0.00203,-0.131903,-0.035519,-0.017333,-0.033329,0.755887,-0.094627,-0.155813,-0.01363,-0.031721,1.699649,3.827814,-0.110809,-0.002221,-0.250262,0.125,0.0,4.375,0.118457,0.113056,0.135544
8451,162.833038,985.349976,0.827013,0.818172,0.166667,0.041667,0.09014,36118.0,0.257445,0.356341,0.145149,0.301917,-0.054547,0.505647,10.05532,-0.02,-0.8,-0.02,-0.25,-0.6,-4.0,0.490204,-0.154576,-0.017907,0.0,-0.001775,-0.130743,-0.035336,-0.016665,-0.033523,0.760836,-0.105238,-0.162649,-0.014199,-0.03722,1.630248,3.842703,-0.105462,-0.006257,-0.337768,0.083333,0.041667,5.041667,0.103322,0.097763,0.135306
8452,162.512283,966.619995,0.81503,0.804307,0.217391,0.0,0.090279,30728.0,0.225918,0.349292,0.154342,0.310787,-0.057257,0.524879,10.14735,-0.02,-0.8,-0.02,-0.25,-0.6,-4.0,0.486814,-0.155378,-0.014904,0.0,-0.00206,-0.11935,-0.035574,-0.01667,-0.031017,0.756817,-0.096829,-0.159146,-0.013442,-0.0299,1.665763,3.820168,-0.109722,-0.002138,-0.451286,0.086957,0.0,5.0,0.09045,0.090766,0.152906
8453,160.536316,971.309998,0.837645,0.802237,0.166667,0.0,0.090471,39783.0,0.226794,0.352262,0.150267,0.296092,-0.054375,0.494858,10.135876,-0.02,-0.8,-0.02,-0.25,-0.6,-4.0,0.489325,-0.160926,-0.018533,0.0,-0.002923,-0.116446,-0.034635,-0.01574,-0.031019,0.755736,-0.094739,-0.157776,-0.013397,-0.031321,1.689877,3.856567,-0.104359,-0.003304,-0.320604,0.166667,0.041667,4.708333,0.10029,0.112491,0.15625
8454,163.579422,977.73999,0.811332,0.803952,0.166667,0.0,0.090135,37465.0,0.251831,0.349362,0.164728,0.326408,-0.057815,0.545651,10.183802,-0.02,-0.8,-0.02,-0.25,-0.6,-4.0,0.486228,-0.142115,-0.018269,0.0,-0.001296,-0.122945,-0.035422,-0.015652,-0.031423,0.759188,-0.097702,-0.163026,-0.014056,-0.033577,1.643024,3.804049,-0.106978,-0.002939,-0.404256,0.0,0.0,5.458333,0.106065,0.104705,0.163056
8455,163.167572,977.450012,0.818028,0.801737,0.086957,0.0,0.090085,29225.0,0.245532,0.344546,0.158599,0.308144,-0.056254,0.510816,10.098291,-0.02,-0.8,-0.02,-0.25,-0.6,-4.0,0.486021,-0.147843,-0.01662,0.0,-0.001531,-0.128257,-0.035007,-0.01576,-0.031511,0.765496,-0.093239,-0.160418,-0.012846,-0.035672,1.635897,3.829273,-0.106164,-0.002239,-0.318643,0.130435,0.0,18.391304,0.100276,0.0905,0.144732
8456,157.002518,938.719971,0.768297,0.768594,0.333333,0.0,0.089954,37332.0,0.224694,0.31789,0.151911,0.309338,-0.055189,0.526946,10.022925,-0.02,-0.8,-0.02,-0.25,-0.6,-4.0,0.459198,-0.144593,-0.014829,0.0,-0.004569,-0.112827,-0.033417,-0.016056,-0.028903,0.706684,-0.103058,-0.160086,-0.012715,-0.027861,1.572968,3.617606,-0.103301,-0.029507,-0.37477,0.166667,0.041667,4.125,0.109298,0.116707,0.165976
8457,166.843872,994.219971,0.842919,0.8276,0.041667,0.0,0.089849,37125.0,0.256123,0.351886,0.153826,0.341834,-0.0618,0.552016,10.052817,-0.02,-0.8,-0.02,-0.25,-0.6,-4.0,0.497594,-0.176365,-0.014503,0.0,-0.000333,-0.131953,-0.035855,-0.017692,-0.032482,0.767774,-0.093058,-0.153265,-0.016149,-0.032657,1.651587,3.915976,-0.114929,-0.005397,-0.329525,0.0,0.0,4.833333,0.117855,0.094257,0.13225
8458,151.527664,940.119995,0.764575,0.737825,0.375,0.0,0.089944,30195.0,0.238219,0.326234,0.141486,0.294942,-0.052128,0.49982,10.086285,-0.02,-0.8,-0.02,-0.25,-0.6,-4.0,0.45768,-0.144826,-0.01516,0.0,-0.004368,-0.131374,-0.032761,-0.0149,-0.030203,0.707514,-0.097958,-0.145851,-0.014406,-0.036606,1.528858,3.601867,-0.098036,-0.002289,-0.487511,0.125,0.0,4.291667,0.090669,0.126701,0.163093
8459,163.658066,972.440002,0.816376,0.814902,0.208333,0.0,0.090071,36461.0,0.227825,0.344757,0.164364,0.342965,-0.061535,0.576493,10.036119,-0.02,-0.8,-0.02,-0.25,-0.6,-4.0,0.491269,-0.15342,-0.014049,0.0,-0.001731,-0.146185,-0.036024,-0.0177,-0.034502,0.769832,-0.099015,-0.169758,-0.014131,-0.040197,1.670009,3.860554,-0.112754,-0.003258,-0.329895,0.083333,0.0,4.833333,0.08692,0.11235,0.14968
8460,164.353149,977.789978,0.82555,0.797655,0.125,0.0,0.089947,37473.0,0.26349,0.339912,0.148575,0.313617,-0.056433,0.544711,10.113321,-0.02,-0.8,-0.02,-0.25,-0.6,-4.0,0.488266,-0.159189,-0.018997,0.0,-0.002,-0.13,-0.034999,-0.016523,-0.033215,0.764072,-0.095133,-0.152221,-0.013216,-0.035307,1.62062,3.86364,-0.108007,-0.003176,-0.270082,0.083333,0.0,3.916667,0.123325,0.096965,0.145855
8461,160.5271,965.599976,0.797635,0.79653,0.136364,0.045455,0.089956,38492.0,0.243621,0.342359,0.165284,0.362467,-0.065278,0.580027,10.131254,-0.02,-0.8,-0.02,-0.25,-0.6,-4.0,0.484394,-0.148714,-0.020632,0.0,-0.001864,-0.15718,-0.037044,-0.019971,-0.03807,0.725777,-0.104618,-0.172809,-0.015713,-0.03971,1.610248,3.749637,-0.121541,-0.00322,-0.294086,0.045455,0.0,4.181818,0.146271,0.103407,0.166735
8462,159.945648,965.710022,0.812806,0.802169,0.208333,0.0,0.090077,30856.0,0.264921,0.335693,0.14754,0.299611,-0.054539,0.50731,10.028221,-0.02,-0.8,-0.02,-0.25,-0.6,-4.0,0.48539,-0.156147,-0.018993,0.0,-0.001911,-0.118178,-0.034665,-0.015446,-0.031442,0.759222,-0.094982,-0.153667,-0.013497,-0.031592,1.607772,3.860949,-0.105953,-0.002234,-0.373293,0.041667,0.041667,4.958333,0.088779,0.10143,0.158364
8463,158.834961,946.22998,0.814604,0.79756,0.318182,0.0,0.090173,36854.0,0.247421,0.346872,0.16784,0.347033,-0.062255,0.581934,10.15268,-0.02,-0.8,-0.02,-0.25,-0.6,-4.0,0.481988,-0.150041,-0.012688,0.0,-0.002203,-0.137608,-0.036205,-0.018082,-0.032759,0.760426,-0.114565,-0.194908,-0.01674,-0.034001,1.630523,3.752357,-0.114413,-0.008241,-0.428391,0.090909,0.0,4.727273,0.086652,0.105534,0.158436
8464,162.774933,981.98999,0.821183,0.816713,0.125,0.0,0.090174,36552.0,0.251406,0.360492,0.145112,0.305461,-0.05663,0.487897,10.027479,-0.02,-0.8,-0.02,-0.25,-0.6,-4.0,0.490986,-0.152866,-0.014796,0.0,-0.001157,-0.117642,-0.036242,-0.016885,-0.032313,0.755046,-0.109107,-0.177036,-0.014526,-0.031672,1.645549,3.813689,-0.110789,-0.002221,-0.257323,0.041667,0.041667,4.166667,0.192255,0.102848,0.156371
8465,160.450699,947.880005,0.800834,0.789733,0.375,0.083333,0.089994,38542.0,0.232933,0.325322,0.146506,0.311064,-0.058284,0.529841,10.124901,-0.02,-0.8,-0.02,-0.25,-0.6,-4.0,0.473259,-0.157965,-0.010936,0.0,-0.003235,-0.121895,-0.033978,-0.016408,-0.031231,0.738761,-0.089692,-0.141929,-0.014665,-0.031859,1.613944,3.736631,-0.107031,-0.002571,-0.303981,0.083333,0.0,4.666667,0.088461,0.122486,0.16972
8466,158.944,961.859985,0.823857,0.804096,0.125,0.041667,0.089858,51402.0,0.282437,0.357169,0.158076,0.314696,-0.055162,0.525751,10.041272,-0.02,-0.8,-0.02,-0.25,-0.6,-4.0,0.484401,-0.144202,-0.025394,0.0,-0.002407,-0.126061,-0.035502,-0.01592,-0.031579,0.749901,-0.105091,-0.173335,-0.01409,-0.034613,1.572596,3.771858,-0.104534,-0.003558,-0.40004,0.166667,0.041667,4.375,0.128034,0.106631,0.159806
8467,162.831787,975.909973,0.806973,0.802859,0.208333,0.041667,0.089777,50662.0,0.252447,0.347365,0.150995,0.301196,-0.053412,0.519742,10.117718,-0.02,-0.8,-0.02,-0.25,-0.6,-4.0,0.488591,-0.146598,-0.01911,0.0,-0.001442,-0.12462,-0.035019,-0.015288,-0.031718,0.760769,-0.095392,-0.161199,-0.0131,-0.035722,1.642958,3.838162,-0.100726,-0.003782,-0.420464,0.0,0.0,5.375,0.116483,0.096923,0.149836
8468,158.509918,947.719971,0.799735,0.780901,0.541667,0.0,0.089899,49824.0,0.25341,0.342945,0.152054,0.312003,-0.05464,0.533295,10.191124,-0.02,-0.8,-0.02,-0.25,-0.6,-4.0,0.475459,-0.143966,-0.016883,0.0,-0.004382,-0.132598,-0.034659,-0.016166,-0.031916,0.730052,-0.110762,-0.163212,-0.013927,-0.035914,1.580921,3.718673,-0.104749,-0.004264,-0.303022,0.083333,0.0,4.708333,0.14308,0.126473,0.18499
8469,160.510468,978.840027,0.805477,0.801664,0.25,0.0,0.089636,39167.0,0.238081,0.351209,0.154191,0.329083,-0.058878,0.537637,9.926246,-0.02,-0.8,-0.02,-0.25,-0.6,-4.0,0.489854,-0.15436,-0.020028,0.0,-0.001836,-0.136607,-0.035866,-0.017595,-0.034293,0.743926,-0.106295,-0.169284,-0.015355,-0.035653,1.64698,3.842115,-0.111334,-0.008595,-0.360407,0.125,0.0,4.916667,0.115775,0.140888,0.150726
8470,161.260788,963.0,0.812069,0.805275,0.166667,0.0,0.08973,50481.0,0.220935,0.346318,0.149894,0.309254,-0.055177,0.522284,9.973723,-0.02,-0.8,-0.02,-0.25,-0.6,-4.0,0.484642,-0.152135,-0.014055,0.0,-0.002014,-0.118053,-0.034802,-0.016161,-0.030924,0.750141,-0.10249,-0.166207,-0.015406,-0.030471,1.667042,3.798434,-0.104105,-0.010333,-0.306493,0.166667,0.083333,4.666667,0.120165,0.102851,0.143237
8471,162.520309,963.609985,0.822223,0.794971,0.208333,0.0,0.089858,50646.0,0.221914,0.342804,0.158994,0.33638,-0.059285,0.552031,10.031557,-0.02,-0.8,-0.02,-0.25,-0.6,-4.0,0.48731,-0.148551,-0.01538,0.0,-0.001365,-0.122557,-0.035498,-0.016764,-0.032998,0.755303,-0.09787,-0.159173,-0.012546,-0.031697,1.676908,3.841116,-0.111984,-0.003295,-0.355163,0.0,0.0,3.791667,0.101074,0.096706,0.169189
8472,162.25354,969.530029,0.81715,0.805173,0.125,0.0,0.089949,51731.0,0.272637,0.348624,0.146707,0.320233,-0.056797,0.534548,9.904716,-0.02,-0.8,-0.02,-0.25,-0.6,-4.0,0.485933,-0.161022,-0.017072,0.0,-0.001752,-0.13029,-0.035063,-0.016602,-0.033159,0.755865,-0.100414,-0.167491,-0.014878,-0.035415,1.592791,3.819452,-0.108148,-0.00695,-0.267013,0.166667,0.083333,4.458333,0.125661,0.108909,0.154939
8473,154.129974,954.419983,0.79598,0.784341,0.125,0.041667,0.090035,38899.0,0.272148,0.345087,0.161742,0.320009,-0.06006,0.520214,10.077735,-0.02,-0.8,-0.02,-0.25,-0.6,-4.0,0.476213,-0.141128,-0.01433,0.0,-0.002374,-0.13571,-0.035262,-0.017449,-0.033937,0.742506,-0.096359,-0.165979,-0.014199,-0.037186,1.562736,3.717188,-0.109751,-0.012184,-0.856822,0.083333,0.083333,3.958333,0.108289,0.104101,0.126921
8474,167.450211,982.210022,0.822584,0.811994,0.217391,0.043478,0.089874,50037.0,0.217114,0.348302,0.153239,0.31809,-0.058057,0.542082,9.946694,-0.02,-0.8,-0.02,-0.25,-0.6,-4.0,0.491085,-0.157285,-0.008518,0.0,-0.002642,-0.131766,-0.035361,-0.016662,-0.033586,0.768304,-0.097158,-0.161382,-0.013448,-0.034485,1.689367,3.867496,-0.109264,-0.002509,-0.260401,0.086957,0.0,4.521739,0.098345,0.121618,0.157541
8475,162.621979,980.049988,0.836473,0.833539,0.041667,0.041667,0.090046,49928.0,0.261511,0.356408,0.155077,0.309016,-0.055799,0.529872,9.865214,-0.02,-0.8,-0.02,-0.25,-0.6,-4.0,0.492751,-0.149981,-0.015676,0.0,-0.000889,-0.123728,-0.034781,-0.015584,-0.031638,0.776052,-0.09437,-0.157041,-0.012783,-0.034953,1.645058,3.87665,-0.104488,-0.004201,-0.368358,0.083333,0.0,4.583333,0.079075,0.096885,0.128515
8476,163.445099,962.210022,0.800837,0.804872,0.25,0.0,0.090122,49906.0,0.229676,0.335454,0.164175,0.346173,-0.060441,0.597805,9.962942,-0.02,-0.8,-0.02,-0.25,-0.6,-4.0,0.483256,-0.157834,-0.011998,0.0,-0.001991,-0.145204,-0.035478,-0.017874,-0.035001,0.763569,-0.103106,-0.161882,-0.014264,-0.037718,1.654572,3.806791,-0.110517,-0.003011,-0.306173,0.041667,0.0,4.875,0.091836,0.113123,0.149217
8477,151.022949,916.809998,0.791027,0.75963,0.375,0.166667,0.08976,37664.0,0.270873,0.326701,0.137001,0.297641,-0.051574,0.473376,10.084436,-0.02,-0.8,-0.02,-0.25,-0.6,-4.0,0.462792,-0.144361,-0.014869,0.0,-0.004093,-0.113874,-0.033315,-0.015603,-0.029745,0.69559,-0.099721,-0.150845,-0.013591,-0.029928,1.497335,3.652189,-0.102296,-0.00327,-0.314861,0.083333,0.0,3.5,0.163393,0.114043,0.214061
8478,160.649643,948.530029,0.801763,0.792493,0.125,0.0,0.089356,50682.0,0.234949,0.33423,0.15839,0.327637,-0.057444,0.54647,10.008387,-0.02,-0.8,-0.02,-0.25,-0.6,-4.0,0.479261,-0.14789,-0.012037,0.0,-0.001599,-0.128474,-0.034373,-0.016283,-0.033024,0.750203,-0.092087,-0.157113,-0.014178,-0.032707,1.620988,3.756284,-0.107402,-0.001933,-0.256446,0.083333,0.166667,5.0,0.108249,0.102311,0.13231
8479,157.765121,952.22998,0.793947,0.786548,0.208333,0.0,0.089033,49701.0,0.275425,0.336587,0.150818,0.310453,-0.054026,0.506267,9.990616,-0.02,-0.8,-0.02,-0.25,-0.6,-4.0,0.478943,-0.148568,-0.018612,0.0,-0.002389,-0.124714,-0.034425,-0.01596,-0.031667,0.740209,-0.096933,-0.160537,-0.013405,-0.033777,1.559809,3.768209,-0.105001,-0.003497,-0.311693,0.083333,0.083333,4.875,0.128148,0.111517,0.169632
8480,167.002899,994.039978,0.857966,0.831399,0.083333,0.0,0.088934,50700.0,0.262489,0.346739,0.154439,0.306645,-0.054077,0.533813,9.949799,-0.02,-0.8,-0.02,-0.25,-0.6,-4.0,0.497411,-0.150066,-0.011925,0.0,-0.00075,-0.119569,-0.03473,-0.014948,-0.031171,0.784673,-0.093361,-0.152202,-0.013092,-0.03338,1.662844,3.924067,-0.101883,-0.002477,-0.342,0.0,0.0,4.791667,0.10148,0.096806,0.132035
8481,160.464859,956.030029,0.805996,0.782887,0.083333,0.0,0.08885,38892.0,0.217427,0.331667,0.147924,0.300477,-0.05442,0.518486,9.999983,-0.02,-0.8,-0.02,-0.25,-0.6,-4.0,0.473489,-0.148422,-0.015885,0.0,-0.002696,-0.122204,-0.033856,-0.016121,-0.031661,0.747132,-0.09305,-0.155858,-0.01366,-0.031416,1.631963,3.738535,-0.102544,-0.002813,-0.398424,0.291667,0.041667,4.416667,0.088394,0.137963,0.158311
8482,166.190292,984.219971,0.824213,0.825194,0.130435,0.0,0.088648,51509.0,0.256344,0.342291,0.166619,0.339094,-0.060901,0.567804,10.068319,-0.02,-0.8,-0.02,-0.25,-0.6,-4.0,0.495246,-0.152514,-0.013692,0.0,-0.000773,-0.120716,-0.035477,-0.016708,-0.032068,0.780804,-0.094361,-0.163308,-0.013754,-0.031752,1.649042,3.902401,-0.111211,-0.005552,-0.303051,0.0,0.0,4.956522,0.071926,0.102368,0.145335
8483,160.954956,960.690002,0.800624,0.790518,0.083333,0.083333,0.088457,49215.0,0.263509,0.341579,0.149166,0.324578,-0.058006,0.540544,10.018248,-0.02,-0.8,-0.02,-0.25,-0.6,-4.0,0.477332,-0.14905,-0.015298,0.0,-0.002988,-0.133044,-0.035111,-0.017376,-0.032946,0.748023,-0.098902,-0.173651,-0.013978,-0.036357,1.575258,3.737616,-0.110038,-0.002597,-0.339525,0.166667,0.0,3.791667,0.110516,0.114486,0.150039
8484,166.719742,992.820007,0.834296,0.827778,0.0,0.0,0.088509,51114.0,0.24738,0.340607,0.154653,0.309983,-0.053516,0.541926,9.995222,-0.02,-0.8,-0.02,-0.25,-0.6,-4.0,0.492987,-0.150944,-0.011317,0.0,-0.000655,-0.116212,-0.034181,-0.014631,-0.030162,0.775787,-0.089938,-0.154376,-0.012598,-0.03212,1.678615,3.916831,-0.100868,-0.003238,-0.316207,0.083333,0.0,5.25,0.080234,0.090159,0.127953
8485,169.513077,996.900024,0.814145,0.821805,0.043478,0.0,0.088451,40397.0,0.215965,0.352494,0.159803,0.338519,-0.060415,0.547406,10.06308,-0.02,-0.8,-0.02,-0.25,-0.6,-4.0,0.498654,-0.154683,-0.013777,0.0,-0.000348,-0.127532,-0.036094,-0.017289,-0.034433,0.760539,-0.091174,-0.152433,-0.012312,-0.032984,1.732976,3.919635,-0.116197,-0.002217,-0.257083,0.0,0.0,4.391304,0.095052,0.081407,0.135806
8486,166.032318,964.840027,0.822235,0.824672,0.083333,0.0,0.088608,51197.0,0.23269,0.334527,0.152171,0.317194,-0.056745,0.539722,10.058382,-0.02,-0.8,-0.02,-0.25,-0.6,-4.0,0.486436,-0.154326,-0.010352,0.0,-0.001155,-0.119738,-0.03452,-0.015808,-0.031679,0.760101,-0.087322,-0.148848,-0.01199,-0.032188,1.663733,3.858489,-0.106611,-0.002892,-0.27649,0.083333,0.041667,4.625,0.063743,0.098023,0.136031
8487,161.00296,948.640015,0.830824,0.809289,0.173913,0.043478,0.088751,49263.0,0.224739,0.330761,0.156103,0.320999,-0.056697,0.554996,10.133289,-0.02,-0.8,-0.02,-0.25,-0.6,-4.0,0.481605,-0.152005,-0.012388,0.0,-0.002004,-0.118655,-0.034061,-0.015958,-0.030405,0.758768,-0.095074,-0.155276,-0.012897,-0.030875,1.643561,3.820425,-0.105905,-0.002265,-0.381377,0.130435,0.043478,5.130435,0.101471,0.096543,0.15648
8488,161.517502,974.780029,0.796665,0.793777,0.208333,0.0,0.088699,48897.0,0.236683,0.330874,0.152706,0.330947,-0.058584,0.573144,9.998789,-0.02,-0.8,-0.02,-0.25,-0.6,-4.0,0.479515,-0.158261,-0.011128,0.0,-0.00256,-0.125806,-0.034398,-0.016908,-0.032281,0.747968,-0.093027,-0.155459,-0.01417,-0.032214,1.637415,3.792789,-0.109367,-0.001985,-0.4896,0.041667,0.0,4.416667,0.10133,0.098358,0.155246
8489,169.229172,990.700012,0.847767,0.832926,0.125,0.0,0.088556,36537.0,0.255553,0.340691,0.157103,0.328555,-0.057181,0.568669,9.995834,-0.02,-0.8,-0.02,-0.25,-0.6,-4.0,0.494,-0.154313,-0.020088,0.0,-0.000995,-0.121455,-0.03444,-0.015896,-0.030131,0.774961,-0.093578,-0.157193,-0.013688,-0.033115,1.632526,3.912363,-0.105371,-0.003637,-0.29774,0.041667,0.041667,4.958333,0.107605,0.105151,0.146791
8490,164.765823,984.780029,0.824922,0.810062,0.043478,0.0,0.088547,48727.0,0.288933,0.349461,0.145409,0.311416,-0.05444,0.535021,9.968772,-0.02,-0.8,-0.02,-0.25,-0.6,-4.0,0.493599,-0.166223,-0.018399,0.0,-0.000683,-0.129306,-0.034405,-0.015727,-0.031631,0.758054,-0.092158,-0.153452,-0.014586,-0.037047,1.61723,3.90447,-0.102933,-0.023633,-0.271444,0.043478,0.043478,4.217391,0.091564,0.095495,0.128192
8491,164.486908,976.200012,0.805437,0.793392,0.125,0.0,0.088506,47682.0,0.266885,0.342868,0.143782,0.299754,-0.053402,0.516324,9.977361,-0.02,-0.8,-0.02,-0.25,-0.6,-4.0,0.481663,-0.151115,-0.013701,0.0,-0.002083,-0.122613,-0.033458,-0.014973,-0.030805,0.737552,-0.095434,-0.157649,-0.013966,-0.034851,1.579148,3.795424,-0.10055,-0.005492,-0.256647,0.125,0.0,4.625,0.1244,0.132915,0.148111
8492,159.768036,949.929993,0.79838,0.794908,0.375,0.083333,0.088602,48690.0,0.256704,0.321674,0.151651,0.31653,-0.055247,0.545025,9.892517,-0.02,-0.8,-0.02,-0.25,-0.6,-4.0,0.474904,-0.144066,-0.011161,0.0,-0.002933,-0.122697,-0.03352,-0.015577,-0.031722,0.749831,-0.090285,-0.152709,-0.012749,-0.032238,1.58588,3.771961,-0.103991,-0.007563,-0.442569,0.166667,0.0,5.25,0.078375,0.121883,0.163449
8493,157.625381,950.940002,0.779718,0.794933,0.166667,0.125,0.088625,37947.0,0.231362,0.345531,0.152937,0.299002,-0.053089,0.519958,10.01658,-0.02,-0.8,-0.02,-0.25,-0.6,-4.0,0.478879,-0.143901,-0.016402,0.0,-0.004809,-0.117947,-0.034549,-0.015219,-0.031237,0.745528,-0.110202,-0.180339,-0.012767,-0.033257,1.622541,3.750717,-0.101412,-0.020581,-0.338028,0.166667,0.0,4.666667,0.12879,0.140955,0.157538
8494,164.624695,989.130005,0.834738,0.816875,0.041667,0.0,0.088668,47372.0,0.248353,0.344858,0.141683,0.298333,-0.053469,0.507966,9.946136,-0.02,-0.8,-0.02,-0.25,-0.6,-4.0,0.491666,-0.152735,-0.016593,0.0,-0.001071,-0.118444,-0.033984,-0.015034,-0.030686,0.767551,-0.100387,-0.160143,-0.012376,-0.033293,1.653433,3.909557,-0.102626,-0.002623,-0.316524,0.083333,0.0,4.916667,0.089969,0.085406,0.126838
8495,158.19249,936.429993,0.787225,0.778879,0.291667,0.041667,0.088783,47406.0,0.254889,0.333174,0.137775,0.282071,-0.049409,0.496294,10.144372,-0.02,-0.8,-0.02,-0.25,-0.6,-4.0,0.468731,-0.150508,-0.01155,0.0,-0.003245,-0.108634,-0.032277,-0.013608,-0.028731,0.735961,-0.094428,-0.144531,-0.012696,-0.032149,1.561065,3.705875,-0.093574,-0.002818,-0.301609,0.041667,0.041667,4.916667,0.121545,0.123858,0.146913
8496,163.835663,983.659973,0.82283,0.82015,0.086957,0.0,0.088778,47920.0,0.243367,0.340144,0.15618,0.317292,-0.054894,0.541644,10.096682,-0.02,-0.8,-0.02,-0.25,-0.6,-4.0,0.49225,-0.149647,-0.016358,0.0,-0.000957,-0.118932,-0.034246,-0.014994,-0.030345,0.770509,-0.093849,-0.163059,-0.012486,-0.032173,1.667831,3.912842,-0.103295,-0.002453,-0.383254,0.086957,0.0,5.73913,0.103329,0.126348,0.150465
