iteration,reward,episode_length,height_reward,upright_reward,tipped_over,collapsed,exploration,steps_per_second,speed_error,turn_error,stepping,leg_swing,dragging,ground_covered,landing_force,Curriculum/ease_in_effort/weight,Curriculum/ease_in_landing/weight,Curriculum/ease_in_shake/weight,Curriculum/ease_in_smoothness/weight,Curriculum/ease_in_steadiness/weight,Curriculum/ease_in_straightness/weight,Episode_Reward/alive,Episode_Reward/effort,Episode_Reward/end_stops,Episode_Reward/fell_over,Episode_Reward/hard_landing,Episode_Reward/jitter,Episode_Reward/joint_shock,Episode_Reward/landing_speed,Episode_Reward/posture,Episode_Reward/rocking,Episode_Reward/shaking,Episode_Reward/skidding,Episode_Reward/swing_height,Episode_Reward/track_speed,Episode_Reward/track_turn,Episode_Reward/twitching,Episode_Reward/veering,Episode_Reward/wandering,Episode_Termination/time_out,Metrics/posture/error_height,Metrics/posture/error_pitch,Metrics/posture/error_roll
0,-0.858981,16.57,0.008655,0.008417,1.304348,36.56522,0.977,44691.0,0.00659,0.020743,0.00069,0.005698,-0.001341,0.003338,7.278442,-0.0002,-0.1,-0.002,-0.05,-0.06,-0.2,0.005882,-5.9e-05,-3e-05,-0.012489,-0.004046,-0.040659,-0.002751,-0.000375,0.009074,-0.005082,-0.00126,-0.003445,-0.001488,0.007706,0.002952,-0.014088,-1.4e-05,-4.6e-05,3.652174,0.051051,0.128051,0.272377
1,-2.22056,41.09,0.022472,0.019278,13.333334,0.0,0.9488,61949.0,0.019592,0.059863,0.004053,0.01651,-0.003831,0.008735,6.823206,-0.0002,-0.1,-0.002,-0.05,-0.06,-0.2,0.015786,-0.00016,-0.000179,-0.030784,-0.00921,-0.111142,-0.007177,-0.000847,0.022765,-0.014117,-0.003357,-0.007505,-0.003609,0.016628,0.006905,-0.037796,-0.000202,-0.000734,4.041667,0.031611,0.131,0.64574
2,-2.730782,58.639999,0.037252,0.03361,13.375,0.0,0.920323,62262.0,0.029948,0.098097,0.005988,0.026352,-0.005543,0.01473,6.851134,-0.0002,-0.1,-0.002,-0.05,-0.06,-0.2,0.026098,-0.00026,-0.000325,-0.031483,-0.014635,-0.175778,-0.011545,-0.00148,0.037134,-0.020634,-0.005364,-0.012868,-0.005855,0.028541,0.012695,-0.059557,-0.000476,-0.002069,3.791667,0.028385,0.137515,0.642803
3,-3.007503,78.790001,0.049682,0.046821,12.666667,0.0,0.890582,61339.0,0.039395,0.131489,0.007869,0.035446,-0.00696,0.019758,6.812205,-0.0002,-0.1,-0.002,-0.05,-0.06,-0.2,0.035454,-0.000351,-0.00044,-0.0308,-0.020265,-0.229741,-0.015294,-0.002038,0.050935,-0.026706,-0.007159,-0.016689,-0.008219,0.040456,0.017694,-0.077848,-0.000924,-0.004347,3.666667,0.028662,0.132282,0.646264
4,-3.142045,93.07,0.061244,0.059932,11.0,0.0,0.873872,59713.0,0.050488,0.168098,0.009982,0.04458,-0.008699,0.024813,6.777554,-0.0002,-0.1,-0.002,-0.05,-0.06,-0.2,0.045063,-0.000441,-0.000578,-0.029686,-0.025522,-0.279656,-0.019129,-0.002595,0.065601,-0.032959,-0.009004,-0.02118,-0.010763,0.049557,0.022522,-0.094998,-0.001842,-0.005946,3.75,0.029451,0.13643,0.617919
5,-3.396363,109.559998,0.070065,0.071973,10.125,0.0,0.849057,62104.0,0.056136,0.195088,0.009403,0.04654,-0.008599,0.025883,6.752109,-0.0002,-0.1,-0.002,-0.05,-0.06,-0.2,0.051935,-0.000506,-0.000745,-0.028795,-0.02678,-0.310211,-0.021518,-0.003083,0.07023,-0.036817,-0.010304,-0.024715,-0.011107,0.060306,0.027049,-0.105662,-0.002121,-0.007905,3.833333,0.029575,0.13616,0.609651
6,-3.353552,124.709999,0.079259,0.08403,9.916667,0.0,0.828946,62072.0,0.066358,0.229888,0.012843,0.056818,-0.010745,0.031322,6.734649,-0.0002,-0.1,-0.002,-0.05,-0.06,-0.2,0.061138,-0.000586,-0.00087,-0.030603,-0.032435,-0.350208,-0.024834,-0.003539,0.086732,-0.042817,-0.011604,-0.028362,-0.014025,0.070381,0.030839,-0.119505,-0.002344,-0.010274,3.041667,0.031287,0.144859,0.62362
7,-3.117908,140.960007,0.093949,0.098504,9.416667,0.0,0.807035,61585.0,0.07696,0.259101,0.014107,0.06739,-0.012207,0.036847,6.726038,-0.0002,-0.1,-0.002,-0.05,-0.06,-0.2,0.070662,-0.000687,-0.001076,-0.029485,-0.03939,-0.389724,-0.028859,-0.004171,0.101566,-0.04837,-0.013393,-0.033327,-0.016776,0.081025,0.037708,-0.13333,-0.003771,-0.016811,3.291667,0.028082,0.151124,0.616996
8,-3.420931,178.910004,0.107168,0.10909,7.791667,0.0,0.788035,57209.0,0.084673,0.300062,0.016366,0.075267,-0.01361,0.045113,6.696296,-0.0002,-0.1,-0.002,-0.05,-0.06,-0.2,0.080695,-0.000771,-0.001115,-0.030117,-0.04378,-0.42904,-0.031846,-0.004635,0.115546,-0.054698,-0.015312,-0.037017,-0.018624,0.102334,0.042243,-0.147215,-0.006313,-0.025374,2.583333,0.029806,0.157225,0.638181
9,-3.302202,174.020004,0.109091,0.115667,8.541667,0.0,0.764337,47225.0,0.087122,0.301613,0.015945,0.070701,-0.013096,0.038982,6.686755,-0.0002,-0.1,-0.002,-0.05,-0.06,-0.2,0.082095,-0.00077,-0.001129,-0.030357,-0.042207,-0.415423,-0.031809,-0.004733,0.115025,-0.054232,-0.015482,-0.037064,-0.018273,0.093675,0.044386,-0.143234,-0.004877,-0.024587,2.791667,0.029249,0.139953,0.616085
10,-2.563844,196.300003,0.123922,0.12968,7.958333,0.0,0.746238,37470.0,0.103294,0.346948,0.019004,0.087113,-0.01565,0.045456,6.651119,-0.0002,-0.1,-0.002,-0.05,-0.06,-0.2,0.092824,-0.000866,-0.001304,-0.029278,-0.051327,-0.454492,-0.034739,-0.005281,0.136692,-0.059267,-0.016947,-0.041099,-0.022229,0.097486,0.050257,-0.156911,-0.005639,-0.021093,2.916667,0.028224,0.148425,0.594131
11,-1.912155,223.160004,0.142264,0.149733,6.041667,0.0,0.730817,42988.0,0.110428,0.387949,0.02133,0.097562,-0.017073,0.054452,6.625925,-0.0002,-0.1,-0.002,-0.05,-0.06,-0.2,0.106536,-0.000993,-0.001652,-0.026326,-0.058148,-0.503959,-0.03921,-0.006038,0.15533,-0.066075,-0.019325,-0.046694,-0.025497,0.13149,0.062109,-0.174377,-0.009714,-0.035868,3.208333,0.028006,0.139783,0.535693
12,-1.96127,218.759995,0.14777,0.153536,5.708333,0.0,0.717823,53858.0,0.118087,0.397059,0.023345,0.103448,-0.01843,0.056049,6.618755,-0.0002,-0.1,-0.002,-0.05,-0.06,-0.2,0.108237,-0.000995,-0.001458,-0.027406,-0.059653,-0.498082,-0.040101,-0.006096,0.162665,-0.068646,-0.019806,-0.047608,-0.026286,0.12066,0.060191,-0.172584,-0.011935,-0.039492,2.958333,0.028968,0.157964,0.55901
13,-0.759585,251.509995,0.158171,0.172927,5.333333,0.0,0.706518,61109.0,0.126178,0.428233,0.023589,0.107565,-0.018783,0.063058,6.611951,-0.0002,-0.1,-0.002,-0.05,-0.06,-0.2,0.120924,-0.001112,-0.001745,-0.025501,-0.062646,-0.531616,-0.044101,-0.006806,0.174486,-0.073228,-0.022472,-0.05196,-0.027481,0.149409,0.074638,-0.184713,-0.013364,-0.038377,3.0,0.029614,0.142418,0.547045
14,-0.589182,261.160004,0.182033,0.183577,4.458333,0.0,0.695196,58279.0,0.139356,0.460154,0.027082,0.121792,-0.021006,0.065219,6.578182,-0.0002,-0.1,-0.002,-0.05,-0.06,-0.2,0.129325,-0.001172,-0.001953,-0.024478,-0.070369,-0.554537,-0.045383,-0.007176,0.194295,-0.076837,-0.023235,-0.054389,-0.030995,0.147618,0.079552,-0.193024,-0.015074,-0.047413,2.666667,0.025947,0.136632,0.519773
15,-0.830123,295.920013,0.195862,0.207158,4.75,0.0,0.684793,63573.0,0.157904,0.507573,0.0294,0.132884,-0.023019,0.073118,6.59087,-0.0002,-0.1,-0.002,-0.05,-0.06,-0.2,0.14483,-0.00131,-0.002109,-0.025404,-0.077645,-0.611807,-0.050831,-0.008052,0.215478,-0.08423,-0.025946,-0.060963,-0.033989,0.168386,0.092066,-0.21341,-0.015385,-0.062063,2.708333,0.027957,0.13977,0.521129
16,0.203364,281.670013,0.180158,0.194768,5.25,0.0,0.675437,66316.0,0.129545,0.461257,0.02669,0.113871,-0.020062,0.068667,6.565677,-0.0002,-0.1,-0.002,-0.05,-0.06,-0.2,0.13334,-0.001202,-0.001834,-0.027785,-0.066405,-0.540226,-0.04615,-0.007268,0.190833,-0.075802,-0.023311,-0.055126,-0.029539,0.184941,0.086593,-0.188932,-0.012097,-0.057203,2.083333,0.030546,0.149533,0.548591
17,0.83202,305.649994,0.209193,0.223597,3.041667,0.0,0.666574,66044.0,0.160064,0.536708,0.03226,0.143872,-0.024604,0.080725,6.544796,-0.0002,-0.1,-0.002,-0.05,-0.06,-0.2,0.154904,-0.001384,-0.002186,-0.022764,-0.083769,-0.62013,-0.05316,-0.008582,0.234547,-0.089846,-0.027443,-0.06425,-0.037395,0.190718,0.10228,-0.217057,-0.019188,-0.066093,2.666667,0.032086,0.147576,0.479187
18,0.531593,348.570007,0.219535,0.260216,2.583333,0.0,0.65897,62498.0,0.179573,0.622059,0.036527,0.164766,-0.028124,0.095886,6.53618,-0.0002,-0.1,-0.002,-0.05,-0.06,-0.2,0.173218,-0.001537,-0.002398,-0.021067,-0.095513,-0.675077,-0.058476,-0.009488,0.267287,-0.096378,-0.030632,-0.070998,-0.04183,0.205944,0.113823,-0.236973,-0.023661,-0.087848,2.166667,0.02953,0.136384,0.435689
19,1.732149,362.679993,0.242168,0.273949,2.375,0.0,0.651675,60032.0,0.192209,0.632659,0.035974,0.161389,-0.027278,0.092202,6.538169,-0.0002,-0.1,-0.002,-0.05,-0.06,-0.2,0.182706,-0.001624,-0.002754,-0.018687,-0.095776,-0.692634,-0.060717,-0.01019,0.270412,-0.098468,-0.031816,-0.075113,-0.041318,0.223144,0.128294,-0.243408,-0.033931,-0.103504,2.5,0.030887,0.145435,0.380427
20,2.699505,349.320007,0.211292,0.255527,2.083333,0.0,0.643764,60857.0,0.182661,0.593869,0.034367,0.154302,-0.025782,0.088236,6.533666,-0.0002,-0.1,-0.002,-0.05,-0.06,-0.2,0.172969,-0.001502,-0.002607,-0.021841,-0.092345,-0.626651,-0.055881,-0.009439,0.260714,-0.090383,-0.030295,-0.06933,-0.0409,0.209447,0.123378,-0.221317,-0.017471,-0.06565,2.041667,0.027397,0.171797,0.452273
21,3.032927,387.140015,0.257377,0.296755,2.166667,0.0,0.636086,65630.0,0.211979,0.69037,0.040964,0.17782,-0.030154,0.096103,6.536639,-0.0002,-0.1,-0.002,-0.05,-0.06,-0.2,0.202134,-0.001768,-0.00313,-0.021774,-0.102918,-0.734533,-0.066346,-0.010821,0.299014,-0.108551,-0.034478,-0.079921,-0.046056,0.239717,0.142192,-0.258752,-0.022843,-0.088755,1.791667,0.030626,0.149051,0.447782
22,4.557245,457.869995,0.325113,0.344854,1.916667,0.0,0.627954,66158.0,0.234975,0.788529,0.044357,0.19534,-0.032191,0.117708,6.527145,-0.0002,-0.1,-0.002,-0.05,-0.06,-0.2,0.230988,-0.002024,-0.003628,-0.016103,-0.117124,-0.840974,-0.074574,-0.012564,0.336728,-0.1221,-0.039581,-0.090765,-0.05161,0.296573,0.164837,-0.296273,-0.028363,-0.103803,2.708333,0.026826,0.139321,0.364421
23,5.06246,443.040009,0.27761,0.323124,1.791667,0.0,0.620167,65318.0,0.20356,0.702616,0.038546,0.158701,-0.027178,0.099174,6.530244,-0.0002,-0.1,-0.002,-0.05,-0.06,-0.2,0.212904,-0.001857,-0.003255,-0.018298,-0.091367,-0.751933,-0.069413,-0.011502,0.283266,-0.113236,-0.03698,-0.083383,-0.040966,0.323185,0.154274,-0.265897,-0.024902,-0.074886,1.916667,0.02824,0.161941,0.397187
24,6.060507,498.619995,0.389925,0.406345,0.7,0.0,0.612753,64891.0,0.279651,0.951635,0.057483,0.243065,-0.040257,0.145926,6.506268,-0.0002,-0.1,-0.002,-0.05,-0.06,-0.2,0.27362,-0.002347,-0.004587,-0.006833,-0.137855,-0.966702,-0.088038,-0.014723,0.412753,-0.145901,-0.048905,-0.10857,-0.061196,0.363957,0.190307,-0.341126,-0.0271,-0.158094,2.6,0.027071,0.14269,0.21364
25,7.299143,521.200012,0.370285,0.396192,1.25,0.0,0.606067,61247.0,0.264915,0.910225,0.05063,0.2354,-0.03697,0.140459,6.505637,-0.0002,-0.1,-0.002,-0.05,-0.06,-0.2,0.26636,-0.002357,-0.004382,-0.013028,-0.143021,-0.915597,-0.083614,-0.014483,0.397874,-0.130549,-0.043563,-0.102395,-0.06302,0.334667,0.207755,-0.323818,-0.048795,-0.135774,2.541667,0.027581,0.152773,0.318163
26,6.823582,533.840027,0.392152,0.406107,0.681818,0.0,0.598621,64703.0,0.273636,0.919918,0.051286,0.231922,-0.037136,0.132921,6.50444,-0.0002,-0.1,-0.002,-0.05,-0.06,-0.2,0.273931,-0.002372,-0.004298,-0.010381,-0.137397,-0.930337,-0.085155,-0.014612,0.397568,-0.138347,-0.046702,-0.106974,-0.060796,0.363421,0.206386,-0.329686,-0.057791,-0.168188,1.954545,0.023104,0.151052,0.28348
27,8.421522,570.73999,0.38951,0.414155,1.041667,0.0,0.59151,65835.0,0.288593,0.926846,0.058609,0.23663,-0.039873,0.13584,6.508156,-0.0002,-0.1,-0.002,-0.05,-0.06,-0.2,0.270199,-0.00225,-0.004216,-0.013389,-0.132913,-0.900521,-0.086063,-0.014362,0.406573,-0.138348,-0.048399,-0.105724,-0.060128,0.302348,0.200498,-0.319932,-0.028594,-0.115182,2.041667,0.030013,0.149595,0.308398
28,10.244533,574.150024,0.381749,0.428817,0.863636,0.0,0.584786,68468.0,0.26265,0.921241,0.052713,0.243035,-0.038335,0.157399,6.516452,-0.0002,-0.1,-0.002,-0.05,-0.06,-0.2,0.280838,-0.002442,-0.005637,-0.012985,-0.146729,-0.912136,-0.0853,-0.015028,0.418495,-0.128928,-0.047303,-0.105594,-0.065225,0.421295,0.230352,-0.324147,-0.035349,-0.110355,2.181818,0.026075,0.1384,0.292379
29,10.444248,607.919983,0.439737,0.461031,0.636364,0.0,0.578563,67996.0,0.301514,0.987956,0.058178,0.247679,-0.039181,0.157503,6.511668,-0.0002,-0.1,-0.002,-0.05,-0.06,-0.2,0.307156,-0.002598,-0.004979,-0.008545,-0.143198,-0.987296,-0.090484,-0.016099,0.437876,-0.1452,-0.050792,-0.112182,-0.064187,0.431903,0.256955,-0.351166,-0.0527,-0.159122,2.363636,0.031226,0.12835,0.244088
30,11.737932,649.530029,0.433176,0.491518,1.043478,0.0,0.571945,63478.0,0.309687,1.051409,0.056152,0.271828,-0.04194,0.15963,6.520581,-0.0002,-0.1,-0.002,-0.05,-0.06,-0.2,0.32303,-0.002836,-0.005596,-0.010004,-0.165425,-1.01747,-0.096563,-0.017156,0.469597,-0.148942,-0.051072,-0.120614,-0.073897,0.457574,0.268303,-0.363051,-0.061538,-0.191447,2.826087,0.025921,0.144755,0.266318
31,10.904886,624.150024,0.451676,0.47865,1.0,0.0,0.566392,64305.0,0.299174,1.011553,0.056914,0.24538,-0.03882,0.142231,6.500075,-0.0002,-0.1,-0.002,-0.05,-0.06,-0.2,0.314786,-0.002705,-0.005686,-0.012576,-0.145856,-0.972223,-0.093045,-0.016525,0.444889,-0.143768,-0.052805,-0.113442,-0.065166,0.448372,0.264082,-0.347025,-0.053287,-0.243177,2.181818,0.024866,0.136373,0.339991
32,12.911002,706.820007,0.500262,0.550444,0.619048,0.0,0.561224,68536.0,0.369241,1.200404,0.082157,0.329875,-0.053788,0.207528,6.503632,-0.0002,-0.1,-0.002,-0.05,-0.06,-0.2,0.365588,-0.003076,-0.007,-0.010857,-0.19156,-1.116624,-0.109283,-0.018941,0.56742,-0.168729,-0.061538,-0.132789,-0.085885,0.459904,0.305303,-0.398913,-0.067202,-0.333202,2.238095,0.029451,0.130035,0.232103
33,14.169293,744.789978,0.499297,0.56794,0.545455,0.0,0.554709,68411.0,0.382354,1.181651,0.073475,0.331074,-0.051964,0.184837,6.473583,-0.0002,-0.1,-0.002,-0.05,-0.06,-0.2,0.371936,-0.003206,-0.007671,-0.007121,-0.194495,-1.1406,-0.112129,-0.01978,0.564821,-0.170405,-0.059939,-0.136661,-0.086581,0.438963,0.321056,-0.407074,-0.056534,-0.174287,2.045455,0.032024,0.161136,0.22986
34,16.116911,766.73999,0.54388,0.579323,0.708333,0.0,0.54873,64341.0,0.373711,1.19816,0.07644,0.327385,-0.050909,0.200624,6.472562,-0.0002,-0.1,-0.002,-0.05,-0.06,-0.2,0.380349,-0.003214,-0.007609,-0.008639,-0.195453,-1.14399,-0.110064,-0.019729,0.571189,-0.171486,-0.061746,-0.134673,-0.086912,0.501045,0.337848,-0.408637,-0.05594,-0.265549,2.625,0.028577,0.165745,0.221534
35,16.280205,776.590027,0.582888,0.585524,0.608696,0.0,0.54339,65054.0,0.372206,1.24587,0.086356,0.341633,-0.054408,0.217176,6.511276,-0.0002,-0.1,-0.002,-0.05,-0.06,-0.2,0.391545,-0.003217,-0.006703,-0.01113,-0.193581,-1.132793,-0.111953,-0.020133,0.600206,-0.172002,-0.065425,-0.134577,-0.088209,0.528181,0.349573,-0.405741,-0.077752,-0.280961,2.043478,0.027991,0.125379,0.252694
36,17.908344,821.890015,0.566211,0.631732,0.26087,0.0,0.537646,63436.0,0.395867,1.343876,0.08619,0.352265,-0.054554,0.222355,6.482954,-0.0002,-0.1,-0.002,-0.05,-0.06,-0.2,0.422697,-0.003609,-0.008388,-0.003014,-0.21861,-1.247329,-0.120326,-0.02196,0.638347,-0.185178,-0.065219,-0.145639,-0.098428,0.619572,0.387909,-0.446729,-0.072751,-0.324951,2.391304,0.035997,0.183988,0.164807
37,18.975409,822.169983,0.576272,0.634245,0.347826,0.0,0.532292,64681.0,0.382179,1.325351,0.08147,0.345869,-0.053624,0.227163,6.510475,-0.0002,-0.1,-0.002,-0.05,-0.06,-0.2,0.41541,-0.003498,-0.008101,-0.004857,-0.20336,-1.197832,-0.118405,-0.021156,0.614622,-0.179794,-0.066486,-0.144443,-0.08979,0.63224,0.3773,-0.429751,-0.052621,-0.366288,2.391304,0.024425,0.142954,0.204834
38,21.281582,864.380005,0.62042,0.663166,0.238095,0.0,0.526169,66547.0,0.439289,1.443609,0.102428,0.390393,-0.063072,0.253985,6.4778,-0.0002,-0.1,-0.002,-0.05,-0.06,-0.2,0.444269,-0.003606,-0.008951,-0.003619,-0.216095,-1.27493,-0.128242,-0.022352,0.682944,-0.196741,-0.073519,-0.153309,-0.09854,0.588577,0.39272,-0.456909,-0.079538,-0.236757,2.619048,0.030858,0.152505,0.147894
39,22.970051,880.950012,0.607788,0.666465,0.428571,0.0,0.519771,62324.0,0.40686,1.355553,0.090116,0.363017,-0.056235,0.243638,6.497664,-0.0002,-0.1,-0.002,-0.05,-0.06,-0.2,0.432737,-0.003535,-0.009049,-0.007333,-0.212446,-1.21767,-0.11822,-0.021811,0.652657,-0.187783,-0.068994,-0.146223,-0.095377,0.620074,0.404096,-0.438061,-0.061165,-0.235618,2.095238,0.027709,0.145969,0.23891
40,25.67502,916.369995,0.706873,0.737002,0.173913,0.0,0.513778,58425.0,0.434677,1.464739,0.092168,0.393587,-0.061038,0.271207,6.488242,-0.0002,-0.1,-0.002,-0.05,-0.06,-0.2,0.47659,-0.003958,-0.008435,-0.002087,-0.237455,-1.333194,-0.130508,-0.024263,0.710158,-0.201389,-0.074202,-0.162535,-0.105437,0.745098,0.468751,-0.479476,-0.064815,-0.394361,2.304348,0.025458,0.128069,0.145611
41,27.509729,987.289978,0.636562,0.703497,0.409091,0.0,0.507755,62687.0,0.436899,1.466641,0.095731,0.377086,-0.060517,0.253196,6.484474,-0.0002,-0.1,-0.002,-0.05,-0.06,-0.2,0.462625,-0.003792,-0.009434,-0.004318,-0.220897,-1.273979,-0.127719,-0.023133,0.689789,-0.196406,-0.073659,-0.158042,-0.09947,0.685419,0.434113,-0.458602,-0.059286,-0.226884,19.545456,0.024113,0.13816,0.181359
42,29.134527,955.98999,0.646833,0.68649,0.291667,0.0,0.50242,62914.0,0.414708,1.406719,0.092553,0.38196,-0.058261,0.261994,6.49048,-0.0002,-0.1,-0.002,-0.05,-0.06,-0.2,0.448265,-0.003727,-0.01031,-0.005023,-0.225473,-1.184447,-0.123216,-0.022539,0.676716,-0.184304,-0.069973,-0.150091,-0.101255,0.649632,0.438898,-0.427866,-0.061705,-0.277097,3.791667,0.023582,0.15367,0.186085
43,33.919254,987.280029,0.698523,0.758135,0.25,0.0,0.49651,61487.0,0.45188,1.488965,0.106104,0.394897,-0.062525,0.269807,6.507402,-0.0002,-0.1,-0.002,-0.05,-0.06,-0.2,0.488945,-0.003929,-0.010742,-0.00107,-0.226439,-1.23923,-0.131196,-0.024213,0.726645,-0.198557,-0.077155,-0.161265,-0.104648,0.740409,0.492726,-0.449861,-0.059658,-0.324036,8.916667,0.027094,0.129601,0.120602
44,36.592854,976.799988,0.701475,0.755768,0.458333,0.0,0.491563,59556.0,0.450264,1.474395,0.105979,0.401322,-0.062809,0.279496,6.486433,-0.0002,-0.1,-0.002,-0.05,-0.06,-0.2,0.490008,-0.003949,-0.011432,-0.001938,-0.228579,-1.177604,-0.130281,-0.023918,0.730587,-0.192345,-0.078463,-0.158875,-0.105564,0.761126,0.51274,-0.430043,-0.043174,-0.239934,8.791667,0.025028,0.143234,0.135934
45,39.371578,985.830017,0.691261,0.765597,0.25,0.0,0.485893,57504.0,0.450753,1.459381,0.104713,0.392498,-0.061639,0.266677,6.494752,-0.0002,-0.1,-0.002,-0.05,-0.06,-0.2,0.491311,-0.003956,-0.011132,-0.001116,-0.226838,-1.128288,-0.12823,-0.023918,0.728179,-0.187047,-0.076743,-0.154966,-0.105394,0.758157,0.533269,-0.414434,-0.036908,-0.20761,9.083334,0.025197,0.148582,0.138581
46,42.500168,994.109985,0.690552,0.767904,0.458333,0.0,0.480858,58756.0,0.440054,1.443658,0.104275,0.392321,-0.061072,0.278682,6.501574,-0.0002,-0.1,-0.002,-0.05,-0.06,-0.2,0.491104,-0.003925,-0.012455,-0.001908,-0.230281,-1.082782,-0.124671,-0.023691,0.738278,-0.181438,-0.075592,-0.154266,-0.106877,0.778183,0.545608,-0.399417,-0.043083,-0.236138,8.583334,0.024005,0.160103,0.136207
47,43.187748,988.409973,0.694333,0.769351,0.291667,0.0,0.475386,60792.0,0.440737,1.417303,0.105896,0.394013,-0.061402,0.293995,6.51384,-0.0002,-0.1,-0.002,-0.05,-0.06,-0.2,0.490094,-0.003812,-0.012346,-0.00115,-0.22383,-1.040591,-0.120387,-0.023283,0.735769,-0.175046,-0.076776,-0.150205,-0.103559,0.793518,0.564305,-0.385194,-0.039864,-0.345631,7.416667,0.023654,0.137793,0.120919
48,44.304222,970.570007,0.692228,0.753563,0.541667,0.0,0.469489,64096.0,0.427282,1.367006,0.098942,0.367008,-0.056578,0.26627,6.505954,-0.0002,-0.1,-0.002,-0.05,-0.06,-0.2,0.475368,-0.0037,-0.011468,-0.002981,-0.209231,-0.965383,-0.115374,-0.022342,0.69599,-0.168368,-0.073833,-0.144145,-0.09662,0.766013,0.550882,-0.359008,-0.03487,-0.234034,7.375,0.023541,0.14963,0.140485
49,47.818962,988.22998,0.705539,0.773315,0.375,0.0,0.463162,60096.0,0.440502,1.406486,0.109607,0.396988,-0.062484,0.29559,6.503913,-0.0002,-0.1,-0.002,-0.05,-0.06,-0.2,0.487061,-0.003758,-0.012223,-0.002073,-0.223975,-0.959631,-0.119615,-0.02307,0.742851,-0.170965,-0.076684,-0.149699,-0.104418,0.775805,0.573894,-0.358504,-0.03459,-0.219825,8.166667,0.023887,0.14167,0.114337
50,46.172176,944.940002,0.675765,0.754884,0.541667,0.0,0.458134,56862.0,0.41746,1.329739,0.105572,0.385997,-0.059118,0.291255,6.50598,-0.0002,-0.1,-0.002,-0.05,-0.06,-0.2,0.475727,-0.003725,-0.013177,-0.002978,-0.219817,-0.904941,-0.114914,-0.022232,0.72004,-0.159328,-0.073023,-0.141409,-0.101962,0.793452,0.583114,-0.338785,-0.033677,-0.233913,7.125,0.023814,0.153367,0.138657
51,52.077354,963.51001,0.698048,0.769641,0.416667,0.0,0.453746,59364.0,0.424616,1.314891,0.107691,0.380705,-0.058306,0.293341,6.496677,-0.0002,-0.1,-0.002,-0.05,-0.06,-0.2,0.483806,-0.003697,-0.013859,-0.002238,-0.213244,-0.890993,-0.11213,-0.022246,0.723563,-0.154827,-0.073476,-0.138166,-0.100291,0.813783,0.625016,-0.33489,-0.025129,-0.180786,7.416667,0.02404,0.157347,0.129507
52,52.360832,983.309998,0.707108,0.777867,0.25,0.0,0.449415,69490.0,0.438984,1.359531,0.116728,0.40773,-0.063991,0.323098,6.500652,-0.0002,-0.1,-0.002,-0.05,-0.06,-0.2,0.488225,-0.003669,-0.013658,-0.00142,-0.226122,-0.876219,-0.113864,-0.022464,0.759665,-0.156757,-0.077582,-0.141622,-0.105636,0.783048,0.620102,-0.329679,-0.027992,-0.222026,7.333333,0.024658,0.142033,0.133631
53,56.123821,991.77002,0.736643,0.780997,0.166667,0.0,0.44537,68666.0,0.428131,1.341172,0.115996,0.401314,-0.06188,0.318719,6.50154,-0.0002,-0.1,-0.002,-0.05,-0.06,-0.2,0.492342,-0.003693,-0.013715,-0.000849,-0.223819,-0.860115,-0.11226,-0.022522,0.756431,-0.153721,-0.075478,-0.138941,-0.105282,0.828688,0.647843,-0.324827,-0.026904,-0.208814,6.958333,0.019877,0.137253,0.104965
54,54.20153,920.5,0.701856,0.768479,0.458333,0.0,0.440977,67157.0,0.41801,1.269526,0.111638,0.389131,-0.059814,0.319974,6.510794,-0.0002,-0.1,-0.002,-0.05,-0.06,-0.2,0.4764,-0.003501,-0.013496,-0.002607,-0.212006,-0.80336,-0.105224,-0.02137,0.733977,-0.143529,-0.072919,-0.133313,-0.099378,0.81377,0.648919,-0.304614,-0.024253,-0.190771,5.625,0.021484,0.141872,0.13369
55,57.330914,967.109985,0.687788,0.761608,0.375,0.0,0.437061,62084.0,0.404934,1.248359,0.111801,0.380894,-0.057706,0.314521,6.497378,-0.0002,-0.1,-0.002,-0.05,-0.06,-0.2,0.47905,-0.003585,-0.015195,-0.002505,-0.214989,-0.785025,-0.103439,-0.021201,0.734828,-0.137498,-0.071011,-0.128004,-0.10232,0.846554,0.691241,-0.29832,-0.016624,-0.204019,6.083333,0.02536,0.153731,0.142888
56,60.882099,984.030029,0.696945,0.789496,0.25,0.0,0.433019,58262.0,0.406375,1.251505,0.114395,0.386273,-0.058718,0.331007,6.491969,-0.0002,-0.1,-0.002,-0.05,-0.06,-0.2,0.486362,-0.003562,-0.013871,-0.002282,-0.213132,-0.780524,-0.103319,-0.021372,0.74559,-0.139416,-0.073126,-0.128412,-0.100528,0.885765,0.705077,-0.297285,-0.017885,-0.16455,5.25,0.027428,0.151446,0.131912
57,61.700714,992.940002,0.745051,0.782099,0.041667,0.0,0.42871,60993.0,0.424362,1.306731,0.125572,0.406719,-0.062098,0.343853,6.496493,-0.0002,-0.1,-0.002,-0.05,-0.06,-0.2,0.497552,-0.003626,-0.015313,-0.000278,-0.216912,-0.782242,-0.10691,-0.02169,0.767923,-0.141547,-0.074892,-0.130085,-0.103494,0.87043,0.702243,-0.298877,-0.01939,-0.174628,5.416667,0.020418,0.15318,0.1126
58,61.315369,975.109985,0.723027,0.776329,0.304348,0.0,0.424495,63753.0,0.403453,1.232348,0.108794,0.385573,-0.059276,0.339541,6.501615,-0.0002,-0.1,-0.002,-0.05,-0.06,-0.2,0.481748,-0.00352,-0.014244,-0.002886,-0.209297,-0.737334,-0.103754,-0.021251,0.729664,-0.136284,-0.073606,-0.131191,-0.097198,0.899533,0.702781,-0.282781,-0.016153,-0.211454,5.608696,0.022823,0.149901,0.146961
59,61.91238,964.559998,0.704268,0.785268,0.208333,0.0,0.420957,61822.0,0.398153,1.229475,0.105638,0.372851,-0.056722,0.320005,6.530801,-0.0002,-0.1,-0.002,-0.05,-0.06,-0.2,0.483,-0.003583,-0.013672,-0.001806,-0.208344,-0.724535,-0.103457,-0.021386,0.720419,-0.131494,-0.072203,-0.129203,-0.097502,0.908256,0.73581,-0.278205,-0.011538,-0.158666,4.208333,0.020627,0.12454,0.103071
60,61.250771,931.210022,0.706478,0.766507,0.416667,0.0,0.417122,63626.0,0.385384,1.175288,0.10997,0.376299,-0.056284,0.333485,6.505801,-0.0002,-0.1,-0.002,-0.05,-0.06,-0.2,0.474799,-0.003491,-0.014163,-0.003365,-0.210701,-0.69324,-0.097378,-0.020487,0.725881,-0.124584,-0.069436,-0.12012,-0.098806,0.900211,0.74621,-0.266623,-0.010632,-0.206653,3.708333,0.025281,0.137371,0.140948
61,64.558357,971.590027,0.721135,0.777821,0.208333,0.0,0.413176,67691.0,0.394991,1.206602,0.114948,0.381412,-0.058475,0.344066,6.515987,-0.0002,-0.1,-0.002,-0.05,-0.06,-0.2,0.485395,-0.003546,-0.017631,-0.002056,-0.208876,-0.696942,-0.100151,-0.020996,0.736468,-0.127107,-0.071025,-0.124416,-0.098475,0.896447,0.774611,-0.268349,-0.010425,-0.219333,4.041667,0.021671,0.13076,0.121984
62,68.634827,980.48999,0.746743,0.790356,0.083333,0.0,0.409325,68277.0,0.382462,1.167521,0.109827,0.376134,-0.056531,0.359141,6.528585,-0.0002,-0.1,-0.002,-0.05,-0.06,-0.2,0.486991,-0.003478,-0.014974,-0.00125,-0.20289,-0.681897,-0.09813,-0.020873,0.736769,-0.124385,-0.072872,-0.122287,-0.096297,0.991743,0.797143,-0.263731,-0.013009,-0.166804,3.583333,0.02206,0.131782,0.116275
63,66.363045,923.280029,0.677628,0.75008,0.416667,0.0,0.405543,68393.0,0.362477,1.093036,0.10131,0.357648,-0.052258,0.330307,6.538926,-0.0002,-0.1,-0.002,-0.05,-0.06,-0.2,0.461271,-0.003389,-0.017064,-0.004127,-0.19552,-0.628282,-0.092331,-0.01966,0.689183,-0.113509,-0.065047,-0.11498,-0.091732,0.929679,0.787946,-0.244135,-0.009583,-0.122884,3.5,0.020969,0.177465,0.152489
64,70.429283,969.849976,0.758377,0.790452,0.208333,0.0,0.401697,65542.0,0.383372,1.15822,0.114405,0.37726,-0.057226,0.37021,6.509397,-0.0002,-0.1,-0.002,-0.05,-0.06,-0.2,0.488786,-0.003437,-0.016483,-0.001821,-0.201676,-0.655058,-0.094123,-0.020353,0.735827,-0.120227,-0.071699,-0.117193,-0.095201,0.996751,0.837353,-0.254761,-0.008889,-0.187482,3.5,0.022777,0.13298,0.117331
65,68.66806,974.070007,0.734392,0.767361,0.166667,0.0,0.398084,68284.0,0.39629,1.147312,0.127455,0.395781,-0.063563,0.382216,6.512876,-0.0002,-0.1,-0.002,-0.05,-0.06,-0.2,0.482031,-0.003343,-0.015918,-0.002139,-0.212154,-0.638051,-0.095047,-0.020173,0.759067,-0.118715,-0.073691,-0.120137,-0.099572,0.902516,0.80966,-0.248721,-0.009168,-0.277855,3.375,0.020221,0.151911,0.122287
66,66.703499,932.169983,0.7016,0.75322,0.35,0.0,0.39471,73626.0,0.372015,1.095537,0.108267,0.337103,-0.053802,0.334206,6.503895,-0.0002,-0.1,-0.002,-0.05,-0.06,-0.2,0.464428,-0.003137,-0.015036,-0.003852,-0.176398,-0.599474,-0.090508,-0.019315,0.679029,-0.111621,-0.071628,-0.116108,-0.083155,0.934559,0.790387,-0.23345,-0.008827,-0.137966,2.95,0.021157,0.12345,0.157834
67,72.61718,973.619995,0.692618,0.82269,0.043478,0.0,0.391092,69854.0,0.376217,1.150931,0.110973,0.388939,-0.058843,0.396589,6.527336,-0.0002,-0.1,-0.002,-0.05,-0.06,-0.2,0.497655,-0.003543,-0.0152,-0.00029,-0.210156,-0.631168,-0.095179,-0.020539,0.750696,-0.116655,-0.070815,-0.12458,-0.099019,1.067943,0.877525,-0.246834,-0.006714,-0.203477,3.304348,0.021073,0.10214,0.113122
68,73.720711,980.090027,0.748612,0.788414,0.125,0.0,0.38784,69596.0,0.37061,1.104112,0.113393,0.381737,-0.058147,0.395013,6.498514,-0.0002,-0.1,-0.002,-0.05,-0.06,-0.2,0.484492,-0.003397,-0.016881,-0.003056,-0.20276,-0.601106,-0.094336,-0.019522,0.733429,-0.111129,-0.070037,-0.119448,-0.095482,1.019174,0.87466,-0.235643,-0.007709,-0.272573,2.291667,0.024649,0.163544,0.134162
69,71.565086,936.01001,0.671789,0.755824,0.416667,0.0,0.384902,69962.0,0.346377,1.034201,0.125366,0.37286,-0.059043,0.392413,6.502668,-0.0002,-0.1,-0.002,-0.05,-0.06,-0.2,0.464194,-0.003158,-0.013915,-0.004417,-0.191226,-0.565584,-0.088183,-0.018652,0.722828,-0.104654,-0.068304,-0.10894,-0.092076,1.016588,0.85979,-0.222624,-0.008649,-0.274135,2.875,0.023814,0.174342,0.164505
70,71.344353,935.25,0.728295,0.765544,0.285714,0.0,0.381953,67952.0,0.359451,1.106242,0.105804,0.363927,-0.054713,0.382567,6.502996,-0.0002,-0.1,-0.002,-0.05,-0.06,-0.2,0.472268,-0.003233,-0.016137,-0.004921,-0.196624,-0.564454,-0.085815,-0.01916,0.719425,-0.10439,-0.068257,-0.112732,-0.09008,0.974314,0.858343,-0.222078,-0.005356,-0.290676,2.380952,0.021165,0.133035,0.162748
71,73.87439,951.820007,0.725516,0.791293,0.136364,0.0,0.37906,71112.0,0.356545,1.059761,0.122496,0.365508,-0.057117,0.399215,6.524398,-0.0002,-0.1,-0.002,-0.05,-0.06,-0.2,0.490542,-0.003274,-0.018035,-0.000942,-0.196798,-0.576305,-0.085666,-0.019503,0.74937,-0.105698,-0.068454,-0.110221,-0.093463,1.110606,0.955702,-0.226378,-0.006078,-0.270519,3.227273,0.021643,0.127311,0.096261
72,76.814766,985.609985,0.74078,0.815998,0.130435,0.0,0.375781,67032.0,0.380503,1.123885,0.121738,0.398626,-0.061814,0.438251,6.493806,-0.0002,-0.1,-0.002,-0.05,-0.06,-0.2,0.495779,-0.003359,-0.019973,-0.00113,-0.203954,-0.578635,-0.092671,-0.020013,0.768797,-0.106708,-0.07334,-0.120144,-0.094368,1.040576,0.934999,-0.228096,-0.005054,-0.207927,3.130435,0.019925,0.124831,0.119894
73,80.575272,988.51001,0.760788,0.812674,0.090909,0.0,0.372732,69671.0,0.363489,1.074176,0.12692,0.403918,-0.060389,0.438611,6.498148,-0.0002,-0.1,-0.002,-0.05,-0.06,-0.2,0.496826,-0.003416,-0.017539,-0.00097,-0.211473,-0.564689,-0.088767,-0.019851,0.779935,-0.104469,-0.070152,-0.113141,-0.099768,1.085889,0.975797,-0.223238,-0.008488,-0.257589,2.909091,0.021823,0.134196,0.116114
74,80.304619,977.820007,0.730397,0.784423,0.208333,0.0,0.370426,68752.0,0.351893,1.026396,0.122869,0.395012,-0.059308,0.435805,6.482308,-0.0002,-0.1,-0.002,-0.05,-0.06,-0.2,0.470826,-0.003188,-0.013167,-0.006111,-0.200264,-0.522324,-0.082675,-0.018433,0.745246,-0.096858,-0.066369,-0.106875,-0.095107,1.020503,0.941784,-0.207536,-0.006599,-0.299264,2.0,0.024463,0.163017,0.177965
75,82.640259,994.030029,0.777125,0.830957,0.045455,0.0,0.367629,68501.0,0.362586,1.056127,0.120214,0.387985,-0.059654,0.446847,6.487173,-0.0002,-0.1,-0.002,-0.05,-0.06,-0.2,0.498662,-0.003345,-0.019088,-0.000303,-0.198689,-0.548759,-0.088821,-0.019829,0.758433,-0.101595,-0.073173,-0.11459,-0.092775,1.120157,1.021412,-0.218472,-0.005913,-0.220457,2.772727,0.021022,0.114889,0.105804
76,83.799095,986.119995,0.761664,0.826982,0.136364,0.0,0.365184,67254.0,0.354372,1.022249,0.121529,0.383345,-0.057844,0.440058,6.468783,-0.0002,-0.1,-0.002,-0.05,-0.06,-0.2,0.493992,-0.003342,-0.020027,-0.00103,-0.195275,-0.530745,-0.087749,-0.019593,0.753468,-0.099136,-0.070395,-0.110228,-0.091803,1.144787,1.037841,-0.212097,-0.004194,-0.192559,3.045455,0.021797,0.121677,0.117678
77,84.634682,984.320007,0.765843,0.817763,0.086957,0.0,0.363281,68442.0,0.339707,1.022915,0.114308,0.35854,-0.054633,0.431469,6.49013,-0.0002,-0.1,-0.002,-0.05,-0.06,-0.2,0.488588,-0.003169,-0.016363,-0.002174,-0.183907,-0.518121,-0.08586,-0.01924,0.725868,-0.099107,-0.071989,-0.110241,-0.084153,1.184174,0.995579,-0.20611,-0.003636,-0.214643,2.73913,0.017706,0.134575,0.130815
78,84.219223,977.22998,0.751447,0.807255,0.217391,0.0,0.359928,70946.0,0.34625,0.964665,0.11865,0.372304,-0.053841,0.434519,6.474701,-0.0002,-0.1,-0.002,-0.05,-0.06,-0.2,0.484193,-0.00322,-0.018368,-0.002899,-0.190557,-0.501081,-0.082167,-0.019101,0.742546,-0.091599,-0.069246,-0.102643,-0.0881,1.125199,1.063959,-0.200364,-0.005675,-0.272842,2.0,0.021571,0.131452,0.144915
79,83.599388,965.159973,0.748904,0.792643,0.217391,0.0,0.357756,70692.0,0.327287,0.963217,0.107821,0.372731,-0.055647,0.450679,6.457587,-0.0002,-0.1,-0.002,-0.05,-0.06,-0.2,0.47643,-0.003284,-0.017917,-0.002899,-0.200053,-0.487119,-0.081799,-0.018937,0.730817,-0.091767,-0.064639,-0.108928,-0.093059,1.155378,1.042173,-0.19527,-0.004414,-0.36787,2.826087,0.022988,0.130027,0.148188
80,84.470932,969.22998,0.775651,0.834612,0.05,0.0,0.355812,75762.0,0.356752,1.037805,0.118382,0.382132,-0.058347,0.467665,6.456352,-0.0002,-0.1,-0.002,-0.05,-0.06,-0.2,0.496465,-0.00318,-0.015535,-0.000667,-0.189823,-0.502997,-0.083005,-0.019092,0.752687,-0.09754,-0.070827,-0.111032,-0.088433,1.150399,1.052525,-0.20262,-0.00455,-0.206369,2.6,0.021218,0.11954,0.104022
81,87.193855,985.27002,0.782624,0.827728,0.130435,0.0,0.35313,71767.0,0.339422,0.986236,0.123502,0.407233,-0.060692,0.504977,6.44371,-0.0002,-0.1,-0.002,-0.05,-0.06,-0.2,0.489843,-0.003209,-0.018159,-0.003043,-0.207988,-0.489255,-0.082935,-0.019132,0.786742,-0.093115,-0.07039,-0.11152,-0.09536,1.17739,1.081981,-0.196675,-0.004292,-0.255322,2.086957,0.020329,0.154056,0.128723
82,89.135925,989.169983,0.788451,0.820309,0.166667,0.0,0.350949,67856.0,0.337108,0.963625,0.130619,0.393915,-0.060494,0.491071,6.44878,-0.0002,-0.1,-0.002,-0.05,-0.06,-0.2,0.493924,-0.003203,-0.018682,-0.00325,-0.196668,-0.482826,-0.080141,-0.018205,0.77342,-0.089276,-0.067678,-0.102997,-0.093457,1.194645,1.135086,-0.194478,-0.003906,-0.354471,2.416667,0.01755,0.150697,0.138517
83,88.47998,978.690002,0.774123,0.81264,0.181818,0.0,0.348519,72546.0,0.342813,0.984863,0.127625,0.393909,-0.060799,0.49381,6.447062,-0.0002,-0.1,-0.002,-0.05,-0.06,-0.2,0.485652,-0.003123,-0.016156,-0.001824,-0.192367,-0.469137,-0.080795,-0.018311,0.760597,-0.090047,-0.070093,-0.106455,-0.090608,1.134637,1.078449,-0.189941,-0.004661,-0.19925,18.636364,0.019633,0.128208,0.1227
84,94.106934,1000.0,0.783604,0.820719,0.0,0.0,0.346378,69460.0,0.342367,0.96198,0.127484,0.382263,-0.057399,0.476339,6.453467,-0.0002,-0.1,-0.002,-0.05,-0.06,-0.2,0.500007,-0.003191,-0.01851,0.0,-0.191832,-0.476648,-0.079815,-0.018847,0.773245,-0.087634,-0.070139,-0.103654,-0.089283,1.217532,1.173689,-0.191999,-0.004621,-0.281743,6.25,0.018441,0.101844,0.09476
85,94.137169,997.679993,0.791274,0.83549,0.25,0.0,0.343543,69053.0,0.332637,0.977807,0.115725,0.372191,-0.055993,0.474246,6.444879,-0.0002,-0.1,-0.002,-0.05,-0.06,-0.2,0.495483,-0.003204,-0.017915,-0.001107,-0.189304,-0.464069,-0.080105,-0.018809,0.754622,-0.087402,-0.068626,-0.107079,-0.087499,1.242046,1.150454,-0.18758,-0.004051,-0.251766,9.333334,0.01983,0.112597,0.112961
86,93.554741,990.320007,0.790526,0.833196,0.041667,0.0,0.341787,69084.0,0.335392,0.976454,0.12304,0.377029,-0.058152,0.495124,6.436858,-0.0002,-0.1,-0.002,-0.05,-0.06,-0.2,0.497764,-0.003158,-0.016875,-0.000185,-0.186825,-0.461055,-0.080429,-0.018655,0.762608,-0.087155,-0.071233,-0.106365,-0.086574,1.25356,1.166136,-0.186883,-0.004211,-0.313427,8.333334,0.018669,0.114719,0.088566
87,91.224792,991.26001,0.805182,0.821375,0.208333,0.0,0.338756,67065.0,0.336479,0.95093,0.123663,0.381973,-0.0581,0.495159,6.441217,-0.0002,-0.1,-0.002,-0.05,-0.06,-0.2,0.492787,-0.003096,-0.01746,-0.000918,-0.188174,-0.450123,-0.078696,-0.018585,0.761066,-0.085493,-0.069562,-0.10459,-0.088005,1.199983,1.17472,-0.182953,-0.003812,-0.311402,8.666667,0.018991,0.131496,0.102376
88,96.319443,997.97998,0.799543,0.833615,0.083333,0.0,0.337023,67904.0,0.331168,0.954717,0.125669,0.381444,-0.058448,0.501481,6.433695,-0.0002,-0.1,-0.002,-0.05,-0.06,-0.2,0.497912,-0.003122,-0.017075,-0.00028,-0.189862,-0.449463,-0.078249,-0.018529,0.772031,-0.085357,-0.070504,-0.104307,-0.08802,1.2654,1.1984,-0.182699,-0.004291,-0.252975,7.541667,0.016103,0.117752,0.090502
89,95.236328,990.090027,0.805136,0.829127,0.041667,0.0,0.334495,69679.0,0.327306,0.93563,0.118807,0.375013,-0.055701,0.488595,6.420572,-0.0002,-0.1,-0.002,-0.05,-0.06,-0.2,0.497423,-0.003178,-0.018049,-0.000208,-0.184044,-0.441138,-0.078271,-0.018473,0.755077,-0.08324,-0.067595,-0.102054,-0.085894,1.268703,1.230975,-0.179669,-0.00377,-0.343461,7.708333,0.017018,0.111296,0.110277
90,92.861832,972.419983,0.774371,0.828002,0.25,0.0,0.33267,69447.0,0.321963,0.922918,0.117219,0.382177,-0.0568,0.496754,6.440067,-0.0002,-0.1,-0.002,-0.05,-0.06,-0.2,0.492943,-0.003185,-0.017008,-0.000985,-0.192101,-0.431135,-0.076447,-0.018121,0.764662,-0.081338,-0.065372,-0.102021,-0.088926,1.256514,1.236267,-0.175621,-0.003942,-0.319198,7.958333,0.020373,0.120101,0.121954
91,97.447289,990.25,0.805323,0.840135,0.041667,0.0,0.330166,70045.0,0.321909,0.922283,0.121937,0.381463,-0.057089,0.513102,6.436682,-0.0002,-0.1,-0.002,-0.05,-0.06,-0.2,0.497102,-0.00312,-0.016561,-0.000238,-0.189914,-0.429106,-0.075922,-0.018185,0.767053,-0.081048,-0.067967,-0.10145,-0.088072,1.290684,1.255263,-0.175059,-0.003952,-0.308796,7.833333,0.017952,0.115984,0.099892
92,97.765213,1000.0,0.823155,0.846118,0.0,0.0,0.327449,68941.0,0.325312,0.930533,0.121459,0.385107,-0.059363,0.527828,6.437012,-0.0002,-0.1,-0.002,-0.05,-0.06,-0.2,0.500007,-0.003095,-0.015307,0.0,-0.191266,-0.429047,-0.07695,-0.018486,0.779642,-0.082076,-0.069212,-0.105338,-0.088247,1.292321,1.259889,-0.175382,-0.003615,-0.298005,7.625,0.016011,0.107213,0.091134
93,100.048561,999.340027,0.828804,0.844845,0.041667,0.0,0.325559,66607.0,0.321341,0.92317,0.123587,0.377014,-0.057682,0.522028,6.437377,-0.0002,-0.1,-0.002,-0.05,-0.06,-0.2,0.499727,-0.00309,-0.016801,-0.000333,-0.187653,-0.420625,-0.075958,-0.018518,0.77685,-0.080983,-0.069204,-0.102791,-0.087141,1.311924,1.271237,-0.172446,-0.002951,-0.295309,7.958333,0.018033,0.112459,0.099079
94,96.477577,971.119995,0.797182,0.832986,0.166667,0.0,0.323855,69534.0,0.312694,0.901438,0.117559,0.368429,-0.05512,0.50796,6.417262,-0.0002,-0.1,-0.002,-0.05,-0.06,-0.2,0.4908,-0.003054,-0.015792,-0.000945,-0.179137,-0.408095,-0.07335,-0.017868,0.752241,-0.077525,-0.066537,-0.098269,-0.083539,1.302442,1.269383,-0.167304,-0.003596,-0.325645,7.041667,0.018341,0.117346,0.113723
95,99.406685,997.820007,0.804569,0.832322,0.25,0.0,0.321854,65255.0,0.311327,0.885331,0.126177,0.381119,-0.05602,0.52521,6.436065,-0.0002,-0.1,-0.002,-0.05,-0.06,-0.2,0.491353,-0.003039,-0.015096,-0.001382,-0.183423,-0.403099,-0.071966,-0.017671,0.767599,-0.076204,-0.065987,-0.095097,-0.084926,1.309127,1.298161,-0.165671,-0.003264,-0.373302,6.333333,0.018905,0.12379,0.11691
96,100.749115,990.429993,0.816541,0.831178,0.083333,0.0,0.320507,69454.0,0.319095,0.888278,0.120392,0.389781,-0.058878,0.547811,6.42561,-0.0002,-0.1,-0.002,-0.05,-0.06,-0.2,0.496576,-0.003094,-0.016748,-0.000444,-0.1917,-0.404275,-0.076055,-0.018333,0.777137,-0.077405,-0.068324,-0.102525,-0.088144,1.304967,1.310706,-0.166823,-0.003054,-0.292793,6.083333,0.0191,0.114177,0.103062
97,101.868752,999.179993,0.831891,0.855334,0.041667,0.0,0.318013,70033.0,0.316665,0.897643,0.127486,0.393769,-0.059399,0.565863,6.41476,-0.0002,-0.1,-0.002,-0.05,-0.06,-0.2,0.499661,-0.00304,-0.016738,-0.000333,-0.191006,-0.401449,-0.074424,-0.018165,0.789438,-0.077248,-0.069124,-0.100931,-0.08823,1.334077,1.326448,-0.16576,-0.003034,-0.323539,5.875,0.016798,0.109195,0.109859
98,100.577606,968.02002,0.790432,0.834007,0.166667,0.0,0.31606,70289.0,0.302792,0.8673,0.119023,0.371457,-0.055316,0.528924,6.419397,-0.0002,-0.1,-0.002,-0.05,-0.06,-0.2,0.489415,-0.003011,-0.013337,-0.001113,-0.180048,-0.387225,-0.070709,-0.017428,0.76056,-0.073274,-0.065057,-0.092699,-0.083737,1.335164,1.346059,-0.159879,-0.003455,-0.29614,5.666667,0.020373,0.121397,0.103435
99,104.057648,994.429993,0.815942,0.840914,0.083333,0.0,0.314324,67702.0,0.308199,0.886486,0.124172,0.381834,-0.057456,0.555294,6.402565,-0.000275,-0.108333,-0.002167,-0.053125,-0.06375,-0.2125,0.497555,-0.003024,-0.015801,-0.000655,-0.188792,-0.389642,-0.07176,-0.017878,0.787005,-0.074358,-0.067806,-0.099168,-0.08766,1.353203,1.355067,-0.160563,-0.003038,-0.321656,5.333333,0.018614,0.092801,0.12048
100,102.44014,985.679993,0.826518,0.838913,0.125,0.0,0.310826,65987.0,0.300165,0.864674,0.123369,0.373873,-0.056983,0.550334,6.410833,-0.002,-0.3,-0.006,-0.125,-0.15,-0.5,0.491421,-0.003176,-0.012426,-0.002321,-0.180462,-0.380097,-0.069168,-0.017782,0.777124,-0.074147,-0.067862,-0.094699,-0.084351,1.363773,1.348135,-0.159304,-0.0037,-0.379701,5.041667,0.016819,0.113885,0.125607
101,102.72464,990.200012,0.826534,0.844332,0.041667,0.0,0.308587,67080.0,0.310574,0.868091,0.123537,0.393421,-0.058227,0.573413,6.382686,-0.002,-0.3,-0.006,-0.125,-0.15,-0.5,0.495919,-0.003901,-0.016549,-0.000333,-0.189914,-0.381004,-0.070007,-0.019061,0.797842,-0.076979,-0.071845,-0.097487,-0.088968,1.327967,1.360848,-0.16503,-0.003306,-0.310267,3.833333,0.01632,0.095436,0.100803
102,103.506989,987.02002,0.810187,0.838287,0.086957,0.0,0.306397,68495.0,0.300629,0.848161,0.111816,0.368073,-0.054403,0.528425,6.395058,-0.002,-0.3,-0.006,-0.125,-0.15,-0.5,0.493039,-0.004652,-0.014208,-0.00087,-0.186661,-0.370851,-0.069939,-0.019654,0.76659,-0.07556,-0.070273,-0.0969,-0.086016,1.348841,1.412387,-0.165266,-0.003116,-0.292733,4.347826,0.019553,0.127138,0.093984
103,104.137115,1000.0,0.855808,0.853408,0.0,0.0,0.304098,66789.0,0.307527,0.861963,0.132692,0.402895,-0.059473,0.592749,6.372705,-0.002,-0.3,-0.006,-0.125,-0.15,-0.5,0.500007,-0.005087,-0.014098,0.0,-0.192356,-0.37273,-0.070736,-0.020709,0.803513,-0.078983,-0.078602,-0.09592,-0.088675,1.379113,1.408376,-0.172076,-0.002997,-0.424169,4.041667,0.015114,0.091919,0.093228
104,102.831825,980.200012,0.83828,0.839079,0.125,0.0,0.301944,64401.0,0.303141,0.838974,0.117826,0.373714,-0.053212,0.540106,6.365952,-0.002,-0.3,-0.006,-0.125,-0.15,-0.5,0.491744,-0.005768,-0.016519,-0.001,-0.182755,-0.36355,-0.069975,-0.021284,0.766775,-0.078606,-0.079452,-0.094297,-0.084896,1.339218,1.416473,-0.171914,-0.002668,-0.32091,3.458333,0.017333,0.105686,0.127389
105,103.167999,996.059998,0.812939,0.848883,0.086957,0.0,0.299823,67676.0,0.301837,0.86509,0.117054,0.370292,-0.056076,0.546615,6.355821,-0.002,-0.3,-0.006,-0.125,-0.15,-0.5,0.496795,-0.006287,-0.01446,-0.001087,-0.177308,-0.366176,-0.069669,-0.021917,0.766532,-0.084007,-0.082495,-0.096574,-0.083567,1.355925,1.386479,-0.177679,-0.003525,-0.403859,4.043478,0.019136,0.115694,0.120457
106,105.161934,987.309998,0.8216,0.843713,0.083333,0.0,0.29719,66236.0,0.296337,0.821148,0.117724,0.373707,-0.055148,0.568018,6.355407,-0.002,-0.3,-0.006,-0.125,-0.15,-0.5,0.488579,-0.006799,-0.017232,-0.001389,-0.178856,-0.353334,-0.069351,-0.023008,0.761341,-0.083091,-0.087426,-0.097215,-0.080791,1.37732,1.424541,-0.178286,-0.00261,-0.324065,3.333333,0.017138,0.117461,0.124607
107,104.93634,979.619995,0.82113,0.828418,0.130435,0.0,0.294791,68649.0,0.291313,0.828334,0.112904,0.354881,-0.052659,0.535826,6.338867,-0.002,-0.3,-0.006,-0.125,-0.15,-0.5,0.491938,-0.007484,-0.014635,-0.001217,-0.179595,-0.350652,-0.065631,-0.023059,0.760561,-0.081959,-0.084626,-0.093306,-0.082205,1.383018,1.448104,-0.178646,-0.002212,-0.233307,3.521739,0.015633,0.104906,0.114017
108,105.850136,992.099976,0.820661,0.829696,0.045455,0.0,0.29259,70114.0,0.283934,0.792516,0.106756,0.347136,-0.049408,0.516551,6.311064,-0.002,-0.3,-0.006,-0.125,-0.15,-0.5,0.482029,-0.008122,-0.01367,-0.001818,-0.165272,-0.338363,-0.063018,-0.02344,0.728201,-0.080998,-0.086423,-0.086365,-0.075353,1.384753,1.470709,-0.17856,-0.002844,-0.347581,2.772727,0.018209,0.102524,0.131559
109,105.407639,1000.0,0.809777,0.850603,0.0,0.0,0.2905,67975.0,0.298809,0.83092,0.121022,0.373894,-0.055296,0.558464,6.307363,-0.002,-0.3,-0.006,-0.125,-0.15,-0.5,0.500007,-0.008813,-0.013357,0.0,-0.181864,-0.351156,-0.067569,-0.024822,0.781516,-0.086531,-0.092707,-0.090975,-0.084479,1.381863,1.499178,-0.189151,-0.003176,-0.396286,3.217391,0.016315,0.112121,0.093063
110,103.578712,985.48999,0.824668,0.83563,0.083333,0.0,0.287322,58910.0,0.290729,0.813335,0.120062,0.373139,-0.056032,0.561708,6.279813,-0.002,-0.3,-0.006,-0.125,-0.15,-0.5,0.488333,-0.009071,-0.012794,-0.001389,-0.179053,-0.339635,-0.067367,-0.025511,0.770505,-0.088004,-0.095033,-0.0931,-0.082365,1.360857,1.455578,-0.189834,-0.002443,-0.35903,2.458333,0.014328,0.080069,0.12194
111,105.840439,985.080017,0.839777,0.855911,0.045455,0.0,0.284921,73540.0,0.300305,0.857661,0.119735,0.362924,-0.057263,0.559277,6.277191,-0.002,-0.3,-0.006,-0.125,-0.15,-0.5,0.498124,-0.009489,-0.013298,-0.000303,-0.172374,-0.344924,-0.066884,-0.026171,0.771282,-0.088764,-0.102363,-0.09381,-0.079652,1.390518,1.493947,-0.19445,-0.002214,-0.335007,3.136364,0.016087,0.099303,0.096027
112,108.711044,995.039978,0.863498,0.847203,0.0,0.0,0.282675,66156.0,0.291717,0.821446,0.121494,0.370417,-0.054521,0.553428,6.283287,-0.002,-0.3,-0.006,-0.125,-0.15,-0.5,0.500007,-0.010238,-0.013439,0.0,-0.173489,-0.338467,-0.066716,-0.02702,0.778793,-0.091394,-0.104193,-0.091013,-0.079834,1.423244,1.526663,-0.196659,-0.002226,-0.219565,2.521739,0.013951,0.112418,0.091103
113,106.046333,982.590027,0.824001,0.832821,0.090909,0.0,0.280011,63751.0,0.291596,0.796327,0.117257,0.361492,-0.053339,0.541377,6.264089,-0.002,-0.3,-0.006,-0.125,-0.15,-0.5,0.491037,-0.010667,-0.013883,-0.000818,-0.165865,-0.330598,-0.06563,-0.027119,0.757629,-0.090441,-0.101459,-0.088835,-0.077141,1.37302,1.525378,-0.197306,-0.002094,-0.283371,3.545455,0.015601,0.118107,0.107106
114,107.253807,987.630005,0.831626,0.856639,0.045455,0.0,0.278218,63217.0,0.285377,0.802908,0.115671,0.374862,-0.055131,0.573262,6.244457,-0.002,-0.3,-0.006,-0.125,-0.15,-0.5,0.497598,-0.011765,-0.012395,-0.000606,-0.182582,-0.330307,-0.065912,-0.028692,0.785768,-0.091149,-0.103545,-0.092788,-0.084194,1.42157,1.572539,-0.201453,-0.002418,-0.371311,3.045455,0.017629,0.136501,0.115788
115,108.546089,996.76001,0.855076,0.84508,0.043478,0.0,0.276285,58947.0,0.289834,0.790378,0.129596,0.398151,-0.058243,0.613707,6.248823,-0.002,-0.3,-0.006,-0.125,-0.15,-0.5,0.497652,-0.012071,-0.011346,-0.00058,-0.186265,-0.330125,-0.067321,-0.030003,0.799555,-0.095679,-0.108902,-0.092286,-0.08577,1.415029,1.552743,-0.208664,-0.002196,-0.379404,2.565217,0.017044,0.110931,0.110661
116,108.571022,990.869995,0.799286,0.825536,0.043478,0.0,0.274558,65687.0,0.280116,0.771222,0.109922,0.328371,-0.047971,0.491868,6.241368,-0.002,-0.3,-0.006,-0.125,-0.15,-0.5,0.490072,-0.012505,-0.01239,-0.00087,-0.15197,-0.317001,-0.06155,-0.028208,0.727941,-0.092929,-0.104802,-0.083926,-0.071353,1.413305,1.565404,-0.201278,-0.002092,-0.207707,2.26087,0.014067,0.072639,0.116473
117,109.366318,990.869995,0.831534,0.85019,0.0,0.0,0.272885,68543.0,0.288191,0.803685,0.109806,0.36045,-0.050833,0.555342,6.226799,-0.002,-0.3,-0.006,-0.125,-0.15,-0.5,0.500007,-0.013835,-0.012635,0.0,-0.178217,-0.32009,-0.0614,-0.02967,0.782715,-0.093491,-0.10741,-0.088206,-0.082767,1.416116,1.615426,-0.207644,-0.00226,-0.283444,3.363636,0.017513,0.098377,0.085293
118,111.632065,1000.0,0.853926,0.864227,0.0,0.0,0.270737,67944.0,0.286631,0.781758,0.109514,0.357269,-0.050678,0.553878,6.208578,-0.002,-0.3,-0.006,-0.125,-0.15,-0.5,0.500007,-0.014123,-0.010578,0.0,-0.177028,-0.316508,-0.062482,-0.03144,0.778278,-0.097106,-0.114493,-0.088148,-0.080901,1.448153,1.627391,-0.211333,-0.001695,-0.251125,2.608696,0.01696,0.087335,0.087373
119,111.610992,1000.0,0.854787,0.879326,0.0,0.0,0.268477,66969.0,0.283902,0.79976,0.11696,0.351834,-0.052363,0.552506,6.226646,-0.002,-0.3,-0.006,-0.125,-0.15,-0.5,0.500007,-0.01427,-0.014048,0.0,-0.17221,-0.317011,-0.064338,-0.032149,0.798721,-0.101254,-0.115551,-0.088678,-0.079199,1.448897,1.58502,-0.215191,-0.001975,-0.250056,2.478261,0.016939,0.083743,0.096791
120,112.422997,1000.0,0.851178,0.88003,0.0,0.0,0.266236,67955.0,0.289041,0.791751,0.121836,0.366932,-0.054275,0.579735,6.192934,-0.002,-0.3,-0.006,-0.125,-0.15,-0.5,0.500007,-0.014572,-0.012036,0.0,-0.172752,-0.311257,-0.062601,-0.032737,0.799153,-0.100435,-0.12526,-0.087257,-0.079543,1.441626,1.623518,-0.216453,-0.002542,-0.336059,2.73913,0.015678,0.081961,0.075478
121,111.461411,1000.0,0.85859,0.857651,0.0,0.0,0.264779,66130.0,0.279753,0.795771,0.123737,0.367447,-0.055521,0.590103,6.223161,-0.002,-0.3,-0.006,-0.125,-0.15,-0.5,0.500007,-0.014961,-0.010891,0.0,-0.183752,-0.306976,-0.058893,-0.031948,0.817511,-0.100112,-0.124177,-0.085005,-0.08687,1.475229,1.639505,-0.21554,-0.001644,-0.377006,2.714286,0.016139,0.120203,0.106718
122,110.701096,1000.0,0.838448,0.863078,0.0,0.0,0.263053,70952.0,0.277566,0.781392,0.131707,0.395228,-0.056519,0.630316,6.193516,-0.002,-0.3,-0.006,-0.125,-0.15,-0.5,0.500007,-0.015978,-0.010544,0.0,-0.185699,-0.305757,-0.062945,-0.034207,0.82263,-0.103268,-0.126305,-0.085466,-0.086455,1.454057,1.651361,-0.224244,-0.002335,-0.364769,2.7,0.019011,0.089072,0.103524
123,111.657524,996.369995,0.845796,0.871752,0.041667,0.0,0.261227,66050.0,0.276913,0.773168,0.11778,0.359793,-0.05208,0.565544,6.188884,-0.002,-0.3,-0.006,-0.125,-0.15,-0.5,0.496215,-0.016896,-0.010844,-0.000833,-0.170244,-0.298204,-0.060849,-0.033623,0.78095,-0.103593,-0.124797,-0.086055,-0.078837,1.44295,1.65008,-0.221658,-0.001834,-0.270426,2.333333,0.01595,0.085287,0.099834
124,113.174522,998.890015,0.857401,0.856989,0.043478,0.0,0.259828,67261.0,0.272357,0.781148,0.120608,0.380285,-0.056944,0.630939,6.169854,-0.002,-0.3,-0.006,-0.125,-0.15,-0.5,0.499195,-0.01707,-0.011168,-0.00058,-0.182788,-0.298669,-0.060144,-0.034863,0.821091,-0.10484,-0.124403,-0.085706,-0.083085,1.469749,1.657861,-0.227252,-0.002542,-0.340141,2.434783,0.016379,0.098622,0.111305
125,112.739861,996.97998,0.843923,0.860855,0.086957,0.0,0.257967,66770.0,0.26862,0.775781,0.116958,0.344946,-0.050932,0.575852,6.151546,-0.002,-0.3,-0.006,-0.125,-0.15,-0.5,0.497275,-0.017165,-0.010559,-0.001449,-0.167606,-0.292065,-0.05833,-0.034543,0.78689,-0.103323,-0.135793,-0.082895,-0.077486,1.496298,1.700378,-0.223049,-0.001833,-0.333149,18.173914,0.017361,0.10595,0.120833
126,113.561386,1000.0,0.856946,0.86438,0.0,0.0,0.25641,62428.0,0.27288,0.769519,0.121223,0.366125,-0.053501,0.602227,6.131135,-0.002,-0.3,-0.006,-0.125,-0.15,-0.5,0.500007,-0.018306,-0.011657,0.0,-0.173817,-0.290764,-0.060261,-0.035896,0.797622,-0.106402,-0.135303,-0.084885,-0.079345,1.494246,1.711771,-0.230306,-0.001891,-0.29929,8.0,0.016908,0.089262,0.095303
127,114.501923,1000.0,0.857639,0.866836,0.0,0.0,0.254586,64956.0,0.269559,0.768289,0.121402,0.376122,-0.053945,0.61037,6.151466,-0.002,-0.3,-0.006,-0.125,-0.15,-0.5,0.500007,-0.019181,-0.011621,0.0,-0.178975,-0.287424,-0.059229,-0.036419,0.809471,-0.107248,-0.131567,-0.084478,-0.082307,1.486368,1.712985,-0.232844,-0.002357,-0.343267,9.0,0.014875,0.092857,0.104024
128,115.458282,1000.0,0.859955,0.870668,0.041667,0.0,0.252988,64598.0,0.266219,0.757442,0.11759,0.357896,-0.051335,0.59443,6.146729,-0.002,-0.3,-0.006,-0.125,-0.15,-0.5,0.499159,-0.019504,-0.011646,-0.000185,-0.167315,-0.282508,-0.057583,-0.036827,0.792609,-0.106744,-0.135632,-0.082469,-0.078192,1.512159,1.747921,-0.232147,-0.001876,-0.330653,8.791667,0.015688,0.093427,0.093368
129,116.370216,1000.0,0.865467,0.866025,0.041667,0.0,0.251359,65290.0,0.265861,0.744632,0.119522,0.345739,-0.051153,0.576612,6.128271,-0.002,-0.3,-0.006,-0.125,-0.15,-0.5,0.498149,-0.01939,-0.009148,-0.000152,-0.165886,-0.27821,-0.05647,-0.036966,0.798598,-0.106733,-0.139746,-0.079165,-0.077608,1.505455,1.776749,-0.233354,-0.001816,-0.353054,8.333334,0.014941,0.092635,0.098667
130,115.848434,1000.0,0.868624,0.86531,0.041667,0.0,0.249653,65424.0,0.26586,0.7502,0.119323,0.354335,-0.051941,0.594216,6.106967,-0.002,-0.3,-0.006,-0.125,-0.15,-0.5,0.498435,-0.020087,-0.010327,-0.000128,-0.168728,-0.276537,-0.057173,-0.038018,0.803884,-0.1093,-0.143838,-0.08234,-0.077472,1.507466,1.767541,-0.236451,-0.002044,-0.318601,7.458333,0.014118,0.099599,0.10808
131,116.063461,1000.0,0.861179,0.863105,0.041667,0.0,0.247816,64909.0,0.263294,0.741411,0.116538,0.350992,-0.050196,0.589736,6.093057,-0.002,-0.3,-0.006,-0.125,-0.15,-0.5,0.497569,-0.020831,-0.009926,-0.000333,-0.165934,-0.271577,-0.0562,-0.038961,0.795184,-0.109275,-0.144629,-0.079206,-0.076657,1.514439,1.781104,-0.237216,-0.002061,-0.29912,7.958333,0.015702,0.094367,0.10667
132,117.228424,1000.0,0.872713,0.859946,0.0,0.0,0.246211,61166.0,0.263989,0.73956,0.115238,0.346151,-0.049177,0.574239,6.085741,-0.002,-0.3,-0.006,-0.125,-0.15,-0.5,0.500007,-0.021665,-0.009952,0.0,-0.161901,-0.268912,-0.055275,-0.039242,0.788478,-0.109001,-0.143056,-0.07804,-0.075082,1.515161,1.826393,-0.240006,-0.001797,-0.269879,8.458334,0.013115,0.090895,0.094726
133,118.114685,991.409973,0.854957,0.851837,0.041667,0.0,0.244628,64808.0,0.266759,0.732706,0.121762,0.354841,-0.050569,0.582618,6.086868,-0.002,-0.3,-0.006,-0.125,-0.15,-0.5,0.498016,-0.022149,-0.012139,-0.000185,-0.166501,-0.265283,-0.055655,-0.039587,0.794655,-0.111384,-0.148734,-0.077236,-0.077578,1.503097,1.807904,-0.241974,-0.001843,-0.265465,7.125,0.017214,0.105722,0.110562
134,116.340767,1000.0,0.866737,0.869447,0.0,0.0,0.242355,64610.0,0.263086,0.739512,0.118098,0.348606,-0.04962,0.584384,6.071219,-0.002,-0.3,-0.006,-0.125,-0.15,-0.5,0.500007,-0.022393,-0.010274,0.0,-0.160307,-0.264312,-0.055291,-0.040321,0.792061,-0.112986,-0.152585,-0.078894,-0.074513,1.518677,1.829812,-0.244721,-0.001764,-0.345619,7.666667,0.013545,0.086625,0.10657
135,116.554848,1000.0,0.870643,0.869343,0.0,0.0,0.241249,64952.0,0.264522,0.736964,0.131856,0.371658,-0.053927,0.628,6.04871,-0.002,-0.3,-0.006,-0.125,-0.15,-0.5,0.500007,-0.022329,-0.008989,0.0,-0.169114,-0.26249,-0.055871,-0.041713,0.819491,-0.115806,-0.159888,-0.079341,-0.078655,1.509735,1.8311,-0.250481,-0.00213,-0.403943,7.875,0.016325,0.078362,0.093745
136,118.091309,1000.0,0.872887,0.871685,0.0,0.0,0.239557,64598.0,0.26171,0.727617,0.122875,0.364814,-0.050644,0.610639,6.030761,-0.002,-0.3,-0.006,-0.125,-0.15,-0.5,0.500007,-0.023786,-0.011407,0.0,-0.1673,-0.256872,-0.053843,-0.041593,0.807335,-0.11401,-0.155014,-0.076368,-0.077763,1.528171,1.86529,-0.2489,-0.002105,-0.312499,6.625,0.013506,0.0839,0.106554
137,117.758682,993.429993,0.866817,0.862854,0.041667,0.0,0.237793,61203.0,0.259772,0.721774,0.120039,0.355484,-0.048942,0.591374,6.013432,-0.002,-0.3,-0.006,-0.125,-0.15,-0.5,0.498048,-0.024381,-0.009447,-0.000238,-0.163491,-0.251849,-0.053167,-0.042616,0.793662,-0.113203,-0.154764,-0.073953,-0.076422,1.517437,1.879284,-0.248469,-0.001758,-0.304866,6.375,0.013636,0.102441,0.109939
138,118.132347,1000.0,0.867659,0.873493,0.0,0.0,0.23598,65629.0,0.257291,0.722455,0.120096,0.358792,-0.050944,0.620431,6.006325,-0.002,-0.3,-0.006,-0.125,-0.15,-0.5,0.500007,-0.024715,-0.009388,0.0,-0.167781,-0.251384,-0.054232,-0.043092,0.811523,-0.116255,-0.158552,-0.077014,-0.078065,1.528327,1.886659,-0.251698,-0.00199,-0.335767,6.541667,0.01718,0.101884,0.096331
139,113.745583,972.719971,0.851323,0.847549,0.125,0.0,0.23414,68016.0,0.25559,0.714256,0.119728,0.353199,-0.049119,0.588349,6.001066,-0.002,-0.3,-0.006,-0.125,-0.15,-0.5,0.48694,-0.024866,-0.010292,-0.001157,-0.161821,-0.24133,-0.05204,-0.042537,0.787673,-0.114251,-0.155521,-0.075726,-0.076686,1.474557,1.844381,-0.248012,-0.002298,-0.432613,5.125,0.014074,0.096326,0.115443
140,120.390091,1000.0,0.870135,0.874333,0.0,0.0,0.23254,67179.0,0.260411,0.723157,0.124033,0.357868,-0.050832,0.609123,5.983055,-0.002,-0.3,-0.006,-0.125,-0.15,-0.5,0.500007,-0.025641,-0.008963,0.0,-0.162111,-0.245293,-0.052857,-0.043496,0.811209,-0.118238,-0.164948,-0.074078,-0.075378,1.51742,1.912576,-0.255618,-0.00206,-0.262595,6.041667,0.012678,0.075149,0.094572
141,120.279915,1000.0,0.869178,0.863733,0.0,0.0,0.229752,67853.0,0.257488,0.718474,0.123886,0.363844,-0.051025,0.614728,5.991359,-0.002,-0.3,-0.006,-0.125,-0.15,-0.5,0.500007,-0.026009,-0.008369,0.0,-0.166338,-0.2431,-0.053832,-0.045728,0.810475,-0.121779,-0.166868,-0.074494,-0.07773,1.530651,1.904044,-0.258681,-0.001917,-0.258826,5.583333,0.015369,0.081617,0.107015
142,121.090836,1000.0,0.872902,0.869744,0.0,0.0,0.228089,65439.0,0.253636,0.711763,0.1266,0.364164,-0.051033,0.635926,6.005431,-0.002,-0.3,-0.006,-0.125,-0.15,-0.5,0.500007,-0.025657,-0.007916,0.0,-0.16561,-0.239,-0.050948,-0.044036,0.826411,-0.117608,-0.16532,-0.073659,-0.077775,1.541318,1.955214,-0.254918,-0.0021,-0.357494,4.565217,0.016666,0.089484,0.111472
143,119.534813,998.359985,0.888118,0.86354,0.041667,0.0,0.225797,67343.0,0.2528,0.708453,0.125577,0.358932,-0.051031,0.627042,5.953632,-0.002,-0.3,-0.006,-0.125,-0.15,-0.5,0.499516,-0.025566,-0.008964,-0.000238,-0.160785,-0.235974,-0.051175,-0.044123,0.81349,-0.117607,-0.166345,-0.073345,-0.074745,1.551548,1.941016,-0.252804,-0.001817,-0.370369,4.25,0.015355,0.092203,0.096886
144,122.354179,998.98999,0.871478,0.877161,0.043478,0.0,0.22431,68850.0,0.247368,0.695714,0.110322,0.34464,-0.046556,0.594272,5.963127,-0.002,-0.3,-0.006,-0.125,-0.15,-0.5,0.499268,-0.027278,-0.008977,-0.00058,-0.158814,-0.231438,-0.050782,-0.044138,0.795172,-0.112444,-0.153113,-0.072344,-0.074894,1.552125,2.005307,-0.247393,-0.001803,-0.290167,4.130435,0.016166,0.090786,0.102422
145,121.6399,996.330017,0.868452,0.861696,0.041667,0.0,0.221642,63020.0,0.243624,0.699114,0.121594,0.332775,-0.047673,0.598361,5.94279,-0.002,-0.3,-0.006,-0.125,-0.15,-0.5,0.496173,-0.024869,-0.00598,-0.000833,-0.154241,-0.228946,-0.049076,-0.04338,0.801419,-0.111737,-0.162903,-0.068456,-0.071786,1.565975,1.980027,-0.243351,-0.001522,-0.336638,3.625,0.015033,0.09635,0.105606
146,122.181168,1000.0,0.871485,0.878155,0.0,0.0,0.220083,69922.0,0.24447,0.708886,0.112564,0.326361,-0.046435,0.58773,5.933971,-0.002,-0.3,-0.006,-0.125,-0.15,-0.5,0.500007,-0.025839,-0.008334,0.0,-0.153854,-0.227915,-0.048697,-0.043265,0.80523,-0.112827,-0.160625,-0.071506,-0.072051,1.579956,1.991775,-0.241266,-0.001546,-0.32907,3.782609,0.014051,0.072917,0.10696
147,124.022408,1000.0,0.864496,0.861789,0.0,0.0,0.218393,67460.0,0.249468,0.702155,0.125632,0.36114,-0.049776,0.619592,5.907423,-0.002,-0.3,-0.006,-0.125,-0.15,-0.5,0.500007,-0.025555,-0.008506,0.0,-0.1598,-0.224387,-0.049911,-0.043158,0.810837,-0.110693,-0.15917,-0.069786,-0.075897,1.549134,2.010798,-0.243114,-0.00155,-0.299212,4.375,0.013402,0.087448,0.098302
148,125.206963,980.830017,0.842526,0.835834,0.083333,0.0,0.216573,64417.0,0.230367,0.665158,0.114852,0.34096,-0.046091,0.584859,5.888907,-0.002,-0.3,-0.006,-0.125,-0.15,-0.5,0.483489,-0.025613,-0.00686,-0.001389,-0.147506,-0.212621,-0.047616,-0.041316,0.775943,-0.10293,-0.142294,-0.063522,-0.070612,1.530664,1.998428,-0.228644,-0.001307,-0.14253,3.166667,0.017246,0.108501,0.135625
149,122.892792,980.26001,0.874358,0.848436,0.095238,0.0,0.214885,72341.0,0.244128,0.665159,0.122667,0.336989,-0.04714,0.595005,5.898459,-0.002,-0.3,-0.006,-0.125,-0.15,-0.5,0.488245,-0.02448,-0.007833,-0.000952,-0.151918,-0.214235,-0.0467,-0.041415,0.781821,-0.106601,-0.154395,-0.06905,-0.072961,1.513844,1.999404,-0.229365,-0.001454,-0.371671,3.095238,0.014213,0.091838,0.128463
150,126.850883,1000.0,0.875164,0.890745,0.0,0.0,0.213396,67519.0,0.251434,0.689024,0.120588,0.340566,-0.046866,0.601125,5.877218,-0.002,-0.3,-0.006,-0.125,-0.15,-0.5,0.500007,-0.025613,-0.008168,0.0,-0.153418,-0.215044,-0.047473,-0.041377,0.808279,-0.108102,-0.15407,-0.06841,-0.073138,1.524587,2.063798,-0.22941,-0.001086,-0.218926,3.375,0.016998,0.069895,0.092934
151,126.500076,998.630005,0.872385,0.866055,0.043478,0.0,0.211471,69696.0,0.249292,0.674575,0.127769,0.36703,-0.051565,0.648916,5.854492,-0.002,-0.3,-0.006,-0.125,-0.15,-0.5,0.498507,-0.02521,-0.00752,-0.00087,-0.159875,-0.213353,-0.047544,-0.040973,0.828301,-0.108101,-0.155219,-0.067116,-0.075844,1.527536,2.065764,-0.229354,-0.001643,-0.329286,2.434783,0.013723,0.106161,0.094815
152,126.35321,1000.0,0.866043,0.860947,0.0,0.0,0.210331,67534.0,0.24337,0.685212,0.119098,0.343883,-0.04604,0.613175,5.855857,-0.002,-0.3,-0.006,-0.125,-0.15,-0.5,0.500007,-0.025601,-0.009656,0.0,-0.157483,-0.208885,-0.04499,-0.041266,0.822886,-0.105615,-0.150717,-0.066589,-0.075848,1.561942,2.076562,-0.222778,-0.001778,-0.372146,2.708333,0.018983,0.08426,0.118214
153,126.554375,996.719971,0.879976,0.864292,0.045455,0.0,0.208345,71471.0,0.236949,0.675522,0.12267,0.344377,-0.047215,0.622935,5.864874,-0.002,-0.3,-0.006,-0.125,-0.15,-0.5,0.498511,-0.024519,-0.007641,-0.000364,-0.15089,-0.207059,-0.04593,-0.041463,0.810135,-0.103103,-0.154424,-0.064348,-0.07024,1.587266,2.098824,-0.222852,-0.001328,-0.263548,3.181818,0.012676,0.071858,0.098368
154,128.668259,1000.0,0.882351,0.878093,0.0,0.0,0.206948,67579.0,0.242969,0.67168,0.131456,0.336164,-0.046841,0.593174,5.830215,-0.002,-0.3,-0.006,-0.125,-0.15,-0.5,0.500007,-0.024426,-0.006341,0.0,-0.148773,-0.204918,-0.044873,-0.040538,0.822621,-0.099953,-0.155252,-0.062021,-0.072429,1.565055,2.146887,-0.219397,-0.001242,-0.341958,2.727273,0.013082,0.083766,0.106024
155,129.459167,1000.0,0.888005,0.872717,0.0,0.0,0.205107,71170.0,0.232699,0.669429,0.124382,0.335275,-0.046166,0.61124,5.78935,-0.002,-0.3,-0.006,-0.125,-0.15,-0.5,0.500007,-0.023867,-0.005671,0.0,-0.145248,-0.202905,-0.044651,-0.04074,0.810471,-0.103361,-0.155062,-0.064577,-0.068587,1.622408,2.122917,-0.217409,-0.001295,-0.245568,3.545455,0.013336,0.079793,0.10077
156,130.02092,1000.0,0.860839,0.86564,0.0,0.0,0.203855,71420.0,0.240828,0.669633,0.13079,0.349409,-0.049009,0.636831,5.832225,-0.002,-0.3,-0.006,-0.125,-0.15,-0.5,0.500007,-0.024356,-0.007193,0.0,-0.154359,-0.199981,-0.045691,-0.041249,0.821653,-0.101559,-0.16034,-0.064111,-0.074322,1.587501,2.141418,-0.21656,-0.001192,-0.305381,2.954545,0.021204,0.078582,0.105836
157,129.467682,988.23999,0.858786,0.848783,0.086957,0.0,0.202402,70609.0,0.2279,0.640791,0.12101,0.345703,-0.04711,0.634576,5.792712,-0.002,-0.3,-0.006,-0.125,-0.15,-0.5,0.487202,-0.023542,-0.006555,-0.001739,-0.149157,-0.191368,-0.043761,-0.039215,0.801535,-0.096026,-0.141734,-0.063656,-0.071638,1.54807,2.127059,-0.208295,-0.000996,-0.285058,2.521739,0.015334,0.096445,0.139717
158,126.054359,966.48999,0.829851,0.810148,0.130435,0.0,0.200658,70777.0,0.21674,0.613792,0.127461,0.336049,-0.045571,0.615249,5.803834,-0.002,-0.3,-0.006,-0.125,-0.15,-0.5,0.466147,-0.022256,-0.004441,-0.003478,-0.144824,-0.180853,-0.04148,-0.038284,0.774401,-0.090484,-0.140448,-0.056144,-0.068835,1.496531,2.051749,-0.196826,-0.001123,-0.415425,2.391304,0.016873,0.099276,0.17165
159,129.655502,995.190002,0.879913,0.866207,0.045455,0.0,0.199479,66183.0,0.233317,0.661573,0.122718,0.337536,-0.045494,0.612898,5.797915,-0.002,-0.3,-0.006,-0.125,-0.15,-0.5,0.498181,-0.025101,-0.007362,-0.000303,-0.144779,-0.192694,-0.044732,-0.040194,0.804164,-0.097746,-0.143472,-0.063016,-0.070088,1.59587,2.175839,-0.20854,-0.001244,-0.347147,3.409091,0.015523,0.097433,0.104616
160,127.919022,995.190002,0.861822,0.851972,0.0,0.0,0.197591,69148.0,0.231116,0.666746,0.116564,0.33641,-0.045293,0.616724,5.806399,-0.002,-0.3,-0.006,-0.125,-0.15,-0.5,0.500007,-0.024475,-0.005384,0.0,-0.147028,-0.190613,-0.044415,-0.039406,0.816216,-0.095192,-0.143436,-0.061069,-0.069478,1.591038,2.195251,-0.206276,-0.001045,-0.561419,2.25,0.017631,0.094401,0.119422
161,129.759033,1000.0,0.887103,0.869972,0.0,0.0,0.196469,69665.0,0.228915,0.660356,0.133306,0.347458,-0.047469,0.633735,5.770589,-0.002,-0.3,-0.006,-0.125,-0.15,-0.5,0.500007,-0.023698,-0.006675,0.0,-0.143237,-0.188662,-0.043821,-0.038509,0.827426,-0.096393,-0.145534,-0.061164,-0.069823,1.607247,2.194793,-0.204567,-0.001169,-0.332589,2.782609,0.014242,0.074929,0.09396
162,131.886719,1000.0,0.873123,0.868461,0.0,0.0,0.194669,69082.0,0.227159,0.63158,0.118008,0.318824,-0.041765,0.577503,5.773027,-0.002,-0.3,-0.006,-0.125,-0.15,-0.5,0.500007,-0.025046,-0.005715,0.0,-0.137011,-0.182633,-0.041132,-0.038508,0.807136,-0.089833,-0.136617,-0.056666,-0.066388,1.62368,2.29265,-0.198012,-0.001198,-0.376819,2.608696,0.012274,0.066562,0.109834
163,133.343948,1000.0,0.885165,0.884871,0.0,0.0,0.193685,75924.0,0.224345,0.650981,0.116172,0.326704,-0.044783,0.617453,5.761692,-0.002,-0.3,-0.006,-0.125,-0.15,-0.5,0.500007,-0.024407,-0.00603,0.0,-0.140962,-0.184441,-0.0443,-0.039303,0.811709,-0.09534,-0.140775,-0.061758,-0.066617,1.639592,2.213242,-0.201092,-0.000783,-0.209164,2.947368,0.015489,0.078153,0.108577
164,134.760208,1000.0,0.873177,0.86465,0.0,0.0,0.191988,71654.0,0.226915,0.653479,0.132336,0.349257,-0.048302,0.653003,5.740898,-0.002,-0.3,-0.006,-0.125,-0.15,-0.5,0.500007,-0.02359,-0.005545,0.0,-0.15202,-0.182189,-0.042252,-0.03862,0.841166,-0.092191,-0.14292,-0.060043,-0.072658,1.613955,2.256344,-0.197832,-0.001249,-0.313039,2.318182,0.013849,0.065628,0.125202
165,133.174118,1000.0,0.888908,0.850024,0.0,0.0,0.190662,64601.0,0.233776,0.655762,0.138406,0.380595,-0.052137,0.717961,5.714941,-0.002,-0.3,-0.006,-0.125,-0.15,-0.5,0.500007,-0.023061,-0.00467,0.0,-0.159662,-0.181355,-0.044424,-0.040354,0.851945,-0.094852,-0.151416,-0.061917,-0.075439,1.579013,2.215107,-0.200622,-0.000925,-0.293749,2.608696,0.010849,0.067885,0.117804
166,136.72197,1000.0,0.86998,0.852454,0.0,0.0,0.189149,72106.0,0.224192,0.631654,0.111294,0.317391,-0.041388,0.59129,5.675298,-0.002,-0.3,-0.006,-0.125,-0.15,-0.5,0.500007,-0.025156,-0.009231,0.0,-0.138861,-0.174532,-0.040778,-0.038565,0.798111,-0.087899,-0.136993,-0.06088,-0.067965,1.62015,2.319839,-0.188599,-0.001143,-0.267024,18.5,0.016199,0.083175,0.11592
167,136.316208,1000.0,0.881842,0.879922,0.0,0.0,0.188248,68656.0,0.220252,0.632887,0.119208,0.32188,-0.043028,0.620875,5.678194,-0.002,-0.3,-0.006,-0.125,-0.15,-0.5,0.500007,-0.023655,-0.005421,0.0,-0.138223,-0.172111,-0.039873,-0.037486,0.816715,-0.086487,-0.138871,-0.058164,-0.067972,1.646684,2.34203,-0.186354,-0.000985,-0.282235,4.208333,0.013075,0.061659,0.100893
168,136.650665,1000.0,0.880596,0.870643,0.041667,0.0,0.186646,67790.0,0.221732,0.627205,0.125174,0.338701,-0.044952,0.633215,5.658408,-0.002,-0.3,-0.006,-0.125,-0.15,-0.5,0.499822,-0.023662,-0.00531,-0.000185,-0.139531,-0.172689,-0.041545,-0.037917,0.816584,-0.087024,-0.137825,-0.056557,-0.066296,1.626221,2.335453,-0.18936,-0.0009,-0.35471,8.708334,0.014353,0.081245,0.106336
169,135.296265,988.969971,0.879318,0.868914,0.083333,0.0,0.185264,68283.0,0.221076,0.634099,0.125311,0.349599,-0.046347,0.648737,5.665118,-0.002,-0.3,-0.006,-0.125,-0.15,-0.5,0.498092,-0.023656,-0.006277,-0.000366,-0.144748,-0.169314,-0.041282,-0.038043,0.823755,-0.087508,-0.136373,-0.056981,-0.070669,1.61428,2.314323,-0.187377,-0.000957,-0.341021,8.875,0.014228,0.081999,0.121616
170,136.831024,995.099976,0.884434,0.882706,0.041667,0.0,0.184081,68659.0,0.218159,0.62733,0.126716,0.341486,-0.045375,0.650719,5.653917,-0.002,-0.3,-0.006,-0.125,-0.15,-0.5,0.499325,-0.023347,-0.004621,-0.000111,-0.142498,-0.167549,-0.040244,-0.037566,0.832404,-0.085175,-0.136032,-0.05589,-0.06879,1.637136,2.358876,-0.184261,-0.000975,-0.361005,8.791667,0.014446,0.078872,0.105718
171,139.048935,1000.0,0.893337,0.883173,0.0,0.0,0.182412,64501.0,0.216972,0.629246,0.124557,0.336459,-0.044427,0.656241,5.651582,-0.002,-0.3,-0.006,-0.125,-0.15,-0.5,0.500007,-0.023109,-0.005217,0.0,-0.139311,-0.165408,-0.038594,-0.036665,0.831828,-0.084605,-0.137089,-0.056267,-0.067607,1.649886,2.372001,-0.180514,-0.000904,-0.33772,8.375,0.013485,0.071509,0.105311
172,140.265976,1000.0,0.892429,0.884322,0.0,0.0,0.180745,68282.0,0.213967,0.61883,0.117957,0.318769,-0.04184,0.617695,5.61396,-0.002,-0.3,-0.006,-0.125,-0.15,-0.5,0.500007,-0.023671,-0.004911,0.0,-0.135005,-0.161899,-0.037932,-0.036285,0.816897,-0.08216,-0.13172,-0.053542,-0.066139,1.653449,2.415869,-0.175957,-0.000818,-0.255321,7.291667,0.01439,0.07859,0.097594
173,138.926315,1000.0,0.886978,0.877133,0.0,0.0,0.179367,67447.0,0.214737,0.617281,0.120498,0.332303,-0.043091,0.637628,5.62968,-0.002,-0.3,-0.006,-0.125,-0.15,-0.5,0.500007,-0.023196,-0.004878,0.0,-0.13596,-0.161477,-0.039169,-0.037091,0.822431,-0.083116,-0.134589,-0.054809,-0.06513,1.652386,2.40319,-0.177358,-0.000944,-0.296913,7.5,0.012272,0.07345,0.106168
174,136.747101,1000.0,0.886611,0.880786,0.0,0.0,0.177955,67151.0,0.216151,0.615203,0.123764,0.334385,-0.043776,0.643471,5.605953,-0.002,-0.3,-0.006,-0.125,-0.15,-0.5,0.500007,-0.023206,-0.005483,0.0,-0.137774,-0.160285,-0.039679,-0.037231,0.820028,-0.082378,-0.135861,-0.055485,-0.066166,1.646395,2.408055,-0.177213,-0.000901,-0.383599,8.541667,0.014906,0.0806,0.112188
175,141.999146,1000.0,0.886865,0.879801,0.041667,0.0,0.176517,68783.0,0.21547,0.61623,0.127466,0.34242,-0.044647,0.664155,5.610115,-0.002,-0.3,-0.006,-0.125,-0.15,-0.5,0.498848,-0.022811,-0.004798,-0.000152,-0.13767,-0.156623,-0.038565,-0.036289,0.832181,-0.079752,-0.133941,-0.054904,-0.066718,1.639901,2.437263,-0.173912,-0.000832,-0.284755,7.5,0.015659,0.081061,0.113601
176,143.072037,1000.0,0.886306,0.875346,0.083333,0.0,0.175086,68377.0,0.21061,0.603634,0.122933,0.327589,-0.042308,0.636943,5.581519,-0.002,-0.3,-0.006,-0.125,-0.15,-0.5,0.495576,-0.022572,-0.004287,-0.000417,-0.1339,-0.153548,-0.037432,-0.036045,0.818195,-0.078608,-0.131493,-0.051732,-0.064671,1.644326,2.437619,-0.169427,-0.00075,-0.256069,7.75,0.013236,0.078064,0.114879
177,141.176941,1000.0,0.902809,0.879354,0.0,0.0,0.174287,68713.0,0.212749,0.608387,0.129713,0.343032,-0.04479,0.666257,5.58153,-0.002,-0.3,-0.006,-0.125,-0.15,-0.5,0.500007,-0.022635,-0.003956,0.0,-0.13729,-0.153759,-0.038995,-0.036402,0.834279,-0.080072,-0.13245,-0.054379,-0.066317,1.649994,2.451314,-0.171547,-0.000784,-0.398352,7.291667,0.014491,0.074007,0.110961
178,139.874557,990.200012,0.884714,0.877669,0.0,0.041667,0.17257,68877.0,0.207814,0.605067,0.122604,0.336984,-0.043116,0.651362,5.584432,-0.002,-0.3,-0.006,-0.125,-0.15,-0.5,0.497736,-0.023349,-0.005374,-0.000185,-0.137496,-0.150873,-0.037996,-0.035787,0.824486,-0.077106,-0.123245,-0.05194,-0.067338,1.653328,2.472515,-0.16784,-0.000846,-0.311831,7.041667,0.013022,0.07664,0.108959
179,143.234299,1000.0,0.8868,0.883744,0.0,0.0,0.17104,59748.0,0.211742,0.604076,0.125892,0.329142,-0.042666,0.637539,5.553848,-0.002,-0.3,-0.006,-0.125,-0.15,-0.5,0.500007,-0.022827,-0.004636,0.0,-0.133138,-0.149056,-0.037369,-0.035618,0.822494,-0.077139,-0.129694,-0.053098,-0.065456,1.65157,2.491868,-0.166045,-0.00066,-0.250942,5.916667,0.013017,0.059548,0.092552
180,145.52095,1000.0,0.889028,0.888999,0.0,0.0,0.169729,63053.0,0.20938,0.588513,0.134087,0.347168,-0.043104,0.677734,5.533895,-0.002,-0.3,-0.006,-0.125,-0.15,-0.5,0.500007,-0.022705,-0.006015,0.0,-0.135852,-0.146378,-0.036999,-0.035264,0.8399,-0.074317,-0.127859,-0.049639,-0.066882,1.664693,2.540059,-0.163707,-0.000865,-0.257173,6.083333,0.012844,0.075288,0.097217
181,145.66806,1000.0,0.890432,0.885438,0.0,0.0,0.168104,62596.0,0.204243,0.59148,0.125236,0.319061,-0.041366,0.630795,5.549934,-0.002,-0.3,-0.006,-0.125,-0.15,-0.5,0.500007,-0.022357,-0.004505,0.0,-0.128169,-0.144814,-0.035636,-0.034234,0.830029,-0.073924,-0.126843,-0.049396,-0.062096,1.678138,2.54808,-0.159691,-0.000804,-0.329005,5.5,0.014669,0.079824,0.101105
182,144.544525,997.669983,0.892315,0.866827,0.041667,0.0,0.166677,60212.0,0.206932,0.592116,0.126734,0.332607,-0.041962,0.654196,5.492922,-0.002,-0.3,-0.006,-0.125,-0.15,-0.5,0.499194,-0.022693,-0.005846,-0.000278,-0.133905,-0.142946,-0.035821,-0.034468,0.825045,-0.073616,-0.124779,-0.048685,-0.066643,1.675133,2.551562,-0.158102,-0.000783,-0.328953,5.458333,0.015113,0.087427,0.115463
183,146.41066,1000.0,0.872089,0.859887,0.086957,0.0,0.165103,61529.0,0.200186,0.575865,0.122148,0.327084,-0.041375,0.637115,5.516022,-0.002,-0.3,-0.006,-0.125,-0.15,-0.5,0.495427,-0.023094,-0.005395,-0.000506,-0.131021,-0.139129,-0.035157,-0.03396,0.817333,-0.071476,-0.11741,-0.04905,-0.064479,1.676379,2.56243,-0.15603,-0.000704,-0.25823,5.652174,0.013523,0.085756,0.110291
184,141.950836,990.349976,0.867455,0.870347,0.041667,0.0,0.163404,60082.0,0.199964,0.588005,0.127564,0.322979,-0.041829,0.647143,5.456365,-0.002,-0.3,-0.006,-0.125,-0.15,-0.5,0.496652,-0.021757,-0.003542,-0.000278,-0.127185,-0.140156,-0.036546,-0.034913,0.828458,-0.071991,-0.123566,-0.047373,-0.061396,1.682409,2.559389,-0.157544,-0.00085,-0.384373,4.416667,0.01519,0.078929,0.101136
185,143.467422,984.400024,0.875212,0.877333,0.043478,0.0,0.161945,60556.0,0.203404,0.578347,0.127192,0.321481,-0.040101,0.646394,5.454685,-0.002,-0.3,-0.006,-0.125,-0.15,-0.5,0.497847,-0.021937,-0.005161,-0.00029,-0.128478,-0.13592,-0.034211,-0.033152,0.834507,-0.069857,-0.124217,-0.04611,-0.062741,1.671997,2.60637,-0.150429,-0.00071,-0.39449,4.086957,0.015888,0.062189,0.109355
186,145.965515,992.469971,0.877396,0.878453,0.041667,0.0,0.160994,64253.0,0.198116,0.566481,0.130572,0.337241,-0.042809,0.681167,5.461691,-0.002,-0.3,-0.006,-0.125,-0.15,-0.5,0.497389,-0.022124,-0.004149,-0.000278,-0.129305,-0.134912,-0.035163,-0.033579,0.831432,-0.067897,-0.115666,-0.04586,-0.062172,1.681853,2.642878,-0.152685,-0.000717,-0.382697,4.166667,0.012318,0.074046,0.099202
187,147.304947,1000.0,0.865159,0.883868,0.0,0.0,0.159938,59766.0,0.202769,0.570738,0.131481,0.335651,-0.041195,0.662474,5.449033,-0.002,-0.3,-0.006,-0.125,-0.15,-0.5,0.500007,-0.02221,-0.005505,0.0,-0.129557,-0.133646,-0.034204,-0.033597,0.834553,-0.067994,-0.121292,-0.046338,-0.063937,1.681106,2.652291,-0.150432,-0.000744,-0.296786,3.666667,0.014451,0.071635,0.104845
188,147.892349,1000.0,0.881489,0.873882,0.0,0.0,0.158513,64787.0,0.200155,0.581279,0.121876,0.324824,-0.041765,0.655128,5.432337,-0.002,-0.3,-0.006,-0.125,-0.15,-0.5,0.500007,-0.022383,-0.003963,0.0,-0.124344,-0.133484,-0.034851,-0.033058,0.827466,-0.069124,-0.119609,-0.048965,-0.060135,1.683067,2.633416,-0.149668,-0.0008,-0.321006,3.913043,0.01275,0.067443,0.102588
189,146.864136,995.450012,0.908744,0.87786,0.041667,0.0,0.157504,59376.0,0.199222,0.556938,0.140889,0.322478,-0.041993,0.665187,5.412149,-0.002,-0.3,-0.006,-0.125,-0.15,-0.5,0.498107,-0.020404,-0.003996,-0.000333,-0.126268,-0.128839,-0.033809,-0.033133,0.845793,-0.066207,-0.131138,-0.04472,-0.061569,1.697326,2.686429,-0.145383,-0.000742,-0.54253,3.75,0.014093,0.080652,0.117303
190,149.340485,1000.0,0.877407,0.880066,0.0,0.0,0.156518,60498.0,0.20223,0.561828,0.140196,0.354245,-0.044983,0.704166,5.422611,-0.002,-0.3,-0.006,-0.125,-0.15,-0.5,0.500007,-0.021847,-0.003714,0.0,-0.131706,-0.129274,-0.036268,-0.034164,0.844463,-0.068865,-0.120771,-0.046992,-0.064139,1.674252,2.655261,-0.148387,-0.000708,-0.229824,3.541667,0.012535,0.075404,0.103331
191,147.441025,990.390015,0.873268,0.84551,0.047619,0.0,0.154819,65326.0,0.19481,0.557011,0.135414,0.309747,-0.040634,0.635379,5.39632,-0.002,-0.3,-0.006,-0.125,-0.15,-0.5,0.488554,-0.020129,-0.0024,-0.000952,-0.118866,-0.125144,-0.032166,-0.031115,0.818703,-0.066044,-0.122915,-0.042023,-0.058654,1.652774,2.608182,-0.139996,-0.00078,-0.384807,2.952381,0.016294,0.083296,0.144129
192,148.337967,992.97998,0.887163,0.865726,0.045455,0.0,0.153612,62856.0,0.193475,0.549602,0.128746,0.308727,-0.038591,0.635551,5.407701,-0.002,-0.3,-0.006,-0.125,-0.15,-0.5,0.496012,-0.021381,-0.005329,-0.000455,-0.119145,-0.122821,-0.033092,-0.032599,0.819426,-0.064266,-0.12184,-0.043636,-0.057427,1.706643,2.715919,-0.138497,-0.000565,-0.306271,3.409091,0.012924,0.081986,0.095251
193,148.786407,977.799988,0.857843,0.83848,0.125,0.0,0.153047,64714.0,0.189784,0.531468,0.121955,0.301473,-0.037189,0.612944,5.3632,-0.002,-0.3,-0.006,-0.125,-0.15,-0.5,0.485569,-0.021715,-0.005706,-0.001722,-0.118976,-0.117438,-0.030808,-0.030663,0.796293,-0.061599,-0.112768,-0.042667,-0.058461,1.653144,2.682054,-0.13137,-0.000571,-0.242541,2.375,0.011622,0.064349,0.12058
194,148.580338,977.799988,0.895579,0.868484,0.0,0.0,0.151141,63533.0,0.194682,0.55138,0.135087,0.32493,-0.039283,0.654555,5.344099,-0.002,-0.3,-0.006,-0.125,-0.15,-0.5,0.500007,-0.021203,-0.004467,0.0,-0.119381,-0.121572,-0.032298,-0.032295,0.834378,-0.063882,-0.118635,-0.042349,-0.058485,1.70805,2.750137,-0.138419,-0.000595,-0.34691,3.208333,0.013303,0.071897,0.101701
195,150.838654,1000.0,0.893477,0.878665,0.0,0.0,0.149391,62567.0,0.192727,0.559273,0.139589,0.332393,-0.043264,0.681694,5.3542,-0.002,-0.3,-0.006,-0.125,-0.15,-0.5,0.500007,-0.021535,-0.003176,0.0,-0.127437,-0.121465,-0.033652,-0.032343,0.853958,-0.064652,-0.114981,-0.043942,-0.062826,1.702811,2.73273,-0.138517,-0.000633,-0.357377,2.571429,0.0131,0.064759,0.101298
196,149.954407,1000.0,0.892166,0.876588,0.0,0.0,0.148581,64655.0,0.193233,0.549873,0.133945,0.333241,-0.041338,0.671086,5.348188,-0.002,-0.3,-0.006,-0.125,-0.15,-0.5,0.500007,-0.021755,-0.003945,0.0,-0.123307,-0.120698,-0.033384,-0.032472,0.84227,-0.062572,-0.111619,-0.043556,-0.06061,1.701049,2.766167,-0.138757,-0.000622,-0.382289,3.318182,0.018246,0.075153,0.102802
197,150.999939,1000.0,0.886217,0.881238,0.0,0.0,0.147208,62483.0,0.185766,0.537006,0.11985,0.307559,-0.037523,0.660369,5.335285,-0.002,-0.3,-0.006,-0.125,-0.15,-0.5,0.500007,-0.021763,-0.005145,0.0,-0.117951,-0.11592,-0.030214,-0.030717,0.82873,-0.059771,-0.106805,-0.040428,-0.058838,1.725059,2.835872,-0.130525,-0.000758,-0.372437,3.227273,0.014406,0.074687,0.103902
198,152.35965,1000.0,0.898236,0.875899,0.0,0.0,0.146015,66900.0,0.194612,0.544273,0.130846,0.321223,-0.040508,0.658883,5.338611,-0.002,-0.3,-0.006,-0.125,-0.15,-0.5,0.500007,-0.021131,-0.004867,0.0,-0.118137,-0.115599,-0.032448,-0.031873,0.830441,-0.061739,-0.115999,-0.043407,-0.059439,1.702676,2.792814,-0.133132,-0.00053,-0.24927,3.0,0.013188,0.066561,0.110743
199,152.093811,1000.0,0.883281,0.864583,0.0,0.0,0.144886,64721.0,0.195145,0.537389,0.138426,0.338048,-0.040201,0.688732,5.322708,-0.002,-0.3,-0.006,-0.125,-0.15,-0.5,0.500007,-0.021297,-0.002998,0.0,-0.122583,-0.113786,-0.032116,-0.031685,0.84169,-0.05899,-0.117945,-0.041294,-0.060938,1.69397,2.843328,-0.13148,-0.000683,-0.333996,2.208333,0.012623,0.08179,0.117533
200,153.987793,1000.0,0.895997,0.853151,0.0,0.0,0.144012,59852.0,0.189959,0.531718,0.122454,0.309395,-0.037487,0.640205,5.297238,-0.002,-0.3,-0.006,-0.125,-0.15,-0.5,0.500007,-0.021419,-0.004913,0.0,-0.113778,-0.112254,-0.031605,-0.031226,0.826467,-0.05847,-0.112894,-0.043565,-0.055735,1.722691,2.851826,-0.128345,-0.000637,-0.246343,2.73913,0.011993,0.07799,0.119583
201,151.952194,990.97998,0.867619,0.863421,0.045455,0.0,0.143282,59012.0,0.186558,0.528223,0.112697,0.300774,-0.036002,0.614364,5.294169,-0.002,-0.3,-0.006,-0.125,-0.15,-0.5,0.493166,-0.022331,-0.005373,-0.000606,-0.115656,-0.108287,-0.029967,-0.030439,0.811609,-0.056946,-0.101512,-0.040956,-0.058864,1.692861,2.825241,-0.123771,-0.000572,-0.323286,3.181818,0.017261,0.093647,0.138309
202,155.768707,1000.0,0.900828,0.874648,0.0,0.0,0.142185,53427.0,0.18066,0.523516,0.126613,0.305301,-0.03857,0.671397,5.274385,-0.002,-0.3,-0.006,-0.125,-0.15,-0.5,0.500007,-0.021144,-0.003512,0.0,-0.115512,-0.107679,-0.028895,-0.029255,0.847488,-0.053768,-0.105295,-0.039407,-0.057911,1.747366,2.951717,-0.122943,-0.000571,-0.322808,2.695652,0.011932,0.064283,0.123797
203,156.235931,997.950012,0.863407,0.870315,0.043478,0.0,0.141354,63051.0,0.184743,0.531295,0.123519,0.307304,-0.038677,0.64917,5.278475,-0.002,-0.3,-0.006,-0.125,-0.15,-0.5,0.498514,-0.021305,-0.003877,-0.00058,-0.113675,-0.107627,-0.029374,-0.028887,0.832481,-0.056174,-0.105197,-0.039875,-0.056854,1.710091,2.896081,-0.123058,-0.000746,-0.338346,2.217391,0.015648,0.068983,0.107931
204,156.380554,1000.0,0.89071,0.87031,0.0,0.0,0.140536,64009.0,0.186767,0.533651,0.135956,0.328868,-0.04019,0.683393,5.294833,-0.002,-0.3,-0.006,-0.125,-0.15,-0.5,0.500007,-0.02085,-0.004027,0.0,-0.119502,-0.10671,-0.030927,-0.030457,0.84906,-0.056639,-0.10804,-0.039651,-0.060943,1.727124,2.88754,-0.124719,-0.000512,-0.344286,2.956522,0.015864,0.087567,0.098097
205,156.125916,1000.0,0.878513,0.882093,0.0,0.0,0.139676,67712.0,0.182181,0.516694,0.138755,0.333333,-0.039168,0.691869,5.27395,-0.002,-0.3,-0.006,-0.125,-0.15,-0.5,0.500007,-0.021523,-0.005165,0.0,-0.115189,-0.104208,-0.030115,-0.029235,0.840399,-0.053345,-0.098789,-0.037032,-0.055617,1.724094,2.966757,-0.122444,-0.000681,-0.349439,2.736842,0.015641,0.084626,0.115266
206,156.905396,1000.0,0.900975,0.855172,0.0,0.0,0.138717,58537.0,0.190186,0.513735,0.138712,0.334541,-0.040953,0.686514,5.273179,-0.002,-0.3,-0.006,-0.125,-0.15,-0.5,0.500007,-0.020472,-0.004449,0.0,-0.117448,-0.10405,-0.030529,-0.030291,0.828314,-0.056064,-0.116939,-0.038888,-0.05886,1.71387,2.9178,-0.123382,-0.000513,-0.396771,2.318182,0.013539,0.08239,0.133327
207,156.157135,1000.0,0.871131,0.858474,0.0,0.0,0.137884,53256.0,0.188628,0.513946,0.135475,0.326201,-0.039868,0.664607,5.274368,-0.002,-0.3,-0.006,-0.125,-0.15,-0.5,0.500007,-0.020559,-0.004621,0.0,-0.118956,-0.103138,-0.031493,-0.030301,0.834453,-0.055329,-0.117984,-0.038633,-0.057054,1.702635,2.928202,-0.122266,-0.00052,-0.222189,2.625,0.016141,0.086969,0.107523
208,162.113068,1000.0,0.903905,0.876582,0.0,0.0,0.136971,63699.0,0.180484,0.512678,0.133607,0.325691,-0.0393,0.699435,5.258417,-0.002,-0.3,-0.006,-0.125,-0.15,-0.5,0.500007,-0.020355,-0.002836,0.0,-0.11092,-0.101066,-0.029277,-0.028944,0.847459,-0.052834,-0.10127,-0.036978,-0.054812,1.728396,2.983796,-0.11975,-0.000532,-0.276537,18.5,0.011606,0.065494,0.102737
209,158.58194,1000.0,0.900023,0.876332,0.0,0.0,0.136216,61781.0,0.181347,0.512714,0.136449,0.315627,-0.038559,0.685696,5.247865,-0.002,-0.3,-0.006,-0.125,-0.15,-0.5,0.500007,-0.020226,-0.003484,0.0,-0.11161,-0.099745,-0.02863,-0.029375,0.848894,-0.051568,-0.10476,-0.038093,-0.056902,1.725049,3.003889,-0.117184,-0.000529,-0.421898,6.333333,0.014065,0.073467,0.11879
210,158.608215,1000.0,0.89627,0.86694,0.0,0.0,0.135206,57745.0,0.18178,0.505533,0.13779,0.32346,-0.03909,0.690556,5.237976,-0.002,-0.3,-0.006,-0.125,-0.15,-0.5,0.500007,-0.020466,-0.003305,0.0,-0.112197,-0.098374,-0.029031,-0.02893,0.847779,-0.051911,-0.105475,-0.038468,-0.056122,1.728908,3.01226,-0.116341,-0.000479,-0.293919,9.333334,0.014896,0.08991,0.11795
211,159.454285,1000.0,0.897924,0.872102,0.0,0.0,0.134486,60758.0,0.180659,0.504755,0.13739,0.312695,-0.03768,0.675239,5.24548,-0.002,-0.3,-0.006,-0.125,-0.15,-0.5,0.500007,-0.019927,-0.002883,0.0,-0.108774,-0.096804,-0.027891,-0.02818,0.844146,-0.0507,-0.10745,-0.035781,-0.054424,1.730318,3.036853,-0.113839,-0.000479,-0.331762,8.208334,0.015263,0.080229,0.122013
212,159.730423,1000.0,0.89634,0.874056,0.0,0.0,0.133505,57590.0,0.178911,0.50655,0.129197,0.310744,-0.037347,0.662799,5.245363,-0.002,-0.3,-0.006,-0.125,-0.15,-0.5,0.500007,-0.020383,-0.004757,0.0,-0.108794,-0.095566,-0.027833,-0.027944,0.84166,-0.050398,-0.102446,-0.036093,-0.055158,1.72915,3.035506,-0.112452,-0.000641,-0.302067,8.666667,0.014618,0.080541,0.108543
213,162.047287,1000.0,0.900112,0.875622,0.0,0.0,0.132684,58859.0,0.178687,0.496655,0.135075,0.317909,-0.037798,0.659883,5.237677,-0.002,-0.3,-0.006,-0.125,-0.15,-0.5,0.500007,-0.020462,-0.002943,0.0,-0.10833,-0.094287,-0.028247,-0.028468,0.836429,-0.048689,-0.098178,-0.035424,-0.054992,1.730382,3.074657,-0.113503,-0.000584,-0.267005,7.625,0.014757,0.093199,0.106601
214,160.55484,990.090027,0.886726,0.86957,0.083333,0.0,0.13205,63379.0,0.17792,0.495565,0.132409,0.315494,-0.038231,0.678009,5.243029,-0.002,-0.3,-0.006,-0.125,-0.15,-0.5,0.494983,-0.020322,-0.003379,-0.000571,-0.108347,-0.092493,-0.0287,-0.028557,0.837017,-0.049521,-0.101945,-0.037587,-0.053886,1.709637,3.022787,-0.111519,-0.000493,-0.278894,7.75,0.013742,0.081668,0.116015
215,163.524979,1000.0,0.903274,0.876257,0.0,0.0,0.130918,65195.0,0.176224,0.494323,0.13508,0.314201,-0.037907,0.684763,5.236097,-0.002,-0.3,-0.006,-0.125,-0.15,-0.5,0.500007,-0.020258,-0.003629,0.0,-0.107684,-0.091677,-0.027503,-0.027696,0.84994,-0.048049,-0.101953,-0.036094,-0.054389,1.742603,3.09926,-0.109345,-0.000515,-0.321336,7.833333,0.013912,0.07325,0.0987
216,161.558762,1000.0,0.895045,0.872283,0.0,0.0,0.130542,63291.0,0.173452,0.488613,0.136944,0.308231,-0.036412,0.668334,5.217179,-0.002,-0.3,-0.006,-0.125,-0.15,-0.5,0.500007,-0.019866,-0.003075,0.0,-0.104652,-0.090988,-0.027023,-0.02741,0.843459,-0.047655,-0.101182,-0.033255,-0.05265,1.760204,3.112811,-0.107408,-0.00054,-0.342198,7.875,0.014215,0.078495,0.112182
217,163.576019,1000.0,0.890752,0.86666,0.041667,0.0,0.129626,60934.0,0.176317,0.490069,0.141211,0.316417,-0.037474,0.684309,5.191752,-0.002,-0.3,-0.006,-0.125,-0.15,-0.5,0.499385,-0.019818,-0.002728,-0.000139,-0.105919,-0.089441,-0.027106,-0.027334,0.848991,-0.046922,-0.102521,-0.033186,-0.053711,1.741493,3.118728,-0.106866,-0.000486,-0.3285,7.666667,0.013808,0.086054,0.105067
218,165.217087,1000.0,0.882666,0.867077,0.041667,0.0,0.128979,55663.0,0.176883,0.4851,0.136261,0.317065,-0.036386,0.678653,5.242528,-0.002,-0.3,-0.006,-0.125,-0.15,-0.5,0.499211,-0.020484,-0.005463,-0.000152,-0.10764,-0.087753,-0.026352,-0.027079,0.843237,-0.046561,-0.096672,-0.032973,-0.055523,1.736415,3.136155,-0.104915,-0.000471,-0.237985,8.0,0.014717,0.080839,0.11793
219,162.946609,1000.0,0.897429,0.869187,0.0,0.0,0.128159,60752.0,0.17501,0.483452,0.135916,0.319799,-0.037569,0.689783,5.166901,-0.002,-0.3,-0.006,-0.125,-0.15,-0.5,0.500007,-0.020472,-0.003402,0.0,-0.10868,-0.087954,-0.027766,-0.02765,0.846335,-0.046049,-0.099078,-0.035147,-0.053865,1.745422,3.147905,-0.106275,-0.000451,-0.341684,6.958333,0.015342,0.088117,0.11926
220,165.290039,1000.0,0.887098,0.872272,0.0,0.0,0.127013,64861.0,0.174884,0.481369,0.135344,0.320014,-0.037808,0.688636,5.182232,-0.002,-0.3,-0.006,-0.125,-0.15,-0.5,0.500007,-0.020359,-0.004002,0.0,-0.108607,-0.086789,-0.027636,-0.027876,0.835844,-0.04745,-0.098582,-0.035902,-0.056299,1.743687,3.127893,-0.105522,-0.000499,-0.252883,6.583333,0.016137,0.081704,0.102437
221,165.740875,1000.0,0.901106,0.876135,0.0,0.0,0.126042,65725.0,0.173577,0.47767,0.13559,0.30285,-0.036317,0.665453,5.180104,-0.002,-0.3,-0.006,-0.125,-0.15,-0.5,0.500007,-0.019278,-0.003489,0.0,-0.101735,-0.085508,-0.025908,-0.026655,0.843748,-0.045389,-0.09806,-0.032011,-0.052359,1.738821,3.169407,-0.102275,-0.000471,-0.225267,6.083333,0.013296,0.080902,0.110636
222,162.933716,1000.0,0.904194,0.875714,0.0,0.0,0.125077,64066.0,0.175253,0.481541,0.137023,0.317467,-0.037073,0.689291,5.188184,-0.002,-0.3,-0.006,-0.125,-0.15,-0.5,0.500007,-0.019833,-0.00317,0.0,-0.106796,-0.085152,-0.026851,-0.027529,0.849684,-0.04576,-0.098163,-0.034128,-0.053694,1.731414,3.163568,-0.103246,-0.000466,-0.394018,5.916667,0.014207,0.078041,0.114082
223,164.983292,1000.0,0.886535,0.864445,0.083333,0.0,0.124073,59982.0,0.171266,0.471326,0.137058,0.316744,-0.036759,0.683739,5.177906,-0.002,-0.3,-0.006,-0.125,-0.15,-0.5,0.495813,-0.019612,-0.002548,-0.0005,-0.103474,-0.08335,-0.026662,-0.026797,0.841136,-0.044381,-0.095617,-0.032438,-0.052051,1.730796,3.164193,-0.102075,-0.000536,-0.369184,5.75,0.012823,0.085463,0.121033
224,166.112213,1000.0,0.894945,0.872587,0.0,0.0,0.123194,64980.0,0.17005,0.459474,0.134296,0.311254,-0.035723,0.683097,5.165984,-0.002,-0.3,-0.006,-0.125,-0.15,-0.5,0.500007,-0.02042,-0.003887,0.0,-0.102818,-0.081093,-0.025723,-0.026565,0.84208,-0.042095,-0.090695,-0.030896,-0.052149,1.74484,3.260938,-0.098743,-0.000549,-0.315761,5.458333,0.015238,0.08506,0.118873
225,165.050995,1000.0,0.903637,0.87015,0.0,0.0,0.122716,63010.0,0.169043,0.464288,0.137573,0.309013,-0.03598,0.679417,5.17019,-0.002,-0.3,-0.006,-0.125,-0.15,-0.5,0.500007,-0.019223,-0.002884,0.0,-0.101549,-0.081237,-0.0254,-0.026263,0.846928,-0.043319,-0.098366,-0.031277,-0.051507,1.760098,3.234472,-0.098155,-0.000528,-0.363787,5.26087,0.012657,0.071555,0.099094
226,165.244583,1000.0,0.887808,0.869714,0.0,0.0,0.121953,68089.0,0.168842,0.473134,0.128317,0.311562,-0.034978,0.663498,5.150271,-0.002,-0.3,-0.006,-0.125,-0.15,-0.5,0.500007,-0.020262,-0.004128,0.0,-0.100728,-0.080081,-0.025524,-0.025997,0.828252,-0.042083,-0.090379,-0.031361,-0.052203,1.751849,3.243855,-0.099211,-0.000565,-0.327414,3.916667,0.013824,0.092943,0.113052
227,167.002136,1000.0,0.885969,0.859687,0.0,0.0,0.121278,68019.0,0.170048,0.471051,0.136838,0.327701,-0.038113,0.715435,5.122871,-0.002,-0.3,-0.006,-0.125,-0.15,-0.5,0.500007,-0.020287,-0.003369,0.0,-0.107423,-0.080006,-0.026825,-0.026825,0.85237,-0.043591,-0.094926,-0.034394,-0.054418,1.758649,3.217356,-0.09994,-0.000432,-0.227834,4.521739,0.013466,0.086885,0.131049
228,166.789459,1000.0,0.892476,0.85769,0.0,0.0,0.120251,59930.0,0.17156,0.461186,0.145215,0.317921,-0.03691,0.682375,5.160227,-0.002,-0.3,-0.006,-0.125,-0.15,-0.5,0.500007,-0.019081,-0.002443,0.0,-0.100461,-0.079081,-0.026157,-0.026278,0.849066,-0.043006,-0.096854,-0.031916,-0.049132,1.738071,3.249846,-0.098532,-0.000475,-0.283512,4.041667,0.014168,0.080434,0.11535
229,166.878555,1000.0,0.8917,0.872264,0.0,0.0,0.119535,64769.0,0.165644,0.455896,0.131964,0.297281,-0.033182,0.644193,5.124059,-0.002,-0.3,-0.006,-0.125,-0.15,-0.5,0.500007,-0.019824,-0.005893,0.0,-0.099275,-0.075929,-0.023742,-0.025136,0.837924,-0.040069,-0.087713,-0.028155,-0.053157,1.767177,3.305192,-0.092366,-0.00051,-0.307005,3.541667,0.016022,0.081101,0.097048
230,168.786667,1000.0,0.898469,0.866694,0.0,0.0,0.118544,66483.0,0.165853,0.457389,0.143855,0.311699,-0.036919,0.690981,5.102034,-0.002,-0.3,-0.006,-0.125,-0.15,-0.5,0.500007,-0.018926,-0.00308,0.0,-0.100926,-0.077396,-0.025751,-0.025986,0.851922,-0.04169,-0.099373,-0.030659,-0.051799,1.771848,3.277388,-0.094946,-0.000465,-0.321444,4.086957,0.014942,0.078224,0.127584
231,168.665039,1000.0,0.902026,0.873259,0.0,0.0,0.117604,62562.0,0.166106,0.447187,0.132143,0.305379,-0.034081,0.656256,5.097346,-0.002,-0.3,-0.006,-0.125,-0.15,-0.5,0.500007,-0.019722,-0.003764,0.0,-0.09383,-0.074964,-0.024403,-0.024537,0.832967,-0.040144,-0.087436,-0.029121,-0.047777,1.744838,3.320025,-0.092552,-0.000371,-0.287494,3.333333,0.016523,0.076794,0.118105
232,168.714508,1000.0,0.907924,0.855605,0.0,0.0,0.116854,62973.0,0.160522,0.448385,0.133349,0.284553,-0.034418,0.646525,5.072258,-0.002,-0.3,-0.006,-0.125,-0.15,-0.5,0.500007,-0.018885,-0.001948,0.0,-0.092157,-0.073851,-0.023367,-0.023856,0.840166,-0.039539,-0.088762,-0.031473,-0.046465,1.77241,3.341226,-0.089615,-0.000434,-0.314196,3.652174,0.012233,0.099144,0.128014
233,169.28038,999.900024,0.870212,0.843169,0.047619,0.0,0.116326,59517.0,0.164515,0.451728,0.137717,0.3111,-0.03565,0.668332,5.090684,-0.002,-0.3,-0.006,-0.125,-0.15,-0.5,0.499876,-0.019698,-0.003826,-0.000952,-0.09765,-0.073773,-0.024278,-0.024437,0.840709,-0.038984,-0.08731,-0.029248,-0.053052,1.753163,3.342294,-0.091137,-0.001071,-0.233924,2.857143,0.017378,0.092912,0.138381
234,166.928741,998.940002,0.884525,0.842441,0.043478,0.0,0.115549,64054.0,0.169389,0.454968,0.144954,0.336671,-0.038783,0.722389,5.052488,-0.002,-0.3,-0.006,-0.125,-0.15,-0.5,0.499304,-0.01989,-0.001902,-0.00058,-0.104062,-0.074509,-0.026686,-0.026255,0.847622,-0.040487,-0.090548,-0.031383,-0.052512,1.739756,3.298156,-0.096568,-0.000559,-0.471859,3.26087,0.017367,0.071743,0.123836
235,165.062195,989.22998,0.889155,0.859238,0.043478,0.0,0.114809,65190.0,0.164033,0.448471,0.128422,0.279553,-0.033177,0.635117,5.07796,-0.002,-0.3,-0.006,-0.125,-0.15,-0.5,0.492891,-0.018982,-0.005821,-0.00058,-0.092949,-0.071249,-0.023901,-0.024882,0.823436,-0.03916,-0.095069,-0.029458,-0.047584,1.747021,3.287861,-0.087068,-0.00043,-0.354974,2.565217,0.012719,0.0687,0.134659
236,168.125305,993.140015,0.888082,0.864604,0.086957,0.0,0.113968,65001.0,0.157967,0.427693,0.12724,0.300952,-0.034286,0.667703,5.05039,-0.002,-0.3,-0.006,-0.125,-0.15,-0.5,0.490463,-0.019791,-0.003139,-0.002174,-0.093413,-0.069258,-0.024137,-0.02417,0.82352,-0.037708,-0.082551,-0.03277,-0.048526,1.742687,3.329525,-0.08842,-0.000484,-0.224744,3.086957,0.016754,0.128251,0.156944
237,170.045868,992.289978,0.880999,0.862007,0.043478,0.0,0.113339,68558.0,0.159974,0.434888,0.138717,0.313177,-0.034766,0.703119,5.047778,-0.002,-0.3,-0.006,-0.125,-0.15,-0.5,0.496985,-0.018798,-0.001768,-0.00058,-0.095942,-0.069478,-0.024261,-0.024869,0.849764,-0.03699,-0.09087,-0.028968,-0.048728,1.763819,3.382289,-0.087997,-0.000403,-0.260287,2.521739,0.019935,0.078799,0.16183
238,169.626083,995.840027,0.906385,0.875181,0.0,0.0,0.112879,70695.0,0.167544,0.43451,0.150679,0.319848,-0.036531,0.716895,5.036331,-0.002,-0.3,-0.006,-0.125,-0.15,-0.5,0.500007,-0.018691,-0.00214,0.0,-0.100256,-0.069964,-0.024897,-0.025026,0.859519,-0.038122,-0.100831,-0.030528,-0.04955,1.750181,3.383631,-0.088823,-0.000537,-0.326508,3.5,0.012258,0.089249,0.098963
239,169.225769,1000.0,0.869395,0.846716,0.0,0.0,0.112461,59818.0,0.166465,0.436897,0.149471,0.327382,-0.037988,0.72658,5.019383,-0.002,-0.3,-0.006,-0.125,-0.15,-0.5,0.500007,-0.0186,-0.002014,0.0,-0.100506,-0.069966,-0.025268,-0.025372,0.857303,-0.038864,-0.097902,-0.03167,-0.05062,1.750409,3.36609,-0.089434,-0.000555,-0.300749,3.142857,0.016453,0.087938,0.120199
240,170.20636,1000.0,0.880342,0.843471,0.0,0.0,0.111822,67523.0,0.158865,0.432391,0.135216,0.305196,-0.034433,0.699738,5.016908,-0.002,-0.3,-0.006,-0.125,-0.15,-0.5,0.500007,-0.02015,-0.002892,0.0,-0.094735,-0.067452,-0.023456,-0.024219,0.846814,-0.035091,-0.082483,-0.031165,-0.048586,1.773542,3.456752,-0.085493,-0.000566,-0.380786,2.565217,0.013048,0.082708,0.122887
241,172.99057,1000.0,0.897679,0.867484,0.0,0.0,0.111564,65701.0,0.160634,0.431125,0.134491,0.300822,-0.033658,0.675282,5.014182,-0.002,-0.3,-0.006,-0.125,-0.15,-0.5,0.500007,-0.020109,-0.003673,0.0,-0.092563,-0.066832,-0.023504,-0.024492,0.834003,-0.035884,-0.08348,-0.031323,-0.046806,1.780769,3.440757,-0.084172,-0.000484,-0.271632,2.333333,0.012621,0.088996,0.101862
242,171.00174,1000.0,0.870528,0.8585,0.0,0.0,0.111107,73028.0,0.160323,0.427216,0.14511,0.299256,-0.03457,0.663286,4.988938,-0.002,-0.3,-0.006,-0.125,-0.15,-0.5,0.500007,-0.01822,-0.001807,0.0,-0.089127,-0.066305,-0.023025,-0.023871,0.843486,-0.036084,-0.088138,-0.029027,-0.044196,1.764254,3.444763,-0.084632,-0.000364,-0.364048,3.318182,0.015497,0.083487,0.101193
243,171.966171,1000.0,0.873551,0.847284,0.0,0.0,0.110475,71384.0,0.161608,0.421197,0.152969,0.328441,-0.035978,0.733307,4.975769,-0.002,-0.3,-0.006,-0.125,-0.15,-0.5,0.500007,-0.019195,-0.00301,0.0,-0.096614,-0.066021,-0.024434,-0.024795,0.845291,-0.035991,-0.086863,-0.029156,-0.048456,1.772935,3.452814,-0.08667,-0.000465,-0.309258,2.652174,0.015104,0.090687,0.136652
244,171.567352,1000.0,0.896871,0.866647,0.0,0.0,0.110035,70958.0,0.161938,0.423681,0.145885,0.301065,-0.03406,0.677482,4.982465,-0.002,-0.3,-0.006,-0.125,-0.15,-0.5,0.500007,-0.018339,-0.004459,0.0,-0.090458,-0.064567,-0.022538,-0.023318,0.850035,-0.035113,-0.095518,-0.028163,-0.046,1.769477,3.473785,-0.082235,-0.000405,-0.296845,2.521739,0.013087,0.072188,0.142322
245,171.39212,1000.0,0.902461,0.856073,0.0,0.0,0.109353,70576.0,0.165442,0.42726,0.151989,0.327488,-0.036314,0.715727,4.982454,-0.002,-0.3,-0.006,-0.125,-0.15,-0.5,0.500007,-0.018937,-0.001817,0.0,-0.095376,-0.06587,-0.024633,-0.024266,0.847676,-0.036183,-0.09031,-0.027938,-0.049702,1.760664,3.444805,-0.085617,-0.000438,-0.376185,2.73913,0.013097,0.078739,0.114273
246,173.496979,1000.0,0.890814,0.844849,0.0,0.0,0.108833,67271.0,0.159625,0.414731,0.1548,0.326033,-0.036448,0.715031,4.966514,-0.002,-0.3,-0.006,-0.125,-0.15,-0.5,0.500007,-0.018741,-0.00194,0.0,-0.096015,-0.064349,-0.023969,-0.024292,0.849132,-0.035459,-0.08878,-0.028763,-0.047709,1.763357,3.46895,-0.084966,-0.000476,-0.27751,2.666667,0.013394,0.096284,0.116256
247,173.210861,1000.0,0.884243,0.845005,0.0,0.0,0.108365,69429.0,0.158795,0.422398,0.148063,0.326011,-0.036237,0.725058,4.957064,-0.002,-0.3,-0.006,-0.125,-0.15,-0.5,0.500007,-0.019069,-0.002772,0.0,-0.095021,-0.06364,-0.023655,-0.024339,0.855012,-0.034739,-0.085943,-0.027992,-0.049002,1.776795,3.479507,-0.083439,-0.000576,-0.384134,2.7,0.014484,0.092025,0.122743
248,172.463501,1000.0,0.883113,0.829737,0.0,0.0,0.10794,65242.0,0.157727,0.418814,0.153856,0.314969,-0.034437,0.719748,4.969599,-0.002,-0.3,-0.006,-0.125,-0.15,-0.5,0.500007,-0.018553,-0.001121,0.0,-0.090905,-0.063106,-0.022779,-0.024083,0.849292,-0.034236,-0.081832,-0.025384,-0.044826,1.768096,3.495484,-0.082893,-0.000388,-0.33231,2.434783,0.015671,0.086339,0.13057
249,172.906662,996.51001,0.868904,0.843842,0.043478,0.0,0.10735,66935.0,0.158175,0.404912,0.147242,0.31023,-0.034524,0.704593,4.930931,-0.002348,-0.313044,-0.006261,-0.130435,-0.15913,-0.530435,0.498104,-0.018542,-0.001791,-0.000435,-0.09069,-0.061143,-0.022227,-0.0229,0.854896,-0.033307,-0.082605,-0.024761,-0.046482,1.76599,3.525405,-0.079555,-0.0005,-0.280991,2.478261,0.013653,0.103117,0.116538
250,175.116226,1000.0,0.883554,0.865159,0.0,0.0,0.106975,62468.0,0.154987,0.42004,0.147325,0.287065,-0.03239,0.663984,4.934474,-0.01,-0.6,-0.012,-0.25,-0.36,-1.2,0.500007,-0.018911,-0.003171,0.0,-0.086816,-0.061045,-0.021787,-0.022812,0.839963,-0.034209,-0.08696,-0.025088,-0.04482,1.796782,3.515262,-0.078025,-0.000404,-0.253642,18.086956,0.013594,0.084976,0.12674
251,172.961273,1000.0,0.892674,0.863516,0.041667,0.0,0.106352,66137.0,0.154434,0.410962,0.14715,0.307332,-0.034592,0.694377,4.944095,-0.01,-0.6,-0.012,-0.25,-0.36,-1.2,0.499916,-0.021162,-0.001838,-0.000208,-0.087713,-0.060544,-0.022287,-0.023501,0.844275,-0.034247,-0.084938,-0.026561,-0.044703,1.783211,3.543313,-0.081546,-0.000461,-0.302697,8.0,0.014835,0.088046,0.122141
252,175.316711,1000.0,0.898864,0.858825,0.0,0.0,0.105748,62600.0,0.159812,0.414205,0.154112,0.32342,-0.036829,0.726922,4.92275,-0.01,-0.6,-0.012,-0.25,-0.36,-1.2,0.500007,-0.022854,-0.002514,0.0,-0.094212,-0.061172,-0.023531,-0.024829,0.861709,-0.036552,-0.091571,-0.028284,-0.048455,1.766936,3.508818,-0.085124,-0.000479,-0.315186,8.875,0.014291,0.077726,0.112589
253,172.070297,1000.0,0.890509,0.852593,0.0,0.0,0.105226,62777.0,0.155159,0.413085,0.145046,0.308908,-0.034681,0.707325,4.947368,-0.01,-0.6,-0.012,-0.25,-0.36,-1.2,0.500007,-0.024781,-0.001908,0.0,-0.089448,-0.059657,-0.022453,-0.02478,0.857269,-0.03585,-0.088629,-0.027303,-0.046546,1.785054,3.546262,-0.084407,-0.00056,-0.394153,8.708334,0.013947,0.077677,0.123667
254,175.428665,1000.0,0.896456,0.863418,0.0,0.0,0.104691,66620.0,0.154338,0.405405,0.144064,0.305298,-0.033541,0.690723,4.910334,-0.01,-0.6,-0.012,-0.25,-0.36,-1.2,0.500007,-0.026373,-0.00215,0.0,-0.087159,-0.058418,-0.021533,-0.024516,0.847347,-0.036225,-0.088576,-0.026213,-0.045394,1.781837,3.572009,-0.083936,-0.000505,-0.295419,8.333334,0.014172,0.092904,0.117525
255,174.568649,1000.0,0.886519,0.861392,0.0,0.0,0.10409,61253.0,0.156561,0.40431,0.14654,0.310203,-0.034515,0.692316,4.929492,-0.01,-0.6,-0.012,-0.25,-0.36,-1.2,0.500007,-0.02786,-0.00229,0.0,-0.09021,-0.058777,-0.022559,-0.025818,0.847975,-0.03799,-0.096467,-0.026811,-0.046663,1.778731,3.552618,-0.086672,-0.000513,-0.320418,7.458333,0.014215,0.090662,0.115356
256,175.199799,1000.0,0.900169,0.86537,0.0,0.0,0.103305,69184.0,0.153699,0.403639,0.14501,0.30619,-0.033568,0.698379,4.884283,-0.01,-0.6,-0.012,-0.25,-0.36,-1.2,0.500007,-0.030095,-0.002195,0.0,-0.088044,-0.05732,-0.021576,-0.025596,0.853777,-0.037947,-0.091023,-0.025987,-0.046673,1.786024,3.57756,-0.085882,-0.000607,-0.291446,8.0,0.01512,0.08225,0.103529
257,173.937836,1000.0,0.895519,0.861708,0.0,0.0,0.102951,67356.0,0.155153,0.409898,0.150126,0.31024,-0.035001,0.700988,4.913924,-0.01,-0.6,-0.012,-0.25,-0.36,-1.2,0.500007,-0.030723,-0.002013,0.0,-0.088629,-0.057549,-0.022201,-0.026081,0.852959,-0.039342,-0.096521,-0.026686,-0.046425,1.775895,3.559347,-0.088403,-0.00056,-0.347763,8.416667,0.014465,0.089826,0.120427
258,174.728928,1000.0,0.889486,0.860327,0.0,0.0,0.102634,68749.0,0.153874,0.403382,0.1471,0.302946,-0.033945,0.701067,4.900241,-0.01,-0.6,-0.012,-0.25,-0.36,-1.2,0.500007,-0.032588,-0.001231,0.0,-0.086809,-0.056575,-0.021527,-0.026284,0.854966,-0.039854,-0.097557,-0.025649,-0.044409,1.782842,3.583812,-0.088141,-0.000445,-0.345628,7.25,0.013704,0.084447,0.114101
259,175.131668,1000.0,0.900151,0.859897,0.041667,0.0,0.102341,65838.0,0.153082,0.399575,0.141805,0.303341,-0.033753,0.699763,4.886079,-0.01,-0.6,-0.012,-0.25,-0.36,-1.2,0.499375,-0.035169,-0.001701,-0.000185,-0.086054,-0.05579,-0.021448,-0.026925,0.849662,-0.040412,-0.097067,-0.026824,-0.043657,1.772401,3.590144,-0.089131,-0.000592,-0.336388,7.666667,0.013337,0.089265,0.11758
260,172.255936,995.179993,0.889385,0.856053,0.041667,0.0,0.101698,69319.0,0.150492,0.399097,0.143717,0.298358,-0.032658,0.697291,4.88558,-0.01,-0.6,-0.012,-0.25,-0.36,-1.2,0.498749,-0.037031,-0.002265,-0.000208,-0.084544,-0.054464,-0.020682,-0.026757,0.850287,-0.039789,-0.092836,-0.024406,-0.045092,1.78699,3.61801,-0.088513,-0.000628,-0.368514,7.875,0.015255,0.093422,0.117053
261,173.016006,999.150024,0.888317,0.855117,0.041667,0.0,0.101088,63487.0,0.149013,0.397508,0.147004,0.300318,-0.033383,0.691028,4.896601,-0.01,-0.6,-0.012,-0.25,-0.36,-1.2,0.499648,-0.037612,-0.001199,-0.000333,-0.083952,-0.05421,-0.020851,-0.027062,0.853214,-0.041678,-0.099016,-0.025429,-0.043962,1.793648,3.615371,-0.090881,-0.000615,-0.391193,6.541667,0.017219,0.098933,0.119928
262,175.304718,1000.0,0.892939,0.8588,0.0,0.0,0.100356,68962.0,0.151344,0.393946,0.143942,0.311061,-0.033796,0.690907,4.900713,-0.01,-0.6,-0.012,-0.25,-0.36,-1.2,0.500007,-0.041237,-0.001811,0.0,-0.083593,-0.054317,-0.021697,-0.028268,0.842909,-0.041255,-0.095545,-0.024444,-0.042273,1.784685,3.636066,-0.095574,-0.000498,-0.294182,6.458333,0.014686,0.087381,0.115155
263,176.069977,998.679993,0.890302,0.849361,0.041667,0.0,0.099606,69709.0,0.153984,0.396845,0.152655,0.316947,-0.035185,0.715536,4.911682,-0.01,-0.6,-0.012,-0.25,-0.36,-1.2,0.499545,-0.040841,-0.001588,-0.000278,-0.087209,-0.054125,-0.021614,-0.028564,0.856538,-0.043223,-0.104313,-0.025506,-0.045377,1.780543,3.621249,-0.095859,-0.00059,-0.312708,6.458333,0.015725,0.083369,0.128865
264,175.682037,1000.0,0.892844,0.850668,0.0,0.0,0.099267,68352.0,0.152607,0.395251,0.148792,0.300775,-0.032829,0.698112,4.881689,-0.01,-0.6,-0.012,-0.25,-0.36,-1.2,0.500007,-0.042313,-0.00164,0.0,-0.084272,-0.053119,-0.020095,-0.027924,0.857335,-0.043292,-0.105282,-0.023734,-0.043996,1.785403,3.632329,-0.092414,-0.000597,-0.316424,5.125,0.014377,0.076464,0.119959
265,175.927002,1000.0,0.890104,0.867925,0.0,0.0,0.098652,67529.0,0.151209,0.38516,0.140582,0.300403,-0.033498,0.697029,4.868936,-0.01,-0.6,-0.012,-0.25,-0.36,-1.2,0.500007,-0.045436,-0.002457,0.0,-0.085218,-0.05242,-0.021143,-0.029387,0.84977,-0.04461,-0.107617,-0.026386,-0.043667,1.781026,3.645113,-0.096127,-0.000727,-0.235945,6.041667,0.016353,0.083176,0.112222
266,176.715546,1000.0,0.894642,0.852992,0.0,0.0,0.098131,67528.0,0.151685,0.388532,0.157147,0.324419,-0.035432,0.747832,4.88143,-0.01,-0.6,-0.012,-0.25,-0.36,-1.2,0.500007,-0.046991,-0.001748,0.0,-0.088912,-0.052489,-0.021595,-0.030267,0.86445,-0.0446,-0.108269,-0.025752,-0.045235,1.7868,3.657914,-0.099987,-0.000589,-0.356233,5.625,0.014827,0.08236,0.119678
267,176.712524,1000.0,0.891226,0.861536,0.0,0.0,0.097526,62871.0,0.154337,0.391166,0.144012,0.306353,-0.033617,0.700783,4.866999,-0.01,-0.6,-0.012,-0.25,-0.36,-1.2,0.500007,-0.050052,-0.002849,0.0,-0.087112,-0.051229,-0.020275,-0.029404,0.855216,-0.045532,-0.104061,-0.025706,-0.047026,1.770424,3.651599,-0.095808,-0.000881,-0.233583,4.565217,0.016048,0.079714,0.12105
268,174.481598,1000.0,0.880888,0.857227,0.0,0.0,0.096858,67511.0,0.151703,0.379044,0.143086,0.310557,-0.033415,0.696649,4.846987,-0.01,-0.6,-0.012,-0.25,-0.36,-1.2,0.500007,-0.051246,-0.002058,0.0,-0.085451,-0.051245,-0.021091,-0.030708,0.849146,-0.046738,-0.108017,-0.026362,-0.044792,1.777626,3.655505,-0.099259,-0.000866,-0.367033,4.291667,0.012712,0.079877,0.097445
269,176.41423,1000.0,0.88539,0.848853,0.0,0.0,0.096496,69976.0,0.149916,0.387702,0.150797,0.311485,-0.034153,0.724541,4.827176,-0.01,-0.6,-0.012,-0.25,-0.36,-1.2,0.500007,-0.051214,-0.000913,0.0,-0.084797,-0.050926,-0.02091,-0.030736,0.861678,-0.045472,-0.117376,-0.023221,-0.042147,1.784156,3.685034,-0.100225,-0.000936,-0.310697,4.173913,0.017035,0.08141,0.133579
270,178.341873,1000.0,0.887694,0.846519,0.0,0.0,0.096048,68358.0,0.15302,0.378603,0.161282,0.318083,-0.035506,0.74292,4.840935,-0.01,-0.6,-0.012,-0.25,-0.36,-1.2,0.500007,-0.050477,-0.001104,0.0,-0.086703,-0.051038,-0.02142,-0.031115,0.865487,-0.047406,-0.126494,-0.024979,-0.043738,1.781225,3.672927,-0.100262,-0.000711,-0.265584,3.625,0.01383,0.083546,0.094345
271,175.492706,1000.0,0.883964,0.84273,0.0,0.0,0.095594,69306.0,0.153066,0.385073,0.148345,0.311511,-0.032622,0.710964,4.810284,-0.01,-0.6,-0.012,-0.25,-0.36,-1.2,0.500007,-0.0562,-0.00307,0.0,-0.086893,-0.049718,-0.02033,-0.031247,0.853532,-0.047078,-0.113901,-0.024478,-0.044764,1.772529,3.68723,-0.101028,-0.001072,-0.305441,3.782609,0.013181,0.088916,0.135275
272,175.48732,1000.0,0.893102,0.838972,0.0,0.0,0.095063,61787.0,0.143545,0.377351,0.140149,0.281191,-0.03075,0.663031,4.830355,-0.01,-0.6,-0.012,-0.25,-0.36,-1.2,0.500007,-0.056332,-0.002925,0.0,-0.076944,-0.048731,-0.019799,-0.031315,0.828786,-0.046308,-0.112228,-0.021887,-0.037589,1.809045,3.738423,-0.100279,-0.000822,-0.394694,4.375,0.013362,0.107816,0.121623
273,178.130981,1000.0,0.902941,0.863143,0.0,0.0,0.094574,67939.0,0.143841,0.373654,0.15268,0.298193,-0.031674,0.711529,4.806881,-0.01,-0.6,-0.012,-0.25,-0.36,-1.2,0.500007,-0.05581,-0.000938,0.0,-0.078712,-0.048312,-0.019272,-0.031336,0.85811,-0.046718,-0.117304,-0.021503,-0.039525,1.809317,3.75002,-0.100269,-0.000628,-0.368855,3.125,0.014412,0.059635,0.112474
274,176.759445,1000.0,0.87887,0.861729,0.0,0.0,0.094113,70812.0,0.15041,0.385091,0.147188,0.292164,-0.03209,0.697893,4.789613,-0.01,-0.6,-0.012,-0.25,-0.36,-1.2,0.500007,-0.058409,-0.001854,0.0,-0.08245,-0.048534,-0.020004,-0.033299,0.861188,-0.05134,-0.130193,-0.023874,-0.041666,1.793167,3.686185,-0.102191,-0.000799,-0.362974,3.142857,0.016635,0.092637,0.119273
275,178.328751,1000.0,0.893159,0.833615,0.0,0.0,0.093526,71751.0,0.141448,0.379569,0.140841,0.270561,-0.029533,0.63981,4.762533,-0.01,-0.6,-0.012,-0.25,-0.36,-1.2,0.500007,-0.059565,-0.002024,0.0,-0.075191,-0.046369,-0.017831,-0.0303,0.842194,-0.047346,-0.113977,-0.020744,-0.038316,1.812377,3.756303,-0.098631,-0.000574,-0.159807,3.521739,0.015539,0.101858,0.113284
276,178.37355,1000.0,0.894421,0.83286,0.0,0.0,0.0931,73410.0,0.142986,0.371954,0.155295,0.303339,-0.03244,0.68999,4.77276,-0.01,-0.6,-0.012,-0.25,-0.36,-1.2,0.500007,-0.060753,-0.000678,0.0,-0.078323,-0.047541,-0.019664,-0.032473,0.850635,-0.049308,-0.123462,-0.021203,-0.038321,1.806498,3.738875,-0.105017,-0.000546,-0.308508,2.590909,0.015461,0.08448,0.134108
277,176.313736,1000.0,0.906405,0.847561,0.0,0.0,0.092688,69463.0,0.137391,0.375663,0.137011,0.280258,-0.030675,0.659847,4.732631,-0.01,-0.6,-0.012,-0.25,-0.36,-1.2,0.500007,-0.065892,-0.00061,0.0,-0.073608,-0.046315,-0.019054,-0.031855,0.838634,-0.048129,-0.110979,-0.021326,-0.0383,1.817482,3.777118,-0.102714,-0.000883,-0.286986,2.791667,0.013331,0.073931,0.115622
278,176.403168,1000.0,0.889876,0.86481,0.0,0.0,0.092017,61568.0,0.146791,0.384724,0.144648,0.305321,-0.033252,0.704926,4.755212,-0.01,-0.6,-0.012,-0.25,-0.36,-1.2,0.500007,-0.066061,-0.001361,0.0,-0.085054,-0.046925,-0.020289,-0.035427,0.857475,-0.052,-0.129183,-0.023944,-0.045985,1.792766,3.724871,-0.110493,-0.00067,-0.25711,3.130435,0.014981,0.093778,0.122731
279,176.803955,1000.0,0.890202,0.841399,0.0,0.0,0.091633,71896.0,0.144076,0.37311,0.139889,0.278798,-0.030044,0.643492,4.732919,-0.01,-0.6,-0.012,-0.25,-0.36,-1.2,0.500007,-0.067536,-0.000474,0.0,-0.074118,-0.045387,-0.018658,-0.033468,0.844457,-0.050703,-0.114618,-0.020266,-0.039347,1.796756,3.769747,-0.105238,-0.000884,-0.341261,2.772727,0.013202,0.098891,0.125059
280,176.032425,1000.0,0.875155,0.844685,0.0,0.0,0.091423,73065.0,0.145382,0.37118,0.156416,0.318509,-0.033646,0.713632,4.734818,-0.01,-0.6,-0.012,-0.25,-0.36,-1.2,0.500007,-0.069555,-0.00159,0.0,-0.080504,-0.046035,-0.020434,-0.035212,0.848689,-0.051783,-0.12297,-0.02147,-0.042497,1.793925,3.763348,-0.111957,-0.000688,-0.351046,3.363636,0.01761,0.101597,0.144085
281,176.19693,997.530029,0.878576,0.849213,0.043478,0.0,0.091138,71990.0,0.144972,0.367267,0.146325,0.291187,-0.032333,0.685686,4.723974,-0.01,-0.6,-0.012,-0.25,-0.36,-1.2,0.494615,-0.072491,-0.003889,-0.001739,-0.083521,-0.044199,-0.018903,-0.03456,0.856101,-0.053098,-0.125272,-0.023132,-0.045607,1.780393,3.734977,-0.108092,-0.000895,-0.39291,2.826087,0.016065,0.130951,0.13108
282,175.986893,997.530029,0.898144,0.834179,0.0,0.0,0.090564,70047.0,0.1425,0.361596,0.157169,0.290883,-0.031971,0.694098,4.725027,-0.01,-0.6,-0.012,-0.25,-0.36,-1.2,0.500007,-0.069565,-0.001009,0.0,-0.076686,-0.04446,-0.018618,-0.032963,0.85497,-0.052021,-0.137262,-0.020334,-0.037558,1.804848,3.805523,-0.107032,-0.000863,-0.472623,2.521739,0.013204,0.111291,0.106966
283,176.731537,1000.0,0.880145,0.836944,0.0,0.0,0.090222,70105.0,0.140875,0.357389,0.153568,0.300168,-0.032244,0.7262,4.712173,-0.01,-0.6,-0.012,-0.25,-0.36,-1.2,0.500007,-0.071235,-0.000866,0.0,-0.077525,-0.044109,-0.018486,-0.035096,0.862402,-0.05127,-0.12944,-0.020978,-0.041724,1.813311,3.826345,-0.109732,-0.000885,-0.344635,2.521739,0.012558,0.078781,0.106985
284,176.143311,1000.0,0.889491,0.852383,0.0,0.0,0.089917,65250.0,0.142949,0.369108,0.143548,0.30077,-0.032359,0.674281,4.713848,-0.01,-0.6,-0.012,-0.25,-0.36,-1.2,0.500007,-0.076121,-0.001469,0.0,-0.078295,-0.044377,-0.019566,-0.035949,0.842731,-0.056529,-0.127418,-0.023849,-0.041282,1.79113,3.762887,-0.114391,-0.000846,-0.359689,3.454545,0.012963,0.068283,0.119802
285,176.936813,1000.0,0.874165,0.841758,0.0,0.0,0.08942,68648.0,0.149103,0.358803,0.152644,0.313715,-0.032896,0.693129,4.720915,-0.01,-0.6,-0.012,-0.25,-0.36,-1.2,0.500007,-0.077711,-0.003272,0.0,-0.079406,-0.04425,-0.020692,-0.038703,0.830522,-0.056839,-0.139262,-0.0234,-0.039459,1.791505,3.791807,-0.121065,-0.001036,-0.226953,2.25,0.016402,0.099193,0.140235
286,175.514069,1000.0,0.874961,0.833255,0.0,0.0,0.089237,71445.0,0.143512,0.365418,0.157008,0.333044,-0.035149,0.764246,4.707734,-0.01,-0.6,-0.012,-0.25,-0.36,-1.2,0.500007,-0.082327,-0.00122,0.0,-0.085134,-0.044232,-0.021359,-0.039589,0.863711,-0.058687,-0.139198,-0.024111,-0.043527,1.798226,3.75652,-0.123021,-0.001418,-0.553382,2.826087,0.014706,0.105116,0.1294
287,175.204437,1000.0,0.86923,0.848839,0.0,0.0,0.088904,72004.0,0.1491,0.369491,0.157045,0.310546,-0.033792,0.730084,4.688986,-0.01,-0.6,-0.012,-0.25,-0.36,-1.2,0.500007,-0.08089,-0.003342,0.0,-0.082346,-0.043663,-0.019845,-0.03905,0.855605,-0.060135,-0.144998,-0.024269,-0.044224,1.791627,3.759928,-0.11775,-0.001235,-0.364063,2.608696,0.014822,0.089473,0.111821
288,178.008545,1000.0,0.862415,0.834972,0.0,0.0,0.088451,74509.0,0.141296,0.366318,0.156466,0.303817,-0.032035,0.710887,4.710198,-0.01,-0.6,-0.012,-0.25,-0.36,-1.2,0.500007,-0.081654,-0.001051,0.0,-0.07858,-0.04225,-0.018264,-0.036202,0.860485,-0.054787,-0.129132,-0.021021,-0.043399,1.81434,3.820848,-0.114295,-0.000896,-0.358198,2.894737,0.017929,0.079217,0.103315
289,177.739273,1000.0,0.869567,0.816379,0.0,0.0,0.087985,73547.0,0.142658,0.355545,0.145658,0.2858,-0.029932,0.678284,4.702104,-0.01,-0.6,-0.012,-0.25,-0.36,-1.2,0.500007,-0.083143,-0.00214,0.0,-0.076049,-0.041622,-0.017877,-0.037465,0.839227,-0.056746,-0.138426,-0.021649,-0.04176,1.80511,3.82934,-0.112444,-0.000991,-0.346196,2.318182,0.013353,0.110071,0.112345
290,178.084518,1000.0,0.908857,0.819464,0.0,0.0,0.087682,64200.0,0.142244,0.357491,0.141295,0.300115,-0.031594,0.703878,4.694337,-0.01,-0.6,-0.012,-0.25,-0.36,-1.2,0.500007,-0.089059,-0.001083,0.0,-0.078237,-0.041998,-0.019101,-0.038006,0.858501,-0.058302,-0.132491,-0.023292,-0.041011,1.790061,3.830387,-0.119698,-0.000849,-0.248457,2.608696,0.013088,0.093568,0.137308
291,178.891769,1000.0,0.888383,0.850376,0.0,0.0,0.087343,73450.0,0.137249,0.357216,0.13175,0.282218,-0.029918,0.666825,4.670981,-0.01,-0.6,-0.012,-0.25,-0.36,-1.2,0.500007,-0.090652,-0.001943,0.0,-0.074012,-0.040502,-0.017724,-0.037315,0.83134,-0.057527,-0.125942,-0.021506,-0.040476,1.822255,3.848101,-0.115155,-0.000913,-0.312821,18.363636,0.015564,0.093752,0.110196
292,178.027756,1000.0,0.881901,0.845741,0.0,0.0,0.087058,69516.0,0.137656,0.361831,0.151906,0.308853,-0.033015,0.735617,4.689163,-0.01,-0.6,-0.012,-0.25,-0.36,-1.2,0.500007,-0.089285,-0.000797,0.0,-0.077072,-0.041214,-0.018931,-0.038918,0.859898,-0.057467,-0.136385,-0.021548,-0.041322,1.80844,3.841864,-0.120378,-0.000702,-0.397871,4.25,0.014095,0.087767,0.114642
293,180.061798,1000.0,0.894254,0.859106,0.0,0.0,0.086539,70173.0,0.136634,0.351767,0.146641,0.291111,-0.030508,0.702668,4.679391,-0.01,-0.6,-0.012,-0.25,-0.36,-1.2,0.500007,-0.088181,-0.001197,0.0,-0.07348,-0.040163,-0.017556,-0.037254,0.853706,-0.055495,-0.131309,-0.020001,-0.037753,1.813456,3.882154,-0.115534,-0.000959,-0.280595,8.708334,0.012904,0.085221,0.118494
294,178.956467,1000.0,0.886762,0.849094,0.0,0.0,0.086214,69733.0,0.141102,0.353044,0.154513,0.310375,-0.032688,0.723726,4.670955,-0.01,-0.6,-0.012,-0.25,-0.36,-1.2,0.500007,-0.088712,-0.001562,0.0,-0.077718,-0.040565,-0.018836,-0.038547,0.858119,-0.057309,-0.136386,-0.021938,-0.040446,1.794849,3.854932,-0.119672,-0.000986,-0.322227,8.833334,0.014599,0.088038,0.127008
295,180.557159,1000.0,0.88846,0.858397,0.0,0.0,0.085749,69370.0,0.139893,0.350348,0.153158,0.303052,-0.031448,0.708951,4.687017,-0.01,-0.6,-0.012,-0.25,-0.36,-1.2,0.500007,-0.086573,-0.001644,0.0,-0.076909,-0.039948,-0.018191,-0.03807,0.854569,-0.05708,-0.141126,-0.021215,-0.040892,1.811179,3.865572,-0.115988,-0.000981,-0.31301,8.791667,0.01387,0.087697,0.113787
296,180.131668,1000.0,0.885133,0.846189,0.0,0.0,0.085306,56743.0,0.140044,0.352071,0.149784,0.297126,-0.030532,0.695218,4.655005,-0.01,-0.6,-0.012,-0.25,-0.36,-1.2,0.500007,-0.087782,-0.001617,0.0,-0.074081,-0.03942,-0.017922,-0.037444,0.846567,-0.056847,-0.13445,-0.020074,-0.038523,1.803487,3.863127,-0.11468,-0.001037,-0.27406,8.333334,0.015904,0.086587,0.125871
297,178.267685,1000.0,0.894069,0.846057,0.0,0.0,0.085146,67714.0,0.139349,0.34929,0.145362,0.287299,-0.03075,0.687312,4.661817,-0.01,-0.6,-0.012,-0.25,-0.36,-1.2,0.500007,-0.08773,-0.001102,0.0,-0.074072,-0.039024,-0.017778,-0.037623,0.853299,-0.056863,-0.137924,-0.020706,-0.038048,1.801798,3.874368,-0.113214,-0.000924,-0.336656,7.291667,0.014806,0.095501,0.109891
298,178.646606,1000.0,0.890148,0.850124,0.0,0.0,0.084824,69753.0,0.139225,0.35297,0.153176,0.304205,-0.03174,0.708097,4.633789,-0.01,-0.6,-0.012,-0.25,-0.36,-1.2,0.500007,-0.087544,-0.001308,0.0,-0.075726,-0.039223,-0.018372,-0.037794,0.858893,-0.056532,-0.130258,-0.020683,-0.040196,1.809283,3.869292,-0.115803,-0.00087,-0.369485,7.5,0.014738,0.089919,0.12931
299,178.626862,1000.0,0.888916,0.849427,0.0,0.0,0.084316,69838.0,0.139429,0.349693,0.150975,0.29534,-0.030943,0.69486,4.651237,-0.01,-0.6,-0.012,-0.25,-0.36,-1.2,0.500007,-0.085513,-0.001814,0.0,-0.074391,-0.038826,-0.01839,-0.0384,0.851535,-0.056066,-0.142872,-0.019829,-0.037847,1.81021,3.874627,-0.114286,-0.000844,-0.313541,8.541667,0.0138,0.089523,0.120036
300,179.218048,1000.0,0.877641,0.842666,0.0,0.0,0.08401,65676.0,0.139028,0.34571,0.152231,0.302195,-0.031811,0.709224,4.643403,-0.01,-0.6,-0.012,-0.25,-0.36,-1.2,0.500007,-0.086813,-0.001124,0.0,-0.07434,-0.038378,-0.018283,-0.037447,0.853894,-0.054097,-0.134411,-0.019902,-0.037437,1.801087,3.898287,-0.115445,-0.000759,-0.290118,7.583333,0.01406,0.088961,0.120545
301,180.63591,1000.0,0.88942,0.845503,0.0,0.0,0.083846,59670.0,0.136889,0.337302,0.160261,0.296785,-0.030615,0.710308,4.66798,-0.01,-0.6,-0.012,-0.25,-0.36,-1.2,0.500007,-0.084341,-0.001325,0.0,-0.072882,-0.037605,-0.017403,-0.036804,0.857022,-0.05311,-0.137458,-0.018538,-0.036721,1.812257,3.926259,-0.110044,-0.000962,-0.28709,7.791667,0.015232,0.085417,0.129092
302,179.408157,1000.0,0.895747,0.848731,0.0,0.0,0.08344,66114.0,0.134162,0.342258,0.144772,0.285646,-0.029905,0.668305,4.620529,-0.01,-0.6,-0.012,-0.25,-0.36,-1.2,0.500007,-0.085843,-0.00124,0.0,-0.070095,-0.037294,-0.017061,-0.035466,0.839142,-0.053379,-0.126693,-0.018882,-0.036834,1.813315,3.923122,-0.109903,-0.000842,-0.312867,7.291667,0.015037,0.085462,0.123917
303,182.885422,1000.0,0.90254,0.841911,0.0,0.0,0.08322,65740.0,0.133376,0.34494,0.15019,0.293081,-0.030575,0.710096,4.613961,-0.01,-0.6,-0.012,-0.25,-0.36,-1.2,0.500007,-0.087469,-0.000602,0.0,-0.071579,-0.03725,-0.017436,-0.036333,0.859229,-0.053244,-0.124571,-0.019851,-0.037427,1.827263,3.91851,-0.109804,-0.000794,-0.304674,7.125,0.014011,0.082106,0.131292
304,180.524109,1000.0,0.886483,0.852639,0.0,0.0,0.08281,66229.0,0.137765,0.343283,0.150969,0.306007,-0.031763,0.713259,4.632153,-0.01,-0.6,-0.012,-0.25,-0.36,-1.2,0.500007,-0.088611,-0.001198,0.0,-0.074236,-0.037324,-0.018336,-0.037487,0.850821,-0.05334,-0.126391,-0.0214,-0.039232,1.799866,3.916162,-0.113558,-0.001007,-0.3107,5.875,0.014284,0.091667,0.122646
305,180.896057,1000.0,0.892248,0.840368,0.0,0.0,0.082593,62101.0,0.139013,0.339764,0.155405,0.311877,-0.032475,0.741254,4.628263,-0.01,-0.6,-0.012,-0.25,-0.36,-1.2,0.500007,-0.088495,-0.001751,0.0,-0.076778,-0.037205,-0.018427,-0.038156,0.863927,-0.054062,-0.129942,-0.021038,-0.038832,1.806516,3.910449,-0.114026,-0.00091,-0.373956,6.125,0.013592,0.0924,0.127123
306,182.563812,1000.0,0.896465,0.832686,0.0,0.0,0.082319,52109.0,0.134842,0.33823,0.157369,0.304156,-0.031486,0.719452,4.651151,-0.01,-0.6,-0.012,-0.25,-0.36,-1.2,0.500007,-0.086714,-0.001968,0.0,-0.072246,-0.036461,-0.017875,-0.036519,0.855407,-0.052021,-0.126649,-0.019399,-0.036201,1.809584,3.934694,-0.111044,-0.00076,-0.320749,5.458333,0.013568,0.090154,0.106226
307,180.798965,1000.0,0.883233,0.855736,0.0,0.0,0.081939,58638.0,0.14013,0.343993,0.15836,0.309416,-0.032978,0.72493,4.661938,-0.01,-0.6,-0.012,-0.25,-0.36,-1.2,0.500007,-0.085114,-0.000698,0.0,-0.075451,-0.03698,-0.018635,-0.038051,0.860968,-0.054353,-0.136282,-0.0204,-0.038642,1.799527,3.902383,-0.113676,-0.0007,-0.350285,5.458333,0.014382,0.083263,0.125622
308,181.371414,1000.0,0.884807,0.852337,0.0,0.0,0.081666,61068.0,0.135618,0.333497,0.147922,0.303289,-0.031057,0.718305,4.65858,-0.01,-0.6,-0.012,-0.25,-0.36,-1.2,0.500007,-0.087591,-0.002031,0.0,-0.07321,-0.035763,-0.017678,-0.036841,0.853261,-0.051491,-0.126194,-0.020934,-0.039719,1.806953,3.951094,-0.10953,-0.000848,-0.346927,5.695652,0.013675,0.081288,0.119985
309,181.982468,998.130005,0.891596,0.857029,0.041667,0.0,0.081435,63586.0,0.139963,0.334477,0.163093,0.31463,-0.032722,0.732965,4.65521,-0.01,-0.6,-0.012,-0.25,-0.36,-1.2,0.499027,-0.083932,-0.001425,-0.000417,-0.075388,-0.035868,-0.01784,-0.036333,0.862739,-0.052661,-0.136827,-0.019363,-0.038685,1.796179,3.928504,-0.110285,-0.000852,-0.258915,4.458333,0.014968,0.088587,0.124154
310,181.997726,1000.0,0.889022,0.847988,0.0,0.0,0.081065,60199.0,0.135831,0.336211,0.153198,0.299303,-0.031539,0.720942,4.66221,-0.01,-0.6,-0.012,-0.25,-0.36,-1.2,0.500007,-0.086408,-0.000942,0.0,-0.072457,-0.035125,-0.017447,-0.036332,0.855742,-0.051124,-0.127271,-0.019992,-0.035452,1.808034,3.951815,-0.107258,-0.00071,-0.279942,4.086957,0.014976,0.106796,0.127797
311,181.855698,1000.0,0.893778,0.831402,0.0,0.0,0.080846,70329.0,0.136596,0.337875,0.160486,0.310932,-0.032009,0.739413,4.67594,-0.01,-0.6,-0.012,-0.25,-0.36,-1.2,0.500007,-0.085049,-0.000719,0.0,-0.073815,-0.035364,-0.017779,-0.036474,0.863494,-0.052003,-0.133762,-0.020314,-0.036868,1.812625,3.936234,-0.108985,-0.001059,-0.300972,4.208333,0.014603,0.103888,0.133849
312,182.659805,993.659973,0.882744,0.832894,0.041667,0.0,0.080602,70032.0,0.133087,0.330653,0.158554,0.308646,-0.032185,0.716607,4.664828,-0.01,-0.6,-0.012,-0.25,-0.36,-1.2,0.495597,-0.084185,-0.000731,-0.000556,-0.071455,-0.035205,-0.017747,-0.036104,0.848512,-0.050762,-0.125708,-0.017872,-0.037193,1.792865,3.928569,-0.109083,-0.000781,-0.241198,3.625,0.016746,0.094452,0.141224
313,181.137634,993.659973,0.891332,0.838251,0.0,0.0,0.080137,69373.0,0.13216,0.32847,0.14721,0.280673,-0.028567,0.68437,4.63823,-0.01,-0.6,-0.012,-0.25,-0.36,-1.2,0.500007,-0.085839,-0.000682,0.0,-0.068485,-0.033966,-0.016457,-0.034672,0.855209,-0.04903,-0.122448,-0.018628,-0.036755,1.824542,3.988446,-0.101063,-0.000875,-0.316348,3.913043,0.016264,0.096642,0.12582
314,182.108368,1000.0,0.880273,0.805598,0.0,0.0,0.079915,70262.0,0.130705,0.325597,0.165108,0.313824,-0.03169,0.733271,4.666339,-0.01,-0.6,-0.012,-0.25,-0.36,-1.2,0.500007,-0.085568,-0.000627,0.0,-0.070424,-0.034641,-0.01777,-0.035962,0.862581,-0.048192,-0.121188,-0.017015,-0.03647,1.830368,3.997742,-0.109332,-0.000825,-0.319913,3.75,0.01342,0.103418,0.160558
315,184.924652,1000.0,0.900447,0.846743,0.0,0.0,0.079613,62731.0,0.132825,0.334377,0.152159,0.286035,-0.029538,0.694879,4.674448,-0.01,-0.6,-0.012,-0.25,-0.36,-1.2,0.500007,-0.086079,-0.000787,0.0,-0.069258,-0.033832,-0.01663,-0.03489,0.860481,-0.048782,-0.121477,-0.017015,-0.037942,1.821395,3.987399,-0.101405,-0.000809,-0.220092,3.5,0.015687,0.082864,0.110293
316,182.451004,1000.0,0.879205,0.823708,0.0,0.0,0.079322,71589.0,0.129329,0.327092,0.157556,0.311041,-0.031868,0.713493,4.640606,-0.01,-0.6,-0.012,-0.25,-0.36,-1.2,0.500007,-0.085445,-0.00036,0.0,-0.068858,-0.03411,-0.017678,-0.036125,0.84353,-0.048015,-0.118336,-0.017349,-0.037079,1.822845,3.997987,-0.108117,-0.000818,-0.328436,3.0,0.014594,0.092026,0.118926
317,180.970993,1000.0,0.901784,0.844274,0.0,0.0,0.078989,61711.0,0.133046,0.329283,0.15744,0.292994,-0.030393,0.715862,4.635551,-0.01,-0.6,-0.012,-0.25,-0.36,-1.2,0.500007,-0.084463,-0.000799,0.0,-0.06953,-0.033423,-0.016347,-0.035063,0.862776,-0.049187,-0.121402,-0.01932,-0.035004,1.812581,3.991653,-0.102647,-0.000778,-0.340187,3.409091,0.014209,0.099,0.121714
318,184.222931,1000.0,0.874037,0.839402,0.0,0.0,0.078693,66536.0,0.135227,0.332957,0.155219,0.298961,-0.030773,0.706349,4.632651,-0.01,-0.6,-0.012,-0.25,-0.36,-1.2,0.500007,-0.083893,-0.001182,0.0,-0.068552,-0.033334,-0.016997,-0.034581,0.853294,-0.048358,-0.124506,-0.01892,-0.035326,1.815135,3.988909,-0.102978,-0.000617,-0.25561,2.565217,0.014843,0.102809,0.123927
319,183.501907,1000.0,0.877831,0.845275,0.0,0.0,0.078369,69590.0,0.136276,0.325087,0.170719,0.319152,-0.032902,0.780914,4.651905,-0.01,-0.6,-0.012,-0.25,-0.36,-1.2,0.500007,-0.081759,-0.001262,0.0,-0.075968,-0.033512,-0.017771,-0.037224,0.877704,-0.050085,-0.137508,-0.019791,-0.0384,1.82078,3.975883,-0.105564,-0.000922,-0.362886,3.208333,0.01697,0.09399,0.107766
320,182.584015,1000.0,0.90651,0.834,0.0,0.0,0.078296,66147.0,0.129036,0.321921,0.139057,0.28312,-0.028707,0.700454,4.642287,-0.01,-0.6,-0.012,-0.25,-0.36,-1.2,0.500007,-0.08919,-0.001701,0.0,-0.068803,-0.032371,-0.015836,-0.034278,0.85747,-0.048708,-0.109163,-0.019011,-0.03896,1.823207,4.001341,-0.097761,-0.000604,-0.323445,2.5,0.012046,0.093634,0.112361
321,184.924896,1000.0,0.87517,0.838272,0.0,0.0,0.077985,72519.0,0.137534,0.330107,0.165329,0.314159,-0.03238,0.746801,4.629511,-0.01,-0.6,-0.012,-0.25,-0.36,-1.2,0.500007,-0.084998,-0.000984,0.0,-0.071428,-0.033015,-0.017315,-0.03503,0.867082,-0.050016,-0.128494,-0.01898,-0.035335,1.805504,3.977616,-0.104763,-0.000888,-0.197321,3.363636,0.015905,0.096127,0.123167
322,185.148529,1000.0,0.886865,0.846216,0.0,0.0,0.077619,73146.0,0.132313,0.322905,0.166303,0.31274,-0.031207,0.749906,4.624771,-0.01,-0.6,-0.012,-0.25,-0.36,-1.2,0.500007,-0.08482,-0.000828,0.0,-0.068013,-0.032417,-0.016905,-0.03437,0.863483,-0.047365,-0.121738,-0.01709,-0.033755,1.811567,4.016729,-0.102162,-0.000776,-0.280002,3.090909,0.015178,0.077224,0.093723
323,182.740524,1000.0,0.870025,0.846714,0.0,0.0,0.077336,61337.0,0.137681,0.325858,0.161415,0.320754,-0.032207,0.72799,4.642641,-0.01,-0.6,-0.012,-0.25,-0.36,-1.2,0.500007,-0.084696,-0.00075,0.0,-0.073497,-0.0327,-0.0178,-0.036168,0.862719,-0.048119,-0.122843,-0.019347,-0.039288,1.801473,4.002375,-0.106054,-0.000764,-0.340854,2.913043,0.01578,0.085484,0.103296
324,181.696808,1000.0,0.892472,0.849713,0.0,0.0,0.077065,70015.0,0.133443,0.328083,0.161751,0.295594,-0.030667,0.715148,4.671001,-0.01,-0.6,-0.012,-0.25,-0.36,-1.2,0.500007,-0.079661,-0.000536,0.0,-0.069873,-0.032082,-0.016699,-0.033894,0.866027,-0.047422,-0.127731,-0.017334,-0.035969,1.800503,4.012822,-0.099724,-0.000702,-0.404351,2.208333,0.015841,0.100374,0.121918
325,183.981979,1000.0,0.88899,0.836694,0.0,0.0,0.076987,70352.0,0.130072,0.318074,0.138397,0.29038,-0.029538,0.683264,4.658133,-0.01,-0.6,-0.012,-0.25,-0.36,-1.2,0.500007,-0.087831,-0.001368,0.0,-0.066125,-0.03108,-0.016264,-0.034417,0.841393,-0.044911,-0.10739,-0.018389,-0.038006,1.822418,4.05313,-0.098696,-0.000759,-0.229904,2.73913,0.013672,0.090092,0.116411
326,185.501358,1000.0,0.882847,0.846528,0.0,0.0,0.076779,71939.0,0.130956,0.329071,0.148412,0.291933,-0.028897,0.697728,4.636158,-0.01,-0.6,-0.012,-0.25,-0.36,-1.2,0.500007,-0.088371,-0.000588,0.0,-0.067755,-0.031288,-0.016669,-0.034712,0.857858,-0.045318,-0.112639,-0.018726,-0.034606,1.815632,4.031249,-0.098713,-0.000675,-0.199832,3.227273,0.013836,0.087668,0.145736
327,186.12294,1000.0,0.881237,0.850048,0.0,0.0,0.076583,69170.0,0.12728,0.319486,0.155014,0.28106,-0.028049,0.707182,4.624784,-0.01,-0.6,-0.012,-0.25,-0.36,-1.2,0.500007,-0.081258,-0.000188,0.0,-0.061662,-0.030828,-0.01513,-0.032402,0.858147,-0.044185,-0.112066,-0.015288,-0.030697,1.832286,4.065181,-0.095487,-0.000505,-0.272543,2.695652,0.016482,0.097162,0.127134
328,186.29599,1000.0,0.883717,0.828758,0.0,0.0,0.076455,70863.0,0.131204,0.31887,0.15857,0.294577,-0.029299,0.73507,4.591464,-0.01,-0.6,-0.012,-0.25,-0.36,-1.2,0.500007,-0.086174,-0.000283,0.0,-0.064117,-0.03089,-0.015323,-0.032114,0.868316,-0.044857,-0.107924,-0.015792,-0.03448,1.814863,4.049935,-0.0959,-0.000692,-0.255006,2.26087,0.014797,0.103982,0.120206
329,184.141998,1000.0,0.893405,0.839805,0.0,0.0,0.076208,62044.0,0.128323,0.316278,0.160324,0.306871,-0.030903,0.740044,4.618915,-0.01,-0.6,-0.012,-0.25,-0.36,-1.2,0.500007,-0.082606,-0.000425,0.0,-0.069076,-0.031092,-0.016644,-0.034763,0.868248,-0.044964,-0.118054,-0.017654,-0.037306,1.828781,4.051712,-0.100168,-0.000817,-0.559755,2.956522,0.013226,0.085586,0.120299
330,182.694519,1000.0,0.887003,0.821778,0.0,0.0,0.076111,77078.0,0.128615,0.311011,0.152928,0.280352,-0.028407,0.672225,4.631218,-0.01,-0.6,-0.012,-0.25,-0.36,-1.2,0.500007,-0.081093,-0.000347,0.0,-0.064218,-0.030794,-0.016745,-0.034844,0.843584,-0.045017,-0.128141,-0.01537,-0.030729,1.83713,4.059251,-0.097472,-0.000671,-0.349628,2.684211,0.015015,0.086849,0.124236
331,186.318649,1000.0,0.897867,0.846517,0.0,0.0,0.075905,72357.0,0.129522,0.310851,0.155142,0.29931,-0.030208,0.67741,4.611001,-0.01,-0.6,-0.012,-0.25,-0.36,-1.2,0.500007,-0.084016,-0.002008,0.0,-0.063993,-0.030143,-0.016584,-0.03347,0.83701,-0.044453,-0.114628,-0.016075,-0.030882,1.814854,4.067858,-0.097864,-0.000545,-0.144334,2.318182,0.013747,0.077662,0.106326
332,184.751282,990.159973,0.861776,0.813383,0.0,0.041667,0.075825,68886.0,0.125783,0.308418,0.148348,0.284358,-0.029254,0.689748,4.58156,-0.01,-0.6,-0.012,-0.25,-0.36,-1.2,0.489746,-0.083062,-0.000791,-0.000833,-0.063378,-0.029639,-0.016537,-0.032594,0.837794,-0.041946,-0.109707,-0.016656,-0.034422,1.786332,4.001585,-0.09527,-0.000645,-0.208055,2.625,0.014744,0.096619,0.128766
333,183.482803,1000.0,0.892692,0.84563,0.0,0.0,0.075685,72872.0,0.132012,0.318917,0.158532,0.298329,-0.030546,0.716346,4.600783,-0.01,-0.6,-0.012,-0.25,-0.36,-1.2,0.500007,-0.080968,-0.000276,0.0,-0.067128,-0.03048,-0.016536,-0.034637,0.862072,-0.04489,-0.124171,-0.017719,-0.033468,1.820198,4.049539,-0.098094,-0.00078,-0.36764,18.454546,0.014802,0.085542,0.122739
334,185.731415,1000.0,0.878502,0.824962,0.0,0.0,0.075459,58294.0,0.133364,0.313501,0.158515,0.30977,-0.030424,0.744085,4.587038,-0.01,-0.6,-0.012,-0.25,-0.36,-1.2,0.500007,-0.086442,-0.000843,0.0,-0.069579,-0.030055,-0.016514,-0.034007,0.862646,-0.044227,-0.114338,-0.017731,-0.036701,1.81454,4.061212,-0.096817,-0.000779,-0.282531,6.333333,0.016028,0.089691,0.131699
335,184.869568,1000.0,0.896304,0.84098,0.0,0.0,0.075216,67953.0,0.13057,0.313806,0.160515,0.30404,-0.031041,0.731923,4.547906,-0.01,-0.6,-0.012,-0.25,-0.36,-1.2,0.500007,-0.084035,-0.000551,0.0,-0.067413,-0.030081,-0.016856,-0.034069,0.864793,-0.044497,-0.116978,-0.016864,-0.032848,1.820031,4.061353,-0.098583,-0.000741,-0.369148,9.291667,0.0151,0.093176,0.125684
336,183.935059,990.169983,0.883011,0.835902,0.0,0.041667,0.075073,68865.0,0.132292,0.313316,0.168068,0.313249,-0.031703,0.749667,4.596568,-0.01,-0.6,-0.012,-0.25,-0.36,-1.2,0.498143,-0.08072,-0.000471,-0.000152,-0.06953,-0.030441,-0.016937,-0.034522,0.863875,-0.045656,-0.122275,-0.016806,-0.035421,1.810973,4.033136,-0.099331,-0.000766,-0.331209,8.208334,0.014949,0.091942,0.133226
337,186.327545,1000.0,0.890124,0.845398,0.0,0.0,0.074934,70229.0,0.131794,0.31232,0.165003,0.310011,-0.031369,0.739808,4.564579,-0.01,-0.6,-0.012,-0.25,-0.36,-1.2,0.500007,-0.083077,-0.000496,0.0,-0.068856,-0.030024,-0.017073,-0.034228,0.864113,-0.04454,-0.120319,-0.016998,-0.033686,1.815061,4.070094,-0.099322,-0.000731,-0.337,8.666667,0.013655,0.098534,0.111577
338,186.560959,1000.0,0.892884,0.844016,0.0,0.0,0.074703,70519.0,0.128526,0.311275,0.160072,0.297981,-0.030232,0.724632,4.547681,-0.01,-0.6,-0.012,-0.25,-0.36,-1.2,0.500007,-0.083739,-0.000655,0.0,-0.066572,-0.02951,-0.016079,-0.033576,0.865041,-0.043483,-0.113458,-0.016632,-0.03362,1.821737,4.081866,-0.095602,-0.000645,-0.37366,7.583333,0.01488,0.091536,0.124162
339,185.360901,1000.0,0.899514,0.836338,0.0,0.0,0.074541,69852.0,0.126674,0.309512,0.151479,0.287042,-0.029334,0.707824,4.549361,-0.01,-0.6,-0.012,-0.25,-0.36,-1.2,0.500007,-0.083604,-0.000457,0.0,-0.06474,-0.029168,-0.01618,-0.033075,0.857632,-0.043118,-0.112345,-0.016904,-0.032316,1.824899,4.086707,-0.094401,-0.000698,-0.268677,7.75,0.014271,0.085009,0.11065
340,187.781418,1000.0,0.885699,0.839495,0.0,0.0,0.074265,61319.0,0.126438,0.315051,0.157341,0.297265,-0.029941,0.713899,4.541319,-0.01,-0.6,-0.012,-0.25,-0.36,-1.2,0.500007,-0.083379,-0.000347,0.0,-0.065336,-0.029242,-0.016248,-0.033455,0.856111,-0.042243,-0.109571,-0.016568,-0.033765,1.829071,4.089176,-0.095434,-0.000618,-0.253359,7.833333,0.013527,0.087911,0.118688
341,186.242126,1000.0,0.882526,0.837852,0.0,0.0,0.073948,70898.0,0.128908,0.309958,0.157454,0.294556,-0.029647,0.714908,4.550566,-0.01,-0.6,-0.012,-0.25,-0.36,-1.2,0.500007,-0.081858,-0.00052,0.0,-0.065703,-0.029002,-0.015826,-0.032838,0.866653,-0.042756,-0.109525,-0.015461,-0.034051,1.823779,4.092239,-0.09399,-0.000707,-0.310542,7.875,0.016073,0.097295,0.125391
342,185.499344,1000.0,0.884952,0.842403,0.0,0.0,0.073741,66854.0,0.129701,0.305553,0.159257,0.298588,-0.029534,0.714071,4.54579,-0.01,-0.6,-0.012,-0.25,-0.36,-1.2,0.500007,-0.081957,-0.00035,0.0,-0.065999,-0.02882,-0.016174,-0.033489,0.855866,-0.042861,-0.11457,-0.015545,-0.033813,1.822852,4.095073,-0.094025,-0.00072,-0.268553,7.75,0.015214,0.09346,0.123113
343,187.116119,1000.0,0.896478,0.841536,0.0,0.0,0.073505,70245.0,0.128988,0.308361,0.155564,0.295675,-0.029745,0.706956,4.546417,-0.01,-0.6,-0.012,-0.25,-0.36,-1.2,0.500007,-0.084405,-0.000565,0.0,-0.065327,-0.028582,-0.015734,-0.032768,0.860702,-0.04251,-0.108865,-0.015978,-0.033977,1.823155,4.093719,-0.093833,-0.000688,-0.329043,8.0,0.01371,0.102466,0.114585
344,187.713486,1000.0,0.897125,0.844611,0.0,0.0,0.07332,70024.0,0.129789,0.309995,0.165086,0.304517,-0.030667,0.736998,4.517342,-0.01,-0.6,-0.012,-0.25,-0.36,-1.2,0.500007,-0.082579,-0.000179,0.0,-0.066113,-0.028884,-0.016305,-0.033449,0.870955,-0.042788,-0.110751,-0.016272,-0.034585,1.820397,4.089478,-0.095239,-0.000632,-0.256316,7.0,0.014436,0.091821,0.106966
345,188.73967,1000.0,0.896709,0.849053,0.0,0.0,0.073024,70479.0,0.130776,0.31002,0.162944,0.306763,-0.031039,0.739608,4.525732,-0.01,-0.6,-0.012,-0.25,-0.36,-1.2,0.500007,-0.083809,-0.00051,0.0,-0.06828,-0.028912,-0.01671,-0.034616,0.865957,-0.042937,-0.113463,-0.016671,-0.034688,1.817332,4.089214,-0.096955,-0.000657,-0.240986,6.625,0.013795,0.096224,0.110154
346,185.231461,1000.0,0.887052,0.824558,0.0,0.0,0.073034,60257.0,0.128186,0.310277,0.160375,0.299273,-0.030168,0.732843,4.55397,-0.01,-0.6,-0.012,-0.25,-0.36,-1.2,0.500007,-0.081337,-0.000452,0.0,-0.066403,-0.028496,-0.016053,-0.032798,0.863953,-0.041495,-0.113339,-0.016019,-0.034903,1.822848,4.104427,-0.09366,-0.000636,-0.407637,6.083333,0.014508,0.099244,0.14666
347,188.083557,1000.0,0.888075,0.837113,0.0,0.0,0.07294,70350.0,0.125486,0.298775,0.157905,0.293511,-0.029164,0.727074,4.537078,-0.01,-0.6,-0.012,-0.25,-0.36,-1.2,0.500007,-0.082411,-0.000261,0.0,-0.064207,-0.027788,-0.015288,-0.032159,0.868993,-0.040422,-0.103704,-0.015012,-0.034169,1.837651,4.133688,-0.090834,-0.000852,-0.317001,5.916667,0.014541,0.106826,0.133527
348,186.852448,1000.0,0.887995,0.838861,0.0,0.0,0.072564,69582.0,0.127777,0.308933,0.1602,0.298713,-0.030029,0.733604,4.528447,-0.01,-0.6,-0.012,-0.25,-0.36,-1.2,0.500007,-0.083643,-0.000357,0.0,-0.063828,-0.027868,-0.015656,-0.032646,0.867741,-0.041246,-0.106482,-0.015766,-0.032278,1.827079,4.11033,-0.092674,-0.000901,-0.258672,5.791667,0.013721,0.08749,0.110186
349,188.71669,1000.0,0.879319,0.851067,0.0,0.0,0.072327,70746.0,0.127488,0.300986,0.161306,0.298977,-0.029421,0.738074,4.533567,-0.01,-0.6,-0.012,-0.25,-0.36,-1.2,0.500007,-0.082555,-0.000415,0.0,-0.066135,-0.027874,-0.015775,-0.032706,0.864199,-0.041106,-0.109901,-0.01516,-0.034295,1.835804,4.122158,-0.091664,-0.000703,-0.265668,5.458333,0.013482,0.097677,0.112997
350,188.32196,1000.0,0.893271,0.834015,0.0,0.0,0.072109,68985.0,0.12694,0.302336,0.163801,0.311265,-0.030231,0.73517,4.51748,-0.01,-0.6,-0.012,-0.25,-0.36,-1.2,0.500007,-0.083924,-0.000498,0.0,-0.066755,-0.028085,-0.016443,-0.033367,0.862691,-0.040692,-0.10586,-0.015305,-0.034572,1.826178,4.121712,-0.095837,-0.000579,-0.285254,5.26087,0.012904,0.097426,0.122369
351,186.800598,1000.0,0.880462,0.835438,0.0,0.0,0.071977,70795.0,0.134787,0.310842,0.170696,0.323984,-0.032529,0.746302,4.526539,-0.01,-0.6,-0.012,-0.25,-0.36,-1.2,0.500007,-0.080249,-0.000927,0.0,-0.07035,-0.028848,-0.01784,-0.035278,0.861047,-0.043776,-0.121728,-0.016472,-0.034752,1.801453,4.079729,-0.099867,-0.000685,-0.293248,3.958333,0.014585,0.0949,0.127825
352,188.355209,1000.0,0.878587,0.824109,0.0,0.0,0.071668,63107.0,0.125117,0.296407,0.149486,0.282722,-0.028326,0.677905,4.551393,-0.01,-0.6,-0.012,-0.25,-0.36,-1.2,0.500007,-0.080678,-0.000732,0.0,-0.062616,-0.027192,-0.015517,-0.031656,0.85258,-0.039833,-0.109202,-0.014749,-0.034611,1.834366,4.141456,-0.088842,-0.000567,-0.18054,4.478261,0.016549,0.10751,0.143098
353,189.10791,1000.0,0.884495,0.829092,0.0,0.0,0.071324,71091.0,0.128229,0.301034,0.167039,0.297739,-0.029637,0.72875,4.530401,-0.01,-0.6,-0.012,-0.25,-0.36,-1.2,0.500007,-0.081449,-0.000342,0.0,-0.063522,-0.027412,-0.015549,-0.032388,0.867491,-0.039927,-0.10627,-0.014684,-0.031355,1.830988,4.137737,-0.090746,-0.000706,-0.254606,4.0,0.016363,0.09152,0.126406
354,187.969421,1000.0,0.881339,0.827661,0.0,0.0,0.071132,71254.0,0.125412,0.301518,0.152107,0.295859,-0.029609,0.71296,4.520582,-0.01,-0.6,-0.012,-0.25,-0.36,-1.2,0.500007,-0.084966,-0.000442,0.0,-0.061547,-0.027043,-0.015518,-0.031918,0.856208,-0.039134,-0.093965,-0.016117,-0.032688,1.822642,4.146545,-0.091372,-0.000741,-0.283653,3.583333,0.01476,0.087423,0.11142
355,188.897949,1000.0,0.893333,0.845104,0.0,0.0,0.070882,72054.0,0.123294,0.293588,0.156334,0.27803,-0.028185,0.696384,4.55717,-0.01,-0.6,-0.012,-0.25,-0.36,-1.2,0.500007,-0.081707,-0.000398,0.0,-0.059705,-0.026572,-0.014367,-0.030869,0.857923,-0.038761,-0.098785,-0.015721,-0.030689,1.837027,4.160922,-0.086558,-0.000508,-0.248346,4.086957,0.013286,0.10863,0.141454
356,186.72467,1000.0,0.879047,0.828115,0.0,0.0,0.070645,69937.0,0.129153,0.30503,0.160252,0.294931,-0.029529,0.706579,4.559669,-0.01,-0.6,-0.012,-0.25,-0.36,-1.2,0.500007,-0.082617,-0.000823,0.0,-0.065365,-0.027433,-0.015981,-0.03306,0.865551,-0.040489,-0.106001,-0.015798,-0.032918,1.825162,4.126155,-0.093922,-0.000779,-0.418977,3.333333,0.012681,0.104248,0.115085
357,189.229477,1000.0,0.892482,0.838703,0.0,0.0,0.07037,60861.0,0.125175,0.291257,0.170581,0.295389,-0.028901,0.749368,4.537587,-0.01,-0.6,-0.012,-0.25,-0.36,-1.2,0.500007,-0.078035,-0.00024,0.0,-0.061392,-0.02683,-0.01501,-0.030999,0.87375,-0.04003,-0.112113,-0.014387,-0.029682,1.831154,4.155583,-0.087753,-0.000688,-0.283842,3.652174,0.013653,0.079048,0.097328
358,188.196701,1000.0,0.894345,0.839101,0.0,0.0,0.070188,73400.0,0.123661,0.294903,0.161858,0.295046,-0.028351,0.722281,4.547881,-0.01,-0.6,-0.012,-0.25,-0.36,-1.2,0.500007,-0.083069,-0.000338,0.0,-0.060757,-0.026319,-0.015028,-0.030494,0.859788,-0.03905,-0.100107,-0.013908,-0.029203,1.822951,4.156399,-0.086769,-0.000594,-0.360885,2.904762,0.014034,0.071005,0.095756
359,187.013046,1000.0,0.884886,0.82724,0.0,0.0,0.070073,67729.0,0.126459,0.297947,0.151201,0.29254,-0.028481,0.706998,4.543013,-0.01,-0.6,-0.012,-0.25,-0.36,-1.2,0.500007,-0.086308,-0.000866,0.0,-0.064332,-0.026971,-0.016304,-0.033052,0.850779,-0.040565,-0.100741,-0.015454,-0.033066,1.829485,4.136605,-0.090282,-0.000638,-0.263812,3.217391,0.014975,0.084351,0.126664
360,187.703156,1000.0,0.879958,0.834049,0.0,0.0,0.069963,70316.0,0.131054,0.301497,0.16935,0.294506,-0.028537,0.728543,4.544198,-0.01,-0.6,-0.012,-0.25,-0.36,-1.2,0.500007,-0.077582,-0.000635,0.0,-0.065944,-0.026537,-0.014653,-0.031161,0.878119,-0.04027,-0.11629,-0.015138,-0.034266,1.817919,4.130468,-0.087246,-0.000512,-0.258476,2.608696,0.015895,0.099022,0.12718
361,186.540451,1000.0,0.887184,0.825293,0.0,0.0,0.06973,71637.0,0.127745,0.30087,0.161488,0.299762,-0.028623,0.73497,4.503402,-0.01,-0.6,-0.012,-0.25,-0.36,-1.2,0.500007,-0.083176,-0.000431,0.0,-0.064341,-0.026323,-0.014904,-0.031394,0.875673,-0.039089,-0.106672,-0.01427,-0.034012,1.819438,4.151536,-0.087291,-0.00092,-0.517065,3.173913,0.014245,0.084623,0.135654
362,185.197845,1000.0,0.884077,0.832305,0.0,0.0,0.069623,72609.0,0.127304,0.296045,0.156156,0.299542,-0.028737,0.695074,4.499341,-0.01,-0.6,-0.012,-0.25,-0.36,-1.2,0.500007,-0.084147,-0.000487,0.0,-0.061802,-0.026256,-0.016163,-0.03175,0.852131,-0.039387,-0.102297,-0.015465,-0.031537,1.820421,4.155525,-0.089027,-0.000614,-0.341934,2.565217,0.012356,0.083433,0.114495
363,188.708282,1000.0,0.902106,0.843338,0.0,0.0,0.069393,63779.0,0.119362,0.286418,0.157993,0.285732,-0.02751,0.715542,4.505989,-0.01,-0.6,-0.012,-0.25,-0.36,-1.2,0.500007,-0.083788,-0.000353,0.0,-0.0583,-0.0255,-0.014249,-0.030065,0.862589,-0.036249,-0.092531,-0.013909,-0.030139,1.844927,4.20486,-0.085385,-0.000808,-0.304774,3.5,0.012904,0.069431,0.118758
364,189.309647,1000.0,0.88587,0.809621,0.0,0.0,0.069267,73902.0,0.130487,0.3005,0.172951,0.312665,-0.031648,0.755871,4.489376,-0.01,-0.6,-0.012,-0.25,-0.36,-1.2,0.500007,-0.080777,-0.000417,0.0,-0.065501,-0.027289,-0.017015,-0.03319,0.873459,-0.041143,-0.115092,-0.015822,-0.029757,1.822385,4.128812,-0.094557,-0.000554,-0.300364,3.0,0.015175,0.087138,0.130126
365,187.547409,1000.0,0.861317,0.805115,0.0,0.0,0.069205,71949.0,0.131921,0.306232,0.156736,0.292998,-0.029148,0.698323,4.518291,-0.01,-0.6,-0.012,-0.25,-0.36,-1.2,0.500007,-0.081269,-0.00016,0.0,-0.063058,-0.026443,-0.015214,-0.031615,0.866265,-0.039363,-0.104695,-0.014658,-0.034231,1.813714,4.13929,-0.089004,-0.000544,-0.27967,2.565217,0.014796,0.091479,0.111225
366,186.131149,1000.0,0.886101,0.817477,0.0,0.0,0.069082,70845.0,0.119551,0.287497,0.138257,0.263669,-0.026789,0.637699,4.480365,-0.01,-0.6,-0.012,-0.25,-0.36,-1.2,0.500007,-0.084415,-0.000416,0.0,-0.057686,-0.025329,-0.014849,-0.030298,0.839482,-0.036123,-0.096557,-0.014805,-0.028925,1.840496,4.206699,-0.084617,-0.000803,-0.298647,2.333333,0.015084,0.093936,0.12527
367,187.323273,1000.0,0.872206,0.836379,0.0,0.0,0.068843,72901.0,0.125129,0.296197,0.158511,0.291151,-0.027336,0.712883,4.524746,-0.01,-0.6,-0.012,-0.25,-0.36,-1.2,0.500007,-0.083438,-0.000454,0.0,-0.061336,-0.025769,-0.014846,-0.031106,0.864356,-0.038702,-0.09975,-0.014309,-0.032959,1.839219,4.158297,-0.085423,-0.000617,-0.326471,3.318182,0.015596,0.099529,0.154058
368,189.302658,1000.0,0.876046,0.830856,0.0,0.0,0.068647,69735.0,0.129198,0.293197,0.17589,0.315007,-0.030728,0.760122,4.495595,-0.01,-0.6,-0.012,-0.25,-0.36,-1.2,0.500007,-0.079848,-0.000543,0.0,-0.063894,-0.026251,-0.015712,-0.031983,0.8731,-0.039062,-0.108905,-0.015447,-0.030247,1.818699,4.157515,-0.090351,-0.000637,-0.275929,2.652174,0.016744,0.076604,0.115812
369,188.374908,1000.0,0.879077,0.841084,0.0,0.0,0.068611,62875.0,0.127004,0.285334,0.151109,0.295316,-0.028977,0.697816,4.481588,-0.01,-0.6,-0.012,-0.25,-0.36,-1.2,0.500007,-0.085018,-0.000752,0.0,-0.063246,-0.025494,-0.016233,-0.033007,0.850313,-0.038792,-0.10738,-0.016647,-0.031688,1.808687,4.169854,-0.08957,-0.000702,-0.397526,2.521739,0.015684,0.093961,0.113779
370,186.788818,1000.0,0.876313,0.834389,0.0,0.0,0.068377,73116.0,0.125243,0.297449,0.158839,0.298523,-0.029043,0.721726,4.481221,-0.01,-0.6,-0.012,-0.25,-0.36,-1.2,0.500007,-0.083262,-0.000422,0.0,-0.064297,-0.026372,-0.016152,-0.033411,0.862769,-0.039458,-0.10235,-0.01558,-0.033917,1.829121,4.148821,-0.089652,-0.000874,-0.381515,2.73913,0.014734,0.080591,0.114255
371,187.897308,1000.0,0.858053,0.798532,0.0,0.0,0.068294,75246.0,0.12795,0.281341,0.17879,0.318872,-0.030421,0.74777,4.454229,-0.01,-0.6,-0.012,-0.25,-0.36,-1.2,0.500007,-0.078097,-0.000454,0.0,-0.063678,-0.026343,-0.016789,-0.032841,0.871166,-0.03713,-0.108316,-0.01231,-0.030475,1.83004,4.203554,-0.093886,-0.000608,-0.309941,2.666667,0.017674,0.113511,0.1409
372,189.124512,1000.0,0.875346,0.829368,0.0,0.0,0.068262,76956.0,0.126651,0.290557,0.164721,0.303313,-0.030055,0.71923,4.466375,-0.01,-0.6,-0.012,-0.25,-0.36,-1.2,0.500007,-0.080797,-0.000983,0.0,-0.062149,-0.026321,-0.016289,-0.032071,0.849584,-0.038865,-0.111539,-0.015244,-0.031169,1.831753,4.169527,-0.092474,-0.000877,-0.249939,2.7,0.014579,0.105206,0.12749
373,188.717255,1000.0,0.883028,0.839638,0.0,0.0,0.068317,72569.0,0.120474,0.282292,0.151213,0.282679,-0.027002,0.694473,4.482323,-0.01,-0.6,-0.012,-0.25,-0.36,-1.2,0.500007,-0.082583,-0.000433,0.0,-0.057321,-0.0244,-0.013741,-0.029431,0.859176,-0.035522,-0.094524,-0.01338,-0.029285,1.838512,4.223841,-0.082025,-0.000611,-0.294632,2.391304,0.013707,0.086465,0.116287
374,188.863571,1000.0,0.873197,0.805038,0.0,0.0,0.068142,71793.0,0.12413,0.291968,0.151089,0.283847,-0.026925,0.686466,4.472263,-0.01,-0.6,-0.012,-0.25,-0.36,-1.2,0.500007,-0.081891,-0.000403,0.0,-0.05943,-0.025268,-0.014756,-0.030896,0.854187,-0.039049,-0.108222,-0.014192,-0.027751,1.831056,4.169816,-0.085581,-0.000659,-0.217427,2.565217,0.015261,0.11246,0.120417
375,188.62204,1000.0,0.873992,0.818812,0.0,0.0,0.06791,61313.0,0.126674,0.300277,0.167859,0.315417,-0.031099,0.758213,4.47914,-0.01,-0.6,-0.012,-0.25,-0.36,-1.2,0.500007,-0.081835,-0.000235,0.0,-0.066138,-0.026251,-0.016937,-0.033123,0.870828,-0.039071,-0.101341,-0.014851,-0.032972,1.822585,4.155596,-0.093894,-0.000588,-0.427793,18.043478,0.013226,0.089332,0.106467
376,190.476532,1000.0,0.884143,0.840046,0.0,0.0,0.06775,69296.0,0.124191,0.287342,0.160291,0.299254,-0.029054,0.716364,4.475806,-0.01,-0.6,-0.012,-0.25,-0.36,-1.2,0.500007,-0.081143,-0.000372,0.0,-0.060742,-0.025213,-0.015382,-0.031152,0.863431,-0.036688,-0.096856,-0.013843,-0.030955,1.829535,4.199847,-0.088385,-0.000649,-0.287583,8.041667,0.013776,0.093766,0.114897
377,189.41275,1000.0,0.886571,0.847212,0.0,0.0,0.067685,70112.0,0.127524,0.289476,0.163743,0.307394,-0.030006,0.741911,4.456285,-0.01,-0.6,-0.012,-0.25,-0.36,-1.2,0.500007,-0.082785,-0.000527,0.0,-0.064018,-0.02539,-0.015963,-0.032221,0.873147,-0.037989,-0.10258,-0.014894,-0.033484,1.824177,4.181336,-0.08941,-0.000639,-0.329161,8.833334,0.013565,0.07946,0.122938
378,189.726379,1000.0,0.880901,0.836972,0.0,0.0,0.067573,69920.0,0.12374,0.286935,0.160921,0.298499,-0.029084,0.730423,4.472397,-0.01,-0.6,-0.012,-0.25,-0.36,-1.2,0.500007,-0.081264,-0.000295,0.0,-0.061089,-0.024863,-0.015051,-0.030562,0.869229,-0.036513,-0.096814,-0.014035,-0.031999,1.832784,4.203521,-0.085909,-0.000631,-0.29988,8.75,0.016556,0.083892,0.126774
379,188.723358,1000.0,0.88746,0.837425,0.0,0.0,0.067575,69638.0,0.125753,0.285432,0.171417,0.306663,-0.029576,0.754673,4.447878,-0.01,-0.6,-0.012,-0.25,-0.36,-1.2,0.500007,-0.079416,-0.000348,0.0,-0.063008,-0.024914,-0.015023,-0.031086,0.880045,-0.03726,-0.103033,-0.014493,-0.031673,1.828911,4.195024,-0.086588,-0.00058,-0.427167,8.333334,0.014805,0.101693,0.12195
380,187.760422,1000.0,0.881531,0.838629,0.0,0.0,0.067513,69699.0,0.125788,0.288288,0.155922,0.301398,-0.029662,0.718135,4.49051,-0.01,-0.6,-0.012,-0.25,-0.36,-1.2,0.500007,-0.082643,-0.000683,0.0,-0.061727,-0.025143,-0.015986,-0.032035,0.861852,-0.03697,-0.100357,-0.016037,-0.031473,1.821868,4.192319,-0.08905,-0.000628,-0.349634,7.416667,0.014531,0.091976,0.122996
381,189.485672,1000.0,0.885493,0.854766,0.0,0.0,0.067315,59367.0,0.123288,0.282239,0.163401,0.298193,-0.029054,0.725111,4.462243,-0.01,-0.6,-0.012,-0.25,-0.36,-1.2,0.500007,-0.080857,-0.000345,0.0,-0.05929,-0.024555,-0.014937,-0.030476,0.865927,-0.035721,-0.096522,-0.013826,-0.029886,1.83445,4.218165,-0.085655,-0.000592,-0.315731,8.0,0.016267,0.087317,0.118308
382,189.453674,1000.0,0.88133,0.836105,0.0,0.0,0.067174,68230.0,0.125553,0.284632,0.170386,0.305071,-0.029648,0.750116,4.447114,-0.01,-0.6,-0.012,-0.25,-0.36,-1.2,0.500007,-0.079579,-0.00041,0.0,-0.061501,-0.024857,-0.015268,-0.031198,0.876154,-0.036803,-0.104207,-0.013858,-0.031718,1.830823,4.204419,-0.086407,-0.00064,-0.359005,8.416667,0.01536,0.091566,0.122709
383,190.093643,1000.0,0.881648,0.8426,0.0,0.0,0.067008,69918.0,0.120891,0.280152,0.151041,0.285701,-0.027668,0.701303,4.484411,-0.01,-0.6,-0.012,-0.25,-0.36,-1.2,0.500007,-0.080703,-0.000542,0.0,-0.058402,-0.024233,-0.014765,-0.029949,0.858554,-0.035488,-0.09873,-0.013551,-0.031931,1.841647,4.224271,-0.082249,-0.000621,-0.262563,7.25,0.014335,0.088638,0.111943
384,188.368881,1000.0,0.895137,0.837326,0.0,0.0,0.066842,70405.0,0.124631,0.284246,0.158211,0.30003,-0.029184,0.721127,4.471522,-0.01,-0.6,-0.012,-0.25,-0.36,-1.2,0.500007,-0.08304,-0.000402,0.0,-0.061576,-0.024455,-0.015385,-0.031109,0.862425,-0.036889,-0.098082,-0.015029,-0.030287,1.825534,4.201653,-0.08655,-0.000659,-0.324349,7.708333,0.013982,0.094461,0.128445
385,190.550171,1000.0,0.890378,0.833508,0.0,0.0,0.066652,69234.0,0.123805,0.283388,0.162136,0.295033,-0.028808,0.725543,4.424089,-0.01,-0.6,-0.012,-0.25,-0.36,-1.2,0.500007,-0.081284,-0.000221,0.0,-0.059905,-0.024444,-0.014952,-0.030905,0.869441,-0.035796,-0.097043,-0.013983,-0.030969,1.834354,4.216216,-0.085546,-0.000598,-0.311702,7.916667,0.014208,0.104021,0.135996
386,190.426422,1000.0,0.893463,0.827737,0.0,0.0,0.066499,69087.0,0.121205,0.281991,0.158476,0.286194,-0.028314,0.704724,4.46313,-0.01,-0.6,-0.012,-0.25,-0.36,-1.2,0.500007,-0.079631,-0.000407,0.0,-0.059278,-0.024099,-0.014862,-0.030611,0.866557,-0.035596,-0.101617,-0.014123,-0.030572,1.843253,4.223245,-0.083623,-0.0005,-0.294439,6.583333,0.013734,0.092822,0.121613
387,191.894638,1000.0,0.888252,0.84388,0.0,0.0,0.066451,60894.0,0.122755,0.28205,0.16174,0.299284,-0.029292,0.721535,4.463129,-0.01,-0.6,-0.012,-0.25,-0.36,-1.2,0.500007,-0.080805,-0.000478,0.0,-0.060658,-0.024285,-0.015559,-0.031323,0.869206,-0.035289,-0.101425,-0.014525,-0.030209,1.832077,4.225955,-0.086359,-0.00091,-0.281584,6.458333,0.013864,0.074513,0.113631
388,189.541901,1000.0,0.887384,0.836964,0.0,0.0,0.066311,69525.0,0.12479,0.2826,0.162647,0.30218,-0.029168,0.727225,4.443204,-0.01,-0.6,-0.012,-0.25,-0.36,-1.2,0.500007,-0.080664,-0.000415,0.0,-0.060722,-0.024305,-0.01548,-0.031275,0.867827,-0.036321,-0.098858,-0.014795,-0.030703,1.826563,4.209955,-0.085922,-0.000605,-0.301806,6.5,0.015739,0.087058,0.122944
389,187.238495,990.400024,0.877476,0.843163,0.041667,0.0,0.066259,68415.0,0.128112,0.283777,0.173779,0.307379,-0.030407,0.748003,4.444853,-0.01,-0.6,-0.012,-0.25,-0.36,-1.2,0.496002,-0.077992,-0.000288,-0.000333,-0.061905,-0.024554,-0.015592,-0.031973,0.871636,-0.036729,-0.105094,-0.013852,-0.029763,1.80528,4.169826,-0.088228,-0.000654,-0.388496,5.125,0.016312,0.089032,0.127095
390,190.620071,1000.0,0.87508,0.831686,0.0,0.0,0.066128,67971.0,0.122138,0.278614,0.156657,0.289097,-0.027798,0.712339,4.42234,-0.01,-0.6,-0.012,-0.25,-0.36,-1.2,0.500007,-0.081006,-0.000892,0.0,-0.058487,-0.02374,-0.014804,-0.029894,0.860429,-0.034702,-0.096005,-0.013821,-0.029239,1.831498,4.237609,-0.083164,-0.000587,-0.311531,6.041667,0.01467,0.094528,0.133825
391,190.213882,1000.0,0.897724,0.83717,0.0,0.0,0.066128,68982.0,0.121352,0.278703,0.157401,0.28867,-0.027776,0.711831,4.441381,-0.01,-0.6,-0.012,-0.25,-0.36,-1.2,0.500007,-0.081533,-0.001352,0.0,-0.059151,-0.02346,-0.014543,-0.030179,0.858739,-0.034839,-0.093389,-0.013416,-0.029919,1.840978,4.232931,-0.083478,-0.000658,-0.373207,5.625,0.012059,0.092362,0.12959
392,191.257248,1000.0,0.878284,0.840293,0.0,0.0,0.065979,59799.0,0.12194,0.279763,0.166219,0.299998,-0.029032,0.740853,4.41484,-0.01,-0.6,-0.012,-0.25,-0.36,-1.2,0.500007,-0.081398,-0.000298,0.0,-0.059182,-0.023889,-0.015314,-0.030671,0.871953,-0.034862,-0.097996,-0.014319,-0.027635,1.835536,4.23428,-0.085594,-0.000553,-0.259834,4.608696,0.0156,0.100516,0.10754
393,190.435196,1000.0,0.889125,0.834532,0.0,0.0,0.065747,69369.0,0.120825,0.279725,0.155477,0.284892,-0.027661,0.699179,4.411372,-0.01,-0.6,-0.012,-0.25,-0.36,-1.2,0.500007,-0.080395,-0.000821,0.0,-0.058195,-0.023645,-0.015101,-0.030034,0.862778,-0.035527,-0.097513,-0.013477,-0.031095,1.835491,4.231088,-0.081852,-0.000715,-0.246438,4.291667,0.015015,0.086008,0.110356
394,190.557419,1000.0,0.887454,0.839242,0.0,0.0,0.065625,69157.0,0.121121,0.278336,0.159536,0.296041,-0.029075,0.734026,4.41503,-0.01,-0.6,-0.012,-0.25,-0.36,-1.2,0.500007,-0.083539,-0.000151,0.0,-0.059587,-0.023903,-0.015201,-0.030808,0.869652,-0.034301,-0.089238,-0.014147,-0.030373,1.837624,4.2456,-0.085824,-0.000692,-0.450444,4.173913,0.01383,0.088492,0.123956
395,190.746658,1000.0,0.895129,0.821463,0.0,0.0,0.065414,65900.0,0.122494,0.284329,0.170477,0.302514,-0.029163,0.738294,4.424954,-0.01,-0.6,-0.012,-0.25,-0.36,-1.2,0.500007,-0.078165,-0.000238,0.0,-0.060706,-0.023797,-0.014954,-0.029964,0.87327,-0.035416,-0.095791,-0.013653,-0.03082,1.840318,4.222609,-0.083793,-0.000659,-0.298413,3.625,0.013849,0.102929,0.108711
396,192.910675,1000.0,0.893114,0.840638,0.0,0.0,0.065402,68442.0,0.121363,0.277997,0.166248,0.298474,-0.029126,0.744995,4.399976,-0.01,-0.6,-0.012,-0.25,-0.36,-1.2,0.500007,-0.080324,-0.000307,0.0,-0.061082,-0.023808,-0.014981,-0.031122,0.875122,-0.034516,-0.095311,-0.01295,-0.031862,1.842089,4.240216,-0.084977,-0.001062,-0.233513,3.826087,0.01335,0.077093,0.111919
397,190.491058,1000.0,0.86376,0.828285,0.0,0.0,0.065176,63970.0,0.121168,0.285544,0.160453,0.304509,-0.029589,0.738111,4.397804,-0.01,-0.6,-0.012,-0.25,-0.36,-1.2,0.500007,-0.083483,-0.000287,0.0,-0.059942,-0.023714,-0.015574,-0.031256,0.865219,-0.035255,-0.094245,-0.01492,-0.031331,1.838872,4.221148,-0.085886,-0.000737,-0.339496,4.375,0.016051,0.100576,0.125004
398,190.537292,1000.0,0.888125,0.832394,0.0,0.0,0.065036,58295.0,0.123008,0.291856,0.154281,0.2928,-0.029315,0.727565,4.436166,-0.01,-0.6,-0.012,-0.25,-0.36,-1.2,0.500007,-0.084446,-0.000394,0.0,-0.060847,-0.023519,-0.015138,-0.030401,0.86552,-0.035133,-0.090544,-0.015334,-0.031097,1.824353,4.216024,-0.084728,-0.000549,-0.252852,3.125,0.015926,0.101711,0.121162
399,189.72406,1000.0,0.869105,0.812457,0.0,0.0,0.064952,69843.0,0.122552,0.281597,0.158926,0.297433,-0.02864,0.695238,4.406961,-0.01,-0.6,-0.012,-0.25,-0.36,-1.2,0.500007,-0.08224,-0.000482,0.0,-0.05971,-0.023942,-0.016116,-0.032326,0.849101,-0.035192,-0.100728,-0.012453,-0.028993,1.828928,4.231541,-0.089344,-0.000543,-0.258621,3.142857,0.016587,0.107366,0.120975
400,190.86412,1000.0,0.877993,0.832936,0.0,0.0,0.064752,61449.0,0.12178,0.278368,0.166369,0.295798,-0.028799,0.739223,4.402565,-0.01,-0.6,-0.012,-0.25,-0.36,-1.2,0.500007,-0.078784,-0.000304,0.0,-0.060072,-0.023144,-0.014235,-0.029725,0.875773,-0.033288,-0.094582,-0.013832,-0.031772,1.843423,4.259303,-0.082385,-0.000616,-0.360544,3.478261,0.013503,0.098488,0.118997
401,190.324844,1000.0,0.883408,0.83314,0.0,0.0,0.064539,66093.0,0.11934,0.276287,0.152192,0.290846,-0.027927,0.701126,4.420474,-0.01,-0.6,-0.012,-0.25,-0.36,-1.2,0.500007,-0.085788,-0.000329,0.0,-0.058597,-0.022672,-0.014546,-0.030082,0.850805,-0.032871,-0.090808,-0.014616,-0.029351,1.834831,4.263441,-0.083701,-0.000585,-0.313461,2.590909,0.012226,0.114913,0.135655
402,188.167572,1000.0,0.878662,0.819519,0.0,0.0,0.064337,63249.0,0.118083,0.271901,0.153458,0.278175,-0.027339,0.692973,4.427606,-0.01,-0.6,-0.012,-0.25,-0.36,-1.2,0.500007,-0.080288,-0.000315,0.0,-0.055581,-0.022594,-0.013805,-0.029174,0.871417,-0.03277,-0.088581,-0.013876,-0.031154,1.846398,4.276383,-0.079496,-0.000726,-0.359426,2.791667,0.013769,0.121545,0.125102
403,189.875259,1000.0,0.875217,0.827646,0.0,0.0,0.064217,55812.0,0.125318,0.280829,0.16927,0.316546,-0.030522,0.767917,4.406551,-0.01,-0.6,-0.012,-0.25,-0.36,-1.2,0.500007,-0.080191,-0.000167,0.0,-0.063141,-0.023758,-0.015055,-0.030457,0.873086,-0.036064,-0.099164,-0.014324,-0.03417,1.824941,4.219734,-0.085831,-0.001187,-0.376492,3.130435,0.01421,0.096515,0.115736
404,189.788681,1000.0,0.86278,0.81629,0.0,0.0,0.06392,66305.0,0.12066,0.277856,0.156038,0.273129,-0.027593,0.674978,4.422165,-0.01,-0.6,-0.012,-0.25,-0.36,-1.2,0.500007,-0.073881,-0.00024,0.0,-0.057144,-0.023372,-0.014759,-0.030366,0.860259,-0.034179,-0.103087,-0.013114,-0.029452,1.856719,4.247637,-0.080665,-0.000703,-0.345632,2.772727,0.014078,0.085076,0.153056
405,190.953857,1000.0,0.898174,0.841474,0.0,0.0,0.063811,63715.0,0.121699,0.272845,0.17181,0.308593,-0.029439,0.753446,4.408868,-0.01,-0.6,-0.012,-0.25,-0.36,-1.2,0.500007,-0.080004,-0.0003,0.0,-0.059619,-0.023727,-0.016159,-0.031245,0.867846,-0.032724,-0.096345,-0.012592,-0.027555,1.833296,4.271679,-0.088386,-0.000705,-0.35557,3.363636,0.014638,0.087107,0.125411
406,191.919312,1000.0,0.888174,0.838634,0.0,0.0,0.063793,61453.0,0.126393,0.283793,0.16034,0.291396,-0.028468,0.722075,4.405916,-0.01,-0.6,-0.012,-0.25,-0.36,-1.2,0.500007,-0.07805,-0.000165,0.0,-0.058892,-0.022871,-0.014333,-0.029677,0.873755,-0.034401,-0.096102,-0.013395,-0.02842,1.819549,4.237588,-0.081029,-0.000522,-0.234933,2.869565,0.013265,0.084607,0.127005
407,193.282364,1000.0,0.873989,0.833683,0.0,0.0,0.063817,65312.0,0.11732,0.270439,0.158756,0.28407,-0.027271,0.724203,4.408271,-0.01,-0.6,-0.012,-0.25,-0.36,-1.2,0.500007,-0.077617,-0.000134,0.0,-0.056677,-0.022638,-0.013873,-0.029628,0.863901,-0.032564,-0.09008,-0.01228,-0.030723,1.855592,4.276474,-0.078942,-0.000508,-0.163906,2.521739,0.015968,0.100452,0.10332
408,193.014313,1000.0,0.867538,0.829548,0.0,0.0,0.063715,55918.0,0.124977,0.276927,0.16206,0.29326,-0.028827,0.726103,4.393375,-0.01,-0.6,-0.012,-0.25,-0.36,-1.2,0.500007,-0.080186,-0.000418,0.0,-0.058835,-0.022562,-0.014742,-0.03029,0.878264,-0.033279,-0.099131,-0.014369,-0.030467,1.826155,4.260686,-0.082366,-0.000738,-0.271608,2.521739,0.016931,0.094708,0.118861
409,192.338715,1000.0,0.872644,0.827328,0.0,0.0,0.063666,66069.0,0.118828,0.27865,0.143999,0.280003,-0.027377,0.695681,4.431028,-0.01,-0.6,-0.012,-0.25,-0.36,-1.2,0.500007,-0.082741,-0.000172,0.0,-0.059107,-0.02249,-0.014692,-0.030533,0.869427,-0.033339,-0.087567,-0.015258,-0.03203,1.844608,4.256641,-0.080768,-0.000639,-0.246014,3.454545,0.016805,0.089943,0.131809
410,191.578491,1000.0,0.897645,0.83747,0.0,0.0,0.06371,57995.0,0.118108,0.269123,0.165241,0.303972,-0.029354,0.74924,4.412296,-0.01,-0.6,-0.012,-0.25,-0.36,-1.2,0.500007,-0.08289,-0.000575,0.0,-0.057784,-0.022591,-0.014804,-0.029806,0.872846,-0.033291,-0.087441,-0.014423,-0.027524,1.847599,4.263379,-0.082895,-0.000699,-0.455782,2.25,0.013582,0.093701,0.146333
411,191.099304,1000.0,0.884857,0.825636,0.0,0.0,0.063621,68070.0,0.118392,0.276957,0.164297,0.301946,-0.028067,0.725002,4.436369,-0.01,-0.6,-0.012,-0.25,-0.36,-1.2,0.500007,-0.082104,-8.5e-05,0.0,-0.056792,-0.02253,-0.014064,-0.028948,0.869378,-0.032103,-0.080895,-0.010871,-0.03084,1.847879,4.274431,-0.081878,-0.001196,-0.24945,2.826087,0.012733,0.089547,0.120021
412,193.405563,1000.0,0.896398,0.841489,0.0,0.0,0.063829,66907.0,0.116007,0.269621,0.148073,0.281498,-0.027043,0.715408,4.425868,-0.01,-0.6,-0.012,-0.25,-0.36,-1.2,0.500007,-0.081431,-0.000175,0.0,-0.056377,-0.021861,-0.013771,-0.028739,0.87756,-0.031862,-0.082167,-0.014284,-0.033097,1.851468,4.289883,-0.077095,-0.001033,-0.308804,2.608696,0.012896,0.073365,0.142245
413,191.352417,1000.0,0.86982,0.815761,0.0,0.0,0.063676,71179.0,0.123276,0.275377,0.166054,0.305905,-0.030224,0.746779,4.420943,-0.01,-0.6,-0.012,-0.25,-0.36,-1.2,0.500007,-0.08057,-0.000346,0.0,-0.060554,-0.022609,-0.015246,-0.030143,0.870404,-0.033359,-0.092625,-0.0151,-0.031651,1.832719,4.261678,-0.084263,-0.000852,-0.360103,2.894737,0.016165,0.087569,0.144262
414,191.007507,1000.0,0.876629,0.827661,0.0,0.0,0.063584,58405.0,0.117123,0.270355,0.162661,0.295051,-0.028776,0.733898,4.421282,-0.01,-0.6,-0.012,-0.25,-0.36,-1.2,0.500007,-0.079466,-8.3e-05,0.0,-0.057034,-0.022429,-0.014579,-0.029877,0.873825,-0.031746,-0.085489,-0.013258,-0.031204,1.841776,4.285866,-0.081038,-0.00068,-0.304358,2.318182,0.01642,0.09247,0.137178
415,192.258118,1000.0,0.881833,0.827049,0.0,0.0,0.063528,69629.0,0.118766,0.267457,0.173019,0.306666,-0.029257,0.727608,4.440539,-0.01,-0.6,-0.012,-0.25,-0.36,-1.2,0.500007,-0.078909,-8.2e-05,0.0,-0.057948,-0.023139,-0.015713,-0.031001,0.867578,-0.032659,-0.093583,-0.011972,-0.027893,1.842985,4.280519,-0.086135,-0.000846,-0.41668,2.608696,0.015755,0.087441,0.120888
416,193.067505,1000.0,0.881338,0.819447,0.0,0.0,0.063455,67472.0,0.119669,0.269353,0.162664,0.293371,-0.029025,0.697928,4.430896,-0.01,-0.6,-0.012,-0.25,-0.36,-1.2,0.500007,-0.080167,-0.000164,0.0,-0.055977,-0.022633,-0.015203,-0.030253,0.860267,-0.032893,-0.09217,-0.012567,-0.027084,1.835116,4.280396,-0.083348,-0.00077,-0.350032,18.363636,0.015406,0.102652,0.137161
417,190.886139,1000.0,0.869934,0.82479,0.0,0.0,0.063495,65556.0,0.124005,0.272757,0.165031,0.312105,-0.030584,0.735579,4.418593,-0.01,-0.6,-0.012,-0.25,-0.36,-1.2,0.500007,-0.081407,-0.00071,0.0,-0.061806,-0.023143,-0.016537,-0.031889,0.859801,-0.033411,-0.095244,-0.014674,-0.029937,1.818769,4.260803,-0.089653,-0.000677,-0.292002,4.25,0.01488,0.09279,0.115309
418,191.757935,1000.0,0.882699,0.841709,0.0,0.0,0.063506,62153.0,0.119574,0.272182,0.161995,0.292567,-0.028211,0.725775,4.42617,-0.01,-0.6,-0.012,-0.25,-0.36,-1.2,0.500007,-0.078618,-0.000278,0.0,-0.058006,-0.022206,-0.014747,-0.029656,0.872478,-0.033134,-0.095694,-0.013525,-0.029796,1.835404,4.268619,-0.080088,-0.000667,-0.256661,8.708334,0.013932,0.087519,0.124235
419,192.681641,1000.0,0.888546,0.84151,0.0,0.0,0.063201,52376.0,0.120935,0.271075,0.160732,0.307174,-0.030173,0.739542,4.433143,-0.01,-0.6,-0.012,-0.25,-0.36,-1.2,0.500007,-0.081201,-0.000535,0.0,-0.059667,-0.022535,-0.015537,-0.03081,0.86849,-0.033098,-0.091754,-0.014267,-0.031297,1.834079,4.269788,-0.084936,-0.000792,-0.261352,8.791667,0.015301,0.106285,0.122663
420,191.128967,1000.0,0.887243,0.844673,0.0,0.0,0.063186,66974.0,0.117427,0.267611,0.157117,0.288618,-0.027844,0.712252,4.419419,-0.01,-0.6,-0.012,-0.25,-0.36,-1.2,0.500007,-0.081,-0.000433,0.0,-0.055899,-0.021759,-0.014089,-0.028872,0.86219,-0.03145,-0.086609,-0.012712,-0.028875,1.843443,4.297198,-0.07949,-0.000809,-0.354486,8.833334,0.013786,0.097122,0.128189
421,191.830292,1000.0,0.890343,0.845604,0.0,0.0,0.063179,64789.0,0.117311,0.268368,0.159414,0.290678,-0.027684,0.736205,4.439653,-0.01,-0.6,-0.012,-0.25,-0.36,-1.2,0.500007,-0.081876,-0.000348,0.0,-0.055927,-0.021749,-0.01438,-0.028971,0.872902,-0.03196,-0.087098,-0.013133,-0.029042,1.84206,4.290896,-0.079146,-0.000729,-0.357491,8.333334,0.01562,0.09838,0.116397
422,193.437408,1000.0,0.895006,0.835554,0.0,0.0,0.063027,65823.0,0.118359,0.269934,0.162584,0.292199,-0.028326,0.734125,4.424157,-0.01,-0.6,-0.012,-0.25,-0.36,-1.2,0.500007,-0.079011,-0.000222,0.0,-0.056863,-0.021963,-0.014529,-0.02976,0.874826,-0.032399,-0.089537,-0.013356,-0.029461,1.848678,4.28276,-0.079911,-0.000761,-0.247243,7.25,0.014614,0.090078,0.110382
423,193.123825,999.039978,0.883382,0.840016,0.041667,0.0,0.063055,66108.0,0.121765,0.267027,0.1675,0.305216,-0.029734,0.748039,4.402266,-0.01,-0.6,-0.012,-0.25,-0.36,-1.2,0.499805,-0.079445,-0.000382,-0.000167,-0.058973,-0.022161,-0.015092,-0.030458,0.873717,-0.032956,-0.095288,-0.013761,-0.030038,1.826783,4.277191,-0.083088,-0.000691,-0.305835,7.5,0.014752,0.101707,0.118377
424,190.110199,1000.0,0.884448,0.841085,0.0,0.0,0.062985,68730.0,0.120401,0.274546,0.169019,0.303972,-0.029705,0.755145,4.422909,-0.01,-0.6,-0.012,-0.25,-0.36,-1.2,0.500007,-0.080589,-0.000396,0.0,-0.059962,-0.022319,-0.015209,-0.030426,0.877577,-0.032746,-0.094899,-0.014168,-0.029705,1.836322,4.273254,-0.083556,-0.000695,-0.424656,8.541667,0.0141,0.091235,0.117122
425,192.370468,1000.0,0.891293,0.850401,0.0,0.0,0.062945,57989.0,0.12076,0.267323,0.171072,0.310361,-0.030168,0.764244,4.379833,-0.01,-0.6,-0.012,-0.25,-0.36,-1.2,0.500007,-0.077741,-0.000508,0.0,-0.060052,-0.022337,-0.015617,-0.030578,0.878741,-0.032643,-0.096039,-0.013716,-0.030775,1.837176,4.282045,-0.083789,-0.000683,-0.333588,7.583333,0.01379,0.101575,0.118695
426,191.75676,1000.0,0.882028,0.837396,0.0,0.0,0.06284,69403.0,0.115908,0.269653,0.158827,0.287591,-0.02812,0.707205,4.396923,-0.01,-0.6,-0.012,-0.25,-0.36,-1.2,0.500007,-0.079522,-0.000264,0.0,-0.056345,-0.02179,-0.014541,-0.029243,0.864584,-0.032174,-0.089,-0.013818,-0.029787,1.844263,4.286209,-0.079388,-0.000662,-0.303893,7.791667,0.013741,0.101335,0.113061
427,191.697449,1000.0,0.880201,0.839577,0.0,0.0,0.06286,65087.0,0.120625,0.269909,0.163421,0.296611,-0.028813,0.727778,4.387285,-0.01,-0.6,-0.012,-0.25,-0.36,-1.2,0.500007,-0.07738,-0.000452,0.0,-0.058062,-0.021919,-0.014831,-0.029884,0.872698,-0.03243,-0.096681,-0.013514,-0.030418,1.837129,4.279733,-0.080442,-0.000575,-0.351595,7.25,0.013135,0.088683,0.119445
428,193.203583,1000.0,0.891815,0.831268,0.0,0.0,0.062882,68361.0,0.116851,0.267292,0.158978,0.290824,-0.02743,0.727849,4.392809,-0.01,-0.6,-0.012,-0.25,-0.36,-1.2,0.500007,-0.080928,-0.000616,0.0,-0.056672,-0.021119,-0.013849,-0.028717,0.870308,-0.031596,-0.085923,-0.013203,-0.030032,1.843536,4.297781,-0.077049,-0.000657,-0.312017,7.125,0.013992,0.089785,0.124908
429,193.907654,1000.0,0.883394,0.844366,0.0,0.0,0.062839,67192.0,0.120774,0.270081,0.160652,0.30274,-0.029349,0.740157,4.361803,-0.01,-0.6,-0.012,-0.25,-0.36,-1.2,0.500007,-0.080497,-0.000269,0.0,-0.058545,-0.021829,-0.015083,-0.029565,0.870316,-0.031652,-0.085994,-0.013811,-0.030082,1.841531,4.288187,-0.08207,-0.000766,-0.25032,5.833333,0.015492,0.095971,0.129823
430,192.93248,1000.0,0.894656,0.828525,0.0,0.0,0.062652,56851.0,0.118723,0.266988,0.158192,0.298045,-0.029335,0.72937,4.36282,-0.01,-0.6,-0.012,-0.25,-0.36,-1.2,0.500007,-0.083414,-0.000288,0.0,-0.059123,-0.021731,-0.015235,-0.030328,0.869071,-0.03158,-0.084096,-0.014461,-0.029091,1.834036,4.294039,-0.083343,-0.000618,-0.250357,6.125,0.015024,0.094323,0.122464
431,188.693222,1000.0,0.883994,0.8289,0.0,0.0,0.062683,67793.0,0.119998,0.268253,0.15545,0.294184,-0.02838,0.722331,4.388863,-0.01,-0.6,-0.012,-0.25,-0.36,-1.2,0.500007,-0.082482,-0.000378,0.0,-0.058214,-0.021556,-0.014714,-0.029555,0.870468,-0.0323,-0.086378,-0.013629,-0.032382,1.831564,4.286472,-0.081118,-0.000734,-0.514375,5.5,0.015881,0.102881,0.120748
432,190.407852,1000.0,0.884732,0.838006,0.0,0.0,0.062637,68556.0,0.122682,0.276146,0.164828,0.308238,-0.030214,0.746947,4.377904,-0.01,-0.6,-0.012,-0.25,-0.36,-1.2,0.500007,-0.08086,-0.000633,0.0,-0.061508,-0.022079,-0.015834,-0.031244,0.866144,-0.032665,-0.091547,-0.015506,-0.032097,1.821324,4.269204,-0.08552,-0.000633,-0.355287,5.458333,0.016484,0.105421,0.126949
433,191.92218,1000.0,0.88248,0.826401,0.0,0.0,0.062603,70698.0,0.120895,0.27135,0.165684,0.308537,-0.029849,0.752271,4.348581,-0.01,-0.6,-0.012,-0.25,-0.36,-1.2,0.500007,-0.081867,-0.000531,0.0,-0.06016,-0.021525,-0.01499,-0.030052,0.869692,-0.031843,-0.089022,-0.014193,-0.032394,1.832567,4.284476,-0.081554,-0.000634,-0.38418,5.695652,0.014946,0.106033,0.123652
434,189.451111,1000.0,0.882071,0.82786,0.0,0.0,0.062559,68533.0,0.122196,0.268957,0.165769,0.296941,-0.029019,0.731189,4.374822,-0.01,-0.6,-0.012,-0.25,-0.36,-1.2,0.500007,-0.076509,-0.000433,0.0,-0.058204,-0.021585,-0.014731,-0.02939,0.874298,-0.032258,-0.093681,-0.012829,-0.030767,1.838711,4.284054,-0.080545,-0.000663,-0.410271,4.5,0.014994,0.100781,0.131489
435,193.066483,1000.0,0.883413,0.826871,0.0,0.0,0.062313,68638.0,0.117566,0.2626,0.162318,0.301573,-0.028963,0.737668,4.380215,-0.01,-0.6,-0.012,-0.25,-0.36,-1.2,0.500007,-0.081028,-0.000239,0.0,-0.057803,-0.021269,-0.015143,-0.029782,0.867017,-0.031891,-0.089648,-0.014352,-0.029969,1.841437,4.29559,-0.079842,-0.000834,-0.297103,4.086957,0.015287,0.100359,0.114296
436,192.974884,1000.0,0.886086,0.814089,0.0,0.0,0.062188,58008.0,0.120958,0.270423,0.166202,0.295236,-0.028938,0.737235,4.332726,-0.01,-0.6,-0.012,-0.25,-0.36,-1.2,0.500007,-0.076431,-0.000532,0.0,-0.057689,-0.021433,-0.014244,-0.028855,0.875726,-0.031723,-0.089025,-0.012854,-0.031366,1.829966,4.290407,-0.079226,-0.000928,-0.259934,4.208333,0.014206,0.101092,0.141921
437,193.294083,1000.0,0.880529,0.829565,0.0,0.0,0.062063,67885.0,0.11886,0.266894,0.161133,0.306114,-0.029216,0.756987,4.355257,-0.01,-0.6,-0.012,-0.25,-0.36,-1.2,0.500007,-0.081741,-0.000205,0.0,-0.059144,-0.021425,-0.014885,-0.03005,0.877556,-0.031707,-0.08619,-0.014582,-0.031107,1.839866,4.290607,-0.081839,-0.000764,-0.307155,3.666667,0.012555,0.080391,0.121931
438,192.108093,1000.0,0.881293,0.83611,0.0,0.0,0.06196,70012.0,0.119342,0.264387,0.171698,0.303994,-0.028879,0.748269,4.335958,-0.01,-0.6,-0.012,-0.25,-0.36,-1.2,0.500007,-0.078133,-0.000429,0.0,-0.056936,-0.021278,-0.014686,-0.02931,0.871868,-0.031505,-0.088601,-0.014293,-0.030224,1.838253,4.302989,-0.080479,-0.000935,-0.360471,3.913043,0.016202,0.104881,0.115384
439,193.580063,1000.0,0.864119,0.823175,0.0,0.0,0.06185,68789.0,0.117956,0.265633,0.168879,0.29518,-0.027921,0.735486,4.348939,-0.01,-0.6,-0.012,-0.25,-0.36,-1.2,0.500007,-0.077135,-0.000413,0.0,-0.056473,-0.021228,-0.014256,-0.029408,0.868849,-0.031686,-0.091257,-0.012175,-0.02852,1.847847,4.29809,-0.077544,-0.000728,-0.261266,3.75,0.016369,0.089432,0.135637
440,193.444489,1000.0,0.872418,0.827193,0.0,0.0,0.061796,65988.0,0.118623,0.267418,0.164768,0.308107,-0.028712,0.747233,4.347592,-0.01,-0.6,-0.012,-0.25,-0.36,-1.2,0.500007,-0.080429,-0.000789,0.0,-0.057675,-0.02104,-0.014954,-0.029667,0.870467,-0.030994,-0.088889,-0.013594,-0.030783,1.833605,4.300552,-0.079736,-0.000841,-0.32851,3.5,0.013863,0.094635,0.119168
441,193.152283,1000.0,0.884065,0.832736,0.0,0.0,0.061699,60997.0,0.115741,0.263185,0.15772,0.288251,-0.027624,0.725002,4.355153,-0.01,-0.6,-0.012,-0.25,-0.36,-1.2,0.500007,-0.07904,-0.000459,0.0,-0.055734,-0.020979,-0.013901,-0.028488,0.872446,-0.030875,-0.082339,-0.013092,-0.030775,1.853101,4.311964,-0.076946,-0.000727,-0.295909,3.0,0.014155,0.109875,0.145608
442,194.15744,1000.0,0.873372,0.840643,0.0,0.0,0.061554,69804.0,0.120381,0.266302,0.167297,0.305441,-0.029575,0.740083,4.332917,-0.01,-0.6,-0.012,-0.25,-0.36,-1.2,0.500007,-0.078611,-0.000391,0.0,-0.057935,-0.021328,-0.015074,-0.029381,0.867278,-0.031461,-0.090843,-0.014113,-0.028625,1.829213,4.299989,-0.082143,-0.000684,-0.266821,3.409091,0.014907,0.086263,0.121713
443,192.877319,1000.0,0.856593,0.842766,0.0,0.0,0.061426,66130.0,0.125055,0.267314,0.168706,0.317594,-0.030033,0.73933,4.338181,-0.01,-0.6,-0.012,-0.25,-0.36,-1.2,0.500007,-0.077885,-0.000504,0.0,-0.063163,-0.021811,-0.016589,-0.032094,0.861536,-0.032404,-0.105343,-0.014339,-0.03026,1.823098,4.283274,-0.085528,-0.00064,-0.345621,2.565217,0.017968,0.10599,0.124299
444,193.414352,1000.0,0.890657,0.843437,0.0,0.0,0.061432,65714.0,0.113233,0.26144,0.161046,0.280135,-0.026631,0.719608,4.346028,-0.01,-0.6,-0.012,-0.25,-0.36,-1.2,0.500007,-0.079554,-0.000276,0.0,-0.053854,-0.020113,-0.013226,-0.026591,0.878365,-0.030709,-0.086961,-0.012203,-0.026,1.849012,4.316715,-0.073167,-0.001024,-0.415192,3.208333,0.015989,0.100804,0.102788
445,192.446045,1000.0,0.871038,0.834423,0.0,0.0,0.061433,71588.0,0.122825,0.269563,0.179174,0.327273,-0.032558,0.823537,4.346044,-0.01,-0.6,-0.012,-0.25,-0.36,-1.2,0.500007,-0.080544,-0.000373,0.0,-0.063776,-0.021836,-0.016649,-0.031113,0.888458,-0.033025,-0.097442,-0.015567,-0.03091,1.826191,4.275182,-0.086918,-0.00092,-0.428097,2.5,0.012683,0.084802,0.100707
446,192.597458,1000.0,0.886836,0.831738,0.0,0.0,0.061308,68495.0,0.113392,0.262552,0.14714,0.278399,-0.027101,0.70096,4.318907,-0.01,-0.6,-0.012,-0.25,-0.36,-1.2,0.500007,-0.081336,-0.000634,0.0,-0.055619,-0.020279,-0.013628,-0.028078,0.865644,-0.030577,-0.083721,-0.013414,-0.02921,1.845688,4.315609,-0.075392,-0.000616,-0.345151,3.363636,0.015337,0.089857,0.10859
447,193.085114,1000.0,0.890114,0.840282,0.0,0.0,0.061332,53074.0,0.123077,0.27246,0.167169,0.307363,-0.03032,0.72389,4.308575,-0.01,-0.6,-0.012,-0.25,-0.36,-1.2,0.500007,-0.078671,-0.000361,0.0,-0.058613,-0.021881,-0.015657,-0.030338,0.864878,-0.033559,-0.092397,-0.01299,-0.028292,1.826602,4.26985,-0.084644,-0.000415,-0.238453,3.090909,0.013942,0.088925,0.126125
448,191.527176,1000.0,0.896748,0.824961,0.0,0.0,0.061275,68171.0,0.11448,0.266034,0.15226,0.295975,-0.027685,0.707447,4.315701,-0.01,-0.6,-0.012,-0.25,-0.36,-1.2,0.500007,-0.08414,-0.000445,0.0,-0.055105,-0.020671,-0.014814,-0.0291,0.863049,-0.030741,-0.080054,-0.012895,-0.029251,1.844281,4.312981,-0.080323,-0.000704,-0.371841,2.913043,0.014978,0.104023,0.133762
449,191.395889,1000.0,0.855869,0.825934,0.0,0.0,0.061197,67279.0,0.124319,0.262053,0.180266,0.319613,-0.029404,0.779708,4.300419,-0.01,-0.6,-0.012,-0.25,-0.36,-1.2,0.500007,-0.079322,-0.000404,0.0,-0.058803,-0.020801,-0.014737,-0.029446,0.878359,-0.031062,-0.096012,-0.012739,-0.026581,1.821739,4.308717,-0.08066,-0.000826,-0.403233,2.208333,0.017323,0.105109,0.137654
450,192.154816,1000.0,0.901657,0.83627,0.0,0.0,0.061121,70573.0,0.110374,0.264408,0.148778,0.277783,-0.026704,0.67931,4.298096,-0.01,-0.6,-0.012,-0.25,-0.36,-1.2,0.500007,-0.080816,-0.000174,0.0,-0.050818,-0.020296,-0.013848,-0.027362,0.859526,-0.029474,-0.079366,-0.012901,-0.025589,1.855515,4.335161,-0.07569,-0.000463,-0.278372,2.73913,0.013713,0.095403,0.101947
451,192.182312,1000.0,0.886953,0.828639,0.0,0.0,0.0611,70747.0,0.117461,0.264851,0.169244,0.305036,-0.02943,0.728225,4.300204,-0.01,-0.6,-0.012,-0.25,-0.36,-1.2,0.500007,-0.076172,-0.000376,0.0,-0.05552,-0.021004,-0.014672,-0.029113,0.867998,-0.031869,-0.085279,-0.012308,-0.02902,1.842094,4.297151,-0.079852,-0.000476,-0.278665,3.227273,0.016911,0.087306,0.112438
452,190.713013,1000.0,0.85081,0.81874,0.0,0.0,0.061037,68850.0,0.123337,0.266996,0.161626,0.300331,-0.028914,0.741287,4.303804,-0.01,-0.6,-0.012,-0.25,-0.36,-1.2,0.500007,-0.080052,-0.000316,0.0,-0.059893,-0.020958,-0.01498,-0.030198,0.878269,-0.031649,-0.089694,-0.015524,-0.032744,1.821945,4.29459,-0.08025,-0.000666,-0.543148,2.695652,0.018041,0.102748,0.147971
453,192.083054,1000.0,0.879075,0.806813,0.0,0.0,0.060937,58790.0,0.114001,0.26156,0.157568,0.290209,-0.027457,0.712026,4.34314,-0.01,-0.6,-0.012,-0.25,-0.36,-1.2,0.500007,-0.077719,-0.000376,0.0,-0.05501,-0.02006,-0.013522,-0.027907,0.873074,-0.029084,-0.08512,-0.013051,-0.028731,1.836492,4.33558,-0.076151,-0.00085,-0.223634,2.26087,0.014728,0.100429,0.125612
454,192.913986,1000.0,0.876739,0.831211,0.0,0.0,0.060835,70535.0,0.117786,0.263717,0.175302,0.309782,-0.029142,0.784884,4.334276,-0.01,-0.6,-0.012,-0.25,-0.36,-1.2,0.500007,-0.081357,-0.000291,0.0,-0.056314,-0.020253,-0.013574,-0.027923,0.886805,-0.029732,-0.079026,-0.01384,-0.030162,1.833892,4.323815,-0.077053,-0.000877,-0.468588,2.956522,0.014585,0.090444,0.105102
455,192.541473,1000.0,0.856577,0.79626,0.0,0.0,0.060822,75752.0,0.119724,0.263857,0.172673,0.299922,-0.027868,0.741488,4.386701,-0.01,-0.6,-0.012,-0.25,-0.36,-1.2,0.500007,-0.078738,-0.000161,0.0,-0.056218,-0.020729,-0.014127,-0.029006,0.874758,-0.031045,-0.090011,-0.011408,-0.026509,1.840679,4.311177,-0.078741,-0.00081,-0.380416,2.684211,0.016271,0.107947,0.118491
456,192.577316,1000.0,0.860044,0.835708,0.0,0.0,0.060791,67903.0,0.114719,0.262041,0.158343,0.287083,-0.026614,0.696311,4.370247,-0.01,-0.6,-0.012,-0.25,-0.36,-1.2,0.500007,-0.077778,-0.000284,0.0,-0.051854,-0.020329,-0.014229,-0.027746,0.8628,-0.030059,-0.082755,-0.012386,-0.026349,1.848436,4.327731,-0.076761,-0.000577,-0.260821,2.272727,0.017721,0.122566,0.13956
457,192.011261,1000.0,0.880572,0.832331,0.0,0.0,0.060775,65613.0,0.117669,0.261916,0.156263,0.293525,-0.027958,0.693998,4.372744,-0.01,-0.6,-0.012,-0.25,-0.36,-1.2,0.500007,-0.080143,-0.000313,0.0,-0.054557,-0.020293,-0.014245,-0.028296,0.863914,-0.030059,-0.085249,-0.012897,-0.027513,1.824906,4.327559,-0.078259,-0.00059,-0.26332,2.666667,0.012892,0.097017,0.118072
458,193.576523,998.880005,0.883764,0.822384,0.045455,0.0,0.060617,59116.0,0.116828,0.266139,0.163626,0.30388,-0.027984,0.737508,4.388194,-0.01,-0.6,-0.012,-0.25,-0.36,-1.2,0.498723,-0.079082,-0.000736,-0.000909,-0.056154,-0.020374,-0.014485,-0.028377,0.866629,-0.030553,-0.083829,-0.012327,-0.029306,1.835994,4.306562,-0.078231,-0.001086,-0.337759,18.454546,0.016932,0.0884,0.142145
459,194.792618,1000.0,0.879634,0.840519,0.0,0.0,0.060608,67042.0,0.118097,0.260676,0.162059,0.29952,-0.028887,0.722334,4.343336,-0.01,-0.6,-0.012,-0.25,-0.36,-1.2,0.500007,-0.080027,-0.000551,0.0,-0.056861,-0.020466,-0.014499,-0.029046,0.872922,-0.030125,-0.084381,-0.013592,-0.028964,1.836242,4.323687,-0.079466,-0.000693,-0.362502,6.333333,0.014334,0.097361,0.121442
460,194.350296,1000.0,0.879641,0.848255,0.0,0.0,0.060475,66211.0,0.120073,0.265311,0.169094,0.303668,-0.028903,0.739259,4.395687,-0.01,-0.6,-0.012,-0.25,-0.36,-1.2,0.500007,-0.077964,-0.000404,0.0,-0.058538,-0.020617,-0.014741,-0.02921,0.881933,-0.030814,-0.090033,-0.013314,-0.029798,1.831885,4.308417,-0.079603,-0.000577,-0.300893,9.25,0.013751,0.091115,0.120039
461,192.645676,1000.0,0.875397,0.835052,0.0,0.0,0.060492,65536.0,0.115795,0.261821,0.162564,0.294868,-0.028207,0.738211,4.390787,-0.01,-0.6,-0.012,-0.25,-0.36,-1.2,0.500007,-0.079291,-0.000374,0.0,-0.056349,-0.02047,-0.014509,-0.028725,0.873412,-0.030336,-0.087281,-0.012422,-0.030289,1.848959,4.320004,-0.078398,-0.000727,-0.308775,8.25,0.014044,0.09576,0.119589
462,192.494843,1000.0,0.887632,0.844951,0.0,0.0,0.060522,65864.0,0.120005,0.2662,0.170488,0.314713,-0.030077,0.768139,4.397421,-0.01,-0.6,-0.012,-0.25,-0.36,-1.2,0.500007,-0.078781,-0.0005,0.0,-0.05912,-0.020899,-0.015369,-0.029849,0.881029,-0.031226,-0.090609,-0.013842,-0.030832,1.832555,4.304583,-0.082208,-0.000722,-0.389303,8.666667,0.01433,0.097509,0.124026
463,194.927139,1000.0,0.887294,0.847676,0.041667,0.0,0.060401,68035.0,0.114924,0.26224,0.159605,0.297331,-0.028305,0.733863,4.375909,-0.01,-0.6,-0.012,-0.25,-0.36,-1.2,0.499687,-0.082018,-0.000431,-0.000139,-0.055493,-0.020397,-0.014531,-0.028874,0.867964,-0.029681,-0.079685,-0.012835,-0.028354,1.845415,4.324861,-0.079161,-0.000809,-0.381848,7.541667,0.014696,0.083207,0.12179
464,192.300049,1000.0,0.8716,0.835482,0.0,0.0,0.060369,56472.0,0.118457,0.26489,0.168138,0.307368,-0.029011,0.747024,4.359263,-0.01,-0.6,-0.012,-0.25,-0.36,-1.2,0.500007,-0.07777,-0.000683,0.0,-0.056992,-0.020727,-0.014875,-0.029443,0.877289,-0.030946,-0.089182,-0.013327,-0.030045,1.837793,4.308381,-0.080098,-0.000692,-0.298881,7.75,0.014114,0.102154,0.130177
465,194.180771,1000.0,0.89483,0.83882,0.0,0.0,0.060372,67269.0,0.117821,0.261613,0.165841,0.302729,-0.029143,0.757107,4.360076,-0.01,-0.6,-0.012,-0.25,-0.36,-1.2,0.500007,-0.07771,-0.000516,0.0,-0.057676,-0.020249,-0.014289,-0.028495,0.88186,-0.030132,-0.088862,-0.0133,-0.030516,1.839592,4.326131,-0.077801,-0.000626,-0.278032,7.875,0.014536,0.09806,0.130851
466,195.249954,1000.0,0.889529,0.838729,0.0,0.0,0.060286,65022.0,0.114963,0.258676,0.160042,0.29187,-0.028376,0.726733,4.357343,-0.01,-0.6,-0.012,-0.25,-0.36,-1.2,0.500007,-0.078997,-0.000322,0.0,-0.055168,-0.019938,-0.014178,-0.028252,0.875358,-0.029922,-0.083207,-0.013529,-0.02903,1.843643,4.327426,-0.075849,-0.000657,-0.263857,7.875,0.013701,0.093375,0.123462
467,194.438751,1000.0,0.891946,0.84025,0.0,0.0,0.060187,66706.0,0.116601,0.257985,0.15937,0.288201,-0.027203,0.726902,4.34514,-0.01,-0.6,-0.012,-0.25,-0.36,-1.2,0.500007,-0.079717,-0.000427,0.0,-0.053903,-0.019671,-0.013545,-0.027489,0.876902,-0.029712,-0.083326,-0.012223,-0.029123,1.844346,4.331832,-0.07371,-0.000569,-0.309587,7.75,0.015369,0.102839,0.122534
468,194.748154,1000.0,0.88275,0.846229,0.0,0.0,0.060057,68174.0,0.114547,0.256797,0.165077,0.289544,-0.027622,0.739344,4.308465,-0.01,-0.6,-0.012,-0.25,-0.36,-1.2,0.500007,-0.076622,-0.000313,0.0,-0.053984,-0.019817,-0.013445,-0.027396,0.881602,-0.028941,-0.082803,-0.011655,-0.028018,1.851072,4.34522,-0.074576,-0.000602,-0.330479,8.0,0.015265,0.084875,0.124157
469,193.701233,1000.0,0.88268,0.848245,0.0,0.0,0.059948,57766.0,0.11601,0.261724,0.160663,0.297209,-0.028642,0.715959,4.326017,-0.01,-0.6,-0.012,-0.25,-0.36,-1.2,0.500007,-0.079242,-0.000473,0.0,-0.056158,-0.02047,-0.014902,-0.029094,0.86906,-0.030517,-0.08336,-0.013268,-0.028502,1.840192,4.319123,-0.080937,-0.000614,-0.353903,6.958333,0.014356,0.086735,0.111567
470,195.352219,1000.0,0.88265,0.825664,0.0,0.0,0.059816,64787.0,0.115444,0.257108,0.161689,0.279592,-0.02609,0.694329,4.357509,-0.01,-0.6,-0.012,-0.25,-0.36,-1.2,0.500007,-0.074599,-0.000198,0.0,-0.051474,-0.019835,-0.013214,-0.027,0.866073,-0.029378,-0.084297,-0.01084,-0.027272,1.848022,4.343237,-0.073126,-0.000483,-0.31582,6.625,0.015522,0.095557,0.111688
471,193.213974,1000.0,0.8898,0.833614,0.041667,0.0,0.059795,68677.0,0.111479,0.253672,0.157779,0.280069,-0.026196,0.724943,4.339375,-0.01,-0.6,-0.012,-0.25,-0.36,-1.2,0.499658,-0.079923,-0.000331,-0.000417,-0.051994,-0.019297,-0.012679,-0.026645,0.876426,-0.028717,-0.075455,-0.011241,-0.027611,1.857987,4.352718,-0.072056,-0.000589,-0.346057,6.0,0.016849,0.099018,0.128865
472,193.937057,1000.0,0.883062,0.825695,0.0,0.0,0.059573,66920.0,0.116808,0.255453,0.169071,0.298533,-0.028225,0.751747,4.318851,-0.01,-0.6,-0.012,-0.25,-0.36,-1.2,0.500007,-0.077043,-0.000572,0.0,-0.055806,-0.019803,-0.013763,-0.027681,0.877123,-0.029409,-0.084894,-0.012344,-0.028178,1.837709,4.339146,-0.076452,-0.000761,-0.34552,5.916667,0.01492,0.093614,0.129909
473,194.571335,1000.0,0.882224,0.832269,0.0,0.0,0.059533,68012.0,0.1169,0.266144,0.159025,0.288786,-0.027941,0.704955,4.333899,-0.01,-0.6,-0.012,-0.25,-0.36,-1.2,0.500007,-0.080748,-0.0004,0.0,-0.0543,-0.019922,-0.014185,-0.027843,0.873106,-0.030574,-0.084538,-0.012385,-0.02752,1.839117,4.311812,-0.076286,-0.000681,-0.297679,5.791667,0.015052,0.096645,0.127175
474,195.207336,1000.0,0.870969,0.844591,0.0,0.0,0.059546,67184.0,0.115862,0.256958,0.162696,0.289017,-0.027641,0.728551,4.326735,-0.01,-0.6,-0.012,-0.25,-0.36,-1.2,0.500007,-0.076719,-0.000388,0.0,-0.054468,-0.019488,-0.013439,-0.027399,0.88059,-0.029345,-0.08484,-0.012401,-0.029669,1.842101,4.33912,-0.073372,-0.000749,-0.257171,5.458333,0.016274,0.090115,0.137422
475,193.89801,1000.0,0.885742,0.833311,0.0,0.0,0.059534,57472.0,0.11791,0.257159,0.165508,0.299175,-0.028256,0.739025,4.277055,-0.01,-0.6,-0.012,-0.25,-0.36,-1.2,0.500007,-0.079269,-0.000269,0.0,-0.056098,-0.020036,-0.014043,-0.028426,0.877638,-0.029746,-0.086933,-0.012398,-0.029861,1.834795,4.336473,-0.077744,-0.000622,-0.279459,5.26087,0.016545,0.09688,0.116495
476,191.302048,1000.0,0.885153,0.834447,0.0,0.0,0.05956,68148.0,0.118538,0.262718,0.1622,0.302622,-0.028672,0.737042,4.330511,-0.01,-0.6,-0.012,-0.25,-0.36,-1.2,0.500007,-0.079322,-0.000495,0.0,-0.056962,-0.020223,-0.014894,-0.028924,0.86869,-0.030577,-0.083863,-0.012148,-0.029981,1.833627,4.314826,-0.078446,-0.000556,-0.413078,3.958333,0.013175,0.10189,0.13267
477,191.939178,1000.0,0.877588,0.833643,0.0,0.0,0.059381,67779.0,0.11644,0.257051,0.160081,0.286584,-0.027795,0.722808,4.302627,-0.01,-0.6,-0.012,-0.25,-0.36,-1.2,0.500007,-0.075393,-0.000391,0.0,-0.055363,-0.019498,-0.013415,-0.027855,0.873961,-0.02951,-0.082747,-0.012929,-0.029991,1.839715,4.336818,-0.074066,-0.000749,-0.339349,4.478261,0.014234,0.08406,0.114101
478,193.102982,1000.0,0.885053,0.82326,0.0,0.0,0.059278,67938.0,0.114557,0.256681,0.155357,0.287412,-0.027697,0.71068,4.323629,-0.01,-0.6,-0.012,-0.25,-0.36,-1.2,0.500007,-0.077614,-0.00033,0.0,-0.053197,-0.019563,-0.013587,-0.027132,0.864926,-0.029501,-0.083405,-0.012573,-0.0283,1.849594,4.337588,-0.074008,-0.000647,-0.322141,4.0,0.018241,0.101935,0.129172
479,194.351822,1000.0,0.858917,0.838995,0.0,0.0,0.059318,66665.0,0.117559,0.260308,0.165906,0.296971,-0.027447,0.744391,4.316583,-0.01,-0.6,-0.012,-0.25,-0.36,-1.2,0.500007,-0.078537,-0.000352,0.0,-0.052896,-0.019694,-0.013632,-0.027546,0.873515,-0.029656,-0.080681,-0.012901,-0.028527,1.849602,4.334107,-0.074407,-0.000779,-0.2549,3.583333,0.01552,0.085823,0.132836
480,192.893814,1000.0,0.892219,0.84655,0.0,0.0,0.05916,57870.0,0.115374,0.251674,0.164264,0.289381,-0.027935,0.734626,4.32589,-0.01,-0.6,-0.012,-0.25,-0.36,-1.2,0.500007,-0.075886,-0.000412,0.0,-0.054323,-0.019369,-0.013294,-0.026948,0.876861,-0.029149,-0.084716,-0.012068,-0.027308,1.848974,4.34883,-0.073527,-0.00069,-0.436639,4.086957,0.01515,0.098982,0.123469
481,192.358582,1000.0,0.875539,0.823993,0.0,0.0,0.059088,68592.0,0.112097,0.253656,0.161219,0.289332,-0.026618,0.718188,4.313756,-0.01,-0.6,-0.012,-0.25,-0.36,-1.2,0.500007,-0.079052,-0.00034,0.0,-0.051388,-0.01961,-0.01365,-0.027248,0.867723,-0.028488,-0.076867,-0.010034,-0.02708,1.847908,4.35699,-0.074865,-0.000588,-0.31678,3.333333,0.017012,0.09123,0.116835
482,193.526489,1000.0,0.877782,0.824603,0.0,0.0,0.058964,69068.0,0.113728,0.259233,0.154685,0.283252,-0.02721,0.692504,4.33999,-0.01,-0.6,-0.012,-0.25,-0.36,-1.2,0.500007,-0.078778,-0.000359,0.0,-0.051688,-0.019138,-0.013036,-0.026768,0.862741,-0.028847,-0.077456,-0.012242,-0.025956,1.842282,4.343594,-0.073308,-0.000616,-0.281933,3.652174,0.015798,0.096003,0.124477
483,193.92926,1000.0,0.873204,0.835224,0.0,0.0,0.058997,72128.0,0.113854,0.252865,0.165892,0.292079,-0.026907,0.716601,4.355829,-0.01,-0.6,-0.012,-0.25,-0.36,-1.2,0.500007,-0.076893,-0.000375,0.0,-0.052431,-0.019343,-0.013506,-0.027376,0.868966,-0.028009,-0.08261,-0.010505,-0.02629,1.842606,4.362835,-0.074633,-0.000631,-0.273887,2.904762,0.016313,0.104361,0.115264
484,194.590393,1000.0,0.880735,0.812245,0.0,0.0,0.058887,68831.0,0.113968,0.25297,0.162447,0.291775,-0.027553,0.726015,4.339516,-0.01,-0.6,-0.012,-0.25,-0.36,-1.2,0.500007,-0.078103,-0.000766,0.0,-0.054423,-0.019296,-0.013782,-0.027667,0.871174,-0.029308,-0.079835,-0.012588,-0.026442,1.84388,4.340068,-0.074819,-0.000818,-0.334019,3.217391,0.014699,0.096957,0.12262
485,192.513199,1000.0,0.877182,0.805253,0.0,0.0,0.058817,68490.0,0.11616,0.256437,0.164392,0.291094,-0.027362,0.711488,4.324328,-0.01,-0.6,-0.012,-0.25,-0.36,-1.2,0.500007,-0.075976,-0.000192,0.0,-0.054198,-0.019975,-0.014263,-0.028215,0.867764,-0.029171,-0.08912,-0.011618,-0.026593,1.842668,4.339834,-0.077034,-0.000584,-0.330924,2.608696,0.014661,0.097027,0.133417
486,191.898605,1000.0,0.885511,0.824293,0.0,0.0,0.058802,57799.0,0.119025,0.252828,0.173298,0.309946,-0.028559,0.741041,4.349292,-0.01,-0.6,-0.012,-0.25,-0.36,-1.2,0.500007,-0.076191,-0.000443,0.0,-0.058673,-0.020421,-0.01553,-0.029314,0.871177,-0.030102,-0.096267,-0.012327,-0.028317,1.830899,4.333441,-0.081074,-0.000856,-0.424289,3.173913,0.015157,0.075022,0.104975
487,192.690643,1000.0,0.865502,0.815194,0.0,0.0,0.058698,68231.0,0.111801,0.245202,0.157261,0.287928,-0.026776,0.697612,4.375407,-0.01,-0.6,-0.012,-0.25,-0.36,-1.2,0.500007,-0.076816,-0.000274,0.0,-0.053314,-0.018917,-0.013119,-0.026578,0.858308,-0.027897,-0.076979,-0.010436,-0.029369,1.853285,4.370628,-0.072958,-0.000653,-0.313415,2.565217,0.015526,0.111731,0.14333
488,193.027069,1000.0,0.880176,0.848748,0.0,0.0,0.058607,70444.0,0.11432,0.257298,0.161598,0.291952,-0.027391,0.744004,4.358734,-0.01,-0.6,-0.012,-0.25,-0.36,-1.2,0.500007,-0.079635,-0.000993,0.0,-0.05336,-0.019122,-0.013459,-0.027156,0.874019,-0.02826,-0.082441,-0.012211,-0.027295,1.838876,4.355026,-0.073189,-0.000592,-0.437351,3.5,0.015198,0.084918,0.128888
489,194.123337,1000.0,0.865077,0.841904,0.0,0.0,0.058549,72642.0,0.108581,0.249801,0.159092,0.264998,-0.024487,0.71399,4.350606,-0.01,-0.6,-0.012,-0.25,-0.36,-1.2,0.500007,-0.077067,-0.000532,0.0,-0.048215,-0.018086,-0.011556,-0.024137,0.875769,-0.026449,-0.077154,-0.010373,-0.025191,1.863814,4.389419,-0.065808,-0.000628,-0.36746,3.0,0.017047,0.098907,0.115156
490,192.800903,1000.0,0.888832,0.826065,0.0,0.0,0.058498,70047.0,0.113235,0.249259,0.16317,0.296668,-0.027334,0.728497,4.379825,-0.01,-0.6,-0.012,-0.25,-0.36,-1.2,0.500007,-0.077439,-0.000603,0.0,-0.053453,-0.019321,-0.013879,-0.027106,0.868713,-0.028873,-0.085015,-0.011461,-0.027142,1.847675,4.358775,-0.074918,-0.000745,-0.389353,2.565217,0.014152,0.11219,0.134867
491,193.186493,1000.0,0.864932,0.833933,0.0,0.0,0.058535,69109.0,0.11725,0.263757,0.170035,0.324901,-0.030214,0.77457,4.373374,-0.01,-0.6,-0.012,-0.25,-0.36,-1.2,0.500007,-0.081445,-0.000415,0.0,-0.058926,-0.020874,-0.016456,-0.030536,0.867571,-0.030705,-0.086706,-0.014577,-0.028881,1.829336,4.314572,-0.08706,-0.000613,-0.343609,2.333333,0.012577,0.085216,0.111218
492,194.101944,1000.0,0.879431,0.832321,0.0,0.0,0.058537,57993.0,0.113654,0.250984,0.160849,0.294091,-0.0273,0.733897,4.352378,-0.01,-0.6,-0.012,-0.25,-0.36,-1.2,0.500007,-0.079755,-0.000358,0.0,-0.053125,-0.019247,-0.013444,-0.027615,0.871029,-0.028979,-0.075377,-0.012585,-0.028106,1.849533,4.348602,-0.074457,-0.000761,-0.302622,3.318182,0.018144,0.095794,0.134621
493,193.937408,1000.0,0.859782,0.808081,0.0,0.0,0.058433,72521.0,0.121212,0.256473,0.183419,0.336697,-0.032165,0.792056,4.338296,-0.01,-0.6,-0.012,-0.25,-0.36,-1.2,0.500007,-0.078013,-0.000493,0.0,-0.060777,-0.021105,-0.016708,-0.030774,0.87712,-0.030263,-0.0944,-0.013373,-0.032531,1.834978,4.328306,-0.08726,-0.001072,-0.428297,2.652174,0.015147,0.08777,0.125278
494,193.606003,1000.0,0.857355,0.814731,0.0,0.0,0.058361,71813.0,0.116353,0.254138,0.172063,0.315251,-0.029347,0.770474,4.366564,-0.01,-0.6,-0.012,-0.25,-0.36,-1.2,0.500007,-0.076113,-0.000519,0.0,-0.058455,-0.019915,-0.015156,-0.029573,0.868395,-0.029969,-0.088222,-0.012993,-0.030229,1.833699,4.337473,-0.081118,-0.000806,-0.351482,2.521739,0.016383,0.087347,0.122562
495,193.907303,1000.0,0.883263,0.830501,0.0,0.0,0.058377,73293.0,0.109637,0.243199,0.163609,0.278664,-0.024687,0.730049,4.350038,-0.01,-0.6,-0.012,-0.25,-0.36,-1.2,0.500007,-0.079293,-0.000322,0.0,-0.049041,-0.017991,-0.011963,-0.025261,0.87421,-0.026475,-0.073038,-0.009988,-0.02455,1.857829,4.393575,-0.067164,-0.000757,-0.332426,2.73913,0.013808,0.090766,0.116051
496,193.016098,1000.0,0.875076,0.825156,0.0,0.0,0.058288,73573.0,0.121433,0.261969,0.162525,0.30261,-0.028986,0.746109,4.370701,-0.01,-0.6,-0.012,-0.25,-0.36,-1.2,0.500007,-0.076483,-0.000321,0.0,-0.057887,-0.019995,-0.014583,-0.029175,0.875945,-0.031024,-0.091613,-0.012053,-0.030765,1.833574,4.311933,-0.077902,-0.000697,-0.352281,2.666667,0.015357,0.094238,0.120038
497,190.492493,1000.0,0.861542,0.818018,0.0,0.0,0.058279,77630.0,0.119804,0.265541,0.178543,0.315032,-0.029432,0.760051,4.361455,-0.01,-0.6,-0.012,-0.25,-0.36,-1.2,0.500007,-0.077588,-0.000367,0.0,-0.056733,-0.020258,-0.015105,-0.029824,0.873833,-0.030277,-0.090371,-0.011798,-0.026558,1.830491,4.319346,-0.082173,-0.000573,-0.4283,2.7,0.016322,0.108859,0.149133
498,192.862991,1000.0,0.879876,0.831037,0.0,0.0,0.058288,59543.0,0.12144,0.262083,0.184334,0.336263,-0.030893,0.830193,4.371717,-0.01,-0.6,-0.012,-0.25,-0.36,-1.2,0.500007,-0.077585,-0.000255,0.0,-0.062145,-0.020377,-0.015689,-0.030327,0.889986,-0.031761,-0.097704,-0.013396,-0.030072,1.832511,4.307323,-0.083824,-0.000872,-0.390495,2.391304,0.014554,0.080452,0.134726
499,193.074417,1000.0,0.870001,0.838799,0.0,0.0,0.05818,72511.0,0.120597,0.258388,0.174201,0.330081,-0.030605,0.775034,4.385124,-0.010435,-0.608696,-0.012348,-0.25,-0.370435,-1.234783,0.500007,-0.077921,-0.00069,0.0,-0.060817,-0.020315,-0.016084,-0.029232,0.872816,-0.030514,-0.09409,-0.012556,-0.031963,1.842152,4.316562,-0.082798,-0.000728,-0.41762,2.565217,0.01579,0.094671,0.146028
500,196.220291,1000.0,0.886851,0.83901,0.0,0.0,0.058225,67796.0,0.117219,0.255233,0.171855,0.306485,-0.028952,0.72943,4.373474,-0.02,-0.8,-0.02,-0.25,-0.6,-2.0,0.500007,-0.076152,-0.000397,0.0,-0.054119,-0.019687,-0.014656,-0.027916,0.867296,-0.028777,-0.087145,-0.011395,-0.026506,1.841407,4.353361,-0.079334,-0.000722,-0.262827,18.086956,0.013158,0.075732,0.10787
501,194.808548,1000.0,0.884611,0.839633,0.0,0.0,0.058108,65068.0,0.116965,0.25254,0.173444,0.315984,-0.029821,0.767213,4.341516,-0.02,-0.8,-0.02,-0.25,-0.6,-2.0,0.500007,-0.082619,-0.00087,0.0,-0.056379,-0.019682,-0.015034,-0.028837,0.878149,-0.029652,-0.085386,-0.012435,-0.028599,1.833297,4.348066,-0.079892,-0.000928,-0.342122,8.041667,0.014714,0.100121,0.118448
502,195.133606,1000.0,0.887569,0.843489,0.0,0.0,0.057978,60531.0,0.115234,0.247965,0.170671,0.299263,-0.027729,0.749799,4.382997,-0.02,-0.8,-0.02,-0.25,-0.6,-2.0,0.500007,-0.080334,-0.000515,0.0,-0.054532,-0.0189,-0.013517,-0.027802,0.877635,-0.029337,-0.088558,-0.011829,-0.026967,1.846342,4.364519,-0.074538,-0.000627,-0.330362,8.833334,0.015743,0.093027,0.119948
503,195.699646,1000.0,0.886693,0.841495,0.0,0.0,0.057923,51644.0,0.115668,0.253347,0.16738,0.309982,-0.029115,0.760735,4.367604,-0.02,-0.8,-0.02,-0.25,-0.6,-2.0,0.500007,-0.087217,-0.000878,0.0,-0.055907,-0.019258,-0.014563,-0.028874,0.877066,-0.03011,-0.083675,-0.013113,-0.028754,1.838805,4.353102,-0.077849,-0.000754,-0.347602,8.75,0.014669,0.094732,0.132796
504,193.616394,1000.0,0.88191,0.834252,0.0,0.0,0.057851,59733.0,0.11348,0.252144,0.163743,0.297663,-0.027161,0.743193,4.381116,-0.02,-0.8,-0.02,-0.25,-0.6,-2.0,0.500007,-0.08713,-0.000319,0.0,-0.053684,-0.019055,-0.013422,-0.027866,0.875939,-0.030568,-0.086774,-0.011152,-0.028234,1.848666,4.358147,-0.074349,-0.000877,-0.357101,8.333334,0.015495,0.086423,0.119922
505,193.687378,1000.0,0.881366,0.842695,0.0,0.0,0.057752,63340.0,0.117233,0.2513,0.173712,0.315566,-0.029507,0.769436,4.364777,-0.02,-0.8,-0.02,-0.25,-0.6,-2.0,0.500007,-0.086819,-0.000834,0.0,-0.05725,-0.019403,-0.014565,-0.029485,0.883261,-0.030964,-0.093758,-0.012566,-0.029219,1.833668,4.35553,-0.078682,-0.000637,-0.326697,7.416667,0.015834,0.094305,0.122493
506,196.509766,1000.0,0.880074,0.837703,0.0,0.0,0.057658,63071.0,0.110279,0.250812,0.158778,0.294621,-0.027145,0.734463,4.348939,-0.02,-0.8,-0.02,-0.25,-0.6,-2.0,0.500007,-0.091563,-0.000392,0.0,-0.051579,-0.018758,-0.013348,-0.028042,0.868923,-0.029931,-0.081407,-0.011341,-0.02852,1.855419,4.373291,-0.072829,-0.00081,-0.252573,8.041667,0.015769,0.095907,0.126023
507,194.722824,1000.0,0.886729,0.84182,0.0,0.0,0.057718,63081.0,0.115854,0.254495,0.172091,0.313018,-0.02915,0.77897,4.36347,-0.02,-0.8,-0.02,-0.25,-0.6,-2.0,0.500007,-0.093001,-0.000383,0.0,-0.056034,-0.019045,-0.013982,-0.029174,0.884833,-0.032353,-0.092341,-0.011888,-0.029333,1.840677,4.351063,-0.075763,-0.000987,-0.329225,8.416667,0.013624,0.083228,0.120681
508,194.904266,1000.0,0.881691,0.84386,0.0,0.0,0.057537,54732.0,0.113011,0.245868,0.171039,0.30395,-0.028137,0.755132,4.355024,-0.02,-0.8,-0.02,-0.25,-0.6,-2.0,0.500007,-0.091671,-0.00037,0.0,-0.052578,-0.019037,-0.013847,-0.028792,0.881251,-0.031296,-0.090078,-0.010673,-0.027603,1.849591,4.374993,-0.075117,-0.000867,-0.344308,7.25,0.015664,0.087267,0.121191
509,192.188293,1000.0,0.87895,0.84012,0.0,0.0,0.05741,64038.0,0.113829,0.252717,0.161528,0.300288,-0.027482,0.742602,4.34516,-0.02,-0.8,-0.02,-0.25,-0.6,-2.0,0.500007,-0.097338,-0.000526,0.0,-0.05304,-0.018722,-0.013761,-0.029133,0.87208,-0.032638,-0.091356,-0.01173,-0.027566,1.844499,4.358352,-0.074423,-0.000766,-0.35938,7.708333,0.014588,0.09222,0.127194
510,194.465408,1000.0,0.888387,0.838026,0.0,0.0,0.057298,56231.0,0.111683,0.248056,0.16264,0.290892,-0.026988,0.723165,4.349872,-0.02,-0.8,-0.02,-0.25,-0.6,-2.0,0.500007,-0.09621,-0.000409,0.0,-0.051432,-0.018702,-0.013448,-0.028788,0.873059,-0.031761,-0.093141,-0.010896,-0.026563,1.855171,4.380944,-0.072784,-0.000729,-0.298932,7.875,0.014255,0.093271,0.111591
511,193.809448,1000.0,0.874102,0.831105,0.0,0.0,0.057172,68979.0,0.114958,0.252397,0.165773,0.298322,-0.027486,0.733225,4.342411,-0.02,-0.8,-0.02,-0.25,-0.6,-2.0,0.500007,-0.099182,-0.00047,0.0,-0.053262,-0.018841,-0.014064,-0.029879,0.876042,-0.033205,-0.095587,-0.011461,-0.027828,1.841023,4.360672,-0.074478,-0.000981,-0.257174,6.583333,0.014542,0.089861,0.119776
512,194.375244,1000.0,0.884659,0.836707,0.0,0.0,0.056914,69130.0,0.115981,0.249243,0.169048,0.305298,-0.028435,0.746417,4.357803,-0.02,-0.8,-0.02,-0.25,-0.6,-2.0,0.500007,-0.098735,-0.000504,0.0,-0.053917,-0.019131,-0.014335,-0.030632,0.877064,-0.034558,-0.100128,-0.011734,-0.027789,1.832308,4.358677,-0.076191,-0.000701,-0.269532,6.458333,0.014368,0.107826,0.113659
513,193.315063,1000.0,0.887116,0.830885,0.0,0.0,0.056866,66497.0,0.11545,0.248433,0.167095,0.298643,-0.028191,0.731483,4.329398,-0.02,-0.8,-0.02,-0.25,-0.6,-2.0,0.500007,-0.100583,-0.001187,0.0,-0.054654,-0.018984,-0.014104,-0.030607,0.871555,-0.033725,-0.102475,-0.011278,-0.028466,1.843492,4.370305,-0.075534,-0.00101,-0.366652,6.458333,0.012643,0.093223,0.11447
514,192.571884,1000.0,0.886155,0.844952,0.0,0.0,0.056803,53869.0,0.118187,0.247993,0.171505,0.304993,-0.02807,0.742868,4.349861,-0.02,-0.8,-0.02,-0.25,-0.6,-2.0,0.500007,-0.101836,-0.000648,0.0,-0.054214,-0.019004,-0.013904,-0.03054,0.872258,-0.034511,-0.105023,-0.01126,-0.026451,1.827901,4.365387,-0.076272,-0.001342,-0.339131,5.166667,0.013222,0.09559,0.119013
515,193.417648,1000.0,0.886279,0.850931,0.0,0.0,0.056715,68831.0,0.114108,0.253067,0.168325,0.294251,-0.027528,0.733706,4.339674,-0.02,-0.8,-0.02,-0.25,-0.6,-2.0,0.500007,-0.104842,-0.000582,0.0,-0.053041,-0.018721,-0.013841,-0.030685,0.876307,-0.034712,-0.099979,-0.011756,-0.027343,1.842658,4.362854,-0.073591,-0.000714,-0.354355,6.0,0.015361,0.091546,0.115554
516,193.839554,1000.0,0.871017,0.82715,0.0,0.0,0.056667,67581.0,0.116197,0.248394,0.166494,0.305795,-0.02798,0.725489,4.297954,-0.02,-0.8,-0.02,-0.25,-0.6,-2.0,0.500007,-0.106936,-0.000406,0.0,-0.054353,-0.018978,-0.014656,-0.031605,0.865056,-0.034805,-0.109493,-0.010856,-0.027088,1.841502,4.373177,-0.077509,-0.000849,-0.312811,5.625,0.016914,0.089152,0.130178
517,193.468643,1000.0,0.871954,0.835762,0.0,0.0,0.056564,70256.0,0.116804,0.254222,0.164431,0.298104,-0.027641,0.738435,4.282575,-0.02,-0.8,-0.02,-0.25,-0.6,-2.0,0.500007,-0.110255,-0.000206,0.0,-0.053783,-0.019195,-0.014615,-0.032432,0.868943,-0.037883,-0.105098,-0.011498,-0.026348,1.835312,4.339236,-0.07673,-0.001048,-0.277372,4.608696,0.01684,0.094982,0.123419
518,193.763046,1000.0,0.868326,0.841372,0.0,0.0,0.056488,68839.0,0.115285,0.246295,0.169383,0.305275,-0.028652,0.737683,4.320333,-0.02,-0.8,-0.02,-0.25,-0.6,-2.0,0.500007,-0.111629,-0.000325,0.0,-0.053642,-0.018876,-0.014531,-0.032567,0.871681,-0.035745,-0.107262,-0.01192,-0.026928,1.841462,4.375053,-0.076672,-0.001044,-0.33376,4.291667,0.014489,0.080628,0.126301
519,191.759583,1000.0,0.86542,0.829023,0.0,0.0,0.056322,58672.0,0.117276,0.250361,0.170454,0.308438,-0.028131,0.740253,4.312684,-0.02,-0.8,-0.02,-0.25,-0.6,-2.0,0.500007,-0.109693,-0.001276,0.0,-0.054979,-0.019056,-0.014518,-0.032266,0.865508,-0.036477,-0.108171,-0.01134,-0.028249,1.83186,4.362195,-0.076824,-0.001014,-0.342889,4.173913,0.017046,0.091885,0.109611
520,192.682709,1000.0,0.877397,0.813681,0.0,0.0,0.056258,66380.0,0.116621,0.252018,0.168685,0.312175,-0.028462,0.762414,4.295803,-0.02,-0.8,-0.02,-0.25,-0.6,-2.0,0.500007,-0.116016,-0.000404,0.0,-0.054576,-0.018942,-0.014321,-0.032786,0.873992,-0.037191,-0.109379,-0.011622,-0.027522,1.841929,4.3606,-0.076885,-0.001066,-0.377537,3.625,0.015576,0.099069,0.137092
521,192.846878,1000.0,0.904138,0.835686,0.0,0.0,0.056112,70393.0,0.10965,0.240317,0.160599,0.285396,-0.026745,0.71638,4.310611,-0.02,-0.8,-0.02,-0.25,-0.6,-2.0,0.500007,-0.118118,-0.000478,0.0,-0.05056,-0.017903,-0.012934,-0.030212,0.877654,-0.034477,-0.098865,-0.01083,-0.026308,1.854897,4.4038,-0.070809,-0.000828,-0.381278,3.826087,0.014239,0.106811,0.134783
522,194.903961,1000.0,0.880079,0.829497,0.0,0.0,0.056106,67871.0,0.113012,0.244947,0.164798,0.303999,-0.028205,0.737704,4.300228,-0.02,-0.8,-0.02,-0.25,-0.6,-2.0,0.500007,-0.12152,-0.000576,0.0,-0.052586,-0.018842,-0.014706,-0.032757,0.869242,-0.036813,-0.103803,-0.011182,-0.025726,1.843999,4.380426,-0.077121,-0.00076,-0.244652,4.375,0.013523,0.086726,0.131502
523,190.339462,1000.0,0.871632,0.819611,0.0,0.0,0.056005,69643.0,0.116406,0.255524,0.171457,0.307273,-0.027809,0.74543,4.290443,-0.02,-0.8,-0.02,-0.25,-0.6,-2.0,0.500007,-0.117211,-0.001115,0.0,-0.055281,-0.018781,-0.014319,-0.03224,0.878594,-0.042169,-0.120577,-0.011566,-0.029473,1.831206,4.337545,-0.073766,-0.001064,-0.419653,3.125,0.01573,0.103881,0.118465
524,194.08049,1000.0,0.856043,0.825402,0.0,0.0,0.05602,72842.0,0.114842,0.242957,0.16106,0.291931,-0.027413,0.704823,4.289641,-0.02,-0.8,-0.02,-0.25,-0.6,-2.0,0.500007,-0.120559,-0.000423,0.0,-0.05342,-0.018546,-0.014423,-0.032694,0.863394,-0.037822,-0.11391,-0.011023,-0.026118,1.84377,4.38291,-0.07538,-0.000933,-0.193762,3.142857,0.016265,0.106671,0.120068
525,194.311401,1000.0,0.88347,0.833393,0.0,0.0,0.055945,58816.0,0.110556,0.244297,0.161005,0.289698,-0.026445,0.746554,4.271379,-0.02,-0.8,-0.02,-0.25,-0.6,-2.0,0.500007,-0.129879,-0.000526,0.0,-0.050684,-0.017632,-0.012311,-0.030001,0.886616,-0.03621,-0.095988,-0.01106,-0.028284,1.847355,4.402018,-0.068066,-0.001166,-0.265406,3.478261,0.012981,0.08879,0.14016
526,192.507812,1000.0,0.874207,0.814505,0.0,0.0,0.055837,75032.0,0.113381,0.258059,0.163634,0.307566,-0.028654,0.760774,4.284755,-0.02,-0.8,-0.02,-0.25,-0.6,-2.0,0.500007,-0.132156,-0.000236,0.0,-0.055513,-0.018787,-0.014573,-0.034486,0.874015,-0.039251,-0.116531,-0.011729,-0.029137,1.846193,4.358047,-0.076898,-0.000958,-0.321772,2.590909,0.016134,0.088287,0.125013
527,193.082047,1000.0,0.882578,0.834881,0.0,0.0,0.055743,68948.0,0.118626,0.245184,0.178304,0.310681,-0.028555,0.76804,4.321174,-0.02,-0.8,-0.02,-0.25,-0.6,-2.0,0.500007,-0.126236,-0.000715,0.0,-0.054553,-0.018621,-0.014586,-0.034018,0.872493,-0.039718,-0.124907,-0.01092,-0.024357,1.835051,4.375749,-0.075424,-0.000756,-0.343701,2.791667,0.016708,0.082254,0.128506
528,193.167862,1000.0,0.853098,0.818989,0.0,0.0,0.055759,70134.0,0.117203,0.24002,0.182257,0.317332,-0.028211,0.757726,4.290227,-0.02,-0.8,-0.02,-0.25,-0.6,-2.0,0.500007,-0.123657,-0.000535,0.0,-0.05395,-0.018615,-0.01416,-0.033136,0.877355,-0.040037,-0.126919,-0.010339,-0.027322,1.840435,4.380907,-0.075012,-0.001155,-0.326044,3.130435,0.015713,0.101324,0.105056
529,193.957886,1000.0,0.884179,0.848375,0.0,0.0,0.055725,74611.0,0.116848,0.250043,0.17561,0.31207,-0.029268,0.760373,4.296419,-0.02,-0.8,-0.02,-0.25,-0.6,-2.0,0.500007,-0.132014,-0.000571,0.0,-0.055341,-0.019033,-0.014839,-0.034364,0.878799,-0.041216,-0.116527,-0.011946,-0.027545,1.831605,4.359404,-0.077856,-0.00113,-0.333329,2.772727,0.014051,0.08553,0.098408
530,194.037201,1000.0,0.877086,0.829729,0.0,0.0,0.055575,72969.0,0.108446,0.244811,0.155731,0.290184,-0.026514,0.732825,4.286603,-0.02,-0.8,-0.02,-0.25,-0.6,-2.0,0.500007,-0.139273,-0.000194,0.0,-0.051873,-0.017875,-0.013366,-0.032131,0.873286,-0.038968,-0.107825,-0.011892,-0.02858,1.855821,4.394859,-0.071082,-0.001094,-0.276196,3.363636,0.015612,0.101524,0.123696
531,195.811035,1000.0,0.881726,0.800453,0.0,0.0,0.055563,56457.0,0.116942,0.255478,0.17892,0.319448,-0.029532,0.785262,4.308643,-0.02,-0.8,-0.02,-0.25,-0.6,-2.0,0.500007,-0.126947,-0.000371,0.0,-0.056925,-0.018759,-0.014392,-0.034683,0.886438,-0.042543,-0.130106,-0.011401,-0.030147,1.838715,4.353813,-0.076066,-0.00096,-0.181045,2.869565,0.01386,0.08603,0.13873
532,194.469727,1000.0,0.884317,0.837263,0.0,0.0,0.055487,67552.0,0.108734,0.240338,0.172131,0.293345,-0.026525,0.758582,4.290313,-0.02,-0.8,-0.02,-0.25,-0.6,-2.0,0.500007,-0.133308,-0.000369,0.0,-0.049828,-0.017775,-0.012931,-0.032172,0.886518,-0.038327,-0.113802,-0.009824,-0.024443,1.860863,4.419918,-0.070291,-0.000881,-0.306169,2.521739,0.014968,0.089869,0.128652
533,191.713745,1000.0,0.865997,0.831275,0.0,0.0,0.05539,68539.0,0.11812,0.250515,0.168039,0.305318,-0.028829,0.720929,4.304945,-0.02,-0.8,-0.02,-0.25,-0.6,-2.0,0.500007,-0.140692,-0.00058,0.0,-0.055425,-0.018931,-0.015034,-0.036693,0.864914,-0.041361,-0.126979,-0.011313,-0.025905,1.833265,4.376574,-0.079134,-0.000947,-0.4328,2.521739,0.014869,0.097064,0.112585
534,192.308243,1000.0,0.878349,0.831295,0.0,0.0,0.055349,72967.0,0.115591,0.244362,0.160992,0.294444,-0.027199,0.73326,4.285959,-0.02,-0.8,-0.02,-0.25,-0.6,-2.0,0.500007,-0.142024,-0.000501,0.0,-0.052471,-0.018133,-0.013782,-0.03376,0.874074,-0.042464,-0.118395,-0.011678,-0.027731,1.835698,4.381709,-0.07196,-0.001039,-0.22439,3.454545,0.015748,0.091532,0.136142
535,193.33075,1000.0,0.874556,0.839851,0.0,0.0,0.055264,67605.0,0.115169,0.245115,0.17038,0.299426,-0.027077,0.750423,4.286639,-0.02,-0.8,-0.02,-0.25,-0.6,-2.0,0.500007,-0.142606,-0.000339,0.0,-0.052902,-0.018235,-0.013644,-0.034574,0.881261,-0.042334,-0.127576,-0.009502,-0.026168,1.832068,4.382769,-0.072351,-0.001142,-0.271372,2.25,0.015161,0.087982,0.105625
536,192.49057,1000.0,0.874565,0.840101,0.0,0.0,0.055234,70249.0,0.112607,0.240958,0.15723,0.280548,-0.025617,0.703185,4.298402,-0.02,-0.8,-0.02,-0.25,-0.6,-2.0,0.500007,-0.138459,-0.000239,0.0,-0.051195,-0.017818,-0.012988,-0.033408,0.869748,-0.042943,-0.12251,-0.010546,-0.027549,1.848127,4.384686,-0.069448,-0.000927,-0.287115,2.826087,0.018408,0.097502,0.12359
537,190.801682,1000.0,0.882275,0.81811,0.0,0.0,0.055235,57983.0,0.114933,0.247931,0.171366,0.307513,-0.028683,0.753348,4.268562,-0.02,-0.8,-0.02,-0.25,-0.6,-2.0,0.500007,-0.145711,-0.00055,0.0,-0.053687,-0.018307,-0.013661,-0.034792,0.876838,-0.04354,-0.124101,-0.011953,-0.026643,1.840543,4.374976,-0.075004,-0.000857,-0.481398,2.608696,0.013742,0.083506,0.116971
538,192.073166,1000.0,0.875094,0.84228,0.0,0.0,0.055334,77565.0,0.114096,0.245194,0.168958,0.310644,-0.029528,0.773152,4.271486,-0.02,-0.8,-0.02,-0.25,-0.6,-2.0,0.500007,-0.147946,-0.000388,0.0,-0.054861,-0.018263,-0.014648,-0.036346,0.88118,-0.042101,-0.128825,-0.011633,-0.029015,1.849613,4.394807,-0.075899,-0.000973,-0.291118,2.894737,0.013868,0.080513,0.111539
539,194.219742,1000.0,0.865064,0.844131,0.0,0.0,0.055244,73380.0,0.11243,0.237546,0.173456,0.29404,-0.025978,0.728113,4.235699,-0.02,-0.8,-0.02,-0.25,-0.6,-2.0,0.500007,-0.140285,-0.000713,0.0,-0.05107,-0.017262,-0.012544,-0.033017,0.874149,-0.040085,-0.132223,-0.009016,-0.026557,1.848514,4.424996,-0.069239,-0.000895,-0.301842,2.318182,0.015196,0.091345,0.120476
540,194.106781,1000.0,0.882787,0.827228,0.0,0.0,0.055159,66809.0,0.114086,0.244731,0.172374,0.312582,-0.029568,0.752987,4.220085,-0.02,-0.8,-0.02,-0.25,-0.6,-2.0,0.500007,-0.153077,-0.000212,0.0,-0.05512,-0.018557,-0.01496,-0.037321,0.876495,-0.044254,-0.123044,-0.01281,-0.028742,1.841889,4.385215,-0.077662,-0.001183,-0.25726,2.608696,0.016656,0.101922,0.126182
541,192.706085,1000.0,0.868929,0.834937,0.0,0.0,0.055211,71196.0,0.110902,0.252512,0.153286,0.291507,-0.026895,0.721257,4.245536,-0.02,-0.8,-0.02,-0.25,-0.6,-2.0,0.500007,-0.161168,-0.00036,0.0,-0.049421,-0.018153,-0.013363,-0.034646,0.863755,-0.045602,-0.120874,-0.011396,-0.026009,1.84581,4.374681,-0.073905,-0.000811,-0.279235,18.363636,0.016062,0.100403,0.105892
542,190.817825,1000.0,0.867382,0.837614,0.0,0.0,0.055184,56473.0,0.114244,0.247157,0.174812,0.315241,-0.028529,0.753476,4.22492,-0.02,-0.8,-0.02,-0.25,-0.6,-2.0,0.500007,-0.157418,-0.000274,0.0,-0.054834,-0.018549,-0.014669,-0.037443,0.870407,-0.045275,-0.13447,-0.010776,-0.027869,1.850482,4.378829,-0.077251,-0.001188,-0.374776,4.291667,0.016409,0.097125,0.129999
543,192.760086,1000.0,0.88332,0.83822,0.0,0.0,0.055266,66648.0,0.115195,0.245308,0.17305,0.307849,-0.028176,0.754997,4.247814,-0.02,-0.8,-0.02,-0.25,-0.6,-2.0,0.500007,-0.152925,-0.000384,0.0,-0.05421,-0.017993,-0.013763,-0.036004,0.877776,-0.045025,-0.135209,-0.011977,-0.026341,1.838269,4.382859,-0.074562,-0.001026,-0.317744,8.708334,0.01379,0.096182,0.12565
544,193.176636,1000.0,0.883342,0.840501,0.0,0.0,0.055247,69477.0,0.109396,0.241012,0.161342,0.289213,-0.026136,0.715143,4.222217,-0.02,-0.8,-0.02,-0.25,-0.6,-2.0,0.500007,-0.153284,-0.000587,0.0,-0.049614,-0.017343,-0.013059,-0.034206,0.869915,-0.043196,-0.126623,-0.010964,-0.025213,1.851938,4.405969,-0.069858,-0.001026,-0.283593,8.791667,0.015607,0.092417,0.119948
545,193.191727,1000.0,0.886351,0.835518,0.0,0.0,0.055151,69003.0,0.111383,0.242455,0.165853,0.285868,-0.025847,0.719771,4.253175,-0.02,-0.8,-0.02,-0.25,-0.6,-2.0,0.500007,-0.150925,-0.000367,0.0,-0.049144,-0.017281,-0.012491,-0.033219,0.873671,-0.043673,-0.12573,-0.009566,-0.025287,1.849998,4.404567,-0.067414,-0.000888,-0.240479,8.833334,0.01536,0.091254,0.121621
546,194.91803,1000.0,0.890535,0.845416,0.0,0.0,0.055108,67735.0,0.112395,0.2418,0.168471,0.299133,-0.02724,0.746525,4.22697,-0.02,-0.8,-0.02,-0.25,-0.6,-2.0,0.500007,-0.152717,-0.00061,0.0,-0.05157,-0.017552,-0.013261,-0.03481,0.876987,-0.042968,-0.124381,-0.010493,-0.028089,1.849555,4.408957,-0.070561,-0.000942,-0.264213,8.333334,0.014606,0.088148,0.116884
547,193.621109,1000.0,0.87718,0.841855,0.0,0.0,0.055107,67885.0,0.111911,0.238369,0.164205,0.298106,-0.027273,0.728957,4.235479,-0.02,-0.8,-0.02,-0.25,-0.6,-2.0,0.500007,-0.15731,-0.000604,0.0,-0.051823,-0.017784,-0.013719,-0.036099,0.869114,-0.043285,-0.123811,-0.010754,-0.026352,1.847808,4.409351,-0.073864,-0.000933,-0.283483,7.25,0.014678,0.087099,0.10175
548,192.839203,1000.0,0.87975,0.846462,0.0,0.0,0.055081,52833.0,0.113135,0.23888,0.168719,0.296284,-0.027416,0.732748,4.219681,-0.02,-0.8,-0.02,-0.25,-0.6,-2.0,0.500007,-0.153802,-0.000489,0.0,-0.052134,-0.017692,-0.01372,-0.035422,0.874755,-0.043507,-0.127584,-0.011044,-0.026406,1.843279,4.405996,-0.071959,-0.000937,-0.327392,7.541667,0.016507,0.092107,0.121782
549,193.291641,1000.0,0.886608,0.837422,0.0,0.0,0.055003,70452.0,0.11518,0.243262,0.172707,0.305098,-0.028057,0.752419,4.233919,-0.02,-0.8,-0.02,-0.25,-0.6,-2.0,0.500007,-0.152882,-0.000563,0.0,-0.052982,-0.017527,-0.013333,-0.035014,0.877359,-0.043683,-0.131841,-0.011188,-0.026792,1.840467,4.400868,-0.071621,-0.000997,-0.28277,8.541667,0.014402,0.106367,0.115024
