iteration,reward,episode_length,height_reward,upright_reward,tipped_over,collapsed,exploration,steps_per_second,speed_error,turn_error,stepping,leg_swing,dragging,ground_covered,landing_force,Curriculum/ease_in_effort/weight,Curriculum/ease_in_landing/weight,Curriculum/ease_in_shake/weight,Curriculum/ease_in_smoothness/weight,Curriculum/ease_in_steadiness/weight,Curriculum/ease_in_straightness/weight,Episode_Reward/alive,Episode_Reward/effort,Episode_Reward/end_stops,Episode_Reward/fell_over,Episode_Reward/hard_landing,Episode_Reward/jitter,Episode_Reward/joint_shock,Episode_Reward/landing_speed,Episode_Reward/posture,Episode_Reward/rocking,Episode_Reward/shaking,Episode_Reward/skidding,Episode_Reward/swing_height,Episode_Reward/track_speed,Episode_Reward/track_turn,Episode_Reward/twitching,Episode_Reward/veering,Episode_Reward/wandering,Episode_Termination/time_out,Metrics/posture/error_height,Metrics/posture/error_pitch,Metrics/posture/error_roll
0,-0.641544,14.86,0.008711,0.00904,0.652174,36.913044,0.977118,40572.0,0.006738,0.021894,0.000751,0.005823,-0.001308,0.003373,7.228796,-0.0002,-0.1,-0.002,-0.05,-0.06,-0.2,0.006179,-6.1e-05,-5.1e-05,-0.009172,-0.00413,-0.041041,-0.002836,-0.0004,0.009194,-0.005102,-0.001216,-0.003377,-0.001514,0.008158,0.003018,-0.014335,-8e-06,-2.1e-05,3.913043,0.048995,0.132644,0.238179
1,-1.963307,40.529999,0.023904,0.020407,6.958333,0.0,0.948994,66791.0,0.019473,0.060747,0.003943,0.017017,-0.003985,0.008753,6.768528,-0.0002,-0.1,-0.002,-0.05,-0.06,-0.2,0.016197,-0.000161,-0.000181,-0.026007,-0.009426,-0.112175,-0.0073,-0.000907,0.023842,-0.013689,-0.003327,-0.007861,-0.003616,0.016745,0.007102,-0.038139,-0.000128,-0.000771,3.875,0.029884,0.136252,0.574157
2,-2.52884,57.450001,0.037189,0.035045,7.291667,0.0,0.920596,67547.0,0.031006,0.101926,0.005776,0.027654,-0.005621,0.01467,6.771205,-0.0002,-0.1,-0.002,-0.05,-0.06,-0.2,0.026852,-0.000267,-0.00036,-0.025153,-0.015399,-0.179433,-0.011838,-0.00156,0.038688,-0.021433,-0.005224,-0.012757,-0.006245,0.027522,0.011814,-0.060761,-0.000296,-0.002021,4.041667,0.030537,0.148198,0.558131
3,-3.091124,77.239998,0.049357,0.048609,6.875,0.0,0.894704,66405.0,0.041935,0.140616,0.007971,0.037525,-0.007469,0.019014,6.74542,-0.0002,-0.1,-0.002,-0.05,-0.06,-0.2,0.036682,-0.000362,-0.000521,-0.026679,-0.020953,-0.235709,-0.015905,-0.002162,0.053433,-0.028156,-0.007134,-0.017443,-0.008429,0.03752,0.017384,-0.080031,-0.000721,-0.002729,3.291667,0.028952,0.159027,0.585994
4,-3.351187,102.769997,0.064464,0.06646,7.333333,0.0,0.866634,66688.0,0.051857,0.18013,0.009301,0.046607,-0.008656,0.025495,6.7292,-0.0002,-0.1,-0.002,-0.05,-0.06,-0.2,0.047329,-0.000466,-0.000744,-0.025674,-0.026912,-0.293435,-0.020112,-0.002871,0.068033,-0.034392,-0.008974,-0.023176,-0.010954,0.052323,0.022886,-0.099726,-0.000932,-0.003892,4.083333,0.029479,0.129085,0.557057
5,-3.221181,122.18,0.077453,0.079365,6.541667,0.0,0.839936,63534.0,0.064398,0.220514,0.0118,0.060302,-0.010786,0.032177,6.68784,-0.0002,-0.1,-0.002,-0.05,-0.06,-0.2,0.057486,-0.000556,-0.000814,-0.024443,-0.034154,-0.340326,-0.023765,-0.003455,0.086732,-0.04139,-0.010875,-0.027142,-0.0141,0.061632,0.0282,-0.115975,-0.001951,-0.008487,4.291667,0.029071,0.143816,0.544512
6,-3.293417,132.139999,0.089877,0.090118,6.833333,0.0,0.814153,64840.0,0.073071,0.243277,0.013431,0.062599,-0.011838,0.033208,6.663177,-0.0002,-0.1,-0.002,-0.05,-0.06,-0.2,0.064934,-0.000621,-0.000952,-0.026221,-0.035525,-0.369508,-0.026552,-0.003866,0.094344,-0.046201,-0.012543,-0.030571,-0.014887,0.071662,0.032583,-0.126428,-0.002186,-0.01004,3.583333,0.025944,0.160564,0.560905
7,-3.251458,157.789993,0.100576,0.108507,4.666667,0.0,0.789974,65431.0,0.084072,0.289785,0.014958,0.072028,-0.012813,0.039816,6.63972,-0.0002,-0.1,-0.002,-0.05,-0.06,-0.2,0.077496,-0.000739,-0.001198,-0.022175,-0.041899,-0.42486,-0.031008,-0.004596,0.110476,-0.052422,-0.014172,-0.035968,-0.017758,0.091417,0.040857,-0.145649,-0.003919,-0.014904,3.625,0.02961,0.148165,0.497752
8,-3.261762,178.050003,0.119791,0.126271,5.166667,0.0,0.767862,53867.0,0.097776,0.331201,0.016481,0.082886,-0.01448,0.042191,6.629919,-0.0002,-0.1,-0.002,-0.05,-0.06,-0.2,0.089173,-0.000846,-0.001406,-0.021831,-0.048992,-0.468304,-0.035049,-0.005316,0.128822,-0.060412,-0.016178,-0.041474,-0.020602,0.097899,0.047509,-0.160892,-0.00429,-0.020034,4.166667,0.028659,0.128503,0.487346
9,-2.628652,193.779999,0.123305,0.137502,4.208333,0.0,0.751545,65205.0,0.102432,0.352495,0.017948,0.084603,-0.014869,0.047287,6.604654,-0.0002,-0.1,-0.002,-0.05,-0.06,-0.2,0.094172,-0.000893,-0.001555,-0.023514,-0.050247,-0.475699,-0.036793,-0.005523,0.133713,-0.061536,-0.01709,-0.042779,-0.021374,0.11036,0.050303,-0.163904,-0.004381,-0.018497,3.083333,0.030458,0.140845,0.501642
10,-2.783772,213.070007,0.137733,0.152788,3.625,0.0,0.738299,60005.0,0.117595,0.400355,0.020525,0.099276,-0.017362,0.053553,6.586997,-0.0002,-0.1,-0.002,-0.05,-0.06,-0.2,0.1071,-0.000998,-0.001751,-0.020275,-0.058444,-0.524816,-0.040701,-0.006295,0.156104,-0.068371,-0.019351,-0.048014,-0.025047,0.117052,0.058272,-0.181074,-0.00486,-0.028497,3.333333,0.029444,0.151787,0.459713
11,-1.723758,229.360001,0.14969,0.165515,3.708333,0.0,0.726889,69707.0,0.123646,0.426421,0.021603,0.106565,-0.018148,0.059599,6.601289,-0.0002,-0.1,-0.002,-0.05,-0.06,-0.2,0.114074,-0.001053,-0.001945,-0.020379,-0.062369,-0.532501,-0.042059,-0.00661,0.168104,-0.071195,-0.020485,-0.050127,-0.025956,0.128226,0.063373,-0.184407,-0.008223,-0.027656,3.5,0.031543,0.153635,0.428736
12,-1.469492,261.559998,0.160103,0.183902,4.75,0.0,0.714683,69877.0,0.136167,0.465447,0.025923,0.115076,-0.020044,0.060977,6.600599,-0.0002,-0.1,-0.002,-0.05,-0.06,-0.2,0.124754,-0.001138,-0.002064,-0.022438,-0.067402,-0.569353,-0.045145,-0.00713,0.186327,-0.077959,-0.021993,-0.053397,-0.029301,0.135614,0.069025,-0.197621,-0.005949,-0.027982,3.666667,0.030903,0.13808,0.481995
13,-2.047573,277.720001,0.17442,0.199438,4.583333,0.0,0.703401,66923.0,0.147968,0.504817,0.026514,0.12254,-0.021455,0.05866,6.585616,-0.0002,-0.1,-0.002,-0.05,-0.06,-0.2,0.136355,-0.001258,-0.002243,-0.023348,-0.074148,-0.60068,-0.049467,-0.007794,0.201063,-0.081782,-0.023486,-0.057407,-0.032073,0.14436,0.078222,-0.209019,-0.007412,-0.031789,2.875,0.029919,0.144168,0.504672
14,-0.245779,256.190002,0.160734,0.182217,4.416667,0.0,0.693748,67921.0,0.133029,0.454218,0.025336,0.117442,-0.019901,0.064946,6.574228,-0.0002,-0.1,-0.002,-0.05,-0.06,-0.2,0.126116,-0.001156,-0.002241,-0.024867,-0.069293,-0.532905,-0.044142,-0.007082,0.188592,-0.073566,-0.021344,-0.051568,-0.030621,0.147398,0.076121,-0.18618,-0.008767,-0.043598,2.791667,0.032326,0.153041,0.533525
15,0.132067,320.049988,0.202078,0.224095,3.5,0.0,0.68482,69370.0,0.164757,0.564415,0.02988,0.140436,-0.023589,0.078889,6.588294,-0.0002,-0.1,-0.002,-0.05,-0.06,-0.2,0.155546,-0.001417,-0.002824,-0.020867,-0.083805,-0.64596,-0.054272,-0.008903,0.230054,-0.091397,-0.026658,-0.065843,-0.036524,0.17846,0.095329,-0.225767,-0.008348,-0.037911,3.125,0.032103,0.12664,0.42447
16,-0.078172,333.459991,0.21073,0.242618,3.5,0.0,0.676369,69160.0,0.165789,0.610768,0.031223,0.141465,-0.023904,0.085449,6.566827,-0.0002,-0.1,-0.002,-0.05,-0.06,-0.2,0.166264,-0.001499,-0.002907,-0.020442,-0.082311,-0.678891,-0.057837,-0.009423,0.235175,-0.096651,-0.028459,-0.068864,-0.035552,0.217028,0.103209,-0.237613,-0.011094,-0.075572,3.25,0.030698,0.148055,0.427455
17,1.708549,357.799988,0.263864,0.269166,2.708333,0.0,0.667267,70682.0,0.190017,0.667184,0.038615,0.166988,-0.028494,0.096103,6.566492,-0.0002,-0.1,-0.002,-0.05,-0.06,-0.2,0.184228,-0.001627,-0.003486,-0.019151,-0.095677,-0.729797,-0.063329,-0.010273,0.274814,-0.104474,-0.032326,-0.075707,-0.042392,0.222573,0.117955,-0.255955,-0.014073,-0.07393,2.75,0.030117,0.143423,0.442279
18,2.35631,379.309998,0.240448,0.270791,2.625,0.0,0.660367,66752.0,0.18503,0.659589,0.03447,0.160551,-0.026117,0.096812,6.544909,-0.0002,-0.1,-0.002,-0.05,-0.06,-0.2,0.184195,-0.001646,-0.003575,-0.01749,-0.095717,-0.712661,-0.061168,-0.010226,0.268532,-0.10312,-0.030875,-0.073948,-0.042126,0.236687,0.119217,-0.250835,-0.014773,-0.065477,3.125,0.031269,0.132495,0.396593
19,2.706794,378.790009,0.236341,0.284517,2.416667,0.0,0.653531,69680.0,0.192781,0.675476,0.035439,0.159963,-0.026482,0.092423,6.531576,-0.0002,-0.1,-0.002,-0.05,-0.06,-0.2,0.189897,-0.001676,-0.003369,-0.020008,-0.095127,-0.718214,-0.062694,-0.010486,0.271974,-0.10269,-0.031769,-0.075623,-0.041805,0.243373,0.129107,-0.252681,-0.010384,-0.040921,2.041667,0.032516,0.130204,0.42307
20,4.29634,437.920013,0.295875,0.341926,1.291667,0.0,0.644913,68842.0,0.229594,0.797476,0.043631,0.194256,-0.031437,0.106983,6.535724,-0.0002,-0.1,-0.002,-0.05,-0.06,-0.2,0.221489,-0.001953,-0.004656,-0.011369,-0.116324,-0.82275,-0.071193,-0.012091,0.329204,-0.11698,-0.036385,-0.086764,-0.05144,0.267944,0.154316,-0.290399,-0.012853,-0.083234,2.791667,0.028948,0.134153,0.277756
21,5.078817,438.380005,0.298934,0.327361,1.869565,0.0,0.639425,71703.0,0.214514,0.776489,0.037885,0.173008,-0.028265,0.109101,6.528471,-0.0002,-0.1,-0.002,-0.05,-0.06,-0.2,0.223049,-0.001971,-0.004356,-0.015298,-0.105802,-0.810223,-0.071399,-0.012253,0.307472,-0.117789,-0.036719,-0.088233,-0.046698,0.325895,0.156676,-0.286222,-0.013291,-0.066408,2.695652,0.027167,0.135462,0.353489
22,6.459626,472.359985,0.319565,0.355965,1.375,0.0,0.632105,69823.0,0.22341,0.827707,0.044603,0.19985,-0.03279,0.132093,6.542181,-0.0002,-0.1,-0.002,-0.05,-0.06,-0.2,0.237753,-0.002084,-0.004803,-0.012939,-0.121285,-0.851278,-0.077195,-0.013176,0.346594,-0.123261,-0.038657,-0.09282,-0.053526,0.348305,0.169976,-0.301038,-0.01654,-0.088664,2.791667,0.030486,0.138314,0.315438
23,6.273832,516.460022,0.360709,0.398179,1.130435,0.0,0.625597,71317.0,0.278453,0.939769,0.05486,0.239643,-0.038625,0.138563,6.52451,-0.0002,-0.1,-0.002,-0.05,-0.06,-0.2,0.264881,-0.002315,-0.0052,-0.010872,-0.142102,-0.938504,-0.085037,-0.014358,0.40003,-0.138985,-0.04384,-0.102814,-0.062911,0.313103,0.182646,-0.332319,-0.020755,-0.092999,3.0,0.028976,0.148842,0.267061
24,7.281297,551.640015,0.356619,0.408259,1.0,0.0,0.618846,71224.0,0.272973,0.942127,0.058714,0.242261,-0.040064,0.142081,6.543663,-0.0002,-0.1,-0.002,-0.05,-0.06,-0.2,0.271176,-0.002363,-0.005734,-0.010899,-0.142464,-0.94069,-0.087193,-0.014701,0.411276,-0.141505,-0.045513,-0.105922,-0.063662,0.342678,0.192022,-0.333724,-0.021104,-0.14721,3.043478,0.028803,0.146218,0.288021
25,8.15654,587.640015,0.391282,0.43381,0.913043,0.0,0.612531,70417.0,0.302655,1.004261,0.056182,0.260316,-0.04096,0.134721,6.538951,-0.0002,-0.1,-0.002,-0.05,-0.06,-0.2,0.293483,-0.002579,-0.006536,-0.010338,-0.154362,-0.9924,-0.090432,-0.015521,0.44047,-0.146638,-0.046668,-0.1078,-0.068899,0.335115,0.223217,-0.352913,-0.018583,-0.103333,2.826087,0.034234,0.132051,0.282422
26,9.15957,579.919983,0.396127,0.433616,0.583333,0.0,0.606275,68877.0,0.278337,0.99168,0.057749,0.244362,-0.03913,0.150972,6.547244,-0.0002,-0.1,-0.002,-0.05,-0.06,-0.2,0.289625,-0.002526,-0.006139,-0.006861,-0.142782,-0.973436,-0.090758,-0.015379,0.420834,-0.144641,-0.047952,-0.10764,-0.064752,0.399396,0.215419,-0.346203,-0.026354,-0.126101,2.708333,0.028675,0.120092,0.215148
27,9.589214,601.400024,0.418106,0.478363,0.375,0.0,0.599533,69681.0,0.309203,1.080529,0.066216,0.290639,-0.045444,0.168855,6.539493,-0.0002,-0.1,-0.002,-0.05,-0.06,-0.2,0.314874,-0.002753,-0.007207,-0.004056,-0.175895,-1.043453,-0.0951,-0.016712,0.492096,-0.150094,-0.049328,-0.114971,-0.079555,0.385602,0.250076,-0.370954,-0.036166,-0.191884,2.875,0.031049,0.133537,0.170777
28,11.50123,616.419983,0.415742,0.465365,0.75,0.0,0.592826,67524.0,0.306757,1.041441,0.066885,0.268643,-0.044987,0.163,6.543126,-0.0002,-0.1,-0.002,-0.05,-0.06,-0.2,0.304922,-0.002596,-0.005768,-0.007306,-0.153391,-0.981849,-0.095327,-0.016152,0.45914,-0.151967,-0.051933,-0.114307,-0.070395,0.409006,0.229682,-0.350555,-0.023362,-0.112924,3.125,0.030744,0.142727,0.223992
29,13.267331,652.099976,0.458006,0.507144,0.608696,0.0,0.586728,67898.0,0.328454,1.146937,0.068276,0.282097,-0.045825,0.163876,6.536407,-0.0002,-0.1,-0.002,-0.05,-0.06,-0.2,0.332451,-0.002893,-0.008147,-0.00719,-0.165704,-1.061349,-0.104024,-0.017392,0.489822,-0.162253,-0.054797,-0.119561,-0.0759,0.441586,0.258534,-0.378349,-0.019881,-0.123666,3.0,0.027253,0.147153,0.18166
30,13.48973,694.369995,0.494056,0.528365,0.478261,0.0,0.580344,69485.0,0.364243,1.187527,0.075433,0.303574,-0.04943,0.169605,6.526634,-0.0002,-0.1,-0.002,-0.05,-0.06,-0.2,0.351223,-0.002987,-0.007536,-0.004754,-0.173035,-1.106242,-0.107198,-0.01858,0.522336,-0.171728,-0.057591,-0.128561,-0.0789,0.417312,0.27635,-0.395127,-0.021277,-0.194443,2.869565,0.026938,0.129509,0.176107
31,13.659751,702.5,0.475051,0.545253,0.416667,0.0,0.573667,68431.0,0.351952,1.194169,0.071016,0.295542,-0.047735,0.168257,6.558136,-0.0002,-0.1,-0.002,-0.05,-0.06,-0.2,0.350629,-0.003018,-0.00886,-0.005556,-0.179598,-1.083505,-0.104297,-0.018451,0.524789,-0.165958,-0.055197,-0.127316,-0.08088,0.442547,0.28023,-0.387937,-0.014972,-0.165095,2.708333,0.030732,0.139947,0.204768
32,17.249113,748.030029,0.527568,0.582892,0.391304,0.0,0.568046,69908.0,0.362793,1.256768,0.076214,0.309847,-0.050151,0.186048,6.560947,-0.0002,-0.1,-0.002,-0.05,-0.06,-0.2,0.372287,-0.003176,-0.009245,-0.005913,-0.182716,-1.135697,-0.110914,-0.01964,0.546883,-0.173328,-0.059368,-0.135209,-0.082738,0.506743,0.299184,-0.406675,-0.018196,-0.092098,2.73913,0.025171,0.11907,0.191749
33,18.207781,739.390015,0.516682,0.57032,0.5,0.0,0.561226,68793.0,0.369956,1.226123,0.074149,0.319142,-0.049977,0.190217,6.565404,-0.0002,-0.1,-0.002,-0.05,-0.06,-0.2,0.372101,-0.0032,-0.009365,-0.005417,-0.192713,-1.117396,-0.107829,-0.01947,0.559164,-0.168985,-0.057894,-0.132464,-0.087238,0.495649,0.321536,-0.401134,-0.028494,-0.137072,3.0,0.024479,0.140896,0.19252
34,17.706215,743.150024,0.470994,0.551185,0.863636,0.0,0.555403,71260.0,0.337967,1.158231,0.07108,0.281603,-0.045436,0.178193,6.562194,-0.0002,-0.1,-0.002,-0.05,-0.06,-0.2,0.355822,-0.003017,-0.008984,-0.009963,-0.161414,-1.048455,-0.105214,-0.018292,0.501746,-0.160328,-0.057482,-0.127436,-0.073418,0.51444,0.303458,-0.37695,-0.026404,-0.230056,2.954545,0.030781,0.151242,0.256779
35,19.023386,792.179993,0.575266,0.621362,0.347826,0.0,0.548352,68026.0,0.391311,1.349392,0.087035,0.351656,-0.056743,0.235401,6.585144,-0.0002,-0.1,-0.002,-0.05,-0.06,-0.2,0.40534,-0.003337,-0.010108,-0.004161,-0.207544,-1.197146,-0.115019,-0.02088,0.619255,-0.182204,-0.066199,-0.142881,-0.092957,0.592574,0.341247,-0.429015,-0.028174,-0.203555,2.434783,0.027369,0.146247,0.160367
36,22.344376,851.01001,0.631046,0.653578,0.217391,0.0,0.540966,69529.0,0.414496,1.40664,0.089391,0.369605,-0.059165,0.238032,6.591797,-0.0002,-0.1,-0.002,-0.05,-0.06,-0.2,0.426876,-0.003616,-0.010938,-0.002754,-0.215381,-1.241573,-0.126604,-0.022154,0.639098,-0.19576,-0.068866,-0.15274,-0.098182,0.600329,0.36283,-0.446687,-0.023233,-0.220073,2.826087,0.024471,0.159926,0.153993
37,24.014851,843.429993,0.596991,0.642815,0.782609,0.0,0.534551,67906.0,0.409942,1.375704,0.095796,0.381334,-0.062096,0.252979,6.600163,-0.0002,-0.1,-0.002,-0.05,-0.06,-0.2,0.412236,-0.003396,-0.010265,-0.007791,-0.216354,-1.170743,-0.119499,-0.021005,0.647289,-0.186585,-0.068429,-0.147357,-0.099295,0.560017,0.344124,-0.421674,-0.029111,-0.248601,3.304348,0.024097,0.200188,0.228995
38,23.867468,854.570007,0.605243,0.650855,0.521739,0.0,0.528654,70489.0,0.378557,1.356658,0.081018,0.326984,-0.051792,0.23191,6.613987,-0.0002,-0.1,-0.002,-0.05,-0.06,-0.2,0.422094,-0.003543,-0.011424,-0.005917,-0.191927,-1.186712,-0.117936,-0.021166,0.596432,-0.181244,-0.065603,-0.143664,-0.087378,0.684397,0.386225,-0.428063,-0.0231,-0.225976,2.73913,0.025182,0.192537,0.188664
39,26.535959,888.929993,0.604919,0.692435,0.5,0.0,0.522517,72595.0,0.423285,1.433003,0.096486,0.380721,-0.059853,0.249293,6.598511,-0.0002,-0.1,-0.002,-0.05,-0.06,-0.2,0.44997,-0.00372,-0.0114,-0.006667,-0.220326,-1.246524,-0.122974,-0.022126,0.675529,-0.190423,-0.070453,-0.150569,-0.100239,0.646071,0.416838,-0.449855,-0.027551,-0.147638,2.545455,0.029667,0.181913,0.192948
40,27.730635,923.52002,0.62853,0.699937,0.428571,0.0,0.516625,74367.0,0.434561,1.470174,0.103952,0.408825,-0.064624,0.280896,6.590757,-0.0002,-0.1,-0.002,-0.05,-0.06,-0.2,0.458694,-0.003747,-0.011787,-0.007937,-0.23252,-1.237362,-0.126103,-0.02278,0.708541,-0.191253,-0.072218,-0.155318,-0.106731,0.626701,0.430983,-0.448161,-0.019623,-0.217558,2.238095,0.028654,0.161712,0.212112
41,31.799059,984.599976,0.664819,0.750646,0.272727,0.0,0.510649,71721.0,0.47105,1.515578,0.098259,0.400905,-0.062995,0.24459,6.609934,-0.0002,-0.1,-0.002,-0.05,-0.06,-0.2,0.475042,-0.003985,-0.013365,-0.003848,-0.233898,-1.292235,-0.133968,-0.024295,0.701888,-0.203295,-0.072858,-0.164295,-0.106246,0.640727,0.447894,-0.467475,-0.033242,-0.17945,24.136364,0.027632,0.166213,0.164983
42,32.915134,949.080017,0.660139,0.733509,0.375,0.0,0.504967,70095.0,0.457616,1.466366,0.100648,0.409662,-0.063826,0.261997,6.585238,-0.0002,-0.1,-0.002,-0.05,-0.06,-0.2,0.469457,-0.00392,-0.013507,-0.005881,-0.236199,-1.207429,-0.12841,-0.02351,0.710144,-0.192484,-0.072242,-0.159398,-0.109145,0.631217,0.462328,-0.439601,-0.023413,-0.17249,3.875,0.025658,0.162067,0.189875
43,36.161125,974.130005,0.702719,0.75819,0.583333,0.0,0.499869,68471.0,0.445862,1.541591,0.11071,0.412249,-0.066248,0.290145,6.599409,-0.0002,-0.1,-0.002,-0.05,-0.06,-0.2,0.484364,-0.003915,-0.012482,-0.002575,-0.234049,-1.202206,-0.130951,-0.023842,0.735643,-0.198335,-0.07585,-0.159895,-0.110103,0.733258,0.4672,-0.439551,-0.022083,-0.199407,7.291667,0.023262,0.145477,0.140904
44,41.181507,993.169983,0.715202,0.76997,0.208333,0.0,0.494746,70475.0,0.454685,1.533641,0.11412,0.428124,-0.067895,0.310017,6.600676,-0.0002,-0.1,-0.002,-0.05,-0.06,-0.2,0.494375,-0.003981,-0.013837,-0.001077,-0.241419,-1.168929,-0.130623,-0.024041,0.761917,-0.197167,-0.076877,-0.157845,-0.114145,0.758015,0.496413,-0.429561,-0.024729,-0.198485,6.041667,0.024052,0.143999,0.121338
45,40.783127,981.570007,0.711609,0.757482,0.25,0.0,0.489268,70066.0,0.446428,1.505739,0.109417,0.402463,-0.064666,0.289406,6.61805,-0.0002,-0.1,-0.002,-0.05,-0.06,-0.2,0.485727,-0.003873,-0.0134,-0.001659,-0.223933,-1.098377,-0.127855,-0.023452,0.725556,-0.192018,-0.076404,-0.157648,-0.106237,0.750848,0.488706,-0.405758,-0.021276,-0.199133,7.541667,0.023827,0.134716,0.129715
46,42.818348,973.809998,0.687632,0.759755,0.375,0.0,0.483589,71107.0,0.442294,1.454878,0.107081,0.386393,-0.062346,0.276186,6.600242,-0.0002,-0.1,-0.002,-0.05,-0.06,-0.2,0.480736,-0.003814,-0.012832,-0.001889,-0.216931,-1.042422,-0.123306,-0.022848,0.708887,-0.181788,-0.073363,-0.151335,-0.103234,0.745937,0.507307,-0.386912,-0.019317,-0.181003,7.333333,0.025681,0.12432,0.145112
47,44.180702,956.73999,0.69547,0.744998,0.75,0.0,0.4781,70098.0,0.430117,1.408457,0.112495,0.394945,-0.064071,0.293455,6.58115,-0.0002,-0.1,-0.002,-0.05,-0.06,-0.2,0.469976,-0.003665,-0.013271,-0.004042,-0.218074,-0.977204,-0.118899,-0.022238,0.714436,-0.173287,-0.073128,-0.146639,-0.103619,0.744419,0.508383,-0.364617,-0.018585,-0.199695,7.25,0.022657,0.16575,0.160457
48,49.50449,974.299988,0.744065,0.776466,0.291667,0.0,0.472794,70662.0,0.448478,1.464666,0.121678,0.412971,-0.066984,0.315998,6.599058,-0.0002,-0.1,-0.002,-0.05,-0.06,-0.2,0.491893,-0.003772,-0.013878,-0.001442,-0.22358,-0.9918,-0.121016,-0.022839,0.746796,-0.177635,-0.077052,-0.148846,-0.107307,0.787197,0.547213,-0.37154,-0.017333,-0.178194,7.291667,0.02092,0.12849,0.14514
49,47.852242,966.23999,0.700661,0.756693,0.333333,0.0,0.468142,68259.0,0.420022,1.411663,0.113238,0.394506,-0.061591,0.306596,6.605672,-0.0002,-0.1,-0.002,-0.05,-0.06,-0.2,0.483887,-0.003838,-0.01577,-0.001517,-0.215844,-0.939193,-0.119865,-0.022377,0.714249,-0.169281,-0.07316,-0.144802,-0.103496,0.834395,0.560128,-0.353393,-0.015751,-0.162268,5.833333,0.026048,0.142749,0.142216
50,51.7756,975.72998,0.726886,0.774725,0.333333,0.0,0.463444,70774.0,0.416839,1.388,0.10914,0.381991,-0.059714,0.300484,6.611074,-0.0002,-0.1,-0.002,-0.05,-0.06,-0.2,0.48904,-0.003794,-0.016023,-0.001653,-0.206473,-0.921201,-0.116664,-0.022254,0.705535,-0.165929,-0.07324,-0.1432,-0.098976,0.864515,0.592424,-0.347214,-0.012741,-0.178793,6.583333,0.022268,0.141286,0.125272
51,51.668171,945.669983,0.718628,0.767808,0.416667,0.0,0.45863,70398.0,0.422676,1.39992,0.115961,0.389162,-0.062806,0.311007,6.62342,-0.0002,-0.1,-0.002,-0.05,-0.06,-0.2,0.484292,-0.003682,-0.014456,-0.002304,-0.211726,-0.885644,-0.115243,-0.022029,0.723308,-0.162641,-0.073042,-0.141648,-0.102458,0.835029,0.573921,-0.335195,-0.014239,-0.155097,5.125,0.021959,0.148349,0.133042
52,50.692684,946.47998,0.688709,0.760463,0.416667,0.0,0.454112,66665.0,0.4347,1.392349,0.111567,0.388706,-0.062834,0.29727,6.614883,-0.0002,-0.1,-0.002,-0.05,-0.06,-0.2,0.479804,-0.003662,-0.015734,-0.002465,-0.215123,-0.852992,-0.11147,-0.021426,0.720249,-0.157151,-0.071808,-0.139955,-0.10386,0.754323,0.573258,-0.324128,-0.01433,-0.132785,5.333333,0.022607,0.143154,0.138963
53,57.164928,982.159973,0.724535,0.779053,0.25,0.0,0.449191,71151.0,0.425678,1.375877,0.119105,0.396644,-0.064471,0.324829,6.606045,-0.0002,-0.1,-0.002,-0.05,-0.06,-0.2,0.488077,-0.003679,-0.015883,-0.001259,-0.214719,-0.84916,-0.112721,-0.021935,0.73625,-0.158519,-0.073487,-0.14005,-0.104081,0.836131,0.606398,-0.323202,-0.010729,-0.165805,6.75,0.022518,0.132909,0.131737
54,58.393768,991.929993,0.742815,0.798903,0.208333,0.0,0.444569,70544.0,0.418258,1.362989,0.117501,0.390601,-0.063059,0.338291,6.613518,-0.0002,-0.1,-0.002,-0.05,-0.06,-0.2,0.494516,-0.003673,-0.015579,-0.001722,-0.211256,-0.833016,-0.11089,-0.021864,0.732905,-0.155118,-0.074193,-0.139614,-0.102181,0.907143,0.637293,-0.318565,-0.010622,-0.190025,5.875,0.0215,0.13883,0.121547
55,59.92382,992.97998,0.750193,0.79938,0.125,0.0,0.439655,68632.0,0.426553,1.353508,0.120194,0.408752,-0.065423,0.353074,6.603675,-0.0002,-0.1,-0.002,-0.05,-0.06,-0.2,0.495383,-0.003658,-0.015853,-0.000701,-0.219272,-0.819121,-0.109335,-0.021836,0.75417,-0.151017,-0.074465,-0.137826,-0.105727,0.86934,0.652299,-0.313831,-0.010517,-0.187336,5.708333,0.018841,0.126481,0.122922
56,58.317177,951.109985,0.711231,0.77165,0.416667,0.0,0.434979,70565.0,0.399128,1.300642,0.115431,0.380153,-0.060537,0.333649,6.593843,-0.0002,-0.1,-0.002,-0.05,-0.06,-0.2,0.482175,-0.003604,-0.016321,-0.00235,-0.203841,-0.774625,-0.106221,-0.020918,0.716092,-0.143691,-0.070733,-0.131133,-0.099517,0.912773,0.655,-0.29781,-0.008195,-0.230513,5.541667,0.023513,0.140272,0.135696
57,61.301907,973.460022,0.713427,0.783736,0.25,0.0,0.431109,71363.0,0.399321,1.294536,0.112211,0.385706,-0.060748,0.347204,6.607037,-0.0002,-0.1,-0.002,-0.05,-0.06,-0.2,0.486315,-0.003614,-0.01611,-0.001425,-0.206861,-0.763169,-0.105913,-0.02116,0.723724,-0.143002,-0.071186,-0.133689,-0.099806,0.940063,0.675404,-0.293987,-0.008165,-0.166705,6.125,0.021292,0.131446,0.132995
58,63.310642,979.679993,0.729887,0.799905,0.166667,0.0,0.427157,71234.0,0.403735,1.300454,0.117883,0.403293,-0.063311,0.372002,6.604263,-0.0002,-0.1,-0.002,-0.05,-0.06,-0.2,0.491671,-0.003638,-0.016386,-0.001266,-0.215017,-0.756891,-0.107212,-0.021222,0.744654,-0.142298,-0.072905,-0.1341,-0.10256,0.92812,0.691651,-0.29235,-0.00761,-0.155213,4.5,0.023043,0.122697,0.119489
59,66.01004,993.609985,0.759796,0.79579,0.041667,0.0,0.423389,65977.0,0.409845,1.347212,0.127418,0.404519,-0.066122,0.378047,6.603995,-0.0002,-0.1,-0.002,-0.05,-0.06,-0.2,0.498102,-0.003588,-0.018638,-0.000238,-0.21337,-0.751386,-0.106766,-0.021263,0.758337,-0.141169,-0.075479,-0.135624,-0.103948,0.957351,0.70355,-0.290133,-0.007185,-0.153978,4.875,0.018793,0.135072,0.111765
60,63.561054,942.679993,0.714564,0.750885,0.333333,0.0,0.419496,59289.0,0.371116,1.202116,0.110573,0.369338,-0.058201,0.344228,6.58707,-0.0002,-0.1,-0.002,-0.05,-0.06,-0.2,0.465858,-0.003451,-0.015618,-0.003375,-0.192865,-0.684431,-0.101383,-0.02,0.684109,-0.128901,-0.067113,-0.124886,-0.0934,0.923828,0.689463,-0.26568,-0.006587,-0.151778,4.333333,0.022682,0.170853,0.15034
61,63.486076,942.859985,0.689634,0.759448,0.333333,0.0,0.416303,58279.0,0.383254,1.227796,0.123095,0.397818,-0.064327,0.386604,6.620517,-0.0002,-0.1,-0.002,-0.05,-0.06,-0.2,0.470963,-0.003409,-0.016925,-0.003222,-0.206222,-0.68006,-0.09853,-0.019965,0.732961,-0.128901,-0.068881,-0.124098,-0.101667,0.9104,0.688497,-0.264256,-0.00654,-0.215001,4.041667,0.021489,0.146713,0.166504
62,67.551811,975.080017,0.721262,0.805541,0.166667,0.0,0.412152,59579.0,0.390741,1.253525,0.124108,0.408733,-0.065422,0.393474,6.611214,-0.0002,-0.1,-0.002,-0.05,-0.06,-0.2,0.491199,-0.00361,-0.017123,-0.001065,-0.219307,-0.696848,-0.103423,-0.020794,0.762205,-0.13208,-0.071202,-0.131973,-0.105863,0.960839,0.746455,-0.271236,-0.006377,-0.184674,3.75,0.022451,0.117684,0.118513
63,67.156197,952.159973,0.720779,0.765906,0.391304,0.0,0.407967,64309.0,0.371257,1.18066,0.115066,0.379625,-0.05971,0.372473,6.612802,-0.0002,-0.1,-0.002,-0.05,-0.06,-0.2,0.475168,-0.003458,-0.017615,-0.003482,-0.200982,-0.655284,-0.097537,-0.019953,0.711445,-0.12458,-0.067537,-0.120918,-0.097216,0.963281,0.73941,-0.256608,-0.005353,-0.166989,3.695652,0.02166,0.13839,0.139907
64,70.372368,987.619995,0.742923,0.802994,0.125,0.0,0.405003,63215.0,0.386923,1.244105,0.116377,0.399458,-0.061481,0.395116,6.591407,-0.0002,-0.1,-0.002,-0.05,-0.06,-0.2,0.494942,-0.00361,-0.018511,-0.000933,-0.21029,-0.666062,-0.099302,-0.020617,0.745359,-0.126803,-0.069826,-0.128186,-0.101587,1.023968,0.777304,-0.261035,-0.004533,-0.196235,3.958333,0.020008,0.118684,0.115483
65,69.836266,972.179993,0.720459,0.767676,0.208333,0.0,0.401366,64610.0,0.36297,1.134688,0.108826,0.373991,-0.057843,0.381056,6.593339,-0.0002,-0.1,-0.002,-0.05,-0.06,-0.2,0.469477,-0.003394,-0.017512,-0.003806,-0.196976,-0.617855,-0.092617,-0.019585,0.701612,-0.116556,-0.066773,-0.115801,-0.093713,0.973173,0.779868,-0.243286,-0.005535,-0.226733,3.333333,0.02175,0.1445,0.149526
66,72.894928,970.150024,0.724736,0.801527,0.25,0.0,0.398525,55893.0,0.365975,1.189489,0.119656,0.39368,-0.063018,0.409915,6.588726,-0.0002,-0.1,-0.002,-0.05,-0.06,-0.2,0.485712,-0.003463,-0.01718,-0.003433,-0.203215,-0.626955,-0.09565,-0.019775,0.744085,-0.120107,-0.068196,-0.12324,-0.100056,1.058531,0.790067,-0.246003,-0.003523,-0.152758,3.375,0.018515,0.147707,0.148547
67,73.967155,972.330017,0.752247,0.816841,0.217391,0.0,0.395205,58973.0,0.383163,1.185109,0.13267,0.412991,-0.067264,0.440058,6.580939,-0.0002,-0.1,-0.002,-0.05,-0.06,-0.2,0.489531,-0.003359,-0.016384,-0.001627,-0.207387,-0.625782,-0.096092,-0.020014,0.765613,-0.122353,-0.072295,-0.123101,-0.099477,1.011941,0.795706,-0.247357,-0.004999,-0.221773,3.652174,0.019382,0.122659,0.115533
68,74.034592,960.840027,0.75119,0.801326,0.173913,0.0,0.392173,56407.0,0.36253,1.139804,0.121126,0.402609,-0.062352,0.427356,6.565907,-0.0002,-0.1,-0.002,-0.05,-0.06,-0.2,0.486593,-0.003486,-0.016308,-0.002522,-0.208607,-0.605972,-0.094209,-0.019338,0.744837,-0.115658,-0.067719,-0.119932,-0.100462,1.050822,0.848851,-0.239851,-0.004502,-0.15797,2.826087,0.019586,0.132404,0.139922
69,77.119247,968.669983,0.767853,0.782536,0.166667,0.0,0.389095,63108.0,0.351391,1.10291,0.120723,0.374756,-0.060103,0.414567,6.554372,-0.0002,-0.1,-0.002,-0.05,-0.06,-0.2,0.474145,-0.003275,-0.018051,-0.002778,-0.188793,-0.581224,-0.091832,-0.019332,0.71078,-0.114074,-0.069901,-0.116052,-0.09074,1.066277,0.814461,-0.230355,-0.003271,-0.158985,3.166667,0.018709,0.137825,0.134747
70,77.142174,976.789978,0.749906,0.794608,0.125,0.0,0.386246,62550.0,0.371595,1.155226,0.137681,0.423159,-0.06813,0.464457,6.599006,-0.0002,-0.1,-0.002,-0.05,-0.06,-0.2,0.492492,-0.003406,-0.018482,-0.001167,-0.210426,-0.595278,-0.095401,-0.019864,0.768241,-0.118157,-0.070507,-0.123235,-0.101952,1.083718,0.851932,-0.236211,-0.005395,-0.307092,3.416667,0.019979,0.137336,0.118278
71,78.784416,976.809998,0.784189,0.80634,0.086957,0.0,0.382994,64944.0,0.36415,1.13802,0.12726,0.399706,-0.063838,0.459176,6.576482,-0.0002,-0.1,-0.002,-0.05,-0.06,-0.2,0.492343,-0.003368,-0.016478,-0.000783,-0.197794,-0.583961,-0.093957,-0.019897,0.747777,-0.114048,-0.072082,-0.12149,-0.094569,1.124653,0.872671,-0.232802,-0.003059,-0.200653,3.347826,0.020658,0.111044,0.128242
72,81.416069,991.030029,0.793168,0.814351,0.086957,0.0,0.380433,60484.0,0.353922,1.13218,0.123663,0.377917,-0.06093,0.445345,6.593493,-0.0002,-0.1,-0.002,-0.05,-0.06,-0.2,0.494982,-0.003354,-0.015223,-0.000928,-0.187948,-0.571851,-0.09295,-0.019785,0.729805,-0.112795,-0.071324,-0.118278,-0.091384,1.196544,0.904742,-0.228432,-0.00266,-0.178258,3.130435,0.018514,0.108733,0.117354
73,82.365028,989.130005,0.780768,0.802735,0.083333,0.0,0.377296,59403.0,0.347077,1.070602,0.124767,0.390673,-0.061972,0.452266,6.549309,-0.0002,-0.1,-0.002,-0.05,-0.06,-0.2,0.483506,-0.003259,-0.016955,-0.002083,-0.197243,-0.548176,-0.087505,-0.019034,0.745955,-0.105958,-0.067894,-0.116249,-0.095226,1.118408,0.921189,-0.218726,-0.003757,-0.24602,2.916667,0.019176,0.1531,0.120886
74,82.286514,972.659973,0.762654,0.804424,0.173913,0.0,0.374707,63303.0,0.343019,1.099001,0.128425,0.409881,-0.065495,0.493271,6.569128,-0.0002,-0.1,-0.002,-0.05,-0.06,-0.2,0.488485,-0.003316,-0.016799,-0.001739,-0.202069,-0.549493,-0.08997,-0.019108,0.761587,-0.107342,-0.068834,-0.115445,-0.095789,1.176252,0.91915,-0.219743,-0.003049,-0.218014,3.086957,0.021052,0.128776,0.139557
75,84.02211,987.0,0.796404,0.825812,0.043478,0.0,0.371576,65331.0,0.35717,1.102023,0.127752,0.412375,-0.067378,0.497471,6.554241,-0.0002,-0.1,-0.002,-0.05,-0.06,-0.2,0.497815,-0.003286,-0.015467,-0.000348,-0.200771,-0.551269,-0.089826,-0.019162,0.766234,-0.108233,-0.070724,-0.119962,-0.096319,1.172608,0.947413,-0.221135,-0.003623,-0.23995,3.478261,0.020424,0.112109,0.09882
76,84.061874,967.869995,0.767243,0.783388,0.26087,0.0,0.369272,61024.0,0.340112,1.031275,0.114545,0.385383,-0.05861,0.442751,6.574725,-0.0002,-0.1,-0.002,-0.05,-0.06,-0.2,0.477668,-0.003298,-0.016983,-0.002899,-0.193032,-0.515592,-0.084762,-0.018795,0.7191,-0.099443,-0.064037,-0.111647,-0.092902,1.096351,0.952647,-0.207665,-0.002464,-0.134661,2.956522,0.019301,0.1316,0.140266
77,83.225845,970.820007,0.803923,0.826501,0.0,0.0,0.366347,62889.0,0.35951,1.107305,0.136968,0.441043,-0.06863,0.519651,6.576314,-0.0002,-0.1,-0.002,-0.05,-0.06,-0.2,0.500007,-0.003399,-0.015264,0.0,-0.223807,-0.534816,-0.090484,-0.019562,0.807564,-0.104706,-0.070113,-0.120386,-0.105317,1.136197,0.975972,-0.215346,-0.002686,-0.247631,2.636364,0.01715,0.097199,0.098108
78,85.898415,997.830017,0.791919,0.829196,0.043478,0.0,0.363944,60416.0,0.351296,1.069242,0.129065,0.417745,-0.065152,0.504169,6.57056,-0.0002,-0.1,-0.002,-0.05,-0.06,-0.2,0.497637,-0.00336,-0.017799,-0.00087,-0.207047,-0.52231,-0.090903,-0.019737,0.77659,-0.103422,-0.068932,-0.118352,-0.098583,1.166138,0.978799,-0.211761,-0.002363,-0.252904,3.173913,0.018611,0.157371,0.110266
79,88.15683,997.539978,0.761062,0.830374,0.041667,0.0,0.361168,57517.0,0.34619,1.058337,0.126047,0.413497,-0.064505,0.500445,6.575321,-0.0002,-0.1,-0.002,-0.05,-0.06,-0.2,0.499149,-0.003398,-0.017268,-0.000278,-0.208047,-0.515331,-0.085397,-0.018946,0.782097,-0.099425,-0.065978,-0.115712,-0.099351,1.202229,1.036178,-0.208258,-0.0031,-0.178527,3.75,0.022215,0.106907,0.126842
80,88.129272,990.799988,0.819078,0.815949,0.136364,0.0,0.358441,65262.0,0.338753,1.060496,0.119532,0.373654,-0.059537,0.480453,6.590358,-0.0002,-0.1,-0.002,-0.05,-0.06,-0.2,0.492636,-0.00319,-0.01496,-0.001879,-0.180488,-0.497529,-0.085579,-0.019271,0.726434,-0.101055,-0.070435,-0.113011,-0.08539,1.229143,0.996286,-0.20231,-0.001779,-0.246668,3.0,0.016421,0.123846,0.136928
81,90.434532,990.799988,0.830384,0.845536,0.0,0.0,0.356597,64321.0,0.333402,1.010151,0.122023,0.370152,-0.055956,0.463832,6.594973,-0.0002,-0.1,-0.002,-0.05,-0.06,-0.2,0.500007,-0.003271,-0.017675,0.0,-0.181706,-0.494246,-0.08304,-0.018941,0.740928,-0.094251,-0.068476,-0.108686,-0.085792,1.300807,1.100066,-0.199365,-0.002893,-0.274708,3.095238,0.015599,0.118498,0.096951
82,86.188416,972.75,0.768669,0.811154,0.227273,0.0,0.354001,68413.0,0.331138,0.995411,0.110602,0.361501,-0.057733,0.454917,6.602935,-0.0002,-0.1,-0.002,-0.05,-0.06,-0.2,0.481186,-0.003136,-0.015315,-0.002939,-0.176271,-0.473203,-0.082156,-0.018231,0.704753,-0.093984,-0.066216,-0.108385,-0.083822,1.178857,1.022596,-0.193503,-0.001817,-0.29289,2.272727,0.020587,0.142535,0.145641
83,92.959999,1000.0,0.752347,0.819936,0.090909,0.0,0.351472,63271.0,0.32468,1.002052,0.110411,0.362239,-0.056468,0.462481,6.601152,-0.0002,-0.1,-0.002,-0.05,-0.06,-0.2,0.493509,-0.00327,-0.015662,-0.000818,-0.178838,-0.476315,-0.081977,-0.018577,0.723366,-0.091109,-0.064523,-0.107326,-0.083464,1.257428,1.099739,-0.193666,-0.00161,-0.173482,23.636364,0.019638,0.115608,0.11231
84,92.299103,992.26001,0.814247,0.843769,0.083333,0.0,0.349483,58926.0,0.338144,1.025116,0.126432,0.401008,-0.06572,0.534876,6.618717,-0.0002,-0.1,-0.002,-0.05,-0.06,-0.2,0.497821,-0.003182,-0.01711,-0.000486,-0.196238,-0.477041,-0.084314,-0.018668,0.772778,-0.095844,-0.070461,-0.113601,-0.091686,1.242151,1.069589,-0.194604,-0.002042,-0.287349,5.458333,0.016832,0.114618,0.114425
85,92.653961,986.380005,0.819163,0.838124,0.083333,0.0,0.34689,59239.0,0.327385,1.009129,0.121076,0.38779,-0.060769,0.518411,6.585452,-0.0002,-0.1,-0.002,-0.05,-0.06,-0.2,0.493715,-0.003166,-0.015883,-0.000655,-0.186738,-0.464925,-0.082849,-0.018765,0.747318,-0.094652,-0.06902,-0.112775,-0.086559,1.283217,1.06922,-0.19085,-0.001577,-0.211434,7.416667,0.017098,0.116656,0.118281
86,91.967926,996.669983,0.798903,0.824872,0.291667,0.0,0.344373,59850.0,0.325752,1.002143,0.118199,0.389711,-0.061198,0.52307,6.581142,-0.0002,-0.1,-0.002,-0.05,-0.06,-0.2,0.493465,-0.003222,-0.016659,-0.00185,-0.192781,-0.458447,-0.082624,-0.018681,0.749963,-0.092992,-0.067291,-0.11237,-0.089534,1.280212,1.088657,-0.188035,-0.001997,-0.280006,6.083333,0.017982,0.141064,0.117374
87,96.997833,998.630005,0.818915,0.829049,0.041667,0.0,0.342625,64284.0,0.330163,0.996465,0.12749,0.410271,-0.063474,0.551463,6.599888,-0.0002,-0.1,-0.002,-0.05,-0.06,-0.2,0.499528,-0.003201,-0.015177,-0.000278,-0.195883,-0.458648,-0.082681,-0.018649,0.776624,-0.092045,-0.068017,-0.110208,-0.091911,1.285892,1.122854,-0.188473,-0.001707,-0.22342,7.333333,0.019076,0.116222,0.094611
88,97.694115,1000.0,0.809124,0.837016,0.0,0.0,0.339489,64586.0,0.323443,0.974422,0.125475,0.389146,-0.060812,0.519281,6.612498,-0.0002,-0.1,-0.002,-0.05,-0.06,-0.2,0.500007,-0.003224,-0.016491,0.0,-0.187985,-0.45201,-0.08073,-0.018221,0.762626,-0.089906,-0.066239,-0.107541,-0.088569,1.327379,1.16218,-0.185276,-0.001865,-0.270137,8.25,0.019863,0.125333,0.092793
89,97.276283,1000.0,0.827163,0.834748,0.0,0.0,0.337123,60412.0,0.322627,0.96869,0.126439,0.393686,-0.060935,0.542865,6.571274,-0.0002,-0.1,-0.002,-0.05,-0.06,-0.2,0.500007,-0.003146,-0.015859,0.0,-0.186718,-0.443609,-0.079005,-0.018503,0.764902,-0.088421,-0.067689,-0.106565,-0.08734,1.319513,1.177317,-0.182868,-0.001694,-0.286055,6.833333,0.017025,0.110783,0.098978
90,96.693657,990.400024,0.829334,0.835386,0.041667,0.0,0.334693,63935.0,0.320785,0.97614,0.124981,0.392337,-0.0611,0.543945,6.579868,-0.0002,-0.1,-0.002,-0.05,-0.06,-0.2,0.49667,-0.003118,-0.01512,-0.000278,-0.186587,-0.436063,-0.079409,-0.018396,0.759989,-0.088237,-0.067799,-0.108216,-0.086636,1.311218,1.152207,-0.179975,-0.00138,-0.257842,6.75,0.018113,0.118867,0.105329
91,100.984184,1000.0,0.823559,0.839458,0.083333,0.0,0.332044,58569.0,0.31807,0.968054,0.124939,0.385553,-0.061632,0.545715,6.587761,-0.0002,-0.1,-0.002,-0.05,-0.06,-0.2,0.497416,-0.003086,-0.01389,-0.000722,-0.186543,-0.433041,-0.078753,-0.018297,0.765969,-0.088013,-0.067881,-0.108066,-0.086149,1.337683,1.169449,-0.179174,-0.00152,-0.236118,6.666667,0.018896,0.111705,0.10815
92,95.135498,972.530029,0.802614,0.831546,0.166667,0.0,0.33015,56185.0,0.314057,0.93,0.121626,0.395228,-0.060611,0.552809,6.558854,-0.0002,-0.1,-0.002,-0.05,-0.06,-0.2,0.491905,-0.003137,-0.014063,-0.001127,-0.190991,-0.420619,-0.076337,-0.01803,0.763092,-0.083068,-0.06451,-0.103936,-0.088565,1.303084,1.206786,-0.174408,-0.001668,-0.358583,5.916667,0.019264,0.124922,0.127431
93,100.451263,1000.0,0.818658,0.838071,0.0,0.0,0.327647,55086.0,0.312324,0.941553,0.119898,0.378974,-0.056587,0.521682,6.565683,-0.0002,-0.1,-0.002,-0.05,-0.06,-0.2,0.500007,-0.003214,-0.016925,0.0,-0.184114,-0.419515,-0.076502,-0.01829,0.754521,-0.082968,-0.065498,-0.102347,-0.086478,1.369565,1.248209,-0.17314,-0.001451,-0.298368,5.583333,0.018393,0.118391,0.092511
94,101.626213,994.599976,0.82392,0.832428,0.083333,0.0,0.325548,57708.0,0.316887,0.926959,0.132069,0.404446,-0.062708,0.577773,6.540874,-0.0002,-0.1,-0.002,-0.05,-0.06,-0.2,0.496513,-0.003041,-0.014843,-0.000405,-0.185583,-0.414421,-0.077021,-0.018023,0.773324,-0.084116,-0.068077,-0.105899,-0.086656,1.331158,1.222866,-0.172216,-0.001208,-0.228896,5.5,0.016244,0.123572,0.112004
95,103.741989,1000.0,0.840653,0.842169,0.0,0.0,0.323723,60650.0,0.308988,0.933042,0.127234,0.393429,-0.059863,0.560385,6.538493,-0.0002,-0.1,-0.002,-0.05,-0.06,-0.2,0.500007,-0.003123,-0.014049,0.0,-0.186115,-0.409907,-0.075976,-0.018018,0.775431,-0.081583,-0.066194,-0.101577,-0.086682,1.381894,1.263267,-0.169981,-0.001408,-0.19725,6.708333,0.016387,0.097832,0.098808
96,103.148293,1000.0,0.822962,0.850788,0.0,0.0,0.321033,59002.0,0.314594,0.921988,0.123577,0.385597,-0.059134,0.548191,6.553609,-0.0002,-0.1,-0.002,-0.05,-0.06,-0.2,0.500007,-0.003127,-0.015095,0.0,-0.18172,-0.406731,-0.076845,-0.018016,0.758135,-0.081844,-0.066186,-0.101539,-0.084269,1.359758,1.266952,-0.169376,-0.001083,-0.20799,5.625,0.016489,0.112608,0.102626
97,101.036476,993.450012,0.83344,0.848913,0.083333,0.0,0.318682,58807.0,0.308968,0.928773,0.126335,0.401283,-0.062503,0.577712,6.57122,-0.0002,-0.1,-0.002,-0.05,-0.06,-0.2,0.49688,-0.003086,-0.01326,-0.000337,-0.194456,-0.40058,-0.075656,-0.018023,0.779151,-0.081676,-0.065306,-0.105807,-0.089343,1.356826,1.255012,-0.16703,-0.001077,-0.355436,5.875,0.016812,0.101765,0.099975
98,104.657104,1000.0,0.839994,0.85078,0.0,0.0,0.316681,57663.0,0.306445,0.895224,0.116988,0.369533,-0.056777,0.539404,6.548715,-0.0002,-0.1,-0.002,-0.05,-0.06,-0.2,0.500007,-0.003062,-0.014226,0.0,-0.173826,-0.395656,-0.074483,-0.017897,0.743546,-0.078943,-0.066118,-0.101268,-0.079904,1.39392,1.320208,-0.164921,-0.001028,-0.227453,6.130435,0.017513,0.110556,0.083549
99,104.184082,1000.0,0.835809,0.846224,0.0,0.0,0.314423,56753.0,0.304959,0.911962,0.120278,0.390388,-0.060085,0.569662,6.575375,-0.000275,-0.108333,-0.002167,-0.053125,-0.06375,-0.2125,0.500007,-0.003123,-0.013122,0.0,-0.189782,-0.394159,-0.076999,-0.018198,0.772784,-0.079021,-0.064208,-0.10553,-0.086603,1.377313,1.304862,-0.164816,-0.000908,-0.269717,5.791667,0.016675,0.100014,0.10544
100,104.602036,1000.0,0.837002,0.851175,0.0,0.0,0.311411,60184.0,0.304158,0.898147,0.124956,0.389307,-0.059529,0.58828,6.563842,-0.002,-0.3,-0.006,-0.125,-0.15,-0.5,0.500007,-0.003332,-0.012351,0.0,-0.180894,-0.387856,-0.073813,-0.018205,0.774295,-0.079476,-0.068907,-0.103293,-0.082262,1.400625,1.31612,-0.16454,-0.001048,-0.275348,4.958333,0.016736,0.107655,0.09475
101,106.834442,1000.0,0.838937,0.835734,0.041667,0.0,0.308551,56249.0,0.308037,0.896561,0.131807,0.401258,-0.059378,0.580418,6.535417,-0.002,-0.3,-0.006,-0.125,-0.15,-0.5,0.497065,-0.004032,-0.015132,-0.000333,-0.181617,-0.380449,-0.0754,-0.018913,0.768244,-0.080087,-0.070335,-0.09859,-0.08411,1.36107,1.311863,-0.167255,-0.001195,-0.245946,4.583333,0.016274,0.104231,0.108904
102,104.506294,986.409973,0.832736,0.82931,0.083333,0.0,0.306131,60118.0,0.294563,0.884032,0.118453,0.378964,-0.057738,0.572116,6.540344,-0.002,-0.3,-0.006,-0.125,-0.15,-0.5,0.495281,-0.004627,-0.01195,-0.000556,-0.183053,-0.375136,-0.071321,-0.019546,0.766101,-0.080163,-0.070676,-0.099745,-0.083455,1.400418,1.352844,-0.168723,-0.001102,-0.260673,3.875,0.015107,0.121675,0.107449
103,105.150795,988.530029,0.828278,0.829067,0.125,0.0,0.303889,54952.0,0.293423,0.866212,0.124501,0.374534,-0.057518,0.570827,6.529911,-0.002,-0.3,-0.006,-0.125,-0.15,-0.5,0.494921,-0.005122,-0.012826,-0.001127,-0.175216,-0.369696,-0.070066,-0.020081,0.765023,-0.081766,-0.074943,-0.096495,-0.080661,1.432608,1.354028,-0.171007,-0.000906,-0.263092,4.083333,0.017358,0.118373,0.10186
104,103.515968,976.289978,0.825739,0.833425,0.125,0.0,0.30107,62877.0,0.289584,0.865374,0.117627,0.377978,-0.058434,0.571105,6.513337,-0.002,-0.3,-0.006,-0.125,-0.15,-0.5,0.488989,-0.005716,-0.012576,-0.00125,-0.181431,-0.362091,-0.069603,-0.020524,0.767978,-0.083396,-0.07496,-0.098065,-0.083596,1.383984,1.34303,-0.172094,-0.00082,-0.299449,3.75,0.018795,0.123269,0.10849
105,106.786041,994.76001,0.844361,0.846767,0.043478,0.0,0.298695,62854.0,0.296001,0.880563,0.13107,0.396846,-0.06019,0.601491,6.506138,-0.002,-0.3,-0.006,-0.125,-0.15,-0.5,0.497153,-0.006387,-0.013315,-0.000435,-0.183094,-0.366112,-0.072732,-0.021963,0.778726,-0.086814,-0.080449,-0.100435,-0.083275,1.40339,1.362433,-0.179328,-0.001033,-0.267931,4.347826,0.014476,0.093002,0.095116
106,107.028244,989.679993,0.833595,0.846458,0.083333,0.0,0.295879,52233.0,0.291156,0.863352,0.127616,0.381553,-0.058248,0.583449,6.493074,-0.002,-0.3,-0.006,-0.125,-0.15,-0.5,0.495246,-0.006891,-0.011888,-0.00075,-0.176147,-0.360523,-0.069551,-0.022075,0.777138,-0.087285,-0.083453,-0.094863,-0.080361,1.420551,1.373233,-0.181259,-0.000992,-0.279634,4.125,0.015059,0.108788,0.106702
107,106.859459,988.950012,0.817471,0.839256,0.041667,0.0,0.293216,57377.0,0.290162,0.844904,0.11555,0.354653,-0.052429,0.529001,6.490209,-0.002,-0.3,-0.006,-0.125,-0.15,-0.5,0.495333,-0.007549,-0.012901,-0.000556,-0.163686,-0.353602,-0.06828,-0.022224,0.738044,-0.086077,-0.083515,-0.091904,-0.076366,1.425939,1.419093,-0.181521,-0.000862,-0.213898,3.208333,0.017124,0.10939,0.100718
108,106.852043,981.48999,0.794141,0.806318,0.217391,0.0,0.290671,61565.0,0.279423,0.809654,0.123879,0.375261,-0.057326,0.569835,6.460453,-0.002,-0.3,-0.006,-0.125,-0.15,-0.5,0.476675,-0.007915,-0.011586,-0.004348,-0.17677,-0.337444,-0.066965,-0.022571,0.756088,-0.086668,-0.085536,-0.088663,-0.081309,1.362834,1.369253,-0.180071,-0.00078,-0.249837,3.478261,0.020551,0.136559,0.137406
109,109.965775,1000.0,0.848204,0.855336,0.0,0.0,0.288479,64851.0,0.28534,0.867636,0.124076,0.373639,-0.055472,0.578532,6.452275,-0.002,-0.3,-0.006,-0.125,-0.15,-0.5,0.500007,-0.008638,-0.011632,0.0,-0.178973,-0.350609,-0.066894,-0.024292,0.782812,-0.088986,-0.087455,-0.092842,-0.082328,1.464837,1.447362,-0.189528,-0.000813,-0.232025,3.608696,0.012868,0.088569,0.107807
110,109.498016,989.530029,0.813511,0.824834,0.083333,0.0,0.286305,53655.0,0.286467,0.822992,0.132165,0.40169,-0.061969,0.624445,6.466506,-0.002,-0.3,-0.006,-0.125,-0.15,-0.5,0.492722,-0.009476,-0.01273,-0.001111,-0.18845,-0.341837,-0.069,-0.02524,0.790339,-0.088912,-0.092742,-0.09509,-0.0859,1.412596,1.46487,-0.193278,-0.000698,-0.240306,3.083333,0.018158,0.132307,0.1267
111,107.755608,992.880005,0.80925,0.840408,0.041667,0.0,0.284592,62659.0,0.288341,0.826139,0.128221,0.39796,-0.061271,0.613453,6.422657,-0.002,-0.3,-0.006,-0.125,-0.15,-0.5,0.492579,-0.009837,-0.012039,-0.000833,-0.185091,-0.34053,-0.071653,-0.026493,0.773822,-0.093483,-0.096396,-0.095972,-0.083655,1.40356,1.437953,-0.197053,-0.00068,-0.287458,3.541667,0.017444,0.10022,0.110593
112,106.526505,977.01001,0.820831,0.827739,0.173913,0.0,0.282055,61677.0,0.283713,0.808442,0.129543,0.392771,-0.059445,0.598818,6.423195,-0.002,-0.3,-0.006,-0.125,-0.15,-0.5,0.485724,-0.010278,-0.010614,-0.001739,-0.181279,-0.329294,-0.06826,-0.026341,0.774445,-0.093064,-0.097127,-0.089127,-0.08186,1.375616,1.443422,-0.196826,-0.000668,-0.228439,3.26087,0.0167,0.0979,0.108072
113,107.26178,958.809998,0.833989,0.83725,0.130435,0.0,0.279711,60036.0,0.279442,0.802864,0.130016,0.367035,-0.055253,0.575116,6.404321,-0.002,-0.3,-0.006,-0.125,-0.15,-0.5,0.483206,-0.010201,-0.011122,-0.001362,-0.165175,-0.324101,-0.06389,-0.026033,0.75989,-0.0928,-0.103102,-0.087729,-0.0754,1.40483,1.439665,-0.192722,-0.000804,-0.218539,3.391304,0.014438,0.102638,0.107959
114,107.695282,972.090027,0.860512,0.851821,0.083333,0.0,0.27769,66128.0,0.279695,0.817803,0.130311,0.384561,-0.05933,0.62361,6.433258,-0.002,-0.3,-0.006,-0.125,-0.15,-0.5,0.49517,-0.011049,-0.009288,-0.000833,-0.175476,-0.328851,-0.065296,-0.027542,0.787528,-0.096252,-0.106398,-0.089797,-0.079909,1.453394,1.50115,-0.202938,-0.000635,-0.331387,3.166667,0.015659,0.112678,0.113433
115,109.911018,987.070007,0.837905,0.84483,0.083333,0.0,0.275713,68138.0,0.280536,0.80289,0.128052,0.367515,-0.054829,0.575211,6.417043,-0.002,-0.3,-0.006,-0.125,-0.15,-0.5,0.491408,-0.011954,-0.012521,-0.00125,-0.166365,-0.323333,-0.066371,-0.028091,0.756569,-0.096991,-0.108953,-0.089101,-0.076675,1.443341,1.50321,-0.203648,-0.00081,-0.287836,2.916667,0.018027,0.117192,0.107861
116,111.59716,996.450012,0.854306,0.871514,0.0,0.0,0.273664,62840.0,0.278784,0.817088,0.115389,0.358283,-0.054466,0.571518,6.41172,-0.002,-0.3,-0.006,-0.125,-0.15,-0.5,0.500007,-0.012763,-0.00988,0.0,-0.168367,-0.324388,-0.064543,-0.028831,0.759451,-0.097912,-0.105164,-0.08943,-0.07586,1.473078,1.548104,-0.208927,-0.000697,-0.250265,3.217391,0.015536,0.086599,0.106828
117,112.339615,1000.0,0.853355,0.866717,0.0,0.0,0.271378,62111.0,0.277187,0.793413,0.11967,0.368192,-0.054738,0.596389,6.389651,-0.002,-0.3,-0.006,-0.125,-0.15,-0.5,0.500007,-0.013337,-0.010554,0.0,-0.168719,-0.318319,-0.064099,-0.029462,0.76706,-0.096421,-0.110085,-0.086801,-0.076749,1.489359,1.592578,-0.208964,-0.000645,-0.204839,3.772727,0.017137,0.103532,0.08703
118,114.825859,1000.0,0.872638,0.857567,0.0,0.0,0.269713,62071.0,0.277614,0.801004,0.121645,0.364875,-0.056414,0.597686,6.413155,-0.002,-0.3,-0.006,-0.125,-0.15,-0.5,0.500007,-0.013411,-0.010551,0.0,-0.167757,-0.316572,-0.064477,-0.030499,0.767114,-0.098519,-0.113922,-0.088506,-0.075693,1.484384,1.599564,-0.212473,-0.000652,-0.158989,2.956522,0.016303,0.089468,0.112634
119,114.034805,992.450012,0.856299,0.834736,0.090909,0.0,0.267628,64388.0,0.276735,0.805476,0.131709,0.385353,-0.056404,0.601709,6.379889,-0.002,-0.3,-0.006,-0.125,-0.15,-0.5,0.495838,-0.014575,-0.009865,-0.00097,-0.176416,-0.311055,-0.063892,-0.03093,0.790384,-0.100568,-0.113675,-0.08628,-0.080064,1.466993,1.578485,-0.215318,-0.000689,-0.200899,2.909091,0.015709,0.093869,0.104906
120,114.525696,993.840027,0.823287,0.848736,0.043478,0.0,0.265415,69408.0,0.281639,0.815932,0.122596,0.378591,-0.055629,0.599909,6.380802,-0.002,-0.3,-0.006,-0.125,-0.15,-0.5,0.498909,-0.015183,-0.011441,-0.00087,-0.177038,-0.309536,-0.064679,-0.031735,0.790342,-0.102358,-0.118413,-0.089532,-0.079641,1.442189,1.587366,-0.217786,-0.000657,-0.141142,3.217391,0.017122,0.115787,0.109196
121,112.116234,993.049988,0.860029,0.866221,0.086957,0.0,0.263962,61465.0,0.276339,0.795885,0.128283,0.378454,-0.055749,0.61433,6.377006,-0.002,-0.3,-0.006,-0.125,-0.15,-0.5,0.498294,-0.014888,-0.008638,-0.000411,-0.175574,-0.307958,-0.061894,-0.031576,0.796063,-0.105254,-0.121203,-0.085995,-0.079348,1.471637,1.597156,-0.220264,-0.000674,-0.310942,3.869565,0.014948,0.102551,0.120183
122,113.777893,999.940002,0.875874,0.868484,0.047619,0.0,0.262009,70197.0,0.283874,0.821383,0.13596,0.39741,-0.060981,0.647461,6.359425,-0.002,-0.3,-0.006,-0.125,-0.15,-0.5,0.499923,-0.015575,-0.009679,-0.000952,-0.177752,-0.30718,-0.065411,-0.033531,0.799637,-0.110603,-0.132441,-0.092998,-0.08181,1.461088,1.55387,-0.22824,-0.000594,-0.2106,2.761905,0.015515,0.107083,0.116945
123,113.162979,997.169983,0.863447,0.860142,0.045455,0.0,0.260331,65327.0,0.27059,0.793105,0.124599,0.38625,-0.058254,0.622567,6.334236,-0.002,-0.3,-0.006,-0.125,-0.15,-0.5,0.497901,-0.01679,-0.01049,-0.000606,-0.17778,-0.299987,-0.06326,-0.033532,0.787482,-0.105202,-0.121537,-0.087882,-0.080231,1.494284,1.6361,-0.226336,-0.000705,-0.291601,2.772727,0.011816,0.089782,0.104419
124,115.9897,997.22998,0.860185,0.860674,0.0,0.0,0.258608,65600.0,0.270117,0.792666,0.129551,0.373557,-0.055264,0.601612,6.338112,-0.002,-0.3,-0.006,-0.125,-0.15,-0.5,0.500007,-0.017283,-0.01025,0.0,-0.176257,-0.296506,-0.062257,-0.034102,0.7976,-0.105845,-0.128745,-0.0833,-0.080008,1.50031,1.656974,-0.226644,-0.000486,-0.164675,2.954545,0.01264,0.097418,0.104673
125,113.288208,997.130005,0.853897,0.856986,0.045455,0.0,0.256757,63833.0,0.268918,0.772028,0.117122,0.337781,-0.049095,0.534855,6.294849,-0.002,-0.3,-0.006,-0.125,-0.15,-0.5,0.496734,-0.018156,-0.010616,-0.000909,-0.154678,-0.289479,-0.060471,-0.034906,0.749866,-0.105578,-0.125661,-0.079967,-0.070892,1.494748,1.677348,-0.227862,-0.000585,-0.290788,23.727274,0.014199,0.107167,0.101135
126,116.52153,1000.0,0.883082,0.857734,0.041667,0.0,0.254747,60751.0,0.270017,0.765684,0.128562,0.375444,-0.05448,0.613279,6.334827,-0.002,-0.3,-0.006,-0.125,-0.15,-0.5,0.498861,-0.018273,-0.009985,-0.000167,-0.168966,-0.288577,-0.061787,-0.035621,0.786193,-0.1086,-0.129936,-0.08342,-0.076266,1.508244,1.683357,-0.231297,-0.000727,-0.264385,6.791667,0.013409,0.102765,0.089911
127,115.800034,998.030029,0.864601,0.867491,0.041667,0.0,0.253408,64763.0,0.268403,0.769561,0.133733,0.381972,-0.055331,0.630372,6.338958,-0.002,-0.3,-0.006,-0.125,-0.15,-0.5,0.499548,-0.018645,-0.010133,-0.000185,-0.172758,-0.286188,-0.060199,-0.036173,0.806394,-0.109077,-0.136151,-0.081239,-0.078185,1.512087,1.705919,-0.233524,-0.000799,-0.317986,7.0,0.0144,0.094295,0.095489
128,116.973152,1000.0,0.862757,0.856966,0.083333,0.0,0.251453,64418.0,0.265218,0.761608,0.133561,0.383585,-0.055419,0.632294,6.321311,-0.002,-0.3,-0.006,-0.125,-0.15,-0.5,0.497457,-0.019487,-0.010696,-0.000446,-0.174986,-0.280426,-0.059932,-0.036535,0.806475,-0.1094,-0.135642,-0.081842,-0.079093,1.501984,1.715514,-0.23436,-0.000669,-0.256578,6.416667,0.015878,0.104341,0.115209
129,116.8377,991.059998,0.872178,0.863788,0.083333,0.0,0.250123,62323.0,0.264401,0.757759,0.133251,0.364529,-0.052999,0.598766,6.324205,-0.002,-0.3,-0.006,-0.125,-0.15,-0.5,0.494664,-0.019481,-0.010155,-0.000476,-0.164158,-0.275123,-0.058609,-0.036869,0.782781,-0.109514,-0.139082,-0.078859,-0.074223,1.491631,1.715689,-0.234315,-0.000722,-0.290545,7.25,0.013996,0.109816,0.102868
130,116.511253,993.890015,0.86616,0.8534,0.166667,0.0,0.247991,64335.0,0.26315,0.75878,0.135701,0.386721,-0.055397,0.63712,6.303407,-0.002,-0.3,-0.006,-0.125,-0.15,-0.5,0.496696,-0.020471,-0.00981,-0.000565,-0.172402,-0.27439,-0.058226,-0.037354,0.80723,-0.111973,-0.138979,-0.078761,-0.077761,1.506999,1.726473,-0.239906,-0.000794,-0.321815,7.75,0.01617,0.10083,0.103904
131,116.65255,999.619995,0.863417,0.86211,0.125,0.0,0.245829,63886.0,0.264332,0.752195,0.130165,0.36859,-0.053466,0.607135,6.308748,-0.002,-0.3,-0.006,-0.125,-0.15,-0.5,0.497702,-0.020877,-0.009644,-0.000643,-0.165407,-0.271048,-0.057872,-0.038606,0.784886,-0.112332,-0.144052,-0.078831,-0.075225,1.502481,1.754687,-0.24131,-0.000718,-0.247975,7.125,0.016947,0.102044,0.104291
132,119.761864,999.690002,0.864858,0.864243,0.083333,0.0,0.243658,59025.0,0.259818,0.74767,0.132423,0.370722,-0.052069,0.62671,6.284079,-0.002,-0.3,-0.006,-0.125,-0.15,-0.5,0.498762,-0.021495,-0.010825,-0.000625,-0.168685,-0.267144,-0.056691,-0.038641,0.798375,-0.111776,-0.147273,-0.078151,-0.076579,1.548971,1.787691,-0.239666,-0.000702,-0.252072,6.25,0.01546,0.105345,0.087583
133,117.617073,996.73999,0.853976,0.849152,0.166667,0.0,0.241587,65837.0,0.257145,0.741972,0.125433,0.357421,-0.050573,0.592826,6.294099,-0.002,-0.3,-0.006,-0.125,-0.15,-0.5,0.492788,-0.021996,-0.009248,-0.001018,-0.160821,-0.261663,-0.056127,-0.038859,0.777699,-0.112534,-0.145101,-0.075116,-0.072747,1.509849,1.771337,-0.240904,-0.000816,-0.274834,6.791667,0.015311,0.101015,0.114833
134,120.242325,994.77002,0.837502,0.840987,0.25,0.0,0.240066,63823.0,0.251066,0.718201,0.12833,0.354762,-0.050187,0.591516,6.276732,-0.002,-0.3,-0.006,-0.125,-0.15,-0.5,0.487376,-0.022505,-0.010384,-0.001575,-0.161123,-0.254034,-0.053981,-0.038235,0.775819,-0.111229,-0.143114,-0.073791,-0.07272,1.499408,1.781983,-0.238146,-0.000789,-0.263913,5.541667,0.016813,0.105767,0.131228
135,117.49691,980.080017,0.862437,0.853291,0.166667,0.0,0.238607,61950.0,0.249408,0.718328,0.123191,0.354238,-0.050797,0.595418,6.279151,-0.002,-0.3,-0.006,-0.125,-0.15,-0.5,0.487928,-0.022693,-0.008582,-0.001071,-0.158875,-0.253434,-0.055843,-0.039953,0.764974,-0.114502,-0.148398,-0.073342,-0.071602,1.511713,1.775877,-0.243151,-0.00068,-0.226411,5.25,0.015266,0.097574,0.118274
136,118.694664,990.97998,0.875401,0.859665,0.041667,0.0,0.236092,59199.0,0.257576,0.728261,0.132218,0.367698,-0.05318,0.616216,6.299983,-0.002,-0.3,-0.006,-0.125,-0.15,-0.5,0.495303,-0.023145,-0.009087,-0.000417,-0.160844,-0.255358,-0.056656,-0.040714,0.781808,-0.115236,-0.157129,-0.074429,-0.072205,1.516552,1.83108,-0.250263,-0.000732,-0.325022,6.125,0.014171,0.088543,0.104903
137,121.160057,1000.0,0.868522,0.869368,0.0,0.0,0.234286,58397.0,0.257913,0.728715,0.129719,0.360657,-0.051895,0.608208,6.248008,-0.002,-0.3,-0.006,-0.125,-0.15,-0.5,0.500007,-0.023988,-0.009206,0.0,-0.158504,-0.253189,-0.055154,-0.041687,0.783424,-0.117487,-0.157566,-0.074342,-0.071292,1.545535,1.859142,-0.252927,-0.000655,-0.22792,6.666667,0.016293,0.0881,0.102391
138,118.264694,978.23999,0.854295,0.849247,0.208333,0.0,0.231654,65312.0,0.248072,0.69962,0.124332,0.346278,-0.048584,0.58771,6.28202,-0.002,-0.3,-0.006,-0.125,-0.15,-0.5,0.487355,-0.024097,-0.009812,-0.001701,-0.154074,-0.241267,-0.051748,-0.040626,0.761498,-0.112831,-0.152573,-0.070059,-0.070569,1.521743,1.860948,-0.244588,-0.000767,-0.307989,5.583333,0.017864,0.123687,0.117153
139,119.758408,992.599976,0.860301,0.852665,0.166667,0.0,0.230024,65012.0,0.247778,0.709189,0.134442,0.362159,-0.05148,0.616753,6.250324,-0.002,-0.3,-0.006,-0.125,-0.15,-0.5,0.487185,-0.024047,-0.008003,-0.001118,-0.158991,-0.242206,-0.053494,-0.041961,0.791016,-0.116588,-0.161515,-0.070266,-0.072186,1.516367,1.833093,-0.250666,-0.00084,-0.3353,5.958333,0.013784,0.098872,0.109774
140,122.261719,990.73999,0.871963,0.871725,0.086957,0.0,0.228607,68430.0,0.249443,0.711887,0.132665,0.351375,-0.049188,0.608626,6.2392,-0.002,-0.3,-0.006,-0.125,-0.15,-0.5,0.495203,-0.024436,-0.008834,-0.000596,-0.15145,-0.241635,-0.05129,-0.042422,0.78265,-0.118401,-0.164497,-0.068358,-0.068406,1.549889,1.884143,-0.253549,-0.000693,-0.22448,5.73913,0.014437,0.090637,0.106674
141,121.937668,993.960022,0.875024,0.858056,0.041667,0.0,0.226329,61526.0,0.251327,0.717218,0.132744,0.36734,-0.051804,0.621441,6.226299,-0.002,-0.3,-0.006,-0.125,-0.15,-0.5,0.497486,-0.026181,-0.009156,-0.000333,-0.161422,-0.240215,-0.054556,-0.04409,0.791454,-0.120202,-0.163368,-0.070199,-0.072902,1.551021,1.899114,-0.259803,-0.000729,-0.246943,5.333333,0.015076,0.100927,0.106144
142,123.744751,988.380005,0.875738,0.859542,0.083333,0.0,0.224926,59174.0,0.240824,0.704548,0.124718,0.341992,-0.04651,0.588781,6.206809,-0.002,-0.3,-0.006,-0.125,-0.15,-0.5,0.493765,-0.026346,-0.009627,-0.000889,-0.148196,-0.232456,-0.049866,-0.042729,0.772497,-0.113768,-0.154835,-0.066576,-0.068372,1.57425,1.944599,-0.250465,-0.00066,-0.18098,4.875,0.015157,0.096051,0.113165
143,123.51133,994.450012,0.885818,0.874242,0.041667,0.0,0.22258,66263.0,0.245893,0.702992,0.132011,0.361303,-0.049739,0.620648,6.2068,-0.002,-0.3,-0.006,-0.125,-0.15,-0.5,0.498076,-0.026015,-0.008386,-0.000278,-0.154642,-0.2339,-0.051707,-0.043295,0.788468,-0.117006,-0.162211,-0.068674,-0.071106,1.573388,1.949946,-0.254278,-0.000562,-0.239783,4.708333,0.013101,0.09394,0.098917
144,121.563263,991.859985,0.865992,0.864137,0.041667,0.0,0.221169,68440.0,0.252093,0.697231,0.13656,0.364297,-0.051397,0.623931,6.206919,-0.002,-0.3,-0.006,-0.125,-0.15,-0.5,0.495762,-0.025348,-0.009732,-0.000417,-0.157253,-0.229792,-0.052534,-0.043753,0.786113,-0.118001,-0.169682,-0.069804,-0.072018,1.533058,1.936077,-0.249803,-0.000617,-0.276612,3.791667,0.015096,0.076632,0.113205
145,124.633934,995.030029,0.869383,0.869952,0.041667,0.0,0.219458,65928.0,0.246084,0.687981,0.129903,0.347968,-0.046806,0.596115,6.162502,-0.002,-0.3,-0.006,-0.125,-0.15,-0.5,0.497932,-0.025807,-0.009616,-0.000333,-0.147426,-0.227023,-0.050379,-0.042979,0.77065,-0.113066,-0.166132,-0.06566,-0.067572,1.581585,2.002038,-0.246373,-0.000674,-0.22761,3.875,0.015951,0.088061,0.106961
146,124.823586,982.5,0.871521,0.854289,0.130435,0.0,0.217765,61314.0,0.241007,0.689549,0.133073,0.361066,-0.049442,0.619992,6.15222,-0.002,-0.3,-0.006,-0.125,-0.15,-0.5,0.49061,-0.024891,-0.009095,-0.001304,-0.150901,-0.222421,-0.049583,-0.041573,0.777981,-0.111133,-0.155904,-0.065005,-0.069305,1.540485,1.965393,-0.241948,-0.000753,-0.163212,4.26087,0.016446,0.096613,0.129511
147,126.148888,994.849976,0.884169,0.867643,0.083333,0.0,0.216466,54531.0,0.244109,0.69965,0.130581,0.354026,-0.047996,0.611537,6.154123,-0.002,-0.3,-0.006,-0.125,-0.15,-0.5,0.498045,-0.025415,-0.009169,-0.000694,-0.146802,-0.220384,-0.049071,-0.042081,0.778161,-0.112161,-0.157486,-0.064966,-0.067384,1.573968,2.003066,-0.240175,-0.000616,-0.14459,3.916667,0.013342,0.093438,0.101354
148,126.822105,981.590027,0.866821,0.867009,0.083333,0.0,0.214436,62591.0,0.236526,0.666446,0.139188,0.354608,-0.04793,0.602267,6.163074,-0.002,-0.3,-0.006,-0.125,-0.15,-0.5,0.492144,-0.024865,-0.008466,-0.000694,-0.149445,-0.215583,-0.047394,-0.040916,0.794705,-0.106028,-0.155416,-0.060946,-0.068706,1.573221,2.034894,-0.234146,-0.000622,-0.161214,3.708333,0.016773,0.089572,0.095622
149,125.173744,1000.0,0.881288,0.865778,0.0,0.0,0.212319,66405.0,0.247834,0.694069,0.140877,0.361445,-0.049873,0.618298,6.143333,-0.002,-0.3,-0.006,-0.125,-0.15,-0.5,0.500007,-0.025128,-0.009551,0.0,-0.14981,-0.218586,-0.051112,-0.042763,0.78469,-0.112111,-0.165933,-0.065424,-0.068737,1.562336,2.02285,-0.238991,-0.000733,-0.353235,3.708333,0.013482,0.093619,0.106993
150,126.25985,1000.0,0.848818,0.862647,0.0,0.0,0.210804,67537.0,0.247724,0.672279,0.137279,0.36487,-0.049431,0.608671,6.157452,-0.002,-0.3,-0.006,-0.125,-0.15,-0.5,0.500007,-0.025737,-0.009899,0.0,-0.152401,-0.213955,-0.049354,-0.04185,0.788247,-0.106416,-0.15775,-0.06383,-0.070515,1.547613,2.09743,-0.235331,-0.000822,-0.269851,3.478261,0.016177,0.106089,0.101559
151,129.181061,1000.0,0.879771,0.867599,0.0,0.0,0.209502,68924.0,0.23849,0.67914,0.131662,0.340481,-0.046398,0.59846,6.150314,-0.002,-0.3,-0.006,-0.125,-0.15,-0.5,0.500007,-0.025017,-0.007754,0.0,-0.143541,-0.21177,-0.046985,-0.041092,0.782843,-0.105717,-0.154914,-0.061218,-0.065419,1.61462,2.101996,-0.231256,-0.000642,-0.237668,3.347826,0.013461,0.101897,0.089405
152,128.473877,992.210022,0.869993,0.873844,0.083333,0.0,0.208033,64991.0,0.239204,0.67499,0.138221,0.361756,-0.049167,0.633165,6.126493,-0.002,-0.3,-0.006,-0.125,-0.15,-0.5,0.497285,-0.024499,-0.007966,-0.000611,-0.150938,-0.208742,-0.046948,-0.039905,0.795639,-0.106432,-0.153819,-0.061262,-0.068077,1.558537,2.077293,-0.228742,-0.000498,-0.215255,3.166667,0.014909,0.094953,0.110839
153,126.809509,989.210022,0.89486,0.887497,0.041667,0.0,0.206866,62595.0,0.239694,0.680301,0.133828,0.341805,-0.046731,0.610887,6.130435,-0.002,-0.3,-0.006,-0.125,-0.15,-0.5,0.499412,-0.023735,-0.007265,-0.000152,-0.143583,-0.207369,-0.047188,-0.041076,0.795745,-0.106608,-0.165019,-0.062058,-0.065442,1.60217,2.082531,-0.22451,-0.000539,-0.333804,3.541667,0.016125,0.086788,0.097186
154,128.408966,993.880005,0.877177,0.862678,0.043478,0.0,0.205467,72376.0,0.240865,0.673093,0.141154,0.359813,-0.048327,0.641422,6.095375,-0.002,-0.3,-0.006,-0.125,-0.15,-0.5,0.497341,-0.024277,-0.009079,-0.000348,-0.144211,-0.204403,-0.047169,-0.04062,0.797723,-0.105583,-0.1599,-0.063409,-0.06694,1.573254,2.084075,-0.224137,-0.000563,-0.208334,3.652174,0.015294,0.09694,0.121642
155,129.266403,990.780029,0.885809,0.860334,0.043478,0.0,0.204319,72779.0,0.235863,0.66738,0.138776,0.362021,-0.047685,0.635011,6.100598,-0.002,-0.3,-0.006,-0.125,-0.15,-0.5,0.498316,-0.024593,-0.007347,-0.000435,-0.145392,-0.200735,-0.045755,-0.039346,0.803575,-0.099755,-0.150208,-0.059018,-0.067683,1.578153,2.143484,-0.21951,-0.00061,-0.284577,3.347826,0.014681,0.094394,0.117524
156,128.241516,985.0,0.854632,0.845625,0.125,0.0,0.202791,70226.0,0.229002,0.638509,0.125067,0.328676,-0.043208,0.581155,6.112714,-0.002,-0.3,-0.006,-0.125,-0.15,-0.5,0.490698,-0.024345,-0.008082,-0.001306,-0.134671,-0.193609,-0.043058,-0.038501,0.744467,-0.095713,-0.141949,-0.054367,-0.060668,1.571473,2.160552,-0.212549,-0.000558,-0.245992,3.0,0.019419,0.103026,0.129798
157,130.152649,990.01001,0.889342,0.869107,0.0,0.0,0.200971,71850.0,0.238144,0.665424,0.156223,0.388783,-0.051672,0.675097,6.108766,-0.002,-0.3,-0.006,-0.125,-0.15,-0.5,0.500007,-0.024525,-0.007271,0.0,-0.157916,-0.196532,-0.046708,-0.040621,0.83647,-0.099188,-0.151888,-0.058697,-0.074091,1.596286,2.164894,-0.217477,-0.000571,-0.355346,3.043478,0.014222,0.090896,0.121018
158,132.012039,996.390015,0.870401,0.870579,0.086957,0.0,0.199505,72305.0,0.228246,0.643681,0.139677,0.362938,-0.046902,0.649496,6.077956,-0.002,-0.3,-0.006,-0.125,-0.15,-0.5,0.498093,-0.024651,-0.008557,-0.000783,-0.148796,-0.191171,-0.043984,-0.038852,0.795763,-0.095013,-0.143786,-0.056963,-0.068202,1.609342,2.218122,-0.210572,-0.000627,-0.224774,3.304348,0.015119,0.091237,0.110084
159,131.92424,988.630005,0.869588,0.854015,0.086957,0.0,0.198317,64232.0,0.224421,0.649715,0.132146,0.352901,-0.046678,0.638172,6.059445,-0.002,-0.3,-0.006,-0.125,-0.15,-0.5,0.485909,-0.023633,-0.00801,-0.002609,-0.14301,-0.187141,-0.044675,-0.038306,0.782728,-0.096667,-0.145259,-0.059776,-0.066126,1.570429,2.111859,-0.206645,-0.000628,-0.346142,3.434783,0.016633,0.109887,0.117168
160,130.433807,985.76001,0.867748,0.854236,0.086957,0.0,0.196943,73154.0,0.230813,0.648777,0.136771,0.350004,-0.046492,0.625264,6.082479,-0.002,-0.3,-0.006,-0.125,-0.15,-0.5,0.492622,-0.023502,-0.009304,-0.001014,-0.145372,-0.18709,-0.044892,-0.039302,0.785894,-0.094376,-0.151336,-0.056452,-0.067478,1.590778,2.176734,-0.205679,-0.000745,-0.207997,2.782609,0.016207,0.116955,0.122027
161,132.786896,997.890015,0.876468,0.854859,0.043478,0.0,0.195372,72468.0,0.232741,0.648815,0.135618,0.347813,-0.045988,0.627915,6.07846,-0.002,-0.3,-0.006,-0.125,-0.15,-0.5,0.498854,-0.024427,-0.011252,-0.000435,-0.146461,-0.186148,-0.043621,-0.038626,0.799303,-0.092784,-0.149838,-0.056456,-0.067576,1.601535,2.252491,-0.204117,-0.000779,-0.294534,3.043478,0.016757,0.09299,0.12358
162,135.356567,993.909973,0.891394,0.873773,0.043478,0.0,0.194042,72130.0,0.228076,0.646109,0.142995,0.341429,-0.044342,0.628405,6.032975,-0.002,-0.3,-0.006,-0.125,-0.15,-0.5,0.497115,-0.023551,-0.007138,-0.00058,-0.138855,-0.184178,-0.042916,-0.038677,0.8064,-0.093376,-0.151133,-0.054815,-0.06378,1.632104,2.231787,-0.201797,-0.000553,-0.221788,3.956522,0.013969,0.091126,0.1137
163,136.390564,1000.0,0.894207,0.881252,0.0,0.0,0.192897,73522.0,0.226881,0.650349,0.135244,0.336062,-0.045148,0.617022,6.08858,-0.002,-0.3,-0.006,-0.125,-0.15,-0.5,0.500007,-0.023149,-0.005652,0.0,-0.134547,-0.183285,-0.042092,-0.037452,0.784528,-0.093834,-0.151016,-0.0541,-0.061617,1.638418,2.251057,-0.200311,-0.000372,-0.153766,3.045455,0.016333,0.081535,0.099006
164,135.834183,1000.0,0.887685,0.883891,0.0,0.0,0.191659,74278.0,0.231382,0.653085,0.152492,0.374119,-0.049075,0.66964,6.050822,-0.002,-0.3,-0.006,-0.125,-0.15,-0.5,0.500007,-0.023926,-0.008216,0.0,-0.152042,-0.180935,-0.046287,-0.039528,0.829752,-0.093193,-0.153878,-0.059611,-0.07002,1.615887,2.245052,-0.203017,-0.000554,-0.373111,2.863636,0.018265,0.092742,0.108427
165,134.605392,991.070007,0.85104,0.857358,0.047619,0.0,0.190412,66462.0,0.222523,0.622707,0.140963,0.346091,-0.044812,0.629604,6.022348,-0.002,-0.3,-0.006,-0.125,-0.15,-0.5,0.489364,-0.023082,-0.008902,-0.000952,-0.138465,-0.174259,-0.042276,-0.037951,0.785665,-0.087446,-0.145899,-0.054694,-0.063762,1.590878,2.254141,-0.192794,-0.00116,-0.225086,2.666667,0.012348,0.089926,0.132534
166,137.880646,1000.0,0.878938,0.873856,0.045455,0.0,0.188802,73376.0,0.228099,0.631331,0.145071,0.358709,-0.047717,0.64851,6.024726,-0.002,-0.3,-0.006,-0.125,-0.15,-0.5,0.496626,-0.022818,-0.007043,-0.000455,-0.142275,-0.175694,-0.04267,-0.037902,0.807324,-0.091097,-0.150085,-0.055335,-0.066462,1.605929,2.274486,-0.195894,-0.000501,-0.18423,23.045456,0.014876,0.086009,0.119906
167,136.819443,994.890015,0.855286,0.856026,0.045455,0.0,0.187473,73322.0,0.227794,0.644078,0.131374,0.341721,-0.044402,0.590385,6.029363,-0.002,-0.3,-0.006,-0.125,-0.15,-0.5,0.494188,-0.02384,-0.006296,-0.000909,-0.135905,-0.172409,-0.042792,-0.037213,0.779189,-0.088734,-0.138862,-0.053588,-0.063131,1.567561,2.273128,-0.192273,-0.000375,-0.164164,4.454545,0.018173,0.118795,0.142426
168,137.514175,1000.0,0.888328,0.869128,0.0,0.0,0.186323,69565.0,0.221861,0.634022,0.138876,0.349077,-0.044345,0.638838,5.996062,-0.002,-0.3,-0.006,-0.125,-0.15,-0.5,0.500007,-0.024082,-0.007987,0.0,-0.139051,-0.171733,-0.042251,-0.037158,0.800505,-0.087789,-0.139964,-0.053385,-0.064125,1.644848,2.331785,-0.190909,-0.000435,-0.256938,7.583333,0.013865,0.099151,0.101959
169,140.59642,999.299988,0.89259,0.871874,0.041667,0.0,0.184898,70535.0,0.224224,0.634922,0.141702,0.348751,-0.044725,0.638062,6.006642,-0.002,-0.3,-0.006,-0.125,-0.15,-0.5,0.499883,-0.023354,-0.009168,-0.000139,-0.140486,-0.168653,-0.040401,-0.036838,0.809987,-0.084553,-0.140711,-0.051881,-0.065583,1.632027,2.366276,-0.187158,-0.000505,-0.203702,6.166667,0.015398,0.086513,0.103928
170,140.575348,1000.0,0.889417,0.872659,0.0,0.0,0.183579,70257.0,0.219086,0.62477,0.143931,0.353961,-0.045434,0.658165,5.973412,-0.002,-0.3,-0.006,-0.125,-0.15,-0.5,0.500007,-0.023286,-0.005913,0.0,-0.137593,-0.168091,-0.041041,-0.036656,0.810991,-0.086278,-0.141429,-0.051321,-0.063478,1.647773,2.361121,-0.186937,-0.000479,-0.303797,7.208333,0.015204,0.084693,0.107224
171,140.41449,1000.0,0.890392,0.870135,0.041667,0.0,0.182281,61599.0,0.217605,0.626061,0.139842,0.352134,-0.044728,0.649009,5.981,-0.002,-0.3,-0.006,-0.125,-0.15,-0.5,0.498312,-0.023333,-0.006322,-0.000556,-0.136439,-0.165517,-0.04129,-0.036291,0.809245,-0.084657,-0.13976,-0.052912,-0.062742,1.641292,2.367666,-0.185076,-0.000509,-0.31254,7.208333,0.014521,0.086253,0.110486
172,139.414764,999.340027,0.891344,0.878144,0.041667,0.0,0.18057,69804.0,0.218017,0.62117,0.143705,0.355347,-0.045023,0.659518,5.990325,-0.002,-0.3,-0.006,-0.125,-0.15,-0.5,0.499807,-0.023095,-0.006494,-0.000238,-0.137125,-0.163832,-0.040857,-0.036793,0.808939,-0.083581,-0.142219,-0.052425,-0.063188,1.655791,2.398843,-0.184554,-0.000517,-0.299888,7.5,0.015115,0.08928,0.091161
173,141.410156,1000.0,0.891718,0.881229,0.0,0.0,0.179561,70537.0,0.217308,0.611694,0.143315,0.348085,-0.044322,0.653327,5.952282,-0.002,-0.3,-0.006,-0.125,-0.15,-0.5,0.500007,-0.022871,-0.007715,0.0,-0.135922,-0.160498,-0.039529,-0.035791,0.815396,-0.081121,-0.136659,-0.050161,-0.06326,1.651939,2.440783,-0.179585,-0.000466,-0.292404,7.291667,0.013293,0.076116,0.108467
174,142.082611,998.710022,0.881936,0.873829,0.041667,0.0,0.178062,70580.0,0.213688,0.611642,0.131793,0.335639,-0.042359,0.616664,5.954401,-0.002,-0.3,-0.006,-0.125,-0.15,-0.5,0.499465,-0.023698,-0.007615,-0.000333,-0.129953,-0.157963,-0.039643,-0.035798,0.786378,-0.080862,-0.1314,-0.050533,-0.060034,1.656568,2.43779,-0.177059,-0.000309,-0.2041,5.958333,0.013996,0.080762,0.107687
175,142.780502,1000.0,0.9037,0.888472,0.0,0.0,0.176327,69497.0,0.213805,0.617332,0.141902,0.345647,-0.043936,0.647441,5.939298,-0.002,-0.3,-0.006,-0.125,-0.15,-0.5,0.500007,-0.022959,-0.00522,0.0,-0.134542,-0.157634,-0.039476,-0.035398,0.816313,-0.08165,-0.137613,-0.050047,-0.062069,1.659222,2.429112,-0.176833,-0.000324,-0.186209,6.625,0.014669,0.075387,0.102602
176,142.107193,1000.0,0.890332,0.876967,0.0,0.0,0.174858,61742.0,0.219053,0.613331,0.145777,0.352182,-0.044766,0.658168,5.929792,-0.002,-0.3,-0.006,-0.125,-0.15,-0.5,0.500007,-0.023228,-0.007408,0.0,-0.137312,-0.155667,-0.040204,-0.036234,0.817462,-0.079749,-0.140341,-0.050326,-0.063428,1.642541,2.450813,-0.176129,-0.000414,-0.238593,5.5,0.015378,0.08272,0.102852
177,144.049377,996.98999,0.881528,0.866262,0.083333,0.0,0.173596,68907.0,0.21267,0.605671,0.136243,0.344219,-0.043151,0.648632,5.906978,-0.002,-0.3,-0.006,-0.125,-0.15,-0.5,0.496961,-0.023466,-0.006611,-0.000694,-0.133403,-0.151078,-0.038344,-0.035184,0.802086,-0.07765,-0.126107,-0.050433,-0.062433,1.64464,2.467521,-0.17024,-0.000435,-0.200514,5.333333,0.016036,0.106992,0.101554
178,143.066528,990.390015,0.894565,0.86745,0.125,0.0,0.172131,70533.0,0.21392,0.604503,0.137354,0.336778,-0.042298,0.632979,5.904596,-0.002,-0.3,-0.006,-0.125,-0.15,-0.5,0.497095,-0.022647,-0.006343,-0.001193,-0.129071,-0.149726,-0.03807,-0.034897,0.799174,-0.077902,-0.134871,-0.048797,-0.061206,1.643948,2.467492,-0.168659,-0.000401,-0.223327,6.875,0.014677,0.108653,0.133023
179,142.069534,999.450012,0.880368,0.85977,0.041667,0.0,0.171028,70943.0,0.214355,0.599084,0.144764,0.342877,-0.043535,0.649754,5.925812,-0.002,-0.3,-0.006,-0.125,-0.15,-0.5,0.49984,-0.022299,-0.006574,-0.000238,-0.132038,-0.149205,-0.039167,-0.035208,0.805876,-0.077473,-0.13985,-0.04886,-0.061355,1.648896,2.497472,-0.169609,-0.00042,-0.274618,5.708333,0.015259,0.111282,0.113922
180,145.291641,1000.0,0.860761,0.856771,0.083333,0.0,0.169631,70491.0,0.211005,0.582558,0.149495,0.34002,-0.043182,0.646343,5.913692,-0.002,-0.3,-0.006,-0.125,-0.15,-0.5,0.491037,-0.021819,-0.00694,-0.000722,-0.128662,-0.144132,-0.037662,-0.034161,0.797274,-0.07555,-0.136308,-0.046581,-0.060158,1.626303,2.467807,-0.164014,-0.000412,-0.199073,5.875,0.013961,0.093697,0.135615
181,142.154587,990.140015,0.88537,0.867607,0.043478,0.0,0.168537,70950.0,0.208189,0.595343,0.145113,0.341121,-0.042777,0.648626,5.907834,-0.002,-0.3,-0.006,-0.125,-0.15,-0.5,0.496941,-0.022206,-0.005553,-0.000248,-0.128766,-0.144744,-0.037768,-0.034004,0.80494,-0.074857,-0.131257,-0.046886,-0.059318,1.652314,2.515904,-0.164943,-0.000415,-0.296202,5.956522,0.013136,0.083513,0.111997
182,146.425903,1000.0,0.891196,0.868046,0.083333,0.0,0.167355,62297.0,0.210329,0.584723,0.146086,0.347783,-0.043161,0.668586,5.856444,-0.002,-0.3,-0.006,-0.125,-0.15,-0.5,0.498069,-0.022726,-0.007996,-0.000833,-0.132465,-0.14158,-0.037552,-0.034287,0.815062,-0.072302,-0.130148,-0.046838,-0.061973,1.662179,2.566144,-0.161471,-0.000448,-0.296334,6.083333,0.014849,0.099776,0.133291
183,147.655411,998.109985,0.891294,0.88277,0.041667,0.0,0.166236,71108.0,0.206578,0.583572,0.139505,0.342684,-0.042263,0.658405,5.877271,-0.002,-0.3,-0.006,-0.125,-0.15,-0.5,0.499215,-0.022337,-0.006358,-0.000333,-0.12899,-0.139901,-0.036777,-0.033969,0.807605,-0.071583,-0.129806,-0.04541,-0.059752,1.668985,2.590541,-0.160649,-0.0004,-0.223865,4.541667,0.013112,0.085141,0.104751
184,146.408752,1000.0,0.902281,0.87627,0.0,0.0,0.164859,71296.0,0.209012,0.579615,0.150441,0.346436,-0.042725,0.662247,5.858184,-0.002,-0.3,-0.006,-0.125,-0.15,-0.5,0.500007,-0.021988,-0.006076,0.0,-0.126788,-0.13909,-0.03743,-0.033634,0.811015,-0.071963,-0.134399,-0.045164,-0.057892,1.663006,2.601481,-0.159535,-0.000362,-0.270602,4.708333,0.015292,0.076957,0.116919
185,143.746857,990.01001,0.879997,0.858043,0.041667,0.0,0.163445,69906.0,0.207125,0.57936,0.138448,0.33845,-0.041823,0.648005,5.867845,-0.002,-0.3,-0.006,-0.125,-0.15,-0.5,0.493062,-0.022045,-0.005695,-0.000556,-0.124613,-0.13588,-0.037145,-0.033801,0.786889,-0.07164,-0.130813,-0.046062,-0.058253,1.635518,2.549886,-0.156208,-0.000721,-0.280659,4.541667,0.017221,0.101917,0.136742
186,147.048584,993.960022,0.887887,0.867409,0.041667,0.0,0.16222,71258.0,0.203329,0.567858,0.1391,0.320441,-0.038595,0.61014,5.811603,-0.002,-0.3,-0.006,-0.125,-0.15,-0.5,0.497906,-0.021895,-0.006281,-0.000278,-0.117835,-0.133821,-0.03429,-0.032232,0.79186,-0.068439,-0.12495,-0.040451,-0.05478,1.682273,2.640958,-0.151875,-0.000329,-0.300249,4.25,0.014351,0.098561,0.123839
187,147.014938,998.859985,0.899737,0.872863,0.041667,0.0,0.160953,71104.0,0.208861,0.582086,0.153197,0.34419,-0.043584,0.667257,5.809133,-0.002,-0.3,-0.006,-0.125,-0.15,-0.5,0.499664,-0.021551,-0.005428,-0.000238,-0.130787,-0.134899,-0.03648,-0.034102,0.822193,-0.069497,-0.136643,-0.045832,-0.05986,1.670526,2.626102,-0.155994,-0.0003,-0.315063,4.166667,0.013629,0.099651,0.115793
188,148.65184,1000.0,0.904795,0.874799,0.0,0.0,0.159908,62648.0,0.205192,0.580723,0.151237,0.351899,-0.043698,0.67306,5.788406,-0.002,-0.3,-0.006,-0.125,-0.15,-0.5,0.500007,-0.021936,-0.005724,0.0,-0.130282,-0.133685,-0.036725,-0.033573,0.823247,-0.0698,-0.126891,-0.045393,-0.060909,1.670295,2.632599,-0.155241,-0.000305,-0.300729,4.086957,0.014125,0.087288,0.10879
189,149.465469,1000.0,0.89338,0.874797,0.0,0.0,0.158603,71587.0,0.199155,0.562275,0.14007,0.323435,-0.038544,0.633664,5.756137,-0.002,-0.3,-0.006,-0.125,-0.15,-0.5,0.500007,-0.022362,-0.006057,0.0,-0.121052,-0.128771,-0.033265,-0.032252,0.818413,-0.065803,-0.119439,-0.041516,-0.057159,1.708761,2.703458,-0.146099,-0.000389,-0.272021,3.875,0.011443,0.088225,0.098664
190,149.191528,1000.0,0.885895,0.863929,0.0,0.0,0.157326,72378.0,0.200731,0.563384,0.142762,0.354679,-0.042774,0.677514,5.771449,-0.002,-0.3,-0.006,-0.125,-0.15,-0.5,0.500007,-0.022693,-0.006784,0.0,-0.128121,-0.129308,-0.035951,-0.032919,0.811099,-0.06618,-0.117166,-0.042523,-0.060659,1.668374,2.702475,-0.150249,-0.000637,-0.296082,3.541667,0.015737,0.090108,0.108132
191,148.87645,1000.0,0.891439,0.856319,0.0,0.0,0.156415,73600.0,0.206066,0.566141,0.150943,0.345106,-0.04246,0.665541,5.787749,-0.002,-0.3,-0.006,-0.125,-0.15,-0.5,0.500007,-0.021316,-0.00521,0.0,-0.123441,-0.128424,-0.035954,-0.033259,0.812688,-0.06796,-0.132607,-0.044634,-0.057471,1.671564,2.676356,-0.150031,-0.000258,-0.255816,3.652174,0.016255,0.081664,0.115368
192,149.48848,994.909973,0.881334,0.869678,0.041667,0.0,0.155016,70792.0,0.197803,0.565235,0.148839,0.343074,-0.041604,0.669998,5.774147,-0.002,-0.3,-0.006,-0.125,-0.15,-0.5,0.498236,-0.020621,-0.0035,-0.000278,-0.119539,-0.127644,-0.035544,-0.032804,0.812431,-0.066137,-0.131557,-0.040766,-0.055005,1.692601,2.694722,-0.148092,-0.000351,-0.33853,3.583333,0.01375,0.08336,0.105467
193,152.987946,999.51001,0.905324,0.878047,0.043478,0.0,0.153569,73165.0,0.195657,0.570904,0.140899,0.330573,-0.040307,0.659643,5.731249,-0.002,-0.3,-0.006,-0.125,-0.15,-0.5,0.499644,-0.021748,-0.004031,-0.00058,-0.118459,-0.124386,-0.034606,-0.031652,0.817747,-0.064197,-0.119055,-0.04197,-0.055781,1.707727,2.735379,-0.144859,-0.0003,-0.123993,3.0,0.013248,0.096701,0.099518
194,152.321075,999.51001,0.884751,0.866904,0.0,0.0,0.152483,61898.0,0.197648,0.563002,0.143959,0.330329,-0.040385,0.643792,5.69267,-0.002,-0.3,-0.006,-0.125,-0.15,-0.5,0.500007,-0.022057,-0.005363,0.0,-0.122735,-0.122581,-0.034141,-0.031348,0.818325,-0.064307,-0.119093,-0.042016,-0.05744,1.697246,2.741336,-0.141973,-0.000352,-0.211528,3.333333,0.011308,0.091116,0.102549
195,150.996857,995.820007,0.907364,0.872904,0.041667,0.0,0.151491,70929.0,0.19639,0.555964,0.144443,0.335382,-0.039768,0.672334,5.684444,-0.002,-0.3,-0.006,-0.125,-0.15,-0.5,0.49876,-0.021724,-0.005119,-0.000238,-0.119856,-0.120568,-0.03387,-0.032038,0.809594,-0.064034,-0.118058,-0.04248,-0.056282,1.696007,2.740068,-0.140734,-0.000513,-0.274727,3.625,0.014179,0.053503,0.088356
196,152.830032,987.219971,0.883715,0.848414,0.086957,0.0,0.150406,73140.0,0.190562,0.546713,0.141245,0.337194,-0.040049,0.670138,5.695109,-0.002,-0.3,-0.006,-0.125,-0.15,-0.5,0.492028,-0.021298,-0.004047,-0.001014,-0.116329,-0.118074,-0.033199,-0.030799,0.804516,-0.062028,-0.115235,-0.040021,-0.053793,1.676924,2.727778,-0.138932,-0.000238,-0.208656,3.478261,0.01506,0.095535,0.127017
197,153.646393,992.849976,0.895975,0.861534,0.0,0.0,0.149286,73707.0,0.18948,0.54384,0.144907,0.327387,-0.038741,0.665044,5.655655,-0.002,-0.3,-0.006,-0.125,-0.15,-0.5,0.500007,-0.02096,-0.003153,0.0,-0.112979,-0.116721,-0.03102,-0.029828,0.813503,-0.057926,-0.113355,-0.038006,-0.052281,1.720691,2.858059,-0.136134,-0.000312,-0.2963,3.347826,0.012947,0.089722,0.124335
198,153.251648,1000.0,0.893544,0.864819,0.0,0.0,0.148,71146.0,0.195211,0.54977,0.146634,0.342735,-0.041094,0.680694,5.635493,-0.002,-0.3,-0.006,-0.125,-0.15,-0.5,0.500007,-0.021098,-0.00353,0.0,-0.120783,-0.118502,-0.033857,-0.031669,0.814401,-0.062223,-0.120707,-0.040093,-0.055093,1.685866,2.786327,-0.139334,-0.00038,-0.2869,3.041667,0.011494,0.090562,0.106001
199,155.092941,1000.0,0.899906,0.855838,0.0,0.0,0.14702,73425.0,0.187939,0.5368,0.146974,0.335729,-0.039751,0.683404,5.604305,-0.002,-0.3,-0.006,-0.125,-0.15,-0.5,0.500007,-0.021182,-0.004208,0.0,-0.115543,-0.114628,-0.032133,-0.030105,0.81531,-0.059295,-0.116519,-0.039151,-0.053257,1.723499,2.850539,-0.134519,-0.000322,-0.236481,3.304348,0.013433,0.088565,0.109454
200,154.498672,994.460022,0.89675,0.866322,0.045455,0.0,0.145936,60441.0,0.189939,0.540144,0.14215,0.330113,-0.039482,0.673235,5.609117,-0.002,-0.3,-0.006,-0.125,-0.15,-0.5,0.497484,-0.021251,-0.003811,-0.000364,-0.114623,-0.112752,-0.032038,-0.030694,0.807236,-0.059371,-0.114351,-0.039356,-0.052943,1.702386,2.825572,-0.132528,-0.000322,-0.249614,3.545455,0.012787,0.099477,0.123956
201,156.093918,1000.0,0.894825,0.871298,0.0,0.0,0.145381,60764.0,0.189723,0.558349,0.144574,0.329148,-0.039292,0.666314,5.577168,-0.002,-0.3,-0.006,-0.125,-0.15,-0.5,0.500007,-0.02098,-0.00401,0.0,-0.116827,-0.113286,-0.031765,-0.029865,0.827255,-0.058785,-0.116487,-0.037659,-0.054917,1.719487,2.838791,-0.131969,-0.000337,-0.204118,3.166667,0.012659,0.077829,0.100237
202,156.667404,1000.0,0.901817,0.865591,0.0,0.0,0.144222,66476.0,0.192107,0.535191,0.15004,0.333648,-0.040262,0.6617,5.56953,-0.002,-0.3,-0.006,-0.125,-0.15,-0.5,0.500007,-0.021153,-0.003897,0.0,-0.120618,-0.110434,-0.032799,-0.030435,0.826909,-0.058732,-0.117237,-0.038673,-0.056651,1.707957,2.851034,-0.129841,-0.000294,-0.294545,2.590909,0.013763,0.08894,0.12069
203,154.401108,996.890015,0.876777,0.831377,0.041667,0.0,0.143188,64875.0,0.198683,0.524771,0.159689,0.343044,-0.04275,0.691737,5.589164,-0.002,-0.3,-0.006,-0.125,-0.15,-0.5,0.493507,-0.019876,-0.009414,-0.001667,-0.125526,-0.108791,-0.032394,-0.0305,0.81646,-0.057049,-0.120784,-0.036324,-0.061295,1.651034,2.831355,-0.128592,-0.000577,-0.299609,3.166667,0.015721,0.118734,0.13506
204,156.786606,993.559998,0.894706,0.85727,0.041667,0.0,0.142276,59860.0,0.182627,0.531472,0.146123,0.339065,-0.040594,0.678288,5.535609,-0.002,-0.3,-0.006,-0.125,-0.15,-0.5,0.498327,-0.021443,-0.00435,-0.000208,-0.116917,-0.107272,-0.031409,-0.029368,0.820672,-0.055864,-0.103367,-0.036564,-0.05419,1.718152,2.896309,-0.128569,-0.000324,-0.25863,3.833333,0.013512,0.095731,0.132336
205,158.023178,1000.0,0.900875,0.865162,0.0,0.0,0.141667,53661.0,0.186746,0.538547,0.151777,0.343458,-0.041054,0.714605,5.526348,-0.002,-0.3,-0.006,-0.125,-0.15,-0.5,0.500007,-0.020793,-0.004376,0.0,-0.118945,-0.107984,-0.032068,-0.030124,0.8333,-0.056938,-0.11632,-0.038181,-0.055119,1.722125,2.89186,-0.128818,-0.000357,-0.274889,3.090909,0.013493,0.075907,0.093729
206,157.991943,996.280029,0.889071,0.845138,0.090909,0.0,0.140767,62579.0,0.185995,0.517018,0.144831,0.322376,-0.038158,0.654446,5.535717,-0.002,-0.3,-0.006,-0.125,-0.15,-0.5,0.492239,-0.020014,-0.005185,-0.002273,-0.109362,-0.103846,-0.029947,-0.028679,0.80134,-0.054467,-0.111185,-0.034546,-0.051587,1.68312,2.88528,-0.12283,-0.000225,-0.194181,2.909091,0.016872,0.082084,0.121218
207,157.322754,999.580017,0.882507,0.853438,0.0,0.0,0.139652,62035.0,0.188557,0.524178,0.158296,0.350427,-0.043292,0.711626,5.548453,-0.002,-0.3,-0.006,-0.125,-0.15,-0.5,0.500007,-0.020607,-0.004345,0.0,-0.123996,-0.105593,-0.033423,-0.030609,0.83634,-0.056229,-0.114823,-0.038061,-0.056302,1.708826,2.914521,-0.128493,-0.000421,-0.255579,2.5,0.01141,0.072915,0.095569
208,159.72998,1000.0,0.893162,0.872916,0.0,0.0,0.139088,68365.0,0.18261,0.514107,0.15048,0.328796,-0.037945,0.683089,5.489899,-0.002,-0.3,-0.006,-0.125,-0.15,-0.5,0.500007,-0.020248,-0.002841,0.0,-0.110514,-0.102694,-0.030347,-0.029177,0.824466,-0.05322,-0.113015,-0.035736,-0.051606,1.73577,2.982461,-0.121999,-0.000329,-0.222097,25.25,0.013111,0.084383,0.106407
209,158.616043,1000.0,0.893644,0.865055,0.0,0.0,0.138073,65309.0,0.182915,0.512697,0.146599,0.333478,-0.038922,0.685322,5.510871,-0.002,-0.3,-0.006,-0.125,-0.15,-0.5,0.500007,-0.02112,-0.004082,0.0,-0.114387,-0.101199,-0.029762,-0.028485,0.825586,-0.052667,-0.105024,-0.035787,-0.053488,1.722931,2.992209,-0.1207,-0.000308,-0.301015,5.583333,0.013801,0.071979,0.112195
210,158.953079,994.359985,0.899809,0.866307,0.083333,0.0,0.137158,51734.0,0.185668,0.511687,0.151785,0.334854,-0.040399,0.69075,5.475086,-0.002,-0.3,-0.006,-0.125,-0.15,-0.5,0.498956,-0.020058,-0.003196,-0.000462,-0.111905,-0.100679,-0.031132,-0.02919,0.821371,-0.053495,-0.116258,-0.036756,-0.051072,1.708937,2.977508,-0.122017,-0.000287,-0.284722,7.166667,0.013575,0.090443,0.113148
211,157.043076,986.049988,0.887474,0.853982,0.125,0.0,0.136326,71218.0,0.18113,0.499825,0.156019,0.338674,-0.040281,0.706354,5.45759,-0.002,-0.3,-0.006,-0.125,-0.15,-0.5,0.493983,-0.020057,-0.00369,-0.000685,-0.116039,-0.098013,-0.030674,-0.029144,0.82142,-0.051719,-0.112372,-0.035836,-0.053447,1.705099,2.967475,-0.118842,-0.000347,-0.329281,6.25,0.015782,0.088115,0.107495
212,162.981735,1000.0,0.895303,0.871605,0.041667,0.0,0.135465,71550.0,0.181954,0.510786,0.151155,0.329222,-0.03919,0.684448,5.457458,-0.002,-0.3,-0.006,-0.125,-0.15,-0.5,0.500003,-0.020189,-0.003568,-0.000139,-0.112331,-0.098056,-0.029667,-0.028441,0.828178,-0.051124,-0.10969,-0.03459,-0.051908,1.726601,3.030763,-0.118049,-0.00031,-0.207607,7.125,0.014693,0.094166,0.107179
213,159.904495,1000.0,0.901208,0.861474,0.0,0.0,0.13482,70557.0,0.182017,0.505734,0.153209,0.327305,-0.038883,0.681442,5.444191,-0.002,-0.3,-0.006,-0.125,-0.15,-0.5,0.500007,-0.019957,-0.004267,0.0,-0.110241,-0.096898,-0.029175,-0.027976,0.822063,-0.050683,-0.10944,-0.033751,-0.051474,1.722846,3.043135,-0.116189,-0.000358,-0.352884,8.208334,0.015516,0.098521,0.126984
214,162.705292,998.960022,0.902175,0.867853,0.041667,0.0,0.133813,70018.0,0.180768,0.504223,0.153603,0.335251,-0.039395,0.701175,5.455331,-0.002,-0.3,-0.006,-0.125,-0.15,-0.5,0.499764,-0.019851,-0.00333,-0.000185,-0.111433,-0.095797,-0.02957,-0.028344,0.831829,-0.050559,-0.107643,-0.034176,-0.052076,1.722813,3.03852,-0.116367,-0.000313,-0.292273,6.833333,0.012976,0.086528,0.111523
215,163.989243,1000.0,0.89506,0.86797,0.0,0.0,0.133121,70920.0,0.178993,0.500553,0.149782,0.330979,-0.03789,0.697804,5.458504,-0.002,-0.3,-0.006,-0.125,-0.15,-0.5,0.500007,-0.020595,-0.003611,0.0,-0.110486,-0.093758,-0.028667,-0.028045,0.837009,-0.049162,-0.105628,-0.033753,-0.052006,1.730519,3.073498,-0.113181,-0.00031,-0.266818,6.75,0.013957,0.084573,0.107099
216,162.590378,1000.0,0.897298,0.859226,0.0,0.0,0.131874,60317.0,0.177792,0.503566,0.149966,0.323778,-0.038624,0.687119,5.420689,-0.002,-0.3,-0.006,-0.125,-0.15,-0.5,0.500007,-0.019831,-0.002493,0.0,-0.10884,-0.092782,-0.02844,-0.027653,0.829824,-0.049385,-0.108464,-0.035229,-0.05053,1.734985,3.075207,-0.112782,-0.000274,-0.269933,6.625,0.013193,0.081139,0.10849
217,163.456589,1000.0,0.895961,0.863826,0.0,0.0,0.130939,71149.0,0.177447,0.494063,0.156294,0.331663,-0.038868,0.695233,5.434544,-0.002,-0.3,-0.006,-0.125,-0.15,-0.5,0.500007,-0.019465,-0.002633,0.0,-0.106678,-0.092368,-0.02847,-0.027477,0.823727,-0.048431,-0.108269,-0.032778,-0.049322,1.735955,3.100532,-0.112659,-0.0003,-0.258009,6.166667,0.014505,0.083261,0.1102
218,161.987137,1000.0,0.882679,0.847097,0.041667,0.0,0.130186,70455.0,0.176621,0.49185,0.160104,0.340828,-0.039714,0.717654,5.403242,-0.002,-0.3,-0.006,-0.125,-0.15,-0.5,0.495687,-0.019675,-0.00387,-0.000556,-0.110917,-0.090468,-0.028768,-0.027692,0.833803,-0.049027,-0.105239,-0.032649,-0.05175,1.72009,3.055708,-0.111164,-0.000318,-0.30809,5.625,0.014475,0.093178,0.116168
219,162.719711,990.25,0.882404,0.854641,0.041667,0.0,0.129327,71198.0,0.170551,0.484131,0.146999,0.314108,-0.036065,0.670522,5.391782,-0.002,-0.3,-0.006,-0.125,-0.15,-0.5,0.493229,-0.020211,-0.003632,-0.000556,-0.104167,-0.087368,-0.026458,-0.026145,0.825243,-0.045282,-0.09824,-0.031334,-0.049868,1.72679,3.106295,-0.105211,-0.000318,-0.280369,5.375,0.014045,0.095361,0.114486
220,165.055481,1000.0,0.891738,0.85636,0.0,0.0,0.128584,71105.0,0.170637,0.489541,0.148578,0.315169,-0.036834,0.683577,5.384437,-0.002,-0.3,-0.006,-0.125,-0.15,-0.5,0.500007,-0.019627,-0.002176,0.0,-0.104326,-0.088341,-0.026917,-0.026218,0.830924,-0.045896,-0.101074,-0.030962,-0.049171,1.754292,3.152805,-0.106478,-0.000269,-0.203558,6.625,0.013767,0.093997,0.10938
221,163.59465,1000.0,0.886786,0.855062,0.0,0.0,0.127565,70788.0,0.174154,0.481555,0.161311,0.330029,-0.037898,0.708679,5.376178,-0.002,-0.3,-0.006,-0.125,-0.15,-0.5,0.500007,-0.019091,-0.002576,0.0,-0.107475,-0.087343,-0.027314,-0.026682,0.835969,-0.046126,-0.108892,-0.031389,-0.05041,1.748718,3.1604,-0.106385,-0.000254,-0.342163,5.666667,0.015061,0.083706,0.123148
222,167.242142,998.909973,0.909467,0.871156,0.041667,0.0,0.126781,60510.0,0.168865,0.481956,0.140609,0.308051,-0.035191,0.665085,5.38502,-0.002,-0.3,-0.006,-0.125,-0.15,-0.5,0.499679,-0.020235,-0.002959,-0.000238,-0.098203,-0.085948,-0.026073,-0.025706,0.815975,-0.044535,-0.094095,-0.030856,-0.045845,1.752127,3.19435,-0.104153,-0.000345,-0.196617,6.0,0.012949,0.095409,0.112343
223,165.814758,993.01001,0.887437,0.851414,0.043478,0.0,0.125909,72609.0,0.169725,0.475293,0.148044,0.31222,-0.036152,0.675263,5.378975,-0.002,-0.3,-0.006,-0.125,-0.15,-0.5,0.494934,-0.019335,-0.002053,-0.00058,-0.101276,-0.083876,-0.026219,-0.025798,0.818162,-0.044478,-0.09966,-0.030532,-0.048269,1.728135,3.15658,-0.102192,-0.000249,-0.209198,6.130435,0.014278,0.098197,0.107282
224,167.517212,1000.0,0.89803,0.860442,0.0,0.0,0.124783,71412.0,0.16866,0.476075,0.145972,0.313366,-0.036031,0.688461,5.372062,-0.002,-0.3,-0.006,-0.125,-0.15,-0.5,0.500007,-0.019622,-0.002424,0.0,-0.102353,-0.084041,-0.026144,-0.025958,0.834161,-0.043392,-0.098715,-0.031227,-0.048674,1.763298,3.22167,-0.101693,-0.000294,-0.205487,5.708333,0.012876,0.095717,0.109185
225,166.323715,1000.0,0.893694,0.872927,0.0,0.0,0.123689,71813.0,0.169004,0.476477,0.150147,0.30918,-0.035684,0.673301,5.347843,-0.002,-0.3,-0.006,-0.125,-0.15,-0.5,0.500007,-0.019077,-0.002702,0.0,-0.09921,-0.083351,-0.025899,-0.025862,0.819508,-0.043452,-0.100968,-0.030119,-0.046275,1.760593,3.217278,-0.101225,-0.000298,-0.258672,5.0,0.0142,0.08207,0.109571
226,168.240112,1000.0,0.905769,0.86893,0.0,0.0,0.122875,72201.0,0.165928,0.471588,0.153131,0.331286,-0.038084,0.723697,5.343315,-0.002,-0.3,-0.006,-0.125,-0.15,-0.5,0.500007,-0.019632,-0.002449,0.0,-0.101157,-0.081821,-0.02639,-0.025703,0.83687,-0.042572,-0.094225,-0.03019,-0.047003,1.757327,3.242966,-0.101979,-0.000333,-0.261178,4.541667,0.010992,0.084386,0.105972
227,168.850418,997.280029,0.899632,0.833335,0.041667,0.0,0.121998,59669.0,0.167897,0.473098,0.153899,0.319745,-0.037064,0.699395,5.335829,-0.002,-0.3,-0.006,-0.125,-0.15,-0.5,0.498585,-0.018953,-0.002316,-0.000417,-0.101606,-0.081524,-0.025683,-0.025599,0.830214,-0.04278,-0.100901,-0.029807,-0.046587,1.754275,3.23525,-0.100441,-0.000258,-0.186598,3.916667,0.013367,0.12159,0.124868
228,166.8909,1000.0,0.893375,0.861325,0.0,0.0,0.121197,71252.0,0.172089,0.486974,0.153892,0.335293,-0.0376,0.719941,5.329291,-0.002,-0.3,-0.006,-0.125,-0.15,-0.5,0.500007,-0.020123,-0.004036,0.0,-0.10902,-0.081257,-0.027258,-0.02638,0.836594,-0.043333,-0.096872,-0.032185,-0.051229,1.742529,3.207102,-0.101212,-0.000387,-0.267866,4.208333,0.014647,0.093171,0.109116
229,169.199768,1000.0,0.900016,0.860176,0.0,0.0,0.120424,71070.0,0.165054,0.472106,0.150237,0.318987,-0.035509,0.689157,5.33735,-0.002,-0.3,-0.006,-0.125,-0.15,-0.5,0.500007,-0.019156,-0.00249,0.0,-0.09911,-0.079589,-0.025317,-0.025171,0.832646,-0.042271,-0.095498,-0.028722,-0.048168,1.761248,3.255429,-0.097644,-0.000339,-0.237533,4.041667,0.013311,0.08905,0.116164
230,169.007675,1000.0,0.901049,0.870706,0.0,0.0,0.119612,73311.0,0.160234,0.466919,0.159305,0.318687,-0.035708,0.719131,5.306106,-0.002,-0.3,-0.006,-0.125,-0.15,-0.5,0.500007,-0.019076,-0.002109,0.0,-0.098541,-0.078696,-0.024909,-0.024603,0.847591,-0.040401,-0.091863,-0.026856,-0.045848,1.785089,3.297545,-0.096074,-0.000294,-0.43048,4.217391,0.012626,0.094122,0.104966
231,169.136795,1000.0,0.891092,0.855145,0.0,0.0,0.119096,70516.0,0.169233,0.471083,0.15669,0.348287,-0.040217,0.717136,5.31928,-0.002,-0.3,-0.006,-0.125,-0.15,-0.5,0.500007,-0.01962,-0.00335,0.0,-0.106537,-0.079389,-0.027983,-0.026748,0.825451,-0.041823,-0.096245,-0.030704,-0.049896,1.733936,3.264038,-0.102433,-0.000201,-0.200932,4.083333,0.013255,0.092521,0.129977
232,168.991837,995.440002,0.879732,0.849155,0.041667,0.0,0.118281,71682.0,0.165113,0.463309,0.15493,0.312732,-0.035784,0.701194,5.303061,-0.002,-0.3,-0.006,-0.125,-0.15,-0.5,0.497626,-0.018536,-0.002749,-0.000417,-0.098038,-0.076869,-0.025183,-0.025123,0.835701,-0.040937,-0.099917,-0.028292,-0.045457,1.757792,3.280452,-0.095431,-0.000291,-0.196855,3.041667,0.01477,0.107785,0.126646
233,170.925339,1000.0,0.898026,0.86674,0.0,0.0,0.117613,60618.0,0.162251,0.450956,0.145569,0.305952,-0.034687,0.670015,5.282814,-0.002,-0.3,-0.006,-0.125,-0.15,-0.5,0.500007,-0.019719,-0.003684,0.0,-0.092205,-0.075586,-0.024928,-0.0249,0.80315,-0.038741,-0.088452,-0.0272,-0.041562,1.766412,3.355532,-0.094612,-0.000196,-0.182488,3.565217,0.013379,0.101046,0.104587
234,169.062469,1000.0,0.887534,0.865235,0.0,0.0,0.116623,72069.0,0.1658,0.453712,0.152877,0.305179,-0.034455,0.672881,5.270557,-0.002,-0.3,-0.006,-0.125,-0.15,-0.5,0.500007,-0.018405,-0.002613,0.0,-0.093221,-0.075601,-0.025172,-0.025125,0.818873,-0.039984,-0.099524,-0.026503,-0.043707,1.759516,3.328651,-0.093922,-0.000255,-0.276026,3.608696,0.015096,0.109138,0.106977
235,170.610565,1000.0,0.866181,0.862346,0.0,0.0,0.116204,72115.0,0.165363,0.452851,0.161326,0.319465,-0.036074,0.699039,5.30371,-0.002,-0.3,-0.006,-0.125,-0.15,-0.5,0.500007,-0.018546,-0.002796,0.0,-0.099892,-0.07445,-0.024874,-0.02502,0.843057,-0.039041,-0.097284,-0.026872,-0.048204,1.761481,3.343676,-0.092892,-0.000245,-0.265896,3.166667,0.016476,0.08172,0.105051
236,169.533966,1000.0,0.898614,0.858428,0.0,0.0,0.115389,71097.0,0.164475,0.453285,0.161443,0.341147,-0.03811,0.76337,5.287815,-0.002,-0.3,-0.006,-0.125,-0.15,-0.5,0.500007,-0.019282,-0.00211,0.0,-0.102422,-0.073871,-0.025913,-0.025304,0.848644,-0.039402,-0.091774,-0.027967,-0.047442,1.758654,3.339041,-0.094363,-0.000344,-0.444595,3.625,0.016065,0.112992,0.111009
237,171.733856,1000.0,0.898993,0.856953,0.0,0.0,0.114996,73356.0,0.159155,0.441727,0.14555,0.286949,-0.031934,0.641582,5.308568,-0.002,-0.3,-0.006,-0.125,-0.15,-0.5,0.500007,-0.018141,-0.003184,0.0,-0.08743,-0.071032,-0.022054,-0.02269,0.81228,-0.037933,-0.091137,-0.024747,-0.042806,1.773786,3.392942,-0.085962,-0.000202,-0.15375,3.304348,0.01508,0.102921,0.13094
238,168.925964,1000.0,0.8988,0.858323,0.0,0.0,0.114396,73854.0,0.160214,0.450782,0.15363,0.314999,-0.034838,0.700502,5.271025,-0.002,-0.3,-0.006,-0.125,-0.15,-0.5,0.500007,-0.019301,-0.002163,0.0,-0.096143,-0.07138,-0.024743,-0.0244,0.830354,-0.037993,-0.092342,-0.029453,-0.043589,1.774228,3.378693,-0.0903,-0.000358,-0.521579,3.608696,0.013335,0.09321,0.09919
239,169.052444,1000.0,0.883919,0.840194,0.0,0.0,0.113599,60235.0,0.157864,0.447736,0.145854,0.299125,-0.032979,0.672634,5.283414,-0.002,-0.3,-0.006,-0.125,-0.15,-0.5,0.500007,-0.018987,-0.003889,0.0,-0.090407,-0.069758,-0.022595,-0.023601,0.821712,-0.037061,-0.084324,-0.026502,-0.043859,1.784217,3.39994,-0.087014,-0.000197,-0.264745,3.291667,0.014395,0.092641,0.131472
240,170.638229,1000.0,0.882937,0.846747,0.0,0.0,0.113145,71782.0,0.16303,0.446223,0.159682,0.316344,-0.034959,0.684381,5.260489,-0.002,-0.3,-0.006,-0.125,-0.15,-0.5,0.500007,-0.018141,-0.002165,0.0,-0.094145,-0.070737,-0.024695,-0.024362,0.826448,-0.038016,-0.101033,-0.025542,-0.042772,1.766979,3.386578,-0.089775,-0.000233,-0.285111,2.916667,0.01434,0.099661,0.110254
241,171.597275,1000.0,0.897673,0.855506,0.0,0.0,0.112257,73036.0,0.155981,0.446575,0.147207,0.301453,-0.033458,0.668874,5.284154,-0.002,-0.3,-0.006,-0.125,-0.15,-0.5,0.500007,-0.019025,-0.002184,0.0,-0.091114,-0.068301,-0.022343,-0.022809,0.831817,-0.035777,-0.081646,-0.025816,-0.045647,1.771771,3.428458,-0.085693,-0.000351,-0.254097,3.26087,0.014223,0.110538,0.096504
242,171.888107,1000.0,0.898929,0.84534,0.0,0.0,0.111539,74519.0,0.157432,0.437466,0.15776,0.307853,-0.03383,0.683528,5.26165,-0.002,-0.3,-0.006,-0.125,-0.15,-0.5,0.500007,-0.018068,-0.001218,0.0,-0.092252,-0.068102,-0.022661,-0.022992,0.833755,-0.035882,-0.092816,-0.024797,-0.045399,1.780314,3.442937,-0.085126,-0.000221,-0.34228,3.863636,0.017602,0.10548,0.119535
243,173.161835,1000.0,0.900731,0.868113,0.0,0.0,0.110749,72047.0,0.155556,0.436212,0.152978,0.31801,-0.035422,0.705344,5.241598,-0.002,-0.3,-0.006,-0.125,-0.15,-0.5,0.500007,-0.018738,-0.002087,0.0,-0.093876,-0.06749,-0.023647,-0.02345,0.830485,-0.035165,-0.084825,-0.026601,-0.044228,1.782826,3.464634,-0.087089,-0.000275,-0.202767,2.875,0.013053,0.091219,0.095471
244,173.300629,1000.0,0.877376,0.843432,0.0,0.0,0.110398,74667.0,0.154103,0.432634,0.151463,0.312597,-0.03496,0.697444,5.230569,-0.002,-0.3,-0.006,-0.125,-0.15,-0.5,0.500007,-0.018548,-0.00163,0.0,-0.092183,-0.067004,-0.022967,-0.023869,0.822978,-0.03547,-0.087253,-0.025927,-0.044341,1.78314,3.4545,-0.085348,-0.000252,-0.268176,2.909091,0.013184,0.090238,0.112638
245,172.518127,1000.0,0.894316,0.861622,0.0,0.0,0.109675,59515.0,0.156232,0.441117,0.14686,0.295553,-0.032946,0.657737,5.23432,-0.002,-0.3,-0.006,-0.125,-0.15,-0.5,0.500007,-0.018005,-0.003437,0.0,-0.086774,-0.066636,-0.023174,-0.022844,0.812821,-0.03593,-0.090006,-0.025441,-0.041752,1.790061,3.433556,-0.083698,-0.00022,-0.204694,3.208333,0.013616,0.092393,0.138738
246,175.083588,1000.0,0.900787,0.840875,0.0,0.0,0.109293,73636.0,0.153795,0.434865,0.150794,0.313722,-0.034121,0.721539,5.201696,-0.002,-0.3,-0.006,-0.125,-0.15,-0.5,0.500007,-0.01894,-0.002595,0.0,-0.093586,-0.064769,-0.021989,-0.022544,0.841744,-0.034514,-0.081521,-0.026051,-0.045527,1.783132,3.475703,-0.082496,-0.000208,-0.252952,3.956522,0.01317,0.084847,0.121758
247,174.441055,1000.0,0.876222,0.851248,0.0,0.0,0.108757,75559.0,0.15535,0.426256,0.162165,0.318543,-0.03485,0.707431,5.20087,-0.002,-0.3,-0.006,-0.125,-0.15,-0.5,0.500007,-0.018084,-0.001752,0.0,-0.094195,-0.064263,-0.022567,-0.022662,0.832385,-0.034597,-0.089281,-0.024509,-0.046577,1.77693,3.482712,-0.082598,-0.00021,-0.265954,2.681818,0.017662,0.109747,0.113103
248,174.330658,1000.0,0.885916,0.840235,0.0,0.0,0.108286,74726.0,0.155655,0.439486,0.149422,0.310404,-0.034124,0.677555,5.173843,-0.002,-0.3,-0.006,-0.125,-0.15,-0.5,0.500007,-0.018963,-0.002728,0.0,-0.090945,-0.064645,-0.023984,-0.023457,0.810933,-0.034808,-0.087313,-0.028233,-0.042268,1.768986,3.473265,-0.084093,-0.000286,-0.202803,2.863636,0.013871,0.122461,0.126002
249,174.816605,1000.0,0.893573,0.830721,0.0,0.0,0.107972,75270.0,0.153511,0.425124,0.164346,0.321912,-0.03479,0.729474,5.207205,-0.002,-0.3,-0.006,-0.125,-0.15,-0.5,0.500007,-0.017812,-0.001795,0.0,-0.091231,-0.063839,-0.023209,-0.023326,0.842807,-0.0342,-0.089677,-0.025079,-0.042351,1.785096,3.496983,-0.082789,-0.000269,-0.296167,2.954545,0.013952,0.097293,0.109368
250,175.438431,1000.0,0.901243,0.857646,0.0,0.0,0.107063,76371.0,0.152216,0.420859,0.141028,0.293252,-0.031872,0.644956,5.194993,-0.01,-0.6,-0.012,-0.25,-0.36,-1.2,0.500007,-0.019364,-0.002246,0.0,-0.085313,-0.062196,-0.021929,-0.022662,0.809058,-0.033634,-0.082506,-0.024476,-0.040463,1.779158,3.529516,-0.081473,-0.000275,-0.237944,24.428572,0.015711,0.089815,0.10665
251,175.902176,1000.0,0.899424,0.867034,0.0,0.0,0.106246,58127.0,0.154775,0.422406,0.156937,0.311256,-0.034269,0.686448,5.148281,-0.01,-0.6,-0.012,-0.25,-0.36,-1.2,0.500007,-0.020549,-0.001983,0.0,-0.087567,-0.061647,-0.02231,-0.02281,0.81824,-0.03479,-0.088009,-0.024084,-0.040991,1.776284,3.52247,-0.082497,-0.000215,-0.212417,6.666667,0.013933,0.084624,0.112789
252,176.189285,1000.0,0.901357,0.856454,0.0,0.0,0.105629,70355.0,0.148707,0.412162,0.146679,0.289093,-0.031109,0.651373,5.141952,-0.01,-0.6,-0.012,-0.25,-0.36,-1.2,0.500007,-0.022456,-0.001322,0.0,-0.081368,-0.060107,-0.020506,-0.022432,0.814697,-0.03386,-0.084566,-0.022121,-0.039706,1.792616,3.573033,-0.080366,-0.000283,-0.217527,7.041667,0.013466,0.100263,0.116135
253,176.126999,1000.0,0.900285,0.851196,0.0,0.0,0.10488,71421.0,0.153326,0.41748,0.160989,0.315144,-0.034002,0.715971,5.152242,-0.01,-0.6,-0.012,-0.25,-0.36,-1.2,0.500007,-0.023697,-0.002808,0.0,-0.090247,-0.060522,-0.022106,-0.024039,0.842856,-0.035591,-0.092738,-0.024097,-0.042787,1.78398,3.551217,-0.084058,-0.000219,-0.241769,6.458333,0.01418,0.08903,0.110833
254,178.011581,1000.0,0.900941,0.84323,0.0,0.0,0.104386,71748.0,0.148626,0.415751,0.157188,0.30774,-0.033538,0.706338,5.123058,-0.01,-0.6,-0.012,-0.25,-0.36,-1.2,0.500007,-0.025651,-0.00145,0.0,-0.088128,-0.059968,-0.02163,-0.023953,0.83736,-0.035678,-0.089485,-0.022853,-0.042438,1.793754,3.570985,-0.084977,-0.000333,-0.242639,7.125,0.014605,0.085895,0.119413
255,177.039276,1000.0,0.899779,0.842481,0.0,0.0,0.103457,71547.0,0.152771,0.41263,0.16037,0.319759,-0.034679,0.723056,5.124603,-0.01,-0.6,-0.012,-0.25,-0.36,-1.2,0.500007,-0.027353,-0.002759,0.0,-0.091126,-0.05922,-0.022087,-0.024935,0.842052,-0.037126,-0.095054,-0.024499,-0.043929,1.785569,3.566379,-0.087415,-0.000309,-0.248493,7.916667,0.013819,0.105007,0.121888
256,178.713516,1000.0,0.895291,0.844371,0.0,0.0,0.102984,70620.0,0.144778,0.408471,0.152333,0.302117,-0.032796,0.695629,5.110431,-0.01,-0.6,-0.012,-0.25,-0.36,-1.2,0.500007,-0.029878,-0.001418,0.0,-0.085061,-0.058013,-0.02072,-0.024179,0.827804,-0.036364,-0.086765,-0.022751,-0.040901,1.803892,3.604496,-0.085588,-0.00031,-0.243551,7.208333,0.014307,0.095538,0.121696
257,176.140381,1000.0,0.901125,0.854887,0.0,0.0,0.102487,58541.0,0.14901,0.413548,0.159888,0.31248,-0.033896,0.702414,5.11127,-0.01,-0.6,-0.012,-0.25,-0.36,-1.2,0.500007,-0.030269,-0.001669,0.0,-0.086967,-0.058489,-0.021855,-0.025348,0.832944,-0.038612,-0.099083,-0.022953,-0.04103,1.793218,3.57229,-0.08896,-0.000308,-0.248939,6.291667,0.012796,0.097211,0.106379
258,178.673843,1000.0,0.891994,0.849744,0.0,0.0,0.10189,70904.0,0.146664,0.404637,0.162615,0.31671,-0.033692,0.730589,5.098659,-0.01,-0.6,-0.012,-0.25,-0.36,-1.2,0.500007,-0.03299,-0.001398,0.0,-0.086457,-0.057087,-0.020719,-0.024947,0.84535,-0.037571,-0.090715,-0.022883,-0.042047,1.794497,3.622542,-0.088505,-0.000383,-0.237818,6.791667,0.013837,0.104956,0.113785
259,178.296844,1000.0,0.8969,0.844953,0.0,0.0,0.101137,71079.0,0.147683,0.408535,0.160431,0.310341,-0.033272,0.698054,5.088048,-0.01,-0.6,-0.012,-0.25,-0.36,-1.2,0.500007,-0.034107,-0.002143,0.0,-0.08617,-0.05683,-0.021008,-0.02573,0.837216,-0.038729,-0.095048,-0.022551,-0.041891,1.795493,3.612381,-0.090283,-0.000368,-0.19186,5.75,0.014014,0.090458,0.129346
260,174.296234,1000.0,0.896355,0.844473,0.0,0.0,0.100579,71740.0,0.147504,0.402749,0.153442,0.289819,-0.030976,0.672345,5.121969,-0.01,-0.6,-0.012,-0.25,-0.36,-1.2,0.500007,-0.035052,-0.001422,0.0,-0.081577,-0.056477,-0.02062,-0.026202,0.825958,-0.04017,-0.103422,-0.02166,-0.039203,1.800459,3.615389,-0.089378,-0.000266,-0.277184,5.291667,0.014214,0.096688,0.118017
261,177.684845,1000.0,0.887825,0.85362,0.0,0.0,0.100003,71665.0,0.148819,0.403486,0.165553,0.314157,-0.033442,0.712838,5.051379,-0.01,-0.6,-0.012,-0.25,-0.36,-1.2,0.500007,-0.036832,-0.001614,0.0,-0.086155,-0.055884,-0.021076,-0.026687,0.843148,-0.03962,-0.09937,-0.022646,-0.040913,1.790488,3.633453,-0.092058,-0.000346,-0.312211,6.125,0.013034,0.097484,0.120945
262,178.823135,1000.0,0.891641,0.842275,0.0,0.0,0.099577,71563.0,0.14525,0.398652,0.160515,0.31006,-0.033219,0.71504,5.08502,-0.01,-0.6,-0.012,-0.25,-0.36,-1.2,0.500007,-0.038007,-0.001253,0.0,-0.085331,-0.054915,-0.020786,-0.027345,0.838386,-0.040583,-0.102961,-0.022664,-0.040678,1.80264,3.646369,-0.093397,-0.000347,-0.176651,6.625,0.012813,0.09897,0.112213
263,177.544128,1000.0,0.893088,0.840124,0.0,0.0,0.099057,59041.0,0.148815,0.400823,0.159982,0.321398,-0.034518,0.712375,5.077477,-0.01,-0.6,-0.012,-0.25,-0.36,-1.2,0.500007,-0.041358,-0.001425,0.0,-0.086025,-0.055037,-0.021672,-0.028352,0.832869,-0.041868,-0.102416,-0.023365,-0.041285,1.782636,3.635032,-0.09637,-0.000399,-0.283085,5.708333,0.014744,0.100125,0.119158
264,177.366394,1000.0,0.893573,0.860334,0.0,0.0,0.098399,71077.0,0.145571,0.398562,0.159246,0.315105,-0.033471,0.716056,5.041997,-0.01,-0.6,-0.012,-0.25,-0.36,-1.2,0.500007,-0.042758,-0.001895,0.0,-0.085741,-0.054311,-0.021499,-0.028409,0.837188,-0.042427,-0.104415,-0.022821,-0.041376,1.795469,3.643368,-0.096271,-0.000428,-0.245579,6.041667,0.014892,0.09421,0.12364
265,175.829834,1000.0,0.893852,0.856554,0.043478,0.0,0.097992,73055.0,0.147912,0.39864,0.169071,0.328372,-0.035614,0.731394,5.05006,-0.01,-0.6,-0.012,-0.25,-0.36,-1.2,0.499786,-0.044098,-0.001693,-0.00029,-0.087457,-0.054221,-0.021866,-0.028725,0.837431,-0.04299,-0.105618,-0.023232,-0.042512,1.785203,3.64256,-0.098825,-0.000439,-0.346151,5.869565,0.013115,0.10091,0.115617
266,177.196259,1000.0,0.890749,0.849247,0.0,0.0,0.097163,71360.0,0.142736,0.395216,0.158363,0.303367,-0.032654,0.696317,5.033543,-0.01,-0.6,-0.012,-0.25,-0.36,-1.2,0.500007,-0.04461,-0.001265,0.0,-0.081817,-0.052979,-0.02035,-0.028386,0.835464,-0.043438,-0.107442,-0.022262,-0.03835,1.808505,3.671139,-0.097247,-0.000401,-0.235949,5.333333,0.013827,0.087662,0.111587
267,179.204651,1000.0,0.896154,0.836545,0.0,0.0,0.096687,70177.0,0.144835,0.390173,0.158964,0.308911,-0.032596,0.709308,5.042185,-0.01,-0.6,-0.012,-0.25,-0.36,-1.2,0.500007,-0.047018,-0.001589,0.0,-0.082427,-0.051707,-0.020404,-0.028408,0.83275,-0.043022,-0.110199,-0.022681,-0.040211,1.800556,3.696739,-0.096337,-0.00043,-0.213647,4.916667,0.014175,0.108932,0.119754
268,178.24826,1000.0,0.893547,0.84383,0.0,0.0,0.096293,64503.0,0.144897,0.392529,0.160318,0.309671,-0.032778,0.708651,5.025167,-0.01,-0.6,-0.012,-0.25,-0.36,-1.2,0.500007,-0.049245,-0.001771,0.0,-0.081075,-0.051473,-0.020131,-0.029012,0.831135,-0.043094,-0.106244,-0.021949,-0.038774,1.799066,3.709396,-0.098912,-0.000434,-0.327416,4.666667,0.013929,0.095955,0.104631
269,179.008972,1000.0,0.883269,0.83212,0.0,0.0,0.095643,54903.0,0.143678,0.394169,0.167581,0.316591,-0.032758,0.721841,5.001467,-0.01,-0.6,-0.012,-0.25,-0.36,-1.2,0.500007,-0.049182,-0.001108,0.0,-0.08251,-0.051508,-0.019918,-0.029588,0.844334,-0.044146,-0.107848,-0.020811,-0.040234,1.805851,3.699398,-0.09955,-0.000449,-0.276098,3.833333,0.016368,0.094331,0.128246
270,176.483337,1000.0,0.874548,0.844479,0.0,0.0,0.09496,70542.0,0.141598,0.387526,0.149004,0.296986,-0.031405,0.666225,4.996342,-0.01,-0.6,-0.012,-0.25,-0.36,-1.2,0.500007,-0.052415,-0.001629,0.0,-0.080763,-0.050765,-0.01989,-0.029926,0.819772,-0.04572,-0.107644,-0.021322,-0.04116,1.801091,3.699392,-0.098391,-0.0004,-0.262257,3.958333,0.015843,0.089256,0.118244
271,178.588501,1000.0,0.88758,0.82882,0.0,0.0,0.094508,72126.0,0.142832,0.375246,0.159812,0.307846,-0.032423,0.699803,5.039086,-0.01,-0.6,-0.012,-0.25,-0.36,-1.2,0.500007,-0.053522,-0.002987,0.0,-0.081733,-0.050179,-0.019949,-0.030203,0.828738,-0.045987,-0.111396,-0.020057,-0.039425,1.803516,3.725253,-0.100564,-0.000412,-0.235968,4.304348,0.013777,0.094702,0.120118
272,177.865891,1000.0,0.880699,0.8381,0.0,0.0,0.094072,71902.0,0.141877,0.385836,0.15144,0.29148,-0.030584,0.659091,5.016066,-0.01,-0.6,-0.012,-0.25,-0.36,-1.2,0.500007,-0.054747,-0.001477,0.0,-0.076928,-0.04932,-0.019202,-0.029788,0.819529,-0.045036,-0.111879,-0.019368,-0.038035,1.805229,3.73587,-0.099112,-0.000252,-0.205962,3.958333,0.014908,0.097956,0.111522
273,176.819962,990.919983,0.893943,0.817372,0.083333,0.0,0.093766,71416.0,0.143431,0.385859,0.157199,0.29917,-0.031057,0.703796,4.9806,-0.01,-0.6,-0.012,-0.25,-0.36,-1.2,0.497491,-0.056534,-0.002154,-0.000625,-0.080404,-0.048838,-0.0193,-0.030929,0.834559,-0.047565,-0.117825,-0.020714,-0.038439,1.792549,3.706752,-0.102446,-0.000375,-0.215296,3.666667,0.013629,0.106857,0.127334
274,177.465866,999.450012,0.89355,0.833939,0.0,0.0,0.093186,71242.0,0.138915,0.376872,0.15497,0.297637,-0.031547,0.679728,5.006356,-0.01,-0.6,-0.012,-0.25,-0.36,-1.2,0.500007,-0.058722,-0.001183,0.0,-0.076575,-0.048151,-0.019154,-0.030952,0.823718,-0.046032,-0.107941,-0.020236,-0.037889,1.813204,3.760751,-0.103071,-0.000373,-0.352455,3.625,0.015389,0.10021,0.132188
275,180.14473,1000.0,0.884837,0.851191,0.0,0.0,0.092907,59063.0,0.140004,0.373442,0.161714,0.31626,-0.032378,0.728996,4.994535,-0.01,-0.6,-0.012,-0.25,-0.36,-1.2,0.500007,-0.060186,-0.001839,0.0,-0.081026,-0.04769,-0.019979,-0.032037,0.833657,-0.047659,-0.118935,-0.021798,-0.03938,1.805433,3.760464,-0.105263,-0.000362,-0.16548,3.478261,0.015205,0.090733,0.130444
276,181.372406,1000.0,0.89433,0.849394,0.0,0.0,0.092659,72956.0,0.139295,0.376972,0.16883,0.316022,-0.034134,0.716608,5.005644,-0.01,-0.6,-0.012,-0.25,-0.36,-1.2,0.500007,-0.06157,-0.000828,0.0,-0.080748,-0.047463,-0.019335,-0.031234,0.843706,-0.04693,-0.112458,-0.019957,-0.040227,1.811075,3.776878,-0.104318,-0.000422,-0.171121,3.304348,0.016209,0.105168,0.115779
277,179.886276,1000.0,0.888014,0.835098,0.0,0.0,0.092451,71027.0,0.141683,0.376447,0.161879,0.302746,-0.032076,0.698955,4.990078,-0.01,-0.6,-0.012,-0.25,-0.36,-1.2,0.500007,-0.060842,-0.001491,0.0,-0.079858,-0.047362,-0.019082,-0.032201,0.839341,-0.048376,-0.124164,-0.020567,-0.038823,1.800067,3.773888,-0.106001,-0.000355,-0.185233,3.291667,0.012976,0.087196,0.103496
278,179.469528,1000.0,0.881455,0.820337,0.0,0.0,0.091925,71285.0,0.141702,0.378779,0.159892,0.312491,-0.032874,0.71252,5.015401,-0.01,-0.6,-0.012,-0.25,-0.36,-1.2,0.500007,-0.06546,-0.002326,0.0,-0.080232,-0.04655,-0.019143,-0.033098,0.834839,-0.049029,-0.112231,-0.020377,-0.040573,1.793473,3.77666,-0.108153,-0.000397,-0.179536,3.541667,0.013508,0.092573,0.131373
279,177.250397,1000.0,0.887683,0.82592,0.0,0.0,0.091482,72009.0,0.13759,0.377415,0.149496,0.303888,-0.031833,0.688532,5.002803,-0.01,-0.6,-0.012,-0.25,-0.36,-1.2,0.500007,-0.069937,-0.002518,0.0,-0.078689,-0.046042,-0.019702,-0.03389,0.818593,-0.049126,-0.115102,-0.022863,-0.040582,1.814808,3.786244,-0.110008,-0.000433,-0.273134,3.695652,0.015315,0.087587,0.115156
280,179.357254,1000.0,0.90123,0.855544,0.0,0.0,0.091065,59399.0,0.140205,0.370693,0.166637,0.307218,-0.032259,0.700523,5.018043,-0.01,-0.6,-0.012,-0.25,-0.36,-1.2,0.500007,-0.065236,-0.001384,0.0,-0.079726,-0.046046,-0.019363,-0.033956,0.840837,-0.050493,-0.134865,-0.0197,-0.039209,1.808625,3.79454,-0.109513,-0.000382,-0.245717,3.434783,0.014515,0.097091,0.115762
281,180.313675,1000.0,0.891019,0.829865,0.0,0.0,0.090471,72435.0,0.143346,0.37878,0.166383,0.32895,-0.034864,0.751128,5.0032,-0.01,-0.6,-0.012,-0.25,-0.36,-1.2,0.500007,-0.071199,-0.00178,0.0,-0.083958,-0.046227,-0.020279,-0.034837,0.856186,-0.051958,-0.122401,-0.021091,-0.042547,1.786798,3.763965,-0.114124,-0.000419,-0.240778,3.083333,0.014957,0.107309,0.123018
282,177.977203,1000.0,0.876337,0.837275,0.0,0.0,0.090141,73214.0,0.146367,0.375092,0.171855,0.322773,-0.033188,0.721002,5.033127,-0.01,-0.6,-0.012,-0.25,-0.36,-1.2,0.500007,-0.069329,-0.002564,0.0,-0.083365,-0.046473,-0.021045,-0.036616,0.836333,-0.054398,-0.142169,-0.021105,-0.039525,1.793541,3.763618,-0.117141,-0.000425,-0.277693,3.043478,0.013272,0.096994,0.118938
283,179.803574,1000.0,0.897099,0.82401,0.0,0.0,0.089643,73422.0,0.140189,0.372675,0.170601,0.314291,-0.033536,0.717734,4.995176,-0.01,-0.6,-0.012,-0.25,-0.36,-1.2,0.500007,-0.072282,-0.001221,0.0,-0.079139,-0.04541,-0.020005,-0.035136,0.843705,-0.052499,-0.131329,-0.020749,-0.036686,1.799232,3.802273,-0.114884,-0.000513,-0.242688,3.347826,0.012026,0.09359,0.101878
284,180.236923,1000.0,0.887763,0.831968,0.0,0.0,0.089104,72207.0,0.139574,0.364781,0.162397,0.316406,-0.033451,0.730135,5.001695,-0.01,-0.6,-0.012,-0.25,-0.36,-1.2,0.500007,-0.077663,-0.001739,0.0,-0.078735,-0.044414,-0.019516,-0.035543,0.832138,-0.051618,-0.12576,-0.021086,-0.03867,1.8031,3.83768,-0.116798,-0.000535,-0.220536,3.565217,0.011767,0.109802,0.11256
285,180.9104,1000.0,0.87629,0.832787,0.0,0.0,0.088605,61690.0,0.137901,0.363927,0.169863,0.320435,-0.033374,0.729512,4.983196,-0.01,-0.6,-0.012,-0.25,-0.36,-1.2,0.500007,-0.073941,-0.001455,0.0,-0.078182,-0.044773,-0.02119,-0.037157,0.819994,-0.055537,-0.148074,-0.02273,-0.036674,1.801026,3.796226,-0.119447,-0.00032,-0.204685,2.73913,0.012872,0.102137,0.107832
286,180.894928,1000.0,0.890932,0.821816,0.0,0.0,0.08834,50294.0,0.132558,0.358284,0.149941,0.284694,-0.029512,0.655227,4.980327,-0.01,-0.6,-0.012,-0.25,-0.36,-1.2,0.500007,-0.078304,-0.000828,0.0,-0.069938,-0.04212,-0.01761,-0.034091,0.825636,-0.05021,-0.115901,-0.017847,-0.03462,1.81563,3.880648,-0.111321,-0.000505,-0.132763,3.086957,0.012534,0.103339,0.126287
287,178.73288,1000.0,0.893396,0.819764,0.0,0.0,0.088336,64308.0,0.140087,0.373113,0.163885,0.29703,-0.0317,0.67287,4.982621,-0.01,-0.6,-0.012,-0.25,-0.36,-1.2,0.500007,-0.078799,-0.001134,0.0,-0.075869,-0.043476,-0.01897,-0.035512,0.832872,-0.055747,-0.133999,-0.018681,-0.036653,1.803007,3.806178,-0.11606,-0.000479,-0.230053,3.916667,0.015186,0.104633,0.134605
288,181.049362,1000.0,0.881991,0.826654,0.0,0.0,0.088067,67419.0,0.134897,0.363984,0.162559,0.316639,-0.031941,0.752524,4.959313,-0.01,-0.6,-0.012,-0.25,-0.36,-1.2,0.500007,-0.08544,-0.001275,0.0,-0.075343,-0.042003,-0.017745,-0.034958,0.85285,-0.051522,-0.116807,-0.019478,-0.036667,1.810117,3.873349,-0.116056,-0.000467,-0.221032,3.045455,0.015135,0.12064,0.101671
289,181.191696,1000.0,0.893647,0.843431,0.0,0.0,0.087763,63655.0,0.136109,0.368917,0.174286,0.323765,-0.03283,0.731097,4.92377,-0.01,-0.6,-0.012,-0.25,-0.36,-1.2,0.500007,-0.082227,-0.001131,0.0,-0.076456,-0.042937,-0.019174,-0.036497,0.843135,-0.055535,-0.129213,-0.018345,-0.037055,1.806318,3.840702,-0.121301,-0.000728,-0.282831,2.826087,0.01531,0.094817,0.1059
290,180.159302,1000.0,0.878449,0.831609,0.0,0.0,0.087406,64653.0,0.135482,0.360329,0.15508,0.288987,-0.029019,0.671081,4.915305,-0.01,-0.6,-0.012,-0.25,-0.36,-1.2,0.500007,-0.083704,-0.004067,0.0,-0.074238,-0.041205,-0.017334,-0.036647,0.838057,-0.053613,-0.132949,-0.018086,-0.037322,1.80057,3.881143,-0.114517,-0.000575,-0.268543,2.714286,0.0165,0.103487,0.11744
291,178.918045,1000.0,0.873383,0.821964,0.0,0.0,0.087106,50777.0,0.139769,0.362138,0.158891,0.314745,-0.032699,0.724591,4.922678,-0.01,-0.6,-0.012,-0.25,-0.36,-1.2,0.500007,-0.089053,-0.003126,0.0,-0.077628,-0.04197,-0.019156,-0.038179,0.835799,-0.057271,-0.128415,-0.020069,-0.040141,1.787297,3.843365,-0.121612,-0.000546,-0.294538,23.045456,0.015573,0.102524,0.12007
292,178.542862,995.900024,0.892125,0.833453,0.045455,0.0,0.086689,61093.0,0.135449,0.354067,0.161625,0.31006,-0.031802,0.722742,4.915916,-0.01,-0.6,-0.012,-0.25,-0.36,-1.2,0.497671,-0.088948,-0.001212,-0.000455,-0.076561,-0.040599,-0.01847,-0.03698,0.844782,-0.056362,-0.135513,-0.019316,-0.039186,1.793096,3.854065,-0.118134,-0.000572,-0.311564,4.5,0.011746,0.122618,0.130894
293,183.558716,1000.0,0.893036,0.848116,0.0,0.0,0.086263,61853.0,0.13184,0.352901,0.160972,0.303471,-0.030881,0.71221,4.91018,-0.01,-0.6,-0.012,-0.25,-0.36,-1.2,0.500007,-0.087444,-0.00112,0.0,-0.073057,-0.040315,-0.017849,-0.036322,0.84303,-0.053045,-0.124406,-0.017543,-0.036477,1.819947,3.913063,-0.117009,-0.000424,-0.190662,7.583333,0.014717,0.08926,0.104009
294,181.749008,1000.0,0.882724,0.837547,0.083333,0.0,0.085939,63693.0,0.13972,0.352951,0.17236,0.325794,-0.033119,0.748473,4.923674,-0.01,-0.6,-0.012,-0.25,-0.36,-1.2,0.496769,-0.083839,-0.001613,-0.000476,-0.077507,-0.040501,-0.018839,-0.037852,0.845893,-0.055802,-0.140729,-0.018636,-0.037656,1.781537,3.850092,-0.120559,-0.000605,-0.294186,6.208333,0.013886,0.11194,0.134402
295,182.173447,1000.0,0.879058,0.84197,0.0,0.0,0.085563,62974.0,0.133371,0.353312,0.158308,0.305418,-0.030924,0.702598,4.887886,-0.01,-0.6,-0.012,-0.25,-0.36,-1.2,0.500007,-0.087604,-0.001187,0.0,-0.073214,-0.039455,-0.017626,-0.036337,0.833759,-0.053408,-0.12606,-0.017814,-0.036512,1.816108,3.907645,-0.115938,-0.000469,-0.229633,7.208333,0.015032,0.090645,0.115374
296,181.377441,1000.0,0.888493,0.831509,0.0,0.0,0.085308,49263.0,0.132999,0.348103,0.165742,0.30268,-0.030508,0.703112,4.878187,-0.01,-0.6,-0.012,-0.25,-0.36,-1.2,0.500007,-0.083179,-0.001249,0.0,-0.072244,-0.039736,-0.017864,-0.036551,0.834466,-0.05414,-0.140704,-0.017311,-0.034971,1.816592,3.906469,-0.115428,-0.000495,-0.260801,7.166667,0.014055,0.095655,0.135698
297,183.486969,1000.0,0.886102,0.840178,0.0,0.0,0.084928,56322.0,0.131875,0.344411,0.163065,0.310534,-0.031521,0.719831,4.906735,-0.01,-0.6,-0.012,-0.25,-0.36,-1.2,0.500007,-0.08627,-0.001086,0.0,-0.073499,-0.039227,-0.017932,-0.036549,0.841006,-0.05265,-0.129289,-0.017866,-0.036737,1.818563,3.92564,-0.115107,-0.00049,-0.263113,7.416667,0.016038,0.090445,0.128136
298,184.218689,1000.0,0.88518,0.8381,0.0,0.0,0.084592,60134.0,0.133411,0.347666,0.172422,0.311528,-0.030833,0.727587,4.928233,-0.01,-0.6,-0.012,-0.25,-0.36,-1.2,0.500007,-0.083206,-0.001294,0.0,-0.072612,-0.038995,-0.017786,-0.036193,0.851739,-0.053073,-0.133903,-0.017238,-0.035866,1.817023,3.918936,-0.113934,-0.000474,-0.247453,7.333333,0.014888,0.107806,0.110686
299,182.317139,1000.0,0.886701,0.834009,0.0,0.0,0.084283,64152.0,0.132633,0.344581,0.169852,0.310773,-0.031505,0.724828,4.87556,-0.01,-0.6,-0.012,-0.25,-0.36,-1.2,0.500007,-0.083528,-0.001105,0.0,-0.074849,-0.038431,-0.017673,-0.03674,0.841423,-0.053204,-0.13569,-0.017166,-0.035616,1.822325,3.923062,-0.114372,-0.000425,-0.278392,6.0,0.01411,0.091593,0.106657
300,185.286896,1000.0,0.896148,0.852351,0.0,0.0,0.083726,61631.0,0.132724,0.340997,0.171638,0.309513,-0.031171,0.721204,4.859796,-0.01,-0.6,-0.012,-0.25,-0.36,-1.2,0.500007,-0.083615,-0.001006,0.0,-0.072998,-0.038479,-0.017824,-0.03637,0.843622,-0.052607,-0.137961,-0.017019,-0.034879,1.819848,3.938671,-0.113163,-0.000424,-0.248579,6.583333,0.013283,0.093205,0.093632
301,183.87175,1000.0,0.901168,0.847231,0.0,0.0,0.083403,54493.0,0.130013,0.341453,0.168899,0.310226,-0.031179,0.720735,4.875364,-0.01,-0.6,-0.012,-0.25,-0.36,-1.2,0.500007,-0.085044,-0.001251,0.0,-0.071236,-0.037737,-0.017688,-0.035469,0.840794,-0.050297,-0.129586,-0.016753,-0.034513,1.828102,3.960977,-0.112194,-0.000499,-0.238857,5.5,0.013719,0.092412,0.114729
302,183.066193,1000.0,0.882011,0.84728,0.0,0.0,0.082968,66667.0,0.133016,0.347156,0.166407,0.311829,-0.030895,0.715934,4.862305,-0.01,-0.6,-0.012,-0.25,-0.36,-1.2,0.500007,-0.08566,-0.001122,0.0,-0.071839,-0.03792,-0.018027,-0.036715,0.834534,-0.051712,-0.131303,-0.018206,-0.034958,1.813906,3.940976,-0.114586,-0.000485,-0.221157,5.416667,0.014418,0.080046,0.131268
303,181.930618,1000.0,0.892841,0.834924,0.0,0.0,0.082723,67635.0,0.13275,0.337321,0.16618,0.301667,-0.030185,0.71685,4.885878,-0.01,-0.6,-0.012,-0.25,-0.36,-1.2,0.500007,-0.08475,-0.001321,0.0,-0.071041,-0.036818,-0.017123,-0.03575,0.845333,-0.050452,-0.133011,-0.017211,-0.034624,1.822838,3.96748,-0.110177,-0.000539,-0.26971,6.875,0.014949,0.10521,0.126872
304,184.671539,1000.0,0.901112,0.830286,0.0,0.0,0.082291,66220.0,0.130146,0.344508,0.167753,0.308259,-0.030329,0.721502,4.895691,-0.01,-0.6,-0.012,-0.25,-0.36,-1.2,0.500007,-0.084864,-0.000938,0.0,-0.070523,-0.036947,-0.017453,-0.035016,0.841395,-0.051133,-0.126766,-0.016613,-0.034768,1.822882,3.948051,-0.110573,-0.000372,-0.204567,5.75,0.015148,0.087924,0.122649
305,182.066742,1000.0,0.893863,0.823354,0.0,0.0,0.082028,66319.0,0.128483,0.33819,0.157147,0.293177,-0.028798,0.701798,4.90521,-0.01,-0.6,-0.012,-0.25,-0.36,-1.2,0.500007,-0.086038,-0.000953,0.0,-0.069541,-0.036075,-0.016379,-0.034386,0.845101,-0.048817,-0.119736,-0.017119,-0.035911,1.824766,3.98212,-0.106072,-0.000574,-0.272797,5.916667,0.015397,0.107144,0.116824
306,183.780228,1000.0,0.887616,0.834871,0.0,0.0,0.081762,67222.0,0.132768,0.344285,0.169321,0.313584,-0.031346,0.732893,4.906995,-0.01,-0.6,-0.012,-0.25,-0.36,-1.2,0.500007,-0.085127,-0.001578,0.0,-0.073357,-0.036668,-0.017931,-0.035911,0.850327,-0.050511,-0.131324,-0.017779,-0.036205,1.815639,3.954441,-0.11112,-0.000435,-0.257751,6.043478,0.015512,0.098924,0.1202
307,181.686493,1000.0,0.890643,0.846538,0.0,0.0,0.081369,53566.0,0.133762,0.342311,0.175598,0.329576,-0.0328,0.756839,4.89762,-0.01,-0.6,-0.012,-0.25,-0.36,-1.2,0.500007,-0.084165,-0.001013,0.0,-0.074949,-0.036684,-0.018368,-0.037015,0.850709,-0.051497,-0.131705,-0.017083,-0.036859,1.809138,3.95104,-0.113849,-0.000466,-0.294923,6.166667,0.013551,0.088183,0.115127
308,184.198669,1000.0,0.874494,0.837451,0.0,0.0,0.081068,57479.0,0.130409,0.339811,0.162224,0.309264,-0.030882,0.716676,4.87962,-0.01,-0.6,-0.012,-0.25,-0.36,-1.2,0.500007,-0.086885,-0.001211,0.0,-0.070677,-0.035929,-0.017979,-0.036327,0.839656,-0.049097,-0.124471,-0.017166,-0.034061,1.825148,3.97586,-0.111434,-0.000457,-0.222995,4.541667,0.015651,0.090518,0.117827
309,185.189651,1000.0,0.891627,0.827512,0.0,0.0,0.080615,56452.0,0.133679,0.337491,0.176771,0.322087,-0.032277,0.750286,4.906187,-0.01,-0.6,-0.012,-0.25,-0.36,-1.2,0.500007,-0.082393,-0.00078,0.0,-0.073443,-0.035684,-0.017795,-0.035559,0.853298,-0.049339,-0.130691,-0.017419,-0.034517,1.807708,3.973658,-0.111849,-0.000339,-0.199733,4.625,0.015506,0.0954,0.112601
310,184.633621,1000.0,0.88354,0.826734,0.0,0.0,0.080288,53790.0,0.127203,0.337435,0.16906,0.305994,-0.030081,0.726995,4.858606,-0.01,-0.6,-0.012,-0.25,-0.36,-1.2,0.500007,-0.08389,-0.000934,0.0,-0.068258,-0.035213,-0.016926,-0.034725,0.841869,-0.048905,-0.122199,-0.016063,-0.033618,1.831909,3.983418,-0.106811,-0.000367,-0.213928,4.5,0.013495,0.100113,0.129671
311,183.555817,1000.0,0.865732,0.823985,0.0,0.0,0.080047,60527.0,0.133604,0.344981,0.168422,0.309323,-0.0307,0.716588,4.857301,-0.01,-0.6,-0.012,-0.25,-0.36,-1.2,0.500007,-0.084682,-0.001397,0.0,-0.071068,-0.035456,-0.017627,-0.035595,0.838388,-0.050282,-0.128499,-0.016487,-0.034994,1.805907,3.960494,-0.108805,-0.000343,-0.201077,4.25,0.014281,0.106328,0.112097
312,183.692413,1000.0,0.878863,0.831902,0.0,0.0,0.079834,53323.0,0.133615,0.340152,0.17255,0.329012,-0.032942,0.736628,4.858131,-0.01,-0.6,-0.012,-0.25,-0.36,-1.2,0.500007,-0.084986,-0.00121,0.0,-0.074998,-0.036061,-0.019246,-0.037413,0.842523,-0.051489,-0.133301,-0.018778,-0.034176,1.80453,3.954111,-0.116013,-0.000599,-0.230547,4.208333,0.013082,0.099471,0.111319
313,184.503098,1000.0,0.887954,0.816165,0.0,0.0,0.079525,68945.0,0.133089,0.330618,0.168664,0.312359,-0.030814,0.726168,4.850602,-0.01,-0.6,-0.012,-0.25,-0.36,-1.2,0.500007,-0.083035,-0.002017,0.0,-0.073707,-0.034647,-0.017424,-0.035639,0.844213,-0.049107,-0.131639,-0.017241,-0.036946,1.810552,3.992254,-0.107587,-0.00044,-0.237661,4.086957,0.012676,0.089785,0.133763
314,183.473923,1000.0,0.899067,0.826681,0.0,0.0,0.079147,66448.0,0.12845,0.334311,0.165972,0.307214,-0.030372,0.710081,4.828293,-0.01,-0.6,-0.012,-0.25,-0.36,-1.2,0.500007,-0.084112,-0.001551,0.0,-0.06906,-0.034098,-0.017107,-0.034799,0.841642,-0.046942,-0.122215,-0.01683,-0.034625,1.831969,4.013399,-0.105991,-0.000534,-0.220162,3.875,0.011544,0.09259,0.101069
315,182.43071,995.75,0.878826,0.830712,0.041667,0.0,0.078993,64534.0,0.130168,0.334726,0.168269,0.306463,-0.02935,0.716648,4.85531,-0.01,-0.6,-0.012,-0.25,-0.36,-1.2,0.497048,-0.082758,-0.001545,-0.000556,-0.068436,-0.033904,-0.017046,-0.03431,0.839562,-0.048179,-0.119821,-0.01599,-0.034412,1.804842,3.969486,-0.10391,-0.000637,-0.417222,3.583333,0.016015,0.108287,0.128044
316,186.933899,1000.0,0.882962,0.839867,0.0,0.0,0.07872,66887.0,0.128374,0.322776,0.173521,0.31146,-0.030944,0.731421,4.826654,-0.01,-0.6,-0.012,-0.25,-0.36,-1.2,0.500007,-0.081971,-0.00155,0.0,-0.070198,-0.033851,-0.017328,-0.035318,0.851129,-0.047016,-0.125936,-0.015743,-0.0348,1.828562,4.024502,-0.104753,-0.000606,-0.16264,3.652174,0.014508,0.100439,0.103724
317,181.935501,1000.0,0.878819,0.841066,0.0,0.0,0.078336,51159.0,0.129597,0.333702,0.158395,0.293686,-0.029308,0.681618,4.820655,-0.01,-0.6,-0.012,-0.25,-0.36,-1.2,0.500007,-0.084917,-0.000845,0.0,-0.069621,-0.033647,-0.017043,-0.03501,0.830013,-0.047096,-0.124938,-0.016793,-0.034163,1.823071,4.012774,-0.104384,-0.000822,-0.331153,3.583333,0.015136,0.091398,0.142854
318,184.644028,1000.0,0.862825,0.837079,0.0,0.0,0.078114,68563.0,0.131341,0.333068,0.170903,0.316043,-0.030814,0.724129,4.807351,-0.01,-0.6,-0.012,-0.25,-0.36,-1.2,0.500007,-0.08501,-0.001185,0.0,-0.068473,-0.03332,-0.016983,-0.03442,0.845372,-0.046064,-0.118805,-0.01638,-0.032504,1.816306,4.025057,-0.10534,-0.000426,-0.187976,3.043478,0.013451,0.098149,0.139046
319,185.319672,1000.0,0.891548,0.805503,0.0,0.0,0.077942,70599.0,0.128201,0.333592,0.16156,0.300581,-0.029995,0.685476,4.797825,-0.01,-0.6,-0.012,-0.25,-0.36,-1.2,0.500007,-0.084531,-0.000949,0.0,-0.065559,-0.033007,-0.016373,-0.033555,0.836139,-0.045557,-0.114814,-0.015927,-0.033814,1.824357,4.031559,-0.101969,-0.000363,-0.318034,3.333333,0.012896,0.118758,0.135634
320,184.712921,1000.0,0.88438,0.833876,0.0,0.0,0.077611,66855.0,0.131816,0.333033,0.174968,0.312852,-0.031501,0.735551,4.840744,-0.01,-0.6,-0.012,-0.25,-0.36,-1.2,0.500007,-0.081479,-0.001255,0.0,-0.072203,-0.033741,-0.017439,-0.035407,0.858637,-0.049072,-0.131178,-0.017247,-0.03458,1.817471,3.993855,-0.107386,-0.000477,-0.246264,3.666667,0.013612,0.100695,0.133865
321,185.903412,1000.0,0.876831,0.835795,0.0,0.0,0.077411,65015.0,0.129059,0.326037,0.169523,0.318829,-0.03171,0.730206,4.779971,-0.01,-0.6,-0.012,-0.25,-0.36,-1.2,0.500007,-0.087547,-0.001003,0.0,-0.070924,-0.033014,-0.017723,-0.035196,0.844471,-0.046365,-0.115587,-0.016395,-0.034906,1.819431,4.030546,-0.105696,-0.000407,-0.160136,3.565217,0.011313,0.095756,0.137044
322,184.837448,1000.0,0.86646,0.824644,0.0,0.0,0.077294,63322.0,0.129112,0.328471,0.176148,0.302656,-0.030147,0.700244,4.796952,-0.01,-0.6,-0.012,-0.25,-0.36,-1.2,0.500007,-0.075861,-0.001729,0.0,-0.068553,-0.033121,-0.017305,-0.034984,0.84849,-0.04751,-0.13932,-0.015145,-0.032943,1.827123,4.014312,-0.103236,-0.00034,-0.260565,3.304348,0.015776,0.097305,0.138247
323,185.644333,1000.0,0.874677,0.830918,0.0,0.0,0.077005,50400.0,0.120515,0.313244,0.157369,0.288315,-0.027776,0.690702,4.820599,-0.01,-0.6,-0.012,-0.25,-0.36,-1.2,0.500007,-0.08464,-0.001316,0.0,-0.063459,-0.03112,-0.014891,-0.03251,0.838197,-0.042245,-0.106173,-0.014593,-0.03354,1.844966,4.093017,-0.096313,-0.00044,-0.233738,3.041667,0.014308,0.10051,0.112475
324,185.941879,1000.0,0.895078,0.828823,0.0,0.0,0.076795,65917.0,0.126589,0.324152,0.167596,0.315596,-0.030549,0.739094,4.802033,-0.01,-0.6,-0.012,-0.25,-0.36,-1.2,0.500007,-0.084988,-0.001104,0.0,-0.068386,-0.03208,-0.016802,-0.03453,0.847937,-0.044969,-0.119163,-0.014971,-0.031918,1.833253,4.049618,-0.103265,-0.000401,-0.287622,3.304348,0.0144,0.103445,0.116398
325,185.032669,1000.0,0.864907,0.832658,0.0,0.0,0.076578,68244.0,0.126536,0.325045,0.171315,0.316296,-0.030967,0.724885,4.77349,-0.01,-0.6,-0.012,-0.25,-0.36,-1.2,0.500007,-0.08455,-0.000907,0.0,-0.071053,-0.032328,-0.017073,-0.03497,0.855935,-0.045776,-0.117745,-0.015275,-0.036834,1.82172,4.041384,-0.102634,-0.000399,-0.366493,3.590909,0.013998,0.100753,0.10399
326,186.084045,1000.0,0.897789,0.832976,0.0,0.0,0.07656,67295.0,0.121038,0.318566,0.151074,0.275507,-0.026572,0.663189,4.781009,-0.01,-0.6,-0.012,-0.25,-0.36,-1.2,0.500007,-0.085529,-0.000936,0.0,-0.060637,-0.030565,-0.01508,-0.032291,0.828564,-0.042192,-0.103131,-0.014557,-0.030135,1.840028,4.088818,-0.09442,-0.000442,-0.195815,3.166667,0.015452,0.092416,0.12762
327,185.066376,1000.0,0.883494,0.826909,0.0,0.0,0.076562,67457.0,0.123862,0.316857,0.147606,0.28771,-0.028009,0.669892,4.748554,-0.01,-0.6,-0.012,-0.25,-0.36,-1.2,0.500007,-0.084763,-0.001745,0.0,-0.065727,-0.030896,-0.016108,-0.033976,0.831277,-0.043709,-0.116955,-0.016194,-0.034908,1.840818,4.070193,-0.097624,-0.000373,-0.320939,2.545455,0.011626,0.099174,0.087785
328,185.239349,1000.0,0.884455,0.833985,0.0,0.0,0.076208,49654.0,0.125845,0.321838,0.169962,0.314317,-0.030483,0.748476,4.748979,-0.01,-0.6,-0.012,-0.25,-0.36,-1.2,0.500007,-0.084226,-0.000788,0.0,-0.068154,-0.031778,-0.016731,-0.034053,0.859333,-0.045462,-0.119444,-0.015365,-0.03375,1.830856,4.047589,-0.102361,-0.000378,-0.378403,3.208333,0.013702,0.116118,0.118226
329,188.494537,1000.0,0.886791,0.818938,0.0,0.0,0.076096,63022.0,0.120058,0.312966,0.160682,0.298081,-0.028598,0.725209,4.745714,-0.01,-0.6,-0.012,-0.25,-0.36,-1.2,0.500007,-0.085132,-0.000787,0.0,-0.06382,-0.030456,-0.015376,-0.032075,0.861172,-0.042895,-0.106582,-0.014745,-0.032387,1.846116,4.090228,-0.096172,-0.000511,-0.215871,3.875,0.014335,0.113215,0.124605
330,186.724716,1000.0,0.879022,0.846166,0.0,0.0,0.07588,69623.0,0.124893,0.31159,0.171861,0.303925,-0.029557,0.716719,4.762407,-0.01,-0.6,-0.012,-0.25,-0.36,-1.2,0.500007,-0.079177,-0.001691,0.0,-0.067509,-0.030614,-0.0161,-0.033456,0.85106,-0.042708,-0.122639,-0.014498,-0.035099,1.827917,4.086938,-0.097413,-0.000513,-0.227471,3.090909,0.015965,0.097309,0.105493
331,187.154968,1000.0,0.88612,0.81903,0.0,0.0,0.075642,69946.0,0.124295,0.313832,0.160876,0.297054,-0.028542,0.680994,4.765261,-0.01,-0.6,-0.012,-0.25,-0.36,-1.2,0.500007,-0.084718,-0.000915,0.0,-0.064487,-0.030335,-0.015918,-0.032403,0.835435,-0.043414,-0.108004,-0.015162,-0.031673,1.828098,4.080383,-0.097041,-0.000354,-0.203695,3.0,0.012292,0.101509,0.121263
332,187.595245,1000.0,0.875825,0.827233,0.0,0.0,0.075215,71636.0,0.128705,0.328782,0.174941,0.326266,-0.033098,0.744392,4.756408,-0.01,-0.6,-0.012,-0.25,-0.36,-1.2,0.500007,-0.081015,-0.00092,0.0,-0.071558,-0.031722,-0.017877,-0.035403,0.850966,-0.046304,-0.126702,-0.017046,-0.037068,1.825016,4.030378,-0.104414,-0.000451,-0.225025,2.5,0.013718,0.092466,0.100044
333,187.896255,1000.0,0.885829,0.822775,0.0,0.0,0.075081,54051.0,0.123471,0.310168,0.166665,0.302994,-0.029704,0.738422,4.759301,-0.01,-0.6,-0.012,-0.25,-0.36,-1.2,0.500007,-0.081671,-0.001254,0.0,-0.068111,-0.030111,-0.016344,-0.034113,0.860462,-0.042798,-0.125476,-0.016284,-0.033538,1.836594,4.088696,-0.09798,-0.000352,-0.206148,25.200001,0.013421,0.120952,0.122219
334,187.069107,1000.0,0.885633,0.82552,0.0,0.0,0.074902,63487.0,0.123617,0.312493,0.175798,0.318928,-0.030885,0.764254,4.766421,-0.01,-0.6,-0.012,-0.25,-0.36,-1.2,0.500007,-0.083847,-0.000714,0.0,-0.068939,-0.030373,-0.016947,-0.034577,0.860796,-0.042025,-0.113609,-0.015703,-0.032766,1.83027,4.100077,-0.100549,-0.000465,-0.38657,5.583333,0.014754,0.091901,0.136983
335,188.008133,1000.0,0.886154,0.829451,0.0,0.0,0.074771,61472.0,0.123085,0.30973,0.170402,0.30581,-0.029411,0.714512,4.766153,-0.01,-0.6,-0.012,-0.25,-0.36,-1.2,0.500007,-0.0813,-0.000996,0.0,-0.064672,-0.030145,-0.016306,-0.033026,0.847782,-0.043221,-0.117449,-0.014634,-0.030798,1.829603,4.092319,-0.097776,-0.000495,-0.265317,7.25,0.014512,0.09188,0.126731
336,186.582413,1000.0,0.885824,0.840623,0.0,0.0,0.074633,66762.0,0.124037,0.312917,0.168795,0.299993,-0.029321,0.712103,4.744117,-0.01,-0.6,-0.012,-0.25,-0.36,-1.2,0.500007,-0.081379,-0.000994,0.0,-0.066391,-0.030228,-0.016462,-0.03379,0.855759,-0.043041,-0.113623,-0.015206,-0.031719,1.830189,4.088644,-0.098026,-0.000416,-0.305534,6.291667,0.012961,0.096207,0.111589
337,186.657501,1000.0,0.896258,0.838463,0.0,0.0,0.074566,68870.0,0.123702,0.310493,0.167882,0.303585,-0.029734,0.720517,4.768502,-0.01,-0.6,-0.012,-0.25,-0.36,-1.2,0.500007,-0.081728,-0.000868,0.0,-0.06593,-0.029587,-0.01644,-0.03343,0.848476,-0.041828,-0.118649,-0.014613,-0.032332,1.833438,4.106185,-0.096468,-0.000416,-0.34877,7.166667,0.013627,0.092917,0.115216
338,186.575195,1000.0,0.889446,0.833666,0.0,0.0,0.074443,66927.0,0.126608,0.310929,0.172629,0.317054,-0.031103,0.727783,4.777067,-0.01,-0.6,-0.012,-0.25,-0.36,-1.2,0.500007,-0.081451,-0.00081,0.0,-0.067423,-0.029793,-0.016541,-0.033369,0.852636,-0.042147,-0.116954,-0.015203,-0.0328,1.821573,4.101388,-0.098646,-0.000539,-0.265983,8.208334,0.014031,0.097864,0.111832
339,186.150528,1000.0,0.879491,0.823155,0.041667,0.0,0.074288,49607.0,0.127063,0.330359,0.165922,0.29656,-0.028788,0.714728,4.751442,-0.01,-0.6,-0.012,-0.25,-0.36,-1.2,0.498382,-0.081701,-0.001271,-0.000833,-0.064448,-0.02896,-0.015745,-0.032143,0.849397,-0.041503,-0.111644,-0.014954,-0.032441,1.810729,4.070307,-0.094033,-0.000401,-0.297473,6.833333,0.015356,0.09915,0.121043
340,188.280762,1000.0,0.8869,0.831521,0.0,0.0,0.073979,62560.0,0.122744,0.310754,0.167879,0.307107,-0.030496,0.722764,4.790956,-0.01,-0.6,-0.012,-0.25,-0.36,-1.2,0.500007,-0.083936,-0.001319,0.0,-0.065929,-0.029219,-0.016324,-0.033159,0.857622,-0.040717,-0.109512,-0.015023,-0.032344,1.834878,4.124183,-0.097435,-0.000426,-0.274887,6.75,0.012625,0.108784,0.125057
341,187.924759,1000.0,0.88226,0.85066,0.0,0.0,0.073636,64546.0,0.12073,0.307043,0.154628,0.287387,-0.028354,0.682183,4.741911,-0.01,-0.6,-0.012,-0.25,-0.36,-1.2,0.500007,-0.081715,-0.000871,0.0,-0.062544,-0.028813,-0.015665,-0.032431,0.841298,-0.040963,-0.110287,-0.013981,-0.03053,1.834784,4.121165,-0.093679,-0.000429,-0.222722,6.625,0.014994,0.098638,0.099083
342,189.655762,1000.0,0.884311,0.831674,0.0,0.0,0.073344,69315.0,0.123666,0.308231,0.177118,0.310878,-0.029954,0.732012,4.778108,-0.01,-0.6,-0.012,-0.25,-0.36,-1.2,0.500007,-0.080111,-0.000835,0.0,-0.064859,-0.029178,-0.016319,-0.033047,0.858361,-0.042174,-0.116441,-0.01373,-0.030087,1.829217,4.1096,-0.095934,-0.000381,-0.16417,6.166667,0.015456,0.097839,0.13352
343,187.555344,1000.0,0.87824,0.828834,0.0,0.0,0.073098,70505.0,0.127377,0.313495,0.166742,0.312607,-0.029944,0.731951,4.759367,-0.01,-0.6,-0.012,-0.25,-0.36,-1.2,0.500007,-0.083946,-0.000965,0.0,-0.069442,-0.029089,-0.01639,-0.033601,0.855591,-0.042063,-0.116253,-0.015439,-0.034844,1.817698,4.098844,-0.096614,-0.000502,-0.304711,5.625,0.014133,0.102386,0.118864
344,189.600403,1000.0,0.889883,0.838584,0.0,0.0,0.072922,53682.0,0.12372,0.302564,0.17767,0.31088,-0.029895,0.733827,4.75189,-0.01,-0.6,-0.012,-0.25,-0.36,-1.2,0.500007,-0.078795,-0.0012,0.0,-0.06579,-0.028785,-0.016097,-0.032636,0.859014,-0.040047,-0.117133,-0.014124,-0.030467,1.830345,4.139027,-0.09588,-0.000398,-0.201439,5.416667,0.014393,0.093589,0.109159
345,186.821716,1000.0,0.882254,0.817852,0.0,0.0,0.072476,67415.0,0.12205,0.311345,0.167445,0.306871,-0.030083,0.727765,4.769157,-0.01,-0.6,-0.012,-0.25,-0.36,-1.2,0.500007,-0.0833,-0.000914,0.0,-0.066571,-0.028681,-0.016436,-0.033184,0.856217,-0.040888,-0.111231,-0.0162,-0.03278,1.830744,4.116096,-0.095828,-0.000442,-0.384138,6.583333,0.014555,0.09216,0.126191
346,189.694702,1000.0,0.881888,0.831234,0.0,0.0,0.072303,70895.0,0.124102,0.311461,0.167642,0.308898,-0.030009,0.730462,4.725469,-0.01,-0.6,-0.012,-0.25,-0.36,-1.2,0.500007,-0.085264,-0.000874,0.0,-0.065771,-0.028439,-0.015934,-0.033099,0.856328,-0.040952,-0.109979,-0.015204,-0.031613,1.8286,4.118728,-0.095495,-0.000533,-0.213614,5.666667,0.014909,0.097356,0.12368
347,187.525391,1000.0,0.88762,0.833986,0.0,0.0,0.072104,71465.0,0.12308,0.308245,0.169295,0.304716,-0.029884,0.721503,4.743692,-0.01,-0.6,-0.012,-0.25,-0.36,-1.2,0.500007,-0.082164,-0.000831,0.0,-0.065004,-0.028333,-0.016062,-0.032715,0.850991,-0.04066,-0.112485,-0.014995,-0.032537,1.828695,4.129026,-0.094045,-0.000432,-0.278163,6.041667,0.015245,0.10476,0.127487
348,189.041687,1000.0,0.894048,0.841966,0.0,0.0,0.071946,69489.0,0.119568,0.303393,0.165094,0.296427,-0.02867,0.715674,4.776863,-0.01,-0.6,-0.012,-0.25,-0.36,-1.2,0.500007,-0.081972,-0.000748,0.0,-0.063634,-0.028096,-0.01551,-0.032064,0.858635,-0.04011,-0.106332,-0.014391,-0.03063,1.843144,4.140551,-0.093351,-0.000436,-0.285552,6.217391,0.014718,0.092991,0.134122
349,190.126328,1000.0,0.876126,0.831405,0.0,0.0,0.071737,70622.0,0.122846,0.302264,0.174769,0.317326,-0.030656,0.753467,4.737629,-0.01,-0.6,-0.012,-0.25,-0.36,-1.2,0.500007,-0.08283,-0.001428,0.0,-0.066136,-0.028211,-0.016791,-0.033602,0.857472,-0.039917,-0.115548,-0.014996,-0.030723,1.828506,4.143758,-0.096291,-0.000448,-0.2755,5.708333,0.013395,0.103316,0.105068
350,188.81308,1000.0,0.890844,0.828732,0.0,0.0,0.071701,50254.0,0.123167,0.298675,0.181036,0.315765,-0.031022,0.763071,4.740336,-0.01,-0.6,-0.012,-0.25,-0.36,-1.2,0.500007,-0.079971,-0.001265,0.0,-0.066824,-0.028071,-0.016185,-0.032999,0.870519,-0.040501,-0.115942,-0.015009,-0.031203,1.830629,4.138046,-0.095136,-0.000356,-0.313121,4.958333,0.013465,0.103297,0.108354
351,188.491455,1000.0,0.887135,0.8276,0.0,0.0,0.071512,70080.0,0.123717,0.30185,0.168188,0.316913,-0.030755,0.732046,4.76199,-0.01,-0.6,-0.012,-0.25,-0.36,-1.2,0.500007,-0.082455,-0.000975,0.0,-0.065857,-0.028157,-0.016896,-0.033398,0.850391,-0.039413,-0.113055,-0.015658,-0.030948,1.825533,4.146661,-0.097173,-0.000387,-0.265054,4.458333,0.013337,0.103747,0.145653
352,188.701904,1000.0,0.882052,0.828123,0.0,0.0,0.071217,67749.0,0.119771,0.300232,0.166917,0.291373,-0.027785,0.70704,4.736835,-0.01,-0.6,-0.012,-0.25,-0.36,-1.2,0.500007,-0.080805,-0.001248,0.0,-0.061886,-0.027188,-0.014917,-0.031064,0.862138,-0.038395,-0.105561,-0.013746,-0.029937,1.839701,4.16463,-0.089956,-0.000355,-0.279627,3.958333,0.014874,0.092564,0.123652
353,189.251633,1000.0,0.883182,0.845103,0.0,0.0,0.070989,67172.0,0.121365,0.303059,0.170541,0.304352,-0.029731,0.735453,4.720087,-0.01,-0.6,-0.012,-0.25,-0.36,-1.2,0.500007,-0.081945,-0.001553,0.0,-0.065455,-0.02781,-0.015894,-0.032042,0.865659,-0.039754,-0.113072,-0.014619,-0.032702,1.836696,4.143938,-0.093103,-0.000392,-0.311934,4.208333,0.014871,0.102573,0.117189
354,189.254562,1000.0,0.882246,0.835262,0.0,0.0,0.070699,71089.0,0.122305,0.307177,0.172504,0.308499,-0.029727,0.748153,4.739928,-0.01,-0.6,-0.012,-0.25,-0.36,-1.2,0.500007,-0.083222,-0.000763,0.0,-0.065162,-0.02788,-0.015933,-0.032253,0.865632,-0.040705,-0.110581,-0.014822,-0.033124,1.832698,4.133589,-0.092248,-0.00053,-0.301412,4.041667,0.013737,0.088226,0.107567
355,187.906204,1000.0,0.898186,0.814691,0.0,0.0,0.070568,69531.0,0.120114,0.301334,0.167949,0.295537,-0.028328,0.717524,4.711481,-0.01,-0.6,-0.012,-0.25,-0.36,-1.2,0.500007,-0.08105,-0.000658,0.0,-0.06329,-0.027341,-0.015543,-0.031412,0.863152,-0.03922,-0.113672,-0.01363,-0.029981,1.84269,4.154946,-0.091424,-0.000358,-0.288772,4.217391,0.014486,0.114422,0.128374
356,189.754318,1000.0,0.873023,0.824075,0.0,0.0,0.070358,53149.0,0.125934,0.305222,0.177226,0.313424,-0.030066,0.750674,4.739084,-0.01,-0.6,-0.012,-0.25,-0.36,-1.2,0.500007,-0.079485,-0.002583,0.0,-0.065699,-0.027496,-0.016047,-0.032427,0.86423,-0.039796,-0.118353,-0.01431,-0.032693,1.820075,4.140583,-0.093295,-0.000498,-0.212576,4.125,0.015322,0.103895,0.121755
357,188.758759,1000.0,0.882415,0.82831,0.0,0.0,0.070111,67897.0,0.116816,0.301196,0.164863,0.299007,-0.02902,0.716197,4.69788,-0.01,-0.6,-0.012,-0.25,-0.36,-1.2,0.500007,-0.082242,-0.001027,0.0,-0.062896,-0.027184,-0.015872,-0.032285,0.853198,-0.038286,-0.111901,-0.01455,-0.028638,1.844124,4.164348,-0.093425,-0.000372,-0.228328,3.166667,0.016604,0.099149,0.131698
358,189.926147,1000.0,0.885602,0.837472,0.0,0.0,0.069916,69749.0,0.121986,0.297249,0.174522,0.308924,-0.029416,0.7442,4.707397,-0.01,-0.6,-0.012,-0.25,-0.36,-1.2,0.500007,-0.079404,-0.000904,0.0,-0.06439,-0.027016,-0.015378,-0.031994,0.85785,-0.039027,-0.113069,-0.013783,-0.030032,1.827255,4.160153,-0.091141,-0.00039,-0.170661,3.565217,0.013913,0.102343,0.09836
359,190.284698,1000.0,0.901655,0.82068,0.0,0.0,0.069766,65916.0,0.11667,0.298451,0.165672,0.296601,-0.028433,0.734113,4.719525,-0.01,-0.6,-0.012,-0.25,-0.36,-1.2,0.500007,-0.084008,-0.000886,0.0,-0.061427,-0.026513,-0.014832,-0.030597,0.863272,-0.037551,-0.100334,-0.01338,-0.031446,1.853709,4.180588,-0.088071,-0.000324,-0.274632,3.565217,0.012486,0.094269,0.135229
360,188.763794,1000.0,0.892158,0.825351,0.0,0.0,0.069601,74024.0,0.120424,0.297076,0.168629,0.302926,-0.028623,0.753252,4.746128,-0.01,-0.6,-0.012,-0.25,-0.36,-1.2,0.500007,-0.083526,-0.000682,0.0,-0.063439,-0.02662,-0.015506,-0.031916,0.864549,-0.038783,-0.102765,-0.013842,-0.030175,1.836986,4.165827,-0.089576,-0.000391,-0.357857,3.166667,0.012495,0.102641,0.13081
361,188.038239,1000.0,0.888208,0.827346,0.0,0.0,0.06932,53092.0,0.126332,0.305709,0.174166,0.31333,-0.030158,0.737261,4.742706,-0.01,-0.6,-0.012,-0.25,-0.36,-1.2,0.500007,-0.081418,-0.000878,0.0,-0.066182,-0.026856,-0.016102,-0.032796,0.857967,-0.038923,-0.107902,-0.014537,-0.031259,1.812368,4.148818,-0.092974,-0.00034,-0.294055,3.625,0.016026,0.110889,0.128531
362,190.788452,1000.0,0.903026,0.81966,0.0,0.0,0.069207,75538.0,0.121312,0.293776,0.174353,0.311626,-0.030427,0.753634,4.740722,-0.01,-0.6,-0.012,-0.25,-0.36,-1.2,0.500007,-0.080288,-0.001277,0.0,-0.063759,-0.026803,-0.016087,-0.031921,0.870489,-0.037647,-0.108834,-0.013139,-0.029964,1.828234,4.185063,-0.091955,-0.000401,-0.186796,3.304348,0.014971,0.107154,0.125663
363,190.173492,1000.0,0.883699,0.806279,0.0,0.0,0.068911,75427.0,0.11966,0.295672,0.166926,0.310245,-0.029668,0.712137,4.727365,-0.01,-0.6,-0.012,-0.25,-0.36,-1.2,0.500007,-0.082614,-0.000748,0.0,-0.064131,-0.026541,-0.016401,-0.033328,0.84532,-0.039017,-0.111846,-0.014189,-0.029701,1.834901,4.16521,-0.093273,-0.000243,-0.213726,3.608696,0.014196,0.088096,0.105181
364,190.234802,1000.0,0.89152,0.830622,0.0,0.0,0.068843,72447.0,0.116627,0.291894,0.160459,0.289004,-0.027924,0.727159,4.736534,-0.01,-0.6,-0.012,-0.25,-0.36,-1.2,0.500007,-0.083216,-0.000776,0.0,-0.06164,-0.025628,-0.014515,-0.030783,0.868406,-0.036742,-0.100947,-0.014097,-0.030978,1.852937,4.196329,-0.086684,-0.000381,-0.260406,3.291667,0.013633,0.110732,0.102354
365,191.205154,1000.0,0.874942,0.813044,0.0,0.0,0.068678,73964.0,0.116502,0.292885,0.170637,0.310096,-0.029734,0.749961,4.743187,-0.01,-0.6,-0.012,-0.25,-0.36,-1.2,0.500007,-0.081776,-0.000786,0.0,-0.062967,-0.026315,-0.015837,-0.03219,0.859272,-0.037637,-0.106894,-0.013576,-0.030256,1.847015,4.183915,-0.090921,-0.000445,-0.212994,2.916667,0.015603,0.087754,0.129163
366,190.251999,1000.0,0.889562,0.83166,0.0,0.0,0.068683,75067.0,0.123872,0.29499,0.172846,0.308634,-0.029891,0.714308,4.721517,-0.01,-0.6,-0.012,-0.25,-0.36,-1.2,0.500007,-0.080844,-0.001439,0.0,-0.065161,-0.026359,-0.016375,-0.032597,0.856224,-0.037926,-0.111086,-0.014284,-0.030174,1.818519,4.179665,-0.092543,-0.000268,-0.253314,3.26087,0.013834,0.095324,0.114958
367,189.793808,1000.0,0.896395,0.821271,0.0,0.0,0.068648,58011.0,0.120768,0.297304,0.165965,0.305129,-0.030186,0.718499,4.712253,-0.01,-0.6,-0.012,-0.25,-0.36,-1.2,0.500007,-0.082614,-0.001004,0.0,-0.064162,-0.026104,-0.016327,-0.032423,0.852786,-0.038358,-0.104012,-0.013945,-0.029495,1.831222,4.171219,-0.092281,-0.000293,-0.205714,3.863636,0.013306,0.102064,0.128877
368,191.491028,1000.0,0.87398,0.835133,0.0,0.0,0.068492,73124.0,0.116839,0.294495,0.162494,0.284611,-0.026849,0.696247,4.722905,-0.01,-0.6,-0.012,-0.25,-0.36,-1.2,0.500007,-0.081554,-0.001164,0.0,-0.061029,-0.025216,-0.014489,-0.030747,0.859558,-0.037813,-0.098282,-0.012614,-0.030376,1.849782,4.180615,-0.085461,-0.000299,-0.202403,2.875,0.012404,0.082606,0.108795
369,190.862244,1000.0,0.886987,0.831827,0.0,0.0,0.068389,76104.0,0.122717,0.298211,0.170611,0.306625,-0.029578,0.742637,4.711227,-0.01,-0.6,-0.012,-0.25,-0.36,-1.2,0.500007,-0.081996,-0.001081,0.0,-0.065245,-0.026333,-0.015962,-0.031893,0.860367,-0.038565,-0.109594,-0.013888,-0.031627,1.824349,4.173573,-0.091011,-0.000429,-0.32318,2.909091,0.013142,0.084699,0.126128
370,190.764481,1000.0,0.889148,0.828436,0.0,0.0,0.068175,73191.0,0.115868,0.297094,0.171173,0.309072,-0.030005,0.756403,4.674354,-0.01,-0.6,-0.012,-0.25,-0.36,-1.2,0.500007,-0.080561,-0.000562,0.0,-0.065102,-0.026482,-0.016471,-0.033083,0.857831,-0.038195,-0.108168,-0.015032,-0.029995,1.841685,4.175369,-0.093314,-0.000359,-0.261497,3.208333,0.015322,0.101133,0.107481
371,190.852051,1000.0,0.89046,0.830188,0.0,0.0,0.06817,74060.0,0.113615,0.295686,0.155915,0.271942,-0.026205,0.665286,4.672209,-0.01,-0.6,-0.012,-0.25,-0.36,-1.2,0.500007,-0.079805,-0.000486,0.0,-0.056791,-0.024909,-0.013452,-0.029883,0.84823,-0.036722,-0.098174,-0.012058,-0.02775,1.852337,4.200654,-0.082652,-0.000305,-0.211845,3.956522,0.01434,0.095106,0.106917
372,190.849228,1000.0,0.886135,0.821681,0.0,0.0,0.06799,76152.0,0.118211,0.288086,0.16701,0.302306,-0.02882,0.727823,4.742494,-0.01,-0.6,-0.012,-0.25,-0.36,-1.2,0.500007,-0.081788,-0.000896,0.0,-0.060672,-0.025178,-0.015017,-0.031025,0.861991,-0.035182,-0.103309,-0.012626,-0.02745,1.844929,4.224224,-0.088155,-0.000299,-0.253789,2.681818,0.014597,0.099627,0.117465
373,189.637863,1000.0,0.870666,0.822618,0.0,0.0,0.06779,75697.0,0.122735,0.301913,0.172691,0.305236,-0.0293,0.732118,4.694783,-0.01,-0.6,-0.012,-0.25,-0.36,-1.2,0.500007,-0.081608,-0.000723,0.0,-0.06366,-0.02625,-0.016558,-0.032983,0.845674,-0.038872,-0.112394,-0.013686,-0.030278,1.826404,4.166492,-0.091077,-0.000369,-0.292469,2.863636,0.015426,0.107922,0.128498
374,191.274963,1000.0,0.875016,0.80863,0.0,0.0,0.067598,65211.0,0.117912,0.29665,0.170566,0.309346,-0.029498,0.737071,4.713166,-0.01,-0.6,-0.012,-0.25,-0.36,-1.2,0.500007,-0.082785,-0.00096,0.0,-0.062971,-0.025407,-0.015907,-0.03175,0.861905,-0.036862,-0.10099,-0.013983,-0.029633,1.841784,4.188056,-0.089139,-0.000432,-0.1699,2.954545,0.010997,0.095369,0.112147
375,190.11142,1000.0,0.877229,0.797819,0.0,0.0,0.06748,76902.0,0.116341,0.298793,0.163773,0.303004,-0.029566,0.728972,4.768697,-0.01,-0.6,-0.012,-0.25,-0.36,-1.2,0.500007,-0.082136,-0.001009,0.0,-0.063447,-0.025317,-0.015784,-0.032402,0.855042,-0.037819,-0.104195,-0.01431,-0.031349,1.842783,4.175434,-0.089276,-0.000428,-0.220308,24.380953,0.015992,0.123363,0.152302
376,190.480484,1000.0,0.895991,0.826017,0.0,0.0,0.067411,73126.0,0.119876,0.293994,0.179711,0.321307,-0.030484,0.750764,4.720349,-0.01,-0.6,-0.012,-0.25,-0.36,-1.2,0.500007,-0.08038,-0.000684,0.0,-0.063457,-0.025491,-0.015999,-0.031809,0.857879,-0.037311,-0.105957,-0.013506,-0.029482,1.831366,4.192209,-0.091432,-0.000432,-0.259859,6.708333,0.014083,0.103003,0.121924
377,189.737579,1000.0,0.877733,0.82522,0.0,0.0,0.067239,73619.0,0.118627,0.292852,0.177764,0.312167,-0.029942,0.734792,4.716627,-0.01,-0.6,-0.012,-0.25,-0.36,-1.2,0.500007,-0.078386,-0.000807,0.0,-0.064148,-0.025433,-0.01588,-0.032173,0.855653,-0.036816,-0.111836,-0.013128,-0.029665,1.834319,4.200219,-0.090126,-0.000349,-0.255323,7.083333,0.015263,0.098285,0.133976
378,191.125839,1000.0,0.871878,0.838054,0.0,0.0,0.066992,71605.0,0.113989,0.287526,0.162853,0.292798,-0.027979,0.71307,4.738306,-0.01,-0.6,-0.012,-0.25,-0.36,-1.2,0.500007,-0.080018,-0.000782,0.0,-0.059518,-0.024758,-0.014954,-0.030541,0.852653,-0.036185,-0.10091,-0.012853,-0.028393,1.84786,4.214783,-0.085671,-0.000365,-0.234186,6.458333,0.014836,0.095722,0.121782
379,192.121384,1000.0,0.879205,0.829376,0.0,0.0,0.066824,73192.0,0.118254,0.290197,0.179557,0.306579,-0.0291,0.743829,4.728099,-0.01,-0.6,-0.012,-0.25,-0.36,-1.2,0.500007,-0.078932,-0.000639,0.0,-0.061607,-0.025033,-0.015423,-0.031429,0.864313,-0.036264,-0.106854,-0.01252,-0.028479,1.838251,4.207728,-0.087675,-0.000393,-0.257791,7.125,0.014703,0.099207,0.106782
380,191.948807,1000.0,0.883254,0.838009,0.0,0.0,0.066656,54703.0,0.119309,0.291478,0.177342,0.31519,-0.02974,0.756114,4.745355,-0.01,-0.6,-0.012,-0.25,-0.36,-1.2,0.500007,-0.082132,-0.000767,0.0,-0.063378,-0.024935,-0.015553,-0.031648,0.865888,-0.036798,-0.103646,-0.013301,-0.029234,1.831736,4.201154,-0.088747,-0.000406,-0.278215,7.958333,0.014281,0.10385,0.125481
381,191.60553,1000.0,0.88155,0.83329,0.0,0.0,0.066569,73373.0,0.11734,0.286246,0.168467,0.298493,-0.028186,0.72562,4.712746,-0.01,-0.6,-0.012,-0.25,-0.36,-1.2,0.500007,-0.082529,-0.000768,0.0,-0.059985,-0.024072,-0.014567,-0.030565,0.856523,-0.035253,-0.098501,-0.012698,-0.029369,1.838456,4.225412,-0.084961,-0.000382,-0.257763,7.166667,0.014456,0.090628,0.120906
382,194.176468,1000.0,0.887591,0.821914,0.0,0.0,0.066295,72484.0,0.115461,0.285837,0.174127,0.312876,-0.030064,0.747018,4.715668,-0.01,-0.6,-0.012,-0.25,-0.36,-1.2,0.500007,-0.080001,-0.001128,0.0,-0.062642,-0.024441,-0.015473,-0.031529,0.857817,-0.035532,-0.106648,-0.013389,-0.030989,1.845998,4.222478,-0.088736,-0.000346,-0.179149,6.291667,0.014166,0.092855,0.113196
383,191.381454,1000.0,0.88803,0.83753,0.0,0.0,0.066113,72800.0,0.116146,0.28719,0.169672,0.297088,-0.028382,0.72483,4.684223,-0.01,-0.6,-0.012,-0.25,-0.36,-1.2,0.500007,-0.081309,-0.000851,0.0,-0.059248,-0.024173,-0.015022,-0.030587,0.857829,-0.035193,-0.099675,-0.012553,-0.028337,1.843382,4.228261,-0.085745,-0.000324,-0.268728,6.791667,0.013484,0.091238,0.108706
384,190.766357,1000.0,0.878252,0.833715,0.0,0.0,0.065928,73604.0,0.11563,0.287081,0.166765,0.294214,-0.028218,0.692514,4.682648,-0.01,-0.6,-0.012,-0.25,-0.36,-1.2,0.500007,-0.080463,-0.000796,0.0,-0.059713,-0.024081,-0.014923,-0.031133,0.853659,-0.035724,-0.102645,-0.013021,-0.028115,1.850426,4.220413,-0.085925,-0.000392,-0.308293,5.75,0.014721,0.085917,0.123216
385,190.54277,1000.0,0.88573,0.830688,0.0,0.0,0.065836,72652.0,0.116247,0.283708,0.166974,0.295319,-0.028292,0.703613,4.651727,-0.01,-0.6,-0.012,-0.25,-0.36,-1.2,0.500007,-0.079471,-0.00127,0.0,-0.059488,-0.024004,-0.015078,-0.030754,0.856503,-0.034679,-0.101865,-0.011986,-0.027933,1.844404,4.240404,-0.085389,-0.000401,-0.253761,5.291667,0.015041,0.092299,0.111256
386,190.957199,1000.0,0.872013,0.839866,0.0,0.0,0.065722,55596.0,0.117568,0.284951,0.16473,0.3048,-0.02981,0.712731,4.640588,-0.01,-0.6,-0.012,-0.25,-0.36,-1.2,0.500007,-0.08197,-0.00107,0.0,-0.061256,-0.024055,-0.015402,-0.031464,0.846021,-0.035383,-0.100087,-0.013243,-0.02981,1.839496,4.227251,-0.086895,-0.000515,-0.234407,6.125,0.01632,0.097196,0.107645
387,191.944611,1000.0,0.898085,0.836949,0.0,0.0,0.065705,73458.0,0.115444,0.284507,0.168514,0.297165,-0.028414,0.71168,4.620492,-0.01,-0.6,-0.012,-0.25,-0.36,-1.2,0.500007,-0.080021,-0.000813,0.0,-0.06041,-0.023803,-0.015071,-0.030697,0.853763,-0.035106,-0.105783,-0.012597,-0.028585,1.844551,4.233387,-0.084416,-0.000317,-0.224049,6.583333,0.013581,0.102113,0.118731
388,192.201477,1000.0,0.883394,0.82416,0.0,0.0,0.065461,73797.0,0.120551,0.281526,0.171978,0.312182,-0.029524,0.739494,4.639775,-0.01,-0.6,-0.012,-0.25,-0.36,-1.2,0.500007,-0.082206,-0.00284,0.0,-0.061226,-0.023866,-0.015504,-0.03118,0.8519,-0.034204,-0.098461,-0.012644,-0.02856,1.818879,4.244178,-0.087606,-0.000482,-0.28087,5.708333,0.014039,0.105017,0.113852
389,188.579712,983.48999,0.860633,0.833857,0.083333,0.0,0.065421,72579.0,0.117228,0.281541,0.175835,0.308327,-0.029273,0.727353,4.617354,-0.01,-0.6,-0.012,-0.25,-0.36,-1.2,0.493678,-0.076687,-0.001166,-0.000556,-0.062132,-0.023988,-0.015651,-0.031359,0.842735,-0.03505,-0.109147,-0.013038,-0.028305,1.807594,4.171311,-0.087287,-0.000334,-0.343072,6.041667,0.015584,0.092519,0.136348
390,194.520493,1000.0,0.893109,0.83209,0.0,0.0,0.065184,74203.0,0.112251,0.275146,0.171154,0.293484,-0.02757,0.709351,4.619369,-0.01,-0.6,-0.012,-0.25,-0.36,-1.2,0.500007,-0.077036,-0.000627,0.0,-0.05863,-0.023224,-0.014324,-0.029965,0.860508,-0.033627,-0.100386,-0.011578,-0.028148,1.855317,4.261374,-0.081572,-0.000411,-0.203735,5.913043,0.016028,0.109875,0.138016
391,193.041641,1000.0,0.883724,0.828204,0.0,0.0,0.065059,73213.0,0.11696,0.282534,0.175373,0.311659,-0.029865,0.729946,4.633938,-0.01,-0.6,-0.012,-0.25,-0.36,-1.2,0.500007,-0.079443,-0.000994,0.0,-0.060781,-0.023871,-0.015845,-0.031661,0.851735,-0.03476,-0.104711,-0.012586,-0.028888,1.838734,4.241269,-0.087748,-0.000383,-0.218204,5.333333,0.014257,0.098358,0.116517
392,192.333313,1000.0,0.88051,0.830108,0.0,0.0,0.064935,55482.0,0.113182,0.280561,0.164501,0.301658,-0.028706,0.739244,4.629207,-0.01,-0.6,-0.012,-0.25,-0.36,-1.2,0.500007,-0.082349,-0.000833,0.0,-0.059416,-0.022912,-0.014373,-0.029852,0.861079,-0.033217,-0.091122,-0.012673,-0.029982,1.856421,4.256236,-0.082303,-0.000426,-0.285798,4.875,0.015216,0.095136,0.130425
393,193.921463,1000.0,0.892889,0.832362,0.0,0.0,0.064851,73236.0,0.114551,0.280162,0.164581,0.30535,-0.028688,0.740946,4.618239,-0.01,-0.6,-0.012,-0.25,-0.36,-1.2,0.500007,-0.083964,-0.000719,0.0,-0.060337,-0.023127,-0.014928,-0.030442,0.856291,-0.033919,-0.094285,-0.012712,-0.028703,1.847173,4.251126,-0.084422,-0.000402,-0.234271,4.625,0.013008,0.074788,0.114172
394,192.904419,1000.0,0.886262,0.83142,0.0,0.0,0.064748,73983.0,0.112585,0.282786,0.171648,0.296881,-0.028186,0.736104,4.64516,-0.01,-0.6,-0.012,-0.25,-0.36,-1.2,0.500007,-0.08382,-0.000679,0.0,-0.058957,-0.022677,-0.013909,-0.029709,0.860673,-0.033895,-0.08835,-0.011567,-0.028068,1.85176,4.25188,-0.08144,-0.00041,-0.291306,3.833333,0.014589,0.084885,0.108514
395,192.453156,1000.0,0.888349,0.828271,0.0,0.0,0.064515,72517.0,0.118652,0.282947,0.182968,0.323183,-0.030711,0.758045,4.618837,-0.01,-0.6,-0.012,-0.25,-0.36,-1.2,0.500007,-0.077995,-0.001192,0.0,-0.062261,-0.023674,-0.01569,-0.031061,0.859575,-0.034838,-0.105127,-0.013013,-0.029103,1.834462,4.240289,-0.088265,-0.000324,-0.241802,3.958333,0.015624,0.088428,0.125907
396,188.096878,983.570007,0.858001,0.806636,0.086957,0.0,0.064496,75213.0,0.114131,0.278005,0.173632,0.308355,-0.029787,0.732364,4.629801,-0.01,-0.6,-0.012,-0.25,-0.36,-1.2,0.490757,-0.077021,-0.001124,-0.000828,-0.061478,-0.02301,-0.015524,-0.030708,0.840341,-0.034399,-0.103296,-0.013058,-0.028894,1.808097,4.157977,-0.085737,-0.000493,-0.312358,4.304348,0.015716,0.118961,0.141442
397,190.880814,1000.0,0.875678,0.814786,0.0,0.0,0.064363,49304.0,0.114397,0.285564,0.169594,0.306754,-0.029707,0.749576,4.631124,-0.01,-0.6,-0.012,-0.25,-0.36,-1.2,0.500007,-0.080466,-0.000731,0.0,-0.061153,-0.023149,-0.015389,-0.030905,0.865193,-0.033694,-0.10462,-0.013774,-0.029049,1.847462,4.249932,-0.085085,-0.00046,-0.312598,3.958333,0.015794,0.08304,0.127523
398,190.107025,1000.0,0.885034,0.828863,0.0,0.0,0.064173,60116.0,0.11894,0.276771,0.179425,0.316221,-0.029749,0.758524,4.629039,-0.01,-0.6,-0.012,-0.25,-0.36,-1.2,0.500007,-0.079709,-0.00162,0.0,-0.063652,-0.023273,-0.015775,-0.031672,0.864981,-0.035047,-0.109328,-0.013398,-0.028763,1.830133,4.244419,-0.086132,-0.000662,-0.344826,3.791667,0.015808,0.100799,0.124946
399,192.111099,1000.0,0.887539,0.833804,0.0,0.0,0.064197,62099.0,0.115858,0.280633,0.176723,0.297661,-0.02848,0.72434,4.647082,-0.01,-0.6,-0.012,-0.25,-0.36,-1.2,0.500007,-0.076677,-0.00081,0.0,-0.060829,-0.023087,-0.014559,-0.030316,0.869879,-0.034053,-0.100969,-0.012573,-0.029621,1.839668,4.250446,-0.082092,-0.000424,-0.239478,3.625,0.014491,0.095881,0.125871
400,193.234436,1000.0,0.88703,0.843331,0.0,0.0,0.064012,63194.0,0.114433,0.274332,0.169208,0.310418,-0.028944,0.761463,4.622481,-0.01,-0.6,-0.012,-0.25,-0.36,-1.2,0.500007,-0.083628,-0.000923,0.0,-0.061558,-0.022482,-0.014984,-0.030764,0.867492,-0.032447,-0.090345,-0.013259,-0.031018,1.843812,4.277471,-0.082255,-0.000578,-0.200118,3.478261,0.014486,0.094192,0.10891
401,192.926483,1000.0,0.890999,0.847962,0.0,0.0,0.06395,61100.0,0.107178,0.273529,0.158906,0.278751,-0.026723,0.695153,4.621205,-0.01,-0.6,-0.012,-0.25,-0.36,-1.2,0.500007,-0.079953,-0.000534,0.0,-0.057303,-0.022033,-0.01374,-0.029177,0.856406,-0.032021,-0.095685,-0.012015,-0.029457,1.867594,4.286078,-0.077795,-0.000398,-0.285159,3.304348,0.013945,0.105847,0.120709
402,193.543289,1000.0,0.886023,0.813368,0.0,0.0,0.063758,47053.0,0.115546,0.287113,0.173185,0.30896,-0.029778,0.747479,4.61804,-0.01,-0.6,-0.012,-0.25,-0.36,-1.2,0.500007,-0.083566,-0.000844,0.0,-0.06025,-0.022491,-0.01475,-0.03006,0.862095,-0.032372,-0.091304,-0.012714,-0.028811,1.837207,4.264359,-0.084346,-0.000466,-0.229146,3.291667,0.014723,0.098704,0.130851
403,195.092178,1000.0,0.88618,0.829735,0.0,0.0,0.063759,56763.0,0.114185,0.277079,0.186008,0.323683,-0.030748,0.768181,4.618064,-0.01,-0.6,-0.012,-0.25,-0.36,-1.2,0.500007,-0.079046,-0.000812,0.0,-0.060204,-0.022458,-0.014663,-0.030272,0.862216,-0.032384,-0.094305,-0.010913,-0.029486,1.848242,4.273839,-0.084633,-0.000375,-0.180127,3.541667,0.014592,0.114069,0.138496
404,193.36145,1000.0,0.894972,0.838857,0.0,0.0,0.063593,59643.0,0.116039,0.283983,0.166101,0.294098,-0.028033,0.713161,4.576547,-0.01,-0.6,-0.012,-0.25,-0.36,-1.2,0.500007,-0.078128,-0.000941,0.0,-0.058929,-0.022968,-0.014729,-0.030594,0.862212,-0.034316,-0.102681,-0.012346,-0.027974,1.834702,4.24642,-0.081973,-0.000442,-0.233831,3.695652,0.012138,0.097042,0.121887
405,193.949829,1000.0,0.884995,0.839333,0.0,0.0,0.063648,63311.0,0.114851,0.274609,0.182488,0.313364,-0.029201,0.770187,4.589671,-0.01,-0.6,-0.012,-0.25,-0.36,-1.2,0.500007,-0.078193,-0.00079,0.0,-0.059842,-0.022636,-0.01499,-0.030462,0.866912,-0.033133,-0.103654,-0.013037,-0.026335,1.838039,4.268965,-0.084342,-0.000469,-0.2108,3.434783,0.015145,0.099346,0.124612
406,192.397827,1000.0,0.88488,0.816712,0.0,0.0,0.06355,62729.0,0.115995,0.278792,0.172326,0.308585,-0.028792,0.732195,4.615673,-0.01,-0.6,-0.012,-0.25,-0.36,-1.2,0.500007,-0.077554,-0.000679,0.0,-0.059517,-0.022793,-0.015156,-0.030928,0.857818,-0.034312,-0.106049,-0.012497,-0.028349,1.837848,4.250934,-0.084478,-0.000548,-0.281874,3.083333,0.015506,0.085045,0.117246
407,192.494003,1000.0,0.864337,0.8283,0.0,0.0,0.063404,46482.0,0.110274,0.284499,0.164115,0.297801,-0.028631,0.72411,4.576899,-0.01,-0.6,-0.012,-0.25,-0.36,-1.2,0.500007,-0.083203,-0.000967,0.0,-0.058658,-0.022448,-0.015214,-0.030789,0.846001,-0.032331,-0.09418,-0.012575,-0.028524,1.852876,4.268006,-0.083826,-0.000416,-0.219015,3.043478,0.016136,0.094657,0.126096
408,194.353683,1000.0,0.89406,0.816905,0.0,0.0,0.063344,60502.0,0.116798,0.282227,0.185357,0.327718,-0.03206,0.776127,4.596749,-0.01,-0.6,-0.012,-0.25,-0.36,-1.2,0.500007,-0.078677,-0.001266,0.0,-0.062451,-0.023042,-0.016061,-0.03166,0.864294,-0.034106,-0.105016,-0.01326,-0.029501,1.842917,4.248504,-0.087266,-0.000503,-0.20348,3.347826,0.014253,0.111173,0.109964
409,190.992035,1000.0,0.882062,0.817283,0.0,0.0,0.063284,59585.0,0.116536,0.27838,0.184204,0.33108,-0.031678,0.791075,4.604249,-0.01,-0.6,-0.012,-0.25,-0.36,-1.2,0.500007,-0.081167,-0.000883,0.0,-0.064947,-0.023046,-0.016344,-0.031977,0.859045,-0.034128,-0.100552,-0.01444,-0.029845,1.837922,4.247931,-0.089242,-0.000456,-0.496438,3.565217,0.012458,0.103625,0.104651
410,191.82869,1000.0,0.87227,0.830693,0.0,0.0,0.063153,58716.0,0.115747,0.280288,0.178417,0.323324,-0.031154,0.75584,4.578037,-0.01,-0.6,-0.012,-0.25,-0.36,-1.2,0.500007,-0.078946,-0.001622,0.0,-0.062601,-0.023066,-0.017219,-0.032923,0.859736,-0.034292,-0.105198,-0.013278,-0.027352,1.843469,4.247735,-0.089898,-0.00034,-0.204933,2.73913,0.013741,0.083707,0.119081
411,193.47168,1000.0,0.876886,0.827631,0.0,0.0,0.063199,71078.0,0.111527,0.271647,0.167815,0.293644,-0.027825,0.71827,4.580488,-0.01,-0.6,-0.012,-0.25,-0.36,-1.2,0.500007,-0.077926,-0.001679,0.0,-0.057611,-0.021745,-0.014582,-0.029923,0.855618,-0.031978,-0.10045,-0.011927,-0.026579,1.846027,4.290279,-0.080747,-0.000394,-0.246711,3.086957,0.015055,0.099418,0.126607
412,193.025742,1000.0,0.891724,0.825694,0.0,0.0,0.063117,68418.0,0.110422,0.272607,0.169315,0.294497,-0.027933,0.70318,4.590446,-0.01,-0.6,-0.012,-0.25,-0.36,-1.2,0.500007,-0.078419,-0.000667,0.0,-0.055369,-0.021942,-0.01439,-0.028881,0.857472,-0.032853,-0.094872,-0.011602,-0.026171,1.852351,4.279501,-0.080125,-0.00049,-0.232005,3.916667,0.016074,0.114431,0.117976
413,193.706818,1000.0,0.871927,0.826484,0.0,0.0,0.062987,54644.0,0.109713,0.269858,0.174677,0.296096,-0.027521,0.747241,4.582244,-0.01,-0.6,-0.012,-0.25,-0.36,-1.2,0.500007,-0.0784,-0.000984,0.0,-0.05819,-0.021673,-0.013934,-0.029173,0.870171,-0.031677,-0.099343,-0.012431,-0.026504,1.851103,4.296655,-0.080194,-0.000348,-0.227264,3.045455,0.015813,0.115332,0.12077
414,191.963104,1000.0,0.877276,0.834209,0.0,0.0,0.062872,71712.0,0.111427,0.281397,0.160945,0.293703,-0.028231,0.703392,4.589039,-0.01,-0.6,-0.012,-0.25,-0.36,-1.2,0.500007,-0.083298,-0.001133,0.0,-0.057997,-0.02137,-0.014076,-0.02944,0.854548,-0.031558,-0.087634,-0.012543,-0.029235,1.852364,4.281456,-0.0797,-0.000456,-0.34023,2.826087,0.014555,0.09903,0.095557
415,191.789978,1000.0,0.894225,0.82404,0.0,0.0,0.062808,73195.0,0.110287,0.270416,0.172909,0.295483,-0.027851,0.722228,4.587649,-0.01,-0.6,-0.012,-0.25,-0.36,-1.2,0.500007,-0.075451,-0.000389,0.0,-0.056848,-0.02125,-0.01393,-0.028973,0.86391,-0.030664,-0.097707,-0.011582,-0.027989,1.857996,4.30561,-0.077303,-0.000352,-0.254017,2.714286,0.015445,0.079225,0.122589
416,191.950775,1000.0,0.873099,0.814671,0.0,0.0,0.062796,70490.0,0.10982,0.270635,0.170995,0.308401,-0.029301,0.730757,4.589211,-0.01,-0.6,-0.012,-0.25,-0.36,-1.2,0.500007,-0.078914,-0.001019,0.0,-0.05966,-0.021463,-0.014214,-0.029955,0.856906,-0.03184,-0.092193,-0.011671,-0.02997,1.853452,4.292214,-0.081287,-0.000534,-0.325725,22.954546,0.014533,0.091579,0.124401
417,194.217194,1000.0,0.881085,0.85174,0.0,0.0,0.06274,73395.0,0.112161,0.268922,0.173614,0.308667,-0.029672,0.727859,4.586219,-0.01,-0.6,-0.012,-0.25,-0.36,-1.2,0.500007,-0.07731,-0.000614,0.0,-0.060189,-0.021735,-0.014517,-0.029904,0.859251,-0.031545,-0.093951,-0.012384,-0.031631,1.839409,4.296347,-0.08171,-0.000447,-0.261983,4.545455,0.013995,0.083819,0.122242
418,194.50766,1000.0,0.888499,0.839044,0.0,0.0,0.062589,51514.0,0.113228,0.272088,0.179253,0.306646,-0.02931,0.749826,4.574603,-0.01,-0.6,-0.012,-0.25,-0.36,-1.2,0.500007,-0.07659,-0.00077,0.0,-0.059474,-0.021621,-0.014331,-0.029643,0.866111,-0.031518,-0.101264,-0.011818,-0.02828,1.845849,4.29456,-0.080865,-0.000513,-0.270776,7.583333,0.01507,0.097641,0.116411
419,194.601456,1000.0,0.882811,0.831587,0.0,0.0,0.062372,65188.0,0.11452,0.27927,0.176332,0.316179,-0.030119,0.75787,4.591704,-0.01,-0.6,-0.012,-0.25,-0.36,-1.2,0.500007,-0.081006,-0.000689,0.0,-0.060832,-0.021719,-0.015212,-0.030548,0.858638,-0.032565,-0.10017,-0.012966,-0.029211,1.844174,4.270908,-0.083387,-0.000353,-0.242141,6.25,0.0151,0.089459,0.115204
420,193.690994,1000.0,0.887324,0.83885,0.0,0.0,0.062205,67815.0,0.111282,0.271655,0.171114,0.299175,-0.028531,0.72179,4.579266,-0.01,-0.6,-0.012,-0.25,-0.36,-1.2,0.500007,-0.07824,-0.000795,0.0,-0.058216,-0.021375,-0.014422,-0.029459,0.862925,-0.031293,-0.094297,-0.012032,-0.029035,1.849398,4.299059,-0.079904,-0.000399,-0.256919,7.208333,0.015889,0.093719,0.130558
421,194.053436,1000.0,0.879313,0.830537,0.0,0.0,0.062081,69652.0,0.111878,0.268155,0.170871,0.301651,-0.028524,0.736839,4.56839,-0.01,-0.6,-0.012,-0.25,-0.36,-1.2,0.500007,-0.079925,-0.000903,0.0,-0.057596,-0.020896,-0.014119,-0.029221,0.862442,-0.031023,-0.091115,-0.011699,-0.028556,1.848743,4.303762,-0.078185,-0.000374,-0.195426,7.166667,0.016396,0.10017,0.123603
422,193.833679,1000.0,0.882587,0.836655,0.0,0.0,0.062069,73048.0,0.112635,0.274032,0.177154,0.31164,-0.029358,0.748268,4.573731,-0.01,-0.6,-0.012,-0.25,-0.36,-1.2,0.500007,-0.078457,-0.000962,0.0,-0.060269,-0.021392,-0.014746,-0.030116,0.866358,-0.031899,-0.097947,-0.012491,-0.02905,1.848581,4.28516,-0.08112,-0.000492,-0.268976,7.416667,0.014568,0.094267,0.114843
423,195.195297,1000.0,0.886072,0.83083,0.0,0.0,0.061852,65914.0,0.112023,0.272803,0.181262,0.31547,-0.029974,0.760443,4.562748,-0.01,-0.6,-0.012,-0.25,-0.36,-1.2,0.500007,-0.078551,-0.000658,0.0,-0.059542,-0.021265,-0.015004,-0.030157,0.864293,-0.031453,-0.093602,-0.012201,-0.028398,1.848735,4.293851,-0.080549,-0.000418,-0.211947,7.333333,0.015511,0.102501,0.119587
424,194.369141,1000.0,0.890381,0.832825,0.0,0.0,0.061713,48006.0,0.114789,0.267201,0.18637,0.321701,-0.02995,0.779463,4.550879,-0.01,-0.6,-0.012,-0.25,-0.36,-1.2,0.500007,-0.078705,-0.000731,0.0,-0.06127,-0.021587,-0.014946,-0.030554,0.873935,-0.032467,-0.10063,-0.012018,-0.028821,1.844567,4.287611,-0.082175,-0.000614,-0.282557,6.0,0.01514,0.108113,0.13167
425,193.529999,1000.0,0.877149,0.835419,0.0,0.0,0.061622,66823.0,0.115637,0.2717,0.180746,0.310646,-0.029977,0.741127,4.546457,-0.01,-0.6,-0.012,-0.25,-0.36,-1.2,0.500007,-0.077382,-0.001034,0.0,-0.060815,-0.021166,-0.014689,-0.03028,0.863422,-0.031655,-0.098229,-0.012428,-0.029048,1.842538,4.292953,-0.081185,-0.000471,-0.331492,6.583333,0.014686,0.099768,0.117963
426,192.547073,1000.0,0.878555,0.82899,0.0,0.0,0.061466,73560.0,0.110056,0.268361,0.166945,0.290815,-0.027631,0.690541,4.546853,-0.01,-0.6,-0.012,-0.25,-0.36,-1.2,0.500007,-0.077649,-0.000789,0.0,-0.054852,-0.02052,-0.01362,-0.028765,0.852239,-0.030267,-0.090884,-0.01136,-0.026473,1.852727,4.318331,-0.076036,-0.000476,-0.293238,5.5,0.014801,0.101821,0.134101
427,191.76387,1000.0,0.893775,0.823635,0.0,0.0,0.061279,73685.0,0.116871,0.274696,0.175885,0.313355,-0.030125,0.748975,4.532755,-0.01,-0.6,-0.012,-0.25,-0.36,-1.2,0.500007,-0.079855,-0.001123,0.0,-0.060144,-0.021437,-0.015276,-0.03067,0.860817,-0.032125,-0.098099,-0.012837,-0.028865,1.836576,4.285156,-0.082862,-0.000407,-0.315768,5.416667,0.015183,0.113297,0.133851
428,194.451279,1000.0,0.882044,0.831994,0.0,0.0,0.061106,73144.0,0.11178,0.269225,0.175352,0.310529,-0.028419,0.756135,4.537742,-0.01,-0.6,-0.012,-0.25,-0.36,-1.2,0.500007,-0.081686,-0.00052,0.0,-0.057741,-0.020774,-0.014296,-0.029477,0.861276,-0.030755,-0.093089,-0.012478,-0.028469,1.850991,4.307883,-0.078749,-0.000404,-0.218096,6.875,0.015636,0.095165,0.133108
429,193.725266,1000.0,0.880014,0.835942,0.0,0.0,0.0611,73265.0,0.117349,0.26851,0.186128,0.325145,-0.030552,0.783562,4.537592,-0.01,-0.6,-0.012,-0.25,-0.36,-1.2,0.500007,-0.078087,-0.000888,0.0,-0.061073,-0.021323,-0.015322,-0.030523,0.871632,-0.032052,-0.099539,-0.012705,-0.02846,1.833612,4.290619,-0.082455,-0.000574,-0.380806,5.708333,0.014226,0.095258,0.116295
430,193.961945,1000.0,0.890042,0.841943,0.0,0.0,0.06102,54423.0,0.111739,0.266709,0.183192,0.310377,-0.028612,0.752458,4.543363,-0.01,-0.6,-0.012,-0.25,-0.36,-1.2,0.500007,-0.075856,-0.000778,0.0,-0.05724,-0.020896,-0.014176,-0.029238,0.868255,-0.031094,-0.095164,-0.011379,-0.02721,1.846766,4.30576,-0.078455,-0.00048,-0.317114,5.916667,0.01458,0.093259,0.101755
431,193.821045,1000.0,0.886252,0.834581,0.0,0.0,0.061057,75085.0,0.112477,0.267187,0.172034,0.304055,-0.028548,0.72868,4.528241,-0.01,-0.6,-0.012,-0.25,-0.36,-1.2,0.500007,-0.079224,-0.001042,0.0,-0.057983,-0.02071,-0.014394,-0.029662,0.861391,-0.030861,-0.094086,-0.012423,-0.028112,1.845158,4.306598,-0.079427,-0.000458,-0.279892,6.086957,0.013601,0.092627,0.114639
432,195.373688,1000.0,0.886643,0.842624,0.0,0.0,0.060914,72962.0,0.113248,0.273433,0.171401,0.309911,-0.02972,0.732805,4.504966,-0.01,-0.6,-0.012,-0.25,-0.36,-1.2,0.500007,-0.079263,-0.001538,0.0,-0.059303,-0.020925,-0.014799,-0.030071,0.861146,-0.031073,-0.094782,-0.011973,-0.031329,1.84956,4.293615,-0.08019,-0.000476,-0.241743,6.166667,0.013092,0.100134,0.113433
433,193.88649,1000.0,0.888061,0.836124,0.0,0.0,0.060777,73282.0,0.109531,0.264846,0.170065,0.299439,-0.027992,0.719632,4.51604,-0.01,-0.6,-0.012,-0.25,-0.36,-1.2,0.500007,-0.079233,-0.000606,0.0,-0.056428,-0.020538,-0.014201,-0.029286,0.85331,-0.029863,-0.091563,-0.011346,-0.026883,1.853224,4.323977,-0.078249,-0.000471,-0.293372,4.541667,0.01662,0.106828,0.113485
434,193.680176,1000.0,0.896007,0.833609,0.0,0.0,0.06075,74045.0,0.109972,0.26657,0.167498,0.294346,-0.027075,0.70718,4.518282,-0.01,-0.6,-0.012,-0.25,-0.36,-1.2,0.500007,-0.079687,-0.000874,0.0,-0.055022,-0.02012,-0.013857,-0.028641,0.856612,-0.029124,-0.08623,-0.011236,-0.027242,1.849842,4.329224,-0.076678,-0.000365,-0.306715,4.625,0.013384,0.079817,0.087984
435,193.003586,1000.0,0.885795,0.827758,0.0,0.0,0.0607,72933.0,0.113024,0.271161,0.171869,0.309633,-0.029094,0.741775,4.495018,-0.01,-0.6,-0.012,-0.25,-0.36,-1.2,0.500007,-0.079952,-0.00086,0.0,-0.059157,-0.020788,-0.014529,-0.029832,0.855172,-0.031275,-0.091321,-0.012055,-0.028317,1.846589,4.302893,-0.080931,-0.000373,-0.274973,4.5,0.016086,0.101725,0.120386
436,192.607956,1000.0,0.87236,0.814023,0.0,0.0,0.060671,54264.0,0.111677,0.269322,0.173577,0.310265,-0.029347,0.74189,4.487577,-0.01,-0.6,-0.012,-0.25,-0.36,-1.2,0.500007,-0.07803,-0.001016,0.0,-0.059895,-0.020767,-0.014854,-0.030383,0.863739,-0.031326,-0.093059,-0.012544,-0.029472,1.847265,4.300552,-0.080666,-0.000497,-0.294925,4.25,0.016468,0.104749,0.130806
437,194.005737,1000.0,0.88224,0.834614,0.0,0.0,0.060579,73986.0,0.112889,0.269374,0.184931,0.317073,-0.029919,0.776452,4.476319,-0.01,-0.6,-0.012,-0.25,-0.36,-1.2,0.500007,-0.077884,-0.000969,0.0,-0.060806,-0.020469,-0.014585,-0.02942,0.872898,-0.030317,-0.093446,-0.011676,-0.030341,1.844781,4.312227,-0.078275,-0.000519,-0.341856,4.25,0.013913,0.082179,0.121575
438,195.108017,1000.0,0.89008,0.840008,0.0,0.0,0.060468,74845.0,0.111354,0.267177,0.167641,0.300177,-0.028211,0.704943,4.50947,-0.01,-0.6,-0.012,-0.25,-0.36,-1.2,0.500007,-0.079787,-0.000856,0.0,-0.056046,-0.02022,-0.014635,-0.029252,0.85483,-0.029703,-0.093472,-0.011771,-0.026258,1.846676,4.325809,-0.078079,-0.000346,-0.181243,4.086957,0.015295,0.107321,0.132271
439,193.705841,1000.0,0.877423,0.82679,0.0,0.0,0.060333,74511.0,0.110745,0.265378,0.157342,0.295772,-0.027725,0.717757,4.4997,-0.01,-0.6,-0.012,-0.25,-0.36,-1.2,0.500007,-0.08399,-0.000973,0.0,-0.056753,-0.019771,-0.013801,-0.028982,0.847675,-0.029449,-0.082777,-0.012732,-0.030072,1.848682,4.330103,-0.077264,-0.000446,-0.285207,3.875,0.012425,0.102497,0.130409
440,194.76561,1000.0,0.886771,0.811935,0.0,0.0,0.060315,74302.0,0.110343,0.26595,0.173167,0.290418,-0.027237,0.693455,4.479595,-0.01,-0.6,-0.012,-0.25,-0.36,-1.2,0.500007,-0.075504,-0.000688,0.0,-0.056205,-0.020258,-0.013951,-0.028757,0.857877,-0.030736,-0.092134,-0.011403,-0.027104,1.843714,4.320311,-0.075412,-0.000303,-0.243716,3.625,0.015302,0.088267,0.129174
441,195.522461,1000.0,0.885253,0.817277,0.0,0.0,0.060246,74572.0,0.114155,0.269515,0.179593,0.311217,-0.029657,0.752718,4.485208,-0.01,-0.6,-0.012,-0.25,-0.36,-1.2,0.500007,-0.079133,-0.001259,0.0,-0.057623,-0.020188,-0.014427,-0.029166,0.864032,-0.030569,-0.087462,-0.011696,-0.027004,1.835755,4.311398,-0.078446,-0.000388,-0.23349,3.652174,0.015367,0.088817,0.126724
442,195.825439,1000.0,0.891307,0.834134,0.0,0.0,0.060194,53678.0,0.112583,0.264112,0.182803,0.303382,-0.027365,0.740028,4.46785,-0.01,-0.6,-0.012,-0.25,-0.36,-1.2,0.500007,-0.076104,-0.001058,0.0,-0.056937,-0.019973,-0.013692,-0.028581,0.865027,-0.0304,-0.102412,-0.01105,-0.026111,1.846167,4.321561,-0.075576,-0.000383,-0.222903,3.583333,0.012952,0.101657,0.114365
443,195.580002,1000.0,0.89591,0.831163,0.0,0.0,0.060123,75599.0,0.113497,0.26684,0.181299,0.315499,-0.029516,0.764584,4.519742,-0.01,-0.6,-0.012,-0.25,-0.36,-1.2,0.500007,-0.077754,-0.000642,0.0,-0.058527,-0.020388,-0.014622,-0.029686,0.865543,-0.030665,-0.092156,-0.010975,-0.028033,1.840161,4.313684,-0.078916,-0.00061,-0.443339,3.043478,0.013641,0.097437,0.128409
444,195.542923,1000.0,0.876841,0.831488,0.0,0.0,0.059993,74743.0,0.111826,0.264483,0.170285,0.305331,-0.028655,0.733457,4.475407,-0.01,-0.6,-0.012,-0.25,-0.36,-1.2,0.500007,-0.080271,-0.00072,0.0,-0.056737,-0.019996,-0.014081,-0.028733,0.85917,-0.029805,-0.089119,-0.012591,-0.028258,1.851658,4.329013,-0.076989,-0.000402,-0.1842,3.333333,0.014633,0.102465,0.112732
445,194.198715,1000.0,0.88563,0.819912,0.0,0.0,0.059838,73556.0,0.107066,0.260871,0.174145,0.296716,-0.027488,0.740756,4.514787,-0.01,-0.6,-0.012,-0.25,-0.36,-1.2,0.500007,-0.077076,-0.00042,0.0,-0.055861,-0.019476,-0.013195,-0.027819,0.871043,-0.029323,-0.088008,-0.01163,-0.028461,1.862847,4.337007,-0.0723,-0.000395,-0.388672,3.666667,0.013881,0.095253,0.115148
446,195.78389,1000.0,0.86197,0.81376,0.0,0.0,0.059773,76018.0,0.111353,0.268895,0.173438,0.306797,-0.028605,0.730695,4.501174,-0.01,-0.6,-0.012,-0.25,-0.36,-1.2,0.500007,-0.078086,-0.000721,0.0,-0.055998,-0.019861,-0.014129,-0.028854,0.849495,-0.030091,-0.088096,-0.011746,-0.027483,1.843661,4.318408,-0.076744,-0.000464,-0.198184,3.565217,0.015213,0.092093,0.127523
447,197.002136,1000.0,0.906756,0.840577,0.0,0.0,0.059642,75645.0,0.107005,0.256605,0.174878,0.296373,-0.027805,0.737506,4.4808,-0.01,-0.6,-0.012,-0.25,-0.36,-1.2,0.500007,-0.078009,-0.000959,0.0,-0.053137,-0.019433,-0.013319,-0.027567,0.866614,-0.02859,-0.082001,-0.010733,-0.025888,1.853209,4.356866,-0.073657,-0.000598,-0.192158,3.304348,0.012438,0.098277,0.111652
448,196.805099,1000.0,0.88568,0.819031,0.0,0.0,0.059554,53047.0,0.111725,0.26758,0.177393,0.318672,-0.03037,0.74702,4.481228,-0.01,-0.6,-0.012,-0.25,-0.36,-1.2,0.500007,-0.078568,-0.000811,0.0,-0.059994,-0.020114,-0.014983,-0.030012,0.862545,-0.030282,-0.092573,-0.012465,-0.028988,1.84295,4.314261,-0.080009,-0.000362,-0.161371,3.041667,0.014903,0.110109,0.116061
449,194.357971,1000.0,0.881585,0.839455,0.0,0.0,0.059513,75271.0,0.111088,0.258831,0.165517,0.298519,-0.02827,0.698241,4.488694,-0.01,-0.6,-0.012,-0.25,-0.36,-1.2,0.500007,-0.079159,-0.000947,0.0,-0.056739,-0.019686,-0.014406,-0.02873,0.845716,-0.030351,-0.090709,-0.012418,-0.028815,1.85209,4.325829,-0.07685,-0.000561,-0.332198,3.304348,0.012783,0.088892,0.111151
450,194.82869,1000.0,0.880174,0.834594,0.0,0.0,0.059484,76872.0,0.112598,0.27025,0.175115,0.312152,-0.029301,0.741528,4.497752,-0.01,-0.6,-0.012,-0.25,-0.36,-1.2,0.500007,-0.078474,-0.00139,0.0,-0.057526,-0.020072,-0.014941,-0.029879,0.858391,-0.030571,-0.093531,-0.012988,-0.026442,1.837813,4.311795,-0.079202,-0.000379,-0.229652,3.590909,0.0162,0.096145,0.106155
451,195.443741,1000.0,0.882776,0.830713,0.0,0.0,0.059543,73957.0,0.116154,0.27092,0.17964,0.320399,-0.030246,0.752988,4.51719,-0.01,-0.6,-0.012,-0.25,-0.36,-1.2,0.500007,-0.078274,-0.000541,0.0,-0.060002,-0.020246,-0.015156,-0.030753,0.863316,-0.031368,-0.094833,-0.012573,-0.027732,1.830905,4.298447,-0.080426,-0.000407,-0.193959,3.166667,0.015231,0.098641,0.114138
452,197.034256,1000.0,0.886978,0.834691,0.0,0.0,0.059496,76582.0,0.113933,0.266769,0.192821,0.329797,-0.030927,0.779794,4.525577,-0.01,-0.6,-0.012,-0.25,-0.36,-1.2,0.500007,-0.075779,-0.001422,0.0,-0.060567,-0.020352,-0.014803,-0.029907,0.871644,-0.030561,-0.095538,-0.011974,-0.029823,1.843172,4.320209,-0.081368,-0.000408,-0.239903,2.545455,0.013544,0.102822,0.133225
453,196.515289,1000.0,0.880981,0.813987,0.0,0.0,0.059565,73994.0,0.115359,0.269787,0.18127,0.324217,-0.030482,0.770562,4.521738,-0.01,-0.6,-0.012,-0.25,-0.36,-1.2,0.500007,-0.080506,-0.001151,0.0,-0.060666,-0.020173,-0.015214,-0.030505,0.863498,-0.03075,-0.093084,-0.013248,-0.029411,1.838132,4.313976,-0.08094,-0.000765,-0.196382,3.208333,0.014424,0.102265,0.123853
454,195.914948,1000.0,0.89089,0.829913,0.0,0.0,0.059489,53012.0,0.106896,0.261798,0.171344,0.299042,-0.027985,0.736508,4.534944,-0.01,-0.6,-0.012,-0.25,-0.36,-1.2,0.500007,-0.076451,-0.000708,0.0,-0.055361,-0.019324,-0.013279,-0.027736,0.863477,-0.028912,-0.085881,-0.011483,-0.028745,1.860175,4.342091,-0.072523,-0.000354,-0.190649,3.875,0.01544,0.089611,0.12995
455,195.571899,1000.0,0.876648,0.821729,0.0,0.0,0.059342,76887.0,0.109151,0.264464,0.17131,0.308825,-0.02916,0.735092,4.560844,-0.01,-0.6,-0.012,-0.25,-0.36,-1.2,0.500007,-0.082454,-0.000812,0.0,-0.055558,-0.019258,-0.013875,-0.028433,0.851526,-0.028714,-0.079844,-0.011259,-0.025975,1.848778,4.34927,-0.076545,-0.000644,-0.189233,3.090909,0.012816,0.091253,0.13265
456,195.298294,1000.0,0.882174,0.854172,0.0,0.0,0.05936,77365.0,0.108596,0.259873,0.172302,0.309898,-0.028536,0.736289,4.559526,-0.01,-0.6,-0.012,-0.25,-0.36,-1.2,0.500007,-0.078666,-0.001258,0.0,-0.054813,-0.019443,-0.014613,-0.028696,0.854572,-0.028422,-0.092042,-0.011545,-0.027269,1.856493,4.352937,-0.076502,-0.000656,-0.366301,3.0,0.014952,0.091564,0.095238
457,196.40213,1000.0,0.873799,0.83641,0.0,0.0,0.059326,78297.0,0.113489,0.259927,0.183364,0.312876,-0.028506,0.763955,4.533418,-0.01,-0.6,-0.012,-0.25,-0.36,-1.2,0.500007,-0.077643,-0.000807,0.0,-0.057905,-0.019632,-0.013935,-0.028688,0.87163,-0.02998,-0.090716,-0.011293,-0.02915,1.847839,4.327069,-0.075084,-0.000452,-0.177017,2.5,0.014047,0.101609,0.102024
458,195.71817,1000.0,0.870187,0.808499,0.0,0.0,0.059165,81642.0,0.11169,0.268174,0.178757,0.319971,-0.031256,0.743083,4.574584,-0.01,-0.6,-0.012,-0.25,-0.36,-1.2,0.500007,-0.079063,-0.001049,0.0,-0.058702,-0.02018,-0.016096,-0.030214,0.85314,-0.030799,-0.099127,-0.012988,-0.028866,1.844569,4.311402,-0.081097,-0.000295,-0.16202,25.15,0.017777,0.105947,0.132463
459,196.426743,1000.0,0.878009,0.843542,0.0,0.0,0.059217,73609.0,0.108502,0.255808,0.170824,0.293549,-0.027287,0.72082,4.539535,-0.01,-0.6,-0.012,-0.25,-0.36,-1.2,0.500007,-0.077614,-0.000832,0.0,-0.055285,-0.018931,-0.013463,-0.027865,0.864555,-0.027845,-0.087795,-0.011124,-0.027499,1.858758,4.363818,-0.072771,-0.000501,-0.21639,5.583333,0.015302,0.094192,0.128739
460,195.425613,1000.0,0.879618,0.829787,0.0,0.0,0.05914,73871.0,0.110745,0.261024,0.177243,0.303508,-0.028333,0.735783,4.547913,-0.01,-0.6,-0.012,-0.25,-0.36,-1.2,0.500007,-0.076796,-0.000677,0.0,-0.056098,-0.019261,-0.013748,-0.028642,0.865747,-0.029397,-0.09113,-0.011269,-0.028069,1.851478,4.338313,-0.074465,-0.000383,-0.243243,7.25,0.014918,0.11329,0.114203
461,194.049637,1000.0,0.881277,0.831015,0.0,0.0,0.059085,52956.0,0.110675,0.257787,0.167593,0.296658,-0.027563,0.722567,4.589494,-0.01,-0.6,-0.012,-0.25,-0.36,-1.2,0.500007,-0.078347,-0.000913,0.0,-0.056302,-0.018936,-0.013565,-0.02791,0.859787,-0.028943,-0.090936,-0.011708,-0.028157,1.848007,4.349505,-0.072506,-0.000393,-0.304408,6.291667,0.016273,0.10197,0.128747
462,194.99234,1000.0,0.892459,0.838143,0.0,0.0,0.059041,73562.0,0.113031,0.264779,0.176917,0.310647,-0.029099,0.737207,4.543096,-0.01,-0.6,-0.012,-0.25,-0.36,-1.2,0.500007,-0.078131,-0.001126,0.0,-0.057173,-0.019409,-0.014218,-0.029302,0.856739,-0.029943,-0.089651,-0.011528,-0.027907,1.839497,4.328266,-0.07624,-0.000435,-0.250148,7.166667,0.014146,0.094244,0.115827
463,195.280624,1000.0,0.884795,0.836258,0.0,0.0,0.059007,73395.0,0.109554,0.262397,0.175888,0.308069,-0.028656,0.741148,4.550497,-0.01,-0.6,-0.012,-0.25,-0.36,-1.2,0.500007,-0.078416,-0.000941,0.0,-0.056627,-0.019373,-0.014246,-0.028863,0.86318,-0.029785,-0.089576,-0.011476,-0.028068,1.851094,4.331825,-0.075791,-0.000401,-0.240256,8.208334,0.01481,0.099026,0.105217
464,194.292419,1000.0,0.895031,0.837038,0.0,0.0,0.058926,73314.0,0.11052,0.259137,0.176948,0.299871,-0.02813,0.726493,4.559747,-0.01,-0.6,-0.012,-0.25,-0.36,-1.2,0.500007,-0.077083,-0.000663,0.0,-0.055178,-0.018901,-0.01341,-0.027871,0.86307,-0.028909,-0.088046,-0.010774,-0.026364,1.845589,4.347732,-0.07306,-0.000409,-0.27075,6.833333,0.013219,0.098927,0.094056
465,194.053085,1000.0,0.878737,0.825469,0.0,0.0,0.058837,70557.0,0.110578,0.262699,0.174631,0.311356,-0.029068,0.741107,4.531071,-0.01,-0.6,-0.012,-0.25,-0.36,-1.2,0.500007,-0.079233,-0.00101,0.0,-0.057571,-0.019478,-0.014662,-0.029529,0.861964,-0.029847,-0.089622,-0.01175,-0.027771,1.846421,4.331864,-0.07759,-0.000392,-0.273621,6.75,0.013985,0.100041,0.121646
466,196.1035,1000.0,0.895287,0.829473,0.0,0.0,0.058824,49088.0,0.109233,0.260572,0.162914,0.289494,-0.027115,0.711091,4.534225,-0.01,-0.6,-0.012,-0.25,-0.36,-1.2,0.500007,-0.080457,-0.001189,0.0,-0.053789,-0.018804,-0.013645,-0.028138,0.855854,-0.02884,-0.086112,-0.011402,-0.026888,1.853762,4.348616,-0.072499,-0.000387,-0.232597,6.625,0.015908,0.11461,0.127815
467,195.413559,1000.0,0.885206,0.839716,0.0,0.0,0.058754,70968.0,0.110775,0.261341,0.17124,0.29964,-0.02796,0.724737,4.556723,-0.01,-0.6,-0.012,-0.25,-0.36,-1.2,0.500007,-0.078496,-0.00098,0.0,-0.056582,-0.018923,-0.013366,-0.027875,0.865134,-0.028985,-0.085861,-0.011328,-0.029475,1.847529,4.344022,-0.073596,-0.000444,-0.341372,6.166667,0.015592,0.084786,0.125153
468,195.20462,1000.0,0.886664,0.845394,0.0,0.0,0.05867,72821.0,0.11171,0.262397,0.192549,0.327662,-0.030545,0.781177,4.528885,-0.01,-0.6,-0.012,-0.25,-0.36,-1.2,0.500007,-0.077218,-0.00098,0.0,-0.058167,-0.01941,-0.014656,-0.029026,0.867223,-0.029865,-0.090432,-0.010881,-0.026644,1.844715,4.332255,-0.078046,-0.000375,-0.285135,5.625,0.015924,0.083872,0.12673
469,195.481186,1000.0,0.877267,0.827101,0.0,0.0,0.058603,74016.0,0.108904,0.264261,0.168428,0.299692,-0.027764,0.72187,4.516714,-0.01,-0.6,-0.012,-0.25,-0.36,-1.2,0.500007,-0.080751,-0.00143,0.0,-0.054547,-0.018971,-0.013839,-0.027941,0.858403,-0.029098,-0.085695,-0.011885,-0.027217,1.852043,4.339311,-0.074336,-0.000346,-0.170553,5.416667,0.01502,0.103267,0.122842
470,194.605606,1000.0,0.886914,0.821578,0.0,0.0,0.058353,73546.0,0.110436,0.262189,0.179503,0.311918,-0.029033,0.756,4.54985,-0.01,-0.6,-0.012,-0.25,-0.36,-1.2,0.500007,-0.078195,-0.000831,0.0,-0.05706,-0.019143,-0.014165,-0.028846,0.864209,-0.028866,-0.087979,-0.011715,-0.026916,1.845784,4.346574,-0.075122,-0.000499,-0.33126,6.583333,0.012995,0.094557,0.136984
471,196.001312,1000.0,0.878137,0.824089,0.0,0.0,0.058295,73373.0,0.111426,0.264724,0.177919,0.308867,-0.028915,0.756907,4.553256,-0.01,-0.6,-0.012,-0.25,-0.36,-1.2,0.500007,-0.079907,-0.001101,0.0,-0.057316,-0.018863,-0.013606,-0.028247,0.868187,-0.028764,-0.083063,-0.011554,-0.030219,1.848232,4.33893,-0.074241,-0.0004,-0.218256,5.666667,0.015138,0.105032,0.125215
472,195.766586,1000.0,0.8872,0.839984,0.0,0.0,0.058216,49150.0,0.113167,0.260006,0.174183,0.303826,-0.028983,0.717878,4.507934,-0.01,-0.6,-0.012,-0.25,-0.36,-1.2,0.500007,-0.077099,-0.000693,0.0,-0.056014,-0.019043,-0.013904,-0.028331,0.863795,-0.029035,-0.087686,-0.011534,-0.027561,1.83571,4.34435,-0.07471,-0.000519,-0.261311,6.083333,0.014211,0.098278,0.109995
473,195.788498,1000.0,0.879369,0.830691,0.0,0.0,0.058152,74574.0,0.111915,0.260152,0.181322,0.307035,-0.028774,0.741788,4.477441,-0.01,-0.6,-0.012,-0.25,-0.36,-1.2,0.500007,-0.077527,-0.001075,0.0,-0.056166,-0.01886,-0.013706,-0.028201,0.869621,-0.028137,-0.088599,-0.01116,-0.0275,1.847602,4.35619,-0.074366,-0.000379,-0.283672,6.217391,0.015477,0.100617,0.111748
474,193.391205,1000.0,0.88307,0.829999,0.0,0.0,0.058038,72697.0,0.108758,0.258533,0.175823,0.302434,-0.027792,0.726623,4.465719,-0.01,-0.6,-0.012,-0.25,-0.36,-1.2,0.500007,-0.07887,-0.000806,0.0,-0.053858,-0.018477,-0.013291,-0.027727,0.856054,-0.027897,-0.084164,-0.010853,-0.026225,1.849999,4.362764,-0.073136,-0.000442,-0.303131,5.708333,0.014709,0.108047,0.129468
475,195.991592,1000.0,0.883762,0.833418,0.0,0.0,0.057956,73965.0,0.109469,0.25661,0.175789,0.295013,-0.026838,0.730769,4.457948,-0.01,-0.6,-0.012,-0.25,-0.36,-1.2,0.500007,-0.076408,-0.000453,0.0,-0.054115,-0.018451,-0.013108,-0.027595,0.865693,-0.027952,-0.086176,-0.010286,-0.026854,1.854442,4.361387,-0.070885,-0.000464,-0.222099,4.958333,0.014706,0.097999,0.109378
476,196.142548,1000.0,0.88746,0.824891,0.0,0.0,0.057973,63262.0,0.112397,0.270634,0.166114,0.307887,-0.028836,0.736261,4.457879,-0.01,-0.6,-0.012,-0.25,-0.36,-1.2,0.500007,-0.082903,-0.001214,0.0,-0.056405,-0.018954,-0.013911,-0.028247,0.860683,-0.028855,-0.08094,-0.012433,-0.028288,1.841036,4.33568,-0.075913,-0.000434,-0.267246,4.458333,0.015199,0.087611,0.12441
477,194.505432,1000.0,0.88213,0.821185,0.0,0.0,0.057942,64176.0,0.111375,0.258894,0.180933,0.306579,-0.028867,0.740851,4.439948,-0.01,-0.6,-0.012,-0.25,-0.36,-1.2,0.500007,-0.076272,-0.001422,0.0,-0.056841,-0.018851,-0.014161,-0.028706,0.86241,-0.029122,-0.091354,-0.010855,-0.025942,1.837749,4.344259,-0.074308,-0.000548,-0.320614,3.958333,0.014536,0.097372,0.120203
478,195.602264,1000.0,0.87735,0.818075,0.0,0.0,0.057889,47264.0,0.111683,0.260608,0.175972,0.30966,-0.028948,0.744749,4.430397,-0.01,-0.6,-0.012,-0.25,-0.36,-1.2,0.500007,-0.078866,-0.0008,0.0,-0.056654,-0.018852,-0.014537,-0.02883,0.86515,-0.029209,-0.090048,-0.012078,-0.027338,1.839814,4.344208,-0.075432,-0.000513,-0.217854,4.208333,0.014754,0.089894,0.134836
479,195.382706,1000.0,0.875537,0.839518,0.0,0.0,0.05775,63992.0,0.111888,0.261584,0.179829,0.313015,-0.029656,0.743943,4.472547,-0.01,-0.6,-0.012,-0.25,-0.36,-1.2,0.500007,-0.077458,-0.001013,0.0,-0.057959,-0.019089,-0.014435,-0.0288,0.859263,-0.029091,-0.09075,-0.011892,-0.028121,1.842973,4.341864,-0.076681,-0.000618,-0.27995,4.083333,0.01633,0.102073,0.134522
480,194.379623,1000.0,0.883553,0.820733,0.0,0.0,0.057742,60098.0,0.111377,0.259146,0.169333,0.301249,-0.028149,0.717571,4.429533,-0.01,-0.6,-0.012,-0.25,-0.36,-1.2,0.500007,-0.078549,-0.000996,0.0,-0.054469,-0.018687,-0.013637,-0.027998,0.856057,-0.029121,-0.085815,-0.011079,-0.026384,1.843466,4.345503,-0.073626,-0.000492,-0.269209,4.217391,0.015896,0.104942,0.114248
481,195.843002,1000.0,0.880566,0.829494,0.0,0.0,0.057749,57033.0,0.111031,0.254542,0.182163,0.311664,-0.029257,0.749975,4.458043,-0.01,-0.6,-0.012,-0.25,-0.36,-1.2,0.500007,-0.07756,-0.000893,0.0,-0.05529,-0.018541,-0.013971,-0.028142,0.86642,-0.028135,-0.08708,-0.010055,-0.025362,1.843063,4.363389,-0.073883,-0.000424,-0.278668,4.125,0.014257,0.093262,0.101247
482,196.018494,1000.0,0.874488,0.82449,0.0,0.0,0.05768,56581.0,0.107538,0.260332,0.163051,0.303822,-0.028834,0.733695,4.474151,-0.01,-0.6,-0.012,-0.25,-0.36,-1.2,0.500007,-0.083073,-0.001152,0.0,-0.055938,-0.018366,-0.013633,-0.028125,0.861937,-0.02838,-0.079723,-0.011455,-0.029269,1.854807,4.348649,-0.074325,-0.000316,-0.210287,3.166667,0.014329,0.081208,0.1303
483,194.310471,992.119995,0.865957,0.816664,0.043478,0.0,0.057585,48395.0,0.106545,0.257538,0.175332,0.298497,-0.02715,0.729171,4.435318,-0.01,-0.6,-0.012,-0.25,-0.36,-1.2,0.498291,-0.075426,-0.000668,-0.000174,-0.054036,-0.018152,-0.013303,-0.027083,0.861884,-0.027693,-0.083055,-0.011297,-0.026984,1.855461,4.347549,-0.070807,-0.000305,-0.384496,3.565217,0.017849,0.100233,0.154944
484,195.11821,1000.0,0.876487,0.818428,0.0,0.0,0.057624,64143.0,0.10512,0.253098,0.157795,0.281899,-0.026758,0.706594,4.454317,-0.01,-0.6,-0.012,-0.25,-0.36,-1.2,0.500007,-0.079342,-0.000987,0.0,-0.05391,-0.017872,-0.012831,-0.027103,0.855729,-0.027568,-0.082392,-0.010929,-0.028939,1.864504,4.37233,-0.069146,-0.000347,-0.230269,3.565217,0.014578,0.097001,0.129702
485,196.67485,1000.0,0.890998,0.835411,0.0,0.0,0.057568,63148.0,0.110521,0.252288,0.180684,0.310855,-0.028306,0.765247,4.431113,-0.01,-0.6,-0.012,-0.25,-0.36,-1.2,0.500007,-0.077107,-0.0007,0.0,-0.056055,-0.018206,-0.013521,-0.027754,0.873636,-0.027766,-0.086406,-0.010895,-0.026827,1.844915,4.367672,-0.072709,-0.000437,-0.246304,3.166667,0.014062,0.096346,0.114889
486,196.46933,1000.0,0.883662,0.843795,0.0,0.0,0.057464,58097.0,0.113732,0.269352,0.191444,0.325648,-0.030816,0.771405,4.417982,-0.01,-0.6,-0.012,-0.25,-0.36,-1.2,0.500007,-0.074057,-0.000913,0.0,-0.058687,-0.019041,-0.014467,-0.028985,0.870509,-0.029154,-0.092054,-0.011145,-0.030251,1.835954,4.331665,-0.075648,-0.000565,-0.250101,3.625,0.012298,0.098093,0.115936
487,195.154465,1000.0,0.879961,0.854181,0.0,0.0,0.057384,59460.0,0.108174,0.257573,0.178438,0.299758,-0.027113,0.737676,4.429452,-0.01,-0.6,-0.012,-0.25,-0.36,-1.2,0.500007,-0.076275,-0.000919,0.0,-0.05465,-0.018132,-0.013474,-0.02766,0.864178,-0.027583,-0.085505,-0.010716,-0.026563,1.855587,4.369092,-0.070976,-0.000335,-0.349535,3.304348,0.014823,0.090976,0.112587
488,196.797363,1000.0,0.875712,0.851424,0.0,0.0,0.057279,44574.0,0.105723,0.258736,0.166069,0.292503,-0.027714,0.728796,4.449404,-0.01,-0.6,-0.012,-0.25,-0.36,-1.2,0.500007,-0.079652,-0.000742,0.0,-0.054225,-0.01807,-0.012758,-0.027473,0.869405,-0.028026,-0.076157,-0.011076,-0.028628,1.86294,4.356573,-0.070123,-0.000498,-0.224975,3.608696,0.018349,0.084137,0.111272
489,194.243988,1000.0,0.880059,0.827712,0.0,0.0,0.057244,62753.0,0.114183,0.262194,0.17152,0.292695,-0.02762,0.708806,4.434745,-0.01,-0.6,-0.012,-0.25,-0.36,-1.2,0.500007,-0.076542,-0.003151,0.0,-0.052906,-0.018299,-0.013175,-0.027138,0.855787,-0.027857,-0.087482,-0.010801,-0.026567,1.826779,4.353926,-0.071318,-0.000369,-0.276871,3.291667,0.014644,0.092645,0.106754
490,196.490021,1000.0,0.900994,0.798253,0.0,0.0,0.057318,62574.0,0.109152,0.25395,0.179767,0.30163,-0.02794,0.761931,4.453487,-0.01,-0.6,-0.012,-0.25,-0.36,-1.2,0.500007,-0.077129,-0.000646,0.0,-0.055388,-0.01802,-0.01287,-0.026559,0.876933,-0.027146,-0.083521,-0.011648,-0.028476,1.848823,4.373804,-0.069948,-0.000528,-0.286616,2.916667,0.013703,0.089361,0.112188
491,197.915283,1000.0,0.889001,0.844655,0.0,0.0,0.057322,63915.0,0.108906,0.253921,0.171577,0.296769,-0.027743,0.715225,4.457527,-0.01,-0.6,-0.012,-0.25,-0.36,-1.2,0.500007,-0.076915,-0.000871,0.0,-0.054477,-0.017961,-0.013399,-0.02731,0.86627,-0.027966,-0.089374,-0.011147,-0.02776,1.850707,4.364355,-0.070898,-0.000392,-0.206313,3.26087,0.013359,0.095162,0.120434
492,196.747879,1000.0,0.894663,0.827527,0.0,0.0,0.057272,60063.0,0.114765,0.260397,0.191537,0.326528,-0.029757,0.786007,4.452006,-0.01,-0.6,-0.012,-0.25,-0.36,-1.2,0.500007,-0.076074,-0.001013,0.0,-0.058599,-0.018797,-0.014349,-0.0287,0.874264,-0.029836,-0.099228,-0.011498,-0.026855,1.838004,4.331983,-0.075779,-0.000436,-0.286769,3.863636,0.016365,0.100893,0.099839
493,197.374588,1000.0,0.903879,0.817419,0.0,0.0,0.057152,48657.0,0.112463,0.257926,0.18395,0.308711,-0.029068,0.75575,4.450029,-0.01,-0.6,-0.012,-0.25,-0.36,-1.2,0.500007,-0.076165,-0.000786,0.0,-0.055819,-0.01814,-0.013605,-0.027619,0.871445,-0.027823,-0.084918,-0.010575,-0.026691,1.84468,4.370171,-0.07204,-0.000423,-0.223729,2.875,0.01306,0.099333,0.13088
494,197.789688,1000.0,0.888698,0.828956,0.0,0.0,0.057108,75895.0,0.105746,0.255262,0.168863,0.303205,-0.028049,0.736773,4.472523,-0.01,-0.6,-0.012,-0.25,-0.36,-1.2,0.500007,-0.077435,-0.000909,0.0,-0.053162,-0.017881,-0.013355,-0.02737,0.865762,-0.027477,-0.082074,-0.011312,-0.028717,1.856339,4.37222,-0.07065,-0.000602,-0.181567,2.909091,0.011842,0.093426,0.116482
495,196.627731,1000.0,0.857847,0.823338,0.0,0.0,0.057027,71209.0,0.113679,0.268398,0.186678,0.334312,-0.031176,0.773917,4.442472,-0.01,-0.6,-0.012,-0.25,-0.36,-1.2,0.500007,-0.080562,-0.00083,0.0,-0.059508,-0.018813,-0.015101,-0.029369,0.867483,-0.029531,-0.088734,-0.012339,-0.028208,1.840909,4.326287,-0.078983,-0.000582,-0.261158,3.208333,0.014876,0.09523,0.124722
496,195.966812,1000.0,0.871261,0.831017,0.0,0.0,0.056945,73024.0,0.110209,0.261318,0.182233,0.307948,-0.028569,0.753507,4.412812,-0.01,-0.6,-0.012,-0.25,-0.36,-1.2,0.500007,-0.074092,-0.00139,0.0,-0.05526,-0.01844,-0.01359,-0.027957,0.86496,-0.028606,-0.090318,-0.010723,-0.027085,1.848118,4.347197,-0.072274,-0.000448,-0.281908,3.956522,0.01436,0.091018,0.094654
497,195.6064,1000.0,0.878257,0.840595,0.0,0.0,0.056864,74862.0,0.108759,0.253929,0.175258,0.303245,-0.027641,0.730152,4.470584,-0.01,-0.6,-0.012,-0.25,-0.36,-1.2,0.500007,-0.075538,-0.000633,0.0,-0.053455,-0.017801,-0.013108,-0.026885,0.860563,-0.027841,-0.089929,-0.010212,-0.027135,1.852196,4.372529,-0.070469,-0.000431,-0.21185,2.681818,0.015451,0.084345,0.124848
498,196.244354,1000.0,0.877769,0.836001,0.0,0.0,0.056928,74385.0,0.112854,0.260672,0.193372,0.331825,-0.031259,0.777896,4.4392,-0.01,-0.6,-0.012,-0.25,-0.36,-1.2,0.500007,-0.07393,-0.00068,0.0,-0.05957,-0.018709,-0.014892,-0.0291,0.86779,-0.029392,-0.095084,-0.010782,-0.028337,1.839863,4.338716,-0.076928,-0.000355,-0.20647,2.863636,0.014487,0.096497,0.108962
499,196.360062,1000.0,0.876734,0.823932,0.0,0.0,0.056828,53212.0,0.113504,0.257699,0.192875,0.33085,-0.030342,0.778218,4.440641,-0.01,-0.6,-0.012,-0.25,-0.36,-1.2,0.500007,-0.073934,-0.001279,0.0,-0.058181,-0.018405,-0.014426,-0.028206,0.870941,-0.028253,-0.096905,-0.010795,-0.028958,1.824702,4.359718,-0.076065,-0.000626,-0.261476,2.954545,0.013694,0.094024,0.120236
500,194.638397,1000.0,0.882244,0.822179,0.0,0.0,0.056888,72572.0,0.10651,0.252108,0.167193,0.299452,-0.027867,0.717279,4.48294,-0.02,-0.8,-0.02,-0.25,-0.6,-2.0,0.500007,-0.081246,-0.001004,0.0,-0.052955,-0.01777,-0.013586,-0.027142,0.857694,-0.027671,-0.081217,-0.010888,-0.025916,1.858684,4.37688,-0.071153,-0.000484,-0.414108,24.333334,0.015895,0.095887,0.122345
501,196.422302,1000.0,0.886477,0.839556,0.0,0.0,0.056848,66998.0,0.109808,0.259086,0.181431,0.318966,-0.029185,0.754827,4.474445,-0.02,-0.8,-0.02,-0.25,-0.6,-2.0,0.500007,-0.079612,-0.00079,0.0,-0.057203,-0.018339,-0.014506,-0.028967,0.864575,-0.029147,-0.093669,-0.011907,-0.026662,1.848257,4.352603,-0.075338,-0.000327,-0.253182,6.708333,0.014309,0.095202,0.121795
502,197.294586,1000.0,0.878048,0.846027,0.0,0.0,0.05684,67254.0,0.106861,0.258308,0.17634,0.305384,-0.028167,0.752094,4.449263,-0.02,-0.8,-0.02,-0.25,-0.6,-2.0,0.500007,-0.083393,-0.000849,0.0,-0.054288,-0.017797,-0.013097,-0.027791,0.871498,-0.028266,-0.084304,-0.010586,-0.027292,1.857159,4.373947,-0.0713,-0.000422,-0.215914,7.083333,0.01492,0.097934,0.109681
503,198.411774,1000.0,0.88697,0.831995,0.0,0.0,0.05665,68036.0,0.109287,0.254896,0.17734,0.311693,-0.028795,0.752865,4.458724,-0.02,-0.8,-0.02,-0.25,-0.6,-2.0,0.500007,-0.086337,-0.000849,0.0,-0.054107,-0.017861,-0.013788,-0.02842,0.867503,-0.029034,-0.085446,-0.011349,-0.0263,1.849733,4.371936,-0.072588,-0.00048,-0.229841,6.458333,0.014386,0.100586,0.121389
504,196.494324,1000.0,0.882362,0.833637,0.0,0.0,0.056566,68016.0,0.109295,0.257084,0.181647,0.314513,-0.029282,0.765158,4.43498,-0.02,-0.8,-0.02,-0.25,-0.6,-2.0,0.500007,-0.086444,-0.000854,0.0,-0.056357,-0.018067,-0.013887,-0.028854,0.87015,-0.029284,-0.093623,-0.011098,-0.027325,1.847634,4.366155,-0.07363,-0.000464,-0.307788,7.125,0.014606,0.097332,0.114862
505,197.464523,1000.0,0.892318,0.831786,0.0,0.0,0.056479,48917.0,0.107979,0.259249,0.177628,0.310898,-0.02921,0.757632,4.450397,-0.02,-0.8,-0.02,-0.25,-0.6,-2.0,0.500007,-0.088245,-0.000806,0.0,-0.054687,-0.017871,-0.013727,-0.02905,0.866403,-0.029832,-0.091745,-0.011017,-0.026972,1.853286,4.366536,-0.072627,-0.000479,-0.295226,7.958333,0.013914,0.088865,0.126493
506,195.219971,1000.0,0.885506,0.834855,0.0,0.0,0.056265,68602.0,0.109519,0.260441,0.169817,0.304114,-0.028841,0.725564,4.440971,-0.02,-0.8,-0.02,-0.25,-0.6,-2.0,0.500007,-0.092593,-0.000966,0.0,-0.055422,-0.017871,-0.013819,-0.029579,0.863643,-0.030333,-0.091434,-0.011815,-0.02758,1.844745,4.361085,-0.073188,-0.000415,-0.292711,7.125,0.012808,0.094833,0.129474
507,197.052521,1000.0,0.887027,0.827768,0.0,0.0,0.056233,60034.0,0.11053,0.259732,0.180483,0.318949,-0.029749,0.763511,4.412317,-0.02,-0.8,-0.02,-0.25,-0.6,-2.0,0.500007,-0.091921,-0.00104,0.0,-0.056006,-0.01801,-0.014215,-0.02988,0.867156,-0.031636,-0.095659,-0.011243,-0.027294,1.840765,4.353589,-0.073505,-0.000573,-0.24875,6.291667,0.015277,0.095739,0.118835
508,196.145325,1000.0,0.888406,0.832507,0.0,0.0,0.056116,60319.0,0.108749,0.253494,0.177125,0.312423,-0.029343,0.757021,4.396444,-0.02,-0.8,-0.02,-0.25,-0.6,-2.0,0.500007,-0.095054,-0.000733,0.0,-0.05545,-0.017689,-0.013797,-0.029584,0.869008,-0.030192,-0.09279,-0.011116,-0.026804,1.848227,4.382313,-0.072786,-0.00054,-0.259141,6.791667,0.012592,0.083633,0.107776
509,196.16954,1000.0,0.870213,0.833306,0.0,0.0,0.055931,61367.0,0.107136,0.254198,0.17684,0.313319,-0.02862,0.775895,4.371054,-0.02,-0.8,-0.02,-0.25,-0.6,-2.0,0.500007,-0.098687,-0.000642,0.0,-0.055798,-0.017226,-0.013001,-0.029534,0.869401,-0.030555,-0.089358,-0.01076,-0.029529,1.85487,4.382174,-0.070988,-0.000528,-0.258587,5.75,0.016115,0.101864,0.122551
510,197.731949,1000.0,0.888304,0.839079,0.0,0.0,0.055832,44104.0,0.10848,0.252655,0.176105,0.304715,-0.027976,0.748198,4.397767,-0.02,-0.8,-0.02,-0.25,-0.6,-2.0,0.500007,-0.096688,-0.00106,0.0,-0.054658,-0.017447,-0.013194,-0.029564,0.87089,-0.031949,-0.098796,-0.010947,-0.027678,1.857368,4.375607,-0.069873,-0.000422,-0.207486,5.291667,0.015468,0.09723,0.101426
511,196.103195,1000.0,0.885769,0.839914,0.0,0.0,0.055719,62907.0,0.107863,0.251832,0.174154,0.294812,-0.027059,0.714813,4.330154,-0.02,-0.8,-0.02,-0.25,-0.6,-2.0,0.500007,-0.096734,-0.000807,0.0,-0.052293,-0.017322,-0.012966,-0.029466,0.870492,-0.032334,-0.100727,-0.010013,-0.02642,1.845879,4.377724,-0.068919,-0.00043,-0.209456,6.125,0.013332,0.09349,0.114886
512,195.228134,1000.0,0.880454,0.829636,0.0,0.0,0.055634,58591.0,0.109749,0.250952,0.180275,0.309492,-0.028251,0.764771,4.336048,-0.02,-0.8,-0.02,-0.25,-0.6,-2.0,0.500007,-0.099828,-0.000975,0.0,-0.055704,-0.017542,-0.013408,-0.030193,0.872976,-0.033006,-0.106343,-0.010904,-0.027919,1.849297,4.37193,-0.070659,-0.000553,-0.256576,6.583333,0.015332,0.08875,0.129264
513,194.482941,1000.0,0.882215,0.826836,0.0,0.0,0.055534,64450.0,0.107558,0.256655,0.175924,0.31043,-0.028949,0.746065,4.309215,-0.02,-0.8,-0.02,-0.25,-0.6,-2.0,0.500007,-0.105052,-0.00073,0.0,-0.05538,-0.017636,-0.013724,-0.031108,0.867959,-0.033484,-0.100867,-0.01066,-0.027003,1.853778,4.367538,-0.073333,-0.00052,-0.286111,5.708333,0.01484,0.098817,0.122985
514,196.59642,1000.0,0.88648,0.826384,0.0,0.0,0.05547,62010.0,0.107266,0.257353,0.179444,0.313736,-0.028846,0.776702,4.357337,-0.02,-0.8,-0.02,-0.25,-0.6,-2.0,0.500007,-0.107261,-0.000912,0.0,-0.056083,-0.01753,-0.013702,-0.031484,0.873528,-0.033412,-0.101852,-0.011528,-0.028354,1.854765,4.371549,-0.072378,-0.000573,-0.19796,6.083333,0.016763,0.105733,0.122045
515,196.758423,1000.0,0.882537,0.838979,0.0,0.0,0.055278,44800.0,0.107102,0.255757,0.179517,0.306354,-0.028163,0.742775,4.323461,-0.02,-0.8,-0.02,-0.25,-0.6,-2.0,0.500007,-0.104818,-0.000955,0.0,-0.054064,-0.017541,-0.013505,-0.030499,0.870511,-0.033196,-0.104051,-0.010153,-0.025756,1.848169,4.380818,-0.071536,-0.000642,-0.219149,5.913043,0.014152,0.0855,0.108605
516,196.384064,1000.0,0.89539,0.851351,0.0,0.0,0.055236,58067.0,0.106638,0.250492,0.170797,0.300685,-0.027976,0.735327,4.344529,-0.02,-0.8,-0.02,-0.25,-0.6,-2.0,0.500007,-0.111538,-0.000764,0.0,-0.053257,-0.017117,-0.013138,-0.03018,0.867517,-0.033188,-0.098638,-0.010866,-0.027332,1.850859,4.390352,-0.069347,-0.000549,-0.225722,5.291667,0.013611,0.090856,0.117438
517,195.835175,1000.0,0.891701,0.828104,0.0,0.0,0.055257,58818.0,0.107105,0.253376,0.175937,0.307804,-0.028711,0.751065,4.337308,-0.02,-0.8,-0.02,-0.25,-0.6,-2.0,0.500007,-0.110268,-0.000792,0.0,-0.054565,-0.017426,-0.013389,-0.031587,0.871634,-0.034248,-0.106511,-0.010559,-0.026656,1.855273,4.382257,-0.071863,-0.000758,-0.348022,4.875,0.013146,0.095338,0.12086
518,197.105667,1000.0,0.89447,0.852246,0.0,0.0,0.055265,67852.0,0.109133,0.254435,0.174182,0.304079,-0.028876,0.73811,4.34598,-0.02,-0.8,-0.02,-0.25,-0.6,-2.0,0.500007,-0.111047,-0.0011,0.0,-0.054952,-0.017809,-0.014125,-0.03228,0.868163,-0.035949,-0.11218,-0.010905,-0.025922,1.845154,4.368042,-0.072759,-0.000514,-0.1956,4.625,0.015284,0.080557,0.133357
519,195.658325,1000.0,0.891398,0.843944,0.0,0.0,0.055197,67078.0,0.108321,0.257984,0.178829,0.317618,-0.029797,0.733764,4.36898,-0.02,-0.8,-0.02,-0.25,-0.6,-2.0,0.500007,-0.113121,-0.001155,0.0,-0.055818,-0.01784,-0.014544,-0.03275,0.858037,-0.036058,-0.113493,-0.010904,-0.026202,1.850255,4.36245,-0.0748,-0.000516,-0.265988,3.833333,0.01278,0.121131,0.115807
520,197.030777,1000.0,0.889472,0.836587,0.0,0.0,0.055099,42801.0,0.110105,0.261413,0.185107,0.315197,-0.029413,0.753705,4.347342,-0.02,-0.8,-0.02,-0.25,-0.6,-2.0,0.500007,-0.111758,-0.000502,0.0,-0.055274,-0.01772,-0.013931,-0.032607,0.874812,-0.036661,-0.119302,-0.011889,-0.026812,1.841169,4.356859,-0.072301,-0.000364,-0.227836,3.958333,0.015372,0.095366,0.098627
521,195.057449,1000.0,0.886329,0.842106,0.0,0.0,0.055064,64848.0,0.10851,0.25345,0.176971,0.31611,-0.029814,0.752508,4.341469,-0.02,-0.8,-0.02,-0.25,-0.6,-2.0,0.500007,-0.118948,-0.000547,0.0,-0.056471,-0.017458,-0.014177,-0.032522,0.869159,-0.036292,-0.116065,-0.011636,-0.028465,1.849879,4.372903,-0.073349,-0.00066,-0.286867,4.347826,0.017669,0.085419,0.125352
522,194.96579,1000.0,0.88713,0.82421,0.0,0.0,0.055012,60034.0,0.109003,0.251485,0.187806,0.31499,-0.029251,0.764973,4.326306,-0.02,-0.8,-0.02,-0.25,-0.6,-2.0,0.500007,-0.113583,-0.000635,0.0,-0.05665,-0.017411,-0.013827,-0.032964,0.878377,-0.035947,-0.116846,-0.010034,-0.027402,1.847945,4.384134,-0.071234,-0.000553,-0.29642,3.958333,0.016626,0.091904,0.119508
523,194.903641,1000.0,0.872312,0.830403,0.0,0.0,0.054978,61349.0,0.104081,0.24866,0.164416,0.282669,-0.025898,0.707016,4.326639,-0.02,-0.8,-0.02,-0.25,-0.6,-2.0,0.500007,-0.118625,-0.000898,0.0,-0.050384,-0.01671,-0.01245,-0.031633,0.866799,-0.035414,-0.114313,-0.010186,-0.025251,1.866237,4.396518,-0.066836,-0.000495,-0.213616,3.791667,0.016473,0.10659,0.1164
524,195.706085,1000.0,0.881783,0.828951,0.0,0.0,0.054862,59521.0,0.099987,0.24954,0.157974,0.27378,-0.026184,0.682751,4.32035,-0.02,-0.8,-0.02,-0.25,-0.6,-2.0,0.500007,-0.122246,-0.000376,0.0,-0.048066,-0.01643,-0.011925,-0.030311,0.86463,-0.035035,-0.100535,-0.00969,-0.026429,1.875194,4.408562,-0.063699,-0.000532,-0.182716,3.625,0.017259,0.097241,0.137075
525,194.882065,1000.0,0.876985,0.834898,0.0,0.0,0.054857,46753.0,0.106134,0.257295,0.167623,0.306751,-0.028207,0.726981,4.327112,-0.02,-0.8,-0.02,-0.25,-0.6,-2.0,0.500007,-0.127709,-0.000689,0.0,-0.05345,-0.016796,-0.0131,-0.032392,0.868661,-0.036402,-0.108462,-0.010076,-0.030514,1.853281,4.388582,-0.069094,-0.000751,-0.255359,3.521739,0.014238,0.113542,0.112089
526,196.04744,1000.0,0.884674,0.832444,0.0,0.0,0.054722,65791.0,0.110955,0.260567,0.182953,0.318913,-0.03075,0.791489,4.354099,-0.02,-0.8,-0.02,-0.25,-0.6,-2.0,0.500007,-0.131427,-0.001008,0.0,-0.057276,-0.017515,-0.014221,-0.034618,0.880107,-0.039588,-0.121525,-0.011837,-0.028824,1.848413,4.357335,-0.07339,-0.000505,-0.219691,3.304348,0.01441,0.095583,0.121616
527,195.680771,1000.0,0.875025,0.840131,0.0,0.0,0.054674,59785.0,0.103843,0.251255,0.166405,0.288704,-0.027449,0.723968,4.34023,-0.02,-0.8,-0.02,-0.25,-0.6,-2.0,0.500007,-0.129591,-0.000884,0.0,-0.052342,-0.016986,-0.012929,-0.0329,0.866246,-0.037838,-0.11437,-0.010903,-0.024603,1.864274,4.392384,-0.068906,-0.000495,-0.188986,3.291667,0.014364,0.081224,0.116475
528,194.591263,1000.0,0.883825,0.830127,0.0,0.0,0.054629,60835.0,0.105106,0.247281,0.164629,0.29345,-0.027448,0.706897,4.369889,-0.02,-0.8,-0.02,-0.25,-0.6,-2.0,0.500007,-0.131692,-0.000654,0.0,-0.053197,-0.016747,-0.013087,-0.03265,0.866804,-0.037186,-0.113878,-0.010843,-0.02831,1.85373,4.398868,-0.068916,-0.000563,-0.193543,3.541667,0.014062,0.09147,0.106596
529,195.762177,1000.0,0.882201,0.844115,0.0,0.0,0.054653,57747.0,0.102151,0.241267,0.162662,0.2848,-0.026073,0.708607,4.369871,-0.02,-0.8,-0.02,-0.25,-0.6,-2.0,0.500007,-0.131623,-0.000473,0.0,-0.049712,-0.016217,-0.012021,-0.031364,0.861395,-0.03594,-0.108839,-0.009495,-0.026145,1.867037,4.422441,-0.065221,-0.000696,-0.226034,3.695652,0.016183,0.096526,0.132106
530,196.315598,1000.0,0.895589,0.831513,0.0,0.0,0.054632,47388.0,0.104654,0.246769,0.17389,0.29954,-0.028003,0.739147,4.353836,-0.02,-0.8,-0.02,-0.25,-0.6,-2.0,0.500007,-0.131779,-0.000819,0.0,-0.05265,-0.016577,-0.013212,-0.033544,0.871102,-0.037905,-0.126887,-0.012129,-0.02702,1.86293,4.404743,-0.068488,-0.00052,-0.205103,3.434783,0.01424,0.082753,0.12294
531,195.83313,1000.0,0.865792,0.831177,0.0,0.0,0.054656,63746.0,0.109164,0.251912,0.181435,0.319492,-0.03044,0.753013,4.37919,-0.02,-0.8,-0.02,-0.25,-0.6,-2.0,0.500007,-0.134857,-0.000761,0.0,-0.056109,-0.017695,-0.015061,-0.036147,0.861668,-0.040586,-0.130143,-0.011443,-0.025656,1.839606,4.378899,-0.07574,-0.000488,-0.176657,3.083333,0.016319,0.101247,0.131262
532,195.115829,1000.0,0.874984,0.843597,0.0,0.0,0.054611,67221.0,0.101889,0.242769,0.160141,0.27774,-0.025399,0.688547,4.355522,-0.02,-0.8,-0.02,-0.25,-0.6,-2.0,0.500007,-0.137189,-0.000505,0.0,-0.048053,-0.016159,-0.011961,-0.032291,0.866668,-0.037721,-0.113799,-0.009506,-0.024223,1.864368,4.419802,-0.064498,-0.000532,-0.286906,3.043478,0.017165,0.103836,0.145399
533,194.640854,1000.0,0.866814,0.820508,0.0,0.0,0.054544,66182.0,0.107835,0.260685,0.169579,0.31547,-0.02892,0.757835,4.342254,-0.02,-0.8,-0.02,-0.25,-0.6,-2.0,0.500007,-0.145577,-0.001454,0.0,-0.055477,-0.016877,-0.013401,-0.034613,0.862251,-0.040064,-0.126637,-0.0116,-0.030599,1.850764,4.377981,-0.070359,-0.000709,-0.200223,3.347826,0.015392,0.08289,0.123263
534,193.576492,1000.0,0.880267,0.833389,0.0,0.0,0.054545,62131.0,0.104177,0.246132,0.167125,0.313281,-0.028888,0.770641,4.382094,-0.02,-0.8,-0.02,-0.25,-0.6,-2.0,0.500007,-0.150013,-0.000649,0.0,-0.053757,-0.01663,-0.013256,-0.034063,0.86503,-0.038677,-0.116898,-0.010997,-0.029308,1.860184,4.411447,-0.0705,-0.000831,-0.443487,3.565217,0.01448,0.093994,0.105955
535,194.937195,1000.0,0.905732,0.840471,0.0,0.0,0.054521,63232.0,0.101296,0.244056,0.173501,0.29486,-0.026325,0.754925,4.383943,-0.02,-0.8,-0.02,-0.25,-0.6,-2.0,0.500007,-0.143623,-0.000316,0.0,-0.050532,-0.016117,-0.011982,-0.032525,0.877745,-0.039437,-0.122503,-0.00986,-0.025512,1.869464,4.412704,-0.064369,-0.000533,-0.277782,2.73913,0.012778,0.109177,0.113156
536,195.046585,1000.0,0.882608,0.817444,0.0,0.0,0.05447,49673.0,0.111196,0.252194,0.189839,0.333464,-0.03119,0.795394,4.369778,-0.02,-0.8,-0.02,-0.25,-0.6,-2.0,0.500007,-0.144807,-0.000989,0.0,-0.058205,-0.017069,-0.014321,-0.036984,0.87568,-0.041506,-0.129813,-0.010582,-0.028551,1.84169,4.385998,-0.074271,-0.000398,-0.308655,3.086957,0.014134,0.123608,0.145999
537,192.972717,1000.0,0.878696,0.806453,0.0,0.0,0.054374,72993.0,0.107003,0.249294,0.165771,0.304443,-0.028663,0.728542,4.386415,-0.02,-0.8,-0.02,-0.25,-0.6,-2.0,0.500007,-0.151471,-0.000946,0.0,-0.05429,-0.016825,-0.013095,-0.034777,0.859845,-0.042581,-0.12549,-0.011017,-0.028012,1.846815,4.391054,-0.071359,-0.000626,-0.267428,3.916667,0.014753,0.102207,0.11641
538,194.286911,1000.0,0.876196,0.830265,0.0,0.0,0.054397,73713.0,0.103082,0.2463,0.174779,0.304331,-0.027727,0.740185,4.385536,-0.02,-0.8,-0.02,-0.25,-0.6,-2.0,0.500007,-0.151293,-0.000471,0.0,-0.051444,-0.0165,-0.013055,-0.034655,0.868486,-0.040687,-0.128693,-0.01085,-0.026008,1.861281,4.411286,-0.068285,-0.000716,-0.206075,3.045455,0.017808,0.092084,0.132198
539,194.35466,1000.0,0.867426,0.814129,0.0,0.0,0.054392,68864.0,0.11587,0.252548,0.174564,0.322357,-0.030356,0.737741,4.345445,-0.02,-0.8,-0.02,-0.25,-0.6,-2.0,0.500007,-0.151587,-0.001124,0.0,-0.057372,-0.017361,-0.015402,-0.038628,0.85679,-0.044433,-0.147687,-0.012072,-0.028958,1.829468,4.372337,-0.075816,-0.000664,-0.22441,2.826087,0.014112,0.108451,0.140903
540,194.204758,1000.0,0.875628,0.820355,0.0,0.0,0.054282,76232.0,0.104808,0.244554,0.174561,0.297349,-0.027795,0.7336,4.37333,-0.02,-0.8,-0.02,-0.25,-0.6,-2.0,0.500007,-0.152954,-0.000263,0.0,-0.052095,-0.016371,-0.01277,-0.035211,0.868344,-0.041193,-0.127691,-0.010071,-0.026558,1.853122,4.412706,-0.067192,-0.000469,-0.189414,2.714286,0.018959,0.112568,0.134354
541,195.295425,1000.0,0.892853,0.827415,0.0,0.0,0.054281,71531.0,0.104464,0.248529,0.169391,0.294625,-0.02774,0.735434,4.372732,-0.02,-0.8,-0.02,-0.25,-0.6,-2.0,0.500007,-0.161308,-0.000661,0.0,-0.052209,-0.015964,-0.01212,-0.03463,0.873635,-0.041189,-0.121144,-0.010579,-0.028466,1.858245,4.414296,-0.06615,-0.000723,-0.398269,22.954546,0.012314,0.091118,0.112044
542,195.385406,1000.0,0.872646,0.822076,0.0,0.0,0.05427,56505.0,0.105603,0.249069,0.18307,0.314307,-0.029856,0.779011,4.335392,-0.02,-0.8,-0.02,-0.25,-0.6,-2.0,0.500007,-0.148053,-0.001049,0.0,-0.05628,-0.016936,-0.013661,-0.036814,0.874795,-0.042858,-0.139916,-0.011126,-0.030241,1.863347,4.400376,-0.070592,-0.000764,-0.252986,4.545455,0.013953,0.099089,0.1382
543,195.542496,1000.0,0.890823,0.842799,0.0,0.0,0.054219,67460.0,0.105633,0.253306,0.170345,0.301637,-0.028357,0.745666,4.345685,-0.02,-0.8,-0.02,-0.25,-0.6,-2.0,0.500007,-0.153986,-0.000575,0.0,-0.053897,-0.016541,-0.013235,-0.036424,0.873641,-0.043412,-0.141557,-0.011028,-0.028316,1.853543,4.392037,-0.068118,-0.000618,-0.277549,7.583333,0.015122,0.082774,0.122965
544,196.117416,1000.0,0.88051,0.839747,0.0,0.0,0.054249,70283.0,0.10719,0.250747,0.174309,0.313137,-0.029454,0.753934,4.343171,-0.02,-0.8,-0.02,-0.25,-0.6,-2.0,0.500007,-0.158428,-0.000584,0.0,-0.054405,-0.016552,-0.0133,-0.036588,0.868213,-0.042715,-0.127032,-0.011113,-0.028338,1.851393,4.401762,-0.070284,-0.000701,-0.20386,6.25,0.014252,0.096924,0.115741
545,192.787415,1000.0,0.882652,0.836025,0.0,0.0,0.054238,67178.0,0.105937,0.25039,0.170242,0.306335,-0.028604,0.751564,4.323226,-0.02,-0.8,-0.02,-0.25,-0.6,-2.0,0.500007,-0.159039,-0.000525,0.0,-0.053576,-0.016472,-0.013308,-0.036168,0.870547,-0.042973,-0.127142,-0.011049,-0.027805,1.850698,4.397311,-0.06925,-0.000847,-0.336341,7.208333,0.013792,0.093786,0.131383
546,193.381363,1000.0,0.882494,0.837477,0.0,0.0,0.054272,68578.0,0.104355,0.252007,0.170479,0.301164,-0.028231,0.732378,4.34368,-0.02,-0.8,-0.02,-0.25,-0.6,-2.0,0.500007,-0.154219,-0.000641,0.0,-0.053763,-0.016416,-0.01311,-0.036354,0.863862,-0.043748,-0.130924,-0.011123,-0.028064,1.860216,4.394476,-0.068559,-0.00066,-0.266284,7.166667,0.014919,0.101056,0.13719
547,195.309357,1000.0,0.893685,0.84536,0.0,0.0,0.054166,49189.0,0.10864,0.248265,0.177866,0.310913,-0.029382,0.748364,4.308827,-0.02,-0.8,-0.02,-0.25,-0.6,-2.0,0.500007,-0.156274,-0.000629,0.0,-0.054534,-0.016418,-0.013397,-0.036611,0.87164,-0.042661,-0.131806,-0.010985,-0.026424,1.843689,4.405233,-0.070681,-0.000566,-0.242239,7.416667,0.015578,0.097162,0.129246
548,196.391693,1000.0,0.883715,0.832361,0.0,0.0,0.05419,70079.0,0.104304,0.248322,0.175325,0.298535,-0.027819,0.743729,4.326226,-0.02,-0.8,-0.02,-0.25,-0.6,-2.0,0.500007,-0.148832,-0.000557,0.0,-0.05231,-0.016376,-0.012995,-0.0357,0.871372,-0.042616,-0.137022,-0.010488,-0.025897,1.863324,4.404359,-0.067656,-0.000755,-0.206757,7.333333,0.015328,0.088956,0.119751
549,194.277695,1000.0,0.891433,0.832784,0.0,0.0,0.054228,65436.0,0.100726,0.239411,0.163122,0.284868,-0.026688,0.712726,4.297458,-0.02,-0.8,-0.02,-0.25,-0.6,-2.0,0.500007,-0.151932,-0.000583,0.0,-0.050742,-0.015927,-0.012293,-0.034484,0.870673,-0.041085,-0.128092,-0.010508,-0.028489,1.870546,4.426422,-0.064804,-0.00064,-0.297295,6.0,0.014112,0.083116,0.134602
