iteration,reward,episode_length,height_reward,upright_reward,tipped_over,collapsed,exploration,steps_per_second,speed_error,turn_error,stepping,leg_swing,dragging,ground_covered,landing_force,Curriculum/ease_in_effort/weight,Curriculum/ease_in_landing/weight,Curriculum/ease_in_shake/weight,Curriculum/ease_in_smoothness/weight,Curriculum/ease_in_steadiness/weight,Curriculum/ease_in_straightness/weight,Episode_Reward/alive,Episode_Reward/effort,Episode_Reward/end_stops,Episode_Reward/fell_over,Episode_Reward/hard_landing,Episode_Reward/jitter,Episode_Reward/joint_shock,Episode_Reward/landing_speed,Episode_Reward/posture,Episode_Reward/rocking,Episode_Reward/shaking,Episode_Reward/skidding,Episode_Reward/swing_height,Episode_Reward/track_speed,Episode_Reward/track_turn,Episode_Reward/twitching,Episode_Reward/veering,Episode_Reward/wandering,Episode_Termination/nose_dived,Episode_Termination/time_out,Metrics/posture/error_height,Metrics/posture/error_pitch,Metrics/posture/error_roll
0,-0.882674,16.76,0.008548,0.008307,1.434783,36.56522,0.976765,42252.0,0.006606,0.020485,0.000651,0.005617,-0.001263,0.003153,7.119624,-0.0002,-0.1,-0.002,-0.05,-0.06,-0.2,0.005834,-5.9e-05,-3e-05,-0.012578,-0.003848,-0.040152,-0.002628,-0.000371,0.008887,-0.004729,-0.001234,-0.003242,-0.001504,0.007821,0.00312,-0.01392,-1.5e-05,-5.2e-05,36.47826,3.652174,0.05164,0.133365,0.269339
1,-2.192204,39.529999,0.022386,0.019383,12.666667,0.0,0.948814,62362.0,0.019141,0.060685,0.003951,0.017038,-0.003697,0.009703,6.671393,-0.0002,-0.1,-0.002,-0.05,-0.06,-0.2,0.016135,-0.000165,-0.000227,-0.030091,-0.009277,-0.113307,-0.007093,-0.000879,0.022964,-0.013672,-0.003368,-0.007461,-0.003748,0.017968,0.007568,-0.038444,-0.00019,-0.000661,0.0,4.083333,0.032951,0.122071,0.647635
2,-2.733663,60.810001,0.035595,0.034214,13.416667,0.041667,0.920479,61749.0,0.030754,0.097245,0.005914,0.026716,-0.005359,0.013409,6.723038,-0.0002,-0.1,-0.002,-0.05,-0.06,-0.2,0.026515,-0.000269,-0.000386,-0.031369,-0.014647,-0.179148,-0.011358,-0.00147,0.037234,-0.020244,-0.005425,-0.011981,-0.006133,0.028274,0.013166,-0.060682,-0.000405,-0.002124,0.0,3.833333,0.031884,0.127517,0.652789
3,-2.801641,75.629997,0.049389,0.047936,11.541667,0.041667,0.891417,61657.0,0.038886,0.134452,0.007906,0.033875,-0.00685,0.018268,6.66596,-0.0002,-0.1,-0.002,-0.05,-0.06,-0.2,0.035642,-0.000357,-0.000495,-0.030626,-0.018483,-0.230918,-0.015218,-0.001975,0.049478,-0.026742,-0.007284,-0.016156,-0.007983,0.043269,0.017291,-0.078157,-0.001091,-0.003644,0.0,3.625,0.030131,0.123497,0.622647
4,-3.336898,98.019997,0.059357,0.059623,10.833334,0.0,0.865222,61140.0,0.05014,0.17024,0.009799,0.045228,-0.008539,0.024803,6.631311,-0.0002,-0.1,-0.002,-0.05,-0.06,-0.2,0.045623,-0.000452,-0.000642,-0.029909,-0.025155,-0.283531,-0.018933,-0.002588,0.065639,-0.032881,-0.009168,-0.020686,-0.010806,0.049369,0.024061,-0.09634,-0.001645,-0.006178,0.0,3.625,0.030686,0.13458,0.642016
5,-3.267737,106.510002,0.072431,0.073283,10.291667,0.0,0.839059,60082.0,0.058381,0.193337,0.010272,0.049896,-0.009009,0.027298,6.613263,-0.0002,-0.1,-0.002,-0.05,-0.06,-0.2,0.053459,-0.000527,-0.000794,-0.029618,-0.027909,-0.318688,-0.021889,-0.00311,0.074224,-0.038052,-0.010501,-0.024125,-0.012233,0.063394,0.029862,-0.108528,-0.002057,-0.006546,0.0,3.541667,0.029274,0.124358,0.627351
6,-2.863968,126.769997,0.075708,0.081208,9.541667,0.0,0.813748,60772.0,0.064126,0.218464,0.012727,0.056608,-0.010747,0.031441,6.598536,-0.0002,-0.1,-0.002,-0.05,-0.06,-0.2,0.058273,-0.000564,-0.000888,-0.031108,-0.031842,-0.332571,-0.023102,-0.003261,0.086129,-0.04005,-0.011604,-0.025837,-0.013854,0.065623,0.031947,-0.113599,-0.002639,-0.01119,0.0,2.833333,0.031281,0.140948,0.645233
7,-3.305308,143.100006,0.086879,0.09559,8.916667,0.0,0.78969,61275.0,0.076219,0.254553,0.01439,0.067526,-0.012229,0.035895,6.569547,-0.0002,-0.1,-0.002,-0.05,-0.06,-0.2,0.069868,-0.00068,-0.001043,-0.028941,-0.038034,-0.379501,-0.027488,-0.00392,0.101086,-0.04672,-0.013283,-0.030083,-0.017076,0.078861,0.039702,-0.130123,-0.003242,-0.013889,0.0,3.416667,0.032161,0.139424,0.617584
8,-3.210209,171.960007,0.102856,0.107357,6.75,0.0,0.767823,53937.0,0.087083,0.284921,0.015811,0.074597,-0.013416,0.039398,6.528659,-0.0002,-0.1,-0.002,-0.05,-0.06,-0.2,0.079972,-0.000773,-0.00114,-0.029437,-0.043337,-0.4166,-0.030498,-0.004465,0.114985,-0.051382,-0.015125,-0.033963,-0.01924,0.089681,0.047656,-0.143043,-0.005273,-0.018224,0.0,2.666667,0.029827,0.143044,0.608293
9,-2.989639,178.020004,0.110873,0.122316,7.916667,0.0,0.747606,43698.0,0.092108,0.30918,0.017184,0.077622,-0.013961,0.038738,6.534851,-0.0002,-0.1,-0.002,-0.05,-0.06,-0.2,0.08459,-0.000806,-0.001187,-0.028996,-0.043667,-0.423951,-0.031619,-0.00469,0.122055,-0.054075,-0.015757,-0.035757,-0.019137,0.087748,0.049097,-0.145867,-0.005428,-0.023294,0.0,3.041667,0.03097,0.13286,0.587085
10,-2.10855,179.839996,0.126889,0.13327,6.583333,0.0,0.73284,36456.0,0.099008,0.339466,0.017493,0.08434,-0.014416,0.04701,6.499466,-0.0002,-0.1,-0.002,-0.05,-0.06,-0.2,0.093565,-0.000884,-0.001311,-0.025252,-0.048286,-0.455012,-0.034534,-0.005238,0.134169,-0.058225,-0.017651,-0.039397,-0.021053,0.111717,0.055486,-0.156836,-0.007019,-0.027888,0.0,3.833333,0.027574,0.153674,0.544674
11,-1.548334,203.350006,0.134292,0.150133,5.916667,0.0,0.721934,40197.0,0.111283,0.372938,0.020045,0.095635,-0.016124,0.051267,6.494833,-0.0002,-0.1,-0.002,-0.05,-0.06,-0.2,0.104125,-0.000984,-0.001471,-0.024657,-0.055627,-0.48303,-0.036943,-0.005739,0.152823,-0.061157,-0.018657,-0.042285,-0.025071,0.119345,0.065344,-0.167196,-0.008619,-0.033402,0.0,3.666667,0.031727,0.130645,0.526625
12,-1.952766,245.770004,0.150864,0.167298,5.5,0.0,0.709896,63896.0,0.126441,0.421395,0.024201,0.111249,-0.018713,0.057214,6.468248,-0.0002,-0.1,-0.002,-0.05,-0.06,-0.2,0.117222,-0.001102,-0.001796,-0.025981,-0.06471,-0.529749,-0.041199,-0.006355,0.177891,-0.069141,-0.02075,-0.047004,-0.029006,0.123373,0.073427,-0.183535,-0.015523,-0.045209,0.0,3.291667,0.031516,0.138591,0.532118
13,-0.605239,265.859985,0.155951,0.177445,4.416667,0.0,0.698865,63503.0,0.122327,0.424086,0.021919,0.106803,-0.01777,0.065292,6.466909,-0.0002,-0.1,-0.002,-0.05,-0.06,-0.2,0.121905,-0.001145,-0.001768,-0.02246,-0.062844,-0.53898,-0.042007,-0.006644,0.175451,-0.068936,-0.021327,-0.048989,-0.028112,0.161559,0.080617,-0.186859,-0.011461,-0.039586,0.041667,3.5,0.029442,0.13527,0.454547
14,-0.253173,269.579987,0.170605,0.197368,4.041667,0.0,0.68901,64784.0,0.141744,0.471844,0.025267,0.122646,-0.020064,0.067575,6.46684,-0.0002,-0.1,-0.002,-0.05,-0.06,-0.2,0.135211,-0.001254,-0.001841,-0.023939,-0.071488,-0.569471,-0.044869,-0.007297,0.201791,-0.074498,-0.023193,-0.052837,-0.032122,0.156729,0.093337,-0.198209,-0.01009,-0.054158,0.0,2.5,0.033714,0.130985,0.484109
15,0.890801,295.670013,0.193942,0.212733,3.5,0.0,0.680816,62732.0,0.146321,0.502826,0.029388,0.138962,-0.022966,0.08687,6.471725,-0.0002,-0.1,-0.002,-0.05,-0.06,-0.2,0.145953,-0.001339,-0.002026,-0.021067,-0.08143,-0.608438,-0.049668,-0.008039,0.226055,-0.082075,-0.02605,-0.058512,-0.036237,0.191222,0.099965,-0.211753,-0.011727,-0.066654,0.0,2.666667,0.031288,0.144064,0.426346
16,0.545818,289.140015,0.182606,0.207129,4.75,0.0,0.672237,65399.0,0.15239,0.496348,0.027219,0.125551,-0.020862,0.06198,6.460686,-0.0002,-0.1,-0.002,-0.05,-0.06,-0.2,0.143183,-0.00133,-0.001899,-0.026473,-0.07398,-0.571552,-0.047844,-0.007602,0.209445,-0.076325,-0.024116,-0.054846,-0.03374,0.16205,0.099703,-0.199767,-0.011794,-0.052666,0.0,2.375,0.031809,0.150442,0.538853
17,1.677102,304.140015,0.201096,0.218041,4.458333,0.0,0.663246,64390.0,0.155902,0.513092,0.029317,0.130125,-0.021992,0.07299,6.449547,-0.0002,-0.1,-0.002,-0.05,-0.06,-0.2,0.148992,-0.001356,-0.002173,-0.023946,-0.074693,-0.58488,-0.049304,-0.007947,0.22086,-0.080325,-0.026331,-0.05713,-0.033754,0.180976,0.10405,-0.204578,-0.018671,-0.049214,0.0,2.875,0.032099,0.138143,0.496345
18,1.231018,340.619995,0.213088,0.254126,3.041667,0.0,0.655862,65051.0,0.177543,0.60593,0.035472,0.153662,-0.026094,0.089587,6.429994,-0.0002,-0.1,-0.002,-0.05,-0.06,-0.2,0.172563,-0.001568,-0.002605,-0.022426,-0.088605,-0.660221,-0.056185,-0.008998,0.259808,-0.091453,-0.030336,-0.065088,-0.040414,0.206885,0.122026,-0.231135,-0.022288,-0.071586,0.0,2.166667,0.032684,0.132418,0.432325
19,3.658966,377.579987,0.247986,0.269452,4.041667,0.0,0.649221,64148.0,0.1829,0.631725,0.031844,0.149125,-0.025115,0.088653,6.445135,-0.0002,-0.1,-0.002,-0.05,-0.06,-0.2,0.181601,-0.001642,-0.002767,-0.023978,-0.089825,-0.678432,-0.05819,-0.009526,0.260952,-0.09302,-0.031143,-0.068642,-0.040191,0.238259,0.131509,-0.238052,-0.019861,-0.070386,0.0,2.583333,0.029931,0.141278,0.45395
20,2.946642,363.899994,0.217865,0.256344,2.791667,0.0,0.642998,65266.0,0.17889,0.581993,0.03192,0.146172,-0.02387,0.086712,6.446554,-0.0002,-0.1,-0.002,-0.05,-0.06,-0.2,0.176587,-0.001575,-0.002474,-0.023147,-0.088166,-0.651538,-0.054097,-0.009144,0.259463,-0.088996,-0.029505,-0.063702,-0.039582,0.221104,0.137606,-0.228764,-0.024799,-0.075765,0.0,2.041667,0.032525,0.145769,0.488546
21,3.698436,394.359985,0.260847,0.273406,2.958333,0.0,0.635524,64794.0,0.206419,0.641761,0.038103,0.167223,-0.027702,0.084699,6.439465,-0.0002,-0.1,-0.002,-0.05,-0.06,-0.2,0.188895,-0.001678,-0.002606,-0.023122,-0.098544,-0.67804,-0.058558,-0.009589,0.288263,-0.095399,-0.0316,-0.068208,-0.045744,0.18804,0.142544,-0.238566,-0.019805,-0.075243,0.0,2.208333,0.028927,0.153409,0.477943
22,5.870755,432.829987,0.295529,0.314043,2.916667,0.0,0.628311,64867.0,0.20955,0.692373,0.040642,0.18014,-0.029921,0.117784,6.428416,-0.0002,-0.1,-0.002,-0.05,-0.06,-0.2,0.206995,-0.001837,-0.003135,-0.021832,-0.10713,-0.736954,-0.064073,-0.010812,0.316262,-0.104296,-0.035242,-0.076314,-0.048506,0.27567,0.157068,-0.259225,-0.027892,-0.082724,0.0,2.375,0.028559,0.140442,0.455965
23,5.868512,457.089996,0.311526,0.334151,2.73913,0.0,0.623306,66041.0,0.21696,0.721141,0.042999,0.178627,-0.029723,0.108461,6.434038,-0.0002,-0.1,-0.002,-0.05,-0.06,-0.2,0.222756,-0.001963,-0.002914,-0.023783,-0.105349,-0.762527,-0.067071,-0.011366,0.324973,-0.108451,-0.036384,-0.079452,-0.048461,0.307203,0.180386,-0.269076,-0.026998,-0.10809,0.0,2.130435,0.030144,0.12923,0.447898
24,7.208934,476.859985,0.311518,0.348761,1.75,0.0,0.615447,64584.0,0.232086,0.777396,0.04582,0.189382,-0.032475,0.116345,6.431219,-0.0002,-0.1,-0.002,-0.05,-0.06,-0.2,0.233619,-0.002015,-0.003103,-0.017954,-0.11099,-0.787789,-0.070722,-0.01166,0.345877,-0.115189,-0.040423,-0.084646,-0.051364,0.316472,0.184349,-0.277984,-0.025346,-0.124408,0.0,2.333333,0.027481,0.16194,0.396338
25,6.958752,467.519989,0.307092,0.343875,1.875,0.0,0.609368,64324.0,0.228537,0.752463,0.043874,0.195391,-0.03196,0.118872,6.43164,-0.0002,-0.1,-0.002,-0.05,-0.06,-0.2,0.228697,-0.002006,-0.003519,-0.017927,-0.115393,-0.762134,-0.069004,-0.011766,0.344,-0.111528,-0.038108,-0.083341,-0.051995,0.29902,0.185708,-0.269698,-0.031542,-0.157046,0.0,2.541667,0.030397,0.132689,0.37492
26,7.960259,520.780029,0.376514,0.415461,1.227273,0.0,0.602719,68858.0,0.278434,0.878275,0.050383,0.224738,-0.036788,0.127101,6.414297,-0.0002,-0.1,-0.002,-0.05,-0.06,-0.2,0.271367,-0.002384,-0.003905,-0.017485,-0.132287,-0.88859,-0.080709,-0.013764,0.398173,-0.127137,-0.04483,-0.097945,-0.061714,0.345392,0.223344,-0.314647,-0.033706,-0.121925,0.0,1.772727,0.029603,0.113491,0.358053
27,8.25157,546.109985,0.428237,0.429261,1.041667,0.0,0.597314,65516.0,0.285878,0.930614,0.052614,0.221308,-0.037451,0.133127,6.42268,-0.0002,-0.1,-0.002,-0.05,-0.06,-0.2,0.281383,-0.002399,-0.003748,-0.01195,-0.12584,-0.936486,-0.090142,-0.014641,0.406461,-0.144427,-0.051578,-0.106392,-0.058235,0.356178,0.216078,-0.330851,-0.041755,-0.16664,0.0,2.166667,0.024399,0.11864,0.280983
28,11.212501,572.97998,0.412827,0.444777,1.285714,0.0,0.591951,68733.0,0.299083,0.975032,0.058199,0.237492,-0.041098,0.147424,6.433552,-0.0002,-0.1,-0.002,-0.05,-0.06,-0.2,0.295637,-0.002512,-0.004021,-0.01336,-0.13407,-0.939438,-0.086868,-0.015069,0.433198,-0.141352,-0.051106,-0.105216,-0.061073,0.409852,0.243059,-0.332977,-0.036986,-0.172944,0.0,2.333333,0.02822,0.117164,0.271202
29,12.838894,625.140015,0.449591,0.486005,0.73913,0.0,0.585701,66759.0,0.321764,1.063261,0.064039,0.256264,-0.042616,0.161828,6.419025,-0.0002,-0.1,-0.002,-0.05,-0.06,-0.2,0.318281,-0.002706,-0.004375,-0.009412,-0.144722,-1.022755,-0.092555,-0.015788,0.463742,-0.150281,-0.05493,-0.111114,-0.066188,0.422824,0.263743,-0.362701,-0.027312,-0.12166,0.0,2.347826,0.023176,0.138604,0.280324
30,14.197881,694.179993,0.453385,0.525573,0.47619,0.0,0.579351,68665.0,0.31704,1.092705,0.054141,0.283084,-0.043139,0.181981,6.416346,-0.0002,-0.1,-0.002,-0.05,-0.06,-0.2,0.343887,-0.003095,-0.006007,-0.005365,-0.18082,-1.094597,-0.099184,-0.017711,0.515152,-0.151992,-0.053539,-0.121857,-0.080774,0.527269,0.306111,-0.388474,-0.039544,-0.177658,0.0,3.0,0.027705,0.141693,0.177369
31,13.964122,694.299988,0.490088,0.567282,0.315789,0.0,0.573663,72966.0,0.323268,1.140229,0.05905,0.259875,-0.039405,0.165033,6.406827,-0.0002,-0.1,-0.002,-0.05,-0.06,-0.2,0.360566,-0.003144,-0.006365,-0.003228,-0.156512,-1.129288,-0.104109,-0.018146,0.49813,-0.162761,-0.058462,-0.123073,-0.071994,0.538866,0.319959,-0.401089,-0.09088,-0.153927,0.0,1.894737,0.029742,0.149399,0.145844
32,14.401505,671.049988,0.408152,0.484285,0.909091,0.0,0.568416,68008.0,0.289883,1.022249,0.066082,0.258987,-0.042796,0.183205,6.39712,-0.0002,-0.1,-0.002,-0.05,-0.06,-0.2,0.313936,-0.002675,-0.004986,-0.014576,-0.147312,-0.946693,-0.08941,-0.015595,0.467954,-0.144013,-0.051737,-0.107438,-0.066687,0.48226,0.267344,-0.337467,-0.033696,-0.241362,0.090909,1.727273,0.027786,0.148956,0.313962
33,16.141426,680.76001,0.497981,0.515528,0.73913,0.0,0.562216,66522.0,0.337256,1.08901,0.074052,0.296722,-0.049361,0.189314,6.396716,-0.0002,-0.1,-0.002,-0.05,-0.06,-0.2,0.340785,-0.002883,-0.004948,-0.009739,-0.164734,-1.02859,-0.10116,-0.017322,0.530803,-0.157856,-0.05761,-0.121298,-0.077348,0.442528,0.292806,-0.366545,-0.054958,-0.206285,0.0,2.0,0.026827,0.123259,0.267297
34,17.337467,725.25,0.522354,0.574984,0.478261,0.0,0.556138,66197.0,0.343525,1.15827,0.072876,0.312085,-0.050347,0.21571,6.39771,-0.0002,-0.1,-0.002,-0.05,-0.06,-0.2,0.372372,-0.003198,-0.005642,-0.005826,-0.186044,-1.132572,-0.10816,-0.018773,0.569818,-0.166403,-0.059623,-0.128222,-0.082425,0.567694,0.343962,-0.403174,-0.055985,-0.20519,0.0,2.608696,0.024385,0.153276,0.19796
35,19.257183,747.539978,0.534999,0.54844,0.590909,0.0,0.550453,68025.0,0.355298,1.209304,0.079911,0.310682,-0.050043,0.212617,6.395113,-0.0002,-0.1,-0.002,-0.05,-0.06,-0.2,0.378152,-0.003169,-0.006118,-0.007957,-0.177357,-1.117519,-0.107296,-0.018613,0.576448,-0.164563,-0.063049,-0.124731,-0.081716,0.538099,0.34771,-0.398027,-0.032842,-0.156915,0.0,2.090909,0.034284,0.156227,0.190805
36,19.608652,784.820007,0.540719,0.624828,0.391304,0.0,0.544662,66634.0,0.389093,1.290638,0.075841,0.343648,-0.054063,0.220147,6.383234,-0.0002,-0.1,-0.002,-0.05,-0.06,-0.2,0.412942,-0.00358,-0.00765,-0.007797,-0.209956,-1.210111,-0.114325,-0.02075,0.629595,-0.175571,-0.06508,-0.141051,-0.095427,0.585003,0.39551,-0.432783,-0.038505,-0.30388,0.217391,2.565217,0.025505,0.206204,0.224804
37,21.710009,803.080017,0.592411,0.653315,0.521739,0.0,0.539518,66906.0,0.37743,1.30187,0.08303,0.345426,-0.054643,0.246118,6.40203,-0.0002,-0.1,-0.002,-0.05,-0.06,-0.2,0.423364,-0.003652,-0.007122,-0.006435,-0.208501,-1.234792,-0.116152,-0.020956,0.640603,-0.17349,-0.067484,-0.138018,-0.094119,0.666588,0.413853,-0.440808,-0.047375,-0.280065,0.086957,2.086957,0.02652,0.152638,0.181066
38,23.414316,850.580017,0.623457,0.673479,0.3,0.0,0.533474,70961.0,0.41526,1.396931,0.096767,0.360465,-0.059255,0.26584,6.384407,-0.0002,-0.1,-0.002,-0.05,-0.06,-0.2,0.440429,-0.003598,-0.006954,-0.004067,-0.193637,-1.266432,-0.122953,-0.021083,0.671116,-0.195008,-0.073602,-0.144016,-0.088881,0.647779,0.399955,-0.452334,-0.048131,-0.229379,0.0,2.65,0.018591,0.163311,0.170975
39,24.83968,893.780029,0.644367,0.713156,0.181818,0.0,0.528751,66843.0,0.443981,1.41312,0.090181,0.367404,-0.059983,0.243537,6.38543,-0.0002,-0.1,-0.002,-0.05,-0.06,-0.2,0.457956,-0.003861,-0.007069,-0.004394,-0.213076,-1.293262,-0.127177,-0.022342,0.683727,-0.197104,-0.074565,-0.157135,-0.095539,0.628383,0.445533,-0.462909,-0.034974,-0.273099,0.136364,2.0,0.025906,0.171228,0.16877
40,27.06089,858.039978,0.599925,0.654074,0.826087,0.0,0.523998,66361.0,0.399201,1.31515,0.085095,0.340178,-0.056228,0.238253,6.384589,-0.0002,-0.1,-0.002,-0.05,-0.06,-0.2,0.423444,-0.003539,-0.00734,-0.009872,-0.198757,-1.162359,-0.118798,-0.020731,0.640028,-0.173796,-0.067852,-0.141055,-0.092297,0.64063,0.412653,-0.417222,-0.029722,-0.176576,0.130435,2.652174,0.029911,0.171253,0.253331
41,29.961603,971.280029,0.629077,0.685273,0.363636,0.0,0.518989,67989.0,0.423607,1.404002,0.092669,0.36168,-0.058876,0.259378,6.373617,-0.0002,-0.1,-0.002,-0.05,-0.06,-0.2,0.454574,-0.003809,-0.008111,-0.005715,-0.202568,-1.258389,-0.123853,-0.021609,0.67485,-0.192583,-0.073521,-0.145032,-0.094264,0.692171,0.447142,-0.451197,-0.040505,-0.24174,0.272727,19.363636,0.03143,0.200085,0.167251
42,31.479456,962.719971,0.673685,0.749561,0.272727,0.0,0.513178,66776.0,0.457193,1.46792,0.097486,0.386483,-0.063051,0.274353,6.361042,-0.0002,-0.1,-0.002,-0.05,-0.06,-0.2,0.487578,-0.004073,-0.00891,-0.002012,-0.220446,-1.30716,-0.132542,-0.023746,0.725386,-0.200638,-0.078127,-0.158818,-0.103267,0.730498,0.493662,-0.470191,-0.045823,-0.25718,0.045455,4.590909,0.024304,0.153313,0.136869
43,32.123592,915.0,0.663332,0.744182,0.75,0.0,0.507254,63733.0,0.432107,1.433131,0.095548,0.375607,-0.060504,0.278615,6.372533,-0.0002,-0.1,-0.002,-0.05,-0.06,-0.2,0.475636,-0.003912,-0.008725,-0.003733,-0.219986,-1.200872,-0.126414,-0.023067,0.717329,-0.188338,-0.076468,-0.153467,-0.102727,0.752219,0.496376,-0.434733,-0.03838,-0.275279,0.166667,8.708334,0.026395,0.151459,0.155294
44,34.39312,963.929993,0.661655,0.742932,0.625,0.0,0.502383,64803.0,0.441788,1.411116,0.094272,0.380016,-0.059675,0.264529,6.355348,-0.0002,-0.1,-0.002,-0.05,-0.06,-0.2,0.478431,-0.003975,-0.009495,-0.002636,-0.221001,-1.159981,-0.123782,-0.022768,0.718739,-0.182149,-0.074143,-0.150117,-0.103697,0.714542,0.529182,-0.421609,-0.048432,-0.279473,0.0,8.583334,0.027356,0.141863,0.148445
45,38.897293,964.440002,0.693627,0.749322,0.583333,0.0,0.497609,63070.0,0.432168,1.40415,0.096343,0.374935,-0.059848,0.283528,6.367805,-0.0002,-0.1,-0.002,-0.05,-0.06,-0.2,0.477442,-0.00387,-0.009426,-0.003133,-0.218618,-1.107614,-0.121519,-0.022708,0.727104,-0.179895,-0.075883,-0.149701,-0.101833,0.750188,0.525445,-0.404721,-0.040185,-0.274132,0.083333,8.708334,0.027826,0.139494,0.159335
46,43.222038,979.210022,0.692592,0.762988,0.458333,0.0,0.493696,61564.0,0.444973,1.427102,0.097276,0.385796,-0.059867,0.283004,6.372537,-0.0002,-0.1,-0.002,-0.05,-0.06,-0.2,0.485515,-0.003972,-0.010718,-0.002231,-0.224487,-1.081885,-0.120083,-0.022701,0.73962,-0.176319,-0.076158,-0.146548,-0.105545,0.747686,0.552867,-0.396588,-0.042494,-0.227122,0.125,8.083334,0.027369,0.157576,0.127762
47,42.857502,950.960022,0.682682,0.753444,0.291667,0.0,0.489305,55860.0,0.428525,1.387075,0.093678,0.381996,-0.059428,0.28919,6.356443,-0.0002,-0.1,-0.002,-0.05,-0.06,-0.2,0.480619,-0.003904,-0.010205,-0.001942,-0.229092,-1.033227,-0.116813,-0.022375,0.740324,-0.169965,-0.073791,-0.144695,-0.106567,0.76397,0.563242,-0.380475,-0.035532,-0.226723,0.125,7.041667,0.030169,0.167128,0.1188
48,45.865711,970.679993,0.681045,0.735678,0.708333,0.0,0.484654,61035.0,0.422465,1.335432,0.095094,0.357932,-0.056336,0.271416,6.340776,-0.0002,-0.1,-0.002,-0.05,-0.06,-0.2,0.470597,-0.00376,-0.010761,-0.00342,-0.206861,-0.973166,-0.112798,-0.0216,0.707771,-0.162989,-0.073607,-0.137421,-0.097567,0.737973,0.567647,-0.359192,-0.024908,-0.231426,0.083333,6.833333,0.025946,0.176202,0.143977
49,46.356892,946.049988,0.698733,0.750697,0.416667,0.041667,0.479856,61395.0,0.419116,1.339302,0.097868,0.358794,-0.056771,0.278294,6.342346,-0.0002,-0.1,-0.002,-0.05,-0.06,-0.2,0.473847,-0.003744,-0.009515,-0.003159,-0.206865,-0.94542,-0.111404,-0.021626,0.715724,-0.160556,-0.073263,-0.135578,-0.097964,0.780812,0.577121,-0.350795,-0.026652,-0.206165,0.083333,7.125,0.025703,0.171015,0.155815
50,48.362034,965.150024,0.717842,0.780479,0.333333,0.0,0.475088,59701.0,0.43282,1.365961,0.102326,0.380175,-0.060968,0.308793,6.344943,-0.0002,-0.1,-0.002,-0.05,-0.06,-0.2,0.488327,-0.003789,-0.010008,-0.001885,-0.212584,-0.950903,-0.114825,-0.022069,0.746759,-0.166347,-0.079045,-0.14206,-0.099776,0.823435,0.594359,-0.35348,-0.026894,-0.269115,0.041667,6.583333,0.025155,0.152847,0.126245
51,49.047924,968.890015,0.681077,0.755222,0.416667,0.0,0.470802,62301.0,0.418354,1.312641,0.108867,0.373985,-0.060921,0.300913,6.347476,-0.0002,-0.1,-0.002,-0.05,-0.06,-0.2,0.477349,-0.003728,-0.010147,-0.002829,-0.211894,-0.905923,-0.11233,-0.021324,0.735149,-0.158066,-0.074333,-0.136889,-0.101515,0.801741,0.602668,-0.33764,-0.029123,-0.316054,0.166667,6.416667,0.026931,0.170259,0.142594
52,52.496841,957.609985,0.691852,0.756411,0.458333,0.0,0.466689,61466.0,0.409353,1.29074,0.105864,0.379436,-0.060007,0.316493,6.341682,-0.0002,-0.1,-0.002,-0.05,-0.06,-0.2,0.480242,-0.003738,-0.010565,-0.002489,-0.212692,-0.882057,-0.109734,-0.021323,0.742142,-0.152529,-0.073594,-0.132821,-0.101158,0.844416,0.630964,-0.329716,-0.023695,-0.235166,0.166667,6.916667,0.023974,0.166584,0.150428
53,52.4879,972.539978,0.705725,0.765267,0.416667,0.0,0.461881,62175.0,0.412715,1.294186,0.101771,0.358883,-0.057564,0.294845,6.365297,-0.0002,-0.1,-0.002,-0.05,-0.06,-0.2,0.478882,-0.003717,-0.010205,-0.002376,-0.202174,-0.859102,-0.110986,-0.021433,0.719129,-0.151624,-0.075652,-0.133848,-0.095741,0.823335,0.625995,-0.3222,-0.021508,-0.230662,0.166667,6.708333,0.02358,0.153954,0.140456
54,52.279366,943.289978,0.701953,0.756736,0.25,0.0,0.458516,62106.0,0.414444,1.263915,0.110822,0.374681,-0.059974,0.310815,6.350905,-0.0002,-0.1,-0.002,-0.05,-0.06,-0.2,0.474627,-0.003641,-0.011889,-0.002474,-0.205375,-0.833342,-0.108497,-0.020894,0.734521,-0.149899,-0.075092,-0.13164,-0.098793,0.801041,0.633618,-0.312963,-0.026558,-0.231851,0.125,5.916667,0.026356,0.16457,0.122617
55,56.285156,976.809998,0.747603,0.790655,0.125,0.0,0.453745,63187.0,0.419346,1.283653,0.108514,0.376749,-0.059052,0.315896,6.363441,-0.0002,-0.1,-0.002,-0.05,-0.06,-0.2,0.490363,-0.003762,-0.011479,-0.001124,-0.206845,-0.841173,-0.108938,-0.02166,0.746087,-0.148791,-0.074781,-0.133374,-0.099346,0.855163,0.685478,-0.317008,-0.018187,-0.237342,0.083333,5.875,0.022821,0.155561,0.11719
56,58.894333,972.580017,0.73738,0.790088,0.125,0.0,0.450451,64340.0,0.407528,1.254796,0.107667,0.376748,-0.058817,0.33096,6.35721,-0.0002,-0.1,-0.002,-0.05,-0.06,-0.2,0.490144,-0.003725,-0.011219,-0.001153,-0.206835,-0.824194,-0.107323,-0.021519,0.752185,-0.143551,-0.0745,-0.130884,-0.098266,0.879884,0.712891,-0.311156,-0.015678,-0.204088,0.041667,4.875,0.025514,0.139345,0.112697
57,58.343979,955.609985,0.706807,0.773337,0.208333,0.0,0.445649,60048.0,0.403865,1.222823,0.108169,0.376309,-0.057203,0.32915,6.360141,-0.0002,-0.1,-0.002,-0.05,-0.06,-0.2,0.481569,-0.003687,-0.013389,-0.001655,-0.210048,-0.787665,-0.103454,-0.020768,0.745865,-0.136493,-0.073173,-0.12557,-0.099417,0.866097,0.724032,-0.298066,-0.019685,-0.214725,0.0,4.166667,0.025074,0.143143,0.126973
58,58.714226,948.75,0.720131,0.761291,0.375,0.0,0.441435,65091.0,0.399569,1.20942,0.098399,0.350253,-0.054776,0.310297,6.338058,-0.0002,-0.1,-0.002,-0.05,-0.06,-0.2,0.474822,-0.003635,-0.012667,-0.002604,-0.194324,-0.761843,-0.104168,-0.020737,0.712629,-0.134927,-0.074221,-0.12548,-0.092141,0.849179,0.703263,-0.289074,-0.014158,-0.192974,0.041667,5.291667,0.025154,0.1477,0.13286
59,62.65765,967.049988,0.73104,0.792113,0.208333,0.0,0.437847,64459.0,0.399764,1.230435,0.113439,0.372687,-0.059298,0.34315,6.328821,-0.0002,-0.1,-0.002,-0.05,-0.06,-0.2,0.486107,-0.00361,-0.013122,-0.001325,-0.208277,-0.765955,-0.102182,-0.02083,0.757516,-0.135875,-0.076181,-0.125015,-0.099051,0.90547,0.726275,-0.290588,-0.012541,-0.194209,0.0,4.583333,0.020284,0.142443,0.119564
60,62.567493,959.280029,0.695255,0.779629,0.333333,0.0,0.434131,62320.0,0.396125,1.200151,0.111189,0.365201,-0.056753,0.337205,6.346822,-0.0002,-0.1,-0.002,-0.05,-0.06,-0.2,0.487333,-0.003683,-0.013636,-0.002242,-0.196787,-0.751044,-0.101689,-0.020544,0.739589,-0.131673,-0.073765,-0.121941,-0.094475,0.93192,0.768163,-0.286256,-0.011462,-0.191638,0.083333,4.625,0.025978,0.165243,0.128951
61,65.067406,974.859985,0.689862,0.764411,0.304348,0.0,0.430531,65521.0,0.375457,1.13321,0.094765,0.33389,-0.052369,0.316445,6.332776,-0.0002,-0.1,-0.002,-0.05,-0.06,-0.2,0.473114,-0.003582,-0.013163,-0.003695,-0.186102,-0.710585,-0.099853,-0.020477,0.685844,-0.123677,-0.071998,-0.120293,-0.088226,0.946671,0.771195,-0.271396,-0.00894,-0.144084,0.043478,5.391304,0.028862,0.142105,0.160266
62,64.767792,945.830017,0.704179,0.770464,0.333333,0.0,0.426908,64325.0,0.37671,1.149423,0.108804,0.361347,-0.055818,0.343849,6.304348,-0.0002,-0.1,-0.002,-0.05,-0.06,-0.2,0.474346,-0.003536,-0.012509,-0.002727,-0.200547,-0.699459,-0.097358,-0.019942,0.73898,-0.123858,-0.070329,-0.116092,-0.094821,0.939175,0.759921,-0.267926,-0.012151,-0.168893,0.0,4.541667,0.021215,0.139845,0.141146
63,64.537323,942.640015,0.701716,0.755879,0.291667,0.0,0.423341,64674.0,0.366502,1.143186,0.098018,0.345977,-0.053112,0.333075,6.313828,-0.0002,-0.1,-0.002,-0.05,-0.06,-0.2,0.471941,-0.003611,-0.014537,-0.003097,-0.194243,-0.68576,-0.096874,-0.019921,0.704919,-0.12069,-0.070204,-0.115774,-0.092515,0.961086,0.784099,-0.262676,-0.008277,-0.213645,0.125,4.083333,0.023702,0.174502,0.144088
64,65.356949,948.52002,0.678891,0.759388,0.291667,0.0,0.420211,65483.0,0.378473,1.114601,0.108866,0.34772,-0.052006,0.323414,6.311042,-0.0002,-0.1,-0.002,-0.05,-0.06,-0.2,0.476455,-0.003579,-0.01346,-0.002532,-0.185747,-0.67752,-0.095458,-0.019771,0.714817,-0.115154,-0.069917,-0.109633,-0.08933,0.934482,0.83109,-0.260239,-0.009174,-0.204124,0.0,3.75,0.028387,0.160521,0.129612
65,69.656113,984.349976,0.734336,0.785775,0.130435,0.0,0.416128,63906.0,0.383541,1.128056,0.114765,0.363411,-0.056089,0.355141,6.307524,-0.0002,-0.1,-0.002,-0.05,-0.06,-0.2,0.493331,-0.003675,-0.01431,-0.000942,-0.193056,-0.690403,-0.097963,-0.020283,0.744185,-0.122253,-0.072234,-0.115427,-0.093252,1.025963,0.863468,-0.265522,-0.010031,-0.230342,0.0,4.478261,0.023214,0.166946,0.11255
66,68.940681,977.969971,0.704755,0.790518,0.041667,0.0,0.412268,64057.0,0.36771,1.141552,0.104844,0.354692,-0.055132,0.362738,6.322446,-0.0002,-0.1,-0.002,-0.05,-0.06,-0.2,0.48223,-0.00356,-0.011485,-0.001806,-0.197165,-0.663923,-0.094155,-0.019811,0.734231,-0.117265,-0.069201,-0.115167,-0.094295,1.00885,0.835029,-0.255633,-0.006984,-0.22192,0.083333,3.291667,0.023469,0.145666,0.115607
67,71.630508,974.02002,0.751238,0.811078,0.166667,0.0,0.408709,62254.0,0.384156,1.136453,0.112935,0.372314,-0.057998,0.385279,6.312007,-0.0002,-0.1,-0.002,-0.05,-0.06,-0.2,0.491519,-0.003524,-0.013278,-0.001599,-0.196961,-0.662912,-0.097973,-0.020555,0.757999,-0.118811,-0.076658,-0.117893,-0.092864,1.013001,0.866909,-0.256459,-0.006456,-0.213893,0.041667,3.375,0.024291,0.151238,0.100695
68,70.754005,951.849976,0.669896,0.754671,0.272727,0.0,0.405243,65679.0,0.363043,1.03587,0.108351,0.358544,-0.054556,0.355328,6.315459,-0.0002,-0.1,-0.002,-0.05,-0.06,-0.2,0.463192,-0.003363,-0.012401,-0.004152,-0.194907,-0.61237,-0.088399,-0.019121,0.722309,-0.109753,-0.068062,-0.109492,-0.093182,0.914667,0.846897,-0.236455,-0.006787,-0.185348,0.0,3.0,0.023551,0.152458,0.148045
69,71.26078,954.840027,0.705568,0.791906,0.25,0.0,0.401354,64405.0,0.364135,1.067284,0.115532,0.380175,-0.057746,0.402802,6.324768,-0.0002,-0.1,-0.002,-0.05,-0.06,-0.2,0.484743,-0.003476,-0.013765,-0.002655,-0.208112,-0.627707,-0.091395,-0.019795,0.770629,-0.110558,-0.071179,-0.111349,-0.096995,1.035324,0.900897,-0.243537,-0.008829,-0.314735,0.041667,3.0,0.021346,0.139073,0.143716
70,71.350121,941.710022,0.707415,0.787018,0.157895,0.0,0.397934,72108.0,0.361941,1.067538,0.105693,0.332789,-0.05135,0.344309,6.31464,-0.0002,-0.1,-0.002,-0.05,-0.06,-0.2,0.483596,-0.003462,-0.013257,-0.002632,-0.173408,-0.619643,-0.090297,-0.019558,0.696859,-0.106776,-0.07109,-0.110343,-0.082712,1.03653,0.913478,-0.240466,-0.005027,-0.104751,0.105263,2.578947,0.026121,0.154342,0.144313
71,74.016335,950.52002,0.761333,0.810052,0.190476,0.0,0.393963,65413.0,0.367498,1.060665,0.118939,0.369402,-0.059684,0.426635,6.306896,-0.0002,-0.1,-0.002,-0.05,-0.06,-0.2,0.483604,-0.003291,-0.012188,-0.002698,-0.184618,-0.610924,-0.094899,-0.020023,0.746517,-0.113101,-0.077553,-0.114029,-0.087042,1.073221,0.897474,-0.238295,-0.006755,-0.29907,0.142857,3.333333,0.018986,0.151704,0.1303
72,69.963753,910.840027,0.664434,0.725034,0.52381,0.0,0.390766,66943.0,0.344788,1.003824,0.106879,0.349642,-0.05271,0.377692,6.322924,-0.0002,-0.1,-0.002,-0.05,-0.06,-0.2,0.450893,-0.003214,-0.015208,-0.006222,-0.183763,-0.5549,-0.083534,-0.018177,0.703548,-0.101033,-0.068095,-0.101579,-0.086972,0.932748,0.852181,-0.216027,-0.007367,-0.338277,0.095238,2.809524,0.027127,0.194168,0.187877
73,73.992317,962.090027,0.734175,0.802378,0.1,0.0,0.388035,70194.0,0.368457,1.095608,0.121167,0.390009,-0.059146,0.425305,6.304527,-0.0002,-0.1,-0.002,-0.05,-0.06,-0.2,0.496163,-0.003512,-0.015844,-0.001167,-0.201832,-0.604593,-0.090292,-0.02011,0.783793,-0.107417,-0.072563,-0.110861,-0.097603,1.076838,0.982409,-0.236176,-0.005156,-0.214761,0.0,2.2,0.023002,0.157861,0.11964
74,78.526031,991.210022,0.770557,0.808534,0.0,0.0,0.385407,67066.0,0.367584,1.09988,0.111248,0.373981,-0.058395,0.411818,6.290157,-0.0002,-0.1,-0.002,-0.05,-0.06,-0.2,0.497768,-0.003501,-0.015993,-0.00058,-0.196968,-0.600316,-0.091399,-0.01969,0.764109,-0.10948,-0.072474,-0.113772,-0.093775,1.086637,0.952456,-0.23442,-0.006211,-0.303588,0.043478,2.304348,0.023136,0.151481,0.101432
75,79.985802,990.23999,0.727309,0.807984,0.090909,0.0,0.382159,68075.0,0.348562,1.025499,0.123774,0.3632,-0.056573,0.416239,6.297965,-0.0002,-0.1,-0.002,-0.05,-0.06,-0.2,0.497295,-0.003522,-0.015553,-0.000667,-0.19333,-0.582753,-0.089897,-0.019306,0.770097,-0.099127,-0.069638,-0.106908,-0.092484,1.197533,1.057707,-0.228113,-0.005537,-0.278181,0.0,2.636364,0.022475,0.146489,0.106152
76,81.997055,992.890015,0.758537,0.818701,0.043478,0.0,0.379314,63639.0,0.365358,1.015931,0.119359,0.386899,-0.056456,0.428808,6.321309,-0.0002,-0.1,-0.002,-0.05,-0.06,-0.2,0.496499,-0.00355,-0.014894,-0.00058,-0.201048,-0.574586,-0.091759,-0.020255,0.775617,-0.101794,-0.070792,-0.107365,-0.095877,1.112509,1.05003,-0.226717,-0.004999,-0.319374,0.0,2.695652,0.021196,0.141951,0.116568
77,79.045113,944.47998,0.693642,0.757895,0.363636,0.0,0.377337,66931.0,0.331282,0.971979,0.111865,0.350794,-0.054445,0.405741,6.308593,-0.0002,-0.1,-0.002,-0.05,-0.06,-0.2,0.462483,-0.003215,-0.013114,-0.005,-0.1844,-0.529864,-0.084519,-0.018279,0.722995,-0.096662,-0.068352,-0.10129,-0.086219,1.070778,0.93694,-0.207676,-0.004522,-0.182865,0.0,2.590909,0.021856,0.132824,0.165657
78,80.196236,951.950012,0.73023,0.773975,0.181818,0.0,0.37392,66899.0,0.346859,1.005136,0.114947,0.350335,-0.054571,0.40563,6.27877,-0.0002,-0.1,-0.002,-0.05,-0.06,-0.2,0.485772,-0.003433,-0.015153,-0.002303,-0.180935,-0.545864,-0.087365,-0.019045,0.729037,-0.098135,-0.070367,-0.105413,-0.086141,1.142086,1.030174,-0.214692,-0.003496,-0.192819,0.045455,2.590909,0.024098,0.13693,0.14603
79,82.777069,971.549988,0.793474,0.804931,0.136364,0.0,0.371912,67089.0,0.345327,1.00101,0.108429,0.352787,-0.051183,0.394573,6.293619,-0.0002,-0.1,-0.002,-0.05,-0.06,-0.2,0.494484,-0.003479,-0.014824,-0.001364,-0.189946,-0.541237,-0.083906,-0.018886,0.737927,-0.09319,-0.069008,-0.097973,-0.088314,1.176887,1.109316,-0.214224,-0.004732,-0.199204,0.0,2.772727,0.02102,0.145151,0.130247
80,83.875771,979.130005,0.768565,0.80242,0.095238,0.0,0.368856,69228.0,0.346372,0.982583,0.108924,0.354903,-0.0511,0.414991,6.293275,-0.0002,-0.1,-0.002,-0.05,-0.06,-0.2,0.493512,-0.003497,-0.018079,-0.001228,-0.180172,-0.533829,-0.082783,-0.018562,0.741913,-0.092832,-0.067217,-0.10213,-0.085014,1.176603,1.12901,-0.211583,-0.003549,-0.264776,0.095238,2.714286,0.021024,0.149061,0.109266
81,82.244064,971.179993,0.792097,0.785781,0.090909,0.0,0.366605,64629.0,0.365284,0.983483,0.128517,0.394123,-0.061759,0.454414,6.303195,-0.0002,-0.1,-0.002,-0.05,-0.06,-0.2,0.49045,-0.003324,-0.015298,-0.001818,-0.199792,-0.530942,-0.086179,-0.019266,0.792897,-0.094707,-0.070686,-0.103218,-0.096782,1.061038,1.063655,-0.211447,-0.004983,-0.314926,0.045455,2.136364,0.019937,0.155531,0.143616
82,80.965858,940.940002,0.693715,0.734341,0.291667,0.0,0.363877,62856.0,0.330476,0.911438,0.1226,0.356493,-0.053964,0.425581,6.286577,-0.0002,-0.1,-0.002,-0.05,-0.06,-0.2,0.45604,-0.003043,-0.014255,-0.005056,-0.17654,-0.483936,-0.077397,-0.01743,0.732508,-0.087917,-0.066246,-0.09279,-0.085156,1.050452,1.003176,-0.191823,-0.003873,-0.218363,0.041667,2.875,0.024862,0.160329,0.196895
83,87.042862,982.580017,0.760108,0.790209,0.227273,0.0,0.361549,65858.0,0.340218,0.903968,0.113936,0.342182,-0.049351,0.401821,6.282873,-0.0002,-0.1,-0.002,-0.05,-0.06,-0.2,0.487562,-0.003344,-0.017225,-0.004048,-0.168538,-0.500817,-0.07887,-0.018264,0.723899,-0.086609,-0.066596,-0.09207,-0.080352,1.175428,1.179451,-0.199225,-0.003451,-0.374661,0.090909,18.681818,0.024122,0.173953,0.143345
84,87.589317,993.5,0.766407,0.797755,0.083333,0.0,0.35851,64343.0,0.348783,0.96359,0.118271,0.361499,-0.053933,0.427245,6.296922,-0.0002,-0.1,-0.002,-0.05,-0.06,-0.2,0.493824,-0.003395,-0.016459,-0.000727,-0.182258,-0.509597,-0.083346,-0.018737,0.75403,-0.091141,-0.069108,-0.098013,-0.086944,1.147216,1.139934,-0.203105,-0.004107,-0.248352,0.041667,5.75,0.019545,0.139052,0.107804
85,85.370552,961.150024,0.765208,0.790718,0.25,0.0,0.356563,63021.0,0.335796,0.932203,0.118762,0.35661,-0.05396,0.44982,6.280551,-0.0002,-0.1,-0.002,-0.05,-0.06,-0.2,0.489799,-0.003311,-0.016531,-0.000933,-0.177899,-0.496806,-0.081918,-0.018503,0.751468,-0.088235,-0.070414,-0.097734,-0.084199,1.212473,1.165861,-0.197769,-0.003463,-0.333092,0.041667,10.375,0.021818,0.13956,0.12027
86,89.666862,986.75,0.774015,0.805612,0.125,0.0,0.35409,63554.0,0.349491,0.962598,0.118291,0.362741,-0.055429,0.455824,6.311498,-0.0002,-0.1,-0.002,-0.05,-0.06,-0.2,0.49382,-0.00333,-0.016549,-0.00088,-0.18041,-0.496042,-0.083174,-0.018598,0.760118,-0.089604,-0.071831,-0.100641,-0.084993,1.17458,1.14549,-0.198413,-0.003221,-0.243527,0.041667,7.875,0.018812,0.14688,0.120207
87,89.506424,988.580017,0.761533,0.810689,0.083333,0.0,0.352052,62587.0,0.349458,0.957262,0.120661,0.36865,-0.055612,0.458468,6.274799,-0.0002,-0.1,-0.002,-0.05,-0.06,-0.2,0.496899,-0.003364,-0.017057,-0.000783,-0.183132,-0.493514,-0.081988,-0.018564,0.772104,-0.089114,-0.071398,-0.099102,-0.086528,1.195519,1.182203,-0.197315,-0.003042,-0.324422,0.125,8.541667,0.020861,0.138421,0.114247
88,91.671288,995.820007,0.774058,0.816539,0.083333,0.0,0.349528,65426.0,0.341757,0.939483,0.118043,0.356276,-0.053564,0.455384,6.275102,-0.0002,-0.1,-0.002,-0.05,-0.06,-0.2,0.498261,-0.003331,-0.016312,-0.000394,-0.178467,-0.484397,-0.080043,-0.018538,0.762446,-0.086173,-0.070349,-0.096749,-0.084108,1.225105,1.214287,-0.194372,-0.003236,-0.296155,0.0,8.208334,0.021082,0.136236,0.109337
89,91.552727,990.190002,0.746699,0.806461,0.125,0.0,0.347009,65349.0,0.344398,0.92846,0.119565,0.361405,-0.053962,0.454784,6.289515,-0.0002,-0.1,-0.002,-0.05,-0.06,-0.2,0.493085,-0.003367,-0.018331,-0.001058,-0.178299,-0.474821,-0.07773,-0.017753,0.769796,-0.083976,-0.068168,-0.094804,-0.085477,1.182507,1.216505,-0.190133,-0.002599,-0.248518,0.041667,6.208333,0.022395,0.135076,0.113643
90,90.707031,976.900024,0.768503,0.805875,0.291667,0.0,0.345144,63908.0,0.330653,0.904536,0.11138,0.348206,-0.051154,0.43377,6.26964,-0.0002,-0.1,-0.002,-0.05,-0.06,-0.2,0.488964,-0.003335,-0.017075,-0.001286,-0.176476,-0.460852,-0.077338,-0.018009,0.742916,-0.080534,-0.06619,-0.093994,-0.083477,1.205246,1.247184,-0.185234,-0.002324,-0.239291,0.0,7.416667,0.022163,0.142882,0.110529
91,94.585037,998.48999,0.766472,0.815272,0.083333,0.0,0.342337,65358.0,0.333829,0.928772,0.12264,0.364306,-0.055168,0.479926,6.273128,-0.0002,-0.1,-0.002,-0.05,-0.06,-0.2,0.493059,-0.003285,-0.01681,-0.000764,-0.174296,-0.463167,-0.080351,-0.018011,0.763339,-0.083482,-0.070658,-0.094678,-0.081807,1.248446,1.224907,-0.187057,-0.002042,-0.309247,0.041667,6.583333,0.021113,0.133985,0.106624
92,93.294991,970.530029,0.766886,0.801915,0.25,0.0,0.339632,62725.0,0.332151,0.906465,0.117963,0.357094,-0.053837,0.465883,6.259405,-0.0002,-0.1,-0.002,-0.05,-0.06,-0.2,0.48831,-0.003245,-0.015095,-0.00185,-0.178259,-0.452231,-0.076172,-0.01779,0.763642,-0.081456,-0.067085,-0.093272,-0.084206,1.214261,1.228511,-0.181981,-0.002332,-0.239322,0.041667,6.958333,0.021822,0.121083,0.138307
93,93.939949,972.369995,0.778257,0.809396,0.166667,0.0,0.337821,64955.0,0.330895,0.889367,0.115736,0.355398,-0.053061,0.472179,6.233579,-0.0002,-0.1,-0.002,-0.05,-0.06,-0.2,0.490165,-0.003287,-0.016002,-0.001157,-0.175153,-0.447864,-0.077617,-0.017935,0.75762,-0.081298,-0.068611,-0.094033,-0.082578,1.242833,1.253269,-0.180649,-0.002354,-0.305133,0.041667,6.583333,0.019405,0.121891,0.127589
94,96.384232,1000.0,0.794338,0.830599,0.0,0.0,0.334871,65118.0,0.336654,0.908445,0.121899,0.370886,-0.056421,0.498939,6.251692,-0.0002,-0.1,-0.002,-0.05,-0.06,-0.2,0.500007,-0.003285,-0.016367,0.0,-0.185599,-0.451726,-0.078511,-0.018327,0.788207,-0.080986,-0.070125,-0.097051,-0.087392,1.253629,1.292511,-0.182634,-0.002601,-0.273129,0.0,7.208333,0.019267,0.11584,0.10727
95,99.218178,1000.0,0.794938,0.825399,0.0,0.0,0.333002,65198.0,0.333852,0.898432,0.117124,0.353198,-0.053534,0.466263,6.221635,-0.0002,-0.1,-0.002,-0.05,-0.06,-0.2,0.500007,-0.003286,-0.015803,0.0,-0.175034,-0.446041,-0.077656,-0.018264,0.767154,-0.080224,-0.069576,-0.093565,-0.082254,1.275078,1.311533,-0.180706,-0.002121,-0.219947,0.0,6.791667,0.018652,0.130128,0.114603
96,96.136726,972.030029,0.785204,0.806448,0.166667,0.0,0.330892,65041.0,0.325128,0.862613,0.114648,0.3406,-0.04998,0.450855,6.236951,-0.0002,-0.1,-0.002,-0.05,-0.06,-0.2,0.490794,-0.003207,-0.016391,-0.001002,-0.165789,-0.428429,-0.073875,-0.017537,0.749093,-0.076325,-0.067709,-0.089745,-0.078729,1.26401,1.323172,-0.173409,-0.001966,-0.19347,0.0,5.916667,0.019501,0.125798,0.128304
97,97.342903,996.830017,0.791633,0.813127,0.166667,0.0,0.328831,65033.0,0.33235,0.879173,0.123196,0.35797,-0.05281,0.478433,6.206957,-0.0002,-0.1,-0.002,-0.05,-0.06,-0.2,0.492095,-0.003199,-0.015214,-0.000943,-0.170962,-0.430079,-0.075439,-0.017981,0.765155,-0.078123,-0.069665,-0.090808,-0.080908,1.24536,1.304097,-0.174747,-0.002867,-0.360983,0.0,5.375,0.019547,0.128322,0.113811
98,96.683556,954.52002,0.775192,0.790556,0.208333,0.0,0.327205,60197.0,0.307258,0.835943,0.10948,0.323344,-0.048743,0.44288,6.207709,-0.0002,-0.1,-0.002,-0.05,-0.06,-0.2,0.479013,-0.003132,-0.017266,-0.001806,-0.158989,-0.409088,-0.072306,-0.017092,0.7248,-0.072976,-0.065058,-0.087543,-0.074702,1.284228,1.31583,-0.166169,-0.001925,-0.196413,0.041667,4.291667,0.019269,0.137142,0.130268
99,99.272278,988.460022,0.741687,0.789976,0.291667,0.0,0.325151,65149.0,0.307872,0.841169,0.102016,0.341838,-0.049615,0.463271,6.227534,-0.000275,-0.108333,-0.002167,-0.053125,-0.06375,-0.2125,0.47437,-0.003229,-0.017711,-0.00309,-0.175689,-0.40099,-0.070882,-0.017185,0.73338,-0.071323,-0.062219,-0.08898,-0.081463,1.225182,1.311478,-0.163938,-0.001551,-0.215125,0.083333,4.708333,0.025389,0.15745,0.138858
100,96.898315,992.619995,0.793988,0.82043,0.041667,0.0,0.322705,61618.0,0.325997,0.880239,0.120652,0.348671,-0.055887,0.496289,6.224227,-0.002,-0.3,-0.006,-0.125,-0.15,-0.5,0.496274,-0.003411,-0.014751,-0.000375,-0.166912,-0.419345,-0.074518,-0.018002,0.768253,-0.079416,-0.072162,-0.09444,-0.07889,1.286661,1.32345,-0.173786,-0.001814,-0.356787,0.041667,5.166667,0.017189,0.118482,0.117953
101,97.81086,965.380005,0.752833,0.790828,0.166667,0.0,0.320088,61389.0,0.301591,0.827075,0.113531,0.336867,-0.050033,0.474757,6.223347,-0.002,-0.3,-0.006,-0.125,-0.15,-0.5,0.482475,-0.004181,-0.016435,-0.001627,-0.171458,-0.396407,-0.06886,-0.018046,0.749459,-0.074084,-0.069285,-0.086316,-0.079263,1.315943,1.364511,-0.16919,-0.001885,-0.249491,0.083333,4.208333,0.020726,0.123953,0.134986
102,103.126251,995.039978,0.815883,0.815568,0.083333,0.0,0.317794,62304.0,0.316939,0.865877,0.119925,0.344583,-0.050908,0.485859,6.219579,-0.002,-0.3,-0.006,-0.125,-0.15,-0.5,0.497453,-0.004814,-0.016539,-0.000446,-0.160302,-0.407081,-0.071743,-0.0193,0.765443,-0.079143,-0.077579,-0.086857,-0.075396,1.343795,1.401863,-0.178438,-0.001566,-0.243356,0.0,5.5,0.021616,0.12999,0.121561
103,98.640335,967.619995,0.763224,0.796096,0.173913,0.0,0.31534,60965.0,0.309065,0.808094,0.119805,0.343607,-0.052376,0.486215,6.197452,-0.002,-0.3,-0.006,-0.125,-0.15,-0.5,0.478428,-0.005224,-0.014214,-0.002174,-0.165217,-0.388581,-0.07124,-0.019864,0.755964,-0.078308,-0.077677,-0.088183,-0.076658,1.252641,1.353364,-0.176616,-0.001702,-0.259833,0.086957,5.217391,0.021896,0.13667,0.12929
104,99.223595,985.849976,0.791968,0.816335,0.041667,0.0,0.312675,62160.0,0.317318,0.838006,0.112057,0.343739,-0.051178,0.488232,6.224278,-0.002,-0.3,-0.006,-0.125,-0.15,-0.5,0.494611,-0.006185,-0.015972,-0.000611,-0.168216,-0.396667,-0.070807,-0.020603,0.7641,-0.080131,-0.081112,-0.087583,-0.078064,1.305577,1.437224,-0.183946,-0.001831,-0.300104,0.041667,4.5,0.019491,0.137122,0.11017
105,99.857376,963.039978,0.799625,0.815665,0.125,0.0,0.310813,62027.0,0.312397,0.819932,0.115981,0.348007,-0.05187,0.489259,6.185801,-0.002,-0.3,-0.006,-0.125,-0.15,-0.5,0.489274,-0.006811,-0.014665,-0.001236,-0.167869,-0.386098,-0.071328,-0.021343,0.759582,-0.081606,-0.07982,-0.089613,-0.078859,1.291344,1.430083,-0.185584,-0.001794,-0.223441,0.083333,3.916667,0.021504,0.138134,0.120473
106,102.622108,1000.0,0.807446,0.82156,0.0,0.0,0.308739,62653.0,0.303597,0.816756,0.110737,0.350405,-0.051304,0.514993,6.176013,-0.002,-0.3,-0.006,-0.125,-0.15,-0.5,0.500007,-0.007663,-0.017838,0.0,-0.177216,-0.389056,-0.070581,-0.022726,0.781227,-0.083143,-0.083646,-0.088194,-0.081611,1.393513,1.493858,-0.191635,-0.002069,-0.3713,0.0,4.478261,0.019427,0.124504,0.103125
107,102.354881,991.909973,0.813476,0.815786,0.0,0.0,0.306744,60728.0,0.316101,0.826328,0.124378,0.359744,-0.054623,0.522396,6.163,-0.002,-0.3,-0.006,-0.125,-0.15,-0.5,0.494382,-0.00786,-0.015025,-0.000556,-0.175342,-0.383688,-0.070833,-0.0233,0.793076,-0.084754,-0.091077,-0.086753,-0.082023,1.313816,1.454422,-0.195445,-0.001711,-0.310697,0.041667,4.041667,0.019713,0.135806,0.086849
108,101.157074,975.289978,0.773501,0.795582,0.166667,0.0,0.304534,59601.0,0.301304,0.804214,0.113354,0.357004,-0.052393,0.530574,6.149721,-0.002,-0.3,-0.006,-0.125,-0.15,-0.5,0.482819,-0.008652,-0.017853,-0.002222,-0.181377,-0.365196,-0.066811,-0.023517,0.78255,-0.080851,-0.088669,-0.085352,-0.084583,1.311474,1.471841,-0.191082,-0.001573,-0.308411,0.041667,3.166667,0.022371,0.173836,0.111641
109,103.134209,992.02002,0.806252,0.836488,0.0,0.0,0.302017,64154.0,0.301544,0.812028,0.120705,0.335971,-0.05424,0.513439,6.145534,-0.002,-0.3,-0.006,-0.125,-0.15,-0.5,0.497853,-0.009043,-0.012203,-0.000455,-0.170333,-0.378014,-0.067668,-0.023726,0.784749,-0.088878,-0.095407,-0.085682,-0.078985,1.385812,1.483993,-0.19899,-0.001479,-0.340418,0.045455,3.363636,0.019873,0.115591,0.111998
110,104.351784,990.02002,0.792349,0.81454,0.083333,0.0,0.299752,57190.0,0.303538,0.796873,0.116843,0.338124,-0.048268,0.490834,6.130991,-0.002,-0.3,-0.006,-0.125,-0.15,-0.5,0.492408,-0.009968,-0.017113,-0.00125,-0.157813,-0.366433,-0.066443,-0.024952,0.766445,-0.085275,-0.093866,-0.080128,-0.074919,1.35931,1.533751,-0.200694,-0.001651,-0.307758,0.0,3.125,0.021524,0.131276,0.126226
111,102.675247,982.22998,0.77764,0.816578,0.136364,0.0,0.297903,67361.0,0.311747,0.801673,0.130361,0.361398,-0.053399,0.509628,6.146091,-0.002,-0.3,-0.006,-0.125,-0.15,-0.5,0.490819,-0.010542,-0.014752,-0.002727,-0.172356,-0.360996,-0.0664,-0.025758,0.797203,-0.087747,-0.097613,-0.080032,-0.083068,1.275994,1.511351,-0.203043,-0.001846,-0.269411,0.045455,3.090909,0.022086,0.141743,0.118702
112,103.113586,972.690002,0.80011,0.798013,0.15,0.0,0.295629,70774.0,0.301209,0.755996,0.116421,0.317142,-0.048585,0.461165,6.131967,-0.002,-0.3,-0.006,-0.125,-0.15,-0.5,0.488423,-0.010995,-0.016654,-0.001952,-0.15234,-0.354712,-0.064397,-0.025572,0.742311,-0.088481,-0.101022,-0.077277,-0.071519,1.363768,1.548491,-0.204001,-0.001219,-0.154632,0.1,3.15,0.020014,0.139163,0.119741
113,97.855476,940.289978,0.785457,0.792759,0.181818,0.0,0.293849,65395.0,0.299577,0.78274,0.118624,0.348861,-0.051336,0.518968,6.12453,-0.002,-0.3,-0.006,-0.125,-0.15,-0.5,0.480907,-0.011291,-0.015418,-0.001792,-0.166261,-0.348418,-0.064256,-0.026926,0.767809,-0.090857,-0.10078,-0.081496,-0.079187,1.310092,1.476172,-0.206598,-0.001519,-0.268804,0.045455,3.5,0.01852,0.127553,0.136214
114,99.639061,937.909973,0.763933,0.786735,0.105263,0.0,0.292022,72766.0,0.296188,0.730863,0.112118,0.349927,-0.048461,0.525199,6.106728,-0.002,-0.3,-0.006,-0.125,-0.15,-0.5,0.484455,-0.01277,-0.01865,-0.001474,-0.176715,-0.340455,-0.060717,-0.026915,0.781452,-0.084306,-0.097988,-0.077856,-0.082244,1.338768,1.635326,-0.206503,-0.002176,-0.379492,0.052632,2.736842,0.019331,0.179628,0.107779
115,104.428391,979.690002,0.789447,0.787933,0.095238,0.0,0.289454,69284.0,0.291133,0.747634,0.107341,0.320543,-0.04686,0.482844,6.129097,-0.002,-0.3,-0.006,-0.125,-0.15,-0.5,0.475863,-0.01262,-0.014618,-0.002857,-0.148412,-0.336375,-0.063041,-0.028725,0.719679,-0.090064,-0.105178,-0.07854,-0.067775,1.307479,1.518716,-0.211198,-0.001212,-0.254945,0.0,2.238095,0.018428,0.12021,0.127062
116,104.043129,985.429993,0.807126,0.82617,0.043478,0.0,0.28735,66859.0,0.304248,0.806813,0.110768,0.326761,-0.048167,0.475251,6.109403,-0.002,-0.3,-0.006,-0.125,-0.15,-0.5,0.499063,-0.013991,-0.018554,-0.000348,-0.163067,-0.347932,-0.063651,-0.028816,0.764608,-0.094832,-0.109005,-0.082831,-0.075136,1.36687,1.584465,-0.21918,-0.001618,-0.245877,0.0,2.173913,0.017398,0.106561,0.099895
117,102.272263,970.72998,0.790959,0.801215,0.25,0.0,0.285535,64539.0,0.295127,0.763248,0.114435,0.326856,-0.048638,0.486304,6.093769,-0.002,-0.3,-0.006,-0.125,-0.15,-0.5,0.480754,-0.013895,-0.0145,-0.004514,-0.154529,-0.331513,-0.061178,-0.029005,0.744738,-0.093987,-0.111187,-0.077936,-0.073292,1.310285,1.542667,-0.215716,-0.001413,-0.26229,0.166667,2.75,0.020725,0.129959,0.14803
118,101.994385,954.190002,0.806234,0.80752,0.086957,0.0,0.283462,65972.0,0.283852,0.74631,0.114561,0.318984,-0.048267,0.498891,6.086861,-0.002,-0.3,-0.006,-0.125,-0.15,-0.5,0.488497,-0.014435,-0.015464,-0.001304,-0.152245,-0.332898,-0.064376,-0.030514,0.752331,-0.093826,-0.11855,-0.075338,-0.072396,1.424501,1.626919,-0.219294,-0.001553,-0.290373,0.043478,2.695652,0.020851,0.102018,0.147878
119,105.409233,975.97998,0.780138,0.80629,0.095238,0.0,0.281933,65677.0,0.301607,0.78293,0.117673,0.355532,-0.05217,0.547509,6.099916,-0.002,-0.3,-0.006,-0.125,-0.15,-0.5,0.484405,-0.015391,-0.019734,-0.001746,-0.176648,-0.32969,-0.063702,-0.031199,0.786429,-0.100119,-0.119949,-0.082703,-0.081775,1.308334,1.530628,-0.223333,-0.001481,-0.300844,0.047619,2.619048,0.020464,0.140737,0.118732
120,106.186935,986.469971,0.802571,0.828938,0.043478,0.0,0.279775,66115.0,0.300502,0.768741,0.126447,0.326829,-0.049839,0.512455,6.077627,-0.002,-0.3,-0.006,-0.125,-0.15,-0.5,0.494653,-0.014975,-0.0131,-0.000435,-0.15342,-0.332126,-0.062089,-0.030637,0.780593,-0.099807,-0.125877,-0.076572,-0.071784,1.384823,1.618365,-0.227622,-0.00143,-0.318944,0.0,2.869565,0.017761,0.122712,0.114354
121,104.441689,977.090027,0.810998,0.833945,0.190476,0.0,0.278343,69928.0,0.285282,0.751496,0.115733,0.340347,-0.049481,0.540543,6.089865,-0.002,-0.3,-0.006,-0.125,-0.15,-0.5,0.485566,-0.016442,-0.014768,-0.002717,-0.168346,-0.321854,-0.062005,-0.032415,0.784754,-0.099673,-0.124893,-0.07736,-0.077212,1.393402,1.617172,-0.229376,-0.001251,-0.253068,0.095238,2.619048,0.018511,0.135665,0.148208
122,106.358047,975.380005,0.780805,0.804678,0.043478,0.0,0.276639,66000.0,0.290657,0.727417,0.121728,0.340134,-0.05059,0.515578,6.091428,-0.002,-0.3,-0.006,-0.125,-0.15,-0.5,0.480267,-0.016745,-0.014888,-0.001739,-0.162902,-0.313626,-0.059477,-0.031464,0.788369,-0.098391,-0.121156,-0.074542,-0.075959,1.300393,1.637833,-0.22665,-0.0019,-0.290967,0.0,2.478261,0.018561,0.124301,0.12163
123,102.916595,945.72998,0.780727,0.793508,0.181818,0.0,0.274504,67701.0,0.2823,0.716022,0.112853,0.340564,-0.052422,0.540468,6.074864,-0.002,-0.3,-0.006,-0.125,-0.15,-0.5,0.47293,-0.017081,-0.01487,-0.002333,-0.169809,-0.30801,-0.061153,-0.032614,0.766643,-0.101822,-0.124547,-0.078582,-0.077549,1.307004,1.58716,-0.226541,-0.001417,-0.383308,0.090909,2.818182,0.018727,0.111976,0.125932
124,107.730911,979.349976,0.83327,0.84429,0.041667,0.0,0.272734,62469.0,0.28616,0.770431,0.107667,0.322868,-0.050176,0.534924,6.062496,-0.002,-0.3,-0.006,-0.125,-0.15,-0.5,0.498661,-0.01803,-0.011848,-0.000238,-0.168816,-0.322278,-0.05885,-0.033816,0.802279,-0.106594,-0.133594,-0.0777,-0.07739,1.451,1.682292,-0.23965,-0.001497,-0.311223,0.0,2.666667,0.01702,0.10427,0.100995
125,109.874817,1000.0,0.803542,0.82631,0.0,0.0,0.271193,67533.0,0.30067,0.771192,0.122341,0.348802,-0.051708,0.536106,6.058314,-0.002,-0.3,-0.006,-0.125,-0.15,-0.5,0.500007,-0.019145,-0.016718,0.0,-0.167683,-0.321848,-0.063084,-0.035672,0.806499,-0.110443,-0.141808,-0.080441,-0.078004,1.370886,1.672283,-0.246311,-0.001384,-0.277736,0.0,19.181818,0.019195,0.120167,0.113326
126,109.30854,998.130005,0.806931,0.829557,0.083333,0.0,0.269694,64638.0,0.295506,0.754554,0.111927,0.332506,-0.04728,0.516096,6.076247,-0.002,-0.3,-0.006,-0.125,-0.15,-0.5,0.498157,-0.020242,-0.016403,-0.000764,-0.162802,-0.31085,-0.058468,-0.035133,0.787453,-0.105733,-0.132361,-0.075665,-0.075802,1.391905,1.727634,-0.24322,-0.001504,-0.246039,0.0,7.916667,0.020447,0.119463,0.113571
127,111.907036,1000.0,0.83114,0.838003,0.0,0.0,0.267846,64453.0,0.291232,0.745506,0.114066,0.32645,-0.048369,0.531235,6.073635,-0.002,-0.3,-0.006,-0.125,-0.15,-0.5,0.498021,-0.019941,-0.015019,-0.000167,-0.16085,-0.308358,-0.059417,-0.036374,0.787219,-0.10918,-0.142211,-0.077499,-0.074416,1.423391,1.727537,-0.246439,-0.00128,-0.310336,0.041667,9.5,0.017176,0.103086,0.104124
128,111.038422,994.150024,0.822017,0.830623,0.125,0.0,0.265746,64606.0,0.291387,0.732159,0.112324,0.334236,-0.047638,0.524422,6.050468,-0.002,-0.3,-0.006,-0.125,-0.15,-0.5,0.497926,-0.021617,-0.016363,-0.000463,-0.163263,-0.304142,-0.060291,-0.037505,0.789247,-0.107842,-0.139032,-0.076466,-0.075762,1.410652,1.765225,-0.249361,-0.001488,-0.248509,0.0,8.333334,0.020561,0.131856,0.111616
129,111.457077,1000.0,0.834371,0.833875,0.0,0.0,0.263086,65089.0,0.28648,0.739967,0.119617,0.333899,-0.049762,0.551521,6.06987,-0.002,-0.3,-0.006,-0.125,-0.15,-0.5,0.499872,-0.020997,-0.013979,-0.000111,-0.162629,-0.303868,-0.060053,-0.03822,0.801296,-0.11156,-0.146904,-0.077264,-0.074676,1.444722,1.753571,-0.253247,-0.001519,-0.278585,0.041667,8.25,0.019484,0.125451,0.105721
130,109.091553,998.200012,0.831499,0.833425,0.0,0.0,0.261332,60995.0,0.28458,0.734282,0.113585,0.32337,-0.047018,0.522328,6.037998,-0.002,-0.3,-0.006,-0.125,-0.15,-0.5,0.498561,-0.022141,-0.015544,-0.000602,-0.15938,-0.298344,-0.057931,-0.037948,0.786537,-0.110438,-0.143965,-0.074511,-0.073636,1.436953,1.775343,-0.252769,-0.001561,-0.312474,0.125,7.75,0.018913,0.130757,0.109169
131,113.619331,1000.0,0.831631,0.827955,0.041667,0.0,0.260049,64440.0,0.283953,0.722919,0.121501,0.340779,-0.049104,0.548215,6.02494,-0.002,-0.3,-0.006,-0.125,-0.15,-0.5,0.498496,-0.022602,-0.015458,-0.000208,-0.165366,-0.292887,-0.057501,-0.038563,0.813294,-0.10934,-0.147024,-0.072472,-0.076666,1.439315,1.818061,-0.254096,-0.001459,-0.276076,0.0,6.666667,0.019362,0.124265,0.110144
132,111.965088,1000.0,0.82856,0.827264,0.0,0.0,0.258427,65318.0,0.292619,0.722321,0.119041,0.33674,-0.047587,0.532418,6.030661,-0.002,-0.3,-0.006,-0.125,-0.15,-0.5,0.499075,-0.023783,-0.017313,-0.000238,-0.160513,-0.290324,-0.057917,-0.039582,0.792815,-0.111913,-0.152893,-0.073765,-0.075249,1.405662,1.818616,-0.258412,-0.001629,-0.292768,0.041667,7.333333,0.017992,0.133165,0.104133
133,112.395607,988.539978,0.812433,0.831953,0.0,0.041667,0.256179,64834.0,0.276741,0.728364,0.112646,0.330106,-0.047971,0.548866,6.015899,-0.002,-0.3,-0.006,-0.125,-0.15,-0.5,0.496765,-0.023869,-0.01528,-0.000542,-0.164068,-0.288137,-0.057126,-0.039628,0.801906,-0.113619,-0.150531,-0.075239,-0.074778,1.465804,1.801134,-0.25936,-0.001472,-0.26158,0.041667,6.291667,0.019488,0.113857,0.113745
134,111.336357,977.409973,0.797464,0.819811,0.25,0.0,0.254878,65310.0,0.278163,0.712422,0.113839,0.328926,-0.048688,0.53983,6.028482,-0.002,-0.3,-0.006,-0.125,-0.15,-0.5,0.490024,-0.024747,-0.01624,-0.001349,-0.163075,-0.280477,-0.057612,-0.040192,0.787186,-0.114708,-0.154019,-0.074829,-0.075759,1.408351,1.787319,-0.259067,-0.001501,-0.208906,0.041667,6.875,0.018289,0.131532,0.116863
135,114.475868,995.5,0.837154,0.836675,0.041667,0.0,0.253047,60071.0,0.275832,0.711474,0.115184,0.314905,-0.046499,0.534197,5.968502,-0.002,-0.3,-0.006,-0.125,-0.15,-0.5,0.49672,-0.024387,-0.013731,-0.000417,-0.15022,-0.280131,-0.054379,-0.040169,0.787613,-0.11434,-0.156384,-0.069773,-0.070163,1.464895,1.848338,-0.261091,-0.001447,-0.248726,0.041667,6.666667,0.01791,0.123008,0.093779
136,112.827789,992.840027,0.827167,0.829856,0.0,0.0,0.251139,65013.0,0.282411,0.713228,0.116023,0.32851,-0.046527,0.535843,5.978466,-0.002,-0.3,-0.006,-0.125,-0.15,-0.5,0.496272,-0.02588,-0.014283,-0.000417,-0.157487,-0.278016,-0.055553,-0.042319,0.794989,-0.115263,-0.159716,-0.070107,-0.073275,1.428771,1.848643,-0.265071,-0.001759,-0.30839,0.041667,6.625,0.018182,0.119685,0.117504
137,114.004425,991.950012,0.82369,0.827803,0.083333,0.0,0.249464,64482.0,0.275813,0.707001,0.115531,0.324396,-0.045979,0.533653,5.977812,-0.002,-0.3,-0.006,-0.125,-0.15,-0.5,0.498187,-0.026277,-0.01423,-0.000263,-0.156906,-0.274286,-0.054389,-0.042138,0.790982,-0.11544,-0.160131,-0.070268,-0.072561,1.468273,1.885463,-0.267355,-0.001556,-0.252745,0.0,6.791667,0.019136,0.122218,0.109206
138,114.084511,990.01001,0.817004,0.830906,0.125,0.0,0.247942,64827.0,0.279854,0.697598,0.122184,0.337267,-0.048069,0.556755,5.964273,-0.002,-0.3,-0.006,-0.125,-0.15,-0.5,0.494495,-0.026023,-0.015284,-0.000903,-0.16016,-0.268832,-0.053724,-0.042342,0.808863,-0.115677,-0.167032,-0.068699,-0.073764,1.421316,1.877136,-0.267824,-0.001544,-0.294299,0.041667,5.875,0.017355,0.133602,0.117669
139,110.75795,975.22998,0.817199,0.799642,0.166667,0.0,0.246403,64663.0,0.262479,0.696519,0.114376,0.310336,-0.047051,0.534129,5.945983,-0.002,-0.3,-0.006,-0.125,-0.15,-0.5,0.478113,-0.025137,-0.011693,-0.002423,-0.148036,-0.261429,-0.053487,-0.042284,0.763426,-0.12137,-0.168165,-0.069727,-0.068561,1.425119,1.754234,-0.263715,-0.001308,-0.255368,0.083333,4.75,0.019178,0.141505,0.134546
140,112.655945,988.780029,0.837484,0.837364,0.041667,0.0,0.245067,61138.0,0.273097,0.700334,0.119306,0.32215,-0.048914,0.553099,5.955094,-0.002,-0.3,-0.006,-0.125,-0.15,-0.5,0.492687,-0.026323,-0.012251,-0.001111,-0.149874,-0.265312,-0.054695,-0.043534,0.778469,-0.122932,-0.174071,-0.06936,-0.068954,1.439653,1.858874,-0.274413,-0.001519,-0.275591,0.041667,4.208333,0.017077,0.115377,0.123814
141,113.990395,1000.0,0.841499,0.839242,0.0,0.0,0.243282,65087.0,0.279542,0.696358,0.12124,0.324881,-0.046071,0.547055,5.941104,-0.002,-0.3,-0.006,-0.125,-0.15,-0.5,0.500007,-0.027622,-0.013565,0.0,-0.152528,-0.263373,-0.053091,-0.044114,0.810483,-0.1229,-0.174717,-0.068962,-0.070916,1.451628,1.924197,-0.274467,-0.001771,-0.379138,0.0,5.0,0.016377,0.110717,0.100081
142,109.084679,965.099976,0.811665,0.802993,0.125,0.0,0.24122,64224.0,0.266291,0.673615,0.112974,0.319372,-0.046521,0.540288,5.918344,-0.002,-0.3,-0.006,-0.125,-0.15,-0.5,0.477737,-0.026489,-0.011584,-0.002267,-0.151899,-0.250009,-0.052584,-0.043517,0.769906,-0.118083,-0.167534,-0.068431,-0.070499,1.376793,1.832475,-0.264364,-0.00146,-0.295435,0.166667,5.416667,0.020507,0.140533,0.136672
143,113.881088,979.960022,0.804788,0.816604,0.166667,0.0,0.239552,65045.0,0.268723,0.669377,0.110339,0.307947,-0.043194,0.506164,5.942127,-0.002,-0.3,-0.006,-0.125,-0.15,-0.5,0.489226,-0.02835,-0.016072,-0.001048,-0.148926,-0.251013,-0.051822,-0.044044,0.765212,-0.116006,-0.164283,-0.066062,-0.070381,1.435491,1.93153,-0.263846,-0.001744,-0.23639,0.0,4.5,0.020332,0.126173,0.136674
144,116.161346,993.460022,0.828365,0.841426,0.083333,0.0,0.237805,64945.0,0.270516,0.702229,0.112525,0.320833,-0.044983,0.54743,5.936874,-0.002,-0.3,-0.006,-0.125,-0.15,-0.5,0.498248,-0.027943,-0.013536,-0.000446,-0.15093,-0.25327,-0.050401,-0.043706,0.790586,-0.118416,-0.17116,-0.065893,-0.070497,1.48027,1.948414,-0.267263,-0.001195,-0.31879,0.0,5.708333,0.01737,0.096892,0.108641
145,114.698982,982.080017,0.831412,0.827821,0.043478,0.0,0.235702,62801.0,0.272933,0.683498,0.122661,0.333477,-0.046781,0.555736,5.94763,-0.002,-0.3,-0.006,-0.125,-0.15,-0.5,0.492207,-0.027801,-0.015732,-0.000696,-0.155975,-0.248615,-0.052788,-0.044702,0.800389,-0.118975,-0.16833,-0.067526,-0.073358,1.442135,1.904282,-0.264633,-0.001549,-0.273447,0.043478,4.347826,0.01765,0.116183,0.111072
146,116.405563,988.219971,0.822292,0.838556,0.041667,0.0,0.23423,64645.0,0.267565,0.677646,0.108794,0.315695,-0.045224,0.539152,5.926809,-0.002,-0.3,-0.006,-0.125,-0.15,-0.5,0.493927,-0.027964,-0.015049,-0.000833,-0.156944,-0.24497,-0.051028,-0.043533,0.790398,-0.113483,-0.164188,-0.066902,-0.072691,1.457461,1.976886,-0.259419,-0.001448,-0.323877,0.083333,4.791667,0.01802,0.118914,0.108893
147,118.298737,980.919983,0.815513,0.816946,0.125,0.0,0.232117,64764.0,0.271576,0.660723,0.11719,0.311142,-0.042751,0.506307,5.897106,-0.002,-0.3,-0.006,-0.125,-0.15,-0.5,0.491469,-0.027738,-0.015231,-0.0015,-0.14451,-0.238218,-0.047795,-0.042388,0.769166,-0.109106,-0.163607,-0.060484,-0.068519,1.437531,2.02036,-0.251966,-0.001321,-0.157532,0.0,4.0,0.018146,0.122198,0.136447
148,115.144333,969.609985,0.833273,0.817789,0.0,0.0,0.230463,66599.0,0.262565,0.675447,0.121537,0.326296,-0.047721,0.559898,5.888185,-0.002,-0.3,-0.006,-0.125,-0.15,-0.5,0.487482,-0.026258,-0.01402,-0.001292,-0.151541,-0.237806,-0.051669,-0.042863,0.786778,-0.113563,-0.172084,-0.065866,-0.071053,1.462301,1.929362,-0.252491,-0.001322,-0.342146,0.173913,4.347826,0.01722,0.11052,0.119077
149,116.160858,983.690002,0.860006,0.838954,0.083333,0.0,0.228284,64408.0,0.277746,0.701411,0.127175,0.353213,-0.049598,0.592313,5.903284,-0.002,-0.3,-0.006,-0.125,-0.15,-0.5,0.497472,-0.027335,-0.01226,-0.001071,-0.159106,-0.240005,-0.052271,-0.043476,0.825398,-0.11563,-0.172571,-0.065931,-0.074635,1.42672,1.954202,-0.256272,-0.001794,-0.333587,0.0,3.416667,0.017574,0.100138,0.113384
150,119.36245,985.409973,0.842,0.834765,0.041667,0.0,0.226943,66055.0,0.263585,0.671616,0.118196,0.329743,-0.046052,0.573136,5.861958,-0.002,-0.3,-0.006,-0.125,-0.15,-0.5,0.494883,-0.027274,-0.014942,-0.000542,-0.152154,-0.234436,-0.049702,-0.043057,0.807916,-0.111297,-0.162769,-0.065551,-0.071141,1.476578,2.010668,-0.249305,-0.001563,-0.244767,0.041667,3.833333,0.021827,0.11481,0.119107
151,119.621819,984.070007,0.801579,0.805636,0.045455,0.0,0.22453,63767.0,0.264767,0.659038,0.115725,0.318095,-0.044366,0.536309,5.878612,-0.002,-0.3,-0.006,-0.125,-0.15,-0.5,0.48662,-0.027599,-0.016125,-0.001273,-0.146316,-0.227009,-0.048922,-0.041241,0.782707,-0.1079,-0.158857,-0.061425,-0.071771,1.430347,2.004551,-0.241244,-0.001289,-0.304149,0.045455,2.772727,0.021132,0.132421,0.126671
152,116.103226,975.070007,0.834268,0.829024,0.083333,0.0,0.223424,65697.0,0.266368,0.650996,0.111382,0.311198,-0.042669,0.52902,5.848727,-0.002,-0.3,-0.006,-0.125,-0.15,-0.5,0.490464,-0.027098,-0.01211,-0.000875,-0.145907,-0.2247,-0.046936,-0.041707,0.773433,-0.105796,-0.155713,-0.06078,-0.069532,1.446265,2.044831,-0.239763,-0.001168,-0.270294,0.041667,3.041667,0.019239,0.102434,0.110499
153,121.224388,1000.0,0.845699,0.839887,0.0,0.0,0.222147,69948.0,0.26997,0.656412,0.123922,0.32018,-0.042346,0.534751,5.823894,-0.002,-0.3,-0.006,-0.125,-0.15,-0.5,0.500007,-0.027782,-0.013312,0.0,-0.144588,-0.22603,-0.047059,-0.041413,0.809799,-0.103597,-0.156253,-0.059372,-0.068702,1.46834,2.122889,-0.241738,-0.001864,-0.352956,0.0,3.428571,0.02062,0.11696,0.105023
154,118.213028,970.539978,0.809476,0.813207,0.238095,0.0,0.220885,69745.0,0.262577,0.664573,0.121456,0.318714,-0.045529,0.552405,5.810054,-0.002,-0.3,-0.006,-0.125,-0.15,-0.5,0.480525,-0.025671,-0.014546,-0.002717,-0.139615,-0.218628,-0.049013,-0.041521,0.771419,-0.107677,-0.171485,-0.064815,-0.065885,1.405099,1.959325,-0.234255,-0.001038,-0.232761,0.0,3.238095,0.017189,0.139923,0.119603
155,116.959732,973.619995,0.813116,0.829809,0.045455,0.0,0.218963,68346.0,0.25961,0.656099,0.115352,0.316455,-0.043923,0.536729,5.830968,-0.002,-0.3,-0.006,-0.125,-0.15,-0.5,0.489284,-0.026877,-0.014246,-0.002182,-0.146048,-0.217883,-0.04779,-0.040874,0.785511,-0.104148,-0.155577,-0.061892,-0.070678,1.447281,2.053856,-0.232417,-0.001281,-0.383436,0.045455,3.363636,0.018162,0.125838,0.123267
156,118.170815,980.619995,0.816029,0.812215,0.052632,0.0,0.217886,68332.0,0.263939,0.610802,0.115535,0.328676,-0.042512,0.545036,5.817616,-0.002,-0.3,-0.006,-0.125,-0.15,-0.5,0.488555,-0.028081,-0.015214,-0.001228,-0.151391,-0.212121,-0.045771,-0.040888,0.802102,-0.097343,-0.142216,-0.058329,-0.071798,1.404304,2.138003,-0.22794,-0.001678,-0.412276,0.052632,2.421053,0.021498,0.153959,0.128358
157,118.695297,979.590027,0.848113,0.845211,0.090909,0.0,0.216474,68463.0,0.26521,0.648084,0.11805,0.310767,-0.044258,0.549091,5.795873,-0.002,-0.3,-0.006,-0.125,-0.15,-0.5,0.496826,-0.02578,-0.013371,-0.00097,-0.145553,-0.215206,-0.04805,-0.041616,0.792929,-0.105676,-0.16414,-0.063863,-0.068385,1.479437,2.113163,-0.229683,-0.001423,-0.382772,0.0,2.272727,0.019027,0.107536,0.123668
158,122.680801,991.210022,0.850868,0.843067,0.043478,0.0,0.215473,66918.0,0.256939,0.643147,0.122998,0.324224,-0.044654,0.582723,5.802414,-0.002,-0.3,-0.006,-0.125,-0.15,-0.5,0.496941,-0.026738,-0.014523,-0.00058,-0.1509,-0.213274,-0.046801,-0.041679,0.815799,-0.104233,-0.16306,-0.058426,-0.070067,1.515887,2.118746,-0.227215,-0.001365,-0.257815,0.0,2.304348,0.018256,0.105671,0.112373
159,122.490501,982.349976,0.820562,0.813611,0.086957,0.0,0.214385,66569.0,0.265807,0.643303,0.117791,0.314247,-0.041209,0.518258,5.781417,-0.002,-0.3,-0.006,-0.125,-0.15,-0.5,0.494587,-0.028211,-0.016856,-0.000944,-0.137809,-0.207471,-0.044695,-0.039704,0.786155,-0.096932,-0.148204,-0.055544,-0.067362,1.430979,2.178364,-0.22221,-0.001081,-0.176546,0.043478,3.130435,0.017959,0.123755,0.128556
160,122.527084,990.210022,0.859453,0.835765,0.045455,0.0,0.212708,68501.0,0.253733,0.65022,0.121557,0.328495,-0.044362,0.589691,5.770728,-0.002,-0.3,-0.006,-0.125,-0.15,-0.5,0.497518,-0.026433,-0.014979,-0.000455,-0.15565,-0.209894,-0.047502,-0.042691,0.818527,-0.103807,-0.158104,-0.060884,-0.07199,1.540051,2.104755,-0.226185,-0.001061,-0.328367,0.0,2.5,0.015204,0.09293,0.084589
161,119.477539,966.780029,0.809774,0.801734,0.173913,0.0,0.211566,67144.0,0.252659,0.61186,0.123489,0.314288,-0.043771,0.538233,5.766353,-0.002,-0.3,-0.006,-0.125,-0.15,-0.5,0.478264,-0.024963,-0.011598,-0.003043,-0.138709,-0.199918,-0.044702,-0.039276,0.768549,-0.098739,-0.152687,-0.054996,-0.067198,1.411267,2.065856,-0.215734,-0.001807,-0.329399,0.043478,2.869565,0.017535,0.13562,0.143717
162,120.740997,960.530029,0.7959,0.798841,0.125,0.0,0.210157,61161.0,0.240091,0.597553,0.10834,0.291871,-0.041334,0.523517,5.747949,-0.002,-0.3,-0.006,-0.125,-0.15,-0.5,0.470075,-0.024865,-0.010211,-0.002976,-0.14061,-0.192311,-0.042905,-0.037913,0.756939,-0.093413,-0.14935,-0.05461,-0.066117,1.447116,2.067304,-0.205998,-0.00107,-0.273701,0.083333,2.75,0.019624,0.122176,0.127043
163,126.806137,1000.0,0.862193,0.84958,0.0,0.0,0.209334,72103.0,0.257372,0.624274,0.112398,0.291969,-0.041038,0.523212,5.765704,-0.002,-0.3,-0.006,-0.125,-0.15,-0.5,0.500007,-0.026924,-0.013642,0.0,-0.134941,-0.201128,-0.043386,-0.039216,0.779967,-0.095583,-0.153391,-0.057373,-0.064751,1.515894,2.253416,-0.214364,-0.001141,-0.204806,0.0,2.85,0.01674,0.104018,0.120984
164,128.075027,999.280029,0.840474,0.840047,0.0,0.0,0.208181,69072.0,0.246947,0.622741,0.120566,0.318064,-0.042732,0.563804,5.736412,-0.002,-0.3,-0.006,-0.125,-0.15,-0.5,0.499454,-0.026836,-0.009959,-0.000606,-0.143455,-0.200034,-0.043593,-0.039809,0.810318,-0.095873,-0.147783,-0.055355,-0.068241,1.541987,2.232608,-0.215651,-0.000867,-0.297085,0.045455,2.181818,0.019257,0.106774,0.095781
165,124.307335,984.460022,0.845239,0.824366,0.086957,0.0,0.20712,67110.0,0.254324,0.613471,0.125575,0.315954,-0.043534,0.561569,5.74485,-0.002,-0.3,-0.006,-0.125,-0.15,-0.5,0.492144,-0.025858,-0.011378,-0.001507,-0.138379,-0.195419,-0.045049,-0.039469,0.794976,-0.094961,-0.157898,-0.055299,-0.065496,1.496247,2.213453,-0.212468,-0.001196,-0.353876,0.086957,3.304348,0.021338,0.116717,0.133811
166,127.191185,1000.0,0.826922,0.843052,0.0,0.0,0.205791,67294.0,0.253527,0.63971,0.117732,0.319911,-0.044016,0.571163,5.744455,-0.002,-0.3,-0.006,-0.125,-0.15,-0.5,0.500007,-0.026604,-0.012303,0.0,-0.144419,-0.195373,-0.04395,-0.039476,0.812484,-0.095506,-0.149051,-0.056942,-0.0683,1.507007,2.241884,-0.212356,-0.000915,-0.234242,0.0,17.652174,0.017169,0.092768,0.116715
167,121.452705,959.51001,0.770087,0.802927,0.173913,0.0,0.20499,67064.0,0.238844,0.58962,0.107438,0.297069,-0.041125,0.531082,5.718038,-0.002,-0.3,-0.006,-0.125,-0.15,-0.5,0.476042,-0.026015,-0.014308,-0.002598,-0.136338,-0.183129,-0.042412,-0.037772,0.761607,-0.089629,-0.144408,-0.055321,-0.066032,1.458006,2.163452,-0.19878,-0.001369,-0.293488,0.130435,4.304348,0.017265,0.114656,0.137591
168,127.808151,990.289978,0.853117,0.843091,0.0,0.041667,0.203222,60475.0,0.249277,0.630214,0.123235,0.318353,-0.043619,0.585907,5.747707,-0.002,-0.3,-0.006,-0.125,-0.15,-0.5,0.498166,-0.025763,-0.01164,-0.000152,-0.143308,-0.192446,-0.044626,-0.040156,0.812969,-0.094904,-0.156217,-0.057677,-0.067607,1.53837,2.240573,-0.208642,-0.001388,-0.286381,0.0,9.166667,0.0166,0.106073,0.110488
169,129.368851,1000.0,0.837245,0.839851,0.041667,0.0,0.20205,65966.0,0.249054,0.612075,0.119432,0.311346,-0.041698,0.558514,5.739933,-0.002,-0.3,-0.006,-0.125,-0.15,-0.5,0.499021,-0.026514,-0.014724,-0.000128,-0.139189,-0.189264,-0.043949,-0.039062,0.797271,-0.09158,-0.150755,-0.056291,-0.066121,1.534476,2.292618,-0.205903,-0.00116,-0.266655,0.0,8.666667,0.017345,0.116487,0.10324
170,128.932632,990.659973,0.842237,0.843576,0.041667,0.0,0.20098,65408.0,0.247214,0.622097,0.125287,0.317985,-0.043161,0.58588,5.719244,-0.002,-0.3,-0.006,-0.125,-0.15,-0.5,0.49676,-0.025065,-0.011113,-0.000278,-0.140711,-0.186488,-0.04251,-0.038722,0.814585,-0.092377,-0.154521,-0.055659,-0.066897,1.534391,2.25859,-0.202442,-0.00103,-0.288056,0.0,8.625,0.018061,0.09888,0.114684
171,128.772171,977.330017,0.838352,0.841231,0.166667,0.0,0.200143,64875.0,0.251226,0.616838,0.120051,0.314074,-0.042729,0.565384,5.735029,-0.002,-0.3,-0.006,-0.125,-0.15,-0.5,0.494739,-0.025508,-0.013186,-0.001008,-0.13773,-0.183255,-0.041769,-0.037909,0.804539,-0.090605,-0.147916,-0.054803,-0.066343,1.494603,2.27351,-0.199946,-0.001102,-0.234801,0.0,8.125,0.018179,0.115585,0.116054
172,130.40358,974.210022,0.85971,0.848837,0.125,0.0,0.198523,64794.0,0.238246,0.610625,0.123404,0.307318,-0.043297,0.58198,5.712896,-0.002,-0.3,-0.006,-0.125,-0.15,-0.5,0.493627,-0.024293,-0.009612,-0.000745,-0.139879,-0.182619,-0.041306,-0.037957,0.817305,-0.090802,-0.154471,-0.053999,-0.066352,1.55573,2.268097,-0.197007,-0.001126,-0.260511,0.083333,7.041667,0.015723,0.101895,0.116235
173,130.43576,1000.0,0.839598,0.846543,0.041667,0.0,0.197382,60846.0,0.246761,0.620893,0.123156,0.311794,-0.044045,0.582256,5.723516,-0.002,-0.3,-0.006,-0.125,-0.15,-0.5,0.497942,-0.024482,-0.009987,-0.000185,-0.139151,-0.18181,-0.042015,-0.038249,0.812991,-0.090778,-0.155352,-0.053962,-0.06568,1.529449,2.290453,-0.197728,-0.001106,-0.245838,0.0,7.0,0.017336,0.110655,0.106385
174,132.916687,1000.0,0.841199,0.84668,0.0,0.0,0.196421,65628.0,0.246984,0.60809,0.127964,0.315151,-0.043105,0.585701,5.707123,-0.002,-0.3,-0.006,-0.125,-0.15,-0.5,0.500007,-0.02481,-0.011582,0.0,-0.138153,-0.179687,-0.041228,-0.037764,0.814543,-0.087766,-0.151105,-0.052646,-0.065481,1.54894,2.348856,-0.195448,-0.001021,-0.317844,0.0,7.041667,0.017476,0.104202,0.108919
175,130.974426,992.929993,0.84485,0.839756,0.0,0.0,0.19471,65436.0,0.242577,0.598931,0.120167,0.299095,-0.040659,0.541949,5.646293,-0.002,-0.3,-0.006,-0.125,-0.15,-0.5,0.497057,-0.025166,-0.01264,-0.000333,-0.132211,-0.176376,-0.041305,-0.037312,0.795826,-0.087779,-0.147155,-0.052445,-0.06303,1.542657,2.338012,-0.191286,-0.001996,-0.323677,0.041667,6.375,0.017304,0.113802,0.11578
176,132.992493,1000.0,0.85325,0.851059,0.041667,0.0,0.19357,65238.0,0.247049,0.607688,0.12075,0.315048,-0.041932,0.577666,5.680161,-0.002,-0.3,-0.006,-0.125,-0.15,-0.5,0.497587,-0.02528,-0.012657,-0.000238,-0.138366,-0.175388,-0.041269,-0.038422,0.804413,-0.087834,-0.151486,-0.051842,-0.066176,1.523901,2.334303,-0.192619,-0.001052,-0.274506,0.0,6.708333,0.017684,0.111842,0.109078
177,131.488419,1000.0,0.857761,0.857922,0.0,0.0,0.192362,65138.0,0.241077,0.606186,0.128235,0.328591,-0.045556,0.624104,5.660884,-0.002,-0.3,-0.006,-0.125,-0.15,-0.5,0.500007,-0.02457,-0.009977,0.0,-0.141084,-0.176229,-0.042616,-0.038419,0.826587,-0.089162,-0.154666,-0.053594,-0.065912,1.564911,2.33722,-0.194232,-0.000949,-0.421201,0.0,6.875,0.017715,0.09964,0.109559
178,135.801987,995.700012,0.862854,0.861452,0.0,0.0,0.191433,60210.0,0.2389,0.603783,0.123214,0.304745,-0.040948,0.584006,5.666713,-0.002,-0.3,-0.006,-0.125,-0.15,-0.5,0.499445,-0.024346,-0.011165,-0.000104,-0.130633,-0.171439,-0.040211,-0.037412,0.811448,-0.086502,-0.151556,-0.052098,-0.060944,1.590344,2.367085,-0.187603,-0.000845,-0.217501,0.041667,6.791667,0.017688,0.100615,0.105574
179,133.638855,991.130005,0.850998,0.856605,0.083333,0.0,0.1903,65041.0,0.239301,0.602182,0.116181,0.294621,-0.040857,0.554045,5.673829,-0.002,-0.3,-0.006,-0.125,-0.15,-0.5,0.496304,-0.024339,-0.008769,-0.000519,-0.132168,-0.167612,-0.038843,-0.036695,0.802324,-0.08205,-0.144254,-0.049616,-0.063492,1.544533,2.392077,-0.182843,-0.000954,-0.229902,0.0,5.958333,0.016466,0.107329,0.114843
180,129.438614,976.0,0.818097,0.821796,0.166667,0.0,0.188858,64630.0,0.239829,0.590525,0.120043,0.307127,-0.041315,0.565088,5.690746,-0.002,-0.3,-0.006,-0.125,-0.15,-0.5,0.486491,-0.024665,-0.010455,-0.001882,-0.133991,-0.162997,-0.039014,-0.03585,0.798828,-0.081772,-0.140843,-0.049984,-0.064774,1.491327,2.340492,-0.179621,-0.0011,-0.36543,0.083333,5.875,0.020594,0.141027,0.125784
181,136.642334,1000.0,0.877593,0.865534,0.0,0.0,0.187519,65385.0,0.237332,0.603727,0.122375,0.310441,-0.041678,0.602164,5.655628,-0.002,-0.3,-0.006,-0.125,-0.15,-0.5,0.500007,-0.024748,-0.010047,0.0,-0.136484,-0.166556,-0.039966,-0.037039,0.815544,-0.083987,-0.1485,-0.051349,-0.064191,1.582731,2.39977,-0.183053,-0.000967,-0.262084,0.0,4.666667,0.016057,0.107623,0.099956
182,132.591202,975.309998,0.829706,0.825554,0.125,0.0,0.186348,65367.0,0.23605,0.573375,0.124103,0.29753,-0.04018,0.559526,5.65644,-0.002,-0.3,-0.006,-0.125,-0.15,-0.5,0.488991,-0.023446,-0.010356,-0.0015,-0.127193,-0.159146,-0.037262,-0.035243,0.789038,-0.079922,-0.145954,-0.047832,-0.060455,1.533722,2.398169,-0.174966,-0.000962,-0.251589,0.041667,4.375,0.02009,0.1213,0.114003
183,132.511581,975.369995,0.852093,0.842524,0.083333,0.0,0.185254,64485.0,0.234066,0.578433,0.118581,0.31223,-0.041153,0.590769,5.597477,-0.002,-0.3,-0.006,-0.125,-0.15,-0.5,0.489325,-0.024645,-0.012032,-0.001028,-0.136106,-0.159037,-0.039644,-0.036967,0.807197,-0.080152,-0.14225,-0.049342,-0.064559,1.540659,2.38832,-0.175846,-0.001143,-0.271147,0.041667,5.375,0.01738,0.106742,0.115694
184,134.605453,987.51001,0.837856,0.847393,0.083333,0.0,0.183973,61382.0,0.235504,0.578326,0.118186,0.303364,-0.039925,0.570935,5.603072,-0.002,-0.3,-0.006,-0.125,-0.15,-0.5,0.495663,-0.025085,-0.012729,-0.000556,-0.130301,-0.158467,-0.039066,-0.035888,0.800379,-0.078782,-0.140002,-0.04917,-0.062526,1.558779,2.458615,-0.175152,-0.000893,-0.296837,0.041667,4.583333,0.018556,0.107878,0.111995
185,136.053055,972.619995,0.824665,0.823936,0.25,0.0,0.182822,65280.0,0.222584,0.546617,0.112127,0.286649,-0.038833,0.565154,5.618945,-0.002,-0.3,-0.006,-0.125,-0.15,-0.5,0.482794,-0.024376,-0.011207,-0.001759,-0.129166,-0.150783,-0.037781,-0.035332,0.783378,-0.074757,-0.135968,-0.045526,-0.059411,1.533986,2.448184,-0.167167,-0.001055,-0.186557,0.083333,4.833333,0.017287,0.114084,0.116801
186,138.63205,1000.0,0.862423,0.850567,0.0,0.0,0.181984,65983.0,0.232387,0.574997,0.118968,0.301218,-0.040318,0.59262,5.582035,-0.002,-0.3,-0.006,-0.125,-0.15,-0.5,0.500007,-0.024476,-0.010892,0.0,-0.132094,-0.155629,-0.037241,-0.035812,0.808706,-0.077778,-0.143421,-0.049463,-0.063235,1.598947,2.512984,-0.172003,-0.000745,-0.215746,0.0,5.391304,0.016913,0.097891,0.102176
187,136.33551,989.580017,0.858011,0.849285,0.083333,0.0,0.180732,63861.0,0.225434,0.570638,0.114641,0.294726,-0.038363,0.578923,5.553134,-0.002,-0.3,-0.006,-0.125,-0.15,-0.5,0.494019,-0.024253,-0.010238,-0.000972,-0.128874,-0.152002,-0.037002,-0.035327,0.806503,-0.077364,-0.138331,-0.048727,-0.061197,1.589599,2.473822,-0.168081,-0.000797,-0.32221,0.0,5.041667,0.017585,0.102912,0.113089
188,136.804749,990.580017,0.840129,0.838544,0.041667,0.0,0.179581,65703.0,0.237663,0.579125,0.130696,0.319057,-0.041894,0.611686,5.532551,-0.002,-0.3,-0.006,-0.125,-0.15,-0.5,0.496077,-0.024348,-0.012166,-0.000333,-0.135108,-0.154054,-0.039518,-0.036906,0.82563,-0.078018,-0.148627,-0.049979,-0.064166,1.559597,2.473304,-0.172702,-0.000904,-0.328115,0.041667,4.458333,0.018151,0.093723,0.106111
189,133.753098,965.47998,0.827285,0.829793,0.125,0.0,0.178411,60531.0,0.227831,0.578139,0.122466,0.312082,-0.042045,0.601632,5.539402,-0.002,-0.3,-0.006,-0.125,-0.15,-0.5,0.48346,-0.022868,-0.008665,-0.001528,-0.134293,-0.149699,-0.038654,-0.035887,0.806347,-0.079028,-0.144594,-0.048663,-0.063493,1.516471,2.356074,-0.167686,-0.000768,-0.250082,0.041667,3.75,0.018879,0.12527,0.137521
190,139.250458,1000.0,0.832648,0.843229,0.0,0.0,0.177333,67251.0,0.233386,0.578301,0.125824,0.303379,-0.039996,0.582043,5.511642,-0.002,-0.3,-0.006,-0.125,-0.15,-0.5,0.500007,-0.024194,-0.011265,0.0,-0.130583,-0.149933,-0.037185,-0.035156,0.814559,-0.077006,-0.140024,-0.046215,-0.062269,1.59446,2.51918,-0.166265,-0.000735,-0.249581,0.0,4.478261,0.019076,0.101449,0.109823
191,139.396744,1000.0,0.872215,0.83835,0.0,0.0,0.176419,65724.0,0.241002,0.582553,0.122493,0.31242,-0.040569,0.592375,5.495708,-0.002,-0.3,-0.006,-0.125,-0.15,-0.5,0.500007,-0.024893,-0.010729,0.0,-0.136502,-0.14902,-0.036191,-0.035176,0.831121,-0.07611,-0.138402,-0.046015,-0.067247,1.544336,2.51605,-0.166658,-0.00077,-0.340773,0.0,3.5,0.01436,0.096544,0.13171
192,138.909348,994.340027,0.838808,0.844719,0.041667,0.0,0.175178,65279.0,0.222449,0.554781,0.120502,0.300881,-0.03939,0.589566,5.509216,-0.002,-0.3,-0.006,-0.125,-0.15,-0.5,0.4941,-0.024368,-0.00954,-0.000833,-0.129823,-0.145251,-0.036457,-0.034939,0.81,-0.072333,-0.132859,-0.043203,-0.062846,1.597335,2.561101,-0.162142,-0.000934,-0.336844,0.0,3.416667,0.018087,0.105337,0.107884
193,141.123917,994.340027,0.857892,0.862524,0.0,0.0,0.174194,68343.0,0.227,0.567827,0.1199,0.294309,-0.038746,0.575326,5.487264,-0.002,-0.3,-0.006,-0.125,-0.15,-0.5,0.500007,-0.023837,-0.008102,0.0,-0.124212,-0.145637,-0.035502,-0.03453,0.803299,-0.074433,-0.136601,-0.04483,-0.059953,1.602315,2.565324,-0.161608,-0.000953,-0.272604,0.0,3.045455,0.018088,0.101254,0.105936
194,143.25061,1000.0,0.890863,0.869143,0.0,0.0,0.173299,59773.0,0.221035,0.567717,0.116089,0.288184,-0.038411,0.59439,5.467545,-0.002,-0.3,-0.006,-0.125,-0.15,-0.5,0.500007,-0.023003,-0.009218,0.0,-0.122363,-0.14472,-0.036123,-0.035388,0.822533,-0.074494,-0.141551,-0.045681,-0.05779,1.645162,2.572692,-0.160749,-0.0007,-0.217901,0.0,3.458333,0.012774,0.080704,0.110938
195,141.433014,996.830017,0.853216,0.850406,0.052632,0.0,0.172105,72025.0,0.223078,0.546856,0.117312,0.293983,-0.037018,0.56516,5.469715,-0.002,-0.3,-0.006,-0.125,-0.15,-0.5,0.497915,-0.024282,-0.011663,-0.000526,-0.12268,-0.139697,-0.033739,-0.032948,0.817851,-0.071142,-0.126866,-0.044232,-0.061598,1.584754,2.61934,-0.154527,-0.00106,-0.295613,0.0,2.736842,0.017426,0.116858,0.116706
196,138.490326,991.880005,0.844132,0.852886,0.045455,0.0,0.171279,68682.0,0.226659,0.563422,0.121375,0.310587,-0.041455,0.617985,5.471025,-0.002,-0.3,-0.006,-0.125,-0.15,-0.5,0.496311,-0.023778,-0.010654,-0.000364,-0.130835,-0.142618,-0.037739,-0.035385,0.8187,-0.075247,-0.138979,-0.048808,-0.062157,1.592046,2.525746,-0.161137,-0.000797,-0.384755,0.0,3.409091,0.015998,0.089899,0.10093
197,138.446564,986.030029,0.841018,0.823785,0.095238,0.0,0.170399,69915.0,0.217944,0.530946,0.118331,0.277409,-0.03637,0.560545,5.456773,-0.002,-0.3,-0.006,-0.125,-0.15,-0.5,0.491062,-0.022906,-0.010348,-0.001016,-0.114072,-0.134084,-0.032142,-0.032163,0.782083,-0.068169,-0.130504,-0.038937,-0.056092,1.595793,2.620787,-0.14938,-0.000886,-0.255324,0.047619,3.142857,0.017068,0.117902,0.117421
198,139.763092,974.190002,0.830242,0.826467,0.05,0.0,0.169205,71141.0,0.219095,0.551998,0.121599,0.310338,-0.039708,0.60704,5.436229,-0.002,-0.3,-0.006,-0.125,-0.15,-0.5,0.487198,-0.023724,-0.010534,-0.001667,-0.126584,-0.136439,-0.035768,-0.033738,0.805038,-0.072201,-0.125208,-0.044863,-0.061248,1.570832,2.509105,-0.155571,-0.000949,-0.17562,0.05,2.55,0.017911,0.117128,0.122277
199,140.463867,976.840027,0.826691,0.828357,0.130435,0.0,0.16827,67668.0,0.226016,0.530056,0.105161,0.288892,-0.038858,0.535769,5.445521,-0.002,-0.3,-0.006,-0.125,-0.15,-0.5,0.488909,-0.024729,-0.013749,-0.002174,-0.125605,-0.132128,-0.0351,-0.033338,0.783334,-0.067768,-0.120574,-0.0455,-0.061576,1.505787,2.616028,-0.149592,-0.001057,-0.177522,0.086957,2.173913,0.020112,0.114435,0.133422
200,139.510162,971.210022,0.821513,0.803945,0.173913,0.0,0.167081,59164.0,0.223847,0.529371,0.116123,0.300439,-0.037485,0.577263,5.449211,-0.002,-0.3,-0.006,-0.125,-0.15,-0.5,0.482327,-0.023423,-0.012749,-0.002464,-0.127844,-0.130105,-0.033272,-0.033138,0.80337,-0.068844,-0.123724,-0.041136,-0.063645,1.526607,2.540478,-0.148053,-0.001041,-0.227497,0.0,2.695652,0.018458,0.123388,0.155369
201,141.587402,992.280029,0.868001,0.846814,0.086957,0.0,0.166164,63353.0,0.220142,0.541728,0.121636,0.273868,-0.036032,0.551926,5.420605,-0.002,-0.3,-0.006,-0.125,-0.15,-0.5,0.497441,-0.022666,-0.007546,-0.001014,-0.118387,-0.133818,-0.03481,-0.034106,0.792385,-0.069106,-0.137273,-0.040146,-0.054615,1.613227,2.644328,-0.149305,-0.000696,-0.370226,0.0,2.956522,0.013778,0.107024,0.101184
202,143.83667,996.070007,0.870662,0.845584,0.0,0.0,0.165339,65191.0,0.218183,0.540344,0.108625,0.277482,-0.033646,0.541605,5.420177,-0.002,-0.3,-0.006,-0.125,-0.15,-0.5,0.500007,-0.025139,-0.012642,0.0,-0.115202,-0.13025,-0.033022,-0.033139,0.78552,-0.066022,-0.121955,-0.040664,-0.056629,1.62969,2.707855,-0.146451,-0.000793,-0.191443,0.0,2.636364,0.013971,0.079729,0.11853
203,145.6884,1000.0,0.868028,0.850458,0.0,0.0,0.164432,63802.0,0.227651,0.543468,0.122311,0.305103,-0.039577,0.598922,5.416422,-0.002,-0.3,-0.006,-0.125,-0.15,-0.5,0.500007,-0.023566,-0.009812,0.0,-0.128988,-0.130772,-0.034413,-0.033331,0.844736,-0.066841,-0.127269,-0.044616,-0.063407,1.573751,2.698526,-0.148775,-0.001174,-0.184645,0.0,3.043478,0.019248,0.094528,0.107907
204,144.70842,993.159973,0.847859,0.856503,0.136364,0.0,0.163461,64054.0,0.214583,0.528116,0.115736,0.283352,-0.036487,0.569675,5.446587,-0.002,-0.3,-0.006,-0.125,-0.15,-0.5,0.493316,-0.022759,-0.011539,-0.002045,-0.117747,-0.127577,-0.032432,-0.032416,0.798078,-0.065386,-0.127544,-0.039959,-0.055245,1.603861,2.696375,-0.143556,-0.000898,-0.283533,0.045455,2.909091,0.017389,0.093883,0.130779
205,143.990631,993.169983,0.861691,0.84716,0.047619,0.0,0.162605,61343.0,0.221678,0.546172,0.117629,0.298787,-0.03993,0.6009,5.418316,-0.002,-0.3,-0.006,-0.125,-0.15,-0.5,0.49603,-0.023473,-0.009992,-0.000635,-0.125524,-0.127473,-0.035158,-0.032772,0.817463,-0.067063,-0.129485,-0.044799,-0.060967,1.590609,2.676952,-0.145984,-0.000779,-0.306688,0.0,2.619048,0.01452,0.087662,0.095312
206,145.065033,995.0,0.870713,0.861488,0.0,0.0,0.161836,64875.0,0.218526,0.529378,0.111546,0.270871,-0.033573,0.522473,5.429351,-0.002,-0.3,-0.006,-0.125,-0.15,-0.5,0.500007,-0.02354,-0.008442,0.0,-0.114477,-0.125026,-0.031809,-0.031909,0.80728,-0.062751,-0.116356,-0.038283,-0.0554,1.626406,2.781638,-0.14065,-0.000777,-0.172339,0.0,2.318182,0.017691,0.080778,0.113258
207,137.481491,937.919983,0.811024,0.794075,0.416667,0.041667,0.160739,62401.0,0.208545,0.500422,0.101518,0.280509,-0.035439,0.56868,5.415458,-0.002,-0.3,-0.006,-0.125,-0.15,-0.5,0.464965,-0.022949,-0.011816,-0.004556,-0.124266,-0.116994,-0.032611,-0.031817,0.778815,-0.062704,-0.115797,-0.042473,-0.060785,1.490222,2.526346,-0.134241,-0.000774,-0.198176,0.125,3.166667,0.015646,0.149829,0.144064
208,143.815857,987.880005,0.856796,0.847352,0.136364,0.0,0.159871,65221.0,0.216243,0.539371,0.112695,0.29194,-0.038444,0.608766,5.413074,-0.002,-0.3,-0.006,-0.125,-0.15,-0.5,0.496045,-0.0231,-0.007257,-0.001186,-0.124543,-0.124508,-0.031842,-0.032286,0.828543,-0.065691,-0.119671,-0.039791,-0.060312,1.603427,2.696788,-0.142833,-0.000808,-0.229338,0.0,18.09091,0.01804,0.107672,0.103836
209,148.305511,1000.0,0.855756,0.8361,0.083333,0.0,0.159032,61923.0,0.211081,0.516896,0.122495,0.288772,-0.037305,0.598605,5.419805,-0.002,-0.3,-0.006,-0.125,-0.15,-0.5,0.490757,-0.022402,-0.009623,-0.000972,-0.120988,-0.120909,-0.031599,-0.031471,0.820189,-0.063786,-0.125423,-0.039686,-0.057498,1.604252,2.70948,-0.137139,-0.000804,-0.32817,0.0,5.708333,0.015489,0.096863,0.102004
210,145.733109,990.570007,0.854296,0.850302,0.041667,0.0,0.15827,52660.0,0.216493,0.525177,0.119399,0.292711,-0.038897,0.608848,5.368482,-0.002,-0.3,-0.006,-0.125,-0.15,-0.5,0.49729,-0.02284,-0.009925,-0.000306,-0.125296,-0.121951,-0.032956,-0.032352,0.827304,-0.063953,-0.126739,-0.041542,-0.060683,1.612045,2.743185,-0.139154,-0.000843,-0.23631,0.041667,10.25,0.018295,0.093807,0.109052
211,147.796417,1000.0,0.875662,0.863153,0.0,0.0,0.157082,65257.0,0.211521,0.53188,0.120662,0.292574,-0.03924,0.618585,5.358728,-0.002,-0.3,-0.006,-0.125,-0.15,-0.5,0.500007,-0.022233,-0.007633,0.0,-0.122444,-0.122267,-0.032321,-0.032135,0.835144,-0.063735,-0.12643,-0.041095,-0.059312,1.634919,2.765366,-0.139678,-0.000662,-0.317609,0.0,7.833333,0.016533,0.083143,0.108453
212,148.279434,1000.0,0.8638,0.862746,0.0,0.0,0.156199,65593.0,0.209979,0.525752,0.117826,0.283333,-0.03748,0.589588,5.346315,-0.002,-0.3,-0.006,-0.125,-0.15,-0.5,0.497826,-0.022524,-0.007943,-0.000185,-0.119027,-0.119255,-0.032009,-0.031527,0.828409,-0.062235,-0.123334,-0.039159,-0.058063,1.635685,2.773712,-0.136037,-0.000687,-0.316755,0.041667,8.583334,0.015433,0.089421,0.097829
213,148.241989,1000.0,0.872451,0.85713,0.0,0.0,0.155466,64889.0,0.215172,0.533856,0.113304,0.2851,-0.037104,0.590596,5.354478,-0.002,-0.3,-0.006,-0.125,-0.15,-0.5,0.500007,-0.02279,-0.009714,0.0,-0.122566,-0.119206,-0.0321,-0.032034,0.830544,-0.063323,-0.123731,-0.041097,-0.059023,1.624494,2.766197,-0.135711,-0.000792,-0.231658,0.0,8.166667,0.015746,0.088927,0.106689
214,146.898422,987.789978,0.857321,0.838029,0.041667,0.0,0.154761,64954.0,0.213486,0.512052,0.119149,0.287171,-0.038206,0.595659,5.322296,-0.002,-0.3,-0.006,-0.125,-0.15,-0.5,0.496367,-0.022499,-0.008259,-0.000476,-0.121087,-0.117249,-0.03209,-0.031989,0.818243,-0.062054,-0.12513,-0.03945,-0.058926,1.612183,2.785291,-0.134504,-0.001055,-0.241446,0.041667,6.416667,0.017713,0.093575,0.113873
215,149.129532,1000.0,0.86971,0.85656,0.041667,0.0,0.15402,64427.0,0.20633,0.531415,0.119264,0.288639,-0.038632,0.622721,5.310428,-0.002,-0.3,-0.006,-0.125,-0.15,-0.5,0.497863,-0.022084,-0.007823,-0.000208,-0.12189,-0.117661,-0.031818,-0.031787,0.839302,-0.061999,-0.12567,-0.040312,-0.058516,1.644906,2.778738,-0.134242,-0.000983,-0.285324,0.0,7.375,0.014623,0.091352,0.101529
216,149.599869,999.700012,0.864695,0.859997,0.041667,0.0,0.153236,60875.0,0.207317,0.529326,0.118806,0.28696,-0.038697,0.618041,5.315066,-0.002,-0.3,-0.006,-0.125,-0.15,-0.5,0.499969,-0.022252,-0.007651,-9.8e-05,-0.121423,-0.116724,-0.031823,-0.031658,0.835933,-0.061991,-0.125364,-0.040122,-0.058587,1.645988,2.799824,-0.133596,-0.000537,-0.249493,0.0,6.291667,0.015368,0.095621,0.109934
217,149.967285,999.22998,0.849151,0.85744,0.0,0.0,0.152339,64533.0,0.209279,0.519649,0.123229,0.289402,-0.037739,0.622549,5.318818,-0.002,-0.3,-0.006,-0.125,-0.15,-0.5,0.499882,-0.021965,-0.008664,-0.000128,-0.123401,-0.11379,-0.030259,-0.031272,0.841008,-0.060379,-0.124744,-0.038454,-0.060385,1.648554,2.831183,-0.130338,-0.000828,-0.305804,0.041667,7.0,0.018082,0.088854,0.115381
218,148.627213,1000.0,0.860862,0.861232,0.0,0.0,0.151603,65282.0,0.208634,0.524577,0.110971,0.278601,-0.036128,0.58641,5.3088,-0.002,-0.3,-0.006,-0.125,-0.15,-0.5,0.500007,-0.02277,-0.008692,0.0,-0.120947,-0.113085,-0.031173,-0.03186,0.82597,-0.060661,-0.121287,-0.040104,-0.059045,1.645507,2.819809,-0.1302,-0.000705,-0.255631,0.0,6.333333,0.017574,0.097596,0.094674
219,149.750488,997.820007,0.852093,0.868064,0.041667,0.0,0.150802,65726.0,0.208687,0.522065,0.122725,0.28658,-0.037512,0.619253,5.288091,-0.002,-0.3,-0.006,-0.125,-0.15,-0.5,0.499246,-0.021549,-0.008577,-0.000278,-0.12093,-0.113271,-0.031066,-0.031596,0.842497,-0.061209,-0.129094,-0.038231,-0.058134,1.655904,2.813584,-0.129929,-0.000662,-0.267588,0.0,6.875,0.018302,0.096023,0.097889
220,150.600922,1000.0,0.866717,0.868891,0.0,0.0,0.150041,65727.0,0.206869,0.51538,0.118085,0.289372,-0.038669,0.621735,5.26955,-0.002,-0.3,-0.006,-0.125,-0.15,-0.5,0.500007,-0.021619,-0.007377,0.0,-0.118551,-0.110998,-0.03107,-0.031027,0.830624,-0.058909,-0.119616,-0.038269,-0.056181,1.644842,2.863534,-0.129484,-0.000632,-0.269905,0.0,6.541667,0.016122,0.100163,0.113809
221,149.66214,994.309998,0.871684,0.871024,0.041667,0.0,0.149314,59747.0,0.203048,0.50222,0.11693,0.27971,-0.036595,0.618553,5.310387,-0.002,-0.3,-0.006,-0.125,-0.15,-0.5,0.49831,-0.021768,-0.008868,-0.000238,-0.116623,-0.10894,-0.030146,-0.031129,0.840768,-0.057376,-0.12115,-0.037412,-0.056894,1.672521,2.886802,-0.126007,-0.000801,-0.37489,0.0,6.0,0.016683,0.084486,0.10866
222,150.610657,990.070007,0.864725,0.856094,0.125,0.0,0.148189,65621.0,0.205294,0.509304,0.116526,0.275004,-0.035539,0.598934,5.261933,-0.002,-0.3,-0.006,-0.125,-0.15,-0.5,0.494876,-0.021811,-0.008563,-0.00063,-0.11375,-0.107737,-0.029534,-0.030109,0.834925,-0.057632,-0.118192,-0.037376,-0.05643,1.632287,2.853033,-0.123294,-0.000839,-0.246577,0.041667,5.458333,0.016599,0.090961,0.108699
223,153.124054,1000.0,0.879861,0.867223,0.0,0.0,0.147449,65097.0,0.207523,0.52136,0.125499,0.297332,-0.038918,0.653785,5.275395,-0.002,-0.3,-0.006,-0.125,-0.15,-0.5,0.500007,-0.021886,-0.010432,0.0,-0.123137,-0.107554,-0.030364,-0.030727,0.857656,-0.057609,-0.117688,-0.039334,-0.059972,1.647252,2.878661,-0.125551,-0.000774,-0.292931,0.0,4.541667,0.016943,0.083959,0.115235
224,152.207138,995.780029,0.870841,0.870555,0.041667,0.0,0.146179,65627.0,0.197806,0.506646,0.114465,0.26384,-0.034929,0.58987,5.273489,-0.002,-0.3,-0.006,-0.125,-0.15,-0.5,0.498244,-0.021111,-0.007486,-0.000333,-0.109097,-0.10568,-0.027864,-0.029117,0.827583,-0.055887,-0.119781,-0.03681,-0.054257,1.676565,2.917355,-0.120907,-0.00066,-0.246574,0.0,4.833333,0.014538,0.082355,0.095143
225,152.876144,993.280029,0.872853,0.851325,0.041667,0.0,0.145252,65716.0,0.194843,0.493971,0.114401,0.260423,-0.034263,0.584148,5.269762,-0.002,-0.3,-0.006,-0.125,-0.15,-0.5,0.497202,-0.02103,-0.007947,-0.000333,-0.110721,-0.103592,-0.027056,-0.02912,0.832926,-0.05425,-0.112762,-0.033791,-0.054811,1.679609,2.942937,-0.118037,-0.000685,-0.309342,0.041667,5.375,0.013154,0.088595,0.105652
226,153.514038,997.01001,0.864716,0.858099,0.041667,0.0,0.144815,59640.0,0.201316,0.497751,0.123737,0.279564,-0.036217,0.62956,5.271203,-0.002,-0.3,-0.006,-0.125,-0.15,-0.5,0.498965,-0.021044,-0.006772,-0.000278,-0.115552,-0.104381,-0.028692,-0.03039,0.853305,-0.056453,-0.122618,-0.036228,-0.055353,1.666245,2.923255,-0.121234,-0.000629,-0.303635,0.0,4.208333,0.015538,0.080725,0.104205
227,150.8284,981.400024,0.832431,0.844561,0.083333,0.0,0.144095,65510.0,0.204785,0.508064,0.11779,0.289514,-0.038461,0.637102,5.25493,-0.002,-0.3,-0.006,-0.125,-0.15,-0.5,0.493204,-0.021982,-0.008374,-0.001278,-0.12085,-0.102467,-0.029422,-0.030089,0.846233,-0.056488,-0.115524,-0.038594,-0.059126,1.625879,2.863416,-0.120536,-0.000702,-0.257262,0.041667,5.5,0.021066,0.124277,0.119478
228,152.034378,987.419983,0.856584,0.839644,0.0,0.0,0.143013,66854.0,0.19451,0.484161,0.105266,0.263245,-0.033964,0.582782,5.242194,-0.002,-0.3,-0.006,-0.125,-0.15,-0.5,0.492728,-0.022323,-0.009678,-0.00087,-0.109948,-0.099079,-0.02811,-0.029344,0.804561,-0.053018,-0.108759,-0.035805,-0.054623,1.659666,2.944167,-0.115225,-0.000648,-0.26191,0.086957,5.173913,0.018795,0.128563,0.121827
229,154.858505,995.150024,0.860423,0.858655,0.0,0.0,0.142395,65484.0,0.198052,0.48826,0.113992,0.268805,-0.035964,0.609609,5.227551,-0.002,-0.3,-0.006,-0.125,-0.15,-0.5,0.497475,-0.021243,-0.008295,-0.000417,-0.114865,-0.100143,-0.028339,-0.029932,0.825715,-0.053178,-0.121646,-0.035886,-0.055035,1.66646,2.97531,-0.115919,-0.000625,-0.204526,0.041667,4.5,0.018624,0.102943,0.11135
230,155.03215,1000.0,0.881148,0.855691,0.0,0.0,0.141538,65792.0,0.199013,0.503921,0.11672,0.28392,-0.036737,0.623004,5.243773,-0.002,-0.3,-0.006,-0.125,-0.15,-0.5,0.500007,-0.021262,-0.007886,0.0,-0.118368,-0.10108,-0.028956,-0.030312,0.847518,-0.055207,-0.118749,-0.037377,-0.057834,1.668384,2.940052,-0.118475,-0.000581,-0.24044,0.0,4.041667,0.015153,0.086886,0.11125
231,154.812195,1000.0,0.871032,0.849243,0.043478,0.0,0.140952,64622.0,0.196431,0.480631,0.110168,0.253445,-0.031879,0.573702,5.232909,-0.002,-0.3,-0.006,-0.125,-0.15,-0.5,0.497081,-0.02202,-0.007734,-0.000348,-0.105863,-0.096131,-0.025867,-0.02784,0.807816,-0.050828,-0.104416,-0.031179,-0.052678,1.6693,3.024861,-0.109483,-0.000618,-0.267282,0.0,4.565217,0.016845,0.089828,0.112627
232,150.624512,989.419983,0.862785,0.861535,0.041667,0.0,0.140106,54005.0,0.20012,0.499782,0.121913,0.292406,-0.037863,0.644791,5.243774,-0.002,-0.3,-0.006,-0.125,-0.15,-0.5,0.495907,-0.021664,-0.008326,-0.000611,-0.12018,-0.098773,-0.029991,-0.029961,0.853433,-0.054468,-0.121087,-0.03788,-0.057483,1.648435,2.92026,-0.117924,-0.000684,-0.436608,0.041667,4.083333,0.019314,0.10196,0.127746
233,156.257034,1000.0,0.886595,0.871521,0.0,0.0,0.139425,60727.0,0.19559,0.492301,0.117043,0.268603,-0.035447,0.610083,5.188488,-0.002,-0.3,-0.006,-0.125,-0.15,-0.5,0.500007,-0.020151,-0.007209,0.0,-0.105695,-0.097523,-0.028015,-0.02916,0.833009,-0.0532,-0.118392,-0.034299,-0.051854,1.701032,2.99974,-0.113828,-0.000576,-0.222282,0.0,3.333333,0.01381,0.082337,0.086968
234,156.891434,1000.0,0.876935,0.855475,0.0,0.0,0.138217,65880.0,0.198775,0.49419,0.120834,0.270008,-0.036287,0.635402,5.187426,-0.002,-0.3,-0.006,-0.125,-0.15,-0.5,0.500007,-0.019789,-0.005656,0.0,-0.112066,-0.097593,-0.028174,-0.030072,0.848207,-0.053645,-0.126206,-0.03439,-0.054519,1.687913,2.982596,-0.113449,-0.000641,-0.234127,0.0,3.409091,0.015308,0.094487,0.136494
235,155.262711,986.320007,0.863509,0.854618,0.083333,0.0,0.137506,63259.0,0.19845,0.464177,0.118699,0.282823,-0.036709,0.63837,5.165056,-0.002,-0.3,-0.006,-0.125,-0.15,-0.5,0.493885,-0.020871,-0.009751,-0.000833,-0.11252,-0.093874,-0.028154,-0.029506,0.824442,-0.050442,-0.114875,-0.034254,-0.052596,1.641789,3.009697,-0.112915,-0.000523,-0.298758,0.0,3.166667,0.015612,0.097325,0.107399
236,153.411118,990.23999,0.863819,0.87615,0.0,0.0,0.136794,60853.0,0.198002,0.487548,0.117033,0.289264,-0.036906,0.652975,5.159872,-0.002,-0.3,-0.006,-0.125,-0.15,-0.5,0.500007,-0.021791,-0.010822,0.0,-0.121292,-0.094874,-0.028983,-0.030142,0.85726,-0.052235,-0.115143,-0.039112,-0.060272,1.669641,3.014736,-0.112733,-0.000804,-0.454788,0.0,3.181818,0.015905,0.074945,0.093159
237,154.346741,984.049988,0.833472,0.83193,0.15,0.0,0.136056,55469.0,0.191382,0.480323,0.120742,0.283334,-0.035406,0.643175,5.169009,-0.002,-0.3,-0.006,-0.125,-0.15,-0.5,0.487219,-0.02046,-0.009001,-0.0019,-0.116943,-0.091317,-0.027748,-0.028853,0.837556,-0.05047,-0.114703,-0.03414,-0.056157,1.645763,2.949806,-0.109371,-0.000723,-0.200212,0.0,3.1,0.016533,0.104438,0.132305
238,156.598709,986.450012,0.864238,0.842213,0.043478,0.0,0.135069,59855.0,0.191597,0.483551,0.117193,0.267754,-0.036358,0.628303,5.140023,-0.002,-0.3,-0.006,-0.125,-0.15,-0.5,0.493601,-0.019564,-0.005168,-0.00058,-0.109073,-0.091841,-0.026092,-0.028083,0.832603,-0.05019,-0.110693,-0.032818,-0.053149,1.652347,3.013441,-0.109169,-0.000544,-0.233772,0.043478,3.347826,0.01591,0.092808,0.125497
239,156.398926,1000.0,0.881219,0.854705,0.0,0.0,0.134644,73744.0,0.194891,0.472793,0.115408,0.257499,-0.033231,0.576263,5.153148,-0.002,-0.3,-0.006,-0.125,-0.15,-0.5,0.500007,-0.021081,-0.00683,0.0,-0.104914,-0.091233,-0.025699,-0.027255,0.82445,-0.049891,-0.107558,-0.032034,-0.052241,1.670125,3.090595,-0.105278,-0.000577,-0.425721,0.0,3.0,0.013198,0.082945,0.080266
240,156.156418,1000.0,0.89262,0.866985,0.0,0.0,0.133972,69796.0,0.193195,0.485563,0.116815,0.258537,-0.035125,0.601206,5.1415,-0.002,-0.3,-0.006,-0.125,-0.15,-0.5,0.500007,-0.019848,-0.005846,0.0,-0.101224,-0.091345,-0.026806,-0.027506,0.833587,-0.049988,-0.114466,-0.033249,-0.049464,1.697977,3.074531,-0.108104,-0.000533,-0.237244,0.0,2.428571,0.012689,0.078259,0.10454
241,158.078506,996.72998,0.887864,0.849434,0.043478,0.0,0.133054,64581.0,0.195832,0.488101,0.11566,0.264746,-0.034608,0.620503,5.131959,-0.002,-0.3,-0.006,-0.125,-0.15,-0.5,0.49763,-0.020202,-0.006246,-0.00058,-0.106769,-0.090153,-0.025605,-0.027255,0.845978,-0.048721,-0.108641,-0.031089,-0.052907,1.650479,3.072073,-0.104742,-0.00062,-0.220638,0.0,2.347826,0.015869,0.097421,0.100861
242,158.527527,998.359985,0.872854,0.862292,0.041667,0.0,0.132519,52678.0,0.195124,0.481415,0.117902,0.262669,-0.034728,0.601425,5.109263,-0.002,-0.3,-0.006,-0.125,-0.15,-0.5,0.499319,-0.020279,-0.005634,-0.000333,-0.103902,-0.089252,-0.026693,-0.027617,0.827842,-0.048609,-0.111701,-0.031381,-0.049853,1.672795,3.093737,-0.105197,-0.00057,-0.26772,0.041667,3.166667,0.015089,0.09759,0.096595
243,157.249054,994.380005,0.860518,0.856203,0.043478,0.0,0.131763,57330.0,0.204662,0.470228,0.119883,0.269212,-0.033774,0.593822,5.116245,-0.002,-0.3,-0.006,-0.125,-0.15,-0.5,0.497559,-0.020343,-0.008271,-0.000348,-0.109122,-0.088018,-0.026609,-0.02831,0.847581,-0.04849,-0.113069,-0.032047,-0.05389,1.630692,3.0873,-0.104413,-0.000834,-0.378979,0.0,2.73913,0.020366,0.107418,0.114142
244,155.289261,983.849976,0.848782,0.837114,0.090909,0.0,0.131288,64081.0,0.193035,0.468569,0.124843,0.282286,-0.036042,0.638707,5.105093,-0.002,-0.3,-0.006,-0.125,-0.15,-0.5,0.490118,-0.020662,-0.00827,-0.002879,-0.112096,-0.085983,-0.027262,-0.028458,0.830914,-0.047748,-0.113117,-0.035553,-0.054418,1.643622,3.035737,-0.105201,-0.000542,-0.270441,0.045455,2.590909,0.018884,0.094145,0.133595
245,158.563309,998.5,0.861699,0.861384,0.041667,0.0,0.130747,64512.0,0.190576,0.447315,0.117626,0.265049,-0.034946,0.614786,5.095057,-0.002,-0.3,-0.006,-0.125,-0.15,-0.5,0.499377,-0.020272,-0.00774,-0.000333,-0.103891,-0.086091,-0.025877,-0.02754,0.816084,-0.046424,-0.109382,-0.030436,-0.049588,1.699607,3.190876,-0.104055,-0.000475,-0.376151,0.0,2.958333,0.016436,0.082041,0.124154
246,159.426849,1000.0,0.868267,0.872434,0.0,0.0,0.130152,67167.0,0.179916,0.478408,0.114666,0.271107,-0.035515,0.631335,5.114263,-0.002,-0.3,-0.006,-0.125,-0.15,-0.5,0.500007,-0.020692,-0.005864,0.0,-0.103878,-0.086677,-0.02661,-0.027173,0.840145,-0.047996,-0.100643,-0.031694,-0.050291,1.72075,3.115065,-0.104075,-0.00051,-0.199786,0.0,2.761905,0.018906,0.095988,0.101822
247,158.961426,991.859985,0.831799,0.84424,0.045455,0.0,0.129519,60845.0,0.194106,0.465049,0.102219,0.261687,-0.031565,0.573731,5.118997,-0.002,-0.3,-0.006,-0.125,-0.15,-0.5,0.494863,-0.022877,-0.009942,-0.001061,-0.107653,-0.081945,-0.025072,-0.026822,0.820195,-0.045946,-0.095655,-0.032879,-0.055738,1.64415,3.121739,-0.097714,-0.000658,-0.214712,0.045455,2.5,0.016951,0.120392,0.131147
248,156.19429,984.75,0.852905,0.871301,0.136364,0.0,0.129167,68728.0,0.191598,0.485833,0.125345,0.275354,-0.036255,0.633114,5.117424,-0.002,-0.3,-0.006,-0.125,-0.15,-0.5,0.496822,-0.019813,-0.007583,-0.000779,-0.113952,-0.084089,-0.026326,-0.027171,0.854859,-0.048502,-0.112961,-0.033509,-0.057062,1.657339,3.071265,-0.101464,-0.000591,-0.265876,0.045455,3.136364,0.014586,0.088051,0.122054
249,159.129196,1000.0,0.890266,0.857241,0.0,0.0,0.128169,63439.0,0.192668,0.457983,0.110577,0.2699,-0.035207,0.628251,5.110783,-0.002333,-0.3125,-0.00625,-0.130208,-0.15875,-0.529167,0.500007,-0.021193,-0.007715,0.0,-0.105342,-0.083007,-0.026362,-0.027441,0.842615,-0.046575,-0.103628,-0.032208,-0.050904,1.679972,3.165945,-0.101147,-0.000635,-0.308761,0.0,2.791667,0.014634,0.074559,0.102228
250,158.450455,995.02002,0.876032,0.854387,0.090909,0.0,0.127481,67826.0,0.193239,0.453526,0.121453,0.271704,-0.03454,0.615422,5.076366,-0.01,-0.6,-0.012,-0.25,-0.36,-1.2,0.49707,-0.02061,-0.008092,-0.000504,-0.104111,-0.083204,-0.026122,-0.028201,0.826745,-0.047316,-0.114663,-0.030309,-0.050087,1.66803,3.142755,-0.102147,-0.000713,-0.369505,0.0,18.772728,0.016741,0.102541,0.109893
251,160.024567,1000.0,0.870628,0.871485,0.0,0.0,0.126822,63987.0,0.1898,0.45977,0.114613,0.26148,-0.033778,0.60473,5.098919,-0.01,-0.6,-0.012,-0.25,-0.36,-1.2,0.500007,-0.023319,-0.007411,0.0,-0.106639,-0.08118,-0.024748,-0.0276,0.846269,-0.047585,-0.107536,-0.030686,-0.053662,1.676329,3.189013,-0.100396,-0.000649,-0.316018,0.0,7.541667,0.016111,0.087618,0.10175
252,160.469437,994.98999,0.861879,0.868863,0.041667,0.0,0.125883,64579.0,0.190362,0.472087,0.117146,0.267362,-0.033995,0.623881,5.083137,-0.01,-0.6,-0.012,-0.25,-0.36,-1.2,0.49926,-0.02497,-0.007496,-0.000119,-0.105209,-0.08191,-0.025483,-0.028664,0.846835,-0.049897,-0.113226,-0.031024,-0.053046,1.675194,3.144859,-0.103176,-0.000607,-0.273389,0.041667,9.375,0.016404,0.096322,0.101481
253,162.948532,1000.0,0.876512,0.866831,0.041667,0.0,0.125216,59226.0,0.181757,0.457439,0.122546,0.270798,-0.035965,0.659941,5.067982,-0.01,-0.6,-0.012,-0.25,-0.36,-1.2,0.498636,-0.02547,-0.005904,-0.000119,-0.105248,-0.080372,-0.024613,-0.028567,0.855133,-0.049584,-0.112215,-0.028833,-0.050424,1.703319,3.19528,-0.104564,-0.00056,-0.238258,0.0,8.25,0.015875,0.086398,0.113065
254,160.769638,994.599976,0.878525,0.870896,0.0,0.0,0.12476,65104.0,0.180931,0.448005,0.111899,0.253902,-0.032499,0.607539,5.055633,-0.01,-0.6,-0.012,-0.25,-0.36,-1.2,0.498982,-0.028546,-0.007037,-0.000152,-0.099469,-0.077874,-0.023504,-0.027969,0.836698,-0.048484,-0.109832,-0.029984,-0.049134,1.712707,3.248724,-0.102482,-0.000737,-0.293115,0.041667,8.208334,0.015028,0.104943,0.102944
255,164.139862,1000.0,0.876738,0.874068,0.0,0.0,0.124156,64575.0,0.183808,0.45362,0.111276,0.258775,-0.033626,0.612886,5.040912,-0.01,-0.6,-0.012,-0.25,-0.36,-1.2,0.500007,-0.030203,-0.007158,0.0,-0.100142,-0.078338,-0.024182,-0.02921,0.838389,-0.050661,-0.113757,-0.029749,-0.050424,1.707058,3.236334,-0.106035,-0.000688,-0.22624,0.0,7.791667,0.016696,0.089286,0.107167
256,162.074463,1000.0,0.885153,0.866518,0.0,0.0,0.123423,65123.0,0.182915,0.444164,0.120921,0.259504,-0.033652,0.618763,5.009102,-0.01,-0.6,-0.012,-0.25,-0.36,-1.2,0.500007,-0.031178,-0.007929,0.0,-0.101777,-0.077561,-0.023906,-0.02968,0.847162,-0.052085,-0.118365,-0.02983,-0.051124,1.708847,3.243416,-0.106159,-0.000671,-0.28908,0.0,6.708333,0.014366,0.081162,0.105477
257,161.024033,995.700012,0.864604,0.863931,0.041667,0.0,0.122672,64839.0,0.184148,0.449552,0.112132,0.258483,-0.032479,0.607132,5.015831,-0.01,-0.6,-0.012,-0.25,-0.36,-1.2,0.49851,-0.035412,-0.008722,-0.000278,-0.102543,-0.075324,-0.02345,-0.029704,0.836911,-0.05137,-0.112089,-0.030124,-0.052016,1.688531,3.251777,-0.106087,-0.000878,-0.281275,0.041667,7.166667,0.016948,0.089217,0.110652
258,155.53656,980.409973,0.84847,0.846185,0.125,0.0,0.121981,57371.0,0.181459,0.445516,0.117828,0.267059,-0.034969,0.635183,4.991956,-0.01,-0.6,-0.012,-0.25,-0.36,-1.2,0.488694,-0.034994,-0.008105,-0.000949,-0.103499,-0.075379,-0.024826,-0.03079,0.817952,-0.054458,-0.123322,-0.030253,-0.049876,1.660396,3.145702,-0.110289,-0.000713,-0.360152,0.0,6.083333,0.014195,0.09534,0.122935
259,161.33609,993.419983,0.876102,0.856437,0.041667,0.0,0.121087,62773.0,0.181669,0.444616,0.116493,0.264808,-0.033716,0.625715,4.989852,-0.01,-0.6,-0.012,-0.25,-0.36,-1.2,0.496574,-0.038445,-0.007788,-0.000417,-0.103312,-0.074794,-0.023684,-0.030788,0.848937,-0.054816,-0.122061,-0.02975,-0.05203,1.684561,3.246866,-0.109795,-0.000689,-0.301593,0.0,6.833333,0.015247,0.088079,0.105765
260,159.541855,1000.0,0.859946,0.867023,0.0,0.0,0.120231,64939.0,0.193053,0.451136,0.125166,0.279434,-0.035935,0.648057,4.945806,-0.01,-0.6,-0.012,-0.25,-0.36,-1.2,0.500007,-0.039702,-0.007741,0.0,-0.109366,-0.075884,-0.025361,-0.032859,0.855709,-0.057461,-0.128812,-0.030286,-0.054107,1.655941,3.228817,-0.114433,-0.000756,-0.305055,0.0,6.541667,0.017491,0.08684,0.112749
261,162.029785,1000.0,0.889098,0.865842,0.0,0.0,0.119742,64612.0,0.179344,0.45048,0.123611,0.269595,-0.035086,0.660269,4.95869,-0.01,-0.6,-0.012,-0.25,-0.36,-1.2,0.500007,-0.039733,-0.006032,0.0,-0.104165,-0.07532,-0.024415,-0.03263,0.855765,-0.057583,-0.132997,-0.028984,-0.050472,1.728473,3.25556,-0.115019,-0.000711,-0.36482,0.0,6.541667,0.016745,0.08173,0.114012
262,160.949966,989.590027,0.868166,0.861171,0.083333,0.0,0.119292,64861.0,0.179444,0.446557,0.114532,0.257997,-0.033903,0.625311,4.944941,-0.01,-0.6,-0.012,-0.25,-0.36,-1.2,0.49729,-0.04297,-0.005532,-0.000417,-0.101563,-0.073307,-0.023538,-0.032056,0.844593,-0.057089,-0.122207,-0.028733,-0.05062,1.687387,3.270485,-0.113257,-0.00081,-0.230439,0.041667,6.541667,0.01515,0.098051,0.111817
263,162.269211,999.070007,0.889695,0.870413,0.0,0.0,0.11889,57316.0,0.180679,0.454973,0.118393,0.262305,-0.034462,0.632982,4.926142,-0.01,-0.6,-0.012,-0.25,-0.36,-1.2,0.499615,-0.043052,-0.006185,-0.000333,-0.101604,-0.073701,-0.023575,-0.033091,0.852471,-0.058633,-0.13097,-0.028454,-0.050169,1.703838,3.262598,-0.116035,-0.000665,-0.258178,0.041667,6.083333,0.014665,0.093989,0.103533
264,163.296295,999.039978,0.859188,0.869487,0.083333,0.0,0.118165,62716.0,0.181392,0.432699,0.113705,0.259276,-0.032725,0.605471,4.938375,-0.01,-0.6,-0.012,-0.25,-0.36,-1.2,0.495297,-0.047548,-0.009298,-0.000902,-0.100294,-0.071329,-0.023534,-0.03367,0.83283,-0.057751,-0.128441,-0.027841,-0.050264,1.671476,3.288703,-0.116529,-0.000828,-0.204443,0.083333,5.083333,0.016801,0.099455,0.113297
265,161.788589,1000.0,0.871591,0.857749,0.0,0.0,0.117412,64415.0,0.176292,0.439622,0.116633,0.258982,-0.033482,0.652525,4.91392,-0.01,-0.6,-0.012,-0.25,-0.36,-1.2,0.500007,-0.047839,-0.006133,0.0,-0.101516,-0.070863,-0.021993,-0.032891,0.860204,-0.057716,-0.12202,-0.028907,-0.053157,1.727152,3.332027,-0.114049,-0.000948,-0.37762,0.0,4.333333,0.016474,0.095157,0.097481
266,162.721542,1000.0,0.862652,0.850765,0.0,0.0,0.116725,65126.0,0.176065,0.450634,0.116725,0.260973,-0.034729,0.641785,4.916042,-0.01,-0.6,-0.012,-0.25,-0.36,-1.2,0.500007,-0.048387,-0.005969,0.0,-0.10047,-0.071841,-0.02344,-0.034584,0.862304,-0.061382,-0.138078,-0.028254,-0.049798,1.715387,3.30003,-0.119881,-0.000783,-0.237284,0.0,4.875,0.016838,0.094742,0.101446
267,159.15213,990.890015,0.873915,0.859668,0.041667,0.0,0.115617,65243.0,0.177455,0.448042,0.116736,0.254313,-0.032758,0.612082,4.90824,-0.01,-0.6,-0.012,-0.25,-0.36,-1.2,0.497632,-0.050499,-0.00773,-0.000208,-0.098123,-0.070144,-0.022381,-0.034197,0.844514,-0.063316,-0.139281,-0.02728,-0.051079,1.716486,3.273016,-0.118696,-0.000916,-0.287576,0.0,5.541667,0.014799,0.090687,0.105187
268,163.837311,990.849976,0.872943,0.850603,0.083333,0.0,0.11488,65750.0,0.173192,0.437956,0.117577,0.264808,-0.034335,0.647541,4.893822,-0.01,-0.6,-0.012,-0.25,-0.36,-1.2,0.49386,-0.052616,-0.006537,-0.000611,-0.100417,-0.068743,-0.022887,-0.035051,0.848152,-0.062606,-0.136642,-0.028701,-0.049615,1.699093,3.289272,-0.121534,-0.000746,-0.243579,0.041667,4.541667,0.014013,0.093828,0.114601
269,164.332153,1000.0,0.873029,0.857696,0.0,0.0,0.114344,59079.0,0.174722,0.430741,0.120599,0.262265,-0.034884,0.638542,4.846693,-0.01,-0.6,-0.012,-0.25,-0.36,-1.2,0.500007,-0.05325,-0.004754,0.0,-0.098671,-0.068644,-0.022287,-0.03486,0.842113,-0.062042,-0.141593,-0.027557,-0.04945,1.713732,3.372387,-0.12309,-0.000911,-0.224763,0.0,5.666667,0.018973,0.091049,0.11621
270,160.162506,982.5,0.857071,0.846631,0.043478,0.0,0.113634,66771.0,0.175817,0.427527,0.112133,0.247601,-0.031586,0.605688,4.85104,-0.01,-0.6,-0.012,-0.25,-0.36,-1.2,0.493404,-0.056027,-0.006306,-0.000596,-0.096471,-0.066788,-0.021419,-0.035497,0.845727,-0.063001,-0.138729,-0.026867,-0.050724,1.692239,3.312869,-0.119767,-0.00085,-0.213498,0.043478,4.391304,0.016707,0.089351,0.127676
271,159.538666,987.48999,0.86425,0.841424,0.125,0.0,0.113056,64929.0,0.176527,0.42537,0.117744,0.259271,-0.032983,0.627728,4.873795,-0.01,-0.6,-0.012,-0.25,-0.36,-1.2,0.494517,-0.058905,-0.007132,-0.001167,-0.099218,-0.066363,-0.022457,-0.035428,0.833891,-0.064424,-0.137885,-0.026571,-0.050593,1.687799,3.33713,-0.121009,-0.00089,-0.373644,0.083333,4.625,0.018507,0.113817,0.135691
272,162.087173,990.150024,0.872707,0.850851,0.083333,0.0,0.112092,66199.0,0.171714,0.419518,0.110929,0.244902,-0.031226,0.608328,4.86653,-0.01,-0.6,-0.012,-0.25,-0.36,-1.2,0.494995,-0.060854,-0.006011,-0.000655,-0.094021,-0.064896,-0.020807,-0.034512,0.835398,-0.063279,-0.131559,-0.024808,-0.049468,1.701585,3.372915,-0.119178,-0.000995,-0.26049,0.041667,4.208333,0.019342,0.106468,0.129133
273,164.505676,1000.0,0.871148,0.853155,0.0,0.0,0.1115,66867.0,0.172875,0.416409,0.116003,0.257556,-0.032752,0.625349,4.88377,-0.01,-0.6,-0.012,-0.25,-0.36,-1.2,0.500007,-0.061521,-0.009362,0.0,-0.096078,-0.066017,-0.022281,-0.037068,0.833377,-0.06411,-0.141722,-0.025658,-0.047874,1.720915,3.424636,-0.12523,-0.000875,-0.242334,0.0,4.347826,0.01591,0.087886,0.104515
274,162.009079,995.390015,0.861417,0.841293,0.041667,0.0,0.110822,59184.0,0.177838,0.427008,0.120921,0.261238,-0.033536,0.647111,4.853808,-0.01,-0.6,-0.012,-0.25,-0.36,-1.2,0.4976,-0.062552,-0.006154,-0.000417,-0.097918,-0.065308,-0.021737,-0.037313,0.851097,-0.067828,-0.152695,-0.025426,-0.049256,1.707949,3.366473,-0.126355,-0.00091,-0.311364,0.0,3.583333,0.020457,0.095952,0.123445
275,161.534393,991.369995,0.85983,0.84805,0.043478,0.0,0.110136,65814.0,0.176906,0.430686,0.122819,0.270958,-0.035208,0.655873,4.811677,-0.01,-0.6,-0.012,-0.25,-0.36,-1.2,0.49446,-0.066052,-0.007003,-0.000928,-0.099705,-0.064605,-0.023012,-0.038895,0.83696,-0.069645,-0.153662,-0.028164,-0.049302,1.682162,3.328264,-0.132176,-0.000913,-0.289392,0.043478,3.869565,0.018695,0.108796,0.122282
276,164.369461,996.51001,0.876059,0.858839,0.045455,0.0,0.109608,67861.0,0.16441,0.427004,0.120089,0.251366,-0.032684,0.649563,4.79967,-0.01,-0.6,-0.012,-0.25,-0.36,-1.2,0.499234,-0.063551,-0.004439,-0.000606,-0.094732,-0.065392,-0.021321,-0.037849,0.847741,-0.068858,-0.147952,-0.026009,-0.04763,1.756999,3.391575,-0.128229,-0.000627,-0.234636,0.045455,2.772727,0.015557,0.090743,0.10746
277,164.869598,1000.0,0.876585,0.864668,0.0,0.0,0.109105,64029.0,0.17462,0.430108,0.117792,0.261278,-0.034515,0.662572,4.797649,-0.01,-0.6,-0.012,-0.25,-0.36,-1.2,0.500007,-0.069133,-0.005564,0.0,-0.097169,-0.063611,-0.022123,-0.039303,0.85492,-0.071141,-0.153322,-0.027804,-0.048286,1.700734,3.393838,-0.130686,-0.000699,-0.273661,0.0,3.166667,0.018228,0.112524,0.093182
278,162.201797,984.940002,0.874295,0.861023,0.095238,0.0,0.108594,69160.0,0.163202,0.414192,0.112817,0.245274,-0.031992,0.633483,4.788377,-0.01,-0.6,-0.012,-0.25,-0.36,-1.2,0.491264,-0.067224,-0.007347,-0.000762,-0.09298,-0.061587,-0.020145,-0.036501,0.839531,-0.06875,-0.139811,-0.023016,-0.049342,1.702692,3.371214,-0.124384,-0.000965,-0.217657,0.0,3.380952,0.014744,0.101702,0.12707
279,164.909866,999.299988,0.857849,0.850109,0.047619,0.0,0.108072,69394.0,0.169656,0.427905,0.128081,0.255314,-0.032631,0.653756,4.767284,-0.01,-0.6,-0.012,-0.25,-0.36,-1.2,0.499161,-0.067964,-0.006134,-0.000952,-0.096766,-0.06357,-0.021502,-0.039955,0.869881,-0.072625,-0.165521,-0.026018,-0.049632,1.738673,3.408964,-0.130535,-0.001157,-0.243533,0.0,3.428571,0.018692,0.108539,0.123505
280,162.211761,1000.0,0.88663,0.851701,0.0,0.0,0.10752,61224.0,0.177143,0.432198,0.118087,0.261838,-0.034034,0.640858,4.777113,-0.01,-0.6,-0.012,-0.25,-0.36,-1.2,0.500007,-0.074134,-0.006911,0.0,-0.099892,-0.06221,-0.021608,-0.040422,0.869356,-0.074293,-0.166872,-0.028228,-0.052262,1.705067,3.401489,-0.133221,-0.000935,-0.285188,0.0,3.363636,0.017055,0.093582,0.108499
281,157.135239,965.059998,0.787772,0.809741,0.105263,0.0,0.107167,72904.0,0.151238,0.372964,0.125022,0.229699,-0.028606,0.600074,4.749639,-0.01,-0.6,-0.012,-0.25,-0.36,-1.2,0.452688,-0.05926,-0.005082,-0.004,-0.08787,-0.055186,-0.01755,-0.035458,0.790548,-0.065527,-0.160042,-0.020775,-0.047462,1.594425,3.141218,-0.115793,-0.000942,-0.35396,0.105263,2.526316,0.01747,0.088239,0.176625
282,155.691559,950.400024,0.8417,0.856118,0.095238,0.0,0.106574,69725.0,0.180564,0.403703,0.113919,0.265275,-0.032923,0.622892,4.735623,-0.01,-0.6,-0.012,-0.25,-0.36,-1.2,0.495013,-0.078314,-0.007218,-0.000544,-0.095532,-0.060046,-0.021309,-0.040342,0.831144,-0.071859,-0.153756,-0.025242,-0.046954,1.654642,3.438453,-0.135355,-0.001103,-0.215062,0.047619,2.476191,0.016722,0.069188,0.126209
283,165.264481,999.690002,0.858821,0.858495,0.043478,0.0,0.106051,66254.0,0.165467,0.417905,0.130575,0.267414,-0.034755,0.674241,4.713134,-0.01,-0.6,-0.012,-0.25,-0.36,-1.2,0.499868,-0.070284,-0.00462,-0.000348,-0.093265,-0.062103,-0.022156,-0.042666,0.854358,-0.075614,-0.177748,-0.024093,-0.045851,1.757453,3.434026,-0.141335,-0.00084,-0.278777,0.0,2.521739,0.017279,0.096914,0.118236
284,163.190125,996.599976,0.88394,0.847902,0.0,0.0,0.10551,65826.0,0.169476,0.415543,0.117779,0.252141,-0.031931,0.648003,4.729967,-0.01,-0.6,-0.012,-0.25,-0.36,-1.2,0.498524,-0.079912,-0.008767,-0.000348,-0.092491,-0.057027,-0.018978,-0.039417,0.85122,-0.068859,-0.1543,-0.023489,-0.048792,1.710487,3.511508,-0.130629,-0.000991,-0.329526,0.043478,3.304348,0.01765,0.091287,0.133831
285,163.63147,998.869995,0.848973,0.864933,0.043478,0.0,0.105031,58626.0,0.17659,0.426748,0.134955,0.260579,-0.032779,0.652187,4.737455,-0.01,-0.6,-0.012,-0.25,-0.36,-1.2,0.499594,-0.075779,-0.006219,-0.00029,-0.097925,-0.059085,-0.020407,-0.04312,0.860995,-0.076015,-0.189188,-0.023774,-0.049513,1.706714,3.452712,-0.137707,-0.001262,-0.353236,0.0,2.478261,0.01667,0.108302,0.111939
286,160.92067,994.109985,0.852692,0.854821,0.130435,0.0,0.104529,66052.0,0.167941,0.399353,0.111859,0.232209,-0.028869,0.593303,4.726149,-0.01,-0.6,-0.012,-0.25,-0.36,-1.2,0.497716,-0.081939,-0.010161,-0.001118,-0.086704,-0.056982,-0.019524,-0.041949,0.828351,-0.075835,-0.1731,-0.023084,-0.044815,1.72679,3.500285,-0.13301,-0.001362,-0.290611,0.0,3.043478,0.019666,0.098686,0.118732
287,164.368576,998.669983,0.850693,0.862255,0.0,0.0,0.10428,66006.0,0.165164,0.409378,0.117389,0.261705,-0.034355,0.677549,4.735836,-0.01,-0.6,-0.012,-0.25,-0.36,-1.2,0.500007,-0.082921,-0.003852,0.0,-0.095712,-0.057906,-0.020998,-0.043802,0.850011,-0.077038,-0.165725,-0.024719,-0.048265,1.732008,3.498489,-0.14249,-0.001373,-0.371372,0.0,2.833333,0.018686,0.084071,0.104491
288,162.812714,994.48999,0.882326,0.868891,0.1,0.0,0.103728,70544.0,0.161224,0.411083,0.110089,0.241715,-0.030667,0.622225,4.70791,-0.01,-0.6,-0.012,-0.25,-0.36,-1.2,0.497867,-0.087817,-0.007667,-0.0007,-0.088125,-0.057133,-0.019211,-0.041158,0.840183,-0.076691,-0.157044,-0.021239,-0.044797,1.734427,3.49387,-0.137125,-0.001197,-0.30987,0.0,2.85,0.016809,0.092422,0.103061
289,162.813141,994.48999,0.855492,0.845132,0.0,0.0,0.1033,68187.0,0.161252,0.395082,0.120951,0.249599,-0.031501,0.635847,4.706267,-0.01,-0.6,-0.012,-0.25,-0.36,-1.2,0.500007,-0.089589,-0.008329,0.0,-0.092841,-0.055831,-0.020022,-0.04282,0.854095,-0.073661,-0.157722,-0.022124,-0.047478,1.733923,3.575042,-0.13962,-0.001152,-0.382188,0.0,2.272727,0.020187,0.114177,0.112596
290,164.392395,998.890015,0.8565,0.857312,0.0,0.0,0.102824,68099.0,0.172713,0.402564,0.117202,0.271154,-0.033676,0.661516,4.729561,-0.01,-0.6,-0.012,-0.25,-0.36,-1.2,0.49937,-0.094001,-0.011877,-0.000455,-0.09554,-0.055382,-0.019877,-0.043224,0.854359,-0.076972,-0.15612,-0.021825,-0.050043,1.681029,3.526246,-0.144338,-0.00176,-0.347193,0.045455,3.727273,0.016502,0.109108,0.110104
291,166.527985,1000.0,0.873545,0.857628,0.0,0.0,0.10243,59566.0,0.161404,0.375907,0.096049,0.223108,-0.027694,0.565012,4.719531,-0.01,-0.6,-0.012,-0.25,-0.36,-1.2,0.500007,-0.098055,-0.009528,0.0,-0.081499,-0.053588,-0.01873,-0.042717,0.798456,-0.077803,-0.152555,-0.023157,-0.042464,1.738955,3.586068,-0.135178,-0.001213,-0.290354,0.0,17.217392,0.021033,0.096826,0.11342
292,168.010666,999.380005,0.867083,0.857816,0.043478,0.0,0.102025,65773.0,0.155852,0.388283,0.121168,0.248581,-0.032511,0.662393,4.707623,-0.01,-0.6,-0.012,-0.25,-0.36,-1.2,0.499733,-0.091222,-0.006312,-0.000348,-0.089259,-0.054121,-0.019387,-0.042846,0.84918,-0.074721,-0.159079,-0.02231,-0.045302,1.77487,3.598671,-0.140235,-0.001101,-0.258311,0.0,4.521739,0.015824,0.082214,0.10149
293,167.972122,1000.0,0.868677,0.853669,0.0,0.0,0.101622,63271.0,0.163193,0.398354,0.109856,0.244008,-0.031331,0.635387,4.699537,-0.01,-0.6,-0.012,-0.25,-0.36,-1.2,0.500007,-0.093779,-0.007849,0.0,-0.087879,-0.053656,-0.019458,-0.043458,0.84831,-0.075903,-0.160766,-0.022464,-0.045296,1.741933,3.576252,-0.13905,-0.00088,-0.255221,0.0,8.75,0.016558,0.099806,0.116339
294,167.448502,1000.0,0.879517,0.863404,0.0,0.0,0.101348,64157.0,0.16071,0.40275,0.113091,0.245936,-0.031971,0.64255,4.729165,-0.01,-0.6,-0.012,-0.25,-0.36,-1.2,0.500007,-0.091394,-0.007181,0.0,-0.089436,-0.053543,-0.019575,-0.043035,0.854766,-0.077086,-0.164003,-0.023232,-0.046927,1.743756,3.565017,-0.138241,-0.000961,-0.213034,0.0,8.666667,0.014931,0.095267,0.112548
295,164.827026,999.280029,0.867887,0.856989,0.041667,0.0,0.100932,65780.0,0.167992,0.39684,0.118799,0.253051,-0.032076,0.649025,4.721551,-0.01,-0.6,-0.012,-0.25,-0.36,-1.2,0.499789,-0.09116,-0.009343,-0.000238,-0.092903,-0.053419,-0.019844,-0.044028,0.849231,-0.078491,-0.174946,-0.024421,-0.048275,1.718296,3.556059,-0.137958,-0.001233,-0.313331,0.0,8.5,0.017017,0.102968,0.12541
296,165.803192,1000.0,0.869571,0.852847,0.041667,0.0,0.100324,56921.0,0.169409,0.387956,0.118121,0.249936,-0.031479,0.637286,4.711642,-0.01,-0.6,-0.012,-0.25,-0.36,-1.2,0.499615,-0.090816,-0.008259,-0.000152,-0.090489,-0.052262,-0.019366,-0.043344,0.845886,-0.074756,-0.172875,-0.022667,-0.047424,1.714347,3.600619,-0.135524,-0.001058,-0.284263,0.0,8.166667,0.016359,0.088065,0.125542
297,166.67334,1000.0,0.862814,0.858216,0.0,0.0,0.099961,64937.0,0.16539,0.396705,0.116541,0.239886,-0.030801,0.610934,4.698762,-0.01,-0.6,-0.012,-0.25,-0.36,-1.2,0.49809,-0.088142,-0.006111,-0.000167,-0.087342,-0.052595,-0.019333,-0.043347,0.839706,-0.077149,-0.173956,-0.022906,-0.046236,1.7173,3.553666,-0.135006,-0.001322,-0.297921,0.041667,7.083333,0.017796,0.097862,0.116868
298,165.240616,999.47998,0.880485,0.857968,0.041667,0.0,0.099346,65624.0,0.158924,0.401572,0.117002,0.246333,-0.032154,0.650509,4.701107,-0.01,-0.6,-0.012,-0.25,-0.36,-1.2,0.499884,-0.091066,-0.005286,-0.000185,-0.09013,-0.052019,-0.019325,-0.042542,0.857292,-0.074762,-0.16482,-0.022968,-0.046968,1.751024,3.587296,-0.135157,-0.001017,-0.341646,0.041667,6.875,0.015782,0.103423,0.113128
299,168.7229,1000.0,0.871839,0.863703,0.041667,0.0,0.098837,64552.0,0.161466,0.389371,0.112613,0.237302,-0.030107,0.620221,4.687365,-0.01,-0.6,-0.012,-0.25,-0.36,-1.2,0.499014,-0.08866,-0.006128,-0.000119,-0.085711,-0.050459,-0.0182,-0.041441,0.847514,-0.072258,-0.160445,-0.021667,-0.045925,1.737193,3.620224,-0.130524,-0.000928,-0.209335,0.0,6.791667,0.015402,0.093167,0.111646
300,165.787338,990.820007,0.879424,0.859145,0.041667,0.0,0.098237,62088.0,0.160273,0.393026,0.118763,0.259408,-0.03396,0.68521,4.683737,-0.01,-0.6,-0.012,-0.25,-0.36,-1.2,0.497272,-0.092215,-0.006521,-0.000238,-0.091533,-0.051028,-0.019641,-0.043298,0.853992,-0.075418,-0.16023,-0.023894,-0.046448,1.721658,3.571692,-0.13689,-0.001078,-0.341837,0.0,6.25,0.015639,0.088866,0.113689
301,165.140808,981.450012,0.850622,0.840995,0.083333,0.0,0.097934,56109.0,0.154603,0.377003,0.1159,0.238925,-0.030832,0.630346,4.670309,-0.01,-0.6,-0.012,-0.25,-0.36,-1.2,0.489033,-0.085596,-0.00506,-0.001167,-0.084637,-0.049651,-0.018815,-0.041629,0.831005,-0.072255,-0.163633,-0.021761,-0.043674,1.720395,3.548385,-0.129554,-0.000904,-0.262387,0.041667,6.625,0.016814,0.097836,0.120694
302,166.066162,982.969971,0.863406,0.853485,0.083333,0.0,0.097435,62393.0,0.156118,0.375334,0.113583,0.238651,-0.030975,0.628265,4.687342,-0.01,-0.6,-0.012,-0.25,-0.36,-1.2,0.492756,-0.088115,-0.006538,-0.000655,-0.084896,-0.048989,-0.018918,-0.041279,0.836187,-0.071436,-0.162173,-0.022605,-0.043441,1.727782,3.595152,-0.128289,-0.00107,-0.255593,0.041667,6.791667,0.017073,0.097294,0.122059
303,168.596664,1000.0,0.875195,0.867359,0.0,0.0,0.09712,61701.0,0.161136,0.386375,0.114941,0.251817,-0.032861,0.657984,4.670293,-0.01,-0.6,-0.012,-0.25,-0.36,-1.2,0.500007,-0.091237,-0.007298,0.0,-0.089692,-0.049764,-0.019519,-0.042441,0.850671,-0.072456,-0.154422,-0.022444,-0.047136,1.735282,3.632502,-0.132099,-0.001199,-0.280176,0.0,6.625,0.016163,0.085656,0.118807
304,167.270493,990.719971,0.863578,0.86476,0.041667,0.0,0.096673,62384.0,0.155404,0.385319,0.109865,0.237304,-0.030645,0.621032,4.68738,-0.01,-0.6,-0.012,-0.25,-0.36,-1.2,0.497856,-0.088056,-0.005932,-0.000185,-0.084499,-0.048666,-0.018406,-0.041365,0.840448,-0.071248,-0.156342,-0.021261,-0.045417,1.750804,3.624076,-0.126919,-0.000869,-0.255434,0.0,5.916667,0.014829,0.096913,0.099334
305,163.96312,987.349976,0.862829,0.837591,0.083333,0.0,0.096243,62380.0,0.161425,0.381139,0.116741,0.250873,-0.032747,0.663253,4.675051,-0.01,-0.6,-0.012,-0.25,-0.36,-1.2,0.495607,-0.088568,-0.006105,-0.000556,-0.090056,-0.048081,-0.018264,-0.04145,0.85461,-0.071887,-0.159504,-0.022476,-0.048135,1.713555,3.605936,-0.128866,-0.001068,-0.384954,0.041667,6.208333,0.016757,0.100286,0.138725
306,166.968414,993.570007,0.872616,0.848495,0.0,0.0,0.095898,56123.0,0.162033,0.386497,0.119438,0.255023,-0.032373,0.670081,4.68292,-0.01,-0.6,-0.012,-0.25,-0.36,-1.2,0.49809,-0.091372,-0.007342,-0.000238,-0.08808,-0.048025,-0.01909,-0.041693,0.851319,-0.071651,-0.153394,-0.023255,-0.04614,1.72261,3.625999,-0.128285,-0.001149,-0.301132,0.041667,4.666667,0.016446,0.087632,0.122334
307,169.615646,1000.0,0.862265,0.851271,0.0,0.0,0.095591,62919.0,0.158247,0.390633,0.120799,0.239978,-0.030681,0.63029,4.677185,-0.01,-0.6,-0.012,-0.25,-0.36,-1.2,0.500007,-0.083804,-0.005126,0.0,-0.083525,-0.048007,-0.017933,-0.041133,0.84744,-0.06951,-0.162937,-0.019303,-0.044714,1.758617,3.651575,-0.125729,-0.000742,-0.235669,0.0,4.458333,0.019242,0.09831,0.109336
308,170.376633,1000.0,0.881746,0.851247,0.0,0.0,0.094985,62296.0,0.153417,0.386927,0.121233,0.253019,-0.033405,0.689,4.691295,-0.01,-0.6,-0.012,-0.25,-0.36,-1.2,0.500007,-0.086469,-0.004969,0.0,-0.091293,-0.04807,-0.019136,-0.042731,0.865503,-0.07154,-0.171129,-0.02195,-0.046368,1.770292,3.643253,-0.129336,-0.001113,-0.258153,0.0,5.25,0.016956,0.086152,0.113487
309,168.740433,994.530029,0.868309,0.855165,0.041667,0.0,0.094489,61551.0,0.157487,0.380508,0.113,0.239705,-0.030963,0.64344,4.682229,-0.01,-0.6,-0.012,-0.25,-0.36,-1.2,0.498104,-0.088273,-0.006956,-0.000278,-0.085028,-0.046401,-0.017599,-0.039632,0.853516,-0.068383,-0.15527,-0.021641,-0.046014,1.734427,3.668225,-0.12279,-0.000982,-0.29253,0.041667,4.75,0.017041,0.097226,0.134025
310,171.15834,991.809998,0.878528,0.852847,0.041667,0.0,0.09412,57404.0,0.151466,0.377746,0.109711,0.244195,-0.032035,0.675127,4.667561,-0.01,-0.6,-0.012,-0.25,-0.36,-1.2,0.498109,-0.091032,-0.006799,-0.000185,-0.084915,-0.04655,-0.018199,-0.041008,0.853855,-0.06982,-0.148159,-0.022151,-0.043416,1.753129,3.652893,-0.126256,-0.000952,-0.258281,0.041667,4.916667,0.015087,0.09869,0.109807
311,166.994049,990.559998,0.858706,0.838484,0.086957,0.0,0.093684,53921.0,0.160097,0.392493,0.121008,0.242529,-0.030702,0.645283,4.660034,-0.01,-0.6,-0.012,-0.25,-0.36,-1.2,0.496341,-0.083839,-0.006055,-0.000391,-0.086403,-0.046647,-0.017804,-0.040771,0.853734,-0.069925,-0.164556,-0.02041,-0.04606,1.723286,3.62456,-0.122761,-0.001002,-0.313236,0.0,5.347826,0.017555,0.102185,0.108441
312,166.024292,990.210022,0.864474,0.85361,0.041667,0.0,0.093395,66027.0,0.155168,0.377207,0.121282,0.246082,-0.031893,0.674516,4.665953,-0.01,-0.6,-0.012,-0.25,-0.36,-1.2,0.497455,-0.085946,-0.006553,-0.000208,-0.08692,-0.045812,-0.018053,-0.041083,0.856512,-0.068605,-0.160955,-0.021204,-0.045068,1.752677,3.661317,-0.122625,-0.000918,-0.478428,0.0,5.083333,0.016579,0.103093,0.119224
313,169.0392,1000.0,0.855696,0.849937,0.0,0.0,0.092897,65853.0,0.177292,0.388477,0.12257,0.256581,-0.031031,0.636543,4.674554,-0.01,-0.6,-0.012,-0.25,-0.36,-1.2,0.500007,-0.093986,-0.011488,0.0,-0.091423,-0.045368,-0.018511,-0.041428,0.858809,-0.067764,-0.153419,-0.021847,-0.049583,1.662527,3.67443,-0.123172,-0.001172,-0.233193,0.0,4.416667,0.019928,0.113103,0.134913
314,167.696594,995.130005,0.841527,0.846207,0.041667,0.0,0.092507,65589.0,0.163186,0.362157,0.119384,0.245547,-0.031086,0.646944,4.666815,-0.01,-0.6,-0.012,-0.25,-0.36,-1.2,0.494923,-0.087042,-0.009892,-0.000833,-0.084903,-0.044615,-0.017779,-0.040322,0.837673,-0.06689,-0.163481,-0.020367,-0.044225,1.702811,3.680397,-0.120393,-0.001481,-0.316277,0.0,4.0,0.019696,0.106062,0.131017
315,170.607224,1000.0,0.872215,0.851385,0.0,0.0,0.092141,67276.0,0.161661,0.375933,0.116434,0.248759,-0.030803,0.646916,4.645994,-0.01,-0.6,-0.012,-0.25,-0.36,-1.2,0.500007,-0.08975,-0.006895,0.0,-0.086565,-0.044576,-0.017738,-0.040412,0.852253,-0.066655,-0.152364,-0.02254,-0.046074,1.733469,3.70491,-0.121182,-0.000933,-0.253651,0.0,4.521739,0.017455,0.100379,0.120992
316,169.571121,995.840027,0.853601,0.854059,0.043478,0.0,0.091614,67487.0,0.158909,0.378108,0.123001,0.249972,-0.032322,0.663072,4.656991,-0.01,-0.6,-0.012,-0.25,-0.36,-1.2,0.498874,-0.086127,-0.006066,-0.000217,-0.086035,-0.045368,-0.018471,-0.040925,0.857555,-0.068909,-0.166454,-0.022077,-0.045363,1.730268,3.675953,-0.121902,-0.001486,-0.374093,0.043478,3.521739,0.017934,0.103549,0.117781
317,172.95047,1000.0,0.865141,0.847109,0.0,0.0,0.0911,59100.0,0.1449,0.372814,0.111437,0.220725,-0.02863,0.632816,4.640566,-0.01,-0.6,-0.012,-0.25,-0.36,-1.2,0.500007,-0.083861,-0.004251,0.0,-0.074438,-0.043532,-0.015986,-0.037805,0.844237,-0.062924,-0.148463,-0.017989,-0.038653,1.797564,3.75689,-0.113196,-0.000968,-0.217268,0.0,3.5,0.017211,0.092224,0.131044
318,169.620697,994.369995,0.818726,0.835638,0.045455,0.0,0.090798,69293.0,0.168097,0.376569,0.109789,0.251795,-0.03139,0.631651,4.619049,-0.01,-0.6,-0.012,-0.25,-0.36,-1.2,0.495734,-0.094649,-0.009413,-0.000606,-0.086337,-0.043652,-0.018959,-0.041737,0.841638,-0.067818,-0.146856,-0.022522,-0.046429,1.682149,3.659297,-0.121675,-0.000916,-0.281606,0.0,2.954545,0.020067,0.103937,0.118533
319,169.833694,1000.0,0.863503,0.858533,0.0,0.0,0.090193,66340.0,0.165808,0.378072,0.121654,0.253146,-0.031913,0.658762,4.618422,-0.01,-0.6,-0.012,-0.25,-0.36,-1.2,0.500007,-0.088026,-0.008721,0.0,-0.087434,-0.04417,-0.018556,-0.040858,0.864872,-0.068226,-0.168644,-0.02317,-0.046213,1.717343,3.685583,-0.121377,-0.001219,-0.323411,0.0,3.541667,0.015301,0.092541,0.096053
320,168.913345,991.23999,0.859258,0.841413,0.105263,0.0,0.089751,73124.0,0.150618,0.374749,0.117213,0.244277,-0.030651,0.659858,4.608543,-0.01,-0.6,-0.012,-0.25,-0.36,-1.2,0.492305,-0.084211,-0.004506,-0.001404,-0.082547,-0.043651,-0.016817,-0.039059,0.857683,-0.066614,-0.148928,-0.020152,-0.044112,1.729684,3.646172,-0.118159,-0.001131,-0.262587,0.0,2.842105,0.017697,0.090421,0.142279
321,173.411499,1000.0,0.894083,0.834889,0.0,0.0,0.089533,67081.0,0.143833,0.358065,0.110915,0.22268,-0.028834,0.618231,4.590225,-0.01,-0.6,-0.012,-0.25,-0.36,-1.2,0.500007,-0.082809,-0.004371,0.0,-0.075267,-0.042315,-0.015844,-0.037652,0.836406,-0.061278,-0.144043,-0.01738,-0.039326,1.799386,3.789064,-0.113157,-0.000912,-0.236644,0.0,3.545455,0.013826,0.111694,0.091342
322,173.029312,1000.0,0.850704,0.830397,0.0,0.0,0.089147,69983.0,0.152957,0.374323,0.129013,0.2567,-0.034179,0.715889,4.618733,-0.01,-0.6,-0.012,-0.25,-0.36,-1.2,0.500007,-0.084238,-0.004861,0.0,-0.089429,-0.043675,-0.018934,-0.041458,0.872132,-0.066109,-0.172775,-0.022709,-0.046919,1.769048,3.720583,-0.11961,-0.00115,-0.231812,0.0,3.142857,0.018002,0.092762,0.114285
323,169.287766,979.22998,0.826656,0.795507,0.0,0.0,0.088741,74659.0,0.146625,0.348918,0.103378,0.226761,-0.028895,0.62016,4.574654,-0.01,-0.6,-0.012,-0.25,-0.36,-1.2,0.476685,-0.088557,-0.005065,-0.002407,-0.082738,-0.039333,-0.016223,-0.036202,0.826586,-0.060771,-0.134178,-0.020705,-0.047991,1.670434,3.591004,-0.106406,-0.001308,-0.258777,0.166667,3.0,0.015848,0.13508,0.136854
324,166.910172,975.330017,0.847542,0.85031,0.043478,0.0,0.088491,67874.0,0.153449,0.347468,0.114407,0.247697,-0.03085,0.657136,4.629378,-0.01,-0.6,-0.012,-0.25,-0.36,-1.2,0.497882,-0.090761,-0.009715,-0.000435,-0.081249,-0.041371,-0.016999,-0.038686,0.846634,-0.064226,-0.142179,-0.021773,-0.043863,1.747631,3.759076,-0.116419,-0.001067,-0.363625,0.0,2.391304,0.01553,0.095569,0.11376
325,173.378448,996.099976,0.885168,0.864407,0.0,0.0,0.088008,67118.0,0.150904,0.364911,0.137113,0.240134,-0.031387,0.674099,4.584002,-0.01,-0.6,-0.012,-0.25,-0.36,-1.2,0.500007,-0.080448,-0.003903,0.0,-0.081379,-0.040829,-0.016373,-0.037879,0.872421,-0.061114,-0.160559,-0.019348,-0.041438,1.768946,3.788667,-0.111467,-0.00071,-0.203514,0.0,2.826087,0.017,0.082733,0.122782
326,173.441666,1000.0,0.859988,0.843393,0.0,0.0,0.087648,68004.0,0.155025,0.376658,0.121784,0.253145,-0.033577,0.687012,4.588568,-0.01,-0.6,-0.012,-0.25,-0.36,-1.2,0.500007,-0.087117,-0.005387,0.0,-0.086546,-0.042436,-0.01848,-0.040804,0.859673,-0.06744,-0.159152,-0.022312,-0.043281,1.752056,3.714154,-0.119954,-0.000832,-0.222754,0.0,3.136364,0.018099,0.102113,0.113223
327,173.479202,1000.0,0.876815,0.867881,0.0,0.0,0.087543,66893.0,0.150057,0.36089,0.113729,0.230806,-0.029082,0.642026,4.596357,-0.01,-0.6,-0.012,-0.25,-0.36,-1.2,0.500007,-0.086643,-0.004784,0.0,-0.078873,-0.03978,-0.0148,-0.035609,0.861919,-0.058754,-0.130824,-0.019019,-0.04699,1.758047,3.817508,-0.10632,-0.000888,-0.242239,0.0,2.652174,0.018213,0.083948,0.120317
328,172.384567,990.5,0.870762,0.831666,0.043478,0.0,0.087258,58754.0,0.154665,0.355187,0.121551,0.254746,-0.034246,0.685079,4.587094,-0.01,-0.6,-0.012,-0.25,-0.36,-1.2,0.494838,-0.087385,-0.003212,-0.000435,-0.084035,-0.041412,-0.018093,-0.039667,0.850413,-0.063618,-0.152887,-0.022333,-0.041842,1.720083,3.725047,-0.118227,-0.001292,-0.283997,0.0,3.130435,0.017155,0.112571,0.138785
329,173.200516,1000.0,0.852487,0.829049,0.0,0.0,0.08708,68626.0,0.14662,0.356118,0.118597,0.246559,-0.03119,0.678445,4.587653,-0.01,-0.6,-0.012,-0.25,-0.36,-1.2,0.500007,-0.084791,-0.003953,0.0,-0.080397,-0.040559,-0.017058,-0.038409,0.867331,-0.060021,-0.141024,-0.01912,-0.042086,1.780021,3.81349,-0.113303,-0.000746,-0.310571,0.0,2.954545,0.017965,0.106072,0.129102
330,171.048645,992.960022,0.847941,0.83573,0.047619,0.0,0.086736,69270.0,0.148576,0.365203,0.117905,0.239027,-0.029293,0.644054,4.603916,-0.01,-0.6,-0.012,-0.25,-0.36,-1.2,0.498481,-0.084001,-0.005281,-0.000173,-0.080114,-0.0403,-0.016848,-0.039023,0.86786,-0.061318,-0.146078,-0.018391,-0.043129,1.775817,3.771108,-0.110678,-0.00075,-0.297866,0.0,2.809524,0.019992,0.108169,0.109586
331,167.250809,987.98999,0.850794,0.832516,0.090909,0.0,0.086613,68852.0,0.152844,0.366348,0.110479,0.241863,-0.031197,0.652387,4.595948,-0.01,-0.6,-0.012,-0.25,-0.36,-1.2,0.4931,-0.08454,-0.005214,-0.002045,-0.08288,-0.039696,-0.016638,-0.038487,0.853424,-0.061437,-0.144904,-0.02087,-0.045443,1.728649,3.714901,-0.111356,-0.000932,-0.390668,0.0,2.409091,0.017232,0.115786,0.124743
332,172.120071,995.030029,0.854536,0.845312,0.0,0.0,0.086231,65190.0,0.173034,0.354813,0.129463,0.26461,-0.032514,0.680513,4.586604,-0.01,-0.6,-0.012,-0.25,-0.36,-1.2,0.500007,-0.087979,-0.006059,0.0,-0.087294,-0.040803,-0.018282,-0.040564,0.869404,-0.064649,-0.157045,-0.020568,-0.044567,1.691804,3.760582,-0.115983,-0.001369,-0.257383,0.0,3.375,0.016302,0.098494,0.090102
333,174.624084,1000.0,0.865842,0.842972,0.0,0.0,0.085837,67871.0,0.152438,0.358919,0.127954,0.253147,-0.032627,0.692061,4.600326,-0.01,-0.6,-0.012,-0.25,-0.36,-1.2,0.500007,-0.086351,-0.005195,0.0,-0.085219,-0.04061,-0.018096,-0.040079,0.863236,-0.063251,-0.158668,-0.018761,-0.042113,1.765458,3.78131,-0.114754,-0.001152,-0.273987,0.0,17.772728,0.015714,0.102072,0.102222
334,175.610504,1000.0,0.864131,0.852969,0.0,0.0,0.085666,57268.0,0.1482,0.356033,0.123312,0.236418,-0.03004,0.649882,4.549842,-0.01,-0.6,-0.012,-0.25,-0.36,-1.2,0.500007,-0.08454,-0.005813,0.0,-0.079209,-0.038943,-0.016247,-0.037375,0.85638,-0.058742,-0.144877,-0.017915,-0.040228,1.779663,3.825181,-0.107575,-0.000858,-0.254285,0.0,5.625,0.015311,0.096351,0.111606
335,173.600571,1000.0,0.866156,0.845514,0.041667,0.0,0.085429,64712.0,0.155002,0.35479,0.127962,0.250341,-0.031062,0.677418,4.576095,-0.01,-0.6,-0.012,-0.25,-0.36,-1.2,0.499721,-0.084876,-0.006675,-9.3e-05,-0.082258,-0.038992,-0.016888,-0.037996,0.865836,-0.059808,-0.150908,-0.019156,-0.043466,1.749386,3.812011,-0.109243,-0.001081,-0.288783,0.0,10.041667,0.016295,0.094876,0.128304
336,175.037476,1000.0,0.869555,0.854358,0.0,0.0,0.085417,62280.0,0.15007,0.356787,0.124103,0.242927,-0.030493,0.669471,4.572277,-0.01,-0.6,-0.012,-0.25,-0.36,-1.2,0.500007,-0.085852,-0.004907,0.0,-0.081385,-0.038368,-0.016316,-0.037335,0.868353,-0.058864,-0.14176,-0.018693,-0.043639,1.761831,3.823582,-0.106935,-0.000884,-0.240144,0.0,7.833333,0.015877,0.088561,0.106156
337,173.273178,997.97998,0.869659,0.851554,0.041667,0.0,0.085272,65002.0,0.149507,0.353587,0.119681,0.248596,-0.031714,0.682026,4.555908,-0.01,-0.6,-0.012,-0.25,-0.36,-1.2,0.499537,-0.088861,-0.006212,-0.000185,-0.080254,-0.038178,-0.016552,-0.037234,0.865441,-0.058778,-0.130882,-0.019867,-0.043092,1.752188,3.823107,-0.10974,-0.001184,-0.312124,0.041667,8.541667,0.015981,0.089175,0.11582
338,176.356537,1000.0,0.875734,0.850286,0.0,0.0,0.084884,64739.0,0.147097,0.348031,0.121392,0.238522,-0.030279,0.658213,4.582773,-0.01,-0.6,-0.012,-0.25,-0.36,-1.2,0.500007,-0.082722,-0.004449,0.0,-0.076409,-0.037779,-0.015471,-0.035909,0.862032,-0.057119,-0.138977,-0.016956,-0.040203,1.774936,3.857803,-0.105698,-0.000924,-0.289443,0.0,8.083334,0.016547,0.103672,0.119243
339,175.477005,1000.0,0.886561,0.857628,0.0,0.0,0.084693,57397.0,0.151573,0.349157,0.128275,0.248045,-0.031263,0.682593,4.557095,-0.01,-0.6,-0.012,-0.25,-0.36,-1.2,0.500007,-0.082286,-0.004831,0.0,-0.080291,-0.037988,-0.016611,-0.037526,0.867202,-0.057852,-0.15048,-0.017979,-0.042041,1.771324,3.842397,-0.107405,-0.000827,-0.346632,0.0,6.375,0.016208,0.087335,0.09867
340,177.045868,1000.0,0.863566,0.848065,0.0,0.0,0.084434,65535.0,0.147339,0.35033,0.120633,0.241273,-0.031088,0.651713,4.550429,-0.01,-0.6,-0.012,-0.25,-0.36,-1.2,0.500007,-0.083413,-0.004875,0.0,-0.078741,-0.037616,-0.01655,-0.037532,0.860499,-0.057043,-0.143166,-0.017885,-0.040021,1.772525,3.858245,-0.10896,-0.000942,-0.282931,0.0,7.25,0.015716,0.088447,0.111146
341,176.782852,998.140015,0.869131,0.856257,0.0,0.0,0.084268,64866.0,0.145182,0.350574,0.120218,0.237198,-0.030182,0.665214,4.52415,-0.01,-0.6,-0.012,-0.25,-0.36,-1.2,0.499227,-0.08463,-0.004825,-0.000333,-0.07809,-0.03709,-0.016131,-0.036386,0.862485,-0.058034,-0.139463,-0.018396,-0.040052,1.768238,3.845491,-0.105118,-0.000916,-0.248622,0.041667,6.208333,0.017089,0.096507,0.12238
342,177.286377,1000.0,0.866821,0.859184,0.0,0.0,0.083774,65523.0,0.146836,0.347226,0.1179,0.237411,-0.030178,0.665207,4.513797,-0.01,-0.6,-0.012,-0.25,-0.36,-1.2,0.500007,-0.086813,-0.004357,0.0,-0.077712,-0.036821,-0.01602,-0.036433,0.863881,-0.057186,-0.135815,-0.018221,-0.041713,1.780105,3.862743,-0.104224,-0.000872,-0.241922,0.0,7.0,0.01692,0.092144,0.114299
343,174.897629,1000.0,0.861257,0.850982,0.0,0.0,0.083758,65860.0,0.146534,0.346514,0.118277,0.229946,-0.029109,0.635548,4.559068,-0.01,-0.6,-0.012,-0.25,-0.36,-1.2,0.500007,-0.084414,-0.00478,0.0,-0.075312,-0.03641,-0.015485,-0.035858,0.851785,-0.05515,-0.133592,-0.017279,-0.040603,1.775631,3.882283,-0.102499,-0.001033,-0.279725,0.0,6.208333,0.016435,0.095649,0.114483
344,172.85936,981.369995,0.84682,0.842948,0.125,0.0,0.08364,57190.0,0.143682,0.344856,0.120273,0.232929,-0.030394,0.655597,4.582107,-0.01,-0.6,-0.012,-0.25,-0.36,-1.2,0.488576,-0.079865,-0.004638,-0.000965,-0.076441,-0.036205,-0.015992,-0.036126,0.849055,-0.056896,-0.140748,-0.018008,-0.040221,1.742195,3.759904,-0.102753,-0.000746,-0.244357,0.083333,6.833333,0.017222,0.102742,0.117315
345,174.924438,993.710022,0.85696,0.839949,0.0,0.0,0.083281,66055.0,0.148575,0.34192,0.1153,0.233413,-0.028538,0.623351,4.557645,-0.01,-0.6,-0.012,-0.25,-0.36,-1.2,0.497819,-0.086525,-0.007617,-0.000278,-0.076445,-0.035319,-0.015062,-0.035114,0.851927,-0.054124,-0.127234,-0.017255,-0.042443,1.742508,3.873419,-0.100509,-0.000968,-0.257507,0.041667,6.375,0.019308,0.100225,0.110199
346,174.312515,1000.0,0.871014,0.84276,0.0,0.0,0.082967,66001.0,0.145657,0.349966,0.123983,0.240627,-0.030479,0.671209,4.566223,-0.01,-0.6,-0.012,-0.25,-0.36,-1.2,0.500007,-0.082561,-0.004475,0.0,-0.079109,-0.036338,-0.015953,-0.036491,0.872636,-0.056313,-0.143839,-0.018135,-0.042536,1.785152,3.866245,-0.102864,-0.000956,-0.448248,0.0,6.083333,0.0146,0.09278,0.116802
347,178.60463,1000.0,0.874956,0.846901,0.0,0.0,0.082767,65771.0,0.147809,0.344962,0.127961,0.243255,-0.030886,0.679856,4.570276,-0.01,-0.6,-0.012,-0.25,-0.36,-1.2,0.500007,-0.083381,-0.003903,0.0,-0.076865,-0.035947,-0.015772,-0.035521,0.875261,-0.055187,-0.141018,-0.017552,-0.039825,1.761162,3.884673,-0.102174,-0.000864,-0.247158,0.0,5.666667,0.018285,0.086635,0.114227
348,175.734985,994.570007,0.84878,0.851953,0.041667,0.0,0.082326,66104.0,0.14547,0.346073,0.126076,0.248894,-0.031195,0.696878,4.56844,-0.01,-0.6,-0.012,-0.25,-0.36,-1.2,0.498747,-0.082118,-0.004443,-0.000185,-0.078521,-0.035994,-0.015816,-0.03672,0.875046,-0.055167,-0.13691,-0.017185,-0.041932,1.772908,3.871168,-0.104015,-0.000787,-0.315686,0.041667,4.625,0.014633,0.082337,0.11684
349,176.896683,1000.0,0.873762,0.858405,0.0,0.0,0.082017,65507.0,0.143455,0.34888,0.120439,0.230055,-0.028833,0.641439,4.542961,-0.01,-0.6,-0.012,-0.25,-0.36,-1.2,0.500007,-0.085083,-0.005534,0.0,-0.073297,-0.03466,-0.015009,-0.034127,0.862624,-0.053189,-0.128501,-0.016009,-0.039212,1.777352,3.897778,-0.098218,-0.000925,-0.301934,0.0,4.75,0.01813,0.090933,0.115613
350,176.127838,1000.0,0.85132,0.847625,0.0,0.0,0.081753,58188.0,0.144685,0.339741,0.123711,0.248076,-0.031093,0.687885,4.555044,-0.01,-0.6,-0.012,-0.25,-0.36,-1.2,0.500007,-0.085362,-0.004093,0.0,-0.079654,-0.035513,-0.016689,-0.037366,0.865939,-0.05504,-0.141604,-0.018135,-0.040876,1.779452,3.891044,-0.103951,-0.001068,-0.277978,0.0,5.291667,0.017282,0.092031,0.114822
351,175.614288,1000.0,0.865846,0.845307,0.0,0.0,0.081524,66495.0,0.149031,0.342266,0.122617,0.241883,-0.030747,0.664685,4.562505,-0.01,-0.6,-0.012,-0.25,-0.36,-1.2,0.500007,-0.083544,-0.005442,0.0,-0.078938,-0.03541,-0.016413,-0.03706,0.86572,-0.056259,-0.145432,-0.018182,-0.039904,1.761976,3.875432,-0.103047,-0.001021,-0.296527,0.0,4.333333,0.016532,0.092276,0.108475
352,175.297699,1000.0,0.844123,0.854228,0.0,0.0,0.081168,66383.0,0.151631,0.354746,0.113067,0.240801,-0.030607,0.651929,4.576359,-0.01,-0.6,-0.012,-0.25,-0.36,-1.2,0.500007,-0.088328,-0.005724,0.0,-0.082154,-0.035114,-0.016942,-0.038282,0.861926,-0.056909,-0.143987,-0.019094,-0.043956,1.749939,3.8504,-0.104156,-0.001167,-0.218822,0.0,5.666667,0.018064,0.090919,0.112887
353,176.848373,1000.0,0.881254,0.850014,0.0,0.0,0.080901,67401.0,0.142015,0.343026,0.112862,0.231643,-0.029712,0.640593,4.573297,-0.01,-0.6,-0.012,-0.25,-0.36,-1.2,0.500007,-0.084714,-0.004272,0.0,-0.073853,-0.034657,-0.015544,-0.035021,0.847393,-0.053419,-0.136627,-0.016504,-0.038691,1.775963,3.907577,-0.100605,-0.001031,-0.286204,0.0,5.173913,0.017443,0.099179,0.130488
354,179.20192,1000.0,0.858347,0.833525,0.041667,0.0,0.080667,65102.0,0.149697,0.324241,0.116539,0.231284,-0.028771,0.626894,4.554821,-0.01,-0.6,-0.012,-0.25,-0.36,-1.2,0.494163,-0.084157,-0.004614,-0.000833,-0.073282,-0.033607,-0.015182,-0.034805,0.850789,-0.053064,-0.13077,-0.017197,-0.039262,1.726877,3.888639,-0.096852,-0.000974,-0.164928,0.0,4.708333,0.017952,0.103185,0.129166
355,175.086319,992.75,0.859736,0.827601,0.041667,0.0,0.080358,57513.0,0.149322,0.344154,0.124581,0.242068,-0.030426,0.661596,4.545197,-0.01,-0.6,-0.012,-0.25,-0.36,-1.2,0.494965,-0.084315,-0.005502,-0.000556,-0.079775,-0.03459,-0.015885,-0.035872,0.861914,-0.055198,-0.136555,-0.01837,-0.042495,1.726788,3.842306,-0.100618,-0.00084,-0.23949,0.0,4.041667,0.018909,0.113337,0.117625
356,175.993439,994.119995,0.862882,0.830224,0.043478,0.0,0.080086,66284.0,0.145868,0.333123,0.117398,0.240699,-0.030961,0.66513,4.56496,-0.01,-0.6,-0.012,-0.25,-0.36,-1.2,0.498177,-0.080763,-0.003435,-0.000248,-0.078236,-0.034316,-0.016218,-0.036686,0.857702,-0.054016,-0.14915,-0.018769,-0.039408,1.760033,3.894964,-0.101473,-0.000901,-0.275988,0.0,4.652174,0.017353,0.101025,0.114209
357,176.107895,994.640015,0.861462,0.826353,0.041667,0.0,0.079773,64858.0,0.146304,0.344074,0.126102,0.242268,-0.029929,0.658119,4.53406,-0.01,-0.6,-0.012,-0.25,-0.36,-1.2,0.497769,-0.082931,-0.00632,-0.000333,-0.074884,-0.034217,-0.015937,-0.035878,0.864013,-0.05303,-0.129841,-0.016536,-0.038891,1.764876,3.893747,-0.099913,-0.00067,-0.308721,0.041667,4.208333,0.019362,0.09861,0.119796
358,178.715149,1000.0,0.872214,0.84685,0.0,0.0,0.079611,67061.0,0.143316,0.337116,0.130684,0.249532,-0.03217,0.690783,4.512959,-0.01,-0.6,-0.012,-0.25,-0.36,-1.2,0.500007,-0.079889,-0.002655,0.0,-0.075717,-0.033923,-0.016901,-0.036428,0.868328,-0.053036,-0.143684,-0.01808,-0.035692,1.773938,3.921933,-0.100905,-0.000893,-0.188893,0.0,3.304348,0.015961,0.078092,0.110126
359,176.198715,1000.0,0.853689,0.843584,0.0,0.0,0.079277,66910.0,0.14862,0.336798,0.120012,0.248945,-0.03152,0.669829,4.503255,-0.01,-0.6,-0.012,-0.25,-0.36,-1.2,0.500007,-0.083489,-0.00376,0.0,-0.079049,-0.034036,-0.016564,-0.036848,0.860044,-0.055302,-0.142872,-0.019685,-0.040698,1.754403,3.894967,-0.102338,-0.00103,-0.372147,0.0,3.363636,0.018849,0.092415,0.124422
360,175.036346,994.450012,0.850713,0.853143,0.0,0.0,0.079106,65575.0,0.139986,0.337136,0.109314,0.233372,-0.028766,0.635476,4.51103,-0.01,-0.6,-0.012,-0.25,-0.36,-1.2,0.497111,-0.088137,-0.00564,-0.000417,-0.075665,-0.03324,-0.015759,-0.035888,0.861808,-0.053482,-0.120696,-0.018496,-0.043217,1.777317,3.88321,-0.097081,-0.001206,-0.310599,0.041667,3.208333,0.016665,0.097442,0.111141
361,177.779541,1000.0,0.867171,0.869707,0.0,0.0,0.078882,59151.0,0.14451,0.33657,0.139345,0.260268,-0.03399,0.73771,4.496551,-0.01,-0.6,-0.012,-0.25,-0.36,-1.2,0.500007,-0.0779,-0.002794,0.0,-0.081609,-0.034137,-0.017143,-0.038026,0.884921,-0.053972,-0.149959,-0.017222,-0.039519,1.78031,3.910473,-0.103245,-0.000787,-0.360352,0.0,3.272727,0.016926,0.081431,0.100825
362,177.546005,998.859985,0.863844,0.850664,0.0,0.0,0.078505,70425.0,0.142218,0.327371,0.121957,0.239383,-0.029709,0.671657,4.494691,-0.01,-0.6,-0.012,-0.25,-0.36,-1.2,0.499432,-0.082918,-0.005897,-0.0004,-0.076071,-0.032802,-0.016012,-0.036042,0.868732,-0.05225,-0.139676,-0.017362,-0.040737,1.782784,3.94352,-0.096404,-0.000816,-0.319362,0.05,3.3,0.015423,0.098649,0.107841
363,177.972412,982.780029,0.824623,0.820833,0.086957,0.0,0.078412,67150.0,0.138372,0.324903,0.135089,0.24433,-0.030284,0.696552,4.510065,-0.01,-0.6,-0.012,-0.25,-0.36,-1.2,0.490412,-0.075964,-0.002242,-0.000928,-0.073293,-0.032652,-0.015168,-0.034605,0.856361,-0.051539,-0.133398,-0.015134,-0.036387,1.755197,3.87293,-0.09689,-0.00081,-0.228353,0.043478,3.347826,0.014179,0.115343,0.164711
364,176.209122,972.880005,0.849177,0.835799,0.052632,0.0,0.078111,73043.0,0.14175,0.330801,0.129996,0.249031,-0.032237,0.709848,4.517851,-0.01,-0.6,-0.012,-0.25,-0.36,-1.2,0.49566,-0.080913,-0.00487,-0.000351,-0.076093,-0.032701,-0.016141,-0.034551,0.85159,-0.050051,-0.135864,-0.016323,-0.039149,1.769308,3.927069,-0.097244,-0.00135,-0.312628,0.0,3.0,0.016972,0.082702,0.113766
365,177.016235,990.099976,0.873874,0.847272,0.0,0.0,0.077913,72540.0,0.13963,0.321326,0.118804,0.223121,-0.027273,0.634608,4.507554,-0.01,-0.6,-0.012,-0.25,-0.36,-1.2,0.500007,-0.083622,-0.004616,0.0,-0.069013,-0.031045,-0.013668,-0.032287,0.865609,-0.047539,-0.119238,-0.01456,-0.038301,1.785796,4.009686,-0.088964,-0.001371,-0.353791,0.0,2.842105,0.01623,0.086155,0.125639
366,175.924332,995.780029,0.849038,0.836372,0.0,0.0,0.077758,58237.0,0.148903,0.333346,0.106632,0.223397,-0.028173,0.594489,4.523947,-0.01,-0.6,-0.012,-0.25,-0.36,-1.2,0.495409,-0.081931,-0.010276,-0.00087,-0.068555,-0.031761,-0.01483,-0.033455,0.845603,-0.051454,-0.121892,-0.016314,-0.036898,1.72241,3.913789,-0.094931,-0.001146,-0.449839,0.043478,2.478261,0.016085,0.095138,0.135493
367,175.633331,986.119995,0.841568,0.839413,0.0,0.0,0.077514,65022.0,0.143456,0.314939,0.121602,0.224497,-0.027257,0.626896,4.491903,-0.01,-0.6,-0.012,-0.25,-0.36,-1.2,0.491861,-0.078006,-0.005241,-0.000972,-0.070316,-0.030982,-0.014583,-0.033019,0.84934,-0.048201,-0.128695,-0.014736,-0.037278,1.74308,3.923842,-0.0896,-0.000951,-0.278558,0.083333,3.125,0.017407,0.09817,0.112268
368,172.017776,967.01001,0.832446,0.798051,0.136364,0.0,0.077345,68256.0,0.139625,0.319415,0.119674,0.234642,-0.029043,0.644183,4.530118,-0.01,-0.6,-0.012,-0.25,-0.36,-1.2,0.483207,-0.079975,-0.005007,-0.001515,-0.072437,-0.031021,-0.014876,-0.034293,0.827688,-0.049943,-0.130549,-0.016946,-0.03753,1.704757,3.818968,-0.092726,-0.000858,-0.325598,0.0,2.909091,0.021208,0.113836,0.150314
369,173.896744,980.02002,0.880956,0.85724,0.0,0.0,0.077217,68691.0,0.142284,0.316529,0.115096,0.224246,-0.028521,0.628499,4.495018,-0.01,-0.6,-0.012,-0.25,-0.36,-1.2,0.500007,-0.080031,-0.002772,0.0,-0.071722,-0.031293,-0.014713,-0.034001,0.864798,-0.049975,-0.136394,-0.016039,-0.037843,1.771727,3.98588,-0.092291,-0.000898,-0.310841,0.0,2.818182,0.017638,0.104074,0.109716
370,178.596146,1000.0,0.868435,0.829027,0.0,0.0,0.0771,65395.0,0.142566,0.334634,0.112694,0.233733,-0.028611,0.643882,4.515893,-0.01,-0.6,-0.012,-0.25,-0.36,-1.2,0.500007,-0.085455,-0.003155,0.0,-0.069083,-0.031709,-0.015152,-0.033862,0.860643,-0.051342,-0.126971,-0.016923,-0.037446,1.77487,3.947851,-0.093668,-0.000663,-0.248644,0.0,3.0,0.015254,0.100485,0.110918
371,177.320358,1000.0,0.850412,0.835525,0.0,0.0,0.076902,72681.0,0.145767,0.329875,0.127106,0.240617,-0.031181,0.682973,4.505793,-0.01,-0.6,-0.012,-0.25,-0.36,-1.2,0.500007,-0.081877,-0.00607,0.0,-0.078324,-0.031951,-0.016539,-0.036734,0.880959,-0.050742,-0.142394,-0.016307,-0.041759,1.770794,3.96129,-0.095979,-0.000847,-0.452645,0.0,2.75,0.016584,0.093794,0.127896
372,178.649033,994.809998,0.855847,0.821242,0.0,0.0,0.076545,60049.0,0.137851,0.322325,0.115407,0.22825,-0.028592,0.660773,4.515296,-0.01,-0.6,-0.012,-0.25,-0.36,-1.2,0.497052,-0.079675,-0.006779,-0.000455,-0.074352,-0.030406,-0.014419,-0.035729,0.865346,-0.049274,-0.142289,-0.015882,-0.03955,1.789466,3.951882,-0.091288,-0.000766,-0.167944,0.045455,2.727273,0.015711,0.094828,0.116894
373,180.436386,994.809998,0.866764,0.853474,0.0,0.0,0.076461,68768.0,0.134359,0.321314,0.119015,0.226133,-0.028249,0.649436,4.51015,-0.01,-0.6,-0.012,-0.25,-0.36,-1.2,0.500007,-0.083191,-0.006458,0.0,-0.069165,-0.030035,-0.014158,-0.033458,0.863325,-0.046442,-0.11987,-0.016281,-0.036298,1.795726,4.022098,-0.088726,-0.000839,-0.238853,0.0,3.272727,0.019112,0.098282,0.118098
374,178.448227,1000.0,0.864322,0.837898,0.0,0.0,0.076287,66459.0,0.135813,0.318086,0.10698,0.214929,-0.027402,0.607036,4.52272,-0.01,-0.6,-0.012,-0.25,-0.36,-1.2,0.500007,-0.083985,-0.007117,0.0,-0.067449,-0.030029,-0.014161,-0.032682,0.836532,-0.046631,-0.112577,-0.014472,-0.034696,1.791062,4.020089,-0.089391,-0.000807,-0.317716,0.0,2.833333,0.018852,0.109951,0.137242
375,180.476669,996.580017,0.870587,0.843829,0.045455,0.0,0.076195,69187.0,0.139471,0.318508,0.118003,0.237682,-0.029884,0.66897,4.534364,-0.01,-0.6,-0.012,-0.25,-0.36,-1.2,0.498058,-0.081329,-0.005483,-0.000455,-0.07234,-0.030461,-0.014799,-0.033339,0.867581,-0.047997,-0.122519,-0.016487,-0.0396,1.766251,3.991487,-0.091048,-0.000954,-0.234255,0.0,18.545456,0.016407,0.082124,0.136338
376,180.504257,1000.0,0.877107,0.854697,0.0,0.0,0.076106,65709.0,0.135849,0.321305,0.132582,0.248041,-0.03134,0.717844,4.494094,-0.01,-0.6,-0.012,-0.25,-0.36,-1.2,0.500007,-0.081069,-0.005261,0.0,-0.07432,-0.030955,-0.015302,-0.034528,0.877751,-0.049274,-0.123337,-0.01575,-0.03701,1.802837,3.992383,-0.09479,-0.000955,-0.300136,0.0,7.458333,0.015561,0.084253,0.098789
377,181.49588,1000.0,0.869619,0.848237,0.0,0.0,0.075912,57019.0,0.13984,0.319401,0.114027,0.232124,-0.029642,0.668134,4.518781,-0.01,-0.6,-0.012,-0.25,-0.36,-1.2,0.500007,-0.083884,-0.005173,0.0,-0.073217,-0.030168,-0.014831,-0.034016,0.861377,-0.047744,-0.120913,-0.01655,-0.038325,1.7746,4.010242,-0.092166,-0.00092,-0.259548,0.0,9.25,0.01651,0.09355,0.10871
378,179.337708,1000.0,0.871976,0.849494,0.0,0.0,0.075819,65535.0,0.140335,0.315724,0.119979,0.243211,-0.030776,0.692897,4.534232,-0.01,-0.6,-0.012,-0.25,-0.36,-1.2,0.500007,-0.085012,-0.005723,0.0,-0.074813,-0.030231,-0.015476,-0.034443,0.874297,-0.048447,-0.124488,-0.017622,-0.039186,1.776718,4.005944,-0.092856,-0.001071,-0.355339,0.0,8.166667,0.016438,0.095019,0.119421
379,178.832001,1000.0,0.864671,0.848101,0.0,0.0,0.075508,65935.0,0.143687,0.323315,0.123958,0.243882,-0.029805,0.67709,4.554371,-0.01,-0.6,-0.012,-0.25,-0.36,-1.2,0.500007,-0.082774,-0.004521,0.0,-0.074139,-0.030444,-0.01533,-0.034645,0.872423,-0.049143,-0.12798,-0.016829,-0.038836,1.766929,3.983749,-0.092628,-0.001164,-0.328672,0.0,8.25,0.016733,0.083379,0.109827
380,179.411667,1000.0,0.879233,0.854874,0.0,0.0,0.075413,65558.0,0.137199,0.317575,0.113334,0.225796,-0.028414,0.642121,4.52963,-0.01,-0.6,-0.012,-0.25,-0.36,-1.2,0.500007,-0.085018,-0.006526,0.0,-0.07005,-0.029475,-0.014517,-0.032938,0.858681,-0.048073,-0.117768,-0.016905,-0.038555,1.785836,4.014453,-0.088748,-0.000934,-0.300974,0.0,7.666667,0.017074,0.0995,0.121977
381,178.807846,1000.0,0.874219,0.846232,0.0,0.0,0.075186,65489.0,0.142453,0.312655,0.125358,0.237438,-0.028938,0.670719,4.514725,-0.01,-0.6,-0.012,-0.25,-0.36,-1.2,0.500007,-0.080215,-0.006295,0.0,-0.072912,-0.029448,-0.014521,-0.033724,0.870515,-0.047702,-0.129221,-0.016665,-0.03911,1.771714,4.018859,-0.089785,-0.000857,-0.427168,0.0,6.625,0.016588,0.103242,0.119771
382,180.554199,1000.0,0.873881,0.839797,0.0,0.0,0.074913,65728.0,0.134671,0.312544,0.119125,0.223912,-0.02818,0.650373,4.492746,-0.01,-0.6,-0.012,-0.25,-0.36,-1.2,0.500007,-0.081352,-0.005488,0.0,-0.068936,-0.02898,-0.01403,-0.032882,0.865229,-0.045994,-0.120269,-0.015325,-0.037201,1.801527,4.041216,-0.086919,-0.000735,-0.288001,0.0,7.125,0.015095,0.092074,0.112298
383,180.876434,1000.0,0.859111,0.854283,0.0,0.0,0.074684,56178.0,0.139361,0.327121,0.132097,0.250219,-0.031876,0.724286,4.488775,-0.01,-0.6,-0.012,-0.25,-0.36,-1.2,0.500007,-0.081402,-0.004289,0.0,-0.077457,-0.030372,-0.015816,-0.03553,0.888088,-0.048983,-0.135147,-0.017072,-0.03782,1.78403,3.987276,-0.094385,-0.000773,-0.277709,0.0,6.041667,0.017037,0.080218,0.101486
384,182.121262,1000.0,0.874932,0.851825,0.0,0.0,0.074371,66138.0,0.134559,0.31113,0.125474,0.24069,-0.03057,0.694517,4.509059,-0.01,-0.6,-0.012,-0.25,-0.36,-1.2,0.500007,-0.080759,-0.002648,0.0,-0.071422,-0.02945,-0.014624,-0.033058,0.877875,-0.046548,-0.124453,-0.015218,-0.036446,1.795521,4.04099,-0.091473,-0.000918,-0.391262,0.0,6.75,0.015257,0.09515,0.117051
385,180.969254,1000.0,0.859229,0.844736,0.0,0.0,0.074266,66238.0,0.137741,0.315522,0.124053,0.238918,-0.029983,0.68356,4.484853,-0.01,-0.6,-0.012,-0.25,-0.36,-1.2,0.500007,-0.081235,-0.00483,0.0,-0.073315,-0.029498,-0.014987,-0.034235,0.868509,-0.047944,-0.127738,-0.016908,-0.037375,1.786075,4.013197,-0.090345,-0.000862,-0.335121,0.0,6.458333,0.017831,0.099285,0.131137
386,178.908066,1000.0,0.856443,0.852296,0.0,0.0,0.074054,66015.0,0.140906,0.325042,0.123771,0.247839,-0.030902,0.695919,4.490346,-0.01,-0.6,-0.012,-0.25,-0.36,-1.2,0.500007,-0.082652,-0.00638,0.0,-0.076137,-0.029301,-0.015332,-0.03517,0.87049,-0.04853,-0.126027,-0.017439,-0.039271,1.775137,3.993029,-0.093408,-0.000823,-0.332893,0.0,6.5,0.017097,0.09317,0.124451
387,179.107452,990.690002,0.842903,0.843843,0.041667,0.0,0.073694,66315.0,0.135002,0.317556,0.124741,0.233057,-0.028982,0.666444,4.478015,-0.01,-0.6,-0.012,-0.25,-0.36,-1.2,0.496771,-0.079174,-0.004124,-0.000278,-0.06979,-0.029116,-0.01472,-0.033382,0.863042,-0.046932,-0.126169,-0.014933,-0.033854,1.785944,3.993312,-0.089947,-0.000686,-0.229285,0.0,6.625,0.017838,0.102199,0.116269
388,181.381699,1000.0,0.863004,0.847008,0.0,0.0,0.073455,59064.0,0.14106,0.313697,0.124245,0.24033,-0.029833,0.69165,4.477661,-0.01,-0.6,-0.012,-0.25,-0.36,-1.2,0.500007,-0.081991,-0.007491,0.0,-0.073356,-0.028647,-0.014426,-0.032806,0.877902,-0.046359,-0.120778,-0.016266,-0.039977,1.773229,4.034159,-0.088629,-0.001262,-0.249711,0.0,6.347826,0.015793,0.090627,0.105797
389,181.909882,1000.0,0.8802,0.839348,0.0,0.0,0.073285,66733.0,0.13623,0.323801,0.123256,0.240832,-0.030641,0.683636,4.506559,-0.01,-0.6,-0.012,-0.25,-0.36,-1.2,0.500007,-0.082531,-0.006052,0.0,-0.073682,-0.029029,-0.014727,-0.033346,0.868705,-0.046911,-0.120677,-0.01607,-0.038853,1.786295,4.013094,-0.09028,-0.0009,-0.293057,0.0,5.125,0.015635,0.10095,0.125257
390,180.650848,990.820007,0.856599,0.833323,0.041667,0.0,0.073166,66855.0,0.131664,0.307017,0.120973,0.222092,-0.02722,0.643084,4.492089,-0.01,-0.6,-0.012,-0.25,-0.36,-1.2,0.493625,-0.077202,-0.003996,-0.000556,-0.068218,-0.027943,-0.01394,-0.032747,0.851376,-0.045725,-0.119285,-0.01468,-0.035425,1.786641,3.989176,-0.084688,-0.000859,-0.235917,0.0,4.375,0.017735,0.100079,0.121817
391,180.201126,995.549988,0.861867,0.857486,0.041667,0.0,0.073071,66442.0,0.140122,0.315438,0.12162,0.243676,-0.029744,0.685843,4.480305,-0.01,-0.6,-0.012,-0.25,-0.36,-1.2,0.498458,-0.083554,-0.006924,-0.000278,-0.071608,-0.028856,-0.014959,-0.033949,0.869253,-0.046333,-0.115713,-0.015039,-0.03824,1.768631,4.015314,-0.090615,-0.001283,-0.350536,0.0,4.791667,0.015449,0.081498,0.126886
392,182.643723,1000.0,0.865899,0.8458,0.0,0.0,0.072853,66871.0,0.134058,0.314048,0.129108,0.235335,-0.029774,0.680146,4.484295,-0.01,-0.6,-0.012,-0.25,-0.36,-1.2,0.500007,-0.077541,-0.003463,0.0,-0.069217,-0.028385,-0.014287,-0.032457,0.872997,-0.045827,-0.125929,-0.014297,-0.03444,1.801422,4.049251,-0.088051,-0.000719,-0.248103,0.0,5.583333,0.017024,0.088724,0.116937
393,180.301147,1000.0,0.845553,0.838604,0.0,0.0,0.072631,66608.0,0.137842,0.316181,0.118881,0.234626,-0.030061,0.656058,4.489768,-0.01,-0.6,-0.012,-0.25,-0.36,-1.2,0.500007,-0.080553,-0.004255,0.0,-0.06868,-0.029029,-0.015778,-0.034756,0.849482,-0.046927,-0.126349,-0.015854,-0.032487,1.780506,4.029565,-0.092009,-0.000736,-0.257991,0.0,4.583333,0.017239,0.090111,0.113777
394,182.296173,1000.0,0.865978,0.85214,0.0,0.0,0.072452,57489.0,0.133932,0.315651,0.121702,0.224126,-0.028187,0.670782,4.463165,-0.01,-0.6,-0.012,-0.25,-0.36,-1.2,0.500007,-0.08028,-0.006279,0.0,-0.067659,-0.027518,-0.013748,-0.032301,0.869983,-0.044473,-0.119619,-0.015451,-0.036856,1.802416,4.056565,-0.082936,-0.000795,-0.303394,0.0,5.625,0.016541,0.083475,0.127955
395,182.61322,1000.0,0.849018,0.842072,0.0,0.0,0.072282,67802.0,0.141486,0.315223,0.128769,0.253401,-0.032239,0.717012,4.48476,-0.01,-0.6,-0.012,-0.25,-0.36,-1.2,0.500007,-0.082529,-0.005565,0.0,-0.076641,-0.029016,-0.01626,-0.035705,0.867954,-0.046863,-0.129326,-0.016468,-0.036935,1.767284,4.029118,-0.094753,-0.00079,-0.234255,0.0,4.565217,0.017103,0.086247,0.118709
396,182.439468,1000.0,0.875538,0.850588,0.0,0.0,0.071907,66808.0,0.136139,0.302427,0.119164,0.239534,-0.030413,0.689649,4.466544,-0.01,-0.6,-0.012,-0.25,-0.36,-1.2,0.500007,-0.082899,-0.004653,0.0,-0.070049,-0.027922,-0.014905,-0.033152,0.879701,-0.044825,-0.116394,-0.015662,-0.034764,1.778105,4.070785,-0.089956,-0.00083,-0.320581,0.0,4.708333,0.014892,0.097801,0.102911
397,181.875351,1000.0,0.85212,0.844202,0.0,0.0,0.071701,65901.0,0.134165,0.324418,0.123172,0.242001,-0.029967,0.695518,4.459979,-0.01,-0.6,-0.012,-0.25,-0.36,-1.2,0.500007,-0.084173,-0.003803,0.0,-0.072286,-0.027882,-0.014858,-0.033597,0.87688,-0.045862,-0.116183,-0.018007,-0.038999,1.799681,4.03078,-0.087836,-0.000792,-0.310466,0.0,4.375,0.017187,0.100395,0.122469
398,181.733871,994.919983,0.853023,0.855754,0.043478,0.0,0.071551,67844.0,0.135681,0.310085,0.12728,0.242606,-0.030187,0.691964,4.453005,-0.01,-0.6,-0.012,-0.25,-0.36,-1.2,0.498426,-0.079924,-0.004137,-0.000248,-0.070845,-0.028127,-0.015481,-0.034535,0.869375,-0.045014,-0.125712,-0.016364,-0.03512,1.782354,4.044053,-0.089786,-0.000745,-0.274761,0.0,4.391304,0.015118,0.089281,0.121252
399,182.043655,1000.0,0.861549,0.845459,0.0,0.0,0.071304,55862.0,0.133455,0.319379,0.121201,0.226612,-0.028579,0.651029,4.482424,-0.01,-0.6,-0.012,-0.25,-0.36,-1.2,0.500007,-0.079656,-0.007236,0.0,-0.068815,-0.027649,-0.014732,-0.033042,0.857497,-0.046227,-0.119057,-0.016644,-0.036738,1.794069,4.033477,-0.085732,-0.001248,-0.232953,0.0,3.666667,0.017086,0.079574,0.119281
400,182.330658,1000.0,0.861347,0.843497,0.0,0.0,0.071216,64342.0,0.134479,0.3203,0.116962,0.226195,-0.028197,0.646227,4.456865,-0.01,-0.6,-0.012,-0.25,-0.36,-1.2,0.500007,-0.08366,-0.009706,0.0,-0.066603,-0.027071,-0.013857,-0.031914,0.861007,-0.044677,-0.115969,-0.014978,-0.034056,1.781768,4.047669,-0.084538,-0.000631,-0.18825,0.0,3.913043,0.015569,0.087646,0.124418
401,180.901672,991.299988,0.836175,0.829689,0.0,0.0,0.070947,66297.0,0.132586,0.301329,0.130466,0.244146,-0.030076,0.685778,4.464956,-0.01,-0.6,-0.012,-0.25,-0.36,-1.2,0.493408,-0.083125,-0.005522,-0.000606,-0.070555,-0.026878,-0.014727,-0.032268,0.847307,-0.042749,-0.106868,-0.01489,-0.033453,1.760143,4.030765,-0.088186,-0.000801,-0.338723,0.045455,2.818182,0.017657,0.101155,0.117681
402,182.590485,1000.0,0.862799,0.828067,0.0,0.0,0.070721,62682.0,0.134628,0.305368,0.115584,0.229111,-0.028719,0.643962,4.453943,-0.01,-0.6,-0.012,-0.25,-0.36,-1.2,0.500007,-0.081506,-0.005043,0.0,-0.068876,-0.027113,-0.014926,-0.032895,0.846184,-0.044386,-0.120694,-0.015361,-0.033761,1.791024,4.074239,-0.086826,-0.00059,-0.194437,0.0,3.125,0.0157,0.115388,0.12877
403,182.032425,1000.0,0.867395,0.852926,0.0,0.0,0.070367,66087.0,0.138956,0.3108,0.108145,0.228118,-0.028591,0.641936,4.456203,-0.01,-0.6,-0.012,-0.25,-0.36,-1.2,0.500007,-0.086254,-0.009659,0.0,-0.072932,-0.026728,-0.014439,-0.032387,0.857197,-0.04523,-0.113247,-0.017823,-0.041315,1.772911,4.047709,-0.084762,-0.000961,-0.254556,0.0,3.52381,0.014125,0.095345,0.113523
404,180.78508,1000.0,0.873867,0.847374,0.0,0.0,0.070188,57211.0,0.143035,0.311465,0.125454,0.256598,-0.031948,0.705518,4.436335,-0.01,-0.6,-0.012,-0.25,-0.36,-1.2,0.500007,-0.085991,-0.004935,0.0,-0.075196,-0.027794,-0.016168,-0.034591,0.88045,-0.045728,-0.121395,-0.017628,-0.037347,1.755936,4.044088,-0.091966,-0.00067,-0.322727,0.0,3.476191,0.017695,0.100378,0.119246
405,183.496964,1000.0,0.859881,0.870777,0.0,0.0,0.069937,66127.0,0.134564,0.312026,0.127114,0.239451,-0.030576,0.694388,4.4375,-0.01,-0.6,-0.012,-0.25,-0.36,-1.2,0.500007,-0.078178,-0.003079,0.0,-0.071884,-0.02754,-0.01534,-0.034186,0.875583,-0.043654,-0.123477,-0.016798,-0.036056,1.797879,4.073212,-0.088486,-0.001291,-0.187051,0.0,3.409091,0.019243,0.073904,0.104665
406,184.230209,1000.0,0.847103,0.807453,0.0,0.0,0.069915,71564.0,0.13553,0.312846,0.13608,0.253204,-0.029341,0.688134,4.428376,-0.01,-0.6,-0.012,-0.25,-0.36,-1.2,0.500007,-0.081471,-0.002256,0.0,-0.067883,-0.026951,-0.014377,-0.032206,0.880878,-0.043791,-0.110382,-0.01464,-0.032848,1.781404,4.06901,-0.087543,-0.000786,-0.360279,0.0,2.777778,0.014583,0.096117,0.116482
407,184.598541,1000.0,0.842193,0.848239,0.0,0.0,0.0698,66616.0,0.140486,0.309169,0.132694,0.236825,-0.029494,0.649687,4.422964,-0.01,-0.6,-0.012,-0.25,-0.36,-1.2,0.500007,-0.076927,-0.003489,0.0,-0.068951,-0.026737,-0.014866,-0.032132,0.87094,-0.043183,-0.130583,-0.013509,-0.032683,1.757787,4.081026,-0.08582,-0.000744,-0.183921,0.0,2.666667,0.016592,0.09619,0.108675
408,184.873993,1000.0,0.857589,0.840105,0.0,0.0,0.069623,64761.0,0.132976,0.297742,0.121114,0.233301,-0.027945,0.650231,4.435031,-0.01,-0.6,-0.012,-0.25,-0.36,-1.2,0.500007,-0.079936,-0.006484,0.0,-0.066291,-0.026036,-0.013896,-0.032105,0.852986,-0.039565,-0.105857,-0.013845,-0.033077,1.779371,4.139299,-0.084524,-0.000575,-0.230265,0.0,2.608696,0.016,0.075491,0.106646
409,184.027115,1000.0,0.861086,0.838676,0.0,0.0,0.069488,64169.0,0.136366,0.321438,0.123498,0.230068,-0.027387,0.650494,4.426916,-0.01,-0.6,-0.012,-0.25,-0.36,-1.2,0.500007,-0.077743,-0.004708,0.0,-0.066404,-0.027025,-0.014411,-0.032777,0.868048,-0.044614,-0.116176,-0.014697,-0.036319,1.791005,4.05101,-0.084258,-0.000698,-0.181953,0.0,3.347826,0.015602,0.075754,0.114135
410,183.046524,1000.0,0.86298,0.837112,0.0,0.0,0.069541,53959.0,0.126597,0.299399,0.117083,0.2246,-0.02821,0.643111,4.454319,-0.01,-0.6,-0.012,-0.25,-0.36,-1.2,0.500007,-0.079486,-0.006313,0.0,-0.065349,-0.026045,-0.014349,-0.032008,0.841182,-0.041969,-0.113978,-0.015196,-0.030914,1.809345,4.113432,-0.084209,-0.000982,-0.355252,0.0,2.714286,0.019826,0.102345,0.129818
411,182.413956,1000.0,0.856453,0.819389,0.0,0.0,0.069528,67729.0,0.135921,0.302215,0.136025,0.25101,-0.030412,0.727446,4.462948,-0.01,-0.6,-0.012,-0.25,-0.36,-1.2,0.500007,-0.07842,-0.004149,0.0,-0.070069,-0.026459,-0.014348,-0.032297,0.882407,-0.04481,-0.120292,-0.014556,-0.034158,1.797856,4.078285,-0.086048,-0.000792,-0.403287,0.0,3.217391,0.017819,0.099356,0.146342
412,182.576096,1000.0,0.858621,0.84146,0.0,0.0,0.069462,66361.0,0.132857,0.308962,0.123375,0.235874,-0.029626,0.674993,4.435178,-0.01,-0.6,-0.012,-0.25,-0.36,-1.2,0.500007,-0.081349,-0.00351,0.0,-0.06916,-0.026128,-0.014469,-0.032566,0.869273,-0.043073,-0.119977,-0.015408,-0.032947,1.787511,4.080026,-0.086275,-0.000689,-0.280662,0.0,2.791667,0.016334,0.079302,0.118857
413,180.249969,990.51001,0.857942,0.831,0.052632,0.0,0.06944,73773.0,0.127928,0.305065,0.123138,0.227097,-0.027353,0.669183,4.447925,-0.01,-0.6,-0.012,-0.25,-0.36,-1.2,0.491673,-0.08005,-0.004761,-0.000702,-0.063086,-0.02509,-0.012959,-0.030385,0.858615,-0.041254,-0.109739,-0.01237,-0.030951,1.773244,4.040958,-0.079844,-0.000567,-0.427323,0.0,3.105263,0.016733,0.097305,0.11317
414,180.000381,990.51001,0.865254,0.838398,0.0,0.0,0.069348,69412.0,0.131486,0.303764,0.137443,0.245588,-0.030586,0.68457,4.436276,-0.01,-0.6,-0.012,-0.25,-0.36,-1.2,0.500007,-0.07642,-0.000894,0.0,-0.067879,-0.026335,-0.014861,-0.032794,0.868362,-0.040731,-0.123639,-0.014854,-0.031856,1.797217,4.116786,-0.08727,-0.000689,-0.291142,0.0,2.318182,0.018047,0.103836,0.119636
415,184.863525,1000.0,0.868265,0.836351,0.0,0.0,0.069269,67645.0,0.125803,0.295907,0.124251,0.221374,-0.026753,0.65981,4.44827,-0.01,-0.6,-0.012,-0.25,-0.36,-1.2,0.500007,-0.076258,-0.005869,0.0,-0.064075,-0.02522,-0.013168,-0.03089,0.866879,-0.039662,-0.104424,-0.012731,-0.032825,1.815883,4.14397,-0.079958,-0.000712,-0.285835,0.0,3.652174,0.015768,0.090362,0.117213
416,184.401733,1000.0,0.864836,0.835496,0.0,0.0,0.069042,67795.0,0.135445,0.300623,0.132892,0.244436,-0.030397,0.708904,4.453036,-0.01,-0.6,-0.012,-0.25,-0.36,-1.2,0.500007,-0.076294,-0.002558,0.0,-0.070716,-0.025872,-0.014549,-0.032553,0.886725,-0.041738,-0.121512,-0.015126,-0.034501,1.800602,4.109468,-0.085128,-0.000638,-0.291925,0.0,17.086956,0.016956,0.102675,0.110621
417,183.818146,997.679993,0.859728,0.827085,0.043478,0.0,0.069074,67861.0,0.130303,0.300715,0.129189,0.24108,-0.029367,0.698452,4.45348,-0.01,-0.6,-0.012,-0.25,-0.36,-1.2,0.499444,-0.079945,-0.003656,-0.000193,-0.067155,-0.025369,-0.013684,-0.030816,0.878648,-0.041339,-0.105584,-0.013345,-0.034347,1.797693,4.113714,-0.083678,-0.00068,-0.273135,0.043478,4.565217,0.017932,0.094212,0.131195
418,184.351151,996.380005,0.867898,0.847926,0.041667,0.0,0.068926,65768.0,0.138546,0.302191,0.12884,0.247983,-0.030701,0.707681,4.472935,-0.01,-0.6,-0.012,-0.25,-0.36,-1.2,0.499376,-0.082855,-0.005794,-0.000139,-0.070257,-0.025846,-0.014863,-0.032536,0.873306,-0.042921,-0.115533,-0.015911,-0.035552,1.763102,4.089458,-0.086114,-0.00082,-0.285234,0.0,8.666667,0.018093,0.097922,0.121056
419,186.789612,1000.0,0.857741,0.849318,0.0,0.0,0.068803,65021.0,0.130706,0.302031,0.129041,0.241575,-0.029272,0.697571,4.461011,-0.01,-0.6,-0.012,-0.25,-0.36,-1.2,0.500007,-0.080572,-0.002829,0.0,-0.068941,-0.025648,-0.013942,-0.031564,0.874915,-0.041175,-0.110452,-0.013791,-0.035058,1.804663,4.116711,-0.084129,-0.000715,-0.282662,0.0,8.541667,0.016018,0.088618,0.116494
420,185.093201,1000.0,0.861064,0.859766,0.0,0.0,0.068508,65689.0,0.130084,0.298672,0.12134,0.22456,-0.027056,0.654186,4.483545,-0.01,-0.6,-0.012,-0.25,-0.36,-1.2,0.500007,-0.080886,-0.004772,0.0,-0.064501,-0.024801,-0.013103,-0.030619,0.863337,-0.040434,-0.104086,-0.014097,-0.034419,1.801082,4.135347,-0.078635,-0.000774,-0.296775,0.0,8.5,0.016594,0.092255,0.112884
421,185.80777,1000.0,0.869585,0.853905,0.0,0.0,0.068334,56109.0,0.1344,0.297445,0.135566,0.242555,-0.029743,0.702004,4.454,-0.01,-0.6,-0.012,-0.25,-0.36,-1.2,0.500007,-0.079064,-0.003883,0.0,-0.06855,-0.025529,-0.014364,-0.032309,0.882359,-0.041505,-0.115084,-0.013793,-0.033654,1.782481,4.123266,-0.084175,-0.000902,-0.26438,0.0,8.208334,0.016197,0.085978,0.124133
422,181.238235,990.849976,0.853408,0.840479,0.0,0.0,0.068281,65576.0,0.129627,0.302092,0.128641,0.237235,-0.028981,0.676914,4.48214,-0.01,-0.6,-0.012,-0.25,-0.36,-1.2,0.495236,-0.078773,-0.0031,-0.000417,-0.064915,-0.025173,-0.014111,-0.031168,0.863035,-0.040596,-0.109312,-0.014114,-0.032476,1.782787,4.080455,-0.082742,-0.000772,-0.317393,0.041667,7.0,0.016412,0.103683,0.099533
423,185.526505,1000.0,0.861774,0.854743,0.041667,0.0,0.068137,65629.0,0.130144,0.297714,0.120435,0.233633,-0.028712,0.668672,4.456331,-0.01,-0.6,-0.012,-0.25,-0.36,-1.2,0.49768,-0.081838,-0.002163,-0.000556,-0.064957,-0.024798,-0.013734,-0.030705,0.86408,-0.039826,-0.100916,-0.014508,-0.03321,1.779471,4.121772,-0.082301,-0.00061,-0.291559,0.0,6.916667,0.015901,0.094097,0.12693
424,182.052292,1000.0,0.860896,0.852825,0.0,0.0,0.067887,65494.0,0.137136,0.304801,0.130041,0.252416,-0.031031,0.699221,4.475594,-0.01,-0.6,-0.012,-0.25,-0.36,-1.2,0.500007,-0.079725,-0.002821,0.0,-0.071626,-0.025837,-0.015421,-0.033123,0.876812,-0.042794,-0.118583,-0.015984,-0.035743,1.775029,4.094835,-0.087001,-0.000753,-0.310076,0.0,6.708333,0.015008,0.083334,0.133354
425,184.756714,1000.0,0.872481,0.837806,0.0,0.0,0.067715,64840.0,0.129143,0.296409,0.125946,0.231262,-0.027839,0.662707,4.429274,-0.01,-0.6,-0.012,-0.25,-0.36,-1.2,0.500007,-0.077108,-0.004775,0.0,-0.064751,-0.024901,-0.013785,-0.031211,0.877136,-0.04059,-0.109344,-0.014161,-0.033485,1.804114,4.13478,-0.080452,-0.000687,-0.257137,0.0,6.125,0.017515,0.097406,0.125602
426,186.052704,1000.0,0.884994,0.852594,0.0,0.0,0.067603,55067.0,0.128958,0.297335,0.119438,0.229619,-0.028349,0.669188,4.451476,-0.01,-0.6,-0.012,-0.25,-0.36,-1.2,0.500007,-0.082571,-0.003101,0.0,-0.065336,-0.024366,-0.013694,-0.030843,0.875238,-0.04061,-0.102621,-0.015265,-0.033882,1.802798,4.137032,-0.079847,-0.000827,-0.258668,0.0,6.541667,0.015753,0.099703,0.116513
427,176.719528,956.200012,0.835463,0.830693,0.291667,0.0,0.067442,66118.0,0.131718,0.288591,0.11964,0.22551,-0.028211,0.634542,4.465001,-0.01,-0.6,-0.012,-0.25,-0.36,-1.2,0.487481,-0.077174,-0.004563,-0.001442,-0.066827,-0.024121,-0.013945,-0.031135,0.847083,-0.040005,-0.112073,-0.014616,-0.033775,1.729749,4.033427,-0.080165,-0.000886,-0.251026,0.0,6.833333,0.01966,0.094832,0.135562
428,187.424332,998.109985,0.863533,0.834409,0.083333,0.0,0.067308,65627.0,0.129477,0.295893,0.126137,0.235504,-0.029046,0.677832,4.438773,-0.01,-0.6,-0.012,-0.25,-0.36,-1.2,0.49605,-0.078852,-0.003393,-0.000486,-0.06551,-0.024484,-0.014032,-0.031453,0.872149,-0.03966,-0.109488,-0.014188,-0.032977,1.788424,4.106245,-0.081627,-0.000648,-0.217613,0.0,6.5,0.016047,0.085248,0.128506
429,185.416092,1000.0,0.842422,0.839645,0.0,0.0,0.067149,66014.0,0.134202,0.302049,0.131774,0.250097,-0.030353,0.699336,4.424173,-0.01,-0.6,-0.012,-0.25,-0.36,-1.2,0.500007,-0.081889,-0.004787,0.0,-0.07044,-0.025422,-0.015238,-0.033186,0.872721,-0.043132,-0.111913,-0.016386,-0.033846,1.785568,4.097648,-0.086439,-0.000607,-0.26423,0.0,5.958333,0.018126,0.106959,0.121322
430,183.773773,1000.0,0.86878,0.851095,0.0,0.0,0.066979,66190.0,0.133561,0.301497,0.129465,0.237347,-0.028688,0.689891,4.420505,-0.01,-0.6,-0.012,-0.25,-0.36,-1.2,0.500007,-0.078495,-0.003153,0.0,-0.067785,-0.024751,-0.013852,-0.031102,0.885133,-0.040452,-0.113035,-0.014928,-0.035829,1.793616,4.129718,-0.080014,-0.000742,-0.321627,0.0,6.521739,0.015764,0.09097,0.131464
431,184.11879,991.840027,0.870978,0.852582,0.041667,0.0,0.06687,65434.0,0.135533,0.29889,0.134998,0.245568,-0.029619,0.715585,4.446132,-0.01,-0.6,-0.012,-0.25,-0.36,-1.2,0.49717,-0.079409,-0.004075,-0.000278,-0.069562,-0.024479,-0.013918,-0.031282,0.878797,-0.04128,-0.10891,-0.01455,-0.035063,1.765903,4.100405,-0.0809,-0.0007,-0.309417,0.0,4.75,0.01623,0.093195,0.135149
432,178.56485,971.080017,0.841254,0.819507,0.125,0.0,0.06675,55975.0,0.129426,0.29301,0.119023,0.237754,-0.029008,0.681814,4.42455,-0.01,-0.6,-0.012,-0.25,-0.36,-1.2,0.490079,-0.083581,-0.003629,-0.000819,-0.06737,-0.024198,-0.014293,-0.031317,0.850883,-0.040299,-0.100283,-0.015404,-0.035203,1.748542,4.04939,-0.082807,-0.000804,-0.322409,0.041667,4.416667,0.016929,0.107173,0.134144
433,184.16066,1000.0,0.876908,0.842138,0.0,0.0,0.06672,65135.0,0.126603,0.290755,0.122397,0.230061,-0.028452,0.674732,4.424534,-0.01,-0.6,-0.012,-0.25,-0.36,-1.2,0.500007,-0.079574,-0.004699,0.0,-0.066354,-0.023913,-0.013388,-0.030796,0.875658,-0.039069,-0.10253,-0.015073,-0.034757,1.813843,4.163815,-0.079047,-0.000721,-0.339234,0.0,5.208333,0.017556,0.088378,0.11609
434,183.326355,1000.0,0.862743,0.843706,0.0,0.0,0.066471,64943.0,0.129851,0.291705,0.124154,0.231495,-0.028374,0.67132,4.456942,-0.01,-0.6,-0.012,-0.25,-0.36,-1.2,0.500007,-0.079814,-0.003548,0.0,-0.06612,-0.023608,-0.013131,-0.030683,0.869752,-0.038492,-0.103931,-0.014558,-0.033686,1.795094,4.163988,-0.078662,-0.000773,-0.396407,0.0,4.791667,0.0181,0.085839,0.128276
435,185.5578,1000.0,0.860154,0.838347,0.0,0.0,0.066298,65639.0,0.129766,0.29063,0.122038,0.225912,-0.026729,0.647311,4.435079,-0.01,-0.6,-0.012,-0.25,-0.36,-1.2,0.500007,-0.077473,-0.002003,0.0,-0.062395,-0.023725,-0.012639,-0.029244,0.877015,-0.037754,-0.100423,-0.01171,-0.032565,1.797039,4.176408,-0.077187,-0.000833,-0.247216,0.0,4.916667,0.016193,0.102914,0.110319
436,185.001053,994.02002,0.865755,0.840149,0.043478,0.0,0.066164,67833.0,0.131272,0.289438,0.13441,0.240956,-0.028382,0.690255,4.427034,-0.01,-0.6,-0.012,-0.25,-0.36,-1.2,0.497402,-0.076969,-0.003385,-0.000348,-0.065083,-0.023844,-0.013084,-0.029733,0.867774,-0.038668,-0.103189,-0.013062,-0.033942,1.784043,4.146531,-0.078675,-0.000811,-0.269072,0.0,5.304348,0.015238,0.0843,0.113237
437,185.249481,1000.0,0.860671,0.843755,0.0,0.0,0.066121,55856.0,0.130691,0.294426,0.126026,0.223138,-0.026636,0.65247,4.427064,-0.01,-0.6,-0.012,-0.25,-0.36,-1.2,0.500007,-0.076413,-0.002723,0.0,-0.064195,-0.023672,-0.013283,-0.03037,0.874973,-0.039757,-0.111231,-0.013091,-0.032812,1.802465,4.15327,-0.07527,-0.000692,-0.269011,0.0,5.083333,0.015592,0.077587,0.108975
438,185.360062,995.97998,0.857863,0.84158,0.041667,0.0,0.066072,66639.0,0.134216,0.302258,0.133336,0.23836,-0.027528,0.686891,4.39314,-0.01,-0.6,-0.012,-0.25,-0.36,-1.2,0.499074,-0.077928,-0.004079,-0.000185,-0.063274,-0.023744,-0.012799,-0.029747,0.883332,-0.038051,-0.098536,-0.012285,-0.03328,1.772027,4.159504,-0.07826,-0.000974,-0.373908,0.0,4.416667,0.016606,0.097355,0.124648
439,184.667633,991.700012,0.844712,0.834072,0.0,0.0,0.065972,65537.0,0.128644,0.299823,0.131881,0.231853,-0.027104,0.668879,4.435556,-0.01,-0.6,-0.012,-0.25,-0.36,-1.2,0.496571,-0.075209,-0.003715,-0.000694,-0.061616,-0.023605,-0.01281,-0.029039,0.872357,-0.039006,-0.103443,-0.01221,-0.032464,1.795701,4.124083,-0.076688,-0.000744,-0.269548,0.083333,4.125,0.017093,0.11468,0.119931
440,184.886536,994.77002,0.845407,0.813004,0.083333,0.0,0.065735,66398.0,0.126763,0.298128,0.128334,0.241356,-0.028822,0.716175,4.424419,-0.01,-0.6,-0.012,-0.25,-0.36,-1.2,0.486486,-0.078459,-0.001511,-0.001875,-0.066777,-0.023112,-0.013145,-0.030168,0.869365,-0.039514,-0.104477,-0.013789,-0.034867,1.757875,4.031859,-0.078181,-0.000848,-0.291045,0.041667,4.416667,0.01958,0.107892,0.171819
441,179.772751,979.539978,0.843404,0.820304,0.130435,0.0,0.065558,67112.0,0.124362,0.281801,0.11976,0.211967,-0.025478,0.613979,4.42964,-0.01,-0.6,-0.012,-0.25,-0.36,-1.2,0.489503,-0.072739,-0.003146,-0.001159,-0.061114,-0.022686,-0.012275,-0.029023,0.855734,-0.038372,-0.105125,-0.012451,-0.032112,1.761301,4.093873,-0.072913,-0.000568,-0.272032,0.086957,3.521739,0.016504,0.109299,0.114842
442,183.2323,980.849976,0.856421,0.842584,0.0,0.0,0.065444,66300.0,0.13006,0.294789,0.14344,0.263185,-0.032061,0.752222,4.466387,-0.01,-0.6,-0.012,-0.25,-0.36,-1.2,0.497043,-0.076927,-0.001294,-0.000417,-0.070207,-0.024546,-0.01515,-0.031921,0.878044,-0.03945,-0.114626,-0.014572,-0.033822,1.791869,4.126171,-0.086523,-0.000627,-0.299322,0.041667,3.458333,0.017666,0.092453,0.110156
443,184.277374,994.320007,0.864926,0.847347,0.0,0.0,0.065209,58521.0,0.13229,0.292998,0.150059,0.253866,-0.02916,0.732633,4.4586,-0.01,-0.6,-0.012,-0.25,-0.36,-1.2,0.500007,-0.073437,-0.003654,0.0,-0.069333,-0.023865,-0.014058,-0.031864,0.886435,-0.041739,-0.120866,-0.012739,-0.033372,1.80405,4.128829,-0.07983,-0.000785,-0.401757,0.0,3.045455,0.016882,0.105691,0.11047
444,186.197388,1000.0,0.856686,0.82385,0.0,0.0,0.065102,66251.0,0.130304,0.297311,0.13525,0.248225,-0.0309,0.722662,4.457142,-0.01,-0.6,-0.012,-0.25,-0.36,-1.2,0.500007,-0.077748,-0.00234,0.0,-0.068083,-0.024272,-0.014704,-0.031615,0.872534,-0.040587,-0.114242,-0.014716,-0.032946,1.795742,4.138644,-0.081967,-0.000521,-0.258911,0.0,3.541667,0.017473,0.082415,0.142734
445,183.781158,990.400024,0.853515,0.816727,0.052632,0.0,0.064932,73724.0,0.128282,0.2799,0.118005,0.219703,-0.025855,0.644063,4.470531,-0.01,-0.6,-0.012,-0.25,-0.36,-1.2,0.491577,-0.080864,-0.001652,-0.000702,-0.061653,-0.022214,-0.012722,-0.028806,0.855798,-0.036626,-0.094965,-0.012853,-0.032956,1.759626,4.122177,-0.07282,-0.000685,-0.276624,0.0,2.947368,0.020571,0.074658,0.120885
446,184.668137,990.400024,0.845596,0.845329,0.0,0.0,0.064838,68995.0,0.136132,0.290843,0.129451,0.241942,-0.028981,0.673158,4.446929,-0.01,-0.6,-0.012,-0.25,-0.36,-1.2,0.500007,-0.078946,-0.002947,0.0,-0.065641,-0.023826,-0.014145,-0.031385,0.872286,-0.039141,-0.107291,-0.013536,-0.032059,1.776236,4.155778,-0.081897,-0.000654,-0.261861,0.0,3.545455,0.012862,0.081822,0.112301
447,188.056396,1000.0,0.876928,0.842392,0.0,0.0,0.064564,70777.0,0.128248,0.301567,0.131226,0.24438,-0.030664,0.715175,4.421656,-0.01,-0.6,-0.012,-0.25,-0.36,-1.2,0.500007,-0.077896,-0.001882,0.0,-0.066707,-0.023738,-0.013987,-0.030732,0.888997,-0.03738,-0.105438,-0.01482,-0.03445,1.798309,4.167401,-0.080837,-0.000554,-0.272341,0.0,3.190476,0.015277,0.089655,0.100301
448,187.645523,1000.0,0.856061,0.844856,0.0,0.0,0.064568,62454.0,0.129061,0.282456,0.138156,0.239167,-0.028222,0.70573,4.409862,-0.01,-0.6,-0.012,-0.25,-0.36,-1.2,0.500007,-0.077484,-0.004526,0.0,-0.065438,-0.022734,-0.012856,-0.029483,0.878403,-0.037765,-0.102389,-0.013247,-0.03445,1.801749,4.185652,-0.074901,-0.00055,-0.345588,0.0,3.111111,0.018948,0.097046,0.117426
449,185.9319,1000.0,0.851689,0.827528,0.0,0.0,0.06452,67705.0,0.134016,0.289651,0.132911,0.238692,-0.028568,0.666999,4.421177,-0.01,-0.6,-0.012,-0.25,-0.36,-1.2,0.500007,-0.076058,-0.001276,0.0,-0.063486,-0.023849,-0.013592,-0.030765,0.862401,-0.03941,-0.108757,-0.013236,-0.029781,1.776058,4.157833,-0.081073,-0.000514,-0.32138,0.0,2.478261,0.016875,0.093701,0.130171
450,186.197067,1000.0,0.877481,0.827643,0.0,0.0,0.064232,67317.0,0.131556,0.291012,0.143813,0.25534,-0.030949,0.741623,4.442608,-0.01,-0.6,-0.012,-0.25,-0.36,-1.2,0.500007,-0.078316,-0.002062,0.0,-0.07101,-0.023533,-0.01434,-0.031707,0.897604,-0.039811,-0.108197,-0.015081,-0.034936,1.79841,4.151004,-0.082031,-0.000811,-0.272682,0.0,2.826087,0.015594,0.076458,0.133505
451,186.655731,1000.0,0.851183,0.857875,0.0,0.0,0.064156,67390.0,0.130077,0.281996,0.142829,0.247669,-0.029089,0.705455,4.427412,-0.01,-0.6,-0.012,-0.25,-0.36,-1.2,0.500007,-0.074756,-0.001786,0.0,-0.065997,-0.023147,-0.0137,-0.030346,0.887115,-0.037442,-0.108392,-0.012675,-0.031716,1.797941,4.197065,-0.078296,-0.000806,-0.287518,0.0,3.238095,0.022148,0.091544,0.12979
452,186.115829,1000.0,0.85105,0.835455,0.0,0.0,0.064116,65853.0,0.136268,0.282422,0.123534,0.245306,-0.029121,0.680418,4.423243,-0.01,-0.6,-0.012,-0.25,-0.36,-1.2,0.500007,-0.08063,-0.002946,0.0,-0.065433,-0.023307,-0.014222,-0.031954,0.87404,-0.038352,-0.107436,-0.014501,-0.032742,1.779996,4.180804,-0.081865,-0.000533,-0.287891,0.0,2.652174,0.016954,0.079078,0.121175
453,189.675827,1000.0,0.856917,0.828285,0.0,0.0,0.063951,67760.0,0.1284,0.276423,0.130432,0.219615,-0.025187,0.635434,4.450109,-0.01,-0.6,-0.012,-0.25,-0.36,-1.2,0.500007,-0.072804,-0.002618,0.0,-0.059464,-0.021763,-0.011491,-0.027843,0.86123,-0.034636,-0.098505,-0.011247,-0.030959,1.803261,4.237589,-0.070866,-0.000583,-0.122302,0.0,3.086957,0.019694,0.101412,0.127828
454,188.221756,1000.0,0.871621,0.857102,0.0,0.0,0.063815,56798.0,0.126022,0.280011,0.137,0.250171,-0.030237,0.736886,4.455242,-0.01,-0.6,-0.012,-0.25,-0.36,-1.2,0.500007,-0.080087,-0.002725,0.0,-0.066315,-0.022484,-0.013641,-0.030751,0.888762,-0.036515,-0.101454,-0.013861,-0.030317,1.801957,4.210549,-0.080613,-0.000574,-0.355226,0.0,2.909091,0.015539,0.087842,0.124098
455,187.670639,1000.0,0.872,0.830571,0.0,0.0,0.063827,69888.0,0.125208,0.294159,0.141762,0.248404,-0.029422,0.723297,4.429266,-0.01,-0.6,-0.012,-0.25,-0.36,-1.2,0.500007,-0.076498,-0.000737,0.0,-0.06605,-0.022925,-0.013321,-0.030606,0.891735,-0.037673,-0.101664,-0.013853,-0.032468,1.812834,4.177587,-0.078853,-0.00063,-0.251096,0.0,2.95,0.015531,0.111101,0.140736
456,186.255157,1000.0,0.880679,0.816129,0.0,0.0,0.063747,69105.0,0.1211,0.288192,0.119683,0.231676,-0.028373,0.67726,4.423252,-0.01,-0.6,-0.012,-0.25,-0.36,-1.2,0.500007,-0.080326,-0.000787,0.0,-0.0632,-0.022484,-0.013112,-0.030206,0.880855,-0.036466,-0.096191,-0.013858,-0.033247,1.820509,4.19516,-0.077609,-0.000816,-0.286869,0.0,2.5,0.013492,0.093329,0.108669
457,186.060623,1000.0,0.864611,0.845758,0.0,0.0,0.063673,66413.0,0.126881,0.28514,0.128227,0.231225,-0.026995,0.661918,4.437109,-0.01,-0.6,-0.012,-0.25,-0.36,-1.2,0.500007,-0.076806,-0.002637,0.0,-0.063209,-0.022346,-0.01258,-0.029284,0.878777,-0.037202,-0.098041,-0.012301,-0.032589,1.809895,4.194423,-0.075489,-0.000826,-0.313626,0.0,3.375,0.015325,0.081508,0.122267
458,185.218811,1000.0,0.864315,0.826378,0.0,0.0,0.063627,68377.0,0.135392,0.283081,0.135491,0.246038,-0.029444,0.713173,4.461334,-0.01,-0.6,-0.012,-0.25,-0.36,-1.2,0.500007,-0.077564,-0.003749,0.0,-0.067116,-0.02274,-0.013837,-0.030588,0.886973,-0.038632,-0.108115,-0.01443,-0.033827,1.776379,4.181686,-0.078844,-0.000825,-0.372378,0.0,17.818182,0.018888,0.077915,0.12655
459,186.272491,1000.0,0.867562,0.846743,0.0,0.0,0.063553,55119.0,0.132426,0.283189,0.133915,0.249081,-0.029149,0.702324,4.451257,-0.01,-0.6,-0.012,-0.25,-0.36,-1.2,0.500007,-0.079127,-0.004338,0.0,-0.068852,-0.02296,-0.014111,-0.031597,0.877978,-0.038605,-0.107524,-0.014142,-0.03426,1.793608,4.179075,-0.080363,-0.000659,-0.266157,0.0,5.666667,0.017565,0.091491,0.1004
460,185.198196,1000.0,0.85147,0.837647,0.041667,0.0,0.063513,65398.0,0.131718,0.276296,0.131031,0.240267,-0.027962,0.685415,4.446075,-0.01,-0.6,-0.012,-0.25,-0.36,-1.2,0.497179,-0.078844,-0.004251,-0.000238,-0.065027,-0.022378,-0.013405,-0.030576,0.87472,-0.037501,-0.10519,-0.013451,-0.032815,1.772985,4.174661,-0.076912,-0.000791,-0.335188,0.0,10.041667,0.016817,0.09301,0.123072
461,186.89859,1000.0,0.866902,0.852606,0.0,0.0,0.063353,65019.0,0.123887,0.284682,0.132001,0.236825,-0.028056,0.693783,4.439881,-0.01,-0.6,-0.012,-0.25,-0.36,-1.2,0.500007,-0.077698,-0.003167,0.0,-0.063109,-0.02248,-0.013124,-0.029453,0.881976,-0.03638,-0.101282,-0.012183,-0.030994,1.819622,4.20862,-0.076151,-0.00072,-0.329713,0.0,7.666667,0.016051,0.084556,0.106176
462,186.409439,1000.0,0.872571,0.854765,0.0,0.0,0.063411,64081.0,0.130163,0.289537,0.123499,0.237523,-0.028648,0.684282,4.423989,-0.01,-0.6,-0.012,-0.25,-0.36,-1.2,0.500007,-0.081096,-0.002672,0.0,-0.065564,-0.022437,-0.013545,-0.030428,0.879312,-0.037192,-0.099289,-0.013827,-0.033824,1.78937,4.192062,-0.078019,-0.000869,-0.273138,0.0,8.583334,0.015961,0.087992,0.118727
463,186.584259,990.809998,0.860397,0.831746,0.041667,0.0,0.063364,65191.0,0.126755,0.280698,0.13424,0.242271,-0.028729,0.70295,4.401101,-0.01,-0.6,-0.012,-0.25,-0.36,-1.2,0.496812,-0.077708,-0.002927,-0.000278,-0.065526,-0.02222,-0.013413,-0.030299,0.876356,-0.036126,-0.098276,-0.012929,-0.033562,1.792861,4.1838,-0.077137,-0.000624,-0.276543,0.041667,7.958333,0.018046,0.093398,0.13809
464,187.430222,1000.0,0.845084,0.83353,0.0,0.0,0.063293,65687.0,0.130227,0.290016,0.143806,0.254342,-0.029991,0.723578,4.428258,-0.01,-0.6,-0.012,-0.25,-0.36,-1.2,0.500007,-0.076547,-0.002499,0.0,-0.067506,-0.023211,-0.014185,-0.031367,0.885784,-0.038295,-0.112906,-0.012749,-0.031507,1.794775,4.179057,-0.080682,-0.000487,-0.290232,0.0,6.458333,0.017756,0.092252,0.137963
465,188.42775,1000.0,0.858312,0.843402,0.0,0.0,0.063226,55357.0,0.12925,0.281891,0.126413,0.239451,-0.028111,0.674594,4.39593,-0.01,-0.6,-0.012,-0.25,-0.36,-1.2,0.500007,-0.080456,-0.003167,0.0,-0.064381,-0.022425,-0.013905,-0.030834,0.872304,-0.036778,-0.101893,-0.013906,-0.031592,1.791376,4.206552,-0.078991,-0.000632,-0.236303,0.0,7.208333,0.017206,0.084581,0.116107
466,190.374069,1000.0,0.853463,0.847766,0.0,0.0,0.06306,65767.0,0.126486,0.290055,0.148104,0.253006,-0.029602,0.733885,4.397731,-0.01,-0.6,-0.012,-0.25,-0.36,-1.2,0.500007,-0.073737,-0.001877,0.0,-0.066174,-0.022851,-0.013907,-0.031045,0.886589,-0.036355,-0.11048,-0.012391,-0.031617,1.815185,4.200297,-0.079289,-0.000565,-0.303831,0.0,6.125,0.017111,0.094769,0.138147
467,184.115112,990.72998,0.867497,0.842622,0.0,0.0,0.062897,66264.0,0.126442,0.281786,0.125415,0.238228,-0.02808,0.690122,4.423816,-0.01,-0.6,-0.012,-0.25,-0.36,-1.2,0.497245,-0.081212,-0.003938,-0.000238,-0.06283,-0.021899,-0.013115,-0.029604,0.876382,-0.035482,-0.093916,-0.012754,-0.031693,1.785432,4.199638,-0.076008,-0.000697,-0.302901,0.041667,6.916667,0.016724,0.085275,0.106161
468,189.133743,1000.0,0.868284,0.859799,0.0,0.0,0.062859,65889.0,0.122448,0.275556,0.133881,0.241056,-0.028684,0.718412,4.393556,-0.01,-0.6,-0.012,-0.25,-0.36,-1.2,0.500007,-0.078207,-0.003114,0.0,-0.063397,-0.0218,-0.013173,-0.029578,0.885834,-0.034946,-0.09843,-0.01318,-0.032338,1.821895,4.234366,-0.075761,-0.000857,-0.296511,0.0,6.166667,0.01524,0.088884,0.11663
469,188.346909,1000.0,0.862147,0.846391,0.0,0.0,0.062711,64645.0,0.128056,0.285392,0.136933,0.245124,-0.028871,0.703745,4.408387,-0.01,-0.6,-0.012,-0.25,-0.36,-1.2,0.500007,-0.076403,-0.00269,0.0,-0.064673,-0.02253,-0.013965,-0.030747,0.877704,-0.037395,-0.110311,-0.012939,-0.03022,1.803968,4.194661,-0.078191,-0.000472,-0.247162,0.0,6.958333,0.014735,0.085475,0.123749
470,187.621292,1000.0,0.854755,0.845126,0.0,0.0,0.062537,55132.0,0.129413,0.286098,0.137627,0.245075,-0.028475,0.686262,4.390279,-0.01,-0.6,-0.012,-0.25,-0.36,-1.2,0.500007,-0.075453,-0.003125,0.0,-0.06529,-0.02268,-0.014134,-0.030933,0.882471,-0.036705,-0.109859,-0.013208,-0.032223,1.797937,4.204515,-0.078472,-0.000589,-0.228942,0.0,6.333333,0.018509,0.098056,0.12898
471,185.565536,1000.0,0.865622,0.830859,0.0,0.0,0.062444,66071.0,0.127249,0.280257,0.138207,0.247096,-0.029239,0.724502,4.361785,-0.01,-0.6,-0.012,-0.25,-0.36,-1.2,0.500007,-0.079873,-0.002387,0.0,-0.066251,-0.022098,-0.013368,-0.030422,0.886977,-0.036003,-0.099954,-0.012579,-0.031665,1.803639,4.21911,-0.078324,-0.000623,-0.390693,0.0,6.041667,0.016526,0.10175,0.126643
472,186.228882,1000.0,0.856272,0.835229,0.0,0.0,0.062233,65619.0,0.124399,0.28247,0.133455,0.235397,-0.028425,0.69062,4.404882,-0.01,-0.6,-0.012,-0.25,-0.36,-1.2,0.500007,-0.07599,-0.001935,0.0,-0.064087,-0.021969,-0.013153,-0.029961,0.884362,-0.035185,-0.101968,-0.012247,-0.032352,1.813927,4.225887,-0.075447,-0.000592,-0.331659,0.0,5.913043,0.018566,0.09158,0.130318
473,186.753342,1000.0,0.855346,0.835763,0.0,0.0,0.062065,65199.0,0.125317,0.277575,0.131987,0.234976,-0.02733,0.680141,4.399765,-0.01,-0.6,-0.012,-0.25,-0.36,-1.2,0.500007,-0.078737,-0.002362,0.0,-0.064137,-0.021508,-0.013131,-0.030225,0.873264,-0.036227,-0.101142,-0.01324,-0.030254,1.806051,4.223039,-0.074015,-0.000672,-0.292017,0.0,4.75,0.016958,0.094453,0.109194
474,190.902161,1000.0,0.861904,0.851426,0.0,0.0,0.061997,65516.0,0.123917,0.288729,0.145342,0.25126,-0.029182,0.745463,4.405264,-0.01,-0.6,-0.012,-0.25,-0.36,-1.2,0.500007,-0.075563,-0.001088,0.0,-0.063965,-0.02237,-0.013508,-0.030152,0.897092,-0.035417,-0.104545,-0.011073,-0.029556,1.821844,4.215676,-0.077901,-0.000559,-0.242852,0.0,4.791667,0.017427,0.091161,0.11854
475,186.526779,993.539978,0.845637,0.840101,0.041667,0.0,0.061872,65869.0,0.128826,0.283677,0.146734,0.256019,-0.029488,0.724302,4.403386,-0.01,-0.6,-0.012,-0.25,-0.36,-1.2,0.498322,-0.073534,-0.002207,-0.000208,-0.066968,-0.022532,-0.013891,-0.031058,0.888346,-0.036607,-0.103364,-0.013088,-0.032487,1.801884,4.189661,-0.079437,-0.00093,-0.327099,0.0,5.25,0.018215,0.09706,0.131597
476,187.863174,1000.0,0.868187,0.842034,0.0,0.0,0.061711,51106.0,0.122173,0.280772,0.136472,0.250452,-0.029353,0.73478,4.355573,-0.01,-0.6,-0.012,-0.25,-0.36,-1.2,0.500007,-0.078869,-0.001247,0.0,-0.064249,-0.021494,-0.012999,-0.02952,0.898955,-0.03415,-0.094272,-0.01256,-0.03252,1.816861,4.24195,-0.076172,-0.000767,-0.407503,0.0,4.333333,0.016684,0.110814,0.124192
477,189.472733,999.900024,0.861909,0.828208,0.041667,0.0,0.061552,65659.0,0.129288,0.292506,0.13266,0.247736,-0.028634,0.704484,4.380516,-0.01,-0.6,-0.012,-0.25,-0.36,-1.2,0.499949,-0.081084,-0.005395,-0.000417,-0.065036,-0.02185,-0.013475,-0.030063,0.887153,-0.036176,-0.094882,-0.013883,-0.034279,1.795366,4.200644,-0.077576,-0.000735,-0.241156,0.0,5.541667,0.017718,0.097458,0.131633
478,188.770905,1000.0,0.86889,0.843711,0.0,0.0,0.06146,66651.0,0.123147,0.274074,0.129335,0.232533,-0.026864,0.674667,4.386344,-0.01,-0.6,-0.012,-0.25,-0.36,-1.2,0.500007,-0.078264,-0.001961,0.0,-0.059784,-0.021082,-0.012195,-0.028515,0.877463,-0.033675,-0.091517,-0.011723,-0.030412,1.813565,4.25128,-0.072524,-0.000629,-0.261896,0.0,5.130435,0.015714,0.094725,0.115963
479,186.347916,992.140015,0.856056,0.818294,0.041667,0.0,0.061312,66582.0,0.124878,0.276415,0.143762,0.243635,-0.028082,0.713155,4.393806,-0.01,-0.6,-0.012,-0.25,-0.36,-1.2,0.496727,-0.073432,-0.001103,-0.000333,-0.062571,-0.021354,-0.012907,-0.029343,0.892446,-0.035693,-0.102077,-0.012263,-0.030594,1.797223,4.206103,-0.074077,-0.000621,-0.306534,0.0,4.708333,0.017595,0.095297,0.142118
480,184.369019,984.469971,0.849313,0.821323,0.083333,0.0,0.06125,66161.0,0.130578,0.273806,0.132878,0.250334,-0.029915,0.705527,4.374812,-0.01,-0.6,-0.012,-0.25,-0.36,-1.2,0.493644,-0.077498,-0.004818,-0.000694,-0.066296,-0.022184,-0.014523,-0.031453,0.858047,-0.037856,-0.106992,-0.013218,-0.030408,1.764485,4.145666,-0.080832,-0.000645,-0.299077,0.083333,4.125,0.017354,0.10542,0.119908
481,190.051498,1000.0,0.866281,0.848329,0.0,0.0,0.061038,55646.0,0.123373,0.282939,0.132929,0.236506,-0.02845,0.691861,4.366284,-0.01,-0.6,-0.012,-0.25,-0.36,-1.2,0.500007,-0.077166,-0.001479,0.0,-0.064218,-0.021325,-0.013366,-0.029932,0.893975,-0.034495,-0.097043,-0.012514,-0.032251,1.81775,4.233749,-0.075032,-0.000724,-0.25031,0.0,4.625,0.016529,0.087437,0.10928
482,187.929459,1000.0,0.855555,0.838534,0.0,0.0,0.060793,66684.0,0.128317,0.287234,0.130576,0.237827,-0.028593,0.683824,4.384079,-0.01,-0.6,-0.012,-0.25,-0.36,-1.2,0.500007,-0.079076,-0.003981,0.0,-0.066455,-0.021699,-0.013835,-0.030922,0.879919,-0.036208,-0.108088,-0.013575,-0.03412,1.796647,4.206023,-0.076775,-0.000628,-0.192926,0.0,4.333333,0.015724,0.086027,0.138045
483,188.49913,1000.0,0.844931,0.832319,0.0,0.0,0.060686,67761.0,0.12531,0.2752,0.130778,0.242832,-0.028819,0.717798,4.367548,-0.01,-0.6,-0.012,-0.25,-0.36,-1.2,0.500007,-0.078423,-0.00174,0.0,-0.06548,-0.021528,-0.013868,-0.03178,0.886593,-0.034837,-0.101706,-0.01393,-0.032144,1.807327,4.239217,-0.077548,-0.000729,-0.293455,0.0,3.347826,0.017493,0.086285,0.123978
484,190.428864,1000.0,0.847509,0.842142,0.0,0.0,0.060658,68781.0,0.120435,0.28265,0.133995,0.238477,-0.027982,0.703615,4.407824,-0.01,-0.6,-0.012,-0.25,-0.36,-1.2,0.500007,-0.073975,-0.002095,0.0,-0.060783,-0.021576,-0.01298,-0.029014,0.884184,-0.033693,-0.100553,-0.010956,-0.030738,1.834535,4.247,-0.074488,-0.000571,-0.195305,0.0,3.409091,0.018684,0.084573,0.140509
485,188.851822,1000.0,0.846091,0.830585,0.0,0.0,0.060593,66408.0,0.124393,0.276062,0.134964,0.247208,-0.028844,0.69141,4.386804,-0.01,-0.6,-0.012,-0.25,-0.36,-1.2,0.500007,-0.076983,-0.003112,0.0,-0.062724,-0.021822,-0.014257,-0.030971,0.869686,-0.035118,-0.104753,-0.012817,-0.029438,1.81504,4.232143,-0.078261,-0.000581,-0.265986,0.0,3.208333,0.018343,0.095031,0.121127
486,188.666504,1000.0,0.840709,0.829803,0.0,0.0,0.060517,56212.0,0.126783,0.284461,0.143813,0.255162,-0.029975,0.736945,4.37857,-0.01,-0.6,-0.012,-0.25,-0.36,-1.2,0.500007,-0.076586,-0.002031,0.0,-0.065945,-0.021649,-0.013588,-0.030371,0.889612,-0.034289,-0.096488,-0.013084,-0.032485,1.799118,4.236214,-0.077174,-0.000584,-0.246023,0.0,3.272727,0.018252,0.100863,0.14255
487,187.703537,1000.0,0.85907,0.8197,0.0,0.0,0.0604,71950.0,0.125878,0.284581,0.129665,0.226404,-0.026193,0.66326,4.363944,-0.01,-0.6,-0.012,-0.25,-0.36,-1.2,0.500007,-0.076566,-0.0022,0.0,-0.060705,-0.020698,-0.011761,-0.02788,0.883576,-0.034476,-0.094755,-0.012127,-0.031841,1.799321,4.23494,-0.069909,-0.000598,-0.248382,0.0,3.35,0.016447,0.082886,0.124968
488,187.779495,1000.0,0.868593,0.829206,0.0,0.0,0.060219,68058.0,0.122844,0.276547,0.132204,0.246742,-0.0291,0.718288,4.387874,-0.01,-0.6,-0.012,-0.25,-0.36,-1.2,0.500007,-0.080495,-0.003057,0.0,-0.065002,-0.021302,-0.013462,-0.030236,0.87871,-0.034645,-0.098881,-0.014129,-0.032355,1.805474,4.240938,-0.076439,-0.000781,-0.319914,0.0,3.347826,0.016315,0.091807,0.126412
489,188.51619,999.02002,0.872864,0.834129,0.052632,0.0,0.060126,73462.0,0.118536,0.267034,0.124533,0.219425,-0.025434,0.646776,4.347104,-0.01,-0.6,-0.012,-0.25,-0.36,-1.2,0.499355,-0.076083,-0.002732,-0.000526,-0.057701,-0.020019,-0.011579,-0.027294,0.873463,-0.031996,-0.086725,-0.010793,-0.030058,1.821751,4.284664,-0.068438,-0.000534,-0.151635,0.0,3.052632,0.014654,0.093941,0.125451
490,189.862854,999.02002,0.861156,0.820456,0.0,0.0,0.060034,73568.0,0.121703,0.280081,0.135197,0.234823,-0.027461,0.69748,4.355335,-0.01,-0.6,-0.012,-0.25,-0.36,-1.2,0.500007,-0.073031,-0.000862,0.0,-0.06085,-0.02094,-0.012764,-0.028766,0.893924,-0.033876,-0.0997,-0.011431,-0.030469,1.82788,4.249518,-0.072003,-0.000533,-0.237133,0.0,2.842105,0.017662,0.099574,0.113949
491,189.160248,1000.0,0.86806,0.814044,0.0,0.0,0.059942,68514.0,0.125181,0.273361,0.120907,0.225568,-0.027374,0.683312,4.378094,-0.01,-0.6,-0.012,-0.25,-0.36,-1.2,0.500007,-0.078439,-0.002419,0.0,-0.061977,-0.020013,-0.011984,-0.028177,0.887159,-0.03296,-0.09386,-0.012659,-0.033909,1.796717,4.267495,-0.069588,-0.000695,-0.319151,0.0,2.521739,0.019175,0.101022,0.131035
492,189.343964,1000.0,0.861489,0.82099,0.0,0.0,0.059831,54706.0,0.121785,0.277028,0.126584,0.215364,-0.024931,0.643765,4.374032,-0.01,-0.6,-0.012,-0.25,-0.36,-1.2,0.500007,-0.073863,-0.001463,0.0,-0.058222,-0.02023,-0.01149,-0.027541,0.885599,-0.032661,-0.095372,-0.01071,-0.031695,1.818117,4.26924,-0.067869,-0.000519,-0.197636,0.0,3.208333,0.016545,0.083166,0.118437
493,188.818008,1000.0,0.834946,0.833663,0.0,0.0,0.059674,70549.0,0.119403,0.270076,0.132045,0.242312,-0.028579,0.69572,4.393894,-0.01,-0.6,-0.012,-0.25,-0.36,-1.2,0.500007,-0.080015,-0.001934,0.0,-0.062968,-0.021179,-0.01431,-0.031086,0.868598,-0.034992,-0.100113,-0.014093,-0.02766,1.814984,4.244411,-0.077062,-0.000389,-0.232547,0.0,2.952381,0.017963,0.105396,0.119778
494,188.644836,1000.0,0.843377,0.836735,0.0,0.0,0.059638,67767.0,0.126128,0.287666,0.13436,0.243187,-0.029752,0.69996,4.408531,-0.01,-0.6,-0.012,-0.25,-0.36,-1.2,0.500007,-0.073875,-0.001756,0.0,-0.065173,-0.021758,-0.013941,-0.031239,0.887508,-0.03637,-0.109863,-0.014156,-0.029565,1.807088,4.21354,-0.078316,-0.00059,-0.194907,0.0,2.772727,0.019559,0.096981,0.113346
495,184.554977,995.719971,0.84505,0.83315,0.0,0.0,0.059595,66934.0,0.126667,0.286944,0.123113,0.240014,-0.028439,0.702326,4.383962,-0.01,-0.6,-0.012,-0.25,-0.36,-1.2,0.497027,-0.082812,-0.003702,-0.000556,-0.06454,-0.020849,-0.01325,-0.03045,0.884486,-0.035861,-0.08928,-0.012489,-0.032895,1.787278,4.188782,-0.075657,-0.000554,-0.348014,0.041667,2.958333,0.014796,0.098811,0.114117
496,183.983429,991.349976,0.860485,0.831171,0.05,0.0,0.059593,72153.0,0.127354,0.271411,0.13156,0.227617,-0.025591,0.652784,4.406247,-0.01,-0.6,-0.012,-0.25,-0.36,-1.2,0.496357,-0.074383,-0.005232,-0.000667,-0.060297,-0.019785,-0.011584,-0.027885,0.848809,-0.034495,-0.097707,-0.012899,-0.030603,1.773833,4.221327,-0.067885,-0.000513,-0.313312,0.0,2.75,0.015717,0.112975,0.137754
497,185.058517,987.789978,0.829092,0.801972,0.045455,0.0,0.059516,68836.0,0.134515,0.271758,0.137706,0.252139,-0.029813,0.719511,4.41342,-0.01,-0.6,-0.012,-0.25,-0.36,-1.2,0.491086,-0.077103,-0.002314,-0.000909,-0.069155,-0.020773,-0.014139,-0.031218,0.875655,-0.037857,-0.102793,-0.014778,-0.03386,1.731321,4.120028,-0.076609,-0.000652,-0.422772,0.0,2.772727,0.015648,0.08299,0.150118
498,185.669785,992.159973,0.852734,0.840217,0.0,0.0,0.059536,57138.0,0.125131,0.272687,0.124967,0.240481,-0.028552,0.703835,4.396479,-0.01,-0.6,-0.012,-0.25,-0.36,-1.2,0.500007,-0.0822,-0.002546,0.0,-0.063139,-0.020128,-0.012465,-0.029134,0.889098,-0.031535,-0.085635,-0.011979,-0.031646,1.781579,4.285691,-0.074306,-0.000773,-0.35281,0.0,3.227273,0.017662,0.084526,0.101662
499,187.910309,1000.0,0.849882,0.819935,0.0,0.0,0.0594,65894.0,0.122043,0.279159,0.129924,0.246475,-0.029486,0.710401,4.422078,-0.010417,-0.608333,-0.012333,-0.25,-0.37,-1.233333,0.500007,-0.080252,-0.001564,0.0,-0.063596,-0.020338,-0.013385,-0.030196,0.8875,-0.033168,-0.095108,-0.014661,-0.030454,1.813807,4.255566,-0.075015,-0.000645,-0.287755,0.0,2.833333,0.016503,0.08957,0.118784
500,187.953491,1000.0,0.875734,0.832003,0.0,0.0,0.05946,65248.0,0.120344,0.279864,0.124367,0.233991,-0.027273,0.70821,4.433677,-0.02,-0.8,-0.02,-0.25,-0.6,-2.0,0.500007,-0.083256,-0.001778,0.0,-0.062259,-0.01968,-0.012187,-0.02834,0.894491,-0.031507,-0.087456,-0.012877,-0.034702,1.812883,4.277925,-0.070616,-0.000642,-0.354395,0.0,18.59091,0.015102,0.106173,0.131226
501,189.025452,1000.0,0.863066,0.8461,0.0,0.0,0.059391,62876.0,0.122863,0.275118,0.136208,0.240652,-0.028597,0.715655,4.42283,-0.02,-0.8,-0.02,-0.25,-0.6,-2.0,0.500007,-0.077423,-0.001691,0.0,-0.063101,-0.020562,-0.012997,-0.030721,0.894031,-0.03455,-0.100425,-0.011898,-0.030013,1.813899,4.25629,-0.074571,-0.00055,-0.319952,0.0,7.416667,0.017378,0.092874,0.11174
502,188.018661,1000.0,0.86432,0.832708,0.0,0.0,0.059295,62642.0,0.12603,0.279748,0.131806,0.240827,-0.028448,0.713898,4.420747,-0.02,-0.8,-0.02,-0.25,-0.6,-2.0,0.500007,-0.08399,-0.005098,0.0,-0.064244,-0.020133,-0.012747,-0.02988,0.889418,-0.034889,-0.096271,-0.012749,-0.033222,1.794974,4.252702,-0.073122,-0.00099,-0.311663,0.0,9.208334,0.016491,0.101862,0.132889
503,187.386292,1000.0,0.862887,0.850682,0.0,0.0,0.059324,52512.0,0.125353,0.270436,0.132748,0.233334,-0.026472,0.677703,4.383229,-0.02,-0.8,-0.02,-0.25,-0.6,-2.0,0.500007,-0.083967,-0.002432,0.0,-0.060468,-0.019859,-0.012315,-0.029011,0.888735,-0.034128,-0.097668,-0.011412,-0.030222,1.794261,4.276923,-0.069883,-0.000668,-0.311065,0.0,8.0,0.016705,0.090184,0.116389
504,188.994751,1000.0,0.86499,0.843704,0.0,0.0,0.059133,63081.0,0.124458,0.280057,0.1377,0.238928,-0.028144,0.702483,4.395638,-0.02,-0.8,-0.02,-0.25,-0.6,-2.0,0.500007,-0.083545,-0.001712,0.0,-0.064011,-0.020627,-0.013276,-0.030998,0.891225,-0.036257,-0.110825,-0.011737,-0.031217,1.812902,4.247045,-0.072924,-0.000586,-0.310854,0.0,8.25,0.017685,0.092097,0.114059
505,189.21022,1000.0,0.865875,0.843603,0.0,0.0,0.059062,62170.0,0.119626,0.266365,0.13052,0.230791,-0.027216,0.689573,4.407468,-0.02,-0.8,-0.02,-0.25,-0.6,-2.0,0.500007,-0.08747,-0.002901,0.0,-0.061101,-0.019584,-0.012224,-0.029495,0.885543,-0.035041,-0.098227,-0.012134,-0.030542,1.814515,4.286324,-0.069437,-0.000737,-0.307829,0.0,7.708333,0.016825,0.0902,0.121862
506,188.233841,1000.0,0.867935,0.840252,0.0,0.0,0.058979,62630.0,0.119018,0.273689,0.132596,0.239599,-0.028199,0.697202,4.36933,-0.02,-0.8,-0.02,-0.25,-0.6,-2.0,0.500007,-0.090378,-0.002124,0.0,-0.0613,-0.020298,-0.013042,-0.030474,0.880809,-0.035849,-0.101409,-0.012098,-0.028899,1.815886,4.272972,-0.073647,-0.000617,-0.254197,0.0,6.625,0.016212,0.095698,0.122
507,187.600052,1000.0,0.843819,0.852336,0.0,0.0,0.058916,61369.0,0.12984,0.27244,0.128887,0.234292,-0.02739,0.670484,4.397432,-0.02,-0.8,-0.02,-0.25,-0.6,-2.0,0.500007,-0.092104,-0.002654,0.0,-0.061641,-0.020195,-0.012929,-0.030998,0.886399,-0.037916,-0.108711,-0.012342,-0.031374,1.780955,4.257519,-0.072168,-0.000754,-0.284168,0.0,7.125,0.018563,0.081458,0.123634
508,190.312119,1000.0,0.863949,0.838112,0.0,0.0,0.058902,52537.0,0.120056,0.284215,0.140596,0.244249,-0.028982,0.720045,4.381552,-0.02,-0.8,-0.02,-0.25,-0.6,-2.0,0.500007,-0.091946,-0.00117,0.0,-0.063861,-0.020371,-0.013191,-0.031691,0.892973,-0.03801,-0.112501,-0.012417,-0.031216,1.829667,4.243073,-0.073958,-0.000482,-0.258931,0.0,6.0,0.016739,0.090814,0.117656
509,188.325638,1000.0,0.87304,0.847339,0.0,0.0,0.058622,61813.0,0.123078,0.271898,0.135377,0.236771,-0.027359,0.694117,4.380019,-0.02,-0.8,-0.02,-0.25,-0.6,-2.0,0.500007,-0.091781,-0.002729,0.0,-0.061472,-0.019846,-0.012342,-0.030972,0.888244,-0.037512,-0.110393,-0.011593,-0.030928,1.806594,4.275148,-0.070828,-0.000697,-0.266375,0.0,6.791667,0.016543,0.089329,0.110307
510,188.807999,1000.0,0.850615,0.828165,0.041667,0.0,0.058496,57393.0,0.12336,0.269063,0.130222,0.231541,-0.027096,0.695487,4.407324,-0.02,-0.8,-0.02,-0.25,-0.6,-2.0,0.493152,-0.096518,-0.002507,-0.000556,-0.060888,-0.019026,-0.012083,-0.030451,0.880089,-0.037429,-0.103597,-0.01252,-0.032303,1.771141,4.220692,-0.067258,-0.000816,-0.312366,0.0,6.416667,0.016912,0.089297,0.130672
511,188.283768,1000.0,0.859015,0.846632,0.0,0.0,0.05843,66683.0,0.122828,0.277417,0.137992,0.246862,-0.02918,0.732058,4.373846,-0.02,-0.8,-0.02,-0.25,-0.6,-2.0,0.500007,-0.098804,-0.001008,0.0,-0.063977,-0.02015,-0.013116,-0.031913,0.896431,-0.039379,-0.111448,-0.012774,-0.032783,1.813331,4.258568,-0.07268,-0.00079,-0.340244,0.0,6.458333,0.01889,0.0919,0.129497
512,187.908737,1000.0,0.868306,0.843422,0.0,0.0,0.058313,65726.0,0.122164,0.276484,0.135244,0.242899,-0.028194,0.722542,4.378255,-0.02,-0.8,-0.02,-0.25,-0.6,-2.0,0.500007,-0.099294,-0.002715,0.0,-0.062953,-0.019793,-0.01281,-0.032145,0.894993,-0.039336,-0.113342,-0.012484,-0.032174,1.817175,4.262681,-0.071699,-0.000754,-0.298986,0.0,6.666667,0.015935,0.080143,0.113766
513,186.063522,1000.0,0.854044,0.850381,0.0,0.0,0.058219,67844.0,0.127253,0.275723,0.134242,0.239594,-0.027222,0.673731,4.372532,-0.02,-0.8,-0.02,-0.25,-0.6,-2.0,0.500007,-0.10107,-0.003559,0.0,-0.062544,-0.02032,-0.013505,-0.033291,0.871039,-0.041405,-0.1209,-0.0122,-0.029975,1.789903,4.253978,-0.07353,-0.000938,-0.255462,0.0,6.217391,0.016885,0.095764,0.11083
514,189.880127,1000.0,0.868464,0.831402,0.0,0.0,0.058175,65029.0,0.124162,0.270223,0.13845,0.244744,-0.029182,0.711699,4.331614,-0.02,-0.8,-0.02,-0.25,-0.6,-2.0,0.500007,-0.104068,-0.002387,0.0,-0.061496,-0.020285,-0.013727,-0.033076,0.88515,-0.040574,-0.115084,-0.011751,-0.027437,1.799612,4.271667,-0.075307,-0.000597,-0.316618,0.0,5.125,0.018317,0.100227,0.124605
515,189.215027,1000.0,0.856964,0.830669,0.0,0.0,0.058204,65182.0,0.124075,0.28571,0.136872,0.232703,-0.027099,0.668374,4.325907,-0.02,-0.8,-0.02,-0.25,-0.6,-2.0,0.500007,-0.104784,-0.00172,0.0,-0.060503,-0.019751,-0.012636,-0.032256,0.886957,-0.041723,-0.119905,-0.011782,-0.029979,1.802692,4.246006,-0.069925,-0.000669,-0.196924,0.0,4.5,0.020114,0.103953,0.113261
516,185.584366,991.099976,0.817577,0.826427,0.041667,0.0,0.058096,65196.0,0.122195,0.274998,0.131867,0.237691,-0.027804,0.691911,4.344039,-0.02,-0.8,-0.02,-0.25,-0.6,-2.0,0.497355,-0.106175,-0.001577,-0.000238,-0.063219,-0.019902,-0.013175,-0.034111,0.876394,-0.042861,-0.125938,-0.013289,-0.030667,1.801891,4.229429,-0.07231,-0.000864,-0.382698,0.0,4.833333,0.016012,0.088197,0.131137
517,187.593552,991.200012,0.845479,0.824315,0.125,0.0,0.05801,65780.0,0.121223,0.270343,0.136436,0.248832,-0.029481,0.740349,4.335345,-0.02,-0.8,-0.02,-0.25,-0.6,-2.0,0.494324,-0.113284,-0.001497,-0.000903,-0.064762,-0.019871,-0.013265,-0.033935,0.889422,-0.043166,-0.118483,-0.012053,-0.032537,1.789992,4.21322,-0.074386,-0.000945,-0.303968,0.0,5.583333,0.016068,0.107322,0.119751
518,187.127945,1000.0,0.873,0.832904,0.0,0.0,0.058059,64834.0,0.121712,0.261903,0.127719,0.236005,-0.027715,0.685784,4.327485,-0.02,-0.8,-0.02,-0.25,-0.6,-2.0,0.500007,-0.11362,-0.001824,0.0,-0.061395,-0.019254,-0.012776,-0.032466,0.878595,-0.040851,-0.118546,-0.012375,-0.030358,1.806559,4.296084,-0.07065,-0.001072,-0.33529,0.0,4.583333,0.018288,0.093034,0.118176
519,186.461716,1000.0,0.859263,0.843483,0.0,0.0,0.058061,54712.0,0.123853,0.266044,0.125494,0.236977,-0.027566,0.693719,4.293009,-0.02,-0.8,-0.02,-0.25,-0.6,-2.0,0.500007,-0.121509,-0.004358,0.0,-0.061347,-0.019161,-0.012553,-0.033259,0.882472,-0.041213,-0.111338,-0.01251,-0.031623,1.795918,4.289742,-0.070965,-0.000901,-0.277492,0.0,5.666667,0.015653,0.083608,0.111292
520,185.847168,1000.0,0.865452,0.83915,0.0,0.0,0.058099,66827.0,0.120363,0.275263,0.130882,0.243105,-0.028814,0.721178,4.325902,-0.02,-0.8,-0.02,-0.25,-0.6,-2.0,0.500007,-0.120035,-0.002549,0.0,-0.0626,-0.019511,-0.012903,-0.033685,0.887974,-0.042742,-0.114635,-0.012572,-0.030344,1.811513,4.269708,-0.072533,-0.000877,-0.406114,0.0,4.478261,0.016512,0.086442,0.126143
521,187.512177,1000.0,0.863231,0.84643,0.0,0.0,0.058059,66000.0,0.127481,0.277401,0.132251,0.24755,-0.030163,0.710192,4.31527,-0.02,-0.8,-0.02,-0.25,-0.6,-2.0,0.500007,-0.123168,-0.002702,0.0,-0.067239,-0.020017,-0.013886,-0.036148,0.888628,-0.044474,-0.126222,-0.01378,-0.031498,1.78296,4.261169,-0.076729,-0.000877,-0.282767,0.0,4.75,0.018318,0.091326,0.115406
522,186.637268,996.109985,0.842515,0.840243,0.041667,0.0,0.057882,65368.0,0.123538,0.276416,0.123291,0.235231,-0.028557,0.689976,4.330343,-0.02,-0.8,-0.02,-0.25,-0.6,-2.0,0.498382,-0.123926,-0.001642,-0.000333,-0.061608,-0.019541,-0.013572,-0.035158,0.876352,-0.044847,-0.128498,-0.014654,-0.030071,1.799156,4.246819,-0.071688,-0.001118,-0.282947,0.0,4.458333,0.017615,0.080326,0.128223
523,186.878464,1000.0,0.843623,0.829429,0.0,0.0,0.05789,65697.0,0.122987,0.271732,0.122234,0.235541,-0.027432,0.697023,4.31157,-0.02,-0.8,-0.02,-0.25,-0.6,-2.0,0.500007,-0.130292,-0.004552,0.0,-0.059943,-0.019163,-0.012551,-0.034277,0.88929,-0.044064,-0.11146,-0.013618,-0.03119,1.796874,4.271874,-0.070872,-0.000931,-0.295919,0.0,4.333333,0.018534,0.104295,0.1266
524,185.595734,990.950012,0.837524,0.828675,0.0,0.0,0.057825,54543.0,0.124005,0.273735,0.121155,0.230596,-0.027486,0.668945,4.29079,-0.02,-0.8,-0.02,-0.25,-0.6,-2.0,0.493715,-0.127146,-0.003291,-0.000556,-0.06278,-0.018824,-0.012799,-0.034793,0.864232,-0.044809,-0.130716,-0.013419,-0.031867,1.763465,4.212268,-0.069304,-0.00059,-0.193454,0.041667,3.708333,0.019261,0.100048,0.136708
525,186.966705,990.950012,0.875042,0.824484,0.0,0.0,0.057846,67012.0,0.119763,0.27339,0.126165,0.239816,-0.028845,0.710285,4.290189,-0.02,-0.8,-0.02,-0.25,-0.6,-2.0,0.500007,-0.130527,-0.001477,0.0,-0.061926,-0.019286,-0.012816,-0.034696,0.887276,-0.04507,-0.121271,-0.012539,-0.030185,1.812611,4.276662,-0.071916,-0.000869,-0.246401,0.0,3.956522,0.016687,0.105197,0.108204
526,188.99736,1000.0,0.866456,0.816431,0.0,0.0,0.057781,69449.0,0.116551,0.264886,0.12652,0.230621,-0.027166,0.701069,4.269403,-0.02,-0.8,-0.02,-0.25,-0.6,-2.0,0.500007,-0.129545,-0.002288,0.0,-0.060927,-0.018477,-0.011682,-0.033645,0.898184,-0.043899,-0.125306,-0.012058,-0.031308,1.817171,4.305929,-0.068236,-0.000798,-0.182865,0.0,2.863636,0.015124,0.101068,0.108096
527,188.755798,1000.0,0.868208,0.843815,0.0,0.0,0.057678,66113.0,0.119005,0.269664,0.127416,0.216443,-0.025913,0.660803,4.286549,-0.02,-0.8,-0.02,-0.25,-0.6,-2.0,0.500007,-0.126257,-0.002041,0.0,-0.057607,-0.018536,-0.011648,-0.033294,0.879413,-0.044014,-0.126395,-0.011761,-0.030373,1.815051,4.302504,-0.065265,-0.000939,-0.372516,0.0,3.083333,0.019859,0.095029,0.128462
528,188.256363,1000.0,0.869428,0.82866,0.0,0.0,0.057537,70033.0,0.127967,0.259948,0.134224,0.222046,-0.024235,0.668351,4.284242,-0.02,-0.8,-0.02,-0.25,-0.6,-2.0,0.500007,-0.120473,-0.002615,0.0,-0.058463,-0.018105,-0.011028,-0.032906,0.900983,-0.044863,-0.134429,-0.011585,-0.034737,1.78972,4.313738,-0.062274,-0.001184,-0.285045,0.0,3.571429,0.019931,0.092414,0.115468
529,187.867783,1000.0,0.846904,0.824741,0.0,0.0,0.057534,68521.0,0.120487,0.27651,0.125544,0.225972,-0.027138,0.683161,4.295897,-0.02,-0.8,-0.02,-0.25,-0.6,-2.0,0.500007,-0.129888,-0.001534,0.0,-0.063219,-0.019114,-0.012289,-0.035582,0.895173,-0.047049,-0.133468,-0.011858,-0.034905,1.81988,4.273166,-0.069451,-0.000998,-0.263769,0.0,3.476191,0.013552,0.086303,0.112634
530,187.376389,1000.0,0.84093,0.841684,0.0,0.0,0.057445,56350.0,0.125759,0.275951,0.152684,0.258909,-0.029865,0.778193,4.315245,-0.02,-0.8,-0.02,-0.25,-0.6,-2.0,0.500007,-0.125999,-0.00176,0.0,-0.063876,-0.019529,-0.013307,-0.036421,0.903572,-0.047636,-0.146406,-0.012154,-0.0319,1.814336,4.266821,-0.071509,-0.000994,-0.295858,0.0,3.363636,0.016666,0.098646,0.108567
531,186.206924,1000.0,0.83171,0.827142,0.0,0.0,0.057299,75644.0,0.126484,0.284022,0.149722,0.234238,-0.027784,0.683916,4.315455,-0.02,-0.8,-0.02,-0.25,-0.6,-2.0,0.500007,-0.117397,-0.00129,0.0,-0.062756,-0.019417,-0.012427,-0.035984,0.895539,-0.051451,-0.15103,-0.011034,-0.031969,1.807134,4.234039,-0.069795,-0.000695,-0.429384,0.0,2.833333,0.017643,0.073813,0.113693
532,189.481506,1000.0,0.876703,0.831482,0.0,0.0,0.057185,71371.0,0.1129,0.25493,0.130578,0.237957,-0.028418,0.718127,4.323307,-0.02,-0.8,-0.02,-0.25,-0.6,-2.0,0.500007,-0.143354,-0.000273,0.0,-0.059714,-0.018524,-0.012221,-0.035347,0.89484,-0.045934,-0.120494,-0.012234,-0.02822,1.825609,4.328044,-0.070648,-0.000914,-0.155633,0.0,2.619048,0.017259,0.102822,0.110457
533,189.870392,1000.0,0.846418,0.827091,0.0,0.0,0.057196,67941.0,0.129237,0.276503,0.12984,0.240771,-0.028694,0.711043,4.337686,-0.02,-0.8,-0.02,-0.25,-0.6,-2.0,0.500007,-0.145618,-0.001703,0.0,-0.063633,-0.019144,-0.012589,-0.037265,0.884131,-0.049689,-0.136123,-0.012991,-0.031258,1.779581,4.27024,-0.071353,-0.000571,-0.172497,0.0,2.608696,0.017514,0.095305,0.120601
534,186.859436,1000.0,0.850165,0.83207,0.0,0.0,0.057166,67348.0,0.120232,0.28035,0.136252,0.245558,-0.028935,0.714592,4.328377,-0.02,-0.8,-0.02,-0.25,-0.6,-2.0,0.500007,-0.140902,-0.00125,0.0,-0.063439,-0.019499,-0.013275,-0.037456,0.888645,-0.048942,-0.147995,-0.011928,-0.029911,1.819664,4.27906,-0.073395,-0.001018,-0.279911,0.0,3.304348,0.01948,0.099416,0.128297
535,186.620972,1000.0,0.833978,0.8351,0.0,0.0,0.057027,70885.0,0.128027,0.27933,0.135648,0.242714,-0.029193,0.704444,4.308995,-0.02,-0.8,-0.02,-0.25,-0.6,-2.0,0.500007,-0.136447,-0.001026,0.0,-0.062165,-0.020003,-0.013301,-0.039071,0.891809,-0.052325,-0.162475,-0.012338,-0.029811,1.803618,4.251724,-0.073913,-0.0008,-0.303564,0.0,2.666667,0.016474,0.087117,0.143271
536,184.630783,1000.0,0.849696,0.825464,0.0,0.0,0.056924,55243.0,0.124496,0.260507,0.12069,0.219706,-0.025491,0.642068,4.286618,-0.02,-0.8,-0.02,-0.25,-0.6,-2.0,0.500007,-0.150053,-0.005286,0.0,-0.057972,-0.018375,-0.01181,-0.035662,0.860988,-0.05102,-0.144839,-0.011314,-0.028721,1.797475,4.291333,-0.066004,-0.000688,-0.301047,0.0,3.130435,0.018846,0.104581,0.135463
537,186.964066,1000.0,0.871676,0.834256,0.0,0.0,0.056787,67119.0,0.119764,0.255912,0.142092,0.239554,-0.028443,0.693135,4.31541,-0.02,-0.8,-0.02,-0.25,-0.6,-2.0,0.500007,-0.133146,-0.002139,0.0,-0.060182,-0.018877,-0.012421,-0.037247,0.884244,-0.047637,-0.146183,-0.009907,-0.026254,1.81913,4.327367,-0.070834,-0.000779,-0.349566,0.0,2.833333,0.015288,0.085958,0.117448
538,186.48735,1000.0,0.861408,0.838652,0.0,0.0,0.05681,74435.0,0.123242,0.273564,0.138452,0.244774,-0.028191,0.728265,4.271029,-0.02,-0.8,-0.02,-0.25,-0.6,-2.0,0.500007,-0.148281,-0.002479,0.0,-0.062939,-0.019218,-0.01305,-0.03753,0.896117,-0.051759,-0.156096,-0.012538,-0.033538,1.803213,4.28024,-0.069614,-0.001261,-0.242689,0.0,3.157895,0.017852,0.105276,0.135236
539,186.682434,1000.0,0.853777,0.845845,0.0,0.0,0.056858,71139.0,0.123668,0.268348,0.135479,0.241163,-0.029163,0.713583,4.315385,-0.02,-0.8,-0.02,-0.25,-0.6,-2.0,0.500007,-0.150518,-5.2e-05,0.0,-0.062611,-0.018748,-0.012512,-0.037134,0.897154,-0.051409,-0.154971,-0.01136,-0.030851,1.795563,4.294032,-0.07018,-0.001123,-0.376956,0.0,2.333333,0.017018,0.093449,0.130023
540,186.615753,997.369995,0.853831,0.840687,0.086957,0.0,0.056892,67406.0,0.118699,0.275636,0.123653,0.225817,-0.026699,0.679076,4.302962,-0.02,-0.8,-0.02,-0.25,-0.6,-2.0,0.498363,-0.155809,-0.002141,-0.001014,-0.060345,-0.01798,-0.011799,-0.036124,0.888616,-0.05039,-0.135757,-0.012731,-0.03261,1.807024,4.287057,-0.0659,-0.000666,-0.221366,0.0,3.652174,0.017521,0.098474,0.137796
541,188.133575,1000.0,0.850706,0.841352,0.0,0.0,0.056828,55274.0,0.135629,0.261666,0.130697,0.236416,-0.027525,0.664362,4.298739,-0.02,-0.8,-0.02,-0.25,-0.6,-2.0,0.500007,-0.157204,-0.002145,0.0,-0.060956,-0.018621,-0.012461,-0.037584,0.871835,-0.051757,-0.15022,-0.013529,-0.031609,1.744725,4.300992,-0.06919,-0.001283,-0.249798,0.0,17.0,0.01633,0.092194,0.121075
542,188.019348,1000.0,0.851278,0.851323,0.0,0.0,0.056843,67921.0,0.123137,0.261363,0.13252,0.237293,-0.027785,0.689372,4.290076,-0.02,-0.8,-0.02,-0.25,-0.6,-2.0,0.500007,-0.153926,-0.002231,0.0,-0.060744,-0.01854,-0.012505,-0.037907,0.881934,-0.051688,-0.150419,-0.013062,-0.031179,1.803547,4.31005,-0.068141,-0.000816,-0.268334,0.0,4.608696,0.01608,0.080822,0.132715
543,187.689468,1000.0,0.840815,0.832282,0.0,0.0,0.056801,65964.0,0.123552,0.266585,0.131936,0.238906,-0.027664,0.702233,4.281543,-0.02,-0.8,-0.02,-0.25,-0.6,-2.0,0.500007,-0.156042,-0.00251,0.0,-0.060546,-0.018604,-0.01248,-0.038124,0.890084,-0.052772,-0.150333,-0.013043,-0.030185,1.801155,4.293509,-0.068647,-0.001099,-0.324134,0.0,8.708334,0.015943,0.099316,0.124062
544,188.250946,1000.0,0.86596,0.8431,0.0,0.0,0.05674,65170.0,0.122322,0.270732,0.132995,0.237126,-0.028538,0.710516,4.282291,-0.02,-0.8,-0.02,-0.25,-0.6,-2.0,0.500007,-0.154393,-0.003335,0.0,-0.06075,-0.018552,-0.012213,-0.037766,0.892081,-0.051593,-0.146793,-0.012118,-0.030489,1.79924,4.297222,-0.069438,-0.00094,-0.297164,0.0,8.333334,0.015657,0.082409,0.116936
545,188.641571,1000.0,0.862166,0.848117,0.0,0.0,0.056643,66262.0,0.120363,0.26161,0.135295,0.232105,-0.027064,0.694678,4.325075,-0.02,-0.8,-0.02,-0.25,-0.6,-2.0,0.500007,-0.148449,-0.001796,0.0,-0.057653,-0.018255,-0.011811,-0.036559,0.892557,-0.05007,-0.145492,-0.010694,-0.028274,1.808815,4.326977,-0.066688,-0.000817,-0.268241,0.0,8.416667,0.017266,0.093331,0.117022
546,189.140152,1000.0,0.851345,0.851482,0.0,0.0,0.056745,66068.0,0.119675,0.267609,0.132967,0.236245,-0.027571,0.700612,4.29486,-0.02,-0.8,-0.02,-0.25,-0.6,-2.0,0.500007,-0.152821,-0.001181,0.0,-0.06034,-0.01862,-0.012386,-0.037628,0.891767,-0.05178,-0.144406,-0.01137,-0.030118,1.813679,4.303002,-0.068753,-0.00101,-0.310394,0.0,8.25,0.016896,0.090378,0.112454
547,184.616287,990.630005,0.852576,0.830288,0.0,0.0,0.05663,53358.0,0.121484,0.266375,0.129759,0.225732,-0.026505,0.689734,4.319757,-0.02,-0.8,-0.02,-0.25,-0.6,-2.0,0.498052,-0.151191,-0.002244,-0.000167,-0.058788,-0.018001,-0.011785,-0.03662,0.888786,-0.051263,-0.146869,-0.012329,-0.031241,1.795459,4.28849,-0.06416,-0.001002,-0.284211,0.041667,7.0,0.016308,0.100835,0.123947
548,185.605347,1000.0,0.836817,0.835004,0.0,0.0,0.056521,66207.0,0.123333,0.265803,0.135442,0.235222,-0.027308,0.688911,4.300903,-0.02,-0.8,-0.02,-0.25,-0.6,-2.0,0.500007,-0.146433,-0.001911,0.0,-0.060204,-0.018479,-0.012173,-0.037631,0.891865,-0.05156,-0.154441,-0.011745,-0.029421,1.804646,4.306337,-0.06757,-0.000811,-0.280581,0.0,6.875,0.016288,0.104203,0.131605
549,187.09848,1000.0,0.861145,0.843205,0.0,0.0,0.056465,65068.0,0.118358,0.271101,0.133408,0.240807,-0.028961,0.728281,4.304653,-0.02,-0.8,-0.02,-0.25,-0.6,-2.0,0.500007,-0.152982,-0.002019,0.0,-0.062139,-0.018843,-0.013065,-0.038477,0.891168,-0.051986,-0.146757,-0.011054,-0.029563,1.81343,4.290956,-0.071122,-0.001025,-0.339557,0.0,6.666667,0.016778,0.085654,0.123332
