iteration,reward,episode_length,height_reward,upright_reward,tipped_over,collapsed,exploration,steps_per_second,speed_error,turn_error,stepping,leg_swing,dragging,ground_covered,landing_force,Curriculum/ease_in_effort/weight,Curriculum/ease_in_landing/weight,Curriculum/ease_in_shake/weight,Curriculum/ease_in_smoothness/weight,Curriculum/ease_in_steadiness/weight,Curriculum/ease_in_straightness/weight,Episode_Reward/alive,Episode_Reward/effort,Episode_Reward/end_stops,Episode_Reward/fell_over,Episode_Reward/hard_landing,Episode_Reward/jitter,Episode_Reward/joint_shock,Episode_Reward/landing_speed,Episode_Reward/posture,Episode_Reward/rocking,Episode_Reward/shaking,Episode_Reward/skidding,Episode_Reward/swing_height,Episode_Reward/track_speed,Episode_Reward/track_turn,Episode_Reward/twitching,Episode_Reward/veering,Episode_Reward/wandering,Episode_Termination/time_out,Metrics/posture/error_height,Metrics/posture/error_pitch,Metrics/posture/error_roll
0,-0.726701,13.06,0.008393,0.009043,0.375,38.333336,0.97712,41055.0,0.006772,0.021836,0.000528,0.005337,-0.001125,0.003232,7.220732,-0.0002,-0.1,-0.002,-0.05,-0.06,-0.2,0.006072,-5.9e-05,-2.3e-05,-0.008129,-0.003819,-0.042215,-0.002765,-0.000387,0.008793,-0.004544,-0.001371,-0.003359,-0.001453,0.008228,0.000366,-0.014561,-1.5e-05,-4e-06,3.5,0.048512,0.124,0.225407
1,-2.260747,40.630001,0.023067,0.019208,6.041667,0.0,0.950798,62260.0,0.019465,0.060658,0.003448,0.016542,-0.003579,0.008367,6.741586,-0.0002,-0.1,-0.002,-0.05,-0.06,-0.2,0.016294,-0.000161,-0.000198,-0.022372,-0.009522,-0.113449,-0.007261,-0.000974,0.023592,-0.013538,-0.003358,-0.007891,-0.003677,0.017509,0.00071,-0.038427,-0.000138,-0.000134,4.583333,0.030095,0.187441,0.548045
2,-3.075665,62.0,0.036342,0.034388,6.416667,0.0,0.923625,63696.0,0.032864,0.107612,0.005808,0.028826,-0.005769,0.014628,6.772962,-0.0002,-0.1,-0.002,-0.05,-0.06,-0.2,0.027659,-0.000275,-0.000399,-0.02427,-0.016279,-0.187702,-0.012194,-0.001661,0.040196,-0.021735,-0.005465,-0.013354,-0.006369,0.027631,0.001154,-0.063389,-0.000456,-0.000266,4.291667,0.033524,0.162053,0.544077
3,-3.615474,85.639999,0.054073,0.050306,5.125,0.0,0.901155,62036.0,0.044513,0.150231,0.007149,0.038047,-0.007074,0.020813,6.748018,-0.0002,-0.1,-0.002,-0.05,-0.06,-0.2,0.038856,-0.000381,-0.00056,-0.022664,-0.022314,-0.253197,-0.016776,-0.002396,0.055348,-0.029703,-0.007579,-0.018453,-0.008852,0.039658,0.00168,-0.085553,-0.000617,-0.000318,3.625,0.031022,0.166273,0.534623
4,-4.188019,103.309998,0.064996,0.063768,5.416667,0.0,0.874036,61983.0,0.055861,0.188348,0.008727,0.047826,-0.008557,0.023547,6.719522,-0.0002,-0.1,-0.002,-0.05,-0.06,-0.2,0.04823,-0.000472,-0.000841,-0.020299,-0.028275,-0.304496,-0.02058,-0.003008,0.070097,-0.034842,-0.009292,-0.023665,-0.011618,0.047261,0.002156,-0.103208,-0.001505,-0.000619,4.875,0.029871,0.169312,0.484028
5,-4.506817,125.440002,0.076343,0.072032,6.125,0.0,0.848291,62062.0,0.0629,0.215046,0.010295,0.055307,-0.009795,0.029754,6.710507,-0.0002,-0.1,-0.002,-0.05,-0.06,-0.2,0.056657,-0.000554,-0.001039,-0.024217,-0.03216,-0.34287,-0.023775,-0.003473,0.081206,-0.04065,-0.010726,-0.026361,-0.013263,0.059287,0.002482,-0.116648,-0.002037,-0.001174,3.875,0.030309,0.189202,0.562121
6,-4.716614,137.360001,0.078136,0.081986,4.75,0.0,0.82177,63408.0,0.072199,0.242846,0.010944,0.057557,-0.010167,0.029803,6.67063,-0.0002,-0.1,-0.002,-0.05,-0.06,-0.2,0.063929,-0.000616,-0.001184,-0.025048,-0.033611,-0.37117,-0.026115,-0.003926,0.087479,-0.045119,-0.012128,-0.030072,-0.01393,0.068341,0.00297,-0.12657,-0.001983,-0.00172,2.916667,0.033261,0.199699,0.582141
7,-4.023982,151.110001,0.106491,0.104073,5.0,0.0,0.794407,62031.0,0.088088,0.296214,0.014379,0.076872,-0.013364,0.039772,6.65985,-0.0002,-0.1,-0.002,-0.05,-0.06,-0.2,0.078888,-0.000757,-0.001462,-0.02322,-0.045458,-0.442131,-0.032042,-0.004804,0.115494,-0.055987,-0.015075,-0.036377,-0.018683,0.087331,0.003799,-0.150986,-0.003895,-0.002612,3.5,0.02975,0.195553,0.513741
8,-4.251944,174.389999,0.109999,0.110359,5.125,0.0,0.784028,57918.0,0.095528,0.322083,0.014995,0.078105,-0.013893,0.039153,6.639046,-0.0002,-0.1,-0.002,-0.05,-0.06,-0.2,0.085688,-0.000815,-0.001444,-0.026118,-0.046244,-0.457922,-0.034106,-0.005183,0.121788,-0.059181,-0.016126,-0.03952,-0.019208,0.089346,0.004105,-0.157184,-0.002573,-0.002244,2.708333,0.029881,0.183577,0.583634
9,-4.453574,191.830002,0.12549,0.125611,5.291667,0.0,0.759747,45568.0,0.102501,0.352885,0.016542,0.083925,-0.014714,0.043097,6.638921,-0.0002,-0.1,-0.002,-0.05,-0.06,-0.2,0.093847,-0.00089,-0.001683,-0.025519,-0.050734,-0.486679,-0.036479,-0.005667,0.13298,-0.063084,-0.017293,-0.043391,-0.021396,0.102279,0.004671,-0.167225,-0.002745,-0.003091,3.25,0.027305,0.180454,0.544665
10,-4.369178,224.539993,0.150709,0.145565,3.666667,0.0,0.740613,35947.0,0.122145,0.41045,0.019461,0.100254,-0.017265,0.050925,6.613736,-0.0002,-0.1,-0.002,-0.05,-0.06,-0.2,0.110076,-0.001036,-0.002091,-0.020309,-0.061992,-0.549853,-0.042058,-0.006624,0.160973,-0.071798,-0.01995,-0.050002,-0.025816,0.113756,0.005717,-0.189483,-0.004832,-0.004277,3.583333,0.027551,0.190806,0.436786
11,-3.614998,228.279999,0.135112,0.149894,4.958333,0.0,0.723933,40525.0,0.124302,0.419308,0.019207,0.10142,-0.016905,0.05092,6.592683,-0.0002,-0.1,-0.002,-0.05,-0.06,-0.2,0.11099,-0.001039,-0.00193,-0.024223,-0.061408,-0.528401,-0.041598,-0.006661,0.16136,-0.073395,-0.019607,-0.049991,-0.026251,0.120854,0.005514,-0.182794,-0.006041,-0.00461,3.25,0.032525,0.177788,0.516997
12,-3.327067,256.540009,0.166084,0.166312,3.875,0.0,0.710911,64893.0,0.140093,0.48939,0.023547,0.121594,-0.020384,0.061096,6.582952,-0.0002,-0.1,-0.002,-0.05,-0.06,-0.2,0.128876,-0.001203,-0.002466,-0.021773,-0.073881,-0.596789,-0.047843,-0.007619,0.192325,-0.081772,-0.022995,-0.057717,-0.031713,0.135812,0.006209,-0.20671,-0.010967,-0.005376,3.25,0.029339,0.190412,0.478437
13,-2.978258,260.690002,0.17201,0.178852,4.458333,0.0,0.697044,66263.0,0.149035,0.496613,0.024164,0.12042,-0.020885,0.059073,6.578648,-0.0002,-0.1,-0.002,-0.05,-0.06,-0.2,0.13227,-0.001208,-0.002288,-0.023394,-0.074854,-0.590815,-0.047777,-0.007715,0.19945,-0.083062,-0.023796,-0.058091,-0.031808,0.127577,0.006865,-0.205307,-0.006495,-0.005679,3.375,0.028836,0.183021,0.492079
14,-2.783854,280.290009,0.18899,0.18559,4.541667,0.0,0.684971,66765.0,0.150273,0.539299,0.023752,0.123266,-0.020338,0.063023,6.549959,-0.0002,-0.1,-0.002,-0.05,-0.06,-0.2,0.140686,-0.001291,-0.002629,-0.023295,-0.074962,-0.610664,-0.050012,-0.008067,0.201391,-0.088567,-0.02494,-0.06065,-0.032325,0.155218,0.006844,-0.212566,-0.007234,-0.005932,3.25,0.029041,0.184311,0.515202
15,-2.372181,288.029999,0.184386,0.196271,4.083333,0.0,0.673069,67016.0,0.154764,0.529698,0.024339,0.123006,-0.020635,0.059051,6.539657,-0.0002,-0.1,-0.002,-0.05,-0.06,-0.2,0.142093,-0.001306,-0.002709,-0.02213,-0.076162,-0.596006,-0.049125,-0.008091,0.204456,-0.086616,-0.023715,-0.060327,-0.033238,0.152252,0.007851,-0.208057,-0.00848,-0.007205,3.208333,0.029388,0.175388,0.482663
16,-1.410789,320.640015,0.198989,0.205201,4.041667,0.0,0.662695,66427.0,0.17319,0.567563,0.02712,0.133126,-0.022265,0.067882,6.511222,-0.0002,-0.1,-0.002,-0.05,-0.06,-0.2,0.154844,-0.001397,-0.002914,-0.022458,-0.08112,-0.624388,-0.052923,-0.008633,0.223738,-0.091762,-0.026679,-0.064606,-0.035847,0.160263,0.008724,-0.218564,-0.006709,-0.008115,2.958333,0.030283,0.175274,0.468616
17,-1.251578,329.25,0.222197,0.2227,4.0,0.0,0.654456,63740.0,0.179783,0.603315,0.029514,0.145014,-0.024637,0.075144,6.529424,-0.0002,-0.1,-0.002,-0.05,-0.06,-0.2,0.16163,-0.001454,-0.003007,-0.02307,-0.086888,-0.638634,-0.055678,-0.009123,0.239872,-0.097612,-0.028363,-0.069779,-0.037847,0.169578,0.009015,-0.224053,-0.014899,-0.011636,3.208333,0.027487,0.17347,0.462443
18,-0.003545,361.75,0.246968,0.257238,2.416667,0.0,0.646995,65499.0,0.203637,0.673196,0.032079,0.155752,-0.026432,0.081898,6.518149,-0.0002,-0.1,-0.002,-0.05,-0.06,-0.2,0.181539,-0.001618,-0.003355,-0.017314,-0.094734,-0.707175,-0.062576,-0.010189,0.264603,-0.111978,-0.032462,-0.078181,-0.040945,0.20499,0.009609,-0.248216,-0.010197,-0.00833,2.75,0.028265,0.169676,0.382778
19,0.247764,401.690002,0.267002,0.272583,2.416667,0.0,0.637891,66272.0,0.220218,0.745392,0.038027,0.186474,-0.030327,0.102185,6.518272,-0.0002,-0.1,-0.002,-0.05,-0.06,-0.2,0.200462,-0.001784,-0.004116,-0.016037,-0.112571,-0.767781,-0.067177,-0.011227,0.307924,-0.117632,-0.034034,-0.083116,-0.049325,0.213477,0.010947,-0.269719,-0.016158,-0.014262,3.5,0.026539,0.182976,0.379981
20,1.592546,421.190002,0.278602,0.282461,2.083333,0.0,0.630023,67515.0,0.212215,0.751239,0.036914,0.185362,-0.029975,0.113539,6.52754,-0.0002,-0.1,-0.002,-0.05,-0.06,-0.2,0.205382,-0.001845,-0.004357,-0.01729,-0.112381,-0.759276,-0.067479,-0.011507,0.307016,-0.117566,-0.034076,-0.08276,-0.049169,0.266209,0.011868,-0.267936,-0.016222,-0.019182,2.916667,0.026748,0.17987,0.384671
21,1.334337,435.369995,0.298157,0.295418,1.75,0.0,0.621619,66793.0,0.233151,0.80501,0.040835,0.186712,-0.0314,0.09555,6.508849,-0.0002,-0.1,-0.002,-0.05,-0.06,-0.2,0.213511,-0.001862,-0.004264,-0.017323,-0.1105,-0.775232,-0.071414,-0.011789,0.317324,-0.124142,-0.037678,-0.088602,-0.04883,0.212978,0.011371,-0.273535,-0.012276,-0.013887,2.75,0.024241,0.174884,0.421833
22,2.220784,471.839996,0.329521,0.333245,1.521739,0.0,0.614648,68278.0,0.255306,0.892605,0.041522,0.195725,-0.031961,0.114015,6.520677,-0.0002,-0.1,-0.002,-0.05,-0.06,-0.2,0.241913,-0.002119,-0.005376,-0.012781,-0.11576,-0.865734,-0.079701,-0.013214,0.340224,-0.139828,-0.041606,-0.098105,-0.051815,0.293998,0.01431,-0.305665,-0.015124,-0.017024,3.347826,0.028818,0.15835,0.289452
23,3.399753,496.089996,0.339097,0.34451,1.086957,0.0,0.605555,64603.0,0.254356,0.927794,0.047086,0.222017,-0.036921,0.13702,6.517793,-0.0002,-0.1,-0.002,-0.05,-0.06,-0.2,0.247513,-0.002181,-0.005365,-0.010613,-0.133837,-0.867343,-0.080465,-0.013562,0.377477,-0.137938,-0.042077,-0.101597,-0.059018,0.315933,0.015111,-0.306983,-0.021214,-0.020031,2.956522,0.026495,0.188875,0.294851
24,4.064115,533.090027,0.369945,0.378174,1.0,0.0,0.598326,68271.0,0.285794,0.992109,0.050921,0.227934,-0.038255,0.133095,6.515331,-0.0002,-0.1,-0.002,-0.05,-0.06,-0.2,0.269095,-0.002292,-0.005819,-0.009896,-0.13798,-0.926888,-0.085796,-0.014655,0.401271,-0.149632,-0.046294,-0.108895,-0.061516,0.310295,0.014801,-0.328222,-0.037661,-0.03122,3.217391,0.02663,0.173734,0.272016
25,5.083271,575.630005,0.400176,0.417771,0.5,0.0,0.593109,67574.0,0.307518,1.079669,0.050818,0.237323,-0.038559,0.1272,6.523189,-0.0002,-0.1,-0.002,-0.05,-0.06,-0.2,0.29043,-0.002477,-0.005344,-0.0075,-0.142351,-0.987082,-0.089624,-0.01553,0.420223,-0.156038,-0.049079,-0.113616,-0.063246,0.338947,0.016993,-0.3499,-0.01864,-0.024881,2.75,0.028029,0.168582,0.238198
26,5.412571,558.419983,0.363187,0.387603,0.913043,0.0,0.585466,68340.0,0.28968,1.015684,0.048223,0.250836,-0.039347,0.135922,6.515653,-0.0002,-0.1,-0.002,-0.05,-0.06,-0.2,0.274894,-0.002435,-0.006452,-0.01041,-0.159556,-0.900679,-0.083656,-0.014928,0.42917,-0.142292,-0.04371,-0.10912,-0.071559,0.301472,0.016653,-0.32043,-0.021046,-0.019213,2.73913,0.028894,0.161757,0.286529
27,6.736369,591.460022,0.423629,0.420651,0.73913,0.0,0.578703,67759.0,0.291364,1.072897,0.051515,0.233228,-0.037751,0.137284,6.515467,-0.0002,-0.1,-0.002,-0.05,-0.06,-0.2,0.300359,-0.002641,-0.007042,-0.008323,-0.146319,-0.974858,-0.090849,-0.015958,0.425055,-0.157126,-0.048236,-0.113637,-0.064579,0.40095,0.019066,-0.347065,-0.03016,-0.018514,2.956522,0.024286,0.161715,0.248285
28,6.883684,605.390015,0.428036,0.440156,0.608696,0.0,0.571919,68305.0,0.3195,1.139736,0.055612,0.260254,-0.04206,0.149053,6.52172,-0.0002,-0.1,-0.002,-0.05,-0.06,-0.2,0.308371,-0.002661,-0.007133,-0.009391,-0.157436,-0.967868,-0.092571,-0.016113,0.45389,-0.163925,-0.050381,-0.117652,-0.071231,0.382074,0.020112,-0.345049,-0.028927,-0.041883,2.347826,0.02766,0.187094,0.269342
29,9.120399,667.539978,0.474747,0.469827,0.458333,0.0,0.565977,64477.0,0.333701,1.223932,0.062313,0.294058,-0.046852,0.184213,6.517662,-0.0002,-0.1,-0.002,-0.05,-0.06,-0.2,0.336258,-0.002887,-0.007472,-0.005852,-0.180499,-1.068963,-0.10068,-0.017658,0.511049,-0.174676,-0.054922,-0.128432,-0.081366,0.4374,0.021144,-0.380349,-0.039541,-0.036892,2.875,0.025209,0.190091,0.198585
30,9.829206,690.320007,0.513578,0.503261,0.434783,0.0,0.559448,68054.0,0.364289,1.277879,0.065522,0.286023,-0.048043,0.16104,6.537977,-0.0002,-0.1,-0.002,-0.05,-0.06,-0.2,0.347114,-0.002906,-0.007274,-0.004319,-0.175721,-1.076797,-0.103224,-0.018341,0.517935,-0.178816,-0.058311,-0.134241,-0.07919,0.420985,0.021602,-0.384982,-0.017767,-0.025241,3.173913,0.022809,0.166994,0.184278
31,10.058665,673.570007,0.48865,0.486349,0.875,0.0,0.553785,65537.0,0.353086,1.245854,0.062807,0.262244,-0.046125,0.152111,6.532055,-0.0002,-0.1,-0.002,-0.05,-0.06,-0.2,0.333966,-0.002766,-0.007562,-0.010639,-0.159513,-0.996591,-0.100193,-0.017365,0.494508,-0.175068,-0.057099,-0.130458,-0.072542,0.389344,0.02085,-0.357122,-0.02776,-0.029504,2.291667,0.02479,0.203708,0.241986
32,11.262797,740.25,0.499045,0.523821,0.521739,0.0,0.547865,65604.0,0.368632,1.320639,0.068488,0.306266,-0.049634,0.197531,6.539286,-0.0002,-0.1,-0.002,-0.05,-0.06,-0.2,0.363682,-0.00304,-0.008939,-0.006108,-0.18152,-1.099831,-0.10724,-0.018833,0.542798,-0.186299,-0.060728,-0.139285,-0.082265,0.471387,0.023534,-0.393085,-0.040824,-0.056717,3.043478,0.025377,0.1691,0.185713
33,13.3199,747.429993,0.531463,0.541659,1.0,0.0,0.542576,69405.0,0.374359,1.372445,0.06887,0.298899,-0.049963,0.190873,6.536957,-0.0002,-0.1,-0.002,-0.05,-0.06,-0.2,0.37642,-0.003135,-0.008899,-0.00797,-0.183572,-1.097818,-0.108885,-0.019336,0.550552,-0.190397,-0.061561,-0.143038,-0.083299,0.491347,0.024489,-0.39392,-0.036532,-0.031667,3.818182,0.026705,0.193969,0.234348
34,14.020096,719.289978,0.515561,0.503952,1.304348,0.0,0.537584,66399.0,0.37622,1.29208,0.068981,0.313882,-0.049746,0.181655,6.549861,-0.0002,-0.1,-0.002,-0.05,-0.06,-0.2,0.350475,-0.002951,-0.007884,-0.017391,-0.189924,-0.972173,-0.100237,-0.017922,0.541243,-0.173764,-0.056742,-0.12987,-0.08585,0.377069,0.023563,-0.350734,-0.020445,-0.018227,2.043478,0.02744,0.2372,0.348564
35,15.963206,733.98999,0.489609,0.513974,1.272727,0.0,0.532551,68319.0,0.344679,1.269224,0.066088,0.30248,-0.048338,0.210676,6.533004,-0.0002,-0.1,-0.002,-0.05,-0.06,-0.2,0.350945,-0.002918,-0.008071,-0.012606,-0.182128,-0.973725,-0.097935,-0.017754,0.532894,-0.169626,-0.056628,-0.128722,-0.082536,0.468586,0.023946,-0.350638,-0.018667,-0.027348,3.227273,0.028667,0.244811,0.271733
36,16.418453,782.400024,0.545989,0.578361,1.416667,0.0,0.52788,67013.0,0.378939,1.429356,0.06895,0.300173,-0.049246,0.206931,6.52879,-0.0002,-0.1,-0.002,-0.05,-0.06,-0.2,0.390394,-0.003217,-0.008099,-0.011404,-0.183138,-1.07129,-0.108357,-0.019736,0.557074,-0.196303,-0.062578,-0.146754,-0.08407,0.534672,0.023885,-0.386906,-0.028573,-0.033207,3.125,0.034706,0.240241,0.271745
37,16.275379,786.0,0.541859,0.547715,1.291667,0.0,0.522893,67363.0,0.39029,1.416173,0.072744,0.318281,-0.052717,0.209499,6.493959,-0.0002,-0.1,-0.002,-0.05,-0.06,-0.2,0.384005,-0.003172,-0.007981,-0.01328,-0.193808,-1.040227,-0.107424,-0.019436,0.570402,-0.187073,-0.061739,-0.143771,-0.089059,0.486055,0.024892,-0.375242,-0.02895,-0.028524,2.666667,0.022198,0.225322,0.300601
38,17.543909,810.75,0.561853,0.598519,1.130435,0.0,0.518009,68579.0,0.417491,1.482549,0.077451,0.351906,-0.055937,0.222323,6.512985,-0.0002,-0.1,-0.002,-0.05,-0.06,-0.2,0.410745,-0.003419,-0.009446,-0.011159,-0.211039,-1.099044,-0.113822,-0.020635,0.617781,-0.200721,-0.064102,-0.152971,-0.097093,0.515457,0.028931,-0.397282,-0.03046,-0.028997,3.043478,0.027958,0.248604,0.275759
39,20.412394,831.460022,0.620376,0.618454,0.695652,0.0,0.513745,68769.0,0.415978,1.535923,0.083519,0.367798,-0.057135,0.25229,6.503538,-0.0002,-0.1,-0.002,-0.05,-0.06,-0.2,0.425097,-0.003517,-0.011287,-0.008182,-0.214943,-1.127318,-0.117767,-0.021628,0.6391,-0.206711,-0.067089,-0.153607,-0.099324,0.555805,0.028606,-0.408151,-0.023706,-0.043607,2.565217,0.025732,0.22971,0.210352
40,21.710865,880.049988,0.635054,0.646981,0.791667,0.0,0.508721,63780.0,0.421711,1.628614,0.087333,0.349091,-0.059378,0.254955,6.50999,-0.0002,-0.1,-0.002,-0.05,-0.06,-0.2,0.448505,-0.003589,-0.009385,-0.008287,-0.202544,-1.171218,-0.123894,-0.022272,0.650053,-0.219929,-0.074331,-0.167142,-0.093188,0.686189,0.031146,-0.424309,-0.027121,-0.057676,2.708333,0.026172,0.206134,0.209584
41,24.447086,970.25,0.663198,0.676008,0.478261,0.0,0.504571,68456.0,0.443531,1.687147,0.097844,0.395439,-0.065034,0.291453,6.5349,-0.0002,-0.1,-0.002,-0.05,-0.06,-0.2,0.460208,-0.00371,-0.009647,-0.00542,-0.230441,-1.212031,-0.126241,-0.022644,0.709741,-0.223795,-0.073675,-0.16417,-0.106602,0.657268,0.031196,-0.438112,-0.048116,-0.057833,24.695652,0.023811,0.155187,0.174555
42,25.332407,888.960022,0.655153,0.638264,0.869565,0.0,0.500465,66290.0,0.421826,1.583795,0.085573,0.355026,-0.058086,0.256601,6.559431,-0.0002,-0.1,-0.002,-0.05,-0.06,-0.2,0.437725,-0.003504,-0.009357,-0.008581,-0.210042,-1.066738,-0.115829,-0.021417,0.649529,-0.203056,-0.06942,-0.156179,-0.099416,0.612925,0.031421,-0.389524,-0.028255,-0.030617,3.478261,0.024973,0.208565,0.213195
43,29.334682,956.950012,0.686734,0.686692,0.666667,0.0,0.495955,65053.0,0.445563,1.697832,0.098377,0.391662,-0.06534,0.298979,6.538477,-0.0002,-0.1,-0.002,-0.05,-0.06,-0.2,0.47123,-0.003725,-0.009516,-0.003601,-0.226783,-1.123509,-0.1247,-0.022797,0.713381,-0.219292,-0.076999,-0.167002,-0.106871,0.712866,0.033349,-0.411252,-0.04014,-0.047861,6.458333,0.019557,0.167812,0.161162
44,30.787184,934.26001,0.693894,0.693975,0.695652,0.0,0.491418,66671.0,0.437391,1.697581,0.090459,0.369173,-0.059804,0.281211,6.553794,-0.0002,-0.1,-0.002,-0.05,-0.06,-0.2,0.471012,-0.003738,-0.011223,-0.003758,-0.214475,-1.064235,-0.121843,-0.022801,0.686748,-0.212407,-0.074188,-0.163847,-0.100652,0.732913,0.03417,-0.392124,-0.037749,-0.041741,6.304348,0.022223,0.166837,0.173962
45,31.372442,939.190002,0.687037,0.68994,0.625,0.0,0.486147,63504.0,0.448087,1.693841,0.094373,0.393626,-0.06423,0.28839,6.571119,-0.0002,-0.1,-0.002,-0.05,-0.06,-0.2,0.469477,-0.003715,-0.010405,-0.004035,-0.232042,-1.006987,-0.12099,-0.022518,0.717502,-0.211909,-0.073272,-0.163602,-0.109594,0.671031,0.034479,-0.373415,-0.03626,-0.05494,5.791667,0.023066,0.150641,0.173343
46,33.125729,917.059998,0.682298,0.68175,0.958333,0.0,0.481742,64941.0,0.429583,1.637896,0.096411,0.383855,-0.063242,0.299529,6.586211,-0.0002,-0.1,-0.002,-0.05,-0.06,-0.2,0.456907,-0.003563,-0.010663,-0.005284,-0.221006,-0.937115,-0.115277,-0.02174,0.696011,-0.201983,-0.072178,-0.159324,-0.106028,0.686195,0.034231,-0.349111,-0.042035,-0.050267,6.458333,0.021464,0.167425,0.178036
47,34.581726,911.549988,0.692897,0.68836,0.916667,0.0,0.477191,64213.0,0.428772,1.644316,0.093425,0.373281,-0.062378,0.297346,6.568237,-0.0002,-0.1,-0.002,-0.05,-0.06,-0.2,0.460181,-0.00352,-0.010835,-0.005047,-0.218594,-0.90802,-0.113361,-0.021488,0.698494,-0.199792,-0.072853,-0.158947,-0.103932,0.701291,0.034086,-0.33978,-0.031799,-0.050887,5.875,0.020884,0.152544,0.176907
48,36.828831,899.289978,0.687551,0.691444,0.75,0.0,0.472922,65686.0,0.430292,1.654544,0.095207,0.381835,-0.063841,0.323016,6.581794,-0.0002,-0.1,-0.002,-0.05,-0.06,-0.2,0.459709,-0.003491,-0.00962,-0.004731,-0.218441,-0.866714,-0.112983,-0.021249,0.696377,-0.198392,-0.073552,-0.158961,-0.104365,0.727892,0.032798,-0.326144,-0.02831,-0.039676,4.916667,0.017652,0.154645,0.16685
49,40.263412,952.809998,0.732308,0.722266,0.458333,0.0,0.46869,66623.0,0.44726,1.699358,0.102694,0.407882,-0.067689,0.330415,6.605164,-0.0002,-0.1,-0.002,-0.05,-0.06,-0.2,0.477975,-0.003618,-0.00985,-0.003238,-0.232244,-0.869406,-0.115938,-0.02192,0.742593,-0.201245,-0.075047,-0.161979,-0.112001,0.729585,0.036416,-0.328624,-0.026077,-0.045026,5.541667,0.018753,0.140742,0.151625
50,43.426117,958.309998,0.720197,0.723273,0.458333,0.0,0.464246,66251.0,0.424277,1.69392,0.101409,0.389822,-0.065391,0.358678,6.61172,-0.0002,-0.1,-0.002,-0.05,-0.06,-0.2,0.474059,-0.003536,-0.011139,-0.003231,-0.218559,-0.835534,-0.112457,-0.021535,0.722858,-0.197102,-0.076297,-0.161972,-0.105864,0.813516,0.036289,-0.316943,-0.025599,-0.051885,5.333333,0.019609,0.146022,0.154652
51,45.880829,960.849976,0.735767,0.733908,0.666667,0.041667,0.459162,62518.0,0.418935,1.681313,0.103625,0.395431,-0.066971,0.362317,6.596392,-0.0002,-0.1,-0.002,-0.05,-0.06,-0.2,0.471727,-0.00346,-0.010207,-0.00397,-0.219885,-0.798825,-0.110896,-0.021381,0.728946,-0.194518,-0.075086,-0.159515,-0.105695,0.80021,0.036057,-0.304571,-0.019232,-0.036689,6.5,0.019732,0.134709,0.155461
52,46.601894,966.72998,0.758647,0.733907,0.375,0.0,0.455581,66601.0,0.43226,1.720584,0.109759,0.406416,-0.068961,0.375594,6.611005,-0.0002,-0.1,-0.002,-0.05,-0.06,-0.2,0.486157,-0.003537,-0.010141,-0.002179,-0.224541,-0.799494,-0.111609,-0.02169,0.751951,-0.198138,-0.077072,-0.159751,-0.10888,0.821397,0.038593,-0.305763,-0.016413,-0.041723,5.041667,0.017211,0.142281,0.144345
53,48.379566,981.22998,0.769,0.763465,0.25,0.0,0.451142,66866.0,0.435185,1.734056,0.109382,0.411928,-0.069091,0.385414,6.625339,-0.0002,-0.1,-0.002,-0.05,-0.06,-0.2,0.491528,-0.003594,-0.011602,-0.001362,-0.230075,-0.787764,-0.112097,-0.021658,0.764322,-0.198623,-0.078591,-0.162534,-0.112444,0.850479,0.040441,-0.302429,-0.032423,-0.069726,6.041667,0.016265,0.132259,0.118138
54,48.074631,939.969971,0.755424,0.741614,0.666667,0.0,0.447188,66173.0,0.414136,1.684884,0.107005,0.402016,-0.06784,0.377154,6.62204,-0.0002,-0.1,-0.002,-0.05,-0.06,-0.2,0.474306,-0.003432,-0.010389,-0.00432,-0.22019,-0.734566,-0.107095,-0.020798,0.733308,-0.188132,-0.074196,-0.154241,-0.107818,0.819545,0.038095,-0.283312,-0.025893,-0.044891,5.0,0.019972,0.134367,0.165032
55,48.884357,940.820007,0.758286,0.73164,0.565217,0.0,0.443319,68321.0,0.416263,1.662586,0.101338,0.384191,-0.065032,0.370885,6.621196,-0.0002,-0.1,-0.002,-0.05,-0.06,-0.2,0.472749,-0.003445,-0.010269,-0.003007,-0.216172,-0.71149,-0.105607,-0.020819,0.720155,-0.182543,-0.073329,-0.153959,-0.104703,0.839157,0.039258,-0.275058,-0.024429,-0.042902,5.695652,0.018892,0.140235,0.149989
56,51.574959,967.52002,0.746083,0.743962,0.583333,0.0,0.43963,63568.0,0.404148,1.681126,0.105149,0.39098,-0.065836,0.394721,6.61059,-0.0002,-0.1,-0.002,-0.05,-0.06,-0.2,0.475474,-0.00337,-0.009884,-0.003056,-0.213514,-0.700234,-0.105514,-0.020739,0.727491,-0.186203,-0.075995,-0.155542,-0.10405,0.893789,0.037233,-0.271382,-0.017726,-0.039126,6.458333,0.017683,0.128938,0.149098
57,51.55619,959.820007,0.757487,0.746568,0.458333,0.0,0.435717,64526.0,0.406883,1.673696,0.109965,0.410174,-0.068366,0.410289,6.609071,-0.0002,-0.1,-0.002,-0.05,-0.06,-0.2,0.480342,-0.003436,-0.010459,-0.002587,-0.222385,-0.688918,-0.104723,-0.020731,0.745111,-0.182316,-0.072814,-0.153599,-0.110126,0.888197,0.040142,-0.268033,-0.021358,-0.051147,5.708333,0.019111,0.136109,0.146988
58,54.029121,982.789978,0.784513,0.776287,0.208333,0.0,0.432557,64690.0,0.419406,1.720394,0.109203,0.407434,-0.067722,0.39599,6.630056,-0.0002,-0.1,-0.002,-0.05,-0.06,-0.2,0.488943,-0.003485,-0.010308,-0.001931,-0.221297,-0.686664,-0.106054,-0.020999,0.750735,-0.184993,-0.074672,-0.15444,-0.109523,0.893684,0.040589,-0.267712,-0.016256,-0.036942,5.291667,0.016022,0.128117,0.136361
59,54.425816,952.690002,0.7519,0.735812,0.291667,0.041667,0.428958,66756.0,0.379634,1.622706,0.100239,0.377405,-0.063025,0.401482,6.609821,-0.0002,-0.1,-0.002,-0.05,-0.06,-0.2,0.469316,-0.003333,-0.009738,-0.003696,-0.207785,-0.637814,-0.099922,-0.020207,0.710218,-0.175605,-0.072104,-0.146326,-0.101634,0.951596,0.039677,-0.249404,-0.018614,-0.035383,4.708333,0.018968,0.143402,0.152702
60,56.207054,966.97998,0.752676,0.754987,0.25,0.0,0.426184,66507.0,0.393169,1.640912,0.102678,0.399171,-0.067181,0.415074,6.600538,-0.0002,-0.1,-0.002,-0.05,-0.06,-0.2,0.477675,-0.003395,-0.00986,-0.002741,-0.220213,-0.639291,-0.101045,-0.020296,0.733455,-0.175371,-0.071189,-0.154168,-0.108162,0.925819,0.044776,-0.250713,-0.016405,-0.057462,4.708333,0.017775,0.127738,0.134932
61,56.109009,956.179993,0.782128,0.765282,0.375,0.0,0.422095,67266.0,0.398757,1.677593,0.106478,0.39601,-0.067843,0.419907,6.618581,-0.0002,-0.1,-0.002,-0.05,-0.06,-0.2,0.48079,-0.003324,-0.009113,-0.002794,-0.215523,-0.628895,-0.101053,-0.02025,0.738768,-0.176918,-0.073949,-0.151993,-0.105672,0.931744,0.041304,-0.246979,-0.011856,-0.031581,4.333333,0.01832,0.142396,0.154759
62,58.550808,978.390015,0.791778,0.786117,0.173913,0.0,0.418773,65250.0,0.395472,1.667094,0.109763,0.405494,-0.069191,0.454722,6.636873,-0.0002,-0.1,-0.002,-0.05,-0.06,-0.2,0.490759,-0.003378,-0.010303,-0.001435,-0.223488,-0.630084,-0.100468,-0.020495,0.768057,-0.174431,-0.07434,-0.153705,-0.1103,0.981806,0.046543,-0.248409,-0.015954,-0.056926,4.434783,0.01458,0.111594,0.131061
63,60.506447,984.330017,0.784252,0.801158,0.166667,0.0,0.415518,67620.0,0.383211,1.720788,0.103927,0.388775,-0.066931,0.451595,6.605091,-0.0002,-0.1,-0.002,-0.05,-0.06,-0.2,0.494425,-0.003433,-0.009695,-0.00121,-0.21405,-0.621161,-0.101835,-0.020504,0.742702,-0.177079,-0.07494,-0.154301,-0.104678,1.056299,0.044853,-0.245075,-0.014932,-0.052327,4.125,0.019539,0.109029,0.105025
64,59.34676,957.400024,0.778796,0.770014,0.217391,0.0,0.412292,68362.0,0.378733,1.638988,0.108959,0.414381,-0.067827,0.468811,6.606543,-0.0002,-0.1,-0.002,-0.05,-0.06,-0.2,0.482034,-0.003344,-0.010766,-0.001946,-0.218953,-0.594495,-0.100012,-0.020173,0.745125,-0.171445,-0.072273,-0.149644,-0.108422,0.996993,0.04425,-0.23531,-0.018207,-0.050181,3.782609,0.018165,0.124581,0.118694
65,60.757565,957.52002,0.805962,0.782869,0.136364,0.045455,0.40868,69306.0,0.358258,1.675645,0.099837,0.364631,-0.063578,0.43586,6.604376,-0.0002,-0.1,-0.002,-0.05,-0.06,-0.2,0.482789,-0.003255,-0.008554,-0.001545,-0.206168,-0.5826,-0.094715,-0.019983,0.730289,-0.165141,-0.072209,-0.145786,-0.100506,1.08948,0.046218,-0.230702,-0.009055,-0.041009,3.5,0.017827,0.112334,0.123882
66,62.794636,988.690002,0.807251,0.792274,0.142857,0.0,0.405106,71380.0,0.375487,1.716782,0.112663,0.415329,-0.070774,0.486959,6.609097,-0.0002,-0.1,-0.002,-0.05,-0.06,-0.2,0.493316,-0.003353,-0.008798,-0.001524,-0.22218,-0.587215,-0.099358,-0.020219,0.765528,-0.170083,-0.07321,-0.154476,-0.108753,1.058477,0.044466,-0.233387,-0.0141,-0.058343,3.619048,0.014279,0.122336,0.126777
67,64.891594,982.799988,0.805965,0.798865,0.041667,0.041667,0.401767,64312.0,0.364588,1.662894,0.108374,0.392701,-0.066893,0.486133,6.604475,-0.0002,-0.1,-0.002,-0.05,-0.06,-0.2,0.489121,-0.003228,-0.008841,-0.00125,-0.209102,-0.567439,-0.094546,-0.019983,0.747833,-0.167164,-0.074351,-0.144417,-0.101832,1.107128,0.046658,-0.225803,-0.012129,-0.050976,3.416667,0.014094,0.10558,0.108257
68,64.700424,972.590027,0.802823,0.78688,0.227273,0.0,0.398496,69820.0,0.363726,1.643842,0.105787,0.405367,-0.069413,0.482187,6.600899,-0.0002,-0.1,-0.002,-0.05,-0.06,-0.2,0.482318,-0.003252,-0.007722,-0.002939,-0.217385,-0.552851,-0.095827,-0.019596,0.744758,-0.163073,-0.070607,-0.147039,-0.106073,1.042089,0.04685,-0.220429,-0.009319,-0.023663,3.227273,0.01462,0.120003,0.141926
69,63.775574,957.059998,0.782867,0.788941,0.181818,0.0,0.394638,70439.0,0.362171,1.655179,0.108911,0.425602,-0.070662,0.531306,6.591987,-0.0002,-0.1,-0.002,-0.05,-0.06,-0.2,0.485164,-0.003278,-0.009706,-0.001987,-0.221955,-0.544017,-0.096596,-0.020253,0.760031,-0.167636,-0.073911,-0.149397,-0.10918,1.084939,0.044527,-0.218938,-0.010995,-0.059336,3.090909,0.016362,0.112389,0.137084
70,66.535965,981.210022,0.823796,0.819824,0.086957,0.043478,0.391367,68583.0,0.36966,1.695463,0.113878,0.424704,-0.070894,0.522856,6.603581,-0.0002,-0.1,-0.002,-0.05,-0.06,-0.2,0.496801,-0.003325,-0.009772,-0.00113,-0.223971,-0.547826,-0.095017,-0.019884,0.775476,-0.163952,-0.071643,-0.145979,-0.110954,1.098166,0.050598,-0.220165,-0.010125,-0.046281,2.869565,0.015517,0.096587,0.101985
71,70.204926,1000.0,0.84735,0.822074,0.0,0.0,0.388434,68841.0,0.34848,1.667705,0.107809,0.399329,-0.067489,0.535324,6.594682,-0.0002,-0.1,-0.002,-0.05,-0.06,-0.2,0.500007,-0.00325,-0.008599,0.0,-0.21398,-0.541008,-0.094135,-0.020315,0.769093,-0.162402,-0.0755,-0.148015,-0.102842,1.212745,0.048717,-0.216811,-0.010584,-0.05109,3.043478,0.013259,0.096808,0.103875
72,69.674591,971.039978,0.812495,0.799528,0.26087,0.0,0.385717,68636.0,0.341033,1.60646,0.109641,0.403303,-0.070145,0.53908,6.5748,-0.0002,-0.1,-0.002,-0.05,-0.06,-0.2,0.477174,-0.003023,-0.006258,-0.003582,-0.21167,-0.50767,-0.090337,-0.019055,0.757012,-0.157006,-0.073339,-0.140018,-0.101842,1.128026,0.047158,-0.203832,-0.010634,-0.054978,3.130435,0.017778,0.119149,0.150908
73,70.158218,968.950012,0.819778,0.795448,0.208333,0.0,0.382642,63454.0,0.340853,1.639063,0.113062,0.399257,-0.070592,0.548407,6.576944,-0.0002,-0.1,-0.002,-0.05,-0.06,-0.2,0.481565,-0.003006,-0.007457,-0.0025,-0.205005,-0.504557,-0.090716,-0.019011,0.746974,-0.1596,-0.074184,-0.141586,-0.099586,1.163881,0.047081,-0.203668,-0.008376,-0.052327,3.333333,0.015298,0.120469,0.129848
74,72.367073,995.48999,0.833495,0.830449,0.0,0.045455,0.37964,69583.0,0.351628,1.69645,0.111308,0.43666,-0.074803,0.570946,6.574468,-0.0002,-0.1,-0.002,-0.05,-0.06,-0.2,0.498734,-0.003263,-0.007696,-0.000364,-0.22873,-0.517409,-0.094941,-0.019706,0.790543,-0.164194,-0.072624,-0.152307,-0.111622,1.182475,0.049087,-0.208994,-0.006511,-0.027089,3.136364,0.01787,0.11203,0.087498
75,73.036438,980.539978,0.835322,0.798491,0.136364,0.0,0.376974,70722.0,0.327019,1.620612,0.114634,0.413885,-0.068915,0.580744,6.547027,-0.0002,-0.1,-0.002,-0.05,-0.06,-0.2,0.48475,-0.003053,-0.007693,-0.001879,-0.21458,-0.489093,-0.087719,-0.019273,0.772241,-0.14994,-0.070946,-0.138135,-0.10394,1.218343,0.051785,-0.198234,-0.005882,-0.050013,3.727273,0.017459,0.093835,0.109574
76,71.880508,969.47998,0.829904,0.803935,0.173913,0.0,0.374152,68297.0,0.336789,1.60525,0.117679,0.400872,-0.072106,0.560432,6.582166,-0.0002,-0.1,-0.002,-0.05,-0.06,-0.2,0.485267,-0.003024,-0.008379,-0.002029,-0.202224,-0.485425,-0.0935,-0.019552,0.751447,-0.158849,-0.074655,-0.146967,-0.099619,1.191404,0.04876,-0.197963,-0.009297,-0.060269,3.391304,0.015381,0.103182,0.132399
77,74.524521,982.309998,0.843307,0.819086,0.090909,0.045455,0.370389,70925.0,0.329532,1.636754,0.106681,0.400036,-0.06797,0.568258,6.593667,-0.0002,-0.1,-0.002,-0.05,-0.06,-0.2,0.492523,-0.00313,-0.007136,-0.000987,-0.20526,-0.484357,-0.088526,-0.019217,0.761083,-0.153973,-0.069458,-0.140517,-0.100322,1.248201,0.051433,-0.196717,-0.006937,-0.045052,3.818182,0.014004,0.098257,0.105217
78,73.404091,974.200012,0.832851,0.821099,0.125,0.0,0.36671,67959.0,0.328417,1.644293,0.109798,0.406531,-0.070803,0.580254,6.576748,-0.0002,-0.1,-0.002,-0.05,-0.06,-0.2,0.487026,-0.003034,-0.007356,-0.00125,-0.207331,-0.472956,-0.090334,-0.019227,0.760693,-0.156773,-0.073694,-0.14067,-0.101434,1.226553,0.049654,-0.192669,-0.006758,-0.053856,3.708333,0.016721,0.095091,0.100845
79,76.315651,999.400024,0.86187,0.841994,0.043478,0.0,0.363641,61027.0,0.341954,1.63711,0.116587,0.417786,-0.071939,0.5981,6.598938,-0.0002,-0.1,-0.002,-0.05,-0.06,-0.2,0.499565,-0.003047,-0.007027,-0.00058,-0.210129,-0.478245,-0.089291,-0.019389,0.780992,-0.156728,-0.07499,-0.140953,-0.102142,1.235718,0.051735,-0.195274,-0.010469,-0.060839,4.173913,0.014483,0.100689,0.099559
80,77.527031,1000.0,0.865056,0.836485,0.0,0.0,0.360396,67840.0,0.328252,1.600811,0.116337,0.420229,-0.071711,0.624155,6.577329,-0.0002,-0.1,-0.002,-0.05,-0.06,-0.2,0.500007,-0.003064,-0.007311,0.0,-0.212932,-0.466283,-0.088015,-0.019653,0.792001,-0.153288,-0.073651,-0.144658,-0.10437,1.30019,0.055718,-0.19114,-0.006768,-0.058185,3.391304,0.014673,0.093485,0.100245
81,77.396011,989.669983,0.847199,0.825178,0.090909,0.0,0.357024,71078.0,0.318936,1.599024,0.102573,0.398234,-0.065527,0.580227,6.568918,-0.0002,-0.1,-0.002,-0.05,-0.06,-0.2,0.494284,-0.003091,-0.007145,-0.002182,-0.207579,-0.455749,-0.086118,-0.019048,0.763684,-0.14666,-0.067705,-0.139841,-0.099721,1.284175,0.056327,-0.186508,-0.006371,-0.04695,3.090909,0.013214,0.09737,0.121676
82,78.275993,1000.0,0.868102,0.847852,0.0,0.0,0.353957,67833.0,0.320328,1.612851,0.102034,0.396332,-0.067536,0.586984,6.551075,-0.0002,-0.1,-0.002,-0.05,-0.06,-0.2,0.500007,-0.003127,-0.007127,0.0,-0.21076,-0.452116,-0.087447,-0.019359,0.767057,-0.148932,-0.06979,-0.142076,-0.100464,1.327666,0.057443,-0.185195,-0.005311,-0.044457,2.958333,0.013767,0.084137,0.086187
83,78.281372,988.650024,0.853978,0.826515,0.090909,0.0,0.351159,70146.0,0.314409,1.594309,0.110008,0.427783,-0.071931,0.645208,6.559672,-0.0002,-0.1,-0.002,-0.05,-0.06,-0.2,0.491393,-0.00306,-0.008361,-0.001212,-0.221675,-0.442251,-0.088647,-0.019468,0.782481,-0.147295,-0.071258,-0.144443,-0.106351,1.293244,0.053811,-0.182536,-0.005294,-0.063955,24.818182,0.013634,0.104293,0.110378
84,80.888908,1000.0,0.858723,0.854716,0.083333,0.0,0.3479,63143.0,0.309444,1.600343,0.107446,0.388094,-0.066758,0.600861,6.60203,-0.0002,-0.1,-0.002,-0.05,-0.06,-0.2,0.49539,-0.002966,-0.005848,-0.000667,-0.199748,-0.43602,-0.083442,-0.018847,0.7688,-0.14478,-0.069489,-0.134091,-0.095554,1.321675,0.057536,-0.178846,-0.004723,-0.045061,5.25,0.014809,0.089901,0.104246
85,78.964828,989.159973,0.862556,0.845784,0.125,0.041667,0.345081,67106.0,0.307691,1.598656,0.107696,0.40153,-0.06764,0.615776,6.580585,-0.0002,-0.1,-0.002,-0.05,-0.06,-0.2,0.495414,-0.003004,-0.006465,-0.001144,-0.204346,-0.429571,-0.084175,-0.018757,0.770775,-0.144342,-0.068306,-0.136599,-0.098483,1.336784,0.055803,-0.177096,-0.005217,-0.053603,7.083333,0.013942,0.096585,0.110459
86,80.718407,984.669983,0.873755,0.856515,0.130435,0.0,0.342297,69277.0,0.307577,1.602368,0.11496,0.416196,-0.072126,0.644453,6.602201,-0.0002,-0.1,-0.002,-0.05,-0.06,-0.2,0.496668,-0.002955,-0.005508,-0.000522,-0.213137,-0.425639,-0.083781,-0.018719,0.794278,-0.143303,-0.069834,-0.138468,-0.102371,1.341085,0.057238,-0.176264,-0.006,-0.065562,6.086957,0.012649,0.088471,0.088307
87,82.199249,990.890015,0.874339,0.855656,0.125,0.0,0.339173,67066.0,0.3017,1.586815,0.109649,0.405686,-0.070486,0.642936,6.613626,-0.0002,-0.1,-0.002,-0.05,-0.06,-0.2,0.497475,-0.002966,-0.005105,-0.000661,-0.213207,-0.41925,-0.083172,-0.018492,0.795003,-0.140883,-0.06859,-0.139919,-0.101882,1.357199,0.058558,-0.172685,-0.004452,-0.040333,5.75,0.013146,0.097327,0.097458
88,81.532707,984.799988,0.866559,0.852722,0.125,0.0,0.336356,67760.0,0.303579,1.572219,0.114881,0.403165,-0.069627,0.633568,6.605218,-0.0002,-0.1,-0.002,-0.05,-0.06,-0.2,0.495405,-0.002906,-0.00555,-0.000661,-0.205296,-0.410347,-0.081653,-0.018495,0.791057,-0.139255,-0.06915,-0.132894,-0.0986,1.345485,0.060977,-0.170023,-0.005575,-0.065074,7.125,0.015352,0.102048,0.09873
89,81.822166,987.73999,0.867398,0.847732,0.166667,0.0,0.333499,67630.0,0.297025,1.567065,0.107598,0.403376,-0.070296,0.640896,6.62927,-0.0002,-0.1,-0.002,-0.05,-0.06,-0.2,0.493231,-0.00296,-0.005025,-0.001088,-0.20687,-0.40502,-0.082553,-0.018301,0.778237,-0.138084,-0.066242,-0.136217,-0.098966,1.352291,0.059689,-0.167676,-0.004223,-0.045008,5.791667,0.015928,0.11286,0.095181
90,82.653374,992.190002,0.874711,0.847665,0.041667,0.0,0.330784,62542.0,0.298008,1.548416,0.113212,0.401844,-0.068789,0.634547,6.601733,-0.0002,-0.1,-0.002,-0.05,-0.06,-0.2,0.49797,-0.002934,-0.005622,-0.000208,-0.203495,-0.402329,-0.081587,-0.01852,0.784083,-0.139989,-0.068005,-0.129476,-0.097745,1.381327,0.063629,-0.166692,-0.004476,-0.054507,6.291667,0.016075,0.086739,0.09561
91,84.125549,991.820007,0.884679,0.863371,0.041667,0.0,0.328075,67906.0,0.29248,1.548333,0.113466,0.391541,-0.066544,0.632378,6.618011,-0.0002,-0.1,-0.002,-0.05,-0.06,-0.2,0.496594,-0.00288,-0.00527,-0.000333,-0.201265,-0.392805,-0.079987,-0.01819,0.787511,-0.133802,-0.068373,-0.129092,-0.096067,1.388149,0.063322,-0.162601,-0.003825,-0.044039,5.333333,0.01453,0.071216,0.086967
92,85.615402,1000.0,0.886427,0.866027,0.0,0.0,0.325175,67690.0,0.294165,1.542833,0.113681,0.393342,-0.066417,0.628661,6.584704,-0.0002,-0.1,-0.002,-0.05,-0.06,-0.2,0.500007,-0.002895,-0.004609,0.0,-0.198696,-0.389756,-0.079039,-0.018209,0.785128,-0.134904,-0.067808,-0.124778,-0.094509,1.406975,0.063962,-0.161927,-0.003759,-0.054347,5.666667,0.013904,0.085846,0.087432
93,85.801521,1000.0,0.890063,0.876198,0.041667,0.0,0.323134,65071.0,0.287555,1.551339,0.110608,0.384697,-0.065579,0.620914,6.575227,-0.0002,-0.1,-0.002,-0.05,-0.06,-0.2,0.498122,-0.002861,-0.004612,-0.000185,-0.193508,-0.382815,-0.077405,-0.01791,0.777827,-0.131958,-0.066325,-0.123012,-0.0924,1.42021,0.065777,-0.159686,-0.003375,-0.038164,6.416667,0.01336,0.085805,0.08955
94,86.424599,1000.0,0.880847,0.876735,0.0,0.0,0.319984,66701.0,0.284653,1.557065,0.111466,0.394714,-0.066092,0.641149,6.572387,-0.0002,-0.1,-0.002,-0.05,-0.06,-0.2,0.500007,-0.002901,-0.005677,0.0,-0.201295,-0.378566,-0.078366,-0.018086,0.79111,-0.132299,-0.065563,-0.124692,-0.095503,1.426192,0.066147,-0.15787,-0.003276,-0.037096,5.166667,0.013371,0.078537,0.083174
95,86.799957,1000.0,0.889859,0.877094,0.0,0.0,0.317516,62008.0,0.281031,1.547627,0.103709,0.379502,-0.062335,0.616019,6.583783,-0.0002,-0.1,-0.002,-0.05,-0.06,-0.2,0.500007,-0.002918,-0.005033,0.0,-0.191001,-0.371806,-0.076653,-0.018218,0.771134,-0.130019,-0.064282,-0.121201,-0.090831,1.440476,0.06686,-0.155015,-0.003351,-0.035151,5.75,0.013209,0.087763,0.084266
96,86.215256,992.919983,0.882666,0.874098,0.041667,0.0,0.314681,67473.0,0.283035,1.529834,0.113169,0.389146,-0.065362,0.636147,6.582249,-0.0002,-0.1,-0.002,-0.05,-0.06,-0.2,0.497897,-0.00282,-0.005168,-0.000238,-0.198778,-0.366421,-0.075722,-0.017734,0.787567,-0.126897,-0.065882,-0.119135,-0.094162,1.427601,0.069765,-0.152924,-0.002877,-0.039055,6.208333,0.013152,0.0843,0.09095
97,87.969521,1000.0,0.879042,0.869644,0.0,0.0,0.312647,68588.0,0.279638,1.547386,0.116436,0.396798,-0.066546,0.659681,6.603929,-0.0002,-0.1,-0.002,-0.05,-0.06,-0.2,0.500007,-0.002856,-0.004944,0.0,-0.197057,-0.36329,-0.076299,-0.01784,0.797336,-0.130397,-0.064369,-0.12105,-0.094285,1.446754,0.065995,-0.152127,-0.002993,-0.042725,5.869565,0.014115,0.099418,0.094978
98,89.856476,1000.0,0.887457,0.874379,0.0,0.0,0.310771,68196.0,0.284284,1.531627,0.126525,0.416524,-0.07028,0.690924,6.549425,-0.0002,-0.1,-0.002,-0.05,-0.06,-0.2,0.500007,-0.002759,-0.004169,0.0,-0.204892,-0.359772,-0.074788,-0.017546,0.814767,-0.127192,-0.066458,-0.118559,-0.09694,1.428271,0.069252,-0.151114,-0.002957,-0.038923,6.375,0.013032,0.073626,0.093672
99,89.275642,991.440002,0.885896,0.870754,0.041667,0.083333,0.308454,67356.0,0.273364,1.498331,0.111756,0.397221,-0.064318,0.652273,6.573034,-0.000275,-0.108333,-0.002167,-0.053125,-0.06375,-0.2125,0.49626,-0.002824,-0.005339,-0.000542,-0.196881,-0.349455,-0.07417,-0.01761,0.791475,-0.124246,-0.062049,-0.11532,-0.093896,1.444897,0.071236,-0.147045,-0.00269,-0.024816,6.208333,0.013029,0.089966,0.101063
100,89.597504,996.049988,0.894154,0.877256,0.0,0.041667,0.304782,63994.0,0.276277,1.509419,0.115847,0.408435,-0.067015,0.677281,6.617897,-0.002,-0.3,-0.006,-0.125,-0.15,-0.5,0.49909,-0.00311,-0.004979,-0.000185,-0.200193,-0.348094,-0.07538,-0.018318,0.796497,-0.124637,-0.064977,-0.117124,-0.094915,1.445708,0.07186,-0.149538,-0.002747,-0.040323,5.291667,0.012783,0.095438,0.093554
101,87.971535,975.630005,0.873909,0.861261,0.125,0.0,0.301342,59814.0,0.26575,1.475956,0.115215,0.381141,-0.062613,0.645483,6.552839,-0.002,-0.3,-0.006,-0.125,-0.15,-0.5,0.487976,-0.003509,-0.00433,-0.001222,-0.188364,-0.335151,-0.070816,-0.018098,0.778542,-0.123646,-0.065845,-0.110373,-0.089518,1.43249,0.070882,-0.146741,-0.002604,-0.021842,4.583333,0.014186,0.09638,0.11239
102,89.529671,991.059998,0.893511,0.878599,0.041667,0.0,0.29761,64481.0,0.26446,1.500625,0.120371,0.375563,-0.063282,0.646023,6.571772,-0.002,-0.3,-0.006,-0.125,-0.15,-0.5,0.497676,-0.004039,-0.003683,-0.000208,-0.188027,-0.335463,-0.069849,-0.018433,0.805006,-0.128408,-0.069388,-0.110044,-0.089165,1.481597,0.07385,-0.149926,-0.002215,-0.030117,5.041667,0.015411,0.06873,0.083716
103,90.95224,1000.0,0.88697,0.879834,0.0,0.0,0.294981,65779.0,0.26821,1.470801,0.12451,0.38833,-0.063438,0.666792,6.585079,-0.002,-0.3,-0.006,-0.125,-0.15,-0.5,0.500007,-0.0046,-0.003913,0.0,-0.187528,-0.332698,-0.070555,-0.01942,0.797796,-0.130355,-0.071308,-0.108553,-0.089181,1.486269,0.077122,-0.153525,-0.002831,-0.036443,4.208333,0.013678,0.080693,0.084593
104,89.960251,994.799988,0.886622,0.875158,0.043478,0.0,0.291693,67078.0,0.260332,1.484992,0.111461,0.378895,-0.059093,0.629818,6.522911,-0.002,-0.3,-0.006,-0.125,-0.15,-0.5,0.497741,-0.005277,-0.004351,-0.000348,-0.180049,-0.323959,-0.068743,-0.020002,0.768429,-0.130471,-0.070842,-0.105163,-0.086732,1.496619,0.0785,-0.154496,-0.002507,-0.032611,4.478261,0.013931,0.089724,0.083134
105,89.950737,990.880005,0.889361,0.875215,0.043478,0.0,0.288632,66133.0,0.265894,1.455724,0.127636,0.401278,-0.065491,0.685485,6.512047,-0.002,-0.3,-0.006,-0.125,-0.15,-0.5,0.496699,-0.005578,-0.005118,-0.00029,-0.189946,-0.322535,-0.070745,-0.020774,0.800027,-0.135301,-0.07813,-0.108045,-0.089893,1.464817,0.07812,-0.157836,-0.003488,-0.044591,4.608696,0.013367,0.095736,0.086524
106,90.978333,994.700012,0.888341,0.871671,0.0,0.041667,0.285778,60309.0,0.260273,1.425157,0.126581,0.394619,-0.063353,0.678865,6.51682,-0.002,-0.3,-0.006,-0.125,-0.15,-0.5,0.496319,-0.006242,-0.003815,-0.000556,-0.189882,-0.315465,-0.068912,-0.021219,0.804424,-0.136341,-0.077243,-0.104242,-0.089433,1.485783,0.08105,-0.158258,-0.002962,-0.033245,3.583333,0.015307,0.07884,0.09943
107,90.565674,994.25,0.88387,0.87015,0.047619,0.0,0.282712,70391.0,0.258741,1.429269,0.126198,0.37313,-0.060228,0.644485,6.491269,-0.002,-0.3,-0.006,-0.125,-0.15,-0.5,0.49876,-0.006605,-0.003508,-0.000173,-0.174394,-0.314424,-0.06648,-0.021125,0.788145,-0.136806,-0.079271,-0.099086,-0.083146,1.516994,0.081183,-0.160409,-0.002688,-0.039863,3.52381,0.014213,0.086421,0.087112
108,90.147736,987.820007,0.889193,0.868547,0.045455,0.045455,0.27995,68572.0,0.252499,1.433891,0.115217,0.381963,-0.059193,0.647425,6.485403,-0.002,-0.3,-0.006,-0.125,-0.15,-0.5,0.494537,-0.00747,-0.004036,-0.000758,-0.183694,-0.303892,-0.06636,-0.022426,0.782469,-0.138244,-0.078914,-0.099591,-0.088021,1.50186,0.081647,-0.159702,-0.002779,-0.032724,3.818182,0.012694,0.084851,0.089457
109,90.904846,989.080017,0.882686,0.869561,0.086957,0.0,0.277778,66575.0,0.255508,1.447242,0.128207,0.393896,-0.063405,0.667174,6.460575,-0.002,-0.3,-0.006,-0.125,-0.15,-0.5,0.494194,-0.007631,-0.004539,-0.000783,-0.184243,-0.30136,-0.067824,-0.022913,0.79578,-0.143098,-0.084179,-0.100162,-0.088082,1.499589,0.079092,-0.163507,-0.002116,-0.022369,3.391304,0.013152,0.089628,0.112698
110,90.319,985.469971,0.886455,0.870589,0.043478,0.0,0.275109,60534.0,0.255124,1.427886,0.125572,0.375801,-0.059887,0.638664,6.440374,-0.002,-0.3,-0.006,-0.125,-0.15,-0.5,0.497382,-0.00815,-0.004428,-0.000435,-0.173039,-0.297479,-0.065322,-0.023511,0.780412,-0.141655,-0.087044,-0.097509,-0.082473,1.513874,0.086431,-0.16574,-0.002201,-0.023191,3.434783,0.015655,0.101987,0.098174
111,91.889542,991.659973,0.863425,0.86325,0.086957,0.0,0.272333,70194.0,0.247309,1.404459,0.130834,0.377434,-0.060406,0.662082,6.438891,-0.002,-0.3,-0.006,-0.125,-0.15,-0.5,0.487115,-0.008659,-0.004031,-0.002174,-0.174671,-0.286528,-0.064284,-0.023593,0.787427,-0.143486,-0.087464,-0.096467,-0.0835,1.480553,0.083605,-0.163554,-0.002323,-0.024003,3.086957,0.013769,0.098207,0.104328
112,91.965736,992.400024,0.881776,0.881144,0.043478,0.0,0.270039,65227.0,0.251487,1.396881,0.128745,0.386095,-0.060532,0.668592,6.452329,-0.002,-0.3,-0.006,-0.125,-0.15,-0.5,0.497626,-0.009233,-0.003259,-0.000435,-0.179771,-0.291103,-0.064897,-0.024181,0.791931,-0.147705,-0.090056,-0.093002,-0.0858,1.5157,0.089194,-0.169101,-0.002786,-0.022218,2.521739,0.014248,0.08844,0.105245
113,92.211891,990.25,0.888137,0.869082,0.045455,0.0,0.267673,73037.0,0.241706,1.378677,0.123066,0.378713,-0.056185,0.65988,6.43159,-0.002,-0.3,-0.006,-0.125,-0.15,-0.5,0.492613,-0.009693,-0.004408,-0.000606,-0.170734,-0.28147,-0.061636,-0.02426,0.782877,-0.144074,-0.087148,-0.09221,-0.081597,1.5282,0.087899,-0.167908,-0.00247,-0.04422,3.727273,0.013769,0.079526,0.095965
114,92.095444,982.070007,0.869315,0.874633,0.125,0.0,0.265318,69009.0,0.235174,1.342726,0.116253,0.356876,-0.053375,0.624549,6.411125,-0.002,-0.3,-0.006,-0.125,-0.15,-0.5,0.487308,-0.010414,-0.003232,-0.001319,-0.16322,-0.273704,-0.059786,-0.025049,0.761462,-0.138904,-0.083923,-0.087704,-0.077916,1.50699,0.093739,-0.16699,-0.002254,-0.018614,2.708333,0.016255,0.093784,0.109259
115,93.724213,981.919983,0.883344,0.861681,0.086957,0.0,0.263032,69856.0,0.242417,1.382971,0.138249,0.409055,-0.061696,0.712452,6.4044,-0.002,-0.3,-0.006,-0.125,-0.15,-0.5,0.49017,-0.010598,-0.004005,-0.00087,-0.183191,-0.272557,-0.062019,-0.025315,0.80997,-0.148172,-0.092843,-0.092557,-0.08714,1.513096,0.089409,-0.171319,-0.002934,-0.031583,3.73913,0.014798,0.090843,0.113587
116,91.980782,980.130005,0.873426,0.860401,0.090909,0.0,0.260797,72908.0,0.237482,1.347389,0.128312,0.391017,-0.060098,0.674516,6.40084,-0.002,-0.3,-0.006,-0.125,-0.15,-0.5,0.484938,-0.010891,-0.003693,-0.001212,-0.176771,-0.266136,-0.061632,-0.026391,0.781406,-0.14652,-0.09398,-0.087271,-0.083835,1.502682,0.092097,-0.171788,-0.002307,-0.019472,3.818182,0.012458,0.086924,0.101867
117,93.618576,996.130005,0.896908,0.888857,0.043478,0.0,0.258413,64573.0,0.242881,1.37021,0.1327,0.382921,-0.058177,0.668659,6.405899,-0.002,-0.3,-0.006,-0.125,-0.15,-0.5,0.49832,-0.011873,-0.003748,-0.000348,-0.174006,-0.270205,-0.062118,-0.026267,0.803232,-0.153257,-0.097897,-0.091197,-0.083507,1.538021,0.096718,-0.174779,-0.002598,-0.039747,2.956522,0.012138,0.096981,0.097002
118,94.71212,997.23999,0.900347,0.884771,0.0,0.043478,0.256426,71854.0,0.236059,1.340078,0.127063,0.369732,-0.055941,0.658122,6.377254,-0.002,-0.3,-0.006,-0.125,-0.15,-0.5,0.499254,-0.012283,-0.003688,-0.000217,-0.170234,-0.265482,-0.060133,-0.02735,0.792508,-0.15062,-0.097161,-0.088964,-0.081822,1.572447,0.100204,-0.17713,-0.002541,-0.024525,4.086957,0.01357,0.08163,0.084519
119,95.621445,1000.0,0.88868,0.892648,0.0,0.0,0.254219,72941.0,0.237067,1.392762,0.139387,0.39144,-0.058441,0.70061,6.377031,-0.002,-0.3,-0.006,-0.125,-0.15,-0.5,0.500007,-0.012457,-0.002909,0.0,-0.173149,-0.261424,-0.059043,-0.028117,0.80873,-0.154203,-0.103523,-0.085028,-0.082357,1.576162,0.097031,-0.179496,-0.002545,-0.022432,3.863636,0.015697,0.099507,0.08763
120,95.410393,996.830017,0.887134,0.889162,0.0,0.041667,0.252004,69027.0,0.231071,1.349937,0.134821,0.400009,-0.058684,0.702636,6.364918,-0.002,-0.3,-0.006,-0.125,-0.15,-0.5,0.496694,-0.013554,-0.003743,-0.000833,-0.177954,-0.255058,-0.058696,-0.028327,0.802787,-0.154479,-0.100749,-0.086109,-0.086124,1.576382,0.103856,-0.180221,-0.002773,-0.024876,3.708333,0.013505,0.084929,0.090853
121,95.388367,1000.0,0.911926,0.8938,0.0,0.0,0.249886,72398.0,0.235303,1.33836,0.143038,0.380577,-0.057693,0.685249,6.372747,-0.002,-0.3,-0.006,-0.125,-0.15,-0.5,0.500007,-0.012904,-0.002461,0.0,-0.160273,-0.255159,-0.05788,-0.028229,0.800626,-0.159016,-0.110937,-0.081686,-0.075648,1.583273,0.106169,-0.182231,-0.002107,-0.031374,4.181818,0.01332,0.081028,0.092261
122,95.296349,1000.0,0.89773,0.888452,0.0,0.0,0.247993,69817.0,0.239728,1.350183,0.148092,0.39835,-0.059759,0.691146,6.379794,-0.002,-0.3,-0.006,-0.125,-0.15,-0.5,0.500007,-0.013512,-0.003336,0.0,-0.163442,-0.25023,-0.059275,-0.029473,0.797589,-0.163833,-0.111685,-0.082798,-0.080232,1.558993,0.103874,-0.186207,-0.002253,-0.021889,3.166667,0.012492,0.088657,0.086148
123,96.698448,1000.0,0.914876,0.884302,0.0,0.0,0.245243,65842.0,0.229473,1.386335,0.147484,0.400855,-0.059744,0.717014,6.335694,-0.002,-0.3,-0.006,-0.125,-0.15,-0.5,0.500007,-0.014215,-0.002457,0.0,-0.171907,-0.246329,-0.056929,-0.029929,0.821622,-0.160613,-0.109511,-0.081482,-0.083348,1.596731,0.104562,-0.18558,-0.00212,-0.022172,2.954545,0.013564,0.088834,0.082577
124,96.462433,1000.0,0.889718,0.891689,0.0,0.0,0.243002,70019.0,0.22783,1.287036,0.135681,0.375025,-0.05389,0.665647,6.336432,-0.002,-0.3,-0.006,-0.125,-0.15,-0.5,0.500007,-0.015094,-0.003338,0.0,-0.163136,-0.239215,-0.055201,-0.029878,0.791984,-0.156541,-0.107454,-0.079926,-0.079362,1.609431,0.116919,-0.182823,-0.00231,-0.022456,3.217391,0.013291,0.071853,0.090478
125,96.870781,1000.0,0.890259,0.881358,0.0,0.0,0.240888,71837.0,0.227271,1.297001,0.144624,0.400895,-0.057486,0.71732,6.34506,-0.002,-0.3,-0.006,-0.125,-0.15,-0.5,0.500007,-0.015481,-0.00415,0.0,-0.1719,-0.23624,-0.054675,-0.031634,0.811694,-0.159384,-0.110745,-0.077606,-0.08342,1.611765,0.114055,-0.187911,-0.002797,-0.036316,23.869566,0.014068,0.077711,0.0886
126,97.149948,1000.0,0.905911,0.890831,0.0,0.0,0.23903,68414.0,0.223875,1.277364,0.142584,0.376411,-0.053857,0.680586,6.292974,-0.002,-0.3,-0.006,-0.125,-0.15,-0.5,0.500007,-0.015694,-0.002868,0.0,-0.15836,-0.233672,-0.054499,-0.030732,0.800428,-0.160922,-0.112567,-0.075621,-0.075373,1.613853,0.119139,-0.187136,-0.002748,-0.025914,6.291667,0.013454,0.081025,0.077919
127,97.214096,1000.0,0.895904,0.895607,0.0,0.0,0.236264,70524.0,0.220016,1.287127,0.139426,0.385063,-0.054843,0.689549,6.307369,-0.002,-0.3,-0.006,-0.125,-0.15,-0.5,0.500007,-0.016859,-0.00335,0.0,-0.166486,-0.22883,-0.054301,-0.031992,0.802251,-0.160783,-0.110401,-0.076839,-0.08099,1.636165,0.120895,-0.187804,-0.002637,-0.028208,6.956522,0.012161,0.075637,0.084147
128,98.441879,1000.0,0.90378,0.888743,0.0,0.0,0.234561,69573.0,0.223498,1.287894,0.159753,0.410777,-0.058484,0.746514,6.286209,-0.002,-0.3,-0.006,-0.125,-0.15,-0.5,0.500007,-0.01663,-0.003375,0.0,-0.163895,-0.228467,-0.054437,-0.031999,0.824576,-0.168811,-0.120234,-0.076402,-0.079108,1.61469,0.120087,-0.19414,-0.00286,-0.028787,5.666667,0.01365,0.078436,0.092756
129,97.986755,999.590027,0.905079,0.903995,0.041667,0.0,0.232197,62299.0,0.218453,1.281618,0.150236,0.392935,-0.056129,0.714276,6.292322,-0.002,-0.3,-0.006,-0.125,-0.15,-0.5,0.499919,-0.01731,-0.002886,-0.000167,-0.163797,-0.223624,-0.053498,-0.03256,0.816493,-0.162478,-0.119042,-0.073918,-0.079271,1.633065,0.122293,-0.191602,-0.002599,-0.030248,7.0,0.012568,0.073827,0.091199
130,97.994476,1000.0,0.899702,0.903643,0.0,0.0,0.230403,69470.0,0.21894,1.260349,0.143743,0.381215,-0.053357,0.693998,6.26223,-0.002,-0.3,-0.006,-0.125,-0.15,-0.5,0.500007,-0.017821,-0.003146,0.0,-0.15679,-0.219588,-0.052736,-0.033382,0.811931,-0.165837,-0.118036,-0.072737,-0.075913,1.620391,0.126368,-0.192391,-0.002674,-0.028779,6.791667,0.013738,0.072329,0.07862
131,98.422737,995.309998,0.903293,0.890048,0.041667,0.0,0.228404,68585.0,0.213539,1.265068,0.147362,0.40116,-0.05506,0.724921,6.283283,-0.002,-0.3,-0.006,-0.125,-0.15,-0.5,0.498783,-0.01878,-0.003571,-0.000208,-0.164341,-0.215416,-0.052389,-0.034008,0.814304,-0.165181,-0.116108,-0.073268,-0.080103,1.63279,0.131258,-0.195552,-0.002937,-0.039005,5.375,0.01363,0.088641,0.098391
132,98.525986,1000.0,0.914042,0.902232,0.0,0.041667,0.226193,70289.0,0.213103,1.255121,0.145533,0.389064,-0.054102,0.707853,6.271745,-0.002,-0.3,-0.006,-0.125,-0.15,-0.5,0.499804,-0.019079,-0.00244,-0.000238,-0.157759,-0.213359,-0.052017,-0.033916,0.808033,-0.167725,-0.119588,-0.071971,-0.076688,1.644371,0.133424,-0.196145,-0.002289,-0.021874,6.125,0.013078,0.077407,0.095029
133,98.596832,991.159973,0.90096,0.888769,0.041667,0.0,0.224219,69993.0,0.214515,1.261969,0.151783,0.402949,-0.056129,0.729999,6.232197,-0.002,-0.3,-0.006,-0.125,-0.15,-0.5,0.496319,-0.019173,-0.002555,-0.000333,-0.165263,-0.209062,-0.052087,-0.034954,0.819352,-0.17027,-0.124618,-0.071045,-0.08062,1.623183,0.127876,-0.197541,-0.002666,-0.029811,5.041667,0.013029,0.080724,0.088521
134,99.007187,1000.0,0.899477,0.899725,0.041667,0.0,0.221866,69146.0,0.214169,1.249973,0.148325,0.401911,-0.054158,0.721116,6.257987,-0.002,-0.3,-0.006,-0.125,-0.15,-0.5,0.498981,-0.020076,-0.003314,-0.000208,-0.159983,-0.205883,-0.051551,-0.035885,0.811698,-0.169787,-0.123182,-0.070417,-0.077931,1.627287,0.134538,-0.199492,-0.002452,-0.028099,6.166667,0.014062,0.083829,0.083369
135,99.940811,1000.0,0.899387,0.909205,0.0,0.0,0.220514,63266.0,0.209084,1.186238,0.14986,0.391336,-0.052995,0.723794,6.217993,-0.002,-0.3,-0.006,-0.125,-0.15,-0.5,0.500007,-0.020147,-0.003123,0.0,-0.157999,-0.202453,-0.049447,-0.035818,0.81997,-0.167232,-0.122586,-0.066752,-0.076763,1.65323,0.147034,-0.198827,-0.003641,-0.040218,5.708333,0.011872,0.069861,0.081842
136,99.621346,1000.0,0.903838,0.8964,0.0,0.0,0.218945,70132.0,0.210902,1.239833,0.155547,0.396664,-0.053572,0.723447,6.237458,-0.002,-0.3,-0.006,-0.125,-0.15,-0.5,0.500007,-0.020589,-0.003341,0.0,-0.154865,-0.200753,-0.049358,-0.03546,0.815714,-0.171095,-0.127821,-0.0681,-0.075331,1.645263,0.137514,-0.201901,-0.00225,-0.021664,5.875,0.013375,0.067859,0.081559
137,99.930168,998.419983,0.909654,0.899807,0.041667,0.0,0.21743,69360.0,0.207899,1.223981,0.154702,0.382861,-0.052294,0.70557,6.231796,-0.002,-0.3,-0.006,-0.125,-0.15,-0.5,0.499593,-0.02077,-0.002967,-0.000208,-0.152587,-0.196431,-0.047204,-0.035982,0.815896,-0.169466,-0.127911,-0.064501,-0.075636,1.663468,0.146002,-0.199663,-0.002402,-0.021201,5.75,0.014689,0.07916,0.083898
138,99.456543,1000.0,0.898014,0.886509,0.043478,0.0,0.215804,71257.0,0.207724,1.185961,0.156075,0.387984,-0.05186,0.713905,6.232719,-0.002,-0.3,-0.006,-0.125,-0.15,-0.5,0.497771,-0.021062,-0.003336,-0.000248,-0.15094,-0.192104,-0.04819,-0.036677,0.810893,-0.170841,-0.132882,-0.063143,-0.07405,1.650072,0.147374,-0.200875,-0.00277,-0.02272,6.086957,0.014447,0.081119,0.09
139,100.255516,1000.0,0.906341,0.902324,0.0,0.0,0.213358,70091.0,0.204965,1.185267,0.153302,0.38739,-0.051378,0.716411,6.176969,-0.002,-0.3,-0.006,-0.125,-0.15,-0.5,0.500007,-0.02191,-0.003118,0.0,-0.149944,-0.190836,-0.046858,-0.036619,0.819914,-0.171845,-0.131248,-0.062439,-0.072954,1.672751,0.156549,-0.203956,-0.00257,-0.022536,6.25,0.012915,0.072257,0.081332
140,100.504921,1000.0,0.913547,0.901923,0.0,0.0,0.211647,70110.0,0.20702,1.175327,0.153429,0.386462,-0.052343,0.713681,6.173301,-0.002,-0.3,-0.006,-0.125,-0.15,-0.5,0.500007,-0.022505,-0.003415,0.0,-0.152033,-0.187465,-0.048654,-0.03858,0.809586,-0.174427,-0.134753,-0.062946,-0.074112,1.651231,0.156102,-0.20558,-0.00235,-0.022161,6.041667,0.011746,0.078786,0.076895
141,101.207069,1000.0,0.905337,0.897024,0.0,0.0,0.210056,66493.0,0.205516,1.147924,0.164036,0.38726,-0.052061,0.71739,6.173788,-0.002,-0.3,-0.006,-0.125,-0.15,-0.5,0.500007,-0.021787,-0.002617,0.0,-0.144929,-0.185192,-0.046083,-0.03686,0.814595,-0.172864,-0.134762,-0.059915,-0.070266,1.657828,0.166716,-0.205892,-0.002292,-0.022516,5.666667,0.013517,0.082006,0.09243
142,102.689171,1000.0,0.909796,0.906757,0.0,0.0,0.208136,69795.0,0.199128,1.15165,0.153356,0.394314,-0.051602,0.747458,6.185602,-0.002,-0.3,-0.006,-0.125,-0.15,-0.5,0.500007,-0.023219,-0.003193,0.0,-0.154575,-0.181791,-0.04599,-0.038012,0.828173,-0.170069,-0.129519,-0.061395,-0.074807,1.681234,0.167639,-0.203309,-0.003089,-0.02684,5.375,0.012577,0.078539,0.073338
143,102.747444,1000.0,0.904718,0.913908,0.0,0.0,0.20632,68811.0,0.19603,1.167867,0.157104,0.382791,-0.048905,0.725667,6.167039,-0.002,-0.3,-0.006,-0.125,-0.15,-0.5,0.500007,-0.022745,-0.002176,0.0,-0.144941,-0.178589,-0.043346,-0.035882,0.831067,-0.164578,-0.125952,-0.056953,-0.07099,1.696936,0.168159,-0.198118,-0.002628,-0.032488,4.458333,0.013589,0.071402,0.078216
144,102.914795,1000.0,0.909404,0.904065,0.0,0.0,0.204965,69619.0,0.196133,1.143572,0.151412,0.385695,-0.048931,0.714307,6.157119,-0.002,-0.3,-0.006,-0.125,-0.15,-0.5,0.500007,-0.022977,-0.002846,0.0,-0.146312,-0.175181,-0.044597,-0.036771,0.815123,-0.162355,-0.124183,-0.058689,-0.071611,1.68992,0.173686,-0.197208,-0.002127,-0.024249,5.166667,0.011785,0.074258,0.083471
145,103.104118,1000.0,0.909104,0.9013,0.0,0.0,0.203652,69282.0,0.197699,1.131864,0.162222,0.382829,-0.049822,0.732494,6.165094,-0.002,-0.3,-0.006,-0.125,-0.15,-0.5,0.500007,-0.022403,-0.002295,0.0,-0.144625,-0.173335,-0.043745,-0.036065,0.825195,-0.159797,-0.127833,-0.057105,-0.070623,1.68496,0.178178,-0.193242,-0.002371,-0.02254,4.541667,0.012781,0.076125,0.088209
146,103.667473,1000.0,0.901298,0.889621,0.0,0.0,0.202412,63353.0,0.195524,1.130442,0.162409,0.399523,-0.050744,0.75239,6.161208,-0.002,-0.3,-0.006,-0.125,-0.15,-0.5,0.500007,-0.022576,-0.002793,0.0,-0.14802,-0.170598,-0.044969,-0.036945,0.827488,-0.160822,-0.127928,-0.058508,-0.072348,1.686968,0.178479,-0.192783,-0.002678,-0.03715,3.913043,0.014173,0.075005,0.092698
147,101.888649,988.599976,0.898864,0.890114,0.086957,0.0,0.200415,71019.0,0.191386,1.11073,0.150236,0.366636,-0.046125,0.688037,6.189331,-0.002,-0.3,-0.006,-0.125,-0.15,-0.5,0.495039,-0.021914,-0.002342,-0.000683,-0.132229,-0.165399,-0.041438,-0.034925,0.796798,-0.153829,-0.125587,-0.052667,-0.064773,1.682173,0.18288,-0.186124,-0.001658,-0.016072,4.347826,0.0127,0.071723,0.085644
148,102.423676,990.450012,0.887941,0.88688,0.045455,0.0,0.198727,72618.0,0.187062,1.083285,0.147623,0.363831,-0.045682,0.684291,6.175039,-0.002,-0.3,-0.006,-0.125,-0.15,-0.5,0.494575,-0.022548,-0.002715,-0.000455,-0.134057,-0.16349,-0.042782,-0.034852,0.785797,-0.152926,-0.116338,-0.053158,-0.065995,1.692437,0.189567,-0.184807,-0.002364,-0.021436,3.772727,0.015146,0.087497,0.098634
149,103.573013,998.72998,0.911929,0.897383,0.043478,0.0,0.197318,71198.0,0.188337,1.097262,0.144576,0.373522,-0.047138,0.706799,6.155926,-0.002,-0.3,-0.006,-0.125,-0.15,-0.5,0.499311,-0.022643,-0.00208,-0.000435,-0.134232,-0.161795,-0.041911,-0.035456,0.798331,-0.150227,-0.118728,-0.055369,-0.065608,1.699758,0.193633,-0.183435,-0.001989,-0.023166,4.130435,0.010909,0.079645,0.085309
150,104.02198,996.140015,0.902155,0.901241,0.045455,0.0,0.195656,73000.0,0.192122,1.110783,0.160778,0.388606,-0.048925,0.721498,6.156196,-0.002,-0.3,-0.006,-0.125,-0.15,-0.5,0.498248,-0.022303,-0.002538,-0.000364,-0.138499,-0.159853,-0.043319,-0.036135,0.812358,-0.152767,-0.121275,-0.054038,-0.06905,1.686292,0.187768,-0.182986,-0.002249,-0.032113,3.045455,0.015299,0.068018,0.096605
151,104.547302,1000.0,0.906837,0.895508,0.0,0.0,0.194393,70957.0,0.191239,1.091722,0.160634,0.389612,-0.04915,0.731916,6.140592,-0.002,-0.3,-0.006,-0.125,-0.15,-0.5,0.500007,-0.022092,-0.002324,0.0,-0.139238,-0.159282,-0.042966,-0.035158,0.817564,-0.149742,-0.123436,-0.053816,-0.067735,1.699442,0.198461,-0.181981,-0.00164,-0.018328,3.434783,0.013258,0.076777,0.086838
152,105.8237,1000.0,0.908206,0.900028,0.0,0.0,0.192904,63257.0,0.189284,1.108156,0.163418,0.390408,-0.047789,0.741955,6.128262,-0.002,-0.3,-0.006,-0.125,-0.15,-0.5,0.500007,-0.021895,-0.001741,0.0,-0.136303,-0.155672,-0.041119,-0.034675,0.818947,-0.144784,-0.118874,-0.051782,-0.066364,1.706972,0.200077,-0.177757,-0.001844,-0.015009,3.521739,0.013365,0.080315,0.088334
153,106.110222,1000.0,0.915337,0.896402,0.0,0.0,0.191424,72121.0,0.189344,1.074453,0.163983,0.38937,-0.048934,0.724784,6.127739,-0.002,-0.3,-0.006,-0.125,-0.15,-0.5,0.500007,-0.021877,-0.001888,0.0,-0.135366,-0.153767,-0.042082,-0.034799,0.812545,-0.144162,-0.119841,-0.051676,-0.066225,1.697748,0.204198,-0.177352,-0.001774,-0.015924,2.863636,0.012906,0.076354,0.086179
154,106.486504,1000.0,0.922764,0.906376,0.0,0.0,0.189695,69015.0,0.187219,1.067664,0.159321,0.36869,-0.045135,0.723677,6.12166,-0.002,-0.3,-0.006,-0.125,-0.15,-0.5,0.500007,-0.021486,-0.002668,0.0,-0.132092,-0.152102,-0.040062,-0.033865,0.818351,-0.144749,-0.122383,-0.051595,-0.065042,1.714693,0.206919,-0.171536,-0.001645,-0.017198,2.958333,0.010903,0.085315,0.096386
155,108.172897,1000.0,0.924422,0.89914,0.0,0.0,0.188248,71642.0,0.183001,1.065181,0.161767,0.376204,-0.045591,0.738652,6.117582,-0.002,-0.3,-0.006,-0.125,-0.15,-0.5,0.500007,-0.021669,-0.002846,0.0,-0.132907,-0.149223,-0.039136,-0.032532,0.821383,-0.137691,-0.113661,-0.050355,-0.063841,1.719371,0.21695,-0.169478,-0.001708,-0.016149,3.590909,0.011169,0.071106,0.087969
156,106.279694,990.840027,0.895149,0.890566,0.125,0.0,0.186943,69771.0,0.183939,1.060326,0.163415,0.40031,-0.048291,0.75898,6.111534,-0.002,-0.3,-0.006,-0.125,-0.15,-0.5,0.495027,-0.02187,-0.00325,-0.001306,-0.138429,-0.145685,-0.040622,-0.034356,0.816849,-0.137005,-0.112736,-0.050948,-0.068448,1.68928,0.214701,-0.169645,-0.00178,-0.034691,3.0,0.01786,0.086212,0.11806
157,107.052544,997.150024,0.910521,0.900596,0.045455,0.0,0.185316,67233.0,0.184852,1.037535,0.162757,0.363986,-0.044345,0.701215,6.152814,-0.002,-0.3,-0.006,-0.125,-0.15,-0.5,0.499825,-0.020718,-0.002003,-0.000606,-0.128255,-0.144569,-0.037468,-0.032681,0.809149,-0.131578,-0.117146,-0.04743,-0.064578,1.723925,0.228935,-0.16371,-0.002042,-0.020587,3.272727,0.012948,0.085869,0.098928
158,106.423149,989.02002,0.899259,0.906146,0.090909,0.0,0.183941,63490.0,0.181742,1.022235,0.163763,0.368582,-0.045369,0.689191,6.130044,-0.002,-0.3,-0.006,-0.125,-0.15,-0.5,0.49671,-0.02044,-0.00222,-0.000485,-0.124944,-0.141724,-0.037538,-0.032247,0.811974,-0.129541,-0.115401,-0.044377,-0.062599,1.712892,0.232754,-0.163896,-0.001842,-0.022166,4.318182,0.0123,0.072623,0.09059
159,107.204224,998.200012,0.907553,0.889768,0.043478,0.0,0.182936,71189.0,0.183611,1.023895,0.174558,0.394119,-0.048216,0.742367,6.104627,-0.002,-0.3,-0.006,-0.125,-0.15,-0.5,0.498039,-0.020755,-0.003025,-0.00087,-0.131391,-0.141543,-0.039479,-0.033856,0.815396,-0.133554,-0.115407,-0.047942,-0.064909,1.71843,0.226727,-0.164905,-0.001893,-0.020646,2.956522,0.014557,0.080263,0.110184
160,108.445709,993.549988,0.9028,0.890446,0.045455,0.0,0.181499,61571.0,0.181604,1.052464,0.18133,0.399226,-0.047493,0.76516,6.105443,-0.002,-0.3,-0.006,-0.125,-0.15,-0.5,0.49707,-0.020524,-0.002177,-0.000364,-0.129996,-0.138884,-0.038727,-0.032285,0.826543,-0.129908,-0.117564,-0.046922,-0.064059,1.703764,0.225604,-0.16132,-0.001546,-0.02118,4.045455,0.012914,0.083818,0.092584
161,110.349655,999.929993,0.908687,0.913468,0.041667,0.0,0.180165,61320.0,0.179538,1.017806,0.173544,0.405227,-0.047462,0.779768,6.083595,-0.002,-0.3,-0.006,-0.125,-0.15,-0.5,0.499965,-0.02161,-0.003,-0.000417,-0.135665,-0.136956,-0.038281,-0.032642,0.840326,-0.127555,-0.110664,-0.047878,-0.067192,1.727025,0.243256,-0.160474,-0.001471,-0.01875,3.916667,0.012041,0.07109,0.083757
162,109.329521,1000.0,0.909359,0.911168,0.0,0.0,0.1788,68147.0,0.175276,1.005693,0.160399,0.368545,-0.044574,0.703025,6.072834,-0.002,-0.3,-0.006,-0.125,-0.15,-0.5,0.500007,-0.021447,-0.00194,0.0,-0.124308,-0.134652,-0.037575,-0.031609,0.816512,-0.124073,-0.10679,-0.04471,-0.061673,1.740432,0.248482,-0.157007,-0.001611,-0.017917,3.869565,0.012353,0.074629,0.075922
163,109.885857,1000.0,0.914925,0.902357,0.0,0.0,0.17733,61632.0,0.176074,0.988759,0.169267,0.362913,-0.042266,0.70843,6.076663,-0.002,-0.3,-0.006,-0.125,-0.15,-0.5,0.500007,-0.020455,-0.002521,0.0,-0.116748,-0.133866,-0.036541,-0.030713,0.814219,-0.122779,-0.109451,-0.042803,-0.056302,1.731752,0.260018,-0.154523,-0.001448,-0.021776,3.826087,0.011743,0.069027,0.089899
164,109.863312,1000.0,0.910405,0.906332,0.0,0.0,0.175895,70861.0,0.17287,0.97201,0.150275,0.356411,-0.040819,0.704995,6.040281,-0.002,-0.3,-0.006,-0.125,-0.15,-0.5,0.500007,-0.021836,-0.001489,0.0,-0.121313,-0.129762,-0.034286,-0.031078,0.805189,-0.117674,-0.098628,-0.041526,-0.060763,1.748648,0.265688,-0.149675,-0.001456,-0.015038,3.136364,0.013211,0.068282,0.071464
165,109.815231,992.799988,0.900022,0.88587,0.041667,0.0,0.174154,68534.0,0.17211,0.939609,0.169524,0.364856,-0.042642,0.705672,6.062169,-0.002,-0.3,-0.006,-0.125,-0.15,-0.5,0.492496,-0.019996,-0.001745,-0.000833,-0.11584,-0.127731,-0.035916,-0.030303,0.799596,-0.116957,-0.106845,-0.041203,-0.055971,1.708876,0.266584,-0.148022,-0.001582,-0.019118,3.083333,0.013061,0.086904,0.08468
166,111.50515,1000.0,0.913371,0.901118,0.0,0.0,0.172824,69965.0,0.173611,0.931425,0.165417,0.367739,-0.043369,0.716485,6.029067,-0.002,-0.3,-0.006,-0.125,-0.15,-0.5,0.500007,-0.020824,-0.001776,0.0,-0.119065,-0.128259,-0.035458,-0.030286,0.813402,-0.11638,-0.10211,-0.041647,-0.058135,1.738554,0.279624,-0.149519,-0.001553,-0.026453,23.608696,0.012729,0.071551,0.08126
167,111.686501,1000.0,0.905068,0.902979,0.0,0.0,0.171649,70026.0,0.172285,0.952315,0.169445,0.389033,-0.044073,0.755287,6.047101,-0.002,-0.3,-0.006,-0.125,-0.15,-0.5,0.500007,-0.021245,-0.002462,0.0,-0.124046,-0.125807,-0.036365,-0.031279,0.820446,-0.115427,-0.1025,-0.043427,-0.061536,1.743113,0.276573,-0.149989,-0.001644,-0.016895,4.043478,0.012218,0.069298,0.085857
168,112.389816,1000.0,0.913796,0.90469,0.0,0.0,0.170428,66659.0,0.171038,0.956036,0.170701,0.376731,-0.042875,0.738348,6.034925,-0.002,-0.3,-0.006,-0.125,-0.15,-0.5,0.500007,-0.020366,-0.002021,0.0,-0.119494,-0.124691,-0.035,-0.03039,0.825649,-0.1131,-0.104877,-0.040308,-0.058771,1.750179,0.287275,-0.145666,-0.001568,-0.017364,6.625,0.012053,0.066582,0.091511
169,113.601555,1000.0,0.916368,0.901989,0.0,0.0,0.169073,59978.0,0.170886,0.928409,0.175621,0.391065,-0.044273,0.760306,6.012863,-0.002,-0.3,-0.006,-0.125,-0.15,-0.5,0.500007,-0.020857,-0.002508,0.0,-0.12319,-0.122883,-0.035148,-0.030384,0.829385,-0.11046,-0.102748,-0.039873,-0.060455,1.743032,0.293717,-0.145545,-0.001631,-0.026373,6.434783,0.01127,0.075449,0.088666
170,112.780472,1000.0,0.913105,0.907449,0.0,0.0,0.167927,65000.0,0.170425,0.946358,0.178154,0.374035,-0.041925,0.740373,6.021277,-0.002,-0.3,-0.006,-0.125,-0.15,-0.5,0.500007,-0.020101,-0.001769,0.0,-0.117534,-0.120973,-0.033974,-0.029475,0.826983,-0.109481,-0.106938,-0.038436,-0.056719,1.755801,0.294561,-0.141192,-0.001371,-0.017204,5.958333,0.01289,0.071598,0.082896
171,112.798874,1000.0,0.91389,0.907732,0.0,0.0,0.166429,63602.0,0.16916,0.930523,0.170256,0.363615,-0.040433,0.712611,5.998561,-0.002,-0.3,-0.006,-0.125,-0.15,-0.5,0.500007,-0.019947,-0.002237,0.0,-0.114059,-0.119395,-0.033616,-0.02931,0.81477,-0.107159,-0.104669,-0.037538,-0.055579,1.751328,0.303051,-0.139706,-0.001376,-0.018022,6.958333,0.012862,0.08001,0.097251
172,113.088463,1000.0,0.909815,0.91256,0.0,0.0,0.165374,62590.0,0.167234,0.907252,0.167796,0.373975,-0.042001,0.728833,5.996018,-0.002,-0.3,-0.006,-0.125,-0.15,-0.5,0.500007,-0.020722,-0.001992,0.0,-0.117649,-0.118643,-0.03447,-0.029588,0.822241,-0.107343,-0.101128,-0.039068,-0.056771,1.758626,0.30942,-0.140448,-0.001491,-0.021045,6.375,0.012156,0.061712,0.089468
173,112.387245,1000.0,0.908445,0.906977,0.0,0.0,0.163927,66667.0,0.170852,0.922711,0.169761,0.364189,-0.041257,0.719013,6.007423,-0.002,-0.3,-0.006,-0.125,-0.15,-0.5,0.500007,-0.020043,-0.002266,0.0,-0.115168,-0.117157,-0.034291,-0.029601,0.812149,-0.107951,-0.106075,-0.038959,-0.055908,1.749371,0.310802,-0.138138,-0.001202,-0.019112,5.583333,0.01232,0.072865,0.075869
174,113.328041,1000.0,0.910982,0.9053,0.0,0.0,0.162512,58056.0,0.169754,0.901265,0.174051,0.378559,-0.041984,0.733984,6.003723,-0.002,-0.3,-0.006,-0.125,-0.15,-0.5,0.500007,-0.020123,-0.002073,0.0,-0.117979,-0.116131,-0.034581,-0.029931,0.810604,-0.106222,-0.103835,-0.038913,-0.058292,1.747585,0.313788,-0.138003,-0.001392,-0.024487,5.541667,0.013065,0.071343,0.090022
175,112.772522,981.01001,0.904934,0.902951,0.125,0.0,0.16137,63472.0,0.161287,0.878387,0.171131,0.37221,-0.040587,0.752352,5.952203,-0.002,-0.3,-0.006,-0.125,-0.15,-0.5,0.495772,-0.020796,-0.001943,-0.000537,-0.115952,-0.11161,-0.032332,-0.028552,0.819823,-0.099455,-0.093788,-0.038004,-0.05651,1.753593,0.32953,-0.132255,-0.001686,-0.031164,5.5,0.013354,0.086969,0.101322
176,115.213783,1000.0,0.912773,0.906359,0.041667,0.0,0.159854,68191.0,0.165509,0.86817,0.178791,0.375717,-0.041505,0.743111,5.950455,-0.002,-0.3,-0.006,-0.125,-0.15,-0.5,0.498162,-0.019853,-0.002274,-0.000152,-0.114484,-0.112403,-0.032897,-0.028425,0.825438,-0.101603,-0.10096,-0.036247,-0.055272,1.75459,0.332966,-0.133794,-0.001389,-0.026212,6.791667,0.01172,0.069384,0.095456
177,115.369247,1000.0,0.912106,0.907048,0.041667,0.0,0.158539,67993.0,0.163524,0.867578,0.177446,0.372693,-0.041498,0.745835,5.954894,-0.002,-0.3,-0.006,-0.125,-0.15,-0.5,0.497307,-0.019942,-0.002148,-0.000238,-0.117454,-0.110859,-0.032881,-0.028859,0.829889,-0.099964,-0.099272,-0.037215,-0.057255,1.751231,0.338206,-0.132606,-0.001233,-0.024298,5.291667,0.012704,0.07405,0.084651
178,114.441994,980.25,0.907771,0.901303,0.083333,0.0,0.15739,67105.0,0.164251,0.893011,0.179796,0.385835,-0.041753,0.751361,5.95692,-0.002,-0.3,-0.006,-0.125,-0.15,-0.5,0.495568,-0.019629,-0.001857,-0.00036,-0.113819,-0.108544,-0.032987,-0.028959,0.820819,-0.098144,-0.099282,-0.035537,-0.055014,1.744359,0.334609,-0.131568,-0.001128,-0.012509,6.0,0.012179,0.07361,0.098241
179,116.186539,1000.0,0.916169,0.912939,0.0,0.0,0.156196,67166.0,0.161336,0.842416,0.173735,0.38243,-0.040744,0.759367,5.913873,-0.002,-0.3,-0.006,-0.125,-0.15,-0.5,0.500007,-0.020425,-0.001975,0.0,-0.116617,-0.108027,-0.033022,-0.029121,0.824885,-0.095958,-0.096577,-0.036683,-0.055908,1.768357,0.362956,-0.130842,-0.001156,-0.019373,5.625,0.012618,0.061699,0.085576
180,116.344955,999.039978,0.915732,0.91194,0.043478,0.0,0.154877,60435.0,0.159648,0.870888,0.169478,0.372155,-0.040679,0.754373,5.931262,-0.002,-0.3,-0.006,-0.125,-0.15,-0.5,0.499772,-0.020514,-0.001639,-0.000193,-0.113588,-0.106769,-0.031881,-0.0284,0.821964,-0.095021,-0.094426,-0.036215,-0.055739,1.773862,0.352429,-0.128357,-0.001082,-0.013872,6.086957,0.012808,0.06845,0.096398
181,116.083267,1000.0,0.914038,0.902982,0.0,0.0,0.153856,67288.0,0.16459,0.831666,0.180723,0.379436,-0.041282,0.743307,5.905766,-0.002,-0.3,-0.006,-0.125,-0.15,-0.5,0.500007,-0.019576,-0.001667,0.0,-0.109651,-0.106023,-0.032218,-0.028264,0.816994,-0.094803,-0.097773,-0.034306,-0.053076,1.75737,0.371917,-0.128496,-0.001334,-0.022616,6.541667,0.011472,0.07084,0.087876
182,116.65123,1000.0,0.908764,0.904168,0.0,0.0,0.153102,65167.0,0.158809,0.845428,0.164296,0.357856,-0.038584,0.712615,5.91884,-0.002,-0.3,-0.006,-0.125,-0.15,-0.5,0.500007,-0.020417,-0.001936,0.0,-0.106071,-0.103613,-0.031609,-0.027917,0.803677,-0.092419,-0.090885,-0.034374,-0.051758,1.778298,0.371185,-0.12491,-0.001089,-0.01587,6.083333,0.013254,0.061726,0.08928
183,117.143211,1000.0,0.907608,0.904314,0.041667,0.0,0.151943,67662.0,0.160228,0.838229,0.176827,0.372475,-0.039851,0.738351,5.891537,-0.002,-0.3,-0.006,-0.125,-0.15,-0.5,0.496639,-0.019517,-0.001678,-0.000556,-0.108473,-0.10229,-0.031041,-0.027087,0.819282,-0.091586,-0.093002,-0.033049,-0.052307,1.754411,0.372583,-0.124381,-0.0011,-0.018123,5.416667,0.012493,0.071431,0.09018
184,117.936127,1000.0,0.920767,0.911021,0.0,0.0,0.151011,64178.0,0.155091,0.805873,0.172928,0.356604,-0.037578,0.724373,5.880183,-0.002,-0.3,-0.006,-0.125,-0.15,-0.5,0.500007,-0.019584,-0.00183,0.0,-0.101613,-0.101015,-0.030014,-0.026516,0.816739,-0.087803,-0.090807,-0.031489,-0.04917,1.782191,0.407591,-0.120686,-0.001321,-0.023223,4.916667,0.01252,0.066914,0.089848
185,118.0597,1000.0,0.913263,0.912091,0.0,0.0,0.149895,59180.0,0.161064,0.828316,0.183996,0.388459,-0.040771,0.765409,5.866056,-0.002,-0.3,-0.006,-0.125,-0.15,-0.5,0.500007,-0.019952,-0.002036,0.0,-0.113479,-0.101099,-0.03217,-0.027964,0.830036,-0.091687,-0.094352,-0.033744,-0.054485,1.756317,0.383405,-0.123722,-0.000997,-0.01467,4.833333,0.01225,0.068965,0.087616
186,118.179329,1000.0,0.919008,0.905586,0.0,0.0,0.148967,68510.0,0.157094,0.816982,0.175814,0.369265,-0.038603,0.738179,5.872335,-0.002,-0.3,-0.006,-0.125,-0.15,-0.5,0.500007,-0.019806,-0.002197,0.0,-0.108304,-0.099268,-0.030376,-0.027085,0.822108,-0.087636,-0.090496,-0.032056,-0.052133,1.78007,0.402735,-0.120699,-0.00098,-0.017987,4.625,0.013703,0.08283,0.103415
187,117.979912,1000.0,0.901116,0.900496,0.0,0.0,0.147314,67531.0,0.160092,0.806888,0.186355,0.395175,-0.04166,0.767501,5.85296,-0.002,-0.3,-0.006,-0.125,-0.15,-0.5,0.500007,-0.019517,-0.002989,0.0,-0.11015,-0.099297,-0.03206,-0.0275,0.822277,-0.088847,-0.095908,-0.03309,-0.053521,1.756678,0.408571,-0.12418,-0.000888,-0.020461,4.565217,0.011612,0.078383,0.085312
188,118.678146,1000.0,0.908419,0.906201,0.0,0.0,0.146275,63243.0,0.157201,0.800327,0.177939,0.388609,-0.04013,0.761076,5.805338,-0.002,-0.3,-0.006,-0.125,-0.15,-0.5,0.500007,-0.019998,-0.002262,0.0,-0.10969,-0.097507,-0.031524,-0.0271,0.823494,-0.086321,-0.090337,-0.032786,-0.052717,1.774633,0.414861,-0.121489,-0.001245,-0.020363,4.166667,0.011919,0.070171,0.09057
189,118.570679,1000.0,0.913287,0.90671,0.0,0.0,0.144984,68872.0,0.156541,0.800272,0.18424,0.376977,-0.039987,0.765518,5.831145,-0.002,-0.3,-0.006,-0.125,-0.15,-0.5,0.500007,-0.019462,-0.00157,0.0,-0.107621,-0.096184,-0.030118,-0.02637,0.825879,-0.085177,-0.089801,-0.031144,-0.052533,1.7767,0.421192,-0.117899,-0.001065,-0.020178,4.086957,0.013009,0.080991,0.089973
190,119.510437,1000.0,0.910859,0.898298,0.0,0.0,0.144034,72583.0,0.159591,0.776301,0.194893,0.40145,-0.042108,0.80102,5.78969,-0.002,-0.3,-0.006,-0.125,-0.15,-0.5,0.500007,-0.018879,-0.002147,0.0,-0.110078,-0.095704,-0.031235,-0.027356,0.835386,-0.085557,-0.093803,-0.031219,-0.052895,1.768786,0.428679,-0.120209,-0.001285,-0.026269,3.681818,0.011703,0.082075,0.10858
191,119.154358,1000.0,0.915273,0.907047,0.0,0.0,0.143036,62689.0,0.15137,0.751283,0.165181,0.342036,-0.035372,0.706919,5.811678,-0.002,-0.3,-0.006,-0.125,-0.15,-0.5,0.500007,-0.019219,-0.001393,0.0,-0.099863,-0.092188,-0.028207,-0.025248,0.82015,-0.076217,-0.086351,-0.02982,-0.048229,1.789368,0.46887,-0.111311,-0.00092,-0.019411,3.952381,0.01223,0.085478,0.083104
192,118.353951,997.369995,0.89928,0.903568,0.041667,0.0,0.142016,67831.0,0.151665,0.738264,0.165633,0.352048,-0.036236,0.705431,5.798871,-0.002,-0.3,-0.006,-0.125,-0.15,-0.5,0.497257,-0.0195,-0.001632,-0.000833,-0.09871,-0.091117,-0.028677,-0.025439,0.791808,-0.078691,-0.085338,-0.029039,-0.047396,1.781387,0.456827,-0.112524,-0.000842,-0.015775,3.458333,0.014404,0.08188,0.095542
193,116.27404,973.76001,0.857312,0.844603,0.130435,0.0,0.141131,67109.0,0.142802,0.704557,0.164442,0.347985,-0.035055,0.702193,5.82279,-0.002,-0.3,-0.006,-0.125,-0.15,-0.5,0.470253,-0.01873,-0.00202,-0.002754,-0.096759,-0.085298,-0.027915,-0.024716,0.763031,-0.074466,-0.080282,-0.027961,-0.045861,1.68341,0.43805,-0.105902,-0.000774,-0.012436,3.173913,0.01293,0.086459,0.128879
194,119.63456,1000.0,0.89561,0.897424,0.0,0.0,0.140174,68323.0,0.156738,0.750692,0.1902,0.378226,-0.037976,0.747622,5.799566,-0.002,-0.3,-0.006,-0.125,-0.15,-0.5,0.500007,-0.018552,-0.001991,0.0,-0.101939,-0.091328,-0.029017,-0.025921,0.827238,-0.081631,-0.094664,-0.028026,-0.049421,1.781842,0.466217,-0.112737,-0.00088,-0.013863,3.130435,0.013558,0.065564,0.09753
195,119.769745,1000.0,0.919015,0.889004,0.0,0.0,0.13924,70369.0,0.150169,0.731622,0.176263,0.364779,-0.036741,0.732052,5.806766,-0.002,-0.3,-0.006,-0.125,-0.15,-0.5,0.500007,-0.019047,-0.002256,0.0,-0.100206,-0.08952,-0.028886,-0.025117,0.813137,-0.078014,-0.085798,-0.028104,-0.046778,1.788767,0.490179,-0.110616,-0.000778,-0.013912,2.956522,0.012613,0.06828,0.09216
196,120.444794,1000.0,0.910488,0.909487,0.0,0.0,0.138135,71200.0,0.154152,0.791823,0.189618,0.40988,-0.042148,0.786661,5.76101,-0.002,-0.3,-0.006,-0.125,-0.15,-0.5,0.500007,-0.019778,-0.002963,0.0,-0.109238,-0.088983,-0.031484,-0.027459,0.827199,-0.07886,-0.086421,-0.030314,-0.052306,1.772431,0.453878,-0.11643,-0.000811,-0.017927,3.043478,0.01284,0.075097,0.083264
197,121.827469,1000.0,0.921317,0.91115,0.0,0.0,0.137034,59948.0,0.150232,0.728933,0.180934,0.382011,-0.038325,0.769686,5.806921,-0.002,-0.3,-0.006,-0.125,-0.15,-0.5,0.500007,-0.019409,-0.002129,0.0,-0.103858,-0.087338,-0.029562,-0.025487,0.831383,-0.075186,-0.085097,-0.02858,-0.049025,1.789259,0.494856,-0.110655,-0.000785,-0.014743,3.434783,0.010346,0.057701,0.079189
198,121.805466,1000.0,0.916935,0.901098,0.0,0.0,0.135833,67298.0,0.149369,0.732022,0.181753,0.375036,-0.037882,0.755623,5.804096,-0.002,-0.3,-0.006,-0.125,-0.15,-0.5,0.500007,-0.018918,-0.001705,0.0,-0.098737,-0.08622,-0.028493,-0.025227,0.820469,-0.074784,-0.085862,-0.02726,-0.047481,1.796055,0.507078,-0.108677,-0.000831,-0.015848,3.583333,0.012068,0.062867,0.083909
199,121.457222,1000.0,0.914897,0.896562,0.0,0.0,0.135147,69512.0,0.148165,0.725791,0.171136,0.351447,-0.034925,0.727405,5.792211,-0.002,-0.3,-0.006,-0.125,-0.15,-0.5,0.500007,-0.018718,-0.002007,0.0,-0.098408,-0.084597,-0.027271,-0.024882,0.812986,-0.072021,-0.084493,-0.026823,-0.047534,1.79552,0.516575,-0.103532,-0.000873,-0.021733,3.363636,0.013356,0.08143,0.102539
200,123.32193,1000.0,0.919008,0.899901,0.0,0.0,0.13424,67436.0,0.147255,0.70923,0.177826,0.380008,-0.038048,0.763197,5.781563,-0.002,-0.3,-0.006,-0.125,-0.15,-0.5,0.500007,-0.019741,-0.002022,0.0,-0.100442,-0.084562,-0.028682,-0.025177,0.831823,-0.071903,-0.07764,-0.028017,-0.047262,1.788956,0.534359,-0.108564,-0.000724,-0.021999,3.863636,0.011186,0.074376,0.104299
201,123.540123,1000.0,0.918455,0.907509,0.0,0.0,0.1329,65838.0,0.146328,0.723294,0.189117,0.388565,-0.038855,0.79038,5.81495,-0.002,-0.3,-0.006,-0.125,-0.15,-0.5,0.500007,-0.019415,-0.002236,0.0,-0.102785,-0.083219,-0.028387,-0.025356,0.837929,-0.071921,-0.082839,-0.028339,-0.049218,1.794729,0.513995,-0.106372,-0.000869,-0.025615,3.565217,0.012143,0.073256,0.071481
202,122.15889,1000.0,0.907547,0.892559,0.0,0.0,0.131945,58185.0,0.149036,0.700342,0.185488,0.380932,-0.0377,0.758599,5.796535,-0.002,-0.3,-0.006,-0.125,-0.15,-0.5,0.500007,-0.018879,-0.002266,0.0,-0.10064,-0.083068,-0.029303,-0.025392,0.820161,-0.0729,-0.086936,-0.02669,-0.047827,1.787257,0.538059,-0.106439,-0.00059,-0.012295,3.954545,0.013428,0.07038,0.107836
203,122.719528,1000.0,0.908036,0.905232,0.0,0.0,0.13118,63799.0,0.145267,0.695121,0.179197,0.357306,-0.035008,0.72778,5.800419,-0.002,-0.3,-0.006,-0.125,-0.15,-0.5,0.500007,-0.018281,-0.002049,0.0,-0.094204,-0.081248,-0.026577,-0.024116,0.818683,-0.068972,-0.085221,-0.025921,-0.04536,1.802506,0.551165,-0.102327,-0.001007,-0.026473,3.75,0.011054,0.074676,0.082951
204,123.002319,1000.0,0.916282,0.897028,0.0,0.0,0.130056,61075.0,0.147078,0.707266,0.184585,0.37473,-0.037425,0.750347,5.770293,-0.002,-0.3,-0.006,-0.125,-0.15,-0.5,0.500007,-0.018469,-0.002236,0.0,-0.098732,-0.080911,-0.028244,-0.024855,0.826502,-0.069284,-0.085875,-0.026536,-0.047909,1.799438,0.554722,-0.103067,-0.000824,-0.01246,4.217391,0.011744,0.072525,0.092702
205,123.425362,1000.0,0.910417,0.908338,0.0,0.0,0.12912,64406.0,0.150242,0.706191,0.198253,0.390509,-0.038472,0.789156,5.769804,-0.002,-0.3,-0.006,-0.125,-0.15,-0.5,0.500007,-0.018573,-0.002391,0.0,-0.104166,-0.08038,-0.027989,-0.025,0.837635,-0.069952,-0.086769,-0.027009,-0.050564,1.787894,0.53797,-0.103282,-0.001087,-0.022773,3.304348,0.011143,0.065356,0.091166
206,124.224442,1000.0,0.918539,0.89756,0.0,0.0,0.128007,68924.0,0.148406,0.669055,0.187533,0.378053,-0.0367,0.765638,5.755615,-0.002,-0.3,-0.006,-0.125,-0.15,-0.5,0.500007,-0.018508,-0.002142,0.0,-0.100647,-0.079247,-0.027387,-0.024484,0.832545,-0.067866,-0.084847,-0.026459,-0.050026,1.797501,0.578262,-0.100908,-0.001205,-0.018365,3.136364,0.013116,0.072099,0.108894
207,124.725319,1000.0,0.906261,0.906733,0.0,0.0,0.126941,64578.0,0.141411,0.657494,0.183778,0.359723,-0.034749,0.72253,5.769286,-0.002,-0.3,-0.006,-0.125,-0.15,-0.5,0.500007,-0.017958,-0.001985,0.0,-0.089761,-0.078139,-0.026805,-0.023602,0.816618,-0.065716,-0.081585,-0.024226,-0.04204,1.812434,0.596626,-0.099216,-0.000682,-0.021439,2.958333,0.013748,0.077435,0.117797
208,124.214989,1000.0,0.919284,0.891873,0.0,0.0,0.12608,58336.0,0.142964,0.634442,0.182647,0.34958,-0.0345,0.710632,5.73261,-0.002,-0.3,-0.006,-0.125,-0.15,-0.5,0.500007,-0.0177,-0.001879,0.0,-0.089608,-0.07675,-0.026068,-0.023413,0.807757,-0.063467,-0.083325,-0.023109,-0.042809,1.80561,0.628109,-0.096971,-0.000641,-0.014285,24.5,0.01087,0.078051,0.108429
209,124.859978,1000.0,0.918701,0.91017,0.0,0.0,0.125078,65497.0,0.141085,0.680278,0.179849,0.369329,-0.035553,0.756998,5.741527,-0.002,-0.3,-0.006,-0.125,-0.15,-0.5,0.500007,-0.019366,-0.001751,0.0,-0.094833,-0.075307,-0.026337,-0.023533,0.825453,-0.062425,-0.075266,-0.02462,-0.045094,1.81201,0.598996,-0.096788,-0.000544,-0.014626,5.083333,0.012245,0.068662,0.085152
210,125.951706,1000.0,0.913664,0.908136,0.0,0.0,0.124332,60367.0,0.140968,0.659954,0.180569,0.366963,-0.035443,0.746015,5.740993,-0.002,-0.3,-0.006,-0.125,-0.15,-0.5,0.500007,-0.018924,-0.001861,0.0,-0.093331,-0.074695,-0.026555,-0.023963,0.818069,-0.062449,-0.077667,-0.024659,-0.044832,1.810421,0.620022,-0.096808,-0.000629,-0.017817,7.125,0.011208,0.074997,0.084047
211,125.769203,1000.0,0.907793,0.900495,0.0,0.0,0.123332,70488.0,0.145345,0.672295,0.195842,0.385725,-0.037766,0.766706,5.745275,-0.002,-0.3,-0.006,-0.125,-0.15,-0.5,0.500007,-0.018337,-0.003147,0.0,-0.095696,-0.074222,-0.027117,-0.023986,0.830058,-0.062723,-0.079683,-0.024661,-0.046036,1.795427,0.60764,-0.098599,-0.000646,-0.014914,6.130435,0.010692,0.08044,0.096689
212,126.377823,1000.0,0.919061,0.898478,0.0,0.0,0.122418,69417.0,0.14308,0.674806,0.187987,0.374217,-0.036955,0.762702,5.754506,-0.002,-0.3,-0.006,-0.125,-0.15,-0.5,0.500007,-0.018556,-0.002401,0.0,-0.094291,-0.073525,-0.026668,-0.023811,0.831677,-0.061248,-0.077213,-0.024043,-0.044754,1.795685,0.614069,-0.096199,-0.000588,-0.01919,5.833333,0.010897,0.072222,0.09745
213,126.34774,1000.0,0.919352,0.905174,0.0,0.0,0.121568,56238.0,0.140568,0.64373,0.182926,0.367453,-0.035416,0.754065,5.73827,-0.002,-0.3,-0.006,-0.125,-0.15,-0.5,0.500007,-0.018747,-0.0021,0.0,-0.091318,-0.071926,-0.025661,-0.023441,0.826284,-0.059198,-0.075671,-0.023735,-0.043907,1.806889,0.645943,-0.094254,-0.000667,-0.017014,7.041667,0.012165,0.078716,0.087265
214,126.755745,1000.0,0.911169,0.910564,0.0,0.0,0.120931,69663.0,0.139026,0.646112,0.182897,0.368365,-0.035463,0.751812,5.746167,-0.002,-0.3,-0.006,-0.125,-0.15,-0.5,0.500007,-0.018623,-0.002175,0.0,-0.09221,-0.071432,-0.025973,-0.023322,0.825626,-0.058551,-0.077552,-0.023738,-0.04516,1.818341,0.650414,-0.0934,-0.000543,-0.016778,5.791667,0.011698,0.066091,0.088343
215,126.697144,998.840027,0.918053,0.909662,0.041667,0.0,0.120189,68750.0,0.139449,0.627598,0.18403,0.35712,-0.033642,0.725698,5.739467,-0.002,-0.3,-0.006,-0.125,-0.15,-0.5,0.499702,-0.018147,-0.002042,-0.000208,-0.087507,-0.070397,-0.025679,-0.022582,0.81946,-0.05698,-0.07664,-0.022996,-0.040909,1.807047,0.687717,-0.091768,-0.000712,-0.017105,6.375,0.013195,0.061792,0.096342
216,127.180588,1000.0,0.912615,0.899504,0.0,0.0,0.11939,68573.0,0.140543,0.624379,0.181516,0.359476,-0.034161,0.739821,5.716324,-0.002,-0.3,-0.006,-0.125,-0.15,-0.5,0.500007,-0.018226,-0.001788,0.0,-0.088589,-0.069834,-0.02507,-0.022743,0.814956,-0.057554,-0.075158,-0.022599,-0.043124,1.81007,0.682388,-0.090951,-0.000579,-0.012741,5.333333,0.01175,0.062288,0.09646
217,127.672897,1000.0,0.917823,0.907862,0.0,0.0,0.118353,69975.0,0.141371,0.648461,0.19193,0.398658,-0.037961,0.799946,5.735457,-0.002,-0.3,-0.006,-0.125,-0.15,-0.5,0.500007,-0.018982,-0.002631,0.0,-0.096506,-0.069805,-0.027488,-0.024011,0.837476,-0.057463,-0.077899,-0.02378,-0.045258,1.800715,0.662519,-0.095392,-0.000646,-0.021455,5.708333,0.01298,0.077776,0.100021
218,127.379356,1000.0,0.913469,0.904346,0.0,0.0,0.117424,69106.0,0.138769,0.611214,0.184051,0.358145,-0.033597,0.72703,5.719922,-0.002,-0.3,-0.006,-0.125,-0.15,-0.5,0.500007,-0.017998,-0.001853,0.0,-0.087277,-0.0682,-0.024738,-0.022159,0.820753,-0.055147,-0.075753,-0.021044,-0.040794,1.809715,0.703737,-0.089441,-0.000612,-0.015243,6.375,0.013191,0.071304,0.101734
219,129.276093,1000.0,0.91183,0.904662,0.0,0.0,0.116714,59505.0,0.137674,0.609293,0.189907,0.374013,-0.036063,0.770479,5.726687,-0.002,-0.3,-0.006,-0.125,-0.15,-0.5,0.500007,-0.018157,-0.002156,0.0,-0.091244,-0.067286,-0.025096,-0.022533,0.834177,-0.05459,-0.075337,-0.021594,-0.044475,1.817229,0.706092,-0.089433,-0.000625,-0.01483,5.125,0.01234,0.069567,0.083287
220,128.795074,1000.0,0.910089,0.908675,0.0,0.0,0.115968,70269.0,0.138938,0.61099,0.188838,0.365451,-0.03436,0.750991,5.70621,-0.002,-0.3,-0.006,-0.125,-0.15,-0.5,0.500007,-0.017876,-0.002539,0.0,-0.087636,-0.066545,-0.024651,-0.022386,0.832299,-0.054091,-0.076527,-0.022004,-0.041908,1.808093,0.710544,-0.088896,-0.000504,-0.01858,5.75,0.013324,0.067638,0.087096
221,128.017014,1000.0,0.919071,0.907689,0.0,0.0,0.115429,68826.0,0.136795,0.602863,0.181449,0.359766,-0.033547,0.740287,5.681676,-0.002,-0.3,-0.006,-0.125,-0.15,-0.5,0.500007,-0.018591,-0.002009,0.0,-0.087388,-0.065664,-0.025122,-0.02269,0.817585,-0.053498,-0.071932,-0.021472,-0.041428,1.815733,0.726664,-0.087926,-0.000623,-0.02029,6.291667,0.013199,0.078808,0.092961
222,129.923431,1000.0,0.913181,0.89798,0.0,0.0,0.114725,70636.0,0.137484,0.596446,0.194022,0.371003,-0.034389,0.760959,5.677406,-0.002,-0.3,-0.006,-0.125,-0.15,-0.5,0.500007,-0.017859,-0.002203,0.0,-0.087475,-0.064888,-0.024689,-0.022306,0.832429,-0.052658,-0.075969,-0.021029,-0.041359,1.818056,0.746005,-0.086972,-0.000574,-0.019688,5.913043,0.01266,0.06602,0.092699
223,129.375076,1000.0,0.90889,0.900223,0.0,0.0,0.113856,68493.0,0.139414,0.609151,0.192306,0.38241,-0.035535,0.778444,5.666022,-0.002,-0.3,-0.006,-0.125,-0.15,-0.5,0.500007,-0.018282,-0.002429,0.0,-0.091154,-0.065094,-0.025858,-0.02302,0.831794,-0.053487,-0.076156,-0.023,-0.043054,1.807356,0.727047,-0.089055,-0.000642,-0.018898,6.25,0.012759,0.07658,0.097112
224,128.819,1000.0,0.909417,0.90094,0.0,0.0,0.113104,58781.0,0.139284,0.600092,0.192077,0.38448,-0.036258,0.777754,5.671062,-0.002,-0.3,-0.006,-0.125,-0.15,-0.5,0.500007,-0.018261,-0.002383,0.0,-0.091844,-0.063924,-0.026086,-0.023195,0.824425,-0.052632,-0.0762,-0.022756,-0.044367,1.804858,0.741347,-0.088668,-0.000607,-0.015855,6.333333,0.013927,0.070913,0.101033
225,130.90625,1000.0,0.910074,0.900763,0.0,0.0,0.112435,69620.0,0.138801,0.603969,0.201423,0.385966,-0.03596,0.786437,5.652181,-0.002,-0.3,-0.006,-0.125,-0.15,-0.5,0.500007,-0.017625,-0.002307,0.0,-0.089759,-0.063856,-0.025689,-0.02278,0.842943,-0.052296,-0.077374,-0.021094,-0.041984,1.808442,0.745682,-0.087265,-0.000611,-0.016721,5.333333,0.013421,0.080506,0.094991
226,130.794891,1000.0,0.910803,0.905203,0.0,0.0,0.111612,69522.0,0.1386,0.593647,0.194954,0.393438,-0.036359,0.794291,5.65905,-0.002,-0.3,-0.006,-0.125,-0.15,-0.5,0.500007,-0.018327,-0.002237,0.0,-0.090837,-0.062625,-0.026063,-0.023069,0.832458,-0.052069,-0.07558,-0.021829,-0.043033,1.806369,0.759397,-0.088673,-0.000542,-0.012854,4.625,0.013183,0.064322,0.078878
227,132.774597,1000.0,0.911444,0.898172,0.0,0.0,0.110872,70091.0,0.138032,0.57027,0.209037,0.404005,-0.036835,0.812379,5.644697,-0.002,-0.3,-0.006,-0.125,-0.15,-0.5,0.500007,-0.01776,-0.00283,0.0,-0.090277,-0.062536,-0.025891,-0.022475,0.845358,-0.051375,-0.07567,-0.020016,-0.041043,1.810708,0.789459,-0.087951,-0.000657,-0.016162,5.0,0.012834,0.083083,0.093903
228,130.54129,1000.0,0.921243,0.894544,0.0,0.0,0.110072,69384.0,0.136951,0.584963,0.186541,0.370311,-0.033471,0.766602,5.658989,-0.002,-0.3,-0.006,-0.125,-0.15,-0.5,0.500007,-0.018259,-0.002631,0.0,-0.089658,-0.060868,-0.024433,-0.022326,0.83734,-0.050074,-0.075483,-0.021106,-0.042651,1.81258,0.782946,-0.083657,-0.000445,-0.018594,4.166667,0.01092,0.075381,0.082177
229,130.346329,1000.0,0.909235,0.892118,0.0,0.0,0.109707,69797.0,0.136055,0.562188,0.186986,0.368816,-0.034046,0.736143,5.627368,-0.002,-0.3,-0.006,-0.125,-0.15,-0.5,0.500007,-0.018175,-0.002636,0.0,-0.085913,-0.060305,-0.024624,-0.021927,0.820388,-0.048831,-0.071088,-0.020056,-0.039857,1.808115,0.815057,-0.084734,-0.000531,-0.017399,4.478261,0.014037,0.070069,0.099711
230,131.660828,1000.0,0.920046,0.896989,0.0,0.0,0.108719,58451.0,0.133405,0.553274,0.189595,0.364231,-0.032791,0.756521,5.623081,-0.002,-0.3,-0.006,-0.125,-0.15,-0.5,0.500007,-0.017992,-0.002296,0.0,-0.084435,-0.059467,-0.023337,-0.021243,0.831537,-0.047918,-0.070183,-0.020951,-0.039153,1.827087,0.82926,-0.082323,-0.000486,-0.014112,4.695652,0.013295,0.0651,0.09628
231,130.730896,1000.0,0.905166,0.898127,0.0,0.0,0.107962,68992.0,0.13815,0.563301,0.195879,0.377938,-0.035388,0.742649,5.605567,-0.002,-0.3,-0.006,-0.125,-0.15,-0.5,0.500007,-0.01721,-0.002533,0.0,-0.085392,-0.059874,-0.025002,-0.022372,0.817934,-0.048367,-0.075491,-0.018882,-0.03873,1.805067,0.823661,-0.085213,-0.000531,-0.014715,3.708333,0.011967,0.06875,0.098157
232,131.387619,1000.0,0.908494,0.898807,0.0,0.0,0.107447,73339.0,0.139733,0.549935,0.204816,0.385392,-0.035558,0.794409,5.59793,-0.002,-0.3,-0.006,-0.125,-0.15,-0.5,0.500007,-0.017198,-0.002417,0.0,-0.089574,-0.059775,-0.025301,-0.022874,0.843972,-0.049205,-0.080532,-0.020718,-0.042746,1.807559,0.817034,-0.083694,-0.00057,-0.018575,3.619048,0.01313,0.059933,0.09596
233,131.241852,1000.0,0.895902,0.894579,0.0,0.0,0.10673,72328.0,0.134236,0.541423,0.186605,0.360615,-0.03216,0.757173,5.559673,-0.002,-0.3,-0.006,-0.125,-0.15,-0.5,0.500007,-0.018221,-0.00191,0.0,-0.083545,-0.057313,-0.023176,-0.021464,0.816462,-0.046329,-0.068311,-0.019488,-0.03881,1.819556,0.855716,-0.078816,-0.000557,-0.019115,3.863636,0.013117,0.077621,0.099153
234,131.682098,1000.0,0.904018,0.902849,0.0,0.0,0.106173,70443.0,0.137343,0.566978,0.187482,0.382258,-0.034623,0.775768,5.574649,-0.002,-0.3,-0.006,-0.125,-0.15,-0.5,0.500007,-0.018372,-0.001814,0.0,-0.088565,-0.057571,-0.024862,-0.022478,0.827979,-0.047272,-0.070482,-0.02037,-0.041719,1.801505,0.829928,-0.082527,-0.000491,-0.023229,3.375,0.013575,0.065662,0.086506
235,132.865646,1000.0,0.906035,0.887429,0.0,0.0,0.105498,71124.0,0.137125,0.555342,0.201611,0.375052,-0.033979,0.787696,5.59058,-0.002,-0.3,-0.006,-0.125,-0.15,-0.5,0.500007,-0.017015,-0.002664,0.0,-0.086,-0.056872,-0.023475,-0.021423,0.843201,-0.04629,-0.073252,-0.019803,-0.04055,1.809103,0.844255,-0.07891,-0.000502,-0.018033,3.434783,0.012744,0.087088,0.098729
236,133.425781,1000.0,0.901661,0.899326,0.0,0.0,0.104728,59340.0,0.133807,0.53176,0.19365,0.357751,-0.03267,0.742928,5.588941,-0.002,-0.3,-0.006,-0.125,-0.15,-0.5,0.500007,-0.01683,-0.00238,0.0,-0.082004,-0.05645,-0.022218,-0.02051,0.832149,-0.044298,-0.071251,-0.018103,-0.039082,1.823178,0.884014,-0.077886,-0.000478,-0.018332,3.173913,0.015497,0.066444,0.111549
237,134.248764,1000.0,0.901729,0.890705,0.0,0.0,0.10417,72615.0,0.133818,0.515324,0.19195,0.392687,-0.035666,0.817514,5.584315,-0.002,-0.3,-0.006,-0.125,-0.15,-0.5,0.500007,-0.018568,-0.002531,0.0,-0.090468,-0.055493,-0.024228,-0.022646,0.840609,-0.044157,-0.06668,-0.020585,-0.042843,1.815017,0.887583,-0.082166,-0.000509,-0.019415,2.434783,0.012247,0.077177,0.080877
238,133.061325,1000.0,0.912359,0.900558,0.0,0.0,0.103502,72157.0,0.129309,0.52411,0.179869,0.368004,-0.032946,0.748537,5.611965,-0.002,-0.3,-0.006,-0.125,-0.15,-0.5,0.500007,-0.01887,-0.002657,0.0,-0.081614,-0.054526,-0.023275,-0.02172,0.814407,-0.04292,-0.063938,-0.020215,-0.037848,1.826068,0.911132,-0.078999,-0.000563,-0.026237,3.727273,0.011888,0.068213,0.097736
239,132.462616,994.830017,0.909561,0.893846,0.041667,0.0,0.10315,69819.0,0.135144,0.521935,0.196503,0.38171,-0.034562,0.767981,5.591495,-0.002,-0.3,-0.006,-0.125,-0.15,-0.5,0.498208,-0.017606,-0.00285,-0.000278,-0.084577,-0.054686,-0.024041,-0.022003,0.821435,-0.04297,-0.069858,-0.019303,-0.038698,1.794978,0.913758,-0.08041,-0.000513,-0.016933,2.875,0.014527,0.072578,0.101217
240,134.185608,1000.0,0.912557,0.896813,0.0,0.0,0.102369,70892.0,0.130245,0.523256,0.186159,0.347944,-0.031202,0.736935,5.545322,-0.002,-0.3,-0.006,-0.125,-0.15,-0.5,0.500007,-0.01738,-0.001559,0.0,-0.076875,-0.053363,-0.022196,-0.020099,0.824653,-0.041539,-0.066301,-0.017909,-0.035334,1.819567,0.927016,-0.074541,-0.000432,-0.014659,3.869565,0.012683,0.070806,0.104896
241,133.974503,1000.0,0.930273,0.908745,0.0,0.0,0.101604,73065.0,0.127159,0.52742,0.17374,0.341953,-0.030494,0.725625,5.588474,-0.002,-0.3,-0.006,-0.125,-0.15,-0.5,0.500007,-0.018466,-0.002485,0.0,-0.076805,-0.052994,-0.021921,-0.02004,0.824525,-0.041075,-0.064288,-0.017795,-0.034617,1.833796,0.930006,-0.074757,-0.000497,-0.01749,3.909091,0.011395,0.072662,0.091763
242,134.340164,1000.0,0.897436,0.892602,0.0,0.0,0.101188,60023.0,0.133213,0.517184,0.196516,0.373978,-0.034382,0.782379,5.55537,-0.002,-0.3,-0.006,-0.125,-0.15,-0.5,0.500007,-0.017292,-0.002143,0.0,-0.081966,-0.052488,-0.023235,-0.021281,0.832057,-0.042154,-0.068929,-0.018645,-0.039005,1.8112,0.929159,-0.076703,-0.000402,-0.014108,3.043478,0.013329,0.066455,0.077227
243,134.980133,1000.0,0.906886,0.88926,0.0,0.0,0.100672,70935.0,0.130049,0.535321,0.197587,0.364095,-0.032513,0.768136,5.564556,-0.002,-0.3,-0.006,-0.125,-0.15,-0.5,0.500007,-0.017193,-0.002013,0.0,-0.080312,-0.052081,-0.022575,-0.020131,0.840721,-0.040911,-0.069428,-0.017509,-0.036951,1.821107,0.933716,-0.074281,-0.000334,-0.015727,4.173913,0.012841,0.066585,0.099723
244,135.406174,1000.0,0.905336,0.894578,0.0,0.0,0.099932,69303.0,0.130695,0.523714,0.187626,0.385945,-0.034503,0.796938,5.56169,-0.002,-0.3,-0.006,-0.125,-0.15,-0.5,0.500007,-0.018526,-0.002705,0.0,-0.086029,-0.051347,-0.023422,-0.02124,0.842764,-0.039846,-0.064474,-0.019008,-0.041599,1.812729,0.940953,-0.076393,-0.000439,-0.02573,3.818182,0.014232,0.063,0.105661
245,134.498291,1000.0,0.899892,0.896502,0.0,0.0,0.099489,68926.0,0.130708,0.487641,0.183989,0.361478,-0.032281,0.745893,5.572208,-0.002,-0.3,-0.006,-0.125,-0.15,-0.5,0.500007,-0.017318,-0.002279,0.0,-0.079424,-0.051888,-0.023317,-0.02116,0.825977,-0.040684,-0.06995,-0.017642,-0.036761,1.820835,0.981038,-0.075864,-0.000434,-0.018859,3.708333,0.012386,0.071185,0.101318
246,136.699799,1000.0,0.906709,0.912005,0.0,0.0,0.098842,72966.0,0.129277,0.498116,0.19584,0.369046,-0.032641,0.797083,5.54976,-0.002,-0.3,-0.006,-0.125,-0.15,-0.5,0.500007,-0.017421,-0.002201,0.0,-0.082874,-0.051025,-0.022783,-0.020473,0.844942,-0.039704,-0.066473,-0.01752,-0.038024,1.828331,0.986507,-0.073822,-0.000416,-0.013386,4.181818,0.013777,0.075198,0.101305
247,135.479279,999.380005,0.91791,0.906889,0.041667,0.0,0.098129,57602.0,0.126121,0.504967,0.17717,0.350806,-0.032103,0.750177,5.536667,-0.002,-0.3,-0.006,-0.125,-0.15,-0.5,0.499819,-0.017604,-0.002383,-0.000238,-0.079069,-0.050053,-0.021508,-0.020649,0.834041,-0.038604,-0.063322,-0.018509,-0.037828,1.828128,0.989542,-0.073217,-0.00042,-0.028142,3.125,0.014005,0.074503,0.096192
248,136.759659,1000.0,0.899351,0.900569,0.0,0.0,0.097438,73431.0,0.126656,0.496515,0.187025,0.361013,-0.031913,0.774304,5.567369,-0.002,-0.3,-0.006,-0.125,-0.15,-0.5,0.500007,-0.017836,-0.003068,0.0,-0.081218,-0.049039,-0.022089,-0.020334,0.83718,-0.037545,-0.063744,-0.017683,-0.037483,1.831093,1.007922,-0.072868,-0.000377,-0.022937,3.0,0.01201,0.071482,0.085722
249,136.710968,1000.0,0.898952,0.893977,0.0,0.0,0.096907,69975.0,0.134194,0.478989,0.185905,0.349323,-0.032351,0.723734,5.540062,-0.002348,-0.313044,-0.006261,-0.130435,-0.15913,-0.530435,0.500007,-0.017315,-0.003576,0.0,-0.079865,-0.049213,-0.022384,-0.021217,0.827814,-0.038209,-0.06475,-0.017118,-0.037918,1.795774,1.023178,-0.072787,-0.000263,-0.012268,3.217391,0.011588,0.06513,0.093726
250,137.158051,1000.0,0.911784,0.906762,0.0,0.0,0.095876,69236.0,0.123072,0.475264,0.186687,0.358007,-0.031086,0.776502,5.541201,-0.01,-0.6,-0.012,-0.25,-0.36,-1.2,0.500007,-0.018405,-0.002125,0.0,-0.080244,-0.048442,-0.021577,-0.020288,0.839914,-0.037075,-0.064842,-0.01722,-0.036839,1.837694,1.041755,-0.071182,-0.000377,-0.011074,23.652174,0.012725,0.070186,0.082117
251,136.972305,1000.0,0.900922,0.902128,0.0,0.0,0.095107,69084.0,0.129584,0.496735,0.200349,0.363334,-0.032783,0.752177,5.564026,-0.01,-0.6,-0.012,-0.25,-0.36,-1.2,0.500007,-0.01863,-0.00175,0.0,-0.079653,-0.048996,-0.022451,-0.021209,0.836242,-0.040001,-0.073999,-0.01726,-0.036614,1.825079,1.01741,-0.074585,-0.000276,-0.016976,6.208333,0.013383,0.0702,0.088233
252,136.297195,1000.0,0.898906,0.905381,0.0,0.0,0.094403,70199.0,0.128277,0.478591,0.192589,0.349737,-0.031347,0.743043,5.529518,-0.01,-0.6,-0.012,-0.25,-0.36,-1.2,0.500007,-0.020498,-0.001788,0.0,-0.077025,-0.048154,-0.021999,-0.02095,0.831571,-0.039496,-0.07247,-0.016036,-0.035894,1.82333,1.048499,-0.073642,-0.000403,-0.019546,6.913043,0.012897,0.072224,0.087642
253,136.959015,1000.0,0.907651,0.901927,0.0,0.0,0.093752,55544.0,0.124202,0.468376,0.180482,0.355553,-0.031421,0.746868,5.523233,-0.01,-0.6,-0.012,-0.25,-0.36,-1.2,0.500007,-0.023605,-0.001775,0.0,-0.075169,-0.046851,-0.021561,-0.021493,0.825756,-0.03885,-0.065559,-0.016393,-0.03535,1.833104,1.076728,-0.075534,-0.000376,-0.017057,5.625,0.014226,0.077712,0.101565
254,138.324646,1000.0,0.915039,0.904638,0.0,0.0,0.09327,68155.0,0.124072,0.476995,0.189282,0.356935,-0.030666,0.769392,5.495509,-0.01,-0.6,-0.012,-0.25,-0.36,-1.2,0.500007,-0.025058,-0.002311,0.0,-0.076416,-0.046249,-0.020602,-0.021269,0.841211,-0.038832,-0.066333,-0.015815,-0.034675,1.833981,1.087886,-0.075176,-0.000402,-0.01669,7.041667,0.012612,0.068026,0.095327
255,138.014389,1000.0,0.917248,0.898493,0.0,0.0,0.09255,68535.0,0.126962,0.459567,0.189153,0.368508,-0.032709,0.788865,5.518775,-0.01,-0.6,-0.012,-0.25,-0.36,-1.2,0.500007,-0.027005,-0.002045,0.0,-0.081634,-0.046635,-0.02253,-0.023175,0.836869,-0.040352,-0.069899,-0.017337,-0.037507,1.818636,1.095335,-0.079889,-0.000498,-0.025108,6.791667,0.011541,0.068499,0.0951
256,137.97905,1000.0,0.907974,0.892849,0.0,0.0,0.0918,67353.0,0.126375,0.444847,0.194986,0.351283,-0.031303,0.752079,5.516825,-0.01,-0.6,-0.012,-0.25,-0.36,-1.2,0.500007,-0.027095,-0.002209,0.0,-0.075588,-0.045579,-0.021416,-0.022408,0.840348,-0.040304,-0.073602,-0.016091,-0.034788,1.824409,1.123386,-0.07773,-0.000412,-0.020355,5.291667,0.013341,0.076565,0.102134
257,138.810791,1000.0,0.912041,0.895017,0.0,0.0,0.091409,68082.0,0.125372,0.476316,0.196353,0.375909,-0.032962,0.803973,5.509926,-0.01,-0.6,-0.012,-0.25,-0.36,-1.2,0.500007,-0.029982,-0.001969,0.0,-0.080582,-0.04579,-0.021915,-0.0234,0.845059,-0.042078,-0.072288,-0.016643,-0.036833,1.827244,1.087296,-0.081592,-0.000442,-0.013562,6.208333,0.012117,0.067095,0.100539
258,138.365219,1000.0,0.907394,0.898098,0.0,0.0,0.090727,69849.0,0.127706,0.469963,0.190485,0.367977,-0.032213,0.77688,5.472762,-0.01,-0.6,-0.012,-0.25,-0.36,-1.2,0.500007,-0.031052,-0.002441,0.0,-0.081017,-0.045354,-0.022136,-0.024097,0.837712,-0.042497,-0.076416,-0.016844,-0.036172,1.824316,1.096914,-0.082208,-0.000449,-0.012695,5.125,0.015065,0.065311,0.104391
259,139.0896,1000.0,0.905225,0.90308,0.0,0.0,0.089829,56782.0,0.123887,0.464529,0.193977,0.355717,-0.031219,0.770883,5.499096,-0.01,-0.6,-0.012,-0.25,-0.36,-1.2,0.500007,-0.032562,-0.001873,0.0,-0.076186,-0.044438,-0.020479,-0.023515,0.844791,-0.041135,-0.073887,-0.01488,-0.034955,1.834275,1.13,-0.080888,-0.00046,-0.016405,6.25,0.014024,0.075286,0.094558
260,138.245468,1000.0,0.912233,0.886247,0.0,0.0,0.089322,66650.0,0.1233,0.446793,0.185693,0.349522,-0.030858,0.757482,5.466331,-0.01,-0.6,-0.012,-0.25,-0.36,-1.2,0.500007,-0.034341,-0.002398,0.0,-0.076183,-0.044318,-0.020777,-0.024186,0.836666,-0.042895,-0.076874,-0.01628,-0.03592,1.836069,1.142267,-0.081859,-0.000451,-0.020987,5.75,0.01274,0.06958,0.097399
261,136.986786,1000.0,0.90748,0.896436,0.0,0.0,0.088436,68750.0,0.125245,0.444677,0.192198,0.353012,-0.031566,0.756806,5.496761,-0.01,-0.6,-0.012,-0.25,-0.36,-1.2,0.500007,-0.035788,-0.001954,0.0,-0.07785,-0.044231,-0.021656,-0.025081,0.835658,-0.04418,-0.079073,-0.016177,-0.034967,1.823454,1.148123,-0.084092,-0.000491,-0.022747,5.75,0.012458,0.073627,0.099785
262,137.698624,1000.0,0.919647,0.898556,0.0,0.0,0.087775,69250.0,0.120652,0.432432,0.184447,0.343282,-0.029823,0.735993,5.472313,-0.01,-0.6,-0.012,-0.25,-0.36,-1.2,0.500007,-0.038157,-0.002228,0.0,-0.072517,-0.043139,-0.020491,-0.024366,0.82799,-0.043513,-0.076196,-0.016012,-0.031334,1.836745,1.17856,-0.082748,-0.000448,-0.011464,5.833333,0.013604,0.074606,0.104964
263,137.970779,1000.0,0.911709,0.893568,0.0,0.0,0.087261,70493.0,0.122419,0.440092,0.179885,0.340902,-0.029693,0.74241,5.473598,-0.01,-0.6,-0.012,-0.25,-0.36,-1.2,0.500007,-0.039242,-0.00253,0.0,-0.075118,-0.042534,-0.020011,-0.024738,0.8336,-0.04316,-0.07916,-0.01532,-0.035453,1.838695,1.181271,-0.083382,-0.00041,-0.020137,6.086957,0.013001,0.068034,0.108929
264,139.585892,1000.0,0.909973,0.900071,0.0,0.0,0.086642,57525.0,0.121738,0.43163,0.179712,0.352877,-0.030982,0.761135,5.452894,-0.01,-0.6,-0.012,-0.25,-0.36,-1.2,0.500007,-0.04197,-0.001799,0.0,-0.074794,-0.042358,-0.02097,-0.025504,0.832082,-0.044127,-0.078086,-0.015539,-0.034269,1.83805,1.195209,-0.086655,-0.000483,-0.015447,6.291667,0.011491,0.072917,0.104878
265,137.677292,993.679993,0.897367,0.889411,0.041667,0.0,0.085997,67498.0,0.125466,0.432842,0.199252,0.361,-0.031871,0.771789,5.478784,-0.01,-0.6,-0.012,-0.25,-0.36,-1.2,0.498123,-0.041452,-0.001929,-0.000238,-0.076652,-0.042324,-0.020977,-0.026435,0.83684,-0.047032,-0.083462,-0.0159,-0.035245,1.818725,1.169117,-0.087207,-0.000496,-0.019739,5.958333,0.013455,0.072171,0.098516
266,139.284714,1000.0,0.91549,0.89266,0.0,0.0,0.085544,64956.0,0.121636,0.429653,0.192391,0.350449,-0.030138,0.76625,5.535638,-0.01,-0.6,-0.012,-0.25,-0.36,-1.2,0.500007,-0.043922,-0.002131,0.0,-0.074053,-0.041283,-0.019869,-0.026068,0.837791,-0.045215,-0.081998,-0.015191,-0.033045,1.834378,1.211091,-0.086071,-0.000527,-0.019267,5.708333,0.012737,0.076548,0.11091
267,138.709976,1000.0,0.909453,0.895115,0.0,0.0,0.084939,67140.0,0.123146,0.441929,0.18523,0.359543,-0.031431,0.764496,5.509809,-0.01,-0.6,-0.012,-0.25,-0.36,-1.2,0.500007,-0.046387,-0.002357,0.0,-0.076195,-0.041357,-0.021184,-0.027008,0.83269,-0.046494,-0.084083,-0.015995,-0.034965,1.831128,1.183978,-0.090628,-0.000466,-0.018801,5.375,0.013605,0.068692,0.102211
268,138.822296,1000.0,0.900892,0.886547,0.0,0.0,0.084457,71476.0,0.121469,0.438531,0.185425,0.352863,-0.030741,0.749193,5.53866,-0.01,-0.6,-0.012,-0.25,-0.36,-1.2,0.500007,-0.047214,-0.002359,0.0,-0.074541,-0.041147,-0.020801,-0.026881,0.830377,-0.047619,-0.083741,-0.016035,-0.034408,1.838644,1.199982,-0.090149,-0.000427,-0.016755,4.416667,0.011854,0.065471,0.098581
269,138.672379,1000.0,0.912368,0.904103,0.0,0.0,0.083962,71740.0,0.119724,0.430326,0.177156,0.334311,-0.029958,0.731892,5.487173,-0.01,-0.6,-0.012,-0.25,-0.36,-1.2,0.500007,-0.048764,-0.00152,0.0,-0.072037,-0.039934,-0.019704,-0.027244,0.82745,-0.045179,-0.082566,-0.015172,-0.033373,1.841532,1.227962,-0.088673,-0.000391,-0.0115,5.166667,0.012322,0.065539,0.098503
270,139.161713,1000.0,0.917372,0.902385,0.0,0.0,0.083807,57565.0,0.122555,0.435446,0.18721,0.347261,-0.03068,0.758634,5.535156,-0.01,-0.6,-0.012,-0.25,-0.36,-1.2,0.500007,-0.051071,-0.002377,0.0,-0.075878,-0.04034,-0.020867,-0.028202,0.833928,-0.048895,-0.086371,-0.016922,-0.035155,1.834232,1.206176,-0.091866,-0.000592,-0.015605,4.5,0.011683,0.069135,0.083642
271,139.065872,1000.0,0.910733,0.888018,0.0,0.0,0.083318,71414.0,0.123195,0.429972,0.198225,0.36454,-0.031915,0.785062,5.540304,-0.01,-0.6,-0.012,-0.25,-0.36,-1.2,0.500007,-0.051486,-0.002461,0.0,-0.076663,-0.039999,-0.020941,-0.02867,0.838052,-0.048085,-0.089873,-0.015619,-0.034255,1.833923,1.227211,-0.096013,-0.00044,-0.018342,3.869565,0.012725,0.085816,0.093621
272,140.784622,1000.0,0.913193,0.894796,0.0,0.0,0.082807,72147.0,0.122416,0.405636,0.199173,0.356595,-0.030927,0.790477,5.537372,-0.01,-0.6,-0.012,-0.25,-0.36,-1.2,0.500007,-0.052677,-0.002515,0.0,-0.075299,-0.039182,-0.019843,-0.02805,0.846703,-0.047762,-0.08615,-0.014674,-0.033665,1.831992,1.27248,-0.092097,-0.000704,-0.030635,4.434783,0.01287,0.075943,0.100791
273,139.637238,1000.0,0.89957,0.886283,0.0,0.0,0.082277,73127.0,0.123483,0.419027,0.200349,0.361512,-0.032124,0.76642,5.52938,-0.01,-0.6,-0.012,-0.25,-0.36,-1.2,0.500007,-0.053567,-0.001585,0.0,-0.075067,-0.039485,-0.020988,-0.029914,0.833477,-0.051734,-0.092496,-0.014788,-0.032718,1.830602,1.240287,-0.098009,-0.00039,-0.018099,3.818182,0.012892,0.078962,0.110577
274,139.515472,1000.0,0.91664,0.891752,0.0,0.0,0.081737,71772.0,0.120177,0.419265,0.184242,0.363408,-0.031803,0.77771,5.52016,-0.01,-0.6,-0.012,-0.25,-0.36,-1.2,0.500007,-0.058831,-0.002612,0.0,-0.077347,-0.038773,-0.021048,-0.03135,0.836504,-0.050915,-0.088731,-0.016124,-0.035123,1.835,1.248221,-0.099609,-0.000636,-0.010711,4.173913,0.012942,0.074607,0.1019
275,139.19165,1000.0,0.905762,0.895978,0.0,0.0,0.081513,73371.0,0.12151,0.44535,0.192597,0.36257,-0.031975,0.784527,5.494983,-0.01,-0.6,-0.012,-0.25,-0.36,-1.2,0.500007,-0.0591,-0.001708,0.0,-0.079271,-0.038956,-0.021642,-0.031076,0.845035,-0.051944,-0.095036,-0.016269,-0.035257,1.835756,1.209026,-0.101832,-0.00036,-0.009831,3.090909,0.014695,0.070702,0.107843
276,140.764252,1000.0,0.910255,0.887005,0.0,0.0,0.081067,56637.0,0.12135,0.407677,0.199389,0.345293,-0.030118,0.75383,5.492147,-0.01,-0.6,-0.012,-0.25,-0.36,-1.2,0.500007,-0.055866,-0.001762,0.0,-0.071097,-0.037964,-0.019226,-0.029029,0.839771,-0.049274,-0.096515,-0.012892,-0.032244,1.834952,1.300281,-0.096432,-0.000487,-0.017943,3.375,0.013787,0.079335,0.095029
277,138.110184,990.599976,0.888121,0.868482,0.043478,0.0,0.08065,72185.0,0.122729,0.398955,0.193182,0.355976,-0.030681,0.753143,5.501855,-0.01,-0.6,-0.012,-0.25,-0.36,-1.2,0.495915,-0.060278,-0.002062,-0.000348,-0.073988,-0.037766,-0.021046,-0.031509,0.820369,-0.053415,-0.104316,-0.014827,-0.033017,1.806087,1.278528,-0.102787,-0.000637,-0.011138,3.521739,0.012972,0.078211,0.120738
278,139.198669,1000.0,0.896999,0.887305,0.0,0.0,0.080321,73691.0,0.119061,0.387454,0.189628,0.345834,-0.030251,0.724779,5.512222,-0.01,-0.6,-0.012,-0.25,-0.36,-1.2,0.500007,-0.061931,-0.00195,0.0,-0.06998,-0.037522,-0.02022,-0.031045,0.817309,-0.051746,-0.094211,-0.014128,-0.031136,1.83988,1.33352,-0.101952,-0.000467,-0.011556,2.818182,0.013037,0.077786,0.109595
279,139.852982,1000.0,0.910636,0.871543,0.0,0.0,0.079855,70168.0,0.114843,0.392261,0.160935,0.313673,-0.027413,0.689036,5.487049,-0.01,-0.6,-0.012,-0.25,-0.36,-1.2,0.500007,-0.069047,-0.001796,0.0,-0.066568,-0.035606,-0.01889,-0.031514,0.802124,-0.049635,-0.08343,-0.0151,-0.029568,1.844191,1.350956,-0.097382,-0.000795,-0.013341,2.958333,0.012881,0.07926,0.119398
280,139.44455,1000.0,0.90475,0.88017,0.0,0.0,0.07944,73837.0,0.122413,0.402998,0.204895,0.375558,-0.033362,0.787357,5.502636,-0.01,-0.6,-0.012,-0.25,-0.36,-1.2,0.500007,-0.06404,-0.001755,0.0,-0.077933,-0.037801,-0.021917,-0.034202,0.829631,-0.056745,-0.111871,-0.015005,-0.035111,1.824664,1.283072,-0.108324,-0.00063,-0.029219,3.590909,0.014879,0.074629,0.119118
281,139.910553,1000.0,0.909536,0.878772,0.0,0.0,0.079304,70781.0,0.124195,0.396575,0.202131,0.357497,-0.031258,0.777274,5.48273,-0.01,-0.6,-0.012,-0.25,-0.36,-1.2,0.500007,-0.064881,-0.001745,0.0,-0.0744,-0.036878,-0.020473,-0.032815,0.845577,-0.056735,-0.104621,-0.014858,-0.033322,1.831057,1.304184,-0.103422,-0.00066,-0.011948,3.166667,0.012617,0.064482,0.086186
282,139.511703,1000.0,0.905389,0.883821,0.0,0.0,0.078989,59309.0,0.12017,0.404304,0.190271,0.343527,-0.029805,0.739046,5.493053,-0.01,-0.6,-0.012,-0.25,-0.36,-1.2,0.500007,-0.067798,-0.002018,0.0,-0.072246,-0.035931,-0.019791,-0.032941,0.832042,-0.055035,-0.100893,-0.014275,-0.032217,1.83756,1.326641,-0.104311,-0.000564,-0.025683,3.318182,0.012406,0.074171,0.10028
283,140.851608,1000.0,0.916324,0.893485,0.0,0.0,0.078614,73433.0,0.116136,0.372466,0.182634,0.320463,-0.027837,0.713733,5.442461,-0.01,-0.6,-0.012,-0.25,-0.36,-1.2,0.500007,-0.068443,-0.001409,0.0,-0.065734,-0.034982,-0.017979,-0.031297,0.83601,-0.05372,-0.09867,-0.01326,-0.030096,1.849279,1.376894,-0.09904,-0.000548,-0.013053,4.409091,0.011427,0.075714,0.100023
284,140.796738,1000.0,0.898795,0.88699,0.0,0.0,0.078136,72827.0,0.12182,0.385442,0.189756,0.34343,-0.02967,0.75463,5.43212,-0.01,-0.6,-0.012,-0.25,-0.36,-1.2,0.500007,-0.070998,-0.002593,0.0,-0.070594,-0.03518,-0.019457,-0.033085,0.845334,-0.055211,-0.100582,-0.014183,-0.032621,1.828585,1.359314,-0.103911,-0.000478,-0.007748,3.0,0.011032,0.080317,0.095027
285,141.171097,1000.0,0.912042,0.886782,0.0,0.0,0.077644,73327.0,0.120903,0.387423,0.208987,0.364122,-0.031281,0.802816,5.449787,-0.01,-0.6,-0.012,-0.25,-0.36,-1.2,0.500007,-0.071221,-0.00174,0.0,-0.076359,-0.035008,-0.020286,-0.034868,0.852526,-0.055757,-0.113787,-0.014338,-0.033724,1.835657,1.345804,-0.108116,-0.000535,-0.015737,4.090909,0.012915,0.071699,0.096705
286,139.836258,1000.0,0.905368,0.890734,0.0,0.0,0.07728,70289.0,0.117249,0.378955,0.176124,0.321651,-0.028098,0.693722,5.459675,-0.01,-0.6,-0.012,-0.25,-0.36,-1.2,0.500007,-0.077301,-0.002845,0.0,-0.066797,-0.033762,-0.018934,-0.033602,0.81852,-0.053401,-0.095091,-0.013359,-0.029448,1.831407,1.398864,-0.104104,-0.000952,-0.015119,3.916667,0.012003,0.076174,0.108913
287,140.727325,1000.0,0.907143,0.880064,0.0,0.0,0.076877,72174.0,0.118573,0.388653,0.195946,0.347669,-0.029799,0.756396,5.445482,-0.01,-0.6,-0.012,-0.25,-0.36,-1.2,0.500007,-0.074034,-0.001323,0.0,-0.070105,-0.033774,-0.018773,-0.033895,0.833458,-0.054985,-0.104397,-0.01249,-0.031619,1.84092,1.381291,-0.10682,-0.000451,-0.012453,3.826087,0.013232,0.07455,0.108601
288,140.031448,997.700012,0.903151,0.886042,0.043478,0.0,0.076363,57954.0,0.121815,0.399862,0.192157,0.361801,-0.030714,0.78247,5.438653,-0.01,-0.6,-0.012,-0.25,-0.36,-1.2,0.499002,-0.080069,-0.002764,-0.000348,-0.073924,-0.034037,-0.020115,-0.035906,0.840468,-0.05926,-0.104591,-0.015239,-0.033741,1.815161,1.349112,-0.112409,-0.000723,-0.011628,3.782609,0.013767,0.088494,0.112821
289,141.618805,1000.0,0.904423,0.876477,0.0,0.0,0.076046,73699.0,0.117074,0.385569,0.191586,0.382441,-0.032661,0.811884,5.451148,-0.01,-0.6,-0.012,-0.25,-0.36,-1.2,0.500007,-0.086233,-0.001885,0.0,-0.075875,-0.033971,-0.02084,-0.037169,0.834354,-0.058095,-0.102148,-0.015003,-0.033867,1.839312,1.375021,-0.118148,-0.000721,-0.015552,3.181818,0.011921,0.077715,0.099528
290,141.809158,1000.0,0.915247,0.885709,0.0,0.0,0.075643,70669.0,0.118177,0.366505,0.197178,0.361132,-0.030407,0.788461,5.426333,-0.01,-0.6,-0.012,-0.25,-0.36,-1.2,0.500007,-0.082313,-0.001774,0.0,-0.071393,-0.033108,-0.019399,-0.035775,0.850275,-0.057229,-0.104352,-0.013559,-0.031226,1.842763,1.413088,-0.112468,-0.000814,-0.021176,3.125,0.012231,0.073975,0.091559
291,142.411835,1000.0,0.916428,0.890918,0.0,0.0,0.075274,71229.0,0.117797,0.369771,0.202662,0.363515,-0.030691,0.776771,5.420779,-0.01,-0.6,-0.012,-0.25,-0.36,-1.2,0.500007,-0.083758,-0.002149,0.0,-0.073142,-0.032826,-0.019927,-0.036075,0.839676,-0.057837,-0.107819,-0.013747,-0.031438,1.832123,1.426537,-0.115448,-0.000669,-0.0172,23.478262,0.013727,0.083169,0.093741
292,141.24646,1000.0,0.901708,0.890247,0.0,0.0,0.074778,69516.0,0.119386,0.359628,0.196699,0.356169,-0.030314,0.766557,5.44078,-0.01,-0.6,-0.012,-0.25,-0.36,-1.2,0.500007,-0.083154,-0.002163,0.0,-0.072148,-0.032691,-0.019917,-0.036518,0.840333,-0.057982,-0.110251,-0.013108,-0.032019,1.828265,1.429646,-0.113681,-0.000622,-0.026469,4.043478,0.01338,0.075583,0.124965
293,142.287262,1000.0,0.915615,0.893925,0.0,0.0,0.07431,68601.0,0.117184,0.372483,0.191117,0.348036,-0.030018,0.755572,5.366487,-0.01,-0.6,-0.012,-0.25,-0.36,-1.2,0.500007,-0.084028,-0.001651,0.0,-0.069053,-0.032167,-0.01913,-0.0359,0.836349,-0.057234,-0.104894,-0.013089,-0.030186,1.840447,1.425977,-0.111803,-0.000673,-0.021046,6.625,0.012554,0.073559,0.105872
294,141.548065,1000.0,0.903941,0.884513,0.0,0.0,0.073882,57338.0,0.117423,0.389832,0.189211,0.345577,-0.029227,0.753344,5.41813,-0.01,-0.6,-0.012,-0.25,-0.36,-1.2,0.500007,-0.084267,-0.002655,0.0,-0.070287,-0.031842,-0.018827,-0.035362,0.840675,-0.056225,-0.104433,-0.013119,-0.031612,1.841805,1.415466,-0.111853,-0.000708,-0.014128,6.434783,0.012986,0.071816,0.098724
295,142.421005,1000.0,0.915654,0.884254,0.0,0.0,0.073434,69049.0,0.11587,0.363458,0.199194,0.345675,-0.028603,0.769397,5.386619,-0.01,-0.6,-0.012,-0.25,-0.36,-1.2,0.500007,-0.081006,-0.00171,0.0,-0.068955,-0.031397,-0.018293,-0.034666,0.843964,-0.055706,-0.109222,-0.012447,-0.030702,1.845149,1.449863,-0.106417,-0.000681,-0.021535,5.958333,0.013074,0.0654,0.098207
296,142.906357,1000.0,0.902526,0.887154,0.0,0.0,0.073164,69445.0,0.118497,0.364631,0.197082,0.360438,-0.030682,0.781438,5.399179,-0.01,-0.6,-0.012,-0.25,-0.36,-1.2,0.500007,-0.083908,-0.001896,0.0,-0.071654,-0.031702,-0.019739,-0.036043,0.841475,-0.056196,-0.108459,-0.013763,-0.031966,1.829618,1.446811,-0.11304,-0.000707,-0.020897,6.958333,0.013406,0.068167,0.107274
297,143.774826,1000.0,0.907871,0.883299,0.0,0.0,0.072684,70210.0,0.118761,0.371122,0.202171,0.365966,-0.031309,0.784694,5.398598,-0.01,-0.6,-0.012,-0.25,-0.36,-1.2,0.500007,-0.082717,-0.002283,0.0,-0.072192,-0.031536,-0.020152,-0.037043,0.842163,-0.056779,-0.109326,-0.01403,-0.031717,1.83439,1.443651,-0.114111,-0.000628,-0.016945,6.333333,0.013159,0.078616,0.105773
298,142.546036,1000.0,0.907484,0.893457,0.0,0.0,0.072371,69905.0,0.117001,0.360415,0.190827,0.343543,-0.029101,0.754841,5.394948,-0.01,-0.6,-0.012,-0.25,-0.36,-1.2,0.500007,-0.082873,-0.00222,0.0,-0.068464,-0.030754,-0.019036,-0.035071,0.836125,-0.054864,-0.106585,-0.012816,-0.030903,1.844257,1.473333,-0.107951,-0.00089,-0.020431,5.583333,0.012838,0.074542,0.110501
299,143.185181,1000.0,0.911819,0.891791,0.0,0.0,0.071935,53119.0,0.118468,0.355827,0.200688,0.352587,-0.029657,0.768944,5.413177,-0.01,-0.6,-0.012,-0.25,-0.36,-1.2,0.500007,-0.081552,-0.002266,0.0,-0.069755,-0.030952,-0.019595,-0.035502,0.84612,-0.055789,-0.1108,-0.013253,-0.029559,1.830019,1.48085,-0.110437,-0.000556,-0.01529,5.5,0.013438,0.084463,0.119514
300,142.711365,1000.0,0.912938,0.888078,0.0,0.0,0.071545,66455.0,0.113833,0.355443,0.185795,0.333384,-0.028142,0.727522,5.395457,-0.01,-0.6,-0.012,-0.25,-0.36,-1.2,0.500007,-0.083817,-0.002157,0.0,-0.066939,-0.029862,-0.018669,-0.034914,0.832494,-0.052462,-0.107016,-0.013034,-0.030025,1.841847,1.50148,-0.105953,-0.00054,-0.015155,5.583333,0.011973,0.075411,0.106592
301,143.572647,1000.0,0.909018,0.886902,0.0,0.0,0.071159,65881.0,0.115208,0.357959,0.185707,0.337108,-0.02791,0.742032,5.445222,-0.01,-0.6,-0.012,-0.25,-0.36,-1.2,0.500007,-0.084674,-0.001891,0.0,-0.06533,-0.029365,-0.017701,-0.034201,0.833209,-0.052257,-0.098147,-0.012634,-0.027874,1.843933,1.504674,-0.105051,-0.0007,-0.015267,6.833333,0.013212,0.081532,0.11224
302,143.584335,1000.0,0.912347,0.893686,0.0,0.0,0.070869,66323.0,0.118065,0.367586,0.199683,0.356828,-0.029919,0.78231,5.465534,-0.01,-0.6,-0.012,-0.25,-0.36,-1.2,0.500007,-0.083383,-0.002274,0.0,-0.071384,-0.029996,-0.018865,-0.035715,0.847147,-0.054336,-0.105276,-0.01318,-0.032086,1.834049,1.47249,-0.10918,-0.000573,-0.01368,5.25,0.013006,0.067019,0.116017
303,142.876251,1000.0,0.899548,0.879695,0.0,0.0,0.070664,66461.0,0.119261,0.353394,0.196189,0.349963,-0.029098,0.740008,5.385431,-0.01,-0.6,-0.012,-0.25,-0.36,-1.2,0.500007,-0.080751,-0.00268,0.0,-0.06781,-0.030131,-0.019504,-0.03582,0.83178,-0.055233,-0.110271,-0.01264,-0.030008,1.832013,1.487621,-0.108364,-0.000476,-0.012997,6.0,0.013025,0.075429,0.097442
304,143.929092,1000.0,0.90654,0.890888,0.0,0.0,0.070365,65134.0,0.114658,0.342622,0.193283,0.345337,-0.028935,0.756639,5.412183,-0.01,-0.6,-0.012,-0.25,-0.36,-1.2,0.500007,-0.083758,-0.00173,0.0,-0.067336,-0.02935,-0.018773,-0.035571,0.837539,-0.052295,-0.102423,-0.012364,-0.029294,1.836599,1.524401,-0.106473,-0.000602,-0.016356,5.625,0.013124,0.080524,0.102553
305,144.617813,1000.0,0.901418,0.886817,0.0,0.0,0.070017,54298.0,0.114911,0.363641,0.197532,0.341352,-0.028548,0.746323,5.416877,-0.01,-0.6,-0.012,-0.25,-0.36,-1.2,0.500007,-0.079795,-0.001828,0.0,-0.066411,-0.029056,-0.018492,-0.034841,0.837333,-0.052658,-0.104893,-0.01248,-0.029439,1.847542,1.490417,-0.103579,-0.000633,-0.019292,6.130435,0.014021,0.064022,0.104445
306,143.557022,1000.0,0.914432,0.886879,0.0,0.0,0.06973,65460.0,0.11531,0.357753,0.187472,0.337554,-0.028581,0.744687,5.409813,-0.01,-0.6,-0.012,-0.25,-0.36,-1.2,0.500007,-0.081988,-0.001984,0.0,-0.067077,-0.028813,-0.018565,-0.035582,0.839951,-0.052291,-0.104045,-0.012639,-0.029425,1.843923,1.505922,-0.103343,-0.000507,-0.009394,6.541667,0.012243,0.071027,0.092482
307,145.833694,1000.0,0.907736,0.886627,0.0,0.0,0.069681,65497.0,0.115687,0.347528,0.204195,0.355179,-0.029841,0.781385,5.475375,-0.01,-0.6,-0.012,-0.25,-0.36,-1.2,0.500007,-0.081579,-0.002251,0.0,-0.066384,-0.028584,-0.018473,-0.034905,0.846839,-0.05008,-0.098429,-0.01208,-0.0283,1.838239,1.55131,-0.106482,-0.000519,-0.010193,6.125,0.012936,0.072527,0.109119
308,144.555161,1000.0,0.910833,0.883548,0.0,0.0,0.069494,65316.0,0.116473,0.349967,0.197572,0.348411,-0.028533,0.767503,5.451314,-0.01,-0.6,-0.012,-0.25,-0.36,-1.2,0.500007,-0.082261,-0.001594,0.0,-0.066894,-0.028503,-0.01847,-0.034709,0.844286,-0.052111,-0.103488,-0.012552,-0.029383,1.840029,1.517229,-0.103113,-0.000533,-0.019338,5.458333,0.01193,0.073996,0.095664
309,145.137482,1000.0,0.919653,0.879335,0.0,0.0,0.069228,65715.0,0.112376,0.341332,0.188101,0.337299,-0.028081,0.749167,5.44784,-0.01,-0.6,-0.012,-0.25,-0.36,-1.2,0.500007,-0.082722,-0.001622,0.0,-0.064161,-0.027974,-0.017889,-0.033865,0.834127,-0.050111,-0.094637,-0.011883,-0.02788,1.849862,1.557217,-0.10322,-0.000475,-0.013159,4.916667,0.012724,0.078001,0.105575
310,144.08345,1000.0,0.906079,0.888979,0.0,0.0,0.068966,49617.0,0.114764,0.343281,0.184897,0.334994,-0.028042,0.725724,5.476791,-0.01,-0.6,-0.012,-0.25,-0.36,-1.2,0.500007,-0.08244,-0.00198,0.0,-0.065452,-0.027826,-0.018404,-0.0342,0.822995,-0.048715,-0.101349,-0.012564,-0.028195,1.841195,1.555597,-0.102967,-0.00044,-0.014479,4.833333,0.012174,0.067634,0.115181
311,145.346939,1000.0,0.899803,0.883718,0.0,0.0,0.068693,70435.0,0.114443,0.344153,0.199429,0.358034,-0.029412,0.77542,5.492492,-0.01,-0.6,-0.012,-0.25,-0.36,-1.2,0.500007,-0.08367,-0.002108,0.0,-0.068087,-0.027873,-0.018734,-0.035233,0.834915,-0.050214,-0.099774,-0.012392,-0.028816,1.842176,1.547619,-0.105499,-0.000569,-0.021732,4.625,0.014691,0.077149,0.119437
312,146.171524,1000.0,0.914444,0.889681,0.0,0.0,0.068461,71266.0,0.116345,0.33521,0.19928,0.357926,-0.029417,0.772572,5.487234,-0.01,-0.6,-0.012,-0.25,-0.36,-1.2,0.500007,-0.083357,-0.002054,0.0,-0.069372,-0.027809,-0.018944,-0.035607,0.837085,-0.050927,-0.100881,-0.012626,-0.03022,1.839848,1.56537,-0.10465,-0.000606,-0.013316,4.565217,0.012654,0.077245,0.104872
313,144.773056,1000.0,0.908225,0.886213,0.0,0.0,0.068211,69900.0,0.115851,0.354989,0.191591,0.338807,-0.028498,0.755862,5.512456,-0.01,-0.6,-0.012,-0.25,-0.36,-1.2,0.500007,-0.082167,-0.001292,0.0,-0.066969,-0.027474,-0.018084,-0.035053,0.843016,-0.049964,-0.102362,-0.012948,-0.030468,1.836333,1.535376,-0.100971,-0.000515,-0.012015,4.166667,0.013959,0.074883,0.107651
314,144.887604,1000.0,0.904795,0.879109,0.0,0.0,0.067985,71507.0,0.117599,0.342545,0.204345,0.364034,-0.030295,0.784623,5.515462,-0.01,-0.6,-0.012,-0.25,-0.36,-1.2,0.500007,-0.083024,-0.002158,0.0,-0.071024,-0.02767,-0.019534,-0.036123,0.848394,-0.050485,-0.102539,-0.012745,-0.030101,1.834025,1.546264,-0.10695,-0.000601,-0.018831,4.086957,0.014254,0.072855,0.112689
315,145.437378,1000.0,0.908969,0.879377,0.0,0.0,0.067623,73685.0,0.109121,0.329824,0.175592,0.326183,-0.026482,0.73106,5.494675,-0.01,-0.6,-0.012,-0.25,-0.36,-1.2,0.500007,-0.087021,-0.001812,0.0,-0.064244,-0.026373,-0.017517,-0.033601,0.825554,-0.045614,-0.092099,-0.012565,-0.027738,1.857252,1.600753,-0.097851,-0.000792,-0.013055,3.681818,0.012936,0.074883,0.100837
316,145.072998,1000.0,0.903747,0.879762,0.0,0.0,0.067412,59647.0,0.115505,0.3438,0.200835,0.35982,-0.030783,0.776755,5.500587,-0.01,-0.6,-0.012,-0.25,-0.36,-1.2,0.500007,-0.083292,-0.001995,0.0,-0.068114,-0.027371,-0.018991,-0.035141,0.842678,-0.050293,-0.095118,-0.012663,-0.029846,1.837006,1.547924,-0.105421,-0.000624,-0.023089,3.904762,0.013094,0.074959,0.121263
317,145.419205,1000.0,0.904071,0.885369,0.0,0.0,0.067134,70449.0,0.116437,0.352929,0.201897,0.366767,-0.030564,0.781722,5.472239,-0.01,-0.6,-0.012,-0.25,-0.36,-1.2,0.500007,-0.082887,-0.002964,0.0,-0.069044,-0.027737,-0.020227,-0.0359,0.836582,-0.050767,-0.108557,-0.012584,-0.030073,1.837536,1.538525,-0.107698,-0.000426,-0.009214,3.458333,0.015229,0.068613,0.116446
318,145.540222,1000.0,0.891769,0.882324,0.0,0.0,0.066893,71933.0,0.117327,0.336303,0.205914,0.35913,-0.030246,0.790399,5.499416,-0.01,-0.6,-0.012,-0.25,-0.36,-1.2,0.500007,-0.080109,-0.002081,0.0,-0.069986,-0.026833,-0.019184,-0.035713,0.851493,-0.049901,-0.107975,-0.012466,-0.029925,1.832047,1.57014,-0.103295,-0.000691,-0.022568,3.304348,0.013582,0.073987,0.102612
319,145.40979,1000.0,0.89356,0.883427,0.0,0.0,0.066675,72815.0,0.11548,0.345821,0.196844,0.376645,-0.030361,0.791565,5.530529,-0.01,-0.6,-0.012,-0.25,-0.36,-1.2,0.500007,-0.085062,-0.003252,0.0,-0.070333,-0.027153,-0.020264,-0.036228,0.830725,-0.051158,-0.106795,-0.013205,-0.032098,1.836282,1.546948,-0.108911,-0.000523,-0.013262,3.130435,0.014875,0.089571,0.121094
320,145.704895,1000.0,0.897487,0.893186,0.0,0.0,0.066493,71681.0,0.112388,0.333982,0.193646,0.337562,-0.027926,0.744614,5.500935,-0.01,-0.6,-0.012,-0.25,-0.36,-1.2,0.500007,-0.081985,-0.001894,0.0,-0.067426,-0.025992,-0.017789,-0.034113,0.847183,-0.047387,-0.102301,-0.011802,-0.030311,1.843234,1.590655,-0.098675,-0.000565,-0.010064,2.956522,0.013551,0.070458,0.098925
321,145.194977,1000.0,0.900502,0.870394,0.0,0.0,0.066283,73175.0,0.111578,0.336453,0.186985,0.305772,-0.024984,0.666637,5.527022,-0.01,-0.6,-0.012,-0.25,-0.36,-1.2,0.500007,-0.076876,-0.002723,0.0,-0.061804,-0.025023,-0.016197,-0.031079,0.826847,-0.044681,-0.099478,-0.010494,-0.026298,1.853608,1.632992,-0.091159,-0.000499,-0.016606,3.043478,0.012997,0.082382,0.101262
322,146.828079,1000.0,0.905069,0.881197,0.0,0.0,0.066048,57439.0,0.11871,0.345833,0.204473,0.357995,-0.029245,0.786627,5.479074,-0.01,-0.6,-0.012,-0.25,-0.36,-1.2,0.500007,-0.079441,-0.002025,0.0,-0.06791,-0.02627,-0.019064,-0.035084,0.850841,-0.048519,-0.102434,-0.012138,-0.027335,1.824036,1.585478,-0.103234,-0.000403,-0.013866,3.478261,0.012622,0.073128,0.10707
323,146.865921,1000.0,0.911003,0.872782,0.0,0.0,0.065718,69651.0,0.114505,0.32777,0.201156,0.345003,-0.02847,0.753871,5.481445,-0.01,-0.6,-0.012,-0.25,-0.36,-1.2,0.500007,-0.079393,-0.002114,0.0,-0.064311,-0.025525,-0.017779,-0.033219,0.849005,-0.046266,-0.101894,-0.011406,-0.027788,1.842459,1.631347,-0.09789,-0.000583,-0.017521,3.583333,0.013631,0.091837,0.120513
324,146.397491,1000.0,0.909377,0.889338,0.0,0.0,0.065515,74392.0,0.116206,0.327841,0.204068,0.354454,-0.029376,0.760424,5.471731,-0.01,-0.6,-0.012,-0.25,-0.36,-1.2,0.500007,-0.081037,-0.002119,0.0,-0.066611,-0.025732,-0.018816,-0.03434,0.840791,-0.046582,-0.098381,-0.012214,-0.028724,1.833221,1.620613,-0.101379,-0.000538,-0.015644,3.363636,0.013478,0.067481,0.126966
325,146.77037,1000.0,0.901332,0.887089,0.0,0.0,0.065418,73905.0,0.113056,0.337464,0.200636,0.337873,-0.028742,0.733628,5.460369,-0.01,-0.6,-0.012,-0.25,-0.36,-1.2,0.500007,-0.081579,-0.001947,0.0,-0.066209,-0.025103,-0.017192,-0.03336,0.840513,-0.044914,-0.095095,-0.011959,-0.029069,1.842398,1.618948,-0.097382,-0.000486,-0.009076,3.863636,0.012379,0.078248,0.117475
326,147.032623,1000.0,0.905043,0.887022,0.0,0.0,0.065165,71894.0,0.111633,0.310453,0.18385,0.341484,-0.028383,0.742207,5.485017,-0.01,-0.6,-0.012,-0.25,-0.36,-1.2,0.500007,-0.084785,-0.00228,0.0,-0.065725,-0.025075,-0.017831,-0.03409,0.822085,-0.043631,-0.092897,-0.011446,-0.0286,1.844006,1.660259,-0.099979,-0.00048,-0.010995,3.565217,0.012317,0.068041,0.139987
327,146.95842,1000.0,0.90501,0.883383,0.0,0.0,0.064941,74251.0,0.116069,0.344971,0.190146,0.358923,-0.030256,0.795845,5.447282,-0.01,-0.6,-0.012,-0.25,-0.36,-1.2,0.500007,-0.087335,-0.001914,0.0,-0.068955,-0.025631,-0.019075,-0.03606,0.845741,-0.046186,-0.090945,-0.013279,-0.029195,1.829255,1.591187,-0.105544,-0.000643,-0.015194,3.954545,0.01464,0.077109,0.118218
328,147.512802,1000.0,0.913197,0.887302,0.0,0.0,0.064436,56034.0,0.110185,0.318508,0.192483,0.347262,-0.028697,0.759229,5.444774,-0.01,-0.6,-0.012,-0.25,-0.36,-1.2,0.500007,-0.08288,-0.001971,0.0,-0.064771,-0.024757,-0.017831,-0.034269,0.841153,-0.044749,-0.093486,-0.011981,-0.027869,1.855026,1.646833,-0.098515,-0.000662,-0.011327,3.75,0.011945,0.068584,0.104148
329,146.66629,1000.0,0.909951,0.887079,0.0,0.0,0.064108,71984.0,0.11282,0.336028,0.193691,0.339442,-0.028346,0.748224,5.441318,-0.01,-0.6,-0.012,-0.25,-0.36,-1.2,0.500007,-0.082335,-0.00211,0.0,-0.065051,-0.024815,-0.017834,-0.033961,0.834288,-0.045355,-0.09596,-0.012315,-0.026932,1.838054,1.629611,-0.098571,-0.000506,-0.011121,4.26087,0.011971,0.079526,0.103839
330,147.192154,1000.0,0.891955,0.878758,0.0,0.0,0.063873,72466.0,0.112028,0.317241,0.203449,0.353498,-0.028493,0.779182,5.435452,-0.01,-0.6,-0.012,-0.25,-0.36,-1.2,0.500007,-0.080745,-0.002105,0.0,-0.06821,-0.024671,-0.017883,-0.034506,0.847331,-0.044497,-0.103205,-0.011436,-0.029801,1.852943,1.650649,-0.097449,-0.000629,-0.014843,3.347826,0.011824,0.076002,0.093506
331,147.882751,1000.0,0.914213,0.880524,0.0,0.0,0.06372,74559.0,0.107816,0.322852,0.187054,0.325657,-0.025765,0.749215,5.465652,-0.01,-0.6,-0.012,-0.25,-0.36,-1.2,0.500007,-0.080558,-0.001774,0.0,-0.062809,-0.023899,-0.016419,-0.031658,0.85079,-0.043505,-0.092067,-0.010994,-0.02609,1.855341,1.653528,-0.090068,-0.000629,-0.015713,3.136364,0.01399,0.077937,0.102314
332,147.400696,1000.0,0.897155,0.882177,0.0,0.0,0.063386,69503.0,0.112932,0.319551,0.19675,0.335934,-0.027977,0.715277,5.409652,-0.01,-0.6,-0.012,-0.25,-0.36,-1.2,0.500007,-0.078282,-0.001761,0.0,-0.062215,-0.02456,-0.017555,-0.033119,0.838193,-0.045328,-0.098759,-0.010823,-0.026728,1.84329,1.65782,-0.096313,-0.000322,-0.013219,2.958333,0.012609,0.077157,0.095638
333,148.815994,1000.0,0.905849,0.877211,0.0,0.0,0.063095,73166.0,0.118228,0.317581,0.207159,0.368759,-0.03057,0.76822,5.411487,-0.01,-0.6,-0.012,-0.25,-0.36,-1.2,0.500007,-0.079264,-0.001691,0.0,-0.067944,-0.025039,-0.019559,-0.035036,0.83712,-0.046597,-0.108354,-0.012517,-0.029144,1.823245,1.644536,-0.104002,-0.000481,-0.018577,24.409092,0.01246,0.078685,0.098795
334,147.9702,1000.0,0.897806,0.876611,0.0,0.0,0.062761,55073.0,0.112886,0.326898,0.203524,0.354161,-0.028574,0.780421,5.407802,-0.01,-0.6,-0.012,-0.25,-0.36,-1.2,0.500007,-0.082088,-0.002347,0.0,-0.065851,-0.024181,-0.018018,-0.033803,0.845134,-0.043898,-0.09616,-0.011431,-0.027461,1.84409,1.659001,-0.09798,-0.000448,-0.014595,5.083333,0.013917,0.082504,0.104222
335,149.441559,1000.0,0.906022,0.888666,0.0,0.0,0.062565,70362.0,0.113501,0.3212,0.20216,0.356253,-0.02908,0.783997,5.44078,-0.01,-0.6,-0.012,-0.25,-0.36,-1.2,0.500007,-0.082355,-0.002078,0.0,-0.065383,-0.024057,-0.018025,-0.03371,0.847132,-0.043202,-0.09741,-0.011486,-0.02752,1.839789,1.670823,-0.097734,-0.000459,-0.013091,7.125,0.014666,0.08195,0.098381
336,148.353897,1000.0,0.903691,0.888084,0.0,0.0,0.062296,72582.0,0.11135,0.311772,0.196113,0.343635,-0.027891,0.756284,5.431261,-0.01,-0.6,-0.012,-0.25,-0.36,-1.2,0.500007,-0.079364,-0.002071,0.0,-0.064488,-0.023928,-0.017858,-0.03348,0.835764,-0.044152,-0.098631,-0.01138,-0.027272,1.845588,1.681895,-0.095332,-0.000532,-0.018364,6.130435,0.013379,0.070529,0.094465
337,149.918396,1000.0,0.908928,0.886477,0.0,0.0,0.062057,70340.0,0.109707,0.304526,0.190794,0.32903,-0.026679,0.745147,5.443292,-0.01,-0.6,-0.012,-0.25,-0.36,-1.2,0.500007,-0.081702,-0.001922,0.0,-0.062614,-0.023194,-0.016646,-0.031682,0.845743,-0.041245,-0.092188,-0.010762,-0.026028,1.849225,1.717089,-0.091664,-0.000663,-0.009846,5.833333,0.013501,0.076422,0.120629
338,148.282822,1000.0,0.911731,0.880229,0.0,0.0,0.061913,70775.0,0.112339,0.315809,0.197453,0.353581,-0.028915,0.775443,5.434292,-0.01,-0.6,-0.012,-0.25,-0.36,-1.2,0.500007,-0.082723,-0.001932,0.0,-0.066012,-0.023844,-0.018349,-0.033892,0.842909,-0.042401,-0.095125,-0.011577,-0.02715,1.840306,1.684796,-0.099027,-0.000507,-0.017384,7.041667,0.013279,0.075121,0.102255
339,148.849487,1000.0,0.903155,0.886569,0.0,0.0,0.061768,70830.0,0.111036,0.307863,0.195149,0.346743,-0.027652,0.763549,5.408332,-0.01,-0.6,-0.012,-0.25,-0.36,-1.2,0.500007,-0.081941,-0.00205,0.0,-0.06521,-0.023432,-0.017641,-0.033614,0.839824,-0.0419,-0.095926,-0.011476,-0.027472,1.846345,1.708261,-0.096151,-0.000616,-0.021618,5.75,0.014644,0.079687,0.096452
340,149.136063,1000.0,0.906,0.881194,0.0,0.0,0.061515,54491.0,0.113728,0.318677,0.203041,0.355627,-0.029171,0.77878,5.40375,-0.01,-0.6,-0.012,-0.25,-0.36,-1.2,0.500007,-0.080588,-0.002285,0.0,-0.066792,-0.023739,-0.018144,-0.033839,0.844958,-0.042566,-0.098569,-0.01129,-0.028179,1.838917,1.680313,-0.098027,-0.000631,-0.016156,6.416667,0.013373,0.079368,0.11268
341,149.138123,1000.0,0.90825,0.888861,0.0,0.0,0.061294,70679.0,0.110352,0.303996,0.198899,0.338511,-0.028184,0.753629,5.387772,-0.01,-0.6,-0.012,-0.25,-0.36,-1.2,0.500007,-0.079542,-0.002439,0.0,-0.062445,-0.023125,-0.017415,-0.03265,0.844853,-0.041321,-0.094262,-0.010607,-0.025965,1.840562,1.730915,-0.093852,-0.000573,-0.019408,5.333333,0.013144,0.075572,0.098442
342,149.36557,1000.0,0.906491,0.867118,0.0,0.0,0.060984,69026.0,0.110053,0.305955,0.197816,0.34099,-0.027718,0.767844,5.405356,-0.01,-0.6,-0.012,-0.25,-0.36,-1.2,0.500007,-0.082207,-0.00178,0.0,-0.062306,-0.022625,-0.016916,-0.032187,0.847001,-0.039534,-0.086955,-0.010855,-0.026377,1.84231,1.734678,-0.092513,-0.000572,-0.013168,5.708333,0.013186,0.085993,0.114612
343,148.405411,1000.0,0.906261,0.878434,0.0,0.0,0.060701,68099.0,0.11102,0.303232,0.192365,0.340299,-0.027836,0.750758,5.404829,-0.01,-0.6,-0.012,-0.25,-0.36,-1.2,0.500007,-0.082045,-0.001901,0.0,-0.062918,-0.022806,-0.017375,-0.033,0.837101,-0.041845,-0.094858,-0.01129,-0.027072,1.844689,1.722419,-0.093667,-0.000622,-0.019498,6.375,0.012751,0.079156,0.112244
344,148.26413,1000.0,0.91078,0.88002,0.0,0.0,0.060604,68627.0,0.111393,0.303368,0.194678,0.334614,-0.027449,0.737487,5.41893,-0.01,-0.6,-0.012,-0.25,-0.36,-1.2,0.500007,-0.079256,-0.00168,0.0,-0.061726,-0.023084,-0.017551,-0.032708,0.83669,-0.041649,-0.095797,-0.010841,-0.025873,1.839724,1.728116,-0.093572,-0.000561,-0.012939,5.083333,0.012041,0.071809,0.109623
345,149.710007,1000.0,0.909195,0.880687,0.0,0.0,0.06041,52182.0,0.11501,0.318259,0.201949,0.354704,-0.029713,0.771938,5.390968,-0.01,-0.6,-0.012,-0.25,-0.36,-1.2,0.500007,-0.079646,-0.001832,0.0,-0.066633,-0.023499,-0.018601,-0.034399,0.846657,-0.04336,-0.101244,-0.011867,-0.027318,1.834676,1.685281,-0.098395,-0.000481,-0.010979,5.75,0.012749,0.074682,0.110134
346,150.610703,1000.0,0.910375,0.882572,0.0,0.0,0.060232,67212.0,0.109881,0.299657,0.204612,0.343128,-0.027436,0.777832,5.402396,-0.01,-0.6,-0.012,-0.25,-0.36,-1.2,0.500007,-0.079676,-0.001716,0.0,-0.062711,-0.022341,-0.016879,-0.032056,0.848282,-0.039196,-0.091069,-0.010565,-0.025129,1.848112,1.74364,-0.091635,-0.000458,-0.01822,6.291667,0.015641,0.071739,0.121335
347,150.623947,1000.0,0.906284,0.885288,0.0,0.0,0.059956,72572.0,0.113469,0.30398,0.213607,0.364945,-0.029711,0.799608,5.345714,-0.01,-0.6,-0.012,-0.25,-0.36,-1.2,0.500007,-0.078896,-0.002194,0.0,-0.06667,-0.022949,-0.018579,-0.034257,0.851026,-0.041217,-0.101379,-0.010921,-0.0277,1.839516,1.72362,-0.097362,-0.00049,-0.020357,5.913043,0.012807,0.073621,0.098005
348,148.821869,1000.0,0.907055,0.881445,0.0,0.0,0.05978,69741.0,0.11472,0.325761,0.207473,0.35931,-0.029232,0.787937,5.354541,-0.01,-0.6,-0.012,-0.25,-0.36,-1.2,0.500007,-0.08036,-0.002194,0.0,-0.066561,-0.022965,-0.018383,-0.03382,0.850674,-0.042793,-0.10225,-0.011291,-0.028192,1.834498,1.678285,-0.09676,-0.000516,-0.012836,6.291667,0.012956,0.078208,0.121429
349,149.267105,1000.0,0.916563,0.889197,0.0,0.0,0.059645,69948.0,0.111443,0.307639,0.197765,0.350247,-0.028657,0.769043,5.363936,-0.01,-0.6,-0.012,-0.25,-0.36,-1.2,0.500007,-0.082749,-0.001963,0.0,-0.064664,-0.022515,-0.018305,-0.033598,0.846058,-0.040945,-0.095764,-0.011498,-0.026308,1.840805,1.724851,-0.095702,-0.000549,-0.014883,6.333333,0.011896,0.079165,0.112967
350,150.998413,1000.0,0.903366,0.883699,0.0,0.0,0.059515,69647.0,0.107564,0.30422,0.196885,0.340064,-0.027641,0.764735,5.391182,-0.01,-0.6,-0.012,-0.25,-0.36,-1.2,0.500007,-0.081976,-0.001396,0.0,-0.062366,-0.022124,-0.017248,-0.033024,0.846035,-0.040059,-0.094358,-0.010591,-0.026284,1.854294,1.743563,-0.091062,-0.000553,-0.017917,5.333333,0.013054,0.071996,0.090489
351,148.737,1000.0,0.896293,0.880891,0.0,0.0,0.059338,49960.0,0.10891,0.304738,0.183274,0.335839,-0.027418,0.732833,5.358905,-0.01,-0.6,-0.012,-0.25,-0.36,-1.2,0.500007,-0.081939,-0.001641,0.0,-0.06362,-0.022169,-0.017623,-0.033776,0.824039,-0.039164,-0.097356,-0.01155,-0.027865,1.845032,1.744298,-0.093787,-0.000532,-0.008329,4.625,0.01375,0.084977,0.093357
352,149.583481,1000.0,0.900916,0.875721,0.0,0.0,0.059284,70677.0,0.112779,0.312607,0.202252,0.358214,-0.029175,0.791405,5.314566,-0.01,-0.6,-0.012,-0.25,-0.36,-1.2,0.500007,-0.082492,-0.001847,0.0,-0.06584,-0.022225,-0.017898,-0.033509,0.848625,-0.041067,-0.093587,-0.011861,-0.026925,1.840941,1.711867,-0.094485,-0.000383,-0.012264,5.0,0.01579,0.072004,0.119139
353,150.566483,1000.0,0.907241,0.883358,0.0,0.0,0.059081,70927.0,0.109877,0.301846,0.199137,0.349853,-0.028045,0.791327,5.330403,-0.01,-0.6,-0.012,-0.25,-0.36,-1.2,0.500007,-0.083907,-0.001894,0.0,-0.063297,-0.021762,-0.017249,-0.032473,0.851846,-0.039557,-0.085878,-0.01091,-0.026275,1.850027,1.759668,-0.092629,-0.000475,-0.012511,4.166667,0.01372,0.088775,0.104292
354,150.482483,1000.0,0.907809,0.876637,0.0,0.0,0.058847,72000.0,0.113413,0.292535,0.206641,0.358956,-0.029129,0.794106,5.314622,-0.01,-0.6,-0.012,-0.25,-0.36,-1.2,0.500007,-0.079352,-0.002523,0.0,-0.065368,-0.021937,-0.017711,-0.033419,0.849473,-0.039306,-0.097024,-0.010458,-0.027818,1.837935,1.764036,-0.093834,-0.000636,-0.024005,4.478261,0.013283,0.075453,0.109535
355,149.94136,1000.0,0.901196,0.87494,0.0,0.0,0.058621,72150.0,0.112817,0.312497,0.201835,0.362969,-0.02994,0.787248,5.352178,-0.01,-0.6,-0.012,-0.25,-0.36,-1.2,0.500007,-0.083324,-0.002137,0.0,-0.066509,-0.022068,-0.018105,-0.033853,0.843761,-0.041013,-0.091779,-0.011517,-0.028445,1.838398,1.726274,-0.096534,-0.000533,-0.020523,4.695652,0.012037,0.083821,0.116272
356,150.326263,1000.0,0.908694,0.866436,0.0,0.0,0.058419,69726.0,0.110022,0.302049,0.197682,0.349817,-0.02818,0.767524,5.351817,-0.01,-0.6,-0.012,-0.25,-0.36,-1.2,0.500007,-0.081691,-0.00184,0.0,-0.064301,-0.021748,-0.017582,-0.033476,0.839889,-0.039745,-0.093421,-0.011307,-0.026128,1.842945,1.750592,-0.093844,-0.000427,-0.011279,3.708333,0.014255,0.089234,0.122611
357,150.940826,1000.0,0.895241,0.883915,0.0,0.0,0.058275,54572.0,0.111955,0.298316,0.208183,0.374983,-0.029844,0.798894,5.346637,-0.01,-0.6,-0.012,-0.25,-0.36,-1.2,0.500007,-0.081341,-0.002305,0.0,-0.06555,-0.022278,-0.019323,-0.034461,0.845468,-0.042593,-0.099424,-0.011124,-0.026502,1.838611,1.735009,-0.099873,-0.00056,-0.011919,3.571429,0.014776,0.081564,0.112205
358,151.036545,1000.0,0.902858,0.871876,0.0,0.0,0.05813,68162.0,0.114158,0.293138,0.208697,0.366464,-0.030035,0.793377,5.331869,-0.01,-0.6,-0.012,-0.25,-0.36,-1.2,0.500007,-0.081247,-0.002197,0.0,-0.06569,-0.022007,-0.018853,-0.034032,0.847105,-0.039848,-0.093978,-0.010875,-0.026061,1.822274,1.767417,-0.097965,-0.000411,-0.019183,3.863636,0.012664,0.075718,0.104316
359,149.712341,1000.0,0.90735,0.880401,0.0,0.0,0.058052,64670.0,0.112313,0.293796,0.197456,0.337169,-0.027726,0.74645,5.318295,-0.01,-0.6,-0.012,-0.25,-0.36,-1.2,0.500007,-0.077362,-0.001995,0.0,-0.062839,-0.021517,-0.017655,-0.033412,0.844559,-0.039824,-0.096549,-0.010583,-0.02491,1.83561,1.77849,-0.092194,-0.000327,-0.018384,3.375,0.013362,0.085149,0.088733
360,149.971817,1000.0,0.903541,0.88177,0.0,0.0,0.057994,59433.0,0.113288,0.299016,0.199967,0.359778,-0.029565,0.787197,5.297347,-0.01,-0.6,-0.012,-0.25,-0.36,-1.2,0.500007,-0.080856,-0.002542,0.0,-0.067548,-0.021621,-0.018544,-0.034376,0.848442,-0.041033,-0.099127,-0.011452,-0.028618,1.839912,1.742571,-0.094682,-0.00048,-0.018105,3.478261,0.012848,0.069386,0.094608
361,150.469299,1000.0,0.907741,0.883517,0.0,0.0,0.057901,62119.0,0.10731,0.298176,0.183294,0.323255,-0.02582,0.732016,5.315282,-0.01,-0.6,-0.012,-0.25,-0.36,-1.2,0.500007,-0.083581,-0.002051,0.0,-0.058799,-0.020589,-0.015946,-0.031026,0.83467,-0.036973,-0.082271,-0.010269,-0.025881,1.856961,1.783164,-0.085586,-0.000399,-0.010831,3.173913,0.013313,0.067229,0.116789
362,150.004654,1000.0,0.881946,0.872894,0.0,0.0,0.057657,49119.0,0.110964,0.292046,0.201438,0.353936,-0.028644,0.757427,5.32099,-0.01,-0.6,-0.012,-0.25,-0.36,-1.2,0.500007,-0.081855,-0.002238,0.0,-0.065643,-0.021363,-0.018495,-0.035022,0.830604,-0.039999,-0.092919,-0.01122,-0.026996,1.839186,1.759112,-0.095152,-0.000504,-0.01769,2.434783,0.015724,0.069848,0.101698
363,150.551682,1000.0,0.90428,0.869038,0.0,0.0,0.057477,69456.0,0.112852,0.307737,0.200319,0.362448,-0.030372,0.807072,5.309296,-0.01,-0.6,-0.012,-0.25,-0.36,-1.2,0.500007,-0.084525,-0.001945,0.0,-0.069128,-0.021462,-0.018306,-0.033967,0.85157,-0.039463,-0.090396,-0.012231,-0.029755,1.83475,1.742508,-0.094993,-0.000599,-0.012806,3.727273,0.013824,0.07171,0.111981
364,151.913605,1000.0,0.907976,0.88119,0.0,0.0,0.057347,66507.0,0.103552,0.276412,0.191679,0.319099,-0.025194,0.72648,5.322786,-0.01,-0.6,-0.012,-0.25,-0.36,-1.2,0.500007,-0.07817,-0.002014,0.0,-0.057746,-0.020074,-0.015757,-0.030439,0.843377,-0.034877,-0.089339,-0.009131,-0.023028,1.862919,1.852918,-0.08328,-0.000421,-0.015951,2.916667,0.013458,0.074572,0.108973
365,150.571213,1000.0,0.907938,0.871603,0.0,0.0,0.057205,66678.0,0.111326,0.287642,0.198591,0.345269,-0.026914,0.78067,5.335155,-0.01,-0.6,-0.012,-0.25,-0.36,-1.2,0.500007,-0.081993,-0.001795,0.0,-0.063833,-0.020737,-0.016959,-0.032147,0.845597,-0.037827,-0.091403,-0.010708,-0.025781,1.834294,1.793616,-0.089338,-0.000585,-0.02221,3.869565,0.013265,0.073679,0.096627
366,152.002213,1000.0,0.896424,0.878796,0.0,0.0,0.057036,61609.0,0.1073,0.282201,0.202163,0.346384,-0.027943,0.751691,5.36256,-0.01,-0.6,-0.012,-0.25,-0.36,-1.2,0.500007,-0.080587,-0.002424,0.0,-0.062675,-0.020784,-0.017352,-0.032567,0.836812,-0.036735,-0.091754,-0.011117,-0.026479,1.840446,1.82036,-0.089888,-0.00046,-0.013331,3.909091,0.013063,0.072856,0.112125
367,150.152161,1000.0,0.897964,0.86833,0.0,0.0,0.056955,48734.0,0.112905,0.300853,0.198009,0.365794,-0.029492,0.773389,5.325369,-0.01,-0.6,-0.012,-0.25,-0.36,-1.2,0.500007,-0.083297,-0.001974,0.0,-0.064817,-0.021015,-0.018691,-0.033558,0.83379,-0.039006,-0.089662,-0.012384,-0.027174,1.826344,1.761337,-0.095505,-0.000435,-0.017235,3.043478,0.01314,0.079319,0.113381
368,150.843124,1000.0,0.906475,0.868074,0.0,0.0,0.056863,58334.0,0.111829,0.294865,0.200337,0.342416,-0.0283,0.760497,5.334442,-0.01,-0.6,-0.012,-0.25,-0.36,-1.2,0.500007,-0.079356,-0.002167,0.0,-0.064324,-0.020685,-0.017439,-0.032577,0.845508,-0.03744,-0.090531,-0.010838,-0.027664,1.83688,1.796552,-0.089763,-0.000453,-0.014155,4.173913,0.011977,0.080072,0.112178
369,150.299866,1000.0,0.907388,0.873169,0.0,0.0,0.056669,67198.0,0.107426,0.304142,0.188312,0.332801,-0.026998,0.72605,5.337636,-0.01,-0.6,-0.012,-0.25,-0.36,-1.2,0.500007,-0.079681,-0.002135,0.0,-0.061693,-0.020456,-0.016868,-0.032235,0.834973,-0.037862,-0.093434,-0.010341,-0.025007,1.843977,1.785809,-0.089112,-0.000407,-0.008526,3.818182,0.013659,0.079518,0.106151
370,149.941315,1000.0,0.889269,0.869031,0.0,0.0,0.056368,66172.0,0.109891,0.301076,0.191696,0.333767,-0.026102,0.742709,5.302995,-0.01,-0.6,-0.012,-0.25,-0.36,-1.2,0.500007,-0.080337,-0.002073,0.0,-0.061984,-0.020151,-0.016865,-0.03186,0.832037,-0.037318,-0.092921,-0.010336,-0.025605,1.847009,1.785056,-0.086509,-0.000745,-0.0189,3.708333,0.013719,0.077697,0.121223
371,150.791458,998.359985,0.905863,0.871946,0.045455,0.0,0.056312,71621.0,0.110575,0.285685,0.196551,0.349314,-0.029379,0.779725,5.297238,-0.01,-0.6,-0.012,-0.25,-0.36,-1.2,0.498757,-0.083658,-0.001786,-0.000606,-0.061574,-0.020419,-0.017353,-0.032549,0.843316,-0.036227,-0.081702,-0.010652,-0.026334,1.828601,1.820139,-0.091198,-0.000617,-0.029542,4.227273,0.012295,0.072178,0.107167
372,151.076218,1000.0,0.902499,0.876574,0.0,0.0,0.056155,67156.0,0.112046,0.284615,0.205555,0.344537,-0.027516,0.766487,5.355124,-0.01,-0.6,-0.012,-0.25,-0.36,-1.2,0.500007,-0.07998,-0.001613,0.0,-0.061445,-0.019978,-0.01731,-0.032362,0.848031,-0.037636,-0.085656,-0.01006,-0.023741,1.830171,1.820523,-0.088683,-0.000332,-0.021316,3.166667,0.014763,0.080523,0.113976
373,151.173203,1000.0,0.89119,0.865543,0.0,0.0,0.055932,51269.0,0.114609,0.308178,0.196269,0.355113,-0.028548,0.771308,5.328819,-0.01,-0.6,-0.012,-0.25,-0.36,-1.2,0.500007,-0.080415,-0.002556,0.0,-0.064253,-0.020774,-0.018395,-0.033645,0.845386,-0.039485,-0.098779,-0.011516,-0.027092,1.834453,1.751541,-0.091467,-0.000357,-0.015936,3.0,0.013387,0.072109,0.114523
374,150.319611,1000.0,0.899756,0.884258,0.0,0.0,0.055836,64246.0,0.11276,0.300217,0.202891,0.365603,-0.030266,0.773508,5.319514,-0.01,-0.6,-0.012,-0.25,-0.36,-1.2,0.500007,-0.082291,-0.002802,0.0,-0.06742,-0.021237,-0.019866,-0.034358,0.846505,-0.038703,-0.100734,-0.012386,-0.029192,1.829167,1.775931,-0.097734,-0.000303,-0.014452,3.217391,0.012896,0.077753,0.10239
375,152.325928,1000.0,0.918251,0.870747,0.0,0.0,0.055596,70212.0,0.110974,0.287726,0.201557,0.352781,-0.028201,0.800731,5.258144,-0.01,-0.6,-0.012,-0.25,-0.36,-1.2,0.500007,-0.08261,-0.001985,0.0,-0.065106,-0.020001,-0.017079,-0.032828,0.852221,-0.037359,-0.088014,-0.010824,-0.027329,1.840334,1.802111,-0.089834,-0.000551,-0.01859,23.608696,0.011128,0.084006,0.111704
376,151.520706,1000.0,0.900212,0.877853,0.0,0.0,0.05556,66150.0,0.110558,0.293565,0.200573,0.350209,-0.028334,0.778746,5.330948,-0.01,-0.6,-0.012,-0.25,-0.36,-1.2,0.500007,-0.080864,-0.002048,0.0,-0.062026,-0.019968,-0.017262,-0.032748,0.841764,-0.036361,-0.088262,-0.010685,-0.024995,1.841117,1.815235,-0.090357,-0.000433,-0.018936,6.208333,0.012924,0.072779,0.108821
377,151.686859,1000.0,0.912777,0.879302,0.0,0.0,0.05546,67358.0,0.110437,0.28716,0.201811,0.349934,-0.028475,0.786827,5.288464,-0.01,-0.6,-0.012,-0.25,-0.36,-1.2,0.500007,-0.081404,-0.002185,0.0,-0.063631,-0.019865,-0.017329,-0.032415,0.852297,-0.03645,-0.087865,-0.010835,-0.025653,1.838234,1.816174,-0.08954,-0.000533,-0.016614,6.869565,0.01139,0.074676,0.104664
378,152.04425,1000.0,0.901679,0.874313,0.0,0.0,0.05529,52413.0,0.10769,0.270673,0.201631,0.341429,-0.027522,0.775779,5.312036,-0.01,-0.6,-0.012,-0.25,-0.36,-1.2,0.500007,-0.080837,-0.001874,0.0,-0.060667,-0.019477,-0.016344,-0.031455,0.844746,-0.035423,-0.083879,-0.010017,-0.024733,1.845815,1.865513,-0.085646,-0.00056,-0.018572,5.625,0.012772,0.083067,0.096965
379,151.418472,1000.0,0.90132,0.871532,0.0,0.0,0.05521,66480.0,0.107594,0.27869,0.195219,0.346725,-0.027819,0.763768,5.297851,-0.01,-0.6,-0.012,-0.25,-0.36,-1.2,0.500007,-0.083143,-0.002076,0.0,-0.061839,-0.019693,-0.017484,-0.032687,0.835933,-0.035855,-0.085403,-0.010819,-0.02545,1.843117,1.839457,-0.089398,-0.00049,-0.020057,7.041667,0.012056,0.076778,0.099387
380,152.953461,1000.0,0.911456,0.879792,0.0,0.0,0.055082,67442.0,0.108447,0.277129,0.204427,0.353611,-0.028656,0.778522,5.304429,-0.01,-0.6,-0.012,-0.25,-0.36,-1.2,0.500007,-0.078803,-0.002291,0.0,-0.06326,-0.019989,-0.017774,-0.032853,0.843568,-0.036241,-0.093846,-0.010307,-0.025573,1.849835,1.844986,-0.090323,-0.000483,-0.020251,6.791667,0.012567,0.075764,0.096445
381,151.640579,1000.0,0.903261,0.882706,0.0,0.0,0.054867,67045.0,0.107237,0.282521,0.194694,0.333244,-0.026543,0.731944,5.284225,-0.01,-0.6,-0.012,-0.25,-0.36,-1.2,0.500007,-0.079923,-0.002192,0.0,-0.060202,-0.019349,-0.016777,-0.030981,0.834176,-0.035204,-0.091289,-0.009969,-0.02479,1.850429,1.855222,-0.085293,-0.000669,-0.014998,5.25,0.014689,0.079905,0.099365
382,152.231247,1000.0,0.902166,0.881128,0.0,0.0,0.054673,66608.0,0.11006,0.280575,0.200726,0.348303,-0.027585,0.764456,5.267259,-0.01,-0.6,-0.012,-0.25,-0.36,-1.2,0.500007,-0.07886,-0.002497,0.0,-0.062605,-0.019443,-0.017098,-0.032281,0.84395,-0.035595,-0.093018,-0.010405,-0.024804,1.835155,1.845838,-0.087453,-0.000372,-0.015889,6.208333,0.013894,0.077665,0.114828
383,151.545776,1000.0,0.90072,0.871808,0.0,0.0,0.054486,68988.0,0.108693,0.286734,0.190565,0.335908,-0.027341,0.738249,5.27944,-0.01,-0.6,-0.012,-0.25,-0.36,-1.2,0.500007,-0.0811,-0.001885,0.0,-0.062725,-0.019313,-0.01716,-0.032367,0.837846,-0.036097,-0.08916,-0.010863,-0.026641,1.849493,1.824415,-0.087106,-0.000596,-0.012351,5.125,0.015547,0.074183,0.104682
384,151.105408,1000.0,0.896439,0.888567,0.0,0.0,0.054302,51830.0,0.108365,0.287169,0.1917,0.334531,-0.026913,0.754365,5.27359,-0.01,-0.6,-0.012,-0.25,-0.36,-1.2,0.500007,-0.081846,-0.002144,0.0,-0.060793,-0.019133,-0.016358,-0.031918,0.840741,-0.0344,-0.086225,-0.010342,-0.025033,1.839285,1.846028,-0.085551,-0.000494,-0.015564,6.25,0.01328,0.071307,0.113921
385,152.254135,1000.0,0.903541,0.878239,0.0,0.0,0.054141,68283.0,0.105441,0.280164,0.189159,0.336028,-0.026959,0.755605,5.254484,-0.01,-0.6,-0.012,-0.25,-0.36,-1.2,0.500007,-0.081376,-0.00178,0.0,-0.059746,-0.019226,-0.016696,-0.031752,0.833034,-0.034745,-0.083412,-0.009835,-0.025022,1.852666,1.855471,-0.086284,-0.00052,-0.013406,5.75,0.012814,0.082649,0.117929
386,152.903183,1000.0,0.896833,0.878932,0.0,0.0,0.054016,65588.0,0.110353,0.271586,0.209909,0.357105,-0.02803,0.791096,5.282876,-0.01,-0.6,-0.012,-0.25,-0.36,-1.2,0.500007,-0.080287,-0.002325,0.0,-0.064449,-0.019538,-0.017791,-0.032799,0.848009,-0.035519,-0.09608,-0.010292,-0.025423,1.836717,1.858638,-0.090281,-0.000596,-0.023667,5.75,0.013367,0.069271,0.097122
387,152.142487,1000.0,0.906543,0.87792,0.0,0.0,0.053824,67310.0,0.10686,0.275206,0.187687,0.334902,-0.026602,0.730586,5.276607,-0.01,-0.6,-0.012,-0.25,-0.36,-1.2,0.500007,-0.081931,-0.00194,0.0,-0.059468,-0.018937,-0.016591,-0.031349,0.833482,-0.033535,-0.083864,-0.009703,-0.024496,1.84399,1.874022,-0.086271,-0.00043,-0.018263,5.833333,0.013339,0.076564,0.109886
388,153.377777,1000.0,0.912084,0.881954,0.0,0.0,0.053721,67764.0,0.106474,0.267046,0.199018,0.331352,-0.026085,0.748221,5.295179,-0.01,-0.6,-0.012,-0.25,-0.36,-1.2,0.500007,-0.078594,-0.001756,0.0,-0.058252,-0.018534,-0.015753,-0.030355,0.842398,-0.033407,-0.08375,-0.00965,-0.023062,1.845306,1.896757,-0.081535,-0.00046,-0.02095,6.086957,0.011745,0.069545,0.101743
389,152.449036,1000.0,0.894751,0.87619,0.0,0.0,0.053661,48954.0,0.109988,0.287863,0.201687,0.349677,-0.027433,0.769573,5.273767,-0.01,-0.6,-0.012,-0.25,-0.36,-1.2,0.500007,-0.080289,-0.002309,0.0,-0.062794,-0.019198,-0.017352,-0.032107,0.844373,-0.035243,-0.09072,-0.010187,-0.025331,1.837397,1.835744,-0.087422,-0.000543,-0.014025,6.291667,0.013099,0.07017,0.107465
390,152.770126,1000.0,0.906804,0.871832,0.0,0.0,0.053594,62855.0,0.106911,0.287002,0.20072,0.350396,-0.027668,0.779891,5.295749,-0.01,-0.6,-0.012,-0.25,-0.36,-1.2,0.500007,-0.082576,-0.00262,0.0,-0.063124,-0.018829,-0.016924,-0.031446,0.844769,-0.03431,-0.087121,-0.010397,-0.026282,1.849827,1.845819,-0.086141,-0.000542,-0.014618,6.0,0.012391,0.083455,0.11403
391,152.144501,1000.0,0.9087,0.879466,0.0,0.0,0.053436,68067.0,0.107044,0.285464,0.190379,0.346687,-0.027632,0.758367,5.275195,-0.01,-0.6,-0.012,-0.25,-0.36,-1.2,0.500007,-0.084776,-0.002124,0.0,-0.061442,-0.018864,-0.017038,-0.032124,0.828444,-0.033144,-0.081792,-0.01047,-0.025014,1.849998,1.866083,-0.088453,-0.000372,-0.017386,5.708333,0.013136,0.07685,0.113975
392,153.011597,1000.0,0.906199,0.873028,0.0,0.0,0.053249,66471.0,0.110236,0.277942,0.201792,0.347684,-0.027698,0.771096,5.275126,-0.01,-0.6,-0.012,-0.25,-0.36,-1.2,0.500007,-0.081076,-0.002037,0.0,-0.062249,-0.018949,-0.016993,-0.031934,0.847243,-0.034555,-0.085531,-0.010388,-0.025135,1.836755,1.868539,-0.08782,-0.000441,-0.018749,5.375,0.014826,0.084251,0.111714
393,151.654114,1000.0,0.886766,0.87461,0.0,0.0,0.053085,67914.0,0.106329,0.285704,0.192638,0.343407,-0.027573,0.746126,5.296856,-0.01,-0.6,-0.012,-0.25,-0.36,-1.2,0.500007,-0.081626,-0.002104,0.0,-0.060075,-0.019069,-0.016982,-0.031669,0.826264,-0.03434,-0.082169,-0.010099,-0.024569,1.849208,1.848942,-0.088405,-0.000407,-0.013492,4.416667,0.012499,0.084769,0.100526
394,154.112762,1000.0,0.90817,0.881478,0.0,0.0,0.053012,67952.0,0.103891,0.267768,0.190684,0.329191,-0.025583,0.731185,5.28733,-0.01,-0.6,-0.012,-0.25,-0.36,-1.2,0.500007,-0.079923,-0.001671,0.0,-0.057203,-0.018183,-0.015775,-0.030076,0.832766,-0.032366,-0.081762,-0.009146,-0.023208,1.856563,1.913474,-0.081699,-0.000455,-0.015735,5.166667,0.014985,0.079556,0.12715
395,153.000961,1000.0,0.898113,0.872595,0.0,0.0,0.052886,48022.0,0.110484,0.278056,0.20141,0.343444,-0.02739,0.755024,5.314088,-0.01,-0.6,-0.012,-0.25,-0.36,-1.2,0.500007,-0.080991,-0.00199,0.0,-0.059737,-0.018651,-0.016806,-0.031643,0.839934,-0.033992,-0.087406,-0.009993,-0.024708,1.834972,1.868058,-0.085517,-0.000447,-0.016579,4.5,0.014006,0.095693,0.122725
396,152.49556,1000.0,0.88968,0.873888,0.0,0.0,0.052824,68454.0,0.111909,0.292077,0.199059,0.346113,-0.027527,0.77383,5.286294,-0.01,-0.6,-0.012,-0.25,-0.36,-1.2,0.500007,-0.080179,-0.002714,0.0,-0.062126,-0.018678,-0.016672,-0.031574,0.847948,-0.034739,-0.089257,-0.010582,-0.025366,1.829315,1.852215,-0.085851,-0.000612,-0.014809,3.869565,0.013144,0.068593,0.087705
397,153.475479,1000.0,0.900354,0.872456,0.0,0.0,0.0526,69666.0,0.112452,0.28272,0.211834,0.365592,-0.029072,0.80437,5.333673,-0.01,-0.6,-0.012,-0.25,-0.36,-1.2,0.500007,-0.079414,-0.001877,0.0,-0.064995,-0.019019,-0.017514,-0.03302,0.852323,-0.035116,-0.092234,-0.010315,-0.026592,1.83568,1.848596,-0.089324,-0.000446,-0.020033,4.434783,0.012412,0.074928,0.102098
398,152.226395,1000.0,0.900891,0.86849,0.0,0.0,0.052468,71955.0,0.107182,0.274998,0.192509,0.346456,-0.026736,0.747542,5.327345,-0.01,-0.6,-0.012,-0.25,-0.36,-1.2,0.500007,-0.081277,-0.001853,0.0,-0.060008,-0.018542,-0.016852,-0.032156,0.822927,-0.034173,-0.088282,-0.010002,-0.023594,1.840693,1.881701,-0.086823,-0.000468,-0.025143,3.818182,0.01357,0.081531,0.105312
399,153.301971,1000.0,0.901158,0.876154,0.0,0.0,0.052352,68875.0,0.108414,0.265614,0.208646,0.361196,-0.02864,0.77065,5.317705,-0.01,-0.6,-0.012,-0.25,-0.36,-1.2,0.500007,-0.079904,-0.001497,0.0,-0.061751,-0.018899,-0.018405,-0.03253,0.835051,-0.03373,-0.090226,-0.010254,-0.024561,1.843003,1.900682,-0.089914,-0.000388,-0.016298,4.130435,0.012311,0.083598,0.093724
400,153.153168,1000.0,0.908563,0.858322,0.0,0.0,0.052268,50896.0,0.112875,0.280251,0.206252,0.361899,-0.028871,0.771216,5.291995,-0.01,-0.6,-0.012,-0.25,-0.36,-1.2,0.500007,-0.08063,-0.002797,0.0,-0.06369,-0.01911,-0.017808,-0.032752,0.841247,-0.034501,-0.088244,-0.010293,-0.025559,1.835354,1.868526,-0.09127,-0.000561,-0.017447,3.090909,0.011952,0.073,0.091263
401,151.844894,1000.0,0.885516,0.878375,0.0,0.0,0.052182,59959.0,0.110348,0.281707,0.190975,0.357406,-0.029622,0.761415,5.32282,-0.01,-0.6,-0.012,-0.25,-0.36,-1.2,0.500007,-0.08368,-0.002655,0.0,-0.062957,-0.018922,-0.017562,-0.032722,0.834532,-0.035198,-0.082805,-0.010657,-0.028815,1.834296,1.8602,-0.092178,-0.000533,-0.020469,3.375,0.013727,0.064992,0.107837
402,151.487549,1000.0,0.889806,0.871626,0.0,0.0,0.052041,60840.0,0.107465,0.265521,0.192355,0.347602,-0.027222,0.757535,5.319649,-0.01,-0.6,-0.012,-0.25,-0.36,-1.2,0.500007,-0.080776,-0.001709,0.0,-0.06066,-0.018422,-0.01702,-0.031788,0.830424,-0.034631,-0.088073,-0.01068,-0.025063,1.848078,1.886057,-0.086314,-0.000508,-0.023064,3.565217,0.013998,0.073139,0.109761
403,152.016449,1000.0,0.890777,0.859741,0.0,0.0,0.051961,69573.0,0.111379,0.277419,0.203119,0.356555,-0.028265,0.778525,5.32139,-0.01,-0.6,-0.012,-0.25,-0.36,-1.2,0.500007,-0.0808,-0.00206,0.0,-0.064129,-0.018649,-0.017604,-0.032943,0.840221,-0.034837,-0.092225,-0.010686,-0.026923,1.838702,1.856093,-0.087869,-0.000533,-0.01546,2.818182,0.013676,0.074334,0.101844
404,154.637695,1000.0,0.897132,0.871848,0.0,0.0,0.051868,65299.0,0.106114,0.251622,0.207849,0.338255,-0.025477,0.773724,5.264338,-0.01,-0.6,-0.012,-0.25,-0.36,-1.2,0.500007,-0.077812,-0.001913,0.0,-0.05878,-0.017541,-0.016209,-0.029759,0.848423,-0.03194,-0.088769,-0.009152,-0.022921,1.849867,1.949764,-0.079102,-0.000557,-0.018097,2.958333,0.011348,0.061279,0.108203
405,153.927643,1000.0,0.907489,0.873072,0.0,0.0,0.051879,69350.0,0.110138,0.274698,0.203658,0.352389,-0.027293,0.739254,5.295969,-0.01,-0.6,-0.012,-0.25,-0.36,-1.2,0.500007,-0.079896,-0.001926,0.0,-0.060328,-0.018348,-0.017712,-0.031135,0.842936,-0.033634,-0.094677,-0.009876,-0.023299,1.839855,1.892676,-0.086907,-0.000495,-0.014062,3.590909,0.012392,0.067318,0.098671
406,153.333832,1000.0,0.898506,0.861975,0.0,0.0,0.051894,46710.0,0.106099,0.273605,0.194891,0.342437,-0.026989,0.767019,5.294999,-0.01,-0.6,-0.012,-0.25,-0.36,-1.2,0.500007,-0.083247,-0.002194,0.0,-0.06111,-0.01802,-0.017091,-0.031697,0.836581,-0.03367,-0.081401,-0.010681,-0.024728,1.845176,1.895755,-0.084341,-0.000438,-0.015358,3.166667,0.014453,0.083237,0.114893
407,152.355743,1000.0,0.896594,0.865524,0.0,0.0,0.051831,64747.0,0.106999,0.26713,0.19079,0.330037,-0.025324,0.740781,5.309174,-0.01,-0.6,-0.012,-0.25,-0.36,-1.2,0.500007,-0.080431,-0.001833,0.0,-0.056909,-0.017415,-0.0154,-0.029198,0.832678,-0.032111,-0.081883,-0.009507,-0.024066,1.84786,1.9144,-0.078982,-0.000528,-0.020584,3.318182,0.012128,0.079864,0.134219
408,152.356766,1000.0,0.89684,0.864077,0.0,0.0,0.051602,64088.0,0.113862,0.294379,0.209521,0.37084,-0.029047,0.790188,5.294947,-0.01,-0.6,-0.012,-0.25,-0.36,-1.2,0.500007,-0.081045,-0.002234,0.0,-0.066,-0.018874,-0.018195,-0.033305,0.842323,-0.03622,-0.092847,-0.010526,-0.025757,1.828001,1.833072,-0.09204,-0.000372,-0.013043,4.409091,0.013739,0.08213,0.120738
409,153.593002,1000.0,0.903805,0.86323,0.0,0.0,0.051519,58121.0,0.110944,0.269056,0.205234,0.355176,-0.027176,0.774468,5.30053,-0.01,-0.6,-0.012,-0.25,-0.36,-1.2,0.500007,-0.080462,-0.002045,0.0,-0.061145,-0.018023,-0.017127,-0.030985,0.840763,-0.032373,-0.088312,-0.010332,-0.025867,1.834779,1.895554,-0.08483,-0.000421,-0.010978,3.0,0.010134,0.078385,0.109948
410,154.591354,1000.0,0.910286,0.876115,0.0,0.0,0.051539,57351.0,0.1109,0.283606,0.211907,0.356297,-0.027971,0.79925,5.271242,-0.01,-0.6,-0.012,-0.25,-0.36,-1.2,0.500007,-0.07803,-0.001418,0.0,-0.064757,-0.017993,-0.017435,-0.032769,0.862966,-0.032767,-0.092995,-0.009896,-0.024857,1.838213,1.872808,-0.084925,-0.000373,-0.014543,4.090909,0.012001,0.085265,0.114612
411,154.319748,1000.0,0.893969,0.861363,0.0,0.0,0.051311,47283.0,0.108646,0.262624,0.199665,0.353777,-0.027867,0.767638,5.279075,-0.01,-0.6,-0.012,-0.25,-0.36,-1.2,0.500007,-0.084523,-0.001896,0.0,-0.05982,-0.01756,-0.016404,-0.031427,0.841716,-0.031887,-0.076333,-0.010168,-0.024376,1.832528,1.929129,-0.085906,-0.000731,-0.02256,3.916667,0.014074,0.087482,0.116905
412,153.954819,1000.0,0.890188,0.876195,0.0,0.0,0.05133,67917.0,0.11016,0.263212,0.200373,0.358203,-0.02751,0.774185,5.260818,-0.01,-0.6,-0.012,-0.25,-0.36,-1.2,0.500007,-0.080619,-0.002778,0.0,-0.062057,-0.018283,-0.017644,-0.032806,0.837491,-0.034293,-0.090416,-0.010877,-0.025497,1.834244,1.912813,-0.088201,-0.000578,-0.019662,3.869565,0.013635,0.070382,0.11285
413,154.393555,1000.0,0.900979,0.868681,0.0,0.0,0.051194,66056.0,0.112743,0.27363,0.216891,0.376627,-0.029688,0.824988,5.263206,-0.01,-0.6,-0.012,-0.25,-0.36,-1.2,0.500007,-0.080906,-0.002042,0.0,-0.066036,-0.018639,-0.018682,-0.033317,0.857034,-0.03536,-0.090906,-0.010943,-0.027246,1.834195,1.870258,-0.090758,-0.000563,-0.01617,3.826087,0.011979,0.072645,0.108885
414,154.105469,1000.0,0.899629,0.871732,0.0,0.0,0.051111,65841.0,0.100701,0.266627,0.187307,0.31271,-0.023742,0.711628,5.241321,-0.01,-0.6,-0.012,-0.25,-0.36,-1.2,0.500007,-0.080123,-0.001027,0.0,-0.052397,-0.016957,-0.014555,-0.028224,0.821991,-0.030559,-0.072391,-0.008338,-0.021058,1.865144,1.936058,-0.075072,-0.000368,-0.014943,3.181818,0.012023,0.072513,0.125675
415,153.427475,1000.0,0.894467,0.869944,0.0,0.0,0.05109,58184.0,0.111016,0.275815,0.20048,0.345875,-0.027464,0.750845,5.252245,-0.01,-0.6,-0.012,-0.25,-0.36,-1.2,0.500007,-0.078936,-0.002404,0.0,-0.059281,-0.017799,-0.017212,-0.031002,0.844425,-0.034313,-0.089547,-0.009654,-0.024599,1.837288,1.887492,-0.084637,-0.000566,-0.012901,3.125,0.013135,0.069882,0.109509
416,154.601868,1000.0,0.893585,0.863728,0.0,0.0,0.050922,46570.0,0.106366,0.270203,0.188836,0.332558,-0.025416,0.718989,5.24435,-0.01,-0.6,-0.012,-0.25,-0.36,-1.2,0.500007,-0.081051,-0.002369,0.0,-0.05813,-0.017402,-0.016615,-0.030278,0.828009,-0.032656,-0.085902,-0.009966,-0.02223,1.844586,1.916366,-0.082796,-0.000636,-0.021344,23.478262,0.013879,0.077907,0.109966
417,154.874069,1000.0,0.911285,0.872314,0.0,0.0,0.050851,63037.0,0.10389,0.250529,0.193885,0.330351,-0.025532,0.753956,5.260549,-0.01,-0.6,-0.012,-0.25,-0.36,-1.2,0.500007,-0.080865,-0.001538,0.0,-0.056293,-0.016907,-0.015282,-0.028942,0.853379,-0.029651,-0.075643,-0.008718,-0.023943,1.852034,1.965018,-0.078057,-0.000631,-0.021452,4.043478,0.012111,0.068969,0.104794
418,153.185425,1000.0,0.90007,0.874392,0.0,0.0,0.050788,65794.0,0.107349,0.272115,0.198167,0.345351,-0.026931,0.763146,5.239603,-0.01,-0.6,-0.012,-0.25,-0.36,-1.2,0.500007,-0.081299,-0.001746,0.0,-0.060399,-0.017399,-0.016585,-0.030872,0.839857,-0.032586,-0.085909,-0.009512,-0.024001,1.846775,1.905486,-0.083617,-0.000498,-0.013542,6.625,0.013146,0.077376,0.100394
419,154.526566,1000.0,0.9031,0.883556,0.0,0.0,0.050675,64294.0,0.109074,0.271921,0.204818,0.35542,-0.027971,0.7736,5.272967,-0.01,-0.6,-0.012,-0.25,-0.36,-1.2,0.500007,-0.081314,-0.001839,0.0,-0.061506,-0.017598,-0.017204,-0.031764,0.841311,-0.032965,-0.085864,-0.010236,-0.025082,1.839655,1.913233,-0.08632,-0.000416,-0.014592,6.391304,0.01463,0.075941,0.114745
420,155.305832,1000.0,0.906838,0.883164,0.0,0.0,0.050533,66770.0,0.104196,0.256595,0.191681,0.332917,-0.02637,0.733511,5.272731,-0.01,-0.6,-0.012,-0.25,-0.36,-1.2,0.500007,-0.079579,-0.001238,0.0,-0.057585,-0.017171,-0.01623,-0.029907,0.840761,-0.030152,-0.081098,-0.009267,-0.023103,1.852423,1.955977,-0.081503,-0.000468,-0.013773,5.958333,0.012914,0.082624,0.106182
421,154.75354,1000.0,0.894729,0.878354,0.0,0.0,0.050447,47854.0,0.105243,0.263553,0.199864,0.33558,-0.025696,0.745913,5.24339,-0.01,-0.6,-0.012,-0.25,-0.36,-1.2,0.500007,-0.080389,-0.001631,0.0,-0.057313,-0.017033,-0.015844,-0.029732,0.841414,-0.030466,-0.080898,-0.009096,-0.02389,1.85478,1.944702,-0.079224,-0.000503,-0.020627,6.958333,0.013045,0.075323,0.116801
422,153.053543,1000.0,0.902261,0.876034,0.0,0.0,0.050309,60879.0,0.104492,0.26331,0.193469,0.337462,-0.026184,0.743421,5.265989,-0.01,-0.6,-0.012,-0.25,-0.36,-1.2,0.500007,-0.079742,-0.001828,0.0,-0.058781,-0.017122,-0.016393,-0.030712,0.835375,-0.031177,-0.083951,-0.009348,-0.023042,1.854636,1.936855,-0.081588,-0.0004,-0.014419,6.333333,0.013332,0.079606,0.120844
423,154.295334,1000.0,0.895971,0.881359,0.0,0.0,0.050177,62096.0,0.106002,0.270759,0.185619,0.334138,-0.026539,0.719646,5.230791,-0.01,-0.6,-0.012,-0.25,-0.36,-1.2,0.500007,-0.080164,-0.00195,0.0,-0.05783,-0.017269,-0.016662,-0.030276,0.828902,-0.031769,-0.087015,-0.010113,-0.024296,1.849894,1.9237,-0.08222,-0.000566,-0.020623,5.583333,0.012714,0.076693,0.121379
424,154.363388,1000.0,0.907201,0.86962,0.0,0.0,0.05008,63844.0,0.109339,0.261707,0.201207,0.346231,-0.027215,0.762556,5.248063,-0.01,-0.6,-0.012,-0.25,-0.36,-1.2,0.500007,-0.079949,-0.001589,0.0,-0.059253,-0.017091,-0.016641,-0.030823,0.844251,-0.031971,-0.086558,-0.010126,-0.023749,1.84264,1.939712,-0.082272,-0.000643,-0.019935,5.5,0.011869,0.072949,0.109392
425,154.140717,1000.0,0.899886,0.871912,0.0,0.0,0.049826,65715.0,0.105,0.260334,0.201411,0.339294,-0.026042,0.740075,5.268108,-0.01,-0.6,-0.012,-0.25,-0.36,-1.2,0.500007,-0.076447,-0.001498,0.0,-0.05867,-0.017128,-0.016297,-0.030154,0.842729,-0.03171,-0.086016,-0.008975,-0.022845,1.850575,1.951118,-0.081709,-0.000492,-0.019081,5.583333,0.012851,0.072217,0.111043
426,153.825012,1000.0,0.894728,0.868536,0.0,0.0,0.049758,43473.0,0.108519,0.266227,0.198868,0.347008,-0.027381,0.756746,5.28528,-0.01,-0.6,-0.012,-0.25,-0.36,-1.2,0.500007,-0.080183,-0.001614,0.0,-0.059622,-0.017278,-0.016683,-0.031364,0.840967,-0.032075,-0.082573,-0.00962,-0.024214,1.838786,1.93277,-0.08425,-0.000476,-0.014868,6.833333,0.014076,0.078312,0.123678
427,155.330811,1000.0,0.898783,0.869211,0.0,0.0,0.049797,58052.0,0.107579,0.268239,0.201533,0.350321,-0.027318,0.755288,5.30138,-0.01,-0.6,-0.012,-0.25,-0.36,-1.2,0.500007,-0.080892,-0.001682,0.0,-0.058199,-0.017177,-0.016525,-0.030802,0.835413,-0.030715,-0.080536,-0.009866,-0.022981,1.840904,1.937629,-0.085294,-0.000467,-0.017844,5.25,0.014109,0.075514,0.114039
428,154.645187,1000.0,0.898332,0.873036,0.0,0.0,0.049661,59126.0,0.106537,0.265119,0.198801,0.347227,-0.026725,0.754598,5.262122,-0.01,-0.6,-0.012,-0.25,-0.36,-1.2,0.500007,-0.08136,-0.001855,0.0,-0.059724,-0.017011,-0.016646,-0.0312,0.839334,-0.030869,-0.080516,-0.009564,-0.024486,1.849004,1.938586,-0.082655,-0.000627,-0.017478,6.0,0.011683,0.072877,0.105112
429,155.52977,1000.0,0.900069,0.86111,0.0,0.0,0.049468,58903.0,0.106887,0.255119,0.206601,0.353501,-0.027957,0.787882,5.298035,-0.01,-0.6,-0.012,-0.25,-0.36,-1.2,0.500007,-0.07913,-0.001168,0.0,-0.061126,-0.016971,-0.016259,-0.031097,0.850361,-0.030812,-0.086857,-0.009149,-0.024812,1.85201,1.951919,-0.083406,-0.000415,-0.016371,5.625,0.013674,0.076938,0.115524
430,154.386887,1000.0,0.906843,0.86996,0.0,0.0,0.049386,64871.0,0.107894,0.254854,0.202956,0.341209,-0.026732,0.752552,5.261578,-0.01,-0.6,-0.012,-0.25,-0.36,-1.2,0.500007,-0.078131,-0.001932,0.0,-0.057477,-0.016887,-0.016218,-0.029988,0.839528,-0.031435,-0.083622,-0.00958,-0.02316,1.841933,1.960536,-0.080331,-0.000565,-0.018329,6.130435,0.012142,0.081473,0.118672
431,154.91922,1000.0,0.899711,0.866388,0.0,0.0,0.049321,48854.0,0.106817,0.256331,0.204529,0.346392,-0.026273,0.768483,5.255899,-0.01,-0.6,-0.012,-0.25,-0.36,-1.2,0.500007,-0.080003,-0.001546,0.0,-0.058449,-0.016784,-0.016001,-0.030056,0.845515,-0.030788,-0.080938,-0.008796,-0.02305,1.844161,1.961173,-0.080426,-0.000552,-0.021251,6.541667,0.012956,0.078201,0.108727
432,155.765457,1000.0,0.906609,0.872323,0.0,0.0,0.049412,71590.0,0.105004,0.257111,0.196131,0.342581,-0.026567,0.756996,5.230195,-0.01,-0.6,-0.012,-0.25,-0.36,-1.2,0.500007,-0.081711,-0.00238,0.0,-0.058332,-0.016715,-0.016427,-0.030402,0.840474,-0.030445,-0.082817,-0.009536,-0.023172,1.846644,1.959025,-0.082305,-0.000551,-0.022163,6.125,0.012783,0.068285,0.116696
433,153.783966,1000.0,0.884164,0.875301,0.0,0.0,0.04927,67082.0,0.107114,0.265033,0.199025,0.342336,-0.026323,0.751173,5.256537,-0.01,-0.6,-0.012,-0.25,-0.36,-1.2,0.500007,-0.079943,-0.002253,0.0,-0.058984,-0.016762,-0.016421,-0.030527,0.844276,-0.031029,-0.084229,-0.009426,-0.023786,1.846419,1.940296,-0.081094,-0.000544,-0.016927,5.458333,0.012589,0.071564,0.100099
434,156.035324,1000.0,0.902668,0.878933,0.0,0.0,0.049137,66230.0,0.105811,0.26736,0.209669,0.355954,-0.027687,0.780227,5.224,-0.01,-0.6,-0.012,-0.25,-0.36,-1.2,0.500007,-0.080715,-0.001815,0.0,-0.060049,-0.016882,-0.016859,-0.030936,0.842832,-0.030137,-0.083205,-0.00936,-0.023191,1.853349,1.952553,-0.08367,-0.000497,-0.013665,4.916667,0.01201,0.075811,0.095114
435,155.042801,1000.0,0.909057,0.875622,0.0,0.0,0.048917,66665.0,0.11072,0.272577,0.209375,0.363107,-0.028797,0.778553,5.201276,-0.01,-0.6,-0.012,-0.25,-0.36,-1.2,0.500007,-0.081124,-0.001574,0.0,-0.061653,-0.017516,-0.017843,-0.031681,0.846448,-0.032437,-0.086638,-0.009696,-0.024744,1.837992,1.919254,-0.087355,-0.000424,-0.016878,4.833333,0.011223,0.072161,0.100049
436,154.721756,1000.0,0.895083,0.870557,0.0,0.0,0.048788,69483.0,0.107642,0.254477,0.203484,0.346954,-0.026857,0.736557,5.233041,-0.01,-0.6,-0.012,-0.25,-0.36,-1.2,0.500007,-0.078408,-0.002469,0.0,-0.056988,-0.016865,-0.01691,-0.030099,0.840325,-0.031041,-0.082893,-0.009191,-0.02238,1.840375,1.974261,-0.082772,-0.000569,-0.0154,4.625,0.013581,0.071842,0.117555
437,154.096329,1000.0,0.89581,0.869341,0.0,0.0,0.048703,53102.0,0.109551,0.257238,0.201946,0.348273,-0.027324,0.742854,5.220314,-0.01,-0.6,-0.012,-0.25,-0.36,-1.2,0.500007,-0.078314,-0.002052,0.0,-0.060125,-0.016916,-0.017352,-0.03134,0.837285,-0.032154,-0.088366,-0.009346,-0.023414,1.83601,1.949142,-0.083652,-0.000571,-0.018149,4.565217,0.01544,0.069685,0.117568
438,155.857803,1000.0,0.904502,0.869261,0.0,0.0,0.048791,69987.0,0.106868,0.262073,0.211077,0.35486,-0.027221,0.782382,5.221656,-0.01,-0.6,-0.012,-0.25,-0.36,-1.2,0.500007,-0.080042,-0.002209,0.0,-0.059277,-0.01671,-0.016626,-0.030911,0.850038,-0.029121,-0.081892,-0.009469,-0.023475,1.846365,1.969037,-0.082451,-0.000499,-0.020111,4.166667,0.014194,0.083043,0.107458
439,155.895599,1000.0,0.896211,0.878086,0.0,0.0,0.04886,73002.0,0.107188,0.258901,0.201424,0.347418,-0.026979,0.770003,5.209289,-0.01,-0.6,-0.012,-0.25,-0.36,-1.2,0.500007,-0.080818,-0.001454,0.0,-0.059363,-0.016532,-0.016409,-0.030844,0.84174,-0.030114,-0.080228,-0.009681,-0.023563,1.843385,1.967553,-0.082613,-0.000511,-0.01793,4.086957,0.013316,0.079863,0.110035
440,154.286575,1000.0,0.893802,0.860105,0.0,0.0,0.048737,76100.0,0.110876,0.26257,0.198263,0.344831,-0.026846,0.754687,5.185337,-0.01,-0.6,-0.012,-0.25,-0.36,-1.2,0.500007,-0.079088,-0.001477,0.0,-0.062862,-0.01706,-0.016542,-0.031985,0.835669,-0.032818,-0.091888,-0.010455,-0.025692,1.839082,1.929583,-0.083398,-0.000593,-0.013981,3.681818,0.01512,0.074692,0.113126
441,154.290298,1000.0,0.89934,0.870241,0.0,0.0,0.04874,72810.0,0.107471,0.25338,0.202641,0.350826,-0.027849,0.754386,5.226783,-0.01,-0.6,-0.012,-0.25,-0.36,-1.2,0.500007,-0.080712,-0.002039,0.0,-0.060366,-0.016514,-0.016412,-0.03108,0.836107,-0.03088,-0.085489,-0.010218,-0.024891,1.841906,1.96621,-0.083179,-0.000471,-0.023234,3.904762,0.012949,0.076277,0.111783
442,154.426392,1000.0,0.89869,0.872982,0.0,0.0,0.048609,68692.0,0.1022,0.257458,0.188493,0.317277,-0.024843,0.712647,5.219312,-0.01,-0.6,-0.012,-0.25,-0.36,-1.2,0.500007,-0.079476,-0.001521,0.0,-0.055524,-0.016216,-0.015468,-0.029312,0.833956,-0.029524,-0.083073,-0.00858,-0.02269,1.860764,1.981492,-0.076062,-0.000511,-0.011154,3.458333,0.01469,0.07358,0.116469
443,154.428909,1000.0,0.90179,0.870739,0.0,0.0,0.048429,52305.0,0.10387,0.265631,0.2026,0.334294,-0.025015,0.732537,5.167635,-0.01,-0.6,-0.012,-0.25,-0.36,-1.2,0.500007,-0.077443,-0.002229,0.0,-0.057593,-0.016131,-0.015847,-0.02963,0.846531,-0.030056,-0.086473,-0.009201,-0.021671,1.858039,1.964615,-0.078053,-0.000432,-0.018305,3.304348,0.013936,0.087934,0.124319
444,154.989761,1000.0,0.907297,0.862775,0.0,0.0,0.048316,73453.0,0.110231,0.248402,0.20764,0.349421,-0.02641,0.773341,5.162652,-0.01,-0.6,-0.012,-0.25,-0.36,-1.2,0.500007,-0.077635,-0.001982,0.0,-0.060302,-0.016229,-0.016013,-0.029686,0.845685,-0.029529,-0.088628,-0.009129,-0.023966,1.835892,1.985294,-0.079385,-0.000616,-0.034311,3.130435,0.010996,0.074848,0.124248
445,155.124588,1000.0,0.877917,0.873374,0.0,0.0,0.048389,73339.0,0.105291,0.269041,0.196851,0.337744,-0.024681,0.76055,5.186048,-0.01,-0.6,-0.012,-0.25,-0.36,-1.2,0.500007,-0.082199,-0.001161,0.0,-0.056992,-0.016147,-0.015434,-0.029925,0.836465,-0.030692,-0.078618,-0.00906,-0.023023,1.851198,1.950187,-0.078209,-0.000393,-0.009777,2.956522,0.014183,0.081852,0.122382
446,154.56369,995.119995,0.894791,0.857159,0.043478,0.0,0.048346,72565.0,0.101572,0.253464,0.182406,0.316234,-0.024123,0.709833,5.202677,-0.01,-0.6,-0.012,-0.25,-0.36,-1.2,0.496463,-0.079951,-0.001676,-0.00058,-0.05301,-0.015733,-0.014463,-0.027416,0.824393,-0.028666,-0.073728,-0.008338,-0.022878,1.845708,1.975975,-0.074838,-0.000569,-0.012847,3.043478,0.011939,0.077213,0.097794
447,156.048874,1000.0,0.900025,0.857113,0.0,0.0,0.048251,73624.0,0.110525,0.253021,0.206842,0.360705,-0.028628,0.776701,5.241719,-0.01,-0.6,-0.012,-0.25,-0.36,-1.2,0.500007,-0.081681,-0.002205,0.0,-0.059298,-0.016674,-0.017271,-0.031513,0.845163,-0.030769,-0.080851,-0.009612,-0.023774,1.840029,1.975957,-0.085741,-0.000441,-0.024304,3.478261,0.013308,0.084461,0.120274
448,156.360321,1000.0,0.892932,0.856232,0.0,0.0,0.048213,74735.0,0.108354,0.249512,0.217929,0.35857,-0.026803,0.79779,5.217699,-0.01,-0.6,-0.012,-0.25,-0.36,-1.2,0.500007,-0.077694,-0.002014,0.0,-0.059227,-0.016264,-0.016335,-0.029866,0.854464,-0.029672,-0.082641,-0.00896,-0.02247,1.848526,1.985641,-0.080238,-0.000516,-0.023435,3.583333,0.016211,0.087722,0.121518
449,155.756958,1000.0,0.894207,0.861216,0.0,0.0,0.048184,55440.0,0.107712,0.253327,0.202123,0.350605,-0.026855,0.788722,5.218454,-0.01,-0.6,-0.012,-0.25,-0.36,-1.2,0.500007,-0.082853,-0.001314,0.0,-0.058382,-0.015847,-0.015589,-0.030138,0.842738,-0.029774,-0.077843,-0.010066,-0.02442,1.847598,1.979481,-0.079305,-0.000548,-0.014939,3.363636,0.014152,0.071703,0.112161
450,155.141312,1000.0,0.901126,0.85606,0.0,0.0,0.04809,77524.0,0.10537,0.24892,0.202709,0.33358,-0.025161,0.73301,5.212579,-0.01,-0.6,-0.012,-0.25,-0.36,-1.2,0.500007,-0.078449,-0.00182,0.0,-0.055122,-0.015774,-0.015563,-0.028418,0.83891,-0.028243,-0.078567,-0.008352,-0.021128,1.85064,2.016006,-0.07666,-0.00049,-0.012202,3.863636,0.014852,0.081642,0.119343
451,156.302643,1000.0,0.894222,0.871824,0.0,0.0,0.047927,75948.0,0.10666,0.250292,0.197206,0.32962,-0.025557,0.732398,5.208862,-0.01,-0.6,-0.012,-0.25,-0.36,-1.2,0.500007,-0.078488,-0.002206,0.0,-0.055904,-0.015559,-0.015327,-0.028916,0.839262,-0.028004,-0.076779,-0.008673,-0.022065,1.846986,2.006527,-0.075735,-0.000474,-0.016321,3.565217,0.012547,0.074743,0.105024
452,154.244064,1000.0,0.8914,0.861879,0.0,0.0,0.047874,76099.0,0.107983,0.271459,0.194706,0.348571,-0.02662,0.744984,5.225526,-0.01,-0.6,-0.012,-0.25,-0.36,-1.2,0.500007,-0.082654,-0.001089,0.0,-0.059296,-0.016503,-0.016726,-0.030661,0.831311,-0.031378,-0.080323,-0.010512,-0.02329,1.841325,1.933286,-0.083671,-0.000422,-0.017574,3.954545,0.015913,0.083253,0.121643
453,156.098022,1000.0,0.904288,0.868347,0.0,0.0,0.047715,74842.0,0.109099,0.249919,0.215047,0.366073,-0.027835,0.806386,5.176649,-0.01,-0.6,-0.012,-0.25,-0.36,-1.2,0.500007,-0.078954,-0.001904,0.0,-0.060041,-0.01619,-0.016842,-0.030503,0.84937,-0.029903,-0.083431,-0.009303,-0.023753,1.84497,1.98739,-0.083036,-0.00065,-0.025313,3.75,0.013561,0.082409,0.112573
454,156.702835,1000.0,0.91067,0.882679,0.0,0.0,0.047575,75989.0,0.104473,0.249607,0.200593,0.335262,-0.026031,0.758273,5.21978,-0.01,-0.6,-0.012,-0.25,-0.36,-1.2,0.500007,-0.079053,-0.001093,0.0,-0.05613,-0.015967,-0.015709,-0.029263,0.84778,-0.028567,-0.076741,-0.00903,-0.022626,1.849848,1.995411,-0.077594,-0.00055,-0.012996,4.304348,0.012129,0.08134,0.096725
455,155.695633,1000.0,0.903724,0.857069,0.0,0.0,0.047515,54199.0,0.104978,0.262578,0.193371,0.331697,-0.025366,0.731309,5.182552,-0.01,-0.6,-0.012,-0.25,-0.36,-1.2,0.500007,-0.079089,-0.001681,0.0,-0.056323,-0.01593,-0.015679,-0.028879,0.840642,-0.02978,-0.081477,-0.009321,-0.023333,1.838673,1.980383,-0.077095,-0.000376,-0.017927,3.347826,0.013358,0.077019,0.119044
456,155.248962,1000.0,0.882457,0.882849,0.0,0.0,0.047515,77946.0,0.107272,0.251715,0.191427,0.346841,-0.026879,0.746216,5.191064,-0.01,-0.6,-0.012,-0.25,-0.36,-1.2,0.500007,-0.082831,-0.001609,0.0,-0.05752,-0.016142,-0.01634,-0.029971,0.83247,-0.029337,-0.082514,-0.009376,-0.025234,1.84465,1.99509,-0.081848,-0.000352,-0.02352,3.136364,0.013994,0.082297,0.095136
457,155.369095,1000.0,0.903632,0.864739,0.0,0.0,0.047382,74190.0,0.112035,0.271182,0.207075,0.365856,-0.02845,0.776145,5.250403,-0.01,-0.6,-0.012,-0.25,-0.36,-1.2,0.500007,-0.081977,-0.001729,0.0,-0.061818,-0.016485,-0.017222,-0.031772,0.845896,-0.03135,-0.083773,-0.011042,-0.024904,1.830828,1.933677,-0.085904,-0.000469,-0.012561,2.958333,0.012599,0.094389,0.114512
458,156.749237,1000.0,0.895242,0.87868,0.0,0.0,0.047383,76770.0,0.104879,0.246586,0.200795,0.339211,-0.025647,0.744388,5.19031,-0.01,-0.6,-0.012,-0.25,-0.36,-1.2,0.500007,-0.079175,-0.001992,0.0,-0.056632,-0.015618,-0.015825,-0.029251,0.842657,-0.02857,-0.079829,-0.008843,-0.023771,1.853331,2.008559,-0.077041,-0.000372,-0.015162,24.409092,0.013801,0.077038,0.092251
459,153.963196,1000.0,0.893233,0.861857,0.0,0.0,0.047294,74255.0,0.112161,0.269383,0.202059,0.364918,-0.02897,0.778448,5.244136,-0.01,-0.6,-0.012,-0.25,-0.36,-1.2,0.500007,-0.082271,-0.00184,0.0,-0.062058,-0.016667,-0.017637,-0.032204,0.838597,-0.031123,-0.084746,-0.010416,-0.025928,1.830592,1.935867,-0.087605,-0.000454,-0.011747,5.083333,0.013031,0.075424,0.112085
460,156.065338,1000.0,0.908605,0.878353,0.0,0.0,0.047165,72729.0,0.107342,0.256982,0.20608,0.356275,-0.027286,0.77635,5.232617,-0.01,-0.6,-0.012,-0.25,-0.36,-1.2,0.500007,-0.080868,-0.001952,0.0,-0.05868,-0.016045,-0.016723,-0.030352,0.843844,-0.029906,-0.08144,-0.009435,-0.0233,1.840508,1.98206,-0.082194,-0.000473,-0.017018,7.125,0.011721,0.080333,0.111896
461,156.958496,1000.0,0.896258,0.867159,0.0,0.0,0.047107,51096.0,0.106137,0.251738,0.208558,0.352179,-0.026565,0.764197,5.246081,-0.01,-0.6,-0.012,-0.25,-0.36,-1.2,0.500007,-0.079951,-0.002038,0.0,-0.058328,-0.015759,-0.016058,-0.030202,0.840651,-0.028661,-0.080162,-0.009116,-0.022994,1.850246,1.999082,-0.080398,-0.000465,-0.00982,6.086957,0.01267,0.074006,0.109054
462,155.561996,1000.0,0.903865,0.875958,0.0,0.0,0.046965,74152.0,0.106649,0.240662,0.206766,0.345671,-0.02618,0.765356,5.214421,-0.01,-0.6,-0.012,-0.25,-0.36,-1.2,0.500007,-0.078719,-0.001755,0.0,-0.056909,-0.015616,-0.015916,-0.029179,0.847814,-0.029177,-0.079653,-0.008801,-0.022376,1.849245,2.014844,-0.078367,-0.000457,-0.019486,5.833333,0.012534,0.076345,0.118828
463,156.237915,1000.0,0.900331,0.876574,0.0,0.0,0.046819,73652.0,0.105596,0.253623,0.19561,0.338281,-0.026366,0.754313,5.203469,-0.01,-0.6,-0.012,-0.25,-0.36,-1.2,0.500007,-0.081141,-0.001276,0.0,-0.056503,-0.01552,-0.015358,-0.02958,0.84832,-0.028644,-0.074015,-0.009601,-0.023301,1.845546,2.001728,-0.078073,-0.000424,-0.013713,7.041667,0.01372,0.074397,0.118924
464,156.28978,1000.0,0.893964,0.875807,0.0,0.0,0.046674,73027.0,0.107584,0.241158,0.205096,0.344254,-0.026597,0.763689,5.196711,-0.01,-0.6,-0.012,-0.25,-0.36,-1.2,0.500007,-0.078753,-0.00217,0.0,-0.057972,-0.015709,-0.015882,-0.030126,0.842368,-0.029183,-0.080623,-0.009577,-0.022933,1.843956,2.01554,-0.079587,-0.000509,-0.016953,5.75,0.013928,0.078774,0.103565
465,156.09523,1000.0,0.901472,0.870047,0.0,0.0,0.04663,73528.0,0.103489,0.248403,0.195954,0.330658,-0.024985,0.740185,5.165421,-0.01,-0.6,-0.012,-0.25,-0.36,-1.2,0.500007,-0.080154,-0.001561,0.0,-0.054966,-0.015257,-0.015397,-0.028729,0.843778,-0.028104,-0.077165,-0.009135,-0.021225,1.850723,2.015925,-0.07572,-0.000501,-0.0158,6.416667,0.013359,0.068635,0.112073
466,156.403305,1000.0,0.906851,0.877862,0.0,0.0,0.046491,74311.0,0.107304,0.262857,0.197871,0.34784,-0.027292,0.776399,5.154193,-0.01,-0.6,-0.012,-0.25,-0.36,-1.2,0.500007,-0.080935,-0.001926,0.0,-0.059115,-0.015748,-0.015929,-0.030353,0.846902,-0.029474,-0.080481,-0.009541,-0.02509,1.846565,1.968233,-0.079348,-0.00047,-0.015043,5.291667,0.012919,0.078129,0.094397
467,155.678741,992.280029,0.8977,0.877276,0.041667,0.0,0.046411,49055.0,0.107459,0.254231,0.200772,0.349049,-0.027386,0.760979,5.14349,-0.01,-0.6,-0.012,-0.25,-0.36,-1.2,0.497706,-0.079971,-0.00176,-0.000238,-0.057209,-0.01554,-0.015738,-0.02936,0.844672,-0.028047,-0.078441,-0.009489,-0.025064,1.834134,1.989666,-0.079325,-0.000461,-0.014132,5.708333,0.013855,0.071586,0.117249
468,156.020691,1000.0,0.905079,0.873877,0.0,0.0,0.046347,74617.0,0.109654,0.254718,0.206575,0.353832,-0.027766,0.766942,5.148504,-0.01,-0.6,-0.012,-0.25,-0.36,-1.2,0.500007,-0.078927,-0.002001,0.0,-0.059213,-0.015839,-0.016597,-0.029971,0.846219,-0.028481,-0.083875,-0.009467,-0.024567,1.832939,1.999633,-0.081528,-0.000443,-0.016031,6.375,0.013479,0.077265,0.101242
469,155.661102,1000.0,0.900908,0.8707,0.0,0.0,0.046345,74603.0,0.106364,0.257504,0.199976,0.344565,-0.027015,0.732436,5.151807,-0.01,-0.6,-0.012,-0.25,-0.36,-1.2,0.500007,-0.078428,-0.002341,0.0,-0.057133,-0.015814,-0.016288,-0.029382,0.833127,-0.028972,-0.080948,-0.009198,-0.023457,1.843152,1.996527,-0.080298,-0.000404,-0.015599,5.083333,0.014077,0.073088,0.12006
470,156.326981,1000.0,0.899446,0.871268,0.0,0.0,0.046316,69618.0,0.107275,0.251014,0.204525,0.344697,-0.027275,0.752007,5.16916,-0.01,-0.6,-0.012,-0.25,-0.36,-1.2,0.500007,-0.07787,-0.002033,0.0,-0.057704,-0.015774,-0.016457,-0.029564,0.845311,-0.029546,-0.083023,-0.00887,-0.024097,1.843932,1.999462,-0.080007,-0.000476,-0.014672,5.75,0.011941,0.079284,0.105123
471,155.901581,1000.0,0.901506,0.883772,0.0,0.0,0.046216,74000.0,0.104963,0.243718,0.200656,0.339123,-0.026224,0.749927,5.124457,-0.01,-0.6,-0.012,-0.25,-0.36,-1.2,0.500007,-0.079494,-0.00157,0.0,-0.054995,-0.015368,-0.015942,-0.029637,0.842597,-0.028035,-0.077309,-0.008891,-0.021064,1.847492,2.032973,-0.077476,-0.000504,-0.014626,6.291667,0.012967,0.071968,0.101166
472,156.602905,1000.0,0.901551,0.874572,0.0,0.0,0.046183,75288.0,0.103177,0.245645,0.196855,0.329773,-0.025459,0.731259,5.183676,-0.01,-0.6,-0.012,-0.25,-0.36,-1.2,0.500007,-0.080495,-0.001297,0.0,-0.054531,-0.015035,-0.015129,-0.028326,0.838531,-0.026949,-0.073324,-0.008485,-0.022007,1.851598,2.038825,-0.074762,-0.000471,-0.014729,5.913043,0.011961,0.081916,0.115992
473,156.267426,1000.0,0.903186,0.869599,0.0,0.0,0.046093,53145.0,0.104049,0.243847,0.201338,0.339652,-0.026307,0.74838,5.170781,-0.01,-0.6,-0.012,-0.25,-0.36,-1.2,0.500007,-0.079125,-0.001408,0.0,-0.056042,-0.015364,-0.015884,-0.029203,0.8407,-0.028099,-0.075596,-0.00857,-0.022743,1.851637,2.02845,-0.078427,-0.000459,-0.020898,6.291667,0.012813,0.073375,0.095212
474,156.937775,1000.0,0.906072,0.880957,0.0,0.0,0.046132,73966.0,0.106265,0.253553,0.201013,0.344291,-0.026931,0.753687,5.175253,-0.01,-0.6,-0.012,-0.25,-0.36,-1.2,0.500007,-0.080806,-0.001742,0.0,-0.057959,-0.01529,-0.015856,-0.029648,0.851764,-0.027472,-0.077999,-0.009811,-0.024107,1.844653,2.017049,-0.079133,-0.000397,-0.012635,6.333333,0.012359,0.075865,0.100213
475,155.731125,1000.0,0.902357,0.86165,0.0,0.0,0.046059,73846.0,0.106634,0.264255,0.202786,0.343753,-0.02657,0.774118,5.18185,-0.01,-0.6,-0.012,-0.25,-0.36,-1.2,0.500007,-0.080074,-0.001395,0.0,-0.058455,-0.015276,-0.015383,-0.029822,0.853831,-0.028232,-0.078003,-0.009348,-0.02403,1.845011,1.978815,-0.077741,-0.000434,-0.014122,5.333333,0.013946,0.079674,0.129194
476,156.987335,1000.0,0.905303,0.866127,0.0,0.0,0.046024,74350.0,0.101983,0.231408,0.190172,0.325296,-0.024508,0.729845,5.193279,-0.01,-0.6,-0.012,-0.25,-0.36,-1.2,0.500007,-0.081398,-0.001744,0.0,-0.054409,-0.014585,-0.014517,-0.027657,0.835871,-0.026497,-0.073131,-0.008628,-0.022028,1.855168,2.072952,-0.073617,-0.00039,-0.015918,4.625,0.011767,0.073415,0.112684
477,155.061005,1000.0,0.886283,0.876796,0.0,0.0,0.046025,74917.0,0.106418,0.247927,0.19616,0.34264,-0.026635,0.737395,5.158691,-0.01,-0.6,-0.012,-0.25,-0.36,-1.2,0.500007,-0.079951,-0.00244,0.0,-0.057333,-0.01545,-0.016296,-0.029826,0.835849,-0.028647,-0.085157,-0.009488,-0.024658,1.844714,2.016572,-0.079637,-0.000408,-0.02155,5.0,0.013201,0.075102,0.117839
478,156.247208,1000.0,0.905012,0.865149,0.0,0.0,0.045962,74852.0,0.105305,0.241764,0.196592,0.341499,-0.026382,0.747326,5.149252,-0.01,-0.6,-0.012,-0.25,-0.36,-1.2,0.500007,-0.082027,-0.001626,0.0,-0.056408,-0.015117,-0.015993,-0.029267,0.839408,-0.028027,-0.075323,-0.009549,-0.02323,1.844471,2.022525,-0.078226,-0.000384,-0.018665,4.166667,0.013131,0.076783,0.124272
479,157.147675,1000.0,0.903675,0.870637,0.0,0.0,0.045933,53313.0,0.103389,0.232356,0.201457,0.335905,-0.025457,0.75151,5.179247,-0.01,-0.6,-0.012,-0.25,-0.36,-1.2,0.500007,-0.080145,-0.001811,0.0,-0.054498,-0.014551,-0.014676,-0.027815,0.838043,-0.025504,-0.070621,-0.008806,-0.021408,1.854775,2.072545,-0.075152,-0.000655,-0.022836,4.478261,0.015165,0.074405,0.128388
480,156.351318,1000.0,0.903044,0.852035,0.0,0.0,0.045916,75906.0,0.106392,0.260213,0.201962,0.349597,-0.026697,0.779061,5.148964,-0.01,-0.6,-0.012,-0.25,-0.36,-1.2,0.500007,-0.080984,-0.001394,0.0,-0.05942,-0.015275,-0.016092,-0.030085,0.84956,-0.028282,-0.081451,-0.009812,-0.02438,1.849926,1.984208,-0.07941,-0.000375,-0.00976,4.695652,0.011855,0.076445,0.103545
481,155.259827,1000.0,0.898643,0.867011,0.0,0.0,0.04578,72438.0,0.109401,0.266307,0.205095,0.360557,-0.028303,0.767858,5.157726,-0.01,-0.6,-0.012,-0.25,-0.36,-1.2,0.500007,-0.081096,-0.001585,0.0,-0.060731,-0.01577,-0.017002,-0.031423,0.842905,-0.029709,-0.085653,-0.009931,-0.024891,1.831387,1.966918,-0.084144,-0.000308,-0.007754,3.708333,0.012736,0.081828,0.112548
482,156.008453,1000.0,0.902332,0.865085,0.0,0.0,0.045779,79290.0,0.109656,0.259782,0.20809,0.362352,-0.027874,0.765258,5.184807,-0.01,-0.6,-0.012,-0.25,-0.36,-1.2,0.500007,-0.082147,-0.001972,0.0,-0.059897,-0.015407,-0.016299,-0.030117,0.842649,-0.027268,-0.07812,-0.009191,-0.023055,1.829999,1.994743,-0.082207,-0.000355,-0.018008,3.571429,0.015209,0.065447,0.140662
483,157.021454,1000.0,0.901777,0.876131,0.0,0.0,0.045675,77672.0,0.105799,0.25233,0.197849,0.342294,-0.026149,0.773652,5.203376,-0.01,-0.6,-0.012,-0.25,-0.36,-1.2,0.500007,-0.083041,-0.002294,0.0,-0.058087,-0.014645,-0.015097,-0.028984,0.855148,-0.027616,-0.073447,-0.010103,-0.024563,1.840001,2.022961,-0.075434,-0.000471,-0.014918,3.863636,0.01457,0.078444,0.124626
484,155.784836,997.929993,0.907264,0.857134,0.041667,0.0,0.045679,74082.0,0.105801,0.242797,0.195762,0.344036,-0.026509,0.751972,5.19875,-0.01,-0.6,-0.012,-0.25,-0.36,-1.2,0.499465,-0.081004,-0.001535,-0.000208,-0.056329,-0.01496,-0.015494,-0.029063,0.839525,-0.027659,-0.073957,-0.008924,-0.023317,1.84699,2.024336,-0.077981,-0.000358,-0.015603,3.375,0.013341,0.068986,0.124623
485,157.233139,1000.0,0.896506,0.869585,0.0,0.0,0.045678,52943.0,0.110739,0.244042,0.207209,0.364987,-0.027991,0.780677,5.186322,-0.01,-0.6,-0.012,-0.25,-0.36,-1.2,0.500007,-0.079895,-0.001915,0.0,-0.061026,-0.015704,-0.0175,-0.03202,0.841342,-0.028933,-0.08856,-0.009772,-0.024804,1.833415,2.012541,-0.084284,-0.000554,-0.016303,3.478261,0.012859,0.066847,0.09908
486,155.144562,994.51001,0.88035,0.84354,0.043478,0.0,0.045657,76385.0,0.107171,0.249383,0.203202,0.354002,-0.027149,0.769749,5.203959,-0.01,-0.6,-0.012,-0.25,-0.36,-1.2,0.494028,-0.080943,-0.001885,-0.00087,-0.059705,-0.015348,-0.016924,-0.030448,0.839462,-0.029897,-0.079361,-0.009988,-0.0244,1.817872,1.971658,-0.08102,-0.000405,-0.024176,3.173913,0.01505,0.091606,0.130446
487,155.918121,1000.0,0.896343,0.855174,0.0,0.0,0.045664,75301.0,0.105786,0.25029,0.186209,0.330821,-0.025383,0.704677,5.23736,-0.01,-0.6,-0.012,-0.25,-0.36,-1.2,0.500007,-0.081035,-0.001389,0.0,-0.052617,-0.014974,-0.015632,-0.028486,0.829432,-0.028363,-0.079112,-0.008703,-0.02266,1.838606,2.020863,-0.076364,-0.000218,-0.016215,2.478261,0.013907,0.084637,0.126095
488,157.185623,1000.0,0.897887,0.873325,0.0,0.0,0.04561,77711.0,0.107333,0.233501,0.206858,0.352922,-0.026614,0.780456,5.199605,-0.01,-0.6,-0.012,-0.25,-0.36,-1.2,0.500007,-0.082121,-0.001589,0.0,-0.056929,-0.015035,-0.016544,-0.029455,0.847923,-0.027817,-0.077058,-0.009812,-0.023179,1.84278,2.045165,-0.077499,-0.000487,-0.014319,3.727273,0.01397,0.090618,0.12728
489,157.983871,1000.0,0.905134,0.878006,0.0,0.0,0.045572,71373.0,0.106182,0.239002,0.206903,0.359499,-0.027664,0.776229,5.212902,-0.01,-0.6,-0.012,-0.25,-0.36,-1.2,0.500007,-0.079822,-0.001832,0.0,-0.055743,-0.01517,-0.015406,-0.028591,0.847191,-0.027743,-0.072728,-0.009042,-0.022805,1.846056,2.046768,-0.080939,-0.000435,-0.010645,2.916667,0.013552,0.071389,0.081741
490,156.110275,1000.0,0.89817,0.863851,0.0,0.0,0.045551,75043.0,0.110254,0.256502,0.198533,0.367904,-0.028318,0.762213,5.194941,-0.01,-0.6,-0.012,-0.25,-0.36,-1.2,0.500007,-0.0827,-0.002316,0.0,-0.060006,-0.015601,-0.01706,-0.030199,0.834931,-0.02926,-0.084288,-0.009627,-0.02569,1.830558,1.985293,-0.08346,-0.000423,-0.014816,3.869565,0.013004,0.066653,0.112704
491,156.36972,1000.0,0.905247,0.858909,0.0,0.0,0.045654,53943.0,0.104911,0.246851,0.198076,0.336195,-0.025691,0.731178,5.219734,-0.01,-0.6,-0.012,-0.25,-0.36,-1.2,0.500007,-0.081839,-0.001583,0.0,-0.054256,-0.014767,-0.015322,-0.028109,0.835167,-0.02724,-0.07124,-0.008713,-0.021237,1.842123,2.037999,-0.075845,-0.000315,-0.009833,3.909091,0.011492,0.07993,0.095796
492,158.44397,1000.0,0.908399,0.859844,0.0,0.0,0.045712,75833.0,0.101078,0.223305,0.203242,0.326588,-0.023757,0.753098,5.231675,-0.01,-0.6,-0.012,-0.25,-0.36,-1.2,0.500007,-0.07821,-0.001007,0.0,-0.052475,-0.014106,-0.014376,-0.026708,0.852266,-0.025247,-0.070592,-0.008046,-0.020166,1.857505,2.103006,-0.071079,-0.000339,-0.016311,3.043478,0.012083,0.079338,0.097761
493,157.053726,1000.0,0.90551,0.870397,0.0,0.0,0.045666,72415.0,0.108339,0.243656,0.207669,0.358894,-0.027037,0.785141,5.235815,-0.01,-0.6,-0.012,-0.25,-0.36,-1.2,0.500007,-0.080841,-0.001725,0.0,-0.058996,-0.01497,-0.016003,-0.029632,0.850571,-0.028093,-0.076849,-0.009292,-0.023559,1.837974,2.034741,-0.080204,-0.00031,-0.011098,4.130435,0.013773,0.081569,0.112564
494,157.115967,1000.0,0.907014,0.869908,0.0,0.0,0.045576,76182.0,0.102398,0.237684,0.18927,0.32679,-0.025373,0.723921,5.254998,-0.01,-0.6,-0.012,-0.25,-0.36,-1.2,0.500007,-0.084182,-0.001353,0.0,-0.05126,-0.014337,-0.014684,-0.027491,0.826786,-0.02499,-0.061943,-0.00814,-0.021179,1.856537,2.087679,-0.073885,-0.000376,-0.019039,3.818182,0.013629,0.0692,0.10535
495,156.347946,1000.0,0.892324,0.868503,0.0,0.0,0.045386,74782.0,0.108282,0.256256,0.210541,0.35986,-0.027488,0.772222,5.21132,-0.01,-0.6,-0.012,-0.25,-0.36,-1.2,0.500007,-0.079504,-0.002224,0.0,-0.05816,-0.015332,-0.016576,-0.030325,0.844056,-0.028094,-0.080521,-0.009471,-0.023133,1.833981,2.012648,-0.080679,-0.000547,-0.018599,3.708333,0.015523,0.081619,0.109862
496,156.610641,1000.0,0.895523,0.865894,0.0,0.0,0.045413,77281.0,0.106484,0.249477,0.206026,0.350236,-0.026007,0.751583,5.218919,-0.01,-0.6,-0.012,-0.25,-0.36,-1.2,0.500007,-0.078564,-0.00255,0.0,-0.05735,-0.015066,-0.016188,-0.029325,0.843829,-0.028288,-0.082012,-0.008972,-0.022169,1.835759,2.02737,-0.078531,-0.000382,-0.016197,4.272727,0.014261,0.070467,0.121443
497,156.500381,1000.0,0.908314,0.87164,0.0,0.0,0.045362,74001.0,0.107822,0.257989,0.197653,0.369334,-0.02855,0.768302,5.220037,-0.01,-0.6,-0.012,-0.25,-0.36,-1.2,0.500007,-0.084374,-0.001737,0.0,-0.060601,-0.015584,-0.017449,-0.031003,0.83289,-0.02992,-0.07821,-0.010352,-0.025093,1.838958,1.977356,-0.086627,-0.000231,-0.011,3.166667,0.014972,0.072925,0.124972
498,156.476379,1000.0,0.895757,0.874311,0.0,0.0,0.045256,51623.0,0.104153,0.24757,0.200164,0.352916,-0.027195,0.75435,5.222255,-0.01,-0.6,-0.012,-0.25,-0.36,-1.2,0.500007,-0.08019,-0.002355,0.0,-0.056833,-0.014896,-0.016478,-0.029481,0.835008,-0.027462,-0.077324,-0.010082,-0.022485,1.845077,2.031847,-0.080006,-0.000327,-0.016664,3.0,0.013039,0.06968,0.103901
499,157.44278,1000.0,0.88785,0.884336,0.0,0.0,0.045263,73499.0,0.108189,0.245957,0.211635,0.361968,-0.026906,0.778586,5.225815,-0.010435,-0.608696,-0.012348,-0.25,-0.370435,-1.234783,0.500007,-0.078907,-0.001679,0.0,-0.05943,-0.015408,-0.016695,-0.030412,0.84678,-0.028294,-0.081798,-0.008885,-0.023144,1.82687,2.028408,-0.081049,-0.000407,-0.016315,3.217391,0.013496,0.079549,0.096247
500,157.827499,1000.0,0.909303,0.874986,0.0,0.0,0.045184,66350.0,0.101654,0.243733,0.202477,0.345653,-0.026362,0.751747,5.198173,-0.02,-0.8,-0.02,-0.25,-0.6,-2.0,0.500007,-0.081272,-0.001363,0.0,-0.055212,-0.014865,-0.016016,-0.02886,0.842342,-0.026277,-0.07533,-0.008989,-0.022274,1.8515,2.053988,-0.078803,-0.000315,-0.010165,23.565218,0.011597,0.080029,0.107893
501,157.291245,1000.0,0.905828,0.87115,0.0,0.0,0.045112,66371.0,0.105088,0.238666,0.200517,0.336214,-0.025575,0.751651,5.200963,-0.02,-0.8,-0.02,-0.25,-0.6,-2.0,0.500007,-0.082177,-0.001531,0.0,-0.054697,-0.014736,-0.015328,-0.028914,0.841311,-0.028212,-0.078241,-0.008771,-0.02261,1.843998,2.049814,-0.074911,-0.000433,-0.017526,6.208333,0.015025,0.072458,0.111572
502,157.88591,1000.0,0.908617,0.873599,0.0,0.0,0.045015,65539.0,0.103154,0.239095,0.197959,0.341131,-0.025779,0.758743,5.19727,-0.02,-0.8,-0.02,-0.25,-0.6,-2.0,0.500007,-0.0856,-0.001537,0.0,-0.056186,-0.014596,-0.015246,-0.029126,0.849253,-0.027347,-0.075156,-0.008723,-0.022839,1.851727,2.059562,-0.076179,-0.000517,-0.015717,6.869565,0.01231,0.081442,0.109074
503,156.047897,1000.0,0.886527,0.864736,0.0,0.0,0.044868,47690.0,0.107388,0.245392,0.20477,0.36817,-0.027851,0.773228,5.218201,-0.02,-0.8,-0.02,-0.25,-0.6,-2.0,0.500007,-0.087241,-0.002298,0.0,-0.057617,-0.015266,-0.016622,-0.030969,0.837929,-0.02897,-0.088426,-0.009575,-0.024515,1.840893,2.03324,-0.083086,-0.000505,-0.016115,5.625,0.014347,0.0771,0.113353
504,157.052109,1000.0,0.901684,0.876869,0.0,0.0,0.044829,68567.0,0.104916,0.240733,0.205582,0.352452,-0.026115,0.769828,5.168624,-0.02,-0.8,-0.02,-0.25,-0.6,-2.0,0.500007,-0.087657,-0.002033,0.0,-0.056759,-0.014732,-0.015626,-0.029325,0.846931,-0.028028,-0.085471,-0.00875,-0.022586,1.846424,2.055627,-0.077383,-0.000559,-0.024349,7.041667,0.013121,0.079982,0.115498
505,157.031845,1000.0,0.905274,0.87696,0.0,0.0,0.044688,68316.0,0.103262,0.234832,0.20193,0.346358,-0.02586,0.757536,5.166781,-0.02,-0.8,-0.02,-0.25,-0.6,-2.0,0.500007,-0.089529,-0.001766,0.0,-0.056648,-0.014692,-0.016009,-0.030017,0.845909,-0.028797,-0.086951,-0.008831,-0.022576,1.846142,2.058989,-0.076947,-0.000502,-0.020037,6.791667,0.014206,0.074864,0.116784
506,156.45224,1000.0,0.896797,0.869474,0.0,0.0,0.044678,64216.0,0.105599,0.244628,0.208426,0.349644,-0.026697,0.766035,5.168244,-0.02,-0.8,-0.02,-0.25,-0.6,-2.0,0.500007,-0.090219,-0.00179,0.0,-0.057419,-0.014999,-0.016264,-0.031094,0.84612,-0.029735,-0.09085,-0.009121,-0.022709,1.845109,2.044736,-0.078718,-0.000526,-0.020119,5.25,0.014883,0.080019,0.130064
507,157.448212,1000.0,0.910085,0.875073,0.0,0.0,0.044601,66157.0,0.101868,0.234132,0.196277,0.330845,-0.024732,0.732546,5.196848,-0.02,-0.8,-0.02,-0.25,-0.6,-2.0,0.500007,-0.093276,-0.001869,0.0,-0.054014,-0.014465,-0.015322,-0.029616,0.842495,-0.029507,-0.084529,-0.008763,-0.021163,1.850217,2.074112,-0.074759,-0.000388,-0.017216,6.208333,0.012941,0.074022,0.10307
508,156.95639,1000.0,0.898747,0.867753,0.043478,0.0,0.044485,70431.0,0.10313,0.234195,0.197128,0.333754,-0.025266,0.74948,5.221842,-0.02,-0.8,-0.02,-0.25,-0.6,-2.0,0.49874,-0.095281,-0.001447,-0.000435,-0.055014,-0.014444,-0.014978,-0.030447,0.847236,-0.030495,-0.085962,-0.008904,-0.022611,1.847488,2.061295,-0.074288,-0.000536,-0.017673,5.26087,0.013641,0.089111,0.113999
509,157.472214,1000.0,0.899143,0.869244,0.0,0.0,0.044388,46687.0,0.103329,0.23857,0.200341,0.350913,-0.026679,0.764865,5.158909,-0.02,-0.8,-0.02,-0.25,-0.6,-2.0,0.500007,-0.100444,-0.001994,0.0,-0.056408,-0.014521,-0.015482,-0.031388,0.841763,-0.029891,-0.082583,-0.008913,-0.022588,1.851799,2.05899,-0.077994,-0.000537,-0.022127,6.291667,0.014236,0.069435,0.117616
510,156.635178,1000.0,0.894721,0.872555,0.0,0.0,0.044325,63051.0,0.106991,0.236904,0.211106,0.354389,-0.026462,0.769054,5.137196,-0.02,-0.8,-0.02,-0.25,-0.6,-2.0,0.500007,-0.096544,-0.001853,0.0,-0.056524,-0.014708,-0.015887,-0.031518,0.847878,-0.031753,-0.094237,-0.009039,-0.022068,1.841629,2.058109,-0.077809,-0.000438,-0.011202,5.75,0.014371,0.077672,0.116668
511,156.394485,1000.0,0.909639,0.867445,0.0,0.0,0.044252,67523.0,0.106439,0.236803,0.199214,0.351334,-0.027455,0.754014,5.106031,-0.02,-0.8,-0.02,-0.25,-0.6,-2.0,0.500007,-0.101727,-0.002032,0.0,-0.057061,-0.014902,-0.016822,-0.032325,0.831093,-0.031707,-0.087153,-0.009309,-0.022256,1.837963,2.06793,-0.081576,-0.000434,-0.02191,5.75,0.013122,0.079264,0.122806
512,156.987656,1000.0,0.901876,0.875139,0.0,0.0,0.044207,67724.0,0.102053,0.246568,0.195133,0.350425,-0.026699,0.762507,5.109663,-0.02,-0.8,-0.02,-0.25,-0.6,-2.0,0.500007,-0.107261,-0.001889,0.0,-0.057128,-0.014795,-0.01625,-0.031991,0.840317,-0.030567,-0.088289,-0.009312,-0.023169,1.850735,2.055201,-0.080025,-0.000469,-0.014076,5.833333,0.013767,0.077714,0.112739
513,156.988312,1000.0,0.909623,0.865873,0.0,0.0,0.044222,68202.0,0.103474,0.239897,0.199429,0.350476,-0.026368,0.765691,5.117435,-0.02,-0.8,-0.02,-0.25,-0.6,-2.0,0.500007,-0.107425,-0.001918,0.0,-0.057108,-0.014596,-0.016014,-0.032309,0.841058,-0.031954,-0.090134,-0.009269,-0.022679,1.850515,2.060266,-0.078432,-0.000486,-0.01295,6.086957,0.014677,0.082526,0.112201
514,155.591125,1000.0,0.892114,0.857528,0.0,0.0,0.044019,48241.0,0.104897,0.240756,0.206426,0.341622,-0.025358,0.74869,5.125595,-0.02,-0.8,-0.02,-0.25,-0.6,-2.0,0.500007,-0.104896,-0.001961,0.0,-0.054851,-0.014518,-0.015253,-0.031214,0.843592,-0.032258,-0.093219,-0.008421,-0.021235,1.844721,2.06307,-0.074491,-0.000557,-0.02216,6.291667,0.013582,0.069492,0.110297
515,157.011414,1000.0,0.900584,0.875679,0.0,0.0,0.04407,72537.0,0.105085,0.229826,0.199886,0.351498,-0.026937,0.763966,5.082436,-0.02,-0.8,-0.02,-0.25,-0.6,-2.0,0.500007,-0.11292,-0.001678,0.0,-0.055623,-0.014443,-0.015505,-0.032274,0.839277,-0.03106,-0.086583,-0.009258,-0.022615,1.840674,2.094983,-0.078545,-0.000545,-0.02137,6.0,0.013793,0.079056,0.117301
516,157.395981,1000.0,0.905176,0.874911,0.0,0.0,0.044017,74359.0,0.105944,0.234352,0.212097,0.359947,-0.027133,0.777281,5.084121,-0.02,-0.8,-0.02,-0.25,-0.6,-2.0,0.500007,-0.110117,-0.002175,0.0,-0.057278,-0.014915,-0.016772,-0.032677,0.843637,-0.033997,-0.100222,-0.008883,-0.022262,1.843693,2.068176,-0.079801,-0.000497,-0.020792,5.708333,0.014136,0.078602,0.112775
517,156.243484,1000.0,0.896739,0.866934,0.0,0.0,0.04396,74439.0,0.105371,0.236514,0.207021,0.356378,-0.027189,0.750849,5.099965,-0.02,-0.8,-0.02,-0.25,-0.6,-2.0,0.500007,-0.11289,-0.001591,0.0,-0.057765,-0.014826,-0.016277,-0.033392,0.839741,-0.033996,-0.100384,-0.008697,-0.023043,1.846605,2.061261,-0.080456,-0.000504,-0.014294,5.333333,0.011395,0.066385,0.094281
518,156.711914,1000.0,0.901945,0.876711,0.0,0.0,0.043865,74411.0,0.102302,0.243468,0.195932,0.338609,-0.025499,0.745754,5.072359,-0.02,-0.8,-0.02,-0.25,-0.6,-2.0,0.500007,-0.117924,-0.001261,0.0,-0.054258,-0.014296,-0.015013,-0.0318,0.838935,-0.032229,-0.095701,-0.008466,-0.022865,1.854161,2.06448,-0.074576,-0.000505,-0.008347,4.416667,0.013067,0.07778,0.092809
519,155.373642,994.630005,0.900299,0.862956,0.041667,0.0,0.043888,75090.0,0.107133,0.24209,0.203854,0.353308,-0.026622,0.762317,5.075994,-0.02,-0.8,-0.02,-0.25,-0.6,-2.0,0.496271,-0.117,-0.002174,-0.000556,-0.056984,-0.014604,-0.016228,-0.033599,0.832684,-0.035797,-0.106464,-0.00925,-0.02232,1.822688,2.036741,-0.079212,-0.000553,-0.017045,5.166667,0.012893,0.076298,0.105479
520,156.198685,1000.0,0.898758,0.850146,0.0,0.0,0.043804,47667.0,0.10052,0.238156,0.195548,0.339404,-0.025488,0.737035,5.068757,-0.02,-0.8,-0.02,-0.25,-0.6,-2.0,0.500007,-0.121036,-0.001975,0.0,-0.055028,-0.01433,-0.015775,-0.033431,0.837581,-0.033573,-0.098005,-0.009268,-0.021582,1.85472,2.076729,-0.076773,-0.000495,-0.019513,4.5,0.011522,0.074387,0.095386
521,156.307556,1000.0,0.900716,0.870495,0.0,0.0,0.043689,75279.0,0.107578,0.248105,0.206438,0.362753,-0.028089,0.780242,5.038568,-0.02,-0.8,-0.02,-0.25,-0.6,-2.0,0.500007,-0.121721,-0.002238,0.0,-0.058977,-0.015131,-0.017097,-0.034808,0.845513,-0.037445,-0.107874,-0.009729,-0.023514,1.833599,2.035191,-0.081976,-0.00064,-0.018382,3.869565,0.013579,0.071637,0.097393
522,155.400726,1000.0,0.894518,0.87322,0.0,0.0,0.043701,75844.0,0.108694,0.239917,0.212144,0.361956,-0.027095,0.77927,5.044754,-0.02,-0.8,-0.02,-0.25,-0.6,-2.0,0.500007,-0.123935,-0.001861,0.0,-0.056947,-0.014777,-0.016441,-0.034302,0.846489,-0.03752,-0.108638,-0.009326,-0.023468,1.833772,2.042923,-0.078829,-0.000512,-0.019827,4.434783,0.014012,0.076025,0.108214
523,155.974426,1000.0,0.896486,0.878894,0.0,0.0,0.043621,78083.0,0.10031,0.237545,0.188505,0.330611,-0.025584,0.732045,5.050321,-0.02,-0.8,-0.02,-0.25,-0.6,-2.0,0.500007,-0.126565,-0.001817,0.0,-0.052442,-0.0141,-0.014775,-0.032168,0.832216,-0.033718,-0.092968,-0.008805,-0.021786,1.854338,2.086268,-0.073695,-0.000652,-0.018859,3.818182,0.012257,0.091284,0.111564
524,156.371506,1000.0,0.900779,0.860612,0.0,0.0,0.043606,75573.0,0.106646,0.238979,0.213018,0.364561,-0.026688,0.807578,5.032953,-0.02,-0.8,-0.02,-0.25,-0.6,-2.0,0.500007,-0.126085,-0.001683,0.0,-0.059098,-0.014809,-0.016119,-0.035883,0.85688,-0.038581,-0.115645,-0.009114,-0.023739,1.846859,2.044102,-0.079848,-0.000579,-0.016623,4.130435,0.013036,0.075345,0.112007
525,154.34964,1000.0,0.897606,0.858111,0.0,0.0,0.043523,77948.0,0.102612,0.241526,0.18907,0.338008,-0.026943,0.747104,5.028371,-0.02,-0.8,-0.02,-0.25,-0.6,-2.0,0.500007,-0.132861,-0.001516,0.0,-0.05694,-0.014817,-0.015624,-0.035753,0.836913,-0.036915,-0.102888,-0.008718,-0.02464,1.852428,2.05017,-0.078461,-0.000779,-0.018498,3.090909,0.013281,0.083518,0.139971
526,154.896317,1000.0,0.894654,0.86172,0.0,0.0,0.043538,51608.0,0.105621,0.236806,0.203259,0.335456,-0.025256,0.744775,5.049694,-0.02,-0.8,-0.02,-0.25,-0.6,-2.0,0.500007,-0.12683,-0.001589,0.0,-0.05423,-0.014155,-0.014971,-0.033627,0.843061,-0.037392,-0.104589,-0.008157,-0.02174,1.851488,2.065567,-0.073616,-0.000467,-0.015095,3.416667,0.01081,0.079486,0.112158
527,156.003799,1000.0,0.893943,0.861202,0.0,0.0,0.043569,76979.0,0.10662,0.24008,0.204021,0.361339,-0.027255,0.80601,5.041702,-0.02,-0.8,-0.02,-0.25,-0.6,-2.0,0.500007,-0.135468,-0.002502,0.0,-0.0595,-0.014456,-0.016191,-0.036068,0.851452,-0.038492,-0.116605,-0.010064,-0.025836,1.835204,2.04017,-0.078166,-0.00074,-0.030565,3.608696,0.013966,0.078419,0.119049
528,154.222839,1000.0,0.877511,0.857477,0.0,0.0,0.043423,76949.0,0.104897,0.250225,0.205861,0.366234,-0.027698,0.784593,5.052477,-0.02,-0.8,-0.02,-0.25,-0.6,-2.0,0.500007,-0.135965,-0.00225,0.0,-0.056987,-0.014991,-0.017298,-0.036304,0.83533,-0.03961,-0.115824,-0.009805,-0.024497,1.849153,2.036037,-0.081642,-0.000485,-0.009748,2.818182,0.014218,0.082623,0.10818
529,155.576828,1000.0,0.883913,0.879978,0.0,0.0,0.043379,70859.0,0.105985,0.246667,0.207121,0.353067,-0.026776,0.757754,5.051363,-0.02,-0.8,-0.02,-0.25,-0.6,-2.0,0.500007,-0.136146,-0.002322,0.0,-0.056977,-0.014556,-0.01614,-0.036468,0.848118,-0.039456,-0.11441,-0.008806,-0.024259,1.845362,2.042055,-0.077658,-0.000541,-0.012054,3.0,0.013804,0.082033,0.12177
530,155.00264,1000.0,0.89326,0.862867,0.0,0.0,0.043432,77826.0,0.105477,0.246328,0.196828,0.35037,-0.027089,0.766783,5.082506,-0.02,-0.8,-0.02,-0.25,-0.6,-2.0,0.500007,-0.143506,-0.002123,0.0,-0.056483,-0.014535,-0.01599,-0.036498,0.834939,-0.037907,-0.106852,-0.00985,-0.024305,1.846702,2.055012,-0.079305,-0.000737,-0.018058,3.590909,0.015186,0.090459,0.123643
531,155.238083,1000.0,0.89519,0.864606,0.0,0.0,0.043343,72575.0,0.105042,0.242214,0.211873,0.353196,-0.026499,0.778708,5.088447,-0.02,-0.8,-0.02,-0.25,-0.6,-2.0,0.500007,-0.138899,-0.002228,0.0,-0.057614,-0.014374,-0.015797,-0.035346,0.845869,-0.038105,-0.115141,-0.008778,-0.023594,1.851684,2.063264,-0.07658,-0.000609,-0.015902,3.166667,0.012571,0.077622,0.104247
532,154.692352,1000.0,0.896915,0.856695,0.0,0.0,0.043291,75748.0,0.099499,0.23509,0.185165,0.343579,-0.026116,0.744864,5.114434,-0.02,-0.8,-0.02,-0.25,-0.6,-2.0,0.500007,-0.15095,-0.002157,0.0,-0.056022,-0.014118,-0.015623,-0.036348,0.831001,-0.037538,-0.104987,-0.009365,-0.02303,1.853811,2.092696,-0.078087,-0.000661,-0.016304,3.318182,0.01228,0.088645,0.108728
533,155.427704,1000.0,0.906169,0.867868,0.0,0.0,0.043253,52086.0,0.102307,0.23644,0.199444,0.341685,-0.02581,0.755006,5.088948,-0.02,-0.8,-0.02,-0.25,-0.6,-2.0,0.500007,-0.146005,-0.001366,0.0,-0.05543,-0.014146,-0.015344,-0.035911,0.843503,-0.038167,-0.10891,-0.009054,-0.022071,1.853725,2.084038,-0.075745,-0.000403,-0.017412,4.409091,0.012354,0.07228,0.100564
534,155.418182,1000.0,0.905252,0.860722,0.0,0.0,0.043163,74655.0,0.104828,0.24333,0.203717,0.348067,-0.026866,0.7692,5.083578,-0.02,-0.8,-0.02,-0.25,-0.6,-2.0,0.500007,-0.148668,-0.001396,0.0,-0.055734,-0.014164,-0.015297,-0.036294,0.84193,-0.039465,-0.108397,-0.008841,-0.022607,1.848247,2.065208,-0.076476,-0.000558,-0.015873,2.956522,0.011225,0.075703,0.109116
535,155.257446,1000.0,0.876066,0.856165,0.0,0.0,0.043174,75440.0,0.10811,0.245912,0.213376,0.363888,-0.027861,0.787284,5.08267,-0.02,-0.8,-0.02,-0.25,-0.6,-2.0,0.500007,-0.142723,-0.001703,0.0,-0.058658,-0.014595,-0.016539,-0.037956,0.844911,-0.042856,-0.127106,-0.009675,-0.024353,1.838546,2.041809,-0.079042,-0.000762,-0.014607,4.090909,0.016348,0.08749,0.13588
536,155.313339,1000.0,0.896396,0.865097,0.0,0.0,0.043191,73710.0,0.111701,0.236746,0.213198,0.376522,-0.029294,0.807909,5.084077,-0.02,-0.8,-0.02,-0.25,-0.6,-2.0,0.500007,-0.154587,-0.001903,0.0,-0.061086,-0.014697,-0.01711,-0.039689,0.85069,-0.043225,-0.119702,-0.009966,-0.025475,1.827277,2.039841,-0.081971,-0.000762,-0.020697,3.916667,0.012797,0.072376,0.10356
537,155.936935,1000.0,0.894742,0.866806,0.0,0.0,0.043113,74525.0,0.104593,0.234772,0.202905,0.34938,-0.026209,0.772383,5.071179,-0.02,-0.8,-0.02,-0.25,-0.6,-2.0,0.500007,-0.150661,-0.001757,0.0,-0.053819,-0.014,-0.015214,-0.036444,0.847595,-0.039809,-0.108403,-0.008751,-0.021948,1.846624,2.093238,-0.075985,-0.000839,-0.016516,3.869565,0.012009,0.075617,0.113607
538,154.362274,1000.0,0.886218,0.860092,0.0,0.0,0.042937,75778.0,0.102838,0.242841,0.197731,0.344166,-0.025909,0.758674,5.100899,-0.02,-0.8,-0.02,-0.25,-0.6,-2.0,0.500007,-0.156052,-0.002098,0.0,-0.05529,-0.014179,-0.015372,-0.036916,0.830427,-0.041333,-0.115526,-0.008799,-0.02283,1.851599,2.064644,-0.07609,-0.000865,-0.014054,3.826087,0.013969,0.072293,0.142352
539,154.620758,1000.0,0.892,0.852973,0.0,0.0,0.042876,52896.0,0.109544,0.249912,0.213508,0.362092,-0.027107,0.777075,5.088073,-0.02,-0.8,-0.02,-0.25,-0.6,-2.0,0.500007,-0.154579,-0.003093,0.0,-0.056868,-0.014389,-0.016765,-0.037587,0.841473,-0.042676,-0.127145,-0.00957,-0.023332,1.831902,2.053093,-0.078602,-0.000966,-0.020594,3.181818,0.012052,0.070715,0.120579
540,154.159363,1000.0,0.896996,0.84839,0.0,0.0,0.04289,75120.0,0.104311,0.236926,0.21907,0.367525,-0.028346,0.792324,5.064147,-0.02,-0.8,-0.02,-0.25,-0.6,-2.0,0.500007,-0.155478,-0.001228,0.0,-0.058953,-0.014444,-0.016339,-0.039539,0.8544,-0.042917,-0.127643,-0.009024,-0.022272,1.852986,2.072567,-0.080288,-0.000744,-0.015212,3.125,0.013811,0.090329,0.11591
541,154.918503,1000.0,0.88703,0.863984,0.0,0.0,0.042807,75926.0,0.104871,0.235603,0.206012,0.358871,-0.027845,0.774513,5.054071,-0.02,-0.8,-0.02,-0.25,-0.6,-2.0,0.500007,-0.158606,-0.002806,0.0,-0.056272,-0.014318,-0.016361,-0.038883,0.842226,-0.04409,-0.122973,-0.009341,-0.023512,1.841726,2.076768,-0.078765,-0.000769,-0.01659,23.391304,0.013944,0.08308,0.115063
542,154.147079,1000.0,0.899811,0.87542,0.0,0.0,0.042869,75540.0,0.104059,0.244104,0.194076,0.340893,-0.027084,0.736997,5.094357,-0.02,-0.8,-0.02,-0.25,-0.6,-2.0,0.500007,-0.16081,-0.002137,0.0,-0.055952,-0.014332,-0.015715,-0.038156,0.840152,-0.044298,-0.123937,-0.009629,-0.024472,1.843299,2.061043,-0.077063,-0.000725,-0.01707,4.043478,0.012072,0.075891,0.103056
543,155.070709,1000.0,0.904859,0.873588,0.0,0.0,0.04281,73288.0,0.107359,0.24015,0.209617,0.359821,-0.027372,0.786406,5.10434,-0.02,-0.8,-0.02,-0.25,-0.6,-2.0,0.500007,-0.157426,-0.001937,0.0,-0.057698,-0.014439,-0.016339,-0.038907,0.849107,-0.044645,-0.132227,-0.009021,-0.023303,1.835736,2.05828,-0.078139,-0.000723,-0.023654,6.625,0.014324,0.073361,0.100999
544,155.458069,1000.0,0.905666,0.870782,0.0,0.0,0.042758,73850.0,0.103557,0.231906,0.205462,0.344047,-0.025966,0.766682,5.077138,-0.02,-0.8,-0.02,-0.25,-0.6,-2.0,0.500007,-0.159169,-0.001699,0.0,-0.054204,-0.013776,-0.015636,-0.037292,0.846987,-0.041815,-0.121629,-0.008603,-0.022295,1.847687,2.097021,-0.073852,-0.000785,-0.020191,6.391304,0.013004,0.084461,0.112568
545,154.893143,1000.0,0.896194,0.870316,0.0,0.0,0.042782,51019.0,0.10469,0.237603,0.2053,0.357702,-0.027112,0.781387,5.081874,-0.02,-0.8,-0.02,-0.25,-0.6,-2.0,0.500007,-0.158919,-0.001708,0.0,-0.056525,-0.014322,-0.016062,-0.038301,0.843494,-0.043014,-0.12628,-0.009293,-0.02314,1.839906,2.067513,-0.077509,-0.000552,-0.018492,5.958333,0.013651,0.069836,0.116859
546,155.663925,1000.0,0.901885,0.867342,0.0,0.0,0.042766,74617.0,0.105567,0.232088,0.211624,0.360911,-0.028045,0.785182,5.03117,-0.02,-0.8,-0.02,-0.25,-0.6,-2.0,0.500007,-0.159927,-0.002387,0.0,-0.056313,-0.014286,-0.016239,-0.038892,0.849603,-0.043307,-0.122721,-0.008923,-0.023372,1.84357,2.082567,-0.078205,-0.000708,-0.018828,6.958333,0.012611,0.07637,0.113212
547,155.229324,1000.0,0.901992,0.859451,0.0,0.0,0.042664,73577.0,0.104457,0.237471,0.206119,0.350947,-0.027101,0.766116,5.079656,-0.02,-0.8,-0.02,-0.25,-0.6,-2.0,0.500007,-0.15658,-0.00213,0.0,-0.055927,-0.014143,-0.01575,-0.03858,0.846524,-0.042987,-0.127703,-0.009156,-0.023439,1.844316,2.07139,-0.07684,-0.0006,-0.015396,6.333333,0.012436,0.076109,0.105094
548,155.58429,1000.0,0.905856,0.880345,0.0,0.0,0.04258,74491.0,0.101817,0.226048,0.198347,0.338346,-0.025669,0.746103,5.084621,-0.02,-0.8,-0.02,-0.25,-0.6,-2.0,0.500007,-0.157272,-0.001525,0.0,-0.053165,-0.013679,-0.015219,-0.03689,0.837803,-0.04181,-0.118668,-0.008716,-0.02195,1.852142,2.11231,-0.073504,-0.00068,-0.019268,5.583333,0.012122,0.070362,0.114357
549,155.704483,1000.0,0.908076,0.861428,0.0,0.0,0.042433,66910.0,0.102586,0.230182,0.199,0.338039,-0.02602,0.738378,5.067946,-0.02,-0.8,-0.02,-0.25,-0.6,-2.0,0.500007,-0.15935,-0.001789,0.0,-0.053413,-0.013598,-0.015018,-0.036254,0.837075,-0.040455,-0.117375,-0.008441,-0.02241,1.847639,2.112107,-0.073297,-0.000635,-0.019867,5.5,0.011633,0.081755,0.114224
