iteration,reward,episode_length,height_reward,upright_reward,tipped_over,collapsed,exploration,steps_per_second,speed_error,turn_error,stepping,leg_swing,dragging,ground_covered,landing_force,Curriculum/ease_in_effort/weight,Curriculum/ease_in_landing/weight,Curriculum/ease_in_shake/weight,Curriculum/ease_in_smoothness/weight,Curriculum/ease_in_steadiness/weight,Curriculum/ease_in_straightness/weight,Episode_Reward/alive,Episode_Reward/effort,Episode_Reward/end_stops,Episode_Reward/fell_over,Episode_Reward/hard_landing,Episode_Reward/jitter,Episode_Reward/joint_shock,Episode_Reward/landing_speed,Episode_Reward/posture,Episode_Reward/rocking,Episode_Reward/shaking,Episode_Reward/skidding,Episode_Reward/swing_height,Episode_Reward/track_speed,Episode_Reward/track_turn,Episode_Reward/twitching,Episode_Reward/veering,Episode_Reward/wandering,Episode_Termination/nose_dived,Episode_Termination/out_of_bounds,Episode_Termination/time_out,Metrics/posture/error_height,Metrics/posture/error_pitch,Metrics/posture/error_roll
0,-1.983966,20.67,0.008059,0.007896,3.913043,38.0,0.980021,34529.0,0.008473,0.027446,0.00078,0.005614,-0.003492,0.002756,35.120659,-0.0002,-0.1,-0.002,-0.05,-0.06,-0.2,0.005797,-6.1e-05,-0.00021,-0.020104,-0.027114,-0.040617,-0.004942,-0.000356,0.008571,-0.008139,-0.003592,-0.010165,-0.00161,0.007016,0.002339,-0.014127,-6.8e-05,-0.000121,37.652176,0.0,4.26087,0.099621,0.129335,0.379685
1,-3.015975,41.450001,0.022095,0.018894,22.0,0.5,0.956951,13679.0,0.021975,0.068477,0.003974,0.016258,-0.005036,0.008328,22.071844,-0.0002,-0.1,-0.002,-0.05,-0.06,-0.2,0.016054,-0.000167,-0.000431,-0.034606,-0.030047,-0.112984,-0.007483,-0.000832,0.022966,-0.016714,-0.006581,-0.008205,-0.003581,0.016066,0.007009,-0.038391,-0.000252,-0.001046,0.875,0.0,3.583333,0.034162,0.158312,0.685614
2,-3.473115,52.990002,0.031931,0.030261,21.416668,0.625,0.935506,15637.0,0.030114,0.099369,0.00538,0.023019,-0.006762,0.012369,22.027395,-0.0002,-0.1,-0.002,-0.05,-0.06,-0.2,0.024536,-0.000253,-0.000571,-0.034795,-0.043019,-0.165831,-0.010783,-0.001305,0.03402,-0.021862,-0.008661,-0.01192,-0.005294,0.028261,0.012045,-0.056198,-0.000427,-0.001584,0.791667,0.0,3.291667,0.036697,0.157874,0.688141
3,-4.418004,73.150002,0.040968,0.04347,18.791668,0.416667,0.911886,12953.0,0.038859,0.130445,0.007147,0.029327,-0.008765,0.015367,21.570923,-0.0002,-0.1,-0.002,-0.05,-0.06,-0.2,0.033095,-0.000337,-0.000827,-0.03406,-0.055607,-0.218415,-0.014312,-0.001796,0.045948,-0.027511,-0.01081,-0.015383,-0.007118,0.040566,0.016547,-0.073918,-0.000764,-0.002749,1.208333,0.0,3.416667,0.036296,0.16909,0.653222
4,-4.208637,88.769997,0.052754,0.053637,19.791668,0.291667,0.886625,14479.0,0.048158,0.165326,0.009101,0.039801,-0.011179,0.022332,21.415382,-0.0002,-0.1,-0.002,-0.05,-0.06,-0.2,0.041515,-0.000418,-0.000979,-0.034357,-0.069362,-0.263771,-0.017378,-0.002244,0.059618,-0.033635,-0.012263,-0.018993,-0.009066,0.050611,0.021036,-0.089559,-0.001518,-0.004472,0.875,0.0,3.416667,0.033825,0.157036,0.675446
5,-4.613487,97.199997,0.058951,0.059896,17.5,0.25,0.859341,13417.0,0.050155,0.176347,0.009761,0.039423,-0.011754,0.021605,21.215553,-0.0002,-0.1,-0.002,-0.05,-0.06,-0.2,0.045261,-0.000457,-0.001081,-0.034991,-0.074975,-0.274903,-0.018924,-0.002433,0.064187,-0.036246,-0.013325,-0.020659,-0.009708,0.057749,0.023652,-0.093572,-0.00233,-0.006168,0.791667,0.0,2.625,0.034563,0.161981,0.686437
6,-4.079888,102.120003,0.063055,0.066624,15.166667,0.208333,0.833364,13395.0,0.057535,0.196707,0.01043,0.04561,-0.012784,0.023688,20.949741,-0.0002,-0.1,-0.002,-0.05,-0.06,-0.2,0.05019,-0.000498,-0.001254,-0.034037,-0.082258,-0.291238,-0.019958,-0.002662,0.071812,-0.038419,-0.014249,-0.022503,-0.010999,0.059831,0.026167,-0.099477,-0.002102,-0.006393,0.958333,0.0,2.833333,0.033984,0.154537,0.675459
7,-4.768337,123.019997,0.071289,0.077423,14.416667,0.291667,0.809834,14400.0,0.064683,0.223295,0.01212,0.050431,-0.01419,0.027509,20.630161,-0.0002,-0.1,-0.002,-0.05,-0.06,-0.2,0.05687,-0.000558,-0.001222,-0.03491,-0.089571,-0.317541,-0.022525,-0.003036,0.080552,-0.043374,-0.015836,-0.025315,-0.011838,0.068305,0.029711,-0.108576,-0.002703,-0.010744,0.25,0.0,2.25,0.033439,0.154274,0.696557
8,-4.880054,137.389999,0.082138,0.089849,13.791667,0.375,0.788175,13105.0,0.072705,0.258862,0.013483,0.056933,-0.016207,0.030465,20.470486,-0.0002,-0.1,-0.002,-0.05,-0.06,-0.2,0.066782,-0.000662,-0.001596,-0.034529,-0.104747,-0.356059,-0.025494,-0.003461,0.094162,-0.047775,-0.017825,-0.028432,-0.014338,0.085589,0.036849,-0.122221,-0.004007,-0.013835,0.458333,0.0,2.375,0.032262,0.166305,0.647525
9,-4.895362,155.449997,0.089869,0.096913,14.833334,0.333333,0.766024,14777.0,0.080504,0.277935,0.015708,0.062192,-0.017691,0.03231,20.29847,-0.0002,-0.1,-0.002,-0.05,-0.06,-0.2,0.070126,-0.000676,-0.001586,-0.034884,-0.111627,-0.359677,-0.026364,-0.003635,0.103906,-0.050768,-0.019366,-0.029866,-0.0151,0.081402,0.037416,-0.123818,-0.004858,-0.014115,0.791667,0.0,2.333333,0.03321,0.16225,0.679882
10,-4.461433,170.279999,0.10214,0.107529,14.0,0.291667,0.746208,14338.0,0.087938,0.303209,0.016079,0.068379,-0.018385,0.03532,20.140701,-0.0002,-0.1,-0.002,-0.05,-0.06,-0.2,0.080074,-0.000777,-0.001711,-0.03512,-0.118055,-0.396013,-0.029445,-0.004095,0.111756,-0.055072,-0.019843,-0.033082,-0.016505,0.098136,0.045948,-0.136501,-0.004743,-0.019257,0.208333,0.0,2.083333,0.032772,0.16322,0.701825
11,-3.608021,171.229996,0.104203,0.112111,14.583334,0.125,0.727863,52654.0,0.089829,0.312361,0.017337,0.065906,-0.019133,0.034427,20.02462,-0.0002,-0.1,-0.002,-0.05,-0.06,-0.2,0.081427,-0.000775,-0.001553,-0.03591,-0.119323,-0.383807,-0.02952,-0.004136,0.116794,-0.056883,-0.020247,-0.033533,-0.016783,0.101308,0.046342,-0.13281,-0.005844,-0.018356,0.291667,0.0,1.625,0.032456,0.151486,0.712974
12,-3.795772,170.679993,0.10554,0.115464,16.0,0.041667,0.710796,51788.0,0.095172,0.324562,0.0175,0.070156,-0.019649,0.03628,19.88475,-0.0002,-0.1,-0.002,-0.05,-0.06,-0.2,0.084983,-0.00081,-0.00182,-0.0368,-0.124303,-0.382551,-0.029682,-0.004234,0.121227,-0.057422,-0.021318,-0.03431,-0.017596,0.103274,0.04997,-0.132601,-0.005235,-0.021364,0.333333,0.0,1.458333,0.036445,0.153384,0.710697
13,-2.861638,181.020004,0.117689,0.121929,14.916667,0.125,0.698539,52445.0,0.096936,0.330462,0.019042,0.070944,-0.020181,0.036235,19.722797,-0.0002,-0.1,-0.002,-0.05,-0.06,-0.2,0.088998,-0.000839,-0.00179,-0.035127,-0.127359,-0.385737,-0.030621,-0.004388,0.128022,-0.057568,-0.020774,-0.035321,-0.018442,0.109682,0.054625,-0.13401,-0.005843,-0.017354,0.166667,0.0,2.25,0.032202,0.147643,0.699223
14,-2.198349,183.410004,0.113471,0.122441,15.208334,0.0,0.689553,52365.0,0.094136,0.330315,0.019143,0.070547,-0.019941,0.038837,19.64994,-0.0002,-0.1,-0.002,-0.05,-0.06,-0.2,0.088348,-0.000826,-0.001743,-0.035907,-0.124866,-0.365196,-0.029397,-0.004317,0.129021,-0.05557,-0.020212,-0.033773,-0.018058,0.11301,0.055882,-0.12719,-0.005229,-0.020133,0.25,0.0,1.625,0.03056,0.147645,0.695922
15,-1.988235,187.279999,0.119274,0.133729,15.833334,0.083333,0.681797,52224.0,0.101349,0.35057,0.019612,0.073464,-0.020669,0.040529,19.758566,-0.0002,-0.1,-0.002,-0.05,-0.06,-0.2,0.095161,-0.000885,-0.001774,-0.036595,-0.133717,-0.382464,-0.030871,-0.004564,0.137436,-0.058616,-0.02176,-0.035164,-0.019542,0.122192,0.061255,-0.133467,-0.009026,-0.024842,0.5,0.0,1.625,0.032773,0.162877,0.678824
16,-1.78234,207.399994,0.129238,0.141031,17.416668,0.083333,0.673452,52527.0,0.108522,0.372339,0.023455,0.085541,-0.023505,0.048916,19.51334,-0.0002,-0.1,-0.002,-0.05,-0.06,-0.2,0.101086,-0.000925,-0.001848,-0.036945,-0.144211,-0.39589,-0.0329,-0.004794,0.152559,-0.061705,-0.022921,-0.037498,-0.020967,0.126306,0.064097,-0.138311,-0.011993,-0.032053,0.333333,0.0,1.5,0.032331,0.154269,0.698551
17,-1.29534,213.119995,0.132201,0.140221,14.416667,0.041667,0.666083,52355.0,0.109206,0.368487,0.024749,0.084947,-0.024144,0.048874,19.563395,-0.0002,-0.1,-0.002,-0.05,-0.06,-0.2,0.101843,-0.000921,-0.001776,-0.035628,-0.144586,-0.385191,-0.032533,-0.004754,0.155976,-0.060659,-0.022171,-0.037025,-0.021311,0.127165,0.066798,-0.134823,-0.009456,-0.036549,0.291667,0.0,1.75,0.031549,0.150486,0.674879
18,0.304159,200.309998,0.133002,0.145135,15.083334,0.125,0.65888,52237.0,0.107357,0.370482,0.023519,0.079379,-0.022559,0.047085,19.457829,-0.0002,-0.1,-0.002,-0.05,-0.06,-0.2,0.102761,-0.00093,-0.001816,-0.037446,-0.135888,-0.367227,-0.031343,-0.004625,0.152162,-0.059945,-0.022508,-0.035543,-0.020471,0.137694,0.070306,-0.129076,-0.008007,-0.027164,0.25,0.0,1.041667,0.033968,0.155679,0.700135
19,-0.103396,225.539993,0.148189,0.155547,13.375,0.041667,0.652599,51370.0,0.110725,0.387757,0.025128,0.087969,-0.024303,0.054997,19.304043,-0.0002,-0.1,-0.002,-0.05,-0.06,-0.2,0.109151,-0.000984,-0.001943,-0.036655,-0.14811,-0.390524,-0.033148,-0.005005,0.164071,-0.062792,-0.023393,-0.037956,-0.022471,0.154068,0.076341,-0.137188,-0.012579,-0.034788,0.166667,0.0,1.166667,0.03228,0.157823,0.681392
20,0.289053,222.110001,0.140651,0.149287,12.791667,0.083333,0.645514,52548.0,0.110874,0.382324,0.024625,0.079419,-0.023323,0.049212,19.296429,-0.0002,-0.1,-0.002,-0.05,-0.06,-0.2,0.107519,-0.00096,-0.002089,-0.036961,-0.13685,-0.362833,-0.03245,-0.004785,0.157612,-0.060633,-0.023449,-0.037102,-0.020669,0.150942,0.075579,-0.127961,-0.009816,-0.029246,0.125,0.0,1.166667,0.033855,0.168833,0.683775
21,0.663825,242.460007,0.151809,0.162244,9.833334,0.041667,0.638477,52537.0,0.121868,0.40858,0.027771,0.095346,-0.026242,0.057822,19.108311,-0.0002,-0.1,-0.002,-0.05,-0.06,-0.2,0.114133,-0.001018,-0.002304,-0.03547,-0.157162,-0.387331,-0.034835,-0.005104,0.175531,-0.065851,-0.025725,-0.040232,-0.023681,0.146106,0.079336,-0.136513,-0.011238,-0.038477,0.375,0.0,1.291667,0.034617,0.164919,0.662701
22,1.387596,248.270004,0.157731,0.168012,9.541667,0.083333,0.631537,52700.0,0.122796,0.427376,0.028368,0.091555,-0.026155,0.056316,19.108868,-0.0002,-0.1,-0.002,-0.05,-0.06,-0.2,0.119939,-0.001057,-0.002419,-0.036301,-0.153887,-0.389192,-0.03488,-0.00521,0.178274,-0.066063,-0.026728,-0.040614,-0.023252,0.165644,0.087129,-0.137705,-0.011922,-0.029892,0.333333,0.0,1.083333,0.035867,0.151373,0.683006
23,0.607616,265.980011,0.162183,0.175849,7.833333,0.0,0.624098,52407.0,0.128898,0.430594,0.027576,0.089975,-0.025631,0.05593,19.048077,-0.0002,-0.1,-0.002,-0.05,-0.06,-0.2,0.121993,-0.001046,-0.002484,-0.037336,-0.148821,-0.378446,-0.03528,-0.005335,0.177809,-0.068234,-0.028017,-0.041648,-0.022798,0.162619,0.087025,-0.134384,-0.011858,-0.050649,0.083333,0.0,0.583333,0.033674,0.153381,0.693535
24,2.366513,271.779999,0.191597,0.200493,8.125,0.208333,0.618635,51977.0,0.144804,0.492114,0.028924,0.096696,-0.027256,0.057033,18.95174,-0.0002,-0.1,-0.002,-0.05,-0.06,-0.2,0.143636,-0.00128,-0.003087,-0.036099,-0.166146,-0.455027,-0.040994,-0.006202,0.200564,-0.076002,-0.030037,-0.0468,-0.025652,0.213924,0.111121,-0.161176,-0.012248,-0.040537,0.333333,0.0,0.916667,0.03538,0.162339,0.671503
25,4.461595,269.01001,0.182264,0.190594,6.333333,0.166667,0.611644,52816.0,0.127944,0.454887,0.031546,0.098217,-0.027702,0.06637,19.008846,-0.0002,-0.1,-0.002,-0.05,-0.06,-0.2,0.133796,-0.001183,-0.002944,-0.034314,-0.1706,-0.40557,-0.037361,-0.005659,0.200762,-0.069135,-0.027449,-0.042167,-0.026435,0.208661,0.106379,-0.14428,-0.012857,-0.045324,0.208333,0.0,1.125,0.034673,0.166571,0.643447
26,4.021267,299.839996,0.206935,0.211164,5.625,0.041667,0.605535,52069.0,0.148297,0.506562,0.03472,0.116112,-0.030112,0.07945,18.840155,-0.0002,-0.1,-0.002,-0.05,-0.06,-0.2,0.146375,-0.001262,-0.003287,-0.034678,-0.178963,-0.442184,-0.04139,-0.006368,0.218105,-0.078072,-0.032703,-0.046846,-0.026959,0.211067,0.113827,-0.156981,-0.014329,-0.031983,0.125,0.0,1.0,0.032074,0.174616,0.645844
27,4.390681,352.5,0.219136,0.241725,4.416667,0.083333,0.599251,45947.0,0.167298,0.555237,0.040883,0.132181,-0.034975,0.088144,18.784803,-0.0002,-0.1,-0.002,-0.05,-0.06,-0.2,0.165593,-0.001446,-0.003467,-0.032349,-0.203203,-0.49546,-0.046151,-0.007034,0.249017,-0.083641,-0.034765,-0.052349,-0.031247,0.244515,0.136326,-0.176141,-0.020078,-0.085949,0.333333,0.0,1.0,0.033168,0.18419,0.576314
28,5.543827,364.609985,0.262154,0.276735,4.416667,0.041667,0.595378,47486.0,0.190971,0.642077,0.048251,0.136869,-0.039939,0.083234,18.781464,-0.0002,-0.1,-0.002,-0.05,-0.06,-0.2,0.187558,-0.001618,-0.004199,-0.033407,-0.22406,-0.546685,-0.052681,-0.007791,0.286508,-0.096016,-0.039245,-0.05778,-0.035103,0.261399,0.147953,-0.19445,-0.014815,-0.052409,0.125,0.0,0.958333,0.037897,0.151279,0.63072
29,5.450364,381.779999,0.263261,0.261551,3.833333,0.041667,0.589329,47070.0,0.184511,0.637582,0.046335,0.137435,-0.039833,0.090582,18.726784,-0.0002,-0.1,-0.002,-0.05,-0.06,-0.2,0.184168,-0.001592,-0.004553,-0.032744,-0.243568,-0.543511,-0.049984,-0.008008,0.288125,-0.0938,-0.038275,-0.057291,-0.03765,0.270773,0.149134,-0.193281,-0.015046,-0.044921,0.208333,0.0,0.958333,0.038064,0.163445,0.582202
30,5.938659,370.26001,0.237385,0.26987,3.0,0.0,0.583518,46603.0,0.176204,0.599272,0.041694,0.138235,-0.036165,0.088958,18.660049,-0.0002,-0.1,-0.002,-0.05,-0.06,-0.2,0.181194,-0.001577,-0.00465,-0.031066,-0.234832,-0.513207,-0.048571,-0.007626,0.274805,-0.087464,-0.036028,-0.054371,-0.036998,0.26568,0.159674,-0.183218,-0.023061,-0.067006,0.375,0.0,1.083333,0.033504,0.209074,0.571184
31,6.255876,404.299988,0.25259,0.277804,3.708333,0.083333,0.578019,47205.0,0.187398,0.635183,0.03979,0.134273,-0.036459,0.07958,18.456944,-0.0002,-0.1,-0.002,-0.05,-0.06,-0.2,0.188366,-0.001663,-0.004411,-0.032238,-0.222247,-0.533714,-0.049684,-0.007826,0.271393,-0.091161,-0.037382,-0.058865,-0.034393,0.275629,0.16173,-0.190508,-0.020868,-0.071659,0.25,0.0,1.041667,0.035676,0.177467,0.594262
32,5.899077,408.950012,0.274032,0.299577,2.75,0.041667,0.571979,49924.0,0.200529,0.657354,0.044188,0.137358,-0.038319,0.083963,18.531046,-0.0002,-0.1,-0.002,-0.05,-0.06,-0.2,0.201925,-0.0017,-0.004817,-0.032917,-0.228911,-0.543173,-0.05341,-0.008413,0.290718,-0.099761,-0.043564,-0.062515,-0.035922,0.300908,0.172543,-0.194673,-0.02365,-0.094292,0.041667,0.0,0.75,0.036881,0.164909,0.580765
33,7.793989,410.079987,0.288155,0.308883,2.791667,0.083333,0.567266,52380.0,0.213654,0.720226,0.053096,0.166104,-0.044595,0.108257,18.450008,-0.0002,-0.1,-0.002,-0.05,-0.06,-0.2,0.212497,-0.001807,-0.00517,-0.029844,-0.258145,-0.597575,-0.058153,-0.008895,0.324279,-0.1039,-0.043944,-0.064824,-0.03987,0.303751,0.17778,-0.213058,-0.013662,-0.050238,0.166667,0.0,1.083333,0.036697,0.185638,0.555676
34,9.251197,487.869995,0.336478,0.355401,2.375,0.0,0.561544,52612.0,0.240255,0.778355,0.05649,0.169986,-0.047839,0.107617,18.38345,-0.0002,-0.1,-0.002,-0.05,-0.06,-0.2,0.243071,-0.002089,-0.006206,-0.028028,-0.305179,-0.668899,-0.062396,-0.010355,0.372305,-0.110409,-0.048261,-0.069788,-0.047032,0.332573,0.230239,-0.239061,-0.027574,-0.088357,0.125,0.0,0.958333,0.033795,0.182852,0.54626
35,11.385904,497.929993,0.344279,0.380612,2.217391,0.0,0.555778,53468.0,0.235151,0.818587,0.060115,0.18617,-0.047423,0.13636,18.359701,-0.0002,-0.1,-0.002,-0.05,-0.06,-0.2,0.253022,-0.002144,-0.00679,-0.029954,-0.270646,-0.682998,-0.065481,-0.010127,0.36855,-0.11753,-0.050711,-0.071863,-0.042534,0.443066,0.228544,-0.244048,-0.031789,-0.112644,0.130435,0.0,0.869565,0.034342,0.187359,0.489078
36,10.366262,481.140015,0.306318,0.31751,2.086957,0.043478,0.549805,52789.0,0.225115,0.705828,0.051937,0.148998,-0.04252,0.088032,18.373882,-0.0002,-0.1,-0.002,-0.05,-0.06,-0.2,0.216413,-0.001841,-0.005033,-0.030981,-0.247499,-0.573885,-0.057468,-0.008922,0.319212,-0.103472,-0.045191,-0.062698,-0.038783,0.311003,0.195796,-0.205648,-0.018164,-0.087967,0.173913,0.0,0.652174,0.033096,0.238657,0.592652
37,11.216501,484.559998,0.332185,0.327651,1.772727,0.0,0.543665,54029.0,0.229758,0.745439,0.069681,0.191125,-0.052411,0.136061,18.278229,-0.0002,-0.1,-0.002,-0.05,-0.06,-0.2,0.228971,-0.001864,-0.005556,-0.030545,-0.287919,-0.576495,-0.059273,-0.009108,0.369655,-0.108908,-0.05144,-0.065987,-0.04543,0.330596,0.203938,-0.207631,-0.015533,-0.083727,0.181818,0.0,0.681818,0.032478,0.22157,0.569025
38,11.983155,463.089996,0.353286,0.359453,2.695652,0.043478,0.538376,52963.0,0.246862,0.792563,0.06426,0.191404,-0.049196,0.12776,18.087952,-0.0002,-0.1,-0.002,-0.05,-0.06,-0.2,0.250873,-0.002105,-0.006498,-0.033391,-0.284927,-0.617567,-0.06127,-0.010007,0.381906,-0.108167,-0.048936,-0.070428,-0.045217,0.361013,0.245461,-0.222715,-0.015305,-0.062641,0.304348,0.0,0.565217,0.03436,0.19389,0.614269
39,14.777032,619.150024,0.437871,0.492565,2.043478,0.086957,0.533479,53639.0,0.325479,1.0384,0.070238,0.233047,-0.060019,0.145528,18.10253,-0.0002,-0.1,-0.002,-0.05,-0.06,-0.2,0.325524,-0.002791,-0.007566,-0.023052,-0.364896,-0.870595,-0.084344,-0.013513,0.470658,-0.151217,-0.06548,-0.098542,-0.05692,0.471584,0.304232,-0.311363,-0.035489,-0.097691,0.130435,0.0,1.434783,0.042243,0.176937,0.405237
40,14.414865,572.650024,0.384912,0.417102,1.772727,0.0,0.528047,54720.0,0.273364,0.899205,0.073612,0.221584,-0.057323,0.144331,18.156261,-0.0002,-0.1,-0.002,-0.05,-0.06,-0.2,0.284976,-0.002372,-0.007712,-0.027273,-0.330533,-0.73602,-0.074334,-0.011528,0.434362,-0.132604,-0.05724,-0.081572,-0.051299,0.416701,0.278095,-0.263765,-0.04795,-0.083852,0.090909,0.0,0.863636,0.030709,0.180215,0.54917
41,20.770617,957.900024,0.478176,0.502901,1.5,0.0,0.522698,53938.0,0.329149,1.063556,0.082442,0.23508,-0.065126,0.158959,18.042028,-0.0002,-0.1,-0.002,-0.05,-0.06,-0.2,0.338794,-0.00284,-0.009462,-0.022213,-0.395284,-0.889778,-0.08475,-0.014187,0.510436,-0.149389,-0.06583,-0.095885,-0.062267,0.496539,0.33802,-0.318666,-0.041665,-0.164924,0.045455,0.0,7.045455,0.045314,0.182388,0.442961
42,22.338266,843.5,0.550072,0.594065,1.208333,0.0,0.517021,53230.0,0.364777,1.231487,0.092103,0.268894,-0.070942,0.180866,18.090424,-0.0002,-0.1,-0.002,-0.05,-0.06,-0.2,0.387101,-0.003195,-0.009822,-0.016294,-0.410525,-1.002807,-0.095852,-0.015843,0.569637,-0.170069,-0.075659,-0.107794,-0.064123,0.625126,0.378098,-0.359799,-0.039587,-0.174006,0.291667,0.0,3.041667,0.032506,0.173592,0.324756
43,27.177313,849.710022,0.604177,0.62468,1.833333,0.125,0.511503,52168.0,0.378082,1.318337,0.09697,0.292443,-0.075253,0.205337,17.931126,-0.0002,-0.1,-0.002,-0.05,-0.06,-0.2,0.418661,-0.003506,-0.010795,-0.010992,-0.459375,-1.07255,-0.103052,-0.017129,0.612338,-0.176476,-0.076298,-0.116458,-0.072632,0.725865,0.428133,-0.385263,-0.040918,-0.149676,0.291667,0.0,5.625,0.031998,0.185176,0.276552
44,26.712383,826.929993,0.553286,0.603553,1.291667,0.041667,0.50582,52781.0,0.361208,1.244701,0.089579,0.267255,-0.071982,0.188832,18.100126,-0.0002,-0.1,-0.002,-0.05,-0.06,-0.2,0.402579,-0.003394,-0.011568,-0.012693,-0.437936,-0.977985,-0.095386,-0.016427,0.586827,-0.167873,-0.072138,-0.112497,-0.06965,0.721354,0.424707,-0.353065,-0.028296,-0.128818,0.208333,0.0,4.041667,0.036461,0.180099,0.302616
45,27.813202,860.890015,0.588167,0.655212,1.333333,0.041667,0.500566,51610.0,0.386543,1.309491,0.093359,0.287032,-0.074554,0.192783,18.053589,-0.0002,-0.1,-0.002,-0.05,-0.06,-0.2,0.432865,-0.003702,-0.013852,-0.009885,-0.486898,-1.013064,-0.099887,-0.016933,0.640512,-0.168911,-0.073862,-0.11292,-0.077976,0.740417,0.490359,-0.366951,-0.033607,-0.17078,0.166667,0.0,5.375,0.031866,0.185102,0.249088
46,30.747801,860.409973,0.622309,0.660064,1.5,0.083333,0.494795,53147.0,0.399624,1.333874,0.107414,0.316901,-0.081275,0.222739,17.939388,-0.0002,-0.1,-0.002,-0.05,-0.06,-0.2,0.436926,-0.003617,-0.012279,-0.008616,-0.491733,-0.984807,-0.099059,-0.017009,0.672171,-0.171361,-0.076156,-0.11387,-0.07946,0.70972,0.481848,-0.357822,-0.028082,-0.173111,0.125,0.0,5.5,0.032483,0.168135,0.249163
47,31.361485,880.369995,0.609133,0.658771,1.125,0.041667,0.490123,53267.0,0.392798,1.292347,0.100626,0.307769,-0.077314,0.215961,17.941044,-0.0002,-0.1,-0.002,-0.05,-0.06,-0.2,0.43868,-0.003683,-0.012094,-0.008453,-0.480126,-0.960398,-0.09974,-0.01697,0.656928,-0.167807,-0.074489,-0.113287,-0.078562,0.743757,0.507428,-0.349892,-0.039309,-0.187955,0.083333,0.0,4.541667,0.034522,0.157197,0.225196
48,37.641945,915.309998,0.649922,0.67764,1.083333,0.041667,0.484844,53399.0,0.395977,1.322672,0.105122,0.321752,-0.078926,0.238828,17.942059,-0.0002,-0.1,-0.002,-0.05,-0.06,-0.2,0.445,-0.003664,-0.014076,-0.007107,-0.482202,-0.939171,-0.098865,-0.017085,0.675749,-0.16756,-0.078947,-0.113235,-0.077358,0.77668,0.519637,-0.343046,-0.027125,-0.14442,0.0,0.0,4.875,0.032756,0.164486,0.226726
49,34.718403,870.450012,0.573439,0.62602,1.333333,0.083333,0.479477,52130.0,0.373499,1.197211,0.10124,0.295341,-0.071836,0.217015,17.837803,-0.0002,-0.1,-0.002,-0.05,-0.06,-0.2,0.415278,-0.003384,-0.013701,-0.010436,-0.427946,-0.845259,-0.091831,-0.015698,0.620993,-0.155861,-0.0721,-0.10359,-0.068748,0.701633,0.491787,-0.309921,-0.030632,-0.1242,0.333333,0.0,4.875,0.032496,0.191611,0.298539
50,37.005741,859.75,0.613914,0.663646,1.0,0.125,0.474984,52682.0,0.384699,1.260597,0.102911,0.292356,-0.073929,0.214322,17.989906,-0.0002,-0.1,-0.002,-0.05,-0.06,-0.2,0.439419,-0.003639,-0.014898,-0.008574,-0.444051,-0.868141,-0.096184,-0.016266,0.642165,-0.158634,-0.076667,-0.108089,-0.073239,0.796397,0.541802,-0.318725,-0.031742,-0.14775,0.375,0.0,4.916667,0.036382,0.179299,0.22641
51,39.13485,853.530029,0.624087,0.668428,1.208333,0.083333,0.470175,53266.0,0.378933,1.240289,0.110789,0.286035,-0.075681,0.212905,17.827488,-0.0002,-0.1,-0.002,-0.05,-0.06,-0.2,0.43726,-0.003531,-0.014197,-0.009355,-0.445288,-0.844091,-0.090334,-0.015919,0.663499,-0.153387,-0.073269,-0.101453,-0.072658,0.79594,0.547147,-0.310654,-0.023678,-0.146933,0.125,0.0,4.583333,0.03319,0.186208,0.254445
52,39.515232,818.359985,0.590658,0.621661,1.666667,0.083333,0.465221,52112.0,0.356603,1.143742,0.100282,0.265736,-0.066308,0.199788,17.864576,-0.0002,-0.1,-0.002,-0.05,-0.06,-0.2,0.409714,-0.003351,-0.014905,-0.011919,-0.38683,-0.762244,-0.08599,-0.01477,0.596271,-0.1412,-0.069034,-0.09499,-0.063523,0.764616,0.533138,-0.281343,-0.018693,-0.11557,0.0,0.0,4.875,0.037257,0.163094,0.26094
53,41.894699,838.289978,0.606283,0.650553,1.333333,0.0,0.461845,52065.0,0.376711,1.195044,0.110819,0.294898,-0.072364,0.221024,17.683868,-0.0002,-0.1,-0.002,-0.05,-0.06,-0.2,0.425415,-0.00343,-0.016025,-0.008216,-0.422997,-0.777641,-0.086123,-0.014974,0.648112,-0.14319,-0.071257,-0.095117,-0.069605,0.738235,0.562645,-0.287425,-0.023707,-0.110593,0.125,0.0,6.083333,0.029688,0.175373,0.244719
54,46.149284,928.309998,0.65565,0.702304,0.875,0.041667,0.458131,52817.0,0.39466,1.286474,0.113365,0.2845,-0.074347,0.216174,17.781998,-0.0002,-0.1,-0.002,-0.05,-0.06,-0.2,0.462275,-0.00373,-0.017132,-0.007266,-0.433902,-0.824246,-0.093548,-0.016267,0.678264,-0.150767,-0.079065,-0.103736,-0.071245,0.883223,0.618626,-0.305117,-0.018841,-0.121171,0.083333,0.0,5.375,0.031069,0.188547,0.212408
55,46.002487,921.049988,0.629874,0.672409,1.416667,0.041667,0.454629,53195.0,0.394528,1.216003,0.11176,0.297988,-0.072798,0.221078,17.694941,-0.0002,-0.1,-0.002,-0.05,-0.06,-0.2,0.442791,-0.003531,-0.016474,-0.007263,-0.417549,-0.774153,-0.089452,-0.015532,0.659944,-0.144188,-0.074549,-0.098719,-0.068628,0.777549,0.599101,-0.286953,-0.018005,-0.13111,0.166667,0.0,6.333333,0.029628,0.183537,0.217669
56,46.345425,902.25,0.633744,0.681033,1.708333,0.041667,0.450245,52254.0,0.392365,1.19259,0.112631,0.297735,-0.071466,0.220534,17.781212,-0.0002,-0.1,-0.002,-0.05,-0.06,-0.2,0.442863,-0.003496,-0.017272,-0.008464,-0.412757,-0.752641,-0.086212,-0.015294,0.661301,-0.138772,-0.074263,-0.094822,-0.068044,0.774284,0.625618,-0.279704,-0.017274,-0.149245,0.166667,0.0,6.416667,0.030001,0.188812,0.240095
57,49.817482,912.530029,0.653474,0.696795,1.083333,0.0,0.446585,53096.0,0.398645,1.217458,0.115506,0.299844,-0.073729,0.221031,17.487022,-0.0002,-0.1,-0.002,-0.05,-0.06,-0.2,0.453019,-0.003586,-0.017647,-0.006077,-0.427982,-0.75655,-0.086891,-0.015413,0.684311,-0.139449,-0.074245,-0.095749,-0.072027,0.80101,0.650618,-0.281676,-0.015099,-0.064894,0.125,0.0,7.041667,0.030338,0.181864,0.1999
58,48.266777,897.099976,0.647121,0.675632,1.125,0.166667,0.44317,51658.0,0.388156,1.181652,0.11734,0.30133,-0.073499,0.233138,17.525196,-0.0002,-0.1,-0.002,-0.05,-0.06,-0.2,0.445328,-0.003494,-0.018471,-0.007513,-0.407188,-0.725712,-0.088052,-0.015104,0.664602,-0.139089,-0.077761,-0.094631,-0.067685,0.809185,0.646451,-0.27067,-0.017702,-0.112972,0.375,0.0,7.083333,0.033582,0.183416,0.208935
59,50.788288,927.159973,0.63286,0.685215,1.5,0.041667,0.438442,53063.0,0.386578,1.177301,0.119758,0.302947,-0.073643,0.233065,17.531986,-0.0002,-0.1,-0.002,-0.05,-0.06,-0.2,0.451307,-0.003577,-0.018995,-0.005714,-0.426428,-0.723904,-0.086222,-0.015229,0.688199,-0.133625,-0.073828,-0.09354,-0.070852,0.82506,0.680821,-0.270273,-0.017307,-0.127439,0.208333,0.0,8.166667,0.030253,0.185276,0.185281
60,55.057346,960.070007,0.64643,0.694195,0.875,0.041667,0.43528,53200.0,0.387817,1.179848,0.124837,0.307613,-0.073993,0.241944,17.462713,-0.0002,-0.1,-0.002,-0.05,-0.06,-0.2,0.453397,-0.003506,-0.020024,-0.006087,-0.408662,-0.712812,-0.085334,-0.014891,0.689887,-0.132112,-0.07617,-0.089166,-0.067807,0.841488,0.70011,-0.266269,-0.015397,-0.11955,0.333333,0.0,6.916667,0.031165,0.18826,0.191476
61,53.434498,899.900024,0.626769,0.679797,1.333333,0.125,0.431387,52573.0,0.37109,1.132603,0.118458,0.292811,-0.069462,0.232554,17.364407,-0.0002,-0.1,-0.002,-0.05,-0.06,-0.2,0.445675,-0.003498,-0.01895,-0.006478,-0.383488,-0.685471,-0.081878,-0.014509,0.664037,-0.125957,-0.071728,-0.087119,-0.064302,0.86556,0.71119,-0.256513,-0.013232,-0.119446,0.291667,0.0,7.208333,0.030288,0.191566,0.209513
62,48.215542,827.98999,0.596688,0.644097,1.166667,0.125,0.428605,51631.0,0.35174,1.064037,0.1127,0.277099,-0.065737,0.226321,17.452942,-0.0002,-0.1,-0.002,-0.05,-0.06,-0.2,0.417069,-0.003195,-0.017971,-0.008773,-0.368846,-0.62907,-0.076044,-0.013587,0.628467,-0.118451,-0.068025,-0.081817,-0.061511,0.796563,0.658643,-0.235821,-0.012466,-0.135966,0.291667,0.0,5.708333,0.029483,0.192221,0.215364
63,52.795803,906.090027,0.613579,0.673837,1.291667,0.041667,0.424744,52323.0,0.38009,1.104639,0.113364,0.293347,-0.067508,0.228439,17.449177,-0.0002,-0.1,-0.002,-0.05,-0.06,-0.2,0.438115,-0.00343,-0.022728,-0.008299,-0.388551,-0.645002,-0.079236,-0.014208,0.657148,-0.12249,-0.071899,-0.085362,-0.064958,0.788362,0.715535,-0.242408,-0.012707,-0.086597,0.208333,0.0,5.791667,0.034986,0.213291,0.231639
64,50.243557,836.26001,0.586019,0.633771,1.333333,0.25,0.420591,52203.0,0.36242,1.030462,0.118686,0.290274,-0.067952,0.231479,17.367107,-0.0002,-0.1,-0.002,-0.05,-0.06,-0.2,0.410672,-0.003101,-0.018273,-0.010438,-0.367665,-0.593,-0.074307,-0.013065,0.63692,-0.113827,-0.070258,-0.078071,-0.060738,0.728316,0.666527,-0.222722,-0.013346,-0.111655,0.416667,0.0,5.625,0.033417,0.222761,0.232195
65,50.755295,805.340027,0.558477,0.608375,1.583333,0.083333,0.416749,53160.0,0.3354,0.992501,0.107878,0.262106,-0.060762,0.22107,17.255959,-0.0002,-0.1,-0.002,-0.05,-0.06,-0.2,0.39786,-0.002999,-0.018355,-0.011267,-0.323597,-0.563621,-0.069382,-0.012545,0.589619,-0.109816,-0.06852,-0.07357,-0.054044,0.785031,0.656236,-0.212164,-0.009204,-0.095458,0.291667,0.0,4.625,0.033535,0.186295,0.250381
66,51.538322,834.380005,0.590721,0.649491,1.333333,0.125,0.413758,51973.0,0.367277,1.034649,0.117239,0.294373,-0.066448,0.226417,17.037567,-0.0002,-0.1,-0.002,-0.05,-0.06,-0.2,0.423354,-0.003282,-0.021953,-0.009657,-0.376483,-0.589868,-0.073067,-0.013292,0.647213,-0.111389,-0.066577,-0.077331,-0.063697,0.739213,0.732543,-0.2222,-0.008066,-0.115752,0.291667,0.0,5.208333,0.030653,0.203518,0.244051
67,52.444275,822.76001,0.569466,0.62194,1.333333,0.083333,0.410073,53253.0,0.342461,0.984528,0.115582,0.268081,-0.063853,0.222283,17.358067,-0.0002,-0.1,-0.002,-0.05,-0.06,-0.2,0.40665,-0.003065,-0.020845,-0.010151,-0.340713,-0.557642,-0.069874,-0.012571,0.620781,-0.105925,-0.066069,-0.072962,-0.057116,0.783263,0.711999,-0.210482,-0.008592,-0.116218,0.333333,0.0,4.916667,0.032909,0.206472,0.25034
68,51.656212,778.859985,0.564808,0.597746,1.333333,0.0,0.406579,52398.0,0.323203,0.914817,0.105873,0.256499,-0.057531,0.202447,17.147413,-0.0002,-0.1,-0.002,-0.05,-0.06,-0.2,0.391073,-0.003013,-0.017478,-0.01046,-0.329281,-0.526183,-0.065056,-0.011858,0.591283,-0.096263,-0.060849,-0.0671,-0.05514,0.744747,0.730709,-0.198463,-0.007716,-0.08573,0.208333,0.0,3.958333,0.033822,0.204646,0.256881
69,50.913048,738.780029,0.531501,0.578854,1.208333,0.125,0.402281,53130.0,0.307966,0.851557,0.105452,0.25424,-0.056183,0.210599,17.10881,-0.0002,-0.1,-0.002,-0.05,-0.06,-0.2,0.382123,-0.00294,-0.02068,-0.013375,-0.313762,-0.500664,-0.061152,-0.011327,0.579969,-0.089649,-0.058158,-0.064148,-0.052963,0.759079,0.763301,-0.189239,-0.006309,-0.093189,0.375,0.0,3.083333,0.035136,0.183298,0.306898
70,51.582001,790.72998,0.565332,0.618238,1.130435,0.086957,0.398556,53823.0,0.350202,0.979143,0.122139,0.28581,-0.067739,0.241486,17.06469,-0.0002,-0.1,-0.002,-0.05,-0.06,-0.2,0.402493,-0.002998,-0.022868,-0.012723,-0.352062,-0.521829,-0.068663,-0.012381,0.63831,-0.106163,-0.068462,-0.071301,-0.058853,0.720373,0.711624,-0.197546,-0.009795,-0.102456,0.347826,0.0,3.217391,0.035011,0.210817,0.292596
71,51.776012,759.140015,0.513828,0.53029,1.043478,0.173913,0.396127,53177.0,0.295105,0.809941,0.098748,0.225533,-0.052095,0.186792,17.032791,-0.0002,-0.1,-0.002,-0.05,-0.06,-0.2,0.353892,-0.002598,-0.016244,-0.015412,-0.278089,-0.447398,-0.058264,-0.010721,0.524426,-0.087278,-0.059427,-0.058769,-0.046358,0.688707,0.680573,-0.16965,-0.00865,-0.113009,0.304348,0.0,2.73913,0.036596,0.203061,0.325444
72,55.118374,812.179993,0.535556,0.608918,1.208333,0.125,0.393278,52894.0,0.33997,0.914468,0.106845,0.266004,-0.058783,0.214688,16.876024,-0.0002,-0.1,-0.002,-0.05,-0.06,-0.2,0.397861,-0.003035,-0.020768,-0.014008,-0.33304,-0.496471,-0.062375,-0.011623,0.601226,-0.092633,-0.060552,-0.064758,-0.057041,0.727347,0.786595,-0.188508,-0.007621,-0.089891,0.083333,0.0,2.583333,0.037295,0.161449,0.282049
73,60.824711,861.580017,0.595431,0.633541,0.772727,0.0,0.390551,54614.0,0.329928,0.936508,0.109826,0.248586,-0.059381,0.217646,16.977806,-0.0002,-0.1,-0.002,-0.05,-0.06,-0.2,0.412741,-0.003055,-0.020198,-0.011584,-0.308509,-0.507443,-0.065285,-0.01204,0.604058,-0.094601,-0.066529,-0.066574,-0.051708,0.864051,0.815437,-0.192535,-0.006024,-0.081027,0.363636,0.0,3.181818,0.034072,0.222728,0.255432
74,53.54879,772.940002,0.540223,0.591565,1.086957,0.043478,0.387254,53580.0,0.320739,0.863297,0.0972,0.2281,-0.052253,0.186278,16.7346,-0.0002,-0.1,-0.002,-0.05,-0.06,-0.2,0.38737,-0.002937,-0.021896,-0.012696,-0.287857,-0.468903,-0.063659,-0.011531,0.55904,-0.091853,-0.061984,-0.063616,-0.048856,0.774603,0.770025,-0.177927,-0.004238,-0.075786,0.217391,0.0,2.521739,0.031562,0.205549,0.304862
75,57.25341,790.02002,0.588653,0.608318,1.041667,0.125,0.384299,52014.0,0.329099,0.920583,0.127672,0.29368,-0.064026,0.266788,16.846039,-0.0002,-0.1,-0.002,-0.05,-0.06,-0.2,0.400409,-0.002881,-0.022103,-0.012617,-0.327696,-0.47536,-0.063463,-0.011584,0.62669,-0.095091,-0.066613,-0.063639,-0.053842,0.803616,0.777833,-0.18119,-0.006626,-0.097748,0.291667,0.0,2.458333,0.036453,0.21691,0.254845
76,55.498901,747.309998,0.565893,0.615645,1.416667,0.125,0.381566,53170.0,0.316725,0.867013,0.116686,0.26146,-0.059348,0.229943,16.896122,-0.0002,-0.1,-0.002,-0.05,-0.06,-0.2,0.384088,-0.00278,-0.02287,-0.015185,-0.311943,-0.445214,-0.058704,-0.011102,0.601992,-0.086406,-0.061622,-0.059364,-0.052207,0.752674,0.792824,-0.169782,-0.004373,-0.066705,0.291667,0.0,2.625,0.034398,0.204311,0.319067
77,54.69595,735.659973,0.525229,0.602458,0.958333,0.166667,0.378773,53748.0,0.311424,0.849314,0.112579,0.258841,-0.05477,0.221286,16.830429,-0.0002,-0.1,-0.002,-0.05,-0.06,-0.2,0.384805,-0.002924,-0.022422,-0.014486,-0.300132,-0.43735,-0.056898,-0.010491,0.59305,-0.083659,-0.059057,-0.056196,-0.049765,0.773507,0.830091,-0.167402,-0.005089,-0.076201,0.291667,0.0,1.916667,0.038741,0.214604,0.276842
78,57.330219,781.429993,0.57636,0.595241,1.428571,0.047619,0.376387,54778.0,0.325622,0.855665,0.109241,0.252412,-0.055676,0.208107,16.867283,-0.0002,-0.1,-0.002,-0.05,-0.06,-0.2,0.391257,-0.002894,-0.022889,-0.016032,-0.291053,-0.43665,-0.05758,-0.010773,0.588668,-0.08159,-0.059021,-0.058463,-0.048735,0.746654,0.837964,-0.166809,-0.005043,-0.118741,0.238095,0.0,2.190476,0.034342,0.21692,0.337264
79,56.671642,749.200012,0.485139,0.512619,1.0,0.083333,0.373932,51457.0,0.279237,0.731297,0.10276,0.235645,-0.052328,0.214462,16.70232,-0.0002,-0.1,-0.002,-0.05,-0.06,-0.2,0.334331,-0.00233,-0.019231,-0.019611,-0.247533,-0.36721,-0.05129,-0.009482,0.515195,-0.076047,-0.059788,-0.050732,-0.04126,0.666053,0.689907,-0.140475,-0.00422,-0.085224,0.125,0.0,1.541667,0.036852,0.215078,0.36182
80,66.245667,857.359985,0.659011,0.700371,0.47619,0.0,0.371394,54992.0,0.36918,0.965678,0.137301,0.317689,-0.068598,0.295485,16.673817,-0.0002,-0.1,-0.002,-0.05,-0.06,-0.2,0.455616,-0.003238,-0.025322,-0.006181,-0.349198,-0.503438,-0.066632,-0.012853,0.712288,-0.095542,-0.070483,-0.068235,-0.059027,0.915836,0.996166,-0.192868,-0.006166,-0.102128,0.190476,0.0,2.666667,0.035502,0.173781,0.196053
81,60.726421,769.219971,0.56258,0.629829,0.875,0.083333,0.368767,52578.0,0.318673,0.8385,0.113748,0.259895,-0.056944,0.23651,16.863668,-0.0002,-0.1,-0.002,-0.05,-0.06,-0.2,0.400451,-0.002942,-0.024303,-0.012917,-0.312337,-0.43011,-0.058163,-0.011185,0.613805,-0.081568,-0.061137,-0.058291,-0.05119,0.830072,0.913313,-0.165364,-0.005543,-0.102949,0.291667,0.0,2.208333,0.042397,0.173429,0.282799
82,59.813534,764.580017,0.559451,0.595514,0.772727,0.045455,0.366767,54200.0,0.316918,0.813719,0.108733,0.252371,-0.053563,0.224173,16.798439,-0.0002,-0.1,-0.002,-0.05,-0.06,-0.2,0.398898,-0.002961,-0.027197,-0.013909,-0.28842,-0.421399,-0.058119,-0.010783,0.593672,-0.079489,-0.062566,-0.055937,-0.04897,0.826833,0.939247,-0.161112,-0.005434,-0.087543,0.227273,0.0,1.863636,0.033941,0.217439,0.300381
83,68.787544,852.590027,0.572073,0.606914,1.291667,0.0,0.365088,51865.0,0.3102,0.810621,0.116411,0.253798,-0.053574,0.238504,16.924292,-0.0002,-0.1,-0.002,-0.05,-0.06,-0.2,0.397407,-0.002833,-0.025078,-0.014296,-0.275677,-0.416831,-0.054272,-0.010734,0.589107,-0.081278,-0.063322,-0.055491,-0.044662,0.880744,0.936099,-0.16,-0.004446,-0.191604,0.208333,0.0,6.083333,0.033936,0.220187,0.329883
84,73.116264,905.659973,0.598037,0.646086,1.041667,0.0,0.362884,47571.0,0.337768,0.858658,0.119222,0.263973,-0.055493,0.227496,16.909643,-0.0002,-0.1,-0.002,-0.05,-0.06,-0.2,0.424032,-0.003077,-0.028527,-0.009023,-0.290232,-0.438313,-0.05556,-0.010935,0.637075,-0.078785,-0.060121,-0.054907,-0.0485,0.850885,1.037327,-0.16779,-0.004945,-0.069271,0.041667,0.0,4.958333,0.030125,0.198923,0.244843
85,68.942398,871.27002,0.63178,0.637192,1.0,0.083333,0.360202,50178.0,0.357531,0.898046,0.128619,0.281033,-0.061301,0.242835,16.719097,-0.0002,-0.1,-0.002,-0.05,-0.06,-0.2,0.437752,-0.003159,-0.027752,-0.007903,-0.30794,-0.44948,-0.0621,-0.011393,0.670055,-0.083184,-0.066072,-0.059204,-0.052082,0.858016,1.044891,-0.172335,-0.00442,-0.083685,0.25,0.0,5.291667,0.034588,0.215221,0.239055
86,73.599663,891.950012,0.67809,0.686488,0.583333,0.083333,0.358095,51032.0,0.365404,0.919399,0.139408,0.29955,-0.06442,0.26788,16.712767,-0.0002,-0.1,-0.002,-0.05,-0.06,-0.2,0.456106,-0.003231,-0.029475,-0.006556,-0.317269,-0.459902,-0.062569,-0.011891,0.705552,-0.086079,-0.06568,-0.060691,-0.054568,0.915164,1.102417,-0.177001,-0.006127,-0.112497,0.291667,0.0,4.708333,0.035822,0.202033,0.182323
87,73.19558,878.47998,0.640562,0.679797,0.875,0.083333,0.356411,49362.0,0.354917,0.894294,0.139696,0.299923,-0.063775,0.280948,16.78097,-0.0002,-0.1,-0.002,-0.05,-0.06,-0.2,0.449321,-0.003228,-0.030196,-0.007644,-0.32285,-0.446274,-0.061206,-0.011859,0.701424,-0.084144,-0.066813,-0.060457,-0.053184,0.942075,1.107897,-0.17198,-0.004236,-0.118882,0.166667,0.0,5.375,0.034256,0.184194,0.225917
88,76.056259,912.390015,0.63232,0.660831,0.958333,0.125,0.354318,46815.0,0.357346,0.883091,0.130357,0.273768,-0.058198,0.245398,16.69915,-0.0002,-0.1,-0.002,-0.05,-0.06,-0.2,0.449569,-0.003212,-0.02875,-0.008052,-0.28727,-0.4395,-0.057875,-0.011304,0.673304,-0.080153,-0.062266,-0.055993,-0.048657,0.924407,1.136323,-0.169123,-0.003207,-0.076014,0.25,0.0,5.041667,0.035226,0.206936,0.194878
89,77.042725,912.549988,0.664759,0.682012,0.75,0.125,0.352102,48798.0,0.369403,0.897398,0.135604,0.298005,-0.062021,0.267156,16.732018,-0.0002,-0.1,-0.002,-0.05,-0.06,-0.2,0.454917,-0.003253,-0.032199,-0.008227,-0.314307,-0.439743,-0.059294,-0.011645,0.700356,-0.080471,-0.065188,-0.057544,-0.053019,0.90343,1.158357,-0.169375,-0.004253,-0.092077,0.333333,0.0,4.666667,0.034902,0.214075,0.208164
90,75.036415,875.960022,0.641374,0.687557,0.875,0.041667,0.349941,49812.0,0.344127,0.853694,0.132144,0.283062,-0.058154,0.262125,16.735619,-0.0002,-0.1,-0.002,-0.05,-0.06,-0.2,0.446701,-0.003146,-0.029653,-0.006827,-0.291483,-0.427344,-0.057263,-0.011224,0.675065,-0.077621,-0.06375,-0.054889,-0.05004,0.950893,1.180831,-0.164541,-0.004401,-0.0865,0.25,0.0,4.583333,0.035044,0.187498,0.183416
91,80.524956,940.109985,0.619055,0.671927,0.875,0.0,0.34809,49296.0,0.351049,0.857868,0.133186,0.283724,-0.05871,0.25531,16.712177,-0.0002,-0.1,-0.002,-0.05,-0.06,-0.2,0.451217,-0.003246,-0.03039,-0.007155,-0.294399,-0.424873,-0.056641,-0.011247,0.683861,-0.075064,-0.062669,-0.054665,-0.049679,0.928596,1.212571,-0.163983,-0.004194,-0.092767,0.208333,0.0,4.833333,0.036612,0.19288,0.23749
92,70.490044,818.27002,0.636024,0.653563,1.041667,0.166667,0.345606,45742.0,0.351192,0.832006,0.131978,0.285059,-0.05912,0.25696,16.623203,-0.0002,-0.1,-0.002,-0.05,-0.06,-0.2,0.431386,-0.003062,-0.031064,-0.007296,-0.296472,-0.40303,-0.054892,-0.010849,0.661104,-0.073912,-0.061374,-0.052656,-0.049691,0.841817,1.140597,-0.155731,-0.004165,-0.102175,0.125,0.0,4.875,0.042029,0.19026,0.210707
93,79.480652,895.5,0.633045,0.659813,0.791667,0.0,0.343079,47828.0,0.347665,0.826187,0.135565,0.286196,-0.057779,0.267018,16.729828,-0.0002,-0.1,-0.002,-0.05,-0.06,-0.2,0.440018,-0.003054,-0.028759,-0.006643,-0.279678,-0.406414,-0.056812,-0.011147,0.665697,-0.073823,-0.063917,-0.05319,-0.046987,0.929654,1.180991,-0.157372,-0.003176,-0.103673,0.208333,0.0,4.625,0.037725,0.206744,0.195668
94,78.801949,900.349976,0.631999,0.652801,1.0,0.041667,0.340705,49235.0,0.342731,0.807427,0.126021,0.271221,-0.056684,0.247152,16.557913,-0.0002,-0.1,-0.002,-0.05,-0.06,-0.2,0.435777,-0.003099,-0.029129,-0.008741,-0.27661,-0.394618,-0.05501,-0.010702,0.65156,-0.07306,-0.061228,-0.053071,-0.04715,0.908475,1.202273,-0.152882,-0.003173,-0.103033,0.416667,0.0,5.708333,0.040683,0.208236,0.230634
95,78.216904,878.659973,0.661544,0.699613,0.625,0.041667,0.33873,49826.0,0.351911,0.854657,0.12626,0.279917,-0.057125,0.262677,16.671558,-0.0002,-0.1,-0.002,-0.05,-0.06,-0.2,0.458895,-0.003253,-0.030861,-0.005847,-0.274864,-0.412249,-0.058211,-0.011386,0.668517,-0.074862,-0.065039,-0.054366,-0.046621,1.014536,1.260507,-0.160019,-0.004021,-0.105643,0.25,0.0,5.0,0.033632,0.183904,0.190209
96,79.114662,893.140015,0.672967,0.669646,0.916667,0.041667,0.33606,46030.0,0.349979,0.821557,0.134842,0.28226,-0.057489,0.269856,16.6481,-0.0002,-0.1,-0.002,-0.05,-0.06,-0.2,0.448926,-0.003076,-0.031273,-0.006788,-0.283919,-0.398716,-0.053852,-0.011051,0.683019,-0.071187,-0.063002,-0.051403,-0.047521,0.955065,1.271806,-0.154344,-0.003283,-0.122867,0.291667,0.0,5.625,0.032654,0.224002,0.202729
97,80.149208,893.369995,0.627247,0.656631,0.958333,0.041667,0.334336,48024.0,0.339967,0.80887,0.130147,0.274364,-0.056485,0.251747,16.66787,-0.0002,-0.1,-0.002,-0.05,-0.06,-0.2,0.442523,-0.003178,-0.031375,-0.006511,-0.286707,-0.38593,-0.05247,-0.010499,0.681668,-0.068183,-0.058992,-0.050105,-0.04841,0.929112,1.282275,-0.149702,-0.00318,-0.089433,0.291667,0.0,6.166667,0.035152,0.216566,0.210095
98,76.956299,848.679993,0.634883,0.647223,1.0,0.041667,0.332213,45295.0,0.345186,0.802872,0.127624,0.2738,-0.054796,0.248362,16.393293,-0.0002,-0.1,-0.002,-0.05,-0.06,-0.2,0.440032,-0.003097,-0.02815,-0.006834,-0.267963,-0.380362,-0.052658,-0.01051,0.65411,-0.069212,-0.06,-0.050222,-0.04488,0.911942,1.259375,-0.147988,-0.003036,-0.113267,0.458333,0.0,6.333333,0.037158,0.228624,0.230591
99,77.550835,848.059998,0.636034,0.651452,1.375,0.083333,0.329794,50707.0,0.335391,0.782391,0.12924,0.280123,-0.056029,0.264242,16.232456,-0.000275,-0.108333,-0.002167,-0.053125,-0.06375,-0.2125,0.436606,-0.003107,-0.029104,-0.006793,-0.279161,-0.370933,-0.052272,-0.010504,0.669941,-0.067854,-0.059423,-0.049643,-0.046715,0.939272,1.264611,-0.144596,-0.003607,-0.143266,0.208333,0.0,6.916667,0.034868,0.200688,0.209677
100,78.662888,890.97998,0.637536,0.656282,1.0,0.125,0.327588,15935.0,0.347157,0.802515,0.133241,0.285177,-0.058808,0.264232,16.494696,-0.002,-0.3,-0.006,-0.125,-0.15,-0.5,0.441259,-0.003455,-0.029943,-0.006899,-0.28607,-0.374023,-0.053192,-0.010945,0.686196,-0.072401,-0.066182,-0.050835,-0.048803,0.898061,1.27273,-0.148094,-0.002876,-0.110521,0.25,0.0,6.958333,0.036108,0.193036,0.208026
101,82.694992,901.159973,0.652701,0.681783,1.166667,0.041667,0.325214,12990.0,0.351792,0.803426,0.135805,0.28186,-0.055581,0.263185,16.47665,-0.002,-0.3,-0.006,-0.125,-0.15,-0.5,0.458415,-0.004299,-0.031104,-0.006105,-0.270632,-0.380415,-0.052302,-0.011332,0.690055,-0.074633,-0.068215,-0.049224,-0.046156,0.975565,1.38491,-0.155628,-0.003156,-0.095538,0.208333,0.0,7.625,0.037206,0.200552,0.197323
102,81.997368,892.190002,0.672095,0.689382,0.625,0.083333,0.322766,14281.0,0.363489,0.831901,0.13599,0.292232,-0.058218,0.267233,16.420464,-0.002,-0.3,-0.006,-0.125,-0.15,-0.5,0.47019,-0.005192,-0.02987,-0.004143,-0.286592,-0.387466,-0.055126,-0.012307,0.71334,-0.075349,-0.073391,-0.051595,-0.048417,0.990267,1.416218,-0.163271,-0.00332,-0.101001,0.125,0.0,6.375,0.031251,0.197315,0.175237
103,81.306236,880.820007,0.657293,0.663201,1.083333,0.083333,0.320682,13432.0,0.337067,0.769498,0.137002,0.280483,-0.056237,0.27201,16.321201,-0.002,-0.3,-0.006,-0.125,-0.15,-0.5,0.448092,-0.005475,-0.029523,-0.006484,-0.270338,-0.36465,-0.05049,-0.012251,0.683814,-0.074806,-0.071602,-0.048308,-0.04597,0.989001,1.363512,-0.15836,-0.003518,-0.119501,0.041667,0.0,6.333333,0.033827,0.198924,0.217496
104,85.466721,928.849976,0.653783,0.673963,0.75,0.083333,0.317908,13638.0,0.34128,0.796385,0.135233,0.278607,-0.05682,0.27078,16.192127,-0.002,-0.3,-0.006,-0.125,-0.15,-0.5,0.45341,-0.00636,-0.031213,-0.005232,-0.267743,-0.364995,-0.05209,-0.012637,0.688693,-0.077149,-0.076594,-0.047875,-0.045736,1.024547,1.379507,-0.163435,-0.00303,-0.125254,0.041667,0.0,6.041667,0.032879,0.181881,0.205874
105,80.024155,851.799988,0.640435,0.63092,1.208333,0.166667,0.316586,13886.0,0.327547,0.738942,0.127748,0.269727,-0.052466,0.255761,16.371206,-0.002,-0.3,-0.006,-0.125,-0.15,-0.5,0.425509,-0.006705,-0.029577,-0.008508,-0.25059,-0.336195,-0.04748,-0.012409,0.646916,-0.075533,-0.075676,-0.04552,-0.042073,0.90354,1.332443,-0.155696,-0.002698,-0.120024,0.375,0.0,6.166667,0.034614,0.203482,0.218806
106,79.429436,852.440002,0.637008,0.647379,1.041667,0.25,0.314871,12596.0,0.328677,0.752073,0.131648,0.272824,-0.055477,0.263222,16.315229,-0.002,-0.3,-0.006,-0.125,-0.15,-0.5,0.433496,-0.007496,-0.030085,-0.007528,-0.27271,-0.339494,-0.0483,-0.013485,0.676642,-0.07863,-0.081231,-0.045892,-0.046487,0.936676,1.336842,-0.162189,-0.002986,-0.126242,0.125,0.0,4.916667,0.032802,0.195763,0.20949
107,88.893394,934.090027,0.637163,0.662005,1.26087,0.0,0.313251,15147.0,0.330019,0.749538,0.129026,0.255096,-0.052581,0.246913,16.293587,-0.002,-0.3,-0.006,-0.125,-0.15,-0.5,0.43754,-0.008053,-0.030099,-0.00761,-0.243634,-0.338874,-0.048388,-0.013452,0.646458,-0.077901,-0.082835,-0.04554,-0.041029,0.976089,1.387568,-0.165492,-0.002269,-0.098283,0.173913,0.0,5.304348,0.036573,0.184019,0.226809
108,77.894241,833.390015,0.585267,0.600294,1.375,0.083333,0.311374,13038.0,0.307348,0.681688,0.119655,0.250704,-0.049442,0.240319,16.324638,-0.002,-0.3,-0.006,-0.125,-0.15,-0.5,0.397761,-0.008129,-0.025574,-0.010524,-0.2336,-0.304857,-0.044852,-0.01295,0.602583,-0.076911,-0.082788,-0.041985,-0.039384,0.846718,1.261022,-0.154906,-0.003839,-0.108123,0.166667,0.0,5.333333,0.034217,0.202529,0.252625
109,80.543976,854.73999,0.626323,0.658308,1.0,0.041667,0.309449,14815.0,0.331322,0.746462,0.134148,0.274973,-0.054625,0.267981,16.208368,-0.002,-0.3,-0.006,-0.125,-0.15,-0.5,0.434658,-0.009504,-0.029226,-0.007815,-0.258838,-0.330325,-0.049277,-0.014884,0.666818,-0.083715,-0.093533,-0.046984,-0.043178,0.955824,1.369451,-0.171973,-0.002932,-0.097935,0.166667,0.0,4.25,0.03588,0.190357,0.205911
110,87.186012,899.630005,0.656135,0.64353,0.708333,0.041667,0.306829,18693.0,0.329464,0.719055,0.133302,0.266256,-0.052406,0.258542,16.202358,-0.002,-0.3,-0.006,-0.125,-0.15,-0.5,0.43876,-0.010191,-0.028684,-0.007225,-0.248184,-0.326854,-0.0469,-0.014635,0.663608,-0.080398,-0.092051,-0.043232,-0.041575,0.97497,1.45099,-0.173655,-0.002825,-0.06699,0.208333,0.0,4.083333,0.027105,0.2121,0.209482
111,76.022118,797.880005,0.571138,0.572878,1.086957,0.043478,0.305386,53736.0,0.297477,0.637263,0.114868,0.239483,-0.046374,0.221491,15.975506,-0.002,-0.3,-0.006,-0.125,-0.15,-0.5,0.395618,-0.010106,-0.02771,-0.011064,-0.220735,-0.291518,-0.042153,-0.013307,0.596199,-0.075109,-0.082612,-0.038586,-0.037873,0.858375,1.349905,-0.159131,-0.003161,-0.061521,0.347826,0.0,3.565217,0.034792,0.226584,0.280976
112,86.28083,871.25,0.649045,0.652929,0.75,0.083333,0.303318,52879.0,0.309332,0.716977,0.128722,0.261177,-0.050488,0.256457,15.842448,-0.002,-0.3,-0.006,-0.125,-0.15,-0.5,0.432947,-0.011701,-0.028538,-0.01006,-0.243416,-0.312867,-0.044834,-0.015312,0.659109,-0.084347,-0.093461,-0.042257,-0.04169,0.999051,1.465742,-0.177206,-0.002415,-0.058095,0.291667,0.0,3.208333,0.034851,0.205886,0.250725
113,79.328865,858.960022,0.597354,0.629162,0.695652,0.043478,0.301511,53808.0,0.324821,0.726227,0.111969,0.236155,-0.048395,0.221804,15.950378,-0.002,-0.3,-0.006,-0.125,-0.15,-0.5,0.426311,-0.012277,-0.029054,-0.009551,-0.237756,-0.307993,-0.044237,-0.015883,0.616447,-0.089059,-0.101729,-0.04421,-0.040297,0.937094,1.39329,-0.179757,-0.004082,-0.100821,0.130435,0.0,2.956522,0.041613,0.191608,0.222516
114,86.207344,885.900024,0.625693,0.642046,0.708333,0.0,0.299326,50724.0,0.312378,0.685806,0.125135,0.255226,-0.048073,0.250465,15.87673,-0.002,-0.3,-0.006,-0.125,-0.15,-0.5,0.422065,-0.01256,-0.029994,-0.010075,-0.230944,-0.299598,-0.042153,-0.015366,0.636888,-0.081701,-0.093269,-0.039091,-0.037989,0.952208,1.470317,-0.177397,-0.003566,-0.096126,0.125,0.0,3.125,0.033711,0.230207,0.239172
115,76.280701,799.679993,0.589646,0.614431,0.875,0.0,0.297219,53544.0,0.315744,0.686599,0.135749,0.278586,-0.053605,0.278368,15.825225,-0.002,-0.3,-0.006,-0.125,-0.15,-0.5,0.411446,-0.012579,-0.031038,-0.010879,-0.240067,-0.293468,-0.045361,-0.015702,0.638425,-0.091133,-0.104525,-0.041551,-0.041143,0.895478,1.352184,-0.177824,-0.003817,-0.158995,0.291667,0.0,2.958333,0.040825,0.229811,0.279825
116,78.605278,803.869995,0.588054,0.56948,1.041667,0.0,0.295365,51804.0,0.28646,0.63717,0.11751,0.23703,-0.046125,0.234865,15.794479,-0.002,-0.3,-0.006,-0.125,-0.15,-0.5,0.387311,-0.012715,-0.026393,-0.012127,-0.224235,-0.270035,-0.040452,-0.015442,0.594708,-0.081939,-0.096362,-0.036992,-0.037838,0.873266,1.325069,-0.169045,-0.002877,-0.056503,0.083333,0.0,3.041667,0.033038,0.206422,0.318539
117,80.066826,840.960022,0.640548,0.643084,0.869565,0.0,0.293375,53686.0,0.323067,0.708627,0.122215,0.250412,-0.048006,0.244699,15.737019,-0.002,-0.3,-0.006,-0.125,-0.15,-0.5,0.425354,-0.01397,-0.029046,-0.009195,-0.222421,-0.296696,-0.044506,-0.017309,0.622176,-0.091756,-0.110445,-0.041839,-0.037675,0.923795,1.425895,-0.18798,-0.004056,-0.10247,0.304348,0.0,3.217391,0.036058,0.219631,0.233767
118,81.571243,842.809998,0.620204,0.62833,0.791667,0.083333,0.291956,52504.0,0.315096,0.673232,0.127328,0.248328,-0.049986,0.247368,16.116447,-0.002,-0.3,-0.006,-0.125,-0.15,-0.5,0.416086,-0.014399,-0.029471,-0.008824,-0.23673,-0.285458,-0.043231,-0.017695,0.635113,-0.090845,-0.112256,-0.041307,-0.03977,0.93731,1.435587,-0.185637,-0.004407,-0.162806,0.166667,0.0,3.458333,0.035201,0.222812,0.246937
119,79.240433,824.140015,0.552685,0.560336,0.958333,0.041667,0.289665,50986.0,0.295531,0.618258,0.117766,0.225745,-0.044771,0.208516,15.821709,-0.002,-0.3,-0.006,-0.125,-0.15,-0.5,0.386712,-0.014936,-0.02964,-0.013421,-0.216099,-0.259617,-0.039372,-0.016296,0.594854,-0.083446,-0.107339,-0.035171,-0.037493,0.82522,1.384868,-0.174383,-0.004024,-0.086283,0.083333,0.0,2.625,0.038159,0.25579,0.336336
120,77.354439,796.869995,0.573055,0.589102,0.954545,0.090909,0.287431,54726.0,0.295886,0.633787,0.116324,0.229999,-0.044459,0.21938,15.794722,-0.002,-0.3,-0.006,-0.125,-0.15,-0.5,0.392199,-0.015135,-0.024499,-0.01413,-0.207047,-0.259865,-0.038656,-0.016979,0.584074,-0.087905,-0.105267,-0.036051,-0.035416,0.867263,1.397312,-0.179017,-0.002962,-0.051238,0.090909,0.0,2.272727,0.03424,0.208203,0.328937
121,79.429466,800.969971,0.573185,0.608981,0.608696,0.0,0.285119,53888.0,0.303677,0.664955,0.118818,0.255715,-0.048588,0.251599,15.569373,-0.002,-0.3,-0.006,-0.125,-0.15,-0.5,0.411715,-0.016928,-0.028755,-0.010551,-0.238347,-0.269271,-0.039349,-0.017288,0.643279,-0.089009,-0.115283,-0.037411,-0.041241,0.906023,1.487353,-0.186472,-0.004099,-0.061498,0.173913,0.0,2.434783,0.031211,0.211667,0.26579
122,84.829887,859.909973,0.639102,0.659877,0.590909,0.090909,0.28322,53659.0,0.331752,0.698014,0.130337,0.271846,-0.051811,0.264927,15.600467,-0.002,-0.3,-0.006,-0.125,-0.15,-0.5,0.441944,-0.01864,-0.029504,-0.008061,-0.249963,-0.286115,-0.04281,-0.019292,0.689651,-0.09094,-0.111185,-0.040457,-0.041999,0.973877,1.617035,-0.202961,-0.004281,-0.083513,0.045455,0.0,2.454545,0.033669,0.216648,0.220686
123,89.414154,895.080017,0.697618,0.699251,0.391304,0.043478,0.281775,51529.0,0.342533,0.754598,0.140219,0.280546,-0.054134,0.279668,15.318535,-0.002,-0.3,-0.006,-0.125,-0.15,-0.5,0.466865,-0.019409,-0.028209,-0.005772,-0.248774,-0.302379,-0.045014,-0.020758,0.710565,-0.09722,-0.123362,-0.042505,-0.042444,1.081111,1.658915,-0.217231,-0.003479,-0.112935,0.173913,0.0,2.869565,0.033402,0.188974,0.196929
124,84.112244,834.059998,0.61832,0.617061,0.909091,0.0,0.280036,54923.0,0.302532,0.663196,0.130674,0.261732,-0.049634,0.262517,15.516394,-0.002,-0.3,-0.006,-0.125,-0.15,-0.5,0.42037,-0.01885,-0.028176,-0.012455,-0.235261,-0.266311,-0.040491,-0.019265,0.660646,-0.094645,-0.121884,-0.037573,-0.039058,0.969946,1.572851,-0.198194,-0.003858,-0.115319,0.318182,0.0,2.227273,0.036943,0.215902,0.284531
125,89.265709,893.130005,0.639815,0.661958,0.347826,0.043478,0.278239,53037.0,0.334951,0.708936,0.139163,0.270812,-0.052607,0.266247,15.416222,-0.002,-0.3,-0.006,-0.125,-0.15,-0.5,0.446092,-0.019282,-0.028321,-0.005783,-0.230611,-0.285184,-0.042783,-0.020063,0.692273,-0.09409,-0.12335,-0.039423,-0.039299,0.987281,1.624489,-0.211506,-0.003929,-0.08019,0.217391,0.0,6.913043,0.032592,0.192173,0.194887
126,94.709267,947.22998,0.66487,0.676606,0.875,0.0,0.27598,53325.0,0.347862,0.716127,0.137728,0.281131,-0.053837,0.269204,15.51664,-0.002,-0.3,-0.006,-0.125,-0.15,-0.5,0.462067,-0.021428,-0.030455,-0.006279,-0.245095,-0.289707,-0.044464,-0.021425,0.712055,-0.100918,-0.134667,-0.04099,-0.041961,0.985102,1.716776,-0.222068,-0.00431,-0.080942,0.125,0.0,5.583333,0.031965,0.202267,0.211336
127,92.998276,924.27002,0.677975,0.686829,0.5,0.041667,0.274367,53631.0,0.342269,0.709107,0.140626,0.279442,-0.051454,0.276537,15.405924,-0.002,-0.3,-0.006,-0.125,-0.15,-0.5,0.461329,-0.021284,-0.0304,-0.004956,-0.232031,-0.286096,-0.04321,-0.02161,0.697691,-0.097914,-0.132827,-0.04013,-0.039665,1.028078,1.752288,-0.221627,-0.004245,-0.120398,0.083333,0.0,4.666667,0.031315,0.194531,0.182912
128,92.826126,911.97998,0.66378,0.655492,0.625,0.166667,0.272569,53143.0,0.324722,0.669046,0.132117,0.270836,-0.050931,0.270732,15.552479,-0.002,-0.3,-0.006,-0.125,-0.15,-0.5,0.439356,-0.021043,-0.027788,-0.00686,-0.236131,-0.268537,-0.0404,-0.020894,0.685273,-0.094963,-0.129728,-0.037705,-0.039853,0.973386,1.668905,-0.212872,-0.004081,-0.119363,0.25,0.0,4.833333,0.034644,0.209685,0.192224
129,96.105896,945.609985,0.67885,0.695897,0.25,0.041667,0.270678,52966.0,0.337323,0.705449,0.136412,0.2778,-0.052327,0.285302,15.509681,-0.002,-0.3,-0.006,-0.125,-0.15,-0.5,0.469566,-0.02307,-0.02954,-0.003352,-0.231215,-0.285678,-0.043311,-0.022482,0.70711,-0.098902,-0.132496,-0.039603,-0.040107,1.089824,1.796236,-0.229339,-0.004773,-0.108609,0.25,0.0,5.666667,0.040906,0.208862,0.15288
130,87.347557,873.559998,0.667243,0.661535,0.608696,0.130435,0.269367,53654.0,0.323127,0.669959,0.120598,0.243865,-0.047505,0.24187,15.281146,-0.002,-0.3,-0.006,-0.125,-0.15,-0.5,0.444429,-0.022639,-0.027579,-0.006205,-0.217689,-0.266954,-0.041391,-0.022257,0.653374,-0.098837,-0.134438,-0.038147,-0.036686,1.029412,1.690433,-0.219274,-0.003398,-0.097297,0.173913,0.0,5.043478,0.038095,0.202967,0.182094
131,91.438759,903.380005,0.693087,0.657767,0.75,0.166667,0.268003,53284.0,0.337148,0.696756,0.13154,0.270989,-0.050401,0.260529,15.336239,-0.002,-0.3,-0.006,-0.125,-0.15,-0.5,0.449547,-0.023526,-0.028848,-0.006857,-0.228699,-0.266355,-0.040194,-0.022227,0.693591,-0.100651,-0.139442,-0.037214,-0.039454,0.955431,1.721787,-0.224069,-0.004214,-0.112713,0.25,0.0,4.5,0.034913,0.1946,0.214259
132,92.258392,905.51001,0.668804,0.657043,0.75,0.0,0.266788,50878.0,0.327718,0.674485,0.131396,0.262097,-0.049041,0.2596,15.256923,-0.002,-0.3,-0.006,-0.125,-0.15,-0.5,0.451093,-0.023861,-0.028362,-0.006048,-0.218906,-0.264211,-0.04112,-0.022357,0.67429,-0.102562,-0.141248,-0.036783,-0.037705,1.032745,1.766096,-0.225743,-0.004345,-0.075481,0.125,0.0,4.583333,0.032688,0.212325,0.190097
133,92.632812,906.630005,0.653965,0.675581,0.791667,0.0,0.265403,52688.0,0.336486,0.67964,0.130969,0.270949,-0.049426,0.269336,15.295364,-0.002,-0.3,-0.006,-0.125,-0.15,-0.5,0.453783,-0.025617,-0.030364,-0.006833,-0.22977,-0.26152,-0.040887,-0.02343,0.691949,-0.103615,-0.143155,-0.038431,-0.038831,1.004149,1.77712,-0.229151,-0.004203,-0.074267,0.291667,0.0,4.833333,0.041159,0.206753,0.198696
134,90.689377,869.97998,0.639249,0.666051,0.75,0.125,0.264073,53114.0,0.323796,0.645263,0.128999,0.272929,-0.04903,0.276647,15.176809,-0.002,-0.3,-0.006,-0.125,-0.15,-0.5,0.444313,-0.024883,-0.027534,-0.007038,-0.219083,-0.255442,-0.039807,-0.022717,0.674906,-0.101537,-0.145982,-0.035767,-0.037147,1.008271,1.780968,-0.227339,-0.004021,-0.089833,0.25,0.0,4.916667,0.034446,0.186225,0.202263
135,99.329193,947.080017,0.709382,0.70053,0.5,0.125,0.26296,53236.0,0.346576,0.684928,0.142834,0.281512,-0.051411,0.277235,15.267317,-0.002,-0.3,-0.006,-0.125,-0.15,-0.5,0.468253,-0.026212,-0.030934,-0.005048,-0.226745,-0.265854,-0.041347,-0.02422,0.723055,-0.106254,-0.154288,-0.036585,-0.039358,1.030609,1.870435,-0.240015,-0.003816,-0.066563,0.208333,0.0,5.333333,0.030415,0.188508,0.168681
136,93.916313,903.26001,0.662083,0.65827,0.833333,0.0,0.261111,49720.0,0.326274,0.636155,0.137861,0.274543,-0.05003,0.27704,15.121814,-0.002,-0.3,-0.006,-0.125,-0.15,-0.5,0.444575,-0.025448,-0.026538,-0.00585,-0.221331,-0.249824,-0.039264,-0.023653,0.686275,-0.102692,-0.14564,-0.035743,-0.037535,0.980371,1.78968,-0.229959,-0.004578,-0.092506,0.125,0.0,5.458333,0.03713,0.193446,0.199968
137,92.253914,893.030029,0.658078,0.668207,0.625,0.0,0.260215,52811.0,0.320847,0.658247,0.12783,0.259391,-0.048021,0.262801,15.192367,-0.002,-0.3,-0.006,-0.125,-0.15,-0.5,0.447997,-0.026893,-0.025383,-0.0053,-0.215793,-0.249214,-0.039999,-0.02444,0.668966,-0.105349,-0.149656,-0.036733,-0.03704,1.035945,1.794343,-0.233781,-0.004413,-0.066607,0.083333,0.0,4.791667,0.033686,0.198616,0.197916
138,95.763885,922.75,0.699113,0.679176,0.708333,0.041667,0.258851,49697.0,0.340922,0.674714,0.138162,0.275329,-0.051382,0.275245,14.988059,-0.002,-0.3,-0.006,-0.125,-0.15,-0.5,0.466478,-0.027809,-0.028234,-0.004556,-0.216803,-0.255636,-0.040504,-0.025246,0.708482,-0.106731,-0.156149,-0.036341,-0.038097,1.03477,1.901409,-0.244396,-0.004064,-0.083059,0.125,0.0,5.958333,0.02952,0.215654,0.16725
139,94.172401,888.830017,0.667899,0.66898,0.833333,0.083333,0.257208,48315.0,0.325157,0.64778,0.130724,0.264732,-0.04841,0.269537,15.201124,-0.002,-0.3,-0.006,-0.125,-0.15,-0.5,0.457706,-0.028791,-0.027584,-0.00512,-0.216594,-0.247948,-0.038402,-0.024852,0.688882,-0.105934,-0.151824,-0.035355,-0.036813,1.056405,1.903814,-0.241922,-0.003458,-0.080807,0.083333,0.0,6.25,0.035204,0.203427,0.185377
140,97.010284,922.940002,0.6716,0.672668,0.291667,0.083333,0.255934,46552.0,0.336043,0.65385,0.130411,0.269238,-0.049055,0.266362,15.107901,-0.002,-0.3,-0.006,-0.125,-0.15,-0.5,0.455839,-0.028735,-0.028975,-0.004433,-0.213378,-0.243959,-0.037815,-0.025007,0.696397,-0.103644,-0.155232,-0.034886,-0.037246,1.004335,1.904334,-0.242,-0.004407,-0.092429,0.416667,0.0,6.625,0.031169,0.197667,0.16054
141,100.16169,940.109985,0.711342,0.701443,0.416667,0.083333,0.254721,47188.0,0.346885,0.668146,0.138113,0.278443,-0.048906,0.281054,15.165253,-0.002,-0.3,-0.006,-0.125,-0.15,-0.5,0.473976,-0.030401,-0.029189,-0.003111,-0.217608,-0.25117,-0.038772,-0.027036,0.714608,-0.109873,-0.164275,-0.035753,-0.03802,1.054836,1.993855,-0.254052,-0.004124,-0.095538,0.041667,0.0,7.125,0.034585,0.197721,0.16595
142,101.127327,964.950012,0.723311,0.705344,0.458333,0.0,0.253417,47071.0,0.346579,0.69931,0.134047,0.264754,-0.050133,0.259687,14.99439,-0.002,-0.3,-0.006,-0.125,-0.15,-0.5,0.482983,-0.031738,-0.028993,-0.002728,-0.217767,-0.25311,-0.039744,-0.026592,0.722209,-0.108805,-0.169214,-0.036339,-0.038149,1.105686,2.023095,-0.255757,-0.003425,-0.079448,0.166667,0.0,7.25,0.030627,0.205248,0.156075
143,91.904686,871.809998,0.658205,0.670767,0.875,0.083333,0.252859,50127.0,0.326739,0.638293,0.124738,0.25424,-0.046368,0.253584,14.96136,-0.002,-0.3,-0.006,-0.125,-0.15,-0.5,0.454498,-0.030124,-0.029892,-0.004928,-0.21173,-0.23406,-0.036599,-0.025039,0.681903,-0.103711,-0.153487,-0.034054,-0.036356,1.031295,1.937685,-0.237932,-0.003937,-0.087194,0.25,0.0,7.0,0.032997,0.187392,0.186545
144,95.443642,891.119995,0.643634,0.639822,0.958333,0.083333,0.25152,47068.0,0.319409,0.625412,0.126051,0.267609,-0.047387,0.269888,14.923282,-0.002,-0.3,-0.006,-0.125,-0.15,-0.5,0.44203,-0.02888,-0.025772,-0.006474,-0.206228,-0.227074,-0.035688,-0.024366,0.674033,-0.10414,-0.152931,-0.033381,-0.035554,0.986728,1.87945,-0.23086,-0.004221,-0.086226,0.25,0.0,6.416667,0.033712,0.210222,0.191236
145,101.377716,958.26001,0.716124,0.703229,0.375,0.0,0.250322,48626.0,0.343168,0.667817,0.142646,0.281667,-0.050267,0.287625,15.256622,-0.002,-0.3,-0.006,-0.125,-0.15,-0.5,0.476709,-0.030474,-0.025808,-0.003222,-0.226346,-0.243222,-0.039879,-0.027478,0.730197,-0.109919,-0.170448,-0.035737,-0.038477,1.084333,2.025936,-0.248592,-0.004079,-0.130957,0.166667,0.0,6.5,0.035077,0.212506,0.152531
146,97.734726,903.47998,0.66755,0.658738,0.833333,0.25,0.24848,47969.0,0.319281,0.610388,0.129193,0.252582,-0.04737,0.256924,14.958606,-0.002,-0.3,-0.006,-0.125,-0.15,-0.5,0.442193,-0.028238,-0.026888,-0.006518,-0.204741,-0.22185,-0.034389,-0.024366,0.689036,-0.098375,-0.152412,-0.032198,-0.036233,0.999504,1.910114,-0.226607,-0.003877,-0.10676,0.041667,0.0,5.375,0.034847,0.201132,0.205638
147,99.429672,930.799988,0.681219,0.682759,0.75,0.041667,0.247013,49050.0,0.335613,0.636801,0.136976,0.270457,-0.048293,0.275265,14.875326,-0.002,-0.3,-0.006,-0.125,-0.15,-0.5,0.458379,-0.029107,-0.028812,-0.00488,-0.206253,-0.227574,-0.036149,-0.025145,0.701531,-0.103125,-0.158348,-0.033625,-0.036148,1.00885,1.972937,-0.232106,-0.004274,-0.086502,0.125,0.0,6.5,0.034488,0.203658,0.200612
148,96.047386,890.599976,0.668918,0.696557,0.583333,0.0,0.245857,46708.0,0.33746,0.662765,0.138869,0.274464,-0.05012,0.280533,15.01277,-0.002,-0.3,-0.006,-0.125,-0.15,-0.5,0.463371,-0.029389,-0.026292,-0.005183,-0.216965,-0.228577,-0.037229,-0.025447,0.720998,-0.106326,-0.169217,-0.034162,-0.037902,1.053192,1.977079,-0.234072,-0.003562,-0.097645,0.291667,0.0,4.75,0.035805,0.201445,0.195063
149,96.706978,898.77002,0.65967,0.659902,0.608696,0.086957,0.244483,50277.0,0.32341,0.618631,0.130934,0.257796,-0.046407,0.252355,14.880983,-0.002,-0.3,-0.006,-0.125,-0.15,-0.5,0.447237,-0.028639,-0.02728,-0.006661,-0.207966,-0.216229,-0.035161,-0.02386,0.691501,-0.09841,-0.153987,-0.031149,-0.036183,0.99662,1.976092,-0.220524,-0.003905,-0.091298,0.391304,0.0,5.652174,0.03395,0.202539,0.200401
150,97.991325,902.76001,0.690733,0.669165,0.5,0.125,0.242997,49110.0,0.334943,0.652504,0.13405,0.268915,-0.048434,0.264977,14.846672,-0.002,-0.3,-0.006,-0.125,-0.15,-0.5,0.457534,-0.02894,-0.026404,-0.005109,-0.200526,-0.221114,-0.035653,-0.024145,0.696206,-0.100369,-0.154301,-0.031936,-0.03614,0.990053,1.976835,-0.225779,-0.003596,-0.094402,0.125,0.0,5.375,0.034954,0.20191,0.189763
151,98.80938,894.070007,0.672816,0.671077,0.666667,0.041667,0.2421,50062.0,0.321343,0.631068,0.132821,0.261004,-0.046613,0.265882,14.967705,-0.002,-0.3,-0.006,-0.125,-0.15,-0.5,0.455869,-0.029194,-0.026313,-0.004962,-0.202286,-0.216906,-0.035105,-0.024291,0.697047,-0.095977,-0.151361,-0.032179,-0.036051,1.057854,2.023764,-0.221296,-0.003181,-0.084944,0.041667,0.0,4.458333,0.038683,0.181001,0.193448
152,98.598289,914.349976,0.668536,0.671956,0.416667,0.041667,0.240567,51127.0,0.339136,0.618619,0.13456,0.283451,-0.04861,0.282037,14.863087,-0.002,-0.3,-0.006,-0.125,-0.15,-0.5,0.454694,-0.029456,-0.030452,-0.005238,-0.209093,-0.21322,-0.035307,-0.024208,0.703065,-0.09982,-0.153034,-0.032169,-0.036787,0.956382,2.018421,-0.21851,-0.004828,-0.101391,0.041667,0.0,3.875,0.034093,0.207936,0.18974
153,92.354637,853.02002,0.639807,0.649665,0.818182,0.181818,0.239482,54963.0,0.317076,0.606724,0.126803,0.250741,-0.046054,0.250934,14.709303,-0.002,-0.3,-0.006,-0.125,-0.15,-0.5,0.433995,-0.027303,-0.026116,-0.007907,-0.204837,-0.204312,-0.034638,-0.023679,0.673018,-0.096752,-0.157621,-0.031306,-0.035765,0.960773,1.910443,-0.208231,-0.003973,-0.058407,0.181818,0.0,4.0,0.030779,0.208268,0.209435
154,100.372841,916.179993,0.688601,0.684857,0.5,0.125,0.238675,53908.0,0.336167,0.648791,0.13394,0.272798,-0.047433,0.27232,14.751764,-0.002,-0.3,-0.006,-0.125,-0.15,-0.5,0.464102,-0.029902,-0.028714,-0.00554,-0.211704,-0.213029,-0.035295,-0.02472,0.71231,-0.099839,-0.158258,-0.032218,-0.037331,1.020002,2.076079,-0.219311,-0.004082,-0.091402,0.125,0.0,3.625,0.036019,0.21743,0.187245
155,100.237473,893.330017,0.658392,0.642748,0.5,0.0,0.237371,54099.0,0.306307,0.609526,0.126918,0.259859,-0.046172,0.269542,14.843367,-0.002,-0.3,-0.006,-0.125,-0.15,-0.5,0.443589,-0.028051,-0.025956,-0.006966,-0.198847,-0.20252,-0.033714,-0.023503,0.678118,-0.093639,-0.154029,-0.031092,-0.035374,1.035766,1.992886,-0.207035,-0.004591,-0.106336,0.083333,0.0,3.5,0.036164,0.213355,0.214182
156,100.429787,898.349976,0.676359,0.675045,0.458333,0.125,0.235884,52677.0,0.332345,0.63149,0.138754,0.278783,-0.047693,0.288771,14.850967,-0.002,-0.3,-0.006,-0.125,-0.15,-0.5,0.452899,-0.028122,-0.026802,-0.006556,-0.207337,-0.206521,-0.033324,-0.023544,0.724341,-0.094372,-0.162376,-0.029277,-0.036059,0.969826,2.031702,-0.212061,-0.003873,-0.077354,0.041667,0.0,3.041667,0.030525,0.192557,0.192842
157,96.673119,861.76001,0.652919,0.659678,0.75,0.125,0.234845,51461.0,0.311819,0.569395,0.122061,0.245454,-0.040358,0.24118,14.884757,-0.002,-0.3,-0.006,-0.125,-0.15,-0.5,0.440202,-0.028732,-0.024461,-0.007327,-0.181781,-0.195621,-0.031807,-0.022428,0.647981,-0.087417,-0.139291,-0.02882,-0.032189,0.995389,2.082097,-0.200902,-0.003188,-0.088309,0.208333,0.0,3.375,0.035094,0.211451,0.218128
158,102.797607,912.469971,0.680282,0.686236,0.5,0.041667,0.233589,53135.0,0.330751,0.606112,0.122556,0.257921,-0.042379,0.251903,14.818466,-0.002,-0.3,-0.006,-0.125,-0.15,-0.5,0.456703,-0.029595,-0.02942,-0.006528,-0.187828,-0.200641,-0.031718,-0.023634,0.670866,-0.089139,-0.141908,-0.030828,-0.03284,1.006178,2.145165,-0.206224,-0.00393,-0.102221,0.0,0.0,3.291667,0.032458,0.18889,0.20519
159,102.841446,911.090027,0.68737,0.671373,0.541667,0.041667,0.232885,53621.0,0.327348,0.620968,0.130959,0.262182,-0.047106,0.27115,14.560196,-0.002,-0.3,-0.006,-0.125,-0.15,-0.5,0.452939,-0.028349,-0.028743,-0.009411,-0.198547,-0.197965,-0.032968,-0.023179,0.69885,-0.090477,-0.147402,-0.029192,-0.034478,1.004706,2.086309,-0.203899,-0.002779,-0.084924,0.208333,0.0,3.25,0.041364,0.212405,0.255136
160,98.342758,868.909973,0.627292,0.641392,0.666667,0.0,0.231439,53816.0,0.307799,0.588179,0.1331,0.241713,-0.044313,0.238895,14.665062,-0.002,-0.3,-0.006,-0.125,-0.15,-0.5,0.439021,-0.02808,-0.025896,-0.007713,-0.190641,-0.189512,-0.031098,-0.021945,0.678956,-0.087064,-0.139218,-0.028463,-0.033797,1.009315,2.051091,-0.195228,-0.004288,-0.088279,0.125,0.0,3.291667,0.035729,0.205256,0.205734
161,104.019753,912.469971,0.644171,0.671897,0.347826,0.043478,0.230238,52377.0,0.326891,0.602951,0.134476,0.252784,-0.04437,0.246953,14.440321,-0.002,-0.3,-0.006,-0.125,-0.15,-0.5,0.459341,-0.030282,-0.029663,-0.005395,-0.198844,-0.19501,-0.031039,-0.022249,0.707977,-0.085902,-0.135896,-0.029086,-0.034007,1.023161,2.205995,-0.200873,-0.003862,-0.068338,0.173913,0.0,3.347826,0.032778,0.192943,0.191184
162,95.436348,847.51001,0.605313,0.595202,0.583333,0.0,0.22945,54059.0,0.301885,0.558114,0.116027,0.230679,-0.041395,0.219453,14.72573,-0.002,-0.3,-0.006,-0.125,-0.15,-0.5,0.416842,-0.02592,-0.023038,-0.010472,-0.166076,-0.175679,-0.029154,-0.020238,0.628109,-0.08188,-0.129149,-0.026043,-0.030502,0.904288,1.965834,-0.180878,-0.002982,-0.099206,0.125,0.0,2.333333,0.031874,0.224051,0.227837
163,97.872536,865.75,0.635727,0.640664,0.428571,0.095238,0.228546,56261.0,0.315722,0.588748,0.123545,0.242187,-0.041906,0.2379,14.529895,-0.002,-0.3,-0.006,-0.125,-0.15,-0.5,0.44927,-0.027675,-0.024721,-0.006063,-0.171433,-0.188651,-0.03113,-0.022167,0.652136,-0.086796,-0.152191,-0.028657,-0.030828,1.026747,2.105024,-0.194773,-0.002447,-0.085219,0.047619,0.0,2.619048,0.033616,0.207325,0.176971
164,98.041771,862.640015,0.666415,0.657367,0.708333,0.083333,0.227976,54280.0,0.318565,0.595848,0.128895,0.268651,-0.04678,0.286661,14.55384,-0.002,-0.3,-0.006,-0.125,-0.15,-0.5,0.44197,-0.027103,-0.024795,-0.008758,-0.188405,-0.185683,-0.032791,-0.022538,0.667953,-0.091448,-0.156355,-0.030871,-0.033198,0.991478,2.066172,-0.193791,-0.003763,-0.146215,0.083333,0.0,2.833333,0.034055,0.194408,0.213452
165,99.334381,870.390015,0.616306,0.624382,0.666667,0.083333,0.226972,53918.0,0.301915,0.548436,0.127297,0.244396,-0.043137,0.253195,14.607738,-0.002,-0.3,-0.006,-0.125,-0.15,-0.5,0.428516,-0.026235,-0.026259,-0.010056,-0.18791,-0.176533,-0.030285,-0.021302,0.6661,-0.085939,-0.142009,-0.026432,-0.033383,0.965548,2.068276,-0.182311,-0.002956,-0.11849,0.083333,0.0,2.583333,0.028019,0.213957,0.253866
166,112.764793,975.880005,0.691545,0.672615,0.545455,0.090909,0.226382,52660.0,0.327223,0.617892,0.136981,0.273592,-0.047235,0.279992,14.442962,-0.002,-0.3,-0.006,-0.125,-0.15,-0.5,0.461514,-0.028245,-0.027262,-0.006275,-0.196889,-0.190418,-0.032388,-0.022504,0.716234,-0.088237,-0.153474,-0.029225,-0.035068,1.041947,2.212658,-0.197901,-0.003128,-0.113402,0.090909,0.0,6.227273,0.033213,0.199848,0.179082
167,108.144196,920.619995,0.677721,0.667476,0.583333,0.0,0.225128,53559.0,0.307288,0.584477,0.131579,0.245615,-0.043338,0.256977,14.51576,-0.002,-0.3,-0.006,-0.125,-0.15,-0.5,0.454924,-0.028148,-0.024449,-0.005551,-0.185023,-0.183654,-0.02924,-0.021895,0.693529,-0.082889,-0.138513,-0.026603,-0.033232,1.088932,2.224837,-0.190436,-0.002768,-0.069663,0.0,0.0,3.833333,0.030056,0.197365,0.207052
168,101.257774,874.01001,0.651674,0.64477,1.083333,0.0,0.224064,53602.0,0.317121,0.573189,0.124427,0.249828,-0.042543,0.246838,14.668509,-0.002,-0.3,-0.006,-0.125,-0.15,-0.5,0.437479,-0.026783,-0.026615,-0.007887,-0.175323,-0.176224,-0.02987,-0.021306,0.652195,-0.085287,-0.143573,-0.026672,-0.031421,0.960194,2.101067,-0.182721,-0.002754,-0.076231,0.25,0.0,6.041667,0.035831,0.188911,0.229616
169,108.9841,941.830017,0.682493,0.68366,0.333333,0.041667,0.223313,53644.0,0.343624,0.598294,0.142517,0.279668,-0.046287,0.270452,14.510081,-0.002,-0.3,-0.006,-0.125,-0.15,-0.5,0.473628,-0.030193,-0.032914,-0.003655,-0.19659,-0.189187,-0.030834,-0.022357,0.739311,-0.084351,-0.138933,-0.027802,-0.035044,0.985242,2.32988,-0.196187,-0.003578,-0.073247,0.083333,0.0,3.958333,0.030946,0.202179,0.17734
170,109.852669,934.23999,0.675998,0.681856,0.75,0.0,0.222523,49750.0,0.310816,0.575879,0.131788,0.255244,-0.043809,0.270547,14.584869,-0.002,-0.3,-0.006,-0.125,-0.15,-0.5,0.461494,-0.029136,-0.027172,-0.004906,-0.181869,-0.182047,-0.030121,-0.021831,0.703846,-0.081892,-0.138552,-0.027635,-0.032666,1.116093,2.297021,-0.188797,-0.004252,-0.099876,0.125,0.0,5.375,0.035933,0.204637,0.184646
171,104.12558,899.799988,0.679645,0.668049,0.583333,0.041667,0.221157,53324.0,0.337951,0.601561,0.137089,0.267409,-0.044764,0.256033,14.492653,-0.002,-0.3,-0.006,-0.125,-0.15,-0.5,0.458745,-0.029644,-0.033535,-0.005685,-0.195277,-0.17892,-0.029755,-0.021612,0.709733,-0.082687,-0.13804,-0.028026,-0.034495,0.959414,2.25733,-0.186625,-0.003425,-0.096009,0.125,0.0,5.0,0.036195,0.213645,0.181891
172,115.720024,962.349976,0.687535,0.696449,0.541667,0.0,0.219673,52849.0,0.317596,0.557908,0.131304,0.252607,-0.04222,0.261254,14.214746,-0.002,-0.3,-0.006,-0.125,-0.15,-0.5,0.469631,-0.029741,-0.030355,-0.004161,-0.178822,-0.180969,-0.029033,-0.02189,0.707333,-0.077077,-0.134632,-0.026869,-0.032377,1.094745,2.408731,-0.18741,-0.00318,-0.077346,0.041667,0.0,4.875,0.030217,0.18858,0.183246
173,104.162079,885.909973,0.680884,0.664404,0.541667,0.0,0.218666,53558.0,0.327782,0.574086,0.130132,0.254685,-0.04316,0.258461,14.146724,-0.002,-0.3,-0.006,-0.125,-0.15,-0.5,0.454406,-0.027258,-0.027399,-0.004995,-0.178144,-0.175106,-0.02803,-0.021401,0.69396,-0.077861,-0.14142,-0.026267,-0.032546,0.991183,2.270715,-0.182042,-0.003966,-0.083674,0.125,0.0,4.583333,0.027127,0.189023,0.194181
174,111.563538,946.23999,0.692582,0.680093,0.583333,0.0,0.217618,54149.0,0.343984,0.610434,0.142072,0.284569,-0.047002,0.279915,14.246319,-0.002,-0.3,-0.006,-0.125,-0.15,-0.5,0.470931,-0.029782,-0.031158,-0.004909,-0.194239,-0.179797,-0.030514,-0.022001,0.738019,-0.082814,-0.140776,-0.028008,-0.035419,0.983138,2.337883,-0.187719,-0.00333,-0.085869,0.125,0.0,5.541667,0.028167,0.191821,0.187607
175,112.231377,942.450012,0.681933,0.673418,0.5,0.0,0.21662,50611.0,0.320256,0.568759,0.127701,0.263047,-0.042412,0.274581,14.147682,-0.002,-0.3,-0.006,-0.125,-0.15,-0.5,0.462721,-0.027812,-0.029601,-0.005125,-0.177252,-0.174654,-0.027804,-0.02134,0.690973,-0.077906,-0.139164,-0.025848,-0.032419,1.053012,2.352854,-0.182216,-0.003023,-0.06134,0.125,0.0,4.5,0.034315,0.215948,0.172998
176,107.710846,908.369995,0.667166,0.676477,0.583333,0.041667,0.215743,52986.0,0.312684,0.582963,0.123911,0.238703,-0.042794,0.242483,14.166865,-0.002,-0.3,-0.006,-0.125,-0.15,-0.5,0.45557,-0.028383,-0.027496,-0.005198,-0.176023,-0.171546,-0.029649,-0.021621,0.679401,-0.079854,-0.137295,-0.027308,-0.032164,1.069189,2.263438,-0.178417,-0.003249,-0.062574,0.083333,0.0,5.25,0.030514,0.206439,0.171871
177,110.213181,924.059998,0.702785,0.668375,0.541667,0.041667,0.215087,53411.0,0.31928,0.571676,0.132272,0.256339,-0.043653,0.262449,14.157889,-0.002,-0.3,-0.006,-0.125,-0.15,-0.5,0.460478,-0.02806,-0.027226,-0.00505,-0.182547,-0.171758,-0.029761,-0.021597,0.698887,-0.079324,-0.144054,-0.026322,-0.032281,1.066181,2.345412,-0.179498,-0.003161,-0.102557,0.083333,0.0,4.791667,0.030385,0.211466,0.16587
178,103.740105,874.929993,0.630185,0.619058,0.75,0.25,0.213969,53292.0,0.302954,0.5584,0.122134,0.238331,-0.041878,0.23769,14.119116,-0.002,-0.3,-0.006,-0.125,-0.15,-0.5,0.432826,-0.026386,-0.026092,-0.007948,-0.171465,-0.159656,-0.027764,-0.019918,0.66591,-0.076456,-0.134658,-0.025567,-0.031248,0.975911,2.141982,-0.16635,-0.002903,-0.073564,0.25,0.0,5.333333,0.037573,0.224363,0.206473
179,110.961639,926.940002,0.702906,0.662286,0.458333,0.0,0.212906,50139.0,0.316174,0.567904,0.131511,0.248732,-0.042888,0.260586,14.053808,-0.002,-0.3,-0.006,-0.125,-0.15,-0.5,0.459453,-0.027288,-0.027389,-0.004854,-0.17787,-0.168855,-0.028879,-0.021843,0.68804,-0.079341,-0.145998,-0.026776,-0.032085,1.07479,2.3381,-0.176903,-0.003238,-0.084701,0.208333,0.0,4.583333,0.032136,0.206307,0.185651
180,108.255859,908.02002,0.681673,0.691021,1.0,0.041667,0.21265,53616.0,0.315272,0.577242,0.137026,0.260237,-0.044696,0.276328,14.279384,-0.002,-0.3,-0.006,-0.125,-0.15,-0.5,0.462785,-0.027447,-0.027113,-0.005614,-0.180325,-0.168902,-0.028495,-0.021644,0.716055,-0.079413,-0.142546,-0.025732,-0.033299,1.087329,2.337148,-0.176582,-0.003707,-0.106065,0.208333,0.0,6.041667,0.03494,0.208068,0.186829
181,114.679466,946.219971,0.720087,0.708283,0.416667,0.041667,0.211832,52706.0,0.332045,0.583733,0.141663,0.273437,-0.045518,0.286173,13.957731,-0.002,-0.3,-0.006,-0.125,-0.15,-0.5,0.478274,-0.028911,-0.031359,-0.002511,-0.186782,-0.17303,-0.029509,-0.022305,0.740573,-0.077796,-0.141903,-0.02662,-0.034217,1.082752,2.46228,-0.181147,-0.003449,-0.090283,0.083333,0.0,6.5,0.031918,0.216059,0.140658
182,113.215096,936.77002,0.696041,0.686546,0.541667,0.0,0.210342,53057.0,0.329406,0.589718,0.131592,0.258663,-0.043604,0.260719,14.1341,-0.002,-0.3,-0.006,-0.125,-0.15,-0.5,0.47546,-0.029306,-0.029339,-0.003763,-0.17958,-0.170064,-0.029272,-0.0218,0.715847,-0.079438,-0.141484,-0.026456,-0.032966,1.072299,2.43841,-0.177818,-0.002327,-0.06075,0.291667,0.0,6.041667,0.032745,0.221687,0.143412
183,110.466446,922.669983,0.698367,0.701332,0.416667,0.0,0.209715,50668.0,0.326596,0.585961,0.13657,0.261223,-0.043731,0.265556,14.084591,-0.002,-0.3,-0.006,-0.125,-0.15,-0.5,0.475959,-0.029081,-0.0317,-0.002658,-0.177391,-0.169092,-0.029389,-0.021994,0.710976,-0.077815,-0.141889,-0.027228,-0.032679,1.099766,2.455065,-0.177152,-0.003446,-0.114673,0.125,0.0,6.875,0.031438,0.204483,0.154862
184,117.648285,964.830017,0.738496,0.718012,0.25,0.041667,0.208451,53370.0,0.34164,0.593769,0.139858,0.271952,-0.04421,0.272892,13.863437,-0.002,-0.3,-0.006,-0.125,-0.15,-0.5,0.489703,-0.029644,-0.031368,-0.001451,-0.18492,-0.171323,-0.028264,-0.021739,0.744462,-0.073988,-0.137288,-0.025899,-0.033408,1.080761,2.583762,-0.179231,-0.003482,-0.101974,0.083333,0.0,7.708333,0.032129,0.201612,0.135701
185,121.141151,987.950012,0.720611,0.718545,0.166667,0.041667,0.2078,52460.0,0.340971,0.588461,0.144569,0.279268,-0.045278,0.282218,13.857817,-0.002,-0.3,-0.006,-0.125,-0.15,-0.5,0.490172,-0.029553,-0.031027,-0.001281,-0.179123,-0.170638,-0.028896,-0.021257,0.746282,-0.075273,-0.140695,-0.025361,-0.032977,1.088979,2.57684,-0.179568,-0.003328,-0.094159,0.041667,0.0,6.416667,0.028503,0.197409,0.127356
186,116.050667,943.539978,0.699127,0.688228,0.5,0.0,0.206566,53169.0,0.326195,0.561904,0.135983,0.266344,-0.042987,0.269365,13.864487,-0.002,-0.3,-0.006,-0.125,-0.15,-0.5,0.474167,-0.02874,-0.031296,-0.003257,-0.180891,-0.162722,-0.02753,-0.020973,0.726717,-0.073279,-0.133161,-0.02483,-0.033267,1.061308,2.525007,-0.170887,-0.003531,-0.095843,0.083333,0.0,6.833333,0.029995,0.198501,0.158722
187,115.366066,943.609985,0.664255,0.681142,0.541667,0.041667,0.205439,53121.0,0.326744,0.581409,0.137464,0.263075,-0.043583,0.266614,13.929539,-0.002,-0.3,-0.006,-0.125,-0.15,-0.5,0.465317,-0.028528,-0.028362,-0.003966,-0.183946,-0.159011,-0.027831,-0.021124,0.718452,-0.073613,-0.140102,-0.025493,-0.033482,1.039177,2.416938,-0.168155,-0.002086,-0.059123,0.166667,0.0,5.791667,0.031878,0.214129,0.166084
188,114.408966,933.690002,0.681415,0.66999,0.434783,0.0,0.204113,51559.0,0.322194,0.562942,0.131612,0.258834,-0.042307,0.257254,13.951437,-0.002,-0.3,-0.006,-0.125,-0.15,-0.5,0.465037,-0.028448,-0.02744,-0.003732,-0.177038,-0.157509,-0.027217,-0.020446,0.706588,-0.074784,-0.134043,-0.025018,-0.032098,1.046163,2.443295,-0.165936,-0.002886,-0.086681,0.173913,0.0,6.043478,0.029578,0.211811,0.164645
189,120.685951,971.299988,0.735197,0.707367,0.25,0.0,0.203175,48099.0,0.337122,0.572054,0.136319,0.265395,-0.043483,0.265007,13.85184,-0.002,-0.3,-0.006,-0.125,-0.15,-0.5,0.483719,-0.029523,-0.029466,-0.002014,-0.183943,-0.161696,-0.028347,-0.021527,0.739704,-0.07069,-0.135349,-0.025256,-0.034057,1.081874,2.59945,-0.170241,-0.003476,-0.077929,0.0,0.0,6.291667,0.029867,0.191335,0.145657
190,112.044815,909.039978,0.657024,0.632318,0.73913,0.043478,0.202674,47962.0,0.30267,0.52651,0.126928,0.246058,-0.040948,0.257594,13.835835,-0.002,-0.3,-0.006,-0.125,-0.15,-0.5,0.442485,-0.026628,-0.02557,-0.005901,-0.164013,-0.147969,-0.026296,-0.019657,0.670194,-0.067921,-0.129247,-0.023827,-0.030054,1.005448,2.362704,-0.156248,-0.002887,-0.08494,0.043478,0.0,5.478261,0.033103,0.217776,0.194893
191,117.747292,954.090027,0.704201,0.699467,0.25,0.083333,0.201532,50003.0,0.324372,0.556806,0.125693,0.254048,-0.041834,0.259707,13.876511,-0.002,-0.3,-0.006,-0.125,-0.15,-0.5,0.471315,-0.028974,-0.029163,-0.002946,-0.177293,-0.156449,-0.027294,-0.021159,0.704705,-0.073109,-0.135637,-0.025463,-0.031797,1.062512,2.518443,-0.165057,-0.002757,-0.077527,0.083333,0.0,5.375,0.026913,0.187866,0.148227
192,112.497421,904.440002,0.674655,0.651227,0.416667,0.083333,0.200804,46580.0,0.318959,0.512901,0.126443,0.253143,-0.040283,0.253363,13.902063,-0.002,-0.3,-0.006,-0.125,-0.15,-0.5,0.451531,-0.027494,-0.028951,-0.004878,-0.162864,-0.147719,-0.026278,-0.019716,0.681579,-0.068716,-0.131937,-0.023503,-0.029822,0.99752,2.442237,-0.156156,-0.003089,-0.091486,0.208333,0.0,5.0,0.031548,0.207455,0.159974
193,110.941139,894.440002,0.677783,0.645926,0.583333,0.0,0.199909,47726.0,0.315034,0.558356,0.134748,0.258054,-0.042392,0.270495,14.050316,-0.002,-0.3,-0.006,-0.125,-0.15,-0.5,0.459866,-0.027171,-0.027847,-0.005384,-0.171037,-0.149436,-0.026144,-0.020163,0.7005,-0.071282,-0.133784,-0.023849,-0.031099,1.073449,2.454792,-0.158899,-0.002881,-0.074725,0.25,0.0,4.291667,0.028105,0.225852,0.186841
194,108.572266,888.450012,0.71547,0.653737,0.5,0.0,0.199018,47914.0,0.319914,0.58907,0.134005,0.260306,-0.043752,0.261269,13.810344,-0.002,-0.3,-0.006,-0.125,-0.15,-0.5,0.461555,-0.026729,-0.028897,-0.00453,-0.168908,-0.149337,-0.026701,-0.019975,0.710263,-0.070335,-0.132582,-0.023343,-0.032115,1.024873,2.409246,-0.158213,-0.002167,-0.064553,0.333333,0.0,4.083333,0.029106,0.231855,0.183534
195,114.833885,924.26001,0.694962,0.652311,0.347826,0.043478,0.198298,50125.0,0.311891,0.522599,0.121586,0.242866,-0.039829,0.249034,13.583227,-0.002,-0.3,-0.006,-0.125,-0.15,-0.5,0.451183,-0.026938,-0.025594,-0.006432,-0.168844,-0.144954,-0.025988,-0.01962,0.677598,-0.071621,-0.134492,-0.023184,-0.030399,1.023923,2.442073,-0.15335,-0.00289,-0.083721,0.130435,0.0,4.304348,0.03223,0.215345,0.188872
196,115.821114,905.400024,0.68443,0.672004,0.583333,0.041667,0.197537,47698.0,0.301396,0.506111,0.118057,0.230164,-0.037724,0.23644,13.461085,-0.002,-0.3,-0.006,-0.125,-0.15,-0.5,0.457869,-0.027365,-0.028027,-0.005569,-0.15316,-0.142729,-0.024409,-0.018963,0.676892,-0.062837,-0.12354,-0.021278,-0.028716,1.072687,2.595782,-0.150348,-0.002526,-0.044532,0.083333,0.0,3.583333,0.032257,0.203695,0.17877
197,116.561821,933.700012,0.707283,0.674405,0.458333,0.041667,0.196533,48705.0,0.31487,0.549652,0.131048,0.257284,-0.042279,0.261921,13.687986,-0.002,-0.3,-0.006,-0.125,-0.15,-0.5,0.460696,-0.027391,-0.025189,-0.006056,-0.166924,-0.143979,-0.026038,-0.019543,0.697561,-0.06864,-0.129457,-0.024317,-0.031258,1.039264,2.491697,-0.153019,-0.002949,-0.119986,0.166667,0.0,3.5,0.03382,0.196573,0.198796
198,115.025078,918.799988,0.670701,0.644175,0.521739,0.0,0.196084,48636.0,0.305239,0.538312,0.123895,0.240543,-0.040214,0.244938,13.639128,-0.002,-0.3,-0.006,-0.125,-0.15,-0.5,0.450005,-0.026771,-0.025333,-0.005793,-0.158372,-0.13962,-0.025065,-0.019081,0.685671,-0.062555,-0.125833,-0.022767,-0.030664,1.024533,2.43226,-0.147821,-0.002409,-0.101071,0.043478,0.0,3.521739,0.029306,0.196453,0.174669
199,113.955055,911.280029,0.68719,0.687967,0.416667,0.0,0.195484,47902.0,0.312319,0.529196,0.130039,0.244083,-0.041896,0.256909,13.575294,-0.002,-0.3,-0.006,-0.125,-0.15,-0.5,0.463174,-0.027207,-0.026128,-0.004657,-0.165455,-0.144757,-0.026608,-0.020775,0.687353,-0.069595,-0.137237,-0.024391,-0.030643,1.101339,2.527721,-0.154834,-0.003053,-0.117905,0.083333,0.0,3.5,0.038633,0.184692,0.176921
200,115.098038,914.530029,0.694232,0.691667,0.5,0.0,0.194681,14102.0,0.309353,0.524433,0.120848,0.24373,-0.038926,0.252335,13.530475,-0.002,-0.3,-0.006,-0.125,-0.15,-0.5,0.463273,-0.027637,-0.030609,-0.00496,-0.163748,-0.141947,-0.024799,-0.019869,0.686075,-0.068698,-0.129171,-0.023013,-0.030194,1.064804,2.576636,-0.150701,-0.00393,-0.123818,0.0,0.0,3.25,0.025817,0.194802,0.182897
201,111.70945,878.599976,0.676812,0.651823,0.666667,0.041667,0.193854,14342.0,0.304956,0.494872,0.124498,0.242028,-0.038851,0.250819,13.719227,-0.002,-0.3,-0.006,-0.125,-0.15,-0.5,0.442113,-0.026136,-0.023957,-0.006903,-0.164053,-0.133961,-0.02445,-0.018909,0.670114,-0.064993,-0.127464,-0.021792,-0.030365,0.988751,2.462597,-0.142749,-0.002693,-0.07561,0.041667,0.0,3.833333,0.034337,0.19962,0.220535
202,116.972641,930.5,0.711934,0.678206,0.333333,0.041667,0.192867,13141.0,0.321175,0.526775,0.121935,0.243485,-0.037394,0.237924,13.517817,-0.002,-0.3,-0.006,-0.125,-0.15,-0.5,0.46282,-0.027674,-0.027261,-0.004766,-0.156741,-0.13883,-0.02358,-0.019255,0.680421,-0.066173,-0.123577,-0.021302,-0.030017,1.030208,2.56841,-0.147314,-0.002168,-0.048171,0.125,0.0,2.958333,0.027357,0.214803,0.171051
203,112.175301,885.080017,0.681157,0.661476,0.478261,0.086957,0.192103,14431.0,0.309843,0.51115,0.138051,0.270848,-0.044159,0.288396,13.610952,-0.002,-0.3,-0.006,-0.125,-0.15,-0.5,0.446442,-0.025778,-0.023465,-0.007288,-0.171096,-0.135607,-0.026971,-0.019648,0.707349,-0.069326,-0.139617,-0.024107,-0.032231,0.997738,2.462066,-0.145169,-0.003845,-0.065713,0.217391,0.0,3.304348,0.034022,0.196242,0.198517
204,118.740891,924.5,0.674797,0.704881,0.272727,0.0,0.191182,12983.0,0.326576,0.528313,0.133822,0.26206,-0.042545,0.267835,13.432673,-0.002,-0.3,-0.006,-0.125,-0.15,-0.5,0.477152,-0.028701,-0.032338,-0.004273,-0.167949,-0.140245,-0.025142,-0.019585,0.739975,-0.066254,-0.131664,-0.022437,-0.031248,1.069494,2.704302,-0.150407,-0.003569,-0.089561,0.136364,0.0,2.909091,0.034528,0.191388,0.177806
205,113.229698,893.049988,0.590665,0.620396,0.5,0.0,0.190917,14536.0,0.287454,0.481164,0.1223,0.232484,-0.038376,0.243595,13.470248,-0.002,-0.3,-0.006,-0.125,-0.15,-0.5,0.41972,-0.024822,-0.023656,-0.009788,-0.159622,-0.124393,-0.023247,-0.018005,0.652155,-0.061113,-0.125355,-0.020494,-0.029492,0.953928,2.323444,-0.133444,-0.002492,-0.061148,0.272727,0.0,2.909091,0.032957,0.209233,0.221921
206,109.136223,865.210022,0.627648,0.61024,0.541667,0.166667,0.190734,13218.0,0.301957,0.514835,0.110317,0.241933,-0.03719,0.250529,13.684527,-0.002,-0.3,-0.006,-0.125,-0.15,-0.5,0.427799,-0.025129,-0.027998,-0.008381,-0.157036,-0.124194,-0.021557,-0.017403,0.658983,-0.059707,-0.116292,-0.020566,-0.030061,0.902679,2.376589,-0.132014,-0.00263,-0.073578,0.125,0.0,3.083333,0.028844,0.204992,0.229481
207,121.815636,943.26001,0.745825,0.701836,0.5,0.0,0.190249,13559.0,0.326181,0.553144,0.14134,0.264039,-0.043008,0.287698,13.59259,-0.002,-0.3,-0.006,-0.125,-0.15,-0.5,0.483496,-0.027783,-0.023985,-0.003786,-0.17678,-0.140718,-0.025754,-0.020712,0.743094,-0.068184,-0.140706,-0.022942,-0.032474,1.135696,2.689241,-0.150289,-0.001911,-0.064011,0.0,0.0,3.375,0.030719,0.176428,0.182334
208,122.917358,958.440002,0.69118,0.696648,0.304348,0.043478,0.189575,13325.0,0.317021,0.51759,0.134162,0.26534,-0.039473,0.270232,13.407181,-0.002,-0.3,-0.006,-0.125,-0.15,-0.5,0.46957,-0.028274,-0.023652,-0.005057,-0.155714,-0.133832,-0.024524,-0.01868,0.707955,-0.06275,-0.119413,-0.021243,-0.029158,1.049872,2.68647,-0.143583,-0.002853,-0.039498,0.086957,0.0,5.434783,0.031831,0.186132,0.186372
209,123.180725,953.049988,0.714209,0.686025,0.416667,0.0,0.189018,13368.0,0.322526,0.519539,0.135485,0.261366,-0.041531,0.269546,13.420395,-0.002,-0.3,-0.006,-0.125,-0.15,-0.5,0.467972,-0.027199,-0.023018,-0.003343,-0.166828,-0.133585,-0.024009,-0.01887,0.730928,-0.060407,-0.124738,-0.021499,-0.032171,1.039136,2.664739,-0.143304,-0.002559,-0.082777,0.125,0.0,5.291667,0.025951,0.205871,0.174364
210,122.700356,954.25,0.674067,0.680063,0.458333,0.083333,0.188894,23464.0,0.314677,0.512554,0.120222,0.240149,-0.037962,0.248384,13.381611,-0.002,-0.3,-0.006,-0.125,-0.15,-0.5,0.467657,-0.02748,-0.028189,-0.00386,-0.149207,-0.131235,-0.023513,-0.01859,0.686292,-0.060294,-0.124039,-0.020968,-0.028562,1.064229,2.701895,-0.140209,-0.002398,-0.092914,0.0,0.0,5.541667,0.031179,0.204953,0.158686
211,117.078995,912.140015,0.650777,0.674026,0.416667,0.0,0.187935,53224.0,0.310747,0.501488,0.123894,0.249786,-0.038679,0.25758,13.476053,-0.002,-0.3,-0.006,-0.125,-0.15,-0.5,0.458749,-0.027488,-0.025483,-0.005003,-0.156346,-0.128764,-0.024001,-0.018205,0.688405,-0.06219,-0.124224,-0.021601,-0.029013,1.038715,2.634971,-0.138094,-0.001744,-0.067364,0.208333,0.0,4.416667,0.033313,0.209134,0.173053
212,128.276184,981.859985,0.735316,0.702356,0.291667,0.0,0.187435,53580.0,0.332201,0.541587,0.134173,0.261504,-0.040835,0.266634,13.430206,-0.002,-0.3,-0.006,-0.125,-0.15,-0.5,0.492726,-0.028717,-0.029345,-0.001588,-0.164673,-0.136032,-0.024505,-0.019417,0.750248,-0.063005,-0.12989,-0.021405,-0.032468,1.114455,2.848326,-0.14569,-0.002362,-0.057651,0.041667,0.0,4.791667,0.024656,0.206935,0.14044
213,124.11718,955.190002,0.711533,0.696475,0.416667,0.083333,0.187133,53370.0,0.327601,0.533237,0.135901,0.263852,-0.042006,0.271547,13.419617,-0.002,-0.3,-0.006,-0.125,-0.15,-0.5,0.475511,-0.026969,-0.025869,-0.003738,-0.166392,-0.131694,-0.024886,-0.019206,0.732364,-0.063784,-0.134901,-0.02093,-0.031606,1.075384,2.704387,-0.141684,-0.001931,-0.072072,0.083333,0.0,4.791667,0.027654,0.213848,0.145232
214,123.549103,959.210022,0.716515,0.709785,0.375,0.0,0.18668,53563.0,0.325356,0.529538,0.127681,0.256757,-0.039941,0.260749,13.272264,-0.002,-0.3,-0.006,-0.125,-0.15,-0.5,0.483353,-0.02819,-0.026006,-0.002634,-0.156747,-0.131784,-0.023802,-0.018706,0.714362,-0.06248,-0.128911,-0.021319,-0.030093,1.090592,2.786679,-0.142466,-0.002749,-0.072425,0.041667,0.0,5.25,0.027202,0.198991,0.14538
215,121.786949,931.799988,0.718231,0.691571,0.375,0.041667,0.18623,50229.0,0.326756,0.516191,0.132967,0.262216,-0.041705,0.272638,13.378889,-0.002,-0.3,-0.006,-0.125,-0.15,-0.5,0.470404,-0.027058,-0.022881,-0.002907,-0.163713,-0.128677,-0.024437,-0.01924,0.71748,-0.061551,-0.129313,-0.021938,-0.030961,1.038137,2.700447,-0.139099,-0.002591,-0.118875,0.041667,0.0,4.75,0.032935,0.205586,0.152029
216,124.902321,959.549988,0.714458,0.69433,0.5,0.083333,0.185575,53466.0,0.315811,0.519865,0.12815,0.24368,-0.038604,0.25056,13.291115,-0.002,-0.3,-0.006,-0.125,-0.15,-0.5,0.471503,-0.027305,-0.023968,-0.003984,-0.159589,-0.126697,-0.022899,-0.018905,0.699615,-0.05969,-0.125817,-0.020924,-0.0305,1.073979,2.722226,-0.136898,-0.002386,-0.070116,0.041667,0.0,5.25,0.028912,0.191084,0.153775
217,123.419991,947.330017,0.71961,0.701459,0.333333,0.0,0.184742,53500.0,0.323685,0.527607,0.123952,0.23884,-0.037587,0.235843,13.294876,-0.002,-0.3,-0.006,-0.125,-0.15,-0.5,0.479706,-0.027963,-0.025357,-0.002841,-0.149878,-0.127867,-0.022981,-0.018533,0.702779,-0.05965,-0.121924,-0.020282,-0.029082,1.08381,2.790041,-0.137558,-0.002574,-0.053728,0.083333,0.0,5.0,0.028986,0.187004,0.136327
218,124.548279,957.359985,0.708286,0.680562,0.5,0.083333,0.184347,53192.0,0.320803,0.506959,0.123468,0.247249,-0.039002,0.254642,13.139282,-0.002,-0.3,-0.006,-0.125,-0.15,-0.5,0.469434,-0.02739,-0.02537,-0.004425,-0.150092,-0.124371,-0.02282,-0.018363,0.702748,-0.060267,-0.123684,-0.020808,-0.029003,1.035263,2.737624,-0.134614,-0.002911,-0.052343,0.041667,0.0,4.541667,0.028872,0.176174,0.175301
219,127.234711,972.52002,0.715093,0.707737,0.333333,0.041667,0.183944,46418.0,0.312712,0.524634,0.126607,0.252458,-0.039588,0.267901,13.211037,-0.002,-0.3,-0.006,-0.125,-0.15,-0.5,0.475541,-0.027872,-0.023289,-0.002812,-0.160444,-0.126334,-0.024771,-0.019143,0.708394,-0.062685,-0.127854,-0.021666,-0.030145,1.115989,2.746673,-0.136581,-0.00196,-0.068406,0.125,0.0,5.208333,0.025696,0.189706,0.146928
220,122.338638,933.869995,0.691681,0.695607,0.625,0.041667,0.183094,53253.0,0.314037,0.506543,0.12734,0.248066,-0.040297,0.265158,13.316868,-0.002,-0.3,-0.006,-0.125,-0.15,-0.5,0.466202,-0.027222,-0.023185,-0.004953,-0.159113,-0.121521,-0.023117,-0.018176,0.721394,-0.058386,-0.123549,-0.020679,-0.030279,1.062006,2.740747,-0.132068,-0.002051,-0.122767,0.125,0.0,5.083333,0.027102,0.177929,0.171266
221,122.034058,931.799988,0.68842,0.675792,0.541667,0.041667,0.182229,53038.0,0.315874,0.531114,0.125926,0.241469,-0.039668,0.247774,13.405745,-0.002,-0.3,-0.006,-0.125,-0.15,-0.5,0.461408,-0.02635,-0.023606,-0.004819,-0.15735,-0.120794,-0.023141,-0.01849,0.70237,-0.059731,-0.125513,-0.021049,-0.030351,1.031268,2.64428,-0.130902,-0.001852,-0.060935,0.208333,0.0,5.625,0.031419,0.208757,0.182078
222,125.822952,949.900024,0.733959,0.705186,0.333333,0.0,0.181358,52868.0,0.331021,0.510534,0.135426,0.266809,-0.03916,0.269656,13.18681,-0.002,-0.3,-0.006,-0.125,-0.15,-0.5,0.477211,-0.027792,-0.022555,-0.002216,-0.158258,-0.122286,-0.023128,-0.018583,0.720709,-0.055939,-0.121328,-0.020297,-0.030494,1.033469,2.828804,-0.133708,-0.002539,-0.07785,0.125,0.0,6.333333,0.025878,0.188835,0.13889
223,120.201996,915.679993,0.702569,0.664536,0.791667,0.041667,0.181123,49044.0,0.309229,0.506164,0.121231,0.242354,-0.038598,0.254659,13.187794,-0.002,-0.3,-0.006,-0.125,-0.15,-0.5,0.456736,-0.02602,-0.024203,-0.005706,-0.151389,-0.117617,-0.023134,-0.017594,0.689164,-0.06029,-0.12814,-0.020335,-0.029185,1.025691,2.664055,-0.12811,-0.002306,-0.046188,0.291667,0.0,6.291667,0.030404,0.202589,0.217958
224,127.090973,951.799988,0.732307,0.712032,0.375,0.0,0.180612,52710.0,0.318411,0.511431,0.128576,0.248801,-0.039557,0.261046,13.161662,-0.002,-0.3,-0.006,-0.125,-0.15,-0.5,0.478996,-0.027248,-0.02286,-0.002195,-0.154531,-0.12185,-0.022632,-0.018379,0.720033,-0.056253,-0.12151,-0.020121,-0.030849,1.08962,2.83925,-0.132117,-0.001972,-0.060299,0.041667,0.0,6.416667,0.028809,0.189608,0.145792
225,125.862656,952.320007,0.710645,0.706877,0.333333,0.041667,0.18065,48946.0,0.322797,0.514595,0.129813,0.2535,-0.039805,0.263157,13.183391,-0.002,-0.3,-0.006,-0.125,-0.15,-0.5,0.474439,-0.027757,-0.022548,-0.002816,-0.164241,-0.119607,-0.022847,-0.01851,0.7244,-0.056655,-0.124188,-0.020446,-0.031067,1.053376,2.80933,-0.130963,-0.002503,-0.067124,0.166667,0.0,6.75,0.029638,0.187733,0.144461
226,126.962334,954.25,0.705985,0.686605,0.583333,0.083333,0.179986,49058.0,0.317196,0.491458,0.127531,0.245449,-0.037684,0.2532,13.203857,-0.002,-0.3,-0.006,-0.125,-0.15,-0.5,0.470231,-0.026842,-0.022961,-0.003703,-0.148452,-0.117586,-0.022022,-0.017653,0.706557,-0.057235,-0.123793,-0.01966,-0.028721,1.057739,2.823369,-0.128067,-0.002434,-0.054406,0.125,0.0,7.291667,0.027843,0.192926,0.174605
227,128.640244,965.830017,0.73,0.697429,0.375,0.083333,0.179928,46029.0,0.326948,0.505224,0.133092,0.255755,-0.039739,0.264794,12.97642,-0.002,-0.3,-0.006,-0.125,-0.15,-0.5,0.478143,-0.027684,-0.02448,-0.003578,-0.158192,-0.119174,-0.022506,-0.018003,0.731675,-0.058618,-0.121622,-0.020105,-0.030771,1.058495,2.862073,-0.130175,-0.002478,-0.074114,0.083333,0.0,5.958333,0.031556,0.190944,0.161056
228,124.034332,939.219971,0.709256,0.675671,0.541667,0.041667,0.179314,51186.0,0.321496,0.509888,0.13504,0.252727,-0.040959,0.262897,13.15576,-0.002,-0.3,-0.006,-0.125,-0.15,-0.5,0.465891,-0.025916,-0.021236,-0.004149,-0.15669,-0.115998,-0.022461,-0.017656,0.728069,-0.056365,-0.126862,-0.019286,-0.030424,1.029817,2.755247,-0.126707,-0.002525,-0.108543,0.166667,0.0,6.416667,0.026583,0.194284,0.17533
229,118.039421,886.099976,0.71243,0.683669,0.458333,0.083333,0.178691,49405.0,0.306725,0.493574,0.116748,0.229923,-0.037166,0.240317,13.154169,-0.002,-0.3,-0.006,-0.125,-0.15,-0.5,0.464017,-0.02671,-0.021618,-0.003812,-0.147355,-0.115164,-0.023165,-0.018396,0.668872,-0.056354,-0.12421,-0.02064,-0.028324,1.090037,2.744604,-0.125608,-0.002468,-0.073132,0.208333,0.0,5.708333,0.02818,0.191729,0.176903
230,128.766907,964.880005,0.717115,0.707344,0.347826,0.043478,0.178148,49304.0,0.3223,0.506688,0.123235,0.248514,-0.037525,0.265301,13.150324,-0.002,-0.3,-0.006,-0.125,-0.15,-0.5,0.48258,-0.027353,-0.019388,-0.002703,-0.154581,-0.118174,-0.023303,-0.018699,0.71255,-0.057596,-0.129521,-0.020736,-0.029869,1.114121,2.896266,-0.128337,-0.002761,-0.067198,0.086957,0.0,6.304348,0.027338,0.191166,0.170105
231,118.997337,881.349976,0.681946,0.656018,0.75,0.0,0.177239,48641.0,0.294788,0.465659,0.120301,0.236583,-0.036512,0.243737,13.030012,-0.002,-0.3,-0.006,-0.125,-0.15,-0.5,0.440483,-0.025068,-0.019868,-0.005409,-0.143244,-0.106987,-0.019978,-0.01608,0.684313,-0.051729,-0.107862,-0.017705,-0.028417,0.984521,2.657873,-0.116915,-0.002031,-0.069196,0.041667,0.0,5.208333,0.025124,0.190868,0.199051
232,125.677345,943.570007,0.737841,0.704373,0.478261,0.0,0.177014,47249.0,0.331594,0.49507,0.129393,0.256312,-0.038574,0.255468,13.029137,-0.002,-0.3,-0.006,-0.125,-0.15,-0.5,0.479299,-0.027487,-0.02386,-0.002525,-0.144067,-0.114916,-0.021609,-0.017374,0.704062,-0.054069,-0.117484,-0.019542,-0.028202,1.029198,2.926193,-0.126441,-0.002039,-0.075441,0.0,0.0,5.521739,0.027163,0.185159,0.151643
233,131.084106,967.659973,0.735352,0.704034,0.291667,0.0,0.176142,50126.0,0.309857,0.493147,0.123819,0.244382,-0.037122,0.261707,12.822683,-0.002,-0.3,-0.006,-0.125,-0.15,-0.5,0.476803,-0.027241,-0.021665,-0.002708,-0.14713,-0.114735,-0.021443,-0.017728,0.707852,-0.054929,-0.122828,-0.01949,-0.029096,1.109838,2.896421,-0.125044,-0.001829,-0.076347,0.125,0.0,5.375,0.029331,0.163312,0.164139
234,131.789413,977.320007,0.722059,0.725273,0.25,0.0,0.175817,48910.0,0.322181,0.522018,0.124966,0.254677,-0.040117,0.267424,12.948513,-0.002,-0.3,-0.006,-0.125,-0.15,-0.5,0.480251,-0.026829,-0.019292,-0.002113,-0.157474,-0.114969,-0.021519,-0.017582,0.737574,-0.053791,-0.119087,-0.019341,-0.031775,1.085488,2.867482,-0.125549,-0.002922,-0.068953,0.0,0.0,4.916667,0.028328,0.194142,0.132915
235,130.699142,971.299988,0.722035,0.692383,0.166667,0.0,0.175301,49802.0,0.317033,0.510845,0.130986,0.247973,-0.03892,0.252182,12.828932,-0.002,-0.3,-0.006,-0.125,-0.15,-0.5,0.484848,-0.02817,-0.023665,-0.001683,-0.153061,-0.115385,-0.022222,-0.017915,0.732186,-0.05447,-0.11927,-0.019393,-0.029776,1.124785,2.943657,-0.125596,-0.001851,-0.056801,0.0,0.0,4.125,0.023029,0.189351,0.146177
236,131.680801,964.73999,0.704455,0.684743,0.291667,0.0,0.1746,49355.0,0.301279,0.465138,0.126855,0.239605,-0.036201,0.262311,12.952334,-0.002,-0.3,-0.006,-0.125,-0.15,-0.5,0.4654,-0.027037,-0.022008,-0.003587,-0.145261,-0.108505,-0.020835,-0.017564,0.696519,-0.049024,-0.112764,-0.019048,-0.027983,1.07384,2.891898,-0.11896,-0.002524,-0.051208,0.0,0.0,3.958333,0.027201,0.185613,0.181619
237,118.463379,883.840027,0.637566,0.636588,0.583333,0.041667,0.174256,53692.0,0.275979,0.445786,0.116264,0.217883,-0.035961,0.241637,13.053581,-0.002,-0.3,-0.006,-0.125,-0.15,-0.5,0.4193,-0.023335,-0.018373,-0.00922,-0.142458,-0.099225,-0.020532,-0.016236,0.646766,-0.054764,-0.116425,-0.018435,-0.028639,0.991982,2.518076,-0.108934,-0.001788,-0.101274,0.25,0.0,4.25,0.02769,0.193954,0.235607
238,123.244331,937.02002,0.788352,0.733234,0.208333,0.0,0.173818,53361.0,0.353701,0.533602,0.147796,0.290332,-0.046657,0.308593,12.751448,-0.002,-0.3,-0.006,-0.125,-0.15,-0.5,0.48592,-0.026338,-0.018047,-0.00205,-0.177205,-0.1159,-0.024262,-0.019448,0.772133,-0.06107,-0.141177,-0.022535,-0.036013,1.011738,2.832878,-0.129718,-0.00218,-0.083769,0.083333,0.0,3.5,0.025869,0.17971,0.134283
239,126.733154,933.309998,0.718456,0.66285,0.434783,0.0,0.173441,54182.0,0.310376,0.471399,0.128711,0.248985,-0.03931,0.267798,12.678627,-0.002,-0.3,-0.006,-0.125,-0.15,-0.5,0.460617,-0.025943,-0.022013,-0.004232,-0.14911,-0.106381,-0.020407,-0.016791,0.710749,-0.051882,-0.116309,-0.018577,-0.029927,1.054428,2.806477,-0.117906,-0.002279,-0.09067,0.043478,0.0,3.73913,0.030723,0.219397,0.183089
240,124.132088,941.02002,0.711484,0.690056,0.391304,0.043478,0.173272,50047.0,0.32315,0.523037,0.120202,0.248075,-0.039025,0.248532,12.587111,-0.002,-0.3,-0.006,-0.125,-0.15,-0.5,0.471696,-0.026993,-0.021924,-0.003899,-0.145886,-0.110486,-0.022304,-0.017062,0.700007,-0.055718,-0.116016,-0.020264,-0.02997,1.02886,2.813515,-0.121383,-0.001838,-0.074667,0.0,0.0,3.913043,0.024288,0.194186,0.182692
241,124.519485,922.76001,0.692636,0.671112,0.416667,0.041667,0.172423,54093.0,0.30566,0.478354,0.122106,0.237036,-0.036755,0.246584,12.739982,-0.002,-0.3,-0.006,-0.125,-0.15,-0.5,0.463517,-0.026248,-0.024869,-0.005229,-0.13573,-0.105705,-0.021231,-0.016405,0.68511,-0.052576,-0.116206,-0.017877,-0.026704,1.072383,2.856419,-0.115239,-0.001759,-0.065316,0.166667,0.0,3.625,0.031786,0.191885,0.168612
242,123.409134,917.159973,0.682616,0.69251,0.333333,0.041667,0.171748,53869.0,0.30789,0.505603,0.121792,0.246721,-0.038478,0.262224,12.556341,-0.002,-0.3,-0.006,-0.125,-0.15,-0.5,0.463111,-0.025659,-0.018002,-0.004944,-0.143411,-0.106375,-0.021463,-0.016966,0.68979,-0.056639,-0.126232,-0.019274,-0.028734,1.083227,2.77367,-0.117327,-0.001722,-0.077173,0.166667,0.0,3.333333,0.030688,0.202217,0.18184
243,130.095261,962.669983,0.721019,0.720367,0.25,0.0,0.17128,53455.0,0.324092,0.505365,0.1275,0.252107,-0.040808,0.27207,12.626017,-0.002,-0.3,-0.006,-0.125,-0.15,-0.5,0.481249,-0.027941,-0.018654,-0.00213,-0.167907,-0.110322,-0.022261,-0.018257,0.74125,-0.054597,-0.118649,-0.02106,-0.032902,1.073732,2.897093,-0.121998,-0.001836,-0.079863,0.0,0.0,4.041667,0.024071,0.182438,0.123092
244,123.479225,910.340027,0.70283,0.671685,0.666667,0.0,0.171092,48371.0,0.306028,0.465258,0.127334,0.253365,-0.038623,0.266215,12.595415,-0.002,-0.3,-0.006,-0.125,-0.15,-0.5,0.453965,-0.025669,-0.017217,-0.006796,-0.150778,-0.103123,-0.021364,-0.016995,0.698843,-0.056031,-0.121533,-0.019546,-0.02928,1.008144,2.791974,-0.114207,-0.002326,-0.082044,0.166667,0.0,3.333333,0.028158,0.224612,0.213977
245,126.380325,930.27002,0.757275,0.708766,0.227273,0.0,0.170422,55345.0,0.324269,0.507679,0.129908,0.238493,-0.038468,0.251149,12.63851,-0.002,-0.3,-0.006,-0.125,-0.15,-0.5,0.479813,-0.02658,-0.017334,-0.00332,-0.146313,-0.108277,-0.020823,-0.017622,0.722572,-0.054381,-0.128281,-0.019856,-0.029402,1.098707,2.922942,-0.119326,-0.001658,-0.076394,0.181818,0.0,3.272727,0.025368,0.191186,0.146797
246,121.293175,892.27002,0.655338,0.649767,0.608696,0.0,0.169756,54700.0,0.280912,0.44305,0.112743,0.2158,-0.033606,0.23218,12.532839,-0.002,-0.3,-0.006,-0.125,-0.15,-0.5,0.43085,-0.024656,-0.017105,-0.007818,-0.133425,-0.097062,-0.020158,-0.016174,0.633585,-0.053235,-0.11846,-0.017968,-0.026511,1.02186,2.641444,-0.106921,-0.001422,-0.104303,0.043478,0.0,3.0,0.029965,0.208132,0.211633
247,124.848755,913.849976,0.664378,0.642412,0.478261,0.0,0.169394,54066.0,0.290957,0.462032,0.121771,0.2336,-0.03927,0.260492,12.590446,-0.002,-0.3,-0.006,-0.125,-0.15,-0.5,0.432271,-0.023275,-0.017114,-0.009863,-0.151993,-0.098014,-0.020672,-0.016177,0.671945,-0.05561,-0.12116,-0.018514,-0.029415,0.989058,2.616843,-0.109355,-0.001982,-0.07932,0.26087,0.0,2.913043,0.031308,0.24359,0.250801
248,122.608864,905.789978,0.68308,0.669326,0.458333,0.0,0.168751,53247.0,0.299151,0.477354,0.123034,0.219117,-0.037421,0.221222,12.721605,-0.002,-0.3,-0.006,-0.125,-0.15,-0.5,0.445707,-0.02455,-0.015851,-0.006143,-0.146728,-0.098958,-0.020887,-0.016643,0.682606,-0.051127,-0.122242,-0.018435,-0.029046,1.028475,2.71087,-0.11033,-0.001304,-0.063851,0.125,0.0,3.166667,0.024219,0.214449,0.204346
249,129.065002,937.289978,0.726548,0.708406,0.347826,0.0,0.168334,50361.0,0.311158,0.500903,0.130432,0.253996,-0.039076,0.282367,12.603575,-0.002348,-0.313044,-0.006261,-0.130435,-0.15913,-0.530435,0.473241,-0.026289,-0.017029,-0.003886,-0.154607,-0.105671,-0.021425,-0.017766,0.719537,-0.053633,-0.122072,-0.019547,-0.030167,1.129554,2.877666,-0.117454,-0.001602,-0.061213,0.086957,0.0,3.73913,0.03207,0.199767,0.187861
250,130.117935,963.820007,0.753291,0.700827,0.25,0.041667,0.167711,53192.0,0.325843,0.490315,0.128622,0.262565,-0.040053,0.283742,12.53263,-0.01,-0.6,-0.012,-0.25,-0.36,-1.2,0.48133,-0.027471,-0.021361,-0.004118,-0.155496,-0.105667,-0.021252,-0.017965,0.725832,-0.056706,-0.126463,-0.019516,-0.031119,1.062331,2.954628,-0.118545,-0.001962,-0.113339,0.208333,0.0,5.791667,0.025964,0.206594,0.156777
251,134.035233,968.460022,0.722291,0.709021,0.416667,0.041667,0.167423,53715.0,0.307556,0.482721,0.126654,0.236006,-0.037347,0.258569,12.700354,-0.01,-0.6,-0.012,-0.25,-0.36,-1.2,0.477452,-0.030426,-0.01958,-0.003855,-0.14247,-0.103741,-0.02114,-0.01758,0.708634,-0.056834,-0.12627,-0.01836,-0.028559,1.155172,2.975853,-0.118901,-0.002203,-0.050989,0.208333,0.0,6.166667,0.028786,0.195868,0.167202
252,124.515099,910.440002,0.718775,0.668656,0.75,0.041667,0.166961,53625.0,0.29443,0.452617,0.120964,0.236018,-0.03702,0.263711,12.649737,-0.01,-0.6,-0.012,-0.25,-0.36,-1.2,0.444275,-0.030343,-0.019281,-0.006536,-0.150424,-0.09696,-0.020327,-0.017757,0.686271,-0.063756,-0.130637,-0.018903,-0.029702,1.017732,2.7485,-0.115081,-0.002133,-0.088497,0.083333,0.0,4.416667,0.028757,0.18225,0.199239
253,122.897209,889.679993,0.698169,0.677793,0.608696,0.043478,0.166543,50858.0,0.29243,0.455351,0.114418,0.227618,-0.034182,0.239606,12.475842,-0.01,-0.6,-0.012,-0.25,-0.36,-1.2,0.45259,-0.0351,-0.015265,-0.005526,-0.131506,-0.095835,-0.018376,-0.016617,0.665101,-0.054804,-0.114678,-0.017217,-0.026254,1.056491,2.862149,-0.115502,-0.001995,-0.062877,0.217391,0.0,4.826087,0.03153,0.21214,0.183416
254,127.380859,934.48999,0.700325,0.697776,0.458333,0.0,0.166188,53898.0,0.309978,0.473556,0.121393,0.238347,-0.036881,0.245164,12.67153,-0.01,-0.6,-0.012,-0.25,-0.36,-1.2,0.466554,-0.037729,-0.018536,-0.003488,-0.137661,-0.099439,-0.019783,-0.017791,0.701692,-0.058432,-0.129088,-0.018068,-0.02867,1.056917,2.919933,-0.121765,-0.002187,-0.071814,0.083333,0.0,4.875,0.026898,0.184545,0.153147
255,132.603195,970.880005,0.739433,0.718188,0.333333,0.0,0.165452,54135.0,0.299975,0.478105,0.125094,0.234999,-0.037421,0.265362,12.389236,-0.01,-0.6,-0.012,-0.25,-0.36,-1.2,0.483556,-0.040996,-0.018448,-0.003423,-0.144779,-0.103386,-0.020954,-0.019557,0.713029,-0.063863,-0.139986,-0.019404,-0.029044,1.203105,3.042888,-0.128813,-0.002235,-0.090142,0.083333,0.0,4.5,0.02646,0.170201,0.155758
256,130.498764,955.02002,0.745298,0.710536,0.333333,0.0,0.164892,53469.0,0.30731,0.492643,0.125343,0.242973,-0.039877,0.279538,12.342926,-0.01,-0.6,-0.012,-0.25,-0.36,-1.2,0.478446,-0.04102,-0.018518,-0.003449,-0.152153,-0.103058,-0.02042,-0.019648,0.739792,-0.064592,-0.143364,-0.018559,-0.031728,1.161134,2.963797,-0.130831,-0.002055,-0.089032,0.0,0.0,4.875,0.02582,0.177732,0.159988
257,125.086754,922.98999,0.730474,0.690345,0.541667,0.0,0.16433,53772.0,0.292711,0.486158,0.122078,0.224202,-0.036707,0.238504,12.304675,-0.01,-0.6,-0.012,-0.25,-0.36,-1.2,0.463123,-0.045397,-0.018768,-0.004341,-0.144347,-0.097692,-0.020122,-0.018834,0.708464,-0.063234,-0.134396,-0.018543,-0.029262,1.109866,2.887468,-0.126565,-0.00207,-0.065223,0.166667,0.0,5.5,0.02648,0.19068,0.171552
258,124.926834,912.460022,0.712535,0.69295,0.458333,0.083333,0.164281,49727.0,0.297044,0.468362,0.122293,0.236206,-0.037545,0.264801,12.268393,-0.01,-0.6,-0.012,-0.25,-0.36,-1.2,0.464705,-0.045591,-0.019481,-0.004392,-0.138945,-0.097486,-0.019827,-0.019401,0.69463,-0.065499,-0.141014,-0.017877,-0.02825,1.11047,2.929488,-0.129608,-0.002204,-0.075373,0.125,0.0,4.875,0.026716,0.203245,0.162471
259,127.780815,925.140015,0.706261,0.682094,0.541667,0.041667,0.163795,53170.0,0.296992,0.431223,0.1199,0.233255,-0.036192,0.258462,12.081927,-0.01,-0.6,-0.012,-0.25,-0.36,-1.2,0.45534,-0.046296,-0.016076,-0.005231,-0.139971,-0.095579,-0.018861,-0.019394,0.692611,-0.06458,-0.142404,-0.017329,-0.029006,1.054444,2.906536,-0.128714,-0.002711,-0.094047,0.083333,0.0,4.875,0.023369,0.185088,0.189427
260,133.830917,968.950012,0.742801,0.699896,0.291667,0.0,0.162674,53431.0,0.307601,0.44834,0.117566,0.229207,-0.034614,0.246115,12.010422,-0.01,-0.6,-0.012,-0.25,-0.36,-1.2,0.481339,-0.054663,-0.020745,-0.002516,-0.133171,-0.098598,-0.019474,-0.020204,0.70338,-0.061516,-0.13662,-0.017324,-0.02808,1.12065,3.133813,-0.134256,-0.002882,-0.061462,0.0,0.0,4.916667,0.026007,0.182847,0.148856
261,126.492386,940.52002,0.756104,0.728051,0.458333,0.0,0.162206,52622.0,0.313,0.477883,0.129195,0.242157,-0.037941,0.266155,12.225715,-0.01,-0.6,-0.012,-0.25,-0.36,-1.2,0.482939,-0.055941,-0.019951,-0.002198,-0.148715,-0.100217,-0.020042,-0.021563,0.738469,-0.068573,-0.150726,-0.018481,-0.03029,1.123112,3.048853,-0.139877,-0.002379,-0.076017,0.041667,0.0,5.208333,0.027638,0.181286,0.135655
262,128.828094,949.150024,0.725879,0.696942,0.416667,0.041667,0.161537,49735.0,0.305157,0.448751,0.123962,0.242537,-0.037938,0.262138,12.034454,-0.01,-0.6,-0.012,-0.25,-0.36,-1.2,0.466753,-0.05747,-0.019014,-0.004856,-0.145172,-0.096181,-0.020336,-0.021021,0.716293,-0.072161,-0.149798,-0.018395,-0.029644,1.067625,2.981073,-0.137783,-0.002526,-0.081979,0.083333,0.0,4.75,0.029869,0.215274,0.181233
263,132.874176,973.309998,0.753953,0.725063,0.375,0.083333,0.160505,53758.0,0.321438,0.471912,0.122118,0.240843,-0.036002,0.242708,12.024132,-0.01,-0.6,-0.012,-0.25,-0.36,-1.2,0.488419,-0.062668,-0.020745,-0.002636,-0.138691,-0.098688,-0.02001,-0.021361,0.713822,-0.068243,-0.146385,-0.017998,-0.029071,1.104722,3.147614,-0.143278,-0.00249,-0.090942,0.041667,0.0,5.791667,0.025713,0.175812,0.140028
264,130.812866,976.26001,0.729391,0.728951,0.333333,0.041667,0.159989,53020.0,0.332158,0.504219,0.132566,0.26115,-0.039554,0.271084,12.088886,-0.01,-0.6,-0.012,-0.25,-0.36,-1.2,0.487893,-0.065624,-0.020666,-0.002417,-0.151104,-0.09907,-0.020882,-0.022559,0.744909,-0.074152,-0.15856,-0.018857,-0.030618,1.065276,3.049402,-0.148256,-0.002418,-0.06166,0.041667,0.0,6.166667,0.027606,0.181751,0.148374
265,123.194496,912.5,0.733482,0.698893,0.666667,0.041667,0.159227,53652.0,0.304708,0.457752,0.124864,0.240931,-0.035957,0.264279,12.054649,-0.01,-0.6,-0.012,-0.25,-0.36,-1.2,0.464877,-0.063202,-0.017966,-0.004058,-0.139551,-0.094226,-0.019337,-0.021808,0.705975,-0.075116,-0.157655,-0.018062,-0.029041,1.064859,2.947361,-0.142516,-0.004077,-0.095982,0.041667,0.0,6.583333,0.02813,0.196486,0.166781
266,132.948227,974.549988,0.746075,0.741808,0.25,0.0,0.158663,53266.0,0.314977,0.47154,0.129644,0.253565,-0.039628,0.283594,12.076998,-0.01,-0.6,-0.012,-0.25,-0.36,-1.2,0.482371,-0.067914,-0.016096,-0.002049,-0.151269,-0.098076,-0.020711,-0.02348,0.748376,-0.073254,-0.164501,-0.018908,-0.031081,1.121199,3.06708,-0.15065,-0.003009,-0.088538,0.041667,0.0,6.416667,0.024292,0.183105,0.123732
267,135.419891,986.619995,0.736174,0.709968,0.583333,0.0,0.158087,49152.0,0.305747,0.452646,0.123905,0.245057,-0.036542,0.269097,11.722038,-0.01,-0.6,-0.012,-0.25,-0.36,-1.2,0.469234,-0.069115,-0.017802,-0.003604,-0.143075,-0.0936,-0.019179,-0.022199,0.716655,-0.076096,-0.155037,-0.017425,-0.030051,1.080889,3.016653,-0.145507,-0.002843,-0.08554,0.0,0.0,6.666667,0.023785,0.194556,0.173387
268,129.261261,949.070007,0.737285,0.707854,0.375,0.0,0.157727,53154.0,0.307192,0.459909,0.11813,0.237936,-0.03654,0.268933,11.895508,-0.01,-0.6,-0.012,-0.25,-0.36,-1.2,0.480704,-0.071625,-0.022561,-0.002289,-0.14041,-0.094496,-0.019084,-0.022006,0.73194,-0.073851,-0.161675,-0.016724,-0.030432,1.120462,3.118573,-0.148047,-0.004066,-0.089579,0.083333,0.0,6.875,0.024995,0.190274,0.152268
269,126.959366,929.359985,0.714364,0.706156,0.666667,0.0,0.156874,53814.0,0.302957,0.449338,0.114606,0.225729,-0.035273,0.240371,11.778713,-0.01,-0.6,-0.012,-0.25,-0.36,-1.2,0.468365,-0.075575,-0.018939,-0.003706,-0.135495,-0.091884,-0.018841,-0.022054,0.703559,-0.073711,-0.154139,-0.017193,-0.028204,1.083209,3.029635,-0.147506,-0.002596,-0.060688,0.0,0.0,5.791667,0.026045,0.196347,0.157117
270,130.651962,956.289978,0.739811,0.730737,0.26087,0.0,0.15622,54378.0,0.310919,0.469039,0.123076,0.241672,-0.036527,0.260753,11.608802,-0.01,-0.6,-0.012,-0.25,-0.36,-1.2,0.483748,-0.078022,-0.01948,-0.002048,-0.137039,-0.095017,-0.019348,-0.023584,0.723356,-0.076426,-0.165772,-0.017613,-0.029478,1.129227,3.114714,-0.154808,-0.003296,-0.100099,0.173913,0.0,6.478261,0.026557,0.187181,0.131891
271,125.87233,942.070007,0.721371,0.710208,0.458333,0.0,0.15592,49078.0,0.314963,0.449219,0.117625,0.235628,-0.036511,0.24669,11.728148,-0.01,-0.6,-0.012,-0.25,-0.36,-1.2,0.470558,-0.079995,-0.020287,-0.003557,-0.138324,-0.09191,-0.021053,-0.023474,0.690395,-0.083155,-0.174026,-0.018809,-0.029408,1.049818,3.041811,-0.152817,-0.003429,-0.076134,0.083333,0.0,5.416667,0.027467,0.180776,0.166545
272,129.448013,955.280029,0.721631,0.704347,0.521739,0.0,0.155777,54052.0,0.318415,0.457378,0.127085,0.258132,-0.039836,0.285414,11.530803,-0.01,-0.6,-0.012,-0.25,-0.36,-1.2,0.471825,-0.079676,-0.020788,-0.003453,-0.14749,-0.091838,-0.019486,-0.024312,0.730422,-0.084454,-0.180328,-0.018727,-0.031553,1.042768,3.016224,-0.157208,-0.003466,-0.097686,0.130435,0.0,6.26087,0.031572,0.191886,0.168999
273,124.279533,911.869995,0.696892,0.686909,0.416667,0.083333,0.155053,53650.0,0.315641,0.425249,0.118381,0.235088,-0.035602,0.251183,11.59978,-0.01,-0.6,-0.012,-0.25,-0.36,-1.2,0.465135,-0.084335,-0.018403,-0.004304,-0.132474,-0.088422,-0.018198,-0.022641,0.712793,-0.077799,-0.168975,-0.01672,-0.028361,1.01272,3.072011,-0.152269,-0.003174,-0.068488,0.125,0.0,4.791667,0.026435,0.211627,0.174856
274,129.175262,952.309998,0.734297,0.68588,0.391304,0.0,0.154681,54057.0,0.305959,0.440818,0.11616,0.236788,-0.034934,0.256392,11.443691,-0.01,-0.6,-0.012,-0.25,-0.36,-1.2,0.464933,-0.085213,-0.018274,-0.003696,-0.135036,-0.088611,-0.018592,-0.023903,0.707819,-0.081962,-0.173518,-0.016253,-0.028843,1.058314,3.011378,-0.155015,-0.003507,-0.100064,0.26087,0.0,5.695652,0.023952,0.218553,0.140498
275,129.936737,952.330017,0.719958,0.694011,0.416667,0.0,0.154115,49394.0,0.298257,0.433268,0.112762,0.228847,-0.035338,0.254787,11.433435,-0.01,-0.6,-0.012,-0.25,-0.36,-1.2,0.45844,-0.08264,-0.019466,-0.004837,-0.129618,-0.087522,-0.0181,-0.024228,0.689491,-0.08682,-0.172553,-0.016573,-0.028673,1.064971,2.987657,-0.154081,-0.004113,-0.101516,0.083333,0.0,4.916667,0.027896,0.180569,0.180419
276,130.46817,954.840027,0.743946,0.717147,0.375,0.0,0.153324,53694.0,0.317004,0.474349,0.12468,0.253632,-0.038394,0.275042,11.517767,-0.01,-0.6,-0.012,-0.25,-0.36,-1.2,0.478709,-0.091057,-0.019131,-0.002685,-0.145024,-0.090525,-0.01883,-0.025161,0.725352,-0.085802,-0.175604,-0.017429,-0.030542,1.08034,3.085779,-0.164612,-0.00381,-0.076528,0.083333,0.0,4.916667,0.024983,0.180537,0.162759
277,124.628227,914.849976,0.707701,0.691335,0.458333,0.0,0.152639,52700.0,0.295715,0.442061,0.11215,0.220524,-0.035054,0.245955,11.440468,-0.01,-0.6,-0.012,-0.25,-0.36,-1.2,0.464199,-0.089171,-0.019304,-0.004185,-0.126618,-0.087076,-0.01783,-0.02479,0.687307,-0.086108,-0.175093,-0.015907,-0.027906,1.097459,3.028957,-0.158055,-0.002985,-0.056915,0.083333,0.0,3.75,0.025709,0.193068,0.177387
278,126.648079,931.76001,0.739968,0.702362,0.291667,0.0,0.152119,53733.0,0.306001,0.452938,0.125823,0.237983,-0.036553,0.260274,11.048058,-0.01,-0.6,-0.012,-0.25,-0.36,-1.2,0.471169,-0.090718,-0.016595,-0.003085,-0.140659,-0.088984,-0.019044,-0.026054,0.724689,-0.084251,-0.190535,-0.01667,-0.030186,1.083841,3.047764,-0.16444,-0.003522,-0.069443,0.125,0.0,4.208333,0.023097,0.170196,0.146163
279,128.899857,950.840027,0.736646,0.700333,0.166667,0.041667,0.151637,52441.0,0.313928,0.449744,0.114846,0.228098,-0.03476,0.236501,11.196747,-0.01,-0.6,-0.012,-0.25,-0.36,-1.2,0.471811,-0.099036,-0.018918,-0.003296,-0.13289,-0.08717,-0.018107,-0.025436,0.684479,-0.087112,-0.174274,-0.016842,-0.028517,1.059026,3.085227,-0.164549,-0.002499,-0.057726,0.166667,0.0,4.125,0.024937,0.197806,0.142367
280,124.948029,920.710022,0.713378,0.697882,0.375,0.0,0.151092,49837.0,0.295282,0.444971,0.11287,0.213418,-0.033477,0.233412,11.185675,-0.01,-0.6,-0.012,-0.25,-0.36,-1.2,0.468022,-0.099364,-0.018795,-0.004256,-0.125179,-0.085283,-0.016901,-0.024638,0.69306,-0.082651,-0.176221,-0.015542,-0.026906,1.097864,3.089327,-0.162172,-0.003166,-0.054561,0.166667,0.0,4.0,0.02768,0.239324,0.153565
281,130.805313,957.27002,0.77262,0.700239,0.333333,0.0,0.151083,53356.0,0.306705,0.449262,0.120646,0.239641,-0.03732,0.270821,10.965373,-0.01,-0.6,-0.012,-0.25,-0.36,-1.2,0.473267,-0.097068,-0.016138,-0.004881,-0.134465,-0.088218,-0.018769,-0.027056,0.71199,-0.096684,-0.198127,-0.016971,-0.029918,1.120927,3.060425,-0.170645,-0.003934,-0.079005,0.083333,0.0,3.708333,0.027402,0.203803,0.201227
282,122.757484,918.76001,0.710387,0.669971,0.565217,0.0,0.150745,54657.0,0.311403,0.448922,0.11324,0.236755,-0.035455,0.252071,11.137213,-0.01,-0.6,-0.012,-0.25,-0.36,-1.2,0.454341,-0.101242,-0.026491,-0.006376,-0.127197,-0.083006,-0.017991,-0.024926,0.687527,-0.099526,-0.200829,-0.016591,-0.028736,0.95691,2.931193,-0.163564,-0.004501,-0.085359,0.26087,0.0,3.913043,0.03271,0.212682,0.164549
283,123.366974,919.22998,0.721163,0.670467,0.375,0.0,0.150309,53964.0,0.306633,0.438785,0.113676,0.232462,-0.035805,0.252787,11.138294,-0.01,-0.6,-0.012,-0.25,-0.36,-1.2,0.449378,-0.098151,-0.01516,-0.006437,-0.131127,-0.082021,-0.017371,-0.02611,0.682781,-0.100149,-0.193525,-0.016195,-0.029274,0.975823,2.908128,-0.165418,-0.00335,-0.090049,0.166667,0.0,3.416667,0.03195,0.203507,0.202763
284,128.775314,954.919983,0.741922,0.720713,0.416667,0.041667,0.149897,49313.0,0.29817,0.45404,0.109024,0.203884,-0.033775,0.221223,11.273753,-0.01,-0.6,-0.012,-0.25,-0.36,-1.2,0.47993,-0.112039,-0.019155,-0.003976,-0.123822,-0.08593,-0.017973,-0.02663,0.692906,-0.088689,-0.188082,-0.01649,-0.027263,1.146982,3.179628,-0.172234,-0.00448,-0.072037,0.041667,0.0,3.75,0.027593,0.177294,0.168713
285,130.019135,960.75,0.723015,0.716832,0.208333,0.0,0.149057,53635.0,0.295836,0.452003,0.107297,0.218715,-0.03261,0.23719,10.970663,-0.01,-0.6,-0.012,-0.25,-0.36,-1.2,0.480243,-0.113388,-0.017352,-0.002948,-0.12284,-0.084543,-0.016659,-0.025478,0.702787,-0.093445,-0.179542,-0.015209,-0.027703,1.143301,3.213604,-0.170931,-0.004589,-0.064158,0.083333,0.0,3.916667,0.025427,0.209707,0.15457
286,127.228767,928.52002,0.719198,0.693087,0.347826,0.043478,0.148499,54751.0,0.290509,0.432293,0.107507,0.22223,-0.032748,0.246875,11.050344,-0.01,-0.6,-0.012,-0.25,-0.36,-1.2,0.461218,-0.112076,-0.019399,-0.004043,-0.126823,-0.080444,-0.016335,-0.02588,0.679888,-0.089029,-0.182257,-0.015655,-0.029025,1.084559,3.079522,-0.166561,-0.002953,-0.07723,0.086957,0.0,3.956522,0.029899,0.189865,0.150741
287,129.22052,950.52002,0.745694,0.70088,0.416667,0.0,0.147928,53453.0,0.294154,0.447653,0.106007,0.210408,-0.035699,0.229397,10.765852,-0.01,-0.6,-0.012,-0.25,-0.36,-1.2,0.471045,-0.116867,-0.015852,-0.00646,-0.135688,-0.082402,-0.016938,-0.027649,0.717283,-0.095553,-0.178921,-0.017349,-0.032224,1.10988,3.116333,-0.172651,-0.003804,-0.049538,0.083333,0.0,2.916667,0.028643,0.182824,0.213145
288,127.679543,949.890015,0.697652,0.700241,0.238095,0.0,0.147031,56533.0,0.310263,0.437816,0.117211,0.224758,-0.034731,0.22375,10.877472,-0.01,-0.6,-0.012,-0.25,-0.36,-1.2,0.462326,-0.120015,-0.018259,-0.004476,-0.128085,-0.079742,-0.016591,-0.026117,0.697084,-0.098482,-0.182502,-0.015977,-0.028882,1.002587,3.045835,-0.171197,-0.003544,-0.05558,0.047619,0.0,3.333333,0.024856,0.179321,0.197852
289,127.344856,945.580017,0.749068,0.702357,0.166667,0.0,0.146212,49084.0,0.286054,0.470638,0.118677,0.223018,-0.037521,0.260839,10.915413,-0.01,-0.6,-0.012,-0.25,-0.36,-1.2,0.47688,-0.116546,-0.017415,-0.002361,-0.137844,-0.083603,-0.017644,-0.028588,0.72189,-0.101426,-0.203347,-0.016884,-0.031924,1.201633,3.104787,-0.181377,-0.005284,-0.076199,0.041667,0.0,3.208333,0.023934,0.170436,0.153631
290,126.815346,938.469971,0.717454,0.717422,0.208333,0.041667,0.14561,53755.0,0.312981,0.432744,0.111744,0.2215,-0.034635,0.225241,10.752905,-0.01,-0.6,-0.012,-0.25,-0.36,-1.2,0.477152,-0.126704,-0.0244,-0.003014,-0.129104,-0.080863,-0.016587,-0.0274,0.705638,-0.100466,-0.191037,-0.016688,-0.028737,1.047527,3.207897,-0.176684,-0.004005,-0.05527,0.083333,0.0,3.5,0.030056,0.191901,0.180085
291,132.969086,974.830017,0.748024,0.714837,0.217391,0.0,0.145201,54487.0,0.292606,0.45389,0.116875,0.222175,-0.036242,0.254993,10.771556,-0.01,-0.6,-0.012,-0.25,-0.36,-1.2,0.474848,-0.120158,-0.015766,-0.004058,-0.128875,-0.081947,-0.017356,-0.028769,0.707407,-0.10415,-0.211262,-0.015862,-0.029777,1.161049,3.124717,-0.18355,-0.004171,-0.063671,0.130435,0.0,6.043478,0.027215,0.202749,0.149741
292,128.599899,952.880005,0.746611,0.70523,0.208333,0.041667,0.144547,54165.0,0.314338,0.444657,0.113151,0.238194,-0.035665,0.260621,10.759604,-0.01,-0.6,-0.012,-0.25,-0.36,-1.2,0.473672,-0.124836,-0.016803,-0.002875,-0.132203,-0.080743,-0.016933,-0.029529,0.711931,-0.101666,-0.202547,-0.016345,-0.030098,1.043348,3.129164,-0.181368,-0.004787,-0.086429,0.166667,0.0,4.083333,0.028602,0.183792,0.131776
293,132.739929,966.0,0.785309,0.722965,0.333333,0.0,0.143776,48956.0,0.314787,0.442629,0.114674,0.232763,-0.034306,0.246706,10.817935,-0.01,-0.6,-0.012,-0.25,-0.36,-1.2,0.486141,-0.124169,-0.018569,-0.001929,-0.12722,-0.081384,-0.016381,-0.028417,0.725486,-0.097818,-0.201466,-0.01528,-0.030516,1.100662,3.277759,-0.180654,-0.004182,-0.070608,0.041667,0.0,6.375,0.021403,0.173403,0.147246
294,125.617683,919.299988,0.723928,0.700778,0.416667,0.0,0.14323,53983.0,0.288102,0.433187,0.111706,0.219833,-0.03375,0.23957,10.665619,-0.01,-0.6,-0.012,-0.25,-0.36,-1.2,0.461879,-0.122238,-0.018492,-0.004385,-0.127772,-0.07716,-0.015774,-0.028033,0.693249,-0.098167,-0.19315,-0.015914,-0.02938,1.082361,3.084646,-0.172403,-0.003914,-0.073161,0.083333,0.0,4.375,0.027581,0.175804,0.193971
295,130.615067,962.77002,0.718748,0.682967,0.375,0.0,0.142822,53436.0,0.293965,0.452392,0.104815,0.21796,-0.033559,0.233419,10.663086,-0.01,-0.6,-0.012,-0.25,-0.36,-1.2,0.454841,-0.122045,-0.015231,-0.004881,-0.125699,-0.075732,-0.016084,-0.027311,0.690984,-0.108241,-0.193308,-0.015601,-0.029263,1.029396,2.99724,-0.170045,-0.00329,-0.055796,0.125,0.0,4.875,0.027272,0.198453,0.171497
296,132.279266,963.960022,0.755681,0.714599,0.416667,0.0,0.142476,53548.0,0.302978,0.456234,0.107172,0.217563,-0.0337,0.242018,10.680136,-0.01,-0.6,-0.012,-0.25,-0.36,-1.2,0.477711,-0.125375,-0.017941,-0.003961,-0.127987,-0.078569,-0.016355,-0.02837,0.716144,-0.097112,-0.192082,-0.014854,-0.029889,1.114965,3.179549,-0.174383,-0.004131,-0.093609,0.166667,0.0,4.916667,0.02723,0.189222,0.17321
297,133.206757,974.599976,0.768448,0.718256,0.166667,0.0,0.141975,53168.0,0.319244,0.438101,0.106351,0.234204,-0.035251,0.255968,10.48539,-0.01,-0.6,-0.012,-0.25,-0.36,-1.2,0.485877,-0.12344,-0.021356,-0.002417,-0.126338,-0.079416,-0.016595,-0.028326,0.723278,-0.097976,-0.196697,-0.015851,-0.030522,1.052106,3.288605,-0.176744,-0.00393,-0.066099,0.083333,0.0,4.583333,0.028313,0.184907,0.136718
298,122.560448,904.859985,0.737733,0.664497,0.416667,0.0,0.141492,54183.0,0.322392,0.416717,0.109907,0.221755,-0.032893,0.231003,10.68019,-0.01,-0.6,-0.012,-0.25,-0.36,-1.2,0.463359,-0.120913,-0.019046,-0.003363,-0.124194,-0.074041,-0.015131,-0.026492,0.71873,-0.090889,-0.185829,-0.014528,-0.029697,0.930037,3.159135,-0.165879,-0.003766,-0.059103,0.083333,0.0,4.625,0.025447,0.195717,0.164975
299,130.990204,961.98999,0.772844,0.735522,0.291667,0.0,0.141321,53768.0,0.326615,0.454221,0.115227,0.237069,-0.036267,0.253901,10.580019,-0.01,-0.6,-0.012,-0.25,-0.36,-1.2,0.489658,-0.127921,-0.015419,-0.001328,-0.13016,-0.079009,-0.01673,-0.028301,0.750206,-0.095665,-0.196359,-0.016423,-0.031455,1.049049,3.294594,-0.17666,-0.005778,-0.06827,0.0,0.0,5.916667,0.02306,0.184456,0.13819
300,129.602371,941.140015,0.76617,0.710867,0.5,0.0,0.141043,13589.0,0.284608,0.443269,0.100103,0.20605,-0.033468,0.241093,10.42584,-0.01,-0.6,-0.012,-0.25,-0.36,-1.2,0.467714,-0.11499,-0.014926,-0.004853,-0.126021,-0.074985,-0.015662,-0.027757,0.692815,-0.099586,-0.194535,-0.01544,-0.030805,1.137098,3.127445,-0.167043,-0.004101,-0.049456,0.125,0.0,4.458333,0.028069,0.165995,0.182745
301,125.576866,915.799988,0.744198,0.701262,0.391304,0.0,0.140927,14263.0,0.298536,0.434851,0.103338,0.218418,-0.034007,0.24432,10.547085,-0.01,-0.6,-0.012,-0.25,-0.36,-1.2,0.468844,-0.117364,-0.015959,-0.002841,-0.123926,-0.074674,-0.015597,-0.026595,0.693122,-0.093277,-0.19247,-0.014925,-0.030632,1.076255,3.160101,-0.165581,-0.004349,-0.090665,0.130435,0.0,5.043478,0.026057,0.184841,0.153174
302,125.923111,908.52002,0.722698,0.69564,0.5,0.0,0.140664,13221.0,0.287194,0.429844,0.104889,0.214787,-0.034218,0.251678,10.494051,-0.01,-0.6,-0.012,-0.25,-0.36,-1.2,0.467939,-0.118539,-0.014588,-0.00358,-0.123821,-0.073881,-0.015757,-0.026787,0.710166,-0.094061,-0.191207,-0.015332,-0.030176,1.104463,3.184059,-0.163484,-0.003588,-0.084727,0.125,0.0,4.708333,0.023953,0.209442,0.152211
303,131.767548,962.880005,0.76443,0.717827,0.333333,0.0,0.140284,14095.0,0.304105,0.436016,0.108214,0.221535,-0.033503,0.244549,10.3902,-0.01,-0.6,-0.012,-0.25,-0.36,-1.2,0.484268,-0.123862,-0.016584,-0.002112,-0.122309,-0.074988,-0.015052,-0.026881,0.727312,-0.089543,-0.185503,-0.014574,-0.030461,1.116075,3.315924,-0.167036,-0.004439,-0.05641,0.041667,0.0,5.833333,0.025019,0.161974,0.148151
304,132.626297,964.440002,0.761698,0.715332,0.217391,0.0,0.139775,13373.0,0.316728,0.438414,0.116123,0.217486,-0.035845,0.226461,10.270699,-0.01,-0.6,-0.012,-0.25,-0.36,-1.2,0.483015,-0.1203,-0.017035,-0.002947,-0.128061,-0.074771,-0.015572,-0.026759,0.745046,-0.097483,-0.193141,-0.014958,-0.031958,1.065096,3.287435,-0.166633,-0.003219,-0.059634,0.086957,0.0,4.956522,0.022415,0.178674,0.156469
305,135.28688,983.369995,0.780053,0.746302,0.208333,0.0,0.139064,13346.0,0.311937,0.463093,0.108218,0.219565,-0.034315,0.247757,10.316656,-0.01,-0.6,-0.012,-0.25,-0.36,-1.2,0.492799,-0.126854,-0.018088,-0.001685,-0.127927,-0.075497,-0.015577,-0.027876,0.738499,-0.092118,-0.18653,-0.015323,-0.031701,1.131461,3.335457,-0.167574,-0.003091,-0.076638,0.083333,0.0,6.083333,0.025838,0.175335,0.132696
306,133.208817,953.840027,0.749682,0.70992,0.166667,0.041667,0.139056,13809.0,0.297415,0.434902,0.10908,0.220307,-0.034251,0.248682,10.329624,-0.01,-0.6,-0.012,-0.25,-0.36,-1.2,0.478072,-0.118442,-0.016106,-0.002437,-0.120877,-0.073035,-0.015248,-0.025898,0.714112,-0.090509,-0.182743,-0.014671,-0.030318,1.1187,3.272165,-0.162538,-0.0032,-0.077485,0.125,0.0,6.083333,0.025324,0.195268,0.149511
307,134.602829,964.359985,0.744179,0.693538,0.708333,0.041667,0.138434,13122.0,0.283154,0.413905,0.101659,0.210429,-0.032856,0.251058,10.335528,-0.01,-0.6,-0.012,-0.25,-0.36,-1.2,0.463165,-0.112095,-0.013542,-0.004414,-0.122986,-0.070687,-0.014268,-0.026237,0.710849,-0.090254,-0.184472,-0.014154,-0.03141,1.094286,3.174702,-0.156331,-0.002787,-0.094145,0.25,0.0,6.791667,0.025348,0.189875,0.185229
308,134.407135,958.77002,0.779844,0.738723,0.291667,0.0,0.138151,13821.0,0.305941,0.431704,0.113686,0.224701,-0.035072,0.262336,10.385649,-0.01,-0.6,-0.012,-0.25,-0.36,-1.2,0.487431,-0.119889,-0.014992,-0.001729,-0.130788,-0.073592,-0.015105,-0.026856,0.763801,-0.092433,-0.186436,-0.014816,-0.033074,1.124655,3.357365,-0.163535,-0.003725,-0.09609,0.0,0.0,6.0,0.022521,0.181151,0.14697
309,136.409119,979.47998,0.773415,0.723714,0.208333,0.041667,0.138005,13480.0,0.292036,0.432322,0.097782,0.199758,-0.031318,0.22523,10.188322,-0.01,-0.6,-0.012,-0.25,-0.36,-1.2,0.484662,-0.121881,-0.016027,-0.001612,-0.115563,-0.072287,-0.014434,-0.026451,0.712588,-0.086134,-0.17471,-0.01396,-0.029429,1.171664,3.3479,-0.15872,-0.003496,-0.058092,0.125,0.0,7.25,0.022729,0.181696,0.128572
310,134.574356,974.150024,0.766163,0.734312,0.416667,0.0,0.137366,14481.0,0.30125,0.425665,0.103665,0.227467,-0.034441,0.263104,10.137385,-0.01,-0.6,-0.012,-0.25,-0.36,-1.2,0.48105,-0.120148,-0.015525,-0.003213,-0.129088,-0.071966,-0.015139,-0.026876,0.741053,-0.094237,-0.181651,-0.014898,-0.032578,1.087768,3.299078,-0.159965,-0.003309,-0.103223,0.041667,0.0,5.875,0.026773,0.17106,0.170579
311,133.691956,947.51001,0.767281,0.72067,0.208333,0.041667,0.136617,44608.0,0.298111,0.42335,0.100978,0.213133,-0.031969,0.234008,10.168807,-0.01,-0.6,-0.012,-0.25,-0.36,-1.2,0.482265,-0.120572,-0.01551,-0.001977,-0.115438,-0.070502,-0.014095,-0.024666,0.729442,-0.090639,-0.170317,-0.013257,-0.03043,1.104268,3.363621,-0.15477,-0.003449,-0.062454,0.208333,0.0,6.208333,0.02483,0.200078,0.144473
312,135.513687,962.309998,0.779484,0.723768,0.217391,0.0,0.136173,51798.0,0.297976,0.429801,0.102131,0.21373,-0.033201,0.242146,10.169621,-0.01,-0.6,-0.012,-0.25,-0.36,-1.2,0.484692,-0.121636,-0.015567,-0.001569,-0.125627,-0.071304,-0.01474,-0.026554,0.73966,-0.088912,-0.176093,-0.014591,-0.031527,1.112337,3.350037,-0.157042,-0.003034,-0.052587,0.0,0.0,5.565217,0.022658,0.175596,0.149253
313,125.893501,914.369995,0.712908,0.692627,0.625,0.041667,0.135775,48053.0,0.286946,0.415466,0.091855,0.201176,-0.031624,0.225683,10.039711,-0.01,-0.6,-0.012,-0.25,-0.36,-1.2,0.446909,-0.110028,-0.016766,-0.005832,-0.117437,-0.065508,-0.014336,-0.024387,0.680647,-0.094647,-0.171319,-0.01391,-0.030325,0.991164,3.052054,-0.144744,-0.003076,-0.068053,0.166667,0.0,5.833333,0.029368,0.169777,0.213874
314,136.848297,961.289978,0.763097,0.72864,0.208333,0.0,0.135227,48791.0,0.307675,0.422888,0.103187,0.21213,-0.031863,0.227386,10.106277,-0.01,-0.6,-0.012,-0.25,-0.36,-1.2,0.484515,-0.122866,-0.017176,-0.002092,-0.112526,-0.069171,-0.014023,-0.02489,0.718838,-0.083616,-0.166456,-0.014327,-0.029472,1.088558,3.39008,-0.152706,-0.003315,-0.052312,0.125,0.0,5.875,0.023393,0.182132,0.135419
315,133.484634,940.840027,0.727196,0.672659,0.291667,0.041667,0.134529,45743.0,0.276794,0.387346,0.094896,0.203844,-0.031304,0.243115,10.101676,-0.01,-0.6,-0.012,-0.25,-0.36,-1.2,0.450447,-0.105315,-0.012451,-0.004782,-0.112271,-0.065389,-0.01379,-0.023989,0.682088,-0.084955,-0.16878,-0.013213,-0.029826,1.048623,3.140857,-0.143993,-0.003308,-0.072848,0.166667,0.0,5.166667,0.025494,0.172969,0.202404
316,134.396606,967.940002,0.760385,0.732123,0.291667,0.041667,0.134421,51359.0,0.295869,0.448399,0.096716,0.206835,-0.032441,0.240733,10.012195,-0.01,-0.6,-0.012,-0.25,-0.36,-1.2,0.483601,-0.116218,-0.013443,-0.001739,-0.117122,-0.069396,-0.014287,-0.025614,0.727715,-0.086581,-0.182164,-0.013565,-0.031506,1.140904,3.310423,-0.152848,-0.003355,-0.072637,0.041667,0.0,5.166667,0.022718,0.177105,0.147782
317,137.19931,962.51001,0.765258,0.724635,0.26087,0.043478,0.134082,49927.0,0.29257,0.429148,0.095361,0.201204,-0.030982,0.22144,9.934422,-0.01,-0.6,-0.012,-0.25,-0.36,-1.2,0.480374,-0.1197,-0.015644,-0.002398,-0.118471,-0.068179,-0.014289,-0.025468,0.724457,-0.09152,-0.175738,-0.013929,-0.031363,1.118846,3.343649,-0.149422,-0.00362,-0.043818,0.043478,0.0,5.391304,0.020729,0.170795,0.137652
318,136.89624,965.330017,0.753215,0.721791,0.291667,0.0,0.133608,48704.0,0.286938,0.403802,0.090977,0.192168,-0.028168,0.216539,9.911496,-0.01,-0.6,-0.012,-0.25,-0.36,-1.2,0.483525,-0.118501,-0.012718,-0.002159,-0.105408,-0.067317,-0.013003,-0.024292,0.705515,-0.084019,-0.166537,-0.012456,-0.028161,1.167581,3.441329,-0.14645,-0.003512,-0.078508,0.041667,0.0,4.5,0.026289,0.189791,0.130956
319,139.442474,968.25,0.769952,0.731511,0.25,0.0,0.133022,45208.0,0.278706,0.424731,0.096981,0.196235,-0.032821,0.235699,10.028758,-0.01,-0.6,-0.012,-0.25,-0.36,-1.2,0.483043,-0.115511,-0.012672,-0.002099,-0.118474,-0.068459,-0.014087,-0.025896,0.735424,-0.085228,-0.173684,-0.013888,-0.0323,1.200171,3.367727,-0.149361,-0.00343,-0.035653,0.0,0.0,4.458333,0.022542,0.168041,0.143109
320,136.758453,963.590027,0.785093,0.739335,0.25,0.0,0.132598,51231.0,0.303114,0.416846,0.09993,0.214194,-0.034125,0.248629,9.990697,-0.01,-0.6,-0.012,-0.25,-0.36,-1.2,0.48388,-0.114851,-0.01281,-0.002312,-0.123264,-0.068009,-0.0144,-0.026191,0.73855,-0.090539,-0.179362,-0.014714,-0.033069,1.109675,3.388096,-0.150397,-0.003905,-0.083544,0.125,0.0,4.541667,0.02128,0.192358,0.124577
321,134.696579,957.349976,0.761099,0.714223,0.166667,0.0,0.132152,45252.0,0.292932,0.431791,0.098769,0.206013,-0.033172,0.240833,9.840244,-0.01,-0.6,-0.012,-0.25,-0.36,-1.2,0.475704,-0.115838,-0.016033,-0.003306,-0.120482,-0.065852,-0.013752,-0.024233,0.740748,-0.088394,-0.173162,-0.014338,-0.033333,1.090258,3.315153,-0.144829,-0.003174,-0.075615,0.125,0.0,3.791667,0.025971,0.17241,0.143263
322,139.348297,972.76001,0.819262,0.755839,0.208333,0.0,0.132073,47538.0,0.302151,0.423248,0.106536,0.226502,-0.035921,0.282434,9.75238,-0.01,-0.6,-0.012,-0.25,-0.36,-1.2,0.487194,-0.11309,-0.012672,-0.002242,-0.127011,-0.068058,-0.014102,-0.026013,0.768075,-0.087453,-0.179425,-0.014099,-0.03545,1.123341,3.397791,-0.150551,-0.003891,-0.068527,0.041667,0.0,3.791667,0.02271,0.193807,0.144142
323,132.475235,936.02002,0.734562,0.70801,0.375,0.0,0.131771,43724.0,0.288438,0.408906,0.103193,0.215606,-0.032937,0.240179,9.899559,-0.01,-0.6,-0.012,-0.25,-0.36,-1.2,0.476247,-0.11885,-0.016238,-0.003198,-0.118008,-0.064951,-0.013644,-0.024828,0.711957,-0.085179,-0.164532,-0.01445,-0.031166,1.106373,3.355078,-0.145213,-0.002722,-0.031836,0.083333,0.0,3.958333,0.022924,0.18716,0.159698
324,134.305466,941.909973,0.742184,0.706535,0.272727,0.0,0.13165,46543.0,0.284169,0.402001,0.096448,0.202796,-0.031696,0.245476,9.814878,-0.01,-0.6,-0.012,-0.25,-0.36,-1.2,0.464623,-0.111623,-0.012498,-0.004273,-0.121055,-0.063165,-0.013477,-0.024595,0.721743,-0.083113,-0.167412,-0.013304,-0.032727,1.081027,3.273654,-0.13948,-0.00276,-0.058264,0.181818,0.0,4.409091,0.024858,0.170778,0.150473
325,135.893661,949.349976,0.768814,0.721267,0.333333,0.0,0.131136,45369.0,0.290655,0.411644,0.096251,0.203723,-0.031073,0.244841,9.806253,-0.01,-0.6,-0.012,-0.25,-0.36,-1.2,0.475583,-0.111184,-0.014787,-0.004266,-0.113726,-0.064063,-0.012822,-0.023649,0.741982,-0.081991,-0.165189,-0.012449,-0.031933,1.095547,3.372669,-0.140308,-0.005322,-0.051123,0.083333,0.0,3.375,0.024557,0.178964,0.169483
326,139.521301,964.369995,0.772181,0.717586,0.130435,0.0,0.130953,47414.0,0.284515,0.405724,0.092475,0.197839,-0.031297,0.230779,9.773994,-0.01,-0.6,-0.012,-0.25,-0.36,-1.2,0.477385,-0.113685,-0.012278,-0.002471,-0.110705,-0.063985,-0.012732,-0.023472,0.718198,-0.077153,-0.157986,-0.012991,-0.030556,1.117993,3.40526,-0.140099,-0.004213,-0.109334,0.086957,0.0,4.26087,0.022806,0.181668,0.160007
327,135.452484,948.820007,0.754574,0.719859,0.375,0.0,0.130111,43960.0,0.294316,0.398099,0.097956,0.210248,-0.031901,0.244007,9.730636,-0.01,-0.6,-0.012,-0.25,-0.36,-1.2,0.473724,-0.11004,-0.011397,-0.00446,-0.112778,-0.063545,-0.013794,-0.02447,0.724676,-0.085753,-0.168801,-0.012912,-0.032043,1.088345,3.36033,-0.139644,-0.003085,-0.076207,0.041667,0.0,3.5,0.02613,0.190974,0.178722
328,134.446991,949.679993,0.757984,0.705118,0.391304,0.0,0.129968,46838.0,0.290695,0.440614,0.09269,0.205737,-0.034313,0.23868,9.593733,-0.01,-0.6,-0.012,-0.25,-0.36,-1.2,0.470921,-0.113155,-0.015174,-0.00454,-0.118941,-0.063188,-0.015098,-0.02382,0.733221,-0.093632,-0.187578,-0.014145,-0.031758,1.060231,3.239656,-0.140241,-0.002861,-0.059399,0.0,0.0,3.869565,0.022157,0.177618,0.196976
329,133.253342,952.830017,0.770897,0.73246,0.086957,0.0,0.130073,46680.0,0.327385,0.429206,0.103723,0.231026,-0.035671,0.25931,9.735454,-0.01,-0.6,-0.012,-0.25,-0.36,-1.2,0.483494,-0.112044,-0.012802,-0.002319,-0.12647,-0.065064,-0.014086,-0.025308,0.753439,-0.088691,-0.184652,-0.015143,-0.034934,1.008867,3.372854,-0.146253,-0.003364,-0.050095,0.086957,0.0,3.173913,0.02428,0.176567,0.151042
330,126.261261,899.880005,0.704198,0.657096,0.565217,0.086957,0.129946,46882.0,0.278873,0.419778,0.087352,0.194142,-0.031789,0.220254,9.649631,-0.01,-0.6,-0.012,-0.25,-0.36,-1.2,0.437584,-0.102108,-0.015107,-0.008364,-0.112877,-0.058212,-0.012947,-0.022626,0.6647,-0.08645,-0.162692,-0.013021,-0.030262,0.972816,2.965369,-0.129964,-0.002382,-0.029349,0.130435,0.0,3.521739,0.024258,0.196325,0.235576
331,135.109741,938.919983,0.776008,0.735982,0.333333,0.041667,0.129617,44249.0,0.291802,0.408377,0.090378,0.193282,-0.03114,0.231661,9.718737,-0.01,-0.6,-0.012,-0.25,-0.36,-1.2,0.476464,-0.10849,-0.011667,-0.003919,-0.111971,-0.0625,-0.01313,-0.023862,0.726608,-0.080761,-0.160412,-0.012781,-0.031734,1.106707,3.373254,-0.136742,-0.002345,-0.041315,0.0,0.0,3.25,0.021729,0.174011,0.180882
332,135.932541,947.0,0.79318,0.720242,0.166667,0.0,0.129299,47233.0,0.302601,0.406185,0.09706,0.197023,-0.0313,0.222009,9.728737,-0.01,-0.6,-0.012,-0.25,-0.36,-1.2,0.481958,-0.113329,-0.012988,-0.0025,-0.111941,-0.061485,-0.012181,-0.022507,0.755412,-0.07433,-0.15497,-0.012342,-0.032693,1.063601,3.462886,-0.135302,-0.003288,-0.051075,0.083333,0.0,3.791667,0.024015,0.18374,0.134759
333,136.993652,945.109985,0.675573,0.666668,0.375,0.041667,0.129165,46042.0,0.265197,0.374418,0.074337,0.170345,-0.026913,0.187728,9.745357,-0.01,-0.6,-0.012,-0.25,-0.36,-1.2,0.44198,-0.112185,-0.011779,-0.005808,-0.097835,-0.055924,-0.011364,-0.020747,0.661378,-0.074639,-0.134671,-0.011942,-0.028036,1.013518,3.183155,-0.121482,-0.00362,-0.033669,0.041667,0.0,5.125,0.02676,0.203994,0.181435
334,138.178619,959.23999,0.757664,0.723713,0.458333,0.041667,0.128562,45352.0,0.294354,0.408187,0.095212,0.202859,-0.031216,0.232406,9.573021,-0.01,-0.6,-0.012,-0.25,-0.36,-1.2,0.472961,-0.110622,-0.010703,-0.003729,-0.106802,-0.060725,-0.012864,-0.022635,0.724068,-0.081621,-0.163757,-0.012525,-0.029556,1.072011,3.367419,-0.13433,-0.003071,-0.053971,0.041667,0.0,5.333333,0.024122,0.186153,0.153778
335,134.963303,935.530029,0.757123,0.718374,0.333333,0.041667,0.128445,47994.0,0.299755,0.417547,0.08828,0.19128,-0.030073,0.214191,9.700113,-0.01,-0.6,-0.012,-0.25,-0.36,-1.2,0.47058,-0.11071,-0.014377,-0.003546,-0.107319,-0.059805,-0.012183,-0.022416,0.710196,-0.079327,-0.15534,-0.012425,-0.029813,1.03997,3.344209,-0.13253,-0.003416,-0.051105,0.083333,0.0,5.75,0.022405,0.186936,0.164863
336,135.852554,941.75,0.747935,0.705429,0.541667,0.0,0.127884,47058.0,0.278467,0.399407,0.084614,0.18664,-0.027538,0.212129,9.727359,-0.01,-0.6,-0.012,-0.25,-0.36,-1.2,0.463764,-0.108696,-0.012089,-0.00401,-0.097799,-0.058231,-0.01163,-0.020974,0.691218,-0.075556,-0.147254,-0.011355,-0.027771,1.073719,3.338621,-0.127816,-0.003712,-0.054532,0.083333,0.0,5.0,0.027264,0.167329,0.190711
337,140.35025,976.309998,0.767733,0.73184,0.26087,0.0,0.12774,46899.0,0.303607,0.42641,0.093938,0.197147,-0.032077,0.226909,9.793876,-0.01,-0.6,-0.012,-0.25,-0.36,-1.2,0.484863,-0.11732,-0.015446,-0.002567,-0.11741,-0.060769,-0.012532,-0.023013,0.75889,-0.081471,-0.16009,-0.012999,-0.032126,1.083261,3.431082,-0.134998,-0.003239,-0.044392,0.0,0.0,4.826087,0.02664,0.185947,0.162509
338,136.893082,946.340027,0.766266,0.7409,0.333333,0.0,0.127551,40879.0,0.300549,0.407621,0.089447,0.200761,-0.029352,0.22863,9.554361,-0.01,-0.6,-0.012,-0.25,-0.36,-1.2,0.482436,-0.114019,-0.013231,-0.002026,-0.106268,-0.060291,-0.011614,-0.021829,0.730252,-0.074446,-0.151957,-0.011921,-0.029999,1.088305,3.481754,-0.132605,-0.002862,-0.042315,0.0,0.0,5.0,0.024441,0.176364,0.155673
339,133.838028,938.049988,0.736816,0.703361,0.291667,0.0,0.127329,46775.0,0.293984,0.41731,0.086675,0.204882,-0.030069,0.229881,9.664856,-0.01,-0.6,-0.012,-0.25,-0.36,-1.2,0.46855,-0.113557,-0.012411,-0.003749,-0.108633,-0.058613,-0.012115,-0.021882,0.729242,-0.078197,-0.152166,-0.012357,-0.030788,1.02815,3.317757,-0.129297,-0.003018,-0.041652,0.166667,0.0,5.083333,0.024844,0.168289,0.17298
340,142.682373,984.23999,0.797184,0.76265,0.125,0.0,0.126761,47979.0,0.299689,0.415938,0.098707,0.203666,-0.033488,0.250701,9.582336,-0.01,-0.6,-0.012,-0.25,-0.36,-1.2,0.491351,-0.111532,-0.013136,-0.001905,-0.122585,-0.061958,-0.012988,-0.024322,0.77178,-0.081734,-0.167426,-0.013402,-0.034472,1.141358,3.510978,-0.13677,-0.003385,-0.069732,0.083333,0.0,4.416667,0.02324,0.165436,0.145571
341,138.189484,944.969971,0.770519,0.730701,0.25,0.083333,0.126021,48043.0,0.289505,0.400198,0.096379,0.202598,-0.031208,0.244267,9.839583,-0.01,-0.6,-0.012,-0.25,-0.36,-1.2,0.476359,-0.106212,-0.011869,-0.00246,-0.107907,-0.059237,-0.012356,-0.022641,0.741804,-0.076161,-0.157458,-0.012283,-0.031666,1.092561,3.423325,-0.130662,-0.003646,-0.090265,0.041667,0.0,5.708333,0.024212,0.185866,0.142012
342,135.605118,944.140015,0.74882,0.715971,0.375,0.041667,0.1259,41435.0,0.290968,0.406703,0.087574,0.202526,-0.030065,0.237738,9.592731,-0.01,-0.6,-0.012,-0.25,-0.36,-1.2,0.474926,-0.109367,-0.014494,-0.003418,-0.106078,-0.058321,-0.012013,-0.02142,0.735271,-0.075876,-0.147606,-0.012065,-0.031053,1.053663,3.402258,-0.128083,-0.003649,-0.056745,0.125,0.0,4.875,0.026691,0.183431,0.17518
343,140.226288,966.869995,0.783757,0.755994,0.166667,0.0,0.125353,49235.0,0.28862,0.403646,0.087538,0.200342,-0.030422,0.24039,9.65665,-0.01,-0.6,-0.012,-0.25,-0.36,-1.2,0.48116,-0.10933,-0.011907,-0.003266,-0.105409,-0.058898,-0.012469,-0.022608,0.73079,-0.07923,-0.155939,-0.012539,-0.030639,1.121327,3.463034,-0.129773,-0.00294,-0.068616,0.083333,0.0,4.458333,0.025271,0.158132,0.168879
344,143.736374,986.960022,0.768001,0.739086,0.25,0.0,0.125086,49756.0,0.294517,0.401221,0.089726,0.200711,-0.029723,0.225201,9.422262,-0.01,-0.6,-0.012,-0.25,-0.36,-1.2,0.485145,-0.113929,-0.012799,-0.00187,-0.107741,-0.058006,-0.01198,-0.021561,0.744965,-0.070357,-0.146443,-0.011683,-0.031066,1.103249,3.546657,-0.127903,-0.002458,-0.052559,0.041667,0.0,4.875,0.023728,0.190411,0.136815
345,144.345901,992.98999,0.789655,0.762048,0.125,0.0,0.124712,49342.0,0.299248,0.388397,0.084434,0.190767,-0.02832,0.213154,9.450701,-0.01,-0.6,-0.012,-0.25,-0.36,-1.2,0.49322,-0.115008,-0.013354,-0.001167,-0.103299,-0.058152,-0.01177,-0.02123,0.748016,-0.068692,-0.142294,-0.011119,-0.030567,1.108393,3.643012,-0.127158,-0.002952,-0.079475,0.041667,0.0,5.375,0.022512,0.156192,0.143317
346,137.441833,946.659973,0.741839,0.707333,0.458333,0.0,0.124584,42488.0,0.282305,0.387548,0.083545,0.190314,-0.028734,0.228361,9.535032,-0.01,-0.6,-0.012,-0.25,-0.36,-1.2,0.462379,-0.105735,-0.01028,-0.004973,-0.105002,-0.055512,-0.011662,-0.020788,0.717186,-0.077752,-0.152263,-0.011481,-0.030871,1.046091,3.339749,-0.122292,-0.002625,-0.057066,0.208333,0.0,5.416667,0.025812,0.169703,0.174684
347,138.832687,944.070007,0.793518,0.752596,0.166667,0.0,0.124737,47320.0,0.28467,0.408318,0.084286,0.178406,-0.029084,0.210077,9.631207,-0.01,-0.6,-0.012,-0.25,-0.36,-1.2,0.482692,-0.106432,-0.010378,-0.001683,-0.101052,-0.057691,-0.011632,-0.021604,0.726953,-0.072766,-0.153202,-0.011481,-0.030243,1.151259,3.505406,-0.126204,-0.002747,-0.032353,0.166667,0.0,5.583333,0.022984,0.176107,0.140674
348,142.432236,975.559998,0.801507,0.753557,0.416667,0.0,0.124501,47377.0,0.289448,0.396277,0.087661,0.195825,-0.030286,0.239386,9.697514,-0.01,-0.6,-0.012,-0.25,-0.36,-1.2,0.485164,-0.109526,-0.011265,-0.002494,-0.109251,-0.058023,-0.012149,-0.022883,0.742275,-0.076658,-0.157561,-0.011982,-0.032045,1.14363,3.513495,-0.126864,-0.003262,-0.062768,0.041667,0.0,6.5,0.021556,0.176618,0.149235
349,138.663986,954.830017,0.775492,0.754885,0.166667,0.083333,0.124621,47642.0,0.284478,0.409805,0.09001,0.186892,-0.030135,0.21237,9.547342,-0.01,-0.6,-0.012,-0.25,-0.36,-1.2,0.484853,-0.111401,-0.010659,-0.00202,-0.103589,-0.057597,-0.012516,-0.022641,0.727101,-0.077246,-0.153634,-0.012949,-0.030333,1.154623,3.501073,-0.127354,-0.002719,-0.057831,0.083333,0.0,6.083333,0.029377,0.17518,0.134756
350,141.782974,973.900024,0.777591,0.72401,0.291667,0.0,0.124484,42402.0,0.300893,0.412152,0.092679,0.202286,-0.030562,0.226409,9.584702,-0.01,-0.6,-0.012,-0.25,-0.36,-1.2,0.476704,-0.110189,-0.011432,-0.002786,-0.103564,-0.055942,-0.011731,-0.021034,0.733086,-0.074416,-0.146249,-0.011936,-0.030172,1.041264,3.42815,-0.12424,-0.003283,-0.056774,0.166667,0.0,6.666667,0.024552,0.205267,0.144199
351,136.572159,939.210022,0.741759,0.722515,0.375,0.0,0.12442,47235.0,0.280955,0.398041,0.086316,0.193974,-0.030055,0.235532,9.617301,-0.01,-0.6,-0.012,-0.25,-0.36,-1.2,0.471869,-0.103217,-0.010225,-0.003665,-0.104626,-0.055406,-0.011693,-0.021269,0.728583,-0.078137,-0.158412,-0.011404,-0.031536,1.106402,3.414227,-0.122061,-0.003041,-0.070511,0.25,0.0,6.708333,0.02837,0.21683,0.167195
352,145.099716,985.440002,0.803263,0.742146,0.166667,0.0,0.124229,47471.0,0.302764,0.407951,0.08885,0.190532,-0.029375,0.215424,9.529709,-0.01,-0.6,-0.012,-0.25,-0.36,-1.2,0.493058,-0.110558,-0.011556,-0.00104,-0.101278,-0.056613,-0.01156,-0.021038,0.757806,-0.072676,-0.151959,-0.011341,-0.030293,1.13148,3.600435,-0.124592,-0.003374,-0.038329,0.0,0.0,5.833333,0.025509,0.171393,0.130974
353,140.695679,956.640015,0.76981,0.719813,0.25,0.0,0.123992,47955.0,0.277604,0.381992,0.088328,0.190387,-0.029529,0.232834,9.510563,-0.01,-0.6,-0.012,-0.25,-0.36,-1.2,0.471828,-0.106243,-0.014913,-0.003134,-0.103113,-0.054258,-0.011287,-0.021072,0.726565,-0.072742,-0.145716,-0.011165,-0.030417,1.118298,3.449495,-0.120015,-0.002838,-0.054178,0.125,0.0,5.708333,0.023157,0.186807,0.157185
354,144.861069,993.919983,0.804582,0.743596,0.130435,0.0,0.123748,45159.0,0.309384,0.414476,0.095579,0.213124,-0.032718,0.254911,9.662773,-0.01,-0.6,-0.012,-0.25,-0.36,-1.2,0.4911,-0.107351,-0.011982,-0.001652,-0.109207,-0.057167,-0.012297,-0.022383,0.7695,-0.074786,-0.160678,-0.01214,-0.03301,1.081793,3.548636,-0.127495,-0.003248,-0.065531,0.130435,0.0,5.869565,0.022723,0.171747,0.134785
355,138.643188,944.840027,0.773559,0.728034,0.291667,0.0,0.123763,52902.0,0.28179,0.3833,0.081713,0.189201,-0.028909,0.230534,9.475669,-0.01,-0.6,-0.012,-0.25,-0.36,-1.2,0.473046,-0.104177,-0.011182,-0.00278,-0.102038,-0.054036,-0.011044,-0.02034,0.73819,-0.069821,-0.141167,-0.011095,-0.031539,1.079781,3.467075,-0.118498,-0.003275,-0.091739,0.083333,0.0,6.041667,0.024922,0.183601,0.143559
356,144.520416,984.859985,0.768843,0.731768,0.291667,0.041667,0.12342,52635.0,0.28986,0.387241,0.086284,0.186933,-0.028964,0.218217,9.360062,-0.01,-0.6,-0.012,-0.25,-0.36,-1.2,0.478958,-0.109171,-0.015006,-0.002556,-0.102087,-0.053986,-0.011464,-0.020403,0.736515,-0.073406,-0.151185,-0.011275,-0.030937,1.095401,3.517695,-0.11883,-0.003407,-0.039753,0.041667,0.0,4.791667,0.021657,0.163547,0.144059
357,136.758713,944.409973,0.730705,0.715489,0.333333,0.0,0.122867,53624.0,0.287874,0.399355,0.079929,0.178316,-0.028331,0.204922,9.509682,-0.01,-0.6,-0.012,-0.25,-0.36,-1.2,0.465027,-0.105321,-0.010885,-0.003431,-0.100994,-0.052619,-0.011037,-0.020552,0.73219,-0.06809,-0.139194,-0.011108,-0.030888,1.043225,3.36697,-0.116195,-0.002688,-0.086643,0.083333,0.0,5.291667,0.022318,0.179455,0.168915
358,145.611465,999.700012,0.810007,0.744345,0.166667,0.0,0.12215,44528.0,0.310859,0.417285,0.090229,0.203242,-0.030385,0.230425,9.255545,-0.01,-0.6,-0.012,-0.25,-0.36,-1.2,0.494646,-0.114103,-0.011116,-0.000923,-0.107355,-0.055432,-0.011696,-0.02108,0.787131,-0.071621,-0.143319,-0.011626,-0.032789,1.058774,3.604547,-0.122855,-0.003343,-0.063768,0.0,0.0,5.625,0.022871,0.183753,0.144879
359,138.629013,949.380005,0.782507,0.740263,0.363636,0.0,0.121638,54919.0,0.290784,0.410648,0.086617,0.18094,-0.029382,0.210201,9.498415,-0.01,-0.6,-0.012,-0.25,-0.36,-1.2,0.485255,-0.109821,-0.011731,-0.001843,-0.10257,-0.054282,-0.011199,-0.020368,0.76022,-0.072209,-0.145025,-0.011134,-0.031365,1.118159,3.527915,-0.119912,-0.002929,-0.050553,0.0,0.0,5.590909,0.026365,0.170038,0.146117
360,132.709702,919.390015,0.738817,0.693741,0.333333,0.125,0.121426,53122.0,0.296155,0.38952,0.086009,0.193544,-0.029361,0.211275,9.47629,-0.01,-0.6,-0.012,-0.25,-0.36,-1.2,0.462704,-0.106962,-0.013925,-0.003897,-0.104089,-0.051806,-0.011452,-0.020527,0.719317,-0.07262,-0.145101,-0.011305,-0.030296,0.982191,3.358661,-0.115333,-0.00253,-0.036005,0.041667,0.0,4.041667,0.022638,0.179855,0.161139
361,139.22023,941.539978,0.768073,0.730727,0.208333,0.083333,0.120963,53266.0,0.289832,0.389687,0.088288,0.191264,-0.029376,0.225527,9.39131,-0.01,-0.6,-0.012,-0.25,-0.36,-1.2,0.474704,-0.104403,-0.00873,-0.003101,-0.099857,-0.053416,-0.011432,-0.020976,0.739674,-0.07085,-0.147856,-0.011279,-0.030438,1.095909,3.466371,-0.118116,-0.003301,-0.047237,0.125,0.0,4.125,0.021485,0.162633,0.129781
362,142.141479,964.900024,0.796809,0.737567,0.125,0.083333,0.120742,53436.0,0.299427,0.393274,0.084827,0.185731,-0.027604,0.211591,9.429585,-0.01,-0.6,-0.012,-0.25,-0.36,-1.2,0.4798,-0.106523,-0.013597,-0.002662,-0.096767,-0.052965,-0.01094,-0.019946,0.737745,-0.069533,-0.143876,-0.010784,-0.029017,1.057968,3.523312,-0.117066,-0.002674,-0.046119,0.041667,0.0,4.625,0.02488,0.169098,0.15889
363,135.373749,919.98999,0.767679,0.731216,0.25,0.0,0.120415,46830.0,0.295006,0.408011,0.095026,0.198118,-0.031384,0.240414,9.464727,-0.01,-0.6,-0.012,-0.25,-0.36,-1.2,0.472738,-0.103931,-0.010793,-0.002667,-0.106491,-0.053818,-0.011561,-0.021503,0.742354,-0.073197,-0.149578,-0.012272,-0.031964,1.06982,3.406054,-0.119963,-0.002921,-0.066621,0.125,0.0,3.5,0.02112,0.15814,0.176989
364,144.128006,971.330017,0.774469,0.748817,0.125,0.0,0.119805,53211.0,0.295987,0.423056,0.088692,0.205887,-0.031143,0.25049,9.224282,-0.01,-0.6,-0.012,-0.25,-0.36,-1.2,0.488108,-0.105624,-0.012197,-0.001312,-0.103416,-0.054368,-0.011868,-0.020859,0.761635,-0.070699,-0.151709,-0.011263,-0.031648,1.118535,3.539824,-0.120154,-0.00302,-0.068555,0.041667,0.0,4.083333,0.023958,0.159398,0.160582
365,136.849564,923.01001,0.761856,0.709983,0.347826,0.0,0.11989,54155.0,0.273692,0.370446,0.080193,0.174312,-0.026373,0.201282,9.162447,-0.01,-0.6,-0.012,-0.25,-0.36,-1.2,0.46436,-0.102653,-0.009267,-0.003798,-0.091895,-0.0507,-0.010667,-0.018728,0.69869,-0.070304,-0.140947,-0.010242,-0.027356,1.104794,3.44725,-0.111528,-0.003527,-0.076299,0.173913,0.0,4.391304,0.026078,0.190864,0.171241
366,144.80217,965.119995,0.789076,0.745598,0.208333,0.0,0.119521,53157.0,0.27084,0.388566,0.081427,0.178401,-0.028922,0.221773,9.173193,-0.01,-0.6,-0.012,-0.25,-0.36,-1.2,0.479353,-0.101833,-0.011287,-0.00324,-0.095566,-0.052113,-0.011054,-0.019882,0.73449,-0.070179,-0.143925,-0.010896,-0.029124,1.181195,3.551815,-0.115346,-0.002256,-0.073295,0.083333,0.0,4.125,0.025727,0.169271,0.159749
367,144.756241,972.190002,0.820194,0.7558,0.125,0.0,0.119014,46211.0,0.301377,0.411563,0.091975,0.198144,-0.030118,0.239269,9.103951,-0.01,-0.6,-0.012,-0.25,-0.36,-1.2,0.488324,-0.100012,-0.010692,-0.001361,-0.105219,-0.054108,-0.012034,-0.022239,0.76482,-0.075044,-0.152779,-0.011329,-0.033119,1.112053,3.537464,-0.118943,-0.00244,-0.073574,0.041667,0.0,3.958333,0.019192,0.169628,0.161681
368,148.509521,992.5,0.789196,0.753211,0.043478,0.043478,0.118458,54974.0,0.275318,0.399842,0.08095,0.188319,-0.029378,0.248035,9.153694,-0.01,-0.6,-0.012,-0.25,-0.36,-1.2,0.487502,-0.102561,-0.010315,-0.002087,-0.09849,-0.053973,-0.012924,-0.020059,0.755003,-0.068564,-0.143402,-0.011257,-0.030431,1.194156,3.578634,-0.117574,-0.002791,-0.061594,0.043478,0.0,4.0,0.025732,0.170474,0.139797
369,138.907211,955.219971,0.751955,0.723992,0.208333,0.041667,0.118062,53532.0,0.29735,0.403574,0.075266,0.179605,-0.02709,0.198572,9.104554,-0.01,-0.6,-0.012,-0.25,-0.36,-1.2,0.477361,-0.110964,-0.013703,-0.00275,-0.090642,-0.050637,-0.01088,-0.018507,0.728076,-0.067937,-0.133334,-0.010679,-0.028287,1.042087,3.527084,-0.111326,-0.003124,-0.037139,0.125,0.0,3.916667,0.026514,0.186759,0.133499
370,134.429123,915.73999,0.769394,0.692668,0.391304,0.0,0.117718,54355.0,0.284949,0.38976,0.087899,0.189705,-0.029224,0.226086,9.145973,-0.01,-0.6,-0.012,-0.25,-0.36,-1.2,0.452835,-0.096516,-0.008601,-0.005565,-0.10225,-0.049384,-0.011236,-0.020436,0.725716,-0.070457,-0.145376,-0.011548,-0.031783,0.99114,3.286722,-0.109607,-0.003353,-0.059997,0.173913,0.0,3.304348,0.023018,0.194055,0.189977
371,132.751816,900.070007,0.737832,0.692382,0.347826,0.0,0.117723,54180.0,0.270541,0.363308,0.0748,0.169853,-0.025228,0.193232,9.086166,-0.01,-0.6,-0.012,-0.25,-0.36,-1.2,0.455188,-0.100914,-0.013045,-0.005159,-0.086594,-0.047984,-0.010437,-0.017632,0.689235,-0.067367,-0.127379,-0.009801,-0.026489,1.030295,3.401547,-0.105342,-0.003422,-0.054228,0.086957,0.0,3.391304,0.02516,0.160466,0.213838
372,139.129929,935.080017,0.786841,0.72919,0.333333,0.0,0.11733,47795.0,0.279715,0.37909,0.082987,0.179201,-0.028591,0.213242,9.054988,-0.01,-0.6,-0.012,-0.25,-0.36,-1.2,0.465464,-0.095888,-0.010778,-0.004099,-0.096058,-0.049885,-0.010689,-0.019875,0.72608,-0.072142,-0.139037,-0.010794,-0.029679,1.079895,3.417317,-0.110726,-0.002507,-0.046549,0.083333,0.0,3.5,0.024493,0.165754,0.147792
373,142.187714,961.030029,0.815473,0.751033,0.166667,0.0,0.117089,53171.0,0.297061,0.39956,0.088604,0.19752,-0.031582,0.240057,8.96016,-0.01,-0.6,-0.012,-0.25,-0.36,-1.2,0.488245,-0.100561,-0.010945,-0.00125,-0.104571,-0.052215,-0.011292,-0.020378,0.767101,-0.071686,-0.151482,-0.011255,-0.03289,1.100167,3.603861,-0.115899,-0.003788,-0.104984,0.0,0.0,3.458333,0.022293,0.145666,0.133445
374,143.812744,963.039978,0.785183,0.73774,0.208333,0.0,0.116943,53778.0,0.281651,0.383153,0.094838,0.184066,-0.030339,0.226853,9.10899,-0.01,-0.6,-0.012,-0.25,-0.36,-1.2,0.477216,-0.100776,-0.009027,-0.003444,-0.098182,-0.050455,-0.010821,-0.019829,0.755113,-0.066129,-0.141274,-0.011163,-0.030535,1.131965,3.538639,-0.11235,-0.002986,-0.063965,0.083333,0.0,3.708333,0.02686,0.165331,0.136619
375,145.962814,974.73999,0.801058,0.739972,0.083333,0.0,0.116927,53394.0,0.286794,0.379072,0.084664,0.193025,-0.029325,0.233782,9.151669,-0.01,-0.6,-0.012,-0.25,-0.36,-1.2,0.488589,-0.101504,-0.013367,-0.001861,-0.099179,-0.051225,-0.010875,-0.019899,0.76796,-0.067843,-0.142486,-0.010339,-0.032249,1.118392,3.639157,-0.113226,-0.003208,-0.070556,0.125,0.0,6.083333,0.024698,0.156516,0.140461
376,143.667099,963.700012,0.773082,0.740051,0.291667,0.041667,0.116898,47398.0,0.297317,0.393735,0.08398,0.195271,-0.029195,0.235035,9.281687,-0.01,-0.6,-0.012,-0.25,-0.36,-1.2,0.482975,-0.101774,-0.010748,-0.002082,-0.096233,-0.051751,-0.011493,-0.019955,0.747266,-0.071626,-0.149473,-0.011434,-0.029683,1.090032,3.55638,-0.115183,-0.002626,-0.062481,0.083333,0.0,6.208333,0.0219,0.161111,0.140855
377,143.978424,952.48999,0.759546,0.706307,0.458333,0.0,0.116336,52696.0,0.268446,0.367343,0.081087,0.168642,-0.02739,0.203921,8.961322,-0.01,-0.6,-0.012,-0.25,-0.36,-1.2,0.462664,-0.09781,-0.01183,-0.004171,-0.092386,-0.047733,-0.010433,-0.018452,0.712614,-0.066788,-0.134666,-0.009987,-0.028248,1.108374,3.462576,-0.105952,-0.002984,-0.057594,0.083333,0.0,5.083333,0.022993,0.162872,0.193205
378,138.271194,922.940002,0.786521,0.751063,0.25,0.083333,0.11613,53761.0,0.282035,0.385728,0.082227,0.17601,-0.028577,0.211401,9.223557,-0.01,-0.6,-0.012,-0.25,-0.36,-1.2,0.471848,-0.09821,-0.012013,-0.004144,-0.092657,-0.049102,-0.010989,-0.018578,0.735589,-0.07419,-0.14262,-0.011304,-0.028608,1.09199,3.505017,-0.108528,-0.002729,-0.048013,0.166667,0.0,4.875,0.02461,0.179273,0.171129
379,144.962799,972.630005,0.792972,0.753988,0.25,0.0,0.115753,53393.0,0.277303,0.392841,0.088584,0.194523,-0.029052,0.23557,9.002382,-0.01,-0.6,-0.012,-0.25,-0.36,-1.2,0.488778,-0.105583,-0.008744,-0.001463,-0.098356,-0.051378,-0.011254,-0.020071,0.741161,-0.070825,-0.139102,-0.01116,-0.029851,1.164735,3.615009,-0.113782,-0.002085,-0.079765,0.0,0.0,5.125,0.023717,0.158643,0.138833
380,140.303207,954.659973,0.772255,0.726649,0.333333,0.0,0.11541,48138.0,0.280079,0.399724,0.087079,0.18673,-0.030304,0.22699,9.013334,-0.01,-0.6,-0.012,-0.25,-0.36,-1.2,0.471042,-0.102397,-0.008424,-0.002715,-0.102859,-0.049107,-0.011094,-0.01973,0.745154,-0.070657,-0.138419,-0.012114,-0.031832,1.089331,3.453493,-0.109448,-0.002496,-0.070097,0.083333,0.0,4.625,0.022454,0.159758,0.170903
381,141.198044,942.549988,0.756739,0.726437,0.333333,0.0,0.115207,48550.0,0.27952,0.384731,0.08141,0.179957,-0.027073,0.200561,9.040155,-0.01,-0.6,-0.012,-0.25,-0.36,-1.2,0.478897,-0.105583,-0.012455,-0.003171,-0.087987,-0.048032,-0.010203,-0.018258,0.735291,-0.06607,-0.123042,-0.009841,-0.028167,1.089822,3.593344,-0.105919,-0.002692,-0.038781,0.125,0.0,4.541667,0.024648,0.162808,0.164159
382,146.639359,965.0,0.801547,0.751493,0.166667,0.041667,0.114677,47903.0,0.282985,0.383565,0.082728,0.179819,-0.027671,0.222645,8.853465,-0.01,-0.6,-0.012,-0.25,-0.36,-1.2,0.486982,-0.102,-0.011124,-0.001627,-0.092124,-0.049999,-0.010488,-0.018993,0.75414,-0.065937,-0.139851,-0.010377,-0.029209,1.153222,3.661232,-0.110183,-0.003356,-0.035669,0.0,0.0,5.166667,0.023225,0.149923,0.148374
383,143.26535,956.460022,0.800462,0.750502,0.291667,0.0,0.114301,53619.0,0.285166,0.39956,0.087987,0.187161,-0.029369,0.229543,8.893036,-0.01,-0.6,-0.012,-0.25,-0.36,-1.2,0.481496,-0.099174,-0.010151,-0.002806,-0.099777,-0.049592,-0.011018,-0.019748,0.754628,-0.073891,-0.146717,-0.011191,-0.031149,1.135783,3.544953,-0.109673,-0.002795,-0.063997,0.083333,0.0,5.25,0.020552,0.145759,0.159529
384,144.939987,947.859985,0.770976,0.729771,0.291667,0.0,0.114121,53297.0,0.274068,0.346191,0.075588,0.173385,-0.025775,0.213481,8.874352,-0.01,-0.6,-0.012,-0.25,-0.36,-1.2,0.472664,-0.099226,-0.009268,-0.003097,-0.087436,-0.046933,-0.00979,-0.017732,0.734647,-0.061404,-0.123498,-0.009491,-0.028325,1.110383,3.604737,-0.10261,-0.003091,-0.04526,0.083333,0.0,4.833333,0.023349,0.182394,0.149666
385,144.208359,955.090027,0.776116,0.722806,0.333333,0.0,0.113514,44469.0,0.281907,0.376372,0.083843,0.182788,-0.027138,0.216121,8.754087,-0.01,-0.6,-0.012,-0.25,-0.36,-1.2,0.475644,-0.105048,-0.010379,-0.002736,-0.091346,-0.047408,-0.010298,-0.018052,0.744184,-0.064758,-0.130483,-0.010168,-0.0287,1.07989,3.581291,-0.105612,-0.003195,-0.045269,0.125,0.0,4.625,0.020519,0.15467,0.156051
386,145.775467,963.919983,0.782572,0.720705,0.125,0.041667,0.113146,48807.0,0.276845,0.352781,0.08569,0.179782,-0.026529,0.21578,8.819384,-0.01,-0.6,-0.012,-0.25,-0.36,-1.2,0.487401,-0.104633,-0.009068,-0.001861,-0.087509,-0.047782,-0.009581,-0.018312,0.742992,-0.060285,-0.119583,-0.009491,-0.027946,1.16634,3.734983,-0.104991,-0.002625,-0.078764,0.083333,0.0,5.166667,0.022346,0.157087,0.144157
387,140.206314,932.700012,0.755563,0.710977,0.25,0.041667,0.112838,47908.0,0.282935,0.376204,0.08391,0.18616,-0.028535,0.225466,8.874372,-0.01,-0.6,-0.012,-0.25,-0.36,-1.2,0.464654,-0.097446,-0.007098,-0.003429,-0.098115,-0.046892,-0.010965,-0.019484,0.728583,-0.070337,-0.141726,-0.010401,-0.030539,1.063918,3.431354,-0.104218,-0.002536,-0.038791,0.125,0.0,4.75,0.021849,0.179735,0.181973
388,147.778458,982.429993,0.80182,0.770383,0.166667,0.0,0.112586,47067.0,0.28761,0.378276,0.083644,0.191304,-0.028142,0.237244,8.877135,-0.01,-0.6,-0.012,-0.25,-0.36,-1.2,0.487268,-0.100349,-0.009375,-0.001702,-0.094503,-0.048195,-0.010298,-0.018816,0.75051,-0.066145,-0.133974,-0.009965,-0.030358,1.125801,3.664769,-0.107281,-0.003258,-0.072511,0.083333,0.0,5.791667,0.022001,0.158951,0.134736
389,141.207016,936.340027,0.763905,0.724615,0.5,0.0,0.112597,48511.0,0.291084,0.382418,0.082948,0.183593,-0.02932,0.222887,8.913184,-0.01,-0.6,-0.012,-0.25,-0.36,-1.2,0.464382,-0.096654,-0.009093,-0.003968,-0.09764,-0.046307,-0.010462,-0.018242,0.738788,-0.06802,-0.142102,-0.010882,-0.030732,1.027233,3.451698,-0.103622,-0.003299,-0.058482,0.125,0.0,6.25,0.023773,0.166759,0.171411
390,150.401291,980.27002,0.785119,0.741376,0.208333,0.041667,0.112197,49337.0,0.290554,0.368061,0.085434,0.188914,-0.027066,0.227304,8.817854,-0.01,-0.6,-0.012,-0.25,-0.36,-1.2,0.479276,-0.100939,-0.009355,-0.00178,-0.090606,-0.047045,-0.009745,-0.017744,0.758344,-0.061519,-0.12531,-0.009557,-0.029462,1.068343,3.630091,-0.104178,-0.002816,-0.054087,0.041667,0.0,6.791667,0.022254,0.153179,0.131243
391,142.391495,955.109985,0.795797,0.750797,0.25,0.041667,0.111879,49468.0,0.303724,0.381453,0.082435,0.189473,-0.028052,0.229549,8.961439,-0.01,-0.6,-0.012,-0.25,-0.36,-1.2,0.486038,-0.102486,-0.009841,-0.001769,-0.095107,-0.047252,-0.010671,-0.018545,0.777384,-0.062659,-0.131478,-0.010041,-0.031164,1.06776,3.666875,-0.104873,-0.003327,-0.049021,0.083333,0.0,5.833333,0.023957,0.173214,0.141034
392,148.815964,975.070007,0.78387,0.753638,0.333333,0.0,0.111798,50772.0,0.278428,0.360525,0.07757,0.173241,-0.025538,0.202283,8.851222,-0.01,-0.6,-0.012,-0.25,-0.36,-1.2,0.482575,-0.106015,-0.011372,-0.001615,-0.087732,-0.0459,-0.009729,-0.017666,0.73682,-0.059656,-0.112141,-0.009582,-0.027597,1.129192,3.69686,-0.101212,-0.002186,-0.057476,0.0,0.0,6.5,0.023024,0.161733,0.132502
393,151.712357,997.080017,0.811631,0.771481,0.208333,0.0,0.111242,43890.0,0.290945,0.380528,0.083135,0.189807,-0.028899,0.237666,8.879847,-0.01,-0.6,-0.012,-0.25,-0.36,-1.2,0.497297,-0.101807,-0.010984,-0.001383,-0.097296,-0.048572,-0.01101,-0.018978,0.780281,-0.067048,-0.135435,-0.010719,-0.032195,1.165158,3.751956,-0.106556,-0.00376,-0.080166,0.125,0.0,6.583333,0.022668,0.173451,0.129706
394,144.32605,961.299988,0.788152,0.757504,0.166667,0.0,0.11111,50335.0,0.293569,0.384876,0.090981,0.197188,-0.029979,0.243043,8.765544,-0.01,-0.6,-0.012,-0.25,-0.36,-1.2,0.488046,-0.102703,-0.009666,-0.001238,-0.095684,-0.047529,-0.01046,-0.018769,0.779067,-0.064183,-0.1311,-0.010735,-0.031125,1.091624,3.663735,-0.106377,-0.003484,-0.069991,0.041667,0.0,5.083333,0.024757,0.171502,0.144695
395,141.02948,928.76001,0.742105,0.697061,0.333333,0.083333,0.111179,51057.0,0.261346,0.354563,0.074955,0.155438,-0.024572,0.180775,8.785979,-0.01,-0.6,-0.012,-0.25,-0.36,-1.2,0.455448,-0.096877,-0.009829,-0.00421,-0.081083,-0.043058,-0.009144,-0.016396,0.699504,-0.061153,-0.116679,-0.009032,-0.02582,1.072273,3.470455,-0.094751,-0.003296,-0.030647,0.125,0.0,6.041667,0.023349,0.18056,0.20085
396,147.414093,969.98999,0.770255,0.726667,0.333333,0.0,0.110798,49045.0,0.26658,0.356764,0.070963,0.160282,-0.024691,0.194871,8.904006,-0.01,-0.6,-0.012,-0.25,-0.36,-1.2,0.467466,-0.098831,-0.009733,-0.003472,-0.084727,-0.044338,-0.009325,-0.017434,0.717995,-0.060184,-0.12257,-0.009695,-0.028329,1.101856,3.55968,-0.096879,-0.002932,-0.076216,0.166667,0.0,5.708333,0.026211,0.175862,0.16853
397,150.05423,971.159973,0.78182,0.745707,0.125,0.083333,0.110489,43848.0,0.280231,0.371953,0.084557,0.180504,-0.027924,0.224139,8.882248,-0.01,-0.6,-0.012,-0.25,-0.36,-1.2,0.480467,-0.098744,-0.008816,-0.001771,-0.092045,-0.04538,-0.00989,-0.017881,0.758214,-0.061455,-0.128845,-0.009978,-0.029992,1.12539,3.659209,-0.101129,-0.003316,-0.045446,0.041667,0.0,6.25,0.023671,0.164452,0.147239
398,145.024918,953.48999,0.794575,0.763387,0.208333,0.041667,0.109985,50141.0,0.290717,0.380248,0.081378,0.182941,-0.028245,0.224391,8.664688,-0.01,-0.6,-0.012,-0.25,-0.36,-1.2,0.478087,-0.096175,-0.008502,-0.001861,-0.097005,-0.045896,-0.010335,-0.018722,0.75184,-0.065415,-0.132068,-0.010925,-0.032363,1.072761,3.587742,-0.102458,-0.002786,-0.035813,0.0,0.0,4.708333,0.02029,0.147757,0.15673
399,147.929398,977.299988,0.781862,0.744979,0.125,0.0,0.109856,50422.0,0.270024,0.385939,0.07673,0.16358,-0.026094,0.199232,8.800667,-0.01,-0.6,-0.012,-0.25,-0.36,-1.2,0.479933,-0.099953,-0.009521,-0.001875,-0.088522,-0.045104,-0.009693,-0.017739,0.74615,-0.062504,-0.126556,-0.00976,-0.029733,1.158159,3.633416,-0.099249,-0.002972,-0.072109,0.083333,0.0,5.541667,0.023635,0.166695,0.133965
400,149.21582,970.890015,0.801788,0.755455,0.25,0.0,0.109634,13454.0,0.275375,0.373554,0.077988,0.174063,-0.026678,0.219336,8.779852,-0.01,-0.6,-0.012,-0.25,-0.36,-1.2,0.477378,-0.094891,-0.007895,-0.003303,-0.088442,-0.044823,-0.009672,-0.017648,0.751658,-0.060918,-0.13141,-0.010109,-0.029956,1.135707,3.628929,-0.098937,-0.003406,-0.060292,0.083333,0.0,5.25,0.022797,0.15531,0.160164
401,145.88559,963.280029,0.757654,0.728965,0.304348,0.043478,0.109444,14101.0,0.275164,0.365769,0.074852,0.174859,-0.026504,0.21497,8.859406,-0.01,-0.6,-0.012,-0.25,-0.36,-1.2,0.470852,-0.099788,-0.011409,-0.002725,-0.087656,-0.044081,-0.009692,-0.017022,0.731961,-0.064795,-0.118301,-0.010321,-0.028819,1.089858,3.578771,-0.097263,-0.003089,-0.041524,0.0,0.0,5.173913,0.025665,0.175965,0.174681
402,145.817886,951.590027,0.789707,0.751298,0.291667,0.0,0.109337,12916.0,0.278467,0.370697,0.072224,0.171844,-0.024571,0.216342,8.670523,-0.01,-0.6,-0.012,-0.25,-0.36,-1.2,0.477366,-0.095697,-0.008121,-0.002821,-0.081881,-0.044246,-0.008897,-0.016359,0.735345,-0.062295,-0.119907,-0.009148,-0.027891,1.129428,3.63909,-0.096637,-0.003201,-0.060003,0.041667,0.0,4.125,0.023367,0.147283,0.167599
403,139.85556,915.25,0.739254,0.712729,0.5,0.0,0.109279,13697.0,0.254904,0.360091,0.074587,0.155757,-0.024594,0.19404,8.724882,-0.01,-0.6,-0.012,-0.25,-0.36,-1.2,0.454446,-0.095259,-0.009664,-0.005613,-0.082963,-0.041623,-0.008995,-0.016308,0.706186,-0.062336,-0.113184,-0.009238,-0.027232,1.094392,3.454193,-0.091451,-0.002694,-0.033648,0.083333,0.0,4.458333,0.027603,0.162218,0.17916
404,146.171738,956.090027,0.784591,0.757476,0.208333,0.0,0.108899,12883.0,0.278086,0.376851,0.078378,0.168154,-0.026522,0.219778,8.765658,-0.01,-0.6,-0.012,-0.25,-0.36,-1.2,0.4824,-0.097292,-0.007785,-0.001905,-0.089801,-0.044045,-0.009043,-0.017099,0.77239,-0.058575,-0.120038,-0.009522,-0.03033,1.137946,3.675238,-0.095774,-0.003004,-0.073947,0.083333,0.0,4.0,0.027356,0.16197,0.126336
405,151.638824,989.169983,0.821955,0.781115,0.083333,0.041667,0.108543,13706.0,0.275338,0.3798,0.075773,0.170573,-0.025978,0.211444,8.759382,-0.01,-0.6,-0.012,-0.25,-0.36,-1.2,0.496598,-0.103851,-0.006487,-0.000794,-0.084753,-0.044821,-0.009454,-0.017646,0.768817,-0.053393,-0.115702,-0.009574,-0.028606,1.193968,3.81941,-0.098728,-0.002653,-0.048671,0.0,0.0,4.208333,0.02452,0.158621,0.127999
406,146.126434,958.51001,0.792681,0.754714,0.208333,0.0,0.108144,13023.0,0.287212,0.387998,0.076148,0.176485,-0.026308,0.219528,8.609142,-0.01,-0.6,-0.012,-0.25,-0.36,-1.2,0.479778,-0.093397,-0.009446,-0.002488,-0.087512,-0.044163,-0.009656,-0.017894,0.750169,-0.061568,-0.127459,-0.009593,-0.029876,1.104668,3.615831,-0.097337,-0.002554,-0.060741,0.041667,0.0,4.083333,0.023414,0.158152,0.145695
407,140.945236,923.01001,0.751574,0.704692,0.25,0.041667,0.108373,12912.0,0.277989,0.361483,0.069845,0.169998,-0.02601,0.200156,8.828684,-0.01,-0.6,-0.012,-0.25,-0.36,-1.2,0.454998,-0.095273,-0.010626,-0.00455,-0.083022,-0.041496,-0.009968,-0.015662,0.727096,-0.060561,-0.117643,-0.010154,-0.02776,0.986127,3.464495,-0.091428,-0.002865,-0.047833,0.125,0.0,4.25,0.024755,0.181309,0.183094
408,137.817062,902.690002,0.755383,0.717179,0.541667,0.041667,0.108076,13755.0,0.282269,0.371603,0.070895,0.172029,-0.024915,0.197788,8.629057,-0.01,-0.6,-0.012,-0.25,-0.36,-1.2,0.457748,-0.098255,-0.009232,-0.005147,-0.083615,-0.041118,-0.009426,-0.015438,0.728496,-0.060551,-0.110693,-0.009359,-0.027167,0.99921,3.47193,-0.091553,-0.002857,-0.035711,0.041667,0.0,4.041667,0.026024,0.158002,0.180971
409,141.918945,936.289978,0.780828,0.730364,0.347826,0.0,0.108164,12777.0,0.282111,0.377069,0.075108,0.17078,-0.026332,0.201236,8.666009,-0.01,-0.6,-0.012,-0.25,-0.36,-1.2,0.476176,-0.098321,-0.007125,-0.004344,-0.085285,-0.043468,-0.010521,-0.01643,0.74556,-0.065448,-0.132908,-0.009988,-0.027795,1.089577,3.633979,-0.096731,-0.00333,-0.047281,0.086957,0.0,3.782609,0.022778,0.182817,0.193146
410,145.227982,947.789978,0.770908,0.741748,0.375,0.0,0.108009,17797.0,0.276312,0.351485,0.082058,0.179577,-0.027305,0.222534,8.796756,-0.01,-0.6,-0.012,-0.25,-0.36,-1.2,0.467413,-0.095942,-0.007073,-0.004162,-0.089509,-0.042233,-0.009311,-0.016885,0.738548,-0.06138,-0.120438,-0.009923,-0.02918,1.066946,3.577021,-0.094231,-0.003151,-0.068903,0.041667,0.0,3.875,0.025438,0.158396,0.17738
411,136.744217,882.77002,0.727721,0.664163,0.458333,0.0,0.107858,53192.0,0.249222,0.327497,0.073082,0.163483,-0.024632,0.20346,8.905041,-0.01,-0.6,-0.012,-0.25,-0.36,-1.2,0.434781,-0.087101,-0.007463,-0.006717,-0.080347,-0.038302,-0.008936,-0.015388,0.681805,-0.060081,-0.109445,-0.009409,-0.027237,1.023407,3.351803,-0.085501,-0.002611,-0.061557,0.25,0.0,3.833333,0.027936,0.212892,0.175783
412,144.168762,919.0,0.801217,0.770835,0.125,0.0,0.107741,46033.0,0.280948,0.349319,0.08554,0.182791,-0.027952,0.235308,8.716773,-0.01,-0.6,-0.012,-0.25,-0.36,-1.2,0.474922,-0.093852,-0.006391,-0.002569,-0.090256,-0.041932,-0.009172,-0.017122,0.77324,-0.057377,-0.120664,-0.009621,-0.030281,1.109398,3.666534,-0.094573,-0.003525,-0.038234,0.083333,0.0,3.416667,0.023398,0.17463,0.145536
413,151.543884,972.580017,0.806936,0.754677,0.208333,0.0,0.107717,46326.0,0.270688,0.347582,0.072679,0.16586,-0.025514,0.220279,8.60324,-0.01,-0.6,-0.012,-0.25,-0.36,-1.2,0.481953,-0.091491,-0.007651,-0.003254,-0.080367,-0.042269,-0.009459,-0.016574,0.755038,-0.063213,-0.120502,-0.009547,-0.028812,1.164992,3.746195,-0.092517,-0.003712,-0.080209,0.041667,0.0,3.5,0.022949,0.171244,0.170066
414,146.629639,953.809998,0.786733,0.745001,0.25,0.0,0.107448,42457.0,0.257263,0.362879,0.077726,0.164233,-0.025686,0.209718,8.743692,-0.01,-0.6,-0.012,-0.25,-0.36,-1.2,0.476869,-0.100297,-0.005476,-0.003556,-0.087064,-0.042376,-0.010743,-0.017909,0.734286,-0.064078,-0.125226,-0.01098,-0.027757,1.202247,3.65601,-0.09401,-0.002369,-0.065317,0.125,0.0,3.375,0.024782,0.17847,0.158521
415,142.123642,929.869995,0.763742,0.749168,0.125,0.041667,0.107219,46747.0,0.280273,0.388691,0.074009,0.164056,-0.024824,0.194453,8.697666,-0.01,-0.6,-0.012,-0.25,-0.36,-1.2,0.475227,-0.103376,-0.0088,-0.00248,-0.083707,-0.041204,-0.008844,-0.015795,0.763375,-0.054296,-0.104269,-0.009651,-0.027721,1.08351,3.641319,-0.090731,-0.003349,-0.076875,0.166667,0.0,3.5,0.028832,0.18204,0.129893
416,153.211395,988.159973,0.807435,0.761698,0.166667,0.0,0.106862,45778.0,0.279221,0.383102,0.082958,0.170175,-0.02545,0.202581,8.554222,-0.01,-0.6,-0.012,-0.25,-0.36,-1.2,0.487165,-0.099473,-0.007024,-0.001778,-0.084993,-0.042576,-0.008914,-0.016731,0.768218,-0.060522,-0.12297,-0.009336,-0.029583,1.154629,3.733155,-0.093438,-0.003563,-0.032999,0.041667,0.0,5.416667,0.020498,0.149882,0.129437
417,148.884552,969.909973,0.776059,0.760076,0.208333,0.0,0.106485,46113.0,0.286777,0.368001,0.078664,0.176842,-0.026038,0.21416,8.593243,-0.01,-0.6,-0.012,-0.25,-0.36,-1.2,0.482447,-0.10059,-0.007829,-0.002102,-0.085259,-0.041679,-0.008823,-0.016388,0.753689,-0.056292,-0.112836,-0.009671,-0.028489,1.087741,3.724902,-0.092273,-0.003136,-0.051031,0.083333,0.0,4.5,0.027021,0.169781,0.149649
418,154.627151,997.23999,0.81792,0.774237,0.083333,0.0,0.106233,42798.0,0.278338,0.381244,0.084767,0.173913,-0.027034,0.21371,8.675655,-0.01,-0.6,-0.012,-0.25,-0.36,-1.2,0.496139,-0.098431,-0.007222,-0.001018,-0.085412,-0.042875,-0.009682,-0.017113,0.779648,-0.057974,-0.119729,-0.009429,-0.029444,1.184884,3.829173,-0.094217,-0.00253,-0.038909,0.083333,0.0,6.5,0.023954,0.15705,0.123957
419,151.426895,971.26001,0.816343,0.774927,0.25,0.0,0.106028,47430.0,0.278578,0.352474,0.07889,0.16913,-0.02655,0.212641,8.675714,-0.01,-0.6,-0.012,-0.25,-0.36,-1.2,0.486336,-0.094533,-0.006187,-0.001743,-0.08587,-0.042309,-0.00913,-0.016613,0.767277,-0.057083,-0.117488,-0.009448,-0.029671,1.148989,3.785614,-0.09248,-0.003005,-0.0419,0.0,0.0,4.833333,0.022184,0.150293,0.141748
420,151.275085,977.710022,0.798532,0.762334,0.125,0.0,0.10564,43819.0,0.270063,0.364189,0.076054,0.160213,-0.025323,0.19249,8.502917,-0.01,-0.6,-0.012,-0.25,-0.36,-1.2,0.48802,-0.097702,-0.005323,-0.002028,-0.079439,-0.041721,-0.008842,-0.01657,0.743964,-0.056085,-0.119325,-0.009425,-0.026717,1.189538,3.790164,-0.091895,-0.003059,-0.048352,0.166667,0.0,4.791667,0.02345,0.171967,0.127952
421,149.181046,963.179993,0.797591,0.755738,0.208333,0.0,0.105146,44830.0,0.267493,0.368293,0.076288,0.168209,-0.024769,0.209659,8.523248,-0.01,-0.6,-0.012,-0.25,-0.36,-1.2,0.480429,-0.095206,-0.00877,-0.001954,-0.08131,-0.040817,-0.008549,-0.01595,0.73999,-0.054488,-0.112493,-0.008872,-0.028957,1.152175,3.706507,-0.089588,-0.002946,-0.018393,0.125,0.0,5.125,0.019726,0.166205,0.126907
422,147.463577,958.909973,0.802626,0.739793,0.125,0.041667,0.104878,41665.0,0.279022,0.376778,0.077092,0.170324,-0.024215,0.199272,8.446526,-0.01,-0.6,-0.012,-0.25,-0.36,-1.2,0.479797,-0.094174,-0.006148,-0.002433,-0.079003,-0.041258,-0.009015,-0.016041,0.748882,-0.056075,-0.116021,-0.008879,-0.026419,1.104172,3.695041,-0.09059,-0.002893,-0.05004,0.125,0.0,4.583333,0.022973,0.159198,0.160239
423,151.605042,974.47998,0.8181,0.773542,0.166667,0.0,0.104737,48184.0,0.29099,0.379179,0.085897,0.175361,-0.027246,0.216542,8.379089,-0.01,-0.6,-0.012,-0.25,-0.36,-1.2,0.491576,-0.093686,-0.007762,-0.00125,-0.086102,-0.041939,-0.009102,-0.016697,0.787231,-0.054379,-0.115163,-0.009132,-0.030321,1.118555,3.809864,-0.092216,-0.003263,-0.046189,0.041667,0.0,4.583333,0.02433,0.163621,0.127262
424,152.598541,976.890015,0.811266,0.777268,0.166667,0.041667,0.104418,50438.0,0.270808,0.37026,0.077772,0.172946,-0.026298,0.227764,8.344826,-0.01,-0.6,-0.012,-0.25,-0.36,-1.2,0.483227,-0.090077,-0.007576,-0.001837,-0.085292,-0.041209,-0.0091,-0.01646,0.761292,-0.058279,-0.120212,-0.009377,-0.03038,1.16065,3.722973,-0.090602,-0.002381,-0.057735,0.041667,0.0,5.375,0.021921,0.134877,0.123436
425,151.034317,969.099976,0.806656,0.774176,0.166667,0.0,0.104207,51762.0,0.277092,0.363111,0.07733,0.166395,-0.02537,0.207632,8.39607,-0.01,-0.6,-0.012,-0.25,-0.36,-1.2,0.48576,-0.091736,-0.006739,-0.001726,-0.079759,-0.040779,-0.008601,-0.015523,0.767204,-0.054854,-0.114062,-0.008659,-0.028724,1.148419,3.783234,-0.089057,-0.002618,-0.042383,0.083333,0.0,4.791667,0.020462,0.155446,0.142277
426,150.624847,972.780029,0.802378,0.758355,0.208333,0.0,0.103836,42095.0,0.275322,0.362846,0.077487,0.165242,-0.025176,0.200499,8.550005,-0.01,-0.6,-0.012,-0.25,-0.36,-1.2,0.486724,-0.09687,-0.007322,-0.002153,-0.081812,-0.040929,-0.008842,-0.015969,0.781376,-0.054434,-0.112312,-0.00884,-0.029203,1.146141,3.782536,-0.08938,-0.002503,-0.058287,0.0,0.0,4.875,0.024752,0.139257,0.158507
427,149.443039,972.299988,0.784236,0.745063,0.291667,0.0,0.103799,48933.0,0.292219,0.363163,0.078913,0.170769,-0.026369,0.19398,8.432105,-0.01,-0.6,-0.012,-0.25,-0.36,-1.2,0.478855,-0.098345,-0.007125,-0.002766,-0.082092,-0.04007,-0.009971,-0.015822,0.746636,-0.058955,-0.119186,-0.010513,-0.027817,1.051059,3.709114,-0.088811,-0.00255,-0.028399,0.083333,0.0,4.708333,0.021384,0.171648,0.158214
428,154.298309,979.469971,0.822746,0.789085,0.083333,0.0,0.103847,50240.0,0.279118,0.359966,0.07386,0.177913,-0.025352,0.222562,8.455379,-0.01,-0.6,-0.012,-0.25,-0.36,-1.2,0.49144,-0.096894,-0.00708,-0.001,-0.080667,-0.040786,-0.008512,-0.015398,0.780611,-0.053203,-0.10737,-0.009044,-0.028308,1.149795,3.851498,-0.08955,-0.002846,-0.04633,0.041667,0.0,5.5,0.021169,0.132812,0.1333
429,150.461884,970.919983,0.791404,0.737325,0.25,0.0,0.103756,51950.0,0.285167,0.381102,0.078426,0.176116,-0.025735,0.208385,8.533049,-0.01,-0.6,-0.012,-0.25,-0.36,-1.2,0.480056,-0.094571,-0.006055,-0.003306,-0.084728,-0.040338,-0.009079,-0.016369,0.752959,-0.059987,-0.121002,-0.009436,-0.028157,1.081191,3.671407,-0.090965,-0.002791,-0.033752,0.083333,0.0,4.833333,0.023139,0.168363,0.169249
430,144.146683,929.780029,0.787193,0.749225,0.291667,0.083333,0.103872,45102.0,0.271582,0.353912,0.073971,0.163541,-0.024238,0.193934,8.55083,-0.01,-0.6,-0.012,-0.25,-0.36,-1.2,0.476457,-0.094068,-0.008638,-0.002501,-0.078646,-0.039054,-0.008493,-0.015299,0.742189,-0.054795,-0.110019,-0.009279,-0.027669,1.122047,3.721921,-0.086173,-0.003516,-0.04991,0.125,0.0,5.875,0.021287,0.155382,0.132755
431,147.933487,964.450012,0.811345,0.768414,0.166667,0.0,0.103834,47792.0,0.284116,0.38433,0.083505,0.182644,-0.027711,0.225952,8.720844,-0.01,-0.6,-0.012,-0.25,-0.36,-1.2,0.488892,-0.096214,-0.009557,-0.001571,-0.086213,-0.041115,-0.009768,-0.017073,0.774247,-0.057767,-0.119388,-0.009984,-0.029491,1.117271,3.761621,-0.091443,-0.002753,-0.041099,0.125,0.0,6.041667,0.021335,0.160712,0.139687
432,150.762054,973.099976,0.794613,0.776021,0.208333,0.0,0.103817,48476.0,0.279799,0.373434,0.074876,0.164424,-0.024274,0.196833,8.567009,-0.01,-0.6,-0.012,-0.25,-0.36,-1.2,0.487274,-0.098745,-0.008571,-0.001368,-0.076786,-0.039648,-0.008755,-0.015389,0.762186,-0.057032,-0.113814,-0.008972,-0.026588,1.139062,3.794168,-0.086948,-0.003069,-0.038656,0.083333,0.0,6.791667,0.024387,0.144119,0.129755
433,150.542633,960.390015,0.78599,0.749395,0.333333,0.0,0.103477,50196.0,0.275002,0.351142,0.076813,0.167104,-0.024838,0.20888,8.421219,-0.01,-0.6,-0.012,-0.25,-0.36,-1.2,0.476365,-0.090424,-0.006202,-0.00262,-0.076853,-0.038649,-0.008289,-0.014847,0.747708,-0.05451,-0.113164,-0.008574,-0.027813,1.107502,3.733294,-0.085236,-0.003397,-0.049874,0.083333,0.0,5.875,0.022968,0.180258,0.157992
434,144.172913,937.049988,0.789973,0.757599,0.25,0.041667,0.103468,45639.0,0.28041,0.370779,0.084446,0.189409,-0.027534,0.228892,8.62192,-0.01,-0.6,-0.012,-0.25,-0.36,-1.2,0.477585,-0.095289,-0.006438,-0.002198,-0.086537,-0.03947,-0.009265,-0.0163,0.755465,-0.060252,-0.114789,-0.009833,-0.02883,1.074658,3.684654,-0.089185,-0.002582,-0.066578,0.041667,0.0,6.75,0.021679,0.143381,0.167791
435,143.101227,921.469971,0.789608,0.759207,0.5,0.0,0.103667,49643.0,0.280904,0.364691,0.07891,0.174192,-0.025478,0.210511,8.520475,-0.01,-0.6,-0.012,-0.25,-0.36,-1.2,0.468478,-0.088561,-0.007792,-0.003888,-0.083362,-0.038319,-0.008475,-0.015575,0.748537,-0.058209,-0.116944,-0.008695,-0.028819,1.061875,3.627698,-0.085413,-0.00251,-0.044128,0.166667,0.0,5.25,0.024215,0.144606,0.167272
436,151.679382,974.969971,0.796789,0.773802,0.208333,0.0,0.103493,47157.0,0.282443,0.36517,0.074746,0.162805,-0.024256,0.193662,8.588126,-0.01,-0.6,-0.012,-0.25,-0.36,-1.2,0.486687,-0.096785,-0.009871,-0.00153,-0.077404,-0.039328,-0.008591,-0.015583,0.761933,-0.055551,-0.113203,-0.008754,-0.026572,1.132052,3.796705,-0.086365,-0.003064,-0.044136,0.0,0.0,5.708333,0.0221,0.13928,0.146606
437,150.325821,967.72998,0.79295,0.751665,0.333333,0.0,0.103332,50353.0,0.274259,0.356739,0.074491,0.165499,-0.024566,0.202972,8.425652,-0.01,-0.6,-0.012,-0.25,-0.36,-1.2,0.477121,-0.096006,-0.006249,-0.002796,-0.081021,-0.038349,-0.00854,-0.01572,0.741334,-0.051316,-0.105953,-0.008844,-0.027762,1.095707,3.727762,-0.084891,-0.002885,-0.041616,0.083333,0.0,5.75,0.024337,0.155529,0.156883
438,150.675964,966.23999,0.805997,0.772726,0.166667,0.0,0.103179,45128.0,0.279567,0.354618,0.073417,0.162528,-0.02444,0.207194,8.492645,-0.01,-0.6,-0.012,-0.25,-0.36,-1.2,0.487335,-0.091922,-0.007455,-0.001446,-0.078387,-0.039375,-0.008594,-0.015201,0.763021,-0.056574,-0.110697,-0.008725,-0.027997,1.146538,3.825889,-0.085241,-0.003276,-0.068979,0.041667,0.0,6.166667,0.020473,0.126075,0.136554
439,149.62674,961.98999,0.805973,0.77379,0.25,0.041667,0.102992,50748.0,0.284527,0.364997,0.080998,0.178931,-0.026299,0.219268,8.418559,-0.01,-0.6,-0.012,-0.25,-0.36,-1.2,0.481881,-0.094261,-0.008799,-0.002571,-0.081778,-0.038949,-0.008794,-0.015433,0.766425,-0.055509,-0.110208,-0.009398,-0.027834,1.095158,3.752041,-0.087068,-0.002458,-0.046583,0.041667,0.0,5.458333,0.024085,0.177217,0.145903
440,152.588226,978.169983,0.797497,0.75914,0.291667,0.0,0.102933,49562.0,0.266558,0.368853,0.078825,0.16277,-0.025925,0.212254,8.455417,-0.01,-0.6,-0.012,-0.25,-0.36,-1.2,0.480924,-0.09212,-0.005289,-0.002546,-0.081918,-0.038616,-0.008733,-0.015277,0.773805,-0.057473,-0.117162,-0.008937,-0.028524,1.148204,3.740223,-0.085087,-0.003533,-0.04766,0.041667,0.0,5.333333,0.024841,0.152696,0.160901
441,153.336517,983.27002,0.840065,0.807989,0.166667,0.0,0.102839,48474.0,0.278519,0.371702,0.082572,0.178077,-0.026947,0.219591,8.374416,-0.01,-0.6,-0.012,-0.25,-0.36,-1.2,0.494595,-0.091523,-0.005262,-0.000949,-0.080871,-0.039657,-0.008806,-0.01609,0.775754,-0.053247,-0.112103,-0.009315,-0.02861,1.175744,3.861554,-0.088776,-0.002114,-0.039411,0.0,0.0,4.875,0.019025,0.134483,0.137529
442,154.25795,988.710022,0.791355,0.753512,0.125,0.0,0.10252,44939.0,0.270646,0.350595,0.071751,0.165074,-0.023659,0.204788,8.622164,-0.01,-0.6,-0.012,-0.25,-0.36,-1.2,0.483798,-0.096738,-0.006966,-0.001713,-0.073547,-0.038147,-0.008126,-0.014521,0.758734,-0.051812,-0.1014,-0.008305,-0.026309,1.129729,3.817539,-0.083911,-0.002638,-0.058647,0.041667,0.0,5.416667,0.028499,0.159535,0.145936
443,145.662521,931.570007,0.801136,0.747075,0.130435,0.043478,0.102411,52409.0,0.269155,0.354706,0.074474,0.156549,-0.022927,0.190854,8.444777,-0.01,-0.6,-0.012,-0.25,-0.36,-1.2,0.472886,-0.092524,-0.007108,-0.00242,-0.073363,-0.037037,-0.007854,-0.014305,0.744235,-0.049755,-0.099367,-0.007858,-0.025686,1.102551,3.713165,-0.081039,-0.00224,-0.03285,0.217391,0.0,4.73913,0.023384,0.145336,0.141554
444,149.274048,966.140015,0.812251,0.755774,0.25,0.0,0.102527,48725.0,0.300363,0.382991,0.082261,0.180337,-0.026303,0.207038,8.407439,-0.01,-0.6,-0.012,-0.25,-0.36,-1.2,0.485434,-0.096027,-0.007891,-0.0025,-0.079523,-0.038242,-0.008772,-0.015069,0.776589,-0.055663,-0.106773,-0.00878,-0.027692,1.030738,3.763211,-0.085562,-0.0033,-0.055078,0.083333,0.0,4.458333,0.022476,0.171183,0.134996
445,145.221603,926.299988,0.765856,0.747224,0.291667,0.0,0.102136,49206.0,0.257639,0.363358,0.08082,0.162047,-0.02638,0.206696,8.436604,-0.01,-0.6,-0.012,-0.25,-0.36,-1.2,0.464121,-0.089898,-0.005806,-0.004514,-0.081125,-0.037285,-0.008485,-0.015334,0.732765,-0.056464,-0.109274,-0.009178,-0.027944,1.118657,3.580834,-0.08305,-0.001997,-0.065061,0.291667,0.0,4.875,0.024908,0.176007,0.158525
446,152.065994,975.090027,0.820018,0.776236,0.041667,0.0,0.1019,44074.0,0.297924,0.361715,0.074879,0.169662,-0.025507,0.205938,8.436852,-0.01,-0.6,-0.012,-0.25,-0.36,-1.2,0.485859,-0.093746,-0.00811,-0.002972,-0.076585,-0.03848,-0.009405,-0.014567,0.784465,-0.061763,-0.121413,-0.009213,-0.027541,1.060171,3.794382,-0.084123,-0.002483,-0.03612,0.208333,0.0,3.625,0.028204,0.187163,0.156213
447,148.59227,944.320007,0.779473,0.748844,0.26087,0.0,0.101818,52240.0,0.265949,0.345784,0.074508,0.158743,-0.02435,0.194547,8.360151,-0.01,-0.6,-0.012,-0.25,-0.36,-1.2,0.46964,-0.090544,-0.005731,-0.003108,-0.073666,-0.03703,-0.008246,-0.014233,0.73158,-0.05614,-0.104327,-0.008862,-0.025219,1.111017,3.688961,-0.081945,-0.002097,-0.050124,0.043478,0.0,4.043478,0.024692,0.166249,0.166166
448,153.313705,975.22998,0.803169,0.778256,0.130435,0.043478,0.101742,51201.0,0.264284,0.378536,0.078412,0.163433,-0.024771,0.214386,8.404076,-0.01,-0.6,-0.012,-0.25,-0.36,-1.2,0.485206,-0.096621,-0.007877,-0.002814,-0.076237,-0.03797,-0.00793,-0.015061,0.772052,-0.051621,-0.100672,-0.008559,-0.026331,1.166724,3.784608,-0.083744,-0.002316,-0.05056,0.173913,0.0,4.434783,0.023131,0.152681,0.161741
449,149.723892,946.080017,0.774591,0.73802,0.291667,0.0,0.101594,48929.0,0.257326,0.343911,0.07213,0.151458,-0.02309,0.187748,8.537574,-0.01,-0.6,-0.012,-0.25,-0.36,-1.2,0.462784,-0.086842,-0.007084,-0.00378,-0.071226,-0.036206,-0.008358,-0.014051,0.72017,-0.055418,-0.107374,-0.008627,-0.025207,1.105399,3.637593,-0.079669,-0.002139,-0.033394,0.125,0.0,4.375,0.025743,0.15722,0.184758
450,143.79097,929.440002,0.781253,0.735148,0.304348,0.086957,0.10148,43669.0,0.275616,0.334989,0.076085,0.175699,-0.026193,0.223686,8.433367,-0.01,-0.6,-0.012,-0.25,-0.36,-1.2,0.463018,-0.088305,-0.006309,-0.004292,-0.07962,-0.03628,-0.008295,-0.014583,0.753973,-0.056531,-0.105868,-0.00931,-0.028893,1.020473,3.633261,-0.081421,-0.003802,-0.117797,0.217391,0.0,4.0,0.025725,0.18311,0.139885
451,147.383438,948.210022,0.775067,0.732978,0.217391,0.043478,0.101405,51970.0,0.282352,0.345381,0.075481,0.163954,-0.024414,0.187658,8.4489,-0.01,-0.6,-0.012,-0.25,-0.36,-1.2,0.475203,-0.09587,-0.008462,-0.002468,-0.077199,-0.036934,-0.008546,-0.015286,0.75381,-0.053407,-0.104675,-0.00912,-0.026978,1.067523,3.731004,-0.082157,-0.00363,-0.051757,0.086957,0.0,4.347826,0.024271,0.180365,0.138553
452,151.050385,953.809998,0.787479,0.766036,0.208333,0.083333,0.101273,50902.0,0.254836,0.367591,0.07414,0.157282,-0.023343,0.197706,8.489131,-0.01,-0.6,-0.012,-0.25,-0.36,-1.2,0.483854,-0.091959,-0.006914,-0.002037,-0.073105,-0.037335,-0.00763,-0.014661,0.768768,-0.052013,-0.104971,-0.007962,-0.025957,1.211065,3.795289,-0.081717,-0.00231,-0.056109,0.125,0.0,3.708333,0.02453,0.161618,0.14636
453,146.873947,934.380005,0.786112,0.76043,0.521739,0.0,0.10121,49759.0,0.250598,0.371154,0.075362,0.15571,-0.02605,0.195712,8.349854,-0.01,-0.6,-0.012,-0.25,-0.36,-1.2,0.467803,-0.092739,-0.005592,-0.005153,-0.080107,-0.036276,-0.008501,-0.014859,0.746551,-0.059183,-0.107626,-0.009695,-0.027807,1.172601,3.639102,-0.081404,-0.001897,-0.052713,0.043478,0.0,4.130435,0.024858,0.163722,0.199289
454,143.685104,896.98999,0.749284,0.699428,0.416667,0.0,0.101072,48700.0,0.241381,0.31276,0.070188,0.140834,-0.020845,0.16691,8.284421,-0.01,-0.6,-0.012,-0.25,-0.36,-1.2,0.442956,-0.086121,-0.004328,-0.006111,-0.065652,-0.03352,-0.007138,-0.01325,0.680205,-0.045336,-0.085992,-0.00739,-0.02272,1.075698,3.528546,-0.073846,-0.002371,-0.012742,0.083333,0.0,3.208333,0.021569,0.190719,0.225355
455,150.753708,966.52002,0.797716,0.768182,0.173913,0.0,0.100978,46100.0,0.299872,0.348667,0.074846,0.170457,-0.024204,0.194268,8.14915,-0.01,-0.6,-0.012,-0.25,-0.36,-1.2,0.487256,-0.097186,-0.00765,-0.001611,-0.073671,-0.036876,-0.008148,-0.013857,0.752176,-0.05297,-0.100598,-0.008317,-0.025748,1.05232,3.862548,-0.081919,-0.002943,-0.069806,0.043478,0.0,4.086957,0.02256,0.171307,0.116238
456,151.049835,964.539978,0.78868,0.756078,0.25,0.0,0.101069,50968.0,0.280428,0.353299,0.082446,0.175591,-0.025849,0.220243,8.477622,-0.01,-0.6,-0.012,-0.25,-0.36,-1.2,0.487357,-0.094332,-0.006101,-0.0025,-0.077223,-0.03719,-0.008509,-0.01518,0.77169,-0.053415,-0.10103,-0.008696,-0.027685,1.116842,3.849583,-0.082626,-0.002985,-0.052945,0.0,0.0,3.041667,0.024118,0.171367,0.158683
457,150.540924,958.099976,0.826612,0.772983,0.291667,0.0,0.101032,49592.0,0.270675,0.361005,0.079071,0.168279,-0.025988,0.213817,8.611964,-0.01,-0.6,-0.012,-0.25,-0.36,-1.2,0.482257,-0.089459,-0.006344,-0.003569,-0.080543,-0.037587,-0.008461,-0.015525,0.772256,-0.055253,-0.109319,-0.008953,-0.028178,1.13551,3.772289,-0.082921,-0.002182,-0.05495,0.125,0.0,4.041667,0.023121,0.143413,0.153544
458,156.001648,990.150024,0.818795,0.791795,0.043478,0.0,0.100841,49322.0,0.288052,0.373176,0.082732,0.17328,-0.027068,0.2159,8.364788,-0.01,-0.6,-0.012,-0.25,-0.36,-1.2,0.492862,-0.093565,-0.006998,-0.00058,-0.081575,-0.037835,-0.00841,-0.014891,0.798321,-0.052042,-0.108901,-0.008752,-0.028604,1.137593,3.87067,-0.084407,-0.00193,-0.084524,0.0,0.0,5.043478,0.014875,0.149351,0.136114
459,157.450974,997.700012,0.827588,0.788908,0.125,0.0,0.100891,44128.0,0.284597,0.359695,0.075716,0.17442,-0.025499,0.215116,8.41004,-0.01,-0.6,-0.012,-0.25,-0.36,-1.2,0.496111,-0.09586,-0.009927,-0.000945,-0.07687,-0.03737,-0.008299,-0.014582,0.788428,-0.052966,-0.099486,-0.008895,-0.027723,1.142064,3.917536,-0.082617,-0.002804,-0.051395,0.0,0.0,5.708333,0.024774,0.153465,0.139107
460,146.525482,936.200012,0.790608,0.740715,0.458333,0.0,0.100831,50661.0,0.279709,0.344411,0.076489,0.164842,-0.025003,0.199314,8.543158,-0.01,-0.6,-0.012,-0.25,-0.36,-1.2,0.470224,-0.087731,-0.007425,-0.003321,-0.077038,-0.035298,-0.007904,-0.01407,0.753935,-0.054354,-0.104166,-0.008406,-0.026765,1.054863,3.714082,-0.078466,-0.002372,-0.06478,0.041667,0.0,5.916667,0.025085,0.150732,0.170687
461,148.53241,944.039978,0.77443,0.763611,0.291667,0.041667,0.101056,53674.0,0.283652,0.339758,0.077087,0.168528,-0.024748,0.199429,8.59024,-0.01,-0.6,-0.012,-0.25,-0.36,-1.2,0.481029,-0.095471,-0.006597,-0.002322,-0.076336,-0.035834,-0.007882,-0.014168,0.757888,-0.049331,-0.096997,-0.008225,-0.025898,1.081638,3.837303,-0.080469,-0.003023,-0.037173,0.0,0.0,5.0,0.023702,0.166507,0.127409
462,153.757751,983.23999,0.815331,0.77453,0.041667,0.0,0.100863,52889.0,0.293505,0.361689,0.078636,0.163454,-0.026012,0.19575,8.315205,-0.01,-0.6,-0.012,-0.25,-0.36,-1.2,0.489724,-0.093042,-0.005917,-0.001609,-0.079034,-0.036788,-0.008857,-0.015471,0.783333,-0.051251,-0.111926,-0.008679,-0.028186,1.102309,3.857868,-0.082654,-0.002798,-0.038684,0.166667,0.0,4.375,0.023754,0.160278,0.129876
463,157.224701,983.080017,0.80314,0.779488,0.166667,0.0,0.100893,46939.0,0.269778,0.324286,0.0688,0.158719,-0.023349,0.200014,8.408581,-0.01,-0.6,-0.012,-0.25,-0.36,-1.2,0.487732,-0.094655,-0.006735,-0.001597,-0.071504,-0.036101,-0.007622,-0.013489,0.752986,-0.050049,-0.100017,-0.007648,-0.026426,1.164676,3.939754,-0.07891,-0.00308,-0.028536,0.0,0.0,4.916667,0.026027,0.14127,0.129451
464,155.189102,981.099976,0.80316,0.771103,0.375,0.0,0.100651,53444.0,0.267613,0.371021,0.072108,0.155908,-0.025003,0.19159,8.409374,-0.01,-0.6,-0.012,-0.25,-0.36,-1.2,0.478622,-0.091655,-0.008103,-0.002667,-0.076421,-0.035498,-0.008112,-0.014071,0.758999,-0.050155,-0.103088,-0.008211,-0.02718,1.135427,3.749725,-0.079285,-0.002392,-0.05894,0.208333,0.0,5.166667,0.021711,0.148286,0.153593
465,156.315933,998.340027,0.809935,0.802833,0.0,0.0,0.099994,49092.0,0.293381,0.395364,0.082298,0.180265,-0.026595,0.208433,8.304039,-0.01,-0.6,-0.012,-0.25,-0.36,-1.2,0.499137,-0.098511,-0.009357,-0.000417,-0.077425,-0.037373,-0.00848,-0.014591,0.792092,-0.053563,-0.109914,-0.008777,-0.027303,1.133401,3.885776,-0.08403,-0.002293,-0.074019,0.041667,0.0,4.208333,0.022907,0.141906,0.131054
466,157.904922,984.049988,0.839881,0.790878,0.083333,0.0,0.099781,47637.0,0.264373,0.35084,0.078618,0.159732,-0.025569,0.208885,8.196892,-0.01,-0.6,-0.012,-0.25,-0.36,-1.2,0.494159,-0.088275,-0.007915,-0.000794,-0.074709,-0.036833,-0.007734,-0.014427,0.778774,-0.049235,-0.101222,-0.008138,-0.028251,1.210845,3.936374,-0.080731,-0.002388,-0.061218,0.041667,0.0,5.583333,0.021992,0.139577,0.134891
467,154.101105,962.630005,0.837001,0.800574,0.208333,0.0,0.099674,42087.0,0.264488,0.358893,0.078499,0.156324,-0.025207,0.202612,8.464328,-0.01,-0.6,-0.012,-0.25,-0.36,-1.2,0.490194,-0.089826,-0.006397,-0.001472,-0.071176,-0.036885,-0.00811,-0.014039,0.775584,-0.049737,-0.102171,-0.008298,-0.026272,1.217513,3.88644,-0.081034,-0.002082,-0.059475,0.083333,0.0,4.666667,0.021757,0.139708,0.132861
468,154.716156,980.200012,0.81047,0.784753,0.166667,0.0,0.099423,48053.0,0.285663,0.363078,0.075719,0.162979,-0.025157,0.19227,8.219376,-0.01,-0.6,-0.012,-0.25,-0.36,-1.2,0.490053,-0.092555,-0.00719,-0.001083,-0.077321,-0.036069,-0.008263,-0.013902,0.784124,-0.052833,-0.104157,-0.00851,-0.02784,1.097433,3.86882,-0.079921,-0.003885,-0.052399,0.0,0.0,4.5,0.021623,0.141431,0.138041
469,148.899826,948.780029,0.806547,0.768939,0.25,0.0,0.099598,47750.0,0.261023,0.361063,0.073417,0.157356,-0.02451,0.204008,8.563881,-0.01,-0.6,-0.012,-0.25,-0.36,-1.2,0.482511,-0.093133,-0.006075,-0.002075,-0.072402,-0.036005,-0.008038,-0.014328,0.766479,-0.052202,-0.102798,-0.008346,-0.025899,1.185994,3.807774,-0.079465,-0.002814,-0.051942,0.125,0.0,4.958333,0.021768,0.166893,0.145543
470,151.459747,955.349976,0.767823,0.766132,0.375,0.0,0.099493,48217.0,0.278,0.363983,0.084675,0.180302,-0.026569,0.226984,8.407351,-0.01,-0.6,-0.012,-0.25,-0.36,-1.2,0.475181,-0.090618,-0.007884,-0.003112,-0.075282,-0.035892,-0.008442,-0.014407,0.750799,-0.054802,-0.107239,-0.00872,-0.026152,1.089831,3.726067,-0.081221,-0.002646,-0.065714,0.041667,0.0,5.125,0.021209,0.146137,0.182919
471,154.862289,979.619995,0.82417,0.776038,0.166667,0.0,0.099356,43868.0,0.285697,0.352708,0.084705,0.188045,-0.028669,0.242362,8.411345,-0.01,-0.6,-0.012,-0.25,-0.36,-1.2,0.487425,-0.089765,-0.006809,-0.002131,-0.083565,-0.036835,-0.008716,-0.01508,0.786904,-0.054798,-0.106081,-0.009636,-0.028863,1.098971,3.830722,-0.083309,-0.003561,-0.046254,0.083333,0.0,5.666667,0.019625,0.137304,0.164255
472,156.062973,989.140015,0.812936,0.791052,0.166667,0.0,0.09936,53085.0,0.283596,0.366967,0.075434,0.17296,-0.025785,0.214856,8.382007,-0.01,-0.6,-0.012,-0.25,-0.36,-1.2,0.48543,-0.093332,-0.007737,-0.001707,-0.079589,-0.03601,-0.008638,-0.01512,0.77422,-0.054175,-0.104611,-0.008997,-0.028008,1.090573,3.802628,-0.080093,-0.00284,-0.053963,0.041667,0.0,5.458333,0.02242,0.133947,0.135335
473,153.595383,970.320007,0.83007,0.79387,0.25,0.0,0.099402,53669.0,0.284263,0.352472,0.079035,0.167452,-0.026548,0.21359,8.504549,-0.01,-0.6,-0.012,-0.25,-0.36,-1.2,0.491693,-0.090353,-0.005854,-0.001556,-0.076187,-0.036277,-0.008119,-0.014451,0.784127,-0.050499,-0.100619,-0.008811,-0.027952,1.138071,3.912572,-0.080516,-0.002946,-0.048196,0.041667,0.0,6.25,0.020085,0.162044,0.148383
474,153.604645,971.429993,0.771628,0.768548,0.291667,0.0,0.099395,49815.0,0.274003,0.353817,0.07831,0.171451,-0.024461,0.210504,8.433791,-0.01,-0.6,-0.012,-0.25,-0.36,-1.2,0.476886,-0.095521,-0.009545,-0.002743,-0.070414,-0.034747,-0.007888,-0.013703,0.748825,-0.048681,-0.095922,-0.008211,-0.02483,1.104427,3.781315,-0.077739,-0.002382,-0.040506,0.125,0.0,6.166667,0.023666,0.146958,0.159967
475,158.978409,997.72998,0.806849,0.790223,0.166667,0.041667,0.099015,45855.0,0.271094,0.336632,0.076622,0.168893,-0.025768,0.215611,8.422429,-0.01,-0.6,-0.012,-0.25,-0.36,-1.2,0.483482,-0.093323,-0.00845,-0.001603,-0.074244,-0.03565,-0.00799,-0.014114,0.759572,-0.04889,-0.097989,-0.008392,-0.027209,1.134807,3.870964,-0.079519,-0.002479,-0.093257,0.125,0.0,6.333333,0.02354,0.165928,0.141813
476,155.363983,972.030029,0.819137,0.790269,0.041667,0.166667,0.09874,53341.0,0.270875,0.357066,0.070726,0.16345,-0.024304,0.20709,8.557174,-0.01,-0.6,-0.012,-0.25,-0.36,-1.2,0.491106,-0.09418,-0.007885,-0.001321,-0.070288,-0.035714,-0.007923,-0.013548,0.786432,-0.046451,-0.099043,-0.007857,-0.025901,1.171359,3.909532,-0.079147,-0.002292,-0.049206,0.0,0.0,6.5,0.026039,0.150928,0.126061
477,153.204102,959.859985,0.805884,0.784949,0.208333,0.0,0.098411,51657.0,0.271281,0.358169,0.078271,0.172204,-0.025383,0.222699,8.496792,-0.01,-0.6,-0.012,-0.25,-0.36,-1.2,0.479898,-0.090421,-0.006682,-0.002169,-0.073761,-0.035441,-0.008094,-0.014321,0.764581,-0.053638,-0.103108,-0.008219,-0.02615,1.128436,3.781966,-0.078804,-0.001877,-0.060752,0.041667,0.0,5.291667,0.024925,0.133311,0.154609
478,156.767319,980.830017,0.806253,0.777231,0.166667,0.0,0.098517,53630.0,0.276884,0.346138,0.077701,0.164864,-0.024767,0.213085,8.393274,-0.01,-0.6,-0.012,-0.25,-0.36,-1.2,0.484205,-0.091274,-0.007016,-0.001821,-0.07338,-0.035,-0.007697,-0.013573,0.785715,-0.046334,-0.097385,-0.007819,-0.026802,1.118777,3.871469,-0.077477,-0.002908,-0.041462,0.125,0.0,5.875,0.02272,0.137589,0.144192
479,150.028885,958.210022,0.779693,0.755442,0.291667,0.0,0.098503,52796.0,0.28592,0.361729,0.075731,0.166626,-0.024525,0.202622,8.444204,-0.01,-0.6,-0.012,-0.25,-0.36,-1.2,0.473594,-0.089485,-0.008609,-0.002881,-0.073334,-0.034513,-0.00818,-0.013323,0.759484,-0.055101,-0.105859,-0.008537,-0.025036,1.051372,3.732286,-0.077325,-0.00239,-0.044163,0.125,0.0,5.791667,0.021612,0.165451,0.165596
480,154.988251,965.859985,0.812846,0.78455,0.166667,0.0,0.098302,46084.0,0.274333,0.337751,0.084291,0.167545,-0.026161,0.227044,8.50952,-0.01,-0.6,-0.012,-0.25,-0.36,-1.2,0.485776,-0.086682,-0.005871,-0.00162,-0.07315,-0.035725,-0.008092,-0.014138,0.777526,-0.049449,-0.101204,-0.008032,-0.026468,1.158932,3.887296,-0.079477,-0.002268,-0.082912,0.083333,0.0,6.0,0.022465,0.12806,0.140443
481,154.53746,967.159973,0.825295,0.789593,0.083333,0.0,0.097962,52763.0,0.273319,0.347312,0.075105,0.164393,-0.024001,0.208318,8.47438,-0.01,-0.6,-0.012,-0.25,-0.36,-1.2,0.487936,-0.094499,-0.007705,-0.001472,-0.069795,-0.034792,-0.008028,-0.013281,0.785764,-0.046757,-0.095303,-0.007654,-0.025414,1.141862,3.901672,-0.077109,-0.001926,-0.049484,0.125,0.0,5.0,0.02636,0.167269,0.146886
482,148.748398,949.700012,0.782083,0.757838,0.25,0.0,0.098011,51971.0,0.28657,0.374246,0.083032,0.17169,-0.026509,0.208735,8.322109,-0.01,-0.6,-0.012,-0.25,-0.36,-1.2,0.477669,-0.090785,-0.007141,-0.002435,-0.075783,-0.034564,-0.007995,-0.014067,0.770603,-0.054772,-0.103658,-0.009073,-0.026895,1.066849,3.74601,-0.077901,-0.002456,-0.094667,0.125,0.0,5.083333,0.027945,0.15604,0.142656
483,154.203369,963.76001,0.785825,0.76655,0.291667,0.0,0.097678,51814.0,0.275326,0.349465,0.080843,0.169725,-0.027524,0.22813,8.455275,-0.01,-0.6,-0.012,-0.25,-0.36,-1.2,0.47864,-0.090091,-0.007219,-0.002827,-0.077845,-0.035188,-0.008577,-0.01425,0.771753,-0.053965,-0.112075,-0.008761,-0.028262,1.136726,3.788414,-0.079213,-0.002656,-0.055236,0.083333,0.0,5.583333,0.02668,0.149576,0.152697
484,156.474121,978.059998,0.80126,0.767941,0.217391,0.0,0.09765,47183.0,0.266135,0.347803,0.077447,0.162905,-0.025079,0.205656,8.614295,-0.01,-0.6,-0.012,-0.25,-0.36,-1.2,0.475541,-0.089319,-0.007119,-0.002357,-0.072952,-0.034471,-0.008329,-0.013786,0.75545,-0.054622,-0.112897,-0.008902,-0.025994,1.140562,3.767871,-0.077657,-0.002823,-0.070594,0.130435,0.0,5.521739,0.018079,0.1577,0.147958
485,152.87001,964.460022,0.774556,0.760529,0.208333,0.0,0.097547,53712.0,0.271301,0.347523,0.082065,0.175456,-0.026858,0.225984,8.439182,-0.01,-0.6,-0.012,-0.25,-0.36,-1.2,0.482692,-0.089295,-0.009159,-0.002444,-0.078263,-0.034883,-0.008442,-0.014324,0.775876,-0.051,-0.105181,-0.009203,-0.027666,1.139228,3.829261,-0.078486,-0.001939,-0.068981,0.083333,0.0,4.333333,0.028251,0.164363,0.153842
486,157.462479,976.48999,0.834312,0.797083,0.086957,0.0,0.097632,54061.0,0.260909,0.352224,0.07491,0.161409,-0.024775,0.216532,8.295727,-0.01,-0.6,-0.012,-0.25,-0.36,-1.2,0.487211,-0.087106,-0.006035,-0.001627,-0.070087,-0.035332,-0.007917,-0.013374,0.782152,-0.049077,-0.100001,-0.008114,-0.026522,1.18607,3.895266,-0.077672,-0.002058,-0.069087,0.130435,0.0,4.73913,0.021179,0.130479,0.125508
487,149.372162,936.599976,0.80419,0.77726,0.25,0.0,0.097583,53841.0,0.272742,0.361584,0.07988,0.175467,-0.027598,0.220914,8.326778,-0.01,-0.6,-0.012,-0.25,-0.36,-1.2,0.481119,-0.089482,-0.007632,-0.001692,-0.078093,-0.035253,-0.008704,-0.014666,0.759244,-0.052755,-0.104798,-0.00921,-0.027421,1.147266,3.775869,-0.080106,-0.002087,-0.055552,0.041667,0.0,4.791667,0.022853,0.14976,0.144567
488,153.966034,971.539978,0.82007,0.780265,0.173913,0.0,0.097414,47360.0,0.298977,0.369262,0.083717,0.191301,-0.029137,0.237121,8.220318,-0.01,-0.6,-0.012,-0.25,-0.36,-1.2,0.488158,-0.090581,-0.009122,-0.001758,-0.081626,-0.0361,-0.008954,-0.015084,0.79502,-0.056505,-0.120131,-0.009514,-0.028778,1.073043,3.830803,-0.082106,-0.002817,-0.104165,0.086957,0.0,3.652174,0.023607,0.162994,0.127942
489,143.171326,916.73999,0.76047,0.738386,0.291667,0.041667,0.097187,53182.0,0.273175,0.364569,0.077025,0.170334,-0.025767,0.213243,8.347889,-0.01,-0.6,-0.012,-0.25,-0.36,-1.2,0.460297,-0.09013,-0.006612,-0.003694,-0.074352,-0.033372,-0.008259,-0.013619,0.737769,-0.054421,-0.104086,-0.008837,-0.025871,1.032701,3.58754,-0.076083,-0.002364,-0.073383,0.083333,0.0,4.083333,0.022367,0.152266,0.161737
490,154.760025,972.419983,0.810345,0.77651,0.130435,0.0,0.097125,54484.0,0.274376,0.37624,0.083675,0.188137,-0.025963,0.236352,8.351946,-0.01,-0.6,-0.012,-0.25,-0.36,-1.2,0.491869,-0.096861,-0.008391,-0.001029,-0.080158,-0.03557,-0.008706,-0.014528,0.791413,-0.054901,-0.105258,-0.008714,-0.027434,1.175892,3.851837,-0.080437,-0.002058,-0.052574,0.043478,0.0,4.782609,0.023983,0.14059,0.12209
491,144.745377,914.969971,0.77028,0.733791,0.416667,0.0,0.096905,51320.0,0.271621,0.343682,0.076788,0.171131,-0.025087,0.211516,8.265697,-0.01,-0.6,-0.012,-0.25,-0.36,-1.2,0.45855,-0.087353,-0.009624,-0.004266,-0.075663,-0.033086,-0.008079,-0.013994,0.733766,-0.053507,-0.101929,-0.008671,-0.027526,1.024192,3.622722,-0.074878,-0.002832,-0.052679,0.125,0.0,4.458333,0.024136,0.163283,0.177497
492,147.510361,927.659973,0.760828,0.742357,0.166667,0.208333,0.096878,53102.0,0.257604,0.319243,0.073011,0.159812,-0.023409,0.20269,8.403662,-0.01,-0.6,-0.012,-0.25,-0.36,-1.2,0.456908,-0.088326,-0.006877,-0.003766,-0.067104,-0.032472,-0.007444,-0.012944,0.719065,-0.047605,-0.08993,-0.008041,-0.024089,1.075085,3.655321,-0.072368,-0.002548,-0.062235,0.0,0.0,4.291667,0.025958,0.14442,0.165545
493,150.491882,941.23999,0.790938,0.76348,0.304348,0.0,0.096626,47065.0,0.264547,0.333243,0.081421,0.151857,-0.024774,0.196762,8.189578,-0.01,-0.6,-0.012,-0.25,-0.36,-1.2,0.474562,-0.085438,-0.007284,-0.003145,-0.068954,-0.033399,-0.007246,-0.013091,0.760711,-0.049567,-0.096112,-0.008185,-0.025131,1.132626,3.800433,-0.074004,-0.002385,-0.061083,0.130435,0.0,4.173913,0.026332,0.174103,0.185752
494,156.477554,970.650024,0.832591,0.777539,0.125,0.0,0.096734,53022.0,0.292926,0.331311,0.078339,0.174695,-0.025545,0.219203,8.146605,-0.01,-0.6,-0.012,-0.25,-0.36,-1.2,0.487557,-0.08711,-0.004618,-0.002171,-0.072741,-0.034768,-0.007955,-0.013326,0.788444,-0.050564,-0.10539,-0.008141,-0.02586,1.09404,3.930707,-0.077243,-0.00335,-0.043799,0.166667,0.0,3.958333,0.024334,0.137211,0.155115
495,155.661118,971.02002,0.812713,0.789494,0.173913,0.0,0.096597,54787.0,0.264059,0.347744,0.082534,0.162468,-0.026412,0.209859,8.292835,-0.01,-0.6,-0.012,-0.25,-0.36,-1.2,0.485867,-0.089977,-0.007269,-0.001801,-0.07897,-0.034542,-0.007965,-0.014201,0.763832,-0.052255,-0.101255,-0.008835,-0.027647,1.189404,3.880031,-0.077859,-0.002104,-0.066596,0.043478,0.0,3.608696,0.025923,0.150061,0.139918
496,151.64563,954.630005,0.771613,0.766509,0.217391,0.086957,0.096801,54121.0,0.274675,0.335924,0.075019,0.164863,-0.024555,0.207109,8.298111,-0.01,-0.6,-0.012,-0.25,-0.36,-1.2,0.472493,-0.085565,-0.006127,-0.002908,-0.070818,-0.033543,-0.007783,-0.013353,0.75587,-0.04965,-0.100455,-0.007995,-0.025898,1.087024,3.76412,-0.074547,-0.002071,-0.081276,0.086957,0.0,3.652174,0.028802,0.152519,0.172112
497,150.004166,945.179993,0.819333,0.771727,0.208333,0.0,0.096364,42962.0,0.278212,0.338824,0.077641,0.166104,-0.024352,0.209895,8.137584,-0.01,-0.6,-0.012,-0.25,-0.36,-1.2,0.486498,-0.090623,-0.008088,-0.002282,-0.071534,-0.034138,-0.007597,-0.013642,0.753613,-0.050319,-0.10074,-0.008332,-0.02607,1.118983,3.900333,-0.075829,-0.002617,-0.085923,0.083333,0.0,3.5,0.02865,0.167458,0.155812
498,148.729172,933.940002,0.773379,0.730018,0.25,0.0,0.096232,53825.0,0.268226,0.324282,0.071423,0.168693,-0.024987,0.213682,8.289871,-0.01,-0.6,-0.012,-0.25,-0.36,-1.2,0.462238,-0.082135,-0.006689,-0.00321,-0.069304,-0.033031,-0.008199,-0.012785,0.738276,-0.053954,-0.10012,-0.008597,-0.024873,1.046858,3.689718,-0.074043,-0.002678,-0.051386,0.041667,0.0,3.5,0.026612,0.159128,0.176195
499,153.726822,958.200012,0.789819,0.742954,0.304348,0.0,0.096548,54066.0,0.250021,0.337312,0.075942,0.155949,-0.023435,0.196941,8.374565,-0.010435,-0.608696,-0.012348,-0.25,-0.370435,-1.234783,0.475129,-0.088974,-0.006376,-0.002507,-0.066198,-0.033089,-0.007354,-0.013,0.754018,-0.045786,-0.088521,-0.007375,-0.023419,1.166372,3.811816,-0.073453,-0.001686,-0.043564,0.0,0.0,4.304348,0.027989,0.14118,0.167328
500,156.816772,983.679993,0.827897,0.782786,0.125,0.041667,0.09653,13345.0,0.276632,0.356923,0.07615,0.162055,-0.02301,0.19141,8.247164,-0.02,-0.8,-0.02,-0.25,-0.6,-2.0,0.493149,-0.093597,-0.008203,-0.001765,-0.066419,-0.033689,-0.007475,-0.012886,0.773717,-0.05388,-0.096573,-0.007931,-0.024495,1.155684,3.967501,-0.074442,-0.002626,-0.037892,0.125,0.0,5.708333,0.024227,0.165169,0.144441
501,154.728668,959.349976,0.811921,0.790912,0.458333,0.041667,0.096725,13426.0,0.258491,0.343524,0.078911,0.172012,-0.026358,0.226065,8.241253,-0.02,-0.8,-0.02,-0.25,-0.6,-2.0,0.473919,-0.091975,-0.00648,-0.003382,-0.074355,-0.033608,-0.008416,-0.014111,0.757546,-0.056899,-0.105911,-0.009033,-0.025917,1.146813,3.756607,-0.07571,-0.002105,-0.050913,0.125,0.0,6.083333,0.026769,0.133994,0.165561
502,155.958801,970.549988,0.81729,0.783909,0.208333,0.0,0.096559,12504.0,0.262173,0.341462,0.071397,0.164128,-0.023682,0.205385,8.286646,-0.02,-0.8,-0.02,-0.25,-0.6,-2.0,0.483353,-0.097243,-0.007272,-0.002444,-0.067325,-0.033358,-0.007503,-0.013116,0.755369,-0.051714,-0.096781,-0.007585,-0.02356,1.16275,3.878653,-0.074452,-0.002595,-0.036635,0.083333,0.0,5.125,0.022488,0.137992,0.166631
503,155.705429,984.650024,0.793793,0.767144,0.125,0.0,0.096813,13318.0,0.279065,0.35794,0.082783,0.181185,-0.027049,0.224021,8.237891,-0.02,-0.8,-0.02,-0.25,-0.6,-2.0,0.476736,-0.099379,-0.006735,-0.002,-0.074817,-0.033657,-0.008452,-0.014235,0.771545,-0.055885,-0.105369,-0.008883,-0.02629,1.07242,3.761839,-0.076527,-0.002578,-0.058666,0.041667,0.0,4.791667,0.01991,0.160117,0.162848
504,150.034393,942.820007,0.780902,0.761548,0.25,0.041667,0.096932,12982.0,0.277549,0.349485,0.070575,0.17254,-0.024414,0.221633,8.133661,-0.02,-0.8,-0.02,-0.25,-0.6,-2.0,0.473536,-0.099274,-0.006382,-0.003587,-0.069093,-0.033129,-0.007826,-0.013659,0.745532,-0.059013,-0.109582,-0.008286,-0.024604,1.059209,3.773788,-0.074594,-0.002873,-0.083576,0.125,0.0,4.708333,0.026599,0.152984,0.172467
505,148.508835,930.049988,0.793225,0.763855,0.375,0.0,0.096876,13237.0,0.25948,0.328909,0.072586,0.160291,-0.023931,0.216739,8.246289,-0.02,-0.8,-0.02,-0.25,-0.6,-2.0,0.47181,-0.096164,-0.008225,-0.003053,-0.067176,-0.032956,-0.007688,-0.012704,0.753109,-0.060317,-0.112303,-0.007384,-0.024807,1.127832,3.796961,-0.072557,-0.002444,-0.06438,0.125,0.0,4.75,0.023307,0.151752,0.158162
506,152.644806,949.169983,0.781185,0.767159,0.25,0.0,0.096837,12923.0,0.256519,0.333932,0.075619,0.167553,-0.023448,0.225547,8.268427,-0.02,-0.8,-0.02,-0.25,-0.6,-2.0,0.47341,-0.101428,-0.009531,-0.002502,-0.066563,-0.032387,-0.007108,-0.013402,0.761032,-0.05143,-0.100115,-0.00729,-0.024703,1.141416,3.800408,-0.072113,-0.00292,-0.046356,0.083333,0.0,4.541667,0.020844,0.154133,0.153756
507,157.158829,987.140015,0.817408,0.786893,0.041667,0.0,0.09658,12873.0,0.27844,0.339479,0.080047,0.178977,-0.025577,0.225321,8.15451,-0.02,-0.8,-0.02,-0.25,-0.6,-2.0,0.488862,-0.110753,-0.005783,-0.001917,-0.073523,-0.033902,-0.007864,-0.014927,0.776208,-0.054365,-0.106507,-0.008624,-0.02567,1.127166,3.91485,-0.0759,-0.002678,-0.110053,0.125,0.0,4.875,0.025648,0.145519,0.131856
508,149.343628,931.380005,0.78247,0.753132,0.291667,0.083333,0.096383,13289.0,0.264104,0.333557,0.071397,0.158956,-0.023419,0.208192,8.221453,-0.02,-0.8,-0.02,-0.25,-0.6,-2.0,0.472702,-0.107009,-0.008497,-0.003937,-0.066327,-0.032199,-0.007003,-0.013001,0.762114,-0.058566,-0.105721,-0.007634,-0.024112,1.135579,3.805677,-0.071182,-0.002608,-0.026174,0.291667,0.0,4.916667,0.027707,0.174416,0.166675
509,148.375687,937.900024,0.783479,0.742375,0.291667,0.041667,0.096592,12610.0,0.263712,0.351598,0.083449,0.163967,-0.024851,0.207688,8.297318,-0.02,-0.8,-0.02,-0.25,-0.6,-2.0,0.465855,-0.108841,-0.005884,-0.00446,-0.073504,-0.032345,-0.007846,-0.014587,0.756642,-0.064215,-0.117795,-0.007959,-0.02529,1.095288,3.682642,-0.072718,-0.002255,-0.049488,0.208333,0.0,4.958333,0.026441,0.168483,0.163479
510,150.955841,938.159973,0.806092,0.771333,0.416667,0.0,0.096524,21499.0,0.264556,0.331831,0.074674,0.164897,-0.024114,0.214079,8.136718,-0.02,-0.8,-0.02,-0.25,-0.6,-2.0,0.46846,-0.101726,-0.007731,-0.003813,-0.069872,-0.032368,-0.007499,-0.013589,0.767972,-0.063308,-0.119882,-0.007702,-0.025601,1.085109,3.761731,-0.071736,-0.003446,-0.051391,0.083333,0.0,4.416667,0.021597,0.166523,0.172322
511,155.960236,980.039978,0.805608,0.78316,0.083333,0.0,0.096536,46042.0,0.280609,0.337599,0.08538,0.174998,-0.026757,0.224063,8.289146,-0.02,-0.8,-0.02,-0.25,-0.6,-2.0,0.484072,-0.111447,-0.00711,-0.002083,-0.074934,-0.033608,-0.008154,-0.015026,0.785943,-0.064451,-0.125164,-0.008492,-0.027448,1.120256,3.875694,-0.075782,-0.003287,-0.070102,0.083333,0.0,5.291667,0.023391,0.172877,0.149483
512,146.132278,933.77002,0.803381,0.765171,0.333333,0.0,0.096777,52901.0,0.269806,0.355311,0.079694,0.163701,-0.025961,0.204368,8.318891,-0.02,-0.8,-0.02,-0.25,-0.6,-2.0,0.475147,-0.113406,-0.006612,-0.002973,-0.068573,-0.033448,-0.00852,-0.01451,0.749051,-0.062895,-0.125518,-0.008821,-0.024388,1.112966,3.759758,-0.075055,-0.002869,-0.037017,0.125,0.0,5.041667,0.021083,0.132792,0.179207
513,153.307144,956.539978,0.831726,0.779119,0.166667,0.0,0.09707,53893.0,0.268491,0.33804,0.078196,0.160126,-0.024654,0.206026,8.573097,-0.02,-0.8,-0.02,-0.25,-0.6,-2.0,0.484201,-0.112994,-0.006717,-0.0023,-0.06885,-0.03295,-0.007272,-0.014178,0.786187,-0.05825,-0.114734,-0.007718,-0.025468,1.147328,3.908841,-0.072661,-0.002897,-0.045625,0.208333,0.0,5.5,0.021665,0.143653,0.147212
514,151.807022,950.890015,0.801893,0.761876,0.291667,0.0,0.096929,53578.0,0.269034,0.331111,0.074859,0.157446,-0.024115,0.198879,8.343909,-0.02,-0.8,-0.02,-0.25,-0.6,-2.0,0.475857,-0.116836,-0.008605,-0.002699,-0.068492,-0.032214,-0.007277,-0.013683,0.76995,-0.056567,-0.118532,-0.007344,-0.024308,1.104272,3.835337,-0.071583,-0.00262,-0.043952,0.041667,0.0,5.791667,0.024043,0.155175,0.162138
515,154.49115,977.450012,0.829385,0.788382,0.083333,0.083333,0.097045,45778.0,0.266518,0.339907,0.080963,0.176822,-0.026459,0.236137,8.33212,-0.02,-0.8,-0.02,-0.25,-0.6,-2.0,0.486589,-0.122777,-0.008794,-0.001775,-0.071976,-0.033405,-0.007972,-0.015241,0.783976,-0.061878,-0.124721,-0.008161,-0.026226,1.163595,3.89729,-0.075223,-0.003195,-0.137342,0.25,0.0,6.875,0.023153,0.150819,0.142499
516,153.784119,958.679993,0.823842,0.782011,0.25,0.0,0.096921,53723.0,0.28225,0.334368,0.079475,0.177001,-0.024771,0.222805,8.314373,-0.02,-0.8,-0.02,-0.25,-0.6,-2.0,0.487345,-0.130139,-0.008319,-0.001454,-0.069625,-0.033078,-0.007649,-0.014852,0.791556,-0.060386,-0.116882,-0.008146,-0.025133,1.101554,3.94176,-0.074203,-0.003769,-0.052267,0.083333,0.0,5.916667,0.022596,0.145639,0.153606
517,149.279922,939.070007,0.798951,0.756235,0.458333,0.0,0.09686,53515.0,0.267056,0.319836,0.078368,0.160672,-0.023938,0.207845,8.343449,-0.02,-0.8,-0.02,-0.25,-0.6,-2.0,0.46668,-0.119299,-0.007323,-0.003042,-0.067572,-0.031655,-0.006917,-0.013787,0.765654,-0.060066,-0.113054,-0.007224,-0.025549,1.081251,3.775923,-0.069991,-0.004185,-0.055088,0.083333,0.0,5.916667,0.02617,0.153448,0.156166
518,152.232224,962.820007,0.826513,0.805848,0.125,0.041667,0.096899,53087.0,0.26713,0.34862,0.077211,0.161486,-0.025611,0.220107,8.182627,-0.02,-0.8,-0.02,-0.25,-0.6,-2.0,0.48726,-0.12337,-0.007453,-0.001655,-0.068495,-0.034164,-0.008364,-0.015291,0.784445,-0.064302,-0.134733,-0.008139,-0.025148,1.188144,3.884718,-0.075678,-0.002662,-0.078773,0.125,0.0,6.333333,0.022887,0.136463,0.142581
519,155.840942,983.330017,0.836746,0.793417,0.0,0.0,0.096434,53286.0,0.27477,0.354116,0.083393,0.175378,-0.027083,0.228638,8.17434,-0.02,-0.8,-0.02,-0.25,-0.6,-2.0,0.489014,-0.129172,-0.006152,-0.001238,-0.075055,-0.033996,-0.008265,-0.016135,0.791377,-0.062438,-0.130406,-0.008817,-0.028275,1.153866,3.900676,-0.076468,-0.00284,-0.09354,0.166667,0.0,5.083333,0.02711,0.14951,0.130239
520,155.559235,964.820007,0.806372,0.794447,0.166667,0.083333,0.096378,46409.0,0.251692,0.326766,0.078997,0.167212,-0.025177,0.225139,8.486731,-0.02,-0.8,-0.02,-0.25,-0.6,-2.0,0.480881,-0.135126,-0.008491,-0.002365,-0.067331,-0.032615,-0.00769,-0.014707,0.767219,-0.063044,-0.119084,-0.00802,-0.023698,1.200194,3.894904,-0.073325,-0.002928,-0.034946,0.083333,0.0,6.375,0.026201,0.137837,0.144563
521,153.764877,967.97998,0.799463,0.772303,0.375,0.0,0.096123,51313.0,0.26756,0.341604,0.080229,0.164773,-0.024971,0.206924,8.389457,-0.02,-0.8,-0.02,-0.25,-0.6,-2.0,0.482838,-0.132633,-0.010612,-0.002136,-0.070063,-0.032686,-0.007688,-0.014915,0.758231,-0.06369,-0.124334,-0.007867,-0.025086,1.148841,3.880659,-0.073831,-0.003771,-0.048738,0.041667,0.0,5.708333,0.025423,0.167332,0.157991
522,152.871109,964.98999,0.804468,0.791304,0.083333,0.041667,0.096202,47676.0,0.266614,0.349953,0.079475,0.168489,-0.025506,0.216408,8.363703,-0.02,-0.8,-0.02,-0.25,-0.6,-2.0,0.4825,-0.134934,-0.009164,-0.001944,-0.070383,-0.033385,-0.00788,-0.015166,0.777906,-0.069163,-0.140781,-0.008104,-0.025598,1.154969,3.852529,-0.074362,-0.003006,-0.051571,0.166667,0.0,5.916667,0.023136,0.156069,0.130984
523,150.834229,958.429993,0.801728,0.775715,0.208333,0.041667,0.0963,48128.0,0.269567,0.359213,0.083865,0.182108,-0.027896,0.244229,8.292242,-0.02,-0.8,-0.02,-0.25,-0.6,-2.0,0.480199,-0.137712,-0.010376,-0.002764,-0.078141,-0.033375,-0.008396,-0.017064,0.800745,-0.073582,-0.147843,-0.008893,-0.027361,1.13604,3.783444,-0.075794,-0.00368,-0.053924,0.041667,0.0,4.583333,0.023965,0.160146,0.147355
524,148.058182,943.01001,0.800456,0.7695,0.26087,0.0,0.096236,42789.0,0.276878,0.336376,0.076091,0.165892,-0.024755,0.209485,8.189651,-0.02,-0.8,-0.02,-0.25,-0.6,-2.0,0.478565,-0.141283,-0.009649,-0.002366,-0.07173,-0.032317,-0.00737,-0.01517,0.779027,-0.067174,-0.136584,-0.007857,-0.027154,1.076067,3.860234,-0.072237,-0.003574,-0.077407,0.130435,0.0,5.347826,0.025696,0.154004,0.161833
525,153.274536,965.159973,0.799208,0.787058,0.166667,0.0,0.096027,47445.0,0.269207,0.331216,0.077271,0.167231,-0.024421,0.214592,8.104935,-0.02,-0.8,-0.02,-0.25,-0.6,-2.0,0.491051,-0.146175,-0.009326,-0.001488,-0.068456,-0.032718,-0.007466,-0.015514,0.785167,-0.062875,-0.124438,-0.007369,-0.025086,1.151753,3.98123,-0.072626,-0.003288,-0.037387,0.125,0.0,5.291667,0.025262,0.161273,0.13143
526,159.860001,999.140015,0.832887,0.807678,0.086957,0.0,0.095979,46899.0,0.267071,0.355815,0.080689,0.164287,-0.02502,0.216787,8.046405,-0.02,-0.8,-0.02,-0.25,-0.6,-2.0,0.499233,-0.14685,-0.010865,-0.000367,-0.070726,-0.033716,-0.007738,-0.015887,0.804839,-0.064375,-0.127487,-0.007857,-0.025964,1.224363,4.014586,-0.07504,-0.003989,-0.05052,0.0,0.0,5.173913,0.023309,0.127827,0.136166
527,151.363846,961.359985,0.795068,0.761413,0.086957,0.043478,0.096037,47860.0,0.280013,0.323001,0.075643,0.163212,-0.024473,0.203486,8.126926,-0.02,-0.8,-0.02,-0.25,-0.6,-2.0,0.483586,-0.150603,-0.008818,-0.001714,-0.067689,-0.032598,-0.00731,-0.015243,0.791507,-0.063062,-0.12887,-0.007538,-0.026828,1.098304,3.926877,-0.072416,-0.004546,-0.063098,0.086957,0.0,4.391304,0.02535,0.161459,0.116996
528,156.638565,979.97998,0.843823,0.793812,0.125,0.0,0.095935,42170.0,0.279777,0.327545,0.073001,0.15684,-0.022768,0.20601,8.146116,-0.02,-0.8,-0.02,-0.25,-0.6,-2.0,0.489759,-0.143753,-0.008552,-0.001331,-0.063095,-0.032465,-0.006682,-0.014646,0.800268,-0.062098,-0.127779,-0.006798,-0.024923,1.128164,3.995298,-0.070801,-0.004071,-0.031756,0.166667,0.0,4.791667,0.024382,0.143297,0.136343
529,155.964157,983.299988,0.818132,0.785416,0.0,0.0,0.095898,50264.0,0.274602,0.332653,0.06405,0.159682,-0.020381,0.184801,8.17718,-0.02,-0.8,-0.02,-0.25,-0.6,-2.0,0.49438,-0.165401,-0.011499,-0.000538,-0.058326,-0.032214,-0.006549,-0.013838,0.767804,-0.057318,-0.113851,-0.0068,-0.021293,1.135027,4.042647,-0.070795,-0.003137,-0.028991,0.086957,0.0,4.478261,0.023486,0.140823,0.128067
530,150.241547,952.380005,0.79591,0.752625,0.041667,0.0,0.095695,51878.0,0.258838,0.348439,0.072908,0.155569,-0.023781,0.189611,8.122549,-0.02,-0.8,-0.02,-0.25,-0.6,-2.0,0.464496,-0.148645,-0.010527,-0.003667,-0.066889,-0.031213,-0.007551,-0.015354,0.740587,-0.064968,-0.132984,-0.007408,-0.024837,1.095191,3.704977,-0.069668,-0.002534,-0.045237,0.208333,0.0,3.75,0.021252,0.179345,0.137322
531,143.501602,925.77002,0.804855,0.767672,0.416667,0.0,0.095556,52101.0,0.277315,0.342522,0.075158,0.157881,-0.024994,0.195521,8.118276,-0.02,-0.8,-0.02,-0.25,-0.6,-2.0,0.471581,-0.148116,-0.008517,-0.004014,-0.068112,-0.032432,-0.008373,-0.015849,0.757406,-0.082345,-0.153348,-0.008283,-0.025259,1.062573,3.763381,-0.071953,-0.003853,-0.051949,0.166667,0.0,4.458333,0.023233,0.150229,0.16108
532,153.204086,974.640015,0.822322,0.786902,0.130435,0.0,0.095635,39849.0,0.281192,0.339382,0.079619,0.182992,-0.026316,0.228448,8.10576,-0.02,-0.8,-0.02,-0.25,-0.6,-2.0,0.489278,-0.161473,-0.00889,-0.001524,-0.072626,-0.033574,-0.008367,-0.01745,0.760599,-0.07371,-0.152688,-0.008837,-0.025333,1.130989,3.928116,-0.076388,-0.003247,-0.041097,0.043478,0.0,4.347826,0.022414,0.144701,0.12484
533,143.911285,924.559998,0.773634,0.728968,0.291667,0.083333,0.095651,49001.0,0.26719,0.321603,0.074438,0.170234,-0.024079,0.21103,8.107744,-0.02,-0.8,-0.02,-0.25,-0.6,-2.0,0.456937,-0.154393,-0.011241,-0.003893,-0.065874,-0.03075,-0.00786,-0.01543,0.731768,-0.073869,-0.140031,-0.007791,-0.024096,1.017915,3.674735,-0.069343,-0.004413,-0.085258,0.166667,0.0,4.583333,0.025998,0.166595,0.154363
534,149.269333,944.219971,0.797613,0.760093,0.304348,0.0,0.095616,51859.0,0.259094,0.320335,0.075626,0.158127,-0.02497,0.207847,8.231396,-0.02,-0.8,-0.02,-0.25,-0.6,-2.0,0.468537,-0.154212,-0.009156,-0.004403,-0.066781,-0.031553,-0.007251,-0.015921,0.747368,-0.075686,-0.143653,-0.007995,-0.023839,1.128811,3.799058,-0.070967,-0.004329,-0.090618,0.217391,0.0,4.217391,0.021141,0.15086,0.1872
535,155.612122,986.150024,0.817129,0.797995,0.125,0.0,0.095686,52306.0,0.269102,0.339699,0.080179,0.173931,-0.026813,0.233305,8.101914,-0.02,-0.8,-0.02,-0.25,-0.6,-2.0,0.488374,-0.163662,-0.009963,-0.001639,-0.074273,-0.033124,-0.007595,-0.017022,0.785797,-0.074064,-0.146863,-0.00843,-0.027586,1.139107,3.929796,-0.074229,-0.00336,-0.072618,0.041667,0.0,4.125,0.021332,0.12287,0.136088
536,150.627182,955.780029,0.80441,0.782345,0.173913,0.0,0.095654,43744.0,0.259508,0.349799,0.079298,0.16641,-0.025712,0.220427,8.142286,-0.02,-0.8,-0.02,-0.25,-0.6,-2.0,0.474097,-0.160402,-0.00871,-0.003946,-0.069323,-0.032364,-0.00758,-0.01748,0.772667,-0.084225,-0.153203,-0.008508,-0.026285,1.13142,3.773437,-0.071754,-0.003218,-0.055448,0.304348,0.0,4.391304,0.024124,0.137395,0.144274
537,151.971222,958.0,0.824705,0.783208,0.041667,0.0,0.095726,49493.0,0.267897,0.331796,0.072802,0.161033,-0.024053,0.210183,8.276665,-0.02,-0.8,-0.02,-0.25,-0.6,-2.0,0.480784,-0.154107,-0.005879,-0.001667,-0.068177,-0.032473,-0.00736,-0.015701,0.786715,-0.070524,-0.15663,-0.007381,-0.025707,1.142736,3.89147,-0.071507,-0.003702,-0.037012,0.083333,0.0,3.333333,0.019694,0.132766,0.117368
538,151.017929,950.23999,0.805315,0.763606,0.26087,0.0,0.095519,50616.0,0.256569,0.311769,0.074511,0.158845,-0.02259,0.208566,8.033954,-0.02,-0.8,-0.02,-0.25,-0.6,-2.0,0.4783,-0.167536,-0.009477,-0.002471,-0.060796,-0.031295,-0.006678,-0.015576,0.774558,-0.065896,-0.133663,-0.006624,-0.023916,1.140991,3.929253,-0.068346,-0.003226,-0.059875,0.086957,0.0,3.869565,0.029058,0.180265,0.17065
539,152.255127,966.679993,0.797281,0.797915,0.166667,0.0,0.095964,51780.0,0.255844,0.332382,0.074761,0.161572,-0.024592,0.208858,8.245918,-0.02,-0.8,-0.02,-0.25,-0.6,-2.0,0.487505,-0.17329,-0.007181,-0.002347,-0.069399,-0.033146,-0.007962,-0.016916,0.753278,-0.08333,-0.17316,-0.008558,-0.025118,1.219013,3.945187,-0.074176,-0.002987,-0.044823,0.125,0.0,3.416667,0.024572,0.143678,0.143914
540,146.213455,925.47998,0.786805,0.756581,0.25,0.041667,0.095775,44248.0,0.24722,0.316543,0.071322,0.15068,-0.022327,0.200365,8.102997,-0.02,-0.8,-0.02,-0.25,-0.6,-2.0,0.467842,-0.167656,-0.009666,-0.00372,-0.064042,-0.030991,-0.006896,-0.015733,0.743554,-0.076977,-0.138154,-0.00738,-0.023335,1.135644,3.808471,-0.068415,-0.003215,-0.046406,0.208333,0.0,3.75,0.023097,0.151931,0.169394
541,160.050247,999.929993,0.845199,0.829114,0.045455,0.0,0.095826,50302.0,0.267551,0.343449,0.079737,0.163468,-0.025494,0.220401,8.093258,-0.02,-0.8,-0.02,-0.25,-0.6,-2.0,0.499961,-0.176184,-0.012279,-0.000455,-0.068134,-0.033614,-0.00733,-0.017089,0.816372,-0.077468,-0.149254,-0.007934,-0.026083,1.239938,4.052722,-0.073929,-0.00322,-0.040036,0.0,0.0,5.636364,0.024595,0.130197,0.117426
542,149.332596,949.659973,0.825468,0.79051,0.208333,0.041667,0.09612,48717.0,0.280768,0.352937,0.082335,0.176768,-0.026662,0.228044,8.238945,-0.02,-0.8,-0.02,-0.25,-0.6,-2.0,0.481643,-0.17064,-0.007991,-0.002694,-0.072659,-0.032564,-0.007581,-0.017767,0.802319,-0.084105,-0.160289,-0.008273,-0.026947,1.091079,3.845165,-0.073104,-0.003899,-0.057848,0.25,0.0,4.541667,0.025477,0.148284,0.146344
543,145.322479,922.01001,0.793268,0.77372,0.416667,0.125,0.096164,50944.0,0.260364,0.341184,0.073127,0.155223,-0.024514,0.201673,8.254845,-0.02,-0.8,-0.02,-0.25,-0.6,-2.0,0.474411,-0.170877,-0.011088,-0.003705,-0.068605,-0.031776,-0.007314,-0.016533,0.770327,-0.080446,-0.15436,-0.008021,-0.025415,1.1274,3.809438,-0.070366,-0.004246,-0.048215,0.208333,0.0,6.291667,0.030339,0.143065,0.16081
544,154.035355,980.039978,0.826261,0.789067,0.125,0.0,0.096007,43993.0,0.282489,0.339665,0.079171,0.179672,-0.026243,0.219985,8.16363,-0.02,-0.8,-0.02,-0.25,-0.6,-2.0,0.491546,-0.178647,-0.014837,-0.000988,-0.070956,-0.032983,-0.007757,-0.017311,0.775007,-0.075122,-0.150602,-0.008531,-0.024831,1.129704,3.968597,-0.074714,-0.002629,-0.033235,0.0,0.0,4.791667,0.023733,0.129916,0.154388
545,156.929718,995.159973,0.849267,0.814381,0.0,0.0,0.095701,49838.0,0.286234,0.357744,0.086901,0.180211,-0.027164,0.238728,8.044943,-0.02,-0.8,-0.02,-0.25,-0.6,-2.0,0.498744,-0.172626,-0.006558,-0.000208,-0.071214,-0.033964,-0.007805,-0.017591,0.827959,-0.079007,-0.159773,-0.008233,-0.026302,1.162602,3.995395,-0.075974,-0.003347,-0.094129,0.041667,0.0,4.5,0.025848,0.15591,0.130574
546,153.956039,980.289978,0.801878,0.791648,0.083333,0.0,0.095447,49102.0,0.26052,0.344869,0.077749,0.161396,-0.025614,0.209244,8.287701,-0.02,-0.8,-0.02,-0.25,-0.6,-2.0,0.486253,-0.17311,-0.010605,-0.001111,-0.068484,-0.033162,-0.007708,-0.017169,0.778611,-0.082801,-0.162026,-0.008334,-0.026059,1.181047,3.906368,-0.073452,-0.003048,-0.060104,0.0,0.0,5.25,0.021368,0.128679,0.135557
547,157.488998,994.880005,0.833903,0.802832,0.125,0.0,0.095548,49986.0,0.282312,0.331904,0.079735,0.173616,-0.025058,0.211694,8.216281,-0.02,-0.8,-0.02,-0.25,-0.6,-2.0,0.492349,-0.179417,-0.010204,-0.001417,-0.067637,-0.032901,-0.00746,-0.016852,0.807497,-0.076679,-0.152967,-0.008011,-0.024832,1.097291,4.005444,-0.072983,-0.003969,-0.040204,0.125,0.0,5.041667,0.021807,0.125015,0.124116
548,150.30957,953.659973,0.802702,0.763472,0.25,0.0,0.095446,43673.0,0.265717,0.311346,0.073202,0.160301,-0.023798,0.204115,8.286022,-0.02,-0.8,-0.02,-0.25,-0.6,-2.0,0.476956,-0.169299,-0.01188,-0.0036,-0.066286,-0.031688,-0.006885,-0.016404,0.758374,-0.075203,-0.141832,-0.007414,-0.025424,1.115422,3.886856,-0.069486,-0.004382,-0.04453,0.083333,0.0,4.291667,0.02723,0.14725,0.169327
549,152.489532,960.0,0.811053,0.794846,0.166667,0.0,0.095428,50381.0,0.275988,0.326671,0.076543,0.180823,-0.024813,0.223753,8.370508,-0.02,-0.8,-0.02,-0.25,-0.6,-2.0,0.485448,-0.17206,-0.009582,-0.001825,-0.067555,-0.032467,-0.007485,-0.017005,0.77582,-0.079142,-0.152679,-0.00755,-0.024917,1.104992,3.932468,-0.073471,-0.00403,-0.047854,0.166667,0.0,5.125,0.02075,0.140616,0.124775
